observation_id,game_id,game_name,year_month,posted_at,date_quality,source_id,row_id,post_id,post_url,post_title,seller_id,seller_name,author_type,card_key,card_name,card_name_raw,card_code,rarity,listing_type,listing_type_label,quantity,raw_price,price_krw_observed,price_status,price_scope,price_origin,shipping_included,shipping_price_krw,post_status,analysis_status,review_status,review_reason,price_confidence,price_candidate,include_in_price_stats,raw_line
59e9e66d87f548ce5858549c,digimontcg,디지몬 카드게임,2026-08,2026-08-01T08:08:38+09:00,known,5cbda3dc936cf6210d3446ae,59e9e66d87f548ce5858549c,470177,https://m.dcinside.com/board/digimontcg/470177,교류회 버드라몬 1장 릴리몬 2장 삽니다,seller-9a96592769deaabcfc3303c8,테이머,guest,,장당,장당,,,buy,구매,1,0.5,5000,estimated,per_card,text,unknown,,active,excluded,needs_review,"가격 단위 추정, 배송비 포함 여부 미확정, 스크립트·광고 문구로 추정되는 오염 행",estimated,yes,no,장당0.5
7168472388fe9e5f65967189,digimontcg,디지몬 카드게임,2026-08,2026-08-01T08:08:38+09:00,known,9836c66c37e7f9410df95858,7168472388fe9e5f65967189,470177,https://m.dcinside.com/board/digimontcg/470177,교류회 버드라몬 1장 릴리몬 2장 삽니다,seller-dfefaf9bbb37a15160eb59a2,테이머,guest,,장당,장당,,,buy,구매,1,0.5,5000,estimated,per_card,text,unknown,,active,excluded,needs_review,"가격 단위 추정, 배송비 포함 여부 미확정, 스크립트·광고 문구로 추정되는 오염 행",estimated,yes,no,장당0.5
91b31bd341464063c2177652,digimontcg,디지몬 카드게임,2026-08,2026-08-01T08:08:38+09:00,known,439f47bc2a4ac1112a3b68bf,91b31bd341464063c2177652,470177,https://m.dcinside.com/board/digimontcg/470177,교류회 버드라몬 1장 릴리몬 2장 삽니다,seller-575a42a295dfae880ff578bd,테이머,guest,,장당,장당,,,buy,구매,1,0.5,5000,estimated,per_card,text,unknown,,active,excluded,needs_review,"가격 단위 추정, 배송비 포함 여부 미확정, 스크립트·광고 문구로 추정되는 오염 행",estimated,yes,no,장당0.5
024684a1b07c9a44f4eaa9ae,digimontcg,디지몬 카드게임,2026-08,2026-08-01T09:43:18+09:00,known,1a4be13ef0ac4ce1c119f0ab,024684a1b07c9a44f4eaa9ae,470184,https://m.dcinside.com/board/digimontcg/470184,제퍼가몬 ACE 희소 2장 / 알파몬 왕룡검 ACE 희소 1장 구매합니다,seller-df8a77840d162b10adb6ee9f,길덕춘,guest,loadScript 'https pagead,loadScript 'https pagead,loadScript('https://pagead,,,buy,구매,1,,,missing,unknown,unknown,unknown,,active,excluded,needs_review,"가격 후보 재검토 필요, 가격 미기재, 스크립트·광고 문구로 추정되는 오염 행",missing,no,no,"loadScript('https://pagead2.googlesyndication.com/pagead/js/adsbygoogle_direct.js?client=ca-pub-8171468792791627', true, 'anonymous');"
0c0f54e58b8add1d14728e07,digimontcg,디지몬 카드게임,2026-08,2026-08-01T09:43:18+09:00,known,c16b9723b74cb7bdaf6266e4,0c0f54e58b8add1d14728e07,470184,https://m.dcinside.com/board/digimontcg/470184,제퍼가몬 ACE 희소 2장 / 알파몬 왕룡검 ACE 희소 1장 구매합니다,seller-a8780fe82388068e2ed01ca0,길덕춘,guest,제퍼가 ACE 희소,제퍼가 ACE 희소,제퍼가 ACE 희소 장당,,,buy,구매,2,6.0,60000,estimated,per_card,text,unknown,,active,needs_review,needs_review,"가격 단위 추정, 수량 표기 감지, 배송비 포함 여부 미확정",estimated,yes,no,제퍼가 ACE 희소 2장 장당 6.0
17706d62f16823e0bca7bf29,digimontcg,디지몬 카드게임,2026-08,2026-08-01T09:43:18+09:00,known,1a4be13ef0ac4ce1c119f0ab,17706d62f16823e0bca7bf29,470184,https://m.dcinside.com/board/digimontcg/470184,제퍼가몬 ACE 희소 2장 / 알파몬 왕룡검 ACE 희소 1장 구매합니다,seller-df8a77840d162b10adb6ee9f,길덕춘,guest,loadScript ' t,loadScript ' t,loadScript('//t,,,buy,구매,1,,,missing,unknown,unknown,unknown,,active,excluded,needs_review,"가격 후보 재검토 필요, 가격 미기재, 스크립트·광고 문구로 추정되는 오염 행",missing,no,no,"loadScript('//t1.kakaocdn.net/kas/static/ba.min.js', true);"
1bad8c747c2058b3ff2d6d6e,digimontcg,디지몬 카드게임,2026-08,2026-08-01T09:43:18+09:00,known,11b324cf1fd6f9548cc35378,1bad8c747c2058b3ff2d6d6e,470184,https://m.dcinside.com/board/digimontcg/470184,제퍼가몬 ACE 희소 2장 / 알파몬 왕룡검 ACE 희소 1장 구매합니다,seller-c07c8319bea759d93e416919,길덕춘,guest,DOM 삽입 헬퍼 현재 스크립트 위치 기준,DOM 삽입 헬퍼 현재 스크립트 위치 기준,// ---- DOM 삽입 헬퍼 (현재 스크립트 위치 기준,,,buy,구매,1,,,missing,unknown,unknown,unknown,,active,excluded,needs_review,"가격 후보 재검토 필요, 가격 미기재, 스크립트·광고 문구로 추정되는 오염 행",missing,no,no,// ---- DOM 삽입 헬퍼 (현재 스크립트 위치 기준1)
3124d26142ec0f7302a6946e,digimontcg,디지몬 카드게임,2026-08,2026-08-01T09:43:18+09:00,known,1a4be13ef0ac4ce1c119f0ab,3124d26142ec0f7302a6946e,470184,https://m.dcinside.com/board/digimontcg/470184,제퍼가몬 ACE 희소 2장 / 알파몬 왕룡검 ACE 희소 1장 구매합니다,seller-df8a77840d162b10adb6ee9f,길덕춘,guest,메탈시드라몬 ACE 희소,메탈시드라몬 ACE 희소,메탈시드라몬 ACE 희소 장당,,,buy,구매,2,4.0,40000,estimated,per_card,text,unknown,,active,needs_review,needs_review,"가격 단위 추정, 수량 표기 감지, 배송비 포함 여부 미확정",estimated,yes,no,메탈시드라몬 ACE 희소 2장 장당 4.0
4a1ed9c38944bd62166c9654,digimontcg,디지몬 카드게임,2026-08,2026-08-01T09:43:18+09:00,known,1a4be13ef0ac4ce1c119f0ab,4a1ed9c38944bd62166c9654,470184,https://m.dcinside.com/board/digimontcg/470184,제퍼가몬 ACE 희소 2장 / 알파몬 왕룡검 ACE 희소 1장 구매합니다,seller-df8a77840d162b10adb6ee9f,길덕춘,guest,제퍼가 ACE 희소,제퍼가 ACE 희소,제퍼가 ACE 희소 장당,,,buy,구매,2,6.0,60000,estimated,per_card,text,unknown,,active,needs_review,needs_review,"가격 단위 추정, 수량 표기 감지, 배송비 포함 여부 미확정",estimated,yes,no,제퍼가 ACE 희소 2장 장당 6.0
4b256a836ad7f94abac64fa8,digimontcg,디지몬 카드게임,2026-08,2026-08-01T09:43:18+09:00,known,11b324cf1fd6f9548cc35378,4b256a836ad7f94abac64fa8,470184,https://m.dcinside.com/board/digimontcg/470184,제퍼가몬 ACE 희소 2장 / 알파몬 왕룡검 ACE 희소 1장 구매합니다,seller-c07c8319bea759d93e416919,길덕춘,guest,loadScript ' t,loadScript ' t,loadScript('//t,,,buy,구매,1,,,missing,unknown,unknown,unknown,,active,excluded,needs_review,"가격 후보 재검토 필요, 가격 미기재, 스크립트·광고 문구로 추정되는 오염 행",missing,no,no,"loadScript('//t1.kakaocdn.net/kas/static/ba.min.js', true);"
4bc50657b00feb1ff1861607,digimontcg,디지몬 카드게임,2026-08,2026-08-01T09:43:18+09:00,known,1a4be13ef0ac4ce1c119f0ab,4bc50657b00feb1ff1861607,470184,https://m.dcinside.com/board/digimontcg/470184,제퍼가몬 ACE 희소 2장 / 알파몬 왕룡검 ACE 희소 1장 구매합니다,seller-df8a77840d162b10adb6ee9f,길덕춘,guest,알파몬 ACE 희소,알파몬 ACE 희소,알파몬 ACE 희소 장당,,,buy,구매,1,33.0,330000,estimated,per_card,text,unknown,,active,needs_review,needs_review,"가격 단위 추정, 수량 표기 감지, 배송비 포함 여부 미확정",estimated,yes,no,알파몬 ACE 희소 1장 장당 33.0 구매합니다.
61761f180f6b3046fcac45ef,digimontcg,디지몬 카드게임,2026-08,2026-08-01T09:43:18+09:00,known,c16b9723b74cb7bdaf6266e4,61761f180f6b3046fcac45ef,470184,https://m.dcinside.com/board/digimontcg/470184,제퍼가몬 ACE 희소 2장 / 알파몬 왕룡검 ACE 희소 1장 구매합니다,seller-a8780fe82388068e2ed01ca0,길덕춘,guest,loadScript ' t,loadScript ' t,loadScript('//t,,,buy,구매,1,,,missing,unknown,unknown,unknown,,active,excluded,needs_review,"가격 후보 재검토 필요, 가격 미기재, 스크립트·광고 문구로 추정되는 오염 행",missing,no,no,"loadScript('//t1.kakaocdn.net/kas/static/ba.min.js', true);"
62f94db13ed3ab452c340461,digimontcg,디지몬 카드게임,2026-08,2026-08-01T09:43:18+09:00,known,11b324cf1fd6f9548cc35378,62f94db13ed3ab452c340461,470184,https://m.dcinside.com/board/digimontcg/470184,제퍼가몬 ACE 희소 2장 / 알파몬 왕룡검 ACE 희소 1장 구매합니다,seller-c07c8319bea759d93e416919,길덕춘,guest,메탈시드라몬 ACE 희소,메탈시드라몬 ACE 희소,메탈시드라몬 ACE 희소 장당,,,buy,구매,2,4.0,40000,estimated,per_card,text,unknown,,active,needs_review,needs_review,"가격 단위 추정, 수량 표기 감지, 배송비 포함 여부 미확정",estimated,yes,no,메탈시드라몬 ACE 희소 2장 장당 4.0
8c75055fa471385b8545bbde,digimontcg,디지몬 카드게임,2026-08,2026-08-01T09:43:18+09:00,known,c16b9723b74cb7bdaf6266e4,8c75055fa471385b8545bbde,470184,https://m.dcinside.com/board/digimontcg/470184,제퍼가몬 ACE 희소 2장 / 알파몬 왕룡검 ACE 희소 1장 구매합니다,seller-a8780fe82388068e2ed01ca0,길덕춘,guest,DOM 삽입 헬퍼 현재 스크립트 위치 기준,DOM 삽입 헬퍼 현재 스크립트 위치 기준,// ---- DOM 삽입 헬퍼 (현재 스크립트 위치 기준,,,buy,구매,1,,,missing,unknown,unknown,unknown,,active,excluded,needs_review,"가격 후보 재검토 필요, 가격 미기재, 스크립트·광고 문구로 추정되는 오염 행",missing,no,no,// ---- DOM 삽입 헬퍼 (현재 스크립트 위치 기준1)
973dd95111157a853aaa2605,digimontcg,디지몬 카드게임,2026-08,2026-08-01T09:43:18+09:00,known,1a4be13ef0ac4ce1c119f0ab,973dd95111157a853aaa2605,470184,https://m.dcinside.com/board/digimontcg/470184,제퍼가몬 ACE 희소 2장 / 알파몬 왕룡검 ACE 희소 1장 구매합니다,seller-df8a77840d162b10adb6ee9f,길덕춘,guest,DOM 삽입 헬퍼 현재 스크립트 위치 기준,DOM 삽입 헬퍼 현재 스크립트 위치 기준,// ---- DOM 삽입 헬퍼 (현재 스크립트 위치 기준,,,buy,구매,1,,,missing,unknown,unknown,unknown,,active,excluded,needs_review,"가격 후보 재검토 필요, 가격 미기재, 스크립트·광고 문구로 추정되는 오염 행",missing,no,no,// ---- DOM 삽입 헬퍼 (현재 스크립트 위치 기준1)
a3f76fdde86bc68973fc99b6,digimontcg,디지몬 카드게임,2026-08,2026-08-01T09:43:18+09:00,known,c16b9723b74cb7bdaf6266e4,a3f76fdde86bc68973fc99b6,470184,https://m.dcinside.com/board/digimontcg/470184,제퍼가몬 ACE 희소 2장 / 알파몬 왕룡검 ACE 희소 1장 구매합니다,seller-a8780fe82388068e2ed01ca0,길덕춘,guest,loadScript 'https pagead,loadScript 'https pagead,loadScript('https://pagead,,,buy,구매,1,,,missing,unknown,unknown,unknown,,active,excluded,needs_review,"가격 후보 재검토 필요, 가격 미기재, 스크립트·광고 문구로 추정되는 오염 행",missing,no,no,"loadScript('https://pagead2.googlesyndication.com/pagead/js/adsbygoogle_direct.js?client=ca-pub-8171468792791627', true, 'anonymous');"
b974303f89ceeabed4e34e25,digimontcg,디지몬 카드게임,2026-08,2026-08-01T09:43:18+09:00,known,1a4be13ef0ac4ce1c119f0ab,b974303f89ceeabed4e34e25,470184,https://m.dcinside.com/board/digimontcg/470184,제퍼가몬 ACE 희소 2장 / 알파몬 왕룡검 ACE 희소 1장 구매합니다,seller-df8a77840d162b10adb6ee9f,길덕춘,guest,var safe = window.dcAd && window.dcAd.safe ==,var safe = window.dcAd && window.dcAd.safe ==,var safe = (window.dcAd && window.dcAd.safe ==,,,buy,구매,1,1,10000,estimated,bundle,text,unknown,,active,excluded,needs_review,"가격 단위 추정, 복수 카드 가격, 배송비 포함 여부 미확정, 묶음·세트 총액 · 개별 카드 가격 아님, 스크립트·광고 문구로 추정되는 오염 행",estimated,no,no,var safe = (window.dcAd && window.dcAd.safe == 1)
cc1ca06a8a83718c927123e7,digimontcg,디지몬 카드게임,2026-08,2026-08-01T09:43:18+09:00,known,11b324cf1fd6f9548cc35378,cc1ca06a8a83718c927123e7,470184,https://m.dcinside.com/board/digimontcg/470184,제퍼가몬 ACE 희소 2장 / 알파몬 왕룡검 ACE 희소 1장 구매합니다,seller-c07c8319bea759d93e416919,길덕춘,guest,loadScript 'https pagead,loadScript 'https pagead,loadScript('https://pagead,,,buy,구매,1,,,missing,unknown,unknown,unknown,,active,excluded,needs_review,"가격 후보 재검토 필요, 가격 미기재, 스크립트·광고 문구로 추정되는 오염 행",missing,no,no,"loadScript('https://pagead2.googlesyndication.com/pagead/js/adsbygoogle_direct.js?client=ca-pub-8171468792791627', true, 'anonymous');"
d17875fb2b6fef42b6698d98,digimontcg,디지몬 카드게임,2026-08,2026-08-01T09:43:18+09:00,known,c16b9723b74cb7bdaf6266e4,d17875fb2b6fef42b6698d98,470184,https://m.dcinside.com/board/digimontcg/470184,제퍼가몬 ACE 희소 2장 / 알파몬 왕룡검 ACE 희소 1장 구매합니다,seller-a8780fe82388068e2ed01ca0,길덕춘,guest,메탈시드라몬 ACE 희소,메탈시드라몬 ACE 희소,메탈시드라몬 ACE 희소 장당,,,buy,구매,2,4.0,40000,estimated,per_card,text,unknown,,active,needs_review,needs_review,"가격 단위 추정, 수량 표기 감지, 배송비 포함 여부 미확정",estimated,yes,no,메탈시드라몬 ACE 희소 2장 장당 4.0
d91bec125bf085302046d70c,digimontcg,디지몬 카드게임,2026-08,2026-08-01T09:43:18+09:00,known,11b324cf1fd6f9548cc35378,d91bec125bf085302046d70c,470184,https://m.dcinside.com/board/digimontcg/470184,제퍼가몬 ACE 희소 2장 / 알파몬 왕룡검 ACE 희소 1장 구매합니다,seller-c07c8319bea759d93e416919,길덕춘,guest,var safe = window.dcAd && window.dcAd.safe ==,var safe = window.dcAd && window.dcAd.safe ==,var safe = (window.dcAd && window.dcAd.safe ==,,,buy,구매,1,1,10000,estimated,bundle,text,unknown,,active,excluded,needs_review,"가격 단위 추정, 복수 카드 가격, 배송비 포함 여부 미확정, 묶음·세트 총액 · 개별 카드 가격 아님, 스크립트·광고 문구로 추정되는 오염 행",estimated,no,no,var safe = (window.dcAd && window.dcAd.safe == 1)
d92bf1e6396a02de5b9a9066,digimontcg,디지몬 카드게임,2026-08,2026-08-01T09:43:18+09:00,known,11b324cf1fd6f9548cc35378,d92bf1e6396a02de5b9a9066,470184,https://m.dcinside.com/board/digimontcg/470184,제퍼가몬 ACE 희소 2장 / 알파몬 왕룡검 ACE 희소 1장 구매합니다,seller-c07c8319bea759d93e416919,길덕춘,guest,제퍼가 ACE 희소,제퍼가 ACE 희소,제퍼가 ACE 희소 장당,,,buy,구매,2,6.0,60000,estimated,per_card,text,unknown,,active,needs_review,needs_review,"가격 단위 추정, 수량 표기 감지, 배송비 포함 여부 미확정",estimated,yes,no,제퍼가 ACE 희소 2장 장당 6.0
ef7670625fbf21351e366530,digimontcg,디지몬 카드게임,2026-08,2026-08-01T09:43:18+09:00,known,c16b9723b74cb7bdaf6266e4,ef7670625fbf21351e366530,470184,https://m.dcinside.com/board/digimontcg/470184,제퍼가몬 ACE 희소 2장 / 알파몬 왕룡검 ACE 희소 1장 구매합니다,seller-a8780fe82388068e2ed01ca0,길덕춘,guest,var safe = window.dcAd && window.dcAd.safe ==,var safe = window.dcAd && window.dcAd.safe ==,var safe = (window.dcAd && window.dcAd.safe ==,,,buy,구매,1,1,10000,estimated,bundle,text,unknown,,active,excluded,needs_review,"가격 단위 추정, 복수 카드 가격, 배송비 포함 여부 미확정, 묶음·세트 총액 · 개별 카드 가격 아님, 스크립트·광고 문구로 추정되는 오염 행",estimated,no,no,var safe = (window.dcAd && window.dcAd.safe == 1)
f1a93d4d5bf896eebc398971,digimontcg,디지몬 카드게임,2026-08,2026-08-01T09:43:18+09:00,known,11b324cf1fd6f9548cc35378,f1a93d4d5bf896eebc398971,470184,https://m.dcinside.com/board/digimontcg/470184,제퍼가몬 ACE 희소 2장 / 알파몬 왕룡검 ACE 희소 1장 구매합니다,seller-c07c8319bea759d93e416919,길덕춘,guest,알파몬 ACE 희소,알파몬 ACE 희소,알파몬 ACE 희소 장당,,,buy,구매,1,33.0,330000,estimated,per_card,text,unknown,,active,needs_review,needs_review,"가격 단위 추정, 수량 표기 감지, 배송비 포함 여부 미확정",estimated,yes,no,알파몬 ACE 희소 1장 장당 33.0 구매합니다.
f22840ac6e8e2db4f965c131,digimontcg,디지몬 카드게임,2026-08,2026-08-01T09:43:18+09:00,known,c16b9723b74cb7bdaf6266e4,f22840ac6e8e2db4f965c131,470184,https://m.dcinside.com/board/digimontcg/470184,제퍼가몬 ACE 희소 2장 / 알파몬 왕룡검 ACE 희소 1장 구매합니다,seller-a8780fe82388068e2ed01ca0,길덕춘,guest,알파몬 ACE 희소,알파몬 ACE 희소,알파몬 ACE 희소 장당,,,buy,구매,1,33.0,330000,estimated,per_card,text,unknown,,active,needs_review,needs_review,"가격 단위 추정, 수량 표기 감지, 배송비 포함 여부 미확정",estimated,yes,no,알파몬 ACE 희소 1장 장당 33.0 구매합니다.
29f9847bcc081f50d2ab928a,digimontcg,디지몬 카드게임,2026-08,2026-08-01T10:27:00+09:00,known,4b59e20bb6e1241437046424,29f9847bcc081f50d2ab928a,470196,https://m.dcinside.com/board/digimontcg/470196,BT25 미라쥬 4장 ㅅㅅ,seller-2a8de0e9ec354a684c927817,번라블,registered,,준등포,준등포,,,buy,구매,1,1,10000,estimated,per_card,text,unknown,,active,excluded,needs_review,"가격 단위 추정, 배송비 포함 여부 미확정, 스크립트·광고 문구로 추정되는 오염 행",estimated,yes,no,준등포 1에 구매합니다.
71cfa0d3232c9cdd9fe6e208,digimontcg,디지몬 카드게임,2026-08,2026-08-01T10:27:00+09:00,known,91590dcaca2c1af19d973b23,71cfa0d3232c9cdd9fe6e208,470196,https://m.dcinside.com/board/digimontcg/470196,BT25 미라쥬 4장 ㅅㅅ,seller-2a8de0e9ec354a684c927817,번라블,registered,,준등포,준등포,,,buy,구매,1,1,10000,estimated,per_card,text,unknown,,active,excluded,needs_review,"가격 단위 추정, 배송비 포함 여부 미확정, 스크립트·광고 문구로 추정되는 오염 행",estimated,yes,no,준등포 1에 구매합니다.
dca346e4ac4039e3c040d45c,digimontcg,디지몬 카드게임,2026-08,2026-08-01T10:27:00+09:00,known,6d1e13353163e2f1025d82e9,dca346e4ac4039e3c040d45c,470196,https://m.dcinside.com/board/digimontcg/470196,BT25 미라쥬 4장 ㅅㅅ,seller-2a8de0e9ec354a684c927817,번라블,registered,,준등포,준등포,,,buy,구매,1,1,10000,estimated,per_card,text,unknown,,active,excluded,needs_review,"가격 단위 추정, 배송비 포함 여부 미확정, 스크립트·광고 문구로 추정되는 오염 행",estimated,yes,no,준등포 1에 구매합니다.
0293f37b827b342b2e504fd2,digimontcg,디지몬 카드게임,2026-08,2026-08-01T12:29:58+09:00,known,849628040f25c0ab098fd9cb,0293f37b827b342b2e504fd2,470218,https://m.dcinside.com/board/digimontcg/470218,바레트 사역마토큰 삽니다 (구매완료),seller-3f8794d10725a5639be851ef,ㅇㅇ,guest,loadScript 'https pagead,loadScript 'https pagead,loadScript('https://pagead,,,buy,구매,1,,,removed,unknown,unknown,unknown,,completed,context_only,needs_review,"가격 후보 재검토 필요, 거래 완료 글 · 현재 매물 제외, 가격 삭제 추정",removed,no,no,"loadScript('https://pagead2.googlesyndication.com/pagead/js/adsbygoogle_direct.js?client=ca-pub-8171468792791627', true, 'anonymous');"
0382a48abca19f7ac4a4ba0c,digimontcg,디지몬 카드게임,2026-08,2026-08-01T12:29:58+09:00,known,65e4bebd13f5c62ef483dd39,0382a48abca19f7ac4a4ba0c,470218,https://m.dcinside.com/board/digimontcg/470218,바레트 사역마토큰 삽니다 (구매완료),seller-eb760773f0abd22f4348cb53,ㅇㅇ,guest,loadScript 'https pagead,loadScript 'https pagead,loadScript('https://pagead,,,buy,구매,1,,,removed,unknown,unknown,unknown,,completed,context_only,needs_review,"가격 후보 재검토 필요, 거래 완료 글 · 현재 매물 제외, 가격 삭제 추정",removed,no,no,"loadScript('https://pagead2.googlesyndication.com/pagead/js/adsbygoogle_direct.js?client=ca-pub-8171468792791627', true, 'anonymous');"
0a19a32a076dc9151e47750b,digimontcg,디지몬 카드게임,2026-08,2026-08-01T12:29:58+09:00,known,7daf2b7a3dcd1291d626b6fa,0a19a32a076dc9151e47750b,470218,https://m.dcinside.com/board/digimontcg/470218,바레트 사역마토큰 삽니다 (구매완료),seller-6e199800577c94e792f901e8,ㅇㅇ,guest,사역마 토큰,사역마 토큰,사역마 토큰 장당,,,buy,구매,1,0.8,8000,estimated,per_card,text,unknown,,completed,context_only,needs_review,"가격 단위 추정, 배송비 포함 여부 미확정, 거래 완료 글 · 현재 매물 제외",estimated,no,no,사역마 토큰 장당 0.8
0e20f8c2f55992e8a1ed06f4,digimontcg,디지몬 카드게임,2026-08,2026-08-01T12:29:58+09:00,known,849628040f25c0ab098fd9cb,0e20f8c2f55992e8a1ed06f4,470218,https://m.dcinside.com/board/digimontcg/470218,바레트 사역마토큰 삽니다 (구매완료),seller-3f8794d10725a5639be851ef,ㅇㅇ,guest,바레트,바레트,바레트 장당,,,buy,구매,1,1.2,12000,estimated,per_card,text,unknown,,completed,context_only,needs_review,"가격 단위 추정, 배송비 포함 여부 미확정, 거래 완료 글 · 현재 매물 제외",estimated,no,no,바레트 장당 1.2
1237096e5c99d3ebdf582614,digimontcg,디지몬 카드게임,2026-08,2026-08-01T12:29:58+09:00,known,7daf2b7a3dcd1291d626b6fa,1237096e5c99d3ebdf582614,470218,https://m.dcinside.com/board/digimontcg/470218,바레트 사역마토큰 삽니다 (구매완료),seller-6e199800577c94e792f901e8,ㅇㅇ,guest,바레트,바레트,바레트 장당,,,buy,구매,1,1.2,12000,estimated,per_card,text,unknown,,completed,context_only,needs_review,"가격 단위 추정, 배송비 포함 여부 미확정, 거래 완료 글 · 현재 매물 제외",estimated,no,no,바레트 장당 1.2
2742dea9a5988d882bcd5265,digimontcg,디지몬 카드게임,2026-08,2026-08-01T12:29:58+09:00,known,65e4bebd13f5c62ef483dd39,2742dea9a5988d882bcd5265,470218,https://m.dcinside.com/board/digimontcg/470218,바레트 사역마토큰 삽니다 (구매완료),seller-eb760773f0abd22f4348cb53,ㅇㅇ,guest,사역마 토큰,사역마 토큰,사역마 토큰 장당,,,buy,구매,1,0.8,8000,estimated,per_card,text,unknown,,completed,context_only,needs_review,"가격 단위 추정, 배송비 포함 여부 미확정, 거래 완료 글 · 현재 매물 제외",estimated,no,no,사역마 토큰 장당 0.8
352e18e470021a2849214b33,digimontcg,디지몬 카드게임,2026-08,2026-08-01T12:29:58+09:00,known,849628040f25c0ab098fd9cb,352e18e470021a2849214b33,470218,https://m.dcinside.com/board/digimontcg/470218,바레트 사역마토큰 삽니다 (구매완료),seller-3f8794d10725a5639be851ef,ㅇㅇ,guest,loadScript ' t,loadScript ' t,loadScript('//t,,,buy,구매,1,,,removed,unknown,unknown,unknown,,completed,context_only,needs_review,"가격 후보 재검토 필요, 거래 완료 글 · 현재 매물 제외, 가격 삭제 추정",removed,no,no,"loadScript('//t1.kakaocdn.net/kas/static/ba.min.js', true);"
47d05b3a5c9955992c8d30c1,digimontcg,디지몬 카드게임,2026-08,2026-08-01T12:29:58+09:00,known,7daf2b7a3dcd1291d626b6fa,47d05b3a5c9955992c8d30c1,470218,https://m.dcinside.com/board/digimontcg/470218,바레트 사역마토큰 삽니다 (구매완료),seller-6e199800577c94e792f901e8,ㅇㅇ,guest,loadScript ' t,loadScript ' t,loadScript('//t,,,buy,구매,1,,,removed,unknown,unknown,unknown,,completed,context_only,needs_review,"가격 후보 재검토 필요, 거래 완료 글 · 현재 매물 제외, 가격 삭제 추정",removed,no,no,"loadScript('//t1.kakaocdn.net/kas/static/ba.min.js', true);"
64b5a8a33c13f7d571a32690,digimontcg,디지몬 카드게임,2026-08,2026-08-01T12:29:58+09:00,known,65e4bebd13f5c62ef483dd39,64b5a8a33c13f7d571a32690,470218,https://m.dcinside.com/board/digimontcg/470218,바레트 사역마토큰 삽니다 (구매완료),seller-eb760773f0abd22f4348cb53,ㅇㅇ,guest,var safe = window.dcAd && window.dcAd.safe ==,var safe = window.dcAd && window.dcAd.safe ==,var safe = (window.dcAd && window.dcAd.safe ==,,,buy,구매,1,1,10000,estimated,bundle,text,unknown,,completed,context_only,needs_review,"가격 단위 추정, 복수 카드 가격, 배송비 포함 여부 미확정, 거래 완료 글 · 현재 매물 제외, 묶음·세트 총액 · 개별 카드 가격 아님",estimated,no,no,var safe = (window.dcAd && window.dcAd.safe == 1)
719796446279070de42c167b,digimontcg,디지몬 카드게임,2026-08,2026-08-01T12:29:58+09:00,known,7daf2b7a3dcd1291d626b6fa,719796446279070de42c167b,470218,https://m.dcinside.com/board/digimontcg/470218,바레트 사역마토큰 삽니다 (구매완료),seller-6e199800577c94e792f901e8,ㅇㅇ,guest,var safe = window.dcAd && window.dcAd.safe ==,var safe = window.dcAd && window.dcAd.safe ==,var safe = (window.dcAd && window.dcAd.safe ==,,,buy,구매,1,1,10000,estimated,bundle,text,unknown,,completed,context_only,needs_review,"가격 단위 추정, 복수 카드 가격, 배송비 포함 여부 미확정, 거래 완료 글 · 현재 매물 제외, 묶음·세트 총액 · 개별 카드 가격 아님",estimated,no,no,var safe = (window.dcAd && window.dcAd.safe == 1)
7bcdbde32ba15f86810c2991,digimontcg,디지몬 카드게임,2026-08,2026-08-01T12:29:58+09:00,known,849628040f25c0ab098fd9cb,7bcdbde32ba15f86810c2991,470218,https://m.dcinside.com/board/digimontcg/470218,바레트 사역마토큰 삽니다 (구매완료),seller-3f8794d10725a5639be851ef,ㅇㅇ,guest,var safe = window.dcAd && window.dcAd.safe ==,var safe = window.dcAd && window.dcAd.safe ==,var safe = (window.dcAd && window.dcAd.safe ==,,,buy,구매,1,1,10000,estimated,bundle,text,unknown,,completed,context_only,needs_review,"가격 단위 추정, 복수 카드 가격, 배송비 포함 여부 미확정, 거래 완료 글 · 현재 매물 제외, 묶음·세트 총액 · 개별 카드 가격 아님",estimated,no,no,var safe = (window.dcAd && window.dcAd.safe == 1)
84ffa52d8ae5c7b6bc7bd4a9,digimontcg,디지몬 카드게임,2026-08,2026-08-01T12:29:58+09:00,known,65e4bebd13f5c62ef483dd39,84ffa52d8ae5c7b6bc7bd4a9,470218,https://m.dcinside.com/board/digimontcg/470218,바레트 사역마토큰 삽니다 (구매완료),seller-eb760773f0abd22f4348cb53,ㅇㅇ,guest,DOM 삽입 헬퍼 현재 스크립트 위치 기준,DOM 삽입 헬퍼 현재 스크립트 위치 기준,// ---- DOM 삽입 헬퍼 (현재 스크립트 위치 기준,,,buy,구매,1,,,removed,unknown,unknown,unknown,,completed,context_only,needs_review,"가격 후보 재검토 필요, 거래 완료 글 · 현재 매물 제외, 가격 삭제 추정",removed,no,no,// ---- DOM 삽입 헬퍼 (현재 스크립트 위치 기준1)
8d7b663a2f32bc2386a66b9f,digimontcg,디지몬 카드게임,2026-08,2026-08-01T12:29:58+09:00,known,7daf2b7a3dcd1291d626b6fa,8d7b663a2f32bc2386a66b9f,470218,https://m.dcinside.com/board/digimontcg/470218,바레트 사역마토큰 삽니다 (구매완료),seller-6e199800577c94e792f901e8,ㅇㅇ,guest,loadScript 'https pagead,loadScript 'https pagead,loadScript('https://pagead,,,buy,구매,1,,,removed,unknown,unknown,unknown,,completed,context_only,needs_review,"가격 후보 재검토 필요, 거래 완료 글 · 현재 매물 제외, 가격 삭제 추정",removed,no,no,"loadScript('https://pagead2.googlesyndication.com/pagead/js/adsbygoogle_direct.js?client=ca-pub-8171468792791627', true, 'anonymous');"
9da7402e68ceda8cb4d25644,digimontcg,디지몬 카드게임,2026-08,2026-08-01T12:29:58+09:00,known,65e4bebd13f5c62ef483dd39,9da7402e68ceda8cb4d25644,470218,https://m.dcinside.com/board/digimontcg/470218,바레트 사역마토큰 삽니다 (구매완료),seller-eb760773f0abd22f4348cb53,ㅇㅇ,guest,loadScript ' t,loadScript ' t,loadScript('//t,,,buy,구매,1,,,removed,unknown,unknown,unknown,,completed,context_only,needs_review,"가격 후보 재검토 필요, 거래 완료 글 · 현재 매물 제외, 가격 삭제 추정",removed,no,no,"loadScript('//t1.kakaocdn.net/kas/static/ba.min.js', true);"
ac182754735429b8d13ba38c,digimontcg,디지몬 카드게임,2026-08,2026-08-01T12:29:58+09:00,known,7daf2b7a3dcd1291d626b6fa,ac182754735429b8d13ba38c,470218,https://m.dcinside.com/board/digimontcg/470218,바레트 사역마토큰 삽니다 (구매완료),seller-6e199800577c94e792f901e8,ㅇㅇ,guest,DOM 삽입 헬퍼 현재 스크립트 위치 기준,DOM 삽입 헬퍼 현재 스크립트 위치 기준,// ---- DOM 삽입 헬퍼 (현재 스크립트 위치 기준,,,buy,구매,1,,,removed,unknown,unknown,unknown,,completed,context_only,needs_review,"가격 후보 재검토 필요, 거래 완료 글 · 현재 매물 제외, 가격 삭제 추정",removed,no,no,// ---- DOM 삽입 헬퍼 (현재 스크립트 위치 기준1)
cb7987df8a891b564713ad5b,digimontcg,디지몬 카드게임,2026-08,2026-08-01T12:29:58+09:00,known,849628040f25c0ab098fd9cb,cb7987df8a891b564713ad5b,470218,https://m.dcinside.com/board/digimontcg/470218,바레트 사역마토큰 삽니다 (구매완료),seller-3f8794d10725a5639be851ef,ㅇㅇ,guest,DOM 삽입 헬퍼 현재 스크립트 위치 기준,DOM 삽입 헬퍼 현재 스크립트 위치 기준,// ---- DOM 삽입 헬퍼 (현재 스크립트 위치 기준,,,buy,구매,1,,,removed,unknown,unknown,unknown,,completed,context_only,needs_review,"가격 후보 재검토 필요, 거래 완료 글 · 현재 매물 제외, 가격 삭제 추정",removed,no,no,// ---- DOM 삽입 헬퍼 (현재 스크립트 위치 기준1)
dfe4a9505554a1532c13c512,digimontcg,디지몬 카드게임,2026-08,2026-08-01T12:29:58+09:00,known,849628040f25c0ab098fd9cb,dfe4a9505554a1532c13c512,470218,https://m.dcinside.com/board/digimontcg/470218,바레트 사역마토큰 삽니다 (구매완료),seller-3f8794d10725a5639be851ef,ㅇㅇ,guest,사역마 토큰,사역마 토큰,사역마 토큰 장당,,,buy,구매,1,0.8,8000,estimated,per_card,text,unknown,,completed,context_only,needs_review,"가격 단위 추정, 배송비 포함 여부 미확정, 거래 완료 글 · 현재 매물 제외",estimated,no,no,사역마 토큰 장당 0.8
f46afcd15b2d1614b2a9ffa7,digimontcg,디지몬 카드게임,2026-08,2026-08-01T12:29:58+09:00,known,65e4bebd13f5c62ef483dd39,f46afcd15b2d1614b2a9ffa7,470218,https://m.dcinside.com/board/digimontcg/470218,바레트 사역마토큰 삽니다 (구매완료),seller-eb760773f0abd22f4348cb53,ㅇㅇ,guest,바레트,바레트,바레트 장당,,,buy,구매,1,1.2,12000,estimated,per_card,text,unknown,,completed,context_only,needs_review,"가격 단위 추정, 배송비 포함 여부 미확정, 거래 완료 글 · 현재 매물 제외",estimated,no,no,바레트 장당 1.2
051220de6f91e820cd684304,digimontcg,디지몬 카드게임,2026-08,2026-08-01T21:14:23+09:00,known,dee0a4866f941e86c6822e1f,051220de6f91e820cd684304,470516,https://m.dcinside.com/board/digimontcg/470516,"알파몬 왕룡검 SP 1장,제퍼가몬 SP 1장,메탈시드라몬SP 삽니다.",seller-a2f6daddd50efb90978ffffd,길덕춘,guest,메탈시드라몬 SP,메탈시드라몬 SP,메탈시드라몬 SP,,,buy,구매,1,4.0,40000,estimated,per_card,text,unknown,,active,needs_review,needs_review,"가격 단위 추정, 수량 표기 감지, 배송비 포함 여부 미확정",estimated,yes,no,메탈시드라몬 SP 1장 4.0
0db7433871641462f98fb412,digimontcg,디지몬 카드게임,2026-08,2026-08-01T21:14:23+09:00,known,453fccc3ed8505a963aac161,0db7433871641462f98fb412,470516,https://m.dcinside.com/board/digimontcg/470516,"알파몬 왕룡검 SP 1장,제퍼가몬 SP 1장,메탈시드라몬SP 삽니다.",seller-78da74a54522ae6811f16dcd,길덕춘,guest,loadScript ' t,loadScript ' t,loadScript('//t,,,buy,구매,1,,,missing,unknown,unknown,unknown,,active,excluded,needs_review,"가격 후보 재검토 필요, 가격 미기재, 스크립트·광고 문구로 추정되는 오염 행",missing,no,no,"loadScript('//t1.kakaocdn.net/kas/static/ba.min.js', true);"
1717d229c740f9f395537c3a,digimontcg,디지몬 카드게임,2026-08,2026-08-01T21:14:23+09:00,known,453fccc3ed8505a963aac161,1717d229c740f9f395537c3a,470516,https://m.dcinside.com/board/digimontcg/470516,"알파몬 왕룡검 SP 1장,제퍼가몬 SP 1장,메탈시드라몬SP 삽니다.",seller-78da74a54522ae6811f16dcd,길덕춘,guest,알파몬 왕룡검 SP,알파몬 왕룡검 SP,알파몬 왕룡검 SP,,,buy,구매,1,33.0,330000,estimated,per_card,text,unknown,,active,needs_review,needs_review,"가격 단위 추정, 수량 표기 감지, 배송비 포함 여부 미확정",estimated,yes,no,알파몬 왕룡검 SP 1장 33.0 구매합니다.
2dcdcc690466b3f5db844e4f,digimontcg,디지몬 카드게임,2026-08,2026-08-01T21:14:23+09:00,known,d3f46602d284aac7b55ead2d,2dcdcc690466b3f5db844e4f,470516,https://m.dcinside.com/board/digimontcg/470516,"알파몬 왕룡검 SP 1장,제퍼가몬 SP 1장,메탈시드라몬SP 삽니다.",seller-ecb02a0835faa17f4fa8b3fb,길덕춘,guest,DOM 삽입 헬퍼 현재 스크립트 위치 기준,DOM 삽입 헬퍼 현재 스크립트 위치 기준,// ---- DOM 삽입 헬퍼 (현재 스크립트 위치 기준,,,buy,구매,1,,,missing,unknown,unknown,unknown,,active,excluded,needs_review,"가격 후보 재검토 필요, 가격 미기재, 스크립트·광고 문구로 추정되는 오염 행",missing,no,no,// ---- DOM 삽입 헬퍼 (현재 스크립트 위치 기준1)
33617cbc900a8cceaad27880,digimontcg,디지몬 카드게임,2026-08,2026-08-01T21:14:23+09:00,known,d3f46602d284aac7b55ead2d,33617cbc900a8cceaad27880,470516,https://m.dcinside.com/board/digimontcg/470516,"알파몬 왕룡검 SP 1장,제퍼가몬 SP 1장,메탈시드라몬SP 삽니다.",seller-ecb02a0835faa17f4fa8b3fb,길덕춘,guest,알파몬 왕룡검 SP,알파몬 왕룡검 SP,알파몬 왕룡검 SP,,,buy,구매,1,33.0,330000,estimated,per_card,text,unknown,,active,needs_review,needs_review,"가격 단위 추정, 수량 표기 감지, 배송비 포함 여부 미확정",estimated,yes,no,알파몬 왕룡검 SP 1장 33.0 구매합니다.
3bf2de57ee530fbbdb84274a,digimontcg,디지몬 카드게임,2026-08,2026-08-01T21:14:23+09:00,known,dee0a4866f941e86c6822e1f,3bf2de57ee530fbbdb84274a,470516,https://m.dcinside.com/board/digimontcg/470516,"알파몬 왕룡검 SP 1장,제퍼가몬 SP 1장,메탈시드라몬SP 삽니다.",seller-a2f6daddd50efb90978ffffd,길덕춘,guest,loadScript 'https pagead,loadScript 'https pagead,loadScript('https://pagead,,,buy,구매,1,,,missing,unknown,unknown,unknown,,active,excluded,needs_review,"가격 후보 재검토 필요, 가격 미기재, 스크립트·광고 문구로 추정되는 오염 행",missing,no,no,"loadScript('https://pagead2.googlesyndication.com/pagead/js/adsbygoogle_direct.js?client=ca-pub-8171468792791627', true, 'anonymous');"
57c47b792b12ae0aa3c1fa72,digimontcg,디지몬 카드게임,2026-08,2026-08-01T21:14:23+09:00,known,453fccc3ed8505a963aac161,57c47b792b12ae0aa3c1fa72,470516,https://m.dcinside.com/board/digimontcg/470516,"알파몬 왕룡검 SP 1장,제퍼가몬 SP 1장,메탈시드라몬SP 삽니다.",seller-78da74a54522ae6811f16dcd,길덕춘,guest,제퍼가몬 SP,제퍼가몬 SP,제퍼가몬 SP,,,buy,구매,1,6.0,60000,estimated,per_card,text,unknown,,active,needs_review,needs_review,"가격 단위 추정, 수량 표기 감지, 배송비 포함 여부 미확정",estimated,yes,no,제퍼가몬 SP 1장 6.0
70eba549d82c90f181fbbce4,digimontcg,디지몬 카드게임,2026-08,2026-08-01T21:14:23+09:00,known,453fccc3ed8505a963aac161,70eba549d82c90f181fbbce4,470516,https://m.dcinside.com/board/digimontcg/470516,"알파몬 왕룡검 SP 1장,제퍼가몬 SP 1장,메탈시드라몬SP 삽니다.",seller-78da74a54522ae6811f16dcd,길덕춘,guest,loadScript 'https pagead,loadScript 'https pagead,loadScript('https://pagead,,,buy,구매,1,,,missing,unknown,unknown,unknown,,active,excluded,needs_review,"가격 후보 재검토 필요, 가격 미기재, 스크립트·광고 문구로 추정되는 오염 행",missing,no,no,"loadScript('https://pagead2.googlesyndication.com/pagead/js/adsbygoogle_direct.js?client=ca-pub-8171468792791627', true, 'anonymous');"
76b80a34e21f9e0f821b29ef,digimontcg,디지몬 카드게임,2026-08,2026-08-01T21:14:23+09:00,known,d3f46602d284aac7b55ead2d,76b80a34e21f9e0f821b29ef,470516,https://m.dcinside.com/board/digimontcg/470516,"알파몬 왕룡검 SP 1장,제퍼가몬 SP 1장,메탈시드라몬SP 삽니다.",seller-ecb02a0835faa17f4fa8b3fb,길덕춘,guest,제퍼가몬 SP,제퍼가몬 SP,제퍼가몬 SP,,,buy,구매,1,6.0,60000,estimated,per_card,text,unknown,,active,needs_review,needs_review,"가격 단위 추정, 수량 표기 감지, 배송비 포함 여부 미확정",estimated,yes,no,제퍼가몬 SP 1장 6.0
84f7553ca5ff8c792adeabb8,digimontcg,디지몬 카드게임,2026-08,2026-08-01T21:14:23+09:00,known,453fccc3ed8505a963aac161,84f7553ca5ff8c792adeabb8,470516,https://m.dcinside.com/board/digimontcg/470516,"알파몬 왕룡검 SP 1장,제퍼가몬 SP 1장,메탈시드라몬SP 삽니다.",seller-78da74a54522ae6811f16dcd,길덕춘,guest,DOM 삽입 헬퍼 현재 스크립트 위치 기준,DOM 삽입 헬퍼 현재 스크립트 위치 기준,// ---- DOM 삽입 헬퍼 (현재 스크립트 위치 기준,,,buy,구매,1,,,missing,unknown,unknown,unknown,,active,excluded,needs_review,"가격 후보 재검토 필요, 가격 미기재, 스크립트·광고 문구로 추정되는 오염 행",missing,no,no,// ---- DOM 삽입 헬퍼 (현재 스크립트 위치 기준1)
9f456d63c649390943a8d9e8,digimontcg,디지몬 카드게임,2026-08,2026-08-01T21:14:23+09:00,known,dee0a4866f941e86c6822e1f,9f456d63c649390943a8d9e8,470516,https://m.dcinside.com/board/digimontcg/470516,"알파몬 왕룡검 SP 1장,제퍼가몬 SP 1장,메탈시드라몬SP 삽니다.",seller-a2f6daddd50efb90978ffffd,길덕춘,guest,var safe = window.dcAd && window.dcAd.safe ==,var safe = window.dcAd && window.dcAd.safe ==,var safe = (window.dcAd && window.dcAd.safe ==,,,buy,구매,1,1,10000,estimated,bundle,text,unknown,,active,excluded,needs_review,"가격 단위 추정, 복수 카드 가격, 배송비 포함 여부 미확정, 묶음·세트 총액 · 개별 카드 가격 아님, 스크립트·광고 문구로 추정되는 오염 행",estimated,no,no,var safe = (window.dcAd && window.dcAd.safe == 1)
a4928aaffd7f09838016d391,digimontcg,디지몬 카드게임,2026-08,2026-08-01T21:14:23+09:00,known,dee0a4866f941e86c6822e1f,a4928aaffd7f09838016d391,470516,https://m.dcinside.com/board/digimontcg/470516,"알파몬 왕룡검 SP 1장,제퍼가몬 SP 1장,메탈시드라몬SP 삽니다.",seller-a2f6daddd50efb90978ffffd,길덕춘,guest,DOM 삽입 헬퍼 현재 스크립트 위치 기준,DOM 삽입 헬퍼 현재 스크립트 위치 기준,// ---- DOM 삽입 헬퍼 (현재 스크립트 위치 기준,,,buy,구매,1,,,missing,unknown,unknown,unknown,,active,excluded,needs_review,"가격 후보 재검토 필요, 가격 미기재, 스크립트·광고 문구로 추정되는 오염 행",missing,no,no,// ---- DOM 삽입 헬퍼 (현재 스크립트 위치 기준1)
abbb2cfa7f86bb4b0373cdf9,digimontcg,디지몬 카드게임,2026-08,2026-08-01T21:14:23+09:00,known,453fccc3ed8505a963aac161,abbb2cfa7f86bb4b0373cdf9,470516,https://m.dcinside.com/board/digimontcg/470516,"알파몬 왕룡검 SP 1장,제퍼가몬 SP 1장,메탈시드라몬SP 삽니다.",seller-78da74a54522ae6811f16dcd,길덕춘,guest,var safe = window.dcAd && window.dcAd.safe ==,var safe = window.dcAd && window.dcAd.safe ==,var safe = (window.dcAd && window.dcAd.safe ==,,,buy,구매,1,1,10000,estimated,bundle,text,unknown,,active,excluded,needs_review,"가격 단위 추정, 복수 카드 가격, 배송비 포함 여부 미확정, 묶음·세트 총액 · 개별 카드 가격 아님, 스크립트·광고 문구로 추정되는 오염 행",estimated,no,no,var safe = (window.dcAd && window.dcAd.safe == 1)
b0fef66feb12fb825d768ff1,digimontcg,디지몬 카드게임,2026-08,2026-08-01T21:14:23+09:00,known,d3f46602d284aac7b55ead2d,b0fef66feb12fb825d768ff1,470516,https://m.dcinside.com/board/digimontcg/470516,"알파몬 왕룡검 SP 1장,제퍼가몬 SP 1장,메탈시드라몬SP 삽니다.",seller-ecb02a0835faa17f4fa8b3fb,길덕춘,guest,loadScript 'https pagead,loadScript 'https pagead,loadScript('https://pagead,,,buy,구매,1,,,missing,unknown,unknown,unknown,,active,excluded,needs_review,"가격 후보 재검토 필요, 가격 미기재, 스크립트·광고 문구로 추정되는 오염 행",missing,no,no,"loadScript('https://pagead2.googlesyndication.com/pagead/js/adsbygoogle_direct.js?client=ca-pub-8171468792791627', true, 'anonymous');"
bb94b06caf50238a6f2068af,digimontcg,디지몬 카드게임,2026-08,2026-08-01T21:14:23+09:00,known,dee0a4866f941e86c6822e1f,bb94b06caf50238a6f2068af,470516,https://m.dcinside.com/board/digimontcg/470516,"알파몬 왕룡검 SP 1장,제퍼가몬 SP 1장,메탈시드라몬SP 삽니다.",seller-a2f6daddd50efb90978ffffd,길덕춘,guest,알파몬 왕룡검 SP,알파몬 왕룡검 SP,알파몬 왕룡검 SP,,,buy,구매,1,33.0,330000,estimated,per_card,text,unknown,,active,needs_review,needs_review,"가격 단위 추정, 수량 표기 감지, 배송비 포함 여부 미확정",estimated,yes,no,알파몬 왕룡검 SP 1장 33.0 구매합니다.
bd4198d0959c372bca85b3d2,digimontcg,디지몬 카드게임,2026-08,2026-08-01T21:14:23+09:00,known,dee0a4866f941e86c6822e1f,bd4198d0959c372bca85b3d2,470516,https://m.dcinside.com/board/digimontcg/470516,"알파몬 왕룡검 SP 1장,제퍼가몬 SP 1장,메탈시드라몬SP 삽니다.",seller-a2f6daddd50efb90978ffffd,길덕춘,guest,loadScript ' t,loadScript ' t,loadScript('//t,,,buy,구매,1,,,missing,unknown,unknown,unknown,,active,excluded,needs_review,"가격 후보 재검토 필요, 가격 미기재, 스크립트·광고 문구로 추정되는 오염 행",missing,no,no,"loadScript('//t1.kakaocdn.net/kas/static/ba.min.js', true);"
bff038be2fe00c61a98c1df0,digimontcg,디지몬 카드게임,2026-08,2026-08-01T21:14:23+09:00,known,453fccc3ed8505a963aac161,bff038be2fe00c61a98c1df0,470516,https://m.dcinside.com/board/digimontcg/470516,"알파몬 왕룡검 SP 1장,제퍼가몬 SP 1장,메탈시드라몬SP 삽니다.",seller-78da74a54522ae6811f16dcd,길덕춘,guest,메탈시드라몬 SP,메탈시드라몬 SP,메탈시드라몬 SP,,,buy,구매,1,4.0,40000,estimated,per_card,text,unknown,,active,needs_review,needs_review,"가격 단위 추정, 수량 표기 감지, 배송비 포함 여부 미확정",estimated,yes,no,메탈시드라몬 SP 1장 4.0
c3476ae6f6c2ee2350de78cb,digimontcg,디지몬 카드게임,2026-08,2026-08-01T21:14:23+09:00,known,dee0a4866f941e86c6822e1f,c3476ae6f6c2ee2350de78cb,470516,https://m.dcinside.com/board/digimontcg/470516,"알파몬 왕룡검 SP 1장,제퍼가몬 SP 1장,메탈시드라몬SP 삽니다.",seller-a2f6daddd50efb90978ffffd,길덕춘,guest,제퍼가몬 SP,제퍼가몬 SP,제퍼가몬 SP,,,buy,구매,1,6.0,60000,estimated,per_card,text,unknown,,active,needs_review,needs_review,"가격 단위 추정, 수량 표기 감지, 배송비 포함 여부 미확정",estimated,yes,no,제퍼가몬 SP 1장 6.0
d9dc75b67e7261dd023a7be6,digimontcg,디지몬 카드게임,2026-08,2026-08-01T21:14:23+09:00,known,d3f46602d284aac7b55ead2d,d9dc75b67e7261dd023a7be6,470516,https://m.dcinside.com/board/digimontcg/470516,"알파몬 왕룡검 SP 1장,제퍼가몬 SP 1장,메탈시드라몬SP 삽니다.",seller-ecb02a0835faa17f4fa8b3fb,길덕춘,guest,메탈시드라몬 SP,메탈시드라몬 SP,메탈시드라몬 SP,,,buy,구매,1,4.0,40000,estimated,per_card,text,unknown,,active,needs_review,needs_review,"가격 단위 추정, 수량 표기 감지, 배송비 포함 여부 미확정",estimated,yes,no,메탈시드라몬 SP 1장 4.0
f14fba8d5f1c9bbbe62700a5,digimontcg,디지몬 카드게임,2026-08,2026-08-01T21:14:23+09:00,known,d3f46602d284aac7b55ead2d,f14fba8d5f1c9bbbe62700a5,470516,https://m.dcinside.com/board/digimontcg/470516,"알파몬 왕룡검 SP 1장,제퍼가몬 SP 1장,메탈시드라몬SP 삽니다.",seller-ecb02a0835faa17f4fa8b3fb,길덕춘,guest,loadScript ' t,loadScript ' t,loadScript('//t,,,buy,구매,1,,,missing,unknown,unknown,unknown,,active,excluded,needs_review,"가격 후보 재검토 필요, 가격 미기재, 스크립트·광고 문구로 추정되는 오염 행",missing,no,no,"loadScript('//t1.kakaocdn.net/kas/static/ba.min.js', true);"
fa5526bc62aa57feb2c483b5,digimontcg,디지몬 카드게임,2026-08,2026-08-01T21:14:23+09:00,known,d3f46602d284aac7b55ead2d,fa5526bc62aa57feb2c483b5,470516,https://m.dcinside.com/board/digimontcg/470516,"알파몬 왕룡검 SP 1장,제퍼가몬 SP 1장,메탈시드라몬SP 삽니다.",seller-ecb02a0835faa17f4fa8b3fb,길덕춘,guest,var safe = window.dcAd && window.dcAd.safe ==,var safe = window.dcAd && window.dcAd.safe ==,var safe = (window.dcAd && window.dcAd.safe ==,,,buy,구매,1,1,10000,estimated,bundle,text,unknown,,active,excluded,needs_review,"가격 단위 추정, 복수 카드 가격, 배송비 포함 여부 미확정, 묶음·세트 총액 · 개별 카드 가격 아님, 스크립트·광고 문구로 추정되는 오염 행",estimated,no,no,var safe = (window.dcAd && window.dcAd.safe == 1)
16492a5cb00e046351e352de,digimontcg,디지몬 카드게임,2026-08,2026-08-01T22:40:47+09:00,known,4f931f951e11c597af78f459,16492a5cb00e046351e352de,470622,https://m.dcinside.com/board/digimontcg/470622,Ex12 나타몬 3장 삽니다.,seller-74ea8850e6eb32090c121de3,허곰,registered,Ex12 나타몬,Ex12 나타몬,Ex12 나타몬 삽니다.,,,buy,구매,3,,,missing,unknown,unknown,unknown,,active,needs_review,needs_review,수량 표기 감지 · 가격 미기재,missing,no,no,Ex12 나타몬 3장 삽니다.
3902e73df35a20d121573abf,digimontcg,디지몬 카드게임,2026-08,2026-08-01T22:40:47+09:00,known,95f886f47328f926a88dafd2,3902e73df35a20d121573abf,470622,https://m.dcinside.com/board/digimontcg/470622,Ex12 나타몬 3장 삽니다.,seller-74ea8850e6eb32090c121de3,허곰,registered,Ex12 나타몬,Ex12 나타몬,Ex12 나타몬 삽니다.,,,buy,구매,3,,,missing,unknown,unknown,unknown,,active,needs_review,needs_review,수량 표기 감지 · 가격 미기재,missing,no,no,Ex12 나타몬 3장 삽니다.
fb74dcad8d7e7288f7716e4d,digimontcg,디지몬 카드게임,2026-08,2026-08-01T22:40:47+09:00,known,a703d5b9ac62218b4abc8a91,fb74dcad8d7e7288f7716e4d,470622,https://m.dcinside.com/board/digimontcg/470622,Ex12 나타몬 3장 삽니다.,seller-74ea8850e6eb32090c121de3,허곰,registered,Ex12 나타몬,Ex12 나타몬,Ex12 나타몬 삽니다.,,,buy,구매,3,,,missing,unknown,unknown,unknown,,active,needs_review,needs_review,수량 표기 감지 · 가격 미기재,missing,no,no,Ex12 나타몬 3장 삽니다.
5b1baa46c250a2774d79b28a,digimontcg,디지몬 카드게임,2026-08,2026-08-02T03:59:25+09:00,known,eb025ed2b5fc22d0aaaffb53,5b1baa46c250a2774d79b28a,470714,https://m.dcinside.com/board/digimontcg/470714,ex9 메탈그 알타 삽니다.,seller-56b31be0acc510db219d79c9,Allen,registered,,준등포,준등포,,,buy,구매,3,1.0,10000,estimated,per_quantity,text,unknown,,active,excluded,needs_review,"가격 단위 추정, 수량 표기 감지, 배송비 포함 여부 미확정, 복수 수량 총액 · 카드 1장 가격 아님, 스크립트·광고 문구로 추정되는 오염 행",estimated,no,no,3매 준등포 1.0
674d31e98aa69645a2f452fe,digimontcg,디지몬 카드게임,2026-08,2026-08-02T03:59:25+09:00,known,bcf151797c01c574c73697e9,674d31e98aa69645a2f452fe,470714,https://m.dcinside.com/board/digimontcg/470714,ex9 메탈그 알타 삽니다.,seller-56b31be0acc510db219d79c9,Allen,registered,,준등포,준등포,,,buy,구매,3,1.0,10000,estimated,per_quantity,text,unknown,,active,excluded,needs_review,"가격 단위 추정, 수량 표기 감지, 배송비 포함 여부 미확정, 복수 수량 총액 · 카드 1장 가격 아님, 스크립트·광고 문구로 추정되는 오염 행",estimated,no,no,3매 준등포 1.0
b9d6248eb9ad5ceea5777997,digimontcg,디지몬 카드게임,2026-08,2026-08-02T03:59:25+09:00,known,fd4abce38d32ba23ed6a8526,b9d6248eb9ad5ceea5777997,470714,https://m.dcinside.com/board/digimontcg/470714,ex9 메탈그 알타 삽니다.,seller-56b31be0acc510db219d79c9,Allen,registered,,준등포,준등포,,,buy,구매,3,1.0,10000,estimated,per_quantity,text,unknown,,active,excluded,needs_review,"가격 단위 추정, 수량 표기 감지, 배송비 포함 여부 미확정, 복수 수량 총액 · 카드 1장 가격 아님, 스크립트·광고 문구로 추정되는 오염 행",estimated,no,no,3매 준등포 1.0
02980a8700f004cb6e750ffa,digimontcg,디지몬 카드게임,2026-08,2026-08-02T07:23:02+09:00,known,2baa1a7eb2bc0e25d3cf8c5f,02980a8700f004cb6e750ffa,470722,https://m.dcinside.com/board/digimontcg/470722,"왕룡검 ACE 희소, 메탈시드라몬 희소, 제퍼가몬ACE 희소 구매합니다",seller-28070adf2cbf7ba78c4032b3,길덕춘,guest,메탈시드라몬 SP,메탈시드라몬 SP,메탈시드라몬 SP,,,buy,구매,1,4.0,40000,estimated,per_card,text,unknown,,active,needs_review,needs_review,"가격 단위 추정, 수량 표기 감지, 배송비 포함 여부 미확정",estimated,yes,no,메탈시드라몬 SP 1장 4.0
045c2f901901930c017749ae,digimontcg,디지몬 카드게임,2026-08,2026-08-02T07:23:02+09:00,known,2baa1a7eb2bc0e25d3cf8c5f,045c2f901901930c017749ae,470722,https://m.dcinside.com/board/digimontcg/470722,"왕룡검 ACE 희소, 메탈시드라몬 희소, 제퍼가몬ACE 희소 구매합니다",seller-28070adf2cbf7ba78c4032b3,길덕춘,guest,loadScript 'https pagead,loadScript 'https pagead,loadScript('https://pagead,,,buy,구매,1,,,missing,unknown,unknown,unknown,,active,excluded,needs_review,"가격 후보 재검토 필요, 가격 미기재, 스크립트·광고 문구로 추정되는 오염 행",missing,no,no,"loadScript('https://pagead2.googlesyndication.com/pagead/js/adsbygoogle_direct.js?client=ca-pub-8171468792791627', true, 'anonymous');"
1969d148b2d71c5577aa8ce1,digimontcg,디지몬 카드게임,2026-08,2026-08-02T07:23:02+09:00,known,6e46c30e92f9d70a19f7a9a5,1969d148b2d71c5577aa8ce1,470722,https://m.dcinside.com/board/digimontcg/470722,"왕룡검 ACE 희소, 메탈시드라몬 희소, 제퍼가몬ACE 희소 구매합니다",seller-5f740a6b23b6a397b437ae2c,길덕춘,guest,메탈시드라몬 SP,메탈시드라몬 SP,메탈시드라몬 SP,,,buy,구매,1,4.0,40000,estimated,per_card,text,unknown,,active,needs_review,needs_review,"가격 단위 추정, 수량 표기 감지, 배송비 포함 여부 미확정",estimated,yes,no,메탈시드라몬 SP 1장 4.0
235514570d3fc0d1611f3da9,digimontcg,디지몬 카드게임,2026-08,2026-08-02T07:23:02+09:00,known,6e46c30e92f9d70a19f7a9a5,235514570d3fc0d1611f3da9,470722,https://m.dcinside.com/board/digimontcg/470722,"왕룡검 ACE 희소, 메탈시드라몬 희소, 제퍼가몬ACE 희소 구매합니다",seller-5f740a6b23b6a397b437ae2c,길덕춘,guest,알파몬 왕룡검 SP,알파몬 왕룡검 SP,알파몬 왕룡검 SP,,,buy,구매,1,33.0,330000,estimated,per_card,text,unknown,,active,needs_review,needs_review,"가격 단위 추정, 수량 표기 감지, 배송비 포함 여부 미확정",estimated,yes,no,알파몬 왕룡검 SP 1장 33.0 구매합니다.
2ba5f180c316fdd3448c4c3c,digimontcg,디지몬 카드게임,2026-08,2026-08-02T07:23:02+09:00,known,6e46c30e92f9d70a19f7a9a5,2ba5f180c316fdd3448c4c3c,470722,https://m.dcinside.com/board/digimontcg/470722,"왕룡검 ACE 희소, 메탈시드라몬 희소, 제퍼가몬ACE 희소 구매합니다",seller-5f740a6b23b6a397b437ae2c,길덕춘,guest,loadScript ' t,loadScript ' t,loadScript('//t,,,buy,구매,1,,,missing,unknown,unknown,unknown,,active,excluded,needs_review,"가격 후보 재검토 필요, 가격 미기재, 스크립트·광고 문구로 추정되는 오염 행",missing,no,no,"loadScript('//t1.kakaocdn.net/kas/static/ba.min.js', true);"
2ea3955945c0ec56ba95824d,digimontcg,디지몬 카드게임,2026-08,2026-08-02T07:23:02+09:00,known,c4984bce665d37ea3f249b4d,2ea3955945c0ec56ba95824d,470722,https://m.dcinside.com/board/digimontcg/470722,"왕룡검 ACE 희소, 메탈시드라몬 희소, 제퍼가몬ACE 희소 구매합니다",seller-91308cbed89128f20c911205,길덕춘,guest,알파몬 왕룡검 SP,알파몬 왕룡검 SP,알파몬 왕룡검 SP,,,buy,구매,1,33.0,330000,estimated,per_card,text,unknown,,active,needs_review,needs_review,"가격 단위 추정, 수량 표기 감지, 배송비 포함 여부 미확정",estimated,yes,no,알파몬 왕룡검 SP 1장 33.0 구매합니다.
49159ef860a33ea09c8e9cab,digimontcg,디지몬 카드게임,2026-08,2026-08-02T07:23:02+09:00,known,6e46c30e92f9d70a19f7a9a5,49159ef860a33ea09c8e9cab,470722,https://m.dcinside.com/board/digimontcg/470722,"왕룡검 ACE 희소, 메탈시드라몬 희소, 제퍼가몬ACE 희소 구매합니다",seller-5f740a6b23b6a397b437ae2c,길덕춘,guest,loadScript 'https pagead,loadScript 'https pagead,loadScript('https://pagead,,,buy,구매,1,,,missing,unknown,unknown,unknown,,active,excluded,needs_review,"가격 후보 재검토 필요, 가격 미기재, 스크립트·광고 문구로 추정되는 오염 행",missing,no,no,"loadScript('https://pagead2.googlesyndication.com/pagead/js/adsbygoogle_direct.js?client=ca-pub-8171468792791627', true, 'anonymous');"
5f805cdd270825077dc750a5,digimontcg,디지몬 카드게임,2026-08,2026-08-02T07:23:02+09:00,known,6e46c30e92f9d70a19f7a9a5,5f805cdd270825077dc750a5,470722,https://m.dcinside.com/board/digimontcg/470722,"왕룡검 ACE 희소, 메탈시드라몬 희소, 제퍼가몬ACE 희소 구매합니다",seller-5f740a6b23b6a397b437ae2c,길덕춘,guest,var safe = window.dcAd && window.dcAd.safe ==,var safe = window.dcAd && window.dcAd.safe ==,var safe = (window.dcAd && window.dcAd.safe ==,,,buy,구매,1,1,10000,estimated,bundle,text,unknown,,active,excluded,needs_review,"가격 단위 추정, 복수 카드 가격, 배송비 포함 여부 미확정, 묶음·세트 총액 · 개별 카드 가격 아님, 스크립트·광고 문구로 추정되는 오염 행",estimated,no,no,var safe = (window.dcAd && window.dcAd.safe == 1)
6b508c2881d4125bda87ce82,digimontcg,디지몬 카드게임,2026-08,2026-08-02T07:23:02+09:00,known,2baa1a7eb2bc0e25d3cf8c5f,6b508c2881d4125bda87ce82,470722,https://m.dcinside.com/board/digimontcg/470722,"왕룡검 ACE 희소, 메탈시드라몬 희소, 제퍼가몬ACE 희소 구매합니다",seller-28070adf2cbf7ba78c4032b3,길덕춘,guest,제퍼가몬 SP,제퍼가몬 SP,제퍼가몬 SP,,,buy,구매,1,6.0,60000,estimated,per_card,text,unknown,,active,needs_review,needs_review,"가격 단위 추정, 수량 표기 감지, 배송비 포함 여부 미확정",estimated,yes,no,제퍼가몬 SP 1장 6.0
7b80166f536ed07b98d73bda,digimontcg,디지몬 카드게임,2026-08,2026-08-02T07:23:02+09:00,known,c4984bce665d37ea3f249b4d,7b80166f536ed07b98d73bda,470722,https://m.dcinside.com/board/digimontcg/470722,"왕룡검 ACE 희소, 메탈시드라몬 희소, 제퍼가몬ACE 희소 구매합니다",seller-91308cbed89128f20c911205,길덕춘,guest,DOM 삽입 헬퍼 현재 스크립트 위치 기준,DOM 삽입 헬퍼 현재 스크립트 위치 기준,// ---- DOM 삽입 헬퍼 (현재 스크립트 위치 기준,,,buy,구매,1,,,missing,unknown,unknown,unknown,,active,excluded,needs_review,"가격 후보 재검토 필요, 가격 미기재, 스크립트·광고 문구로 추정되는 오염 행",missing,no,no,// ---- DOM 삽입 헬퍼 (현재 스크립트 위치 기준1)
9d56e002151cf47447608958,digimontcg,디지몬 카드게임,2026-08,2026-08-02T07:23:02+09:00,known,2baa1a7eb2bc0e25d3cf8c5f,9d56e002151cf47447608958,470722,https://m.dcinside.com/board/digimontcg/470722,"왕룡검 ACE 희소, 메탈시드라몬 희소, 제퍼가몬ACE 희소 구매합니다",seller-28070adf2cbf7ba78c4032b3,길덕춘,guest,알파몬 왕룡검 SP,알파몬 왕룡검 SP,알파몬 왕룡검 SP,,,buy,구매,1,33.0,330000,estimated,per_card,text,unknown,,active,needs_review,needs_review,"가격 단위 추정, 수량 표기 감지, 배송비 포함 여부 미확정",estimated,yes,no,알파몬 왕룡검 SP 1장 33.0 구매합니다.
aaad1bcd78ded9a2ee28e5f9,digimontcg,디지몬 카드게임,2026-08,2026-08-02T07:23:02+09:00,known,6e46c30e92f9d70a19f7a9a5,aaad1bcd78ded9a2ee28e5f9,470722,https://m.dcinside.com/board/digimontcg/470722,"왕룡검 ACE 희소, 메탈시드라몬 희소, 제퍼가몬ACE 희소 구매합니다",seller-5f740a6b23b6a397b437ae2c,길덕춘,guest,제퍼가몬 SP,제퍼가몬 SP,제퍼가몬 SP,,,buy,구매,1,6.0,60000,estimated,per_card,text,unknown,,active,needs_review,needs_review,"가격 단위 추정, 수량 표기 감지, 배송비 포함 여부 미확정",estimated,yes,no,제퍼가몬 SP 1장 6.0
aaec09cdf6bcaba676287b48,digimontcg,디지몬 카드게임,2026-08,2026-08-02T07:23:02+09:00,known,c4984bce665d37ea3f249b4d,aaec09cdf6bcaba676287b48,470722,https://m.dcinside.com/board/digimontcg/470722,"왕룡검 ACE 희소, 메탈시드라몬 희소, 제퍼가몬ACE 희소 구매합니다",seller-91308cbed89128f20c911205,길덕춘,guest,제퍼가몬 SP,제퍼가몬 SP,제퍼가몬 SP,,,buy,구매,1,6.0,60000,estimated,per_card,text,unknown,,active,needs_review,needs_review,"가격 단위 추정, 수량 표기 감지, 배송비 포함 여부 미확정",estimated,yes,no,제퍼가몬 SP 1장 6.0
af05a4f565864c266ef80150,digimontcg,디지몬 카드게임,2026-08,2026-08-02T07:23:02+09:00,known,c4984bce665d37ea3f249b4d,af05a4f565864c266ef80150,470722,https://m.dcinside.com/board/digimontcg/470722,"왕룡검 ACE 희소, 메탈시드라몬 희소, 제퍼가몬ACE 희소 구매합니다",seller-91308cbed89128f20c911205,길덕춘,guest,var safe = window.dcAd && window.dcAd.safe ==,var safe = window.dcAd && window.dcAd.safe ==,var safe = (window.dcAd && window.dcAd.safe ==,,,buy,구매,1,1,10000,estimated,bundle,text,unknown,,active,excluded,needs_review,"가격 단위 추정, 복수 카드 가격, 배송비 포함 여부 미확정, 묶음·세트 총액 · 개별 카드 가격 아님, 스크립트·광고 문구로 추정되는 오염 행",estimated,no,no,var safe = (window.dcAd && window.dcAd.safe == 1)
af8eafb6175e5ad5b8a525ac,digimontcg,디지몬 카드게임,2026-08,2026-08-02T07:23:02+09:00,known,c4984bce665d37ea3f249b4d,af8eafb6175e5ad5b8a525ac,470722,https://m.dcinside.com/board/digimontcg/470722,"왕룡검 ACE 희소, 메탈시드라몬 희소, 제퍼가몬ACE 희소 구매합니다",seller-91308cbed89128f20c911205,길덕춘,guest,loadScript ' t,loadScript ' t,loadScript('//t,,,buy,구매,1,,,missing,unknown,unknown,unknown,,active,excluded,needs_review,"가격 후보 재검토 필요, 가격 미기재, 스크립트·광고 문구로 추정되는 오염 행",missing,no,no,"loadScript('//t1.kakaocdn.net/kas/static/ba.min.js', true);"
d1b6e70786c71193252550a6,digimontcg,디지몬 카드게임,2026-08,2026-08-02T07:23:02+09:00,known,c4984bce665d37ea3f249b4d,d1b6e70786c71193252550a6,470722,https://m.dcinside.com/board/digimontcg/470722,"왕룡검 ACE 희소, 메탈시드라몬 희소, 제퍼가몬ACE 희소 구매합니다",seller-91308cbed89128f20c911205,길덕춘,guest,loadScript 'https pagead,loadScript 'https pagead,loadScript('https://pagead,,,buy,구매,1,,,missing,unknown,unknown,unknown,,active,excluded,needs_review,"가격 후보 재검토 필요, 가격 미기재, 스크립트·광고 문구로 추정되는 오염 행",missing,no,no,"loadScript('https://pagead2.googlesyndication.com/pagead/js/adsbygoogle_direct.js?client=ca-pub-8171468792791627', true, 'anonymous');"
d6d00ce21281fd29c6500956,digimontcg,디지몬 카드게임,2026-08,2026-08-02T07:23:02+09:00,known,2baa1a7eb2bc0e25d3cf8c5f,d6d00ce21281fd29c6500956,470722,https://m.dcinside.com/board/digimontcg/470722,"왕룡검 ACE 희소, 메탈시드라몬 희소, 제퍼가몬ACE 희소 구매합니다",seller-28070adf2cbf7ba78c4032b3,길덕춘,guest,DOM 삽입 헬퍼 현재 스크립트 위치 기준,DOM 삽입 헬퍼 현재 스크립트 위치 기준,// ---- DOM 삽입 헬퍼 (현재 스크립트 위치 기준,,,buy,구매,1,,,missing,unknown,unknown,unknown,,active,excluded,needs_review,"가격 후보 재검토 필요, 가격 미기재, 스크립트·광고 문구로 추정되는 오염 행",missing,no,no,// ---- DOM 삽입 헬퍼 (현재 스크립트 위치 기준1)
d7e8ba1228860eea36a402b1,digimontcg,디지몬 카드게임,2026-08,2026-08-02T07:23:02+09:00,known,2baa1a7eb2bc0e25d3cf8c5f,d7e8ba1228860eea36a402b1,470722,https://m.dcinside.com/board/digimontcg/470722,"왕룡검 ACE 희소, 메탈시드라몬 희소, 제퍼가몬ACE 희소 구매합니다",seller-28070adf2cbf7ba78c4032b3,길덕춘,guest,var safe = window.dcAd && window.dcAd.safe ==,var safe = window.dcAd && window.dcAd.safe ==,var safe = (window.dcAd && window.dcAd.safe ==,,,buy,구매,1,1,10000,estimated,bundle,text,unknown,,active,excluded,needs_review,"가격 단위 추정, 복수 카드 가격, 배송비 포함 여부 미확정, 묶음·세트 총액 · 개별 카드 가격 아님, 스크립트·광고 문구로 추정되는 오염 행",estimated,no,no,var safe = (window.dcAd && window.dcAd.safe == 1)
df29af39b3a39d7a7eddefa3,digimontcg,디지몬 카드게임,2026-08,2026-08-02T07:23:02+09:00,known,c4984bce665d37ea3f249b4d,df29af39b3a39d7a7eddefa3,470722,https://m.dcinside.com/board/digimontcg/470722,"왕룡검 ACE 희소, 메탈시드라몬 희소, 제퍼가몬ACE 희소 구매합니다",seller-91308cbed89128f20c911205,길덕춘,guest,메탈시드라몬 SP,메탈시드라몬 SP,메탈시드라몬 SP,,,buy,구매,1,4.0,40000,estimated,per_card,text,unknown,,active,needs_review,needs_review,"가격 단위 추정, 수량 표기 감지, 배송비 포함 여부 미확정",estimated,yes,no,메탈시드라몬 SP 1장 4.0
f574db55ad2d5dc70c775b6f,digimontcg,디지몬 카드게임,2026-08,2026-08-02T07:23:02+09:00,known,2baa1a7eb2bc0e25d3cf8c5f,f574db55ad2d5dc70c775b6f,470722,https://m.dcinside.com/board/digimontcg/470722,"왕룡검 ACE 희소, 메탈시드라몬 희소, 제퍼가몬ACE 희소 구매합니다",seller-28070adf2cbf7ba78c4032b3,길덕춘,guest,loadScript ' t,loadScript ' t,loadScript('//t,,,buy,구매,1,,,missing,unknown,unknown,unknown,,active,excluded,needs_review,"가격 후보 재검토 필요, 가격 미기재, 스크립트·광고 문구로 추정되는 오염 행",missing,no,no,"loadScript('//t1.kakaocdn.net/kas/static/ba.min.js', true);"
f9d041cdbbb262c79bf631e8,digimontcg,디지몬 카드게임,2026-08,2026-08-02T07:23:02+09:00,known,6e46c30e92f9d70a19f7a9a5,f9d041cdbbb262c79bf631e8,470722,https://m.dcinside.com/board/digimontcg/470722,"왕룡검 ACE 희소, 메탈시드라몬 희소, 제퍼가몬ACE 희소 구매합니다",seller-5f740a6b23b6a397b437ae2c,길덕춘,guest,DOM 삽입 헬퍼 현재 스크립트 위치 기준,DOM 삽입 헬퍼 현재 스크립트 위치 기준,// ---- DOM 삽입 헬퍼 (현재 스크립트 위치 기준,,,buy,구매,1,,,missing,unknown,unknown,unknown,,active,excluded,needs_review,"가격 후보 재검토 필요, 가격 미기재, 스크립트·광고 문구로 추정되는 오염 행",missing,no,no,// ---- DOM 삽입 헬퍼 (현재 스크립트 위치 기준1)
1c9b25ec55b079d3aa6772ba,digimontcg,디지몬 카드게임,2026-08,2026-08-02T11:23:07+09:00,known,9368dc94ef844657ee38c327,1c9b25ec55b079d3aa6772ba,470862,https://m.dcinside.com/board/digimontcg/470862,ex9-034 카구야몬 글판구매합니다.(완),seller-47ffcdc15dc85fce908d862d,마일도,registered,ex9,ex9,ex9,,,buy,구매,1,,,missing,unknown,unknown,unknown,,active,needs_review,needs_review,"가격 후보 재검토 필요, 가격 미기재",missing,no,no,ex9-033
3535b4f0c35989bdc16bd240,digimontcg,디지몬 카드게임,2026-08,2026-08-02T11:23:07+09:00,known,7a90352233c4f5965aba869b,3535b4f0c35989bdc16bd240,470862,https://m.dcinside.com/board/digimontcg/470862,ex9-034 카구야몬 글판구매합니다.(완),seller-47ffcdc15dc85fce908d862d,마일도,registered,카구야몬,카구야몬,카구야몬 장당,,,buy,구매,4,1.5,15000,estimated,per_card,text,unknown,,active,needs_review,needs_review,"가격 단위 추정, 수량 표기 감지, 배송비 포함 여부 미확정",estimated,yes,no,카구야몬 4장 장당 1.5에 구매합니다.
6635c8b942c4753ae523b39b,digimontcg,디지몬 카드게임,2026-08,2026-08-02T11:23:07+09:00,known,84ba32136f87b85642904000,6635c8b942c4753ae523b39b,470862,https://m.dcinside.com/board/digimontcg/470862,ex9-034 카구야몬 글판구매합니다.(완),seller-47ffcdc15dc85fce908d862d,마일도,registered,카구야몬,카구야몬,카구야몬 장당,,,buy,구매,4,1.5,15000,estimated,per_card,text,unknown,,active,needs_review,needs_review,"가격 단위 추정, 수량 표기 감지, 배송비 포함 여부 미확정",estimated,yes,no,카구야몬 4장 장당 1.5에 구매합니다.
b8f8e24894275ce13e61b2dd,digimontcg,디지몬 카드게임,2026-08,2026-08-02T11:23:07+09:00,known,7a90352233c4f5965aba869b,b8f8e24894275ce13e61b2dd,470862,https://m.dcinside.com/board/digimontcg/470862,ex9-034 카구야몬 글판구매합니다.(완),seller-47ffcdc15dc85fce908d862d,마일도,registered,ex9,ex9,ex9,,,buy,구매,1,,,missing,unknown,unknown,unknown,,active,needs_review,needs_review,"가격 후보 재검토 필요, 가격 미기재",missing,no,no,ex9-033
c8ba7adfb1cbbc62456f5b0b,digimontcg,디지몬 카드게임,2026-08,2026-08-02T11:23:07+09:00,known,84ba32136f87b85642904000,c8ba7adfb1cbbc62456f5b0b,470862,https://m.dcinside.com/board/digimontcg/470862,ex9-034 카구야몬 글판구매합니다.(완),seller-47ffcdc15dc85fce908d862d,마일도,registered,ex9,ex9,ex9,,,buy,구매,1,,,missing,unknown,unknown,unknown,,active,needs_review,needs_review,"가격 후보 재검토 필요, 가격 미기재",missing,no,no,ex9-033
e56480bf4c12116aa2fd6a0d,digimontcg,디지몬 카드게임,2026-08,2026-08-02T11:23:07+09:00,known,9368dc94ef844657ee38c327,e56480bf4c12116aa2fd6a0d,470862,https://m.dcinside.com/board/digimontcg/470862,ex9-034 카구야몬 글판구매합니다.(완),seller-47ffcdc15dc85fce908d862d,마일도,registered,카구야몬,카구야몬,카구야몬 장당,,,buy,구매,4,1.5,15000,estimated,per_card,text,unknown,,active,needs_review,needs_review,"가격 단위 추정, 수량 표기 감지, 배송비 포함 여부 미확정",estimated,yes,no,카구야몬 4장 장당 1.5에 구매합니다.
25d2f0d3edc4068453df621a,digimontcg,디지몬 카드게임,2026-08,2026-08-02T14:42:23+09:00,known,6c356eb17ccb6ae65fa30dc9,25d2f0d3edc4068453df621a,470940,https://m.dcinside.com/board/digimontcg/470940,"듀엑(일반), 강태성페레 삽니다",seller-79730902e32dd5f92fcffd7b,그레이트다간g..,guest,loadScript 'https pagead,loadScript 'https pagead,loadScript('https://pagead,,,buy,구매,1,,,missing,unknown,unknown,unknown,,active,excluded,needs_review,"가격 후보 재검토 필요, 가격 미기재, 스크립트·광고 문구로 추정되는 오염 행",missing,no,no,"loadScript('https://pagead2.googlesyndication.com/pagead/js/adsbygoogle_direct.js?client=ca-pub-8171468792791627', true, 'anonymous');"
408621bad47ab76eced87a1f,digimontcg,디지몬 카드게임,2026-08,2026-08-02T14:42:23+09:00,known,9e9c5d87ef20038346ffeec7,408621bad47ab76eced87a1f,470940,https://m.dcinside.com/board/digimontcg/470940,"듀엑(일반), 강태성페레 삽니다",seller-64ba0a0cf8020075d9aa7fee,그레이트다간g..,guest,loadScript ' t,loadScript ' t,loadScript('//t,,,buy,구매,1,,,missing,unknown,unknown,unknown,,active,excluded,needs_review,"가격 후보 재검토 필요, 가격 미기재, 스크립트·광고 문구로 추정되는 오염 행",missing,no,no,"loadScript('//t1.kakaocdn.net/kas/static/ba.min.js', true);"
55942ee5c9759a2d2bd717a0,digimontcg,디지몬 카드게임,2026-08,2026-08-02T14:42:23+09:00,known,6c356eb17ccb6ae65fa30dc9,55942ee5c9759a2d2bd717a0,470940,https://m.dcinside.com/board/digimontcg/470940,"듀엑(일반), 강태성페레 삽니다",seller-79730902e32dd5f92fcffd7b,그레이트다간g..,guest,var safe = window.dcAd && window.dcAd.safe ==,var safe = window.dcAd && window.dcAd.safe ==,var safe = (window.dcAd && window.dcAd.safe ==,,,buy,구매,1,1,10000,estimated,bundle,text,unknown,,active,excluded,needs_review,"가격 단위 추정, 복수 카드 가격, 배송비 포함 여부 미확정, 묶음·세트 총액 · 개별 카드 가격 아님, 스크립트·광고 문구로 추정되는 오염 행",estimated,no,no,var safe = (window.dcAd && window.dcAd.safe == 1)
64aeb6fdcc32fa2af245cc5d,digimontcg,디지몬 카드게임,2026-08,2026-08-02T14:42:23+09:00,known,e3e3e6672d5351ee1b4fd14e,64aeb6fdcc32fa2af245cc5d,470940,https://m.dcinside.com/board/digimontcg/470940,"듀엑(일반), 강태성페레 삽니다",seller-2a2c0830693e8aa071d708c9,그레이트다간g..,guest,var safe = window.dcAd && window.dcAd.safe ==,var safe = window.dcAd && window.dcAd.safe ==,var safe = (window.dcAd && window.dcAd.safe ==,,,buy,구매,1,1,10000,estimated,bundle,text,unknown,,active,excluded,needs_review,"가격 단위 추정, 복수 카드 가격, 배송비 포함 여부 미확정, 묶음·세트 총액 · 개별 카드 가격 아님, 스크립트·광고 문구로 추정되는 오염 행",estimated,no,no,var safe = (window.dcAd && window.dcAd.safe == 1)
64af3404ac29ba447243f07f,digimontcg,디지몬 카드게임,2026-08,2026-08-02T14:42:23+09:00,known,e3e3e6672d5351ee1b4fd14e,64af3404ac29ba447243f07f,470940,https://m.dcinside.com/board/digimontcg/470940,"듀엑(일반), 강태성페레 삽니다",seller-2a2c0830693e8aa071d708c9,그레이트다간g..,guest,loadScript ' t,loadScript ' t,loadScript('//t,,,buy,구매,1,,,missing,unknown,unknown,unknown,,active,excluded,needs_review,"가격 후보 재검토 필요, 가격 미기재, 스크립트·광고 문구로 추정되는 오염 행",missing,no,no,"loadScript('//t1.kakaocdn.net/kas/static/ba.min.js', true);"
6e5386e782e0c0e8e08fb756,digimontcg,디지몬 카드게임,2026-08,2026-08-02T14:42:23+09:00,known,6c356eb17ccb6ae65fa30dc9,6e5386e782e0c0e8e08fb756,470940,https://m.dcinside.com/board/digimontcg/470940,"듀엑(일반), 강태성페레 삽니다",seller-79730902e32dd5f92fcffd7b,그레이트다간g..,guest,듀엑,듀엑,듀엑,,,buy,구매,1,2.5,25000,estimated,per_card,text,unknown,,active,needs_review,needs_review,"가격 단위 추정, 배송비 포함 여부 미확정",estimated,yes,no,듀엑 2.5
6f3e93402fa36b656ee847b1,digimontcg,디지몬 카드게임,2026-08,2026-08-02T14:42:23+09:00,known,9e9c5d87ef20038346ffeec7,6f3e93402fa36b656ee847b1,470940,https://m.dcinside.com/board/digimontcg/470940,"듀엑(일반), 강태성페레 삽니다",seller-64ba0a0cf8020075d9aa7fee,그레이트다간g..,guest,DOM 삽입 헬퍼 현재 스크립트 위치 기준,DOM 삽입 헬퍼 현재 스크립트 위치 기준,// ---- DOM 삽입 헬퍼 (현재 스크립트 위치 기준,,,buy,구매,1,,,missing,unknown,unknown,unknown,,active,excluded,needs_review,"가격 후보 재검토 필요, 가격 미기재, 스크립트·광고 문구로 추정되는 오염 행",missing,no,no,// ---- DOM 삽입 헬퍼 (현재 스크립트 위치 기준1)
70b0a3c829e86c21c74a8743,digimontcg,디지몬 카드게임,2026-08,2026-08-02T14:42:23+09:00,known,6c356eb17ccb6ae65fa30dc9,70b0a3c829e86c21c74a8743,470940,https://m.dcinside.com/board/digimontcg/470940,"듀엑(일반), 강태성페레 삽니다",seller-79730902e32dd5f92fcffd7b,그레이트다간g..,guest,DOM 삽입 헬퍼 현재 스크립트 위치 기준,DOM 삽입 헬퍼 현재 스크립트 위치 기준,// ---- DOM 삽입 헬퍼 (현재 스크립트 위치 기준,,,buy,구매,1,,,missing,unknown,unknown,unknown,,active,excluded,needs_review,"가격 후보 재검토 필요, 가격 미기재, 스크립트·광고 문구로 추정되는 오염 행",missing,no,no,// ---- DOM 삽입 헬퍼 (현재 스크립트 위치 기준1)
79ddad0099f7659eb6b1bc30,digimontcg,디지몬 카드게임,2026-08,2026-08-02T14:42:23+09:00,known,9e9c5d87ef20038346ffeec7,79ddad0099f7659eb6b1bc30,470940,https://m.dcinside.com/board/digimontcg/470940,"듀엑(일반), 강태성페레 삽니다",seller-64ba0a0cf8020075d9aa7fee,그레이트다간g..,guest,듀엑,듀엑,듀엑,,,buy,구매,1,2.5,25000,estimated,per_card,text,unknown,,active,needs_review,needs_review,"가격 단위 추정, 배송비 포함 여부 미확정",estimated,yes,no,듀엑 2.5
7d61c1d201e1248e3d3da2fd,digimontcg,디지몬 카드게임,2026-08,2026-08-02T14:42:23+09:00,known,e3e3e6672d5351ee1b4fd14e,7d61c1d201e1248e3d3da2fd,470940,https://m.dcinside.com/board/digimontcg/470940,"듀엑(일반), 강태성페레 삽니다",seller-2a2c0830693e8aa071d708c9,그레이트다간g..,guest,loadScript 'https pagead,loadScript 'https pagead,loadScript('https://pagead,,,buy,구매,1,,,missing,unknown,unknown,unknown,,active,excluded,needs_review,"가격 후보 재검토 필요, 가격 미기재, 스크립트·광고 문구로 추정되는 오염 행",missing,no,no,"loadScript('https://pagead2.googlesyndication.com/pagead/js/adsbygoogle_direct.js?client=ca-pub-8171468792791627', true, 'anonymous');"
9a3f63381592dd4f45d95ddc,digimontcg,디지몬 카드게임,2026-08,2026-08-02T14:42:23+09:00,known,9e9c5d87ef20038346ffeec7,9a3f63381592dd4f45d95ddc,470940,https://m.dcinside.com/board/digimontcg/470940,"듀엑(일반), 강태성페레 삽니다",seller-64ba0a0cf8020075d9aa7fee,그레이트다간g..,guest,loadScript 'https pagead,loadScript 'https pagead,loadScript('https://pagead,,,buy,구매,1,,,missing,unknown,unknown,unknown,,active,excluded,needs_review,"가격 후보 재검토 필요, 가격 미기재, 스크립트·광고 문구로 추정되는 오염 행",missing,no,no,"loadScript('https://pagead2.googlesyndication.com/pagead/js/adsbygoogle_direct.js?client=ca-pub-8171468792791627', true, 'anonymous');"
b6bb67f562eec81f7f6485db,digimontcg,디지몬 카드게임,2026-08,2026-08-02T14:42:23+09:00,known,e3e3e6672d5351ee1b4fd14e,b6bb67f562eec81f7f6485db,470940,https://m.dcinside.com/board/digimontcg/470940,"듀엑(일반), 강태성페레 삽니다",seller-2a2c0830693e8aa071d708c9,그레이트다간g..,guest,DOM 삽입 헬퍼 현재 스크립트 위치 기준,DOM 삽입 헬퍼 현재 스크립트 위치 기준,// ---- DOM 삽입 헬퍼 (현재 스크립트 위치 기준,,,buy,구매,1,,,missing,unknown,unknown,unknown,,active,excluded,needs_review,"가격 후보 재검토 필요, 가격 미기재, 스크립트·광고 문구로 추정되는 오염 행",missing,no,no,// ---- DOM 삽입 헬퍼 (현재 스크립트 위치 기준1)
d5800018c91de32248191a1b,digimontcg,디지몬 카드게임,2026-08,2026-08-02T14:42:23+09:00,known,6c356eb17ccb6ae65fa30dc9,d5800018c91de32248191a1b,470940,https://m.dcinside.com/board/digimontcg/470940,"듀엑(일반), 강태성페레 삽니다",seller-79730902e32dd5f92fcffd7b,그레이트다간g..,guest,loadScript ' t,loadScript ' t,loadScript('//t,,,buy,구매,1,,,missing,unknown,unknown,unknown,,active,excluded,needs_review,"가격 후보 재검토 필요, 가격 미기재, 스크립트·광고 문구로 추정되는 오염 행",missing,no,no,"loadScript('//t1.kakaocdn.net/kas/static/ba.min.js', true);"
dfb7b78e24e7cb13395618d4,digimontcg,디지몬 카드게임,2026-08,2026-08-02T14:42:23+09:00,known,9e9c5d87ef20038346ffeec7,dfb7b78e24e7cb13395618d4,470940,https://m.dcinside.com/board/digimontcg/470940,"듀엑(일반), 강태성페레 삽니다",seller-64ba0a0cf8020075d9aa7fee,그레이트다간g..,guest,var safe = window.dcAd && window.dcAd.safe ==,var safe = window.dcAd && window.dcAd.safe ==,var safe = (window.dcAd && window.dcAd.safe ==,,,buy,구매,1,1,10000,estimated,bundle,text,unknown,,active,excluded,needs_review,"가격 단위 추정, 복수 카드 가격, 배송비 포함 여부 미확정, 묶음·세트 총액 · 개별 카드 가격 아님, 스크립트·광고 문구로 추정되는 오염 행",estimated,no,no,var safe = (window.dcAd && window.dcAd.safe == 1)
ed8c47bbaa5b7f3f6806cd1e,digimontcg,디지몬 카드게임,2026-08,2026-08-02T14:42:23+09:00,known,e3e3e6672d5351ee1b4fd14e,ed8c47bbaa5b7f3f6806cd1e,470940,https://m.dcinside.com/board/digimontcg/470940,"듀엑(일반), 강태성페레 삽니다",seller-2a2c0830693e8aa071d708c9,그레이트다간g..,guest,듀엑,듀엑,듀엑,,,buy,구매,1,2.5,25000,estimated,per_card,text,unknown,,active,needs_review,needs_review,"가격 단위 추정, 배송비 포함 여부 미확정",estimated,yes,no,듀엑 2.5
b5720f6e5c661cb8aae69d12,digimontcg,디지몬 카드게임,2026-08,2026-08-02T14:53:14+09:00,known,8b1d98c70aba8c186191efe1,b5720f6e5c661cb8aae69d12,470944,https://m.dcinside.com/board/digimontcg/470944,"BT19로드나이트몬X항체,EX9아날로그소년,메탈콩알몬 구해봅니다",seller-5ab8022a72fc3dd111a8b875,moon ri..,registered,BT19로드나이트몬X항체 페레로는,BT19로드나이트몬X항체 페레로는,BT19로드나이트몬X항체 장당 0.2 페레로는,,,buy,구매,3,1.5,15000,estimated,per_card,text,unknown,,active,needs_review,needs_review,"가격 단위 추정, 수량 표기 감지, 배송비 포함 여부 미확정",estimated,yes,no,BT19로드나이트몬X항체 장당 0.2 3장 페레로는 1.5
b82b34f7dbba707a29ca2b6d,digimontcg,디지몬 카드게임,2026-08,2026-08-02T14:53:14+09:00,known,73050ac0da9f9fc44442a18c,b82b34f7dbba707a29ca2b6d,470944,https://m.dcinside.com/board/digimontcg/470944,"BT19로드나이트몬X항체,EX9아날로그소년,메탈콩알몬 구해봅니다",seller-5ab8022a72fc3dd111a8b875,moon ri..,registered,BT19로드나이트몬X항체 페레로는,BT19로드나이트몬X항체 페레로는,BT19로드나이트몬X항체 장당 0.2 페레로는,,,buy,구매,3,1.5,15000,estimated,per_card,text,unknown,,active,needs_review,needs_review,"가격 단위 추정, 수량 표기 감지, 배송비 포함 여부 미확정",estimated,yes,no,BT19로드나이트몬X항체 장당 0.2 3장 페레로는 1.5
e95e3ba96255f1deff4591e9,digimontcg,디지몬 카드게임,2026-08,2026-08-02T14:53:14+09:00,known,1767ac8cf54295dfde6ea8ad,e95e3ba96255f1deff4591e9,470944,https://m.dcinside.com/board/digimontcg/470944,"BT19로드나이트몬X항체,EX9아날로그소년,메탈콩알몬 구해봅니다",seller-5ab8022a72fc3dd111a8b875,moon ri..,registered,BT19로드나이트몬X항체 페레로는,BT19로드나이트몬X항체 페레로는,BT19로드나이트몬X항체 장당 0.2 페레로는,,,buy,구매,3,1.5,15000,estimated,per_card,text,unknown,,active,needs_review,needs_review,"가격 단위 추정, 수량 표기 감지, 배송비 포함 여부 미확정",estimated,yes,no,BT19로드나이트몬X항체 장당 0.2 3장 페레로는 1.5
7de4c65147033faa302a17e1,digimontcg,디지몬 카드게임,2026-08,2026-08-02T19:40:14+09:00,known,bccd7724897ad2ddc27478d2,7de4c65147033faa302a17e1,471034,https://m.dcinside.com/board/digimontcg/471034,글판 알포스 완덱 구매합니다,seller-234be5ee2f25b82b747b74f0,사는길,guest,알포스 완덱 저레어로,알포스 완덱 저레어로,알포스 완덱 저레어로 10~,,,buy,구매,1,12,120000,estimated,bundle,text,unknown,,active,needs_review,needs_review,"가격 단위 추정, 배송비 포함 여부 미확정, 묶음·세트 총액 · 개별 카드 가격 아님",estimated,no,no,알포스 완덱 저레어로 10~12에 구매해 봅니다!
9cdf3b456a4dfeff9a4554c7,digimontcg,디지몬 카드게임,2026-08,2026-08-02T19:40:14+09:00,known,f1c74285b07d978f421f0299,9cdf3b456a4dfeff9a4554c7,471034,https://m.dcinside.com/board/digimontcg/471034,글판 알포스 완덱 구매합니다,seller-5de010acdcdb7d87bb304383,사는길,guest,알포스 완덱 저레어로,알포스 완덱 저레어로,알포스 완덱 저레어로 10~,,,buy,구매,1,12,120000,estimated,bundle,text,unknown,,active,needs_review,needs_review,"가격 단위 추정, 배송비 포함 여부 미확정, 묶음·세트 총액 · 개별 카드 가격 아님",estimated,no,no,알포스 완덱 저레어로 10~12에 구매해 봅니다!
9d12949f1cc3c5ede0fe66d1,digimontcg,디지몬 카드게임,2026-08,2026-08-02T19:40:14+09:00,known,9f1bfd7cdc83b3e589015ea7,9d12949f1cc3c5ede0fe66d1,471034,https://m.dcinside.com/board/digimontcg/471034,글판 알포스 완덱 구매합니다,seller-99dbfd2fed7b590ecd6531b3,사는길,guest,알포스 완덱 저레어로,알포스 완덱 저레어로,알포스 완덱 저레어로 10~,,,buy,구매,1,12,120000,estimated,bundle,text,unknown,,active,needs_review,needs_review,"가격 단위 추정, 배송비 포함 여부 미확정, 묶음·세트 총액 · 개별 카드 가격 아님",estimated,no,no,알포스 완덱 저레어로 10~12에 구매해 봅니다!
2f8fdafbcb0b2509ac6a30ea,digimontcg,디지몬 카드게임,2026-08,2026-08-02T20:14:30+09:00,known,e328551d3031af4c40c52623,2f8fdafbcb0b2509ac6a30ea,471052,https://m.dcinside.com/board/digimontcg/471052,LM 홍염2장 장당 0.9에 구합니다,seller-2c417fdce28b2ce4441e42a9,카미니트,registered,LM 홍염,LM 홍염,LM 홍염 장당,,,buy,구매,2,0.9,9000,estimated,per_card,text,unknown,,active,needs_review,needs_review,"가격 단위 추정, 수량 표기 감지, 배송비 포함 여부 미확정",estimated,yes,no,LM 홍염2장 장당 0.9에 구합니다
40be2cbc23cc87d6cbefd973,digimontcg,디지몬 카드게임,2026-08,2026-08-02T20:14:30+09:00,known,85f00263bf4f0c120c38161e,40be2cbc23cc87d6cbefd973,471052,https://m.dcinside.com/board/digimontcg/471052,LM 홍염2장 장당 0.9에 구합니다,seller-2c417fdce28b2ce4441e42a9,카미니트,registered,LM 홍염,LM 홍염,LM 홍염 장당,,,buy,구매,2,0.9,9000,estimated,per_card,text,unknown,,active,needs_review,needs_review,"가격 단위 추정, 수량 표기 감지, 배송비 포함 여부 미확정",estimated,yes,no,LM 홍염2장 장당 0.9에 구합니다
5c92b6f45006d7fe2b067c76,digimontcg,디지몬 카드게임,2026-08,2026-08-02T20:14:30+09:00,known,3fca7afd339870beb41ab767,5c92b6f45006d7fe2b067c76,471052,https://m.dcinside.com/board/digimontcg/471052,LM 홍염2장 장당 0.9에 구합니다,seller-2c417fdce28b2ce4441e42a9,카미니트,registered,LM 홍염,LM 홍염,LM 홍염 장당,,,buy,구매,2,0.9,9000,estimated,per_card,text,unknown,,active,needs_review,needs_review,"가격 단위 추정, 수량 표기 감지, 배송비 포함 여부 미확정",estimated,yes,no,LM 홍염2장 장당 0.9에 구합니다
05ce359f6f57ccb7cb020c6f,digimontcg,디지몬 카드게임,2026-08,2026-08-02T23:47:33+09:00,known,d631d27031c5c167de8f2c34,05ce359f6f57ccb7cb020c6f,471136,https://m.dcinside.com/board/digimontcg/471136,메탈시드라몬SP/제퍼가몬 SP/알파몬 왕룡검 SP 1장씩 구매합니다.,seller-e19f33982fdb5c6bc338ff52,길덕춘,guest,loadScript 'https pagead,loadScript 'https pagead,loadScript('https://pagead,,,buy,구매,1,,,missing,unknown,unknown,unknown,,active,excluded,needs_review,"가격 후보 재검토 필요, 가격 미기재, 스크립트·광고 문구로 추정되는 오염 행",missing,no,no,"loadScript('https://pagead2.googlesyndication.com/pagead/js/adsbygoogle_direct.js?client=ca-pub-8171468792791627', true, 'anonymous');"
0ed74fe0546f70b4e6902662,digimontcg,디지몬 카드게임,2026-08,2026-08-02T23:47:33+09:00,known,21eac1b22caa5a83c14b1a2d,0ed74fe0546f70b4e6902662,471136,https://m.dcinside.com/board/digimontcg/471136,메탈시드라몬SP/제퍼가몬 SP/알파몬 왕룡검 SP 1장씩 구매합니다.,seller-077caba785f3f4d5617cfffd,길덕춘,guest,var safe = window.dcAd && window.dcAd.safe ==,var safe = window.dcAd && window.dcAd.safe ==,var safe = (window.dcAd && window.dcAd.safe ==,,,buy,구매,1,1,10000,estimated,bundle,text,unknown,,active,excluded,needs_review,"가격 단위 추정, 복수 카드 가격, 배송비 포함 여부 미확정, 묶음·세트 총액 · 개별 카드 가격 아님, 스크립트·광고 문구로 추정되는 오염 행",estimated,no,no,var safe = (window.dcAd && window.dcAd.safe == 1)
427c96d3107d197b42fb2d11,digimontcg,디지몬 카드게임,2026-08,2026-08-02T23:47:33+09:00,known,d631d27031c5c167de8f2c34,427c96d3107d197b42fb2d11,471136,https://m.dcinside.com/board/digimontcg/471136,메탈시드라몬SP/제퍼가몬 SP/알파몬 왕룡검 SP 1장씩 구매합니다.,seller-e19f33982fdb5c6bc338ff52,길덕춘,guest,var safe = window.dcAd && window.dcAd.safe ==,var safe = window.dcAd && window.dcAd.safe ==,var safe = (window.dcAd && window.dcAd.safe ==,,,buy,구매,1,1,10000,estimated,bundle,text,unknown,,active,excluded,needs_review,"가격 단위 추정, 복수 카드 가격, 배송비 포함 여부 미확정, 묶음·세트 총액 · 개별 카드 가격 아님, 스크립트·광고 문구로 추정되는 오염 행",estimated,no,no,var safe = (window.dcAd && window.dcAd.safe == 1)
6d1aa15bca1a0ff90cae3aad,digimontcg,디지몬 카드게임,2026-08,2026-08-02T23:47:33+09:00,known,21eac1b22caa5a83c14b1a2d,6d1aa15bca1a0ff90cae3aad,471136,https://m.dcinside.com/board/digimontcg/471136,메탈시드라몬SP/제퍼가몬 SP/알파몬 왕룡검 SP 1장씩 구매합니다.,seller-077caba785f3f4d5617cfffd,길덕춘,guest,loadScript ' t,loadScript ' t,loadScript('//t,,,buy,구매,1,,,missing,unknown,unknown,unknown,,active,excluded,needs_review,"가격 후보 재검토 필요, 가격 미기재, 스크립트·광고 문구로 추정되는 오염 행",missing,no,no,"loadScript('//t1.kakaocdn.net/kas/static/ba.min.js', true);"
8e2d8a1369822d54cf51aa55,digimontcg,디지몬 카드게임,2026-08,2026-08-02T23:47:33+09:00,known,21eac1b22caa5a83c14b1a2d,8e2d8a1369822d54cf51aa55,471136,https://m.dcinside.com/board/digimontcg/471136,메탈시드라몬SP/제퍼가몬 SP/알파몬 왕룡검 SP 1장씩 구매합니다.,seller-077caba785f3f4d5617cfffd,길덕춘,guest,loadScript 'https pagead,loadScript 'https pagead,loadScript('https://pagead,,,buy,구매,1,,,missing,unknown,unknown,unknown,,active,excluded,needs_review,"가격 후보 재검토 필요, 가격 미기재, 스크립트·광고 문구로 추정되는 오염 행",missing,no,no,"loadScript('https://pagead2.googlesyndication.com/pagead/js/adsbygoogle_direct.js?client=ca-pub-8171468792791627', true, 'anonymous');"
a65b5fc4ff8409dfb2dedfac,digimontcg,디지몬 카드게임,2026-08,2026-08-02T23:47:33+09:00,known,21eac1b22caa5a83c14b1a2d,a65b5fc4ff8409dfb2dedfac,471136,https://m.dcinside.com/board/digimontcg/471136,메탈시드라몬SP/제퍼가몬 SP/알파몬 왕룡검 SP 1장씩 구매합니다.,seller-077caba785f3f4d5617cfffd,길덕춘,guest,DOM 삽입 헬퍼 현재 스크립트 위치 기준,DOM 삽입 헬퍼 현재 스크립트 위치 기준,// ---- DOM 삽입 헬퍼 (현재 스크립트 위치 기준,,,buy,구매,1,,,missing,unknown,unknown,unknown,,active,excluded,needs_review,"가격 후보 재검토 필요, 가격 미기재, 스크립트·광고 문구로 추정되는 오염 행",missing,no,no,// ---- DOM 삽입 헬퍼 (현재 스크립트 위치 기준1)
ad8520ba601bc629a8bbdf63,digimontcg,디지몬 카드게임,2026-08,2026-08-02T23:47:33+09:00,known,98b2cc1e675fca0b3c4f9bd2,ad8520ba601bc629a8bbdf63,471136,https://m.dcinside.com/board/digimontcg/471136,메탈시드라몬SP/제퍼가몬 SP/알파몬 왕룡검 SP 1장씩 구매합니다.,seller-fccbade25c91d0ae9e3abcf5,길덕춘,guest,var safe = window.dcAd && window.dcAd.safe ==,var safe = window.dcAd && window.dcAd.safe ==,var safe = (window.dcAd && window.dcAd.safe ==,,,buy,구매,1,1,10000,estimated,bundle,text,unknown,,active,excluded,needs_review,"가격 단위 추정, 복수 카드 가격, 배송비 포함 여부 미확정, 묶음·세트 총액 · 개별 카드 가격 아님, 스크립트·광고 문구로 추정되는 오염 행",estimated,no,no,var safe = (window.dcAd && window.dcAd.safe == 1)
c62a4e614f13db9435b75ba9,digimontcg,디지몬 카드게임,2026-08,2026-08-02T23:47:33+09:00,known,98b2cc1e675fca0b3c4f9bd2,c62a4e614f13db9435b75ba9,471136,https://m.dcinside.com/board/digimontcg/471136,메탈시드라몬SP/제퍼가몬 SP/알파몬 왕룡검 SP 1장씩 구매합니다.,seller-fccbade25c91d0ae9e3abcf5,길덕춘,guest,DOM 삽입 헬퍼 현재 스크립트 위치 기준,DOM 삽입 헬퍼 현재 스크립트 위치 기준,// ---- DOM 삽입 헬퍼 (현재 스크립트 위치 기준,,,buy,구매,1,,,missing,unknown,unknown,unknown,,active,excluded,needs_review,"가격 후보 재검토 필요, 가격 미기재, 스크립트·광고 문구로 추정되는 오염 행",missing,no,no,// ---- DOM 삽입 헬퍼 (현재 스크립트 위치 기준1)
c64b80693618799156f42196,digimontcg,디지몬 카드게임,2026-08,2026-08-02T23:47:33+09:00,known,98b2cc1e675fca0b3c4f9bd2,c64b80693618799156f42196,471136,https://m.dcinside.com/board/digimontcg/471136,메탈시드라몬SP/제퍼가몬 SP/알파몬 왕룡검 SP 1장씩 구매합니다.,seller-fccbade25c91d0ae9e3abcf5,길덕춘,guest,loadScript ' t,loadScript ' t,loadScript('//t,,,buy,구매,1,,,missing,unknown,unknown,unknown,,active,excluded,needs_review,"가격 후보 재검토 필요, 가격 미기재, 스크립트·광고 문구로 추정되는 오염 행",missing,no,no,"loadScript('//t1.kakaocdn.net/kas/static/ba.min.js', true);"
f4f658a9cee9aa682816baa5,digimontcg,디지몬 카드게임,2026-08,2026-08-02T23:47:33+09:00,known,d631d27031c5c167de8f2c34,f4f658a9cee9aa682816baa5,471136,https://m.dcinside.com/board/digimontcg/471136,메탈시드라몬SP/제퍼가몬 SP/알파몬 왕룡검 SP 1장씩 구매합니다.,seller-e19f33982fdb5c6bc338ff52,길덕춘,guest,DOM 삽입 헬퍼 현재 스크립트 위치 기준,DOM 삽입 헬퍼 현재 스크립트 위치 기준,// ---- DOM 삽입 헬퍼 (현재 스크립트 위치 기준,,,buy,구매,1,,,missing,unknown,unknown,unknown,,active,excluded,needs_review,"가격 후보 재검토 필요, 가격 미기재, 스크립트·광고 문구로 추정되는 오염 행",missing,no,no,// ---- DOM 삽입 헬퍼 (현재 스크립트 위치 기준1)
fd624e3976f852d49c39bde8,digimontcg,디지몬 카드게임,2026-08,2026-08-02T23:47:33+09:00,known,d631d27031c5c167de8f2c34,fd624e3976f852d49c39bde8,471136,https://m.dcinside.com/board/digimontcg/471136,메탈시드라몬SP/제퍼가몬 SP/알파몬 왕룡검 SP 1장씩 구매합니다.,seller-e19f33982fdb5c6bc338ff52,길덕춘,guest,loadScript ' t,loadScript ' t,loadScript('//t,,,buy,구매,1,,,missing,unknown,unknown,unknown,,active,excluded,needs_review,"가격 후보 재검토 필요, 가격 미기재, 스크립트·광고 문구로 추정되는 오염 행",missing,no,no,"loadScript('//t1.kakaocdn.net/kas/static/ba.min.js', true);"
fe0f47098b70cbf737da1d47,digimontcg,디지몬 카드게임,2026-08,2026-08-02T23:47:33+09:00,known,98b2cc1e675fca0b3c4f9bd2,fe0f47098b70cbf737da1d47,471136,https://m.dcinside.com/board/digimontcg/471136,메탈시드라몬SP/제퍼가몬 SP/알파몬 왕룡검 SP 1장씩 구매합니다.,seller-fccbade25c91d0ae9e3abcf5,길덕춘,guest,loadScript 'https pagead,loadScript 'https pagead,loadScript('https://pagead,,,buy,구매,1,,,missing,unknown,unknown,unknown,,active,excluded,needs_review,"가격 후보 재검토 필요, 가격 미기재, 스크립트·광고 문구로 추정되는 오염 행",missing,no,no,"loadScript('https://pagead2.googlesyndication.com/pagead/js/adsbygoogle_direct.js?client=ca-pub-8171468792791627', true, 'anonymous');"
11421ab89b8e4d2db17bda87,digimontcg,디지몬 카드게임,2026-08,2026-08-03T11:21:30+09:00,known,b9f0783899de50278c0ea18b,11421ab89b8e4d2db17bda87,471221,https://m.dcinside.com/board/digimontcg/471221,1탄 리키 발두르암 삽니다,seller-70b7ead1486ead835ab30eaf,키요오,guest,1탄 박프 리키 페레 각,1탄 박프 리키 페레 각,1탄 박프 리키 페레 각,,,buy,구매,2,0.5,5000,estimated,per_quantity,text,unknown,,active,needs_review,needs_review,"가격 단위 추정, 수량 표기 감지, 배송비 포함 여부 미확정, 복수 수량 총액 · 카드 1장 가격 아님",estimated,no,no,1탄 박프 리키 페레 2장 각 0.5
38fbaba8dded901d8440ef2c,digimontcg,디지몬 카드게임,2026-08,2026-08-03T11:21:30+09:00,known,ad5536558c8316b578f7cc51,38fbaba8dded901d8440ef2c,471221,https://m.dcinside.com/board/digimontcg/471221,1탄 리키 발두르암 삽니다,seller-fb9b69a731854e78afa1bfcb,키요오,guest,1탄 박프 리키 페레 각,1탄 박프 리키 페레 각,1탄 박프 리키 페레 각,,,buy,구매,2,0.5,5000,estimated,per_quantity,text,unknown,,active,needs_review,needs_review,"가격 단위 추정, 수량 표기 감지, 배송비 포함 여부 미확정, 복수 수량 총액 · 카드 1장 가격 아님",estimated,no,no,1탄 박프 리키 페레 2장 각 0.5
cad8b177edf5ee1eb46c5843,digimontcg,디지몬 카드게임,2026-08,2026-08-03T11:21:30+09:00,known,d502c946ae69601dbd80d9fe,cad8b177edf5ee1eb46c5843,471221,https://m.dcinside.com/board/digimontcg/471221,1탄 리키 발두르암 삽니다,seller-6d2377ef46fe2db853118c2c,키요오,guest,1탄 박프 리키 페레 각,1탄 박프 리키 페레 각,1탄 박프 리키 페레 각,,,buy,구매,2,0.5,5000,estimated,per_quantity,text,unknown,,active,needs_review,needs_review,"가격 단위 추정, 수량 표기 감지, 배송비 포함 여부 미확정, 복수 수량 총액 · 카드 1장 가격 아님",estimated,no,no,1탄 박프 리키 페레 2장 각 0.5
2d4c696df6cbc792084616e0,digimontcg,디지몬 카드게임,2026-08,2026-08-03T12:51:09+09:00,known,61428b69d5388fc98f5d6198,2d4c696df6cbc792084616e0,471255,https://m.dcinside.com/board/digimontcg/471255,제퍼가몬 ACE 희소 SP 1장 / 왕룡검 ACE SP 1장 구매합니다.,seller-6c0f5a7b998feba3e93b6a3b,길덕춘,guest,loadScript 'https pagead,loadScript 'https pagead,loadScript('https://pagead,,,buy,구매,1,,,missing,unknown,unknown,unknown,,active,excluded,needs_review,"가격 후보 재검토 필요, 가격 미기재, 스크립트·광고 문구로 추정되는 오염 행",missing,no,no,"loadScript('https://pagead2.googlesyndication.com/pagead/js/adsbygoogle_direct.js?client=ca-pub-8171468792791627', true, 'anonymous');"
3891e3a2d5b7aeacbd71cb2a,digimontcg,디지몬 카드게임,2026-08,2026-08-03T12:51:09+09:00,known,fc60010d97bd04e554f9e1a9,3891e3a2d5b7aeacbd71cb2a,471255,https://m.dcinside.com/board/digimontcg/471255,제퍼가몬 ACE 희소 SP 1장 / 왕룡검 ACE SP 1장 구매합니다.,seller-0b45c30490784663c90b1aec,길덕춘,guest,DOM 삽입 헬퍼 현재 스크립트 위치 기준,DOM 삽입 헬퍼 현재 스크립트 위치 기준,// ---- DOM 삽입 헬퍼 (현재 스크립트 위치 기준,,,buy,구매,1,,,missing,unknown,unknown,unknown,,active,excluded,needs_review,"가격 후보 재검토 필요, 가격 미기재, 스크립트·광고 문구로 추정되는 오염 행",missing,no,no,// ---- DOM 삽입 헬퍼 (현재 스크립트 위치 기준1)
51063fa5df5c994b2d769af5,digimontcg,디지몬 카드게임,2026-08,2026-08-03T12:51:09+09:00,known,fc60010d97bd04e554f9e1a9,51063fa5df5c994b2d769af5,471255,https://m.dcinside.com/board/digimontcg/471255,제퍼가몬 ACE 희소 SP 1장 / 왕룡검 ACE SP 1장 구매합니다.,seller-0b45c30490784663c90b1aec,길덕춘,guest,알파몬 왕룡검 ACE SP,알파몬 왕룡검 ACE SP,알파몬 왕룡검 ACE SP,,,buy,구매,1,33.0,330000,estimated,per_card,text,unknown,,active,needs_review,needs_review,"가격 단위 추정, 수량 표기 감지, 배송비 포함 여부 미확정",estimated,yes,no,알파몬 왕룡검 ACE SP 1장 33.0
5559aad604f88b6da238cc14,digimontcg,디지몬 카드게임,2026-08,2026-08-03T12:51:09+09:00,known,8635f303146876eb22c3e3a8,5559aad604f88b6da238cc14,471255,https://m.dcinside.com/board/digimontcg/471255,제퍼가몬 ACE 희소 SP 1장 / 왕룡검 ACE SP 1장 구매합니다.,seller-184980e47809110a5e9d883c,길덕춘,guest,알파몬 왕룡검 ACE SP,알파몬 왕룡검 ACE SP,알파몬 왕룡검 ACE SP,,,buy,구매,1,33.0,330000,estimated,per_card,text,unknown,,active,needs_review,needs_review,"가격 단위 추정, 수량 표기 감지, 배송비 포함 여부 미확정",estimated,yes,no,알파몬 왕룡검 ACE SP 1장 33.0
68f44fc3ba82c0a458ab3f22,digimontcg,디지몬 카드게임,2026-08,2026-08-03T12:51:09+09:00,known,fc60010d97bd04e554f9e1a9,68f44fc3ba82c0a458ab3f22,471255,https://m.dcinside.com/board/digimontcg/471255,제퍼가몬 ACE 희소 SP 1장 / 왕룡검 ACE SP 1장 구매합니다.,seller-0b45c30490784663c90b1aec,길덕춘,guest,var safe = window.dcAd && window.dcAd.safe ==,var safe = window.dcAd && window.dcAd.safe ==,var safe = (window.dcAd && window.dcAd.safe ==,,,buy,구매,1,1,10000,estimated,bundle,text,unknown,,active,excluded,needs_review,"가격 단위 추정, 복수 카드 가격, 배송비 포함 여부 미확정, 묶음·세트 총액 · 개별 카드 가격 아님, 스크립트·광고 문구로 추정되는 오염 행",estimated,no,no,var safe = (window.dcAd && window.dcAd.safe == 1)
8249df4c58451ec4282662fb,digimontcg,디지몬 카드게임,2026-08,2026-08-03T12:51:09+09:00,known,8635f303146876eb22c3e3a8,8249df4c58451ec4282662fb,471255,https://m.dcinside.com/board/digimontcg/471255,제퍼가몬 ACE 희소 SP 1장 / 왕룡검 ACE SP 1장 구매합니다.,seller-184980e47809110a5e9d883c,길덕춘,guest,제퍼가몬 ACE 희소 SP,제퍼가몬 ACE 희소 SP,제퍼가몬 ACE 희소 SP,,,buy,구매,1,6.0,60000,estimated,per_card,text,unknown,,active,needs_review,needs_review,"가격 단위 추정, 수량 표기 감지, 배송비 포함 여부 미확정",estimated,yes,no,제퍼가몬 ACE 희소 SP 1장 6.0
862e0e44225d03b3b0d77652,digimontcg,디지몬 카드게임,2026-08,2026-08-03T12:51:09+09:00,known,61428b69d5388fc98f5d6198,862e0e44225d03b3b0d77652,471255,https://m.dcinside.com/board/digimontcg/471255,제퍼가몬 ACE 희소 SP 1장 / 왕룡검 ACE SP 1장 구매합니다.,seller-6c0f5a7b998feba3e93b6a3b,길덕춘,guest,제퍼가몬 ACE 희소 SP,제퍼가몬 ACE 희소 SP,제퍼가몬 ACE 희소 SP,,,buy,구매,1,6.0,60000,estimated,per_card,text,unknown,,active,needs_review,needs_review,"가격 단위 추정, 수량 표기 감지, 배송비 포함 여부 미확정",estimated,yes,no,제퍼가몬 ACE 희소 SP 1장 6.0
8f81b65fe288e270330d661c,digimontcg,디지몬 카드게임,2026-08,2026-08-03T12:51:09+09:00,known,fc60010d97bd04e554f9e1a9,8f81b65fe288e270330d661c,471255,https://m.dcinside.com/board/digimontcg/471255,제퍼가몬 ACE 희소 SP 1장 / 왕룡검 ACE SP 1장 구매합니다.,seller-0b45c30490784663c90b1aec,길덕춘,guest,loadScript ' t,loadScript ' t,loadScript('//t,,,buy,구매,1,,,missing,unknown,unknown,unknown,,active,excluded,needs_review,"가격 후보 재검토 필요, 가격 미기재, 스크립트·광고 문구로 추정되는 오염 행",missing,no,no,"loadScript('//t1.kakaocdn.net/kas/static/ba.min.js', true);"
91c545b216d9c976cde9a019,digimontcg,디지몬 카드게임,2026-08,2026-08-03T12:51:09+09:00,known,8635f303146876eb22c3e3a8,91c545b216d9c976cde9a019,471255,https://m.dcinside.com/board/digimontcg/471255,제퍼가몬 ACE 희소 SP 1장 / 왕룡검 ACE SP 1장 구매합니다.,seller-184980e47809110a5e9d883c,길덕춘,guest,loadScript 'https pagead,loadScript 'https pagead,loadScript('https://pagead,,,buy,구매,1,,,missing,unknown,unknown,unknown,,active,excluded,needs_review,"가격 후보 재검토 필요, 가격 미기재, 스크립트·광고 문구로 추정되는 오염 행",missing,no,no,"loadScript('https://pagead2.googlesyndication.com/pagead/js/adsbygoogle_direct.js?client=ca-pub-8171468792791627', true, 'anonymous');"
9b1bbd269545cebca34a1810,digimontcg,디지몬 카드게임,2026-08,2026-08-03T12:51:09+09:00,known,61428b69d5388fc98f5d6198,9b1bbd269545cebca34a1810,471255,https://m.dcinside.com/board/digimontcg/471255,제퍼가몬 ACE 희소 SP 1장 / 왕룡검 ACE SP 1장 구매합니다.,seller-6c0f5a7b998feba3e93b6a3b,길덕춘,guest,DOM 삽입 헬퍼 현재 스크립트 위치 기준,DOM 삽입 헬퍼 현재 스크립트 위치 기준,// ---- DOM 삽입 헬퍼 (현재 스크립트 위치 기준,,,buy,구매,1,,,missing,unknown,unknown,unknown,,active,excluded,needs_review,"가격 후보 재검토 필요, 가격 미기재, 스크립트·광고 문구로 추정되는 오염 행",missing,no,no,// ---- DOM 삽입 헬퍼 (현재 스크립트 위치 기준1)
acd15cd4a751efea2969837c,digimontcg,디지몬 카드게임,2026-08,2026-08-03T12:51:09+09:00,known,61428b69d5388fc98f5d6198,acd15cd4a751efea2969837c,471255,https://m.dcinside.com/board/digimontcg/471255,제퍼가몬 ACE 희소 SP 1장 / 왕룡검 ACE SP 1장 구매합니다.,seller-6c0f5a7b998feba3e93b6a3b,길덕춘,guest,var safe = window.dcAd && window.dcAd.safe ==,var safe = window.dcAd && window.dcAd.safe ==,var safe = (window.dcAd && window.dcAd.safe ==,,,buy,구매,1,1,10000,estimated,bundle,text,unknown,,active,excluded,needs_review,"가격 단위 추정, 복수 카드 가격, 배송비 포함 여부 미확정, 묶음·세트 총액 · 개별 카드 가격 아님, 스크립트·광고 문구로 추정되는 오염 행",estimated,no,no,var safe = (window.dcAd && window.dcAd.safe == 1)
bbd8d0541cb9a056a344e555,digimontcg,디지몬 카드게임,2026-08,2026-08-03T12:51:09+09:00,known,8635f303146876eb22c3e3a8,bbd8d0541cb9a056a344e555,471255,https://m.dcinside.com/board/digimontcg/471255,제퍼가몬 ACE 희소 SP 1장 / 왕룡검 ACE SP 1장 구매합니다.,seller-184980e47809110a5e9d883c,길덕춘,guest,var safe = window.dcAd && window.dcAd.safe ==,var safe = window.dcAd && window.dcAd.safe ==,var safe = (window.dcAd && window.dcAd.safe ==,,,buy,구매,1,1,10000,estimated,bundle,text,unknown,,active,excluded,needs_review,"가격 단위 추정, 복수 카드 가격, 배송비 포함 여부 미확정, 묶음·세트 총액 · 개별 카드 가격 아님, 스크립트·광고 문구로 추정되는 오염 행",estimated,no,no,var safe = (window.dcAd && window.dcAd.safe == 1)
cc10361ed13c082dfe76ec95,digimontcg,디지몬 카드게임,2026-08,2026-08-03T12:51:09+09:00,known,8635f303146876eb22c3e3a8,cc10361ed13c082dfe76ec95,471255,https://m.dcinside.com/board/digimontcg/471255,제퍼가몬 ACE 희소 SP 1장 / 왕룡검 ACE SP 1장 구매합니다.,seller-184980e47809110a5e9d883c,길덕춘,guest,loadScript ' t,loadScript ' t,loadScript('//t,,,buy,구매,1,,,missing,unknown,unknown,unknown,,active,excluded,needs_review,"가격 후보 재검토 필요, 가격 미기재, 스크립트·광고 문구로 추정되는 오염 행",missing,no,no,"loadScript('//t1.kakaocdn.net/kas/static/ba.min.js', true);"
ce766b89e2adc506d23b3948,digimontcg,디지몬 카드게임,2026-08,2026-08-03T12:51:09+09:00,known,61428b69d5388fc98f5d6198,ce766b89e2adc506d23b3948,471255,https://m.dcinside.com/board/digimontcg/471255,제퍼가몬 ACE 희소 SP 1장 / 왕룡검 ACE SP 1장 구매합니다.,seller-6c0f5a7b998feba3e93b6a3b,길덕춘,guest,loadScript ' t,loadScript ' t,loadScript('//t,,,buy,구매,1,,,missing,unknown,unknown,unknown,,active,excluded,needs_review,"가격 후보 재검토 필요, 가격 미기재, 스크립트·광고 문구로 추정되는 오염 행",missing,no,no,"loadScript('//t1.kakaocdn.net/kas/static/ba.min.js', true);"
d3417cb868d977a05182e8e0,digimontcg,디지몬 카드게임,2026-08,2026-08-03T12:51:09+09:00,known,8635f303146876eb22c3e3a8,d3417cb868d977a05182e8e0,471255,https://m.dcinside.com/board/digimontcg/471255,제퍼가몬 ACE 희소 SP 1장 / 왕룡검 ACE SP 1장 구매합니다.,seller-184980e47809110a5e9d883c,길덕춘,guest,DOM 삽입 헬퍼 현재 스크립트 위치 기준,DOM 삽입 헬퍼 현재 스크립트 위치 기준,// ---- DOM 삽입 헬퍼 (현재 스크립트 위치 기준,,,buy,구매,1,,,missing,unknown,unknown,unknown,,active,excluded,needs_review,"가격 후보 재검토 필요, 가격 미기재, 스크립트·광고 문구로 추정되는 오염 행",missing,no,no,// ---- DOM 삽입 헬퍼 (현재 스크립트 위치 기준1)
e0484e4a5c6f1a710909d360,digimontcg,디지몬 카드게임,2026-08,2026-08-03T12:51:09+09:00,known,61428b69d5388fc98f5d6198,e0484e4a5c6f1a710909d360,471255,https://m.dcinside.com/board/digimontcg/471255,제퍼가몬 ACE 희소 SP 1장 / 왕룡검 ACE SP 1장 구매합니다.,seller-6c0f5a7b998feba3e93b6a3b,길덕춘,guest,알파몬 왕룡검 ACE SP,알파몬 왕룡검 ACE SP,알파몬 왕룡검 ACE SP,,,buy,구매,1,33.0,330000,estimated,per_card,text,unknown,,active,needs_review,needs_review,"가격 단위 추정, 수량 표기 감지, 배송비 포함 여부 미확정",estimated,yes,no,알파몬 왕룡검 ACE SP 1장 33.0
f9a29ed2c5a3b708218064cf,digimontcg,디지몬 카드게임,2026-08,2026-08-03T12:51:09+09:00,known,fc60010d97bd04e554f9e1a9,f9a29ed2c5a3b708218064cf,471255,https://m.dcinside.com/board/digimontcg/471255,제퍼가몬 ACE 희소 SP 1장 / 왕룡검 ACE SP 1장 구매합니다.,seller-0b45c30490784663c90b1aec,길덕춘,guest,제퍼가몬 ACE 희소 SP,제퍼가몬 ACE 희소 SP,제퍼가몬 ACE 희소 SP,,,buy,구매,1,6.0,60000,estimated,per_card,text,unknown,,active,needs_review,needs_review,"가격 단위 추정, 수량 표기 감지, 배송비 포함 여부 미확정",estimated,yes,no,제퍼가몬 ACE 희소 SP 1장 6.0
ffdeb6384fdedfde7dc89c2c,digimontcg,디지몬 카드게임,2026-08,2026-08-03T12:51:09+09:00,known,fc60010d97bd04e554f9e1a9,ffdeb6384fdedfde7dc89c2c,471255,https://m.dcinside.com/board/digimontcg/471255,제퍼가몬 ACE 희소 SP 1장 / 왕룡검 ACE SP 1장 구매합니다.,seller-0b45c30490784663c90b1aec,길덕춘,guest,loadScript 'https pagead,loadScript 'https pagead,loadScript('https://pagead,,,buy,구매,1,,,missing,unknown,unknown,unknown,,active,excluded,needs_review,"가격 후보 재검토 필요, 가격 미기재, 스크립트·광고 문구로 추정되는 오염 행",missing,no,no,"loadScript('https://pagead2.googlesyndication.com/pagead/js/adsbygoogle_direct.js?client=ca-pub-8171468792791627', true, 'anonymous');"
22248ef8377fd30ac5afb388,digimontcg,디지몬 카드게임,2026-08,2026-08-03T14:36:07+09:00,known,42dde4b78163500982b144e8,22248ef8377fd30ac5afb388,471306,https://m.dcinside.com/board/digimontcg/471306,웰컴테이머 릴리몬 삽니다,seller-2069241bc562ef10399fd39f,테이머,guest,웰컴테이머 릴리몬,웰컴테이머 릴리몬,웰컴테이머 릴리몬,,,buy,구매,1,,,missing,unknown,unknown,unknown,,active,needs_review,needs_review,"가격 후보 재검토 필요, 가격 미기재",missing,no,no,웰컴테이머 릴리몬 삽니다
37187cf5eba531a2de8f9b44,digimontcg,디지몬 카드게임,2026-08,2026-08-03T14:36:07+09:00,known,edef163b3fd3b5930b24cd26,37187cf5eba531a2de8f9b44,471306,https://m.dcinside.com/board/digimontcg/471306,웰컴테이머 릴리몬 삽니다,seller-d8a230ab8124cb09ae10c9b6,테이머,guest,웰컴테이머 릴리몬,웰컴테이머 릴리몬,웰컴테이머 릴리몬,,,buy,구매,1,,,missing,unknown,unknown,unknown,,active,needs_review,needs_review,"가격 후보 재검토 필요, 가격 미기재",missing,no,no,웰컴테이머 릴리몬 삽니다
bf81e7f8a0bb188783558d20,digimontcg,디지몬 카드게임,2026-08,2026-08-03T14:36:07+09:00,known,55fc89a7e8d8e8a49aef745a,bf81e7f8a0bb188783558d20,471306,https://m.dcinside.com/board/digimontcg/471306,웰컴테이머 릴리몬 삽니다,seller-8f0cd11a7e066d86d55bf147,테이머,guest,웰컴테이머 릴리몬,웰컴테이머 릴리몬,웰컴테이머 릴리몬,,,buy,구매,1,,,missing,unknown,unknown,unknown,,active,needs_review,needs_review,"가격 후보 재검토 필요, 가격 미기재",missing,no,no,웰컴테이머 릴리몬 삽니다
1af9f3be4ae7a5db8e43880d,digimontcg,디지몬 카드게임,2026-08,2026-08-03T15:12:37+09:00,known,3ef1db53379ce210802f9929,1af9f3be4ae7a5db8e43880d,471322,https://m.dcinside.com/board/digimontcg/471322,LM 홍염페레 2장 장당0.9에 구합니다.,seller-2c417fdce28b2ce4441e42a9,카미니트,registered,LM페레 홍염,LM페레 홍염,LM페레 홍염 장당,,,buy,구매,2,0.9,9000,estimated,per_card,text,unknown,,active,needs_review,needs_review,"가격 단위 추정, 수량 표기 감지, 배송비 포함 여부 미확정",estimated,yes,no,LM페레 홍염2장 장당 0.9에 구합니다
af81e3a69f03d8b3df2ed1e2,digimontcg,디지몬 카드게임,2026-08,2026-08-03T15:12:37+09:00,known,eb1a6a19fd9a861bfa641390,af81e3a69f03d8b3df2ed1e2,471322,https://m.dcinside.com/board/digimontcg/471322,LM 홍염페레 2장 장당0.9에 구합니다.,seller-2c417fdce28b2ce4441e42a9,카미니트,registered,LM페레 홍염,LM페레 홍염,LM페레 홍염 장당,,,buy,구매,2,0.9,9000,estimated,per_card,text,unknown,,active,needs_review,needs_review,"가격 단위 추정, 수량 표기 감지, 배송비 포함 여부 미확정",estimated,yes,no,LM페레 홍염2장 장당 0.9에 구합니다
db362d0fbda3d152a7ba6cc1,digimontcg,디지몬 카드게임,2026-08,2026-08-03T15:12:37+09:00,known,1fc1e46a77e1fd49f3b246a5,db362d0fbda3d152a7ba6cc1,471322,https://m.dcinside.com/board/digimontcg/471322,LM 홍염페레 2장 장당0.9에 구합니다.,seller-2c417fdce28b2ce4441e42a9,카미니트,registered,LM페레 홍염,LM페레 홍염,LM페레 홍염 장당,,,buy,구매,2,0.9,9000,estimated,per_card,text,unknown,,active,needs_review,needs_review,"가격 단위 추정, 수량 표기 감지, 배송비 포함 여부 미확정",estimated,yes,no,LM페레 홍염2장 장당 0.9에 구합니다
132f3288fa4389aa9ab5ef85,digimontcg,디지몬 카드게임,2026-08,2026-08-03T16:33:54+09:00,known,bf624ff5b424f551bd05a702,132f3288fa4389aa9ab5ef85,471353,https://m.dcinside.com/board/digimontcg/471353,메디벌 팔고 프로모듀크 삽니다,seller-15eaeb4ba6f830526ccc3668,암임,registered,ex8 메디벌 일반,ex8 메디벌 일반,ex8 메디벌 일반 장당,,,buy,구매,1,3.5,35000,estimated,per_card,text,unknown,,active,needs_review,needs_review,"가격 단위 추정, 배송비 포함 여부 미확정",estimated,yes,no,ex8 메디벌 일반 장당 3.5
59c23715f58914cc325fd713,digimontcg,디지몬 카드게임,2026-08,2026-08-03T16:33:54+09:00,known,58eb77987d6b76ab25bf8914,59c23715f58914cc325fd713,471353,https://m.dcinside.com/board/digimontcg/471353,메디벌 팔고 프로모듀크 삽니다,seller-15eaeb4ba6f830526ccc3668,암임,registered,ex8 메디벌 일반,ex8 메디벌 일반,ex8 메디벌 일반 장당,,,buy,구매,1,3.5,35000,estimated,per_card,text,unknown,,active,needs_review,needs_review,"가격 단위 추정, 배송비 포함 여부 미확정",estimated,yes,no,ex8 메디벌 일반 장당 3.5
65e96fa326690caf1f701301,digimontcg,디지몬 카드게임,2026-08,2026-08-03T16:33:54+09:00,known,7900adf27be9bcdff2959bf6,65e96fa326690caf1f701301,471353,https://m.dcinside.com/board/digimontcg/471353,메디벌 팔고 프로모듀크 삽니다,seller-15eaeb4ba6f830526ccc3668,암임,registered,프로모 듀크몬,프로모 듀크몬,프로모 듀크몬,,,buy,구매,1,1.8,18000,estimated,per_card,text,unknown,,active,needs_review,needs_review,"가격 단위 추정, 수량 표기 감지, 배송비 포함 여부 미확정",estimated,yes,no,프로모 듀크몬 1장 1.8
90dddb2e7ea2f633232ba6e5,digimontcg,디지몬 카드게임,2026-08,2026-08-03T16:33:54+09:00,known,bf624ff5b424f551bd05a702,90dddb2e7ea2f633232ba6e5,471353,https://m.dcinside.com/board/digimontcg/471353,메디벌 팔고 프로모듀크 삽니다,seller-15eaeb4ba6f830526ccc3668,암임,registered,프로모 듀크몬,프로모 듀크몬,프로모 듀크몬,,,buy,구매,1,1.8,18000,estimated,per_card,text,unknown,,active,needs_review,needs_review,"가격 단위 추정, 수량 표기 감지, 배송비 포함 여부 미확정",estimated,yes,no,프로모 듀크몬 1장 1.8
97581cd9eb6a7192f793edde,digimontcg,디지몬 카드게임,2026-08,2026-08-03T16:33:54+09:00,known,58eb77987d6b76ab25bf8914,97581cd9eb6a7192f793edde,471353,https://m.dcinside.com/board/digimontcg/471353,메디벌 팔고 프로모듀크 삽니다,seller-15eaeb4ba6f830526ccc3668,암임,registered,프로모 듀크몬,프로모 듀크몬,프로모 듀크몬,,,buy,구매,1,1.8,18000,estimated,per_card,text,unknown,,active,needs_review,needs_review,"가격 단위 추정, 수량 표기 감지, 배송비 포함 여부 미확정",estimated,yes,no,프로모 듀크몬 1장 1.8
e888c3d564c4ad543d640112,digimontcg,디지몬 카드게임,2026-08,2026-08-03T16:33:54+09:00,known,7900adf27be9bcdff2959bf6,e888c3d564c4ad543d640112,471353,https://m.dcinside.com/board/digimontcg/471353,메디벌 팔고 프로모듀크 삽니다,seller-15eaeb4ba6f830526ccc3668,암임,registered,ex8 메디벌 일반,ex8 메디벌 일반,ex8 메디벌 일반 장당,,,buy,구매,1,3.5,35000,estimated,per_card,text,unknown,,active,needs_review,needs_review,"가격 단위 추정, 배송비 포함 여부 미확정",estimated,yes,no,ex8 메디벌 일반 장당 3.5
28f8e5913eeed6cf28e1e9fb,digimontcg,디지몬 카드게임,2026-08,2026-08-03T16:56:31+09:00,known,e8806d65c4207cb64397f1b9,28f8e5913eeed6cf28e1e9fb,471361,https://m.dcinside.com/board/digimontcg/471361,샤크라몬 무녀모드 패레 1장 구합니다,seller-47ffcdc15dc85fce908d862d,마일도,registered,,,,,,buy,구매,1,1.0,10000,estimated,per_card,text,unknown,,active,needs_review,needs_review,"가격 단위 추정, 수량 표기 감지, 배송비 포함 여부 미확정, 카드명 확인 필요",estimated,yes,no,1장 1.0에 구합니다
547d17a6fc1515be5b321673,digimontcg,디지몬 카드게임,2026-08,2026-08-03T16:56:31+09:00,known,2355a25db7fa5bb4c2c94f58,547d17a6fc1515be5b321673,471361,https://m.dcinside.com/board/digimontcg/471361,샤크라몬 무녀모드 패레 1장 구합니다,seller-47ffcdc15dc85fce908d862d,마일도,registered,,,,,,buy,구매,1,1.0,10000,estimated,per_card,text,unknown,,active,needs_review,needs_review,"가격 단위 추정, 수량 표기 감지, 배송비 포함 여부 미확정, 카드명 확인 필요",estimated,yes,no,1장 1.0에 구합니다
facea04b10cb517d706f2213,digimontcg,디지몬 카드게임,2026-08,2026-08-03T16:56:31+09:00,known,be306308ea077c066911b64b,facea04b10cb517d706f2213,471361,https://m.dcinside.com/board/digimontcg/471361,샤크라몬 무녀모드 패레 1장 구합니다,seller-47ffcdc15dc85fce908d862d,마일도,registered,,,,,,buy,구매,1,1.0,10000,estimated,per_card,text,unknown,,active,needs_review,needs_review,"가격 단위 추정, 수량 표기 감지, 배송비 포함 여부 미확정, 카드명 확인 필요",estimated,yes,no,1장 1.0에 구합니다
2792a3e880e7f98f473dcac7,digimontcg,디지몬 카드게임,2026-08,2026-08-03T23:31:52+09:00,known,6da4fbce6c64a1aeef364e7d,2792a3e880e7f98f473dcac7,471500,https://m.dcinside.com/board/digimontcg/471500,감마몬 일판 소스 구합니다,seller-c2cb2959ba3158c0359324f4,브이마루,registered,이렇게 해서,이렇게 해서,이렇게 해서,,,buy,구매,1,3.0,30000,estimated,per_card,text,unknown,,active,needs_review,needs_review,"가격 단위 추정, 배송비 포함 여부 미확정",estimated,yes,no,이렇게 해서 3.0에 구할려고 하는데 너무 싸게 구하는거면 말해주삼
38dba2e61a482c26b54a3908,digimontcg,디지몬 카드게임,2026-08,2026-08-03T23:31:52+09:00,known,c2b091ee282142a5999656c8,38dba2e61a482c26b54a3908,471500,https://m.dcinside.com/board/digimontcg/471500,감마몬 일판 소스 구합니다,seller-c2cb2959ba3158c0359324f4,브이마루,registered,이렇게 해서,이렇게 해서,이렇게 해서,,,buy,구매,1,3.0,30000,estimated,per_card,text,unknown,,active,needs_review,needs_review,"가격 단위 추정, 배송비 포함 여부 미확정",estimated,yes,no,이렇게 해서 3.0에 구할려고 하는데 너무 싸게 구하는거면 말해주삼
4a58a514d3c1ba6b6a9b4f3c,digimontcg,디지몬 카드게임,2026-08,2026-08-03T23:31:52+09:00,known,31ca34ce8cb5dfc034759cbf,4a58a514d3c1ba6b6a9b4f3c,471500,https://m.dcinside.com/board/digimontcg/471500,감마몬 일판 소스 구합니다,seller-c2cb2959ba3158c0359324f4,브이마루,registered,이렇게 해서,이렇게 해서,이렇게 해서,,,buy,구매,1,3.0,30000,estimated,per_card,text,unknown,,active,needs_review,needs_review,"가격 단위 추정, 배송비 포함 여부 미확정",estimated,yes,no,이렇게 해서 3.0에 구할려고 하는데 너무 싸게 구하는거면 말해주삼
0f7c4de476617dcddcacfdd8,digimontcg,디지몬 카드게임,2026-08,2026-08-04T11:46:04+09:00,known,5088782812508430ea973bd5,0f7c4de476617dcddcacfdd8,471601,https://m.dcinside.com/board/digimontcg/471601,교류회 릴리몬 삽니다,seller-bf044a46dabe4c155abf1be0,테이머,guest,제발 팔아주세요,제발 팔아주세요,제발 팔아주세요,,,buy,구매,1,2,20000,estimated,per_card,text,unknown,,active,needs_review,needs_review,배송비 포함 여부 미확정,estimated,yes,no,제발 팔아주세요 2만
d8916f779b0036808d15a956,digimontcg,디지몬 카드게임,2026-08,2026-08-04T11:46:04+09:00,known,6b5884649282197f9dc226f6,d8916f779b0036808d15a956,471601,https://m.dcinside.com/board/digimontcg/471601,교류회 릴리몬 삽니다,seller-635939b1edb286bbb2a8a873,테이머,guest,제발 팔아주세요,제발 팔아주세요,제발 팔아주세요,,,buy,구매,1,2,20000,estimated,per_card,text,unknown,,active,needs_review,needs_review,배송비 포함 여부 미확정,estimated,yes,no,제발 팔아주세요 2만
e8aeec2695d289d6545b35f3,digimontcg,디지몬 카드게임,2026-08,2026-08-04T11:46:04+09:00,known,70b4e1e1298a97071005bf77,e8aeec2695d289d6545b35f3,471601,https://m.dcinside.com/board/digimontcg/471601,교류회 릴리몬 삽니다,seller-62d9408d4cc29822d0928f01,테이머,guest,제발 팔아주세요,제발 팔아주세요,제발 팔아주세요,,,buy,구매,1,2,20000,estimated,per_card,text,unknown,,active,needs_review,needs_review,배송비 포함 여부 미확정,estimated,yes,no,제발 팔아주세요 2만
14e6e41ec99036f1e545f6f7,digimontcg,디지몬 카드게임,2026-08,2026-08-04T12:01:31+09:00,known,fedbd7e9c735acaec31e8594,14e6e41ec99036f1e545f6f7,471605,https://m.dcinside.com/board/digimontcg/471605,알파몬 왕룡검 SP 1장 구매합니다.,seller-411a6ddac2dc9c06a493fa34,길덕춘,guest,알파몬 왕룡검 SP,알파몬 왕룡검 SP,알파몬 왕룡검 SP,,,buy,구매,1,35,350000,estimated,per_card,text,unknown,,active,needs_review,needs_review,"가격 단위 추정, 수량 표기 감지, 배송비 포함 여부 미확정",estimated,yes,no,알파몬 왕룡검 SP 1장 35 구매합니다.
c864517798bf59ea32c7a05f,digimontcg,디지몬 카드게임,2026-08,2026-08-04T12:01:31+09:00,known,0758699fa4bda2a65868f173,c864517798bf59ea32c7a05f,471605,https://m.dcinside.com/board/digimontcg/471605,알파몬 왕룡검 SP 1장 구매합니다.,seller-63302315d392de8b1dcc1a3c,길덕춘,guest,알파몬 왕룡검 SP,알파몬 왕룡검 SP,알파몬 왕룡검 SP,,,buy,구매,1,35,350000,estimated,per_card,text,unknown,,active,needs_review,needs_review,"가격 단위 추정, 수량 표기 감지, 배송비 포함 여부 미확정",estimated,yes,no,알파몬 왕룡검 SP 1장 35 구매합니다.
fea04b7cb92728d0f2dc65e9,digimontcg,디지몬 카드게임,2026-08,2026-08-04T12:01:31+09:00,known,7ad3f05d05a3c8987d5819d0,fea04b7cb92728d0f2dc65e9,471605,https://m.dcinside.com/board/digimontcg/471605,알파몬 왕룡검 SP 1장 구매합니다.,seller-b9a9c97cf36a8c86ec0a3ce6,길덕춘,guest,알파몬 왕룡검 SP,알파몬 왕룡검 SP,알파몬 왕룡검 SP,,,buy,구매,1,35,350000,estimated,per_card,text,unknown,,active,needs_review,needs_review,"가격 단위 추정, 수량 표기 감지, 배송비 포함 여부 미확정",estimated,yes,no,알파몬 왕룡검 SP 1장 35 구매합니다.
07a5c94fef52803b7c7910a4,digimontcg,디지몬 카드게임,2026-08,2026-08-04T14:35:26+09:00,known,80b8eab6cdb449ba85407951,07a5c94fef52803b7c7910a4,471646,https://m.dcinside.com/board/digimontcg/471646,아바도몬덱 삽니다.,seller-e57573c18edc732c7c205e23,Ziller,guest,메디벌 포함,메디벌 포함,메디벌 포함.,,,buy,구매,2,8,80000,estimated,per_quantity,text,unknown,,active,needs_review,needs_review,"가격 단위 추정, 수량 표기 감지, 배송비 포함 여부 미확정, 복수 수량 총액 · 카드 1장 가격 아님",estimated,no,no,메디벌 2장 포함. 8에 구해봅니다!
786f82594bfb402fb18e1b75,digimontcg,디지몬 카드게임,2026-08,2026-08-04T14:35:26+09:00,known,37d30632c330717504c37734,786f82594bfb402fb18e1b75,471646,https://m.dcinside.com/board/digimontcg/471646,아바도몬덱 삽니다.,seller-55afe177398769d91f01dabd,Ziller,guest,메디벌 포함,메디벌 포함,메디벌 포함.,,,buy,구매,2,8,80000,estimated,per_quantity,text,unknown,,active,needs_review,needs_review,"가격 단위 추정, 수량 표기 감지, 배송비 포함 여부 미확정, 복수 수량 총액 · 카드 1장 가격 아님",estimated,no,no,메디벌 2장 포함. 8에 구해봅니다!
a5f2a9d21202f6a9608c2ce7,digimontcg,디지몬 카드게임,2026-08,2026-08-04T14:35:26+09:00,known,7682ac77e01540e080e1ea36,a5f2a9d21202f6a9608c2ce7,471646,https://m.dcinside.com/board/digimontcg/471646,아바도몬덱 삽니다.,seller-7925b777c01c60cc814980ef,Ziller,guest,메디벌 포함,메디벌 포함,메디벌 포함.,,,buy,구매,2,8,80000,estimated,per_quantity,text,unknown,,active,needs_review,needs_review,"가격 단위 추정, 수량 표기 감지, 배송비 포함 여부 미확정, 복수 수량 총액 · 카드 1장 가격 아님",estimated,no,no,메디벌 2장 포함. 8에 구해봅니다!
6f549bdac2dc1e51d35bc39a,digimontcg,디지몬 카드게임,2026-08,2026-08-04T21:39:25+09:00,known,0e15895c0f770a37bbd30ea3,6f549bdac2dc1e51d35bc39a,471884,https://m.dcinside.com/board/digimontcg/471884,홍염 lm페레로 2장 구합니다,seller-2c417fdce28b2ce4441e42a9,카미니트,registered,,장당,장당,,,buy,구매,1,0.9,9000,estimated,per_card,text,unknown,,active,excluded,needs_review,"가격 단위 추정, 배송비 포함 여부 미확정, 스크립트·광고 문구로 추정되는 오염 행",estimated,yes,no,장당 0.9에 2장까지 준등기로 구해봅니다.
bd3fed4a40dbb3df8bbbf477,digimontcg,디지몬 카드게임,2026-08,2026-08-04T21:39:25+09:00,known,4980ef6dcf5477d7b0e4ac04,bd3fed4a40dbb3df8bbbf477,471884,https://m.dcinside.com/board/digimontcg/471884,홍염 lm페레로 2장 구합니다,seller-2c417fdce28b2ce4441e42a9,카미니트,registered,,장당,장당,,,buy,구매,1,0.9,9000,estimated,per_card,text,unknown,,active,excluded,needs_review,"가격 단위 추정, 배송비 포함 여부 미확정, 스크립트·광고 문구로 추정되는 오염 행",estimated,yes,no,장당 0.9에 2장까지 준등기로 구해봅니다.
d938670d39aa7a92503299cf,digimontcg,디지몬 카드게임,2026-08,2026-08-04T21:39:25+09:00,known,92ad4da2693b0682e265980b,d938670d39aa7a92503299cf,471884,https://m.dcinside.com/board/digimontcg/471884,홍염 lm페레로 2장 구합니다,seller-2c417fdce28b2ce4441e42a9,카미니트,registered,,장당,장당,,,buy,구매,1,0.9,9000,estimated,per_card,text,unknown,,active,excluded,needs_review,"가격 단위 추정, 배송비 포함 여부 미확정, 스크립트·광고 문구로 추정되는 오염 행",estimated,yes,no,장당 0.9에 2장까지 준등기로 구해봅니다.
03ad68cbbc90e3b258622963,digimontcg,디지몬 카드게임,2026-08,2026-08-04T22:22:55+09:00,known,20ad3a93a49eb56051e8a09d,03ad68cbbc90e3b258622963,471911,https://m.dcinside.com/board/digimontcg/471911,테배 자기기 4장 삽니다,seller-c5031755cfe7893761a74aab,ㅇㅇ,guest,,준등포,준등포,,,buy,구매,4,2.2,22000,estimated,per_quantity,text,unknown,,active,excluded,needs_review,"가격 단위 추정, 수량 표기 감지, 배송비 포함 여부 미확정, 복수 수량 총액 · 카드 1장 가격 아님, 스크립트·광고 문구로 추정되는 오염 행",estimated,no,no,4장 준등포 2.2에 삽니다
11a365126a040e74b94e3c15,digimontcg,디지몬 카드게임,2026-08,2026-08-04T22:22:55+09:00,known,28efb63dfeb976aa4b5a6784,11a365126a040e74b94e3c15,471911,https://m.dcinside.com/board/digimontcg/471911,테배 자기기 4장 삽니다,seller-40a16f7486e94b81a981dfba,ㅇㅇ,guest,,준등포,준등포,,,buy,구매,4,2.2,22000,estimated,per_quantity,text,unknown,,active,excluded,needs_review,"가격 단위 추정, 수량 표기 감지, 배송비 포함 여부 미확정, 복수 수량 총액 · 카드 1장 가격 아님, 스크립트·광고 문구로 추정되는 오염 행",estimated,no,no,4장 준등포 2.2에 삽니다
6b53697eb3db487af8bf85f5,digimontcg,디지몬 카드게임,2026-08,2026-08-04T22:22:55+09:00,known,ebc7245374c6bc07a8410769,6b53697eb3db487af8bf85f5,471911,https://m.dcinside.com/board/digimontcg/471911,테배 자기기 4장 삽니다,seller-f555f7ef1e25f23e09b8d81a,ㅇㅇ,guest,,준등포,준등포,,,buy,구매,4,2.2,22000,estimated,per_quantity,text,unknown,,active,excluded,needs_review,"가격 단위 추정, 수량 표기 감지, 배송비 포함 여부 미확정, 복수 수량 총액 · 카드 1장 가격 아님, 스크립트·광고 문구로 추정되는 오염 행",estimated,no,no,4장 준등포 2.2에 삽니다
91e85489627599f13f1f1c0b,digimontcg,디지몬 카드게임,2026-08,2026-08-04T22:38:06+09:00,known,d6d4775dea6b03e7cb83367d,91e85489627599f13f1f1c0b,471919,https://m.dcinside.com/board/digimontcg/471919,프로모 아그니몬 1장 삽니다,seller-5f4910af2c269aa2fcb36af8,sp2,guest,프로모 아그니몬,프로모 아그니몬,프로모 아그니몬,,,buy,구매,1,0.6,6000,estimated,per_card,text,unknown,,active,needs_review,needs_review,"가격 단위 추정, 수량 표기 감지, 배송비 포함 여부 미확정",estimated,yes,no,프로모 아그니몬 1장 0.6으로 구매합니다.
968b14ed0c7e58fb95be3d33,digimontcg,디지몬 카드게임,2026-08,2026-08-04T22:38:06+09:00,known,f023d0999af3758abe618707,968b14ed0c7e58fb95be3d33,471919,https://m.dcinside.com/board/digimontcg/471919,프로모 아그니몬 1장 삽니다,seller-a9343ee5d25e2bd0f18200b3,sp2,guest,프로모 아그니몬,프로모 아그니몬,프로모 아그니몬,,,buy,구매,1,0.6,6000,estimated,per_card,text,unknown,,active,needs_review,needs_review,"가격 단위 추정, 수량 표기 감지, 배송비 포함 여부 미확정",estimated,yes,no,프로모 아그니몬 1장 0.6으로 구매합니다.
e62d78644be962ef413f27e3,digimontcg,디지몬 카드게임,2026-08,2026-08-04T22:38:06+09:00,known,6a7aefbe52f779e9b4d8bb3e,e62d78644be962ef413f27e3,471919,https://m.dcinside.com/board/digimontcg/471919,프로모 아그니몬 1장 삽니다,seller-52d890c1abec51f3d794aed8,sp2,guest,프로모 아그니몬,프로모 아그니몬,프로모 아그니몬,,,buy,구매,1,0.6,6000,estimated,per_card,text,unknown,,active,needs_review,needs_review,"가격 단위 추정, 수량 표기 감지, 배송비 포함 여부 미확정",estimated,yes,no,프로모 아그니몬 1장 0.6으로 구매합니다.
2dcaaeb10243080a95551e27,digimontcg,디지몬 카드게임,2026-08,2026-08-05T00:40:22+09:00,known,589eb106da53a58284df2eb4,2dcaaeb10243080a95551e27,471988,https://m.dcinside.com/board/digimontcg/471988,"EX9 퍼그몬, 데블드라몬 LM삽니다",seller-1f527b3cd58e3dec032d2226,ㅇㅇ,guest,,장당,장당,,,buy,구매,1,0.2,2000,estimated,per_card,text,unknown,,active,excluded,needs_review,"가격 단위 추정, 배송비 포함 여부 미확정, 스크립트·광고 문구로 추정되는 오염 행",estimated,yes,no,장당 0.2
4b64134a8c028591b764db82,digimontcg,디지몬 카드게임,2026-08,2026-08-05T00:40:22+09:00,known,4cc816b5f37175db46cfcba4,4b64134a8c028591b764db82,471988,https://m.dcinside.com/board/digimontcg/471988,"EX9 퍼그몬, 데블드라몬 LM삽니다",seller-8d9ad746168fe4cdc3e4c775,ㅇㅇ,guest,,장당,장당,,,buy,구매,1,0.2,2000,estimated,per_card,text,unknown,,active,excluded,needs_review,"가격 단위 추정, 배송비 포함 여부 미확정, 스크립트·광고 문구로 추정되는 오염 행",estimated,yes,no,장당 0.2
f07fb8f2e6a7f81ceb86b962,digimontcg,디지몬 카드게임,2026-08,2026-08-05T00:40:22+09:00,known,180fdd5445e38e68f3611479,f07fb8f2e6a7f81ceb86b962,471988,https://m.dcinside.com/board/digimontcg/471988,"EX9 퍼그몬, 데블드라몬 LM삽니다",seller-8523ca5c6fe9f334ec28b2d4,ㅇㅇ,guest,,장당,장당,,,buy,구매,1,0.2,2000,estimated,per_card,text,unknown,,active,excluded,needs_review,"가격 단위 추정, 배송비 포함 여부 미확정, 스크립트·광고 문구로 추정되는 오염 행",estimated,yes,no,장당 0.2
09b0e3df36f18d6098198d1a,digimontcg,디지몬 카드게임,2026-08,2026-08-05T09:27:24+09:00,known,8479c0388109468f50fa7b9d,09b0e3df36f18d6098198d1a,472027,https://m.dcinside.com/board/digimontcg/472027,18탄카드 산다이몬,seller-df158627fcc6b8c641b5136c,ㅇㅇ,guest,카이젤그레이몬 페레,카이젤그레이몬 페레,카이젤그레이몬 페레,,,buy,구매,1,0.7,7000,estimated,per_card,text,unknown,,active,needs_review,needs_review,"가격 단위 추정, 수량 표기 감지, 배송비 포함 여부 미확정",estimated,yes,no,카이젤그레이몬 페레 1장 0.7
37ed1ad430a88414ccb2573f,digimontcg,디지몬 카드게임,2026-08,2026-08-05T09:27:24+09:00,known,462fbbc87bacd5286646641e,37ed1ad430a88414ccb2573f,472027,https://m.dcinside.com/board/digimontcg/472027,18탄카드 산다이몬,seller-a17cf7a8ae8f33d8ff1adf8b,ㅇㅇ,guest,스사 ace 페레,스사 ace 페레,스사 ace 페레,,,buy,구매,1,1.0,10000,estimated,per_card,text,unknown,,active,needs_review,needs_review,"가격 단위 추정, 수량 표기 감지, 배송비 포함 여부 미확정",estimated,yes,no,스사 ace 페레 1장 1.0
57ec0d0456c6234014270b8d,digimontcg,디지몬 카드게임,2026-08,2026-08-05T09:27:24+09:00,known,462fbbc87bacd5286646641e,57ec0d0456c6234014270b8d,472027,https://m.dcinside.com/board/digimontcg/472027,18탄카드 산다이몬,seller-a17cf7a8ae8f33d8ff1adf8b,ㅇㅇ,guest,카이젤그레이몬 페레,카이젤그레이몬 페레,카이젤그레이몬 페레,,,buy,구매,1,0.7,7000,estimated,per_card,text,unknown,,active,needs_review,needs_review,"가격 단위 추정, 수량 표기 감지, 배송비 포함 여부 미확정",estimated,yes,no,카이젤그레이몬 페레 1장 0.7
70cf088c9b991958c66bd9aa,digimontcg,디지몬 카드게임,2026-08,2026-08-05T09:27:24+09:00,known,8e74dcc644e088462d4c57bd,70cf088c9b991958c66bd9aa,472027,https://m.dcinside.com/board/digimontcg/472027,18탄카드 산다이몬,seller-63d55613be2be205068dfda2,ㅇㅇ,guest,카이젤그레이몬 페레,카이젤그레이몬 페레,카이젤그레이몬 페레,,,buy,구매,1,0.7,7000,estimated,per_card,text,unknown,,active,needs_review,needs_review,"가격 단위 추정, 수량 표기 감지, 배송비 포함 여부 미확정",estimated,yes,no,카이젤그레이몬 페레 1장 0.7
7898c62a9d801b1def687644,digimontcg,디지몬 카드게임,2026-08,2026-08-05T09:27:24+09:00,known,8479c0388109468f50fa7b9d,7898c62a9d801b1def687644,472027,https://m.dcinside.com/board/digimontcg/472027,18탄카드 산다이몬,seller-df158627fcc6b8c641b5136c,ㅇㅇ,guest,스사 ace 페레,스사 ace 페레,스사 ace 페레,,,buy,구매,1,1.0,10000,estimated,per_card,text,unknown,,active,needs_review,needs_review,"가격 단위 추정, 수량 표기 감지, 배송비 포함 여부 미확정",estimated,yes,no,스사 ace 페레 1장 1.0
7b0edc966d023befb80c1b50,digimontcg,디지몬 카드게임,2026-08,2026-08-05T09:27:24+09:00,known,8e74dcc644e088462d4c57bd,7b0edc966d023befb80c1b50,472027,https://m.dcinside.com/board/digimontcg/472027,18탄카드 산다이몬,seller-63d55613be2be205068dfda2,ㅇㅇ,guest,스사 ace 페레,스사 ace 페레,스사 ace 페레,,,buy,구매,1,1.0,10000,estimated,per_card,text,unknown,,active,needs_review,needs_review,"가격 단위 추정, 수량 표기 감지, 배송비 포함 여부 미확정",estimated,yes,no,스사 ace 페레 1장 1.0
59841531f7ead96c50cb14f0,digimontcg,디지몬 카드게임,2026-08,2026-08-05T11:30:28+09:00,known,c8c68820497102d5c27175de,59841531f7ead96c50cb14f0,472062,https://m.dcinside.com/board/digimontcg/472062,아바도몬 구합니다,seller-ba396608c50263fa5f3e3301,뉴비,guest,아바도몬,아바도몬,아바도몬 장당,,,buy,구매,1,0.3,3000,estimated,per_card,text,unknown,,active,needs_review,needs_review,"가격 단위 추정, 배송비 포함 여부 미확정",estimated,yes,no,아바도몬 장당 0.3으로 4장 구해봅니다
974a92978aa194e1607bc9d0,digimontcg,디지몬 카드게임,2026-08,2026-08-05T11:30:28+09:00,known,edfebd30a840d6bdd298b94d,974a92978aa194e1607bc9d0,472062,https://m.dcinside.com/board/digimontcg/472062,아바도몬 구합니다,seller-7d62cff73c0ef98c3b5765cb,뉴비,guest,아바도몬,아바도몬,아바도몬 장당,,,buy,구매,1,0.3,3000,estimated,per_card,text,unknown,,active,needs_review,needs_review,"가격 단위 추정, 배송비 포함 여부 미확정",estimated,yes,no,아바도몬 장당 0.3으로 4장 구해봅니다
af6c2b97bcb2711fc345db66,digimontcg,디지몬 카드게임,2026-08,2026-08-05T11:30:28+09:00,known,d4a91b63c91a056a0ba1ead5,af6c2b97bcb2711fc345db66,472062,https://m.dcinside.com/board/digimontcg/472062,아바도몬 구합니다,seller-5924bf3735acff530a4da7e3,뉴비,guest,아바도몬,아바도몬,아바도몬 장당,,,buy,구매,1,0.3,3000,estimated,per_card,text,unknown,,active,needs_review,needs_review,"가격 단위 추정, 배송비 포함 여부 미확정",estimated,yes,no,아바도몬 장당 0.3으로 4장 구해봅니다
5c29f6622a93fe377ed67f9a,digimontcg,디지몬 카드게임,2026-08,2026-08-05T14:45:44+09:00,known,84b14bbbcc565daa2b2a05ce,5c29f6622a93fe377ed67f9a,472135,https://m.dcinside.com/board/digimontcg/472135,교류회 릴리몬 구해요,seller-f3eb0896f76ead429cceca46,테이머,guest,교류회 릴리몬,교류회 릴리몬,교류회 릴리몬,,,buy,구매,1,,,missing,unknown,unknown,unknown,,active,needs_review,needs_review,"가격 후보 재검토 필요, 가격 미기재",missing,no,no,교류회 릴리몬 구해요
c735c3dfb421b7b93221b5e3,digimontcg,디지몬 카드게임,2026-08,2026-08-05T14:45:44+09:00,known,6f6b43e5631d3a80f18f50f4,c735c3dfb421b7b93221b5e3,472135,https://m.dcinside.com/board/digimontcg/472135,교류회 릴리몬 구해요,seller-f5fd61b040841070eae50110,테이머,guest,교류회 릴리몬,교류회 릴리몬,교류회 릴리몬,,,buy,구매,1,,,missing,unknown,unknown,unknown,,active,needs_review,needs_review,"가격 후보 재검토 필요, 가격 미기재",missing,no,no,교류회 릴리몬 구해요
dd1d933d67ba025db277655b,digimontcg,디지몬 카드게임,2026-08,2026-08-05T14:45:44+09:00,known,43b59b8fed82ec34d07735dc,dd1d933d67ba025db277655b,472135,https://m.dcinside.com/board/digimontcg/472135,교류회 릴리몬 구해요,seller-8cbcece7bfebc4cfe55ff984,테이머,guest,교류회 릴리몬,교류회 릴리몬,교류회 릴리몬,,,buy,구매,1,,,missing,unknown,unknown,unknown,,active,needs_review,needs_review,"가격 후보 재검토 필요, 가격 미기재",missing,no,no,교류회 릴리몬 구해요
59eaf84c3ec63505905f64fe,digimontcg,디지몬 카드게임,2026-08,2026-08-05T15:05:57+09:00,known,ad521bf4a423a2f07bfd2357,59eaf84c3ec63505905f64fe,472146,https://m.dcinside.com/board/digimontcg/472146,교류회 릴리몬 2장 구합니다!!!!!!,seller-c2cb2959ba3158c0359324f4,브이마루,registered,교류회 릴리몬 !!!!!!,교류회 릴리몬 !!!!!!,교류회 릴리몬 구합니다!!!!!!,,,buy,구매,2,,,missing,unknown,unknown,unknown,,active,needs_review,needs_review,수량 표기 감지 · 가격 미기재,missing,no,no,교류회 릴리몬 2장 구합니다!!!!!!
b081f0f53f557a53c46b40ee,digimontcg,디지몬 카드게임,2026-08,2026-08-05T15:05:57+09:00,known,48bd681e3cb460dcf6f9b851,b081f0f53f557a53c46b40ee,472146,https://m.dcinside.com/board/digimontcg/472146,교류회 릴리몬 2장 구합니다!!!!!!,seller-c2cb2959ba3158c0359324f4,브이마루,registered,교류회 릴리몬 !!!!!!,교류회 릴리몬 !!!!!!,교류회 릴리몬 구합니다!!!!!!,,,buy,구매,2,,,missing,unknown,unknown,unknown,,active,needs_review,needs_review,수량 표기 감지 · 가격 미기재,missing,no,no,교류회 릴리몬 2장 구합니다!!!!!!
b1d91835d7a94ec9628273ed,digimontcg,디지몬 카드게임,2026-08,2026-08-05T15:05:57+09:00,known,20df80727e032c686f6d868b,b1d91835d7a94ec9628273ed,472146,https://m.dcinside.com/board/digimontcg/472146,교류회 릴리몬 2장 구합니다!!!!!!,seller-c2cb2959ba3158c0359324f4,브이마루,registered,교류회 릴리몬 !!!!!!,교류회 릴리몬 !!!!!!,교류회 릴리몬 구합니다!!!!!!,,,buy,구매,2,,,missing,unknown,unknown,unknown,,active,needs_review,needs_review,수량 표기 감지 · 가격 미기재,missing,no,no,교류회 릴리몬 2장 구합니다!!!!!!
8236a2d94066348eb3926e99,digimontcg,디지몬 카드게임,2026-08,2026-08-05T15:10:31+09:00,known,c04941c2ea33f9bde824e225,8236a2d94066348eb3926e99,472149,https://m.dcinside.com/board/digimontcg/472149,알파몬 왕룡검 SP / 희소 1장 35 구매합니다.,seller-c96ae850bd52082d1f8030df,길덕춘,guest,알파몬 왕룡검 SP 희소,알파몬 왕룡검 SP 희소,알파몬 왕룡검 SP / 희소,,,buy,구매,1,35,350000,estimated,bundle,text,unknown,,active,needs_review,needs_review,"가격 단위 추정, 수량 표기 감지, 복수 카드 가격, 배송비 포함 여부 미확정, 묶음·세트 총액 · 개별 카드 가격 아님",estimated,no,no,알파몬 왕룡검 SP / 희소 1장 35 구매합니다.
e876e1bc5417d25e8d850b7e,digimontcg,디지몬 카드게임,2026-08,2026-08-05T15:10:31+09:00,known,c07b5eb48ebf6d77eccc3c29,e876e1bc5417d25e8d850b7e,472149,https://m.dcinside.com/board/digimontcg/472149,알파몬 왕룡검 SP / 희소 1장 35 구매합니다.,seller-002466bd140084339b34cf45,길덕춘,guest,알파몬 왕룡검 SP 희소,알파몬 왕룡검 SP 희소,알파몬 왕룡검 SP / 희소,,,buy,구매,1,35,350000,estimated,bundle,text,unknown,,active,needs_review,needs_review,"가격 단위 추정, 수량 표기 감지, 복수 카드 가격, 배송비 포함 여부 미확정, 묶음·세트 총액 · 개별 카드 가격 아님",estimated,no,no,알파몬 왕룡검 SP / 희소 1장 35 구매합니다.
ef53030cc1834aa7cf6c9b6f,digimontcg,디지몬 카드게임,2026-08,2026-08-05T15:10:31+09:00,known,a1ff7a0bb60814954d8e4945,ef53030cc1834aa7cf6c9b6f,472149,https://m.dcinside.com/board/digimontcg/472149,알파몬 왕룡검 SP / 희소 1장 35 구매합니다.,seller-166bd69e92ac810d62970161,길덕춘,guest,알파몬 왕룡검 SP 희소,알파몬 왕룡검 SP 희소,알파몬 왕룡검 SP / 희소,,,buy,구매,1,35,350000,estimated,bundle,text,unknown,,active,needs_review,needs_review,"가격 단위 추정, 수량 표기 감지, 복수 카드 가격, 배송비 포함 여부 미확정, 묶음·세트 총액 · 개별 카드 가격 아님",estimated,no,no,알파몬 왕룡검 SP / 희소 1장 35 구매합니다.
599e58296a25a5272c4e5907,digimontcg,디지몬 카드게임,2026-08,2026-08-05T15:19:51+09:00,known,b29dff8d159fd2495a656f4d,599e58296a25a5272c4e5907,472154,https://m.dcinside.com/board/digimontcg/472154,"ex8 레나몬 엑항 페레, bt19 프로모 은세나 삽니다",seller-47ffcdc15dc85fce908d862d,마일도,registered,ex8 레나몬 엑항 페레 bt19 프로모 은세나,ex8 레나몬 엑항 페레 bt19 프로모 은세나,"ex8 레나몬 엑항 페레, bt19 프로모 은세나",,,buy,구매,2,,,missing,unknown,unknown,unknown,,active,needs_review,needs_review,"가격 후보 재검토 필요, 가격 미기재",missing,no,no,"ex8 레나몬 엑항 페레, bt19 프로모 은세나 삽니다"
71499f341c8bb275c64946d3,digimontcg,디지몬 카드게임,2026-08,2026-08-05T15:19:51+09:00,known,331ece0a711297c6ebd0575a,71499f341c8bb275c64946d3,472154,https://m.dcinside.com/board/digimontcg/472154,"ex8 레나몬 엑항 페레, bt19 프로모 은세나 삽니다",seller-47ffcdc15dc85fce908d862d,마일도,registered,ex8 레나몬 엑항 페레 bt19 프로모 은세나,ex8 레나몬 엑항 페레 bt19 프로모 은세나,"ex8 레나몬 엑항 페레, bt19 프로모 은세나",,,buy,구매,2,,,missing,unknown,unknown,unknown,,active,needs_review,needs_review,"가격 후보 재검토 필요, 가격 미기재",missing,no,no,"ex8 레나몬 엑항 페레, bt19 프로모 은세나 삽니다"
d64446cc8a58d3121608d183,digimontcg,디지몬 카드게임,2026-08,2026-08-05T15:19:51+09:00,known,80d6a2ea7ef376529907be88,d64446cc8a58d3121608d183,472154,https://m.dcinside.com/board/digimontcg/472154,"ex8 레나몬 엑항 페레, bt19 프로모 은세나 삽니다",seller-47ffcdc15dc85fce908d862d,마일도,registered,ex8 레나몬 엑항 페레 bt19 프로모 은세나,ex8 레나몬 엑항 페레 bt19 프로모 은세나,"ex8 레나몬 엑항 페레, bt19 프로모 은세나",,,buy,구매,2,,,missing,unknown,unknown,unknown,,active,needs_review,needs_review,"가격 후보 재검토 필요, 가격 미기재",missing,no,no,"ex8 레나몬 엑항 페레, bt19 프로모 은세나 삽니다"
1f232738b7aae7c180caf162,digimontcg,디지몬 카드게임,2026-08,2026-08-05T15:35:41+09:00,known,f38df120d8eea3fbd672b064,1f232738b7aae7c180caf162,472162,https://m.dcinside.com/board/digimontcg/472162,22노키아 2장 1.5삽니다,seller-4da3e6adce79900a71cf9840,PPPPP,registered,22노키아,22노키아,22노키아 1.5삽니다,,,buy,구매,2,,,missing,unknown,unknown,unknown,,active,needs_review,needs_review,수량 표기 감지 · 가격 미기재,missing,no,no,22노키아 2장 1.5삽니다
8a6e77c246e3c0c0041b0def,digimontcg,디지몬 카드게임,2026-08,2026-08-05T15:35:41+09:00,known,1b972594c080a15fe26a3133,8a6e77c246e3c0c0041b0def,472162,https://m.dcinside.com/board/digimontcg/472162,22노키아 2장 1.5삽니다,seller-4da3e6adce79900a71cf9840,PPPPP,registered,22노키아,22노키아,22노키아 1.5삽니다,,,buy,구매,2,,,missing,unknown,unknown,unknown,,active,needs_review,needs_review,수량 표기 감지 · 가격 미기재,missing,no,no,22노키아 2장 1.5삽니다
e1aba7ed4bbf9e18b24fcc99,digimontcg,디지몬 카드게임,2026-08,2026-08-05T15:35:41+09:00,known,3f25185184efc53236c64ffd,e1aba7ed4bbf9e18b24fcc99,472162,https://m.dcinside.com/board/digimontcg/472162,22노키아 2장 1.5삽니다,seller-4da3e6adce79900a71cf9840,PPPPP,registered,22노키아,22노키아,22노키아 1.5삽니다,,,buy,구매,2,,,missing,unknown,unknown,unknown,,active,needs_review,needs_review,수량 표기 감지 · 가격 미기재,missing,no,no,22노키아 2장 1.5삽니다
023288e81107012237248c20,digimontcg,디지몬 카드게임,2026-08,2026-08-05T15:38:11+09:00,known,499c6a91d60b63628b1ffe9a,023288e81107012237248c20,472164,https://m.dcinside.com/board/digimontcg/472164,"22노키아, 22미레이 삽니다.",seller-cd6b6aa8469fdea425c8f608,해핑,guest,var safe = window.dcAd && window.dcAd.safe ==,var safe = window.dcAd && window.dcAd.safe ==,var safe = (window.dcAd && window.dcAd.safe ==,,,buy,구매,1,1,10000,estimated,bundle,text,unknown,,active,excluded,needs_review,"가격 단위 추정, 복수 카드 가격, 배송비 포함 여부 미확정, 묶음·세트 총액 · 개별 카드 가격 아님, 스크립트·광고 문구로 추정되는 오염 행",estimated,no,no,var safe = (window.dcAd && window.dcAd.safe == 1)
3467232a4b30ddc80a812a5d,digimontcg,디지몬 카드게임,2026-08,2026-08-05T15:38:11+09:00,known,50b5fd2137150935fa2f2114,3467232a4b30ddc80a812a5d,472164,https://m.dcinside.com/board/digimontcg/472164,"22노키아, 22미레이 삽니다.",seller-55d5024082846881a142e18c,해핑,guest,loadScript 'https pagead,loadScript 'https pagead,loadScript('https://pagead,,,buy,구매,1,,,missing,unknown,unknown,unknown,,active,excluded,needs_review,"가격 후보 재검토 필요, 가격 미기재, 스크립트·광고 문구로 추정되는 오염 행",missing,no,no,"loadScript('https://pagead2.googlesyndication.com/pagead/js/adsbygoogle_direct.js?client=ca-pub-8171468792791627', true, 'anonymous');"
58ab8cd8fc73e6e870f2ec6e,digimontcg,디지몬 카드게임,2026-08,2026-08-05T15:38:11+09:00,known,499c6a91d60b63628b1ffe9a,58ab8cd8fc73e6e870f2ec6e,472164,https://m.dcinside.com/board/digimontcg/472164,"22노키아, 22미레이 삽니다.",seller-cd6b6aa8469fdea425c8f608,해핑,guest,DOM 삽입 헬퍼 현재 스크립트 위치 기준,DOM 삽입 헬퍼 현재 스크립트 위치 기준,// ---- DOM 삽입 헬퍼 (현재 스크립트 위치 기준,,,buy,구매,1,,,missing,unknown,unknown,unknown,,active,excluded,needs_review,"가격 후보 재검토 필요, 가격 미기재, 스크립트·광고 문구로 추정되는 오염 행",missing,no,no,// ---- DOM 삽입 헬퍼 (현재 스크립트 위치 기준1)
5f42971faef1e41f9d2378f3,digimontcg,디지몬 카드게임,2026-08,2026-08-05T15:38:11+09:00,known,499c6a91d60b63628b1ffe9a,5f42971faef1e41f9d2378f3,472164,https://m.dcinside.com/board/digimontcg/472164,"22노키아, 22미레이 삽니다.",seller-cd6b6aa8469fdea425c8f608,해핑,guest,loadScript ' t,loadScript ' t,loadScript('//t,,,buy,구매,1,,,missing,unknown,unknown,unknown,,active,excluded,needs_review,"가격 후보 재검토 필요, 가격 미기재, 스크립트·광고 문구로 추정되는 오염 행",missing,no,no,"loadScript('//t1.kakaocdn.net/kas/static/ba.min.js', true);"
61b2ccb706b987fed6c03883,digimontcg,디지몬 카드게임,2026-08,2026-08-05T15:38:11+09:00,known,50b5fd2137150935fa2f2114,61b2ccb706b987fed6c03883,472164,https://m.dcinside.com/board/digimontcg/472164,"22노키아, 22미레이 삽니다.",seller-55d5024082846881a142e18c,해핑,guest,DOM 삽입 헬퍼 현재 스크립트 위치 기준,DOM 삽입 헬퍼 현재 스크립트 위치 기준,// ---- DOM 삽입 헬퍼 (현재 스크립트 위치 기준,,,buy,구매,1,,,missing,unknown,unknown,unknown,,active,excluded,needs_review,"가격 후보 재검토 필요, 가격 미기재, 스크립트·광고 문구로 추정되는 오염 행",missing,no,no,// ---- DOM 삽입 헬퍼 (현재 스크립트 위치 기준1)
683d1f40a3387030049d640e,digimontcg,디지몬 카드게임,2026-08,2026-08-05T15:38:11+09:00,known,50b5fd2137150935fa2f2114,683d1f40a3387030049d640e,472164,https://m.dcinside.com/board/digimontcg/472164,"22노키아, 22미레이 삽니다.",seller-55d5024082846881a142e18c,해핑,guest,var safe = window.dcAd && window.dcAd.safe ==,var safe = window.dcAd && window.dcAd.safe ==,var safe = (window.dcAd && window.dcAd.safe ==,,,buy,구매,1,1,10000,estimated,bundle,text,unknown,,active,excluded,needs_review,"가격 단위 추정, 복수 카드 가격, 배송비 포함 여부 미확정, 묶음·세트 총액 · 개별 카드 가격 아님, 스크립트·광고 문구로 추정되는 오염 행",estimated,no,no,var safe = (window.dcAd && window.dcAd.safe == 1)
890b6c1ac43dbdc483879c4c,digimontcg,디지몬 카드게임,2026-08,2026-08-05T15:38:11+09:00,known,1f0f45ef52acd1d8fff6fc7c,890b6c1ac43dbdc483879c4c,472164,https://m.dcinside.com/board/digimontcg/472164,"22노키아, 22미레이 삽니다.",seller-5addcae2d9f05f55ce5f0b78,해핑,guest,var safe = window.dcAd && window.dcAd.safe ==,var safe = window.dcAd && window.dcAd.safe ==,var safe = (window.dcAd && window.dcAd.safe ==,,,buy,구매,1,1,10000,estimated,bundle,text,unknown,,active,excluded,needs_review,"가격 단위 추정, 복수 카드 가격, 배송비 포함 여부 미확정, 묶음·세트 총액 · 개별 카드 가격 아님, 스크립트·광고 문구로 추정되는 오염 행",estimated,no,no,var safe = (window.dcAd && window.dcAd.safe == 1)
cc83e508d2a59e5867c9dc1a,digimontcg,디지몬 카드게임,2026-08,2026-08-05T15:38:11+09:00,known,1f0f45ef52acd1d8fff6fc7c,cc83e508d2a59e5867c9dc1a,472164,https://m.dcinside.com/board/digimontcg/472164,"22노키아, 22미레이 삽니다.",seller-5addcae2d9f05f55ce5f0b78,해핑,guest,loadScript 'https pagead,loadScript 'https pagead,loadScript('https://pagead,,,buy,구매,1,,,missing,unknown,unknown,unknown,,active,excluded,needs_review,"가격 후보 재검토 필요, 가격 미기재, 스크립트·광고 문구로 추정되는 오염 행",missing,no,no,"loadScript('https://pagead2.googlesyndication.com/pagead/js/adsbygoogle_direct.js?client=ca-pub-8171468792791627', true, 'anonymous');"
ce37956403221ff561bd5c78,digimontcg,디지몬 카드게임,2026-08,2026-08-05T15:38:11+09:00,known,1f0f45ef52acd1d8fff6fc7c,ce37956403221ff561bd5c78,472164,https://m.dcinside.com/board/digimontcg/472164,"22노키아, 22미레이 삽니다.",seller-5addcae2d9f05f55ce5f0b78,해핑,guest,DOM 삽입 헬퍼 현재 스크립트 위치 기준,DOM 삽입 헬퍼 현재 스크립트 위치 기준,// ---- DOM 삽입 헬퍼 (현재 스크립트 위치 기준,,,buy,구매,1,,,missing,unknown,unknown,unknown,,active,excluded,needs_review,"가격 후보 재검토 필요, 가격 미기재, 스크립트·광고 문구로 추정되는 오염 행",missing,no,no,// ---- DOM 삽입 헬퍼 (현재 스크립트 위치 기준1)
ce9976acca72e2f1956b0b7e,digimontcg,디지몬 카드게임,2026-08,2026-08-05T15:38:11+09:00,known,499c6a91d60b63628b1ffe9a,ce9976acca72e2f1956b0b7e,472164,https://m.dcinside.com/board/digimontcg/472164,"22노키아, 22미레이 삽니다.",seller-cd6b6aa8469fdea425c8f608,해핑,guest,loadScript 'https pagead,loadScript 'https pagead,loadScript('https://pagead,,,buy,구매,1,,,missing,unknown,unknown,unknown,,active,excluded,needs_review,"가격 후보 재검토 필요, 가격 미기재, 스크립트·광고 문구로 추정되는 오염 행",missing,no,no,"loadScript('https://pagead2.googlesyndication.com/pagead/js/adsbygoogle_direct.js?client=ca-pub-8171468792791627', true, 'anonymous');"
d5cc33a2e688d9aefdf0d8a8,digimontcg,디지몬 카드게임,2026-08,2026-08-05T15:38:11+09:00,known,1f0f45ef52acd1d8fff6fc7c,d5cc33a2e688d9aefdf0d8a8,472164,https://m.dcinside.com/board/digimontcg/472164,"22노키아, 22미레이 삽니다.",seller-5addcae2d9f05f55ce5f0b78,해핑,guest,loadScript ' t,loadScript ' t,loadScript('//t,,,buy,구매,1,,,missing,unknown,unknown,unknown,,active,excluded,needs_review,"가격 후보 재검토 필요, 가격 미기재, 스크립트·광고 문구로 추정되는 오염 행",missing,no,no,"loadScript('//t1.kakaocdn.net/kas/static/ba.min.js', true);"
eac1552db539fb4c094c3928,digimontcg,디지몬 카드게임,2026-08,2026-08-05T15:38:11+09:00,known,50b5fd2137150935fa2f2114,eac1552db539fb4c094c3928,472164,https://m.dcinside.com/board/digimontcg/472164,"22노키아, 22미레이 삽니다.",seller-55d5024082846881a142e18c,해핑,guest,loadScript ' t,loadScript ' t,loadScript('//t,,,buy,구매,1,,,missing,unknown,unknown,unknown,,active,excluded,needs_review,"가격 후보 재검토 필요, 가격 미기재, 스크립트·광고 문구로 추정되는 오염 행",missing,no,no,"loadScript('//t1.kakaocdn.net/kas/static/ba.min.js', true);"
ced102aa972beda4f6cbd242,digimontcg,디지몬 카드게임,2026-08,2026-08-05T15:52:52+09:00,known,94d1d21e526ecd7e63435b8d,ced102aa972beda4f6cbd242,472171,https://m.dcinside.com/board/digimontcg/472171,제스몬덱 삽니다,seller-dc757641991d4ed294da8e62,파다다닥몬,registered,제스몬덱,제스몬덱,제스몬덱,,,buy,구매,1,,,missing,unknown,unknown,unknown,,active,needs_review,needs_review,"가격 후보 재검토 필요, 가격 미기재",missing,no,no,제스몬덱 삽니다
d3a0abc00e102c9e18bda02f,digimontcg,디지몬 카드게임,2026-08,2026-08-05T15:52:52+09:00,known,5ccef784edc53d9bf9c48053,d3a0abc00e102c9e18bda02f,472171,https://m.dcinside.com/board/digimontcg/472171,제스몬덱 삽니다,seller-dc757641991d4ed294da8e62,파다다닥몬,registered,제스몬덱,제스몬덱,제스몬덱,,,buy,구매,1,,,missing,unknown,unknown,unknown,,active,needs_review,needs_review,"가격 후보 재검토 필요, 가격 미기재",missing,no,no,제스몬덱 삽니다
f5a854645f3d8168fce5ebca,digimontcg,디지몬 카드게임,2026-08,2026-08-05T15:52:52+09:00,known,3327a159ab132b61a4062890,f5a854645f3d8168fce5ebca,472171,https://m.dcinside.com/board/digimontcg/472171,제스몬덱 삽니다,seller-dc757641991d4ed294da8e62,파다다닥몬,registered,제스몬덱,제스몬덱,제스몬덱,,,buy,구매,1,,,missing,unknown,unknown,unknown,,active,needs_review,needs_review,"가격 후보 재검토 필요, 가격 미기재",missing,no,no,제스몬덱 삽니다
3dd70ac4a521f14e347e0511,digimontcg,디지몬 카드게임,2026-08,2026-08-05T18:10:17+09:00,known,3b69f65630cdd3e09d05cd4f,3dd70ac4a521f14e347e0511,472228,https://m.dcinside.com/board/digimontcg/472228,(거래완)Ex9 메탈콩알몬 페레 1장 삽니다.,seller-f5974a8b9e4018e932afebe6,나은혁,registered,거래완 Ex9 메탈콩알몬 페레,거래완 Ex9 메탈콩알몬 페레,(거래완)Ex9 메탈콩알몬 페레 삽니다.,,,buy,구매,1,,,missing,unknown,unknown,unknown,,active,needs_review,needs_review,수량 표기 감지 · 가격 미기재,missing,no,no,(거래완)Ex9 메탈콩알몬 페레 1장 삽니다.
7150e4c49490d92b90456153,digimontcg,디지몬 카드게임,2026-08,2026-08-05T18:10:17+09:00,known,180e2427375317652bf89e2d,7150e4c49490d92b90456153,472228,https://m.dcinside.com/board/digimontcg/472228,(거래완)Ex9 메탈콩알몬 페레 1장 삽니다.,seller-f5974a8b9e4018e932afebe6,나은혁,registered,거래완 Ex9 메탈콩알몬 페레,거래완 Ex9 메탈콩알몬 페레,(거래완)Ex9 메탈콩알몬 페레 삽니다.,,,buy,구매,1,,,missing,unknown,unknown,unknown,,active,needs_review,needs_review,수량 표기 감지 · 가격 미기재,missing,no,no,(거래완)Ex9 메탈콩알몬 페레 1장 삽니다.
be6e3e93c429c974422bc6c2,digimontcg,디지몬 카드게임,2026-08,2026-08-05T18:10:17+09:00,known,a1092cff80a353324ff55200,be6e3e93c429c974422bc6c2,472228,https://m.dcinside.com/board/digimontcg/472228,(거래완)Ex9 메탈콩알몬 페레 1장 삽니다.,seller-f5974a8b9e4018e932afebe6,나은혁,registered,거래완 Ex9 메탈콩알몬 페레,거래완 Ex9 메탈콩알몬 페레,(거래완)Ex9 메탈콩알몬 페레 삽니다.,,,buy,구매,1,,,missing,unknown,unknown,unknown,,active,needs_review,needs_review,수량 표기 감지 · 가격 미기재,missing,no,no,(거래완)Ex9 메탈콩알몬 페레 1장 삽니다.
a33b884108970898a1aa818b,digimontcg,디지몬 카드게임,2026-08,2026-08-05T18:48:22+09:00,known,5ea28ee41e92aead452e315e,a33b884108970898a1aa818b,472235,https://m.dcinside.com/board/digimontcg/472235,"EX9 퍼그몬, 데블드라몬 LM삽니다",seller-915a7278f6c8c7e3b43df85e,ㅇㅇ,guest,,장당,장당,,,buy,구매,1,0.2,2000,estimated,per_card,text,unknown,,active,excluded,needs_review,"가격 단위 추정, 배송비 포함 여부 미확정, 스크립트·광고 문구로 추정되는 오염 행",estimated,yes,no,장당 0.2
bdbb380e317e592a06b87c69,digimontcg,디지몬 카드게임,2026-08,2026-08-05T18:48:22+09:00,known,22b5646fae638c3b4bb92000,bdbb380e317e592a06b87c69,472235,https://m.dcinside.com/board/digimontcg/472235,"EX9 퍼그몬, 데블드라몬 LM삽니다",seller-451d3a87db62f51ddcecbbb4,ㅇㅇ,guest,,장당,장당,,,buy,구매,1,0.2,2000,estimated,per_card,text,unknown,,active,excluded,needs_review,"가격 단위 추정, 배송비 포함 여부 미확정, 스크립트·광고 문구로 추정되는 오염 행",estimated,yes,no,장당 0.2
c65d2f7764ce43bb8d7bc1fe,digimontcg,디지몬 카드게임,2026-08,2026-08-05T18:48:22+09:00,known,6a4f8d479fedadf1317abdd5,c65d2f7764ce43bb8d7bc1fe,472235,https://m.dcinside.com/board/digimontcg/472235,"EX9 퍼그몬, 데블드라몬 LM삽니다",seller-6ca0d94191b66e162ff6c9f7,ㅇㅇ,guest,,장당,장당,,,buy,구매,1,0.2,2000,estimated,per_card,text,unknown,,active,excluded,needs_review,"가격 단위 추정, 배송비 포함 여부 미확정, 스크립트·광고 문구로 추정되는 오염 행",estimated,yes,no,장당 0.2
025a97abc2c1f70726155646,digimontcg,디지몬 카드게임,2026-08,2026-08-05T20:25:57+09:00,known,70c8f7c96746ca51c6e12327,025a97abc2c1f70726155646,472257,https://m.dcinside.com/board/digimontcg/472257,11시크 리나 페레 구매합니다,seller-7a7677d18dbdc4bdbf0c3d6e,Parvati,registered,DOM 삽입 헬퍼 현재 스크립트 위치 기준,DOM 삽입 헬퍼 현재 스크립트 위치 기준,// ---- DOM 삽입 헬퍼 (현재 스크립트 위치 기준,,,buy,구매,1,,,missing,unknown,unknown,unknown,,active,excluded,needs_review,"가격 후보 재검토 필요, 가격 미기재, 스크립트·광고 문구로 추정되는 오염 행",missing,no,no,// ---- DOM 삽입 헬퍼 (현재 스크립트 위치 기준1)
201316b8cfc783b93640ab75,digimontcg,디지몬 카드게임,2026-08,2026-08-05T20:25:57+09:00,known,62b3fb63083f4b0c3854fcd8,201316b8cfc783b93640ab75,472257,https://m.dcinside.com/board/digimontcg/472257,11시크 리나 페레 구매합니다,seller-7a7677d18dbdc4bdbf0c3d6e,Parvati,registered,loadScript 'https pagead,loadScript 'https pagead,loadScript('https://pagead,,,buy,구매,1,,,missing,unknown,unknown,unknown,,active,excluded,needs_review,"가격 후보 재검토 필요, 가격 미기재, 스크립트·광고 문구로 추정되는 오염 행",missing,no,no,"loadScript('https://pagead2.googlesyndication.com/pagead/js/adsbygoogle_direct.js?client=ca-pub-8171468792791627', true, 'anonymous');"
87b28bbd4bda63fdbbb0b314,digimontcg,디지몬 카드게임,2026-08,2026-08-05T20:25:57+09:00,known,654e42d4ce9fa70a5842ef5e,87b28bbd4bda63fdbbb0b314,472257,https://m.dcinside.com/board/digimontcg/472257,11시크 리나 페레 구매합니다,seller-7a7677d18dbdc4bdbf0c3d6e,Parvati,registered,DOM 삽입 헬퍼 현재 스크립트 위치 기준,DOM 삽입 헬퍼 현재 스크립트 위치 기준,// ---- DOM 삽입 헬퍼 (현재 스크립트 위치 기준,,,buy,구매,1,,,missing,unknown,unknown,unknown,,active,excluded,needs_review,"가격 후보 재검토 필요, 가격 미기재, 스크립트·광고 문구로 추정되는 오염 행",missing,no,no,// ---- DOM 삽입 헬퍼 (현재 스크립트 위치 기준1)
8afb9d6d3391be345e0cb430,digimontcg,디지몬 카드게임,2026-08,2026-08-05T20:25:57+09:00,known,70c8f7c96746ca51c6e12327,8afb9d6d3391be345e0cb430,472257,https://m.dcinside.com/board/digimontcg/472257,11시크 리나 페레 구매합니다,seller-7a7677d18dbdc4bdbf0c3d6e,Parvati,registered,loadScript 'https pagead,loadScript 'https pagead,loadScript('https://pagead,,,buy,구매,1,,,missing,unknown,unknown,unknown,,active,excluded,needs_review,"가격 후보 재검토 필요, 가격 미기재, 스크립트·광고 문구로 추정되는 오염 행",missing,no,no,"loadScript('https://pagead2.googlesyndication.com/pagead/js/adsbygoogle_direct.js?client=ca-pub-8171468792791627', true, 'anonymous');"
a3333dc95af6c3cefab1ff07,digimontcg,디지몬 카드게임,2026-08,2026-08-05T20:25:57+09:00,known,62b3fb63083f4b0c3854fcd8,a3333dc95af6c3cefab1ff07,472257,https://m.dcinside.com/board/digimontcg/472257,11시크 리나 페레 구매합니다,seller-7a7677d18dbdc4bdbf0c3d6e,Parvati,registered,var safe = window.dcAd && window.dcAd.safe ==,var safe = window.dcAd && window.dcAd.safe ==,var safe = (window.dcAd && window.dcAd.safe ==,,,buy,구매,1,1,10000,estimated,bundle,text,unknown,,active,excluded,needs_review,"가격 단위 추정, 복수 카드 가격, 배송비 포함 여부 미확정, 묶음·세트 총액 · 개별 카드 가격 아님, 스크립트·광고 문구로 추정되는 오염 행",estimated,no,no,var safe = (window.dcAd && window.dcAd.safe == 1)
a4133de8242d9309de33962b,digimontcg,디지몬 카드게임,2026-08,2026-08-05T20:25:57+09:00,known,654e42d4ce9fa70a5842ef5e,a4133de8242d9309de33962b,472257,https://m.dcinside.com/board/digimontcg/472257,11시크 리나 페레 구매합니다,seller-7a7677d18dbdc4bdbf0c3d6e,Parvati,registered,loadScript 'https pagead,loadScript 'https pagead,loadScript('https://pagead,,,buy,구매,1,,,missing,unknown,unknown,unknown,,active,excluded,needs_review,"가격 후보 재검토 필요, 가격 미기재, 스크립트·광고 문구로 추정되는 오염 행",missing,no,no,"loadScript('https://pagead2.googlesyndication.com/pagead/js/adsbygoogle_direct.js?client=ca-pub-8171468792791627', true, 'anonymous');"
b97510bdcc8878f406ef5ce8,digimontcg,디지몬 카드게임,2026-08,2026-08-05T20:25:57+09:00,known,70c8f7c96746ca51c6e12327,b97510bdcc8878f406ef5ce8,472257,https://m.dcinside.com/board/digimontcg/472257,11시크 리나 페레 구매합니다,seller-7a7677d18dbdc4bdbf0c3d6e,Parvati,registered,loadScript ' t,loadScript ' t,loadScript('//t,,,buy,구매,1,,,missing,unknown,unknown,unknown,,active,excluded,needs_review,"가격 후보 재검토 필요, 가격 미기재, 스크립트·광고 문구로 추정되는 오염 행",missing,no,no,"loadScript('//t1.kakaocdn.net/kas/static/ba.min.js', true);"
bb5d552a139565b9fb3b186c,digimontcg,디지몬 카드게임,2026-08,2026-08-05T20:25:57+09:00,known,62b3fb63083f4b0c3854fcd8,bb5d552a139565b9fb3b186c,472257,https://m.dcinside.com/board/digimontcg/472257,11시크 리나 페레 구매합니다,seller-7a7677d18dbdc4bdbf0c3d6e,Parvati,registered,DOM 삽입 헬퍼 현재 스크립트 위치 기준,DOM 삽입 헬퍼 현재 스크립트 위치 기준,// ---- DOM 삽입 헬퍼 (현재 스크립트 위치 기준,,,buy,구매,1,,,missing,unknown,unknown,unknown,,active,excluded,needs_review,"가격 후보 재검토 필요, 가격 미기재, 스크립트·광고 문구로 추정되는 오염 행",missing,no,no,// ---- DOM 삽입 헬퍼 (현재 스크립트 위치 기준1)
ca43ec321a97d815e9e6397f,digimontcg,디지몬 카드게임,2026-08,2026-08-05T20:25:57+09:00,known,654e42d4ce9fa70a5842ef5e,ca43ec321a97d815e9e6397f,472257,https://m.dcinside.com/board/digimontcg/472257,11시크 리나 페레 구매합니다,seller-7a7677d18dbdc4bdbf0c3d6e,Parvati,registered,var safe = window.dcAd && window.dcAd.safe ==,var safe = window.dcAd && window.dcAd.safe ==,var safe = (window.dcAd && window.dcAd.safe ==,,,buy,구매,1,1,10000,estimated,bundle,text,unknown,,active,excluded,needs_review,"가격 단위 추정, 복수 카드 가격, 배송비 포함 여부 미확정, 묶음·세트 총액 · 개별 카드 가격 아님, 스크립트·광고 문구로 추정되는 오염 행",estimated,no,no,var safe = (window.dcAd && window.dcAd.safe == 1)
cc9f5e61434e9dedc6b6ffc0,digimontcg,디지몬 카드게임,2026-08,2026-08-05T20:25:57+09:00,known,62b3fb63083f4b0c3854fcd8,cc9f5e61434e9dedc6b6ffc0,472257,https://m.dcinside.com/board/digimontcg/472257,11시크 리나 페레 구매합니다,seller-7a7677d18dbdc4bdbf0c3d6e,Parvati,registered,loadScript ' t,loadScript ' t,loadScript('//t,,,buy,구매,1,,,missing,unknown,unknown,unknown,,active,excluded,needs_review,"가격 후보 재검토 필요, 가격 미기재, 스크립트·광고 문구로 추정되는 오염 행",missing,no,no,"loadScript('//t1.kakaocdn.net/kas/static/ba.min.js', true);"
ddbce81bd20d9ca9ddbd6935,digimontcg,디지몬 카드게임,2026-08,2026-08-05T20:25:57+09:00,known,70c8f7c96746ca51c6e12327,ddbce81bd20d9ca9ddbd6935,472257,https://m.dcinside.com/board/digimontcg/472257,11시크 리나 페레 구매합니다,seller-7a7677d18dbdc4bdbf0c3d6e,Parvati,registered,var safe = window.dcAd && window.dcAd.safe ==,var safe = window.dcAd && window.dcAd.safe ==,var safe = (window.dcAd && window.dcAd.safe ==,,,buy,구매,1,1,10000,estimated,bundle,text,unknown,,active,excluded,needs_review,"가격 단위 추정, 복수 카드 가격, 배송비 포함 여부 미확정, 묶음·세트 총액 · 개별 카드 가격 아님, 스크립트·광고 문구로 추정되는 오염 행",estimated,no,no,var safe = (window.dcAd && window.dcAd.safe == 1)
e561103bec4d873505e63014,digimontcg,디지몬 카드게임,2026-08,2026-08-05T20:25:57+09:00,known,654e42d4ce9fa70a5842ef5e,e561103bec4d873505e63014,472257,https://m.dcinside.com/board/digimontcg/472257,11시크 리나 페레 구매합니다,seller-7a7677d18dbdc4bdbf0c3d6e,Parvati,registered,loadScript ' t,loadScript ' t,loadScript('//t,,,buy,구매,1,,,missing,unknown,unknown,unknown,,active,excluded,needs_review,"가격 후보 재검토 필요, 가격 미기재, 스크립트·광고 문구로 추정되는 오염 행",missing,no,no,"loadScript('//t1.kakaocdn.net/kas/static/ba.min.js', true);"
75a98ca5d7c416600f987745,digimontcg,디지몬 카드게임,2026-08,2026-08-05T23:36:49+09:00,known,b1b42d0bd2acffb402d2c6f6,75a98ca5d7c416600f987745,472313,https://m.dcinside.com/board/digimontcg/472313,알파몬 왕룡검 SP / 희소 1장 구매합니다.,seller-294fb6fdf1e7fc203f688f1e,길덕춘,guest,알파몬 왕룡검 SP 희소,알파몬 왕룡검 SP 희소,알파몬 왕룡검 SP / 희소,,,buy,구매,1,35,350000,estimated,bundle,text,unknown,,active,needs_review,needs_review,"가격 단위 추정, 수량 표기 감지, 복수 카드 가격, 배송비 포함 여부 미확정, 묶음·세트 총액 · 개별 카드 가격 아님",estimated,no,no,알파몬 왕룡검 SP / 희소 1장 35 구매합니다.
8840c9ca4171f60c8d6880f4,digimontcg,디지몬 카드게임,2026-08,2026-08-05T23:36:49+09:00,known,49e13c368e8f41ec6bffbf94,8840c9ca4171f60c8d6880f4,472313,https://m.dcinside.com/board/digimontcg/472313,알파몬 왕룡검 SP / 희소 1장 구매합니다.,seller-ffc788bf7ab75c297c2a50eb,길덕춘,guest,알파몬 왕룡검 SP 희소,알파몬 왕룡검 SP 희소,알파몬 왕룡검 SP / 희소,,,buy,구매,1,35,350000,estimated,bundle,text,unknown,,active,needs_review,needs_review,"가격 단위 추정, 수량 표기 감지, 복수 카드 가격, 배송비 포함 여부 미확정, 묶음·세트 총액 · 개별 카드 가격 아님",estimated,no,no,알파몬 왕룡검 SP / 희소 1장 35 구매합니다.
c760033636f7818427f28b8f,digimontcg,디지몬 카드게임,2026-08,2026-08-05T23:36:49+09:00,known,2c3715a1426c58809465be3c,c760033636f7818427f28b8f,472313,https://m.dcinside.com/board/digimontcg/472313,알파몬 왕룡검 SP / 희소 1장 구매합니다.,seller-cb1e4d3e827f637a8266885b,길덕춘,guest,알파몬 왕룡검 SP 희소,알파몬 왕룡검 SP 희소,알파몬 왕룡검 SP / 희소,,,buy,구매,1,35,350000,estimated,bundle,text,unknown,,active,needs_review,needs_review,"가격 단위 추정, 수량 표기 감지, 복수 카드 가격, 배송비 포함 여부 미확정, 묶음·세트 총액 · 개별 카드 가격 아님",estimated,no,no,알파몬 왕룡검 SP / 희소 1장 35 구매합니다.
2c510618a024cba4fe4f2108,digimontcg,디지몬 카드게임,2026-08,2026-08-06T00:22:33+09:00,known,764d43ad05001509229e7172,2c510618a024cba4fe4f2108,472321,https://m.dcinside.com/board/digimontcg/472321,글판 덱 구해요,seller-dc757641991d4ed294da8e62,파다다닥몬,registered,글판 덱,글판 덱,글판 덱,,,buy,구매,1,,,missing,unknown,unknown,unknown,,active,needs_review,needs_review,"가격 후보 재검토 필요, 가격 미기재",missing,no,no,글판 덱 구해요
6376f94c3ce1a8e1566e112f,digimontcg,디지몬 카드게임,2026-08,2026-08-06T00:22:33+09:00,known,2ff8cbd0035cef1e052830cd,6376f94c3ce1a8e1566e112f,472321,https://m.dcinside.com/board/digimontcg/472321,글판 덱 구해요,seller-dc757641991d4ed294da8e62,파다다닥몬,registered,글판 덱,글판 덱,글판 덱,,,buy,구매,1,,,missing,unknown,unknown,unknown,,active,needs_review,needs_review,"가격 후보 재검토 필요, 가격 미기재",missing,no,no,글판 덱 구해요
b5199b510a070fdf5f3e07b4,digimontcg,디지몬 카드게임,2026-08,2026-08-06T00:22:33+09:00,known,bc834400a7410c393b0b1c3f,b5199b510a070fdf5f3e07b4,472321,https://m.dcinside.com/board/digimontcg/472321,글판 덱 구해요,seller-dc757641991d4ed294da8e62,파다다닥몬,registered,글판 덱,글판 덱,글판 덱,,,buy,구매,1,,,missing,unknown,unknown,unknown,,active,needs_review,needs_review,"가격 후보 재검토 필요, 가격 미기재",missing,no,no,글판 덱 구해요
0070199356ec2ec7b3babc6d,digimontcg,디지몬 카드게임,2026-08,2026-08-06T08:57:01+09:00,known,2f346042cfc0cd48c95c3bfe,0070199356ec2ec7b3babc6d,472363,https://m.dcinside.com/board/digimontcg/472363,18탄 카이젤 스사 산다이몬,seller-d6d911d7195062e008150641,ㅇㅇ,guest,18탄 스사 페레,18탄 스사 페레,18탄 스사 페레,,,buy,구매,1,1.0,10000,estimated,per_card,text,unknown,,active,needs_review,needs_review,"가격 단위 추정, 수량 표기 감지, 배송비 포함 여부 미확정",estimated,yes,no,18탄 스사 페레 1장 1.0
2243cab7386288d2558f5ef4,digimontcg,디지몬 카드게임,2026-08,2026-08-06T08:57:01+09:00,known,0cf90f7ba427487aa7d2dee4,2243cab7386288d2558f5ef4,472363,https://m.dcinside.com/board/digimontcg/472363,18탄 카이젤 스사 산다이몬,seller-9e7e37f3479ed7d6fa62d92a,ㅇㅇ,guest,18탄 카이젤 페레,18탄 카이젤 페레,18탄 카이젤 페레,,,buy,구매,1,0.8,8000,estimated,per_card,text,unknown,,active,needs_review,needs_review,"가격 단위 추정, 수량 표기 감지, 배송비 포함 여부 미확정",estimated,yes,no,18탄 카이젤 페레 1장 0.8
6da6f5e99cb33350a9e231a8,digimontcg,디지몬 카드게임,2026-08,2026-08-06T08:57:01+09:00,known,0cf90f7ba427487aa7d2dee4,6da6f5e99cb33350a9e231a8,472363,https://m.dcinside.com/board/digimontcg/472363,18탄 카이젤 스사 산다이몬,seller-9e7e37f3479ed7d6fa62d92a,ㅇㅇ,guest,18탄 스사 페레,18탄 스사 페레,18탄 스사 페레,,,buy,구매,1,1.0,10000,estimated,per_card,text,unknown,,active,needs_review,needs_review,"가격 단위 추정, 수량 표기 감지, 배송비 포함 여부 미확정",estimated,yes,no,18탄 스사 페레 1장 1.0
6fcd2cc43d119678783d25c6,digimontcg,디지몬 카드게임,2026-08,2026-08-06T08:57:01+09:00,known,aeaf90391771a82419ff5cdc,6fcd2cc43d119678783d25c6,472363,https://m.dcinside.com/board/digimontcg/472363,18탄 카이젤 스사 산다이몬,seller-fbab913309ae91c7da33ab3b,ㅇㅇ,guest,18탄 스사 페레,18탄 스사 페레,18탄 스사 페레,,,buy,구매,1,1.0,10000,estimated,per_card,text,unknown,,active,needs_review,needs_review,"가격 단위 추정, 수량 표기 감지, 배송비 포함 여부 미확정",estimated,yes,no,18탄 스사 페레 1장 1.0
bb7ad2dcc9c3aafeeafa8968,digimontcg,디지몬 카드게임,2026-08,2026-08-06T08:57:01+09:00,known,aeaf90391771a82419ff5cdc,bb7ad2dcc9c3aafeeafa8968,472363,https://m.dcinside.com/board/digimontcg/472363,18탄 카이젤 스사 산다이몬,seller-fbab913309ae91c7da33ab3b,ㅇㅇ,guest,18탄 카이젤 페레,18탄 카이젤 페레,18탄 카이젤 페레,,,buy,구매,1,0.8,8000,estimated,per_card,text,unknown,,active,needs_review,needs_review,"가격 단위 추정, 수량 표기 감지, 배송비 포함 여부 미확정",estimated,yes,no,18탄 카이젤 페레 1장 0.8
ea992c14562afd8fd2f6918d,digimontcg,디지몬 카드게임,2026-08,2026-08-06T08:57:01+09:00,known,2f346042cfc0cd48c95c3bfe,ea992c14562afd8fd2f6918d,472363,https://m.dcinside.com/board/digimontcg/472363,18탄 카이젤 스사 산다이몬,seller-d6d911d7195062e008150641,ㅇㅇ,guest,18탄 카이젤 페레,18탄 카이젤 페레,18탄 카이젤 페레,,,buy,구매,1,0.8,8000,estimated,per_card,text,unknown,,active,needs_review,needs_review,"가격 단위 추정, 수량 표기 감지, 배송비 포함 여부 미확정",estimated,yes,no,18탄 카이젤 페레 1장 0.8
0503a530b9960920e5d65bb6,digimontcg,디지몬 카드게임,2026-08,2026-08-06T09:59:49+09:00,known,3073b377cc57f10d9c489af2,0503a530b9960920e5d65bb6,472375,https://m.dcinside.com/board/digimontcg/472375,알파몬 왕룡검 SP 1장 35 구매합니다.,seller-0f96757f9574a7b2e8b86d03,길덕춘,guest,알파몬 왕룡검 SP,알파몬 왕룡검 SP,알파몬 왕룡검 SP,,,buy,구매,1,35,350000,estimated,per_card,text,unknown,,active,needs_review,needs_review,"가격 단위 추정, 수량 표기 감지, 배송비 포함 여부 미확정",estimated,yes,no,알파몬 왕룡검 SP 1장 35 구매합니다.
6fba6c70bb98bed3cbf360f7,digimontcg,디지몬 카드게임,2026-08,2026-08-06T09:59:49+09:00,known,18371e8c7a244bc5f9928cbe,6fba6c70bb98bed3cbf360f7,472375,https://m.dcinside.com/board/digimontcg/472375,알파몬 왕룡검 SP 1장 35 구매합니다.,seller-28261ae4ffd4c3a684271193,길덕춘,guest,알파몬 왕룡검 SP,알파몬 왕룡검 SP,알파몬 왕룡검 SP,,,buy,구매,1,35,350000,estimated,per_card,text,unknown,,active,needs_review,needs_review,"가격 단위 추정, 수량 표기 감지, 배송비 포함 여부 미확정",estimated,yes,no,알파몬 왕룡검 SP 1장 35 구매합니다.
cce09bdaa80f2436b9f3ab9a,digimontcg,디지몬 카드게임,2026-08,2026-08-06T09:59:49+09:00,known,232807e722cfef914737df22,cce09bdaa80f2436b9f3ab9a,472375,https://m.dcinside.com/board/digimontcg/472375,알파몬 왕룡검 SP 1장 35 구매합니다.,seller-d1fcef8dc668aba7d3c8e196,길덕춘,guest,알파몬 왕룡검 SP,알파몬 왕룡검 SP,알파몬 왕룡검 SP,,,buy,구매,1,35,350000,estimated,per_card,text,unknown,,active,needs_review,needs_review,"가격 단위 추정, 수량 표기 감지, 배송비 포함 여부 미확정",estimated,yes,no,알파몬 왕룡검 SP 1장 35 구매합니다.
5a6d25d8455527f39aea3588,digimontcg,디지몬 카드게임,2026-08,2026-08-06T11:56:18+09:00,known,4d5f3ee0a1705f1b1a5602ce,5a6d25d8455527f39aea3588,472398,https://m.dcinside.com/board/digimontcg/472398,"22노키아, 22미레이, 알터비 삽니다.",seller-571fb2eb97418b597059a488,해핑,guest,알터비 일반,알터비 일반,알터비 일반,,,buy,구매,1,1.2,12000,estimated,per_card,text,unknown,,active,needs_review,needs_review,"가격 단위 추정, 배송비 포함 여부 미확정",estimated,yes,no,"알터비 일반 1.2, 페레 2.5 1장"
5c2b38b538f605956425d29d,digimontcg,디지몬 카드게임,2026-08,2026-08-06T11:56:18+09:00,known,f98b0f0d163345f3f5dda145,5c2b38b538f605956425d29d,472398,https://m.dcinside.com/board/digimontcg/472398,"22노키아, 22미레이, 알터비 삽니다.",seller-b5887c0f6a2bba9e58562689,해핑,guest,알터비 일반,알터비 일반,알터비 일반,,,buy,구매,1,1.2,12000,estimated,per_card,text,unknown,,active,needs_review,needs_review,"가격 단위 추정, 배송비 포함 여부 미확정",estimated,yes,no,"알터비 일반 1.2, 페레 2.5 1장"
95733155e03fe74f664e1c00,digimontcg,디지몬 카드게임,2026-08,2026-08-06T11:56:18+09:00,known,1ca7132b72bd79cdb343e68e,95733155e03fe74f664e1c00,472398,https://m.dcinside.com/board/digimontcg/472398,"22노키아, 22미레이, 알터비 삽니다.",seller-0c134bfe8204bf113ccc44e0,해핑,guest,알터비 일반,알터비 일반,알터비 일반,,,buy,구매,1,1.2,12000,estimated,per_card,text,unknown,,active,needs_review,needs_review,"가격 단위 추정, 배송비 포함 여부 미확정",estimated,yes,no,"알터비 일반 1.2, 페레 2.5 1장"
0ffb26d904da869f141891bf,digimontcg,디지몬 카드게임,2026-08,2026-08-06T15:02:14+09:00,known,3764afa804c8ff4c6ab496b4,0ffb26d904da869f141891bf,472485,https://m.dcinside.com/board/digimontcg/472485,릴리몬 웰컴 구해요,seller-68e321c1e6568023c6713939,테이머,guest,릴리몬 웰컴,릴리몬 웰컴,릴리몬 웰컴,,,buy,구매,1,,,missing,unknown,unknown,unknown,,active,needs_review,needs_review,"가격 후보 재검토 필요, 가격 미기재",missing,no,no,릴리몬 웰컴 구해요
39718702cf9edf6caaa8755a,digimontcg,디지몬 카드게임,2026-08,2026-08-06T15:02:14+09:00,known,a7514cb80c5fa3f58d409231,39718702cf9edf6caaa8755a,472485,https://m.dcinside.com/board/digimontcg/472485,릴리몬 웰컴 구해요,seller-1a0d9df8e6dd29e3cab657e5,테이머,guest,릴리몬 웰컴,릴리몬 웰컴,릴리몬 웰컴,,,buy,구매,1,,,missing,unknown,unknown,unknown,,active,needs_review,needs_review,"가격 후보 재검토 필요, 가격 미기재",missing,no,no,릴리몬 웰컴 구해요
ef10fcfe0d4bff60b873bed3,digimontcg,디지몬 카드게임,2026-08,2026-08-06T15:02:14+09:00,known,29dc8bb893af6fe14ab1a9de,ef10fcfe0d4bff60b873bed3,472485,https://m.dcinside.com/board/digimontcg/472485,릴리몬 웰컴 구해요,seller-564409170f1470642acce65a,테이머,guest,릴리몬 웰컴,릴리몬 웰컴,릴리몬 웰컴,,,buy,구매,1,,,missing,unknown,unknown,unknown,,active,needs_review,needs_review,"가격 후보 재검토 필요, 가격 미기재",missing,no,no,릴리몬 웰컴 구해요
0454386ca69db933ab30731e,digimontcg,디지몬 카드게임,2026-08,2026-08-06T17:17:06+09:00,known,dbfa55767ce7a918d9c0590b,0454386ca69db933ab30731e,472541,https://m.dcinside.com/board/digimontcg/472541,ex9 키메라 아날소 삽니다.,seller-641977f38c228289495e3199,고고골,registered,,장당,장당,,,buy,구매,1,0.3,3000,estimated,per_card,text,unknown,,active,excluded,needs_review,"가격 단위 추정, 배송비 포함 여부 미확정, 스크립트·광고 문구로 추정되는 오염 행",estimated,yes,no,장당 0.3에
092ecea1644ae2f95b29f728,digimontcg,디지몬 카드게임,2026-08,2026-08-06T17:17:06+09:00,known,494e18bf4534fc21cc6ba491,092ecea1644ae2f95b29f728,472541,https://m.dcinside.com/board/digimontcg/472541,ex9 키메라 아날소 삽니다.,seller-641977f38c228289495e3199,고고골,registered,,장당,장당,,,buy,구매,1,0.3,3000,estimated,per_card,text,unknown,,active,excluded,needs_review,"가격 단위 추정, 배송비 포함 여부 미확정, 스크립트·광고 문구로 추정되는 오염 행",estimated,yes,no,장당 0.3에
9dd7e264ec141b8e3bfe650a,digimontcg,디지몬 카드게임,2026-08,2026-08-06T17:17:06+09:00,known,a9ee547c74ef83c4e0dfa4b4,9dd7e264ec141b8e3bfe650a,472541,https://m.dcinside.com/board/digimontcg/472541,ex9 키메라 아날소 삽니다.,seller-641977f38c228289495e3199,고고골,registered,,장당,장당,,,buy,구매,1,0.3,3000,estimated,per_card,text,unknown,,active,excluded,needs_review,"가격 단위 추정, 배송비 포함 여부 미확정, 스크립트·광고 문구로 추정되는 오염 행",estimated,yes,no,장당 0.3에
fa5e0a7ee088fe37746b0bd9,digimontcg,디지몬 카드게임,2026-08,2026-08-06T17:17:06+09:00,known,1f2abe347b6a9eb5b28445b7,fa5e0a7ee088fe37746b0bd9,472541,https://m.dcinside.com/board/digimontcg/472541,ex9 키메라 아날소 삽니다.,seller-641977f38c228289495e3199,고고골,registered,,장당,장당,,,buy,구매,1,0.3,3000,estimated,per_card,text,unknown,,active,excluded,needs_review,"가격 단위 추정, 배송비 포함 여부 미확정, 스크립트·광고 문구로 추정되는 오염 행",estimated,yes,no,장당 0.3에
34875eb72989626bc3cd10dd,digimontcg,디지몬 카드게임,2026-08,2026-08-06T18:36:08+09:00,known,e85221f516635270919b1166,34875eb72989626bc3cd10dd,472570,https://m.dcinside.com/board/digimontcg/472570,"나우진 페레, 루인 삽니다(구완)",seller-659bcb27732226b1ffb36259,맵갈찜,registered,loadScript 'https pagead,loadScript 'https pagead,loadScript('https://pagead,,,buy,구매,1,,,missing,unknown,unknown,unknown,,active,excluded,needs_review,"가격 후보 재검토 필요, 가격 미기재, 스크립트·광고 문구로 추정되는 오염 행",missing,no,no,"loadScript('https://pagead2.googlesyndication.com/pagead/js/adsbygoogle_direct.js?client=ca-pub-8171468792791627', true, 'anonymous');"
34a1b2e6455fa989d903067b,digimontcg,디지몬 카드게임,2026-08,2026-08-06T18:36:08+09:00,known,6d000d219da43b64294f2f01,34a1b2e6455fa989d903067b,472570,https://m.dcinside.com/board/digimontcg/472570,"나우진 페레, 루인 삽니다(구완)",seller-659bcb27732226b1ffb36259,맵갈찜,registered,DOM 삽입 헬퍼 현재 스크립트 위치 기준,DOM 삽입 헬퍼 현재 스크립트 위치 기준,// ---- DOM 삽입 헬퍼 (현재 스크립트 위치 기준,,,buy,구매,1,,,missing,unknown,unknown,unknown,,active,excluded,needs_review,"가격 후보 재검토 필요, 가격 미기재, 스크립트·광고 문구로 추정되는 오염 행",missing,no,no,// ---- DOM 삽입 헬퍼 (현재 스크립트 위치 기준1)
4bf43e3d54a08253baa7648d,digimontcg,디지몬 카드게임,2026-08,2026-08-06T18:36:08+09:00,known,e85221f516635270919b1166,4bf43e3d54a08253baa7648d,472570,https://m.dcinside.com/board/digimontcg/472570,"나우진 페레, 루인 삽니다(구완)",seller-659bcb27732226b1ffb36259,맵갈찜,registered,var safe = window.dcAd && window.dcAd.safe ==,var safe = window.dcAd && window.dcAd.safe ==,var safe = (window.dcAd && window.dcAd.safe ==,,,buy,구매,1,1,10000,estimated,bundle,text,unknown,,active,excluded,needs_review,"가격 단위 추정, 복수 카드 가격, 배송비 포함 여부 미확정, 묶음·세트 총액 · 개별 카드 가격 아님, 스크립트·광고 문구로 추정되는 오염 행",estimated,no,no,var safe = (window.dcAd && window.dcAd.safe == 1)
4f6756d5af4a326f95db4bc4,digimontcg,디지몬 카드게임,2026-08,2026-08-06T18:36:08+09:00,known,1d1c2ddb8f80400369bb4d9e,4f6756d5af4a326f95db4bc4,472570,https://m.dcinside.com/board/digimontcg/472570,"나우진 페레, 루인 삽니다(구완)",seller-659bcb27732226b1ffb36259,맵갈찜,registered,loadScript ' t,loadScript ' t,loadScript('//t,,,buy,구매,1,,,missing,unknown,unknown,unknown,,active,excluded,needs_review,"가격 후보 재검토 필요, 가격 미기재, 스크립트·광고 문구로 추정되는 오염 행",missing,no,no,"loadScript('//t1.kakaocdn.net/kas/static/ba.min.js', true);"
6460c2373a2a0c9fd1836487,digimontcg,디지몬 카드게임,2026-08,2026-08-06T18:36:08+09:00,known,1d1c2ddb8f80400369bb4d9e,6460c2373a2a0c9fd1836487,472570,https://m.dcinside.com/board/digimontcg/472570,"나우진 페레, 루인 삽니다(구완)",seller-659bcb27732226b1ffb36259,맵갈찜,registered,DOM 삽입 헬퍼 현재 스크립트 위치 기준,DOM 삽입 헬퍼 현재 스크립트 위치 기준,// ---- DOM 삽입 헬퍼 (현재 스크립트 위치 기준,,,buy,구매,1,,,missing,unknown,unknown,unknown,,active,excluded,needs_review,"가격 후보 재검토 필요, 가격 미기재, 스크립트·광고 문구로 추정되는 오염 행",missing,no,no,// ---- DOM 삽입 헬퍼 (현재 스크립트 위치 기준1)
6532703814340ce5fd8d8824,digimontcg,디지몬 카드게임,2026-08,2026-08-06T18:36:08+09:00,known,1d1c2ddb8f80400369bb4d9e,6532703814340ce5fd8d8824,472570,https://m.dcinside.com/board/digimontcg/472570,"나우진 페레, 루인 삽니다(구완)",seller-659bcb27732226b1ffb36259,맵갈찜,registered,var safe = window.dcAd && window.dcAd.safe ==,var safe = window.dcAd && window.dcAd.safe ==,var safe = (window.dcAd && window.dcAd.safe ==,,,buy,구매,1,1,10000,estimated,bundle,text,unknown,,active,excluded,needs_review,"가격 단위 추정, 복수 카드 가격, 배송비 포함 여부 미확정, 묶음·세트 총액 · 개별 카드 가격 아님, 스크립트·광고 문구로 추정되는 오염 행",estimated,no,no,var safe = (window.dcAd && window.dcAd.safe == 1)
763adec532ff3d8a5e497ef2,digimontcg,디지몬 카드게임,2026-08,2026-08-06T18:36:08+09:00,known,e85221f516635270919b1166,763adec532ff3d8a5e497ef2,472570,https://m.dcinside.com/board/digimontcg/472570,"나우진 페레, 루인 삽니다(구완)",seller-659bcb27732226b1ffb36259,맵갈찜,registered,DOM 삽입 헬퍼 현재 스크립트 위치 기준,DOM 삽입 헬퍼 현재 스크립트 위치 기준,// ---- DOM 삽입 헬퍼 (현재 스크립트 위치 기준,,,buy,구매,1,,,missing,unknown,unknown,unknown,,active,excluded,needs_review,"가격 후보 재검토 필요, 가격 미기재, 스크립트·광고 문구로 추정되는 오염 행",missing,no,no,// ---- DOM 삽입 헬퍼 (현재 스크립트 위치 기준1)
7af19deeb3d7ad38e00a999a,digimontcg,디지몬 카드게임,2026-08,2026-08-06T18:36:08+09:00,known,0fabdaa8c044358f667afecd,7af19deeb3d7ad38e00a999a,472570,https://m.dcinside.com/board/digimontcg/472570,"나우진 페레, 루인 삽니다(구완)",seller-659bcb27732226b1ffb36259,맵갈찜,registered,DOM 삽입 헬퍼 현재 스크립트 위치 기준,DOM 삽입 헬퍼 현재 스크립트 위치 기준,// ---- DOM 삽입 헬퍼 (현재 스크립트 위치 기준,,,buy,구매,1,,,missing,unknown,unknown,unknown,,active,excluded,needs_review,"가격 후보 재검토 필요, 가격 미기재, 스크립트·광고 문구로 추정되는 오염 행",missing,no,no,// ---- DOM 삽입 헬퍼 (현재 스크립트 위치 기준1)
7f26ad599fcdf5b9367b2305,digimontcg,디지몬 카드게임,2026-08,2026-08-06T18:36:08+09:00,known,e85221f516635270919b1166,7f26ad599fcdf5b9367b2305,472570,https://m.dcinside.com/board/digimontcg/472570,"나우진 페레, 루인 삽니다(구완)",seller-659bcb27732226b1ffb36259,맵갈찜,registered,loadScript ' t,loadScript ' t,loadScript('//t,,,buy,구매,1,,,missing,unknown,unknown,unknown,,active,excluded,needs_review,"가격 후보 재검토 필요, 가격 미기재, 스크립트·광고 문구로 추정되는 오염 행",missing,no,no,"loadScript('//t1.kakaocdn.net/kas/static/ba.min.js', true);"
89aa519171ecb2c1014adf49,digimontcg,디지몬 카드게임,2026-08,2026-08-06T18:36:08+09:00,known,6d000d219da43b64294f2f01,89aa519171ecb2c1014adf49,472570,https://m.dcinside.com/board/digimontcg/472570,"나우진 페레, 루인 삽니다(구완)",seller-659bcb27732226b1ffb36259,맵갈찜,registered,loadScript 'https pagead,loadScript 'https pagead,loadScript('https://pagead,,,buy,구매,1,,,missing,unknown,unknown,unknown,,active,excluded,needs_review,"가격 후보 재검토 필요, 가격 미기재, 스크립트·광고 문구로 추정되는 오염 행",missing,no,no,"loadScript('https://pagead2.googlesyndication.com/pagead/js/adsbygoogle_direct.js?client=ca-pub-8171468792791627', true, 'anonymous');"
b73934b198672c76a7efdd9b,digimontcg,디지몬 카드게임,2026-08,2026-08-06T18:36:08+09:00,known,6d000d219da43b64294f2f01,b73934b198672c76a7efdd9b,472570,https://m.dcinside.com/board/digimontcg/472570,"나우진 페레, 루인 삽니다(구완)",seller-659bcb27732226b1ffb36259,맵갈찜,registered,var safe = window.dcAd && window.dcAd.safe ==,var safe = window.dcAd && window.dcAd.safe ==,var safe = (window.dcAd && window.dcAd.safe ==,,,buy,구매,1,1,10000,estimated,bundle,text,unknown,,active,excluded,needs_review,"가격 단위 추정, 복수 카드 가격, 배송비 포함 여부 미확정, 묶음·세트 총액 · 개별 카드 가격 아님, 스크립트·광고 문구로 추정되는 오염 행",estimated,no,no,var safe = (window.dcAd && window.dcAd.safe == 1)
c5da9950495e5dc177d88fe8,digimontcg,디지몬 카드게임,2026-08,2026-08-06T18:36:08+09:00,known,1d1c2ddb8f80400369bb4d9e,c5da9950495e5dc177d88fe8,472570,https://m.dcinside.com/board/digimontcg/472570,"나우진 페레, 루인 삽니다(구완)",seller-659bcb27732226b1ffb36259,맵갈찜,registered,loadScript 'https pagead,loadScript 'https pagead,loadScript('https://pagead,,,buy,구매,1,,,missing,unknown,unknown,unknown,,active,excluded,needs_review,"가격 후보 재검토 필요, 가격 미기재, 스크립트·광고 문구로 추정되는 오염 행",missing,no,no,"loadScript('https://pagead2.googlesyndication.com/pagead/js/adsbygoogle_direct.js?client=ca-pub-8171468792791627', true, 'anonymous');"
c659a44974650b5aa0326660,digimontcg,디지몬 카드게임,2026-08,2026-08-06T18:36:08+09:00,known,0fabdaa8c044358f667afecd,c659a44974650b5aa0326660,472570,https://m.dcinside.com/board/digimontcg/472570,"나우진 페레, 루인 삽니다(구완)",seller-659bcb27732226b1ffb36259,맵갈찜,registered,var safe = window.dcAd && window.dcAd.safe ==,var safe = window.dcAd && window.dcAd.safe ==,var safe = (window.dcAd && window.dcAd.safe ==,,,buy,구매,1,1,10000,estimated,bundle,text,unknown,,active,excluded,needs_review,"가격 단위 추정, 복수 카드 가격, 배송비 포함 여부 미확정, 묶음·세트 총액 · 개별 카드 가격 아님, 스크립트·광고 문구로 추정되는 오염 행",estimated,no,no,var safe = (window.dcAd && window.dcAd.safe == 1)
e6db0314ab86e91a7dd3816a,digimontcg,디지몬 카드게임,2026-08,2026-08-06T18:36:08+09:00,known,6d000d219da43b64294f2f01,e6db0314ab86e91a7dd3816a,472570,https://m.dcinside.com/board/digimontcg/472570,"나우진 페레, 루인 삽니다(구완)",seller-659bcb27732226b1ffb36259,맵갈찜,registered,loadScript ' t,loadScript ' t,loadScript('//t,,,buy,구매,1,,,missing,unknown,unknown,unknown,,active,excluded,needs_review,"가격 후보 재검토 필요, 가격 미기재, 스크립트·광고 문구로 추정되는 오염 행",missing,no,no,"loadScript('//t1.kakaocdn.net/kas/static/ba.min.js', true);"
e77e14ee1c3c5a04164ea7b5,digimontcg,디지몬 카드게임,2026-08,2026-08-06T18:36:08+09:00,known,0fabdaa8c044358f667afecd,e77e14ee1c3c5a04164ea7b5,472570,https://m.dcinside.com/board/digimontcg/472570,"나우진 페레, 루인 삽니다(구완)",seller-659bcb27732226b1ffb36259,맵갈찜,registered,loadScript ' t,loadScript ' t,loadScript('//t,,,buy,구매,1,,,missing,unknown,unknown,unknown,,active,excluded,needs_review,"가격 후보 재검토 필요, 가격 미기재, 스크립트·광고 문구로 추정되는 오염 행",missing,no,no,"loadScript('//t1.kakaocdn.net/kas/static/ba.min.js', true);"
fb632f1d62a81080968a61d6,digimontcg,디지몬 카드게임,2026-08,2026-08-06T18:36:08+09:00,known,0fabdaa8c044358f667afecd,fb632f1d62a81080968a61d6,472570,https://m.dcinside.com/board/digimontcg/472570,"나우진 페레, 루인 삽니다(구완)",seller-659bcb27732226b1ffb36259,맵갈찜,registered,loadScript 'https pagead,loadScript 'https pagead,loadScript('https://pagead,,,buy,구매,1,,,missing,unknown,unknown,unknown,,active,excluded,needs_review,"가격 후보 재검토 필요, 가격 미기재, 스크립트·광고 문구로 추정되는 오염 행",missing,no,no,"loadScript('https://pagead2.googlesyndication.com/pagead/js/adsbygoogle_direct.js?client=ca-pub-8171468792791627', true, 'anonymous');"
b759bce29fd300534c16f3eb,digimontcg,디지몬 카드게임,2026-08,2026-08-06T19:27:37+09:00,known,9b333bb613f8903c6189d7a5,b759bce29fd300534c16f3eb,472584,https://m.dcinside.com/board/digimontcg/472584,릴리몬 웰컴/교류회 삽니다..,seller-c66482bc46d68421c8951b2e,테이머,guest,릴리몬 웰컴 교류회,릴리몬 웰컴 교류회,릴리몬 웰컴/교류회 ..,,,buy,구매,1,,,missing,unknown,unknown,unknown,,active,needs_review,needs_review,"가격 후보 재검토 필요, 가격 미기재",missing,no,no,릴리몬 웰컴/교류회 삽니다..
cda4a0064a2940d7d57826e5,digimontcg,디지몬 카드게임,2026-08,2026-08-06T19:27:37+09:00,known,b8742c97b9c1d2c77f6cd42b,cda4a0064a2940d7d57826e5,472584,https://m.dcinside.com/board/digimontcg/472584,릴리몬 웰컴/교류회 삽니다..,seller-2525970ab7b3f53c4e66e483,테이머,guest,릴리몬 웰컴 교류회,릴리몬 웰컴 교류회,릴리몬 웰컴/교류회 ..,,,buy,구매,1,,,missing,unknown,unknown,unknown,,active,needs_review,needs_review,"가격 후보 재검토 필요, 가격 미기재",missing,no,no,릴리몬 웰컴/교류회 삽니다..
dd1b1bbf732d3c712010d365,digimontcg,디지몬 카드게임,2026-08,2026-08-06T19:27:37+09:00,known,3c971ca036f9ac70f10a0e62,dd1b1bbf732d3c712010d365,472584,https://m.dcinside.com/board/digimontcg/472584,릴리몬 웰컴/교류회 삽니다..,seller-1a5ceb73df1cf211120d9b02,테이머,guest,릴리몬 웰컴 교류회,릴리몬 웰컴 교류회,릴리몬 웰컴/교류회 ..,,,buy,구매,1,,,missing,unknown,unknown,unknown,,active,needs_review,needs_review,"가격 후보 재검토 필요, 가격 미기재",missing,no,no,릴리몬 웰컴/교류회 삽니다..
e309a891ee7d906ce83cade9,digimontcg,디지몬 카드게임,2026-08,2026-08-06T19:27:37+09:00,known,d43f1ccc2ac39b05d45b82de,e309a891ee7d906ce83cade9,472584,https://m.dcinside.com/board/digimontcg/472584,릴리몬 웰컴/교류회 삽니다..,seller-4b09615c1733246d909475b5,테이머,guest,릴리몬 웰컴 교류회,릴리몬 웰컴 교류회,릴리몬 웰컴/교류회 ..,,,buy,구매,1,,,missing,unknown,unknown,unknown,,active,needs_review,needs_review,"가격 후보 재검토 필요, 가격 미기재",missing,no,no,릴리몬 웰컴/교류회 삽니다..
29a6b043edec08415ef69cd6,digimontcg,디지몬 카드게임,2026-08,2026-08-07T07:06:51+09:00,known,096906fd2a0b6c946e498e25,29a6b043edec08415ef69cd6,472739,https://m.dcinside.com/board/digimontcg/472739,21탄 프로모 워그 3장 삽니다,seller-3cd2132f836af0d6fb128d71,호시노시옷코,registered,,"장당 0.3,","장당 0.3,",,,buy,구매,3,1.0,10000,estimated,per_card,text,unknown,,active,needs_review,needs_review,"가격 단위 추정, 수량 표기 감지, 복수 카드 가격, 배송비 포함 여부 미확정",estimated,yes,no,"장당 0.3, 3장 1.0에 구해봅니다"
61dd4f52ce5bbcb7b7888df1,digimontcg,디지몬 카드게임,2026-08,2026-08-07T07:06:51+09:00,known,d359ad337e8c42e484c80112,61dd4f52ce5bbcb7b7888df1,472739,https://m.dcinside.com/board/digimontcg/472739,21탄 프로모 워그 3장 삽니다,seller-3cd2132f836af0d6fb128d71,호시노시옷코,registered,,"장당 0.3,","장당 0.3,",,,buy,구매,3,1.0,10000,estimated,per_card,text,unknown,,active,needs_review,needs_review,"가격 단위 추정, 수량 표기 감지, 복수 카드 가격, 배송비 포함 여부 미확정",estimated,yes,no,"장당 0.3, 3장 1.0에 구해봅니다"
eb38d4a26f7fa1a5fbcaab89,digimontcg,디지몬 카드게임,2026-08,2026-08-07T07:06:51+09:00,known,fbdf7d1ceaa8b49a20576fe9,eb38d4a26f7fa1a5fbcaab89,472739,https://m.dcinside.com/board/digimontcg/472739,21탄 프로모 워그 3장 삽니다,seller-3cd2132f836af0d6fb128d71,호시노시옷코,registered,,"장당 0.3,","장당 0.3,",,,buy,구매,3,1.0,10000,estimated,per_card,text,unknown,,active,needs_review,needs_review,"가격 단위 추정, 수량 표기 감지, 복수 카드 가격, 배송비 포함 여부 미확정",estimated,yes,no,"장당 0.3, 3장 1.0에 구해봅니다"
fcab965950b895b28d0edfd2,digimontcg,디지몬 카드게임,2026-08,2026-08-07T07:06:51+09:00,known,84006c93aa7094b349fd9576,fcab965950b895b28d0edfd2,472739,https://m.dcinside.com/board/digimontcg/472739,21탄 프로모 워그 3장 삽니다,seller-3cd2132f836af0d6fb128d71,호시노시옷코,registered,,"장당 0.3,","장당 0.3,",,,buy,구매,3,1.0,10000,estimated,per_card,text,unknown,,active,needs_review,needs_review,"가격 단위 추정, 수량 표기 감지, 복수 카드 가격, 배송비 포함 여부 미확정",estimated,yes,no,"장당 0.3, 3장 1.0에 구해봅니다"
306680aa34f85ea3c9d14a71,digimontcg,디지몬 카드게임,2026-08,2026-08-07T11:36:25+09:00,known,51f224d3ea6e38b493c70d48,306680aa34f85ea3c9d14a71,472789,https://m.dcinside.com/board/digimontcg/472789,"EX9 퍼그몬, 데블드라몬 LM페레 삽니다.",seller-2021d32af0fb76cce40e5f71,ㅇㅇ,guest,,장당,장당,,,buy,구매,1,0.1,1000,estimated,per_card,text,unknown,,active,excluded,needs_review,"가격 단위 추정, 배송비 포함 여부 미확정, 스크립트·광고 문구로 추정되는 오염 행",estimated,yes,no,장당 0.1
c255d2a3772cf77d5d3f430e,digimontcg,디지몬 카드게임,2026-08,2026-08-07T11:36:25+09:00,known,a1f7baef1dddfd80ab05aec1,c255d2a3772cf77d5d3f430e,472789,https://m.dcinside.com/board/digimontcg/472789,"EX9 퍼그몬, 데블드라몬 LM페레 삽니다.",seller-cca3d00e02bcb723d766ccf9,ㅇㅇ,guest,,장당,장당,,,buy,구매,1,0.1,1000,estimated,per_card,text,unknown,,active,excluded,needs_review,"가격 단위 추정, 배송비 포함 여부 미확정, 스크립트·광고 문구로 추정되는 오염 행",estimated,yes,no,장당 0.1
c702a9538cce4df5c6e8a481,digimontcg,디지몬 카드게임,2026-08,2026-08-07T11:36:25+09:00,known,af29f8743f4befcbb1654464,c702a9538cce4df5c6e8a481,472789,https://m.dcinside.com/board/digimontcg/472789,"EX9 퍼그몬, 데블드라몬 LM페레 삽니다.",seller-e4ba22a0d2633a9f160f8783,ㅇㅇ,guest,,장당,장당,,,buy,구매,1,0.1,1000,estimated,per_card,text,unknown,,active,excluded,needs_review,"가격 단위 추정, 배송비 포함 여부 미확정, 스크립트·광고 문구로 추정되는 오염 행",estimated,yes,no,장당 0.1
e173752d178ce5410d6476e2,digimontcg,디지몬 카드게임,2026-08,2026-08-07T11:36:25+09:00,known,82c5867db20a44c2adcf42b5,e173752d178ce5410d6476e2,472789,https://m.dcinside.com/board/digimontcg/472789,"EX9 퍼그몬, 데블드라몬 LM페레 삽니다.",seller-f82d67d7dde9e9d33a5e8a86,ㅇㅇ,guest,,장당,장당,,,buy,구매,1,0.1,1000,estimated,per_card,text,unknown,,active,excluded,needs_review,"가격 단위 추정, 배송비 포함 여부 미확정, 스크립트·광고 문구로 추정되는 오염 행",estimated,yes,no,장당 0.1
1c34936355086908eb2dc584,digimontcg,디지몬 카드게임,2026-08,2026-08-07T12:35:39+09:00,known,27f14a0ef8c4c1973bdb756a,1c34936355086908eb2dc584,472810,https://m.dcinside.com/board/digimontcg/472810,스팅몬 엑스므이몬 삽니다,seller-43fe2d6f55aa4dd7ab831508,xal,guest,카드스타 직으로,카드스타 직으로,카드스타 직으로,,,buy,구매,1,0.6,6000,estimated,per_card,text,unknown,,active,needs_review,needs_review,"가격 단위 추정, 배송비 포함 여부 미확정",estimated,yes,no,카드스타 직으로 0.6에 사용
30104c55404d46056665da81,digimontcg,디지몬 카드게임,2026-08,2026-08-07T12:35:39+09:00,known,27f14a0ef8c4c1973bdb756a,30104c55404d46056665da81,472810,https://m.dcinside.com/board/digimontcg/472810,스팅몬 엑스므이몬 삽니다,seller-43fe2d6f55aa4dd7ab831508,xal,guest,씩 반택미포함으로,씩 반택미포함으로,씩 반택미포함으로,,,buy,구매,4,0.6,6000,estimated,per_quantity,text,unknown,,active,needs_review,needs_review,"가격 단위 추정, 수량 표기 감지, 배송비 포함 여부 미확정, 복수 수량 총액 · 카드 1장 가격 아님",estimated,no,no,4장씩 반택미포함으로 0.6에 삽니다
318757488350f264b34851de,digimontcg,디지몬 카드게임,2026-08,2026-08-07T12:35:39+09:00,known,c58e0eb24cb8ee1b9bbc590f,318757488350f264b34851de,472810,https://m.dcinside.com/board/digimontcg/472810,스팅몬 엑스므이몬 삽니다,seller-4b0213fb708ff2587096ce91,xal,guest,카드스타 직으로,카드스타 직으로,카드스타 직으로,,,buy,구매,1,0.6,6000,estimated,per_card,text,unknown,,active,needs_review,needs_review,"가격 단위 추정, 배송비 포함 여부 미확정",estimated,yes,no,카드스타 직으로 0.6에 사용
356a30f0964617a09ee0b09d,digimontcg,디지몬 카드게임,2026-08,2026-08-07T12:35:39+09:00,known,c58e0eb24cb8ee1b9bbc590f,356a30f0964617a09ee0b09d,472810,https://m.dcinside.com/board/digimontcg/472810,스팅몬 엑스므이몬 삽니다,seller-4b0213fb708ff2587096ce91,xal,guest,씩 반택미포함으로,씩 반택미포함으로,씩 반택미포함으로,,,buy,구매,4,0.6,6000,estimated,per_quantity,text,unknown,,active,needs_review,needs_review,"가격 단위 추정, 수량 표기 감지, 배송비 포함 여부 미확정, 복수 수량 총액 · 카드 1장 가격 아님",estimated,no,no,4장씩 반택미포함으로 0.6에 삽니다
522d37ddb575c1d3a54b809a,digimontcg,디지몬 카드게임,2026-08,2026-08-07T12:35:39+09:00,known,2aa3be29561c5f72f26e6e9c,522d37ddb575c1d3a54b809a,472810,https://m.dcinside.com/board/digimontcg/472810,스팅몬 엑스므이몬 삽니다,seller-30a226ff590822b743cf1007,xal,guest,씩 반택미포함으로,씩 반택미포함으로,씩 반택미포함으로,,,buy,구매,4,0.6,6000,estimated,per_quantity,text,unknown,,active,needs_review,needs_review,"가격 단위 추정, 수량 표기 감지, 배송비 포함 여부 미확정, 복수 수량 총액 · 카드 1장 가격 아님",estimated,no,no,4장씩 반택미포함으로 0.6에 삽니다
69cc07c3eec1ef1e7e4f5753,digimontcg,디지몬 카드게임,2026-08,2026-08-07T12:35:39+09:00,known,2aa3be29561c5f72f26e6e9c,69cc07c3eec1ef1e7e4f5753,472810,https://m.dcinside.com/board/digimontcg/472810,스팅몬 엑스므이몬 삽니다,seller-30a226ff590822b743cf1007,xal,guest,카드스타 직으로,카드스타 직으로,카드스타 직으로,,,buy,구매,1,0.6,6000,estimated,per_card,text,unknown,,active,needs_review,needs_review,"가격 단위 추정, 배송비 포함 여부 미확정",estimated,yes,no,카드스타 직으로 0.6에 사용
9a991f0a63b1565c846b2d8a,digimontcg,디지몬 카드게임,2026-08,2026-08-07T12:35:39+09:00,known,273d6a5512600c47ddfee765,9a991f0a63b1565c846b2d8a,472810,https://m.dcinside.com/board/digimontcg/472810,스팅몬 엑스므이몬 삽니다,seller-1d58c86bcbf270ad2c067005,xal,guest,카드스타 직으로,카드스타 직으로,카드스타 직으로,,,buy,구매,1,0.6,6000,estimated,per_card,text,unknown,,active,needs_review,needs_review,"가격 단위 추정, 배송비 포함 여부 미확정",estimated,yes,no,카드스타 직으로 0.6에 사용
b0322b3dc690d7fe9bf256fb,digimontcg,디지몬 카드게임,2026-08,2026-08-07T12:35:39+09:00,known,273d6a5512600c47ddfee765,b0322b3dc690d7fe9bf256fb,472810,https://m.dcinside.com/board/digimontcg/472810,스팅몬 엑스므이몬 삽니다,seller-1d58c86bcbf270ad2c067005,xal,guest,씩 반택미포함으로,씩 반택미포함으로,씩 반택미포함으로,,,buy,구매,4,0.6,6000,estimated,per_quantity,text,unknown,,active,needs_review,needs_review,"가격 단위 추정, 수량 표기 감지, 배송비 포함 여부 미확정, 복수 수량 총액 · 카드 1장 가격 아님",estimated,no,no,4장씩 반택미포함으로 0.6에 삽니다
080aebb7980b9c5a644e8d27,digimontcg,디지몬 카드게임,2026-08,2026-08-07T12:37:43+09:00,known,7684b17b6ff5d8c468fa3151,080aebb7980b9c5a644e8d27,472811,https://m.dcinside.com/board/digimontcg/472811,오늘 도곡 테배 직으로 구매합니다,seller-564911249ec0bde4970974eb,굉장한실키,registered,유코,유코,유코,,,buy,구매,3,0.3,3000,estimated,per_quantity,text,unknown,,active,needs_review,needs_review,"가격 단위 추정, 수량 표기 감지, 배송비 포함 여부 미확정, 복수 수량 총액 · 카드 1장 가격 아님",estimated,no,no,유코 3장 0.3
1853d13fed83b97597ee288d,digimontcg,디지몬 카드게임,2026-08,2026-08-07T12:37:43+09:00,known,7684b17b6ff5d8c468fa3151,1853d13fed83b97597ee288d,472811,https://m.dcinside.com/board/digimontcg/472811,오늘 도곡 테배 직으로 구매합니다,seller-564911249ec0bde4970974eb,굉장한실키,registered,이터 원종형태,이터 원종형태,이터 원종형태,,,buy,구매,10,0.1,1000,estimated,per_quantity,text,unknown,,active,needs_review,needs_review,"가격 단위 추정, 수량 표기 감지, 배송비 포함 여부 미확정, 복수 수량 총액 · 카드 1장 가격 아님",estimated,no,no,이터 원종형태 10장 0.1
2f3ee3d3fea62a3efceff93e,digimontcg,디지몬 카드게임,2026-08,2026-08-07T12:37:43+09:00,known,7684b17b6ff5d8c468fa3151,2f3ee3d3fea62a3efceff93e,472811,https://m.dcinside.com/board/digimontcg/472811,오늘 도곡 테배 직으로 구매합니다,seller-564911249ec0bde4970974eb,굉장한실키,registered,아라타,아라타,아라타,,,buy,구매,4,0.4,4000,estimated,per_quantity,text,unknown,,active,needs_review,needs_review,"가격 단위 추정, 수량 표기 감지, 배송비 포함 여부 미확정, 복수 수량 총액 · 카드 1장 가격 아님",estimated,no,no,아라타 4장 0.4
3d8a384cfd5aaf07f74b6c6d,digimontcg,디지몬 카드게임,2026-08,2026-08-07T12:37:43+09:00,known,8f7c98ab00aa32eb81ab20df,3d8a384cfd5aaf07f74b6c6d,472811,https://m.dcinside.com/board/digimontcg/472811,오늘 도곡 테배 직으로 구매합니다,seller-564911249ec0bde4970974eb,굉장한실키,registered,이터 원종형태,이터 원종형태,이터 원종형태,,,buy,구매,10,0.1,1000,estimated,per_quantity,text,unknown,,active,needs_review,needs_review,"가격 단위 추정, 수량 표기 감지, 배송비 포함 여부 미확정, 복수 수량 총액 · 카드 1장 가격 아님",estimated,no,no,이터 원종형태 10장 0.1
51d91a3668c8ba5240055f3e,digimontcg,디지몬 카드게임,2026-08,2026-08-07T12:37:43+09:00,known,b54b9338bde2be6efd0eeb98,51d91a3668c8ba5240055f3e,472811,https://m.dcinside.com/board/digimontcg/472811,오늘 도곡 테배 직으로 구매합니다,seller-564911249ec0bde4970974eb,굉장한실키,registered,아라타,아라타,아라타,,,buy,구매,4,0.4,4000,estimated,per_quantity,text,unknown,,active,needs_review,needs_review,"가격 단위 추정, 수량 표기 감지, 배송비 포함 여부 미확정, 복수 수량 총액 · 카드 1장 가격 아님",estimated,no,no,아라타 4장 0.4
666366f8c8bcd093bea3cbd2,digimontcg,디지몬 카드게임,2026-08,2026-08-07T12:37:43+09:00,known,7684b17b6ff5d8c468fa3151,666366f8c8bcd093bea3cbd2,472811,https://m.dcinside.com/board/digimontcg/472811,오늘 도곡 테배 직으로 구매합니다,seller-564911249ec0bde4970974eb,굉장한실키,registered,bt,bt,bt,,,buy,구매,1,,,missing,unknown,unknown,unknown,,active,needs_review,needs_review,"가격 후보 재검토 필요, 가격 미기재",missing,no,no,bt22
672011c5978ff004bfe91be0,digimontcg,디지몬 카드게임,2026-08,2026-08-07T12:37:43+09:00,known,8f7c98ab00aa32eb81ab20df,672011c5978ff004bfe91be0,472811,https://m.dcinside.com/board/digimontcg/472811,오늘 도곡 테배 직으로 구매합니다,seller-564911249ec0bde4970974eb,굉장한실키,registered,아라타,아라타,아라타,,,buy,구매,4,0.4,4000,estimated,per_quantity,text,unknown,,active,needs_review,needs_review,"가격 단위 추정, 수량 표기 감지, 배송비 포함 여부 미확정, 복수 수량 총액 · 카드 1장 가격 아님",estimated,no,no,아라타 4장 0.4
716e25ad7e9474e104ba7cdc,digimontcg,디지몬 카드게임,2026-08,2026-08-07T12:37:43+09:00,known,3341f4db932f8d592440d504,716e25ad7e9474e104ba7cdc,472811,https://m.dcinside.com/board/digimontcg/472811,오늘 도곡 테배 직으로 구매합니다,seller-564911249ec0bde4970974eb,굉장한실키,registered,이터 원종형태,이터 원종형태,이터 원종형태,,,buy,구매,10,0.1,1000,estimated,per_quantity,text,unknown,,active,needs_review,needs_review,"가격 단위 추정, 수량 표기 감지, 배송비 포함 여부 미확정, 복수 수량 총액 · 카드 1장 가격 아님",estimated,no,no,이터 원종형태 10장 0.1
85f718b2bf8e25d46cb1f674,digimontcg,디지몬 카드게임,2026-08,2026-08-07T12:37:43+09:00,known,8f7c98ab00aa32eb81ab20df,85f718b2bf8e25d46cb1f674,472811,https://m.dcinside.com/board/digimontcg/472811,오늘 도곡 테배 직으로 구매합니다,seller-564911249ec0bde4970974eb,굉장한실키,registered,유코,유코,유코,,,buy,구매,3,0.3,3000,estimated,per_quantity,text,unknown,,active,needs_review,needs_review,"가격 단위 추정, 수량 표기 감지, 배송비 포함 여부 미확정, 복수 수량 총액 · 카드 1장 가격 아님",estimated,no,no,유코 3장 0.3
90ef0be5ced2d5f21ffe79db,digimontcg,디지몬 카드게임,2026-08,2026-08-07T12:37:43+09:00,known,3341f4db932f8d592440d504,90ef0be5ced2d5f21ffe79db,472811,https://m.dcinside.com/board/digimontcg/472811,오늘 도곡 테배 직으로 구매합니다,seller-564911249ec0bde4970974eb,굉장한실키,registered,bt,bt,bt,,,buy,구매,1,,,missing,unknown,unknown,unknown,,active,needs_review,needs_review,"가격 후보 재검토 필요, 가격 미기재",missing,no,no,bt22
a8aaa377386866fe2099e2de,digimontcg,디지몬 카드게임,2026-08,2026-08-07T12:37:43+09:00,known,b54b9338bde2be6efd0eeb98,a8aaa377386866fe2099e2de,472811,https://m.dcinside.com/board/digimontcg/472811,오늘 도곡 테배 직으로 구매합니다,seller-564911249ec0bde4970974eb,굉장한실키,registered,유코,유코,유코,,,buy,구매,3,0.3,3000,estimated,per_quantity,text,unknown,,active,needs_review,needs_review,"가격 단위 추정, 수량 표기 감지, 배송비 포함 여부 미확정, 복수 수량 총액 · 카드 1장 가격 아님",estimated,no,no,유코 3장 0.3
b860e00fa76c76d8ae33253f,digimontcg,디지몬 카드게임,2026-08,2026-08-07T12:37:43+09:00,known,b54b9338bde2be6efd0eeb98,b860e00fa76c76d8ae33253f,472811,https://m.dcinside.com/board/digimontcg/472811,오늘 도곡 테배 직으로 구매합니다,seller-564911249ec0bde4970974eb,굉장한실키,registered,미레이,미레이,미레이,,,buy,구매,3,0.5,5000,estimated,per_quantity,text,unknown,,active,needs_review,needs_review,"가격 단위 추정, 수량 표기 감지, 배송비 포함 여부 미확정, 복수 수량 총액 · 카드 1장 가격 아님",estimated,no,no,미레이 3장 0.5
bb0d0a93a89b05160cfaeb9c,digimontcg,디지몬 카드게임,2026-08,2026-08-07T12:37:43+09:00,known,3341f4db932f8d592440d504,bb0d0a93a89b05160cfaeb9c,472811,https://m.dcinside.com/board/digimontcg/472811,오늘 도곡 테배 직으로 구매합니다,seller-564911249ec0bde4970974eb,굉장한실키,registered,아라타,아라타,아라타,,,buy,구매,4,0.4,4000,estimated,per_quantity,text,unknown,,active,needs_review,needs_review,"가격 단위 추정, 수량 표기 감지, 배송비 포함 여부 미확정, 복수 수량 총액 · 카드 1장 가격 아님",estimated,no,no,아라타 4장 0.4
bdfd6e6d3031f719dd54eb9f,digimontcg,디지몬 카드게임,2026-08,2026-08-07T12:37:43+09:00,known,b54b9338bde2be6efd0eeb98,bdfd6e6d3031f719dd54eb9f,472811,https://m.dcinside.com/board/digimontcg/472811,오늘 도곡 테배 직으로 구매합니다,seller-564911249ec0bde4970974eb,굉장한실키,registered,bt,bt,bt,,,buy,구매,1,,,missing,unknown,unknown,unknown,,active,needs_review,needs_review,"가격 후보 재검토 필요, 가격 미기재",missing,no,no,bt22
c60540971ff784e8edc5661a,digimontcg,디지몬 카드게임,2026-08,2026-08-07T12:37:43+09:00,known,7684b17b6ff5d8c468fa3151,c60540971ff784e8edc5661a,472811,https://m.dcinside.com/board/digimontcg/472811,오늘 도곡 테배 직으로 구매합니다,seller-564911249ec0bde4970974eb,굉장한실키,registered,미레이,미레이,미레이,,,buy,구매,3,0.5,5000,estimated,per_quantity,text,unknown,,active,needs_review,needs_review,"가격 단위 추정, 수량 표기 감지, 배송비 포함 여부 미확정, 복수 수량 총액 · 카드 1장 가격 아님",estimated,no,no,미레이 3장 0.5
d9b3d1e6cbddcd5a9b55dd5b,digimontcg,디지몬 카드게임,2026-08,2026-08-07T12:37:43+09:00,known,b54b9338bde2be6efd0eeb98,d9b3d1e6cbddcd5a9b55dd5b,472811,https://m.dcinside.com/board/digimontcg/472811,오늘 도곡 테배 직으로 구매합니다,seller-564911249ec0bde4970974eb,굉장한실키,registered,이터 원종형태,이터 원종형태,이터 원종형태,,,buy,구매,10,0.1,1000,estimated,per_quantity,text,unknown,,active,needs_review,needs_review,"가격 단위 추정, 수량 표기 감지, 배송비 포함 여부 미확정, 복수 수량 총액 · 카드 1장 가격 아님",estimated,no,no,이터 원종형태 10장 0.1
e838769129e950558b234234,digimontcg,디지몬 카드게임,2026-08,2026-08-07T12:37:43+09:00,known,3341f4db932f8d592440d504,e838769129e950558b234234,472811,https://m.dcinside.com/board/digimontcg/472811,오늘 도곡 테배 직으로 구매합니다,seller-564911249ec0bde4970974eb,굉장한실키,registered,유코,유코,유코,,,buy,구매,3,0.3,3000,estimated,per_quantity,text,unknown,,active,needs_review,needs_review,"가격 단위 추정, 수량 표기 감지, 배송비 포함 여부 미확정, 복수 수량 총액 · 카드 1장 가격 아님",estimated,no,no,유코 3장 0.3
ed7e9bf50eceebf58bcf7410,digimontcg,디지몬 카드게임,2026-08,2026-08-07T12:37:43+09:00,known,8f7c98ab00aa32eb81ab20df,ed7e9bf50eceebf58bcf7410,472811,https://m.dcinside.com/board/digimontcg/472811,오늘 도곡 테배 직으로 구매합니다,seller-564911249ec0bde4970974eb,굉장한실키,registered,미레이,미레이,미레이,,,buy,구매,3,0.5,5000,estimated,per_quantity,text,unknown,,active,needs_review,needs_review,"가격 단위 추정, 수량 표기 감지, 배송비 포함 여부 미확정, 복수 수량 총액 · 카드 1장 가격 아님",estimated,no,no,미레이 3장 0.5
f52b342c0560e1c6b800c93f,digimontcg,디지몬 카드게임,2026-08,2026-08-07T12:37:43+09:00,known,3341f4db932f8d592440d504,f52b342c0560e1c6b800c93f,472811,https://m.dcinside.com/board/digimontcg/472811,오늘 도곡 테배 직으로 구매합니다,seller-564911249ec0bde4970974eb,굉장한실키,registered,미레이,미레이,미레이,,,buy,구매,3,0.5,5000,estimated,per_quantity,text,unknown,,active,needs_review,needs_review,"가격 단위 추정, 수량 표기 감지, 배송비 포함 여부 미확정, 복수 수량 총액 · 카드 1장 가격 아님",estimated,no,no,미레이 3장 0.5
f92965f16595add82fc26435,digimontcg,디지몬 카드게임,2026-08,2026-08-07T12:37:43+09:00,known,8f7c98ab00aa32eb81ab20df,f92965f16595add82fc26435,472811,https://m.dcinside.com/board/digimontcg/472811,오늘 도곡 테배 직으로 구매합니다,seller-564911249ec0bde4970974eb,굉장한실키,registered,bt,bt,bt,,,buy,구매,1,,,missing,unknown,unknown,unknown,,active,needs_review,needs_review,"가격 후보 재검토 필요, 가격 미기재",missing,no,no,bt22
0beb62509bdb9899befc5ac5,digimontcg,디지몬 카드게임,2026-08,2026-08-07T13:16:05+09:00,known,9ca9f34315d7f2e13b0a0398,0beb62509bdb9899befc5ac5,472820,https://m.dcinside.com/board/digimontcg/472820,11시크 리나 페레 구매합니다,seller-7a7677d18dbdc4bdbf0c3d6e,Parvati,registered,11시크 리나 페레,11시크 리나 페레,11시크 리나 페레,,,buy,구매,1,,,missing,unknown,unknown,unknown,,active,needs_review,needs_review,"가격 후보 재검토 필요, 가격 미기재",missing,no,no,11시크 리나 페레 구매합니다
2e4fefc2f98968949d01032c,digimontcg,디지몬 카드게임,2026-08,2026-08-07T13:16:05+09:00,known,6de991f1f5c6314d5efa4b23,2e4fefc2f98968949d01032c,472820,https://m.dcinside.com/board/digimontcg/472820,11시크 리나 페레 구매합니다,seller-7a7677d18dbdc4bdbf0c3d6e,Parvati,registered,11시크 리나 페레,11시크 리나 페레,11시크 리나 페레,,,buy,구매,1,,,missing,unknown,unknown,unknown,,active,needs_review,needs_review,"가격 후보 재검토 필요, 가격 미기재",missing,no,no,11시크 리나 페레 구매합니다
3bf980f7a9d4b6332508dda7,digimontcg,디지몬 카드게임,2026-08,2026-08-07T13:16:05+09:00,known,222cadc8f8eed53edcedb3e6,3bf980f7a9d4b6332508dda7,472820,https://m.dcinside.com/board/digimontcg/472820,11시크 리나 페레 구매합니다,seller-7a7677d18dbdc4bdbf0c3d6e,Parvati,registered,11시크 리나 페레,11시크 리나 페레,11시크 리나 페레,,,buy,구매,1,,,missing,unknown,unknown,unknown,,active,needs_review,needs_review,"가격 후보 재검토 필요, 가격 미기재",missing,no,no,11시크 리나 페레 구매합니다
dddd44abbc73542137fec29c,digimontcg,디지몬 카드게임,2026-08,2026-08-07T13:16:05+09:00,known,8f564fd0f8b30a7a7e48cb1e,dddd44abbc73542137fec29c,472820,https://m.dcinside.com/board/digimontcg/472820,11시크 리나 페레 구매합니다,seller-7a7677d18dbdc4bdbf0c3d6e,Parvati,registered,11시크 리나 페레,11시크 리나 페레,11시크 리나 페레,,,buy,구매,1,,,missing,unknown,unknown,unknown,,active,needs_review,needs_review,"가격 후보 재검토 필요, 가격 미기재",missing,no,no,11시크 리나 페레 구매합니다
41406dfffaecfa45076d83e6,digimontcg,디지몬 카드게임,2026-08,2026-08-07T15:19:31+09:00,known,7b618f3c92843c81436220f6,41406dfffaecfa45076d83e6,472851,https://m.dcinside.com/board/digimontcg/472851,뉴비 완덱 구해봅니다.,seller-1d9a0c4f0ef2c8fa4c185f9d,수미네옷가게,guest,바황덱,바황덱,바황덱,,,buy,구매,1,6,60000,estimated,bundle,text,unknown,,active,needs_review,needs_review,"가격 단위 추정, 배송비 포함 여부 미확정, 묶음·세트 총액 · 개별 카드 가격 아님",estimated,no,no,바황덱 6 정도 생각하고 있습니다.
c066928c7988dc5653fc8354,digimontcg,디지몬 카드게임,2026-08,2026-08-07T15:19:31+09:00,known,c6b565c6f39569c0eed4bdda,c066928c7988dc5653fc8354,472851,https://m.dcinside.com/board/digimontcg/472851,뉴비 완덱 구해봅니다.,seller-dfc5f4fdee6f17366f9d55e8,수미네옷가게,guest,바황덱,바황덱,바황덱,,,buy,구매,1,6,60000,estimated,bundle,text,unknown,,active,needs_review,needs_review,"가격 단위 추정, 배송비 포함 여부 미확정, 묶음·세트 총액 · 개별 카드 가격 아님",estimated,no,no,바황덱 6 정도 생각하고 있습니다.
e1bb1c46856930fca58df13d,digimontcg,디지몬 카드게임,2026-08,2026-08-07T15:19:31+09:00,known,47d075f1404c07cdfe3f1fea,e1bb1c46856930fca58df13d,472851,https://m.dcinside.com/board/digimontcg/472851,뉴비 완덱 구해봅니다.,seller-57aa5a576091ff22a1e71e3d,수미네옷가게,guest,바황덱,바황덱,바황덱,,,buy,구매,1,6,60000,estimated,bundle,text,unknown,,active,needs_review,needs_review,"가격 단위 추정, 배송비 포함 여부 미확정, 묶음·세트 총액 · 개별 카드 가격 아님",estimated,no,no,바황덱 6 정도 생각하고 있습니다.
f206fea2e978097f35215ab2,digimontcg,디지몬 카드게임,2026-08,2026-08-07T15:19:31+09:00,known,9929f15267abb744e4e08d94,f206fea2e978097f35215ab2,472851,https://m.dcinside.com/board/digimontcg/472851,뉴비 완덱 구해봅니다.,seller-e3af0bd3b0b85b769637abf0,수미네옷가게,guest,바황덱,바황덱,바황덱,,,buy,구매,1,6,60000,estimated,bundle,text,unknown,,active,needs_review,needs_review,"가격 단위 추정, 배송비 포함 여부 미확정, 묶음·세트 총액 · 개별 카드 가격 아님",estimated,no,no,바황덱 6 정도 생각하고 있습니다.
386d11a28287e5bc86f5202b,digimontcg,디지몬 카드게임,2026-08,2026-08-07T16:21:48+09:00,known,c489b2f66288a82e5929afbe,386d11a28287e5bc86f5202b,472870,https://m.dcinside.com/board/digimontcg/472870,"ex8 레나몬 엑항 페레, bt19 프로모 은세나 삽니다(구매완)",seller-47ffcdc15dc85fce908d862d,마일도,registered,ex8 레나몬 엑항 페레 bt19 프로모 은세나 완,ex8 레나몬 엑항 페레 bt19 프로모 은세나 완,"ex8 레나몬 엑항 페레, bt19 프로모 은세나 (완",,,buy,구매,4,,,missing,unknown,unknown,unknown,,active,needs_review,needs_review,"가격 후보 재검토 필요, 가격 미기재",missing,no,no,"ex8 레나몬 엑항 페레, bt19 프로모 은세나 삽니다(구매완)"
64d668faded73389875c62fd,digimontcg,디지몬 카드게임,2026-08,2026-08-07T16:21:48+09:00,known,2e24c6ffbb058cf9cdc7580b,64d668faded73389875c62fd,472870,https://m.dcinside.com/board/digimontcg/472870,"ex8 레나몬 엑항 페레, bt19 프로모 은세나 삽니다(구매완)",seller-47ffcdc15dc85fce908d862d,마일도,registered,ex8 레나몬 엑항 페레 bt19 프로모 은세나 완,ex8 레나몬 엑항 페레 bt19 프로모 은세나 완,"ex8 레나몬 엑항 페레, bt19 프로모 은세나 (완",,,buy,구매,4,,,missing,unknown,unknown,unknown,,active,needs_review,needs_review,"가격 후보 재검토 필요, 가격 미기재",missing,no,no,"ex8 레나몬 엑항 페레, bt19 프로모 은세나 삽니다(구매완)"
993b14e6d7bda08e52a653f1,digimontcg,디지몬 카드게임,2026-08,2026-08-07T16:21:48+09:00,known,02c3cad6bd99ad55832d2d3b,993b14e6d7bda08e52a653f1,472870,https://m.dcinside.com/board/digimontcg/472870,"ex8 레나몬 엑항 페레, bt19 프로모 은세나 삽니다(구매완)",seller-47ffcdc15dc85fce908d862d,마일도,registered,ex8 레나몬 엑항 페레 bt19 프로모 은세나 완,ex8 레나몬 엑항 페레 bt19 프로모 은세나 완,"ex8 레나몬 엑항 페레, bt19 프로모 은세나 (완",,,buy,구매,4,,,missing,unknown,unknown,unknown,,active,needs_review,needs_review,"가격 후보 재검토 필요, 가격 미기재",missing,no,no,"ex8 레나몬 엑항 페레, bt19 프로모 은세나 삽니다(구매완)"
d01a1fd25e0f894ce526cc20,digimontcg,디지몬 카드게임,2026-08,2026-08-07T16:21:48+09:00,known,44e94e67f5238721163511d0,d01a1fd25e0f894ce526cc20,472870,https://m.dcinside.com/board/digimontcg/472870,"ex8 레나몬 엑항 페레, bt19 프로모 은세나 삽니다(구매완)",seller-47ffcdc15dc85fce908d862d,마일도,registered,ex8 레나몬 엑항 페레 bt19 프로모 은세나 완,ex8 레나몬 엑항 페레 bt19 프로모 은세나 완,"ex8 레나몬 엑항 페레, bt19 프로모 은세나 (완",,,buy,구매,4,,,missing,unknown,unknown,unknown,,active,needs_review,needs_review,"가격 후보 재검토 필요, 가격 미기재",missing,no,no,"ex8 레나몬 엑항 페레, bt19 프로모 은세나 삽니다(구매완)"
4561d416c97e89c2b364b63e,digimontcg,디지몬 카드게임,2026-08,2026-08-07T16:51:23+09:00,known,0cc74e2dad99532dcb3d1b1a,4561d416c97e89c2b364b63e,472887,https://m.dcinside.com/board/digimontcg/472887,22 미레이 페레 2장 ㅍㅍ(글),seller-b85731a6a9c3e263284f53fd,윤세현,guest,,장당,장당,,,buy,구매,1,10,100000,estimated,per_card,text,unknown,,active,excluded,needs_review,"가격 단위 추정, 배송비 포함 여부 미확정, 스크립트·광고 문구로 추정되는 오염 행",estimated,yes,no,장당 10정도 하네. 두장 다 구매해가시면 배송비는 제쪽 부담.
dbdea48928bbf5a27880639a,digimontcg,디지몬 카드게임,2026-08,2026-08-07T16:51:23+09:00,known,9e55a175438a753a31899aaf,dbdea48928bbf5a27880639a,472887,https://m.dcinside.com/board/digimontcg/472887,22 미레이 페레 2장 ㅍㅍ(글),seller-bf951fc09e744e146f133e31,윤세현,guest,,장당,장당,,,buy,구매,1,10,100000,estimated,per_card,text,unknown,,active,excluded,needs_review,"가격 단위 추정, 배송비 포함 여부 미확정, 스크립트·광고 문구로 추정되는 오염 행",estimated,yes,no,장당 10정도 하네. 두장 다 구매해가시면 배송비는 제쪽 부담.
e0ce2254a156187dda6857f4,digimontcg,디지몬 카드게임,2026-08,2026-08-07T16:51:23+09:00,known,76d0dc09c31b311fd40b3bcd,e0ce2254a156187dda6857f4,472887,https://m.dcinside.com/board/digimontcg/472887,22 미레이 페레 2장 ㅍㅍ(글),seller-66e23f885b3089dd28ccae27,윤세현,guest,,장당,장당,,,buy,구매,1,10,100000,estimated,per_card,text,unknown,,active,excluded,needs_review,"가격 단위 추정, 배송비 포함 여부 미확정, 스크립트·광고 문구로 추정되는 오염 행",estimated,yes,no,장당 10정도 하네. 두장 다 구매해가시면 배송비는 제쪽 부담.
756becff20c9614c0586a471,digimontcg,디지몬 카드게임,2026-08,2026-08-07T17:29:14+09:00,known,ef007ddd10aa7c22e9e6010d,756becff20c9614c0586a471,472914,https://m.dcinside.com/board/digimontcg/472914,릴리몬 교류회 삽니다,seller-2df535c10bd31c16c7d61d53,테이머,guest,릴리몬 교류회,릴리몬 교류회,릴리몬 교류회,,,buy,구매,1,,,missing,unknown,unknown,unknown,,active,needs_review,needs_review,"가격 후보 재검토 필요, 가격 미기재",missing,no,no,릴리몬 교류회 삽니다
cd163f06a58e2d228c7dcfaf,digimontcg,디지몬 카드게임,2026-08,2026-08-07T17:29:14+09:00,known,949703dfce2b7815b17ad8c9,cd163f06a58e2d228c7dcfaf,472914,https://m.dcinside.com/board/digimontcg/472914,릴리몬 교류회 삽니다,seller-34d64f5917170dbd4bb48f4c,테이머,guest,릴리몬 교류회,릴리몬 교류회,릴리몬 교류회,,,buy,구매,1,,,missing,unknown,unknown,unknown,,active,needs_review,needs_review,"가격 후보 재검토 필요, 가격 미기재",missing,no,no,릴리몬 교류회 삽니다
d9df488f7ad97769dfa827ca,digimontcg,디지몬 카드게임,2026-08,2026-08-07T17:29:14+09:00,known,47783460963516bf563a0cbd,d9df488f7ad97769dfa827ca,472914,https://m.dcinside.com/board/digimontcg/472914,릴리몬 교류회 삽니다,seller-b7404a7eb1242d7805e57fb1,테이머,guest,릴리몬 교류회,릴리몬 교류회,릴리몬 교류회,,,buy,구매,1,,,missing,unknown,unknown,unknown,,active,needs_review,needs_review,"가격 후보 재검토 필요, 가격 미기재",missing,no,no,릴리몬 교류회 삽니다
efaa274779c509a311ad6ac9,digimontcg,디지몬 카드게임,2026-08,2026-08-07T17:29:14+09:00,known,99bdcf380e8ac0ab1437532f,efaa274779c509a311ad6ac9,472914,https://m.dcinside.com/board/digimontcg/472914,릴리몬 교류회 삽니다,seller-72704b92898810c55cbbeaa5,테이머,guest,릴리몬 교류회,릴리몬 교류회,릴리몬 교류회,,,buy,구매,1,,,missing,unknown,unknown,unknown,,active,needs_review,needs_review,"가격 후보 재검토 필요, 가격 미기재",missing,no,no,릴리몬 교류회 삽니다
05d9196b3eea4e9a04fe463d,digimontcg,디지몬 카드게임,2026-08,2026-08-07T17:46:51+09:00,known,2bf58a0060794376332166b4,05d9196b3eea4e9a04fe463d,472933,https://m.dcinside.com/board/digimontcg/472933,"22 미레이 페레, 15아포카리몬 페레 등 구합니다",seller-e1d2c574b8c496acfbfebee1,뉴비일지도몰라,guest,가루다몬 에이스 페레,가루다몬 에이스 페레,15 가루다몬 에이스 페레,,,buy,구매,1,0.5,5000,estimated,per_card,text,unknown,,active,needs_review,needs_review,"가격 단위 추정, 배송비 포함 여부 미확정",estimated,yes,no,15 가루다몬 에이스 페레 0.5
068a2c73e0ccb1c3ae054b9a,digimontcg,디지몬 카드게임,2026-08,2026-08-07T17:46:51+09:00,known,260c7d384f7f761ded1cceb8,068a2c73e0ccb1c3ae054b9a,472933,https://m.dcinside.com/board/digimontcg/472933,"22 미레이 페레, 15아포카리몬 페레 등 구합니다",seller-e7b2b5386b748c0111e73f68,뉴비일지도몰라,guest,프로모 디아블로몬 에이스,프로모 디아블로몬 에이스,14 프로모 디아블로몬 에이스,,,buy,구매,1,0.3,3000,estimated,per_card,text,unknown,,active,needs_review,needs_review,"가격 단위 추정, 배송비 포함 여부 미확정",estimated,yes,no,14 프로모 디아블로몬 에이스 0.3
12538cb983d9cb7378d2598f,digimontcg,디지몬 카드게임,2026-08,2026-08-07T17:46:51+09:00,known,2bf58a0060794376332166b4,12538cb983d9cb7378d2598f,472933,https://m.dcinside.com/board/digimontcg/472933,"22 미레이 페레, 15아포카리몬 페레 등 구합니다",seller-e1d2c574b8c496acfbfebee1,뉴비일지도몰라,guest,아포카리몬 페레,아포카리몬 페레,15 아포카리몬 페레,,,buy,구매,1,1.5,15000,estimated,per_card,text,unknown,,active,needs_review,needs_review,"가격 단위 추정, 배송비 포함 여부 미확정",estimated,yes,no,15 아포카리몬 페레 1.5
170849ae7bb015a1a630e0e6,digimontcg,디지몬 카드게임,2026-08,2026-08-07T17:46:51+09:00,known,b57d7c3cf0abc86d95dc445a,170849ae7bb015a1a630e0e6,472933,https://m.dcinside.com/board/digimontcg/472933,"22 미레이 페레, 15아포카리몬 페레 등 구합니다",seller-9f2b25e48de015c3c8e73b36,뉴비일지도몰라,guest,가루다몬 에이스 페레,가루다몬 에이스 페레,15 가루다몬 에이스 페레,,,buy,구매,1,0.5,5000,estimated,per_card,text,unknown,,active,needs_review,needs_review,"가격 단위 추정, 배송비 포함 여부 미확정",estimated,yes,no,15 가루다몬 에이스 페레 0.5
2c232728c7f4df99acb0ca1a,digimontcg,디지몬 카드게임,2026-08,2026-08-07T17:46:51+09:00,known,b57d7c3cf0abc86d95dc445a,2c232728c7f4df99acb0ca1a,472933,https://m.dcinside.com/board/digimontcg/472933,"22 미레이 페레, 15아포카리몬 페레 등 구합니다",seller-9f2b25e48de015c3c8e73b36,뉴비일지도몰라,guest,아포카리몬 페레,아포카리몬 페레,15 아포카리몬 페레,,,buy,구매,1,1.5,15000,estimated,per_card,text,unknown,,active,needs_review,needs_review,"가격 단위 추정, 배송비 포함 여부 미확정",estimated,yes,no,15 아포카리몬 페레 1.5
3e47d7d410191fe794a9936c,digimontcg,디지몬 카드게임,2026-08,2026-08-07T17:46:51+09:00,known,b57d7c3cf0abc86d95dc445a,3e47d7d410191fe794a9936c,472933,https://m.dcinside.com/board/digimontcg/472933,"22 미레이 페레, 15아포카리몬 페레 등 구합니다",seller-9f2b25e48de015c3c8e73b36,뉴비일지도몰라,guest,프로모 디아블로몬 에이스,프로모 디아블로몬 에이스,14 프로모 디아블로몬 에이스,,,buy,구매,1,0.3,3000,estimated,per_card,text,unknown,,active,needs_review,needs_review,"가격 단위 추정, 배송비 포함 여부 미확정",estimated,yes,no,14 프로모 디아블로몬 에이스 0.3
4aec8848b454b25f9c0e6c51,digimontcg,디지몬 카드게임,2026-08,2026-08-07T17:46:51+09:00,known,2bf58a0060794376332166b4,4aec8848b454b25f9c0e6c51,472933,https://m.dcinside.com/board/digimontcg/472933,"22 미레이 페레, 15아포카리몬 페레 등 구합니다",seller-e1d2c574b8c496acfbfebee1,뉴비일지도몰라,guest,프로모 디아블로몬 에이스,프로모 디아블로몬 에이스,14 프로모 디아블로몬 에이스,,,buy,구매,1,0.3,3000,estimated,per_card,text,unknown,,active,needs_review,needs_review,"가격 단위 추정, 배송비 포함 여부 미확정",estimated,yes,no,14 프로모 디아블로몬 에이스 0.3
52d8a960291e2dc800b8c562,digimontcg,디지몬 카드게임,2026-08,2026-08-07T17:46:51+09:00,known,b57d7c3cf0abc86d95dc445a,52d8a960291e2dc800b8c562,472933,https://m.dcinside.com/board/digimontcg/472933,"22 미레이 페레, 15아포카리몬 페레 등 구합니다",seller-9f2b25e48de015c3c8e73b36,뉴비일지도몰라,guest,아트라캅테리몬 에이스 페레,아트라캅테리몬 에이스 페레,15 아트라캅테리몬 에이스 페레,,,buy,구매,1,0.6,6000,estimated,per_card,text,unknown,,active,needs_review,needs_review,"가격 단위 추정, 배송비 포함 여부 미확정",estimated,yes,no,15 아트라캅테리몬 에이스 페레 0.6
7450c5b897661666f518664c,digimontcg,디지몬 카드게임,2026-08,2026-08-07T17:46:51+09:00,known,e2103a7ef732ffbc624b9ace,7450c5b897661666f518664c,472933,https://m.dcinside.com/board/digimontcg/472933,"22 미레이 페레, 15아포카리몬 페레 등 구합니다",seller-bc401186cb0e997515925994,뉴비일지도몰라,guest,Ex5 청룡몬 에이스 페레,Ex5 청룡몬 에이스 페레,Ex5 청룡몬 에이스 페레,,,buy,구매,1,0.3,3000,estimated,per_card,text,unknown,,active,needs_review,needs_review,"가격 단위 추정, 배송비 포함 여부 미확정",estimated,yes,no,Ex5 청룡몬 에이스 페레 0.3
7a84e04c6f45c4657e34d417,digimontcg,디지몬 카드게임,2026-08,2026-08-07T17:46:51+09:00,known,260c7d384f7f761ded1cceb8,7a84e04c6f45c4657e34d417,472933,https://m.dcinside.com/board/digimontcg/472933,"22 미레이 페레, 15아포카리몬 페레 등 구합니다",seller-e7b2b5386b748c0111e73f68,뉴비일지도몰라,guest,가루다몬 에이스 페레,가루다몬 에이스 페레,15 가루다몬 에이스 페레,,,buy,구매,1,0.5,5000,estimated,per_card,text,unknown,,active,needs_review,needs_review,"가격 단위 추정, 배송비 포함 여부 미확정",estimated,yes,no,15 가루다몬 에이스 페레 0.5
9806f5a41f2829f0924e3aca,digimontcg,디지몬 카드게임,2026-08,2026-08-07T17:46:51+09:00,known,2bf58a0060794376332166b4,9806f5a41f2829f0924e3aca,472933,https://m.dcinside.com/board/digimontcg/472933,"22 미레이 페레, 15아포카리몬 페레 등 구합니다",seller-e1d2c574b8c496acfbfebee1,뉴비일지도몰라,guest,릴리몬 에이스 페레,릴리몬 에이스 페레,14 릴리몬 에이스 페레,,,buy,구매,1,0.5,5000,estimated,per_card,text,unknown,,active,needs_review,needs_review,"가격 단위 추정, 배송비 포함 여부 미확정",estimated,yes,no,14 릴리몬 에이스 페레 0.5
a0aba3303e5f4320ccd4e6d9,digimontcg,디지몬 카드게임,2026-08,2026-08-07T17:46:51+09:00,known,260c7d384f7f761ded1cceb8,a0aba3303e5f4320ccd4e6d9,472933,https://m.dcinside.com/board/digimontcg/472933,"22 미레이 페레, 15아포카리몬 페레 등 구합니다",seller-e7b2b5386b748c0111e73f68,뉴비일지도몰라,guest,릴리몬 에이스 페레,릴리몬 에이스 페레,14 릴리몬 에이스 페레,,,buy,구매,1,0.5,5000,estimated,per_card,text,unknown,,active,needs_review,needs_review,"가격 단위 추정, 배송비 포함 여부 미확정",estimated,yes,no,14 릴리몬 에이스 페레 0.5
a6521162e448549580973db7,digimontcg,디지몬 카드게임,2026-08,2026-08-07T17:46:51+09:00,known,260c7d384f7f761ded1cceb8,a6521162e448549580973db7,472933,https://m.dcinside.com/board/digimontcg/472933,"22 미레이 페레, 15아포카리몬 페레 등 구합니다",seller-e7b2b5386b748c0111e73f68,뉴비일지도몰라,guest,아포카리몬 페레,아포카리몬 페레,15 아포카리몬 페레,,,buy,구매,1,1.5,15000,estimated,per_card,text,unknown,,active,needs_review,needs_review,"가격 단위 추정, 배송비 포함 여부 미확정",estimated,yes,no,15 아포카리몬 페레 1.5
ad8cef0054e4437bd91d3a11,digimontcg,디지몬 카드게임,2026-08,2026-08-07T17:46:51+09:00,known,260c7d384f7f761ded1cceb8,ad8cef0054e4437bd91d3a11,472933,https://m.dcinside.com/board/digimontcg/472933,"22 미레이 페레, 15아포카리몬 페레 등 구합니다",seller-e7b2b5386b748c0111e73f68,뉴비일지도몰라,guest,Ex5 청룡몬 에이스 페레,Ex5 청룡몬 에이스 페레,Ex5 청룡몬 에이스 페레,,,buy,구매,1,0.3,3000,estimated,per_card,text,unknown,,active,needs_review,needs_review,"가격 단위 추정, 배송비 포함 여부 미확정",estimated,yes,no,Ex5 청룡몬 에이스 페레 0.3
add51531affec175a11e8f41,digimontcg,디지몬 카드게임,2026-08,2026-08-07T17:46:51+09:00,known,2bf58a0060794376332166b4,add51531affec175a11e8f41,472933,https://m.dcinside.com/board/digimontcg/472933,"22 미레이 페레, 15아포카리몬 페레 등 구합니다",seller-e1d2c574b8c496acfbfebee1,뉴비일지도몰라,guest,Ex5 청룡몬 에이스 페레,Ex5 청룡몬 에이스 페레,Ex5 청룡몬 에이스 페레,,,buy,구매,1,0.3,3000,estimated,per_card,text,unknown,,active,needs_review,needs_review,"가격 단위 추정, 배송비 포함 여부 미확정",estimated,yes,no,Ex5 청룡몬 에이스 페레 0.3
bcdeb5e919f1d4fb2fb71df4,digimontcg,디지몬 카드게임,2026-08,2026-08-07T17:46:51+09:00,known,b57d7c3cf0abc86d95dc445a,bcdeb5e919f1d4fb2fb71df4,472933,https://m.dcinside.com/board/digimontcg/472933,"22 미레이 페레, 15아포카리몬 페레 등 구합니다",seller-9f2b25e48de015c3c8e73b36,뉴비일지도몰라,guest,Ex5 청룡몬 에이스 페레,Ex5 청룡몬 에이스 페레,Ex5 청룡몬 에이스 페레,,,buy,구매,1,0.3,3000,estimated,per_card,text,unknown,,active,needs_review,needs_review,"가격 단위 추정, 배송비 포함 여부 미확정",estimated,yes,no,Ex5 청룡몬 에이스 페레 0.3
c4751a841f3d5e0f2d905be7,digimontcg,디지몬 카드게임,2026-08,2026-08-07T17:46:51+09:00,known,e2103a7ef732ffbc624b9ace,c4751a841f3d5e0f2d905be7,472933,https://m.dcinside.com/board/digimontcg/472933,"22 미레이 페레, 15아포카리몬 페레 등 구합니다",seller-bc401186cb0e997515925994,뉴비일지도몰라,guest,릴리몬 에이스 페레,릴리몬 에이스 페레,14 릴리몬 에이스 페레,,,buy,구매,1,0.5,5000,estimated,per_card,text,unknown,,active,needs_review,needs_review,"가격 단위 추정, 배송비 포함 여부 미확정",estimated,yes,no,14 릴리몬 에이스 페레 0.5
cc41b51706c9a3b0390223dd,digimontcg,디지몬 카드게임,2026-08,2026-08-07T17:46:51+09:00,known,2bf58a0060794376332166b4,cc41b51706c9a3b0390223dd,472933,https://m.dcinside.com/board/digimontcg/472933,"22 미레이 페레, 15아포카리몬 페레 등 구합니다",seller-e1d2c574b8c496acfbfebee1,뉴비일지도몰라,guest,아트라캅테리몬 에이스 페레,아트라캅테리몬 에이스 페레,15 아트라캅테리몬 에이스 페레,,,buy,구매,1,0.6,6000,estimated,per_card,text,unknown,,active,needs_review,needs_review,"가격 단위 추정, 배송비 포함 여부 미확정",estimated,yes,no,15 아트라캅테리몬 에이스 페레 0.6
d021c12144c22957e43d208f,digimontcg,디지몬 카드게임,2026-08,2026-08-07T17:46:51+09:00,known,e2103a7ef732ffbc624b9ace,d021c12144c22957e43d208f,472933,https://m.dcinside.com/board/digimontcg/472933,"22 미레이 페레, 15아포카리몬 페레 등 구합니다",seller-bc401186cb0e997515925994,뉴비일지도몰라,guest,가루다몬 에이스 페레,가루다몬 에이스 페레,15 가루다몬 에이스 페레,,,buy,구매,1,0.5,5000,estimated,per_card,text,unknown,,active,needs_review,needs_review,"가격 단위 추정, 배송비 포함 여부 미확정",estimated,yes,no,15 가루다몬 에이스 페레 0.5
d1e2c61b9fd42d7eeea77710,digimontcg,디지몬 카드게임,2026-08,2026-08-07T17:46:51+09:00,known,b57d7c3cf0abc86d95dc445a,d1e2c61b9fd42d7eeea77710,472933,https://m.dcinside.com/board/digimontcg/472933,"22 미레이 페레, 15아포카리몬 페레 등 구합니다",seller-9f2b25e48de015c3c8e73b36,뉴비일지도몰라,guest,릴리몬 에이스 페레,릴리몬 에이스 페레,14 릴리몬 에이스 페레,,,buy,구매,1,0.5,5000,estimated,per_card,text,unknown,,active,needs_review,needs_review,"가격 단위 추정, 배송비 포함 여부 미확정",estimated,yes,no,14 릴리몬 에이스 페레 0.5
d7cd34d990ade9efd1858172,digimontcg,디지몬 카드게임,2026-08,2026-08-07T17:46:51+09:00,known,e2103a7ef732ffbc624b9ace,d7cd34d990ade9efd1858172,472933,https://m.dcinside.com/board/digimontcg/472933,"22 미레이 페레, 15아포카리몬 페레 등 구합니다",seller-bc401186cb0e997515925994,뉴비일지도몰라,guest,아포카리몬 페레,아포카리몬 페레,15 아포카리몬 페레,,,buy,구매,1,1.5,15000,estimated,per_card,text,unknown,,active,needs_review,needs_review,"가격 단위 추정, 배송비 포함 여부 미확정",estimated,yes,no,15 아포카리몬 페레 1.5
ec012a24d7b321d86966a8b6,digimontcg,디지몬 카드게임,2026-08,2026-08-07T17:46:51+09:00,known,e2103a7ef732ffbc624b9ace,ec012a24d7b321d86966a8b6,472933,https://m.dcinside.com/board/digimontcg/472933,"22 미레이 페레, 15아포카리몬 페레 등 구합니다",seller-bc401186cb0e997515925994,뉴비일지도몰라,guest,아트라캅테리몬 에이스 페레,아트라캅테리몬 에이스 페레,15 아트라캅테리몬 에이스 페레,,,buy,구매,1,0.6,6000,estimated,per_card,text,unknown,,active,needs_review,needs_review,"가격 단위 추정, 배송비 포함 여부 미확정",estimated,yes,no,15 아트라캅테리몬 에이스 페레 0.6
f6f33ec97bb567f66547a72d,digimontcg,디지몬 카드게임,2026-08,2026-08-07T17:46:51+09:00,known,260c7d384f7f761ded1cceb8,f6f33ec97bb567f66547a72d,472933,https://m.dcinside.com/board/digimontcg/472933,"22 미레이 페레, 15아포카리몬 페레 등 구합니다",seller-e7b2b5386b748c0111e73f68,뉴비일지도몰라,guest,아트라캅테리몬 에이스 페레,아트라캅테리몬 에이스 페레,15 아트라캅테리몬 에이스 페레,,,buy,구매,1,0.6,6000,estimated,per_card,text,unknown,,active,needs_review,needs_review,"가격 단위 추정, 배송비 포함 여부 미확정",estimated,yes,no,15 아트라캅테리몬 에이스 페레 0.6
faf1cf65fa1632d8e652c070,digimontcg,디지몬 카드게임,2026-08,2026-08-07T17:46:51+09:00,known,e2103a7ef732ffbc624b9ace,faf1cf65fa1632d8e652c070,472933,https://m.dcinside.com/board/digimontcg/472933,"22 미레이 페레, 15아포카리몬 페레 등 구합니다",seller-bc401186cb0e997515925994,뉴비일지도몰라,guest,프로모 디아블로몬 에이스,프로모 디아블로몬 에이스,14 프로모 디아블로몬 에이스,,,buy,구매,1,0.3,3000,estimated,per_card,text,unknown,,active,needs_review,needs_review,"가격 단위 추정, 배송비 포함 여부 미확정",estimated,yes,no,14 프로모 디아블로몬 에이스 0.3
20cb328ea06ac4343b5ef653,digimontcg,디지몬 카드게임,2026-08,2026-08-07T19:19:31+09:00,known,33fbfe4f554e946318ac9e4b,20cb328ea06ac4343b5ef653,472974,https://m.dcinside.com/board/digimontcg/472974,밀레 관련 고레어 삽니다.,seller-20578238ea02f2579186a6c0,ㅇㅇ,guest,BT19 문밀레니엄몬 페레,BT19 문밀레니엄몬 페레,BT19 문밀레니엄몬 페레,,,buy,구매,1,2.5,25000,estimated,per_card,text,unknown,,active,needs_review,needs_review,"가격 단위 추정, 배송비 포함 여부 미확정",estimated,yes,no,BT19 문밀레니엄몬 페레 2.5
24773ebf74169fdeed9a6cf9,digimontcg,디지몬 카드게임,2026-08,2026-08-07T19:19:31+09:00,known,da505ed4f1bd7c83fcb589bd,24773ebf74169fdeed9a6cf9,472974,https://m.dcinside.com/board/digimontcg/472974,밀레 관련 고레어 삽니다.,seller-f16ed3631db5b336a0a7a92b,ㅇㅇ,guest,BT19 문밀레니엄몬 페레,BT19 문밀레니엄몬 페레,BT19 문밀레니엄몬 페레,,,buy,구매,1,2.5,25000,estimated,per_card,text,unknown,,active,needs_review,needs_review,"가격 단위 추정, 배송비 포함 여부 미확정",estimated,yes,no,BT19 문밀레니엄몬 페레 2.5
af4125c35b73a8cdedd40577,digimontcg,디지몬 카드게임,2026-08,2026-08-07T19:19:31+09:00,known,7f04532d3cc0fe5f2a4f6d4d,af4125c35b73a8cdedd40577,472974,https://m.dcinside.com/board/digimontcg/472974,밀레 관련 고레어 삽니다.,seller-e7243669ff6f3267742691d7,ㅇㅇ,guest,BT19 문밀레니엄몬 페레,BT19 문밀레니엄몬 페레,BT19 문밀레니엄몬 페레,,,buy,구매,1,2.5,25000,estimated,per_card,text,unknown,,active,needs_review,needs_review,"가격 단위 추정, 배송비 포함 여부 미확정",estimated,yes,no,BT19 문밀레니엄몬 페레 2.5
e48d6f6f11330c589d1bba51,digimontcg,디지몬 카드게임,2026-08,2026-08-07T19:19:31+09:00,known,97d8147ea78ff9502bbe7b3d,e48d6f6f11330c589d1bba51,472974,https://m.dcinside.com/board/digimontcg/472974,밀레 관련 고레어 삽니다.,seller-a31ae7b37d568df922264488,ㅇㅇ,guest,BT19 문밀레니엄몬 페레,BT19 문밀레니엄몬 페레,BT19 문밀레니엄몬 페레,,,buy,구매,1,2.5,25000,estimated,per_card,text,unknown,,active,needs_review,needs_review,"가격 단위 추정, 배송비 포함 여부 미확정",estimated,yes,no,BT19 문밀레니엄몬 페레 2.5
1dd6fde76eee77dec7d393fc,digimontcg,디지몬 카드게임,2026-08,2026-08-07T23:49:54+09:00,known,d1e926cc0e34c5dca6720574,1dd6fde76eee77dec7d393fc,473056,https://m.dcinside.com/board/digimontcg/473056,알파몬 왕룡검 SP 1장 35 구매합니다.,seller-4d8bc4c1f8b4d9c3601fa9e4,길덕춘,guest,알파몬 왕룡검 SP,알파몬 왕룡검 SP,알파몬 왕룡검 SP,,,buy,구매,1,35,350000,estimated,per_card,text,unknown,,active,needs_review,needs_review,"가격 단위 추정, 수량 표기 감지, 배송비 포함 여부 미확정",estimated,yes,no,알파몬 왕룡검 SP 1장 35 구매합니다.
d0fc4c1d5ac4f5e5c0a0d5ef,digimontcg,디지몬 카드게임,2026-08,2026-08-07T23:49:54+09:00,known,1882fe163d0c86f12576e891,d0fc4c1d5ac4f5e5c0a0d5ef,473056,https://m.dcinside.com/board/digimontcg/473056,알파몬 왕룡검 SP 1장 35 구매합니다.,seller-507b3233336615a5aac83695,길덕춘,guest,알파몬 왕룡검 SP,알파몬 왕룡검 SP,알파몬 왕룡검 SP,,,buy,구매,1,35,350000,estimated,per_card,text,unknown,,active,needs_review,needs_review,"가격 단위 추정, 수량 표기 감지, 배송비 포함 여부 미확정",estimated,yes,no,알파몬 왕룡검 SP 1장 35 구매합니다.
e17cf7009b17e801a0b12581,digimontcg,디지몬 카드게임,2026-08,2026-08-07T23:49:54+09:00,known,7a7a342da6ec0d4c7fdf8c37,e17cf7009b17e801a0b12581,473056,https://m.dcinside.com/board/digimontcg/473056,알파몬 왕룡검 SP 1장 35 구매합니다.,seller-501ae4a5a90043735fb6cc91,길덕춘,guest,알파몬 왕룡검 SP,알파몬 왕룡검 SP,알파몬 왕룡검 SP,,,buy,구매,1,35,350000,estimated,per_card,text,unknown,,active,needs_review,needs_review,"가격 단위 추정, 수량 표기 감지, 배송비 포함 여부 미확정",estimated,yes,no,알파몬 왕룡검 SP 1장 35 구매합니다.
f29a091cd6ffedd7379f6f09,digimontcg,디지몬 카드게임,2026-08,2026-08-07T23:49:54+09:00,known,0b7e21d8bf8445313da15bfb,f29a091cd6ffedd7379f6f09,473056,https://m.dcinside.com/board/digimontcg/473056,알파몬 왕룡검 SP 1장 35 구매합니다.,seller-cee7c9d67d8e1908f0a32055,길덕춘,guest,알파몬 왕룡검 SP,알파몬 왕룡검 SP,알파몬 왕룡검 SP,,,buy,구매,1,35,350000,estimated,per_card,text,unknown,,active,needs_review,needs_review,"가격 단위 추정, 수량 표기 감지, 배송비 포함 여부 미확정",estimated,yes,no,알파몬 왕룡검 SP 1장 35 구매합니다.
84c110e1aa1d2ff0bd7111eb,digimontcg,디지몬 카드게임,2026-08,2026-08-08T01:11:05+09:00,known,68d15c3a9dcb651554db4dda,84c110e1aa1d2ff0bd7111eb,473076,https://m.dcinside.com/board/digimontcg/473076,11시크 리나 페레 구매합니다,seller-7a7677d18dbdc4bdbf0c3d6e,Parvati,registered,11시크 리나 페레,11시크 리나 페레,11시크 리나 페레,,,buy,구매,1,,,missing,unknown,unknown,unknown,,active,needs_review,needs_review,"가격 후보 재검토 필요, 가격 미기재",missing,no,no,11시크 리나 페레 구매합니다
b0bb492fb86a0b58927ef85d,digimontcg,디지몬 카드게임,2026-08,2026-08-08T01:11:05+09:00,known,bce063b282d9f06313da56ac,b0bb492fb86a0b58927ef85d,473076,https://m.dcinside.com/board/digimontcg/473076,11시크 리나 페레 구매합니다,seller-7a7677d18dbdc4bdbf0c3d6e,Parvati,registered,11시크 리나 페레,11시크 리나 페레,11시크 리나 페레,,,buy,구매,1,,,missing,unknown,unknown,unknown,,active,needs_review,needs_review,"가격 후보 재검토 필요, 가격 미기재",missing,no,no,11시크 리나 페레 구매합니다
bf9c4363d4ee3ae8fd8a38a7,digimontcg,디지몬 카드게임,2026-08,2026-08-08T01:11:05+09:00,known,d4195a528825a748cc354b10,bf9c4363d4ee3ae8fd8a38a7,473076,https://m.dcinside.com/board/digimontcg/473076,11시크 리나 페레 구매합니다,seller-7a7677d18dbdc4bdbf0c3d6e,Parvati,registered,11시크 리나 페레,11시크 리나 페레,11시크 리나 페레,,,buy,구매,1,,,missing,unknown,unknown,unknown,,active,needs_review,needs_review,"가격 후보 재검토 필요, 가격 미기재",missing,no,no,11시크 리나 페레 구매합니다
c1a6dd95fa24caa37b56a935,digimontcg,디지몬 카드게임,2026-08,2026-08-08T01:11:05+09:00,known,3c2d2da6c038726073aaf8b5,c1a6dd95fa24caa37b56a935,473076,https://m.dcinside.com/board/digimontcg/473076,11시크 리나 페레 구매합니다,seller-7a7677d18dbdc4bdbf0c3d6e,Parvati,registered,11시크 리나 페레,11시크 리나 페레,11시크 리나 페레,,,buy,구매,1,,,missing,unknown,unknown,unknown,,active,needs_review,needs_review,"가격 후보 재검토 필요, 가격 미기재",missing,no,no,11시크 리나 페레 구매합니다
a014a560c605aba5b95abc5c,digimontcg,디지몬 카드게임,2026-08,2026-08-08T15:20:49+09:00,known,58cfcdfd5c1732cad736eed7,a014a560c605aba5b95abc5c,473234,https://m.dcinside.com/board/digimontcg/473234,22탄 유코 페레 삽니다,seller-c7d442e7d55a68e457be7154,헤이더,registered,22탄 유코 페레,22탄 유코 페레,22탄 유코 페레,,,buy,구매,3,,,missing,unknown,unknown,unknown,,active,needs_review,needs_review,"가격 후보 재검토 필요, 가격 미기재",missing,no,no,22탄 유코 페레 삽니다
d22ac0a906274d4e4b22bd94,digimontcg,디지몬 카드게임,2026-08,2026-08-08T15:20:49+09:00,known,f7905e4235f1cd550cad4de6,d22ac0a906274d4e4b22bd94,473234,https://m.dcinside.com/board/digimontcg/473234,22탄 유코 페레 삽니다,seller-c7d442e7d55a68e457be7154,헤이더,registered,22탄 유코 페레,22탄 유코 페레,22탄 유코 페레,,,buy,구매,3,,,missing,unknown,unknown,unknown,,active,needs_review,needs_review,"가격 후보 재검토 필요, 가격 미기재",missing,no,no,22탄 유코 페레 삽니다
e2c9a35b7bd0fc6ad13e47d5,digimontcg,디지몬 카드게임,2026-08,2026-08-08T15:20:49+09:00,known,fe6d09e6efa4e3a79b040396,e2c9a35b7bd0fc6ad13e47d5,473234,https://m.dcinside.com/board/digimontcg/473234,22탄 유코 페레 삽니다,seller-c7d442e7d55a68e457be7154,헤이더,registered,22탄 유코 페레,22탄 유코 페레,22탄 유코 페레,,,buy,구매,3,,,missing,unknown,unknown,unknown,,active,needs_review,needs_review,"가격 후보 재검토 필요, 가격 미기재",missing,no,no,22탄 유코 페레 삽니다
fcc5d65c9398b0f12ecd5c48,digimontcg,디지몬 카드게임,2026-08,2026-08-08T15:20:49+09:00,known,7b97dbf45f42dd39f1ed8582,fcc5d65c9398b0f12ecd5c48,473234,https://m.dcinside.com/board/digimontcg/473234,22탄 유코 페레 삽니다,seller-c7d442e7d55a68e457be7154,헤이더,registered,22탄 유코 페레,22탄 유코 페레,22탄 유코 페레,,,buy,구매,3,,,missing,unknown,unknown,unknown,,active,needs_review,needs_review,"가격 후보 재검토 필요, 가격 미기재",missing,no,no,22탄 유코 페레 삽니다
74b9dc1abc6ce622ae71f089,digimontcg,디지몬 카드게임,2026-08,2026-08-08T23:06:10+09:00,known,6eb1f6cb8a39942af8894f5b,74b9dc1abc6ce622ae71f089,473401,https://m.dcinside.com/board/digimontcg/473401,22탄 미레이 페레 삽니다(완),seller-79261ed9a931aa070b763e1a,ㅇㅇ,guest,,,,,,buy,구매,1,10.0,100000,estimated,per_card,text,unknown,,active,needs_review,needs_review,"가격 단위 추정, 수량 표기 감지, 배송비 포함 여부 미확정, 카드명 확인 필요",estimated,yes,no,1장 10.0에 구해봅니다
7dbb84ba56ca15b38acf0d84,digimontcg,디지몬 카드게임,2026-08,2026-08-08T23:06:10+09:00,known,ed7555e93360099a51fa2a58,7dbb84ba56ca15b38acf0d84,473401,https://m.dcinside.com/board/digimontcg/473401,22탄 미레이 페레 삽니다(완),seller-b01e294c775108331a507437,ㅇㅇ,guest,,,,,,buy,구매,1,10.0,100000,estimated,per_card,text,unknown,,active,needs_review,needs_review,"가격 단위 추정, 수량 표기 감지, 배송비 포함 여부 미확정, 카드명 확인 필요",estimated,yes,no,1장 10.0에 구해봅니다
98a399068c4cbe4c2da46ecf,digimontcg,디지몬 카드게임,2026-08,2026-08-08T23:06:10+09:00,known,68c6c4a95f20e3762fb55da2,98a399068c4cbe4c2da46ecf,473401,https://m.dcinside.com/board/digimontcg/473401,22탄 미레이 페레 삽니다(완),seller-d40b415c577a8baac11ba008,ㅇㅇ,guest,,,,,,buy,구매,1,10.0,100000,estimated,per_card,text,unknown,,active,needs_review,needs_review,"가격 단위 추정, 수량 표기 감지, 배송비 포함 여부 미확정, 카드명 확인 필요",estimated,yes,no,1장 10.0에 구해봅니다
ca312c4d070c62c6e83f8a64,digimontcg,디지몬 카드게임,2026-08,2026-08-08T23:06:10+09:00,known,1117c27a181bb03dca7a4081,ca312c4d070c62c6e83f8a64,473401,https://m.dcinside.com/board/digimontcg/473401,22탄 미레이 페레 삽니다(완),seller-a079ea8513afc71dc78b82a3,ㅇㅇ,guest,,,,,,buy,구매,1,10.0,100000,estimated,per_card,text,unknown,,active,needs_review,needs_review,"가격 단위 추정, 수량 표기 감지, 배송비 포함 여부 미확정, 카드명 확인 필요",estimated,yes,no,1장 10.0에 구해봅니다
4b6f63e03328c7f075d2f9de,digimontcg,디지몬 카드게임,2026-08,2026-08-08T23:39:26+09:00,known,c855bf6a168bff234639791f,4b6f63e03328c7f075d2f9de,473419,https://m.dcinside.com/board/digimontcg/473419,22 디아나몬 페레 삽니다(완),seller-63e5cd1c0985a8f04fa2fce0,ㅇㅇ,guest,,준등기,준등기,,,buy,구매,1,1.7,17000,estimated,per_card,text,unknown,,active,excluded,needs_review,"가격 단위 추정, 수량 표기 감지, 배송비 포함 여부 미확정, 스크립트·광고 문구로 추정되는 오염 행",estimated,yes,no,1장 준등기 1.7 구해봅니다
64c316f60028364ffb74e9f4,digimontcg,디지몬 카드게임,2026-08,2026-08-08T23:39:26+09:00,known,161e1b545211cb3aec2197eb,64c316f60028364ffb74e9f4,473419,https://m.dcinside.com/board/digimontcg/473419,22 디아나몬 페레 삽니다(완),seller-9ff28f7151edda1501edbdb6,ㅇㅇ,guest,,준등기,준등기,,,buy,구매,1,1.7,17000,estimated,per_card,text,unknown,,active,excluded,needs_review,"가격 단위 추정, 수량 표기 감지, 배송비 포함 여부 미확정, 스크립트·광고 문구로 추정되는 오염 행",estimated,yes,no,1장 준등기 1.7 구해봅니다
6c8aab1c17a2265d53effbde,digimontcg,디지몬 카드게임,2026-08,2026-08-08T23:39:26+09:00,known,73adb0a652a7486601804354,6c8aab1c17a2265d53effbde,473419,https://m.dcinside.com/board/digimontcg/473419,22 디아나몬 페레 삽니다(완),seller-cf30d9274d24e070884c18e7,ㅇㅇ,guest,,준등기,준등기,,,buy,구매,1,1.7,17000,estimated,per_card,text,unknown,,active,excluded,needs_review,"가격 단위 추정, 수량 표기 감지, 배송비 포함 여부 미확정, 스크립트·광고 문구로 추정되는 오염 행",estimated,yes,no,1장 준등기 1.7 구해봅니다
de02e26f269488d5214f8d4a,digimontcg,디지몬 카드게임,2026-08,2026-08-08T23:39:26+09:00,known,611ae49b6febe6a8371e82c8,de02e26f269488d5214f8d4a,473419,https://m.dcinside.com/board/digimontcg/473419,22 디아나몬 페레 삽니다(완),seller-e6d2d7909ff511b17dcbf950,ㅇㅇ,guest,,준등기,준등기,,,buy,구매,1,1.7,17000,estimated,per_card,text,unknown,,active,excluded,needs_review,"가격 단위 추정, 수량 표기 감지, 배송비 포함 여부 미확정, 스크립트·광고 문구로 추정되는 오염 행",estimated,yes,no,1장 준등기 1.7 구해봅니다
03152d76775e69ec50a8de35,digimontcg,디지몬 카드게임,2026-08,2026-08-09T00:30:06+09:00,known,c714c0d10df5c468e56c8e05,03152d76775e69ec50a8de35,473432,https://m.dcinside.com/board/digimontcg/473432,"베르제브몬 한판,일판 삽니다.",seller-355a2ec3c2b35fcf1314e86a,어려벙40,registered,loadScript ' t,loadScript ' t,loadScript('//t,,,buy,구매,1,,,removed,unknown,unknown,unknown,,completed,context_only,needs_review,"가격 후보 재검토 필요, 거래 완료 글 · 현재 매물 제외, 가격 삭제 추정",removed,no,no,"loadScript('//t1.kakaocdn.net/kas/static/ba.min.js', true);"
0b2ecd82fe7cbef0fa35c483,digimontcg,디지몬 카드게임,2026-08,2026-08-09T00:30:06+09:00,known,ae438f42c0283472011e68ae,0b2ecd82fe7cbef0fa35c483,473432,https://m.dcinside.com/board/digimontcg/473432,"베르제브몬 한판,일판 삽니다.",seller-355a2ec3c2b35fcf1314e86a,어려벙40,registered,DOM 삽입 헬퍼 현재 스크립트 위치 기준,DOM 삽입 헬퍼 현재 스크립트 위치 기준,// ---- DOM 삽입 헬퍼 (현재 스크립트 위치 기준,,,buy,구매,1,,,removed,unknown,unknown,unknown,,completed,context_only,needs_review,"가격 후보 재검토 필요, 거래 완료 글 · 현재 매물 제외, 가격 삭제 추정",removed,no,no,// ---- DOM 삽입 헬퍼 (현재 스크립트 위치 기준1)
284f64905223e83db07058a1,digimontcg,디지몬 카드게임,2026-08,2026-08-09T00:30:06+09:00,known,c82691c1b570525030d2ab21,284f64905223e83db07058a1,473432,https://m.dcinside.com/board/digimontcg/473432,"베르제브몬 한판,일판 삽니다.",seller-355a2ec3c2b35fcf1314e86a,어려벙40,registered,loadScript 'https pagead,loadScript 'https pagead,loadScript('https://pagead,,,buy,구매,1,,,removed,unknown,unknown,unknown,,completed,context_only,needs_review,"가격 후보 재검토 필요, 거래 완료 글 · 현재 매물 제외, 가격 삭제 추정",removed,no,no,"loadScript('https://pagead2.googlesyndication.com/pagead/js/adsbygoogle_direct.js?client=ca-pub-8171468792791627', true, 'anonymous');"
29922c64df22212e4e100068,digimontcg,디지몬 카드게임,2026-08,2026-08-09T00:30:06+09:00,known,ae438f42c0283472011e68ae,29922c64df22212e4e100068,473432,https://m.dcinside.com/board/digimontcg/473432,"베르제브몬 한판,일판 삽니다.",seller-355a2ec3c2b35fcf1314e86a,어려벙40,registered,loadScript ' t,loadScript ' t,loadScript('//t,,,buy,구매,1,,,removed,unknown,unknown,unknown,,completed,context_only,needs_review,"가격 후보 재검토 필요, 거래 완료 글 · 현재 매물 제외, 가격 삭제 추정",removed,no,no,"loadScript('//t1.kakaocdn.net/kas/static/ba.min.js', true);"
2c5f9ed6e625763778fb608a,digimontcg,디지몬 카드게임,2026-08,2026-08-09T00:30:06+09:00,known,c82691c1b570525030d2ab21,2c5f9ed6e625763778fb608a,473432,https://m.dcinside.com/board/digimontcg/473432,"베르제브몬 한판,일판 삽니다.",seller-355a2ec3c2b35fcf1314e86a,어려벙40,registered,var safe = window.dcAd && window.dcAd.safe ==,var safe = window.dcAd && window.dcAd.safe ==,var safe = (window.dcAd && window.dcAd.safe ==,,,buy,구매,1,1,10000,estimated,bundle,text,unknown,,completed,context_only,needs_review,"가격 단위 추정, 복수 카드 가격, 배송비 포함 여부 미확정, 거래 완료 글 · 현재 매물 제외, 묶음·세트 총액 · 개별 카드 가격 아님",estimated,no,no,var safe = (window.dcAd && window.dcAd.safe == 1)
3bcf316c482ba6c91d682214,digimontcg,디지몬 카드게임,2026-08,2026-08-09T00:30:06+09:00,known,c82691c1b570525030d2ab21,3bcf316c482ba6c91d682214,473432,https://m.dcinside.com/board/digimontcg/473432,"베르제브몬 한판,일판 삽니다.",seller-355a2ec3c2b35fcf1314e86a,어려벙40,registered,loadScript ' t,loadScript ' t,loadScript('//t,,,buy,구매,1,,,removed,unknown,unknown,unknown,,completed,context_only,needs_review,"가격 후보 재검토 필요, 거래 완료 글 · 현재 매물 제외, 가격 삭제 추정",removed,no,no,"loadScript('//t1.kakaocdn.net/kas/static/ba.min.js', true);"
41446d37b6c35f0976748186,digimontcg,디지몬 카드게임,2026-08,2026-08-09T00:30:06+09:00,known,3837e6acaa8701e4c1fe4f72,41446d37b6c35f0976748186,473432,https://m.dcinside.com/board/digimontcg/473432,"베르제브몬 한판,일판 삽니다.",seller-355a2ec3c2b35fcf1314e86a,어려벙40,registered,loadScript 'https pagead,loadScript 'https pagead,loadScript('https://pagead,,,buy,구매,1,,,removed,unknown,unknown,unknown,,completed,context_only,needs_review,"가격 후보 재검토 필요, 거래 완료 글 · 현재 매물 제외, 가격 삭제 추정",removed,no,no,"loadScript('https://pagead2.googlesyndication.com/pagead/js/adsbygoogle_direct.js?client=ca-pub-8171468792791627', true, 'anonymous');"
472c484524403510f2a25c16,digimontcg,디지몬 카드게임,2026-08,2026-08-09T00:30:06+09:00,known,3837e6acaa8701e4c1fe4f72,472c484524403510f2a25c16,473432,https://m.dcinside.com/board/digimontcg/473432,"베르제브몬 한판,일판 삽니다.",seller-355a2ec3c2b35fcf1314e86a,어려벙40,registered,var safe = window.dcAd && window.dcAd.safe ==,var safe = window.dcAd && window.dcAd.safe ==,var safe = (window.dcAd && window.dcAd.safe ==,,,buy,구매,1,1,10000,estimated,bundle,text,unknown,,completed,context_only,needs_review,"가격 단위 추정, 복수 카드 가격, 배송비 포함 여부 미확정, 거래 완료 글 · 현재 매물 제외, 묶음·세트 총액 · 개별 카드 가격 아님",estimated,no,no,var safe = (window.dcAd && window.dcAd.safe == 1)
50e2ddad4a9fd817c6f9041c,digimontcg,디지몬 카드게임,2026-08,2026-08-09T00:30:06+09:00,known,c82691c1b570525030d2ab21,50e2ddad4a9fd817c6f9041c,473432,https://m.dcinside.com/board/digimontcg/473432,"베르제브몬 한판,일판 삽니다.",seller-355a2ec3c2b35fcf1314e86a,어려벙40,registered,DOM 삽입 헬퍼 현재 스크립트 위치 기준,DOM 삽입 헬퍼 현재 스크립트 위치 기준,// ---- DOM 삽입 헬퍼 (현재 스크립트 위치 기준,,,buy,구매,1,,,removed,unknown,unknown,unknown,,completed,context_only,needs_review,"가격 후보 재검토 필요, 거래 완료 글 · 현재 매물 제외, 가격 삭제 추정",removed,no,no,// ---- DOM 삽입 헬퍼 (현재 스크립트 위치 기준1)
59c5a5f2cf760d973722a750,digimontcg,디지몬 카드게임,2026-08,2026-08-09T00:30:06+09:00,known,3837e6acaa8701e4c1fe4f72,59c5a5f2cf760d973722a750,473432,https://m.dcinside.com/board/digimontcg/473432,"베르제브몬 한판,일판 삽니다.",seller-355a2ec3c2b35fcf1314e86a,어려벙40,registered,DOM 삽입 헬퍼 현재 스크립트 위치 기준,DOM 삽입 헬퍼 현재 스크립트 위치 기준,// ---- DOM 삽입 헬퍼 (현재 스크립트 위치 기준,,,buy,구매,1,,,removed,unknown,unknown,unknown,,completed,context_only,needs_review,"가격 후보 재검토 필요, 거래 완료 글 · 현재 매물 제외, 가격 삭제 추정",removed,no,no,// ---- DOM 삽입 헬퍼 (현재 스크립트 위치 기준1)
893d6e1f3de024b3aa0dba46,digimontcg,디지몬 카드게임,2026-08,2026-08-09T00:30:06+09:00,known,3837e6acaa8701e4c1fe4f72,893d6e1f3de024b3aa0dba46,473432,https://m.dcinside.com/board/digimontcg/473432,"베르제브몬 한판,일판 삽니다.",seller-355a2ec3c2b35fcf1314e86a,어려벙40,registered,loadScript ' t,loadScript ' t,loadScript('//t,,,buy,구매,1,,,removed,unknown,unknown,unknown,,completed,context_only,needs_review,"가격 후보 재검토 필요, 거래 완료 글 · 현재 매물 제외, 가격 삭제 추정",removed,no,no,"loadScript('//t1.kakaocdn.net/kas/static/ba.min.js', true);"
baddb083bde39663e96220f1,digimontcg,디지몬 카드게임,2026-08,2026-08-09T00:30:06+09:00,known,c714c0d10df5c468e56c8e05,baddb083bde39663e96220f1,473432,https://m.dcinside.com/board/digimontcg/473432,"베르제브몬 한판,일판 삽니다.",seller-355a2ec3c2b35fcf1314e86a,어려벙40,registered,DOM 삽입 헬퍼 현재 스크립트 위치 기준,DOM 삽입 헬퍼 현재 스크립트 위치 기준,// ---- DOM 삽입 헬퍼 (현재 스크립트 위치 기준,,,buy,구매,1,,,removed,unknown,unknown,unknown,,completed,context_only,needs_review,"가격 후보 재검토 필요, 거래 완료 글 · 현재 매물 제외, 가격 삭제 추정",removed,no,no,// ---- DOM 삽입 헬퍼 (현재 스크립트 위치 기준1)
c1c159ed415bd80ded9fec3a,digimontcg,디지몬 카드게임,2026-08,2026-08-09T00:30:06+09:00,known,ae438f42c0283472011e68ae,c1c159ed415bd80ded9fec3a,473432,https://m.dcinside.com/board/digimontcg/473432,"베르제브몬 한판,일판 삽니다.",seller-355a2ec3c2b35fcf1314e86a,어려벙40,registered,loadScript 'https pagead,loadScript 'https pagead,loadScript('https://pagead,,,buy,구매,1,,,removed,unknown,unknown,unknown,,completed,context_only,needs_review,"가격 후보 재검토 필요, 거래 완료 글 · 현재 매물 제외, 가격 삭제 추정",removed,no,no,"loadScript('https://pagead2.googlesyndication.com/pagead/js/adsbygoogle_direct.js?client=ca-pub-8171468792791627', true, 'anonymous');"
e176983fff1272d9bff1e0eb,digimontcg,디지몬 카드게임,2026-08,2026-08-09T00:30:06+09:00,known,c714c0d10df5c468e56c8e05,e176983fff1272d9bff1e0eb,473432,https://m.dcinside.com/board/digimontcg/473432,"베르제브몬 한판,일판 삽니다.",seller-355a2ec3c2b35fcf1314e86a,어려벙40,registered,loadScript 'https pagead,loadScript 'https pagead,loadScript('https://pagead,,,buy,구매,1,,,removed,unknown,unknown,unknown,,completed,context_only,needs_review,"가격 후보 재검토 필요, 거래 완료 글 · 현재 매물 제외, 가격 삭제 추정",removed,no,no,"loadScript('https://pagead2.googlesyndication.com/pagead/js/adsbygoogle_direct.js?client=ca-pub-8171468792791627', true, 'anonymous');"
f7749a0981e803fc58b639fe,digimontcg,디지몬 카드게임,2026-08,2026-08-09T00:30:06+09:00,known,ae438f42c0283472011e68ae,f7749a0981e803fc58b639fe,473432,https://m.dcinside.com/board/digimontcg/473432,"베르제브몬 한판,일판 삽니다.",seller-355a2ec3c2b35fcf1314e86a,어려벙40,registered,var safe = window.dcAd && window.dcAd.safe ==,var safe = window.dcAd && window.dcAd.safe ==,var safe = (window.dcAd && window.dcAd.safe ==,,,buy,구매,1,1,10000,estimated,bundle,text,unknown,,completed,context_only,needs_review,"가격 단위 추정, 복수 카드 가격, 배송비 포함 여부 미확정, 거래 완료 글 · 현재 매물 제외, 묶음·세트 총액 · 개별 카드 가격 아님",estimated,no,no,var safe = (window.dcAd && window.dcAd.safe == 1)
fe51d3fc6ad551b995e2a8a9,digimontcg,디지몬 카드게임,2026-08,2026-08-09T00:30:06+09:00,known,c714c0d10df5c468e56c8e05,fe51d3fc6ad551b995e2a8a9,473432,https://m.dcinside.com/board/digimontcg/473432,"베르제브몬 한판,일판 삽니다.",seller-355a2ec3c2b35fcf1314e86a,어려벙40,registered,var safe = window.dcAd && window.dcAd.safe ==,var safe = window.dcAd && window.dcAd.safe ==,var safe = (window.dcAd && window.dcAd.safe ==,,,buy,구매,1,1,10000,estimated,bundle,text,unknown,,completed,context_only,needs_review,"가격 단위 추정, 복수 카드 가격, 배송비 포함 여부 미확정, 거래 완료 글 · 현재 매물 제외, 묶음·세트 총액 · 개별 카드 가격 아님",estimated,no,no,var safe = (window.dcAd && window.dcAd.safe == 1)
4e4fa590c55424bc470302fd,digimontcg,디지몬 카드게임,2026-08,2026-08-09T10:05:49+09:00,known,5ab0b3b0f34229411d1ccc29,4e4fa590c55424bc470302fd,473531,https://m.dcinside.com/board/digimontcg/473531,엑9무겐 구매합니다,seller-91812ed125b6b00f08d85a51,marblin..,guest,,장당,장당,,,buy,구매,1,1.5,15000,estimated,per_card,text,unknown,,active,excluded,needs_review,"가격 단위 추정, 배송비 포함 여부 미확정, 스크립트·광고 문구로 추정되는 오염 행",estimated,yes,no,장당 1.5에 2장까지 구매하고 있습니다
a8d039dc6fe217c1e671beba,digimontcg,디지몬 카드게임,2026-08,2026-08-09T10:05:49+09:00,known,77514c6fcc2b8aec971b4524,a8d039dc6fe217c1e671beba,473531,https://m.dcinside.com/board/digimontcg/473531,엑9무겐 구매합니다,seller-e6422bb1bf87c6d05f7fa738,marblin..,guest,,장당,장당,,,buy,구매,1,1.5,15000,estimated,per_card,text,unknown,,active,excluded,needs_review,"가격 단위 추정, 배송비 포함 여부 미확정, 스크립트·광고 문구로 추정되는 오염 행",estimated,yes,no,장당 1.5에 2장까지 구매하고 있습니다
c73f27c5ef3e9f802e4d478d,digimontcg,디지몬 카드게임,2026-08,2026-08-09T10:05:49+09:00,known,31fbe04ab34c5972716d3843,c73f27c5ef3e9f802e4d478d,473531,https://m.dcinside.com/board/digimontcg/473531,엑9무겐 구매합니다,seller-9a94b74809ab14a53b49da47,marblin..,guest,,장당,장당,,,buy,구매,1,1.5,15000,estimated,per_card,text,unknown,,active,excluded,needs_review,"가격 단위 추정, 배송비 포함 여부 미확정, 스크립트·광고 문구로 추정되는 오염 행",estimated,yes,no,장당 1.5에 2장까지 구매하고 있습니다
e48acc453589798d50b4ade2,digimontcg,디지몬 카드게임,2026-08,2026-08-09T10:05:49+09:00,known,95a5daa4cda3f2dd5206b221,e48acc453589798d50b4ade2,473531,https://m.dcinside.com/board/digimontcg/473531,엑9무겐 구매합니다,seller-d3487dab9997db2e842d6d28,marblin..,guest,,장당,장당,,,buy,구매,1,1.5,15000,estimated,per_card,text,unknown,,active,excluded,needs_review,"가격 단위 추정, 배송비 포함 여부 미확정, 스크립트·광고 문구로 추정되는 오염 행",estimated,yes,no,장당 1.5에 2장까지 구매하고 있습니다
32c94a3591b99c5137bc9551,digimontcg,디지몬 카드게임,2026-08,2026-08-09T15:47:37+09:00,known,a905addfa1bb647d56c71e18,32c94a3591b99c5137bc9551,473621,https://m.dcinside.com/board/digimontcg/473621,"덱 및 카드팔고 LM페레홍염,골드키메라몬,제스X항페레 각2장씩 구합니다.",seller-2c417fdce28b2ce4441e42a9,카미니트,registered,그노바 사인,그노바 사인,그노바 사인,,,buy,구매,1,2.0,20000,estimated,per_card,text,unknown,,active,needs_review,needs_review,"가격 단위 추정, 배송비 포함 여부 미확정",estimated,yes,no,그노바 사인 2.0
3369d21a6a777750dd513c05,digimontcg,디지몬 카드게임,2026-08,2026-08-09T15:47:37+09:00,known,909dc211a5897c875595ffb0,3369d21a6a777750dd513c05,473621,https://m.dcinside.com/board/digimontcg/473621,"덱 및 카드팔고 LM페레홍염,골드키메라몬,제스X항페레 각2장씩 구합니다.",seller-2c417fdce28b2ce4441e42a9,카미니트,registered,리바이어몬,리바이어몬,리바이어몬 장당,,,buy,구매,2,0.5,5000,estimated,per_card,text,unknown,,active,needs_review,needs_review,"가격 단위 추정, 수량 표기 감지, 배송비 포함 여부 미확정",estimated,yes,no,리바이어몬2장 장당0.5
3961f53d6af4920a68183dd7,digimontcg,디지몬 카드게임,2026-08,2026-08-09T15:47:37+09:00,known,11b5039805b29c79157db5a2,3961f53d6af4920a68183dd7,473621,https://m.dcinside.com/board/digimontcg/473621,"덱 및 카드팔고 LM페레홍염,골드키메라몬,제스X항페레 각2장씩 구합니다.",seller-2c417fdce28b2ce4441e42a9,카미니트,registered,은하 기본 슬리브,은하 기본 슬리브,은하 8만원 기본 슬리브 (,,,buy,구매,1,1.0,10000,estimated,per_card,text,unknown,,active,needs_review,needs_review,"가격 단위 추정, 배송비 포함 여부 미확정",estimated,yes,no,은하 8만원 기본 슬리브 (1.0에 알파몬 슬리브 추가가능)
470eb01da0596cf8199de960,digimontcg,디지몬 카드게임,2026-08,2026-08-09T15:47:37+09:00,known,1d62c18ace440c6b929d1cb7,470eb01da0596cf8199de960,473621,https://m.dcinside.com/board/digimontcg/473621,"덱 및 카드팔고 LM페레홍염,골드키메라몬,제스X항페레 각2장씩 구합니다.",seller-2c417fdce28b2ce4441e42a9,카미니트,registered,그노바 사인,그노바 사인,그노바 사인,,,buy,구매,1,2.0,20000,estimated,per_card,text,unknown,,active,needs_review,needs_review,"가격 단위 추정, 배송비 포함 여부 미확정",estimated,yes,no,그노바 사인 2.0
4cd095dbc63d719d85a52547,digimontcg,디지몬 카드게임,2026-08,2026-08-09T15:47:37+09:00,known,1d62c18ace440c6b929d1cb7,4cd095dbc63d719d85a52547,473621,https://m.dcinside.com/board/digimontcg/473621,"덱 및 카드팔고 LM페레홍염,골드키메라몬,제스X항페레 각2장씩 구합니다.",seller-2c417fdce28b2ce4441e42a9,카미니트,registered,loadScript 'https pagead,loadScript 'https pagead,loadScript('https://pagead,,,buy,구매,1,,,missing,unknown,unknown,unknown,,active,excluded,needs_review,"가격 후보 재검토 필요, 가격 미기재, 스크립트·광고 문구로 추정되는 오염 행",missing,no,no,"loadScript('https://pagead2.googlesyndication.com/pagead/js/adsbygoogle_direct.js?client=ca-pub-8171468792791627', true, 'anonymous');"
68236c9d6751fd3e574d5dd1,digimontcg,디지몬 카드게임,2026-08,2026-08-09T15:47:37+09:00,known,11b5039805b29c79157db5a2,68236c9d6751fd3e574d5dd1,473621,https://m.dcinside.com/board/digimontcg/473621,"덱 및 카드팔고 LM페레홍염,골드키메라몬,제스X항페레 각2장씩 구합니다.",seller-2c417fdce28b2ce4441e42a9,카미니트,registered,var safe = window.dcAd && window.dcAd.safe ==,var safe = window.dcAd && window.dcAd.safe ==,var safe = (window.dcAd && window.dcAd.safe ==,,,buy,구매,1,1,10000,estimated,bundle,text,unknown,,active,excluded,needs_review,"가격 단위 추정, 복수 카드 가격, 배송비 포함 여부 미확정, 묶음·세트 총액 · 개별 카드 가격 아님, 스크립트·광고 문구로 추정되는 오염 행",estimated,no,no,var safe = (window.dcAd && window.dcAd.safe == 1)
715ed8ee8904799a03866b92,digimontcg,디지몬 카드게임,2026-08,2026-08-09T15:47:37+09:00,known,909dc211a5897c875595ffb0,715ed8ee8904799a03866b92,473621,https://m.dcinside.com/board/digimontcg/473621,"덱 및 카드팔고 LM페레홍염,골드키메라몬,제스X항페레 각2장씩 구합니다.",seller-2c417fdce28b2ce4441e42a9,카미니트,registered,DOM 삽입 헬퍼 현재 스크립트 위치 기준,DOM 삽입 헬퍼 현재 스크립트 위치 기준,// ---- DOM 삽입 헬퍼 (현재 스크립트 위치 기준,,,buy,구매,1,,,missing,unknown,unknown,unknown,,active,excluded,needs_review,"가격 후보 재검토 필요, 가격 미기재, 스크립트·광고 문구로 추정되는 오염 행",missing,no,no,// ---- DOM 삽입 헬퍼 (현재 스크립트 위치 기준1)
79b9cb4646cb2df318c2339b,digimontcg,디지몬 카드게임,2026-08,2026-08-09T15:47:37+09:00,known,909dc211a5897c875595ffb0,79b9cb4646cb2df318c2339b,473621,https://m.dcinside.com/board/digimontcg/473621,"덱 및 카드팔고 LM페레홍염,골드키메라몬,제스X항페레 각2장씩 구합니다.",seller-2c417fdce28b2ce4441e42a9,카미니트,registered,은하 기본 슬리브,은하 기본 슬리브,은하 8만원 기본 슬리브 (,,,buy,구매,1,1.0,10000,estimated,per_card,text,unknown,,active,needs_review,needs_review,"가격 단위 추정, 배송비 포함 여부 미확정",estimated,yes,no,은하 8만원 기본 슬리브 (1.0에 알파몬 슬리브 추가가능)
82ed54bce9e66c6546579beb,digimontcg,디지몬 카드게임,2026-08,2026-08-09T15:47:37+09:00,known,11b5039805b29c79157db5a2,82ed54bce9e66c6546579beb,473621,https://m.dcinside.com/board/digimontcg/473621,"덱 및 카드팔고 LM페레홍염,골드키메라몬,제스X항페레 각2장씩 구합니다.",seller-2c417fdce28b2ce4441e42a9,카미니트,registered,loadScript ' t,loadScript ' t,loadScript('//t,,,buy,구매,1,,,missing,unknown,unknown,unknown,,active,excluded,needs_review,"가격 후보 재검토 필요, 가격 미기재, 스크립트·광고 문구로 추정되는 오염 행",missing,no,no,"loadScript('//t1.kakaocdn.net/kas/static/ba.min.js', true);"
8b4b5266ead8ae09ffdc041c,digimontcg,디지몬 카드게임,2026-08,2026-08-09T15:47:37+09:00,known,11b5039805b29c79157db5a2,8b4b5266ead8ae09ffdc041c,473621,https://m.dcinside.com/board/digimontcg/473621,"덱 및 카드팔고 LM페레홍염,골드키메라몬,제스X항페레 각2장씩 구합니다.",seller-2c417fdce28b2ce4441e42a9,카미니트,registered,그외 lm홍염,그외 lm홍염,그외 lm홍염 장당,,,buy,구매,1,1.0,10000,estimated,per_card,text,unknown,,active,needs_review,needs_review,"가격 단위 추정, 배송비 포함 여부 미확정",estimated,yes,no,"그외 lm홍염 장당 1.0, bt8 골드 키메라몬 장당 0.5, bt10 제스몬 x항체 장당 1로 각 2장씩 준등기로 구해봅니다."
8b5ed312968fd1cac221c1de,digimontcg,디지몬 카드게임,2026-08,2026-08-09T15:47:37+09:00,known,909dc211a5897c875595ffb0,8b5ed312968fd1cac221c1de,473621,https://m.dcinside.com/board/digimontcg/473621,"덱 및 카드팔고 LM페레홍염,골드키메라몬,제스X항페레 각2장씩 구합니다.",seller-2c417fdce28b2ce4441e42a9,카미니트,registered,loadScript ' t,loadScript ' t,loadScript('//t,,,buy,구매,1,,,missing,unknown,unknown,unknown,,active,excluded,needs_review,"가격 후보 재검토 필요, 가격 미기재, 스크립트·광고 문구로 추정되는 오염 행",missing,no,no,"loadScript('//t1.kakaocdn.net/kas/static/ba.min.js', true);"
90bff82499d652e2392e2215,digimontcg,디지몬 카드게임,2026-08,2026-08-09T15:47:37+09:00,known,1d62c18ace440c6b929d1cb7,90bff82499d652e2392e2215,473621,https://m.dcinside.com/board/digimontcg/473621,"덱 및 카드팔고 LM페레홍염,골드키메라몬,제스X항페레 각2장씩 구합니다.",seller-2c417fdce28b2ce4441e42a9,카미니트,registered,리바이어몬,리바이어몬,리바이어몬 장당,,,buy,구매,2,0.5,5000,estimated,per_card,text,unknown,,active,needs_review,needs_review,"가격 단위 추정, 수량 표기 감지, 배송비 포함 여부 미확정",estimated,yes,no,리바이어몬2장 장당0.5
9910c53f7aa33fcaa1e70208,digimontcg,디지몬 카드게임,2026-08,2026-08-09T15:47:37+09:00,known,11b5039805b29c79157db5a2,9910c53f7aa33fcaa1e70208,473621,https://m.dcinside.com/board/digimontcg/473621,"덱 및 카드팔고 LM페레홍염,골드키메라몬,제스X항페레 각2장씩 구합니다.",seller-2c417fdce28b2ce4441e42a9,카미니트,registered,loadScript 'https pagead,loadScript 'https pagead,loadScript('https://pagead,,,buy,구매,1,,,missing,unknown,unknown,unknown,,active,excluded,needs_review,"가격 후보 재검토 필요, 가격 미기재, 스크립트·광고 문구로 추정되는 오염 행",missing,no,no,"loadScript('https://pagead2.googlesyndication.com/pagead/js/adsbygoogle_direct.js?client=ca-pub-8171468792791627', true, 'anonymous');"
99d4e0cc4340d628e45602e4,digimontcg,디지몬 카드게임,2026-08,2026-08-09T15:47:37+09:00,known,909dc211a5897c875595ffb0,99d4e0cc4340d628e45602e4,473621,https://m.dcinside.com/board/digimontcg/473621,"덱 및 카드팔고 LM페레홍염,골드키메라몬,제스X항페레 각2장씩 구합니다.",seller-2c417fdce28b2ce4441e42a9,카미니트,registered,그외 lm홍염,그외 lm홍염,그외 lm홍염 장당,,,buy,구매,1,1.0,10000,estimated,per_card,text,unknown,,active,needs_review,needs_review,"가격 단위 추정, 배송비 포함 여부 미확정",estimated,yes,no,"그외 lm홍염 장당 1.0, bt8 골드 키메라몬 장당 0.5, bt10 제스몬 x항체 장당 1로 각 2장씩 준등기로 구해봅니다."
9d7d74dcda4f65c8802f51c7,digimontcg,디지몬 카드게임,2026-08,2026-08-09T15:47:37+09:00,known,a905addfa1bb647d56c71e18,9d7d74dcda4f65c8802f51c7,473621,https://m.dcinside.com/board/digimontcg/473621,"덱 및 카드팔고 LM페레홍염,골드키메라몬,제스X항페레 각2장씩 구합니다.",seller-2c417fdce28b2ce4441e42a9,카미니트,registered,DOM 삽입 헬퍼 현재 스크립트 위치 기준,DOM 삽입 헬퍼 현재 스크립트 위치 기준,// ---- DOM 삽입 헬퍼 (현재 스크립트 위치 기준,,,buy,구매,1,,,missing,unknown,unknown,unknown,,active,excluded,needs_review,"가격 후보 재검토 필요, 가격 미기재, 스크립트·광고 문구로 추정되는 오염 행",missing,no,no,// ---- DOM 삽입 헬퍼 (현재 스크립트 위치 기준1)
b0576fba1fed890e78cf8500,digimontcg,디지몬 카드게임,2026-08,2026-08-09T15:47:37+09:00,known,1d62c18ace440c6b929d1cb7,b0576fba1fed890e78cf8500,473621,https://m.dcinside.com/board/digimontcg/473621,"덱 및 카드팔고 LM페레홍염,골드키메라몬,제스X항페레 각2장씩 구합니다.",seller-2c417fdce28b2ce4441e42a9,카미니트,registered,그외 lm홍염,그외 lm홍염,그외 lm홍염 장당,,,buy,구매,1,1.0,10000,estimated,per_card,text,unknown,,active,needs_review,needs_review,"가격 단위 추정, 배송비 포함 여부 미확정",estimated,yes,no,"그외 lm홍염 장당 1.0, bt8 골드 키메라몬 장당 0.5, bt10 제스몬 x항체 장당 1로 각 2장씩 준등기로 구해봅니다."
b547d44a492efc6ab515f6e5,digimontcg,디지몬 카드게임,2026-08,2026-08-09T15:47:37+09:00,known,a905addfa1bb647d56c71e18,b547d44a492efc6ab515f6e5,473621,https://m.dcinside.com/board/digimontcg/473621,"덱 및 카드팔고 LM페레홍염,골드키메라몬,제스X항페레 각2장씩 구합니다.",seller-2c417fdce28b2ce4441e42a9,카미니트,registered,loadScript ' t,loadScript ' t,loadScript('//t,,,buy,구매,1,,,missing,unknown,unknown,unknown,,active,excluded,needs_review,"가격 후보 재검토 필요, 가격 미기재, 스크립트·광고 문구로 추정되는 오염 행",missing,no,no,"loadScript('//t1.kakaocdn.net/kas/static/ba.min.js', true);"
b5c17855578f3b362ecddcc1,digimontcg,디지몬 카드게임,2026-08,2026-08-09T15:47:37+09:00,known,a905addfa1bb647d56c71e18,b5c17855578f3b362ecddcc1,473621,https://m.dcinside.com/board/digimontcg/473621,"덱 및 카드팔고 LM페레홍염,골드키메라몬,제스X항페레 각2장씩 구합니다.",seller-2c417fdce28b2ce4441e42a9,카미니트,registered,은하 기본 슬리브,은하 기본 슬리브,은하 8만원 기본 슬리브 (,,,buy,구매,1,1.0,10000,estimated,per_card,text,unknown,,active,needs_review,needs_review,"가격 단위 추정, 배송비 포함 여부 미확정",estimated,yes,no,은하 8만원 기본 슬리브 (1.0에 알파몬 슬리브 추가가능)
b632b9720432245984881efb,digimontcg,디지몬 카드게임,2026-08,2026-08-09T15:47:37+09:00,known,a905addfa1bb647d56c71e18,b632b9720432245984881efb,473621,https://m.dcinside.com/board/digimontcg/473621,"덱 및 카드팔고 LM페레홍염,골드키메라몬,제스X항페레 각2장씩 구합니다.",seller-2c417fdce28b2ce4441e42a9,카미니트,registered,그외 lm홍염,그외 lm홍염,그외 lm홍염 장당,,,buy,구매,1,1.0,10000,estimated,per_card,text,unknown,,active,needs_review,needs_review,"가격 단위 추정, 배송비 포함 여부 미확정",estimated,yes,no,"그외 lm홍염 장당 1.0, bt8 골드 키메라몬 장당 0.5, bt10 제스몬 x항체 장당 1로 각 2장씩 준등기로 구해봅니다."
bee1cbae6c62184fd342ab77,digimontcg,디지몬 카드게임,2026-08,2026-08-09T15:47:37+09:00,known,a905addfa1bb647d56c71e18,bee1cbae6c62184fd342ab77,473621,https://m.dcinside.com/board/digimontcg/473621,"덱 및 카드팔고 LM페레홍염,골드키메라몬,제스X항페레 각2장씩 구합니다.",seller-2c417fdce28b2ce4441e42a9,카미니트,registered,loadScript 'https pagead,loadScript 'https pagead,loadScript('https://pagead,,,buy,구매,1,,,missing,unknown,unknown,unknown,,active,excluded,needs_review,"가격 후보 재검토 필요, 가격 미기재, 스크립트·광고 문구로 추정되는 오염 행",missing,no,no,"loadScript('https://pagead2.googlesyndication.com/pagead/js/adsbygoogle_direct.js?client=ca-pub-8171468792791627', true, 'anonymous');"
c5a1880eadd8b1c29540bdce,digimontcg,디지몬 카드게임,2026-08,2026-08-09T15:47:37+09:00,known,1d62c18ace440c6b929d1cb7,c5a1880eadd8b1c29540bdce,473621,https://m.dcinside.com/board/digimontcg/473621,"덱 및 카드팔고 LM페레홍염,골드키메라몬,제스X항페레 각2장씩 구합니다.",seller-2c417fdce28b2ce4441e42a9,카미니트,registered,var safe = window.dcAd && window.dcAd.safe ==,var safe = window.dcAd && window.dcAd.safe ==,var safe = (window.dcAd && window.dcAd.safe ==,,,buy,구매,1,1,10000,estimated,bundle,text,unknown,,active,excluded,needs_review,"가격 단위 추정, 복수 카드 가격, 배송비 포함 여부 미확정, 묶음·세트 총액 · 개별 카드 가격 아님, 스크립트·광고 문구로 추정되는 오염 행",estimated,no,no,var safe = (window.dcAd && window.dcAd.safe == 1)
c960c0c89b587c29288f34ad,digimontcg,디지몬 카드게임,2026-08,2026-08-09T15:47:37+09:00,known,a905addfa1bb647d56c71e18,c960c0c89b587c29288f34ad,473621,https://m.dcinside.com/board/digimontcg/473621,"덱 및 카드팔고 LM페레홍염,골드키메라몬,제스X항페레 각2장씩 구합니다.",seller-2c417fdce28b2ce4441e42a9,카미니트,registered,var safe = window.dcAd && window.dcAd.safe ==,var safe = window.dcAd && window.dcAd.safe ==,var safe = (window.dcAd && window.dcAd.safe ==,,,buy,구매,1,1,10000,estimated,bundle,text,unknown,,active,excluded,needs_review,"가격 단위 추정, 복수 카드 가격, 배송비 포함 여부 미확정, 묶음·세트 총액 · 개별 카드 가격 아님, 스크립트·광고 문구로 추정되는 오염 행",estimated,no,no,var safe = (window.dcAd && window.dcAd.safe == 1)
d365d74382dd2b24a20eea5e,digimontcg,디지몬 카드게임,2026-08,2026-08-09T15:47:37+09:00,known,11b5039805b29c79157db5a2,d365d74382dd2b24a20eea5e,473621,https://m.dcinside.com/board/digimontcg/473621,"덱 및 카드팔고 LM페레홍염,골드키메라몬,제스X항페레 각2장씩 구합니다.",seller-2c417fdce28b2ce4441e42a9,카미니트,registered,디게오,디게오,디게오,,,buy,구매,1,1.2,12000,estimated,per_card,text,unknown,,active,needs_review,needs_review,"가격 단위 추정, 배송비 포함 여부 미확정",estimated,yes,no,디게오 1.2
da4132e04b175dcf9e9c9815,digimontcg,디지몬 카드게임,2026-08,2026-08-09T15:47:37+09:00,known,1d62c18ace440c6b929d1cb7,da4132e04b175dcf9e9c9815,473621,https://m.dcinside.com/board/digimontcg/473621,"덱 및 카드팔고 LM페레홍염,골드키메라몬,제스X항페레 각2장씩 구합니다.",seller-2c417fdce28b2ce4441e42a9,카미니트,registered,은하 기본 슬리브,은하 기본 슬리브,은하 8만원 기본 슬리브 (,,,buy,구매,1,1.0,10000,estimated,per_card,text,unknown,,active,needs_review,needs_review,"가격 단위 추정, 배송비 포함 여부 미확정",estimated,yes,no,은하 8만원 기본 슬리브 (1.0에 알파몬 슬리브 추가가능)
db7046645b3f273ea2d811a5,digimontcg,디지몬 카드게임,2026-08,2026-08-09T15:47:37+09:00,known,11b5039805b29c79157db5a2,db7046645b3f273ea2d811a5,473621,https://m.dcinside.com/board/digimontcg/473621,"덱 및 카드팔고 LM페레홍염,골드키메라몬,제스X항페레 각2장씩 구합니다.",seller-2c417fdce28b2ce4441e42a9,카미니트,registered,DOM 삽입 헬퍼 현재 스크립트 위치 기준,DOM 삽입 헬퍼 현재 스크립트 위치 기준,// ---- DOM 삽입 헬퍼 (현재 스크립트 위치 기준,,,buy,구매,1,,,missing,unknown,unknown,unknown,,active,excluded,needs_review,"가격 후보 재검토 필요, 가격 미기재, 스크립트·광고 문구로 추정되는 오염 행",missing,no,no,// ---- DOM 삽입 헬퍼 (현재 스크립트 위치 기준1)
dd772dee992e9e299c55e0f3,digimontcg,디지몬 카드게임,2026-08,2026-08-09T15:47:37+09:00,known,a905addfa1bb647d56c71e18,dd772dee992e9e299c55e0f3,473621,https://m.dcinside.com/board/digimontcg/473621,"덱 및 카드팔고 LM페레홍염,골드키메라몬,제스X항페레 각2장씩 구합니다.",seller-2c417fdce28b2ce4441e42a9,카미니트,registered,리바이어몬,리바이어몬,리바이어몬 장당,,,buy,구매,2,0.5,5000,estimated,per_card,text,unknown,,active,needs_review,needs_review,"가격 단위 추정, 수량 표기 감지, 배송비 포함 여부 미확정",estimated,yes,no,리바이어몬2장 장당0.5
e3a1f312d815ebc13554fd86,digimontcg,디지몬 카드게임,2026-08,2026-08-09T15:47:37+09:00,known,909dc211a5897c875595ffb0,e3a1f312d815ebc13554fd86,473621,https://m.dcinside.com/board/digimontcg/473621,"덱 및 카드팔고 LM페레홍염,골드키메라몬,제스X항페레 각2장씩 구합니다.",seller-2c417fdce28b2ce4441e42a9,카미니트,registered,그노바 사인,그노바 사인,그노바 사인,,,buy,구매,1,2.0,20000,estimated,per_card,text,unknown,,active,needs_review,needs_review,"가격 단위 추정, 배송비 포함 여부 미확정",estimated,yes,no,그노바 사인 2.0
e6693a99d327f3e6e844f84a,digimontcg,디지몬 카드게임,2026-08,2026-08-09T15:47:37+09:00,known,1d62c18ace440c6b929d1cb7,e6693a99d327f3e6e844f84a,473621,https://m.dcinside.com/board/digimontcg/473621,"덱 및 카드팔고 LM페레홍염,골드키메라몬,제스X항페레 각2장씩 구합니다.",seller-2c417fdce28b2ce4441e42a9,카미니트,registered,DOM 삽입 헬퍼 현재 스크립트 위치 기준,DOM 삽입 헬퍼 현재 스크립트 위치 기준,// ---- DOM 삽입 헬퍼 (현재 스크립트 위치 기준,,,buy,구매,1,,,missing,unknown,unknown,unknown,,active,excluded,needs_review,"가격 후보 재검토 필요, 가격 미기재, 스크립트·광고 문구로 추정되는 오염 행",missing,no,no,// ---- DOM 삽입 헬퍼 (현재 스크립트 위치 기준1)
e838fd7ec49c1a0a24121887,digimontcg,디지몬 카드게임,2026-08,2026-08-09T15:47:37+09:00,known,909dc211a5897c875595ffb0,e838fd7ec49c1a0a24121887,473621,https://m.dcinside.com/board/digimontcg/473621,"덱 및 카드팔고 LM페레홍염,골드키메라몬,제스X항페레 각2장씩 구합니다.",seller-2c417fdce28b2ce4441e42a9,카미니트,registered,loadScript 'https pagead,loadScript 'https pagead,loadScript('https://pagead,,,buy,구매,1,,,missing,unknown,unknown,unknown,,active,excluded,needs_review,"가격 후보 재검토 필요, 가격 미기재, 스크립트·광고 문구로 추정되는 오염 행",missing,no,no,"loadScript('https://pagead2.googlesyndication.com/pagead/js/adsbygoogle_direct.js?client=ca-pub-8171468792791627', true, 'anonymous');"
ea09f19922f58a80ba65b9ed,digimontcg,디지몬 카드게임,2026-08,2026-08-09T15:47:37+09:00,known,11b5039805b29c79157db5a2,ea09f19922f58a80ba65b9ed,473621,https://m.dcinside.com/board/digimontcg/473621,"덱 및 카드팔고 LM페레홍염,골드키메라몬,제스X항페레 각2장씩 구합니다.",seller-2c417fdce28b2ce4441e42a9,카미니트,registered,리바이어몬,리바이어몬,리바이어몬 장당,,,buy,구매,2,0.5,5000,estimated,per_card,text,unknown,,active,needs_review,needs_review,"가격 단위 추정, 수량 표기 감지, 배송비 포함 여부 미확정",estimated,yes,no,리바이어몬2장 장당0.5
f0a149395fd40bee1549e2e6,digimontcg,디지몬 카드게임,2026-08,2026-08-09T15:47:37+09:00,known,1d62c18ace440c6b929d1cb7,f0a149395fd40bee1549e2e6,473621,https://m.dcinside.com/board/digimontcg/473621,"덱 및 카드팔고 LM페레홍염,골드키메라몬,제스X항페레 각2장씩 구합니다.",seller-2c417fdce28b2ce4441e42a9,카미니트,registered,loadScript ' t,loadScript ' t,loadScript('//t,,,buy,구매,1,,,missing,unknown,unknown,unknown,,active,excluded,needs_review,"가격 후보 재검토 필요, 가격 미기재, 스크립트·광고 문구로 추정되는 오염 행",missing,no,no,"loadScript('//t1.kakaocdn.net/kas/static/ba.min.js', true);"
f68bb9902f393e624da1a65d,digimontcg,디지몬 카드게임,2026-08,2026-08-09T15:47:37+09:00,known,11b5039805b29c79157db5a2,f68bb9902f393e624da1a65d,473621,https://m.dcinside.com/board/digimontcg/473621,"덱 및 카드팔고 LM페레홍염,골드키메라몬,제스X항페레 각2장씩 구합니다.",seller-2c417fdce28b2ce4441e42a9,카미니트,registered,그노바 사인,그노바 사인,그노바 사인,,,buy,구매,1,2.0,20000,estimated,per_card,text,unknown,,active,needs_review,needs_review,"가격 단위 추정, 배송비 포함 여부 미확정",estimated,yes,no,그노바 사인 2.0
f6d412eefa4538056b3c0a61,digimontcg,디지몬 카드게임,2026-08,2026-08-09T15:47:37+09:00,known,909dc211a5897c875595ffb0,f6d412eefa4538056b3c0a61,473621,https://m.dcinside.com/board/digimontcg/473621,"덱 및 카드팔고 LM페레홍염,골드키메라몬,제스X항페레 각2장씩 구합니다.",seller-2c417fdce28b2ce4441e42a9,카미니트,registered,디게오,디게오,디게오,,,buy,구매,1,1.2,12000,estimated,per_card,text,unknown,,active,needs_review,needs_review,"가격 단위 추정, 배송비 포함 여부 미확정",estimated,yes,no,디게오 1.2
f7c894852ff83b0cd6941e61,digimontcg,디지몬 카드게임,2026-08,2026-08-09T15:47:37+09:00,known,1d62c18ace440c6b929d1cb7,f7c894852ff83b0cd6941e61,473621,https://m.dcinside.com/board/digimontcg/473621,"덱 및 카드팔고 LM페레홍염,골드키메라몬,제스X항페레 각2장씩 구합니다.",seller-2c417fdce28b2ce4441e42a9,카미니트,registered,디게오,디게오,디게오,,,buy,구매,1,1.2,12000,estimated,per_card,text,unknown,,active,needs_review,needs_review,"가격 단위 추정, 배송비 포함 여부 미확정",estimated,yes,no,디게오 1.2
f967082b0f244c5b56adab67,digimontcg,디지몬 카드게임,2026-08,2026-08-09T15:47:37+09:00,known,a905addfa1bb647d56c71e18,f967082b0f244c5b56adab67,473621,https://m.dcinside.com/board/digimontcg/473621,"덱 및 카드팔고 LM페레홍염,골드키메라몬,제스X항페레 각2장씩 구합니다.",seller-2c417fdce28b2ce4441e42a9,카미니트,registered,디게오,디게오,디게오,,,buy,구매,1,1.2,12000,estimated,per_card,text,unknown,,active,needs_review,needs_review,"가격 단위 추정, 배송비 포함 여부 미확정",estimated,yes,no,디게오 1.2
ffd70a633214f69c273e4ab9,digimontcg,디지몬 카드게임,2026-08,2026-08-09T15:47:37+09:00,known,909dc211a5897c875595ffb0,ffd70a633214f69c273e4ab9,473621,https://m.dcinside.com/board/digimontcg/473621,"덱 및 카드팔고 LM페레홍염,골드키메라몬,제스X항페레 각2장씩 구합니다.",seller-2c417fdce28b2ce4441e42a9,카미니트,registered,var safe = window.dcAd && window.dcAd.safe ==,var safe = window.dcAd && window.dcAd.safe ==,var safe = (window.dcAd && window.dcAd.safe ==,,,buy,구매,1,1,10000,estimated,bundle,text,unknown,,active,excluded,needs_review,"가격 단위 추정, 복수 카드 가격, 배송비 포함 여부 미확정, 묶음·세트 총액 · 개별 카드 가격 아님, 스크립트·광고 문구로 추정되는 오염 행",estimated,no,no,var safe = (window.dcAd && window.dcAd.safe == 1)
04aa2fb1195c151b926859ca,digimontcg,디지몬 카드게임,2026-08,2026-08-09T21:59:34+09:00,known,1fcef451496e95574bb57f21,04aa2fb1195c151b926859ca,473740,https://m.dcinside.com/board/digimontcg/473740,Ex8 고로몬 lm 2장 구합니다,seller-2849cedbd80c22717faa6619,KMOY,registered,Ex8 고로몬 lm레어,Ex8 고로몬 lm레어,Ex8 고로몬 lm레어 장당,,,buy,구매,2,1.5,15000,estimated,per_card,text,unknown,,active,needs_review,needs_review,"가격 단위 추정, 수량 표기 감지, 배송비 포함 여부 미확정",estimated,yes,no,Ex8 고로몬 lm레어 2장 장당 1.5에 구합니다
3df5f1468461848377fe87d7,digimontcg,디지몬 카드게임,2026-08,2026-08-09T21:59:34+09:00,known,ecebc9b451d9a8d2fccf3013,3df5f1468461848377fe87d7,473740,https://m.dcinside.com/board/digimontcg/473740,Ex8 고로몬 lm 2장 구합니다,seller-2849cedbd80c22717faa6619,KMOY,registered,Ex8 고로몬 lm레어,Ex8 고로몬 lm레어,Ex8 고로몬 lm레어 장당,,,buy,구매,2,1.5,15000,estimated,per_card,text,unknown,,active,needs_review,needs_review,"가격 단위 추정, 수량 표기 감지, 배송비 포함 여부 미확정",estimated,yes,no,Ex8 고로몬 lm레어 2장 장당 1.5에 구합니다
80473beabf75d3f95c7cd802,digimontcg,디지몬 카드게임,2026-08,2026-08-09T21:59:34+09:00,known,ab72e453a2fb5e0195a86c93,80473beabf75d3f95c7cd802,473740,https://m.dcinside.com/board/digimontcg/473740,Ex8 고로몬 lm 2장 구합니다,seller-2849cedbd80c22717faa6619,KMOY,registered,Ex8 고로몬 lm레어,Ex8 고로몬 lm레어,Ex8 고로몬 lm레어 장당,,,buy,구매,2,1.5,15000,estimated,per_card,text,unknown,,active,needs_review,needs_review,"가격 단위 추정, 수량 표기 감지, 배송비 포함 여부 미확정",estimated,yes,no,Ex8 고로몬 lm레어 2장 장당 1.5에 구합니다
fa0cb44f1b9d50c8f728cac1,digimontcg,디지몬 카드게임,2026-08,2026-08-09T21:59:34+09:00,known,219a12eab7792da6b6f48f38,fa0cb44f1b9d50c8f728cac1,473740,https://m.dcinside.com/board/digimontcg/473740,Ex8 고로몬 lm 2장 구합니다,seller-2849cedbd80c22717faa6619,KMOY,registered,Ex8 고로몬 lm레어,Ex8 고로몬 lm레어,Ex8 고로몬 lm레어 장당,,,buy,구매,2,1.5,15000,estimated,per_card,text,unknown,,active,needs_review,needs_review,"가격 단위 추정, 수량 표기 감지, 배송비 포함 여부 미확정",estimated,yes,no,Ex8 고로몬 lm레어 2장 장당 1.5에 구합니다
1e0b1efd2384f81014a279c3,digimontcg,디지몬 카드게임,2026-08,2026-08-10T00:12:23+09:00,known,8fa9c52cbd0e06acb0793cf6,1e0b1efd2384f81014a279c3,473776,https://m.dcinside.com/board/digimontcg/473776,Ex8 랜드라몬 lm 페레 4장 6.0 삽니다,seller-47ffcdc15dc85fce908d862d,마일도,registered,Ex8 랜드라몬 lm 페레,Ex8 랜드라몬 lm 페레,Ex8 랜드라몬 lm 페레 6.0 삽니다,,,buy,구매,4,,,missing,unknown,unknown,unknown,,active,needs_review,needs_review,수량 표기 감지 · 가격 미기재,missing,no,no,Ex8 랜드라몬 lm 페레 4장 6.0 삽니다
361c0645148b194e794ee6c5,digimontcg,디지몬 카드게임,2026-08,2026-08-10T00:12:23+09:00,known,2e1690120c941577823663d1,361c0645148b194e794ee6c5,473776,https://m.dcinside.com/board/digimontcg/473776,Ex8 랜드라몬 lm 페레 4장 6.0 삽니다,seller-47ffcdc15dc85fce908d862d,마일도,registered,Ex8 랜드라몬 lm 페레,Ex8 랜드라몬 lm 페레,Ex8 랜드라몬 lm 페레 6.0 삽니다,,,buy,구매,4,,,missing,unknown,unknown,unknown,,active,needs_review,needs_review,수량 표기 감지 · 가격 미기재,missing,no,no,Ex8 랜드라몬 lm 페레 4장 6.0 삽니다
9327dda975885d47e582e147,digimontcg,디지몬 카드게임,2026-08,2026-08-10T00:12:23+09:00,known,a603ed3e1824cf58ca51f3d4,9327dda975885d47e582e147,473776,https://m.dcinside.com/board/digimontcg/473776,Ex8 랜드라몬 lm 페레 4장 6.0 삽니다,seller-47ffcdc15dc85fce908d862d,마일도,registered,Ex8 랜드라몬 lm 페레,Ex8 랜드라몬 lm 페레,Ex8 랜드라몬 lm 페레 6.0 삽니다,,,buy,구매,4,,,missing,unknown,unknown,unknown,,active,needs_review,needs_review,수량 표기 감지 · 가격 미기재,missing,no,no,Ex8 랜드라몬 lm 페레 4장 6.0 삽니다
d7270be357f31a1e23d7d61b,digimontcg,디지몬 카드게임,2026-08,2026-08-10T00:12:23+09:00,known,31b45af88de49cfb290259de,d7270be357f31a1e23d7d61b,473776,https://m.dcinside.com/board/digimontcg/473776,Ex8 랜드라몬 lm 페레 4장 6.0 삽니다,seller-47ffcdc15dc85fce908d862d,마일도,registered,Ex8 랜드라몬 lm 페레,Ex8 랜드라몬 lm 페레,Ex8 랜드라몬 lm 페레 6.0 삽니다,,,buy,구매,4,,,missing,unknown,unknown,unknown,,active,needs_review,needs_review,수량 표기 감지 · 가격 미기재,missing,no,no,Ex8 랜드라몬 lm 페레 4장 6.0 삽니다
11d9b4dcabc1b85e49532b99,digimontcg,디지몬 카드게임,2026-08,2026-08-10T00:28:10+09:00,known,ae2b1601bb9214b657ca9633,11d9b4dcabc1b85e49532b99,473785,https://m.dcinside.com/board/digimontcg/473785,도리몬 구매합니다,seller-2708ef021e37951a56a2e199,일단입에넣고보..,registered,도리몬,도리몬,도리몬,,,buy,구매,2,0.6,6000,estimated,per_quantity,text,unknown,,active,needs_review,needs_review,"가격 단위 추정, 수량 표기 감지, 배송비 포함 여부 미확정, 복수 수량 총액 · 카드 1장 가격 아님",estimated,no,no,도리몬 2장 0.6에 구매합니다
213efd6b7350012b05cb8727,digimontcg,디지몬 카드게임,2026-08,2026-08-10T00:28:10+09:00,known,efa606ae90e003346c97188a,213efd6b7350012b05cb8727,473785,https://m.dcinside.com/board/digimontcg/473785,도리몬 구매합니다,seller-2708ef021e37951a56a2e199,일단입에넣고보..,registered,도리몬,도리몬,도리몬,,,buy,구매,2,0.6,6000,estimated,per_quantity,text,unknown,,active,needs_review,needs_review,"가격 단위 추정, 수량 표기 감지, 배송비 포함 여부 미확정, 복수 수량 총액 · 카드 1장 가격 아님",estimated,no,no,도리몬 2장 0.6에 구매합니다
b0eb23dd1220513250c7b79b,digimontcg,디지몬 카드게임,2026-08,2026-08-10T00:28:10+09:00,known,742d575b7cf6b65fcc46c4c4,b0eb23dd1220513250c7b79b,473785,https://m.dcinside.com/board/digimontcg/473785,도리몬 구매합니다,seller-2708ef021e37951a56a2e199,일단입에넣고보..,registered,도리몬,도리몬,도리몬,,,buy,구매,2,0.6,6000,estimated,per_quantity,text,unknown,,active,needs_review,needs_review,"가격 단위 추정, 수량 표기 감지, 배송비 포함 여부 미확정, 복수 수량 총액 · 카드 1장 가격 아님",estimated,no,no,도리몬 2장 0.6에 구매합니다
f507a4fb9d5470e51e6a55a9,digimontcg,디지몬 카드게임,2026-08,2026-08-10T00:28:10+09:00,known,3a9d9cae6e1a98af5171c3b6,f507a4fb9d5470e51e6a55a9,473785,https://m.dcinside.com/board/digimontcg/473785,도리몬 구매합니다,seller-2708ef021e37951a56a2e199,일단입에넣고보..,registered,도리몬,도리몬,도리몬,,,buy,구매,2,0.6,6000,estimated,per_quantity,text,unknown,,active,needs_review,needs_review,"가격 단위 추정, 수량 표기 감지, 배송비 포함 여부 미확정, 복수 수량 총액 · 카드 1장 가격 아님",estimated,no,no,도리몬 2장 0.6에 구매합니다
03547daff0ae570285629797,digimontcg,디지몬 카드게임,2026-08,2026-08-10T10:13:37+09:00,known,1baa7b0d4ecbb3e5114db71e,03547daff0ae570285629797,473854,https://m.dcinside.com/board/digimontcg/473854,"은하, 크로스하트, 메기드 덱 및 잡카 팔고 카드구합니다.",seller-2c417fdce28b2ce4441e42a9,카미니트,registered,그외 lm홍염,그외 lm홍염,그외 lm홍염 장당,,,buy,구매,1,1.0,10000,estimated,per_card,text,unknown,,active,needs_review,needs_review,"가격 단위 추정, 배송비 포함 여부 미확정",estimated,yes,no,"그외 lm홍염 장당 1.0, bt8 골드 키메라몬 장당 0.5, bt10 제스몬 x항체 장당 1로 각 2장씩 준등기로 구해봅니다."
358304f3b73c48c1905eff1f,digimontcg,디지몬 카드게임,2026-08,2026-08-10T10:13:37+09:00,known,1baa7b0d4ecbb3e5114db71e,358304f3b73c48c1905eff1f,473854,https://m.dcinside.com/board/digimontcg/473854,"은하, 크로스하트, 메기드 덱 및 잡카 팔고 카드구합니다.",seller-2c417fdce28b2ce4441e42a9,카미니트,registered,리바이어몬,리바이어몬,리바이어몬 장당,,,buy,구매,2,0.5,5000,estimated,per_card,text,unknown,,active,needs_review,needs_review,"가격 단위 추정, 수량 표기 감지, 배송비 포함 여부 미확정",estimated,yes,no,리바이어몬2장 장당0.5
67210295fe432588d89c26b6,digimontcg,디지몬 카드게임,2026-08,2026-08-10T10:13:37+09:00,known,19a4f69b2f43040e057307d5,67210295fe432588d89c26b6,473854,https://m.dcinside.com/board/digimontcg/473854,"은하, 크로스하트, 메기드 덱 및 잡카 팔고 카드구합니다.",seller-2c417fdce28b2ce4441e42a9,카미니트,registered,리바이어몬,리바이어몬,리바이어몬 장당,,,buy,구매,2,0.5,5000,estimated,per_card,text,unknown,,active,needs_review,needs_review,"가격 단위 추정, 수량 표기 감지, 배송비 포함 여부 미확정",estimated,yes,no,리바이어몬2장 장당0.5
8b89e07939f27fefcb61f5b6,digimontcg,디지몬 카드게임,2026-08,2026-08-10T10:13:37+09:00,known,19a4f69b2f43040e057307d5,8b89e07939f27fefcb61f5b6,473854,https://m.dcinside.com/board/digimontcg/473854,"은하, 크로스하트, 메기드 덱 및 잡카 팔고 카드구합니다.",seller-2c417fdce28b2ce4441e42a9,카미니트,registered,그노바 사인,그노바 사인,그노바 사인,,,buy,구매,1,2.0,20000,estimated,per_card,text,unknown,,active,needs_review,needs_review,"가격 단위 추정, 배송비 포함 여부 미확정",estimated,yes,no,그노바 사인 2.0
9081c624f9d8dc5a9bb64638,digimontcg,디지몬 카드게임,2026-08,2026-08-10T10:13:37+09:00,known,0f7e114339b0ae0f0f70ff02,9081c624f9d8dc5a9bb64638,473854,https://m.dcinside.com/board/digimontcg/473854,"은하, 크로스하트, 메기드 덱 및 잡카 팔고 카드구합니다.",seller-2c417fdce28b2ce4441e42a9,카미니트,registered,그외 lm홍염,그외 lm홍염,그외 lm홍염 장당,,,buy,구매,1,1.0,10000,estimated,per_card,text,unknown,,active,needs_review,needs_review,"가격 단위 추정, 배송비 포함 여부 미확정",estimated,yes,no,"그외 lm홍염 장당 1.0, bt8 골드 키메라몬 장당 0.5, bt10 제스몬 x항체 장당 1로 각 2장씩 준등기로 구해봅니다."
b8f2b22e13f6005494475e96,digimontcg,디지몬 카드게임,2026-08,2026-08-10T10:13:37+09:00,known,8be4543146e40dae4c8880bb,b8f2b22e13f6005494475e96,473854,https://m.dcinside.com/board/digimontcg/473854,"은하, 크로스하트, 메기드 덱 및 잡카 팔고 카드구합니다.",seller-2c417fdce28b2ce4441e42a9,카미니트,registered,그노바 사인,그노바 사인,그노바 사인,,,buy,구매,1,2.0,20000,estimated,per_card,text,unknown,,active,needs_review,needs_review,"가격 단위 추정, 배송비 포함 여부 미확정",estimated,yes,no,그노바 사인 2.0
ba65fa5e33326b4b174e2497,digimontcg,디지몬 카드게임,2026-08,2026-08-10T10:13:37+09:00,known,0f7e114339b0ae0f0f70ff02,ba65fa5e33326b4b174e2497,473854,https://m.dcinside.com/board/digimontcg/473854,"은하, 크로스하트, 메기드 덱 및 잡카 팔고 카드구합니다.",seller-2c417fdce28b2ce4441e42a9,카미니트,registered,리바이어몬,리바이어몬,리바이어몬 장당,,,buy,구매,2,0.5,5000,estimated,per_card,text,unknown,,active,needs_review,needs_review,"가격 단위 추정, 수량 표기 감지, 배송비 포함 여부 미확정",estimated,yes,no,리바이어몬2장 장당0.5
c1a1eab44d6ce3b95684df39,digimontcg,디지몬 카드게임,2026-08,2026-08-10T10:13:37+09:00,known,1baa7b0d4ecbb3e5114db71e,c1a1eab44d6ce3b95684df39,473854,https://m.dcinside.com/board/digimontcg/473854,"은하, 크로스하트, 메기드 덱 및 잡카 팔고 카드구합니다.",seller-2c417fdce28b2ce4441e42a9,카미니트,registered,그노바 사인,그노바 사인,그노바 사인,,,buy,구매,1,2.0,20000,estimated,per_card,text,unknown,,active,needs_review,needs_review,"가격 단위 추정, 배송비 포함 여부 미확정",estimated,yes,no,그노바 사인 2.0
c580a4581e9912296ca3d722,digimontcg,디지몬 카드게임,2026-08,2026-08-10T10:13:37+09:00,known,19a4f69b2f43040e057307d5,c580a4581e9912296ca3d722,473854,https://m.dcinside.com/board/digimontcg/473854,"은하, 크로스하트, 메기드 덱 및 잡카 팔고 카드구합니다.",seller-2c417fdce28b2ce4441e42a9,카미니트,registered,그외 lm홍염,그외 lm홍염,그외 lm홍염 장당,,,buy,구매,1,1.0,10000,estimated,per_card,text,unknown,,active,needs_review,needs_review,"가격 단위 추정, 배송비 포함 여부 미확정",estimated,yes,no,"그외 lm홍염 장당 1.0, bt8 골드 키메라몬 장당 0.5, bt10 제스몬 x항체 장당 1로 각 2장씩 준등기로 구해봅니다."
dafa195676578db99969df9c,digimontcg,디지몬 카드게임,2026-08,2026-08-10T10:13:37+09:00,known,8be4543146e40dae4c8880bb,dafa195676578db99969df9c,473854,https://m.dcinside.com/board/digimontcg/473854,"은하, 크로스하트, 메기드 덱 및 잡카 팔고 카드구합니다.",seller-2c417fdce28b2ce4441e42a9,카미니트,registered,리바이어몬,리바이어몬,리바이어몬 장당,,,buy,구매,2,0.5,5000,estimated,per_card,text,unknown,,active,needs_review,needs_review,"가격 단위 추정, 수량 표기 감지, 배송비 포함 여부 미확정",estimated,yes,no,리바이어몬2장 장당0.5
fada39ebb640a5517b4b2d9c,digimontcg,디지몬 카드게임,2026-08,2026-08-10T10:13:37+09:00,known,0f7e114339b0ae0f0f70ff02,fada39ebb640a5517b4b2d9c,473854,https://m.dcinside.com/board/digimontcg/473854,"은하, 크로스하트, 메기드 덱 및 잡카 팔고 카드구합니다.",seller-2c417fdce28b2ce4441e42a9,카미니트,registered,그노바 사인,그노바 사인,그노바 사인,,,buy,구매,1,2.0,20000,estimated,per_card,text,unknown,,active,needs_review,needs_review,"가격 단위 추정, 배송비 포함 여부 미확정",estimated,yes,no,그노바 사인 2.0
ff60fcd15365fee1e1392351,digimontcg,디지몬 카드게임,2026-08,2026-08-10T10:13:37+09:00,known,8be4543146e40dae4c8880bb,ff60fcd15365fee1e1392351,473854,https://m.dcinside.com/board/digimontcg/473854,"은하, 크로스하트, 메기드 덱 및 잡카 팔고 카드구합니다.",seller-2c417fdce28b2ce4441e42a9,카미니트,registered,그외 lm홍염,그외 lm홍염,그외 lm홍염 장당,,,buy,구매,1,1.0,10000,estimated,per_card,text,unknown,,active,needs_review,needs_review,"가격 단위 추정, 배송비 포함 여부 미확정",estimated,yes,no,"그외 lm홍염 장당 1.0, bt8 골드 키메라몬 장당 0.5, bt10 제스몬 x항체 장당 1로 각 2장씩 준등기로 구해봅니다."
30e15f778387ab5b58f509a2,digimontcg,디지몬 카드게임,2026-08,2026-08-10T10:19:03+09:00,known,5d032f13ead5bbedbb394171,30e15f778387ab5b58f509a2,473857,https://m.dcinside.com/board/digimontcg/473857,벨젭 Ex10-074 sec 일판 구매합니다,seller-355a2ec3c2b35fcf1314e86a,어려벙40,registered,벨젭 Ex10-074 sec 일판,벨젭 Ex10-074 sec 일판,벨젭 Ex10-074 sec 일판,,,buy,구매,1,,,missing,unknown,unknown,unknown,,active,needs_review,needs_review,"가격 후보 재검토 필요, 가격 미기재",missing,no,no,벨젭 Ex10-074 sec 일판 구매합니다
3cb399d14c5ddc1ce5429443,digimontcg,디지몬 카드게임,2026-08,2026-08-10T10:19:03+09:00,known,9a756aefbd119d6bc43c98e3,3cb399d14c5ddc1ce5429443,473857,https://m.dcinside.com/board/digimontcg/473857,벨젭 Ex10-074 sec 일판 구매합니다,seller-355a2ec3c2b35fcf1314e86a,어려벙40,registered,벨젭 Ex10-074 sec 일판,벨젭 Ex10-074 sec 일판,벨젭 Ex10-074 sec 일판,,,buy,구매,1,,,missing,unknown,unknown,unknown,,active,needs_review,needs_review,"가격 후보 재검토 필요, 가격 미기재",missing,no,no,벨젭 Ex10-074 sec 일판 구매합니다
45e022786002c39733a997c5,digimontcg,디지몬 카드게임,2026-08,2026-08-10T10:19:03+09:00,known,cd1aff4c4097d44b0d7eaa72,45e022786002c39733a997c5,473857,https://m.dcinside.com/board/digimontcg/473857,벨젭 Ex10-074 sec 일판 구매합니다,seller-355a2ec3c2b35fcf1314e86a,어려벙40,registered,벨젭 Ex10-074 sec 일판,벨젭 Ex10-074 sec 일판,벨젭 Ex10-074 sec 일판,,,buy,구매,1,,,missing,unknown,unknown,unknown,,active,needs_review,needs_review,"가격 후보 재검토 필요, 가격 미기재",missing,no,no,벨젭 Ex10-074 sec 일판 구매합니다
ded8b9e7baae643c78f9c30c,digimontcg,디지몬 카드게임,2026-08,2026-08-10T10:19:03+09:00,known,9ca82c07d08311933ad4cc82,ded8b9e7baae643c78f9c30c,473857,https://m.dcinside.com/board/digimontcg/473857,벨젭 Ex10-074 sec 일판 구매합니다,seller-355a2ec3c2b35fcf1314e86a,어려벙40,registered,벨젭 Ex10-074 sec 일판,벨젭 Ex10-074 sec 일판,벨젭 Ex10-074 sec 일판,,,buy,구매,1,,,missing,unknown,unknown,unknown,,active,needs_review,needs_review,"가격 후보 재검토 필요, 가격 미기재",missing,no,no,벨젭 Ex10-074 sec 일판 구매합니다
017953bbc3af7c5c98be50d6,digimontcg,디지몬 카드게임,2026-08,2026-08-10T11:46:26+09:00,known,d571551be5aa214a4f97e0c3,017953bbc3af7c5c98be50d6,473887,https://m.dcinside.com/board/digimontcg/473887,21탄 시크 태일 산다이몬(거완),seller-bbf02499cafe69d32dc21bf6,우로부치,guest,21탄 시크 태일 산다이몬 거완,21탄 시크 태일 산다이몬 거완,21탄 시크 태일 산다이몬(거완,,,buy,구매,3,,,missing,unknown,unknown,unknown,,active,needs_review,needs_review,"가격 후보 재검토 필요, 가격 미기재",missing,no,no,21탄 시크 태일 산다이몬(거완)
2c8f94a92a237e3565b681df,digimontcg,디지몬 카드게임,2026-08,2026-08-10T11:46:26+09:00,known,f3a978b8a27405899bb9667a,2c8f94a92a237e3565b681df,473887,https://m.dcinside.com/board/digimontcg/473887,21탄 시크 태일 산다이몬(거완),seller-fa9f175bf8f66587e3d4448c,우로부치,guest,21탄 시크 태일 산다이몬 거완,21탄 시크 태일 산다이몬 거완,21탄 시크 태일 산다이몬(거완,,,buy,구매,3,,,missing,unknown,unknown,unknown,,active,needs_review,needs_review,"가격 후보 재검토 필요, 가격 미기재",missing,no,no,21탄 시크 태일 산다이몬(거완)
3c4921deef7ba0c0c9e06619,digimontcg,디지몬 카드게임,2026-08,2026-08-10T11:46:26+09:00,known,2ec000a8c153d1f575ee8cc3,3c4921deef7ba0c0c9e06619,473887,https://m.dcinside.com/board/digimontcg/473887,21탄 시크 태일 산다이몬(거완),seller-dc562dd1c515c5c46b4a7c0f,우로부치,guest,21탄 시크 태일 산다이몬 거완,21탄 시크 태일 산다이몬 거완,21탄 시크 태일 산다이몬(거완,,,buy,구매,3,,,missing,unknown,unknown,unknown,,active,needs_review,needs_review,"가격 후보 재검토 필요, 가격 미기재",missing,no,no,21탄 시크 태일 산다이몬(거완)
dcd45c8d55f7f5b0e98cde94,digimontcg,디지몬 카드게임,2026-08,2026-08-10T11:46:26+09:00,known,622969da1a08ce7b9b3b2e6e,dcd45c8d55f7f5b0e98cde94,473887,https://m.dcinside.com/board/digimontcg/473887,21탄 시크 태일 산다이몬(거완),seller-c945fc00fc3d14ba1c308540,우로부치,guest,21탄 시크 태일 산다이몬 거완,21탄 시크 태일 산다이몬 거완,21탄 시크 태일 산다이몬(거완,,,buy,구매,3,,,missing,unknown,unknown,unknown,,active,needs_review,needs_review,"가격 후보 재검토 필요, 가격 미기재",missing,no,no,21탄 시크 태일 산다이몬(거완)
0594aa4ae112676e6e4ab57e,digimontcg,디지몬 카드게임,2026-08,2026-08-10T13:17:06+09:00,known,c2f29d3ac6f09be1fb35d253,0594aa4ae112676e6e4ab57e,473916,https://m.dcinside.com/board/digimontcg/473916,"프반블룸로드,로얄베이스 삽니다",seller-ae11deee58965305da49986b,죽순구이,guest,프반블룸로드 장장,프반블룸로드 장장,프반블룸로드 장장 0.15,,,buy,구매,3,,,missing,unknown,unknown,unknown,,active,needs_review,needs_review,수량 표기 감지 · 가격 미기재,missing,no,no,프반블룸로드 장장 0.15 x3
24ea1dc815020c140830f322,digimontcg,디지몬 카드게임,2026-08,2026-08-10T13:17:06+09:00,known,358fca20974ef0fcb8080165,24ea1dc815020c140830f322,473916,https://m.dcinside.com/board/digimontcg/473916,"프반블룸로드,로얄베이스 삽니다",seller-c987b720c9938098fcd37dac,죽순구이,guest,프반블룸로드 장장,프반블룸로드 장장,프반블룸로드 장장 0.15,,,buy,구매,3,,,missing,unknown,unknown,unknown,,active,needs_review,needs_review,수량 표기 감지 · 가격 미기재,missing,no,no,프반블룸로드 장장 0.15 x3
ce5f4eb70a41f53446b4d07b,digimontcg,디지몬 카드게임,2026-08,2026-08-10T13:17:06+09:00,known,80f7dd513f133164eeec2051,ce5f4eb70a41f53446b4d07b,473916,https://m.dcinside.com/board/digimontcg/473916,"프반블룸로드,로얄베이스 삽니다",seller-e83779cbb424e6a05c6673b4,죽순구이,guest,프반블룸로드 장장,프반블룸로드 장장,프반블룸로드 장장 0.15,,,buy,구매,3,,,missing,unknown,unknown,unknown,,active,needs_review,needs_review,수량 표기 감지 · 가격 미기재,missing,no,no,프반블룸로드 장장 0.15 x3
f0c39c5c7bf97811a5eae034,digimontcg,디지몬 카드게임,2026-08,2026-08-10T13:17:06+09:00,known,b48ef15e526c5f53fb581be8,f0c39c5c7bf97811a5eae034,473916,https://m.dcinside.com/board/digimontcg/473916,"프반블룸로드,로얄베이스 삽니다",seller-f9de08306535274f6c51c48f,죽순구이,guest,프반블룸로드 장장,프반블룸로드 장장,프반블룸로드 장장 0.15,,,buy,구매,3,,,missing,unknown,unknown,unknown,,active,needs_review,needs_review,수량 표기 감지 · 가격 미기재,missing,no,no,프반블룸로드 장장 0.15 x3
4050854f3430850c2a51838c,digimontcg,디지몬 카드게임,2026-08,2026-08-10T16:38:03+09:00,known,c2b5d0d6cf54cef87738ae1c,4050854f3430850c2a51838c,473999,https://m.dcinside.com/board/digimontcg/473999,자기기 4장 3에 삽니다,seller-7bfd14a97c151a9d8c176990,ㅇㅇ,guest,자기기,자기기,자기기,,,buy,구매,4,3,30000,estimated,per_quantity,text,unknown,,active,needs_review,needs_review,"가격 단위 추정, 수량 표기 감지, 배송비 포함 여부 미확정, 복수 수량 총액 · 카드 1장 가격 아님",estimated,no,no,자기기 4장 3에 삽니다
5f7bc3780f662305d381534f,digimontcg,디지몬 카드게임,2026-08,2026-08-10T16:38:03+09:00,known,7f62e780243e131b71ab1687,5f7bc3780f662305d381534f,473999,https://m.dcinside.com/board/digimontcg/473999,자기기 4장 3에 삽니다,seller-463b269648d5450fea953c06,ㅇㅇ,guest,자기기,자기기,자기기,,,buy,구매,4,3,30000,estimated,per_quantity,text,unknown,,active,needs_review,needs_review,"가격 단위 추정, 수량 표기 감지, 배송비 포함 여부 미확정, 복수 수량 총액 · 카드 1장 가격 아님",estimated,no,no,자기기 4장 3에 삽니다
66c978446944f2f71bc3bec7,digimontcg,디지몬 카드게임,2026-08,2026-08-10T16:38:03+09:00,known,01b41cfc30d25f209bd60624,66c978446944f2f71bc3bec7,473999,https://m.dcinside.com/board/digimontcg/473999,자기기 4장 3에 삽니다,seller-9101a9d429130bcdb6b40a7b,ㅇㅇ,guest,자기기,자기기,자기기,,,buy,구매,4,3,30000,estimated,per_quantity,text,unknown,,active,needs_review,needs_review,"가격 단위 추정, 수량 표기 감지, 배송비 포함 여부 미확정, 복수 수량 총액 · 카드 1장 가격 아님",estimated,no,no,자기기 4장 3에 삽니다
b928b6eab234a12a8946f2d2,digimontcg,디지몬 카드게임,2026-08,2026-08-10T16:38:03+09:00,known,2b81aa1ea3cac8c7c129ad58,b928b6eab234a12a8946f2d2,473999,https://m.dcinside.com/board/digimontcg/473999,자기기 4장 3에 삽니다,seller-bb435b4d3efa3ec8b63e44f8,ㅇㅇ,guest,자기기,자기기,자기기,,,buy,구매,4,3,30000,estimated,per_quantity,text,unknown,,active,needs_review,needs_review,"가격 단위 추정, 수량 표기 감지, 배송비 포함 여부 미확정, 복수 수량 총액 · 카드 1장 가격 아님",estimated,no,no,자기기 4장 3에 삽니다
b401a83033332211b2d0fdf9,digimontcg,디지몬 카드게임,2026-08,2026-08-10T17:13:24+09:00,known,fe6e26d1df8b7f84ba4dcffd,b401a83033332211b2d0fdf9,474012,https://m.dcinside.com/board/digimontcg/474012,일본판 메가로그라우몬 희소 관심 있는 사람,seller-a4bc0f84fdc71a04547088ae,하일리언,registered,암튼 그래서 나도,암튼 그래서 나도,암튼 그래서 나도,,,buy,구매,1,6,60000,estimated,bundle,text,unknown,,active,needs_review,needs_review,"배송비 포함 여부 미확정, 묶음·세트 총액 · 개별 카드 가격 아님",estimated,no,no,"암튼 그래서 나도 6만 정도에 팔려는데, 혹시 살 사람?"
b6edadd187c7d50402e3e90f,digimontcg,디지몬 카드게임,2026-08,2026-08-10T17:13:24+09:00,known,f87617aa355bfb371d1302e6,b6edadd187c7d50402e3e90f,474012,https://m.dcinside.com/board/digimontcg/474012,일본판 메가로그라우몬 희소 관심 있는 사람,seller-a4bc0f84fdc71a04547088ae,하일리언,registered,암튼 그래서 나도,암튼 그래서 나도,암튼 그래서 나도,,,buy,구매,1,6,60000,estimated,bundle,text,unknown,,active,needs_review,needs_review,"배송비 포함 여부 미확정, 묶음·세트 총액 · 개별 카드 가격 아님",estimated,no,no,"암튼 그래서 나도 6만 정도에 팔려는데, 혹시 살 사람?"
ded01644563ae793778ce16d,digimontcg,디지몬 카드게임,2026-08,2026-08-10T17:13:24+09:00,known,2c071a4b88f3da2319419ffb,ded01644563ae793778ce16d,474012,https://m.dcinside.com/board/digimontcg/474012,일본판 메가로그라우몬 희소 관심 있는 사람,seller-a4bc0f84fdc71a04547088ae,하일리언,registered,암튼 그래서 나도,암튼 그래서 나도,암튼 그래서 나도,,,buy,구매,1,6,60000,estimated,bundle,text,unknown,,active,needs_review,needs_review,"배송비 포함 여부 미확정, 묶음·세트 총액 · 개별 카드 가격 아님",estimated,no,no,"암튼 그래서 나도 6만 정도에 팔려는데, 혹시 살 사람?"
eb72de9de8121e78ccb852b1,digimontcg,디지몬 카드게임,2026-08,2026-08-10T17:13:24+09:00,known,e1aac8afe5f7757fd9823724,eb72de9de8121e78ccb852b1,474012,https://m.dcinside.com/board/digimontcg/474012,일본판 메가로그라우몬 희소 관심 있는 사람,seller-a4bc0f84fdc71a04547088ae,하일리언,registered,암튼 그래서 나도,암튼 그래서 나도,암튼 그래서 나도,,,buy,구매,1,6,60000,estimated,bundle,text,unknown,,active,needs_review,needs_review,"배송비 포함 여부 미확정, 묶음·세트 총액 · 개별 카드 가격 아님",estimated,no,no,"암튼 그래서 나도 6만 정도에 팔려는데, 혹시 살 사람?"
03caa2ac6ae7c731a7e8a5ba,digimontcg,디지몬 카드게임,2026-08,2026-08-10T17:14:49+09:00,known,bf64266f01eb19c0190c00d3,03caa2ac6ae7c731a7e8a5ba,474013,https://m.dcinside.com/board/digimontcg/474013,저스티몬 블리츠 암 ACE 페레 삽니다,seller-04a7eb813d6213836a0f428f,ㅇㅇ,guest,,장당,장당,,,buy,구매,1,1,10000,estimated,per_card,text,unknown,,active,excluded,needs_review,"가격 단위 추정, 배송비 포함 여부 미확정, 스크립트·광고 문구로 추정되는 오염 행",estimated,yes,no,장당 1
ae6c798905212993a67d5083,digimontcg,디지몬 카드게임,2026-08,2026-08-10T17:14:49+09:00,known,c0e3e8cfb53fdac3301f1e60,ae6c798905212993a67d5083,474013,https://m.dcinside.com/board/digimontcg/474013,저스티몬 블리츠 암 ACE 페레 삽니다,seller-670d279c83b73416b9b8faa7,ㅇㅇ,guest,,장당,장당,,,buy,구매,1,1,10000,estimated,per_card,text,unknown,,active,excluded,needs_review,"가격 단위 추정, 배송비 포함 여부 미확정, 스크립트·광고 문구로 추정되는 오염 행",estimated,yes,no,장당 1
c50f5632181532f784b497a1,digimontcg,디지몬 카드게임,2026-08,2026-08-10T17:14:49+09:00,known,2686366c91951bd954d93271,c50f5632181532f784b497a1,474013,https://m.dcinside.com/board/digimontcg/474013,저스티몬 블리츠 암 ACE 페레 삽니다,seller-8bae626734be7e3495b3b647,ㅇㅇ,guest,,장당,장당,,,buy,구매,1,1,10000,estimated,per_card,text,unknown,,active,excluded,needs_review,"가격 단위 추정, 배송비 포함 여부 미확정, 스크립트·광고 문구로 추정되는 오염 행",estimated,yes,no,장당 1
cf8a33de23139e46fd2d264f,digimontcg,디지몬 카드게임,2026-08,2026-08-10T17:14:49+09:00,known,2dc108ab525b91686bc68295,cf8a33de23139e46fd2d264f,474013,https://m.dcinside.com/board/digimontcg/474013,저스티몬 블리츠 암 ACE 페레 삽니다,seller-c50b63c1b120b700fd331138,ㅇㅇ,guest,,장당,장당,,,buy,구매,1,1,10000,estimated,per_card,text,unknown,,active,excluded,needs_review,"가격 단위 추정, 배송비 포함 여부 미확정, 스크립트·광고 문구로 추정되는 오염 행",estimated,yes,no,장당 1
1fd913d56d7e61eb77f60d0a,digimontcg,디지몬 카드게임,2026-08,2026-08-10T18:20:10+09:00,known,1f9ba4d32c9eab78cb782862,1fd913d56d7e61eb77f60d0a,474033,https://m.dcinside.com/board/digimontcg/474033,청녹조그덱 파츠 구매합니다,seller-922de86ed7014ea13ab63db0,GUKSU,registered,,준등기,준등기,,,buy,구매,1,0.2,2000,estimated,per_card,text,unknown,,active,excluded,needs_review,"가격 단위 추정, 배송비 포함 여부 미확정, 스크립트·광고 문구로 추정되는 오염 행",estimated,yes,no,준등기 0.2
5519b4fa295aafba58865087,digimontcg,디지몬 카드게임,2026-08,2026-08-10T18:20:10+09:00,known,1f9ba4d32c9eab78cb782862,5519b4fa295aafba58865087,474033,https://m.dcinside.com/board/digimontcg/474033,청녹조그덱 파츠 구매합니다,seller-922de86ed7014ea13ab63db0,GUKSU,registered,bt12 황제드라몬 파이터모드,bt12 황제드라몬 파이터모드,bt12 황제드라몬 파이터모드,,,buy,구매,1,0.2,2000,estimated,per_card,text,unknown,,active,needs_review,needs_review,"가격 단위 추정, 수량 표기 감지, 배송비 포함 여부 미확정",estimated,yes,no,bt12 황제드라몬 파이터모드 1장 0.2
55bc8d94eadba70f29fa681a,digimontcg,디지몬 카드게임,2026-08,2026-08-10T18:20:10+09:00,known,dd97a2e80227489109e28053,55bc8d94eadba70f29fa681a,474033,https://m.dcinside.com/board/digimontcg/474033,청녹조그덱 파츠 구매합니다,seller-922de86ed7014ea13ab63db0,GUKSU,registered,,준등기,준등기,,,buy,구매,1,0.2,2000,estimated,per_card,text,unknown,,active,excluded,needs_review,"가격 단위 추정, 배송비 포함 여부 미확정, 스크립트·광고 문구로 추정되는 오염 행",estimated,yes,no,준등기 0.2
8e60f0e328f8b45c4e8e9b02,digimontcg,디지몬 카드게임,2026-08,2026-08-10T18:20:10+09:00,known,c83e5fa99f33c3f8cd5634e9,8e60f0e328f8b45c4e8e9b02,474033,https://m.dcinside.com/board/digimontcg/474033,청녹조그덱 파츠 구매합니다,seller-922de86ed7014ea13ab63db0,GUKSU,registered,,준등기,준등기,,,buy,구매,1,0.2,2000,estimated,per_card,text,unknown,,active,excluded,needs_review,"가격 단위 추정, 배송비 포함 여부 미확정, 스크립트·광고 문구로 추정되는 오염 행",estimated,yes,no,준등기 0.2
989c0071b119b888823d58bf,digimontcg,디지몬 카드게임,2026-08,2026-08-10T18:20:10+09:00,known,bef116040792c40fc347b883,989c0071b119b888823d58bf,474033,https://m.dcinside.com/board/digimontcg/474033,청녹조그덱 파츠 구매합니다,seller-922de86ed7014ea13ab63db0,GUKSU,registered,,준등기,준등기,,,buy,구매,1,0.2,2000,estimated,per_card,text,unknown,,active,excluded,needs_review,"가격 단위 추정, 배송비 포함 여부 미확정, 스크립트·광고 문구로 추정되는 오염 행",estimated,yes,no,준등기 0.2
a2dbabde4e08ba66658e8564,digimontcg,디지몬 카드게임,2026-08,2026-08-10T18:20:10+09:00,known,c83e5fa99f33c3f8cd5634e9,a2dbabde4e08ba66658e8564,474033,https://m.dcinside.com/board/digimontcg/474033,청녹조그덱 파츠 구매합니다,seller-922de86ed7014ea13ab63db0,GUKSU,registered,bt12 황제드라몬 파이터모드,bt12 황제드라몬 파이터모드,bt12 황제드라몬 파이터모드,,,buy,구매,1,0.2,2000,estimated,per_card,text,unknown,,active,needs_review,needs_review,"가격 단위 추정, 수량 표기 감지, 배송비 포함 여부 미확정",estimated,yes,no,bt12 황제드라몬 파이터모드 1장 0.2
a81b9324cbce7c62d510700b,digimontcg,디지몬 카드게임,2026-08,2026-08-10T18:20:10+09:00,known,8ebdb3e35eadc31a32c328b4,a81b9324cbce7c62d510700b,474033,https://m.dcinside.com/board/digimontcg/474033,청녹조그덱 파츠 구매합니다,seller-922de86ed7014ea13ab63db0,GUKSU,registered,,준등기,준등기,,,buy,구매,1,0.2,2000,estimated,per_card,text,unknown,,active,excluded,needs_review,"가격 단위 추정, 배송비 포함 여부 미확정, 스크립트·광고 문구로 추정되는 오염 행",estimated,yes,no,준등기 0.2
d740752fcad4af9f5d1760d1,digimontcg,디지몬 카드게임,2026-08,2026-08-10T18:20:10+09:00,known,dd97a2e80227489109e28053,d740752fcad4af9f5d1760d1,474033,https://m.dcinside.com/board/digimontcg/474033,청녹조그덱 파츠 구매합니다,seller-922de86ed7014ea13ab63db0,GUKSU,registered,bt12 황제드라몬 파이터모드,bt12 황제드라몬 파이터모드,bt12 황제드라몬 파이터모드,,,buy,구매,1,0.2,2000,estimated,per_card,text,unknown,,active,needs_review,needs_review,"가격 단위 추정, 수량 표기 감지, 배송비 포함 여부 미확정",estimated,yes,no,bt12 황제드라몬 파이터모드 1장 0.2
e9aa6a2a5bd953e69680e8f1,digimontcg,디지몬 카드게임,2026-08,2026-08-10T18:20:10+09:00,known,bef116040792c40fc347b883,e9aa6a2a5bd953e69680e8f1,474033,https://m.dcinside.com/board/digimontcg/474033,청녹조그덱 파츠 구매합니다,seller-922de86ed7014ea13ab63db0,GUKSU,registered,bt12 황제드라몬 파이터모드,bt12 황제드라몬 파이터모드,bt12 황제드라몬 파이터모드,,,buy,구매,1,0.2,2000,estimated,per_card,text,unknown,,active,needs_review,needs_review,"가격 단위 추정, 수량 표기 감지, 배송비 포함 여부 미확정",estimated,yes,no,bt12 황제드라몬 파이터모드 1장 0.2
ebe1d3aa2ef9b9fb548e06d1,digimontcg,디지몬 카드게임,2026-08,2026-08-10T18:20:10+09:00,known,8ebdb3e35eadc31a32c328b4,ebe1d3aa2ef9b9fb548e06d1,474033,https://m.dcinside.com/board/digimontcg/474033,청녹조그덱 파츠 구매합니다,seller-922de86ed7014ea13ab63db0,GUKSU,registered,bt12 황제드라몬 파이터모드,bt12 황제드라몬 파이터모드,bt12 황제드라몬 파이터모드,,,buy,구매,1,0.2,2000,estimated,per_card,text,unknown,,active,needs_review,needs_review,"가격 단위 추정, 수량 표기 감지, 배송비 포함 여부 미확정",estimated,yes,no,bt12 황제드라몬 파이터모드 1장 0.2
838ff8bd885332a8e9ec9ff1,digimontcg,디지몬 카드게임,2026-08,2026-08-10T18:40:49+09:00,known,bbf3596925ea6faf845f4a26,838ff8bd885332a8e9ec9ff1,474050,https://m.dcinside.com/board/digimontcg/474050,악어엑 페레 1장 삽니다,seller-71f54e6ef033ce2983efc27b,ㅇㅇ,guest,악어엑 페레,악어엑 페레,악어엑 페레 삽니다,,,buy,구매,1,,,missing,unknown,unknown,unknown,,active,needs_review,needs_review,수량 표기 감지 · 가격 미기재,missing,no,no,악어엑 페레 1장 삽니다
873aea76ad2dbce850cdc8be,digimontcg,디지몬 카드게임,2026-08,2026-08-10T18:40:49+09:00,known,c1f062d3e70e6ee0655e0605,873aea76ad2dbce850cdc8be,474050,https://m.dcinside.com/board/digimontcg/474050,악어엑 페레 1장 삽니다,seller-85ce9d2b257909c7750d7694,ㅇㅇ,guest,악어엑 페레,악어엑 페레,악어엑 페레 삽니다,,,buy,구매,1,,,missing,unknown,unknown,unknown,,active,needs_review,needs_review,수량 표기 감지 · 가격 미기재,missing,no,no,악어엑 페레 1장 삽니다
98957d3426615ec4e5626859,digimontcg,디지몬 카드게임,2026-08,2026-08-10T18:40:49+09:00,known,fed4585f7781471b80056097,98957d3426615ec4e5626859,474050,https://m.dcinside.com/board/digimontcg/474050,악어엑 페레 1장 삽니다,seller-40d09e58c52d2b0ec8477295,ㅇㅇ,guest,악어엑 페레,악어엑 페레,악어엑 페레 삽니다,,,buy,구매,1,,,missing,unknown,unknown,unknown,,active,needs_review,needs_review,수량 표기 감지 · 가격 미기재,missing,no,no,악어엑 페레 1장 삽니다
e13d04268a85fcc308c31721,digimontcg,디지몬 카드게임,2026-08,2026-08-10T18:40:49+09:00,known,4e7d6231f971eabfb3a32dc6,e13d04268a85fcc308c31721,474050,https://m.dcinside.com/board/digimontcg/474050,악어엑 페레 1장 삽니다,seller-e7db6a162ce981a619815685,ㅇㅇ,guest,악어엑 페레,악어엑 페레,악어엑 페레 삽니다,,,buy,구매,1,,,missing,unknown,unknown,unknown,,active,needs_review,needs_review,수량 표기 감지 · 가격 미기재,missing,no,no,악어엑 페레 1장 삽니다
f780c8873be76cef96fae260,digimontcg,디지몬 카드게임,2026-08,2026-08-10T18:40:49+09:00,known,457b92a77e71c08c71a30f54,f780c8873be76cef96fae260,474050,https://m.dcinside.com/board/digimontcg/474050,악어엑 페레 1장 삽니다,seller-3a9a0b792cf12d2671fdc2f1,ㅇㅇ,guest,악어엑 페레,악어엑 페레,악어엑 페레 삽니다,,,buy,구매,1,,,missing,unknown,unknown,unknown,,active,needs_review,needs_review,수량 표기 감지 · 가격 미기재,missing,no,no,악어엑 페레 1장 삽니다
0efe2b2ed160e003bec79799,digimontcg,디지몬 카드게임,2026-08,2026-08-10T19:30:49+09:00,known,7b8f8e03967a9246f7bed2ae,0efe2b2ed160e003bec79799,474069,https://m.dcinside.com/board/digimontcg/474069,구매 완,seller-1e39990db5c6696cb4213077,마석도,guest,완,완,완,,,buy,구매,1,,,missing,unknown,unknown,unknown,,active,needs_review,needs_review,"가격 후보 재검토 필요, 가격 미기재",missing,no,no,구매 완
6938d6b39906a576b4f8b0bf,digimontcg,디지몬 카드게임,2026-08,2026-08-10T19:30:49+09:00,known,da924fb8ff9a4543db2d33d2,6938d6b39906a576b4f8b0bf,474069,https://m.dcinside.com/board/digimontcg/474069,구매 완,seller-50dae357930967b2a3f0a165,마석도,guest,완,완,완,,,buy,구매,1,,,missing,unknown,unknown,unknown,,active,needs_review,needs_review,"가격 후보 재검토 필요, 가격 미기재",missing,no,no,구매 완
81e87142873c4ee9964679da,digimontcg,디지몬 카드게임,2026-08,2026-08-10T19:30:49+09:00,known,4817ed6dca06b9ac0c0a79c9,81e87142873c4ee9964679da,474069,https://m.dcinside.com/board/digimontcg/474069,구매 완,seller-4f73af91cbfcf68dd170afd0,마석도,guest,완,완,완,,,buy,구매,1,,,missing,unknown,unknown,unknown,,active,needs_review,needs_review,"가격 후보 재검토 필요, 가격 미기재",missing,no,no,구매 완
bd1447d8af88bccaaaaef16a,digimontcg,디지몬 카드게임,2026-08,2026-08-10T19:30:49+09:00,known,991d08e007276cb8f5380694,bd1447d8af88bccaaaaef16a,474069,https://m.dcinside.com/board/digimontcg/474069,구매 완,seller-05bcb1fef8b4096cf1bb8b04,마석도,guest,완,완,완,,,buy,구매,1,,,missing,unknown,unknown,unknown,,active,needs_review,needs_review,"가격 후보 재검토 필요, 가격 미기재",missing,no,no,구매 완
cc87f46f9ee34e4e7e625e67,digimontcg,디지몬 카드게임,2026-08,2026-08-10T19:30:49+09:00,known,dcfd9a0e16255ac91253b911,cc87f46f9ee34e4e7e625e67,474069,https://m.dcinside.com/board/digimontcg/474069,구매완,seller-ecd5af08db9e44f24bedcb66,마석도,guest,완,완,완,,,buy,구매,1,,,missing,unknown,unknown,unknown,,active,needs_review,needs_review,"가격 후보 재검토 필요, 가격 미기재",missing,no,no,구매완
4ad42f570fa3869df40f79d0,digimontcg,디지몬 카드게임,2026-08,2026-08-10T19:30:56+09:00,known,0359a44e0f76f0b2f0fb1342,4ad42f570fa3869df40f79d0,474070,https://m.dcinside.com/board/digimontcg/474070,"ex2 레나몬 페레, bt19 프로모 은세나 삽니다.",seller-47ffcdc15dc85fce908d862d,마일도,registered,ex2 레나몬 페레 bt19 프로모 은세나,ex2 레나몬 페레 bt19 프로모 은세나,"ex2 레나몬 페레, bt19 프로모 은세나 .",,,buy,구매,3,,,missing,unknown,unknown,unknown,,active,needs_review,needs_review,"가격 후보 재검토 필요, 가격 미기재",missing,no,no,"ex2 레나몬 페레, bt19 프로모 은세나 삽니다."
8232c0db0e996292ec9c77d9,digimontcg,디지몬 카드게임,2026-08,2026-08-10T19:30:56+09:00,known,6df544ec190124383a2a7cee,8232c0db0e996292ec9c77d9,474070,https://m.dcinside.com/board/digimontcg/474070,"ex2 레나몬 페레, bt19 프로모 은세나 삽니다.",seller-47ffcdc15dc85fce908d862d,마일도,registered,ex2 레나몬 페레 bt19 프로모 은세나,ex2 레나몬 페레 bt19 프로모 은세나,"ex2 레나몬 페레, bt19 프로모 은세나 .",,,buy,구매,3,,,missing,unknown,unknown,unknown,,active,needs_review,needs_review,"가격 후보 재검토 필요, 가격 미기재",missing,no,no,"ex2 레나몬 페레, bt19 프로모 은세나 삽니다."
830390746901b30ee2b42b68,digimontcg,디지몬 카드게임,2026-08,2026-08-10T19:30:56+09:00,known,b06f32a24036c45d9313fa9d,830390746901b30ee2b42b68,474070,https://m.dcinside.com/board/digimontcg/474070,"ex2 레나몬 페레, bt19 프로모 은세나 삽니다.",seller-47ffcdc15dc85fce908d862d,마일도,registered,ex2 레나몬 페레 bt19 프로모 은세나,ex2 레나몬 페레 bt19 프로모 은세나,"ex2 레나몬 페레, bt19 프로모 은세나 .",,,buy,구매,3,,,missing,unknown,unknown,unknown,,active,needs_review,needs_review,"가격 후보 재검토 필요, 가격 미기재",missing,no,no,"ex2 레나몬 페레, bt19 프로모 은세나 삽니다."
b691906d89431a2186fd9165,digimontcg,디지몬 카드게임,2026-08,2026-08-10T19:30:56+09:00,known,e5a63f2c1ac3d66d3f7ff4b1,b691906d89431a2186fd9165,474070,https://m.dcinside.com/board/digimontcg/474070,"ex2 레나몬 페레, bt19 프로모 은세나 삽니다.",seller-47ffcdc15dc85fce908d862d,마일도,registered,ex2 레나몬 페레 bt19 프로모 은세나,ex2 레나몬 페레 bt19 프로모 은세나,"ex2 레나몬 페레, bt19 프로모 은세나 .",,,buy,구매,3,,,missing,unknown,unknown,unknown,,active,needs_review,needs_review,"가격 후보 재검토 필요, 가격 미기재",missing,no,no,"ex2 레나몬 페레, bt19 프로모 은세나 삽니다."
c096889b456c668fed8138af,digimontcg,디지몬 카드게임,2026-08,2026-08-10T19:30:56+09:00,known,befabf586be1258a9beac8b7,c096889b456c668fed8138af,474070,https://m.dcinside.com/board/digimontcg/474070,"ex2 레나몬 페레, bt19 프로모 은세나 삽니다.",seller-47ffcdc15dc85fce908d862d,마일도,registered,ex2 레나몬 페레 bt19 프로모 은세나,ex2 레나몬 페레 bt19 프로모 은세나,"ex2 레나몬 페레, bt19 프로모 은세나 .",,,buy,구매,3,,,missing,unknown,unknown,unknown,,active,needs_review,needs_review,"가격 후보 재검토 필요, 가격 미기재",missing,no,no,"ex2 레나몬 페레, bt19 프로모 은세나 삽니다."
02ca4add79e336582675cf2f,digimontcg,디지몬 카드게임,2026-08,2026-08-10T22:23:54+09:00,known,b35ec1a3d46694b0a813d583,02ca4add79e336582675cf2f,474137,https://m.dcinside.com/board/digimontcg/474137,사역마 토큰 삽니다 0.8,seller-51c3c8137a9ca550e9ef9af9,ㅇㅇ,guest,,개당,개당,,,buy,구매,1,0.8,8000,estimated,per_card,text,unknown,,active,excluded,needs_review,"가격 단위 추정, 배송비 포함 여부 미확정, 스크립트·광고 문구로 추정되는 오염 행",estimated,yes,no,개당 0.8
0dec67c48fdb1953cbcfda2b,digimontcg,디지몬 카드게임,2026-08,2026-08-10T22:23:54+09:00,known,030462e0619c40a8a3491726,0dec67c48fdb1953cbcfda2b,474137,https://m.dcinside.com/board/digimontcg/474137,사역마 토큰 삽니다 0.8,seller-ce7f69fc512f4f608d65f01b,ㅇㅇ,guest,,개당,개당,,,buy,구매,1,0.8,8000,estimated,per_card,text,unknown,,active,excluded,needs_review,"가격 단위 추정, 배송비 포함 여부 미확정, 스크립트·광고 문구로 추정되는 오염 행",estimated,yes,no,개당 0.8
2a70e67f6966cb07e35cef7c,digimontcg,디지몬 카드게임,2026-08,2026-08-10T22:23:54+09:00,known,1ed8925f4043673e1878d6f6,2a70e67f6966cb07e35cef7c,474137,https://m.dcinside.com/board/digimontcg/474137,사역마 토큰 삽니다 0.8,seller-dd678f956415909b4e00567b,ㅇㅇ,guest,,개당,개당,,,buy,구매,1,0.8,8000,estimated,per_card,text,unknown,,active,excluded,needs_review,"가격 단위 추정, 배송비 포함 여부 미확정, 스크립트·광고 문구로 추정되는 오염 행",estimated,yes,no,개당 0.8
2cd1baf35407f9ba7e3ebe87,digimontcg,디지몬 카드게임,2026-08,2026-08-10T22:23:54+09:00,known,2bfb5efeb7a21aa218fcfd76,2cd1baf35407f9ba7e3ebe87,474137,https://m.dcinside.com/board/digimontcg/474137,사역마 토큰 삽니다 0.8,seller-1523fde7ae94ed0710434340,ㅇㅇ,guest,,개당,개당,,,buy,구매,1,0.8,8000,estimated,per_card,text,unknown,,active,excluded,needs_review,"가격 단위 추정, 배송비 포함 여부 미확정, 스크립트·광고 문구로 추정되는 오염 행",estimated,yes,no,개당 0.8
c13d366324215ebeb1fb00a3,digimontcg,디지몬 카드게임,2026-08,2026-08-10T22:23:54+09:00,known,ceb9f398e0799feaed24e6a5,c13d366324215ebeb1fb00a3,474137,https://m.dcinside.com/board/digimontcg/474137,사역마 토큰 삽니다 0.8,seller-d192c43dfc104096d68cc9e2,ㅇㅇ,guest,,개당,개당,,,buy,구매,1,0.8,8000,estimated,per_card,text,unknown,,active,excluded,needs_review,"가격 단위 추정, 배송비 포함 여부 미확정, 스크립트·광고 문구로 추정되는 오염 행",estimated,yes,no,개당 0.8
264b89c3b73d2cccc7324191,digimontcg,디지몬 카드게임,2026-08,2026-08-10T23:48:33+09:00,known,0780b04963f6e07e02c6548a,264b89c3b73d2cccc7324191,474165,https://m.dcinside.com/board/digimontcg/474165,로얄베이스 구합니다 (구매완),seller-4a007e51aa30381cc453edd3,strimix,guest,한판 로얄베이스,한판 로얄베이스,한판 로얄베이스 장당,,,buy,구매,3,0.6,6000,estimated,per_card,text,unknown,,active,needs_review,needs_review,"가격 단위 추정, 수량 표기 감지, 배송비 포함 여부 미확정",estimated,yes,no,한판 로얄베이스 3장 장당 0.6에 구합니다
88356dbfeb8b51f9a7a7f6af,digimontcg,디지몬 카드게임,2026-08,2026-08-10T23:48:33+09:00,known,fea881cb151eeb33a8a67ec7,88356dbfeb8b51f9a7a7f6af,474165,https://m.dcinside.com/board/digimontcg/474165,로얄베이스 구합니다 (구매완),seller-2e56be87dee3f10917ffcda4,strimix,guest,한판 로얄베이스,한판 로얄베이스,한판 로얄베이스 장당,,,buy,구매,3,0.6,6000,estimated,per_card,text,unknown,,active,needs_review,needs_review,"가격 단위 추정, 수량 표기 감지, 배송비 포함 여부 미확정",estimated,yes,no,한판 로얄베이스 3장 장당 0.6에 구합니다
a9201dcd0e74dd8be8447c13,digimontcg,디지몬 카드게임,2026-08,2026-08-10T23:48:33+09:00,known,167ab20bbc75d1d085812f42,a9201dcd0e74dd8be8447c13,474165,https://m.dcinside.com/board/digimontcg/474165,로얄베이스 구합니다 (구매완),seller-d4ea325bfe4601379d18ca83,strimix,guest,한판 로얄베이스,한판 로얄베이스,한판 로얄베이스 장당,,,buy,구매,3,0.6,6000,estimated,per_card,text,unknown,,active,needs_review,needs_review,"가격 단위 추정, 수량 표기 감지, 배송비 포함 여부 미확정",estimated,yes,no,한판 로얄베이스 3장 장당 0.6에 구합니다
c96740e78f907e971ca25be5,digimontcg,디지몬 카드게임,2026-08,2026-08-10T23:48:33+09:00,known,27a77f7688667becf756e63d,c96740e78f907e971ca25be5,474165,https://m.dcinside.com/board/digimontcg/474165,로얄베이스 구합니다 (구매완),seller-b931c267a5b34718ff09ed6c,strimix,guest,한판 로얄베이스,한판 로얄베이스,한판 로얄베이스 장당,,,buy,구매,3,0.6,6000,estimated,per_card,text,unknown,,active,needs_review,needs_review,"가격 단위 추정, 수량 표기 감지, 배송비 포함 여부 미확정",estimated,yes,no,한판 로얄베이스 3장 장당 0.6에 구합니다
e463037c4c2b781b0795dc1b,digimontcg,디지몬 카드게임,2026-08,2026-08-10T23:48:33+09:00,known,3929612bae1054196ef781b2,e463037c4c2b781b0795dc1b,474165,https://m.dcinside.com/board/digimontcg/474165,로얄베이스 구합니다 (구매완),seller-c519863c42b6937131a0c02f,strimix,guest,한판 로얄베이스,한판 로얄베이스,한판 로얄베이스 장당,,,buy,구매,3,0.6,6000,estimated,per_card,text,unknown,,active,needs_review,needs_review,"가격 단위 추정, 수량 표기 감지, 배송비 포함 여부 미확정",estimated,yes,no,한판 로얄베이스 3장 장당 0.6에 구합니다
3ede51c37d927d6672fe9ea3,digimontcg,디지몬 카드게임,2026-08,2026-08-11T06:35:21+09:00,known,78ec3c4a8790d799a96d09cb,3ede51c37d927d6672fe9ea3,474189,https://m.dcinside.com/board/digimontcg/474189,문밀레 페레삽니다!,seller-faaa2a5f7efc1bf60826e89f,dd,guest,문밀레 페레!,문밀레 페레!,문밀레 페레!,,,buy,구매,1,,,missing,unknown,unknown,unknown,,active,needs_review,needs_review,"가격 후보 재검토 필요, 가격 미기재",missing,no,no,문밀레 페레삽니다!
5de7cb6ba104b9410d8cb187,digimontcg,디지몬 카드게임,2026-08,2026-08-11T06:35:21+09:00,known,db528f056732b9bc6d2b5acf,5de7cb6ba104b9410d8cb187,474189,https://m.dcinside.com/board/digimontcg/474189,문밀레 페레삽니다!,seller-c231e349b3a7ec20298525f2,dd,guest,문밀레 페레!,문밀레 페레!,문밀레 페레!,,,buy,구매,1,,,missing,unknown,unknown,unknown,,active,needs_review,needs_review,"가격 후보 재검토 필요, 가격 미기재",missing,no,no,문밀레 페레삽니다!
8a6b4107027f951590636ff1,digimontcg,디지몬 카드게임,2026-08,2026-08-11T06:35:21+09:00,known,481b00a8e6a8a260267d603b,8a6b4107027f951590636ff1,474189,https://m.dcinside.com/board/digimontcg/474189,문밀레 페레삽니다!,seller-e5d9939852ec42d34e6f66e9,dd,guest,문밀레 페레!,문밀레 페레!,문밀레 페레!,,,buy,구매,1,,,missing,unknown,unknown,unknown,,active,needs_review,needs_review,"가격 후보 재검토 필요, 가격 미기재",missing,no,no,문밀레 페레삽니다!
942d49b324fe51789b62a9a0,digimontcg,디지몬 카드게임,2026-08,2026-08-11T06:35:21+09:00,known,1038521ee8d54f250c8e7149,942d49b324fe51789b62a9a0,474189,https://m.dcinside.com/board/digimontcg/474189,문밀레 페레삽니다!,seller-85485c792587467c792a4fbf,dd,guest,문밀레 페레!,문밀레 페레!,문밀레 페레!,,,buy,구매,1,,,missing,unknown,unknown,unknown,,active,needs_review,needs_review,"가격 후보 재검토 필요, 가격 미기재",missing,no,no,문밀레 페레삽니다!
c17daa7926b32bd4c1d9d758,digimontcg,디지몬 카드게임,2026-08,2026-08-11T06:35:21+09:00,known,9a0dfc449638623f5a59263e,c17daa7926b32bd4c1d9d758,474189,https://m.dcinside.com/board/digimontcg/474189,문밀레 페레삽니다!,seller-de390ba1dd7fc157c4eb502f,dd,guest,문밀레 페레!,문밀레 페레!,문밀레 페레!,,,buy,구매,1,,,missing,unknown,unknown,unknown,,active,needs_review,needs_review,"가격 후보 재검토 필요, 가격 미기재",missing,no,no,문밀레 페레삽니다!
ff7be3dea412d16b5017d82e,digimontcg,디지몬 카드게임,2026-08,2026-08-11T06:35:21+09:00,known,19feec0165d6df380a5f1057,ff7be3dea412d16b5017d82e,474189,https://m.dcinside.com/board/digimontcg/474189,문밀레 페레삽니다!,seller-1a0c900fc06b4be9e1933c40,dd,guest,문밀레 페레!,문밀레 페레!,문밀레 페레!,,,buy,구매,1,,,missing,unknown,unknown,unknown,,active,needs_review,needs_review,"가격 후보 재검토 필요, 가격 미기재",missing,no,no,문밀레 페레삽니다!
01ce793411e5573f3dcc53b2,digimontcg,디지몬 카드게임,2026-08,2026-08-11T09:20:51+09:00,known,72cc6752cd19cc8220088ec1,01ce793411e5573f3dcc53b2,474199,https://m.dcinside.com/board/digimontcg/474199,"더스크몬1장, 루인 1장, 웃코4장 사요코우",seller-3e549b38eac917cd0e4dbb21,훈타,guest,DOM 삽입 헬퍼 현재 스크립트 위치 기준,DOM 삽입 헬퍼 현재 스크립트 위치 기준,// ---- DOM 삽입 헬퍼 (현재 스크립트 위치 기준,,,buy,구매,1,,,missing,unknown,unknown,unknown,,active,excluded,needs_review,"가격 후보 재검토 필요, 가격 미기재, 스크립트·광고 문구로 추정되는 오염 행",missing,no,no,// ---- DOM 삽입 헬퍼 (현재 스크립트 위치 기준1)
042d5295204f4b38cc9e58b6,digimontcg,디지몬 카드게임,2026-08,2026-08-11T09:20:51+09:00,known,35263ee529dda5c5462c4ff7,042d5295204f4b38cc9e58b6,474199,https://m.dcinside.com/board/digimontcg/474199,"더스크몬1장, 루인 1장, 웃코4장 사요코우",seller-d8469d86b284769d764bc06e,훈타,guest,var safe = window.dcAd && window.dcAd.safe ==,var safe = window.dcAd && window.dcAd.safe ==,var safe = (window.dcAd && window.dcAd.safe ==,,,buy,구매,1,1,10000,estimated,bundle,text,unknown,,active,excluded,needs_review,"가격 단위 추정, 복수 카드 가격, 배송비 포함 여부 미확정, 묶음·세트 총액 · 개별 카드 가격 아님, 스크립트·광고 문구로 추정되는 오염 행",estimated,no,no,var safe = (window.dcAd && window.dcAd.safe == 1)
07757fe351d38f5522c02c52,digimontcg,디지몬 카드게임,2026-08,2026-08-11T09:20:51+09:00,known,6432fd2b7b620d6d9f609b93,07757fe351d38f5522c02c52,474199,https://m.dcinside.com/board/digimontcg/474199,"더스크몬1장, 루인 1장, 웃코4장 사요코우",seller-635c3fb974de90da17f7d953,훈타,guest,루인,루인,루인,,,buy,구매,1,2.0,20000,estimated,per_card,text,unknown,,active,needs_review,needs_review,"가격 단위 추정, 수량 표기 감지, 배송비 포함 여부 미확정",estimated,yes,no,루인 1장 2.0 구매완
195e3ad81d204c1f887104e3,digimontcg,디지몬 카드게임,2026-08,2026-08-11T09:20:51+09:00,known,fbc2d574735b0e5aabdc3e6d,195e3ad81d204c1f887104e3,474199,https://m.dcinside.com/board/digimontcg/474199,"더스크몬1장, 루인 1장, 웃코4장 사요코우",seller-f9eec43b439f0dbb48a60f08,훈타,guest,loadScript ' t,loadScript ' t,loadScript('//t,,,buy,구매,1,,,missing,unknown,unknown,unknown,,active,excluded,needs_review,"가격 후보 재검토 필요, 가격 미기재, 스크립트·광고 문구로 추정되는 오염 행",missing,no,no,"loadScript('//t1.kakaocdn.net/kas/static/ba.min.js', true);"
1bdabb3fc873cd2100efe1ba,digimontcg,디지몬 카드게임,2026-08,2026-08-11T09:20:51+09:00,known,d3ae871d380eb1624046dbe6,1bdabb3fc873cd2100efe1ba,474199,https://m.dcinside.com/board/digimontcg/474199,"더스크몬1장, 루인 1장, 웃코4장 사요코우",seller-7f983beb643ffe182fe076c8,훈타,guest,loadScript ' t,loadScript ' t,loadScript('//t,,,buy,구매,1,,,missing,unknown,unknown,unknown,,active,excluded,needs_review,"가격 후보 재검토 필요, 가격 미기재, 스크립트·광고 문구로 추정되는 오염 행",missing,no,no,"loadScript('//t1.kakaocdn.net/kas/static/ba.min.js', true);"
1c4171196898e0dab3367acf,digimontcg,디지몬 카드게임,2026-08,2026-08-11T09:20:51+09:00,known,fbc2d574735b0e5aabdc3e6d,1c4171196898e0dab3367acf,474199,https://m.dcinside.com/board/digimontcg/474199,"더스크몬1장, 루인 1장, 웃코4장 사요코우",seller-f9eec43b439f0dbb48a60f08,훈타,guest,loadScript 'https pagead,loadScript 'https pagead,loadScript('https://pagead,,,buy,구매,1,,,missing,unknown,unknown,unknown,,active,excluded,needs_review,"가격 후보 재검토 필요, 가격 미기재, 스크립트·광고 문구로 추정되는 오염 행",missing,no,no,"loadScript('https://pagead2.googlesyndication.com/pagead/js/adsbygoogle_direct.js?client=ca-pub-8171468792791627', true, 'anonymous');"
1d986f3d1f203e2359e399ce,digimontcg,디지몬 카드게임,2026-08,2026-08-11T09:20:51+09:00,known,b4426dc4dfbf7b392e5c21df,1d986f3d1f203e2359e399ce,474199,https://m.dcinside.com/board/digimontcg/474199,"더스크몬1장, 루인 1장, 웃코4장 사요코우",seller-a41ae477b32cddf13dc14be2,훈타,guest,cu반택 or,cu반택 or,cu반택 or 준등기,,,buy,구매,1,0.2,2000,estimated,per_card,text,unknown,,active,needs_review,needs_review,"가격 단위 추정, 배송비 포함 여부 미확정",estimated,yes,no,cu반택 or 준등기 0.2
29e80a1430b6111908100be1,digimontcg,디지몬 카드게임,2026-08,2026-08-11T09:20:51+09:00,known,fbc2d574735b0e5aabdc3e6d,29e80a1430b6111908100be1,474199,https://m.dcinside.com/board/digimontcg/474199,"더스크몬1장, 루인 1장, 웃코4장 사요코우",seller-f9eec43b439f0dbb48a60f08,훈타,guest,DOM 삽입 헬퍼 현재 스크립트 위치 기준,DOM 삽입 헬퍼 현재 스크립트 위치 기준,// ---- DOM 삽입 헬퍼 (현재 스크립트 위치 기준,,,buy,구매,1,,,missing,unknown,unknown,unknown,,active,excluded,needs_review,"가격 후보 재검토 필요, 가격 미기재, 스크립트·광고 문구로 추정되는 오염 행",missing,no,no,// ---- DOM 삽입 헬퍼 (현재 스크립트 위치 기준1)
318cf3773173984d1ce4e99f,digimontcg,디지몬 카드게임,2026-08,2026-08-11T09:20:51+09:00,known,35263ee529dda5c5462c4ff7,318cf3773173984d1ce4e99f,474199,https://m.dcinside.com/board/digimontcg/474199,"더스크몬1장, 루인 1장, 웃코4장 사요코우",seller-d8469d86b284769d764bc06e,훈타,guest,loadScript 'https pagead,loadScript 'https pagead,loadScript('https://pagead,,,buy,구매,1,,,missing,unknown,unknown,unknown,,active,excluded,needs_review,"가격 후보 재검토 필요, 가격 미기재, 스크립트·광고 문구로 추정되는 오염 행",missing,no,no,"loadScript('https://pagead2.googlesyndication.com/pagead/js/adsbygoogle_direct.js?client=ca-pub-8171468792791627', true, 'anonymous');"
3230800a3a12a14a4e54cb8f,digimontcg,디지몬 카드게임,2026-08,2026-08-11T09:20:51+09:00,known,72cc6752cd19cc8220088ec1,3230800a3a12a14a4e54cb8f,474199,https://m.dcinside.com/board/digimontcg/474199,"더스크몬1장, 루인 1장, 웃코4장 사요코우",seller-3e549b38eac917cd0e4dbb21,훈타,guest,loadScript ' t,loadScript ' t,loadScript('//t,,,buy,구매,1,,,missing,unknown,unknown,unknown,,active,excluded,needs_review,"가격 후보 재검토 필요, 가격 미기재, 스크립트·광고 문구로 추정되는 오염 행",missing,no,no,"loadScript('//t1.kakaocdn.net/kas/static/ba.min.js', true);"
3719d7b37b5a9b3b8cd3d810,digimontcg,디지몬 카드게임,2026-08,2026-08-11T09:20:51+09:00,known,35263ee529dda5c5462c4ff7,3719d7b37b5a9b3b8cd3d810,474199,https://m.dcinside.com/board/digimontcg/474199,"더스크몬1장, 루인 1장, 웃코4장 사요코우",seller-d8469d86b284769d764bc06e,훈타,guest,DOM 삽입 헬퍼 현재 스크립트 위치 기준,DOM 삽입 헬퍼 현재 스크립트 위치 기준,// ---- DOM 삽입 헬퍼 (현재 스크립트 위치 기준,,,buy,구매,1,,,missing,unknown,unknown,unknown,,active,excluded,needs_review,"가격 후보 재검토 필요, 가격 미기재, 스크립트·광고 문구로 추정되는 오염 행",missing,no,no,// ---- DOM 삽입 헬퍼 (현재 스크립트 위치 기준1)
383811b3c69a95aaa8dbe9b4,digimontcg,디지몬 카드게임,2026-08,2026-08-11T09:20:51+09:00,known,d3ae871d380eb1624046dbe6,383811b3c69a95aaa8dbe9b4,474199,https://m.dcinside.com/board/digimontcg/474199,"더스크몬1장, 루인 1장, 웃코4장 사요코우",seller-7f983beb643ffe182fe076c8,훈타,guest,var safe = window.dcAd && window.dcAd.safe ==,var safe = window.dcAd && window.dcAd.safe ==,var safe = (window.dcAd && window.dcAd.safe ==,,,buy,구매,1,1,10000,estimated,bundle,text,unknown,,active,excluded,needs_review,"가격 단위 추정, 복수 카드 가격, 배송비 포함 여부 미확정, 묶음·세트 총액 · 개별 카드 가격 아님, 스크립트·광고 문구로 추정되는 오염 행",estimated,no,no,var safe = (window.dcAd && window.dcAd.safe == 1)
3e8031e23141a56eb00511df,digimontcg,디지몬 카드게임,2026-08,2026-08-11T09:20:51+09:00,known,d3ae871d380eb1624046dbe6,3e8031e23141a56eb00511df,474199,https://m.dcinside.com/board/digimontcg/474199,"더스크몬1장, 루인 1장, 웃코4장 사요코우",seller-7f983beb643ffe182fe076c8,훈타,guest,cu반택 or,cu반택 or,cu반택 or 준등기,,,buy,구매,1,0.2,2000,estimated,per_card,text,unknown,,active,needs_review,needs_review,"가격 단위 추정, 배송비 포함 여부 미확정",estimated,yes,no,cu반택 or 준등기 0.2
48bf3b878062495d32754bc8,digimontcg,디지몬 카드게임,2026-08,2026-08-11T09:20:51+09:00,known,d3ae871d380eb1624046dbe6,48bf3b878062495d32754bc8,474199,https://m.dcinside.com/board/digimontcg/474199,"더스크몬1장, 루인 1장, 웃코4장 사요코우",seller-7f983beb643ffe182fe076c8,훈타,guest,루인,루인,루인,,,buy,구매,1,2.0,20000,estimated,per_card,text,unknown,,active,needs_review,needs_review,"가격 단위 추정, 수량 표기 감지, 배송비 포함 여부 미확정",estimated,yes,no,루인 1장 2.0 구매완
49cc03be1bf52b18f0918034,digimontcg,디지몬 카드게임,2026-08,2026-08-11T09:20:51+09:00,known,6432fd2b7b620d6d9f609b93,49cc03be1bf52b18f0918034,474199,https://m.dcinside.com/board/digimontcg/474199,"더스크몬1장, 루인 1장, 웃코4장 사요코우",seller-635c3fb974de90da17f7d953,훈타,guest,cu반택 or,cu반택 or,cu반택 or 준등기,,,buy,구매,1,0.2,2000,estimated,per_card,text,unknown,,active,needs_review,needs_review,"가격 단위 추정, 배송비 포함 여부 미확정",estimated,yes,no,cu반택 or 준등기 0.2
693d760988da72bbc64ef401,digimontcg,디지몬 카드게임,2026-08,2026-08-11T09:20:51+09:00,known,d3ae871d380eb1624046dbe6,693d760988da72bbc64ef401,474199,https://m.dcinside.com/board/digimontcg/474199,"더스크몬1장, 루인 1장, 웃코4장 사요코우",seller-7f983beb643ffe182fe076c8,훈타,guest,더스크,더스크,더스크,,,buy,구매,1,0.4,4000,estimated,per_card,text,unknown,,active,needs_review,needs_review,"가격 단위 추정, 수량 표기 감지, 배송비 포함 여부 미확정",estimated,yes,no,더스크 1장 0.4 구매완
6efcf36183e82bdcd28c6d64,digimontcg,디지몬 카드게임,2026-08,2026-08-11T09:20:51+09:00,known,72cc6752cd19cc8220088ec1,6efcf36183e82bdcd28c6d64,474199,https://m.dcinside.com/board/digimontcg/474199,"더스크몬1장, 루인 1장, 웃코4장 사요코우",seller-3e549b38eac917cd0e4dbb21,훈타,guest,더스크,더스크,더스크,,,buy,구매,1,0.4,4000,estimated,per_card,text,unknown,,active,needs_review,needs_review,"가격 단위 추정, 수량 표기 감지, 배송비 포함 여부 미확정",estimated,yes,no,더스크 1장 0.4 구매완
718daddac3dedcf82ad803da,digimontcg,디지몬 카드게임,2026-08,2026-08-11T09:20:51+09:00,known,35263ee529dda5c5462c4ff7,718daddac3dedcf82ad803da,474199,https://m.dcinside.com/board/digimontcg/474199,"더스크몬1장, 루인 1장, 웃코4장 사요코우",seller-d8469d86b284769d764bc06e,훈타,guest,더스크,더스크,더스크,,,buy,구매,1,0.4,4000,estimated,per_card,text,unknown,,active,needs_review,needs_review,"가격 단위 추정, 수량 표기 감지, 배송비 포함 여부 미확정",estimated,yes,no,더스크 1장 0.4 구매완
76b4b184d4f83d6b8d9fd330,digimontcg,디지몬 카드게임,2026-08,2026-08-11T09:20:51+09:00,known,6432fd2b7b620d6d9f609b93,76b4b184d4f83d6b8d9fd330,474199,https://m.dcinside.com/board/digimontcg/474199,"더스크몬1장, 루인 1장, 웃코4장 사요코우",seller-635c3fb974de90da17f7d953,훈타,guest,더스크,더스크,더스크,,,buy,구매,1,0.4,4000,estimated,per_card,text,unknown,,active,needs_review,needs_review,"가격 단위 추정, 수량 표기 감지, 배송비 포함 여부 미확정",estimated,yes,no,더스크 1장 0.4 구매완
7d04aacef4f3cb4ea1866512,digimontcg,디지몬 카드게임,2026-08,2026-08-11T09:20:51+09:00,known,fbc2d574735b0e5aabdc3e6d,7d04aacef4f3cb4ea1866512,474199,https://m.dcinside.com/board/digimontcg/474199,"더스크몬1장, 루인 1장, 웃코4장 사요코우",seller-f9eec43b439f0dbb48a60f08,훈타,guest,더스크,더스크,더스크,,,buy,구매,1,0.4,4000,estimated,per_card,text,unknown,,active,needs_review,needs_review,"가격 단위 추정, 수량 표기 감지, 배송비 포함 여부 미확정",estimated,yes,no,더스크 1장 0.4 구매완
7e365b836ff68c653e9fea7e,digimontcg,디지몬 카드게임,2026-08,2026-08-11T09:20:51+09:00,known,6432fd2b7b620d6d9f609b93,7e365b836ff68c653e9fea7e,474199,https://m.dcinside.com/board/digimontcg/474199,"더스크몬1장, 루인 1장, 웃코4장 사요코우",seller-635c3fb974de90da17f7d953,훈타,guest,DOM 삽입 헬퍼 현재 스크립트 위치 기준,DOM 삽입 헬퍼 현재 스크립트 위치 기준,// ---- DOM 삽입 헬퍼 (현재 스크립트 위치 기준,,,buy,구매,1,,,missing,unknown,unknown,unknown,,active,excluded,needs_review,"가격 후보 재검토 필요, 가격 미기재, 스크립트·광고 문구로 추정되는 오염 행",missing,no,no,// ---- DOM 삽입 헬퍼 (현재 스크립트 위치 기준1)
881c47fc67946bab28ea99b5,digimontcg,디지몬 카드게임,2026-08,2026-08-11T09:20:51+09:00,known,b4426dc4dfbf7b392e5c21df,881c47fc67946bab28ea99b5,474199,https://m.dcinside.com/board/digimontcg/474199,"더스크몬1장, 루인 1장, 웃코4장 사요코우",seller-a41ae477b32cddf13dc14be2,훈타,guest,16웃코도,16웃코도,16웃코도 장당,,,buy,구매,4,0.5,5000,estimated,per_card,text,unknown,,active,needs_review,needs_review,"가격 단위 추정, 수량 표기 감지, 배송비 포함 여부 미확정",estimated,yes,no,16웃코도 4장 장당 0.5에 구매합니다
8c1dce18bf7c675a1f31526c,digimontcg,디지몬 카드게임,2026-08,2026-08-11T09:20:51+09:00,known,72cc6752cd19cc8220088ec1,8c1dce18bf7c675a1f31526c,474199,https://m.dcinside.com/board/digimontcg/474199,"더스크몬1장, 루인 1장, 웃코4장 사요코우",seller-3e549b38eac917cd0e4dbb21,훈타,guest,루인,루인,루인,,,buy,구매,1,2.0,20000,estimated,per_card,text,unknown,,active,needs_review,needs_review,"가격 단위 추정, 수량 표기 감지, 배송비 포함 여부 미확정",estimated,yes,no,루인 1장 2.0 구매완
9a12741a3e8675bcbf355af9,digimontcg,디지몬 카드게임,2026-08,2026-08-11T09:20:51+09:00,known,b4426dc4dfbf7b392e5c21df,9a12741a3e8675bcbf355af9,474199,https://m.dcinside.com/board/digimontcg/474199,"더스크몬1장, 루인 1장, 웃코4장 사요코우",seller-a41ae477b32cddf13dc14be2,훈타,guest,더스크,더스크,더스크,,,buy,구매,1,0.4,4000,estimated,per_card,text,unknown,,active,needs_review,needs_review,"가격 단위 추정, 수량 표기 감지, 배송비 포함 여부 미확정",estimated,yes,no,더스크 1장 0.4 구매완
a91e5a6e6e67e9737099f491,digimontcg,디지몬 카드게임,2026-08,2026-08-11T09:20:51+09:00,known,35263ee529dda5c5462c4ff7,a91e5a6e6e67e9737099f491,474199,https://m.dcinside.com/board/digimontcg/474199,"더스크몬1장, 루인 1장, 웃코4장 사요코우",seller-d8469d86b284769d764bc06e,훈타,guest,cu반택 or,cu반택 or,cu반택 or 준등기,,,buy,구매,1,0.2,2000,estimated,per_card,text,unknown,,active,needs_review,needs_review,"가격 단위 추정, 배송비 포함 여부 미확정",estimated,yes,no,cu반택 or 준등기 0.2
acb067b997c354b811d3a3f3,digimontcg,디지몬 카드게임,2026-08,2026-08-11T09:20:51+09:00,known,fbc2d574735b0e5aabdc3e6d,acb067b997c354b811d3a3f3,474199,https://m.dcinside.com/board/digimontcg/474199,"더스크몬1장, 루인 1장, 웃코4장 사요코우",seller-f9eec43b439f0dbb48a60f08,훈타,guest,cu반택 or,cu반택 or,cu반택 or 준등기,,,buy,구매,1,0.2,2000,estimated,per_card,text,unknown,,active,needs_review,needs_review,"가격 단위 추정, 배송비 포함 여부 미확정",estimated,yes,no,cu반택 or 준등기 0.2
ad9bc1087c8f4e88fbe698d3,digimontcg,디지몬 카드게임,2026-08,2026-08-11T09:20:51+09:00,known,b4426dc4dfbf7b392e5c21df,ad9bc1087c8f4e88fbe698d3,474199,https://m.dcinside.com/board/digimontcg/474199,"더스크몬1장, 루인 1장, 웃코4장 사요코우",seller-a41ae477b32cddf13dc14be2,훈타,guest,DOM 삽입 헬퍼 현재 스크립트 위치 기준,DOM 삽입 헬퍼 현재 스크립트 위치 기준,// ---- DOM 삽입 헬퍼 (현재 스크립트 위치 기준,,,buy,구매,1,,,missing,unknown,unknown,unknown,,active,excluded,needs_review,"가격 후보 재검토 필요, 가격 미기재, 스크립트·광고 문구로 추정되는 오염 행",missing,no,no,// ---- DOM 삽입 헬퍼 (현재 스크립트 위치 기준1)
adc84d7a2f859fac79745cc0,digimontcg,디지몬 카드게임,2026-08,2026-08-11T09:20:51+09:00,known,fbc2d574735b0e5aabdc3e6d,adc84d7a2f859fac79745cc0,474199,https://m.dcinside.com/board/digimontcg/474199,"더스크몬1장, 루인 1장, 웃코4장 사요코우",seller-f9eec43b439f0dbb48a60f08,훈타,guest,var safe = window.dcAd && window.dcAd.safe ==,var safe = window.dcAd && window.dcAd.safe ==,var safe = (window.dcAd && window.dcAd.safe ==,,,buy,구매,1,1,10000,estimated,bundle,text,unknown,,active,excluded,needs_review,"가격 단위 추정, 복수 카드 가격, 배송비 포함 여부 미확정, 묶음·세트 총액 · 개별 카드 가격 아님, 스크립트·광고 문구로 추정되는 오염 행",estimated,no,no,var safe = (window.dcAd && window.dcAd.safe == 1)
b141a4a7d40aa0993312fbaf,digimontcg,디지몬 카드게임,2026-08,2026-08-11T09:20:51+09:00,known,b4426dc4dfbf7b392e5c21df,b141a4a7d40aa0993312fbaf,474199,https://m.dcinside.com/board/digimontcg/474199,"더스크몬1장, 루인 1장, 웃코4장 사요코우",seller-a41ae477b32cddf13dc14be2,훈타,guest,루인,루인,루인,,,buy,구매,1,2.0,20000,estimated,per_card,text,unknown,,active,needs_review,needs_review,"가격 단위 추정, 수량 표기 감지, 배송비 포함 여부 미확정",estimated,yes,no,루인 1장 2.0 구매완
b268a18b605da0914be6af49,digimontcg,디지몬 카드게임,2026-08,2026-08-11T09:20:51+09:00,known,72cc6752cd19cc8220088ec1,b268a18b605da0914be6af49,474199,https://m.dcinside.com/board/digimontcg/474199,"더스크몬1장, 루인 1장, 웃코4장 사요코우",seller-3e549b38eac917cd0e4dbb21,훈타,guest,loadScript 'https pagead,loadScript 'https pagead,loadScript('https://pagead,,,buy,구매,1,,,missing,unknown,unknown,unknown,,active,excluded,needs_review,"가격 후보 재검토 필요, 가격 미기재, 스크립트·광고 문구로 추정되는 오염 행",missing,no,no,"loadScript('https://pagead2.googlesyndication.com/pagead/js/adsbygoogle_direct.js?client=ca-pub-8171468792791627', true, 'anonymous');"
b3c8085c70fa82c27ac8b78f,digimontcg,디지몬 카드게임,2026-08,2026-08-11T09:20:51+09:00,known,72cc6752cd19cc8220088ec1,b3c8085c70fa82c27ac8b78f,474199,https://m.dcinside.com/board/digimontcg/474199,"더스크몬1장, 루인 1장, 웃코4장 사요코우",seller-3e549b38eac917cd0e4dbb21,훈타,guest,16웃코도,16웃코도,16웃코도 장당,,,buy,구매,4,0.5,5000,estimated,per_card,text,unknown,,active,needs_review,needs_review,"가격 단위 추정, 수량 표기 감지, 배송비 포함 여부 미확정",estimated,yes,no,16웃코도 4장 장당 0.5에 구매합니다
b89104b155931e72c311417e,digimontcg,디지몬 카드게임,2026-08,2026-08-11T09:20:51+09:00,known,6432fd2b7b620d6d9f609b93,b89104b155931e72c311417e,474199,https://m.dcinside.com/board/digimontcg/474199,"더스크몬1장, 루인 1장, 웃코4장 사요코우",seller-635c3fb974de90da17f7d953,훈타,guest,var safe = window.dcAd && window.dcAd.safe ==,var safe = window.dcAd && window.dcAd.safe ==,var safe = (window.dcAd && window.dcAd.safe ==,,,buy,구매,1,1,10000,estimated,bundle,text,unknown,,active,excluded,needs_review,"가격 단위 추정, 복수 카드 가격, 배송비 포함 여부 미확정, 묶음·세트 총액 · 개별 카드 가격 아님, 스크립트·광고 문구로 추정되는 오염 행",estimated,no,no,var safe = (window.dcAd && window.dcAd.safe == 1)
b8b83d205d0665510226eb41,digimontcg,디지몬 카드게임,2026-08,2026-08-11T09:20:51+09:00,known,fbc2d574735b0e5aabdc3e6d,b8b83d205d0665510226eb41,474199,https://m.dcinside.com/board/digimontcg/474199,"더스크몬1장, 루인 1장, 웃코4장 사요코우",seller-f9eec43b439f0dbb48a60f08,훈타,guest,16웃코도,16웃코도,16웃코도 장당,,,buy,구매,4,0.5,5000,estimated,per_card,text,unknown,,active,needs_review,needs_review,"가격 단위 추정, 수량 표기 감지, 배송비 포함 여부 미확정",estimated,yes,no,16웃코도 4장 장당 0.5에 구매합니다
c425d9b183423aeaf0db6550,digimontcg,디지몬 카드게임,2026-08,2026-08-11T09:20:51+09:00,known,d3ae871d380eb1624046dbe6,c425d9b183423aeaf0db6550,474199,https://m.dcinside.com/board/digimontcg/474199,"더스크몬1장, 루인 1장, 웃코4장 사요코우",seller-7f983beb643ffe182fe076c8,훈타,guest,loadScript 'https pagead,loadScript 'https pagead,loadScript('https://pagead,,,buy,구매,1,,,missing,unknown,unknown,unknown,,active,excluded,needs_review,"가격 후보 재검토 필요, 가격 미기재, 스크립트·광고 문구로 추정되는 오염 행",missing,no,no,"loadScript('https://pagead2.googlesyndication.com/pagead/js/adsbygoogle_direct.js?client=ca-pub-8171468792791627', true, 'anonymous');"
ceab8b07bd52e7b7c80542d3,digimontcg,디지몬 카드게임,2026-08,2026-08-11T09:20:51+09:00,known,fbc2d574735b0e5aabdc3e6d,ceab8b07bd52e7b7c80542d3,474199,https://m.dcinside.com/board/digimontcg/474199,"더스크몬1장, 루인 1장, 웃코4장 사요코우",seller-f9eec43b439f0dbb48a60f08,훈타,guest,루인,루인,루인,,,buy,구매,1,2.0,20000,estimated,per_card,text,unknown,,active,needs_review,needs_review,"가격 단위 추정, 수량 표기 감지, 배송비 포함 여부 미확정",estimated,yes,no,루인 1장 2.0 구매완
cfc03ba2a15adfa76ec9e6b8,digimontcg,디지몬 카드게임,2026-08,2026-08-11T09:20:51+09:00,known,35263ee529dda5c5462c4ff7,cfc03ba2a15adfa76ec9e6b8,474199,https://m.dcinside.com/board/digimontcg/474199,"더스크몬1장, 루인 1장, 웃코4장 사요코우",seller-d8469d86b284769d764bc06e,훈타,guest,루인,루인,루인,,,buy,구매,1,2.0,20000,estimated,per_card,text,unknown,,active,needs_review,needs_review,"가격 단위 추정, 수량 표기 감지, 배송비 포함 여부 미확정",estimated,yes,no,루인 1장 2.0 구매완
d3890009b15073a85fe2a994,digimontcg,디지몬 카드게임,2026-08,2026-08-11T09:20:51+09:00,known,b4426dc4dfbf7b392e5c21df,d3890009b15073a85fe2a994,474199,https://m.dcinside.com/board/digimontcg/474199,"더스크몬1장, 루인 1장, 웃코4장 사요코우",seller-a41ae477b32cddf13dc14be2,훈타,guest,loadScript 'https pagead,loadScript 'https pagead,loadScript('https://pagead,,,buy,구매,1,,,missing,unknown,unknown,unknown,,active,excluded,needs_review,"가격 후보 재검토 필요, 가격 미기재, 스크립트·광고 문구로 추정되는 오염 행",missing,no,no,"loadScript('https://pagead2.googlesyndication.com/pagead/js/adsbygoogle_direct.js?client=ca-pub-8171468792791627', true, 'anonymous');"
dcbfc54e4841b2cb6081cbb9,digimontcg,디지몬 카드게임,2026-08,2026-08-11T09:20:51+09:00,known,d3ae871d380eb1624046dbe6,dcbfc54e4841b2cb6081cbb9,474199,https://m.dcinside.com/board/digimontcg/474199,"더스크몬1장, 루인 1장, 웃코4장 사요코우",seller-7f983beb643ffe182fe076c8,훈타,guest,16웃코도,16웃코도,16웃코도 장당,,,buy,구매,4,0.5,5000,estimated,per_card,text,unknown,,active,needs_review,needs_review,"가격 단위 추정, 수량 표기 감지, 배송비 포함 여부 미확정",estimated,yes,no,16웃코도 4장 장당 0.5에 구매합니다
dcf399a4bc7c4bce3a6f0c68,digimontcg,디지몬 카드게임,2026-08,2026-08-11T09:20:51+09:00,known,b4426dc4dfbf7b392e5c21df,dcf399a4bc7c4bce3a6f0c68,474199,https://m.dcinside.com/board/digimontcg/474199,"더스크몬1장, 루인 1장, 웃코4장 사요코우",seller-a41ae477b32cddf13dc14be2,훈타,guest,loadScript ' t,loadScript ' t,loadScript('//t,,,buy,구매,1,,,missing,unknown,unknown,unknown,,active,excluded,needs_review,"가격 후보 재검토 필요, 가격 미기재, 스크립트·광고 문구로 추정되는 오염 행",missing,no,no,"loadScript('//t1.kakaocdn.net/kas/static/ba.min.js', true);"
de0b4a1d3b07400164c8dc5e,digimontcg,디지몬 카드게임,2026-08,2026-08-11T09:20:51+09:00,known,6432fd2b7b620d6d9f609b93,de0b4a1d3b07400164c8dc5e,474199,https://m.dcinside.com/board/digimontcg/474199,"더스크몬1장, 루인 1장, 웃코4장 사요코우",seller-635c3fb974de90da17f7d953,훈타,guest,16웃코도,16웃코도,16웃코도 장당,,,buy,구매,4,0.5,5000,estimated,per_card,text,unknown,,active,needs_review,needs_review,"가격 단위 추정, 수량 표기 감지, 배송비 포함 여부 미확정",estimated,yes,no,16웃코도 4장 장당 0.5에 구매합니다
e6c7b13ae896b1740476a130,digimontcg,디지몬 카드게임,2026-08,2026-08-11T09:20:51+09:00,known,72cc6752cd19cc8220088ec1,e6c7b13ae896b1740476a130,474199,https://m.dcinside.com/board/digimontcg/474199,"더스크몬1장, 루인 1장, 웃코4장 사요코우",seller-3e549b38eac917cd0e4dbb21,훈타,guest,cu반택 or,cu반택 or,cu반택 or 준등기,,,buy,구매,1,0.2,2000,estimated,per_card,text,unknown,,active,needs_review,needs_review,"가격 단위 추정, 배송비 포함 여부 미확정",estimated,yes,no,cu반택 or 준등기 0.2
eed7027f1c08e664de828bb1,digimontcg,디지몬 카드게임,2026-08,2026-08-11T09:20:51+09:00,known,b4426dc4dfbf7b392e5c21df,eed7027f1c08e664de828bb1,474199,https://m.dcinside.com/board/digimontcg/474199,"더스크몬1장, 루인 1장, 웃코4장 사요코우",seller-a41ae477b32cddf13dc14be2,훈타,guest,var safe = window.dcAd && window.dcAd.safe ==,var safe = window.dcAd && window.dcAd.safe ==,var safe = (window.dcAd && window.dcAd.safe ==,,,buy,구매,1,1,10000,estimated,bundle,text,unknown,,active,excluded,needs_review,"가격 단위 추정, 복수 카드 가격, 배송비 포함 여부 미확정, 묶음·세트 총액 · 개별 카드 가격 아님, 스크립트·광고 문구로 추정되는 오염 행",estimated,no,no,var safe = (window.dcAd && window.dcAd.safe == 1)
f35d23cd2cc8679545482caa,digimontcg,디지몬 카드게임,2026-08,2026-08-11T09:20:51+09:00,known,35263ee529dda5c5462c4ff7,f35d23cd2cc8679545482caa,474199,https://m.dcinside.com/board/digimontcg/474199,"더스크몬1장, 루인 1장, 웃코4장 사요코우",seller-d8469d86b284769d764bc06e,훈타,guest,16웃코도,16웃코도,16웃코도 장당,,,buy,구매,4,0.5,5000,estimated,per_card,text,unknown,,active,needs_review,needs_review,"가격 단위 추정, 수량 표기 감지, 배송비 포함 여부 미확정",estimated,yes,no,16웃코도 4장 장당 0.5에 구매합니다
f4d5458c4719ad6fdb35f0c0,digimontcg,디지몬 카드게임,2026-08,2026-08-11T09:20:51+09:00,known,6432fd2b7b620d6d9f609b93,f4d5458c4719ad6fdb35f0c0,474199,https://m.dcinside.com/board/digimontcg/474199,"더스크몬1장, 루인 1장, 웃코4장 사요코우",seller-635c3fb974de90da17f7d953,훈타,guest,loadScript 'https pagead,loadScript 'https pagead,loadScript('https://pagead,,,buy,구매,1,,,missing,unknown,unknown,unknown,,active,excluded,needs_review,"가격 후보 재검토 필요, 가격 미기재, 스크립트·광고 문구로 추정되는 오염 행",missing,no,no,"loadScript('https://pagead2.googlesyndication.com/pagead/js/adsbygoogle_direct.js?client=ca-pub-8171468792791627', true, 'anonymous');"
f73ca6507ca1a00e67e8cda9,digimontcg,디지몬 카드게임,2026-08,2026-08-11T09:20:51+09:00,known,d3ae871d380eb1624046dbe6,f73ca6507ca1a00e67e8cda9,474199,https://m.dcinside.com/board/digimontcg/474199,"더스크몬1장, 루인 1장, 웃코4장 사요코우",seller-7f983beb643ffe182fe076c8,훈타,guest,DOM 삽입 헬퍼 현재 스크립트 위치 기준,DOM 삽입 헬퍼 현재 스크립트 위치 기준,// ---- DOM 삽입 헬퍼 (현재 스크립트 위치 기준,,,buy,구매,1,,,missing,unknown,unknown,unknown,,active,excluded,needs_review,"가격 후보 재검토 필요, 가격 미기재, 스크립트·광고 문구로 추정되는 오염 행",missing,no,no,// ---- DOM 삽입 헬퍼 (현재 스크립트 위치 기준1)
f7c9ac726018d0c6be40777e,digimontcg,디지몬 카드게임,2026-08,2026-08-11T09:20:51+09:00,known,35263ee529dda5c5462c4ff7,f7c9ac726018d0c6be40777e,474199,https://m.dcinside.com/board/digimontcg/474199,"더스크몬1장, 루인 1장, 웃코4장 사요코우",seller-d8469d86b284769d764bc06e,훈타,guest,loadScript ' t,loadScript ' t,loadScript('//t,,,buy,구매,1,,,missing,unknown,unknown,unknown,,active,excluded,needs_review,"가격 후보 재검토 필요, 가격 미기재, 스크립트·광고 문구로 추정되는 오염 행",missing,no,no,"loadScript('//t1.kakaocdn.net/kas/static/ba.min.js', true);"
fe1dfbf612e518b4e648783f,digimontcg,디지몬 카드게임,2026-08,2026-08-11T09:20:51+09:00,known,6432fd2b7b620d6d9f609b93,fe1dfbf612e518b4e648783f,474199,https://m.dcinside.com/board/digimontcg/474199,"더스크몬1장, 루인 1장, 웃코4장 사요코우",seller-635c3fb974de90da17f7d953,훈타,guest,loadScript ' t,loadScript ' t,loadScript('//t,,,buy,구매,1,,,missing,unknown,unknown,unknown,,active,excluded,needs_review,"가격 후보 재검토 필요, 가격 미기재, 스크립트·광고 문구로 추정되는 오염 행",missing,no,no,"loadScript('//t1.kakaocdn.net/kas/static/ba.min.js', true);"
feda528928cfd4bc5d125017,digimontcg,디지몬 카드게임,2026-08,2026-08-11T09:20:51+09:00,known,72cc6752cd19cc8220088ec1,feda528928cfd4bc5d125017,474199,https://m.dcinside.com/board/digimontcg/474199,"더스크몬1장, 루인 1장, 웃코4장 사요코우",seller-3e549b38eac917cd0e4dbb21,훈타,guest,var safe = window.dcAd && window.dcAd.safe ==,var safe = window.dcAd && window.dcAd.safe ==,var safe = (window.dcAd && window.dcAd.safe ==,,,buy,구매,1,1,10000,estimated,bundle,text,unknown,,active,excluded,needs_review,"가격 단위 추정, 복수 카드 가격, 배송비 포함 여부 미확정, 묶음·세트 총액 · 개별 카드 가격 아님, 스크립트·광고 문구로 추정되는 오염 행",estimated,no,no,var safe = (window.dcAd && window.dcAd.safe == 1)
3dedde1b40ead7e60deb61b6,digimontcg,디지몬 카드게임,2026-08,2026-08-11T13:56:55+09:00,known,01406389ed90fd01789348a9,3dedde1b40ead7e60deb61b6,474289,https://m.dcinside.com/board/digimontcg/474289,메디벌 시크 한장 삽니다,seller-937d300697ac84a3c63deb4b,ㅇㅇ,guest,메디벌 시크,메디벌 시크,메디벌 시크 한장,,,buy,구매,1,,,missing,unknown,unknown,unknown,,active,needs_review,needs_review,"가격 후보 재검토 필요, 가격 미기재",missing,no,no,메디벌 시크 한장 삽니다
9b7fa27358993b97fb53b846,digimontcg,디지몬 카드게임,2026-08,2026-08-11T13:56:55+09:00,known,46af4340bee266dec2b28ac3,9b7fa27358993b97fb53b846,474289,https://m.dcinside.com/board/digimontcg/474289,메디벌 시크 한장 삽니다,seller-e43e75e5f331a4d6a2d1becd,ㅇㅇ,guest,메디벌 시크,메디벌 시크,메디벌 시크 한장,,,buy,구매,1,,,missing,unknown,unknown,unknown,,active,needs_review,needs_review,"가격 후보 재검토 필요, 가격 미기재",missing,no,no,메디벌 시크 한장 삽니다
9c7a02826c5264173003361d,digimontcg,디지몬 카드게임,2026-08,2026-08-11T13:56:55+09:00,known,22ff325f05027bc5720b3a35,9c7a02826c5264173003361d,474289,https://m.dcinside.com/board/digimontcg/474289,메디벌 시크 한장 삽니다,seller-a343a8d8308f0527a6b9d781,ㅇㅇ,guest,메디벌 시크,메디벌 시크,메디벌 시크 한장,,,buy,구매,1,,,missing,unknown,unknown,unknown,,active,needs_review,needs_review,"가격 후보 재검토 필요, 가격 미기재",missing,no,no,메디벌 시크 한장 삽니다
b7e853641485efdc54d3a056,digimontcg,디지몬 카드게임,2026-08,2026-08-11T13:56:55+09:00,known,66c2a4187daf6891f2be06be,b7e853641485efdc54d3a056,474289,https://m.dcinside.com/board/digimontcg/474289,메디벌 시크 한장 삽니다,seller-7ffd9ec42de842702834521c,ㅇㅇ,guest,메디벌 시크,메디벌 시크,메디벌 시크 한장,,,buy,구매,1,,,missing,unknown,unknown,unknown,,active,needs_review,needs_review,"가격 후보 재검토 필요, 가격 미기재",missing,no,no,메디벌 시크 한장 삽니다
ccd9e541c22bb4f412817921,digimontcg,디지몬 카드게임,2026-08,2026-08-11T13:56:55+09:00,known,db233ff1e6841ad0ce513c8a,ccd9e541c22bb4f412817921,474289,https://m.dcinside.com/board/digimontcg/474289,메디벌 시크 한장 삽니다,seller-f9d1ec93ad60c64a4d051d71,ㅇㅇ,guest,메디벌 시크,메디벌 시크,메디벌 시크 한장,,,buy,구매,1,,,missing,unknown,unknown,unknown,,active,needs_review,needs_review,"가격 후보 재검토 필요, 가격 미기재",missing,no,no,메디벌 시크 한장 삽니다
e2e4b25a71eb4ebe07516e91,digimontcg,디지몬 카드게임,2026-08,2026-08-11T13:56:55+09:00,known,bf840f8d88cf6e4fa8f20101,e2e4b25a71eb4ebe07516e91,474289,https://m.dcinside.com/board/digimontcg/474289,메디벌 시크 한장 삽니다,seller-55d60670fc9a209c45fdae18,ㅇㅇ,guest,메디벌 시크,메디벌 시크,메디벌 시크 한장,,,buy,구매,1,,,missing,unknown,unknown,unknown,,active,needs_review,needs_review,"가격 후보 재검토 필요, 가격 미기재",missing,no,no,메디벌 시크 한장 삽니다
045c49d86c5eff595f8f8572,digimontcg,디지몬 카드게임,2026-08,2026-08-11T14:01:24+09:00,known,e83217b6f95ce6f4e5de113e,045c49d86c5eff595f8f8572,474292,https://m.dcinside.com/board/digimontcg/474292,"저스티몬 X항체 페레, 저스티몬 블리츠 암 페레 삽니다.",seller-4b31460529610238c21f70fc,ㅇㅇ,guest,DOM 삽입 헬퍼 현재 스크립트 위치 기준,DOM 삽입 헬퍼 현재 스크립트 위치 기준,// ---- DOM 삽입 헬퍼 (현재 스크립트 위치 기준,,,buy,구매,1,,,missing,unknown,unknown,unknown,,active,excluded,needs_review,"가격 후보 재검토 필요, 가격 미기재, 스크립트·광고 문구로 추정되는 오염 행",missing,no,no,// ---- DOM 삽입 헬퍼 (현재 스크립트 위치 기준1)
111f0acbdb3ac3e4aab60354,digimontcg,디지몬 카드게임,2026-08,2026-08-11T14:01:24+09:00,known,2bf327fe376b9a11b4a0d73e,111f0acbdb3ac3e4aab60354,474292,https://m.dcinside.com/board/digimontcg/474292,"저스티몬 X항체 페레, 저스티몬 블리츠 암 페레 삽니다.",seller-7d75f125a72bcff40d422d2c,ㅇㅇ,guest,loadScript 'https pagead,loadScript 'https pagead,loadScript('https://pagead,,,buy,구매,1,,,missing,unknown,unknown,unknown,,active,excluded,needs_review,"가격 후보 재검토 필요, 가격 미기재, 스크립트·광고 문구로 추정되는 오염 행",missing,no,no,"loadScript('https://pagead2.googlesyndication.com/pagead/js/adsbygoogle_direct.js?client=ca-pub-8171468792791627', true, 'anonymous');"
17173113a1227eb827148493,digimontcg,디지몬 카드게임,2026-08,2026-08-11T14:01:24+09:00,known,b48a77b4acd7cae711cd8e1b,17173113a1227eb827148493,474292,https://m.dcinside.com/board/digimontcg/474292,"저스티몬 X항체 페레, 저스티몬 블리츠 암 페레 삽니다.",seller-54667e588838c558a152e89f,ㅇㅇ,guest,loadScript 'https pagead,loadScript 'https pagead,loadScript('https://pagead,,,buy,구매,1,,,missing,unknown,unknown,unknown,,active,excluded,needs_review,"가격 후보 재검토 필요, 가격 미기재, 스크립트·광고 문구로 추정되는 오염 행",missing,no,no,"loadScript('https://pagead2.googlesyndication.com/pagead/js/adsbygoogle_direct.js?client=ca-pub-8171468792791627', true, 'anonymous');"
1b53d177e3f8c6fa436d7e83,digimontcg,디지몬 카드게임,2026-08,2026-08-11T14:01:24+09:00,known,2bf327fe376b9a11b4a0d73e,1b53d177e3f8c6fa436d7e83,474292,https://m.dcinside.com/board/digimontcg/474292,"저스티몬 X항체 페레, 저스티몬 블리츠 암 페레 삽니다.",seller-7d75f125a72bcff40d422d2c,ㅇㅇ,guest,블리츠암,블리츠암,블리츠암 장당,,,buy,구매,1,1,10000,estimated,per_card,text,unknown,,active,needs_review,needs_review,"가격 단위 추정, 배송비 포함 여부 미확정",estimated,yes,no,블리츠암 장당 1 에 3장까지
29034310a5181d262f5d4d5b,digimontcg,디지몬 카드게임,2026-08,2026-08-11T14:01:24+09:00,known,eb984bec8d343d4cd555c280,29034310a5181d262f5d4d5b,474292,https://m.dcinside.com/board/digimontcg/474292,"저스티몬 X항체 페레, 저스티몬 블리츠 암 페레 삽니다.",seller-28ee67c4dd172c672bd67142,ㅇㅇ,guest,loadScript 'https pagead,loadScript 'https pagead,loadScript('https://pagead,,,buy,구매,1,,,missing,unknown,unknown,unknown,,active,excluded,needs_review,"가격 후보 재검토 필요, 가격 미기재, 스크립트·광고 문구로 추정되는 오염 행",missing,no,no,"loadScript('https://pagead2.googlesyndication.com/pagead/js/adsbygoogle_direct.js?client=ca-pub-8171468792791627', true, 'anonymous');"
2e618296e37f9c8b05bac6da,digimontcg,디지몬 카드게임,2026-08,2026-08-11T14:01:24+09:00,known,e83217b6f95ce6f4e5de113e,2e618296e37f9c8b05bac6da,474292,https://m.dcinside.com/board/digimontcg/474292,"저스티몬 X항체 페레, 저스티몬 블리츠 암 페레 삽니다.",seller-4b31460529610238c21f70fc,ㅇㅇ,guest,loadScript 'https pagead,loadScript 'https pagead,loadScript('https://pagead,,,buy,구매,1,,,missing,unknown,unknown,unknown,,active,excluded,needs_review,"가격 후보 재검토 필요, 가격 미기재, 스크립트·광고 문구로 추정되는 오염 행",missing,no,no,"loadScript('https://pagead2.googlesyndication.com/pagead/js/adsbygoogle_direct.js?client=ca-pub-8171468792791627', true, 'anonymous');"
375635410f8894e3c434aaa4,digimontcg,디지몬 카드게임,2026-08,2026-08-11T14:01:24+09:00,known,eb984bec8d343d4cd555c280,375635410f8894e3c434aaa4,474292,https://m.dcinside.com/board/digimontcg/474292,"저스티몬 X항체 페레, 저스티몬 블리츠 암 페레 삽니다.",seller-28ee67c4dd172c672bd67142,ㅇㅇ,guest,DOM 삽입 헬퍼 현재 스크립트 위치 기준,DOM 삽입 헬퍼 현재 스크립트 위치 기준,// ---- DOM 삽입 헬퍼 (현재 스크립트 위치 기준,,,buy,구매,1,,,missing,unknown,unknown,unknown,,active,excluded,needs_review,"가격 후보 재검토 필요, 가격 미기재, 스크립트·광고 문구로 추정되는 오염 행",missing,no,no,// ---- DOM 삽입 헬퍼 (현재 스크립트 위치 기준1)
3a1f4573556e5674dac89e47,digimontcg,디지몬 카드게임,2026-08,2026-08-11T14:01:24+09:00,known,2582c8ff8220f1d3240f0e86,3a1f4573556e5674dac89e47,474292,https://m.dcinside.com/board/digimontcg/474292,"저스티몬 X항체 페레, 저스티몬 블리츠 암 페레 삽니다.",seller-9a7fa4c4d130644d2c8eb87a,ㅇㅇ,guest,var safe = window.dcAd && window.dcAd.safe ==,var safe = window.dcAd && window.dcAd.safe ==,var safe = (window.dcAd && window.dcAd.safe ==,,,buy,구매,1,1,10000,estimated,bundle,text,unknown,,active,excluded,needs_review,"가격 단위 추정, 복수 카드 가격, 배송비 포함 여부 미확정, 묶음·세트 총액 · 개별 카드 가격 아님, 스크립트·광고 문구로 추정되는 오염 행",estimated,no,no,var safe = (window.dcAd && window.dcAd.safe == 1)
3c4e407bed8990d32e290c9f,digimontcg,디지몬 카드게임,2026-08,2026-08-11T14:01:24+09:00,known,eb984bec8d343d4cd555c280,3c4e407bed8990d32e290c9f,474292,https://m.dcinside.com/board/digimontcg/474292,"저스티몬 X항체 페레, 저스티몬 블리츠 암 페레 삽니다.",seller-28ee67c4dd172c672bd67142,ㅇㅇ,guest,블리츠암,블리츠암,블리츠암 장당,,,buy,구매,1,1,10000,estimated,per_card,text,unknown,,active,needs_review,needs_review,"가격 단위 추정, 배송비 포함 여부 미확정",estimated,yes,no,블리츠암 장당 1 에 3장까지
3e830183e56cfaea840cc649,digimontcg,디지몬 카드게임,2026-08,2026-08-11T14:01:24+09:00,known,2bf327fe376b9a11b4a0d73e,3e830183e56cfaea840cc649,474292,https://m.dcinside.com/board/digimontcg/474292,"저스티몬 X항체 페레, 저스티몬 블리츠 암 페레 삽니다.",seller-7d75f125a72bcff40d422d2c,ㅇㅇ,guest,loadScript ' t,loadScript ' t,loadScript('//t,,,buy,구매,1,,,missing,unknown,unknown,unknown,,active,excluded,needs_review,"가격 후보 재검토 필요, 가격 미기재, 스크립트·광고 문구로 추정되는 오염 행",missing,no,no,"loadScript('//t1.kakaocdn.net/kas/static/ba.min.js', true);"
47b2e0080fb5577776973703,digimontcg,디지몬 카드게임,2026-08,2026-08-11T14:01:24+09:00,known,d439cdcabf5e4b37650fc6f2,47b2e0080fb5577776973703,474292,https://m.dcinside.com/board/digimontcg/474292,"저스티몬 X항체 페레, 저스티몬 블리츠 암 페레 삽니다.",seller-21c705d2c89f46012e9317ab,ㅇㅇ,guest,블리츠암,블리츠암,블리츠암 장당,,,buy,구매,1,1,10000,estimated,per_card,text,unknown,,active,needs_review,needs_review,"가격 단위 추정, 배송비 포함 여부 미확정",estimated,yes,no,블리츠암 장당 1 에 3장까지
58d8e9c79989059aa032f710,digimontcg,디지몬 카드게임,2026-08,2026-08-11T14:01:24+09:00,known,2582c8ff8220f1d3240f0e86,58d8e9c79989059aa032f710,474292,https://m.dcinside.com/board/digimontcg/474292,"저스티몬 X항체 페레, 저스티몬 블리츠 암 페레 삽니다.",seller-9a7fa4c4d130644d2c8eb87a,ㅇㅇ,guest,블리츠암,블리츠암,블리츠암 장당,,,buy,구매,1,1,10000,estimated,per_card,text,unknown,,active,needs_review,needs_review,"가격 단위 추정, 배송비 포함 여부 미확정",estimated,yes,no,블리츠암 장당 1 에 3장까지
5b41568c09ca7fa749e7d5a7,digimontcg,디지몬 카드게임,2026-08,2026-08-11T14:01:24+09:00,known,eb984bec8d343d4cd555c280,5b41568c09ca7fa749e7d5a7,474292,https://m.dcinside.com/board/digimontcg/474292,"저스티몬 X항체 페레, 저스티몬 블리츠 암 페레 삽니다.",seller-28ee67c4dd172c672bd67142,ㅇㅇ,guest,loadScript ' t,loadScript ' t,loadScript('//t,,,buy,구매,1,,,missing,unknown,unknown,unknown,,active,excluded,needs_review,"가격 후보 재검토 필요, 가격 미기재, 스크립트·광고 문구로 추정되는 오염 행",missing,no,no,"loadScript('//t1.kakaocdn.net/kas/static/ba.min.js', true);"
5cebdda52f59699a1fc7cc5e,digimontcg,디지몬 카드게임,2026-08,2026-08-11T14:01:24+09:00,known,d439cdcabf5e4b37650fc6f2,5cebdda52f59699a1fc7cc5e,474292,https://m.dcinside.com/board/digimontcg/474292,"저스티몬 X항체 페레, 저스티몬 블리츠 암 페레 삽니다.",seller-21c705d2c89f46012e9317ab,ㅇㅇ,guest,loadScript ' t,loadScript ' t,loadScript('//t,,,buy,구매,1,,,missing,unknown,unknown,unknown,,active,excluded,needs_review,"가격 후보 재검토 필요, 가격 미기재, 스크립트·광고 문구로 추정되는 오염 행",missing,no,no,"loadScript('//t1.kakaocdn.net/kas/static/ba.min.js', true);"
5ea0dd7dd53ec1c8aa55d708,digimontcg,디지몬 카드게임,2026-08,2026-08-11T14:01:24+09:00,known,2bf327fe376b9a11b4a0d73e,5ea0dd7dd53ec1c8aa55d708,474292,https://m.dcinside.com/board/digimontcg/474292,"저스티몬 X항체 페레, 저스티몬 블리츠 암 페레 삽니다.",seller-7d75f125a72bcff40d422d2c,ㅇㅇ,guest,DOM 삽입 헬퍼 현재 스크립트 위치 기준,DOM 삽입 헬퍼 현재 스크립트 위치 기준,// ---- DOM 삽입 헬퍼 (현재 스크립트 위치 기준,,,buy,구매,1,,,missing,unknown,unknown,unknown,,active,excluded,needs_review,"가격 후보 재검토 필요, 가격 미기재, 스크립트·광고 문구로 추정되는 오염 행",missing,no,no,// ---- DOM 삽입 헬퍼 (현재 스크립트 위치 기준1)
62e1e320c877e815c0db150a,digimontcg,디지몬 카드게임,2026-08,2026-08-11T14:01:24+09:00,known,eb984bec8d343d4cd555c280,62e1e320c877e815c0db150a,474292,https://m.dcinside.com/board/digimontcg/474292,"저스티몬 X항체 페레, 저스티몬 블리츠 암 페레 삽니다.",seller-28ee67c4dd172c672bd67142,ㅇㅇ,guest,var safe = window.dcAd && window.dcAd.safe ==,var safe = window.dcAd && window.dcAd.safe ==,var safe = (window.dcAd && window.dcAd.safe ==,,,buy,구매,1,1,10000,estimated,bundle,text,unknown,,active,excluded,needs_review,"가격 단위 추정, 복수 카드 가격, 배송비 포함 여부 미확정, 묶음·세트 총액 · 개별 카드 가격 아님, 스크립트·광고 문구로 추정되는 오염 행",estimated,no,no,var safe = (window.dcAd && window.dcAd.safe == 1)
644f03c3124f6388e5249a1a,digimontcg,디지몬 카드게임,2026-08,2026-08-11T14:01:24+09:00,known,e83217b6f95ce6f4e5de113e,644f03c3124f6388e5249a1a,474292,https://m.dcinside.com/board/digimontcg/474292,"저스티몬 X항체 페레, 저스티몬 블리츠 암 페레 삽니다.",seller-4b31460529610238c21f70fc,ㅇㅇ,guest,var safe = window.dcAd && window.dcAd.safe ==,var safe = window.dcAd && window.dcAd.safe ==,var safe = (window.dcAd && window.dcAd.safe ==,,,buy,구매,1,1,10000,estimated,bundle,text,unknown,,active,excluded,needs_review,"가격 단위 추정, 복수 카드 가격, 배송비 포함 여부 미확정, 묶음·세트 총액 · 개별 카드 가격 아님, 스크립트·광고 문구로 추정되는 오염 행",estimated,no,no,var safe = (window.dcAd && window.dcAd.safe == 1)
6aac55d69ce41c367fa032d8,digimontcg,디지몬 카드게임,2026-08,2026-08-11T14:01:24+09:00,known,d439cdcabf5e4b37650fc6f2,6aac55d69ce41c367fa032d8,474292,https://m.dcinside.com/board/digimontcg/474292,"저스티몬 X항체 페레, 저스티몬 블리츠 암 페레 삽니다.",seller-21c705d2c89f46012e9317ab,ㅇㅇ,guest,loadScript 'https pagead,loadScript 'https pagead,loadScript('https://pagead,,,buy,구매,1,,,missing,unknown,unknown,unknown,,active,excluded,needs_review,"가격 후보 재검토 필요, 가격 미기재, 스크립트·광고 문구로 추정되는 오염 행",missing,no,no,"loadScript('https://pagead2.googlesyndication.com/pagead/js/adsbygoogle_direct.js?client=ca-pub-8171468792791627', true, 'anonymous');"
6d00d957e954c5d249962518,digimontcg,디지몬 카드게임,2026-08,2026-08-11T14:01:24+09:00,known,b48a77b4acd7cae711cd8e1b,6d00d957e954c5d249962518,474292,https://m.dcinside.com/board/digimontcg/474292,"저스티몬 X항체 페레, 저스티몬 블리츠 암 페레 삽니다.",seller-54667e588838c558a152e89f,ㅇㅇ,guest,var safe = window.dcAd && window.dcAd.safe ==,var safe = window.dcAd && window.dcAd.safe ==,var safe = (window.dcAd && window.dcAd.safe ==,,,buy,구매,1,1,10000,estimated,bundle,text,unknown,,active,excluded,needs_review,"가격 단위 추정, 복수 카드 가격, 배송비 포함 여부 미확정, 묶음·세트 총액 · 개별 카드 가격 아님, 스크립트·광고 문구로 추정되는 오염 행",estimated,no,no,var safe = (window.dcAd && window.dcAd.safe == 1)
6eddd47e455084e02b925bb3,digimontcg,디지몬 카드게임,2026-08,2026-08-11T14:01:24+09:00,known,2582c8ff8220f1d3240f0e86,6eddd47e455084e02b925bb3,474292,https://m.dcinside.com/board/digimontcg/474292,"저스티몬 X항체 페레, 저스티몬 블리츠 암 페레 삽니다.",seller-9a7fa4c4d130644d2c8eb87a,ㅇㅇ,guest,DOM 삽입 헬퍼 현재 스크립트 위치 기준,DOM 삽입 헬퍼 현재 스크립트 위치 기준,// ---- DOM 삽입 헬퍼 (현재 스크립트 위치 기준,,,buy,구매,1,,,missing,unknown,unknown,unknown,,active,excluded,needs_review,"가격 후보 재검토 필요, 가격 미기재, 스크립트·광고 문구로 추정되는 오염 행",missing,no,no,// ---- DOM 삽입 헬퍼 (현재 스크립트 위치 기준1)
714d735addfda2af21d0bd7d,digimontcg,디지몬 카드게임,2026-08,2026-08-11T14:01:24+09:00,known,d439cdcabf5e4b37650fc6f2,714d735addfda2af21d0bd7d,474292,https://m.dcinside.com/board/digimontcg/474292,"저스티몬 X항체 페레, 저스티몬 블리츠 암 페레 삽니다.",seller-21c705d2c89f46012e9317ab,ㅇㅇ,guest,var safe = window.dcAd && window.dcAd.safe ==,var safe = window.dcAd && window.dcAd.safe ==,var safe = (window.dcAd && window.dcAd.safe ==,,,buy,구매,1,1,10000,estimated,bundle,text,unknown,,active,excluded,needs_review,"가격 단위 추정, 복수 카드 가격, 배송비 포함 여부 미확정, 묶음·세트 총액 · 개별 카드 가격 아님, 스크립트·광고 문구로 추정되는 오염 행",estimated,no,no,var safe = (window.dcAd && window.dcAd.safe == 1)
74e3ef840e76d0493ad930fc,digimontcg,디지몬 카드게임,2026-08,2026-08-11T14:01:24+09:00,known,e83217b6f95ce6f4e5de113e,74e3ef840e76d0493ad930fc,474292,https://m.dcinside.com/board/digimontcg/474292,"저스티몬 X항체 페레, 저스티몬 블리츠 암 페레 삽니다.",seller-4b31460529610238c21f70fc,ㅇㅇ,guest,loadScript ' t,loadScript ' t,loadScript('//t,,,buy,구매,1,,,missing,unknown,unknown,unknown,,active,excluded,needs_review,"가격 후보 재검토 필요, 가격 미기재, 스크립트·광고 문구로 추정되는 오염 행",missing,no,no,"loadScript('//t1.kakaocdn.net/kas/static/ba.min.js', true);"
8c4af65fd76dc56c27da219b,digimontcg,디지몬 카드게임,2026-08,2026-08-11T14:01:24+09:00,known,b48a77b4acd7cae711cd8e1b,8c4af65fd76dc56c27da219b,474292,https://m.dcinside.com/board/digimontcg/474292,"저스티몬 X항체 페레, 저스티몬 블리츠 암 페레 삽니다.",seller-54667e588838c558a152e89f,ㅇㅇ,guest,DOM 삽입 헬퍼 현재 스크립트 위치 기준,DOM 삽입 헬퍼 현재 스크립트 위치 기준,// ---- DOM 삽입 헬퍼 (현재 스크립트 위치 기준,,,buy,구매,1,,,missing,unknown,unknown,unknown,,active,excluded,needs_review,"가격 후보 재검토 필요, 가격 미기재, 스크립트·광고 문구로 추정되는 오염 행",missing,no,no,// ---- DOM 삽입 헬퍼 (현재 스크립트 위치 기준1)
9650ebda4e047c77e93efa36,digimontcg,디지몬 카드게임,2026-08,2026-08-11T14:01:24+09:00,known,b48a77b4acd7cae711cd8e1b,9650ebda4e047c77e93efa36,474292,https://m.dcinside.com/board/digimontcg/474292,"저스티몬 X항체 페레, 저스티몬 블리츠 암 페레 삽니다.",seller-54667e588838c558a152e89f,ㅇㅇ,guest,블리츠암,블리츠암,블리츠암 장당,,,buy,구매,1,1,10000,estimated,per_card,text,unknown,,active,needs_review,needs_review,"가격 단위 추정, 배송비 포함 여부 미확정",estimated,yes,no,블리츠암 장당 1 에 3장까지
97445b3af15c464c0220e985,digimontcg,디지몬 카드게임,2026-08,2026-08-11T14:01:24+09:00,known,e83217b6f95ce6f4e5de113e,97445b3af15c464c0220e985,474292,https://m.dcinside.com/board/digimontcg/474292,"저스티몬 X항체 페레, 저스티몬 블리츠 암 페레 삽니다.",seller-4b31460529610238c21f70fc,ㅇㅇ,guest,블리츠암,블리츠암,블리츠암 장당,,,buy,구매,1,1,10000,estimated,per_card,text,unknown,,active,needs_review,needs_review,"가격 단위 추정, 배송비 포함 여부 미확정",estimated,yes,no,블리츠암 장당 1 에 3장까지
ab496afb5a4ee663b5d580ec,digimontcg,디지몬 카드게임,2026-08,2026-08-11T14:01:24+09:00,known,b48a77b4acd7cae711cd8e1b,ab496afb5a4ee663b5d580ec,474292,https://m.dcinside.com/board/digimontcg/474292,"저스티몬 X항체 페레, 저스티몬 블리츠 암 페레 삽니다.",seller-54667e588838c558a152e89f,ㅇㅇ,guest,loadScript ' t,loadScript ' t,loadScript('//t,,,buy,구매,1,,,missing,unknown,unknown,unknown,,active,excluded,needs_review,"가격 후보 재검토 필요, 가격 미기재, 스크립트·광고 문구로 추정되는 오염 행",missing,no,no,"loadScript('//t1.kakaocdn.net/kas/static/ba.min.js', true);"
c87b66f74aa316856b6142ec,digimontcg,디지몬 카드게임,2026-08,2026-08-11T14:01:24+09:00,known,d439cdcabf5e4b37650fc6f2,c87b66f74aa316856b6142ec,474292,https://m.dcinside.com/board/digimontcg/474292,"저스티몬 X항체 페레, 저스티몬 블리츠 암 페레 삽니다.",seller-21c705d2c89f46012e9317ab,ㅇㅇ,guest,DOM 삽입 헬퍼 현재 스크립트 위치 기준,DOM 삽입 헬퍼 현재 스크립트 위치 기준,// ---- DOM 삽입 헬퍼 (현재 스크립트 위치 기준,,,buy,구매,1,,,missing,unknown,unknown,unknown,,active,excluded,needs_review,"가격 후보 재검토 필요, 가격 미기재, 스크립트·광고 문구로 추정되는 오염 행",missing,no,no,// ---- DOM 삽입 헬퍼 (현재 스크립트 위치 기준1)
d3203d4512dbb6234b85a3c2,digimontcg,디지몬 카드게임,2026-08,2026-08-11T14:01:24+09:00,known,2582c8ff8220f1d3240f0e86,d3203d4512dbb6234b85a3c2,474292,https://m.dcinside.com/board/digimontcg/474292,"저스티몬 X항체 페레, 저스티몬 블리츠 암 페레 삽니다.",seller-9a7fa4c4d130644d2c8eb87a,ㅇㅇ,guest,loadScript ' t,loadScript ' t,loadScript('//t,,,buy,구매,1,,,missing,unknown,unknown,unknown,,active,excluded,needs_review,"가격 후보 재검토 필요, 가격 미기재, 스크립트·광고 문구로 추정되는 오염 행",missing,no,no,"loadScript('//t1.kakaocdn.net/kas/static/ba.min.js', true);"
e2b84e865d0244a9c809293a,digimontcg,디지몬 카드게임,2026-08,2026-08-11T14:01:24+09:00,known,2bf327fe376b9a11b4a0d73e,e2b84e865d0244a9c809293a,474292,https://m.dcinside.com/board/digimontcg/474292,"저스티몬 X항체 페레, 저스티몬 블리츠 암 페레 삽니다.",seller-7d75f125a72bcff40d422d2c,ㅇㅇ,guest,var safe = window.dcAd && window.dcAd.safe ==,var safe = window.dcAd && window.dcAd.safe ==,var safe = (window.dcAd && window.dcAd.safe ==,,,buy,구매,1,1,10000,estimated,bundle,text,unknown,,active,excluded,needs_review,"가격 단위 추정, 복수 카드 가격, 배송비 포함 여부 미확정, 묶음·세트 총액 · 개별 카드 가격 아님, 스크립트·광고 문구로 추정되는 오염 행",estimated,no,no,var safe = (window.dcAd && window.dcAd.safe == 1)
f7111c4563250ceb171be58c,digimontcg,디지몬 카드게임,2026-08,2026-08-11T14:01:24+09:00,known,2582c8ff8220f1d3240f0e86,f7111c4563250ceb171be58c,474292,https://m.dcinside.com/board/digimontcg/474292,"저스티몬 X항체 페레, 저스티몬 블리츠 암 페레 삽니다.",seller-9a7fa4c4d130644d2c8eb87a,ㅇㅇ,guest,loadScript 'https pagead,loadScript 'https pagead,loadScript('https://pagead,,,buy,구매,1,,,missing,unknown,unknown,unknown,,active,excluded,needs_review,"가격 후보 재검토 필요, 가격 미기재, 스크립트·광고 문구로 추정되는 오염 행",missing,no,no,"loadScript('https://pagead2.googlesyndication.com/pagead/js/adsbygoogle_direct.js?client=ca-pub-8171468792791627', true, 'anonymous');"
07dff9bed2bd407757ff84ea,digimontcg,디지몬 카드게임,2026-08,2026-08-11T14:30:38+09:00,known,baa73c440aaa20235cb704bc,07dff9bed2bd407757ff84ea,474297,https://m.dcinside.com/board/digimontcg/474297,"22 미레이 페레, 15아포카리몬 페레, ex6루체 페레 등 구합니다",seller-bcc2ff02d6275b022ca65f12,뉴비일지도몰라,guest,미레이,미레이,22 미레이,,,buy,구매,1,8.0,80000,estimated,per_card,text,unknown,,active,needs_review,needs_review,"가격 단위 추정, 배송비 포함 여부 미확정",estimated,yes,no,22 미레이 8.0
22cf47e4f8533398eb5d591a,digimontcg,디지몬 카드게임,2026-08,2026-08-11T14:30:38+09:00,known,86b246c0dabba282620eaade,22cf47e4f8533398eb5d591a,474297,https://m.dcinside.com/board/digimontcg/474297,"22 미레이 페레, 15아포카리몬 페레, ex6루체 페레 등 구합니다",seller-02d54fcf7b8fe7aaa9c5ee97,뉴비일지도몰라,guest,가루다몬 에이스 페레,가루다몬 에이스 페레,15 가루다몬 에이스 페레,,,buy,구매,1,0.5,5000,estimated,per_card,text,unknown,,active,needs_review,needs_review,"가격 단위 추정, 배송비 포함 여부 미확정",estimated,yes,no,15 가루다몬 에이스 페레 0.5
2947a06ea39f82ff6c610292,digimontcg,디지몬 카드게임,2026-08,2026-08-11T14:30:38+09:00,known,2a9c35b6c359e9988d344866,2947a06ea39f82ff6c610292,474297,https://m.dcinside.com/board/digimontcg/474297,"22 미레이 페레, 15아포카리몬 페레, ex6루체 페레 등 구합니다",seller-52cc1daecc9c423694d90f06,뉴비일지도몰라,guest,가루다몬 에이스 페레,가루다몬 에이스 페레,15 가루다몬 에이스 페레,,,buy,구매,1,0.5,5000,estimated,per_card,text,unknown,,active,needs_review,needs_review,"가격 단위 추정, 배송비 포함 여부 미확정",estimated,yes,no,15 가루다몬 에이스 페레 0.5
396ba5c7b96c34debcefabf8,digimontcg,디지몬 카드게임,2026-08,2026-08-11T14:30:38+09:00,known,3cedc2d22f25bebebb672a60,396ba5c7b96c34debcefabf8,474297,https://m.dcinside.com/board/digimontcg/474297,"22 미레이 페레, 15아포카리몬 페레, ex6루체 페레 등 구합니다",seller-de1b95a81ac3e866ccf8a66e,뉴비일지도몰라,guest,미레이,미레이,22 미레이,,,buy,구매,1,8.0,80000,estimated,per_card,text,unknown,,active,needs_review,needs_review,"가격 단위 추정, 배송비 포함 여부 미확정",estimated,yes,no,22 미레이 8.0
4f8f801a82b7be587367e315,digimontcg,디지몬 카드게임,2026-08,2026-08-11T14:30:38+09:00,known,86b246c0dabba282620eaade,4f8f801a82b7be587367e315,474297,https://m.dcinside.com/board/digimontcg/474297,"22 미레이 페레, 15아포카리몬 페레, ex6루체 페레 등 구합니다",seller-02d54fcf7b8fe7aaa9c5ee97,뉴비일지도몰라,guest,프로모 디아블로몬 에이스,프로모 디아블로몬 에이스,14 프로모 디아블로몬 에이스,,,buy,구매,1,0.3,3000,estimated,per_card,text,unknown,,active,needs_review,needs_review,"가격 단위 추정, 배송비 포함 여부 미확정",estimated,yes,no,14 프로모 디아블로몬 에이스 0.3
514102a7b6244f1ffd72ffbc,digimontcg,디지몬 카드게임,2026-08,2026-08-11T14:30:38+09:00,known,2a9c35b6c359e9988d344866,514102a7b6244f1ffd72ffbc,474297,https://m.dcinside.com/board/digimontcg/474297,"22 미레이 페레, 15아포카리몬 페레, ex6루체 페레 등 구합니다",seller-52cc1daecc9c423694d90f06,뉴비일지도몰라,guest,프로모 디아블로몬 에이스,프로모 디아블로몬 에이스,14 프로모 디아블로몬 에이스,,,buy,구매,1,0.3,3000,estimated,per_card,text,unknown,,active,needs_review,needs_review,"가격 단위 추정, 배송비 포함 여부 미확정",estimated,yes,no,14 프로모 디아블로몬 에이스 0.3
56601cd0ab3a93be26e90993,digimontcg,디지몬 카드게임,2026-08,2026-08-11T14:30:38+09:00,known,baa73c440aaa20235cb704bc,56601cd0ab3a93be26e90993,474297,https://m.dcinside.com/board/digimontcg/474297,"22 미레이 페레, 15아포카리몬 페레, ex6루체 페레 등 구합니다",seller-bcc2ff02d6275b022ca65f12,뉴비일지도몰라,guest,프로모 디아블로몬 에이스,프로모 디아블로몬 에이스,14 프로모 디아블로몬 에이스,,,buy,구매,1,0.3,3000,estimated,per_card,text,unknown,,active,needs_review,needs_review,"가격 단위 추정, 배송비 포함 여부 미확정",estimated,yes,no,14 프로모 디아블로몬 에이스 0.3
6178a18e80c3d2ad66436c97,digimontcg,디지몬 카드게임,2026-08,2026-08-11T14:30:38+09:00,known,c4692e7e19c63b744f7d18bf,6178a18e80c3d2ad66436c97,474297,https://m.dcinside.com/board/digimontcg/474297,"22 미레이 페레, 15아포카리몬 페레, ex6루체 페레 등 구합니다",seller-1799285d20dee4863d788a7c,뉴비일지도몰라,guest,프로모 디아블로몬 에이스,프로모 디아블로몬 에이스,14 프로모 디아블로몬 에이스,,,buy,구매,1,0.3,3000,estimated,per_card,text,unknown,,active,needs_review,needs_review,"가격 단위 추정, 배송비 포함 여부 미확정",estimated,yes,no,14 프로모 디아블로몬 에이스 0.3
655a3bd752523b74c0f19c70,digimontcg,디지몬 카드게임,2026-08,2026-08-11T14:30:38+09:00,known,c4692e7e19c63b744f7d18bf,655a3bd752523b74c0f19c70,474297,https://m.dcinside.com/board/digimontcg/474297,"22 미레이 페레, 15아포카리몬 페레, ex6루체 페레 등 구합니다",seller-1799285d20dee4863d788a7c,뉴비일지도몰라,guest,가루다몬 에이스 페레,가루다몬 에이스 페레,15 가루다몬 에이스 페레,,,buy,구매,1,0.5,5000,estimated,per_card,text,unknown,,active,needs_review,needs_review,"가격 단위 추정, 배송비 포함 여부 미확정",estimated,yes,no,15 가루다몬 에이스 페레 0.5
73e863b149994bd8a328b73c,digimontcg,디지몬 카드게임,2026-08,2026-08-11T14:30:38+09:00,known,3cedc2d22f25bebebb672a60,73e863b149994bd8a328b73c,474297,https://m.dcinside.com/board/digimontcg/474297,"22 미레이 페레, 15아포카리몬 페레, ex6루체 페레 등 구합니다",seller-de1b95a81ac3e866ccf8a66e,뉴비일지도몰라,guest,프로모 디아블로몬 에이스,프로모 디아블로몬 에이스,14 프로모 디아블로몬 에이스,,,buy,구매,1,0.3,3000,estimated,per_card,text,unknown,,active,needs_review,needs_review,"가격 단위 추정, 배송비 포함 여부 미확정",estimated,yes,no,14 프로모 디아블로몬 에이스 0.3
8039839717ab770d51f5043e,digimontcg,디지몬 카드게임,2026-08,2026-08-11T14:30:38+09:00,known,86b246c0dabba282620eaade,8039839717ab770d51f5043e,474297,https://m.dcinside.com/board/digimontcg/474297,"22 미레이 페레, 15아포카리몬 페레, ex6루체 페레 등 구합니다",seller-02d54fcf7b8fe7aaa9c5ee97,뉴비일지도몰라,guest,미레이,미레이,22 미레이,,,buy,구매,1,8.0,80000,estimated,per_card,text,unknown,,active,needs_review,needs_review,"가격 단위 추정, 배송비 포함 여부 미확정",estimated,yes,no,22 미레이 8.0
80f176d7c4fb969f4e50c440,digimontcg,디지몬 카드게임,2026-08,2026-08-11T14:30:38+09:00,known,2a9c35b6c359e9988d344866,80f176d7c4fb969f4e50c440,474297,https://m.dcinside.com/board/digimontcg/474297,"22 미레이 페레, 15아포카리몬 페레, ex6루체 페레 등 구합니다",seller-52cc1daecc9c423694d90f06,뉴비일지도몰라,guest,미레이,미레이,22 미레이,,,buy,구매,1,8.0,80000,estimated,per_card,text,unknown,,active,needs_review,needs_review,"가격 단위 추정, 배송비 포함 여부 미확정",estimated,yes,no,22 미레이 8.0
82a58fd1a4c4cbd6fef9aba5,digimontcg,디지몬 카드게임,2026-08,2026-08-11T14:30:38+09:00,known,baa73c440aaa20235cb704bc,82a58fd1a4c4cbd6fef9aba5,474297,https://m.dcinside.com/board/digimontcg/474297,"22 미레이 페레, 15아포카리몬 페레, ex6루체 페레 등 구합니다",seller-bcc2ff02d6275b022ca65f12,뉴비일지도몰라,guest,가루다몬 에이스 페레,가루다몬 에이스 페레,15 가루다몬 에이스 페레,,,buy,구매,1,0.5,5000,estimated,per_card,text,unknown,,active,needs_review,needs_review,"가격 단위 추정, 배송비 포함 여부 미확정",estimated,yes,no,15 가루다몬 에이스 페레 0.5
8461851b817a8b5aedf42e90,digimontcg,디지몬 카드게임,2026-08,2026-08-11T14:30:38+09:00,known,4c705f56ece79135c42543a3,8461851b817a8b5aedf42e90,474297,https://m.dcinside.com/board/digimontcg/474297,"22 미레이 페레, 15아포카리몬 페레, ex6루체 페레 등 구합니다",seller-3e8ef4a33c1f34c0274f71da,뉴비일지도몰라,guest,미레이,미레이,22 미레이,,,buy,구매,1,8.0,80000,estimated,per_card,text,unknown,,active,needs_review,needs_review,"가격 단위 추정, 배송비 포함 여부 미확정",estimated,yes,no,22 미레이 8.0
aa771e36e5a6c5259eb246c3,digimontcg,디지몬 카드게임,2026-08,2026-08-11T14:30:38+09:00,known,4c705f56ece79135c42543a3,aa771e36e5a6c5259eb246c3,474297,https://m.dcinside.com/board/digimontcg/474297,"22 미레이 페레, 15아포카리몬 페레, ex6루체 페레 등 구합니다",seller-3e8ef4a33c1f34c0274f71da,뉴비일지도몰라,guest,가루다몬 에이스 페레,가루다몬 에이스 페레,15 가루다몬 에이스 페레,,,buy,구매,1,0.5,5000,estimated,per_card,text,unknown,,active,needs_review,needs_review,"가격 단위 추정, 배송비 포함 여부 미확정",estimated,yes,no,15 가루다몬 에이스 페레 0.5
cbf1548862c31a74a02c9683,digimontcg,디지몬 카드게임,2026-08,2026-08-11T14:30:38+09:00,known,3cedc2d22f25bebebb672a60,cbf1548862c31a74a02c9683,474297,https://m.dcinside.com/board/digimontcg/474297,"22 미레이 페레, 15아포카리몬 페레, ex6루체 페레 등 구합니다",seller-de1b95a81ac3e866ccf8a66e,뉴비일지도몰라,guest,가루다몬 에이스 페레,가루다몬 에이스 페레,15 가루다몬 에이스 페레,,,buy,구매,1,0.5,5000,estimated,per_card,text,unknown,,active,needs_review,needs_review,"가격 단위 추정, 배송비 포함 여부 미확정",estimated,yes,no,15 가루다몬 에이스 페레 0.5
d48ad136bfb187f13d949c3f,digimontcg,디지몬 카드게임,2026-08,2026-08-11T14:30:38+09:00,known,4c705f56ece79135c42543a3,d48ad136bfb187f13d949c3f,474297,https://m.dcinside.com/board/digimontcg/474297,"22 미레이 페레, 15아포카리몬 페레, ex6루체 페레 등 구합니다",seller-3e8ef4a33c1f34c0274f71da,뉴비일지도몰라,guest,프로모 디아블로몬 에이스,프로모 디아블로몬 에이스,14 프로모 디아블로몬 에이스,,,buy,구매,1,0.3,3000,estimated,per_card,text,unknown,,active,needs_review,needs_review,"가격 단위 추정, 배송비 포함 여부 미확정",estimated,yes,no,14 프로모 디아블로몬 에이스 0.3
d682882eda70539d0b751082,digimontcg,디지몬 카드게임,2026-08,2026-08-11T14:30:38+09:00,known,c4692e7e19c63b744f7d18bf,d682882eda70539d0b751082,474297,https://m.dcinside.com/board/digimontcg/474297,"22 미레이 페레, 15아포카리몬 페레, ex6루체 페레 등 구합니다",seller-1799285d20dee4863d788a7c,뉴비일지도몰라,guest,미레이,미레이,22 미레이,,,buy,구매,1,8.0,80000,estimated,per_card,text,unknown,,active,needs_review,needs_review,"가격 단위 추정, 배송비 포함 여부 미확정",estimated,yes,no,22 미레이 8.0
08ae461a4e07f08b06289c88,digimontcg,디지몬 카드게임,2026-08,2026-08-11T16:49:17+09:00,known,5ea4643463c9c9e061c8b877,08ae461a4e07f08b06289c88,474387,https://m.dcinside.com/board/digimontcg/474387,bt11 리나 페레 삽니다,seller-d5d54b8482f799e9af781152,ㅇㅇ,guest,반택 포함,반택 포함,반택/준등기 포함,,,buy,구매,1,10.0,100000,estimated,bundle,text,unknown,,active,needs_review,needs_review,"가격 단위 추정, 수량 표기 감지, 복수 카드 가격, 배송비 포함 여부 미확정, 묶음·세트 총액 · 개별 카드 가격 아님",estimated,no,no,1장 반택/준등기 포함 10.0에 구합니다
84af4837243d889e78575a50,digimontcg,디지몬 카드게임,2026-08,2026-08-11T16:49:17+09:00,known,4e3b128739cd6ecff313e9db,84af4837243d889e78575a50,474387,https://m.dcinside.com/board/digimontcg/474387,bt11 리나 페레 삽니다,seller-7a4ce44f718cf4e8403b1624,ㅇㅇ,guest,반택 포함,반택 포함,반택/준등기 포함,,,buy,구매,1,10.0,100000,estimated,bundle,text,unknown,,active,needs_review,needs_review,"가격 단위 추정, 수량 표기 감지, 복수 카드 가격, 배송비 포함 여부 미확정, 묶음·세트 총액 · 개별 카드 가격 아님",estimated,no,no,1장 반택/준등기 포함 10.0에 구합니다
88833b4e48a4510901077112,digimontcg,디지몬 카드게임,2026-08,2026-08-11T16:49:17+09:00,known,a66cd4fc1df76530e5c17811,88833b4e48a4510901077112,474387,https://m.dcinside.com/board/digimontcg/474387,bt11 리나 페레 삽니다,seller-0496bbdc7cefded0e93cd32c,ㅇㅇ,guest,반택 포함,반택 포함,반택/준등기 포함,,,buy,구매,1,10.0,100000,estimated,bundle,text,unknown,,active,needs_review,needs_review,"가격 단위 추정, 수량 표기 감지, 복수 카드 가격, 배송비 포함 여부 미확정, 묶음·세트 총액 · 개별 카드 가격 아님",estimated,no,no,1장 반택/준등기 포함 10.0에 구합니다
a150ced1348c0c848843c3a5,digimontcg,디지몬 카드게임,2026-08,2026-08-11T16:49:17+09:00,known,d51db8bb9f9e6484d6f494c6,a150ced1348c0c848843c3a5,474387,https://m.dcinside.com/board/digimontcg/474387,bt11 리나 페레 삽니다,seller-6cf96a3732cb325233561406,ㅇㅇ,guest,반택 포함,반택 포함,반택/준등기 포함,,,buy,구매,1,10.0,100000,estimated,bundle,text,unknown,,active,needs_review,needs_review,"가격 단위 추정, 수량 표기 감지, 복수 카드 가격, 배송비 포함 여부 미확정, 묶음·세트 총액 · 개별 카드 가격 아님",estimated,no,no,1장 반택/준등기 포함 10.0에 구합니다
a5525db97c39b58f61c2c063,digimontcg,디지몬 카드게임,2026-08,2026-08-11T16:49:17+09:00,known,76bca517426e792c2a5541fd,a5525db97c39b58f61c2c063,474387,https://m.dcinside.com/board/digimontcg/474387,bt11 리나 페레 삽니다,seller-43c2f166f2ac74f293823a9b,ㅇㅇ,guest,반택 포함,반택 포함,반택/준등기 포함,,,buy,구매,1,10.0,100000,estimated,bundle,text,unknown,,active,needs_review,needs_review,"가격 단위 추정, 수량 표기 감지, 복수 카드 가격, 배송비 포함 여부 미확정, 묶음·세트 총액 · 개별 카드 가격 아님",estimated,no,no,1장 반택/준등기 포함 10.0에 구합니다
cb59aef4990d2602e725c17f,digimontcg,디지몬 카드게임,2026-08,2026-08-11T16:49:17+09:00,known,f2a62ad669a32374bc19335e,cb59aef4990d2602e725c17f,474387,https://m.dcinside.com/board/digimontcg/474387,bt11 리나 페레 삽니다,seller-413b4777c6f762a99899944a,ㅇㅇ,guest,반택 포함,반택 포함,반택/준등기 포함,,,buy,구매,1,10.0,100000,estimated,bundle,text,unknown,,active,needs_review,needs_review,"가격 단위 추정, 수량 표기 감지, 복수 카드 가격, 배송비 포함 여부 미확정, 묶음·세트 총액 · 개별 카드 가격 아님",estimated,no,no,1장 반택/준등기 포함 10.0에 구합니다
0a0e47c0474352836f1d428a,digimontcg,디지몬 카드게임,2026-08,2026-08-11T18:50:50+09:00,known,f67bbbfbc8483e4440995353,0a0e47c0474352836f1d428a,474438,https://m.dcinside.com/board/digimontcg/474438,"은하덱,메기드덱 팔고 홍염 lm페레 2장,제스몬x항페레 1장 구합니다",seller-2c417fdce28b2ce4441e42a9,카미니트,registered,그외 lm홍염,그외 lm홍염,그외 lm홍염 장당,,,buy,구매,2,1.0,10000,estimated,per_card,text,unknown,,active,needs_review,needs_review,"가격 단위 추정, 수량 표기 감지, 배송비 포함 여부 미확정",estimated,yes,no,"그외 lm홍염 2장 장당 1.0, bt10 제스몬 x항체 1장 1.0 준등기로 구해봅니다."
11b4521e470da789cee20716,digimontcg,디지몬 카드게임,2026-08,2026-08-11T18:50:50+09:00,known,9adac0ac34426c16d892c324,11b4521e470da789cee20716,474438,https://m.dcinside.com/board/digimontcg/474438,"은하덱,메기드덱 팔고 홍염 lm페레 2장,제스몬x항페레 1장 구합니다",seller-2c417fdce28b2ce4441e42a9,카미니트,registered,그노바 사인카드,그노바 사인카드,그노바 사인카드,,,buy,구매,1,2.0,20000,estimated,per_card,text,unknown,,active,needs_review,needs_review,"가격 단위 추정, 배송비 포함 여부 미확정",estimated,yes,no,그노바 사인카드 2.0
1a7829ea1b268587fee3dd30,digimontcg,디지몬 카드게임,2026-08,2026-08-11T18:50:50+09:00,known,28bad6f03f9d0d48d9ae1aa8,1a7829ea1b268587fee3dd30,474438,https://m.dcinside.com/board/digimontcg/474438,"은하덱,메기드덱 팔고 홍염 lm페레 2장,제스몬x항페레 1장 구합니다",seller-2c417fdce28b2ce4441e42a9,카미니트,registered,그외 lm홍염,그외 lm홍염,그외 lm홍염 장당,,,buy,구매,2,1.0,10000,estimated,per_card,text,unknown,,active,needs_review,needs_review,"가격 단위 추정, 수량 표기 감지, 배송비 포함 여부 미확정",estimated,yes,no,"그외 lm홍염 2장 장당 1.0, bt10 제스몬 x항체 1장 1.0 준등기로 구해봅니다."
608d39b6c197e77d7f035a0e,digimontcg,디지몬 카드게임,2026-08,2026-08-11T18:50:50+09:00,known,42cd735dd9366ccd6898038e,608d39b6c197e77d7f035a0e,474438,https://m.dcinside.com/board/digimontcg/474438,"은하덱,메기드덱 팔고 홍염 lm페레 2장,제스몬x항페레 1장 구합니다",seller-2c417fdce28b2ce4441e42a9,카미니트,registered,그외 lm홍염,그외 lm홍염,그외 lm홍염 장당,,,buy,구매,2,1.0,10000,estimated,per_card,text,unknown,,active,needs_review,needs_review,"가격 단위 추정, 수량 표기 감지, 배송비 포함 여부 미확정",estimated,yes,no,"그외 lm홍염 2장 장당 1.0, bt10 제스몬 x항체 1장 1.0 준등기로 구해봅니다."
67d7a374a177aba223111704,digimontcg,디지몬 카드게임,2026-08,2026-08-11T18:50:50+09:00,known,9adac0ac34426c16d892c324,67d7a374a177aba223111704,474438,https://m.dcinside.com/board/digimontcg/474438,"은하덱,메기드덱 팔고 홍염 lm페레 2장,제스몬x항페레 1장 구합니다",seller-2c417fdce28b2ce4441e42a9,카미니트,registered,그외 lm홍염,그외 lm홍염,그외 lm홍염 장당,,,buy,구매,2,1.0,10000,estimated,per_card,text,unknown,,active,needs_review,needs_review,"가격 단위 추정, 수량 표기 감지, 배송비 포함 여부 미확정",estimated,yes,no,"그외 lm홍염 2장 장당 1.0, bt10 제스몬 x항체 1장 1.0 준등기로 구해봅니다."
bb4c85482358b7d40b679d82,digimontcg,디지몬 카드게임,2026-08,2026-08-11T18:50:50+09:00,known,485ea7539e6b521bdd211611,bb4c85482358b7d40b679d82,474438,https://m.dcinside.com/board/digimontcg/474438,"은하덱,메기드덱 팔고 홍염 lm페레 2장,제스몬x항페레 1장 구합니다",seller-2c417fdce28b2ce4441e42a9,카미니트,registered,그외 lm홍염,그외 lm홍염,그외 lm홍염 장당,,,buy,구매,2,1.0,10000,estimated,per_card,text,unknown,,active,needs_review,needs_review,"가격 단위 추정, 수량 표기 감지, 배송비 포함 여부 미확정",estimated,yes,no,"그외 lm홍염 2장 장당 1.0, bt10 제스몬 x항체 1장 1.0 준등기로 구해봅니다."
c1d12570d45b9623a8e08e45,digimontcg,디지몬 카드게임,2026-08,2026-08-11T18:50:50+09:00,known,b267ca1fe14126a75b402036,c1d12570d45b9623a8e08e45,474438,https://m.dcinside.com/board/digimontcg/474438,"은하덱,메기드덱 팔고 홍염 lm페레 2장,제스몬x항페레 1장 구합니다",seller-2c417fdce28b2ce4441e42a9,카미니트,registered,그외 lm홍염,그외 lm홍염,그외 lm홍염 장당,,,buy,구매,2,1.0,10000,estimated,per_card,text,unknown,,active,needs_review,needs_review,"가격 단위 추정, 수량 표기 감지, 배송비 포함 여부 미확정",estimated,yes,no,"그외 lm홍염 2장 장당 1.0, bt10 제스몬 x항체 1장 1.0 준등기로 구해봅니다."
01782008649a29b9978c284f,digimontcg,디지몬 카드게임,2026-08,2026-08-11T19:04:05+09:00,known,bfa77b9e931efe989d458043,01782008649a29b9978c284f,474442,https://m.dcinside.com/board/digimontcg/474442,메디벌 페레 6에삽니다,seller-8a19ad7c3d0d6528d78f3ea0,디지갤거래용,guest,메디벌 페레,메디벌 페레,메디벌 페레,,,buy,구매,1,6,60000,estimated,per_card,text,unknown,,active,needs_review,needs_review,"가격 단위 추정, 배송비 포함 여부 미확정",estimated,yes,no,메디벌 페레 6에삽니다
151f088c355bdaadf062bc2c,digimontcg,디지몬 카드게임,2026-08,2026-08-11T19:04:05+09:00,known,1d8abe50fc38ffc409ef9dfa,151f088c355bdaadf062bc2c,474442,https://m.dcinside.com/board/digimontcg/474442,메디벌 페레 6에삽니다,seller-1fb20497a0379fcf9b81d537,디지갤거래용,guest,메디벌 페레,메디벌 페레,메디벌 페레,,,buy,구매,1,6,60000,estimated,per_card,text,unknown,,active,needs_review,needs_review,"가격 단위 추정, 배송비 포함 여부 미확정",estimated,yes,no,메디벌 페레 6에삽니다
19bbc3455cca6ff227d515f4,digimontcg,디지몬 카드게임,2026-08,2026-08-11T19:04:05+09:00,known,be1a1f3e9fe0977482f9724a,19bbc3455cca6ff227d515f4,474442,https://m.dcinside.com/board/digimontcg/474442,메디벌 페레 6에삽니다,seller-08bcca0308ab05978704fd43,디지갤거래용,guest,메디벌 페레,메디벌 페레,메디벌 페레,,,buy,구매,1,6,60000,estimated,per_card,text,unknown,,active,needs_review,needs_review,"가격 단위 추정, 배송비 포함 여부 미확정",estimated,yes,no,메디벌 페레 6에삽니다
45e92a277f04fa8ce3ea3d0c,digimontcg,디지몬 카드게임,2026-08,2026-08-11T19:04:05+09:00,known,91b77ad71671e87b3f34a5a8,45e92a277f04fa8ce3ea3d0c,474442,https://m.dcinside.com/board/digimontcg/474442,메디벌 페레 6에삽니다,seller-fe56725e7f162f66cc40df31,디지갤거래용,guest,메디벌 페레,메디벌 페레,메디벌 페레,,,buy,구매,1,6,60000,estimated,per_card,text,unknown,,active,needs_review,needs_review,"가격 단위 추정, 배송비 포함 여부 미확정",estimated,yes,no,메디벌 페레 6에삽니다
b2960860fc1986fd4775d568,digimontcg,디지몬 카드게임,2026-08,2026-08-11T19:04:05+09:00,known,d5f13fe2f73051deaea2ff79,b2960860fc1986fd4775d568,474442,https://m.dcinside.com/board/digimontcg/474442,메디벌 페레 6에삽니다,seller-cffde452459477fa32fe07e6,디지갤거래용,guest,메디벌 페레,메디벌 페레,메디벌 페레,,,buy,구매,1,6,60000,estimated,per_card,text,unknown,,active,needs_review,needs_review,"가격 단위 추정, 배송비 포함 여부 미확정",estimated,yes,no,메디벌 페레 6에삽니다
ef59373424768249023aaa01,digimontcg,디지몬 카드게임,2026-08,2026-08-11T19:04:05+09:00,known,50b41dfc0e90d2d8fa08fbca,ef59373424768249023aaa01,474442,https://m.dcinside.com/board/digimontcg/474442,메디벌 페레 6에삽니다,seller-6fb999a0931f6ad452c56b5c,디지갤거래용,guest,메디벌 페레,메디벌 페레,메디벌 페레,,,buy,구매,1,6,60000,estimated,per_card,text,unknown,,active,needs_review,needs_review,"가격 단위 추정, 배송비 포함 여부 미확정",estimated,yes,no,메디벌 페레 6에삽니다
19b059b19ca68e2c9e21d68b,digimontcg,디지몬 카드게임,2026-08,2026-08-11T20:34:50+09:00,known,5a7643f791853a4e78168a58,19b059b19ca68e2c9e21d68b,474475,https://m.dcinside.com/board/digimontcg/474475,bt11 리나 페레 산다이몬,seller-8938376089b5e59c2d389c0e,ㅇㅇ,guest,반택 포함,반택 포함,반택/준등기 포함,,,buy,구매,1,10.0,100000,estimated,bundle,text,unknown,,active,needs_review,needs_review,"가격 단위 추정, 수량 표기 감지, 복수 카드 가격, 배송비 포함 여부 미확정, 묶음·세트 총액 · 개별 카드 가격 아님",estimated,no,no,1장 반택/준등기 포함 10.0에 삽니다
3324b372dfec6e9d9e4c8907,digimontcg,디지몬 카드게임,2026-08,2026-08-11T20:34:50+09:00,known,df8d7d3eaacde1c01ead9f76,3324b372dfec6e9d9e4c8907,474475,https://m.dcinside.com/board/digimontcg/474475,bt11 리나 페레 산다이몬,seller-74e18b86f9c446c5e42e43ed,ㅇㅇ,guest,반택 포함,반택 포함,반택/준등기 포함,,,buy,구매,1,10.0,100000,estimated,bundle,text,unknown,,active,needs_review,needs_review,"가격 단위 추정, 수량 표기 감지, 복수 카드 가격, 배송비 포함 여부 미확정, 묶음·세트 총액 · 개별 카드 가격 아님",estimated,no,no,1장 반택/준등기 포함 10.0에 삽니다
88fac580338506b04675a289,digimontcg,디지몬 카드게임,2026-08,2026-08-11T20:34:50+09:00,known,9129158e17f7404fa5b9a12c,88fac580338506b04675a289,474475,https://m.dcinside.com/board/digimontcg/474475,bt11 리나 페레 산다이몬,seller-830339b41ca81036e7b21d32,ㅇㅇ,guest,반택 포함,반택 포함,반택/준등기 포함,,,buy,구매,1,10.0,100000,estimated,bundle,text,unknown,,active,needs_review,needs_review,"가격 단위 추정, 수량 표기 감지, 복수 카드 가격, 배송비 포함 여부 미확정, 묶음·세트 총액 · 개별 카드 가격 아님",estimated,no,no,1장 반택/준등기 포함 10.0에 삽니다
9ab3e946666f95a6345d656f,digimontcg,디지몬 카드게임,2026-08,2026-08-11T20:34:50+09:00,known,599ad053b014820dd7f886e4,9ab3e946666f95a6345d656f,474475,https://m.dcinside.com/board/digimontcg/474475,bt11 리나 페레 산다이몬,seller-c321e67ac7a127c1c8f51431,ㅇㅇ,guest,반택 포함,반택 포함,반택/준등기 포함,,,buy,구매,1,10.0,100000,estimated,bundle,text,unknown,,active,needs_review,needs_review,"가격 단위 추정, 수량 표기 감지, 복수 카드 가격, 배송비 포함 여부 미확정, 묶음·세트 총액 · 개별 카드 가격 아님",estimated,no,no,1장 반택/준등기 포함 10.0에 삽니다
b0c43098576c1b12f39e2b76,digimontcg,디지몬 카드게임,2026-08,2026-08-11T20:34:50+09:00,known,a216f991565b63460891bb7b,b0c43098576c1b12f39e2b76,474475,https://m.dcinside.com/board/digimontcg/474475,bt11 리나 페레 산다이몬,seller-fb49ef91e983df7ec591789c,ㅇㅇ,guest,반택 포함,반택 포함,반택/준등기 포함,,,buy,구매,1,10.0,100000,estimated,bundle,text,unknown,,active,needs_review,needs_review,"가격 단위 추정, 수량 표기 감지, 복수 카드 가격, 배송비 포함 여부 미확정, 묶음·세트 총액 · 개별 카드 가격 아님",estimated,no,no,1장 반택/준등기 포함 10.0에 삽니다
eeac0266de447cd435bb3b2c,digimontcg,디지몬 카드게임,2026-08,2026-08-11T20:34:50+09:00,known,7180c963f60f8624da19e209,eeac0266de447cd435bb3b2c,474475,https://m.dcinside.com/board/digimontcg/474475,bt11 리나 페레 산다이몬,seller-ae8f223ea99b087509335896,ㅇㅇ,guest,반택 포함,반택 포함,반택/준등기 포함,,,buy,구매,1,10.0,100000,estimated,bundle,text,unknown,,active,needs_review,needs_review,"가격 단위 추정, 수량 표기 감지, 복수 카드 가격, 배송비 포함 여부 미확정, 묶음·세트 총액 · 개별 카드 가격 아님",estimated,no,no,1장 반택/준등기 포함 10.0에 삽니다
04072667815f32558f357a44,digimontcg,디지몬 카드게임,2026-08,2026-08-11T21:02:28+09:00,known,e0412f7705a89dbe3b61382b,04072667815f32558f357a44,474484,https://m.dcinside.com/board/digimontcg/474484,크하 소스 삽니다,seller-87111e38b6ff1a4932e7055a,박수갈채,guest,오메가샤우트몬,오메가샤우트몬,19 오메가샤우트몬,,,buy,구매,1,1,10000,estimated,per_card,text,unknown,,active,needs_review,needs_review,"가격 단위 추정, 배송비 포함 여부 미확정",estimated,yes,no,19 오메가샤우트몬 1
0a6fb15a0ecbcfe4fdd37c90,digimontcg,디지몬 카드게임,2026-08,2026-08-11T21:02:28+09:00,known,a8c89eba8f1245beb12f8a96,0a6fb15a0ecbcfe4fdd37c90,474484,https://m.dcinside.com/board/digimontcg/474484,크하 소스 삽니다,seller-e3a708819729e1dde94c0476,박수갈채,guest,샤우트몬,샤우트몬,21 샤우트몬,,,buy,구매,1,4,40000,estimated,per_card,text,unknown,,active,needs_review,needs_review,"가격 단위 추정, 배송비 포함 여부 미확정",estimated,yes,no,21 샤우트몬 4
0f6a8420453faa5851e24074,digimontcg,디지몬 카드게임,2026-08,2026-08-11T21:02:28+09:00,known,7d01fbc238a09f06d039f73c,0f6a8420453faa5851e24074,474484,https://m.dcinside.com/board/digimontcg/474484,크하 소스 삽니다,seller-55197e396dd0d791350ae0ab,박수갈채,guest,강태성,강태성,21 강태성,,,buy,구매,1,4,40000,estimated,per_card,text,unknown,,active,needs_review,needs_review,"가격 단위 추정, 배송비 포함 여부 미확정",estimated,yes,no,21 강태성 4
1259acd86779dce57a96923a,digimontcg,디지몬 카드게임,2026-08,2026-08-11T21:02:28+09:00,known,e99e28421046ad7b0376ece0,1259acd86779dce57a96923a,474484,https://m.dcinside.com/board/digimontcg/474484,크하 소스 삽니다,seller-826ce145156683d4ebc054ca,박수갈채,guest,아트라바리스타몬,아트라바리스타몬,19 아트라바리스타몬,,,buy,구매,1,4,40000,estimated,per_card,text,unknown,,active,needs_review,needs_review,"가격 단위 추정, 배송비 포함 여부 미확정",estimated,yes,no,19 아트라바리스타몬 4
15e38d07d42fff82c876d50a,digimontcg,디지몬 카드게임,2026-08,2026-08-11T21:02:28+09:00,known,e0412f7705a89dbe3b61382b,15e38d07d42fff82c876d50a,474484,https://m.dcinside.com/board/digimontcg/474484,크하 소스 삽니다,seller-87111e38b6ff1a4932e7055a,박수갈채,guest,예거도루루몬,예거도루루몬,19 예거도루루몬,,,buy,구매,1,4,40000,estimated,per_card,text,unknown,,active,needs_review,needs_review,"가격 단위 추정, 배송비 포함 여부 미확정",estimated,yes,no,19 예거도루루몬 4
18a1d5e9a29ccf038b277c36,digimontcg,디지몬 카드게임,2026-08,2026-08-11T21:02:28+09:00,known,7d01fbc238a09f06d039f73c,18a1d5e9a29ccf038b277c36,474484,https://m.dcinside.com/board/digimontcg/474484,크하 소스 삽니다,seller-55197e396dd0d791350ae0ab,박수갈채,guest,오메가샤우트몬,오메가샤우트몬,21 오메가샤우트몬,,,buy,구매,1,4,40000,estimated,per_card,text,unknown,,active,needs_review,needs_review,"가격 단위 추정, 배송비 포함 여부 미확정",estimated,yes,no,21 오메가샤우트몬 4
26af93c4e8b2a750edba592f,digimontcg,디지몬 카드게임,2026-08,2026-08-11T21:02:28+09:00,known,681d5a52bcf9c7c3d5cce61d,26af93c4e8b2a750edba592f,474484,https://m.dcinside.com/board/digimontcg/474484,크하 소스 삽니다,seller-8a4ae2a756cb3ccffcfe7a1e,박수갈채,guest,랩터스페로우몬,랩터스페로우몬,19 랩터스페로우몬,,,buy,구매,1,4,40000,estimated,per_card,text,unknown,,active,needs_review,needs_review,"가격 단위 추정, 배송비 포함 여부 미확정",estimated,yes,no,19 랩터스페로우몬 4
2aaa612c8e4134a75ede1077,digimontcg,디지몬 카드게임,2026-08,2026-08-11T21:02:28+09:00,known,e99e28421046ad7b0376ece0,2aaa612c8e4134a75ede1077,474484,https://m.dcinside.com/board/digimontcg/474484,크하 소스 삽니다,seller-826ce145156683d4ebc054ca,박수갈채,guest,슈팅스타,슈팅스타,19 슈팅스타,,,buy,구매,1,4,40000,estimated,per_card,text,unknown,,active,needs_review,needs_review,"가격 단위 추정, 배송비 포함 여부 미확정",estimated,yes,no,19 슈팅스타 4
2b248dc5ac5fadf20d489584,digimontcg,디지몬 카드게임,2026-08,2026-08-11T21:02:28+09:00,known,e99e28421046ad7b0376ece0,2b248dc5ac5fadf20d489584,474484,https://m.dcinside.com/board/digimontcg/474484,크하 소스 삽니다,seller-826ce145156683d4ebc054ca,박수갈채,guest,,준등포,준등포,,,buy,구매,1,2.2,22000,estimated,per_card,text,unknown,,active,excluded,needs_review,"가격 단위 추정, 배송비 포함 여부 미확정, 스크립트·광고 문구로 추정되는 오염 행",estimated,yes,no,준등포 2.2에 삽니다.
2ccc952ebe2241eef2917498,digimontcg,디지몬 카드게임,2026-08,2026-08-11T21:02:28+09:00,known,681d5a52bcf9c7c3d5cce61d,2ccc952ebe2241eef2917498,474484,https://m.dcinside.com/board/digimontcg/474484,크하 소스 삽니다,seller-8a4ae2a756cb3ccffcfe7a1e,박수갈채,guest,강태성,강태성,21 강태성,,,buy,구매,1,4,40000,estimated,per_card,text,unknown,,active,needs_review,needs_review,"가격 단위 추정, 배송비 포함 여부 미확정",estimated,yes,no,21 강태성 4
2f6ebb1fce5541523a810388,digimontcg,디지몬 카드게임,2026-08,2026-08-11T21:02:28+09:00,known,e0412f7705a89dbe3b61382b,2f6ebb1fce5541523a810388,474484,https://m.dcinside.com/board/digimontcg/474484,크하 소스 삽니다,seller-87111e38b6ff1a4932e7055a,박수갈채,guest,강태성,강태성,21 강태성,,,buy,구매,1,4,40000,estimated,per_card,text,unknown,,active,needs_review,needs_review,"가격 단위 추정, 배송비 포함 여부 미확정",estimated,yes,no,21 강태성 4
3195a19e16aad206c9abf3a3,digimontcg,디지몬 카드게임,2026-08,2026-08-11T21:02:28+09:00,known,75db5cabd167265970f08bb7,3195a19e16aad206c9abf3a3,474484,https://m.dcinside.com/board/digimontcg/474484,크하 소스 삽니다,seller-39c77c4b49386b31054bd725,박수갈채,guest,예거도루루몬,예거도루루몬,19 예거도루루몬,,,buy,구매,1,4,40000,estimated,per_card,text,unknown,,active,needs_review,needs_review,"가격 단위 추정, 배송비 포함 여부 미확정",estimated,yes,no,19 예거도루루몬 4
3679c26fd9219cbb222e42a2,digimontcg,디지몬 카드게임,2026-08,2026-08-11T21:02:28+09:00,known,a8c89eba8f1245beb12f8a96,3679c26fd9219cbb222e42a2,474484,https://m.dcinside.com/board/digimontcg/474484,크하 소스 삽니다,seller-e3a708819729e1dde94c0476,박수갈채,guest,샤우트 e,샤우트 e,19 샤우트 e,,,buy,구매,6,4,40000,estimated,per_quantity,text,unknown,,active,needs_review,needs_review,"가격 단위 추정, 수량 표기 감지, 배송비 포함 여부 미확정, 복수 수량 총액 · 카드 1장 가격 아님",estimated,no,no,19 샤우트 ex6 4
3791ecbbc57e764170215929,digimontcg,디지몬 카드게임,2026-08,2026-08-11T21:02:28+09:00,known,7d01fbc238a09f06d039f73c,3791ecbbc57e764170215929,474484,https://m.dcinside.com/board/digimontcg/474484,크하 소스 삽니다,seller-55197e396dd0d791350ae0ab,박수갈채,guest,아트라바리스타몬,아트라바리스타몬,19 아트라바리스타몬,,,buy,구매,1,4,40000,estimated,per_card,text,unknown,,active,needs_review,needs_review,"가격 단위 추정, 배송비 포함 여부 미확정",estimated,yes,no,19 아트라바리스타몬 4
3ab9f6b267fc63b32abdce3a,digimontcg,디지몬 카드게임,2026-08,2026-08-11T21:02:28+09:00,known,75db5cabd167265970f08bb7,3ab9f6b267fc63b32abdce3a,474484,https://m.dcinside.com/board/digimontcg/474484,크하 소스 삽니다,seller-39c77c4b49386b31054bd725,박수갈채,guest,,준등포,준등포,,,buy,구매,1,2.2,22000,estimated,per_card,text,unknown,,active,excluded,needs_review,"가격 단위 추정, 배송비 포함 여부 미확정, 스크립트·광고 문구로 추정되는 오염 행",estimated,yes,no,준등포 2.2에 삽니다.
3bb313a6898d66b5ff1a2a7d,digimontcg,디지몬 카드게임,2026-08,2026-08-11T21:02:28+09:00,known,681d5a52bcf9c7c3d5cce61d,3bb313a6898d66b5ff1a2a7d,474484,https://m.dcinside.com/board/digimontcg/474484,크하 소스 삽니다,seller-8a4ae2a756cb3ccffcfe7a1e,박수갈채,guest,샤우트몬,샤우트몬,21 샤우트몬,,,buy,구매,1,4,40000,estimated,per_card,text,unknown,,active,needs_review,needs_review,"가격 단위 추정, 배송비 포함 여부 미확정",estimated,yes,no,21 샤우트몬 4
3d3038fcd06e4206ed72f6e0,digimontcg,디지몬 카드게임,2026-08,2026-08-11T21:02:28+09:00,known,75db5cabd167265970f08bb7,3d3038fcd06e4206ed72f6e0,474484,https://m.dcinside.com/board/digimontcg/474484,크하 소스 삽니다,seller-39c77c4b49386b31054bd725,박수갈채,guest,유성 록 정신,유성 록 정신,19 유성 록 정신,,,buy,구매,1,3,30000,estimated,per_card,text,unknown,,active,needs_review,needs_review,"가격 단위 추정, 배송비 포함 여부 미확정",estimated,yes,no,19 유성 록 정신 3
3d52131ccc3b1db7fc81d7f2,digimontcg,디지몬 카드게임,2026-08,2026-08-11T21:02:28+09:00,known,7d01fbc238a09f06d039f73c,3d52131ccc3b1db7fc81d7f2,474484,https://m.dcinside.com/board/digimontcg/474484,크하 소스 삽니다,seller-55197e396dd0d791350ae0ab,박수갈채,guest,샤우트몬,샤우트몬,21 샤우트몬,,,buy,구매,1,4,40000,estimated,per_card,text,unknown,,active,needs_review,needs_review,"가격 단위 추정, 배송비 포함 여부 미확정",estimated,yes,no,21 샤우트몬 4
40c3a00894119ef475311787,digimontcg,디지몬 카드게임,2026-08,2026-08-11T21:02:28+09:00,known,a8c89eba8f1245beb12f8a96,40c3a00894119ef475311787,474484,https://m.dcinside.com/board/digimontcg/474484,크하 소스 삽니다,seller-e3a708819729e1dde94c0476,박수갈채,guest,오메가샤우트몬,오메가샤우트몬,21 오메가샤우트몬,,,buy,구매,1,4,40000,estimated,per_card,text,unknown,,active,needs_review,needs_review,"가격 단위 추정, 배송비 포함 여부 미확정",estimated,yes,no,21 오메가샤우트몬 4
466e49575557dd73fe157c40,digimontcg,디지몬 카드게임,2026-08,2026-08-11T21:02:28+09:00,known,e99e28421046ad7b0376ece0,466e49575557dd73fe157c40,474484,https://m.dcinside.com/board/digimontcg/474484,크하 소스 삽니다,seller-826ce145156683d4ebc054ca,박수갈채,guest,오메가샤우트몬,오메가샤우트몬,21 오메가샤우트몬,,,buy,구매,1,4,40000,estimated,per_card,text,unknown,,active,needs_review,needs_review,"가격 단위 추정, 배송비 포함 여부 미확정",estimated,yes,no,21 오메가샤우트몬 4
4d10fa5a7a6c1547e8d56ecf,digimontcg,디지몬 카드게임,2026-08,2026-08-11T21:02:28+09:00,known,e99e28421046ad7b0376ece0,4d10fa5a7a6c1547e8d56ecf,474484,https://m.dcinside.com/board/digimontcg/474484,크하 소스 삽니다,seller-826ce145156683d4ebc054ca,박수갈채,guest,샤우트몬,샤우트몬,21 샤우트몬,,,buy,구매,1,4,40000,estimated,per_card,text,unknown,,active,needs_review,needs_review,"가격 단위 추정, 배송비 포함 여부 미확정",estimated,yes,no,21 샤우트몬 4
4f1a80b6aac7dff8ffab5a19,digimontcg,디지몬 카드게임,2026-08,2026-08-11T21:02:28+09:00,known,7d01fbc238a09f06d039f73c,4f1a80b6aac7dff8ffab5a19,474484,https://m.dcinside.com/board/digimontcg/474484,크하 소스 삽니다,seller-55197e396dd0d791350ae0ab,박수갈채,guest,샤우트몬,샤우트몬,19 샤우트몬,,,buy,구매,1,4,40000,estimated,per_card,text,unknown,,active,needs_review,needs_review,"가격 단위 추정, 배송비 포함 여부 미확정",estimated,yes,no,19 샤우트몬 4
52b787f2ff5ad0d3274a8e1b,digimontcg,디지몬 카드게임,2026-08,2026-08-11T21:02:28+09:00,known,75db5cabd167265970f08bb7,52b787f2ff5ad0d3274a8e1b,474484,https://m.dcinside.com/board/digimontcg/474484,크하 소스 삽니다,seller-39c77c4b49386b31054bd725,박수갈채,guest,샤우트몬,샤우트몬,21 샤우트몬,,,buy,구매,1,4,40000,estimated,per_card,text,unknown,,active,needs_review,needs_review,"가격 단위 추정, 배송비 포함 여부 미확정",estimated,yes,no,21 샤우트몬 4
53ddd44bdfcf246d649aa54e,digimontcg,디지몬 카드게임,2026-08,2026-08-11T21:02:28+09:00,known,a8c89eba8f1245beb12f8a96,53ddd44bdfcf246d649aa54e,474484,https://m.dcinside.com/board/digimontcg/474484,크하 소스 삽니다,seller-e3a708819729e1dde94c0476,박수갈채,guest,아트라바리스타몬,아트라바리스타몬,19 아트라바리스타몬,,,buy,구매,1,4,40000,estimated,per_card,text,unknown,,active,needs_review,needs_review,"가격 단위 추정, 배송비 포함 여부 미확정",estimated,yes,no,19 아트라바리스타몬 4
55124bcc66aebf88511c1ada,digimontcg,디지몬 카드게임,2026-08,2026-08-11T21:02:28+09:00,known,75db5cabd167265970f08bb7,55124bcc66aebf88511c1ada,474484,https://m.dcinside.com/board/digimontcg/474484,크하 소스 삽니다,seller-39c77c4b49386b31054bd725,박수갈채,guest,강태성,강태성,21 강태성,,,buy,구매,1,4,40000,estimated,per_card,text,unknown,,active,needs_review,needs_review,"가격 단위 추정, 배송비 포함 여부 미확정",estimated,yes,no,21 강태성 4
5543bceb7e6351f625aa3f02,digimontcg,디지몬 카드게임,2026-08,2026-08-11T21:02:28+09:00,known,7d01fbc238a09f06d039f73c,5543bceb7e6351f625aa3f02,474484,https://m.dcinside.com/board/digimontcg/474484,크하 소스 삽니다,seller-55197e396dd0d791350ae0ab,박수갈채,guest,랩터스페로우몬,랩터스페로우몬,19 랩터스페로우몬,,,buy,구매,1,4,40000,estimated,per_card,text,unknown,,active,needs_review,needs_review,"가격 단위 추정, 배송비 포함 여부 미확정",estimated,yes,no,19 랩터스페로우몬 4
585fee8b44ba83a117e2510e,digimontcg,디지몬 카드게임,2026-08,2026-08-11T21:02:28+09:00,known,681d5a52bcf9c7c3d5cce61d,585fee8b44ba83a117e2510e,474484,https://m.dcinside.com/board/digimontcg/474484,크하 소스 삽니다,seller-8a4ae2a756cb3ccffcfe7a1e,박수갈채,guest,유성 록 정신,유성 록 정신,19 유성 록 정신,,,buy,구매,1,3,30000,estimated,per_card,text,unknown,,active,needs_review,needs_review,"가격 단위 추정, 배송비 포함 여부 미확정",estimated,yes,no,19 유성 록 정신 3
58c3fa20d51576bc4ec7ba95,digimontcg,디지몬 카드게임,2026-08,2026-08-11T21:02:28+09:00,known,e0412f7705a89dbe3b61382b,58c3fa20d51576bc4ec7ba95,474484,https://m.dcinside.com/board/digimontcg/474484,크하 소스 삽니다,seller-87111e38b6ff1a4932e7055a,박수갈채,guest,유성 록 정신,유성 록 정신,19 유성 록 정신,,,buy,구매,1,3,30000,estimated,per_card,text,unknown,,active,needs_review,needs_review,"가격 단위 추정, 배송비 포함 여부 미확정",estimated,yes,no,19 유성 록 정신 3
5f018de41b68883d1cec0078,digimontcg,디지몬 카드게임,2026-08,2026-08-11T21:02:28+09:00,known,e0412f7705a89dbe3b61382b,5f018de41b68883d1cec0078,474484,https://m.dcinside.com/board/digimontcg/474484,크하 소스 삽니다,seller-87111e38b6ff1a4932e7055a,박수갈채,guest,슈팅스타,슈팅스타,19 슈팅스타,,,buy,구매,1,4,40000,estimated,per_card,text,unknown,,active,needs_review,needs_review,"가격 단위 추정, 배송비 포함 여부 미확정",estimated,yes,no,19 슈팅스타 4
5f38cee505388624fdd00fcf,digimontcg,디지몬 카드게임,2026-08,2026-08-11T21:02:28+09:00,known,75db5cabd167265970f08bb7,5f38cee505388624fdd00fcf,474484,https://m.dcinside.com/board/digimontcg/474484,크하 소스 삽니다,seller-39c77c4b49386b31054bd725,박수갈채,guest,랩터스페로우몬,랩터스페로우몬,19 랩터스페로우몬,,,buy,구매,1,4,40000,estimated,per_card,text,unknown,,active,needs_review,needs_review,"가격 단위 추정, 배송비 포함 여부 미확정",estimated,yes,no,19 랩터스페로우몬 4
5f823a9ace7fc25145a6d2fb,digimontcg,디지몬 카드게임,2026-08,2026-08-11T21:02:28+09:00,known,681d5a52bcf9c7c3d5cce61d,5f823a9ace7fc25145a6d2fb,474484,https://m.dcinside.com/board/digimontcg/474484,크하 소스 삽니다,seller-8a4ae2a756cb3ccffcfe7a1e,박수갈채,guest,샤우트몬,샤우트몬,19 샤우트몬,,,buy,구매,1,4,40000,estimated,per_card,text,unknown,,active,needs_review,needs_review,"가격 단위 추정, 배송비 포함 여부 미확정",estimated,yes,no,19 샤우트몬 4
606563a9cd18b4307837782b,digimontcg,디지몬 카드게임,2026-08,2026-08-11T21:02:28+09:00,known,75db5cabd167265970f08bb7,606563a9cd18b4307837782b,474484,https://m.dcinside.com/board/digimontcg/474484,크하 소스 삽니다,seller-39c77c4b49386b31054bd725,박수갈채,guest,아트라바리스타몬,아트라바리스타몬,19 아트라바리스타몬,,,buy,구매,1,4,40000,estimated,per_card,text,unknown,,active,needs_review,needs_review,"가격 단위 추정, 배송비 포함 여부 미확정",estimated,yes,no,19 아트라바리스타몬 4
609225f73dd353d82e37a197,digimontcg,디지몬 카드게임,2026-08,2026-08-11T21:02:28+09:00,known,7d01fbc238a09f06d039f73c,609225f73dd353d82e37a197,474484,https://m.dcinside.com/board/digimontcg/474484,크하 소스 삽니다,seller-55197e396dd0d791350ae0ab,박수갈채,guest,오메가샤우트몬,오메가샤우트몬,19 오메가샤우트몬,,,buy,구매,1,1,10000,estimated,per_card,text,unknown,,active,needs_review,needs_review,"가격 단위 추정, 배송비 포함 여부 미확정",estimated,yes,no,19 오메가샤우트몬 1
635694a4f4dc1888a0837c23,digimontcg,디지몬 카드게임,2026-08,2026-08-11T21:02:28+09:00,known,7d01fbc238a09f06d039f73c,635694a4f4dc1888a0837c23,474484,https://m.dcinside.com/board/digimontcg/474484,크하 소스 삽니다,seller-55197e396dd0d791350ae0ab,박수갈채,guest,,준등포,준등포,,,buy,구매,1,2.2,22000,estimated,per_card,text,unknown,,active,excluded,needs_review,"가격 단위 추정, 배송비 포함 여부 미확정, 스크립트·광고 문구로 추정되는 오염 행",estimated,yes,no,준등포 2.2에 삽니다.
6847c007f88c927de721e5f8,digimontcg,디지몬 카드게임,2026-08,2026-08-11T21:02:28+09:00,known,e0412f7705a89dbe3b61382b,6847c007f88c927de721e5f8,474484,https://m.dcinside.com/board/digimontcg/474484,크하 소스 삽니다,seller-87111e38b6ff1a4932e7055a,박수갈채,guest,랩터스페로우몬,랩터스페로우몬,19 랩터스페로우몬,,,buy,구매,1,4,40000,estimated,per_card,text,unknown,,active,needs_review,needs_review,"가격 단위 추정, 배송비 포함 여부 미확정",estimated,yes,no,19 랩터스페로우몬 4
6a5eb706c3368e1967ac8463,digimontcg,디지몬 카드게임,2026-08,2026-08-11T21:02:28+09:00,known,a8c89eba8f1245beb12f8a96,6a5eb706c3368e1967ac8463,474484,https://m.dcinside.com/board/digimontcg/474484,크하 소스 삽니다,seller-e3a708819729e1dde94c0476,박수갈채,guest,슈팅스타,슈팅스타,19 슈팅스타,,,buy,구매,1,4,40000,estimated,per_card,text,unknown,,active,needs_review,needs_review,"가격 단위 추정, 배송비 포함 여부 미확정",estimated,yes,no,19 슈팅스타 4
6a7e8be1324546f270ff432d,digimontcg,디지몬 카드게임,2026-08,2026-08-11T21:02:28+09:00,known,7d01fbc238a09f06d039f73c,6a7e8be1324546f270ff432d,474484,https://m.dcinside.com/board/digimontcg/474484,크하 소스 삽니다,seller-55197e396dd0d791350ae0ab,박수갈채,guest,샤우트 e,샤우트 e,19 샤우트 e,,,buy,구매,6,4,40000,estimated,per_quantity,text,unknown,,active,needs_review,needs_review,"가격 단위 추정, 수량 표기 감지, 배송비 포함 여부 미확정, 복수 수량 총액 · 카드 1장 가격 아님",estimated,no,no,19 샤우트 ex6 4
6b754a448738f163b897b0e2,digimontcg,디지몬 카드게임,2026-08,2026-08-11T21:02:28+09:00,known,681d5a52bcf9c7c3d5cce61d,6b754a448738f163b897b0e2,474484,https://m.dcinside.com/board/digimontcg/474484,크하 소스 삽니다,seller-8a4ae2a756cb3ccffcfe7a1e,박수갈채,guest,,준등포,준등포,,,buy,구매,1,2.2,22000,estimated,per_card,text,unknown,,active,excluded,needs_review,"가격 단위 추정, 배송비 포함 여부 미확정, 스크립트·광고 문구로 추정되는 오염 행",estimated,yes,no,준등포 2.2에 삽니다.
6b9e693b729c3e1d739998e8,digimontcg,디지몬 카드게임,2026-08,2026-08-11T21:02:28+09:00,known,681d5a52bcf9c7c3d5cce61d,6b9e693b729c3e1d739998e8,474484,https://m.dcinside.com/board/digimontcg/474484,크하 소스 삽니다,seller-8a4ae2a756cb3ccffcfe7a1e,박수갈채,guest,슈팅스타,슈팅스타,19 슈팅스타,,,buy,구매,1,4,40000,estimated,per_card,text,unknown,,active,needs_review,needs_review,"가격 단위 추정, 배송비 포함 여부 미확정",estimated,yes,no,19 슈팅스타 4
6e5d6f2b71677cdc455588da,digimontcg,디지몬 카드게임,2026-08,2026-08-11T21:02:28+09:00,known,a8c89eba8f1245beb12f8a96,6e5d6f2b71677cdc455588da,474484,https://m.dcinside.com/board/digimontcg/474484,크하 소스 삽니다,seller-e3a708819729e1dde94c0476,박수갈채,guest,유성 록 정신,유성 록 정신,19 유성 록 정신,,,buy,구매,1,3,30000,estimated,per_card,text,unknown,,active,needs_review,needs_review,"가격 단위 추정, 배송비 포함 여부 미확정",estimated,yes,no,19 유성 록 정신 3
752f16ca5083295aad47cbdf,digimontcg,디지몬 카드게임,2026-08,2026-08-11T21:02:28+09:00,known,75db5cabd167265970f08bb7,752f16ca5083295aad47cbdf,474484,https://m.dcinside.com/board/digimontcg/474484,크하 소스 삽니다,seller-39c77c4b49386b31054bd725,박수갈채,guest,샤우트몬 Dx,샤우트몬 Dx,21 샤우트몬 Dx,,,buy,구매,1,2,20000,estimated,per_card,text,unknown,,active,needs_review,needs_review,"가격 단위 추정, 배송비 포함 여부 미확정",estimated,yes,no,21 샤우트몬 Dx 2
7d40a978c5c646122367095a,digimontcg,디지몬 카드게임,2026-08,2026-08-11T21:02:28+09:00,known,75db5cabd167265970f08bb7,7d40a978c5c646122367095a,474484,https://m.dcinside.com/board/digimontcg/474484,크하 소스 삽니다,seller-39c77c4b49386b31054bd725,박수갈채,guest,슈팅스타,슈팅스타,19 슈팅스타,,,buy,구매,1,4,40000,estimated,per_card,text,unknown,,active,needs_review,needs_review,"가격 단위 추정, 배송비 포함 여부 미확정",estimated,yes,no,19 슈팅스타 4
80b3b49dba4f3b97f4440638,digimontcg,디지몬 카드게임,2026-08,2026-08-11T21:02:28+09:00,known,e0412f7705a89dbe3b61382b,80b3b49dba4f3b97f4440638,474484,https://m.dcinside.com/board/digimontcg/474484,크하 소스 삽니다,seller-87111e38b6ff1a4932e7055a,박수갈채,guest,샤우트몬,샤우트몬,19 샤우트몬,,,buy,구매,1,4,40000,estimated,per_card,text,unknown,,active,needs_review,needs_review,"가격 단위 추정, 배송비 포함 여부 미확정",estimated,yes,no,19 샤우트몬 4
85d614e578ce7a99a0d77ccf,digimontcg,디지몬 카드게임,2026-08,2026-08-11T21:02:28+09:00,known,a8c89eba8f1245beb12f8a96,85d614e578ce7a99a0d77ccf,474484,https://m.dcinside.com/board/digimontcg/474484,크하 소스 삽니다,seller-e3a708819729e1dde94c0476,박수갈채,guest,,준등포,준등포,,,buy,구매,1,2.2,22000,estimated,per_card,text,unknown,,active,excluded,needs_review,"가격 단위 추정, 배송비 포함 여부 미확정, 스크립트·광고 문구로 추정되는 오염 행",estimated,yes,no,준등포 2.2에 삽니다.
87e48e8f8e41be7da2750570,digimontcg,디지몬 카드게임,2026-08,2026-08-11T21:02:28+09:00,known,7d01fbc238a09f06d039f73c,87e48e8f8e41be7da2750570,474484,https://m.dcinside.com/board/digimontcg/474484,크하 소스 삽니다,seller-55197e396dd0d791350ae0ab,박수갈채,guest,유성 록 정신,유성 록 정신,19 유성 록 정신,,,buy,구매,1,3,30000,estimated,per_card,text,unknown,,active,needs_review,needs_review,"가격 단위 추정, 배송비 포함 여부 미확정",estimated,yes,no,19 유성 록 정신 3
88ee1bac084eafeb10223e36,digimontcg,디지몬 카드게임,2026-08,2026-08-11T21:02:28+09:00,known,e99e28421046ad7b0376ece0,88ee1bac084eafeb10223e36,474484,https://m.dcinside.com/board/digimontcg/474484,크하 소스 삽니다,seller-826ce145156683d4ebc054ca,박수갈채,guest,랩터스페로우몬,랩터스페로우몬,19 랩터스페로우몬,,,buy,구매,1,4,40000,estimated,per_card,text,unknown,,active,needs_review,needs_review,"가격 단위 추정, 배송비 포함 여부 미확정",estimated,yes,no,19 랩터스페로우몬 4
8977710504d47fbda592519e,digimontcg,디지몬 카드게임,2026-08,2026-08-11T21:02:28+09:00,known,a8c89eba8f1245beb12f8a96,8977710504d47fbda592519e,474484,https://m.dcinside.com/board/digimontcg/474484,크하 소스 삽니다,seller-e3a708819729e1dde94c0476,박수갈채,guest,샤우트몬,샤우트몬,19 샤우트몬,,,buy,구매,1,4,40000,estimated,per_card,text,unknown,,active,needs_review,needs_review,"가격 단위 추정, 배송비 포함 여부 미확정",estimated,yes,no,19 샤우트몬 4
8d44447e132553a32b504008,digimontcg,디지몬 카드게임,2026-08,2026-08-11T21:02:28+09:00,known,e0412f7705a89dbe3b61382b,8d44447e132553a32b504008,474484,https://m.dcinside.com/board/digimontcg/474484,크하 소스 삽니다,seller-87111e38b6ff1a4932e7055a,박수갈채,guest,샤우트 e,샤우트 e,19 샤우트 e,,,buy,구매,6,4,40000,estimated,per_quantity,text,unknown,,active,needs_review,needs_review,"가격 단위 추정, 수량 표기 감지, 배송비 포함 여부 미확정, 복수 수량 총액 · 카드 1장 가격 아님",estimated,no,no,19 샤우트 ex6 4
907be1ff275ccf9d0358c6ad,digimontcg,디지몬 카드게임,2026-08,2026-08-11T21:02:28+09:00,known,a8c89eba8f1245beb12f8a96,907be1ff275ccf9d0358c6ad,474484,https://m.dcinside.com/board/digimontcg/474484,크하 소스 삽니다,seller-e3a708819729e1dde94c0476,박수갈채,guest,예거도루루몬,예거도루루몬,19 예거도루루몬,,,buy,구매,1,4,40000,estimated,per_card,text,unknown,,active,needs_review,needs_review,"가격 단위 추정, 배송비 포함 여부 미확정",estimated,yes,no,19 예거도루루몬 4
93c852dfe409697bcb238027,digimontcg,디지몬 카드게임,2026-08,2026-08-11T21:02:28+09:00,known,7d01fbc238a09f06d039f73c,93c852dfe409697bcb238027,474484,https://m.dcinside.com/board/digimontcg/474484,크하 소스 삽니다,seller-55197e396dd0d791350ae0ab,박수갈채,guest,예거도루루몬,예거도루루몬,19 예거도루루몬,,,buy,구매,1,4,40000,estimated,per_card,text,unknown,,active,needs_review,needs_review,"가격 단위 추정, 배송비 포함 여부 미확정",estimated,yes,no,19 예거도루루몬 4
95a9fc0ee8dee4412b609d97,digimontcg,디지몬 카드게임,2026-08,2026-08-11T21:02:28+09:00,known,e0412f7705a89dbe3b61382b,95a9fc0ee8dee4412b609d97,474484,https://m.dcinside.com/board/digimontcg/474484,크하 소스 삽니다,seller-87111e38b6ff1a4932e7055a,박수갈채,guest,샤우트몬 Dx,샤우트몬 Dx,21 샤우트몬 Dx,,,buy,구매,1,2,20000,estimated,per_card,text,unknown,,active,needs_review,needs_review,"가격 단위 추정, 배송비 포함 여부 미확정",estimated,yes,no,21 샤우트몬 Dx 2
9605f755079d2bc0abd1e657,digimontcg,디지몬 카드게임,2026-08,2026-08-11T21:02:28+09:00,known,e99e28421046ad7b0376ece0,9605f755079d2bc0abd1e657,474484,https://m.dcinside.com/board/digimontcg/474484,크하 소스 삽니다,seller-826ce145156683d4ebc054ca,박수갈채,guest,유성 록 정신,유성 록 정신,19 유성 록 정신,,,buy,구매,1,3,30000,estimated,per_card,text,unknown,,active,needs_review,needs_review,"가격 단위 추정, 배송비 포함 여부 미확정",estimated,yes,no,19 유성 록 정신 3
986162604ba605a030c1c1ae,digimontcg,디지몬 카드게임,2026-08,2026-08-11T21:02:28+09:00,known,681d5a52bcf9c7c3d5cce61d,986162604ba605a030c1c1ae,474484,https://m.dcinside.com/board/digimontcg/474484,크하 소스 삽니다,seller-8a4ae2a756cb3ccffcfe7a1e,박수갈채,guest,예거도루루몬,예거도루루몬,19 예거도루루몬,,,buy,구매,1,4,40000,estimated,per_card,text,unknown,,active,needs_review,needs_review,"가격 단위 추정, 배송비 포함 여부 미확정",estimated,yes,no,19 예거도루루몬 4
9f61f90c1110d5e737120cc7,digimontcg,디지몬 카드게임,2026-08,2026-08-11T21:02:28+09:00,known,681d5a52bcf9c7c3d5cce61d,9f61f90c1110d5e737120cc7,474484,https://m.dcinside.com/board/digimontcg/474484,크하 소스 삽니다,seller-8a4ae2a756cb3ccffcfe7a1e,박수갈채,guest,오메가샤우트몬,오메가샤우트몬,19 오메가샤우트몬,,,buy,구매,1,1,10000,estimated,per_card,text,unknown,,active,needs_review,needs_review,"가격 단위 추정, 배송비 포함 여부 미확정",estimated,yes,no,19 오메가샤우트몬 1
aa106eb8c0a2cc49e7a090fb,digimontcg,디지몬 카드게임,2026-08,2026-08-11T21:02:28+09:00,known,7d01fbc238a09f06d039f73c,aa106eb8c0a2cc49e7a090fb,474484,https://m.dcinside.com/board/digimontcg/474484,크하 소스 삽니다,seller-55197e396dd0d791350ae0ab,박수갈채,guest,슈팅스타,슈팅스타,19 슈팅스타,,,buy,구매,1,4,40000,estimated,per_card,text,unknown,,active,needs_review,needs_review,"가격 단위 추정, 배송비 포함 여부 미확정",estimated,yes,no,19 슈팅스타 4
b30d0fc583141e9cee2b1cd7,digimontcg,디지몬 카드게임,2026-08,2026-08-11T21:02:28+09:00,known,e99e28421046ad7b0376ece0,b30d0fc583141e9cee2b1cd7,474484,https://m.dcinside.com/board/digimontcg/474484,크하 소스 삽니다,seller-826ce145156683d4ebc054ca,박수갈채,guest,강태성,강태성,21 강태성,,,buy,구매,1,4,40000,estimated,per_card,text,unknown,,active,needs_review,needs_review,"가격 단위 추정, 배송비 포함 여부 미확정",estimated,yes,no,21 강태성 4
b386294f42268e33ed8d15df,digimontcg,디지몬 카드게임,2026-08,2026-08-11T21:02:28+09:00,known,e0412f7705a89dbe3b61382b,b386294f42268e33ed8d15df,474484,https://m.dcinside.com/board/digimontcg/474484,크하 소스 삽니다,seller-87111e38b6ff1a4932e7055a,박수갈채,guest,,준등포,준등포,,,buy,구매,1,2.2,22000,estimated,per_card,text,unknown,,active,excluded,needs_review,"가격 단위 추정, 배송비 포함 여부 미확정, 스크립트·광고 문구로 추정되는 오염 행",estimated,yes,no,준등포 2.2에 삽니다.
b91c0733c3f23f172f724589,digimontcg,디지몬 카드게임,2026-08,2026-08-11T21:02:28+09:00,known,75db5cabd167265970f08bb7,b91c0733c3f23f172f724589,474484,https://m.dcinside.com/board/digimontcg/474484,크하 소스 삽니다,seller-39c77c4b49386b31054bd725,박수갈채,guest,오메가샤우트몬,오메가샤우트몬,19 오메가샤우트몬,,,buy,구매,1,1,10000,estimated,per_card,text,unknown,,active,needs_review,needs_review,"가격 단위 추정, 배송비 포함 여부 미확정",estimated,yes,no,19 오메가샤우트몬 1
c009c82968c71019af757205,digimontcg,디지몬 카드게임,2026-08,2026-08-11T21:02:28+09:00,known,75db5cabd167265970f08bb7,c009c82968c71019af757205,474484,https://m.dcinside.com/board/digimontcg/474484,크하 소스 삽니다,seller-39c77c4b49386b31054bd725,박수갈채,guest,샤우트몬,샤우트몬,19 샤우트몬,,,buy,구매,1,4,40000,estimated,per_card,text,unknown,,active,needs_review,needs_review,"가격 단위 추정, 배송비 포함 여부 미확정",estimated,yes,no,19 샤우트몬 4
c2502941f68704f8ec4b9ca7,digimontcg,디지몬 카드게임,2026-08,2026-08-11T21:02:28+09:00,known,a8c89eba8f1245beb12f8a96,c2502941f68704f8ec4b9ca7,474484,https://m.dcinside.com/board/digimontcg/474484,크하 소스 삽니다,seller-e3a708819729e1dde94c0476,박수갈채,guest,랩터스페로우몬,랩터스페로우몬,19 랩터스페로우몬,,,buy,구매,1,4,40000,estimated,per_card,text,unknown,,active,needs_review,needs_review,"가격 단위 추정, 배송비 포함 여부 미확정",estimated,yes,no,19 랩터스페로우몬 4
c2a4703b1f5dffa696e2e176,digimontcg,디지몬 카드게임,2026-08,2026-08-11T21:02:28+09:00,known,681d5a52bcf9c7c3d5cce61d,c2a4703b1f5dffa696e2e176,474484,https://m.dcinside.com/board/digimontcg/474484,크하 소스 삽니다,seller-8a4ae2a756cb3ccffcfe7a1e,박수갈채,guest,오메가샤우트몬,오메가샤우트몬,21 오메가샤우트몬,,,buy,구매,1,4,40000,estimated,per_card,text,unknown,,active,needs_review,needs_review,"가격 단위 추정, 배송비 포함 여부 미확정",estimated,yes,no,21 오메가샤우트몬 4
c5db56f0d3382a92aa86a81a,digimontcg,디지몬 카드게임,2026-08,2026-08-11T21:02:28+09:00,known,e0412f7705a89dbe3b61382b,c5db56f0d3382a92aa86a81a,474484,https://m.dcinside.com/board/digimontcg/474484,크하 소스 삽니다,seller-87111e38b6ff1a4932e7055a,박수갈채,guest,오메가샤우트몬,오메가샤우트몬,21 오메가샤우트몬,,,buy,구매,1,4,40000,estimated,per_card,text,unknown,,active,needs_review,needs_review,"가격 단위 추정, 배송비 포함 여부 미확정",estimated,yes,no,21 오메가샤우트몬 4
c6924a35818ada3dd64feb79,digimontcg,디지몬 카드게임,2026-08,2026-08-11T21:02:28+09:00,known,7d01fbc238a09f06d039f73c,c6924a35818ada3dd64feb79,474484,https://m.dcinside.com/board/digimontcg/474484,크하 소스 삽니다,seller-55197e396dd0d791350ae0ab,박수갈채,guest,샤우트몬 Dx,샤우트몬 Dx,21 샤우트몬 Dx,,,buy,구매,1,2,20000,estimated,per_card,text,unknown,,active,needs_review,needs_review,"가격 단위 추정, 배송비 포함 여부 미확정",estimated,yes,no,21 샤우트몬 Dx 2
cab37dd6b84b14d8c2af220b,digimontcg,디지몬 카드게임,2026-08,2026-08-11T21:02:28+09:00,known,e0412f7705a89dbe3b61382b,cab37dd6b84b14d8c2af220b,474484,https://m.dcinside.com/board/digimontcg/474484,크하 소스 삽니다,seller-87111e38b6ff1a4932e7055a,박수갈채,guest,아트라바리스타몬,아트라바리스타몬,19 아트라바리스타몬,,,buy,구매,1,4,40000,estimated,per_card,text,unknown,,active,needs_review,needs_review,"가격 단위 추정, 배송비 포함 여부 미확정",estimated,yes,no,19 아트라바리스타몬 4
cc438d696a04da8ac880572b,digimontcg,디지몬 카드게임,2026-08,2026-08-11T21:02:28+09:00,known,681d5a52bcf9c7c3d5cce61d,cc438d696a04da8ac880572b,474484,https://m.dcinside.com/board/digimontcg/474484,크하 소스 삽니다,seller-8a4ae2a756cb3ccffcfe7a1e,박수갈채,guest,샤우트몬 Dx,샤우트몬 Dx,21 샤우트몬 Dx,,,buy,구매,1,2,20000,estimated,per_card,text,unknown,,active,needs_review,needs_review,"가격 단위 추정, 배송비 포함 여부 미확정",estimated,yes,no,21 샤우트몬 Dx 2
d2787c31bee4ecc9d3609f07,digimontcg,디지몬 카드게임,2026-08,2026-08-11T21:02:28+09:00,known,e99e28421046ad7b0376ece0,d2787c31bee4ecc9d3609f07,474484,https://m.dcinside.com/board/digimontcg/474484,크하 소스 삽니다,seller-826ce145156683d4ebc054ca,박수갈채,guest,예거도루루몬,예거도루루몬,19 예거도루루몬,,,buy,구매,1,4,40000,estimated,per_card,text,unknown,,active,needs_review,needs_review,"가격 단위 추정, 배송비 포함 여부 미확정",estimated,yes,no,19 예거도루루몬 4
d9811dab8fa4d64ba11ab5c7,digimontcg,디지몬 카드게임,2026-08,2026-08-11T21:02:28+09:00,known,e99e28421046ad7b0376ece0,d9811dab8fa4d64ba11ab5c7,474484,https://m.dcinside.com/board/digimontcg/474484,크하 소스 삽니다,seller-826ce145156683d4ebc054ca,박수갈채,guest,샤우트몬 Dx,샤우트몬 Dx,21 샤우트몬 Dx,,,buy,구매,1,2,20000,estimated,per_card,text,unknown,,active,needs_review,needs_review,"가격 단위 추정, 배송비 포함 여부 미확정",estimated,yes,no,21 샤우트몬 Dx 2
dba38f4c768a55fb582f534c,digimontcg,디지몬 카드게임,2026-08,2026-08-11T21:02:28+09:00,known,75db5cabd167265970f08bb7,dba38f4c768a55fb582f534c,474484,https://m.dcinside.com/board/digimontcg/474484,크하 소스 삽니다,seller-39c77c4b49386b31054bd725,박수갈채,guest,샤우트 e,샤우트 e,19 샤우트 e,,,buy,구매,6,4,40000,estimated,per_quantity,text,unknown,,active,needs_review,needs_review,"가격 단위 추정, 수량 표기 감지, 배송비 포함 여부 미확정, 복수 수량 총액 · 카드 1장 가격 아님",estimated,no,no,19 샤우트 ex6 4
def6de28f267d0037b31ddb1,digimontcg,디지몬 카드게임,2026-08,2026-08-11T21:02:28+09:00,known,a8c89eba8f1245beb12f8a96,def6de28f267d0037b31ddb1,474484,https://m.dcinside.com/board/digimontcg/474484,크하 소스 삽니다,seller-e3a708819729e1dde94c0476,박수갈채,guest,샤우트몬 Dx,샤우트몬 Dx,21 샤우트몬 Dx,,,buy,구매,1,2,20000,estimated,per_card,text,unknown,,active,needs_review,needs_review,"가격 단위 추정, 배송비 포함 여부 미확정",estimated,yes,no,21 샤우트몬 Dx 2
e57d1836dc41fa35a10f2dd3,digimontcg,디지몬 카드게임,2026-08,2026-08-11T21:02:28+09:00,known,e0412f7705a89dbe3b61382b,e57d1836dc41fa35a10f2dd3,474484,https://m.dcinside.com/board/digimontcg/474484,크하 소스 삽니다,seller-87111e38b6ff1a4932e7055a,박수갈채,guest,샤우트몬,샤우트몬,21 샤우트몬,,,buy,구매,1,4,40000,estimated,per_card,text,unknown,,active,needs_review,needs_review,"가격 단위 추정, 배송비 포함 여부 미확정",estimated,yes,no,21 샤우트몬 4
e5b2ba5d654fae4e3f1e8a35,digimontcg,디지몬 카드게임,2026-08,2026-08-11T21:02:28+09:00,known,e99e28421046ad7b0376ece0,e5b2ba5d654fae4e3f1e8a35,474484,https://m.dcinside.com/board/digimontcg/474484,크하 소스 삽니다,seller-826ce145156683d4ebc054ca,박수갈채,guest,샤우트 e,샤우트 e,19 샤우트 e,,,buy,구매,6,4,40000,estimated,per_quantity,text,unknown,,active,needs_review,needs_review,"가격 단위 추정, 수량 표기 감지, 배송비 포함 여부 미확정, 복수 수량 총액 · 카드 1장 가격 아님",estimated,no,no,19 샤우트 ex6 4
e96dccf73bd6ad2d8c05dde8,digimontcg,디지몬 카드게임,2026-08,2026-08-11T21:02:28+09:00,known,e99e28421046ad7b0376ece0,e96dccf73bd6ad2d8c05dde8,474484,https://m.dcinside.com/board/digimontcg/474484,크하 소스 삽니다,seller-826ce145156683d4ebc054ca,박수갈채,guest,샤우트몬,샤우트몬,19 샤우트몬,,,buy,구매,1,4,40000,estimated,per_card,text,unknown,,active,needs_review,needs_review,"가격 단위 추정, 배송비 포함 여부 미확정",estimated,yes,no,19 샤우트몬 4
eac388e09501faea8a57dc2b,digimontcg,디지몬 카드게임,2026-08,2026-08-11T21:02:28+09:00,known,681d5a52bcf9c7c3d5cce61d,eac388e09501faea8a57dc2b,474484,https://m.dcinside.com/board/digimontcg/474484,크하 소스 삽니다,seller-8a4ae2a756cb3ccffcfe7a1e,박수갈채,guest,아트라바리스타몬,아트라바리스타몬,19 아트라바리스타몬,,,buy,구매,1,4,40000,estimated,per_card,text,unknown,,active,needs_review,needs_review,"가격 단위 추정, 배송비 포함 여부 미확정",estimated,yes,no,19 아트라바리스타몬 4
ee29aa004671169c3bfbd067,digimontcg,디지몬 카드게임,2026-08,2026-08-11T21:02:28+09:00,known,e99e28421046ad7b0376ece0,ee29aa004671169c3bfbd067,474484,https://m.dcinside.com/board/digimontcg/474484,크하 소스 삽니다,seller-826ce145156683d4ebc054ca,박수갈채,guest,오메가샤우트몬,오메가샤우트몬,19 오메가샤우트몬,,,buy,구매,1,1,10000,estimated,per_card,text,unknown,,active,needs_review,needs_review,"가격 단위 추정, 배송비 포함 여부 미확정",estimated,yes,no,19 오메가샤우트몬 1
f3238f6e4c617ec28c8c860b,digimontcg,디지몬 카드게임,2026-08,2026-08-11T21:02:28+09:00,known,681d5a52bcf9c7c3d5cce61d,f3238f6e4c617ec28c8c860b,474484,https://m.dcinside.com/board/digimontcg/474484,크하 소스 삽니다,seller-8a4ae2a756cb3ccffcfe7a1e,박수갈채,guest,샤우트 e,샤우트 e,19 샤우트 e,,,buy,구매,6,4,40000,estimated,per_quantity,text,unknown,,active,needs_review,needs_review,"가격 단위 추정, 수량 표기 감지, 배송비 포함 여부 미확정, 복수 수량 총액 · 카드 1장 가격 아님",estimated,no,no,19 샤우트 ex6 4
f35cceb22f3ef83f8ee50ddf,digimontcg,디지몬 카드게임,2026-08,2026-08-11T21:02:28+09:00,known,a8c89eba8f1245beb12f8a96,f35cceb22f3ef83f8ee50ddf,474484,https://m.dcinside.com/board/digimontcg/474484,크하 소스 삽니다,seller-e3a708819729e1dde94c0476,박수갈채,guest,오메가샤우트몬,오메가샤우트몬,19 오메가샤우트몬,,,buy,구매,1,1,10000,estimated,per_card,text,unknown,,active,needs_review,needs_review,"가격 단위 추정, 배송비 포함 여부 미확정",estimated,yes,no,19 오메가샤우트몬 1
fd7de6e102e524b2bd4750d5,digimontcg,디지몬 카드게임,2026-08,2026-08-11T21:02:28+09:00,known,a8c89eba8f1245beb12f8a96,fd7de6e102e524b2bd4750d5,474484,https://m.dcinside.com/board/digimontcg/474484,크하 소스 삽니다,seller-e3a708819729e1dde94c0476,박수갈채,guest,강태성,강태성,21 강태성,,,buy,구매,1,4,40000,estimated,per_card,text,unknown,,active,needs_review,needs_review,"가격 단위 추정, 배송비 포함 여부 미확정",estimated,yes,no,21 강태성 4
ffe641c8569defe8e1bb337a,digimontcg,디지몬 카드게임,2026-08,2026-08-11T21:02:28+09:00,known,75db5cabd167265970f08bb7,ffe641c8569defe8e1bb337a,474484,https://m.dcinside.com/board/digimontcg/474484,크하 소스 삽니다,seller-39c77c4b49386b31054bd725,박수갈채,guest,오메가샤우트몬,오메가샤우트몬,21 오메가샤우트몬,,,buy,구매,1,4,40000,estimated,per_card,text,unknown,,active,needs_review,needs_review,"가격 단위 추정, 배송비 포함 여부 미확정",estimated,yes,no,21 오메가샤우트몬 4
10b4e2b6757870d8ed6681ac,digimontcg,디지몬 카드게임,2026-08,2026-08-11T21:20:41+09:00,known,17f2ae77ca4d89a911c93cfc,10b4e2b6757870d8ed6681ac,474487,https://m.dcinside.com/board/digimontcg/474487,구매완,seller-3ef064a6ce95d1fac7aa5111,마석도,guest,완,완,완,,,buy,구매,1,,,missing,unknown,unknown,unknown,,active,needs_review,needs_review,"가격 후보 재검토 필요, 가격 미기재",missing,no,no,구매완
146ff9b4c5825842dc734012,digimontcg,디지몬 카드게임,2026-08,2026-08-11T21:20:41+09:00,known,ba4db9f5dffc2de33a27ba3d,146ff9b4c5825842dc734012,474487,https://m.dcinside.com/board/digimontcg/474487,구매완,seller-c7e91d33309a9bcb40a2c15d,마석도,guest,완,완,완,,,buy,구매,1,,,missing,unknown,unknown,unknown,,active,needs_review,needs_review,"가격 후보 재검토 필요, 가격 미기재",missing,no,no,구매완
3d874a9645e7a5dec91b019d,digimontcg,디지몬 카드게임,2026-08,2026-08-11T21:20:41+09:00,known,35359ed36c65fdea5f7744ea,3d874a9645e7a5dec91b019d,474487,https://m.dcinside.com/board/digimontcg/474487,구매완,seller-91996d6040b2f727f5cb045e,마석도,guest,완,완,완,,,buy,구매,1,,,missing,unknown,unknown,unknown,,active,needs_review,needs_review,"가격 후보 재검토 필요, 가격 미기재",missing,no,no,구매완
4be00f0add158491380b50c1,digimontcg,디지몬 카드게임,2026-08,2026-08-11T21:20:41+09:00,known,b496a59f0a0d0ffd8d2c466a,4be00f0add158491380b50c1,474487,https://m.dcinside.com/board/digimontcg/474487,구매완,seller-a32c920be9654183aff96c30,마석도,guest,완,완,완,,,buy,구매,1,,,missing,unknown,unknown,unknown,,active,needs_review,needs_review,"가격 후보 재검토 필요, 가격 미기재",missing,no,no,구매완
58788b46dd92f159091982c9,digimontcg,디지몬 카드게임,2026-08,2026-08-11T21:20:41+09:00,known,db542a48e23dcad623f8890e,58788b46dd92f159091982c9,474487,https://m.dcinside.com/board/digimontcg/474487,구매완,seller-23e1bff1158fa8b0a257f279,마석도,guest,완,완,완,,,buy,구매,1,,,missing,unknown,unknown,unknown,,active,needs_review,needs_review,"가격 후보 재검토 필요, 가격 미기재",missing,no,no,구매완
958e0632ab6962eb9f61a651,digimontcg,디지몬 카드게임,2026-08,2026-08-11T21:20:41+09:00,known,cb8b5329eb0587a93edb51ec,958e0632ab6962eb9f61a651,474487,https://m.dcinside.com/board/digimontcg/474487,구매완,seller-884362d5c248021cf9e371fd,마석도,guest,완,완,완,,,buy,구매,1,,,missing,unknown,unknown,unknown,,active,needs_review,needs_review,"가격 후보 재검토 필요, 가격 미기재",missing,no,no,구매완
181e90a1ef7b036580539e7d,digimontcg,디지몬 카드게임,2026-08,2026-08-11T22:53:51+09:00,known,9cac8b868e0dd4d5ef72f12c,181e90a1ef7b036580539e7d,474517,https://m.dcinside.com/board/digimontcg/474517,사역마 토큰 삼,seller-cdedce1a3bb7a858d0443ae5,ㅇㅇ,guest,,장당,장당,,,buy,구매,1,0.8,8000,estimated,per_card,text,unknown,,active,excluded,needs_review,"가격 단위 추정, 배송비 포함 여부 미확정, 스크립트·광고 문구로 추정되는 오염 행",estimated,yes,no,장당 0.8
2487c19277001b26c4808a96,digimontcg,디지몬 카드게임,2026-08,2026-08-11T22:53:51+09:00,known,1065f29900a0a8c5a62cc486,2487c19277001b26c4808a96,474517,https://m.dcinside.com/board/digimontcg/474517,사역마 토큰 삼,seller-a81d5ebd1bfe43d652197cb5,ㅇㅇ,guest,,장당,장당,,,buy,구매,1,0.8,8000,estimated,per_card,text,unknown,,active,excluded,needs_review,"가격 단위 추정, 배송비 포함 여부 미확정, 스크립트·광고 문구로 추정되는 오염 행",estimated,yes,no,장당 0.8
2b194e6def431a3b5c9effc2,digimontcg,디지몬 카드게임,2026-08,2026-08-11T22:53:51+09:00,known,6aee18223c7bdee82fa88cee,2b194e6def431a3b5c9effc2,474517,https://m.dcinside.com/board/digimontcg/474517,사역마 토큰 삼,seller-25e8c9beea99843bb8053752,ㅇㅇ,guest,,장당,장당,,,buy,구매,1,0.8,8000,estimated,per_card,text,unknown,,active,excluded,needs_review,"가격 단위 추정, 배송비 포함 여부 미확정, 스크립트·광고 문구로 추정되는 오염 행",estimated,yes,no,장당 0.8
905a5c4dad2e9888b8f468ad,digimontcg,디지몬 카드게임,2026-08,2026-08-11T22:53:51+09:00,known,026e4422403e39d332de2ae8,905a5c4dad2e9888b8f468ad,474517,https://m.dcinside.com/board/digimontcg/474517,사역마 토큰 삼,seller-4ec3b4f9d7882076a92f123c,ㅇㅇ,guest,,장당,장당,,,buy,구매,1,0.8,8000,estimated,per_card,text,unknown,,active,excluded,needs_review,"가격 단위 추정, 배송비 포함 여부 미확정, 스크립트·광고 문구로 추정되는 오염 행",estimated,yes,no,장당 0.8
bfeff1a6dd359dab6875465c,digimontcg,디지몬 카드게임,2026-08,2026-08-11T22:53:51+09:00,known,9d38521fe04f68df16a99c51,bfeff1a6dd359dab6875465c,474517,https://m.dcinside.com/board/digimontcg/474517,사역마 토큰 삼,seller-41d568a62f24864df360afef,ㅇㅇ,guest,,장당,장당,,,buy,구매,1,0.8,8000,estimated,per_card,text,unknown,,active,excluded,needs_review,"가격 단위 추정, 배송비 포함 여부 미확정, 스크립트·광고 문구로 추정되는 오염 행",estimated,yes,no,장당 0.8
d4892024dbfc865fd14ab802,digimontcg,디지몬 카드게임,2026-08,2026-08-11T22:53:51+09:00,known,6528b37a8c88937ea0d42d35,d4892024dbfc865fd14ab802,474517,https://m.dcinside.com/board/digimontcg/474517,사역마 토큰 삼,seller-c925035d5e5d2f9ce7fb3ad2,ㅇㅇ,guest,,장당,장당,,,buy,구매,1,0.8,8000,estimated,per_card,text,unknown,,active,excluded,needs_review,"가격 단위 추정, 배송비 포함 여부 미확정, 스크립트·광고 문구로 추정되는 오염 행",estimated,yes,no,장당 0.8
17c2a858fd94f6ddd1414bfc,digimontcg,디지몬 카드게임,2026-08,2026-08-12T00:00:32+09:00,known,0232503cd92defd903e5dcf0,17c2a858fd94f6ddd1414bfc,474534,https://m.dcinside.com/board/digimontcg/474534,프로모 자색 기기몬 위너 3장까지 구매합니다.,seller-b1ea684eda581f97f63694b8,Mixw9,registered,,장당,장당,,,buy,구매,1,1.5,15000,estimated,per_card,text,unknown,,active,excluded,needs_review,"가격 단위 추정, 배송비 포함 여부 미확정, 스크립트·광고 문구로 추정되는 오염 행",estimated,yes,no,장당 1.5에 3장까지 구매합니다.
262ecf9fa68cc6f50f593917,digimontcg,디지몬 카드게임,2026-08,2026-08-12T00:00:32+09:00,known,05fab4a8bd1cda5a321c2dd4,262ecf9fa68cc6f50f593917,474534,https://m.dcinside.com/board/digimontcg/474534,프로모 자색 기기몬 위너 3장까지 구매합니다.,seller-b1ea684eda581f97f63694b8,Mixw9,registered,,장당,장당,,,buy,구매,1,1.5,15000,estimated,per_card,text,unknown,,active,excluded,needs_review,"가격 단위 추정, 배송비 포함 여부 미확정, 스크립트·광고 문구로 추정되는 오염 행",estimated,yes,no,장당 1.5에 3장까지 구매합니다.
2b014212be2664193649ff49,digimontcg,디지몬 카드게임,2026-08,2026-08-12T00:00:32+09:00,known,0232503cd92defd903e5dcf0,2b014212be2664193649ff49,474534,https://m.dcinside.com/board/digimontcg/474534,프로모 자색 기기몬 위너 3장까지 구매합니다.,seller-b1ea684eda581f97f63694b8,Mixw9,registered,현재 량,현재 량,현재구매량 (2/,,,buy,구매,1,3,30000,estimated,bundle,text,unknown,,active,needs_review,needs_review,"가격 단위 추정, 복수 카드 가격, 배송비 포함 여부 미확정, 묶음·세트 총액 · 개별 카드 가격 아님",estimated,no,no,현재구매량 (2/3) (거래중포함)
47cccaed0e558ae24ac13772,digimontcg,디지몬 카드게임,2026-08,2026-08-12T00:00:32+09:00,known,21e854a1133b628095798edd,47cccaed0e558ae24ac13772,474534,https://m.dcinside.com/board/digimontcg/474534,프로모 자색 기기몬 위너 3장까지 구매합니다.,seller-b1ea684eda581f97f63694b8,Mixw9,registered,현재 량,현재 량,현재구매량 (2/,,,buy,구매,1,3,30000,estimated,bundle,text,unknown,,active,needs_review,needs_review,"가격 단위 추정, 복수 카드 가격, 배송비 포함 여부 미확정, 묶음·세트 총액 · 개별 카드 가격 아님",estimated,no,no,현재구매량 (2/3) (거래중포함)
57604da9b08ce9ba46edb2b0,digimontcg,디지몬 카드게임,2026-08,2026-08-12T00:00:32+09:00,known,040c248b5f08c8b88245786e,57604da9b08ce9ba46edb2b0,474534,https://m.dcinside.com/board/digimontcg/474534,프로모 자색 기기몬 위너 3장까지 구매합니다.,seller-b1ea684eda581f97f63694b8,Mixw9,registered,,장당,장당,,,buy,구매,1,1.5,15000,estimated,per_card,text,unknown,,active,excluded,needs_review,"가격 단위 추정, 배송비 포함 여부 미확정, 스크립트·광고 문구로 추정되는 오염 행",estimated,yes,no,장당 1.5에 3장까지 구매합니다.
58b647ea2a74b5d2b5fa58de,digimontcg,디지몬 카드게임,2026-08,2026-08-12T00:00:32+09:00,known,05fab4a8bd1cda5a321c2dd4,58b647ea2a74b5d2b5fa58de,474534,https://m.dcinside.com/board/digimontcg/474534,프로모 자색 기기몬 위너 3장까지 구매합니다.,seller-b1ea684eda581f97f63694b8,Mixw9,registered,현재 량,현재 량,현재구매량 (2/,,,buy,구매,1,3,30000,estimated,bundle,text,unknown,,active,needs_review,needs_review,"가격 단위 추정, 복수 카드 가격, 배송비 포함 여부 미확정, 묶음·세트 총액 · 개별 카드 가격 아님",estimated,no,no,현재구매량 (2/3) (거래중포함)
59d240e59ba1c60a0c99e374,digimontcg,디지몬 카드게임,2026-08,2026-08-12T00:00:32+09:00,known,061dcd0709014a6640f685b2,59d240e59ba1c60a0c99e374,474534,https://m.dcinside.com/board/digimontcg/474534,프로모 자색 기기몬 위너 3장까지 구매합니다.,seller-b1ea684eda581f97f63694b8,Mixw9,registered,현재 량,현재 량,현재구매량 (2/,,,buy,구매,1,3,30000,estimated,bundle,text,unknown,,active,needs_review,needs_review,"가격 단위 추정, 복수 카드 가격, 배송비 포함 여부 미확정, 묶음·세트 총액 · 개별 카드 가격 아님",estimated,no,no,현재구매량 (2/3) (거래중포함)
68aee7ee846ba1e5edd0b4e6,digimontcg,디지몬 카드게임,2026-08,2026-08-12T00:00:32+09:00,known,040c248b5f08c8b88245786e,68aee7ee846ba1e5edd0b4e6,474534,https://m.dcinside.com/board/digimontcg/474534,프로모 자색 기기몬 위너 3장까지 구매합니다.,seller-b1ea684eda581f97f63694b8,Mixw9,registered,현재 량,현재 량,현재구매량 (2/,,,buy,구매,1,3,30000,estimated,bundle,text,unknown,,active,needs_review,needs_review,"가격 단위 추정, 복수 카드 가격, 배송비 포함 여부 미확정, 묶음·세트 총액 · 개별 카드 가격 아님",estimated,no,no,현재구매량 (2/3) (거래중포함)
b1e0f9f5f88a74db2a18ef04,digimontcg,디지몬 카드게임,2026-08,2026-08-12T00:00:32+09:00,known,21e854a1133b628095798edd,b1e0f9f5f88a74db2a18ef04,474534,https://m.dcinside.com/board/digimontcg/474534,프로모 자색 기기몬 위너 3장까지 구매합니다.,seller-b1ea684eda581f97f63694b8,Mixw9,registered,,장당,장당,,,buy,구매,1,1.5,15000,estimated,per_card,text,unknown,,active,excluded,needs_review,"가격 단위 추정, 배송비 포함 여부 미확정, 스크립트·광고 문구로 추정되는 오염 행",estimated,yes,no,장당 1.5에 3장까지 구매합니다.
b7056189214aa26de7cd59ae,digimontcg,디지몬 카드게임,2026-08,2026-08-12T00:00:32+09:00,known,6efc8443b379daa4be0b6089,b7056189214aa26de7cd59ae,474534,https://m.dcinside.com/board/digimontcg/474534,프로모 자색 기기몬 위너 3장까지 구매합니다.,seller-b1ea684eda581f97f63694b8,Mixw9,registered,현재 량,현재 량,현재구매량 (2/,,,buy,구매,1,3,30000,estimated,bundle,text,unknown,,active,needs_review,needs_review,"가격 단위 추정, 복수 카드 가격, 배송비 포함 여부 미확정, 묶음·세트 총액 · 개별 카드 가격 아님",estimated,no,no,현재구매량 (2/3) (거래중포함)
cdf856cb98c3e5aaa4149f47,digimontcg,디지몬 카드게임,2026-08,2026-08-12T00:00:32+09:00,known,061dcd0709014a6640f685b2,cdf856cb98c3e5aaa4149f47,474534,https://m.dcinside.com/board/digimontcg/474534,프로모 자색 기기몬 위너 3장까지 구매합니다.,seller-b1ea684eda581f97f63694b8,Mixw9,registered,,장당,장당,,,buy,구매,1,1.5,15000,estimated,per_card,text,unknown,,active,excluded,needs_review,"가격 단위 추정, 배송비 포함 여부 미확정, 스크립트·광고 문구로 추정되는 오염 행",estimated,yes,no,장당 1.5에 3장까지 구매합니다.
e41955a814e94d06bbae7fd0,digimontcg,디지몬 카드게임,2026-08,2026-08-12T00:00:32+09:00,known,6efc8443b379daa4be0b6089,e41955a814e94d06bbae7fd0,474534,https://m.dcinside.com/board/digimontcg/474534,프로모 자색 기기몬 위너 3장까지 구매합니다.,seller-b1ea684eda581f97f63694b8,Mixw9,registered,,장당,장당,,,buy,구매,1,1.5,15000,estimated,per_card,text,unknown,,active,excluded,needs_review,"가격 단위 추정, 배송비 포함 여부 미확정, 스크립트·광고 문구로 추정되는 오염 행",estimated,yes,no,장당 1.5에 3장까지 구매합니다.
6abab57767beaf0a7b1166ad,digimontcg,디지몬 카드게임,2026-08,2026-08-12T04:08:20+09:00,known,1953617f49cdb46f35680cde,6abab57767beaf0a7b1166ad,474556,https://m.dcinside.com/board/digimontcg/474556,아포카리몬 희소 삽니다.,seller-76463a90ac8af1dffaf515dc,ㅇㅇ,guest,아포카리몬 희소,아포카리몬 희소,아포카리몬 희소 .,,,buy,구매,1,,,missing,unknown,unknown,unknown,,active,needs_review,needs_review,"가격 후보 재검토 필요, 가격 미기재",missing,no,no,아포카리몬 희소 삽니다.
3bd10cc81069f34965d49494,digimontcg,디지몬 카드게임,2026-08,2026-08-12T08:15:41+09:00,known,d08758d5be0c17ca67dafea2,3bd10cc81069f34965d49494,474562,https://m.dcinside.com/board/digimontcg/474562,소스 삽니다.,seller-f62c5a6014d43031cad0ebe8,제faga,registered,소스,소스,소스 .,,,buy,구매,2,,,missing,unknown,unknown,unknown,,active,needs_review,needs_review,"가격 후보 재검토 필요, 가격 미기재",missing,no,no,소스 삽니다.
75941fb1dc5d1f786ed5a2ab,digimontcg,디지몬 카드게임,2026-08,2026-08-12T08:15:41+09:00,known,34153802cc41bba782570010,75941fb1dc5d1f786ed5a2ab,474562,https://m.dcinside.com/board/digimontcg/474562,소스 삽니다.,seller-f62c5a6014d43031cad0ebe8,제faga,registered,소스,소스,소스 .,,,buy,구매,2,,,missing,unknown,unknown,unknown,,active,needs_review,needs_review,"가격 후보 재검토 필요, 가격 미기재",missing,no,no,소스 삽니다.
c694993996cc34b62115dd5d,digimontcg,디지몬 카드게임,2026-08,2026-08-12T08:15:41+09:00,known,d2fccb60338d0fb0fd949763,c694993996cc34b62115dd5d,474562,https://m.dcinside.com/board/digimontcg/474562,소스 삽니다.,seller-f62c5a6014d43031cad0ebe8,제faga,registered,소스,소스,소스 .,,,buy,구매,2,,,missing,unknown,unknown,unknown,,active,needs_review,needs_review,"가격 후보 재검토 필요, 가격 미기재",missing,no,no,소스 삽니다.
cca6656e14cca04a06f9d786,digimontcg,디지몬 카드게임,2026-08,2026-08-12T08:15:41+09:00,known,bf9df41f25d0a5585414f46d,cca6656e14cca04a06f9d786,474562,https://m.dcinside.com/board/digimontcg/474562,소스 삽니다.,seller-f62c5a6014d43031cad0ebe8,제faga,registered,소스,소스,소스 .,,,buy,구매,2,,,missing,unknown,unknown,unknown,,active,needs_review,needs_review,"가격 후보 재검토 필요, 가격 미기재",missing,no,no,소스 삽니다.
edcd522471b4887f72568562,digimontcg,디지몬 카드게임,2026-08,2026-08-12T08:15:41+09:00,known,ad00b642faa2c041fe24b479,edcd522471b4887f72568562,474562,https://m.dcinside.com/board/digimontcg/474562,소스 삽니다.,seller-f62c5a6014d43031cad0ebe8,제faga,registered,소스,소스,소스 .,,,buy,구매,2,,,missing,unknown,unknown,unknown,,active,needs_review,needs_review,"가격 후보 재검토 필요, 가격 미기재",missing,no,no,소스 삽니다.
f5b500cdb6aaf3a7d9f63e34,digimontcg,디지몬 카드게임,2026-08,2026-08-12T08:15:41+09:00,known,6e1815f896e008d10c53e25b,f5b500cdb6aaf3a7d9f63e34,474562,https://m.dcinside.com/board/digimontcg/474562,소스 삽니다.,seller-f62c5a6014d43031cad0ebe8,제faga,registered,소스,소스,소스 .,,,buy,구매,2,,,missing,unknown,unknown,unknown,,active,needs_review,needs_review,"가격 후보 재검토 필요, 가격 미기재",missing,no,no,소스 삽니다.
49a609641155bb4b69515e44,digimontcg,디지몬 카드게임,2026-08,2026-08-12T08:28:19+09:00,known,c8571ced45f35d2b6924fd8a,49a609641155bb4b69515e44,474564,https://m.dcinside.com/board/digimontcg/474564,프로모 자색 기기몬 위너 3장까지 구매합니다.,seller-b1ea684eda581f97f63694b8,Mixw9,registered,,장당,장당,,,buy,구매,1,1.5,15000,estimated,per_card,text,unknown,,active,excluded,needs_review,"가격 단위 추정, 배송비 포함 여부 미확정, 스크립트·광고 문구로 추정되는 오염 행",estimated,yes,no,장당 1.5에 3장까지 구매합니다.
4fd4b82bcaecae0920788f23,digimontcg,디지몬 카드게임,2026-08,2026-08-12T08:28:19+09:00,known,1146514684c1300aa085314b,4fd4b82bcaecae0920788f23,474564,https://m.dcinside.com/board/digimontcg/474564,프로모 자색 기기몬 위너 3장까지 구매합니다.,seller-b1ea684eda581f97f63694b8,Mixw9,registered,현재 량,현재 량,현재구매량 (3/,,,buy,구매,1,3,30000,estimated,bundle,text,unknown,,active,needs_review,needs_review,"가격 단위 추정, 복수 카드 가격, 배송비 포함 여부 미확정, 묶음·세트 총액 · 개별 카드 가격 아님",estimated,no,no,현재구매량 (3/3) (거래중포함)
5cf835a24521fc4d8226df31,digimontcg,디지몬 카드게임,2026-08,2026-08-12T08:28:19+09:00,known,639350e2935cd3066e965f85,5cf835a24521fc4d8226df31,474564,https://m.dcinside.com/board/digimontcg/474564,프로모 자색 기기몬 위너 3장까지 구매합니다.,seller-b1ea684eda581f97f63694b8,Mixw9,registered,현재 량,현재 량,현재구매량 (3/,,,buy,구매,1,3,30000,estimated,bundle,text,unknown,,active,needs_review,needs_review,"가격 단위 추정, 복수 카드 가격, 배송비 포함 여부 미확정, 묶음·세트 총액 · 개별 카드 가격 아님",estimated,no,no,현재구매량 (3/3) (거래중포함)
5f05bf06e9fed64803eae7cd,digimontcg,디지몬 카드게임,2026-08,2026-08-12T08:28:19+09:00,known,cb51161176346cffab350417,5f05bf06e9fed64803eae7cd,474564,https://m.dcinside.com/board/digimontcg/474564,프로모 자색 기기몬 위너 3장까지 구매합니다.,seller-b1ea684eda581f97f63694b8,Mixw9,registered,,장당,장당,,,buy,구매,1,1.5,15000,estimated,per_card,text,unknown,,active,excluded,needs_review,"가격 단위 추정, 배송비 포함 여부 미확정, 스크립트·광고 문구로 추정되는 오염 행",estimated,yes,no,장당 1.5에 3장까지 구매합니다.
668a89d78b2a2ab72f7ce533,digimontcg,디지몬 카드게임,2026-08,2026-08-12T08:28:19+09:00,known,b86e54ee46c367224d6016eb,668a89d78b2a2ab72f7ce533,474564,https://m.dcinside.com/board/digimontcg/474564,프로모 자색 기기몬 위너 3장까지 구매합니다.,seller-b1ea684eda581f97f63694b8,Mixw9,registered,,장당,장당,,,buy,구매,1,1.5,15000,estimated,per_card,text,unknown,,active,excluded,needs_review,"가격 단위 추정, 배송비 포함 여부 미확정, 스크립트·광고 문구로 추정되는 오염 행",estimated,yes,no,장당 1.5에 3장까지 구매합니다.
982790b669ca927b0fbca784,digimontcg,디지몬 카드게임,2026-08,2026-08-12T08:28:19+09:00,known,1146514684c1300aa085314b,982790b669ca927b0fbca784,474564,https://m.dcinside.com/board/digimontcg/474564,프로모 자색 기기몬 위너 3장까지 구매합니다.,seller-b1ea684eda581f97f63694b8,Mixw9,registered,,장당,장당,,,buy,구매,1,1.5,15000,estimated,per_card,text,unknown,,active,excluded,needs_review,"가격 단위 추정, 배송비 포함 여부 미확정, 스크립트·광고 문구로 추정되는 오염 행",estimated,yes,no,장당 1.5에 3장까지 구매합니다.
b381a9dea0c52e2fce1fac7d,digimontcg,디지몬 카드게임,2026-08,2026-08-12T08:28:19+09:00,known,639350e2935cd3066e965f85,b381a9dea0c52e2fce1fac7d,474564,https://m.dcinside.com/board/digimontcg/474564,프로모 자색 기기몬 위너 3장까지 구매합니다.,seller-b1ea684eda581f97f63694b8,Mixw9,registered,,장당,장당,,,buy,구매,1,1.5,15000,estimated,per_card,text,unknown,,active,excluded,needs_review,"가격 단위 추정, 배송비 포함 여부 미확정, 스크립트·광고 문구로 추정되는 오염 행",estimated,yes,no,장당 1.5에 3장까지 구매합니다.
bf8ce8f15680185ae2356f25,digimontcg,디지몬 카드게임,2026-08,2026-08-12T08:28:19+09:00,known,b86e54ee46c367224d6016eb,bf8ce8f15680185ae2356f25,474564,https://m.dcinside.com/board/digimontcg/474564,프로모 자색 기기몬 위너 3장까지 구매합니다.,seller-b1ea684eda581f97f63694b8,Mixw9,registered,현재 량,현재 량,현재구매량 (3/,,,buy,구매,1,3,30000,estimated,bundle,text,unknown,,active,needs_review,needs_review,"가격 단위 추정, 복수 카드 가격, 배송비 포함 여부 미확정, 묶음·세트 총액 · 개별 카드 가격 아님",estimated,no,no,현재구매량 (3/3) (거래중포함)
d4b94e955802b560647a44cb,digimontcg,디지몬 카드게임,2026-08,2026-08-12T08:28:19+09:00,known,c8571ced45f35d2b6924fd8a,d4b94e955802b560647a44cb,474564,https://m.dcinside.com/board/digimontcg/474564,프로모 자색 기기몬 위너 3장까지 구매합니다.,seller-b1ea684eda581f97f63694b8,Mixw9,registered,현재 량,현재 량,현재구매량 (3/,,,buy,구매,1,3,30000,estimated,bundle,text,unknown,,active,needs_review,needs_review,"가격 단위 추정, 복수 카드 가격, 배송비 포함 여부 미확정, 묶음·세트 총액 · 개별 카드 가격 아님",estimated,no,no,현재구매량 (3/3) (거래중포함)
d76439d5886e776794fd9c24,digimontcg,디지몬 카드게임,2026-08,2026-08-12T08:28:19+09:00,known,7841a130dfd288bec3c97d86,d76439d5886e776794fd9c24,474564,https://m.dcinside.com/board/digimontcg/474564,프로모 자색 기기몬 위너 3장까지 구매합니다.,seller-b1ea684eda581f97f63694b8,Mixw9,registered,현재 량,현재 량,현재구매량 (3/,,,buy,구매,1,3,30000,estimated,bundle,text,unknown,,active,needs_review,needs_review,"가격 단위 추정, 복수 카드 가격, 배송비 포함 여부 미확정, 묶음·세트 총액 · 개별 카드 가격 아님",estimated,no,no,현재구매량 (3/3) (거래중포함)
e441d363b6f89c3fe19e9df0,digimontcg,디지몬 카드게임,2026-08,2026-08-12T08:28:19+09:00,known,cb51161176346cffab350417,e441d363b6f89c3fe19e9df0,474564,https://m.dcinside.com/board/digimontcg/474564,프로모 자색 기기몬 위너 3장까지 구매합니다.,seller-b1ea684eda581f97f63694b8,Mixw9,registered,현재 량,현재 량,현재구매량 (3/,,,buy,구매,1,3,30000,estimated,bundle,text,unknown,,active,needs_review,needs_review,"가격 단위 추정, 복수 카드 가격, 배송비 포함 여부 미확정, 묶음·세트 총액 · 개별 카드 가격 아님",estimated,no,no,현재구매량 (3/3) (거래중포함)
ecaf391fc05e031ea8228928,digimontcg,디지몬 카드게임,2026-08,2026-08-12T08:28:19+09:00,known,7841a130dfd288bec3c97d86,ecaf391fc05e031ea8228928,474564,https://m.dcinside.com/board/digimontcg/474564,프로모 자색 기기몬 위너 3장까지 구매합니다.,seller-b1ea684eda581f97f63694b8,Mixw9,registered,,장당,장당,,,buy,구매,1,1.5,15000,estimated,per_card,text,unknown,,active,excluded,needs_review,"가격 단위 추정, 배송비 포함 여부 미확정, 스크립트·광고 문구로 추정되는 오염 행",estimated,yes,no,장당 1.5에 3장까지 구매합니다.
4e4dd6d99658089935d40578,digimontcg,디지몬 카드게임,2026-08,2026-08-12T08:31:59+09:00,known,86ce1f1b936512d4f4fba3d9,4e4dd6d99658089935d40578,474565,https://m.dcinside.com/board/digimontcg/474565,22미레이 삽니다,seller-97af48f5f80896702ad6d1ae,ㅇㅇ,guest,22미레이,22미레이,22미레이 준등포,,,buy,구매,4,1.0,10000,estimated,per_quantity,text,unknown,,active,needs_review,needs_review,"가격 단위 추정, 수량 표기 감지, 배송비 포함 여부 미확정, 복수 수량 총액 · 카드 1장 가격 아님",estimated,no,no,22미레이 4장 준등포 1.0에 구해봅니다
50ec276049ab0dcc408923b8,digimontcg,디지몬 카드게임,2026-08,2026-08-12T08:31:59+09:00,known,7fc44fa9325a15320dede6b4,50ec276049ab0dcc408923b8,474565,https://m.dcinside.com/board/digimontcg/474565,22미레이 삽니다,seller-3a7c7cf65ef156ec2ec8d9b2,ㅇㅇ,guest,22미레이,22미레이,22미레이 준등포,,,buy,구매,4,1.0,10000,estimated,per_quantity,text,unknown,,active,needs_review,needs_review,"가격 단위 추정, 수량 표기 감지, 배송비 포함 여부 미확정, 복수 수량 총액 · 카드 1장 가격 아님",estimated,no,no,22미레이 4장 준등포 1.0에 구해봅니다
a82418c97ad5a7c7c19f3cea,digimontcg,디지몬 카드게임,2026-08,2026-08-12T08:31:59+09:00,known,ecf87b799b64fd072d0a1a93,a82418c97ad5a7c7c19f3cea,474565,https://m.dcinside.com/board/digimontcg/474565,22미레이 삽니다,seller-d17364180ad0f75c85b3666d,ㅇㅇ,guest,22미레이,22미레이,22미레이 준등포,,,buy,구매,4,1.0,10000,estimated,per_quantity,text,unknown,,active,needs_review,needs_review,"가격 단위 추정, 수량 표기 감지, 배송비 포함 여부 미확정, 복수 수량 총액 · 카드 1장 가격 아님",estimated,no,no,22미레이 4장 준등포 1.0에 구해봅니다
b7e03352e8f83cb35e64f9e7,digimontcg,디지몬 카드게임,2026-08,2026-08-12T08:31:59+09:00,known,6863105f5d07ab616498afb8,b7e03352e8f83cb35e64f9e7,474565,https://m.dcinside.com/board/digimontcg/474565,22미레이 삽니다,seller-bdd146aa95a9e2b0e3885ad0,ㅇㅇ,guest,22미레이,22미레이,22미레이 준등포,,,buy,구매,4,1.0,10000,estimated,per_quantity,text,unknown,,active,needs_review,needs_review,"가격 단위 추정, 수량 표기 감지, 배송비 포함 여부 미확정, 복수 수량 총액 · 카드 1장 가격 아님",estimated,no,no,22미레이 4장 준등포 1.0에 구해봅니다
f23e42061ff8494b2a701a2f,digimontcg,디지몬 카드게임,2026-08,2026-08-12T08:31:59+09:00,known,bee4ccbd1459780bad3b4fbb,f23e42061ff8494b2a701a2f,474565,https://m.dcinside.com/board/digimontcg/474565,22미레이 삽니다,seller-c093e49b258b1b1783f5bb6a,ㅇㅇ,guest,22미레이,22미레이,22미레이 준등포,,,buy,구매,4,1.0,10000,estimated,per_quantity,text,unknown,,active,needs_review,needs_review,"가격 단위 추정, 수량 표기 감지, 배송비 포함 여부 미확정, 복수 수량 총액 · 카드 1장 가격 아님",estimated,no,no,22미레이 4장 준등포 1.0에 구해봅니다
f64a98285ece02c9b9aeb3d1,digimontcg,디지몬 카드게임,2026-08,2026-08-12T08:31:59+09:00,known,889c94504c7ce88a3f7f4af4,f64a98285ece02c9b9aeb3d1,474565,https://m.dcinside.com/board/digimontcg/474565,22미레이 삽니다,seller-ad07e36bbc85a7bfd99c9907,ㅇㅇ,guest,22미레이,22미레이,22미레이 준등포,,,buy,구매,4,1.0,10000,estimated,per_quantity,text,unknown,,active,needs_review,needs_review,"가격 단위 추정, 수량 표기 감지, 배송비 포함 여부 미확정, 복수 수량 총액 · 카드 1장 가격 아님",estimated,no,no,22미레이 4장 준등포 1.0에 구해봅니다
106866d8e3b0712038fb4c59,digimontcg,디지몬 카드게임,2026-08,2026-08-12T10:32:10+09:00,known,39f87b25653620bd4fbcad90,106866d8e3b0712038fb4c59,474581,https://m.dcinside.com/board/digimontcg/474581,아미 sp 삽니다,seller-8670ad2246c284688065da75,망칼,registered,,장당,장당,,,buy,구매,1,15,150000,estimated,per_card,text,unknown,,active,excluded,needs_review,"배송비 포함 여부 미확정, 스크립트·광고 문구로 추정되는 오염 행",estimated,yes,no,장당 15만원에 두장까지 삽니다
57ca737a11e679cf481c099c,digimontcg,디지몬 카드게임,2026-08,2026-08-12T10:32:10+09:00,known,b0a121cbbc982e5dc5176b30,57ca737a11e679cf481c099c,474581,https://m.dcinside.com/board/digimontcg/474581,아미 sp 삽니다,seller-8670ad2246c284688065da75,망칼,registered,,장당,장당,,,buy,구매,1,15,150000,estimated,per_card,text,unknown,,active,excluded,needs_review,"배송비 포함 여부 미확정, 스크립트·광고 문구로 추정되는 오염 행",estimated,yes,no,장당 15만원에 두장까지 삽니다
6f4e14cd0d54ec7855164baf,digimontcg,디지몬 카드게임,2026-08,2026-08-12T10:32:10+09:00,known,ca4115cdf7bdb8d0fe655b68,6f4e14cd0d54ec7855164baf,474581,https://m.dcinside.com/board/digimontcg/474581,아미 sp 삽니다,seller-8670ad2246c284688065da75,망칼,registered,,장당,장당,,,buy,구매,1,15,150000,estimated,per_card,text,unknown,,active,excluded,needs_review,"배송비 포함 여부 미확정, 스크립트·광고 문구로 추정되는 오염 행",estimated,yes,no,장당 15만원에 두장까지 삽니다
7ca9e73fddd77b02f918da4d,digimontcg,디지몬 카드게임,2026-08,2026-08-12T10:32:10+09:00,known,22d603d4c324479c203f7544,7ca9e73fddd77b02f918da4d,474581,https://m.dcinside.com/board/digimontcg/474581,아미 sp 삽니다,seller-8670ad2246c284688065da75,망칼,registered,,장당,장당,,,buy,구매,1,15,150000,estimated,per_card,text,unknown,,active,excluded,needs_review,"배송비 포함 여부 미확정, 스크립트·광고 문구로 추정되는 오염 행",estimated,yes,no,장당 15만원에 두장까지 삽니다
b80ddb14c3b81b6a79c56a42,digimontcg,디지몬 카드게임,2026-08,2026-08-12T10:32:10+09:00,known,ec45e1338cee0c4281e37875,b80ddb14c3b81b6a79c56a42,474581,https://m.dcinside.com/board/digimontcg/474581,아미 sp 삽니다,seller-8670ad2246c284688065da75,망칼,registered,,장당,장당,,,buy,구매,1,15,150000,estimated,per_card,text,unknown,,active,excluded,needs_review,"배송비 포함 여부 미확정, 스크립트·광고 문구로 추정되는 오염 행",estimated,yes,no,장당 15만원에 두장까지 삽니다
c696f70438518c92f8e0ba71,digimontcg,디지몬 카드게임,2026-08,2026-08-12T10:32:10+09:00,known,b9606cb1134adfb1d007fc40,c696f70438518c92f8e0ba71,474581,https://m.dcinside.com/board/digimontcg/474581,아미 sp 삽니다,seller-8670ad2246c284688065da75,망칼,registered,,장당,장당,,,buy,구매,1,15,150000,estimated,per_card,text,unknown,,active,excluded,needs_review,"배송비 포함 여부 미확정, 스크립트·광고 문구로 추정되는 오염 행",estimated,yes,no,장당 15만원에 두장까지 삽니다
7b08733b9f9526308878093f,digimontcg,디지몬 카드게임,2026-08,2026-08-12T12:58:33+09:00,known,736c45ed895e286f3a77e6fe,7b08733b9f9526308878093f,474616,https://m.dcinside.com/board/digimontcg/474616,Ex2 박프 레나몬 구함도로,seller-d8d1f1bdf6abf1082ec5a0ee,갓잉공,registered,Ex2 박프 레나몬 도로,Ex2 박프 레나몬 도로,Ex2 박프 레나몬 도로,,,buy,구매,4,,,missing,unknown,unknown,unknown,,active,needs_review,needs_review,"가격 후보 재검토 필요, 가격 미기재",missing,no,no,Ex2 박프 레나몬 구함도로
8148eb20a7912b48ec96f6ed,digimontcg,디지몬 카드게임,2026-08,2026-08-12T12:58:33+09:00,known,8a4ce8f3f16abe2de4dab448,8148eb20a7912b48ec96f6ed,474616,https://m.dcinside.com/board/digimontcg/474616,Ex2 박프 레나몬 구함도로,seller-d8d1f1bdf6abf1082ec5a0ee,갓잉공,registered,Ex2 박프 레나몬 도로,Ex2 박프 레나몬 도로,Ex2 박프 레나몬 도로,,,buy,구매,4,,,missing,unknown,unknown,unknown,,active,needs_review,needs_review,"가격 후보 재검토 필요, 가격 미기재",missing,no,no,Ex2 박프 레나몬 구함도로
8a3591beb6c4e5f159892d96,digimontcg,디지몬 카드게임,2026-08,2026-08-12T12:58:33+09:00,known,8a43f14f8dd8b2c6734a1063,8a3591beb6c4e5f159892d96,474616,https://m.dcinside.com/board/digimontcg/474616,Ex2 박프 레나몬 구함도로,seller-d8d1f1bdf6abf1082ec5a0ee,갓잉공,registered,Ex2 박프 레나몬 도로,Ex2 박프 레나몬 도로,Ex2 박프 레나몬 도로,,,buy,구매,4,,,missing,unknown,unknown,unknown,,active,needs_review,needs_review,"가격 후보 재검토 필요, 가격 미기재",missing,no,no,Ex2 박프 레나몬 구함도로
a637425cc2119c83980cea65,digimontcg,디지몬 카드게임,2026-08,2026-08-12T12:58:33+09:00,known,51b68345555b5de997ad7785,a637425cc2119c83980cea65,474616,https://m.dcinside.com/board/digimontcg/474616,Ex2 박프 레나몬 구함도로,seller-d8d1f1bdf6abf1082ec5a0ee,갓잉공,registered,Ex2 박프 레나몬 도로,Ex2 박프 레나몬 도로,Ex2 박프 레나몬 도로,,,buy,구매,4,,,missing,unknown,unknown,unknown,,active,needs_review,needs_review,"가격 후보 재검토 필요, 가격 미기재",missing,no,no,Ex2 박프 레나몬 구함도로
a94396c7d26f7dad28b89762,digimontcg,디지몬 카드게임,2026-08,2026-08-12T12:58:33+09:00,known,ad7b3401270a0852dfcaf55f,a94396c7d26f7dad28b89762,474616,https://m.dcinside.com/board/digimontcg/474616,Ex2 박프 레나몬 구함도로,seller-d8d1f1bdf6abf1082ec5a0ee,갓잉공,registered,Ex2 박프 레나몬 도로,Ex2 박프 레나몬 도로,Ex2 박프 레나몬 도로,,,buy,구매,4,,,missing,unknown,unknown,unknown,,active,needs_review,needs_review,"가격 후보 재검토 필요, 가격 미기재",missing,no,no,Ex2 박프 레나몬 구함도로
fb4b4e2fa0bfaa21e3776c98,digimontcg,디지몬 카드게임,2026-08,2026-08-12T12:58:33+09:00,known,901d9765891d541640422e87,fb4b4e2fa0bfaa21e3776c98,474616,https://m.dcinside.com/board/digimontcg/474616,Ex2 박프 레나몬 구함도로,seller-d8d1f1bdf6abf1082ec5a0ee,갓잉공,registered,Ex2 박프 레나몬 도로,Ex2 박프 레나몬 도로,Ex2 박프 레나몬 도로,,,buy,구매,4,,,missing,unknown,unknown,unknown,,active,needs_review,needs_review,"가격 후보 재검토 필요, 가격 미기재",missing,no,no,Ex2 박프 레나몬 구함도로
0b3ac07521d6839c7906f03f,digimontcg,디지몬 카드게임,2026-08,2026-08-12T15:40:33+09:00,known,7090024815e92ccc4cad5fe0,0b3ac07521d6839c7906f03f,474652,https://m.dcinside.com/board/digimontcg/474652,"로얄베이스,프반블룸로드몬 구합니다",seller-7dd7e2a6a5b387c1beb3c2c6,죽순구이,guest,로얄베이스,로얄베이스,로얄베이스 장당 0.6,,,buy,구매,3,,,missing,unknown,unknown,unknown,,active,needs_review,needs_review,수량 표기 감지 · 가격 미기재,missing,no,no,로얄베이스 장당 0.6X3
0d211a6159d248c5ee88f25a,digimontcg,디지몬 카드게임,2026-08,2026-08-12T15:40:33+09:00,known,2e843e7e4fcdcca29e1c11d2,0d211a6159d248c5ee88f25a,474652,https://m.dcinside.com/board/digimontcg/474652,"로얄베이스,프반블룸로드몬 구합니다",seller-2ba780d8f1cf923ad8c3c2e3,죽순구이,guest,로얄베이스,로얄베이스,로얄베이스 장당 0.6,,,buy,구매,3,,,missing,unknown,unknown,unknown,,active,needs_review,needs_review,수량 표기 감지 · 가격 미기재,missing,no,no,로얄베이스 장당 0.6X3
57c3c35cd14cc2da52122642,digimontcg,디지몬 카드게임,2026-08,2026-08-12T15:40:33+09:00,known,1c356c1d541379166d92022b,57c3c35cd14cc2da52122642,474652,https://m.dcinside.com/board/digimontcg/474652,"로얄베이스,프반블룸로드몬 구합니다",seller-0321856c1e59f420fd47d21d,죽순구이,guest,로얄베이스,로얄베이스,로얄베이스 장당 0.6,,,buy,구매,3,,,missing,unknown,unknown,unknown,,active,needs_review,needs_review,수량 표기 감지 · 가격 미기재,missing,no,no,로얄베이스 장당 0.6X3
79da5b89a0864904f45b8a77,digimontcg,디지몬 카드게임,2026-08,2026-08-12T15:40:33+09:00,known,d29b3aec410c8695d4209c01,79da5b89a0864904f45b8a77,474652,https://m.dcinside.com/board/digimontcg/474652,"로얄베이스,프반블룸로드몬 구합니다",seller-5a85854cf3dfb3aeb164f2cc,죽순구이,guest,로얄베이스,로얄베이스,로얄베이스 장당 0.6,,,buy,구매,3,,,missing,unknown,unknown,unknown,,active,needs_review,needs_review,수량 표기 감지 · 가격 미기재,missing,no,no,로얄베이스 장당 0.6X3
7e73119e77b03eb75eed6147,digimontcg,디지몬 카드게임,2026-08,2026-08-12T15:40:33+09:00,known,bbe8cda99d4279793f5d4c44,7e73119e77b03eb75eed6147,474652,https://m.dcinside.com/board/digimontcg/474652,"로얄베이스,프반블룸로드몬 구합니다",seller-822a146f3da3db042dc08821,죽순구이,guest,로얄베이스,로얄베이스,로얄베이스 장당 0.6,,,buy,구매,3,,,missing,unknown,unknown,unknown,,active,needs_review,needs_review,수량 표기 감지 · 가격 미기재,missing,no,no,로얄베이스 장당 0.6X3
aeaeefa96ef1ccf84d3eed74,digimontcg,디지몬 카드게임,2026-08,2026-08-12T15:40:33+09:00,known,52c38da4cbf149fe0ed032c7,aeaeefa96ef1ccf84d3eed74,474652,https://m.dcinside.com/board/digimontcg/474652,"로얄베이스,프반블룸로드몬 구합니다",seller-9894a5771663ea99f705ced1,죽순구이,guest,로얄베이스,로얄베이스,로얄베이스 장당 0.6,,,buy,구매,3,,,missing,unknown,unknown,unknown,,active,needs_review,needs_review,수량 표기 감지 · 가격 미기재,missing,no,no,로얄베이스 장당 0.6X3
1638804902806ee258cf41e5,digimontcg,디지몬 카드게임,2026-08,2026-08-12T17:15:06+09:00,known,b5c4d7a72b4fc32a1fb6157f,1638804902806ee258cf41e5,474690,https://m.dcinside.com/board/digimontcg/474690,오늘 카드스타에서 메디벌 한장 삽니다,seller-dc010473b4c48bd87cb5efef,ㅇㅇ,guest,시크,시크,시크,,시크,buy,구매,1,3.5,35000,estimated,per_card,text,unknown,,active,needs_review,needs_review,"가격 단위 추정, 수량 표기 감지, 배송비 포함 여부 미확정",estimated,yes,no,시크 1장 3.5에 구합니다.
1ba8a007ea8255ea81de2eae,digimontcg,디지몬 카드게임,2026-08,2026-08-12T17:15:06+09:00,known,678ccf884adfb038a65415c5,1ba8a007ea8255ea81de2eae,474690,https://m.dcinside.com/board/digimontcg/474690,오늘 카드스타에서 메디벌 한장 삽니다,seller-05adf52a56475a9b4a288d8c,ㅇㅇ,guest,시크,시크,시크,,시크,buy,구매,1,3.5,35000,estimated,per_card,text,unknown,,active,needs_review,needs_review,"가격 단위 추정, 수량 표기 감지, 배송비 포함 여부 미확정",estimated,yes,no,시크 1장 3.5에 구합니다.
49385c1f0c6e5ad587b370a8,digimontcg,디지몬 카드게임,2026-08,2026-08-12T17:15:06+09:00,known,672214bc40d0d1fb6038c0d3,49385c1f0c6e5ad587b370a8,474690,https://m.dcinside.com/board/digimontcg/474690,오늘 카드스타에서 메디벌 한장 삽니다,seller-d9e2f129a7d2a493ac6535d5,ㅇㅇ,guest,시크,시크,시크,,시크,buy,구매,1,3.5,35000,estimated,per_card,text,unknown,,active,needs_review,needs_review,"가격 단위 추정, 수량 표기 감지, 배송비 포함 여부 미확정",estimated,yes,no,시크 1장 3.5에 구합니다.
814c0fa818b594846faaae28,digimontcg,디지몬 카드게임,2026-08,2026-08-12T17:15:06+09:00,known,089edc2a515a8bdafd27a1ae,814c0fa818b594846faaae28,474690,https://m.dcinside.com/board/digimontcg/474690,오늘 카드스타에서 메디벌 한장 삽니다,seller-455957c6d8226009b310e5db,ㅇㅇ,guest,시크,시크,시크,,시크,buy,구매,1,3.5,35000,estimated,per_card,text,unknown,,active,needs_review,needs_review,"가격 단위 추정, 수량 표기 감지, 배송비 포함 여부 미확정",estimated,yes,no,시크 1장 3.5에 구합니다.
f83770c42419f690f1f58e97,digimontcg,디지몬 카드게임,2026-08,2026-08-12T17:15:06+09:00,known,f49b9adc07e209aa2bde1c1a,f83770c42419f690f1f58e97,474690,https://m.dcinside.com/board/digimontcg/474690,오늘 카드스타에서 메디벌 한장 삽니다,seller-a821d7d71565e03cbad477e9,ㅇㅇ,guest,시크,시크,시크,,시크,buy,구매,1,3.5,35000,estimated,per_card,text,unknown,,active,needs_review,needs_review,"가격 단위 추정, 수량 표기 감지, 배송비 포함 여부 미확정",estimated,yes,no,시크 1장 3.5에 구합니다.
fb22cf3ddb48c6b55b36d975,digimontcg,디지몬 카드게임,2026-08,2026-08-12T17:15:06+09:00,known,92bbc3d9ec69674b1c6b3f41,fb22cf3ddb48c6b55b36d975,474690,https://m.dcinside.com/board/digimontcg/474690,오늘 카드스타에서 메디벌 한장 삽니다,seller-a0074c7455516ab10d3ac098,ㅇㅇ,guest,시크,시크,시크,,시크,buy,구매,1,3.5,35000,estimated,per_card,text,unknown,,active,needs_review,needs_review,"가격 단위 추정, 수량 표기 감지, 배송비 포함 여부 미확정",estimated,yes,no,시크 1장 3.5에 구합니다.
0f4231104f2b8595f0bc3f37,digimontcg,디지몬 카드게임,2026-08,2026-08-12T18:18:16+09:00,known,c1d9b37d11681b1291d4c3d5,0f4231104f2b8595f0bc3f37,474702,https://m.dcinside.com/board/digimontcg/474702,"ex2 레나몬 페레, BT21 한바다 페레 삽니다.",seller-47ffcdc15dc85fce908d862d,마일도,registered,BT21 한바다 페레 한,BT21 한바다 페레 한,BT21 한바다 페레 한 장당,,,buy,구매,1,0.5,5000,estimated,per_card,text,unknown,,active,needs_review,needs_review,"가격 단위 추정, 배송비 포함 여부 미확정",estimated,yes,no,BT21 한바다 페레 한 장당 0.5에 2장 삽니다.
19301b4ce31a880d46542566,digimontcg,디지몬 카드게임,2026-08,2026-08-12T18:18:16+09:00,known,f3343a0057930a570448f009,19301b4ce31a880d46542566,474702,https://m.dcinside.com/board/digimontcg/474702,"ex2 레나몬 페레, BT21 한바다 페레 삽니다.",seller-47ffcdc15dc85fce908d862d,마일도,registered,ex2 레나몬 페레 한,ex2 레나몬 페레 한,ex2 레나몬 페레 한 장당,,,buy,구매,1,0.6,6000,estimated,per_card,text,unknown,,active,needs_review,needs_review,"가격 단위 추정, 배송비 포함 여부 미확정",estimated,yes,no,ex2 레나몬 페레 한 장당 0.6에 3장 삽니다
37daa22224373caf6d38c82e,digimontcg,디지몬 카드게임,2026-08,2026-08-12T18:18:16+09:00,known,f3343a0057930a570448f009,37daa22224373caf6d38c82e,474702,https://m.dcinside.com/board/digimontcg/474702,"ex2 레나몬 페레, BT21 한바다 페레 삽니다.",seller-47ffcdc15dc85fce908d862d,마일도,registered,BT21 한바다 페레 한,BT21 한바다 페레 한,BT21 한바다 페레 한 장당,,,buy,구매,1,0.5,5000,estimated,per_card,text,unknown,,active,needs_review,needs_review,"가격 단위 추정, 배송비 포함 여부 미확정",estimated,yes,no,BT21 한바다 페레 한 장당 0.5에 2장 삽니다.
43276db7b3caad06d0c2d06c,digimontcg,디지몬 카드게임,2026-08,2026-08-12T18:18:16+09:00,known,bb7b33c5880a90e64c93d275,43276db7b3caad06d0c2d06c,474702,https://m.dcinside.com/board/digimontcg/474702,"ex2 레나몬 페레, BT21 한바다 페레 삽니다.",seller-47ffcdc15dc85fce908d862d,마일도,registered,ex2 레나몬 페레 한,ex2 레나몬 페레 한,ex2 레나몬 페레 한 장당,,,buy,구매,1,0.6,6000,estimated,per_card,text,unknown,,active,needs_review,needs_review,"가격 단위 추정, 배송비 포함 여부 미확정",estimated,yes,no,ex2 레나몬 페레 한 장당 0.6에 3장 삽니다
709874c3d4a5c410b9face2a,digimontcg,디지몬 카드게임,2026-08,2026-08-12T18:18:16+09:00,known,fd5c208b46ee2146de15be6c,709874c3d4a5c410b9face2a,474702,https://m.dcinside.com/board/digimontcg/474702,"ex2 레나몬 페레, BT21 한바다 페레 삽니다.",seller-47ffcdc15dc85fce908d862d,마일도,registered,BT21 한바다 페레 한,BT21 한바다 페레 한,BT21 한바다 페레 한 장당,,,buy,구매,1,0.5,5000,estimated,per_card,text,unknown,,active,needs_review,needs_review,"가격 단위 추정, 배송비 포함 여부 미확정",estimated,yes,no,BT21 한바다 페레 한 장당 0.5에 2장 삽니다.
796571a900f1cf7bbfb4c614,digimontcg,디지몬 카드게임,2026-08,2026-08-12T18:18:16+09:00,known,4aa08ece33c47fcd36ac7d42,796571a900f1cf7bbfb4c614,474702,https://m.dcinside.com/board/digimontcg/474702,"ex2 레나몬 페레, BT21 한바다 페레 삽니다.",seller-47ffcdc15dc85fce908d862d,마일도,registered,ex2 레나몬 페레 한,ex2 레나몬 페레 한,ex2 레나몬 페레 한 장당,,,buy,구매,1,0.6,6000,estimated,per_card,text,unknown,,active,needs_review,needs_review,"가격 단위 추정, 배송비 포함 여부 미확정",estimated,yes,no,ex2 레나몬 페레 한 장당 0.6에 3장 삽니다
87167be00143c6c5cf60eef6,digimontcg,디지몬 카드게임,2026-08,2026-08-12T18:18:16+09:00,known,fd5c208b46ee2146de15be6c,87167be00143c6c5cf60eef6,474702,https://m.dcinside.com/board/digimontcg/474702,"ex2 레나몬 페레, BT21 한바다 페레 삽니다.",seller-47ffcdc15dc85fce908d862d,마일도,registered,ex2 레나몬 페레 한,ex2 레나몬 페레 한,ex2 레나몬 페레 한 장당,,,buy,구매,1,0.6,6000,estimated,per_card,text,unknown,,active,needs_review,needs_review,"가격 단위 추정, 배송비 포함 여부 미확정",estimated,yes,no,ex2 레나몬 페레 한 장당 0.6에 3장 삽니다
8c583afc612ca67c66b50982,digimontcg,디지몬 카드게임,2026-08,2026-08-12T18:18:16+09:00,known,b51ce687a8fb55bda5969e59,8c583afc612ca67c66b50982,474702,https://m.dcinside.com/board/digimontcg/474702,"ex2 레나몬 페레, BT21 한바다 페레 삽니다.",seller-47ffcdc15dc85fce908d862d,마일도,registered,ex2 레나몬 페레 한,ex2 레나몬 페레 한,ex2 레나몬 페레 한 장당,,,buy,구매,1,0.6,6000,estimated,per_card,text,unknown,,active,needs_review,needs_review,"가격 단위 추정, 배송비 포함 여부 미확정",estimated,yes,no,ex2 레나몬 페레 한 장당 0.6에 3장 삽니다
92440c47dfd424a3272b048c,digimontcg,디지몬 카드게임,2026-08,2026-08-12T18:18:16+09:00,known,c1d9b37d11681b1291d4c3d5,92440c47dfd424a3272b048c,474702,https://m.dcinside.com/board/digimontcg/474702,"ex2 레나몬 페레, BT21 한바다 페레 삽니다.",seller-47ffcdc15dc85fce908d862d,마일도,registered,ex2 레나몬 페레 한,ex2 레나몬 페레 한,ex2 레나몬 페레 한 장당,,,buy,구매,1,0.6,6000,estimated,per_card,text,unknown,,active,needs_review,needs_review,"가격 단위 추정, 배송비 포함 여부 미확정",estimated,yes,no,ex2 레나몬 페레 한 장당 0.6에 3장 삽니다
9ee8ba2c1d9de994566881a0,digimontcg,디지몬 카드게임,2026-08,2026-08-12T18:18:16+09:00,known,df2245fbac1c545b776664d2,9ee8ba2c1d9de994566881a0,474702,https://m.dcinside.com/board/digimontcg/474702,"ex2 레나몬 페레, BT21 한바다 페레 삽니다.",seller-47ffcdc15dc85fce908d862d,마일도,registered,ex2 레나몬 페레 한,ex2 레나몬 페레 한,ex2 레나몬 페레 한 장당,,,buy,구매,1,0.6,6000,estimated,per_card,text,unknown,,active,needs_review,needs_review,"가격 단위 추정, 배송비 포함 여부 미확정",estimated,yes,no,ex2 레나몬 페레 한 장당 0.6에 3장 삽니다
b85180bce3a1b26bf6617861,digimontcg,디지몬 카드게임,2026-08,2026-08-12T18:18:16+09:00,known,4aa08ece33c47fcd36ac7d42,b85180bce3a1b26bf6617861,474702,https://m.dcinside.com/board/digimontcg/474702,"ex2 레나몬 페레, BT21 한바다 페레 삽니다.",seller-47ffcdc15dc85fce908d862d,마일도,registered,BT21 한바다 페레 한,BT21 한바다 페레 한,BT21 한바다 페레 한 장당,,,buy,구매,1,0.5,5000,estimated,per_card,text,unknown,,active,needs_review,needs_review,"가격 단위 추정, 배송비 포함 여부 미확정",estimated,yes,no,BT21 한바다 페레 한 장당 0.5에 2장 삽니다.
bbc55c4d513c4bbd65827a8f,digimontcg,디지몬 카드게임,2026-08,2026-08-12T18:18:16+09:00,known,df2245fbac1c545b776664d2,bbc55c4d513c4bbd65827a8f,474702,https://m.dcinside.com/board/digimontcg/474702,"ex2 레나몬 페레, BT21 한바다 페레 삽니다.",seller-47ffcdc15dc85fce908d862d,마일도,registered,BT21 한바다 페레 한,BT21 한바다 페레 한,BT21 한바다 페레 한 장당,,,buy,구매,1,0.5,5000,estimated,per_card,text,unknown,,active,needs_review,needs_review,"가격 단위 추정, 배송비 포함 여부 미확정",estimated,yes,no,BT21 한바다 페레 한 장당 0.5에 2장 삽니다.
bf8b72e3092cfb658c7bc77d,digimontcg,디지몬 카드게임,2026-08,2026-08-12T18:18:16+09:00,known,b51ce687a8fb55bda5969e59,bf8b72e3092cfb658c7bc77d,474702,https://m.dcinside.com/board/digimontcg/474702,"ex2 레나몬 페레, BT21 한바다 페레 삽니다.",seller-47ffcdc15dc85fce908d862d,마일도,registered,BT21 한바다 페레 한,BT21 한바다 페레 한,BT21 한바다 페레 한 장당,,,buy,구매,1,0.5,5000,estimated,per_card,text,unknown,,active,needs_review,needs_review,"가격 단위 추정, 배송비 포함 여부 미확정",estimated,yes,no,BT21 한바다 페레 한 장당 0.5에 2장 삽니다.
ef5039209cba11c8822c46cc,digimontcg,디지몬 카드게임,2026-08,2026-08-12T18:18:16+09:00,known,bb7b33c5880a90e64c93d275,ef5039209cba11c8822c46cc,474702,https://m.dcinside.com/board/digimontcg/474702,"ex2 레나몬 페레, BT21 한바다 페레 삽니다.",seller-47ffcdc15dc85fce908d862d,마일도,registered,BT21 한바다 페레 한,BT21 한바다 페레 한,BT21 한바다 페레 한 장당,,,buy,구매,1,0.5,5000,estimated,per_card,text,unknown,,active,needs_review,needs_review,"가격 단위 추정, 배송비 포함 여부 미확정",estimated,yes,no,BT21 한바다 페레 한 장당 0.5에 2장 삽니다.
6173185dca21a6acdecea81b,digimontcg,디지몬 카드게임,2026-08,2026-08-12T18:28:06+09:00,known,e9575ff525a8828941d33a9c,6173185dca21a6acdecea81b,474705,https://m.dcinside.com/board/digimontcg/474705,14루가몬 3장 구합니다,seller-47ffcdc15dc85fce908d862d,마일도,registered,,장당,장당,,,buy,구매,1,0.7,7000,estimated,per_card,text,unknown,,active,excluded,needs_review,"가격 단위 추정, 배송비 포함 여부 미확정, 스크립트·광고 문구로 추정되는 오염 행",estimated,yes,no,장당 0.7에 3장 구합니다~
61fdaebe4d0d4cad67169a65,digimontcg,디지몬 카드게임,2026-08,2026-08-12T18:28:06+09:00,known,a2911e35fa34a36387eb0d97,61fdaebe4d0d4cad67169a65,474705,https://m.dcinside.com/board/digimontcg/474705,14루가몬 3장 구합니다,seller-47ffcdc15dc85fce908d862d,마일도,registered,,장당,장당,,,buy,구매,1,0.7,7000,estimated,per_card,text,unknown,,active,excluded,needs_review,"가격 단위 추정, 배송비 포함 여부 미확정, 스크립트·광고 문구로 추정되는 오염 행",estimated,yes,no,장당 0.7에 3장 구합니다~
a84b7339ad161ed4d53cdea6,digimontcg,디지몬 카드게임,2026-08,2026-08-12T18:28:06+09:00,known,003349180f08f3d592581334,a84b7339ad161ed4d53cdea6,474705,https://m.dcinside.com/board/digimontcg/474705,14루가몬 3장 구합니다,seller-47ffcdc15dc85fce908d862d,마일도,registered,,장당,장당,,,buy,구매,1,0.7,7000,estimated,per_card,text,unknown,,active,excluded,needs_review,"가격 단위 추정, 배송비 포함 여부 미확정, 스크립트·광고 문구로 추정되는 오염 행",estimated,yes,no,장당 0.7에 3장 구합니다~
b29035969160b66cdcd49de5,digimontcg,디지몬 카드게임,2026-08,2026-08-12T18:28:06+09:00,known,20d9e90808fe15156fcca3d1,b29035969160b66cdcd49de5,474705,https://m.dcinside.com/board/digimontcg/474705,14루가몬 3장 구합니다,seller-47ffcdc15dc85fce908d862d,마일도,registered,,장당,장당,,,buy,구매,1,0.7,7000,estimated,per_card,text,unknown,,active,excluded,needs_review,"가격 단위 추정, 배송비 포함 여부 미확정, 스크립트·광고 문구로 추정되는 오염 행",estimated,yes,no,장당 0.7에 3장 구합니다~
be84d288d3b347daeb2bddb1,digimontcg,디지몬 카드게임,2026-08,2026-08-12T18:28:06+09:00,known,1af2bff0ce567d9fabbad474,be84d288d3b347daeb2bddb1,474705,https://m.dcinside.com/board/digimontcg/474705,14루가몬 3장 구합니다,seller-47ffcdc15dc85fce908d862d,마일도,registered,,장당,장당,,,buy,구매,1,0.7,7000,estimated,per_card,text,unknown,,active,excluded,needs_review,"가격 단위 추정, 배송비 포함 여부 미확정, 스크립트·광고 문구로 추정되는 오염 행",estimated,yes,no,장당 0.7에 3장 구합니다~
c51442b80de31ad39ab733b9,digimontcg,디지몬 카드게임,2026-08,2026-08-12T18:28:06+09:00,known,867f600ba5dcdd3ae9f7fad1,c51442b80de31ad39ab733b9,474705,https://m.dcinside.com/board/digimontcg/474705,14루가몬 3장 구합니다,seller-47ffcdc15dc85fce908d862d,마일도,registered,,장당,장당,,,buy,구매,1,0.7,7000,estimated,per_card,text,unknown,,active,excluded,needs_review,"가격 단위 추정, 배송비 포함 여부 미확정, 스크립트·광고 문구로 추정되는 오염 행",estimated,yes,no,장당 0.7에 3장 구합니다~
04dceb4de3eb3e991cfb8307,digimontcg,디지몬 카드게임,2026-08,2026-08-12T20:59:44+09:00,known,55ee22731d52c63f9fadf7c7,04dceb4de3eb3e991cfb8307,474735,https://m.dcinside.com/board/digimontcg/474735,bt13 오메가몬 페레 4장 구합니다,seller-b72c35eb752efbb511991ae7,ㅇㅇ,guest,,,,,,buy,구매,4,25,250000,estimated,per_quantity,text,unknown,,active,needs_review,needs_review,"가격 단위 추정, 수량 표기 감지, 배송비 포함 여부 미확정, 카드명 확인 필요, 복수 수량 총액 · 카드 1장 가격 아님",estimated,no,no,4장 25에 삽니다
1d10564fdbc7667de3f0089f,digimontcg,디지몬 카드게임,2026-08,2026-08-12T20:59:44+09:00,known,b0c8e57147770b9829553bb9,1d10564fdbc7667de3f0089f,474735,https://m.dcinside.com/board/digimontcg/474735,bt13 오메가몬 페레 4장 구합니다,seller-2cb41c002b8201fba92f3a40,ㅇㅇ,guest,,,,,,buy,구매,4,25,250000,estimated,per_quantity,text,unknown,,active,needs_review,needs_review,"가격 단위 추정, 수량 표기 감지, 배송비 포함 여부 미확정, 카드명 확인 필요, 복수 수량 총액 · 카드 1장 가격 아님",estimated,no,no,4장 25에 삽니다
57836721dcbfc8f82662b38d,digimontcg,디지몬 카드게임,2026-08,2026-08-12T20:59:44+09:00,known,f03e798fabf70d82679ce74b,57836721dcbfc8f82662b38d,474735,https://m.dcinside.com/board/digimontcg/474735,bt13 오메가몬 페레 4장 구합니다,seller-788fb3f4cefb9b78c6208350,ㅇㅇ,guest,,,,,,buy,구매,4,25,250000,estimated,per_quantity,text,unknown,,active,needs_review,needs_review,"가격 단위 추정, 수량 표기 감지, 배송비 포함 여부 미확정, 카드명 확인 필요, 복수 수량 총액 · 카드 1장 가격 아님",estimated,no,no,4장 25에 삽니다
8ab26803d9514b07b0154c5c,digimontcg,디지몬 카드게임,2026-08,2026-08-12T20:59:44+09:00,known,7cc03de1db806f8843daf572,8ab26803d9514b07b0154c5c,474735,https://m.dcinside.com/board/digimontcg/474735,bt13 오메가몬 페레 4장 구합니다,seller-238c572ee08fa5b365792bf6,ㅇㅇ,guest,,,,,,buy,구매,4,25,250000,estimated,per_quantity,text,unknown,,active,needs_review,needs_review,"가격 단위 추정, 수량 표기 감지, 배송비 포함 여부 미확정, 카드명 확인 필요, 복수 수량 총액 · 카드 1장 가격 아님",estimated,no,no,4장 25에 삽니다
b0eb59951ea8d9397e98dd7b,digimontcg,디지몬 카드게임,2026-08,2026-08-12T20:59:44+09:00,known,ba248794595123ec7228d07b,b0eb59951ea8d9397e98dd7b,474735,https://m.dcinside.com/board/digimontcg/474735,bt13 오메가몬 페레 4장 구합니다,seller-93362e3d9d66da0a34364dd1,ㅇㅇ,guest,,,,,,buy,구매,4,25,250000,estimated,per_quantity,text,unknown,,active,needs_review,needs_review,"가격 단위 추정, 수량 표기 감지, 배송비 포함 여부 미확정, 카드명 확인 필요, 복수 수량 총액 · 카드 1장 가격 아님",estimated,no,no,4장 25에 삽니다
c16d861972ad3e384d121a8d,digimontcg,디지몬 카드게임,2026-08,2026-08-12T20:59:44+09:00,known,36ab1909f694f9ea32f4b144,c16d861972ad3e384d121a8d,474735,https://m.dcinside.com/board/digimontcg/474735,bt13 오메가몬 페레 4장 구합니다,seller-66d6ede019be9e139339bf66,ㅇㅇ,guest,,,,,,buy,구매,4,25,250000,estimated,per_quantity,text,unknown,,active,needs_review,needs_review,"가격 단위 추정, 수량 표기 감지, 배송비 포함 여부 미확정, 카드명 확인 필요, 복수 수량 총액 · 카드 1장 가격 아님",estimated,no,no,4장 25에 삽니다
32662607689043022158d99b,digimontcg,디지몬 카드게임,2026-08,2026-08-12T21:01:34+09:00,known,4226c84ab02f0e75241be927,32662607689043022158d99b,474738,https://m.dcinside.com/board/digimontcg/474738,글판 감마몬 완덱 구매합니다!,seller-e2940d804fa045112c362a1f,사는길,guest,글판 감마몬 완덱 !,글판 감마몬 완덱 !,글판 감마몬 완덱 !,,,buy,구매,1,,,missing,unknown,unknown,unknown,,active,needs_review,needs_review,"가격 후보 재검토 필요, 가격 미기재",missing,no,no,글판 감마몬 완덱 구매합니다!
5f5d63c91f3d3b88e23b96bc,digimontcg,디지몬 카드게임,2026-08,2026-08-12T21:01:34+09:00,known,dc52882df80d30c13a31d35b,5f5d63c91f3d3b88e23b96bc,474738,https://m.dcinside.com/board/digimontcg/474738,글판 감마몬 완덱 구매합니다!,seller-5b80645d16dd66dcbc01bacd,사는길,guest,글판 감마몬 완덱 !,글판 감마몬 완덱 !,글판 감마몬 완덱 !,,,buy,구매,1,,,missing,unknown,unknown,unknown,,active,needs_review,needs_review,"가격 후보 재검토 필요, 가격 미기재",missing,no,no,글판 감마몬 완덱 구매합니다!
70bc755a5708348a866223d1,digimontcg,디지몬 카드게임,2026-08,2026-08-12T21:01:34+09:00,known,66d60df55158bc65dab80636,70bc755a5708348a866223d1,474738,https://m.dcinside.com/board/digimontcg/474738,글판 감마몬 완덱 구매합니다!,seller-052107820abdbd1a05a76588,사는길,guest,글판 감마몬 완덱 !,글판 감마몬 완덱 !,글판 감마몬 완덱 !,,,buy,구매,1,,,missing,unknown,unknown,unknown,,active,needs_review,needs_review,"가격 후보 재검토 필요, 가격 미기재",missing,no,no,글판 감마몬 완덱 구매합니다!
8930a680419b15e0f062b6c6,digimontcg,디지몬 카드게임,2026-08,2026-08-12T21:01:34+09:00,known,6298126e6bfadfb4ab8cb16d,8930a680419b15e0f062b6c6,474738,https://m.dcinside.com/board/digimontcg/474738,글판 감마몬 완덱 구매합니다!,seller-f2abda6d6d52b8c773793ea1,사는길,guest,글판 감마몬 완덱 !,글판 감마몬 완덱 !,글판 감마몬 완덱 !,,,buy,구매,1,,,missing,unknown,unknown,unknown,,active,needs_review,needs_review,"가격 후보 재검토 필요, 가격 미기재",missing,no,no,글판 감마몬 완덱 구매합니다!
dacee13cabdc91ac66ce4ad2,digimontcg,디지몬 카드게임,2026-08,2026-08-12T21:01:34+09:00,known,271df3c66e16a8cec1776922,dacee13cabdc91ac66ce4ad2,474738,https://m.dcinside.com/board/digimontcg/474738,글판 감마몬 완덱 구매합니다!,seller-e74ddf309bbb23cdb33b573a,사는길,guest,글판 감마몬 완덱 !,글판 감마몬 완덱 !,글판 감마몬 완덱 !,,,buy,구매,1,,,missing,unknown,unknown,unknown,,active,needs_review,needs_review,"가격 후보 재검토 필요, 가격 미기재",missing,no,no,글판 감마몬 완덱 구매합니다!
df3870da445e9c7f9d806216,digimontcg,디지몬 카드게임,2026-08,2026-08-12T21:01:34+09:00,known,62ba76584aa45cec370063c3,df3870da445e9c7f9d806216,474738,https://m.dcinside.com/board/digimontcg/474738,글판 감마몬 완덱 구매합니다!,seller-622b657f66c5d971c26ea6d6,사는길,guest,글판 감마몬 완덱 !,글판 감마몬 완덱 !,글판 감마몬 완덱 !,,,buy,구매,1,,,missing,unknown,unknown,unknown,,active,needs_review,needs_review,"가격 후보 재검토 필요, 가격 미기재",missing,no,no,글판 감마몬 완덱 구매합니다!
1c7821ff3599291cd38132b8,digimontcg,디지몬 카드게임,2026-08,2026-08-12T21:02:02+09:00,known,8cb3f5c1592738e5151892a1,1c7821ff3599291cd38132b8,474739,https://m.dcinside.com/board/digimontcg/474739,시리얼 오메가몬 1장 150삽니다,seller-c12de7d44277411069c2c752,ㅇㅇ,guest,시리얼 오메가몬,시리얼 오메가몬,시리얼 오메가몬 150삽니다,,,buy,구매,1,,,missing,unknown,unknown,unknown,,active,needs_review,needs_review,수량 표기 감지 · 가격 미기재,missing,no,no,시리얼 오메가몬 1장 150삽니다
54e78caef243893aa049a2c0,digimontcg,디지몬 카드게임,2026-08,2026-08-12T21:02:02+09:00,known,5d1c91cad5cce12070335497,54e78caef243893aa049a2c0,474739,https://m.dcinside.com/board/digimontcg/474739,시리얼 오메가몬 1장 150삽니다,seller-69940efe10d161b058a4472c,ㅇㅇ,guest,시리얼 오메가몬,시리얼 오메가몬,시리얼 오메가몬 150삽니다,,,buy,구매,1,,,missing,unknown,unknown,unknown,,active,needs_review,needs_review,수량 표기 감지 · 가격 미기재,missing,no,no,시리얼 오메가몬 1장 150삽니다
60e4295545119a7ab6874304,digimontcg,디지몬 카드게임,2026-08,2026-08-12T21:02:02+09:00,known,9b033683648e51ae4a23a540,60e4295545119a7ab6874304,474739,https://m.dcinside.com/board/digimontcg/474739,시리얼 오메가몬 1장 150삽니다,seller-90f8de16250bdf5ed09b99e5,ㅇㅇ,guest,시리얼 오메가몬,시리얼 오메가몬,시리얼 오메가몬 150삽니다,,,buy,구매,1,,,missing,unknown,unknown,unknown,,active,needs_review,needs_review,수량 표기 감지 · 가격 미기재,missing,no,no,시리얼 오메가몬 1장 150삽니다
7abb7568896d82131019048d,digimontcg,디지몬 카드게임,2026-08,2026-08-12T21:02:02+09:00,known,cbf6e352efce1146759d68f4,7abb7568896d82131019048d,474739,https://m.dcinside.com/board/digimontcg/474739,시리얼 오메가몬 1장 150삽니다,seller-b9c33212e86143eb61105a0e,ㅇㅇ,guest,시리얼 오메가몬,시리얼 오메가몬,시리얼 오메가몬 150삽니다,,,buy,구매,1,,,missing,unknown,unknown,unknown,,active,needs_review,needs_review,수량 표기 감지 · 가격 미기재,missing,no,no,시리얼 오메가몬 1장 150삽니다
a67690726694f4dfb8ee50ac,digimontcg,디지몬 카드게임,2026-08,2026-08-12T21:02:02+09:00,known,f203456c508db2996c2bde24,a67690726694f4dfb8ee50ac,474739,https://m.dcinside.com/board/digimontcg/474739,시리얼 오메가몬 1장 150삽니다,seller-85bb1ab5b71ee6e9d87dbc19,ㅇㅇ,guest,시리얼 오메가몬,시리얼 오메가몬,시리얼 오메가몬 150삽니다,,,buy,구매,1,,,missing,unknown,unknown,unknown,,active,needs_review,needs_review,수량 표기 감지 · 가격 미기재,missing,no,no,시리얼 오메가몬 1장 150삽니다
deab46748080514e6bc9cb04,digimontcg,디지몬 카드게임,2026-08,2026-08-12T21:02:02+09:00,known,80d52f093caf4cd94657226c,deab46748080514e6bc9cb04,474739,https://m.dcinside.com/board/digimontcg/474739,시리얼 오메가몬 1장 150삽니다,seller-f458c43c38c07d340c7fabf2,ㅇㅇ,guest,시리얼 오메가몬,시리얼 오메가몬,시리얼 오메가몬 150삽니다,,,buy,구매,1,,,missing,unknown,unknown,unknown,,active,needs_review,needs_review,수량 표기 감지 · 가격 미기재,missing,no,no,시리얼 오메가몬 1장 150삽니다
03750ad75c6bb9150266a40d,digimontcg,디지몬 카드게임,2026-08,2026-08-12T22:11:34+09:00,known,528c629c4ea75838dbfbfd70,03750ad75c6bb9150266a40d,474754,https://m.dcinside.com/board/digimontcg/474754,bt6 임프몬 패레 1장 삽니다.,seller-83054df61a2329c5375044e9,구하러왔구나?..,registered,,,,,,buy,구매,1,1.5,15000,estimated,per_card,text,unknown,,active,needs_review,needs_review,"가격 단위 추정, 수량 표기 감지, 배송비 포함 여부 미확정, 카드명 확인 필요",estimated,yes,no,1장 1.5에 구해봅니다.
09c7239f99bde4dcc75d112c,digimontcg,디지몬 카드게임,2026-08,2026-08-12T22:11:34+09:00,known,b34363ebbc4bb2972ae10e03,09c7239f99bde4dcc75d112c,474754,https://m.dcinside.com/board/digimontcg/474754,bt6 임프몬 패레 1장 삽니다.,seller-83054df61a2329c5375044e9,구하러왔구나?..,registered,,,,,,buy,구매,1,1.5,15000,estimated,per_card,text,unknown,,active,needs_review,needs_review,"가격 단위 추정, 수량 표기 감지, 배송비 포함 여부 미확정, 카드명 확인 필요",estimated,yes,no,1장 1.5에 구해봅니다.
0f6cb442d9ea79a263dae275,digimontcg,디지몬 카드게임,2026-08,2026-08-12T22:11:34+09:00,known,4ebece3c82101da0f38edc32,0f6cb442d9ea79a263dae275,474754,https://m.dcinside.com/board/digimontcg/474754,bt6 임프몬 패레 1장 삽니다.,seller-83054df61a2329c5375044e9,구하러왔구나?..,registered,,준등기,준등기,,,buy,구매,1,0.2,2000,estimated,per_card,text,unknown,,active,excluded,needs_review,"가격 단위 추정, 배송비 포함 여부 미확정, 스크립트·광고 문구로 추정되는 오염 행",estimated,yes,no,준등기 0.2 별도
0fe2a230d2bce5c00d4a6408,digimontcg,디지몬 카드게임,2026-08,2026-08-12T22:11:34+09:00,known,4ebece3c82101da0f38edc32,0fe2a230d2bce5c00d4a6408,474754,https://m.dcinside.com/board/digimontcg/474754,bt6 임프몬 패레 1장 삽니다.,seller-83054df61a2329c5375044e9,구하러왔구나?..,registered,,,,,,buy,구매,1,1.5,15000,estimated,per_card,text,unknown,,active,needs_review,needs_review,"가격 단위 추정, 수량 표기 감지, 배송비 포함 여부 미확정, 카드명 확인 필요",estimated,yes,no,1장 1.5에 구해봅니다.
1439122e8b160fa91c2e5e3b,digimontcg,디지몬 카드게임,2026-08,2026-08-12T22:11:34+09:00,known,3b58dd912a97072aac6e918e,1439122e8b160fa91c2e5e3b,474754,https://m.dcinside.com/board/digimontcg/474754,bt6 임프몬 패레 1장 삽니다.,seller-83054df61a2329c5375044e9,구하러왔구나?..,registered,,,,,,buy,구매,1,1.5,15000,estimated,per_card,text,unknown,,active,needs_review,needs_review,"가격 단위 추정, 수량 표기 감지, 배송비 포함 여부 미확정, 카드명 확인 필요",estimated,yes,no,1장 1.5에 구해봅니다.
2e2ad5d38aa6e62808a0c39f,digimontcg,디지몬 카드게임,2026-08,2026-08-12T22:11:34+09:00,known,3b58dd912a97072aac6e918e,2e2ad5d38aa6e62808a0c39f,474754,https://m.dcinside.com/board/digimontcg/474754,bt6 임프몬 패레 1장 삽니다.,seller-83054df61a2329c5375044e9,구하러왔구나?..,registered,,준등기,준등기,,,buy,구매,1,0.2,2000,estimated,per_card,text,unknown,,active,excluded,needs_review,"가격 단위 추정, 배송비 포함 여부 미확정, 스크립트·광고 문구로 추정되는 오염 행",estimated,yes,no,준등기 0.2 별도
3d7b0a13a28bbd3eb2db1f71,digimontcg,디지몬 카드게임,2026-08,2026-08-12T22:11:34+09:00,known,1e7250bb2537d05af6960de4,3d7b0a13a28bbd3eb2db1f71,474754,https://m.dcinside.com/board/digimontcg/474754,bt6 임프몬 패레 1장 삽니다.,seller-83054df61a2329c5375044e9,구하러왔구나?..,registered,,준등기,준등기,,,buy,구매,1,0.2,2000,estimated,per_card,text,unknown,,active,excluded,needs_review,"가격 단위 추정, 배송비 포함 여부 미확정, 스크립트·광고 문구로 추정되는 오염 행",estimated,yes,no,준등기 0.2 별도
4db7145ef4b94efd8e4109ce,digimontcg,디지몬 카드게임,2026-08,2026-08-12T22:11:34+09:00,known,1e7250bb2537d05af6960de4,4db7145ef4b94efd8e4109ce,474754,https://m.dcinside.com/board/digimontcg/474754,bt6 임프몬 패레 1장 삽니다.,seller-83054df61a2329c5375044e9,구하러왔구나?..,registered,,,,,,buy,구매,1,1.5,15000,estimated,per_card,text,unknown,,active,needs_review,needs_review,"가격 단위 추정, 수량 표기 감지, 배송비 포함 여부 미확정, 카드명 확인 필요",estimated,yes,no,1장 1.5에 구해봅니다.
aa8cdaf3e53c3b3284943424,digimontcg,디지몬 카드게임,2026-08,2026-08-12T22:11:34+09:00,known,fdbb33dad55a13a630286594,aa8cdaf3e53c3b3284943424,474754,https://m.dcinside.com/board/digimontcg/474754,bt6 임프몬 패레 1장 삽니다.,seller-83054df61a2329c5375044e9,구하러왔구나?..,registered,,준등기,준등기,,,buy,구매,1,0.2,2000,estimated,per_card,text,unknown,,active,excluded,needs_review,"가격 단위 추정, 배송비 포함 여부 미확정, 스크립트·광고 문구로 추정되는 오염 행",estimated,yes,no,준등기 0.2 별도
b4cdc51fea5c7102cf85ada4,digimontcg,디지몬 카드게임,2026-08,2026-08-12T22:11:34+09:00,known,528c629c4ea75838dbfbfd70,b4cdc51fea5c7102cf85ada4,474754,https://m.dcinside.com/board/digimontcg/474754,bt6 임프몬 패레 1장 삽니다.,seller-83054df61a2329c5375044e9,구하러왔구나?..,registered,,준등기,준등기,,,buy,구매,1,0.2,2000,estimated,per_card,text,unknown,,active,excluded,needs_review,"가격 단위 추정, 배송비 포함 여부 미확정, 스크립트·광고 문구로 추정되는 오염 행",estimated,yes,no,준등기 0.2 별도
cc126741197fbe1dedb1d10a,digimontcg,디지몬 카드게임,2026-08,2026-08-12T22:11:34+09:00,known,b34363ebbc4bb2972ae10e03,cc126741197fbe1dedb1d10a,474754,https://m.dcinside.com/board/digimontcg/474754,bt6 임프몬 패레 1장 삽니다.,seller-83054df61a2329c5375044e9,구하러왔구나?..,registered,,준등기,준등기,,,buy,구매,1,0.2,2000,estimated,per_card,text,unknown,,active,excluded,needs_review,"가격 단위 추정, 배송비 포함 여부 미확정, 스크립트·광고 문구로 추정되는 오염 행",estimated,yes,no,준등기 0.2 별도
fd54f345109fa70c00bc289e,digimontcg,디지몬 카드게임,2026-08,2026-08-12T22:11:34+09:00,known,fdbb33dad55a13a630286594,fd54f345109fa70c00bc289e,474754,https://m.dcinside.com/board/digimontcg/474754,bt6 임프몬 패레 1장 삽니다.,seller-83054df61a2329c5375044e9,구하러왔구나?..,registered,,,,,,buy,구매,1,1.5,15000,estimated,per_card,text,unknown,,active,needs_review,needs_review,"가격 단위 추정, 수량 표기 감지, 배송비 포함 여부 미확정, 카드명 확인 필요",estimated,yes,no,1장 1.5에 구해봅니다.
22c7cc8c6c4ccbf5ae19c445,digimontcg,디지몬 카드게임,2026-08,2026-08-13T02:15:38+09:00,known,9b2b049529e40a12261e4569,22c7cc8c6c4ccbf5ae19c445,474794,https://m.dcinside.com/board/digimontcg/474794,(거래중)프로모 자색 기기몬 위너1장 구매합니다.,seller-b1ea684eda581f97f63694b8,Mixw9,registered,,,,,,buy,구매,1,1.5,15000,estimated,per_card,text,unknown,,active,needs_review,needs_review,"가격 단위 추정, 수량 표기 감지, 배송비 포함 여부 미확정, 카드명 확인 필요",estimated,yes,no,1장 1.5에 구매합니다.
3f42e4912669fef2111a09c3,digimontcg,디지몬 카드게임,2026-08,2026-08-13T02:15:38+09:00,known,e840185fe75306a78ad308d3,3f42e4912669fef2111a09c3,474794,https://m.dcinside.com/board/digimontcg/474794,(거래중)프로모 자색 기기몬 위너1장 구매합니다.,seller-b1ea684eda581f97f63694b8,Mixw9,registered,,,,,,buy,구매,1,1.5,15000,estimated,per_card,text,unknown,,active,needs_review,needs_review,"가격 단위 추정, 수량 표기 감지, 배송비 포함 여부 미확정, 카드명 확인 필요",estimated,yes,no,1장 1.5에 구매합니다.
545388aa770d11c0b5920041,digimontcg,디지몬 카드게임,2026-08,2026-08-13T02:15:38+09:00,known,eb2d11ed7a053a85fe0e9cf3,545388aa770d11c0b5920041,474794,https://m.dcinside.com/board/digimontcg/474794,(거래중)프로모 자색 기기몬 위너1장 구매합니다.,seller-b1ea684eda581f97f63694b8,Mixw9,registered,,,,,,buy,구매,1,1.5,15000,estimated,per_card,text,unknown,,active,needs_review,needs_review,"가격 단위 추정, 수량 표기 감지, 배송비 포함 여부 미확정, 카드명 확인 필요",estimated,yes,no,1장 1.5에 구매합니다.
9f0633935fed9d817a1241da,digimontcg,디지몬 카드게임,2026-08,2026-08-13T02:15:38+09:00,known,8664ff76e9a02727b19cd133,9f0633935fed9d817a1241da,474794,https://m.dcinside.com/board/digimontcg/474794,(거래중)프로모 자색 기기몬 위너1장 구매합니다.,seller-b1ea684eda581f97f63694b8,Mixw9,registered,,,,,,buy,구매,1,1.5,15000,estimated,per_card,text,unknown,,active,needs_review,needs_review,"가격 단위 추정, 수량 표기 감지, 배송비 포함 여부 미확정, 카드명 확인 필요",estimated,yes,no,1장 1.5에 구매합니다.
a35f43175a817d57f6634c5d,digimontcg,디지몬 카드게임,2026-08,2026-08-13T02:15:38+09:00,known,02ce029dc5b44b6754d97c3c,a35f43175a817d57f6634c5d,474794,https://m.dcinside.com/board/digimontcg/474794,(거래중)프로모 자색 기기몬 위너1장 구매합니다.,seller-b1ea684eda581f97f63694b8,Mixw9,registered,,,,,,buy,구매,1,1.5,15000,estimated,per_card,text,unknown,,active,needs_review,needs_review,"가격 단위 추정, 수량 표기 감지, 배송비 포함 여부 미확정, 카드명 확인 필요",estimated,yes,no,1장 1.5에 구매합니다.
fd6a45dacdb1c14ccf508b52,digimontcg,디지몬 카드게임,2026-08,2026-08-13T02:15:38+09:00,known,81d45c06f967feac3182e4d3,fd6a45dacdb1c14ccf508b52,474794,https://m.dcinside.com/board/digimontcg/474794,(거래중)프로모 자색 기기몬 위너1장 구매합니다.,seller-b1ea684eda581f97f63694b8,Mixw9,registered,,,,,,buy,구매,1,1.5,15000,estimated,per_card,text,unknown,,active,needs_review,needs_review,"가격 단위 추정, 수량 표기 감지, 배송비 포함 여부 미확정, 카드명 확인 필요",estimated,yes,no,1장 1.5에 구매합니다.
0ae55c4f98166a6c413fb1b5,digimontcg,디지몬 카드게임,2026-08,2026-08-13T10:28:58+09:00,known,582a272ce2493a15cb4e7240,0ae55c4f98166a6c413fb1b5,474826,https://m.dcinside.com/board/digimontcg/474826,"22탄 노키아,아미,유코,사요,알포스,리에 페레 ㅍㅍ",seller-62ddfd668f2a3ffc4d80385b,드볼디지몬최고,guest,사요 페레,사요 페레,사요 페레,,,buy,구매,1,1.0,10000,estimated,per_card,text,unknown,,active,needs_review,needs_review,"가격 단위 추정, 배송비 포함 여부 미확정",estimated,yes,no,사요 페레 1.0
78f61a9aafc163817287055e,digimontcg,디지몬 카드게임,2026-08,2026-08-13T10:28:58+09:00,known,582a272ce2493a15cb4e7240,78f61a9aafc163817287055e,474826,https://m.dcinside.com/board/digimontcg/474826,"22탄 노키아,아미,유코,사요,알포스,리에 페레 ㅍㅍ",seller-62ddfd668f2a3ffc4d80385b,드볼디지몬최고,guest,노키아 페레,노키아 페레,노키아 페레,,,buy,구매,1,10,100000,estimated,per_card,text,unknown,,active,needs_review,needs_review,"가격 단위 추정, 배송비 포함 여부 미확정",estimated,yes,no,노키아 페레 10
a4b5e787d16277dc294fa8a1,digimontcg,디지몬 카드게임,2026-08,2026-08-13T10:28:58+09:00,known,582a272ce2493a15cb4e7240,a4b5e787d16277dc294fa8a1,474826,https://m.dcinside.com/board/digimontcg/474826,"22탄 노키아,아미,유코,사요,알포스,리에 페레 ㅍㅍ",seller-62ddfd668f2a3ffc4d80385b,드볼디지몬최고,guest,리에 페레,리에 페레,리에 페레,,,buy,구매,1,1.0,10000,estimated,per_card,text,unknown,,active,needs_review,needs_review,"가격 단위 추정, 배송비 포함 여부 미확정",estimated,yes,no,리에 페레 1.0
e76f4932e59db65433028de9,digimontcg,디지몬 카드게임,2026-08,2026-08-13T10:28:58+09:00,known,582a272ce2493a15cb4e7240,e76f4932e59db65433028de9,474826,https://m.dcinside.com/board/digimontcg/474826,"22탄 노키아,아미,유코,사요,알포스,리에 페레 ㅍㅍ",seller-62ddfd668f2a3ffc4d80385b,드볼디지몬최고,guest,유코 페레,유코 페레,유코 페레,,,buy,구매,1,2.0,20000,estimated,per_card,text,unknown,,active,needs_review,needs_review,"가격 단위 추정, 배송비 포함 여부 미확정",estimated,yes,no,유코 페레 2.0
fb2a73913f3b22e33b1d9f02,digimontcg,디지몬 카드게임,2026-08,2026-08-13T10:28:58+09:00,known,582a272ce2493a15cb4e7240,fb2a73913f3b22e33b1d9f02,474826,https://m.dcinside.com/board/digimontcg/474826,"22탄 노키아,아미,유코,사요,알포스,리에 페레 ㅍㅍ",seller-62ddfd668f2a3ffc4d80385b,드볼디지몬최고,guest,아미 페레,아미 페레,아미 페레,,,buy,구매,1,1.5,15000,estimated,per_card,text,unknown,,active,needs_review,needs_review,"가격 단위 추정, 배송비 포함 여부 미확정",estimated,yes,no,아미 페레 1.5
0bae4f1674c64c3969c02a1d,digimontcg,디지몬 카드게임,2026-08,2026-08-13T10:31:51+09:00,known,62860f32a3815993e3bda9a2,0bae4f1674c64c3969c02a1d,474827,https://m.dcinside.com/board/digimontcg/474827,실피드몬과 리키/이재하 페레 구합니다,seller-47ffcdc15dc85fce908d862d,마일도,registered,DOM 삽입 헬퍼 현재 스크립트 위치 기준,DOM 삽입 헬퍼 현재 스크립트 위치 기준,// ---- DOM 삽입 헬퍼 (현재 스크립트 위치 기준,,,buy,구매,1,,,missing,unknown,unknown,unknown,,active,excluded,needs_review,"가격 후보 재검토 필요, 가격 미기재, 스크립트·광고 문구로 추정되는 오염 행",missing,no,no,// ---- DOM 삽입 헬퍼 (현재 스크립트 위치 기준1)
1780f7554a02a21c6d651a03,digimontcg,디지몬 카드게임,2026-08,2026-08-13T10:31:51+09:00,known,62860f32a3815993e3bda9a2,1780f7554a02a21c6d651a03,474827,https://m.dcinside.com/board/digimontcg/474827,실피드몬과 리키/이재하 페레 구합니다,seller-47ffcdc15dc85fce908d862d,마일도,registered,,장당,장당,,,buy,구매,1,0.7,7000,estimated,per_card,text,unknown,,active,excluded,needs_review,"가격 단위 추정, 배송비 포함 여부 미확정, 스크립트·광고 문구로 추정되는 오염 행",estimated,yes,no,장당 0.7에 3장 구합니다
1846bacd06c1f82e4ca400af,digimontcg,디지몬 카드게임,2026-08,2026-08-13T10:31:51+09:00,known,5a50dfc35669fc6edcfa26e8,1846bacd06c1f82e4ca400af,474827,https://m.dcinside.com/board/digimontcg/474827,실피드몬과 리키/이재하 페레 구합니다,seller-47ffcdc15dc85fce908d862d,마일도,registered,,,,,,buy,구매,1,0.7,7000,estimated,per_card,text,unknown,,active,needs_review,needs_review,"가격 단위 추정, 수량 표기 감지, 배송비 포함 여부 미확정, 카드명 확인 필요",estimated,yes,no,1장 0.7에 구합니다
1def39e8f96114964e30ed14,digimontcg,디지몬 카드게임,2026-08,2026-08-13T10:31:51+09:00,known,8b2aa507620f27e0a7cfb26a,1def39e8f96114964e30ed14,474827,https://m.dcinside.com/board/digimontcg/474827,실피드몬과 리키/이재하 페레 구합니다,seller-47ffcdc15dc85fce908d862d,마일도,registered,loadScript ' t,loadScript ' t,loadScript('//t,,,buy,구매,1,,,missing,unknown,unknown,unknown,,active,excluded,needs_review,"가격 후보 재검토 필요, 가격 미기재, 스크립트·광고 문구로 추정되는 오염 행",missing,no,no,"loadScript('//t1.kakaocdn.net/kas/static/ba.min.js', true);"
1dff82e5e45994dd07c5eb88,digimontcg,디지몬 카드게임,2026-08,2026-08-13T10:31:51+09:00,known,23887ea52c7fe2b4177ff172,1dff82e5e45994dd07c5eb88,474827,https://m.dcinside.com/board/digimontcg/474827,실피드몬과 리키/이재하 페레 구합니다,seller-47ffcdc15dc85fce908d862d,마일도,registered,var safe = window.dcAd && window.dcAd.safe ==,var safe = window.dcAd && window.dcAd.safe ==,var safe = (window.dcAd && window.dcAd.safe ==,,,buy,구매,1,1,10000,estimated,bundle,text,unknown,,active,excluded,needs_review,"가격 단위 추정, 복수 카드 가격, 배송비 포함 여부 미확정, 묶음·세트 총액 · 개별 카드 가격 아님, 스크립트·광고 문구로 추정되는 오염 행",estimated,no,no,var safe = (window.dcAd && window.dcAd.safe == 1)
1e52c023ce59c2cb96154772,digimontcg,디지몬 카드게임,2026-08,2026-08-13T10:31:51+09:00,known,79fc4ccbd89ef1b4908d7fa0,1e52c023ce59c2cb96154772,474827,https://m.dcinside.com/board/digimontcg/474827,실피드몬과 리키/이재하 페레 구합니다,seller-47ffcdc15dc85fce908d862d,마일도,registered,,,,,,buy,구매,1,0.7,7000,estimated,per_card,text,unknown,,active,needs_review,needs_review,"가격 단위 추정, 수량 표기 감지, 배송비 포함 여부 미확정, 카드명 확인 필요",estimated,yes,no,1장 0.7에 구합니다
21d1e2b6f77d170a155aa57a,digimontcg,디지몬 카드게임,2026-08,2026-08-13T10:31:51+09:00,known,c34b2a824f506b35651c2452,21d1e2b6f77d170a155aa57a,474827,https://m.dcinside.com/board/digimontcg/474827,실피드몬과 리키/이재하 페레 구합니다,seller-47ffcdc15dc85fce908d862d,마일도,registered,loadScript ' t,loadScript ' t,loadScript('//t,,,buy,구매,1,,,missing,unknown,unknown,unknown,,active,excluded,needs_review,"가격 후보 재검토 필요, 가격 미기재, 스크립트·광고 문구로 추정되는 오염 행",missing,no,no,"loadScript('//t1.kakaocdn.net/kas/static/ba.min.js', true);"
2a10b77f6b7406e74d6fb6fd,digimontcg,디지몬 카드게임,2026-08,2026-08-13T10:31:51+09:00,known,23887ea52c7fe2b4177ff172,2a10b77f6b7406e74d6fb6fd,474827,https://m.dcinside.com/board/digimontcg/474827,실피드몬과 리키/이재하 페레 구합니다,seller-47ffcdc15dc85fce908d862d,마일도,registered,DOM 삽입 헬퍼 현재 스크립트 위치 기준,DOM 삽입 헬퍼 현재 스크립트 위치 기준,// ---- DOM 삽입 헬퍼 (현재 스크립트 위치 기준,,,buy,구매,1,,,missing,unknown,unknown,unknown,,active,excluded,needs_review,"가격 후보 재검토 필요, 가격 미기재, 스크립트·광고 문구로 추정되는 오염 행",missing,no,no,// ---- DOM 삽입 헬퍼 (현재 스크립트 위치 기준1)
2c9ad17cd5273b0d4fc6a09b,digimontcg,디지몬 카드게임,2026-08,2026-08-13T10:31:51+09:00,known,62860f32a3815993e3bda9a2,2c9ad17cd5273b0d4fc6a09b,474827,https://m.dcinside.com/board/digimontcg/474827,실피드몬과 리키/이재하 페레 구합니다,seller-47ffcdc15dc85fce908d862d,마일도,registered,var safe = window.dcAd && window.dcAd.safe ==,var safe = window.dcAd && window.dcAd.safe ==,var safe = (window.dcAd && window.dcAd.safe ==,,,buy,구매,1,1,10000,estimated,bundle,text,unknown,,active,excluded,needs_review,"가격 단위 추정, 복수 카드 가격, 배송비 포함 여부 미확정, 묶음·세트 총액 · 개별 카드 가격 아님, 스크립트·광고 문구로 추정되는 오염 행",estimated,no,no,var safe = (window.dcAd && window.dcAd.safe == 1)
2f36f6f438fe7a23a15962fd,digimontcg,디지몬 카드게임,2026-08,2026-08-13T10:31:51+09:00,known,fad62724e8f30c28cae4470a,2f36f6f438fe7a23a15962fd,474827,https://m.dcinside.com/board/digimontcg/474827,실피드몬과 리키/이재하 페레 구합니다,seller-47ffcdc15dc85fce908d862d,마일도,registered,loadScript 'https pagead,loadScript 'https pagead,loadScript('https://pagead,,,buy,구매,1,,,missing,unknown,unknown,unknown,,active,excluded,needs_review,"가격 후보 재검토 필요, 가격 미기재, 스크립트·광고 문구로 추정되는 오염 행",missing,no,no,"loadScript('https://pagead2.googlesyndication.com/pagead/js/adsbygoogle_direct.js?client=ca-pub-8171468792791627', true, 'anonymous');"
31ffe286dc4014f494c209eb,digimontcg,디지몬 카드게임,2026-08,2026-08-13T10:31:51+09:00,known,79fc4ccbd89ef1b4908d7fa0,31ffe286dc4014f494c209eb,474827,https://m.dcinside.com/board/digimontcg/474827,실피드몬과 리키/이재하 페레 구합니다,seller-47ffcdc15dc85fce908d862d,마일도,registered,loadScript ' t,loadScript ' t,loadScript('//t,,,buy,구매,1,,,missing,unknown,unknown,unknown,,active,excluded,needs_review,"가격 후보 재검토 필요, 가격 미기재, 스크립트·광고 문구로 추정되는 오염 행",missing,no,no,"loadScript('//t1.kakaocdn.net/kas/static/ba.min.js', true);"
38e4f478d69e9575de54f670,digimontcg,디지몬 카드게임,2026-08,2026-08-13T10:31:51+09:00,known,23887ea52c7fe2b4177ff172,38e4f478d69e9575de54f670,474827,https://m.dcinside.com/board/digimontcg/474827,실피드몬과 리키/이재하 페레 구합니다,seller-47ffcdc15dc85fce908d862d,마일도,registered,loadScript ' t,loadScript ' t,loadScript('//t,,,buy,구매,1,,,missing,unknown,unknown,unknown,,active,excluded,needs_review,"가격 후보 재검토 필요, 가격 미기재, 스크립트·광고 문구로 추정되는 오염 행",missing,no,no,"loadScript('//t1.kakaocdn.net/kas/static/ba.min.js', true);"
3dcdda7aecfd3a17fbe1b7cb,digimontcg,디지몬 카드게임,2026-08,2026-08-13T10:31:51+09:00,known,8b2aa507620f27e0a7cfb26a,3dcdda7aecfd3a17fbe1b7cb,474827,https://m.dcinside.com/board/digimontcg/474827,실피드몬과 리키/이재하 페레 구합니다,seller-47ffcdc15dc85fce908d862d,마일도,registered,loadScript 'https pagead,loadScript 'https pagead,loadScript('https://pagead,,,buy,구매,1,,,missing,unknown,unknown,unknown,,active,excluded,needs_review,"가격 후보 재검토 필요, 가격 미기재, 스크립트·광고 문구로 추정되는 오염 행",missing,no,no,"loadScript('https://pagead2.googlesyndication.com/pagead/js/adsbygoogle_direct.js?client=ca-pub-8171468792791627', true, 'anonymous');"
3f1821edb403a2a8fb88880a,digimontcg,디지몬 카드게임,2026-08,2026-08-13T10:31:51+09:00,known,79fc4ccbd89ef1b4908d7fa0,3f1821edb403a2a8fb88880a,474827,https://m.dcinside.com/board/digimontcg/474827,실피드몬과 리키/이재하 페레 구합니다,seller-47ffcdc15dc85fce908d862d,마일도,registered,,장당,장당,,,buy,구매,1,0.7,7000,estimated,per_card,text,unknown,,active,excluded,needs_review,"가격 단위 추정, 배송비 포함 여부 미확정, 스크립트·광고 문구로 추정되는 오염 행",estimated,yes,no,장당 0.7에 3장 구합니다
4a014243ef4b9bdb12ffc0d4,digimontcg,디지몬 카드게임,2026-08,2026-08-13T10:31:51+09:00,known,23887ea52c7fe2b4177ff172,4a014243ef4b9bdb12ffc0d4,474827,https://m.dcinside.com/board/digimontcg/474827,실피드몬과 리키/이재하 페레 구합니다,seller-47ffcdc15dc85fce908d862d,마일도,registered,loadScript 'https pagead,loadScript 'https pagead,loadScript('https://pagead,,,buy,구매,1,,,missing,unknown,unknown,unknown,,active,excluded,needs_review,"가격 후보 재검토 필요, 가격 미기재, 스크립트·광고 문구로 추정되는 오염 행",missing,no,no,"loadScript('https://pagead2.googlesyndication.com/pagead/js/adsbygoogle_direct.js?client=ca-pub-8171468792791627', true, 'anonymous');"
502045ba1999646a130621cc,digimontcg,디지몬 카드게임,2026-08,2026-08-13T10:31:51+09:00,known,fad62724e8f30c28cae4470a,502045ba1999646a130621cc,474827,https://m.dcinside.com/board/digimontcg/474827,실피드몬과 리키/이재하 페레 구합니다,seller-47ffcdc15dc85fce908d862d,마일도,registered,loadScript ' t,loadScript ' t,loadScript('//t,,,buy,구매,1,,,missing,unknown,unknown,unknown,,active,excluded,needs_review,"가격 후보 재검토 필요, 가격 미기재, 스크립트·광고 문구로 추정되는 오염 행",missing,no,no,"loadScript('//t1.kakaocdn.net/kas/static/ba.min.js', true);"
5646e716b536a5eeec0ce849,digimontcg,디지몬 카드게임,2026-08,2026-08-13T10:31:51+09:00,known,8b2aa507620f27e0a7cfb26a,5646e716b536a5eeec0ce849,474827,https://m.dcinside.com/board/digimontcg/474827,실피드몬과 리키/이재하 페레 구합니다,seller-47ffcdc15dc85fce908d862d,마일도,registered,,,,,,buy,구매,1,0.7,7000,estimated,per_card,text,unknown,,active,needs_review,needs_review,"가격 단위 추정, 수량 표기 감지, 배송비 포함 여부 미확정, 카드명 확인 필요",estimated,yes,no,1장 0.7에 구합니다
565b903d9bd91fdfb365d160,digimontcg,디지몬 카드게임,2026-08,2026-08-13T10:31:51+09:00,known,c34b2a824f506b35651c2452,565b903d9bd91fdfb365d160,474827,https://m.dcinside.com/board/digimontcg/474827,실피드몬과 리키/이재하 페레 구합니다,seller-47ffcdc15dc85fce908d862d,마일도,registered,var safe = window.dcAd && window.dcAd.safe ==,var safe = window.dcAd && window.dcAd.safe ==,var safe = (window.dcAd && window.dcAd.safe ==,,,buy,구매,1,1,10000,estimated,bundle,text,unknown,,active,excluded,needs_review,"가격 단위 추정, 복수 카드 가격, 배송비 포함 여부 미확정, 묶음·세트 총액 · 개별 카드 가격 아님, 스크립트·광고 문구로 추정되는 오염 행",estimated,no,no,var safe = (window.dcAd && window.dcAd.safe == 1)
5bb2c6d665d8866108f05764,digimontcg,디지몬 카드게임,2026-08,2026-08-13T10:31:51+09:00,known,79fc4ccbd89ef1b4908d7fa0,5bb2c6d665d8866108f05764,474827,https://m.dcinside.com/board/digimontcg/474827,실피드몬과 리키/이재하 페레 구합니다,seller-47ffcdc15dc85fce908d862d,마일도,registered,DOM 삽입 헬퍼 현재 스크립트 위치 기준,DOM 삽입 헬퍼 현재 스크립트 위치 기준,// ---- DOM 삽입 헬퍼 (현재 스크립트 위치 기준,,,buy,구매,1,,,missing,unknown,unknown,unknown,,active,excluded,needs_review,"가격 후보 재검토 필요, 가격 미기재, 스크립트·광고 문구로 추정되는 오염 행",missing,no,no,// ---- DOM 삽입 헬퍼 (현재 스크립트 위치 기준1)
5efe05883284dfefe9ff92f5,digimontcg,디지몬 카드게임,2026-08,2026-08-13T10:31:51+09:00,known,5a50dfc35669fc6edcfa26e8,5efe05883284dfefe9ff92f5,474827,https://m.dcinside.com/board/digimontcg/474827,실피드몬과 리키/이재하 페레 구합니다,seller-47ffcdc15dc85fce908d862d,마일도,registered,var safe = window.dcAd && window.dcAd.safe ==,var safe = window.dcAd && window.dcAd.safe ==,var safe = (window.dcAd && window.dcAd.safe ==,,,buy,구매,1,1,10000,estimated,bundle,text,unknown,,active,excluded,needs_review,"가격 단위 추정, 복수 카드 가격, 배송비 포함 여부 미확정, 묶음·세트 총액 · 개별 카드 가격 아님, 스크립트·광고 문구로 추정되는 오염 행",estimated,no,no,var safe = (window.dcAd && window.dcAd.safe == 1)
6f52f9e05351eb2068e7374e,digimontcg,디지몬 카드게임,2026-08,2026-08-13T10:31:51+09:00,known,23887ea52c7fe2b4177ff172,6f52f9e05351eb2068e7374e,474827,https://m.dcinside.com/board/digimontcg/474827,실피드몬과 리키/이재하 페레 구합니다,seller-47ffcdc15dc85fce908d862d,마일도,registered,,장당,장당,,,buy,구매,1,0.7,7000,estimated,per_card,text,unknown,,active,excluded,needs_review,"가격 단위 추정, 배송비 포함 여부 미확정, 스크립트·광고 문구로 추정되는 오염 행",estimated,yes,no,장당 0.7에 3장 구합니다
7b64dab6c5e26e14648b92d4,digimontcg,디지몬 카드게임,2026-08,2026-08-13T10:31:51+09:00,known,79fc4ccbd89ef1b4908d7fa0,7b64dab6c5e26e14648b92d4,474827,https://m.dcinside.com/board/digimontcg/474827,실피드몬과 리키/이재하 페레 구합니다,seller-47ffcdc15dc85fce908d862d,마일도,registered,var safe = window.dcAd && window.dcAd.safe ==,var safe = window.dcAd && window.dcAd.safe ==,var safe = (window.dcAd && window.dcAd.safe ==,,,buy,구매,1,1,10000,estimated,bundle,text,unknown,,active,excluded,needs_review,"가격 단위 추정, 복수 카드 가격, 배송비 포함 여부 미확정, 묶음·세트 총액 · 개별 카드 가격 아님, 스크립트·광고 문구로 추정되는 오염 행",estimated,no,no,var safe = (window.dcAd && window.dcAd.safe == 1)
896b48328a2cca39fe920aa9,digimontcg,디지몬 카드게임,2026-08,2026-08-13T10:31:51+09:00,known,fad62724e8f30c28cae4470a,896b48328a2cca39fe920aa9,474827,https://m.dcinside.com/board/digimontcg/474827,실피드몬과 리키/이재하 페레 구합니다,seller-47ffcdc15dc85fce908d862d,마일도,registered,var safe = window.dcAd && window.dcAd.safe ==,var safe = window.dcAd && window.dcAd.safe ==,var safe = (window.dcAd && window.dcAd.safe ==,,,buy,구매,1,1,10000,estimated,bundle,text,unknown,,active,excluded,needs_review,"가격 단위 추정, 복수 카드 가격, 배송비 포함 여부 미확정, 묶음·세트 총액 · 개별 카드 가격 아님, 스크립트·광고 문구로 추정되는 오염 행",estimated,no,no,var safe = (window.dcAd && window.dcAd.safe == 1)
956b6851420662ef3b3597d1,digimontcg,디지몬 카드게임,2026-08,2026-08-13T10:31:51+09:00,known,8b2aa507620f27e0a7cfb26a,956b6851420662ef3b3597d1,474827,https://m.dcinside.com/board/digimontcg/474827,실피드몬과 리키/이재하 페레 구합니다,seller-47ffcdc15dc85fce908d862d,마일도,registered,var safe = window.dcAd && window.dcAd.safe ==,var safe = window.dcAd && window.dcAd.safe ==,var safe = (window.dcAd && window.dcAd.safe ==,,,buy,구매,1,1,10000,estimated,bundle,text,unknown,,active,excluded,needs_review,"가격 단위 추정, 복수 카드 가격, 배송비 포함 여부 미확정, 묶음·세트 총액 · 개별 카드 가격 아님, 스크립트·광고 문구로 추정되는 오염 행",estimated,no,no,var safe = (window.dcAd && window.dcAd.safe == 1)
9e9daf34ea45609c0d95e41b,digimontcg,디지몬 카드게임,2026-08,2026-08-13T10:31:51+09:00,known,fad62724e8f30c28cae4470a,9e9daf34ea45609c0d95e41b,474827,https://m.dcinside.com/board/digimontcg/474827,실피드몬과 리키/이재하 페레 구합니다,seller-47ffcdc15dc85fce908d862d,마일도,registered,DOM 삽입 헬퍼 현재 스크립트 위치 기준,DOM 삽입 헬퍼 현재 스크립트 위치 기준,// ---- DOM 삽입 헬퍼 (현재 스크립트 위치 기준,,,buy,구매,1,,,missing,unknown,unknown,unknown,,active,excluded,needs_review,"가격 후보 재검토 필요, 가격 미기재, 스크립트·광고 문구로 추정되는 오염 행",missing,no,no,// ---- DOM 삽입 헬퍼 (현재 스크립트 위치 기준1)
b36ea3e8d2134f8a86589720,digimontcg,디지몬 카드게임,2026-08,2026-08-13T10:31:51+09:00,known,c34b2a824f506b35651c2452,b36ea3e8d2134f8a86589720,474827,https://m.dcinside.com/board/digimontcg/474827,실피드몬과 리키/이재하 페레 구합니다,seller-47ffcdc15dc85fce908d862d,마일도,registered,,장당,장당,,,buy,구매,1,0.7,7000,estimated,per_card,text,unknown,,active,excluded,needs_review,"가격 단위 추정, 배송비 포함 여부 미확정, 스크립트·광고 문구로 추정되는 오염 행",estimated,yes,no,장당 0.7에 3장 구합니다
b75b59f6e628adabb2387cb2,digimontcg,디지몬 카드게임,2026-08,2026-08-13T10:31:51+09:00,known,5a50dfc35669fc6edcfa26e8,b75b59f6e628adabb2387cb2,474827,https://m.dcinside.com/board/digimontcg/474827,실피드몬과 리키/이재하 페레 구합니다,seller-47ffcdc15dc85fce908d862d,마일도,registered,loadScript 'https pagead,loadScript 'https pagead,loadScript('https://pagead,,,buy,구매,1,,,missing,unknown,unknown,unknown,,active,excluded,needs_review,"가격 후보 재검토 필요, 가격 미기재, 스크립트·광고 문구로 추정되는 오염 행",missing,no,no,"loadScript('https://pagead2.googlesyndication.com/pagead/js/adsbygoogle_direct.js?client=ca-pub-8171468792791627', true, 'anonymous');"
b9bb28ab5b430cd14fb2f5cd,digimontcg,디지몬 카드게임,2026-08,2026-08-13T10:31:51+09:00,known,c34b2a824f506b35651c2452,b9bb28ab5b430cd14fb2f5cd,474827,https://m.dcinside.com/board/digimontcg/474827,실피드몬과 리키/이재하 페레 구합니다,seller-47ffcdc15dc85fce908d862d,마일도,registered,loadScript 'https pagead,loadScript 'https pagead,loadScript('https://pagead,,,buy,구매,1,,,missing,unknown,unknown,unknown,,active,excluded,needs_review,"가격 후보 재검토 필요, 가격 미기재, 스크립트·광고 문구로 추정되는 오염 행",missing,no,no,"loadScript('https://pagead2.googlesyndication.com/pagead/js/adsbygoogle_direct.js?client=ca-pub-8171468792791627', true, 'anonymous');"
ba6aec88249dbcb48e5dde52,digimontcg,디지몬 카드게임,2026-08,2026-08-13T10:31:51+09:00,known,62860f32a3815993e3bda9a2,ba6aec88249dbcb48e5dde52,474827,https://m.dcinside.com/board/digimontcg/474827,실피드몬과 리키/이재하 페레 구합니다,seller-47ffcdc15dc85fce908d862d,마일도,registered,,,,,,buy,구매,1,0.7,7000,estimated,per_card,text,unknown,,active,needs_review,needs_review,"가격 단위 추정, 수량 표기 감지, 배송비 포함 여부 미확정, 카드명 확인 필요",estimated,yes,no,1장 0.7에 구합니다
c16fa602f4b85a4efe7991d7,digimontcg,디지몬 카드게임,2026-08,2026-08-13T10:31:51+09:00,known,62860f32a3815993e3bda9a2,c16fa602f4b85a4efe7991d7,474827,https://m.dcinside.com/board/digimontcg/474827,실피드몬과 리키/이재하 페레 구합니다,seller-47ffcdc15dc85fce908d862d,마일도,registered,loadScript ' t,loadScript ' t,loadScript('//t,,,buy,구매,1,,,missing,unknown,unknown,unknown,,active,excluded,needs_review,"가격 후보 재검토 필요, 가격 미기재, 스크립트·광고 문구로 추정되는 오염 행",missing,no,no,"loadScript('//t1.kakaocdn.net/kas/static/ba.min.js', true);"
c9271a186f52da2cdfc33c3d,digimontcg,디지몬 카드게임,2026-08,2026-08-13T10:31:51+09:00,known,5a50dfc35669fc6edcfa26e8,c9271a186f52da2cdfc33c3d,474827,https://m.dcinside.com/board/digimontcg/474827,실피드몬과 리키/이재하 페레 구합니다,seller-47ffcdc15dc85fce908d862d,마일도,registered,loadScript ' t,loadScript ' t,loadScript('//t,,,buy,구매,1,,,missing,unknown,unknown,unknown,,active,excluded,needs_review,"가격 후보 재검토 필요, 가격 미기재, 스크립트·광고 문구로 추정되는 오염 행",missing,no,no,"loadScript('//t1.kakaocdn.net/kas/static/ba.min.js', true);"
c9c0215a2e7e067552f0a5d5,digimontcg,디지몬 카드게임,2026-08,2026-08-13T10:31:51+09:00,known,c34b2a824f506b35651c2452,c9c0215a2e7e067552f0a5d5,474827,https://m.dcinside.com/board/digimontcg/474827,실피드몬과 리키/이재하 페레 구합니다,seller-47ffcdc15dc85fce908d862d,마일도,registered,,,,,,buy,구매,1,0.7,7000,estimated,per_card,text,unknown,,active,needs_review,needs_review,"가격 단위 추정, 수량 표기 감지, 배송비 포함 여부 미확정, 카드명 확인 필요",estimated,yes,no,1장 0.7에 구합니다
d2efac4457531ef4c4ad58f8,digimontcg,디지몬 카드게임,2026-08,2026-08-13T10:31:51+09:00,known,fad62724e8f30c28cae4470a,d2efac4457531ef4c4ad58f8,474827,https://m.dcinside.com/board/digimontcg/474827,실피드몬과 리키/이재하 페레 구합니다,seller-47ffcdc15dc85fce908d862d,마일도,registered,,,,,,buy,구매,1,0.7,7000,estimated,per_card,text,unknown,,active,needs_review,needs_review,"가격 단위 추정, 수량 표기 감지, 배송비 포함 여부 미확정, 카드명 확인 필요",estimated,yes,no,1장 0.7에 구합니다
dbd18dd343c6bb0455d786fa,digimontcg,디지몬 카드게임,2026-08,2026-08-13T10:31:51+09:00,known,fad62724e8f30c28cae4470a,dbd18dd343c6bb0455d786fa,474827,https://m.dcinside.com/board/digimontcg/474827,실피드몬과 리키/이재하 페레 구합니다,seller-47ffcdc15dc85fce908d862d,마일도,registered,,장당,장당,,,buy,구매,1,0.7,7000,estimated,per_card,text,unknown,,active,excluded,needs_review,"가격 단위 추정, 배송비 포함 여부 미확정, 스크립트·광고 문구로 추정되는 오염 행",estimated,yes,no,장당 0.7에 3장 구합니다
dc9fbe97d4b4b9e9cd6cfebf,digimontcg,디지몬 카드게임,2026-08,2026-08-13T10:31:51+09:00,known,62860f32a3815993e3bda9a2,dc9fbe97d4b4b9e9cd6cfebf,474827,https://m.dcinside.com/board/digimontcg/474827,실피드몬과 리키/이재하 페레 구합니다,seller-47ffcdc15dc85fce908d862d,마일도,registered,loadScript 'https pagead,loadScript 'https pagead,loadScript('https://pagead,,,buy,구매,1,,,missing,unknown,unknown,unknown,,active,excluded,needs_review,"가격 후보 재검토 필요, 가격 미기재, 스크립트·광고 문구로 추정되는 오염 행",missing,no,no,"loadScript('https://pagead2.googlesyndication.com/pagead/js/adsbygoogle_direct.js?client=ca-pub-8171468792791627', true, 'anonymous');"
e19e265d62cd0a9920153b6a,digimontcg,디지몬 카드게임,2026-08,2026-08-13T10:31:51+09:00,known,23887ea52c7fe2b4177ff172,e19e265d62cd0a9920153b6a,474827,https://m.dcinside.com/board/digimontcg/474827,실피드몬과 리키/이재하 페레 구합니다,seller-47ffcdc15dc85fce908d862d,마일도,registered,,,,,,buy,구매,1,0.7,7000,estimated,per_card,text,unknown,,active,needs_review,needs_review,"가격 단위 추정, 수량 표기 감지, 배송비 포함 여부 미확정, 카드명 확인 필요",estimated,yes,no,1장 0.7에 구합니다
e2fe8b48358fabc46f7623a5,digimontcg,디지몬 카드게임,2026-08,2026-08-13T10:31:51+09:00,known,8b2aa507620f27e0a7cfb26a,e2fe8b48358fabc46f7623a5,474827,https://m.dcinside.com/board/digimontcg/474827,실피드몬과 리키/이재하 페레 구합니다,seller-47ffcdc15dc85fce908d862d,마일도,registered,DOM 삽입 헬퍼 현재 스크립트 위치 기준,DOM 삽입 헬퍼 현재 스크립트 위치 기준,// ---- DOM 삽입 헬퍼 (현재 스크립트 위치 기준,,,buy,구매,1,,,missing,unknown,unknown,unknown,,active,excluded,needs_review,"가격 후보 재검토 필요, 가격 미기재, 스크립트·광고 문구로 추정되는 오염 행",missing,no,no,// ---- DOM 삽입 헬퍼 (현재 스크립트 위치 기준1)
e87e01818ffb81a08b742885,digimontcg,디지몬 카드게임,2026-08,2026-08-13T10:31:51+09:00,known,c34b2a824f506b35651c2452,e87e01818ffb81a08b742885,474827,https://m.dcinside.com/board/digimontcg/474827,실피드몬과 리키/이재하 페레 구합니다,seller-47ffcdc15dc85fce908d862d,마일도,registered,DOM 삽입 헬퍼 현재 스크립트 위치 기준,DOM 삽입 헬퍼 현재 스크립트 위치 기준,// ---- DOM 삽입 헬퍼 (현재 스크립트 위치 기준,,,buy,구매,1,,,missing,unknown,unknown,unknown,,active,excluded,needs_review,"가격 후보 재검토 필요, 가격 미기재, 스크립트·광고 문구로 추정되는 오염 행",missing,no,no,// ---- DOM 삽입 헬퍼 (현재 스크립트 위치 기준1)
eee97578abdcf18531fcf691,digimontcg,디지몬 카드게임,2026-08,2026-08-13T10:31:51+09:00,known,8b2aa507620f27e0a7cfb26a,eee97578abdcf18531fcf691,474827,https://m.dcinside.com/board/digimontcg/474827,실피드몬과 리키/이재하 페레 구합니다,seller-47ffcdc15dc85fce908d862d,마일도,registered,,장당,장당,,,buy,구매,1,0.7,7000,estimated,per_card,text,unknown,,active,excluded,needs_review,"가격 단위 추정, 배송비 포함 여부 미확정, 스크립트·광고 문구로 추정되는 오염 행",estimated,yes,no,장당 0.7에 3장 구합니다
f07981e962a8cbf524c8c969,digimontcg,디지몬 카드게임,2026-08,2026-08-13T10:31:51+09:00,known,5a50dfc35669fc6edcfa26e8,f07981e962a8cbf524c8c969,474827,https://m.dcinside.com/board/digimontcg/474827,실피드몬과 리키/이재하 페레 구합니다,seller-47ffcdc15dc85fce908d862d,마일도,registered,,장당,장당,,,buy,구매,1,0.7,7000,estimated,per_card,text,unknown,,active,excluded,needs_review,"가격 단위 추정, 배송비 포함 여부 미확정, 스크립트·광고 문구로 추정되는 오염 행",estimated,yes,no,장당 0.7에 3장 구합니다
f5fb32e3fa5b17ecd153117a,digimontcg,디지몬 카드게임,2026-08,2026-08-13T10:31:51+09:00,known,5a50dfc35669fc6edcfa26e8,f5fb32e3fa5b17ecd153117a,474827,https://m.dcinside.com/board/digimontcg/474827,실피드몬과 리키/이재하 페레 구합니다,seller-47ffcdc15dc85fce908d862d,마일도,registered,DOM 삽입 헬퍼 현재 스크립트 위치 기준,DOM 삽입 헬퍼 현재 스크립트 위치 기준,// ---- DOM 삽입 헬퍼 (현재 스크립트 위치 기준,,,buy,구매,1,,,missing,unknown,unknown,unknown,,active,excluded,needs_review,"가격 후보 재검토 필요, 가격 미기재, 스크립트·광고 문구로 추정되는 오염 행",missing,no,no,// ---- DOM 삽입 헬퍼 (현재 스크립트 위치 기준1)
ff018a667b4b4d3400c14bf4,digimontcg,디지몬 카드게임,2026-08,2026-08-13T10:31:51+09:00,known,79fc4ccbd89ef1b4908d7fa0,ff018a667b4b4d3400c14bf4,474827,https://m.dcinside.com/board/digimontcg/474827,실피드몬과 리키/이재하 페레 구합니다,seller-47ffcdc15dc85fce908d862d,마일도,registered,loadScript 'https pagead,loadScript 'https pagead,loadScript('https://pagead,,,buy,구매,1,,,missing,unknown,unknown,unknown,,active,excluded,needs_review,"가격 후보 재검토 필요, 가격 미기재, 스크립트·광고 문구로 추정되는 오염 행",missing,no,no,"loadScript('https://pagead2.googlesyndication.com/pagead/js/adsbygoogle_direct.js?client=ca-pub-8171468792791627', true, 'anonymous');"
0ccac21bd7b0d761fdf3d70e,digimontcg,디지몬 카드게임,2026-08,2026-08-13T10:39:37+09:00,known,ec36ae8a13dc200bf4706f56,0ccac21bd7b0d761fdf3d70e,474831,https://m.dcinside.com/board/digimontcg/474831,EX베르스타몬X항체 4장까지 구매합니다.,seller-b1ea684eda581f97f63694b8,Mixw9,registered,EX7 베르스타 X항체,EX7 베르스타 X항체,EX7 베르스타 X항체 장당,,,buy,구매,1,3.0,30000,estimated,per_card,text,unknown,,active,needs_review,needs_review,"가격 단위 추정, 배송비 포함 여부 미확정",estimated,yes,no,EX7 베르스타 X항체 장당 3.0
0f3ea3c884a821b6af3e096c,digimontcg,디지몬 카드게임,2026-08,2026-08-13T10:39:37+09:00,known,c1eba1572f39555952629261,0f3ea3c884a821b6af3e096c,474831,https://m.dcinside.com/board/digimontcg/474831,EX베르스타몬X항체 4장까지 구매합니다.,seller-b1ea684eda581f97f63694b8,Mixw9,registered,현재 보유,현재 보유,현재 보유 : (4/,,,buy,구매,1,4,40000,estimated,bundle,text,unknown,,active,needs_review,needs_review,"가격 단위 추정, 복수 카드 가격, 배송비 포함 여부 미확정, 묶음·세트 총액 · 개별 카드 가격 아님",estimated,no,no,현재 보유 : (4/4) (거래중포함)
1e5685f146c5f4de1270795f,digimontcg,디지몬 카드게임,2026-08,2026-08-13T10:39:37+09:00,known,3dfc9fa0e3762aa5bf1ae821,1e5685f146c5f4de1270795f,474831,https://m.dcinside.com/board/digimontcg/474831,EX베르스타몬X항체 4장까지 구매합니다.,seller-b1ea684eda581f97f63694b8,Mixw9,registered,현재 보유,현재 보유,현재 보유 : (4/,,,buy,구매,1,4,40000,estimated,bundle,text,unknown,,active,needs_review,needs_review,"가격 단위 추정, 복수 카드 가격, 배송비 포함 여부 미확정, 묶음·세트 총액 · 개별 카드 가격 아님",estimated,no,no,현재 보유 : (4/4) (거래중포함)
203c8cdf8e6ade36cc5233c3,digimontcg,디지몬 카드게임,2026-08,2026-08-13T10:39:37+09:00,known,b9cfe27b3524ddb3665da5c9,203c8cdf8e6ade36cc5233c3,474831,https://m.dcinside.com/board/digimontcg/474831,EX베르스타몬X항체 4장까지 구매합니다.,seller-b1ea684eda581f97f63694b8,Mixw9,registered,현재 보유,현재 보유,현재 보유 : (4/,,,buy,구매,1,4,40000,estimated,bundle,text,unknown,,active,needs_review,needs_review,"가격 단위 추정, 복수 카드 가격, 배송비 포함 여부 미확정, 묶음·세트 총액 · 개별 카드 가격 아님",estimated,no,no,현재 보유 : (4/4) (거래중포함)
307abfe75977da784c957b87,digimontcg,디지몬 카드게임,2026-08,2026-08-13T10:39:37+09:00,known,ec36ae8a13dc200bf4706f56,307abfe75977da784c957b87,474831,https://m.dcinside.com/board/digimontcg/474831,EX베르스타몬X항체 4장까지 구매합니다.,seller-b1ea684eda581f97f63694b8,Mixw9,registered,현재 보유,현재 보유,현재 보유 : (4/,,,buy,구매,1,4,40000,estimated,bundle,text,unknown,,active,needs_review,needs_review,"가격 단위 추정, 복수 카드 가격, 배송비 포함 여부 미확정, 묶음·세트 총액 · 개별 카드 가격 아님",estimated,no,no,현재 보유 : (4/4) (거래중포함)
3e4f63cb45372e3cc0bce35b,digimontcg,디지몬 카드게임,2026-08,2026-08-13T10:39:37+09:00,known,078daca7e341b3adeecacd13,3e4f63cb45372e3cc0bce35b,474831,https://m.dcinside.com/board/digimontcg/474831,EX베르스타몬X항체 4장까지 구매합니다.,seller-b1ea684eda581f97f63694b8,Mixw9,registered,현재 보유,현재 보유,현재 보유 : (4/,,,buy,구매,1,4,40000,estimated,bundle,text,unknown,,active,needs_review,needs_review,"가격 단위 추정, 복수 카드 가격, 배송비 포함 여부 미확정, 묶음·세트 총액 · 개별 카드 가격 아님",estimated,no,no,현재 보유 : (4/4) (거래중포함)
6dbb14ef657bb2dc62b522fd,digimontcg,디지몬 카드게임,2026-08,2026-08-13T10:39:37+09:00,known,3dfc9fa0e3762aa5bf1ae821,6dbb14ef657bb2dc62b522fd,474831,https://m.dcinside.com/board/digimontcg/474831,EX베르스타몬X항체 4장까지 구매합니다.,seller-b1ea684eda581f97f63694b8,Mixw9,registered,EX7 베르스타 X항체,EX7 베르스타 X항체,EX7 베르스타 X항체 장당,,,buy,구매,1,3.0,30000,estimated,per_card,text,unknown,,active,needs_review,needs_review,"가격 단위 추정, 배송비 포함 여부 미확정",estimated,yes,no,EX7 베르스타 X항체 장당 3.0
733035187d64f023c33f3717,digimontcg,디지몬 카드게임,2026-08,2026-08-13T10:39:37+09:00,known,46d74813a4f48c813990e596,733035187d64f023c33f3717,474831,https://m.dcinside.com/board/digimontcg/474831,EX베르스타몬X항체 4장까지 구매합니다.,seller-b1ea684eda581f97f63694b8,Mixw9,registered,현재 보유,현재 보유,현재 보유 : (4/,,,buy,구매,1,4,40000,estimated,bundle,text,unknown,,active,needs_review,needs_review,"가격 단위 추정, 복수 카드 가격, 배송비 포함 여부 미확정, 묶음·세트 총액 · 개별 카드 가격 아님",estimated,no,no,현재 보유 : (4/4) (거래중포함)
83af4cbe490c5968d2563230,digimontcg,디지몬 카드게임,2026-08,2026-08-13T10:39:37+09:00,known,972245ceeb4d0564e0f20d75,83af4cbe490c5968d2563230,474831,https://m.dcinside.com/board/digimontcg/474831,EX베르스타몬X항체 4장까지 구매합니다.,seller-b1ea684eda581f97f63694b8,Mixw9,registered,현재 보유,현재 보유,현재 보유 : (4/,,,buy,구매,1,4,40000,estimated,bundle,text,unknown,,active,needs_review,needs_review,"가격 단위 추정, 복수 카드 가격, 배송비 포함 여부 미확정, 묶음·세트 총액 · 개별 카드 가격 아님",estimated,no,no,현재 보유 : (4/4) (거래중포함)
85d3e3afec43ba81fdffaccd,digimontcg,디지몬 카드게임,2026-08,2026-08-13T10:39:37+09:00,known,32dc55daac0e5f8851095ce2,85d3e3afec43ba81fdffaccd,474831,https://m.dcinside.com/board/digimontcg/474831,EX베르스타몬X항체 4장까지 구매합니다.,seller-b1ea684eda581f97f63694b8,Mixw9,registered,현재 보유,현재 보유,현재 보유 : (4/,,,buy,구매,1,4,40000,estimated,bundle,text,unknown,,active,needs_review,needs_review,"가격 단위 추정, 복수 카드 가격, 배송비 포함 여부 미확정, 묶음·세트 총액 · 개별 카드 가격 아님",estimated,no,no,현재 보유 : (4/4) (거래중포함)
8fe406df2fd284649ddee8e5,digimontcg,디지몬 카드게임,2026-08,2026-08-13T10:39:37+09:00,known,b9cfe27b3524ddb3665da5c9,8fe406df2fd284649ddee8e5,474831,https://m.dcinside.com/board/digimontcg/474831,EX베르스타몬X항체 4장까지 구매합니다.,seller-b1ea684eda581f97f63694b8,Mixw9,registered,EX7 베르스타 X항체,EX7 베르스타 X항체,EX7 베르스타 X항체 장당,,,buy,구매,1,3.0,30000,estimated,per_card,text,unknown,,active,needs_review,needs_review,"가격 단위 추정, 배송비 포함 여부 미확정",estimated,yes,no,EX7 베르스타 X항체 장당 3.0
c8e579b2dafe2af8131b41e8,digimontcg,디지몬 카드게임,2026-08,2026-08-13T10:39:37+09:00,known,972245ceeb4d0564e0f20d75,c8e579b2dafe2af8131b41e8,474831,https://m.dcinside.com/board/digimontcg/474831,EX베르스타몬X항체 4장까지 구매합니다.,seller-b1ea684eda581f97f63694b8,Mixw9,registered,EX7 베르스타 X항체,EX7 베르스타 X항체,EX7 베르스타 X항체 장당,,,buy,구매,1,3.0,30000,estimated,per_card,text,unknown,,active,needs_review,needs_review,"가격 단위 추정, 배송비 포함 여부 미확정",estimated,yes,no,EX7 베르스타 X항체 장당 3.0
ca41e3730c9d6e7f1cf5230e,digimontcg,디지몬 카드게임,2026-08,2026-08-13T10:39:37+09:00,known,078daca7e341b3adeecacd13,ca41e3730c9d6e7f1cf5230e,474831,https://m.dcinside.com/board/digimontcg/474831,EX베르스타몬X항체 4장까지 구매합니다.,seller-b1ea684eda581f97f63694b8,Mixw9,registered,EX7 베르스타 X항체,EX7 베르스타 X항체,EX7 베르스타 X항체 장당,,,buy,구매,1,3.0,30000,estimated,per_card,text,unknown,,active,needs_review,needs_review,"가격 단위 추정, 배송비 포함 여부 미확정",estimated,yes,no,EX7 베르스타 X항체 장당 3.0
e043da929f6e98a870f3d992,digimontcg,디지몬 카드게임,2026-08,2026-08-13T10:39:37+09:00,known,46d74813a4f48c813990e596,e043da929f6e98a870f3d992,474831,https://m.dcinside.com/board/digimontcg/474831,EX베르스타몬X항체 4장까지 구매합니다.,seller-b1ea684eda581f97f63694b8,Mixw9,registered,EX7 베르스타 X항체,EX7 베르스타 X항체,EX7 베르스타 X항체 장당,,,buy,구매,1,3.0,30000,estimated,per_card,text,unknown,,active,needs_review,needs_review,"가격 단위 추정, 배송비 포함 여부 미확정",estimated,yes,no,EX7 베르스타 X항체 장당 3.0
f2c5725c2303bcbacbf53486,digimontcg,디지몬 카드게임,2026-08,2026-08-13T10:39:37+09:00,known,c1eba1572f39555952629261,f2c5725c2303bcbacbf53486,474831,https://m.dcinside.com/board/digimontcg/474831,EX베르스타몬X항체 4장까지 구매합니다.,seller-b1ea684eda581f97f63694b8,Mixw9,registered,EX7 베르스타 X항체,EX7 베르스타 X항체,EX7 베르스타 X항체 장당,,,buy,구매,1,3.0,30000,estimated,per_card,text,unknown,,active,needs_review,needs_review,"가격 단위 추정, 배송비 포함 여부 미확정",estimated,yes,no,EX7 베르스타 X항체 장당 3.0
fecdd89d89c2af13846a5d08,digimontcg,디지몬 카드게임,2026-08,2026-08-13T10:39:37+09:00,known,32dc55daac0e5f8851095ce2,fecdd89d89c2af13846a5d08,474831,https://m.dcinside.com/board/digimontcg/474831,EX베르스타몬X항체 4장까지 구매합니다.,seller-b1ea684eda581f97f63694b8,Mixw9,registered,EX7 베르스타 X항체,EX7 베르스타 X항체,EX7 베르스타 X항체 장당,,,buy,구매,1,3.0,30000,estimated,per_card,text,unknown,,active,needs_review,needs_review,"가격 단위 추정, 배송비 포함 여부 미확정",estimated,yes,no,EX7 베르스타 X항체 장당 3.0
229229b5709433c109915460,digimontcg,디지몬 카드게임,2026-08,2026-08-13T10:49:23+09:00,known,70e94caea2aa54ba5bac4233,229229b5709433c109915460,474834,https://m.dcinside.com/board/digimontcg/474834,"EX8 샤코몬, EX9 퍼그몬, 데블드라몬 LM페레 삽니다.",seller-faea275bd147170b3cc7028e,ㅇㅇ,guest,샤코몬,샤코몬,샤코몬 장당,,,buy,구매,1,0.8,8000,estimated,per_card,text,unknown,,active,needs_review,needs_review,"가격 단위 추정, 배송비 포함 여부 미확정",estimated,yes,no,샤코몬 장당 0.8
2d133dd4c81ce15d04e0dab7,digimontcg,디지몬 카드게임,2026-08,2026-08-13T10:49:23+09:00,known,eb47294c5daa7dc0a8f77d1f,2d133dd4c81ce15d04e0dab7,474834,https://m.dcinside.com/board/digimontcg/474834,"EX8 샤코몬, EX9 퍼그몬, 데블드라몬 LM페레 삽니다.",seller-3cab03370e635d582d1f4d12,ㅇㅇ,guest,퍼그몬 데블드라몬,퍼그몬 데블드라몬,"퍼그몬, 데블드라몬 장당",,,buy,구매,1,0.3,3000,estimated,bundle,text,unknown,,active,needs_review,needs_review,"가격 단위 추정, 복수 카드 가격, 배송비 포함 여부 미확정, 묶음·세트 총액 · 개별 카드 가격 아님",estimated,no,no,"퍼그몬, 데블드라몬 장당 0.3"
42697dff526ffb5629bc4596,digimontcg,디지몬 카드게임,2026-08,2026-08-13T10:49:23+09:00,known,eb47294c5daa7dc0a8f77d1f,42697dff526ffb5629bc4596,474834,https://m.dcinside.com/board/digimontcg/474834,"EX8 샤코몬, EX9 퍼그몬, 데블드라몬 LM페레 삽니다.",seller-3cab03370e635d582d1f4d12,ㅇㅇ,guest,샤코몬,샤코몬,샤코몬 장당,,,buy,구매,1,0.8,8000,estimated,per_card,text,unknown,,active,needs_review,needs_review,"가격 단위 추정, 배송비 포함 여부 미확정",estimated,yes,no,샤코몬 장당 0.8
4bcc28efe951e3ecadff945b,digimontcg,디지몬 카드게임,2026-08,2026-08-13T10:49:23+09:00,known,411b3c96d42c63e136b08ab3,4bcc28efe951e3ecadff945b,474834,https://m.dcinside.com/board/digimontcg/474834,"EX8 샤코몬, EX9 퍼그몬, 데블드라몬 LM페레 삽니다.",seller-91d2ef527bebf9922c74745b,ㅇㅇ,guest,퍼그몬 데블드라몬,퍼그몬 데블드라몬,"퍼그몬, 데블드라몬 장당",,,buy,구매,1,0.3,3000,estimated,bundle,text,unknown,,active,needs_review,needs_review,"가격 단위 추정, 복수 카드 가격, 배송비 포함 여부 미확정, 묶음·세트 총액 · 개별 카드 가격 아님",estimated,no,no,"퍼그몬, 데블드라몬 장당 0.3"
61abf4f2d2ccfd448f6d10f1,digimontcg,디지몬 카드게임,2026-08,2026-08-13T10:49:23+09:00,known,70e94caea2aa54ba5bac4233,61abf4f2d2ccfd448f6d10f1,474834,https://m.dcinside.com/board/digimontcg/474834,"EX8 샤코몬, EX9 퍼그몬, 데블드라몬 LM페레 삽니다.",seller-faea275bd147170b3cc7028e,ㅇㅇ,guest,퍼그몬 데블드라몬,퍼그몬 데블드라몬,"퍼그몬, 데블드라몬 장당",,,buy,구매,1,0.3,3000,estimated,bundle,text,unknown,,active,needs_review,needs_review,"가격 단위 추정, 복수 카드 가격, 배송비 포함 여부 미확정, 묶음·세트 총액 · 개별 카드 가격 아님",estimated,no,no,"퍼그몬, 데블드라몬 장당 0.3"
68e6c090af810710b710b3f7,digimontcg,디지몬 카드게임,2026-08,2026-08-13T10:49:23+09:00,known,bc316dbdb62f344d54776c5b,68e6c090af810710b710b3f7,474834,https://m.dcinside.com/board/digimontcg/474834,"EX8 샤코몬, EX9 퍼그몬, 데블드라몬 LM페레 삽니다.",seller-557abfa54af12b8772623018,ㅇㅇ,guest,샤코몬,샤코몬,샤코몬 장당,,,buy,구매,1,0.8,8000,estimated,per_card,text,unknown,,active,needs_review,needs_review,"가격 단위 추정, 배송비 포함 여부 미확정",estimated,yes,no,샤코몬 장당 0.8
7350fa7044602c1af4453ecb,digimontcg,디지몬 카드게임,2026-08,2026-08-13T10:49:23+09:00,known,f5d7351687ac6a2d17f9c39b,7350fa7044602c1af4453ecb,474834,https://m.dcinside.com/board/digimontcg/474834,"EX8 샤코몬, EX9 퍼그몬, 데블드라몬 LM페레 삽니다.",seller-1db2211a02466111569abe1f,ㅇㅇ,guest,퍼그몬 데블드라몬,퍼그몬 데블드라몬,"퍼그몬, 데블드라몬 장당",,,buy,구매,1,0.3,3000,estimated,bundle,text,unknown,,active,needs_review,needs_review,"가격 단위 추정, 복수 카드 가격, 배송비 포함 여부 미확정, 묶음·세트 총액 · 개별 카드 가격 아님",estimated,no,no,"퍼그몬, 데블드라몬 장당 0.3"
7666ed1f9995f49d856c5c50,digimontcg,디지몬 카드게임,2026-08,2026-08-13T10:49:23+09:00,known,6fc69fb928ed0d21bbf98573,7666ed1f9995f49d856c5c50,474834,https://m.dcinside.com/board/digimontcg/474834,"EX8 샤코몬, EX9 퍼그몬, 데블드라몬 LM페레 삽니다.",seller-72925a146ebdc305bcb06de2,ㅇㅇ,guest,퍼그몬 데블드라몬,퍼그몬 데블드라몬,"퍼그몬, 데블드라몬 장당",,,buy,구매,1,0.3,3000,estimated,bundle,text,unknown,,active,needs_review,needs_review,"가격 단위 추정, 복수 카드 가격, 배송비 포함 여부 미확정, 묶음·세트 총액 · 개별 카드 가격 아님",estimated,no,no,"퍼그몬, 데블드라몬 장당 0.3"
8dfe336d0a7c0e930f30edbe,digimontcg,디지몬 카드게임,2026-08,2026-08-13T10:49:23+09:00,known,2fa57591b098da06e6bf0c45,8dfe336d0a7c0e930f30edbe,474834,https://m.dcinside.com/board/digimontcg/474834,"EX8 샤코몬, EX9 퍼그몬, 데블드라몬 LM페레 삽니다.",seller-5f4e31cfbae4a1810fd28e0f,ㅇㅇ,guest,샤코몬,샤코몬,샤코몬 장당,,,buy,구매,1,0.8,8000,estimated,per_card,text,unknown,,active,needs_review,needs_review,"가격 단위 추정, 배송비 포함 여부 미확정",estimated,yes,no,샤코몬 장당 0.8
c192d8da86af703c0baf9d76,digimontcg,디지몬 카드게임,2026-08,2026-08-13T10:49:23+09:00,known,411b3c96d42c63e136b08ab3,c192d8da86af703c0baf9d76,474834,https://m.dcinside.com/board/digimontcg/474834,"EX8 샤코몬, EX9 퍼그몬, 데블드라몬 LM페레 삽니다.",seller-91d2ef527bebf9922c74745b,ㅇㅇ,guest,샤코몬,샤코몬,샤코몬 장당,,,buy,구매,1,0.8,8000,estimated,per_card,text,unknown,,active,needs_review,needs_review,"가격 단위 추정, 배송비 포함 여부 미확정",estimated,yes,no,샤코몬 장당 0.8
cbf57aa888a85a06a7db025b,digimontcg,디지몬 카드게임,2026-08,2026-08-13T10:49:23+09:00,known,f5d7351687ac6a2d17f9c39b,cbf57aa888a85a06a7db025b,474834,https://m.dcinside.com/board/digimontcg/474834,"EX8 샤코몬, EX9 퍼그몬, 데블드라몬 LM페레 삽니다.",seller-1db2211a02466111569abe1f,ㅇㅇ,guest,샤코몬,샤코몬,샤코몬 장당,,,buy,구매,1,0.8,8000,estimated,per_card,text,unknown,,active,needs_review,needs_review,"가격 단위 추정, 배송비 포함 여부 미확정",estimated,yes,no,샤코몬 장당 0.8
cddfa663443a3ded5dcc82a4,digimontcg,디지몬 카드게임,2026-08,2026-08-13T10:49:23+09:00,known,46f9bc70272d04b2a07e5b56,cddfa663443a3ded5dcc82a4,474834,https://m.dcinside.com/board/digimontcg/474834,"EX8 샤코몬, EX9 퍼그몬, 데블드라몬 LM페레 삽니다.",seller-e0c2a04aab7d401177db503d,ㅇㅇ,guest,퍼그몬 데블드라몬,퍼그몬 데블드라몬,"퍼그몬, 데블드라몬 장당",,,buy,구매,1,0.3,3000,estimated,bundle,text,unknown,,active,needs_review,needs_review,"가격 단위 추정, 복수 카드 가격, 배송비 포함 여부 미확정, 묶음·세트 총액 · 개별 카드 가격 아님",estimated,no,no,"퍼그몬, 데블드라몬 장당 0.3"
d0fb5320e27cb4b5e7b60f05,digimontcg,디지몬 카드게임,2026-08,2026-08-13T10:49:23+09:00,known,6fc69fb928ed0d21bbf98573,d0fb5320e27cb4b5e7b60f05,474834,https://m.dcinside.com/board/digimontcg/474834,"EX8 샤코몬, EX9 퍼그몬, 데블드라몬 LM페레 삽니다.",seller-72925a146ebdc305bcb06de2,ㅇㅇ,guest,샤코몬,샤코몬,샤코몬 장당,,,buy,구매,1,0.8,8000,estimated,per_card,text,unknown,,active,needs_review,needs_review,"가격 단위 추정, 배송비 포함 여부 미확정",estimated,yes,no,샤코몬 장당 0.8
ec5b11a27fa22764ed5c4cd0,digimontcg,디지몬 카드게임,2026-08,2026-08-13T10:49:23+09:00,known,bc316dbdb62f344d54776c5b,ec5b11a27fa22764ed5c4cd0,474834,https://m.dcinside.com/board/digimontcg/474834,"EX8 샤코몬, EX9 퍼그몬, 데블드라몬 LM페레 삽니다.",seller-557abfa54af12b8772623018,ㅇㅇ,guest,퍼그몬 데블드라몬,퍼그몬 데블드라몬,"퍼그몬, 데블드라몬 장당",,,buy,구매,1,0.3,3000,estimated,bundle,text,unknown,,active,needs_review,needs_review,"가격 단위 추정, 복수 카드 가격, 배송비 포함 여부 미확정, 묶음·세트 총액 · 개별 카드 가격 아님",estimated,no,no,"퍼그몬, 데블드라몬 장당 0.3"
fa271374025095900f0b6a9b,digimontcg,디지몬 카드게임,2026-08,2026-08-13T10:49:23+09:00,known,46f9bc70272d04b2a07e5b56,fa271374025095900f0b6a9b,474834,https://m.dcinside.com/board/digimontcg/474834,"EX8 샤코몬, EX9 퍼그몬, 데블드라몬 LM페레 삽니다.",seller-e0c2a04aab7d401177db503d,ㅇㅇ,guest,샤코몬,샤코몬,샤코몬 장당,,,buy,구매,1,0.8,8000,estimated,per_card,text,unknown,,active,needs_review,needs_review,"가격 단위 추정, 배송비 포함 여부 미확정",estimated,yes,no,샤코몬 장당 0.8
fc17b58f5645401ce93e2671,digimontcg,디지몬 카드게임,2026-08,2026-08-13T10:49:23+09:00,known,2fa57591b098da06e6bf0c45,fc17b58f5645401ce93e2671,474834,https://m.dcinside.com/board/digimontcg/474834,"EX8 샤코몬, EX9 퍼그몬, 데블드라몬 LM페레 삽니다.",seller-5f4e31cfbae4a1810fd28e0f,ㅇㅇ,guest,퍼그몬 데블드라몬,퍼그몬 데블드라몬,"퍼그몬, 데블드라몬 장당",,,buy,구매,1,0.3,3000,estimated,bundle,text,unknown,,active,needs_review,needs_review,"가격 단위 추정, 복수 카드 가격, 배송비 포함 여부 미확정, 묶음·세트 총액 · 개별 카드 가격 아님",estimated,no,no,"퍼그몬, 데블드라몬 장당 0.3"
195be889971c115de372b180,digimontcg,디지몬 카드게임,2026-08,2026-08-13T15:37:09+09:00,known,49ce3b8640e34cd248df70e3,195be889971c115de372b180,474905,https://m.dcinside.com/board/digimontcg/474905,리바엑 페레 1장 삽니다,seller-8c5c7b04bcd4ca5b7f1259ff,ㅇㅇ,guest,리바엑 페레,리바엑 페레,리바엑 페레 삽니다,,,buy,구매,1,,,missing,unknown,unknown,unknown,,active,needs_review,needs_review,수량 표기 감지 · 가격 미기재,missing,no,no,리바엑 페레 1장 삽니다
0853639749240fc78c6d3228,digimontcg,디지몬 카드게임,2026-08,2026-08-13T16:03:54+09:00,known,076f3425755e84c73d210d39,0853639749240fc78c6d3228,474912,https://m.dcinside.com/board/digimontcg/474912,"EX8 데블몬, 푸치메라몬 LM 구해요",seller-218e110ed580bebbd83c1df8,슈몬,guest,EX8-006 푸치메라몬 LM,EX8-006 푸치메라몬 LM,EX8-006 푸치메라몬 LM,,,buy,구매,1,1.000,1000,exact,per_card,text,unknown,,active,usable,needs_review,"수량 표기 감지, 배송비 포함 여부 미확정",exact,yes,yes,"EX8-006 푸치메라몬 LM 1장 1,000원"
0a89ede52900693fad6e0a6f,digimontcg,디지몬 카드게임,2026-08,2026-08-13T16:03:54+09:00,known,2a79cb283c281a58cbf5ae38,0a89ede52900693fad6e0a6f,474912,https://m.dcinside.com/board/digimontcg/474912,"EX8 데블몬, 푸치메라몬 LM 구해요",seller-a9cfb5ff06943620f99fc32e,슈몬,guest,var safe = window.dcAd && window.dcAd.safe ==,var safe = window.dcAd && window.dcAd.safe ==,var safe = (window.dcAd && window.dcAd.safe ==,,,buy,구매,1,1,10000,estimated,bundle,text,unknown,,active,excluded,needs_review,"가격 단위 추정, 복수 카드 가격, 배송비 포함 여부 미확정, 묶음·세트 총액 · 개별 카드 가격 아님, 스크립트·광고 문구로 추정되는 오염 행",estimated,no,no,var safe = (window.dcAd && window.dcAd.safe == 1)
0c794d077331e750ada3db2a,digimontcg,디지몬 카드게임,2026-08,2026-08-13T16:03:54+09:00,known,a68ae7bb706deaf96f030115,0c794d077331e750ada3db2a,474912,https://m.dcinside.com/board/digimontcg/474912,"EX8 데블몬, 푸치메라몬 LM 구해요",seller-e33c33d9a2428457806b0598,슈몬,guest,DOM 삽입 헬퍼 현재 스크립트 위치 기준,DOM 삽입 헬퍼 현재 스크립트 위치 기준,// ---- DOM 삽입 헬퍼 (현재 스크립트 위치 기준,,,buy,구매,1,,,missing,unknown,unknown,unknown,,active,excluded,needs_review,"가격 후보 재검토 필요, 가격 미기재, 스크립트·광고 문구로 추정되는 오염 행",missing,no,no,// ---- DOM 삽입 헬퍼 (현재 스크립트 위치 기준1)
16b63d636e7918dd2cc70754,digimontcg,디지몬 카드게임,2026-08,2026-08-13T16:03:54+09:00,known,4b810e3d2519d66f109a71fb,16b63d636e7918dd2cc70754,474912,https://m.dcinside.com/board/digimontcg/474912,"EX8 데블몬, 푸치메라몬 LM 구해요",seller-d28a5d0b0a771eaf6eafe997,슈몬,guest,loadScript 'https pagead,loadScript 'https pagead,loadScript('https://pagead,,,buy,구매,1,,,missing,unknown,unknown,unknown,,active,excluded,needs_review,"가격 후보 재검토 필요, 가격 미기재, 스크립트·광고 문구로 추정되는 오염 행",missing,no,no,"loadScript('https://pagead2.googlesyndication.com/pagead/js/adsbygoogle_direct.js?client=ca-pub-8171468792791627', true, 'anonymous');"
186576b70678755e1220b374,digimontcg,디지몬 카드게임,2026-08,2026-08-13T16:03:54+09:00,known,0db6d183ad98c7ac0748d3d0,186576b70678755e1220b374,474912,https://m.dcinside.com/board/digimontcg/474912,"EX8 데블몬, 푸치메라몬 LM 구해요",seller-bc01458fbf4b9baa73ea7424,슈몬,guest,EX8-059 데블몬 LM,EX8-059 데블몬 LM,EX8-059 데블몬 LM,,,buy,구매,1,5.000,5000,exact,per_card,text,unknown,,active,usable,needs_review,"수량 표기 감지, 배송비 포함 여부 미확정",exact,yes,yes,"EX8-059 데블몬 LM 1장 5,000원"
1a257590927db2c3441b7781,digimontcg,디지몬 카드게임,2026-08,2026-08-13T16:03:54+09:00,known,0db6d183ad98c7ac0748d3d0,1a257590927db2c3441b7781,474912,https://m.dcinside.com/board/digimontcg/474912,"EX8 데블몬, 푸치메라몬 LM 구해요",seller-bc01458fbf4b9baa73ea7424,슈몬,guest,EX8-006 푸치메라몬 LM,EX8-006 푸치메라몬 LM,EX8-006 푸치메라몬 LM,,,buy,구매,1,1.000,1000,exact,per_card,text,unknown,,active,usable,needs_review,"수량 표기 감지, 배송비 포함 여부 미확정",exact,yes,yes,"EX8-006 푸치메라몬 LM 1장 1,000원"
1b25350eb6409f1f61de6389,digimontcg,디지몬 카드게임,2026-08,2026-08-13T16:03:54+09:00,known,0db6d183ad98c7ac0748d3d0,1b25350eb6409f1f61de6389,474912,https://m.dcinside.com/board/digimontcg/474912,"EX8 데블몬, 푸치메라몬 LM 구해요",seller-bc01458fbf4b9baa73ea7424,슈몬,guest,var safe = window.dcAd && window.dcAd.safe ==,var safe = window.dcAd && window.dcAd.safe ==,var safe = (window.dcAd && window.dcAd.safe ==,,,buy,구매,1,1,10000,estimated,bundle,text,unknown,,active,excluded,needs_review,"가격 단위 추정, 복수 카드 가격, 배송비 포함 여부 미확정, 묶음·세트 총액 · 개별 카드 가격 아님, 스크립트·광고 문구로 추정되는 오염 행",estimated,no,no,var safe = (window.dcAd && window.dcAd.safe == 1)
21287e61b808c2342d22b98d,digimontcg,디지몬 카드게임,2026-08,2026-08-13T16:03:54+09:00,known,a68ae7bb706deaf96f030115,21287e61b808c2342d22b98d,474912,https://m.dcinside.com/board/digimontcg/474912,"EX8 데블몬, 푸치메라몬 LM 구해요",seller-e33c33d9a2428457806b0598,슈몬,guest,loadScript ' t,loadScript ' t,loadScript('//t,,,buy,구매,1,,,missing,unknown,unknown,unknown,,active,excluded,needs_review,"가격 후보 재검토 필요, 가격 미기재, 스크립트·광고 문구로 추정되는 오염 행",missing,no,no,"loadScript('//t1.kakaocdn.net/kas/static/ba.min.js', true);"
28cbd7c91afcff83210f75a0,digimontcg,디지몬 카드게임,2026-08,2026-08-13T16:03:54+09:00,known,a68ae7bb706deaf96f030115,28cbd7c91afcff83210f75a0,474912,https://m.dcinside.com/board/digimontcg/474912,"EX8 데블몬, 푸치메라몬 LM 구해요",seller-e33c33d9a2428457806b0598,슈몬,guest,EX8-006 푸치메라몬 LM,EX8-006 푸치메라몬 LM,EX8-006 푸치메라몬 LM,,,buy,구매,1,1.000,1000,exact,per_card,text,unknown,,active,usable,needs_review,"수량 표기 감지, 배송비 포함 여부 미확정",exact,yes,yes,"EX8-006 푸치메라몬 LM 1장 1,000원"
2c9d8fe20f6f85e1f8518b01,digimontcg,디지몬 카드게임,2026-08,2026-08-13T16:03:54+09:00,known,076f3425755e84c73d210d39,2c9d8fe20f6f85e1f8518b01,474912,https://m.dcinside.com/board/digimontcg/474912,"EX8 데블몬, 푸치메라몬 LM 구해요",seller-218e110ed580bebbd83c1df8,슈몬,guest,DOM 삽입 헬퍼 현재 스크립트 위치 기준,DOM 삽입 헬퍼 현재 스크립트 위치 기준,// ---- DOM 삽입 헬퍼 (현재 스크립트 위치 기준,,,buy,구매,1,,,missing,unknown,unknown,unknown,,active,excluded,needs_review,"가격 후보 재검토 필요, 가격 미기재, 스크립트·광고 문구로 추정되는 오염 행",missing,no,no,// ---- DOM 삽입 헬퍼 (현재 스크립트 위치 기준1)
3660131fe4e8324d408f1f33,digimontcg,디지몬 카드게임,2026-08,2026-08-13T16:03:54+09:00,known,64d20e419c35a3d0350f4db5,3660131fe4e8324d408f1f33,474912,https://m.dcinside.com/board/digimontcg/474912,"EX8 데블몬, 푸치메라몬 LM 구해요",seller-eb0f9a6bdb177550d76f6b1e,슈몬,guest,EX8-059 데블몬 LM,EX8-059 데블몬 LM,EX8-059 데블몬 LM,,,buy,구매,1,5.000,5000,exact,per_card,text,unknown,,active,usable,needs_review,"수량 표기 감지, 배송비 포함 여부 미확정",exact,yes,yes,"EX8-059 데블몬 LM 1장 5,000원"
3c340783b1f8a3329de49659,digimontcg,디지몬 카드게임,2026-08,2026-08-13T16:03:54+09:00,known,64d20e419c35a3d0350f4db5,3c340783b1f8a3329de49659,474912,https://m.dcinside.com/board/digimontcg/474912,"EX8 데블몬, 푸치메라몬 LM 구해요",seller-eb0f9a6bdb177550d76f6b1e,슈몬,guest,loadScript 'https pagead,loadScript 'https pagead,loadScript('https://pagead,,,buy,구매,1,,,missing,unknown,unknown,unknown,,active,excluded,needs_review,"가격 후보 재검토 필요, 가격 미기재, 스크립트·광고 문구로 추정되는 오염 행",missing,no,no,"loadScript('https://pagead2.googlesyndication.com/pagead/js/adsbygoogle_direct.js?client=ca-pub-8171468792791627', true, 'anonymous');"
41be9c76dfa4f71b4a85f2c7,digimontcg,디지몬 카드게임,2026-08,2026-08-13T16:03:54+09:00,known,2a79cb283c281a58cbf5ae38,41be9c76dfa4f71b4a85f2c7,474912,https://m.dcinside.com/board/digimontcg/474912,"EX8 데블몬, 푸치메라몬 LM 구해요",seller-a9cfb5ff06943620f99fc32e,슈몬,guest,EX8-059 데블몬 LM,EX8-059 데블몬 LM,EX8-059 데블몬 LM,,,buy,구매,1,5.000,5000,exact,per_card,text,unknown,,active,usable,needs_review,"수량 표기 감지, 배송비 포함 여부 미확정",exact,yes,yes,"EX8-059 데블몬 LM 1장 5,000원"
46e4a8fd54c3ff8491037ec2,digimontcg,디지몬 카드게임,2026-08,2026-08-13T16:03:54+09:00,known,64d20e419c35a3d0350f4db5,46e4a8fd54c3ff8491037ec2,474912,https://m.dcinside.com/board/digimontcg/474912,"EX8 데블몬, 푸치메라몬 LM 구해요",seller-eb0f9a6bdb177550d76f6b1e,슈몬,guest,DOM 삽입 헬퍼 현재 스크립트 위치 기준,DOM 삽입 헬퍼 현재 스크립트 위치 기준,// ---- DOM 삽입 헬퍼 (현재 스크립트 위치 기준,,,buy,구매,1,,,missing,unknown,unknown,unknown,,active,excluded,needs_review,"가격 후보 재검토 필요, 가격 미기재, 스크립트·광고 문구로 추정되는 오염 행",missing,no,no,// ---- DOM 삽입 헬퍼 (현재 스크립트 위치 기준1)
5ccd4e3e376709d76748c348,digimontcg,디지몬 카드게임,2026-08,2026-08-13T16:03:54+09:00,known,4b810e3d2519d66f109a71fb,5ccd4e3e376709d76748c348,474912,https://m.dcinside.com/board/digimontcg/474912,"EX8 데블몬, 푸치메라몬 LM 구해요",seller-d28a5d0b0a771eaf6eafe997,슈몬,guest,DOM 삽입 헬퍼 현재 스크립트 위치 기준,DOM 삽입 헬퍼 현재 스크립트 위치 기준,// ---- DOM 삽입 헬퍼 (현재 스크립트 위치 기준,,,buy,구매,1,,,missing,unknown,unknown,unknown,,active,excluded,needs_review,"가격 후보 재검토 필요, 가격 미기재, 스크립트·광고 문구로 추정되는 오염 행",missing,no,no,// ---- DOM 삽입 헬퍼 (현재 스크립트 위치 기준1)
5d3c76ca0f9242e9662e4b66,digimontcg,디지몬 카드게임,2026-08,2026-08-13T16:03:54+09:00,known,43300fa8673192a4c0f9f3a6,5d3c76ca0f9242e9662e4b66,474912,https://m.dcinside.com/board/digimontcg/474912,"EX8 데블몬, 푸치메라몬 LM 구해요",seller-272930a6fb2d2e00528eb878,슈몬,guest,loadScript ' t,loadScript ' t,loadScript('//t,,,buy,구매,1,,,missing,unknown,unknown,unknown,,active,excluded,needs_review,"가격 후보 재검토 필요, 가격 미기재, 스크립트·광고 문구로 추정되는 오염 행",missing,no,no,"loadScript('//t1.kakaocdn.net/kas/static/ba.min.js', true);"
5e80c9952cda0f615ec1ebd1,digimontcg,디지몬 카드게임,2026-08,2026-08-13T16:03:54+09:00,known,2a79cb283c281a58cbf5ae38,5e80c9952cda0f615ec1ebd1,474912,https://m.dcinside.com/board/digimontcg/474912,"EX8 데블몬, 푸치메라몬 LM 구해요",seller-a9cfb5ff06943620f99fc32e,슈몬,guest,DOM 삽입 헬퍼 현재 스크립트 위치 기준,DOM 삽입 헬퍼 현재 스크립트 위치 기준,// ---- DOM 삽입 헬퍼 (현재 스크립트 위치 기준,,,buy,구매,1,,,missing,unknown,unknown,unknown,,active,excluded,needs_review,"가격 후보 재검토 필요, 가격 미기재, 스크립트·광고 문구로 추정되는 오염 행",missing,no,no,// ---- DOM 삽입 헬퍼 (현재 스크립트 위치 기준1)
6868246f685cd887ce3703a2,digimontcg,디지몬 카드게임,2026-08,2026-08-13T16:03:54+09:00,known,0db6d183ad98c7ac0748d3d0,6868246f685cd887ce3703a2,474912,https://m.dcinside.com/board/digimontcg/474912,"EX8 데블몬, 푸치메라몬 LM 구해요",seller-bc01458fbf4b9baa73ea7424,슈몬,guest,DOM 삽입 헬퍼 현재 스크립트 위치 기준,DOM 삽입 헬퍼 현재 스크립트 위치 기준,// ---- DOM 삽입 헬퍼 (현재 스크립트 위치 기준,,,buy,구매,1,,,missing,unknown,unknown,unknown,,active,excluded,needs_review,"가격 후보 재검토 필요, 가격 미기재, 스크립트·광고 문구로 추정되는 오염 행",missing,no,no,// ---- DOM 삽입 헬퍼 (현재 스크립트 위치 기준1)
69a0b55374ff8ca2c32949c2,digimontcg,디지몬 카드게임,2026-08,2026-08-13T16:03:54+09:00,known,43300fa8673192a4c0f9f3a6,69a0b55374ff8ca2c32949c2,474912,https://m.dcinside.com/board/digimontcg/474912,"EX8 데블몬, 푸치메라몬 LM 구해요",seller-272930a6fb2d2e00528eb878,슈몬,guest,loadScript 'https pagead,loadScript 'https pagead,loadScript('https://pagead,,,buy,구매,1,,,missing,unknown,unknown,unknown,,active,excluded,needs_review,"가격 후보 재검토 필요, 가격 미기재, 스크립트·광고 문구로 추정되는 오염 행",missing,no,no,"loadScript('https://pagead2.googlesyndication.com/pagead/js/adsbygoogle_direct.js?client=ca-pub-8171468792791627', true, 'anonymous');"
6b2f75c3eb91b21b731184a1,digimontcg,디지몬 카드게임,2026-08,2026-08-13T16:03:54+09:00,known,a68ae7bb706deaf96f030115,6b2f75c3eb91b21b731184a1,474912,https://m.dcinside.com/board/digimontcg/474912,"EX8 데블몬, 푸치메라몬 LM 구해요",seller-e33c33d9a2428457806b0598,슈몬,guest,var safe = window.dcAd && window.dcAd.safe ==,var safe = window.dcAd && window.dcAd.safe ==,var safe = (window.dcAd && window.dcAd.safe ==,,,buy,구매,1,1,10000,estimated,bundle,text,unknown,,active,excluded,needs_review,"가격 단위 추정, 복수 카드 가격, 배송비 포함 여부 미확정, 묶음·세트 총액 · 개별 카드 가격 아님, 스크립트·광고 문구로 추정되는 오염 행",estimated,no,no,var safe = (window.dcAd && window.dcAd.safe == 1)
7a0d2e418bd3e2c30edb4231,digimontcg,디지몬 카드게임,2026-08,2026-08-13T16:03:54+09:00,known,43300fa8673192a4c0f9f3a6,7a0d2e418bd3e2c30edb4231,474912,https://m.dcinside.com/board/digimontcg/474912,"EX8 데블몬, 푸치메라몬 LM 구해요",seller-272930a6fb2d2e00528eb878,슈몬,guest,EX8-059 데블몬 LM,EX8-059 데블몬 LM,EX8-059 데블몬 LM,,,buy,구매,1,5.000,5000,exact,per_card,text,unknown,,active,usable,needs_review,"수량 표기 감지, 배송비 포함 여부 미확정",exact,yes,yes,"EX8-059 데블몬 LM 1장 5,000원"
7eaafe65c2896f54b6818092,digimontcg,디지몬 카드게임,2026-08,2026-08-13T16:03:54+09:00,known,6235a798603eb41c3ed26b34,7eaafe65c2896f54b6818092,474912,https://m.dcinside.com/board/digimontcg/474912,"EX8 데블몬, 푸치메라몬 LM 구해요",seller-0936aa4155c5d5a7b5264643,슈몬,guest,var safe = window.dcAd && window.dcAd.safe ==,var safe = window.dcAd && window.dcAd.safe ==,var safe = (window.dcAd && window.dcAd.safe ==,,,buy,구매,1,1,10000,estimated,bundle,text,unknown,,active,excluded,needs_review,"가격 단위 추정, 복수 카드 가격, 배송비 포함 여부 미확정, 묶음·세트 총액 · 개별 카드 가격 아님, 스크립트·광고 문구로 추정되는 오염 행",estimated,no,no,var safe = (window.dcAd && window.dcAd.safe == 1)
81ef79e66b2d81102f326d67,digimontcg,디지몬 카드게임,2026-08,2026-08-13T16:03:54+09:00,known,0db6d183ad98c7ac0748d3d0,81ef79e66b2d81102f326d67,474912,https://m.dcinside.com/board/digimontcg/474912,"EX8 데블몬, 푸치메라몬 LM 구해요",seller-bc01458fbf4b9baa73ea7424,슈몬,guest,loadScript 'https pagead,loadScript 'https pagead,loadScript('https://pagead,,,buy,구매,1,,,missing,unknown,unknown,unknown,,active,excluded,needs_review,"가격 후보 재검토 필요, 가격 미기재, 스크립트·광고 문구로 추정되는 오염 행",missing,no,no,"loadScript('https://pagead2.googlesyndication.com/pagead/js/adsbygoogle_direct.js?client=ca-pub-8171468792791627', true, 'anonymous');"
8651ddc75feadb5ec2b670c6,digimontcg,디지몬 카드게임,2026-08,2026-08-13T16:03:54+09:00,known,64d20e419c35a3d0350f4db5,8651ddc75feadb5ec2b670c6,474912,https://m.dcinside.com/board/digimontcg/474912,"EX8 데블몬, 푸치메라몬 LM 구해요",seller-eb0f9a6bdb177550d76f6b1e,슈몬,guest,EX8-006 푸치메라몬 LM,EX8-006 푸치메라몬 LM,EX8-006 푸치메라몬 LM,,,buy,구매,1,1.000,1000,exact,per_card,text,unknown,,active,usable,needs_review,"수량 표기 감지, 배송비 포함 여부 미확정",exact,yes,yes,"EX8-006 푸치메라몬 LM 1장 1,000원"
918a40c4d9fed690d9374262,digimontcg,디지몬 카드게임,2026-08,2026-08-13T16:03:54+09:00,known,4b810e3d2519d66f109a71fb,918a40c4d9fed690d9374262,474912,https://m.dcinside.com/board/digimontcg/474912,"EX8 데블몬, 푸치메라몬 LM 구해요",seller-d28a5d0b0a771eaf6eafe997,슈몬,guest,var safe = window.dcAd && window.dcAd.safe ==,var safe = window.dcAd && window.dcAd.safe ==,var safe = (window.dcAd && window.dcAd.safe ==,,,buy,구매,1,1,10000,estimated,bundle,text,unknown,,active,excluded,needs_review,"가격 단위 추정, 복수 카드 가격, 배송비 포함 여부 미확정, 묶음·세트 총액 · 개별 카드 가격 아님, 스크립트·광고 문구로 추정되는 오염 행",estimated,no,no,var safe = (window.dcAd && window.dcAd.safe == 1)
92cab2c037ef6bc2304b759e,digimontcg,디지몬 카드게임,2026-08,2026-08-13T16:03:54+09:00,known,2a79cb283c281a58cbf5ae38,92cab2c037ef6bc2304b759e,474912,https://m.dcinside.com/board/digimontcg/474912,"EX8 데블몬, 푸치메라몬 LM 구해요",seller-a9cfb5ff06943620f99fc32e,슈몬,guest,loadScript 'https pagead,loadScript 'https pagead,loadScript('https://pagead,,,buy,구매,1,,,missing,unknown,unknown,unknown,,active,excluded,needs_review,"가격 후보 재검토 필요, 가격 미기재, 스크립트·광고 문구로 추정되는 오염 행",missing,no,no,"loadScript('https://pagead2.googlesyndication.com/pagead/js/adsbygoogle_direct.js?client=ca-pub-8171468792791627', true, 'anonymous');"
9415ffa3c25e6b7ef12b2ae6,digimontcg,디지몬 카드게임,2026-08,2026-08-13T16:03:54+09:00,known,a68ae7bb706deaf96f030115,9415ffa3c25e6b7ef12b2ae6,474912,https://m.dcinside.com/board/digimontcg/474912,"EX8 데블몬, 푸치메라몬 LM 구해요",seller-e33c33d9a2428457806b0598,슈몬,guest,EX8-059 데블몬 LM,EX8-059 데블몬 LM,EX8-059 데블몬 LM,,,buy,구매,1,5.000,5000,exact,per_card,text,unknown,,active,usable,needs_review,"수량 표기 감지, 배송비 포함 여부 미확정",exact,yes,yes,"EX8-059 데블몬 LM 1장 5,000원"
9a6077501962463c38ec5f89,digimontcg,디지몬 카드게임,2026-08,2026-08-13T16:03:54+09:00,known,6235a798603eb41c3ed26b34,9a6077501962463c38ec5f89,474912,https://m.dcinside.com/board/digimontcg/474912,"EX8 데블몬, 푸치메라몬 LM 구해요",seller-0936aa4155c5d5a7b5264643,슈몬,guest,EX8-006 푸치메라몬 LM,EX8-006 푸치메라몬 LM,EX8-006 푸치메라몬 LM,,,buy,구매,1,1.000,1000,exact,per_card,text,unknown,,active,usable,needs_review,"수량 표기 감지, 배송비 포함 여부 미확정",exact,yes,yes,"EX8-006 푸치메라몬 LM 1장 1,000원"
9e941f512f6e895d48ac2eb1,digimontcg,디지몬 카드게임,2026-08,2026-08-13T16:03:54+09:00,known,6235a798603eb41c3ed26b34,9e941f512f6e895d48ac2eb1,474912,https://m.dcinside.com/board/digimontcg/474912,"EX8 데블몬, 푸치메라몬 LM 구해요",seller-0936aa4155c5d5a7b5264643,슈몬,guest,DOM 삽입 헬퍼 현재 스크립트 위치 기준,DOM 삽입 헬퍼 현재 스크립트 위치 기준,// ---- DOM 삽입 헬퍼 (현재 스크립트 위치 기준,,,buy,구매,1,,,missing,unknown,unknown,unknown,,active,excluded,needs_review,"가격 후보 재검토 필요, 가격 미기재, 스크립트·광고 문구로 추정되는 오염 행",missing,no,no,// ---- DOM 삽입 헬퍼 (현재 스크립트 위치 기준1)
9eba0efc3c222e82e6995854,digimontcg,디지몬 카드게임,2026-08,2026-08-13T16:03:54+09:00,known,076f3425755e84c73d210d39,9eba0efc3c222e82e6995854,474912,https://m.dcinside.com/board/digimontcg/474912,"EX8 데블몬, 푸치메라몬 LM 구해요",seller-218e110ed580bebbd83c1df8,슈몬,guest,loadScript 'https pagead,loadScript 'https pagead,loadScript('https://pagead,,,buy,구매,1,,,missing,unknown,unknown,unknown,,active,excluded,needs_review,"가격 후보 재검토 필요, 가격 미기재, 스크립트·광고 문구로 추정되는 오염 행",missing,no,no,"loadScript('https://pagead2.googlesyndication.com/pagead/js/adsbygoogle_direct.js?client=ca-pub-8171468792791627', true, 'anonymous');"
acb432386daa992fea40fcc5,digimontcg,디지몬 카드게임,2026-08,2026-08-13T16:03:54+09:00,known,43300fa8673192a4c0f9f3a6,acb432386daa992fea40fcc5,474912,https://m.dcinside.com/board/digimontcg/474912,"EX8 데블몬, 푸치메라몬 LM 구해요",seller-272930a6fb2d2e00528eb878,슈몬,guest,var safe = window.dcAd && window.dcAd.safe ==,var safe = window.dcAd && window.dcAd.safe ==,var safe = (window.dcAd && window.dcAd.safe ==,,,buy,구매,1,1,10000,estimated,bundle,text,unknown,,active,excluded,needs_review,"가격 단위 추정, 복수 카드 가격, 배송비 포함 여부 미확정, 묶음·세트 총액 · 개별 카드 가격 아님, 스크립트·광고 문구로 추정되는 오염 행",estimated,no,no,var safe = (window.dcAd && window.dcAd.safe == 1)
b1ed2523cb27ba8c92540969,digimontcg,디지몬 카드게임,2026-08,2026-08-13T16:03:54+09:00,known,6235a798603eb41c3ed26b34,b1ed2523cb27ba8c92540969,474912,https://m.dcinside.com/board/digimontcg/474912,"EX8 데블몬, 푸치메라몬 LM 구해요",seller-0936aa4155c5d5a7b5264643,슈몬,guest,loadScript 'https pagead,loadScript 'https pagead,loadScript('https://pagead,,,buy,구매,1,,,missing,unknown,unknown,unknown,,active,excluded,needs_review,"가격 후보 재검토 필요, 가격 미기재, 스크립트·광고 문구로 추정되는 오염 행",missing,no,no,"loadScript('https://pagead2.googlesyndication.com/pagead/js/adsbygoogle_direct.js?client=ca-pub-8171468792791627', true, 'anonymous');"
ba8dc73b4b731b58a39f55ba,digimontcg,디지몬 카드게임,2026-08,2026-08-13T16:03:54+09:00,known,076f3425755e84c73d210d39,ba8dc73b4b731b58a39f55ba,474912,https://m.dcinside.com/board/digimontcg/474912,"EX8 데블몬, 푸치메라몬 LM 구해요",seller-218e110ed580bebbd83c1df8,슈몬,guest,var safe = window.dcAd && window.dcAd.safe ==,var safe = window.dcAd && window.dcAd.safe ==,var safe = (window.dcAd && window.dcAd.safe ==,,,buy,구매,1,1,10000,estimated,bundle,text,unknown,,active,excluded,needs_review,"가격 단위 추정, 복수 카드 가격, 배송비 포함 여부 미확정, 묶음·세트 총액 · 개별 카드 가격 아님, 스크립트·광고 문구로 추정되는 오염 행",estimated,no,no,var safe = (window.dcAd && window.dcAd.safe == 1)
ba97f2783cab63b8aaa4d1de,digimontcg,디지몬 카드게임,2026-08,2026-08-13T16:03:54+09:00,known,076f3425755e84c73d210d39,ba97f2783cab63b8aaa4d1de,474912,https://m.dcinside.com/board/digimontcg/474912,"EX8 데블몬, 푸치메라몬 LM 구해요",seller-218e110ed580bebbd83c1df8,슈몬,guest,loadScript ' t,loadScript ' t,loadScript('//t,,,buy,구매,1,,,missing,unknown,unknown,unknown,,active,excluded,needs_review,"가격 후보 재검토 필요, 가격 미기재, 스크립트·광고 문구로 추정되는 오염 행",missing,no,no,"loadScript('//t1.kakaocdn.net/kas/static/ba.min.js', true);"
bf648ccde9a486297538b52e,digimontcg,디지몬 카드게임,2026-08,2026-08-13T16:03:54+09:00,known,6235a798603eb41c3ed26b34,bf648ccde9a486297538b52e,474912,https://m.dcinside.com/board/digimontcg/474912,"EX8 데블몬, 푸치메라몬 LM 구해요",seller-0936aa4155c5d5a7b5264643,슈몬,guest,loadScript ' t,loadScript ' t,loadScript('//t,,,buy,구매,1,,,missing,unknown,unknown,unknown,,active,excluded,needs_review,"가격 후보 재검토 필요, 가격 미기재, 스크립트·광고 문구로 추정되는 오염 행",missing,no,no,"loadScript('//t1.kakaocdn.net/kas/static/ba.min.js', true);"
bfb40228d2166c48b15d35b1,digimontcg,디지몬 카드게임,2026-08,2026-08-13T16:03:54+09:00,known,4b810e3d2519d66f109a71fb,bfb40228d2166c48b15d35b1,474912,https://m.dcinside.com/board/digimontcg/474912,"EX8 데블몬, 푸치메라몬 LM 구해요",seller-d28a5d0b0a771eaf6eafe997,슈몬,guest,loadScript ' t,loadScript ' t,loadScript('//t,,,buy,구매,1,,,missing,unknown,unknown,unknown,,active,excluded,needs_review,"가격 후보 재검토 필요, 가격 미기재, 스크립트·광고 문구로 추정되는 오염 행",missing,no,no,"loadScript('//t1.kakaocdn.net/kas/static/ba.min.js', true);"
c688d5220f39bc4f45ad996e,digimontcg,디지몬 카드게임,2026-08,2026-08-13T16:03:54+09:00,known,64d20e419c35a3d0350f4db5,c688d5220f39bc4f45ad996e,474912,https://m.dcinside.com/board/digimontcg/474912,"EX8 데블몬, 푸치메라몬 LM 구해요",seller-eb0f9a6bdb177550d76f6b1e,슈몬,guest,var safe = window.dcAd && window.dcAd.safe ==,var safe = window.dcAd && window.dcAd.safe ==,var safe = (window.dcAd && window.dcAd.safe ==,,,buy,구매,1,1,10000,estimated,bundle,text,unknown,,active,excluded,needs_review,"가격 단위 추정, 복수 카드 가격, 배송비 포함 여부 미확정, 묶음·세트 총액 · 개별 카드 가격 아님, 스크립트·광고 문구로 추정되는 오염 행",estimated,no,no,var safe = (window.dcAd && window.dcAd.safe == 1)
cc5efdcee227d70c5e4eb4aa,digimontcg,디지몬 카드게임,2026-08,2026-08-13T16:03:54+09:00,known,6235a798603eb41c3ed26b34,cc5efdcee227d70c5e4eb4aa,474912,https://m.dcinside.com/board/digimontcg/474912,"EX8 데블몬, 푸치메라몬 LM 구해요",seller-0936aa4155c5d5a7b5264643,슈몬,guest,EX8-059 데블몬 LM,EX8-059 데블몬 LM,EX8-059 데블몬 LM,,,buy,구매,1,5.000,5000,exact,per_card,text,unknown,,active,usable,needs_review,"수량 표기 감지, 배송비 포함 여부 미확정",exact,yes,yes,"EX8-059 데블몬 LM 1장 5,000원"
cf3c274c36b6b57e061d536f,digimontcg,디지몬 카드게임,2026-08,2026-08-13T16:03:54+09:00,known,4b810e3d2519d66f109a71fb,cf3c274c36b6b57e061d536f,474912,https://m.dcinside.com/board/digimontcg/474912,"EX8 데블몬, 푸치메라몬 LM 구해요",seller-d28a5d0b0a771eaf6eafe997,슈몬,guest,EX8-059 데블몬 LM,EX8-059 데블몬 LM,EX8-059 데블몬 LM,,,buy,구매,1,5.000,5000,exact,per_card,text,unknown,,active,usable,needs_review,"수량 표기 감지, 배송비 포함 여부 미확정",exact,yes,yes,"EX8-059 데블몬 LM 1장 5,000원"
d0d5f513a0d482a5b766c4d0,digimontcg,디지몬 카드게임,2026-08,2026-08-13T16:03:54+09:00,known,64d20e419c35a3d0350f4db5,d0d5f513a0d482a5b766c4d0,474912,https://m.dcinside.com/board/digimontcg/474912,"EX8 데블몬, 푸치메라몬 LM 구해요",seller-eb0f9a6bdb177550d76f6b1e,슈몬,guest,loadScript ' t,loadScript ' t,loadScript('//t,,,buy,구매,1,,,missing,unknown,unknown,unknown,,active,excluded,needs_review,"가격 후보 재검토 필요, 가격 미기재, 스크립트·광고 문구로 추정되는 오염 행",missing,no,no,"loadScript('//t1.kakaocdn.net/kas/static/ba.min.js', true);"
d173f68fe01e7d6fc7cbf916,digimontcg,디지몬 카드게임,2026-08,2026-08-13T16:03:54+09:00,known,2a79cb283c281a58cbf5ae38,d173f68fe01e7d6fc7cbf916,474912,https://m.dcinside.com/board/digimontcg/474912,"EX8 데블몬, 푸치메라몬 LM 구해요",seller-a9cfb5ff06943620f99fc32e,슈몬,guest,EX8-006 푸치메라몬 LM,EX8-006 푸치메라몬 LM,EX8-006 푸치메라몬 LM,,,buy,구매,1,1.000,1000,exact,per_card,text,unknown,,active,usable,needs_review,"수량 표기 감지, 배송비 포함 여부 미확정",exact,yes,yes,"EX8-006 푸치메라몬 LM 1장 1,000원"
e0917ff7927b97402c3dbbfc,digimontcg,디지몬 카드게임,2026-08,2026-08-13T16:03:54+09:00,known,076f3425755e84c73d210d39,e0917ff7927b97402c3dbbfc,474912,https://m.dcinside.com/board/digimontcg/474912,"EX8 데블몬, 푸치메라몬 LM 구해요",seller-218e110ed580bebbd83c1df8,슈몬,guest,EX8-059 데블몬 LM,EX8-059 데블몬 LM,EX8-059 데블몬 LM,,,buy,구매,1,5.000,5000,exact,per_card,text,unknown,,active,usable,needs_review,"수량 표기 감지, 배송비 포함 여부 미확정",exact,yes,yes,"EX8-059 데블몬 LM 1장 5,000원"
e2d6f95b9b38e0cf46f8e2e9,digimontcg,디지몬 카드게임,2026-08,2026-08-13T16:03:54+09:00,known,4b810e3d2519d66f109a71fb,e2d6f95b9b38e0cf46f8e2e9,474912,https://m.dcinside.com/board/digimontcg/474912,"EX8 데블몬, 푸치메라몬 LM 구해요",seller-d28a5d0b0a771eaf6eafe997,슈몬,guest,EX8-006 푸치메라몬 LM,EX8-006 푸치메라몬 LM,EX8-006 푸치메라몬 LM,,,buy,구매,1,1.000,1000,exact,per_card,text,unknown,,active,usable,needs_review,"수량 표기 감지, 배송비 포함 여부 미확정",exact,yes,yes,"EX8-006 푸치메라몬 LM 1장 1,000원"
e2ec1e8dc8ac1befaee768de,digimontcg,디지몬 카드게임,2026-08,2026-08-13T16:03:54+09:00,known,0db6d183ad98c7ac0748d3d0,e2ec1e8dc8ac1befaee768de,474912,https://m.dcinside.com/board/digimontcg/474912,"EX8 데블몬, 푸치메라몬 LM 구해요",seller-bc01458fbf4b9baa73ea7424,슈몬,guest,loadScript ' t,loadScript ' t,loadScript('//t,,,buy,구매,1,,,missing,unknown,unknown,unknown,,active,excluded,needs_review,"가격 후보 재검토 필요, 가격 미기재, 스크립트·광고 문구로 추정되는 오염 행",missing,no,no,"loadScript('//t1.kakaocdn.net/kas/static/ba.min.js', true);"
e3839cec279fd2d39b415b23,digimontcg,디지몬 카드게임,2026-08,2026-08-13T16:03:54+09:00,known,43300fa8673192a4c0f9f3a6,e3839cec279fd2d39b415b23,474912,https://m.dcinside.com/board/digimontcg/474912,"EX8 데블몬, 푸치메라몬 LM 구해요",seller-272930a6fb2d2e00528eb878,슈몬,guest,EX8-006 푸치메라몬 LM,EX8-006 푸치메라몬 LM,EX8-006 푸치메라몬 LM,,,buy,구매,1,1.000,1000,exact,per_card,text,unknown,,active,usable,needs_review,"수량 표기 감지, 배송비 포함 여부 미확정",exact,yes,yes,"EX8-006 푸치메라몬 LM 1장 1,000원"
f041f6eee32773276916196d,digimontcg,디지몬 카드게임,2026-08,2026-08-13T16:03:54+09:00,known,2a79cb283c281a58cbf5ae38,f041f6eee32773276916196d,474912,https://m.dcinside.com/board/digimontcg/474912,"EX8 데블몬, 푸치메라몬 LM 구해요",seller-a9cfb5ff06943620f99fc32e,슈몬,guest,loadScript ' t,loadScript ' t,loadScript('//t,,,buy,구매,1,,,missing,unknown,unknown,unknown,,active,excluded,needs_review,"가격 후보 재검토 필요, 가격 미기재, 스크립트·광고 문구로 추정되는 오염 행",missing,no,no,"loadScript('//t1.kakaocdn.net/kas/static/ba.min.js', true);"
f464b10db02f105a62732cce,digimontcg,디지몬 카드게임,2026-08,2026-08-13T16:03:54+09:00,known,a68ae7bb706deaf96f030115,f464b10db02f105a62732cce,474912,https://m.dcinside.com/board/digimontcg/474912,"EX8 데블몬, 푸치메라몬 LM 구해요",seller-e33c33d9a2428457806b0598,슈몬,guest,loadScript 'https pagead,loadScript 'https pagead,loadScript('https://pagead,,,buy,구매,1,,,missing,unknown,unknown,unknown,,active,excluded,needs_review,"가격 후보 재검토 필요, 가격 미기재, 스크립트·광고 문구로 추정되는 오염 행",missing,no,no,"loadScript('https://pagead2.googlesyndication.com/pagead/js/adsbygoogle_direct.js?client=ca-pub-8171468792791627', true, 'anonymous');"
fad9543d04fbc564f65ef3f2,digimontcg,디지몬 카드게임,2026-08,2026-08-13T16:03:54+09:00,known,43300fa8673192a4c0f9f3a6,fad9543d04fbc564f65ef3f2,474912,https://m.dcinside.com/board/digimontcg/474912,"EX8 데블몬, 푸치메라몬 LM 구해요",seller-272930a6fb2d2e00528eb878,슈몬,guest,DOM 삽입 헬퍼 현재 스크립트 위치 기준,DOM 삽입 헬퍼 현재 스크립트 위치 기준,// ---- DOM 삽입 헬퍼 (현재 스크립트 위치 기준,,,buy,구매,1,,,missing,unknown,unknown,unknown,,active,excluded,needs_review,"가격 후보 재검토 필요, 가격 미기재, 스크립트·광고 문구로 추정되는 오염 행",missing,no,no,// ---- DOM 삽입 헬퍼 (현재 스크립트 위치 기준1)
