observation_id,game_id,game_name,year_month,posted_at,date_quality,source_id,row_id,post_id,post_url,post_title,seller_id,seller_name,author_type,card_key,card_name,card_name_raw,card_code,rarity,listing_type,listing_type_label,quantity,raw_price,price_krw_observed,price_status,price_scope,price_origin,shipping_included,shipping_price_krw,post_status,analysis_status,review_status,review_reason,price_confidence,price_candidate,include_in_price_stats,raw_line
3c919ad340ac7a4384569fa5,pokemoncardgame,포켓몬 카드게임,2026-05,2026-05-01T01:06:20+09:00,known,7880a2e2a5eeaee660fdcfd9,3c919ad340ac7a4384569fa5,110134,https://m.dcinside.com/board/pokemoncardgame/110134,금주 용산 발기토 나옹 구해요,seller-e79c84d6e8981c99f36ba958,acespec,registered,,개당,개당,,,unknown,미분류,1,0.3,3000,estimated,per_card,text,unknown,,active,needs_review,needs_review,"가격 단위 추정, 배송비 포함 여부 미확정",estimated,yes,candidate_estimated,개당 0.3에 4장 혹은 언페어랑 교환합니다
8be2137b96eb55c125f1f7c2,pokemoncardgame,포켓몬 카드게임,2026-05,2026-05-01T08:30:30+09:00,known,8ba73f6ddb48a095455a5a6c,8be2137b96eb55c125f1f7c2,110157,https://m.dcinside.com/board/pokemoncardgame/110157,용산직 9함,seller-8777218818a241fb06b8196a,ㅇㅇ,guest,람다,람다,람다,,,unknown,미분류,1,3,30000,estimated,per_card,text,unknown,,active,needs_review,needs_review,"가격 단위 추정, 배송비 포함 여부 미확정",estimated,yes,candidate_estimated,람다 3
9a45e466a8e8ba8c348d98ce,pokemoncardgame,포켓몬 카드게임,2026-05,2026-05-01T08:30:30+09:00,known,8ba73f6ddb48a095455a5a6c,9a45e466a8e8ba8c348d98ce,110157,https://m.dcinside.com/board/pokemoncardgame/110157,용산직 9함,seller-8777218818a241fb06b8196a,ㅇㅇ,guest,투희,투희,투희,,,unknown,미분류,1,3,30000,estimated,per_card,text,unknown,,active,needs_review,needs_review,"가격 단위 추정, 배송비 포함 여부 미확정",estimated,yes,candidate_estimated,투희 3
ab09955821e240bbb6e5dda8,pokemoncardgame,포켓몬 카드게임,2026-05,2026-05-01T08:30:30+09:00,known,8ba73f6ddb48a095455a5a6c,ab09955821e240bbb6e5dda8,110157,https://m.dcinside.com/board/pokemoncardgame/110157,용산직 9함,seller-8777218818a241fb06b8196a,ㅇㅇ,guest,언페어,언페어,언페어,,,unknown,미분류,1,1,10000,estimated,per_card,text,unknown,,active,needs_review,needs_review,"가격 단위 추정, 배송비 포함 여부 미확정",estimated,yes,candidate_estimated,언페어 1
1e0f6e9c120401dc3ac9cc46,pokemoncardgame,포켓몬 카드게임,2026-05,2026-05-01T12:23:06+09:00,known,d47cfdf18361c251723ea8e1,1e0f6e9c120401dc3ac9cc46,110211,https://m.dcinside.com/board/pokemoncardgame/110211,서울숲 갤러리에 시아노 투희 ㅅㅅ,seller-a074fe27a7e4ae1bd93dd807,전대대실격,registered,시아노,시아노,시아노 장당 .,,,unknown,미분류,1,3,30000,estimated,per_card,text,unknown,,active,needs_review,needs_review,"가격 단위 추정, 배송비 포함 여부 미확정",estimated,yes,candidate_estimated,시아노 장당 .3
767f4856218fee8f64830e7f,pokemoncardgame,포켓몬 카드게임,2026-05,2026-05-01T12:23:06+09:00,known,d47cfdf18361c251723ea8e1,767f4856218fee8f64830e7f,110211,https://m.dcinside.com/board/pokemoncardgame/110211,서울숲 갤러리에 시아노 투희 ㅅㅅ,seller-a074fe27a7e4ae1bd93dd807,전대대실격,registered,투희,투희,투희 장당 .,,,unknown,미분류,1,2,20000,estimated,per_card,text,unknown,,active,needs_review,needs_review,"가격 단위 추정, 배송비 포함 여부 미확정",estimated,yes,candidate_estimated,투희 장당 .2
ceda7d466ba902b7afd2000c,pokemoncardgame,포켓몬 카드게임,2026-05,2026-05-01T14:48:48+09:00,known,4cf7d2f5254d40509049f208,ceda7d466ba902b7afd2000c,110274,https://m.dcinside.com/board/pokemoncardgame/110274,"평택직으로 독침붕EX 2장,포켓몬 회수 사이클론 구해봅니다",seller-55fa4bbbcef32755cec99221,고니,guest,포켓몬회수사이클론,포켓몬회수사이클론,포켓몬회수사이클론,,,unknown,미분류,1,0.05,500,estimated,per_card,text,unknown,,active,needs_review,needs_review,"가격 단위 추정, 배송비 포함 여부 미확정",estimated,yes,candidate_estimated,포켓몬회수사이클론 0.05
0a0043b46da7c9bc4a68a403,pokemoncardgame,포켓몬 카드게임,2026-05,2026-05-01T16:24:15+09:00,known,1c485e86da769069d6eca6c6,0a0043b46da7c9bc4a68a403,110306,https://m.dcinside.com/board/pokemoncardgame/110306,역삼 직으로 삽니다,seller-79d9d4dd651c0498e3509636,장비없이번지점..,registered,포핀,포핀,포핀,,,unknown,미분류,1,2,20000,estimated,per_card,text,unknown,,active,needs_review,needs_review,"가격 단위 추정, 배송비 포함 여부 미확정",estimated,yes,candidate_estimated,포핀 2
0cbafb9000db61547342185a,pokemoncardgame,포켓몬 카드게임,2026-05,2026-05-01T16:24:15+09:00,known,1c485e86da769069d6eca6c6,0cbafb9000db61547342185a,110306,https://m.dcinside.com/board/pokemoncardgame/110306,역삼 직으로 삽니다,seller-79d9d4dd651c0498e3509636,장비없이번지점..,registered,성스로운 분말,성스로운 분말,성스로운 분말,,,unknown,미분류,1,1,10000,estimated,per_card,text,unknown,,active,needs_review,needs_review,"가격 단위 추정, 배송비 포함 여부 미확정",estimated,yes,candidate_estimated,성스로운 분말 1
115ab521e9e2dd7e6e5388d5,pokemoncardgame,포켓몬 카드게임,2026-05,2026-05-01T16:24:15+09:00,known,1c485e86da769069d6eca6c6,115ab521e9e2dd7e6e5388d5,110306,https://m.dcinside.com/board/pokemoncardgame/110306,역삼 직으로 삽니다,seller-79d9d4dd651c0498e3509636,장비없이번지점..,registered,패드,패드,패드,,,unknown,미분류,1,4,40000,estimated,per_card,text,unknown,,active,needs_review,needs_review,"가격 단위 추정, 배송비 포함 여부 미확정",estimated,yes,candidate_estimated,패드 4
14aa2353f0205da7ee77e210,pokemoncardgame,포켓몬 카드게임,2026-05,2026-05-01T16:24:15+09:00,known,1c485e86da769069d6eca6c6,14aa2353f0205da7ee77e210,110306,https://m.dcinside.com/board/pokemoncardgame/110306,역삼 직으로 삽니다,seller-79d9d4dd651c0498e3509636,장비없이번지점..,registered,사탕,사탕,사탕,,,unknown,미분류,1,3,30000,estimated,per_card,text,unknown,,active,needs_review,needs_review,"가격 단위 추정, 배송비 포함 여부 미확정",estimated,yes,candidate_estimated,사탕 3
18a4628fcd808ead9efc67e8,pokemoncardgame,포켓몬 카드게임,2026-05,2026-05-01T16:24:15+09:00,known,1c485e86da769069d6eca6c6,18a4628fcd808ead9efc67e8,110306,https://m.dcinside.com/board/pokemoncardgame/110306,역삼 직으로 삽니다,seller-79d9d4dd651c0498e3509636,장비없이번지점..,registered,수련의 돌봄,수련의 돌봄,수련의 돌봄,,,unknown,미분류,1,1,10000,estimated,per_card,text,unknown,,active,needs_review,needs_review,"가격 단위 추정, 배송비 포함 여부 미확정",estimated,yes,candidate_estimated,수련의 돌봄 1
1c07e581d2d1b251135a2911,pokemoncardgame,포켓몬 카드게임,2026-05,2026-05-01T16:24:15+09:00,known,1c485e86da769069d6eca6c6,1c07e581d2d1b251135a2911,110306,https://m.dcinside.com/board/pokemoncardgame/110306,역삼 직으로 삽니다,seller-79d9d4dd651c0498e3509636,장비없이번지점..,registered,개조해머,개조해머,개조해머,,,unknown,미분류,1,2,20000,estimated,per_card,text,unknown,,active,needs_review,needs_review,"가격 단위 추정, 배송비 포함 여부 미확정",estimated,yes,candidate_estimated,개조해머 2
30a3803f7495a2ef6b2a58fb,pokemoncardgame,포켓몬 카드게임,2026-05,2026-05-01T16:24:15+09:00,known,1c485e86da769069d6eca6c6,30a3803f7495a2ef6b2a58fb,110306,https://m.dcinside.com/board/pokemoncardgame/110306,역삼 직으로 삽니다,seller-79d9d4dd651c0498e3509636,장비없이번지점..,registered,,,,,,unknown,미분류,1,2.5,25000,estimated,bundle,text,unknown,,active,needs_review,needs_review,"가격 단위 추정, 일괄·세트 가격, 배송비 포함 여부 미확정, 카드명 확인 필요, 묶음·세트 총액 · 개별 카드 가격 아님",estimated,no,no,일괄 2.5에 삽니다
3144c32c0eca10f44888fb40,pokemoncardgame,포켓몬 카드게임,2026-05,2026-05-01T16:24:15+09:00,known,1c485e86da769069d6eca6c6,3144c32c0eca10f44888fb40,110306,https://m.dcinside.com/board/pokemoncardgame/110306,역삼 직으로 삽니다,seller-79d9d4dd651c0498e3509636,장비없이번지점..,registered,기로치,기로치,기로치,,,unknown,미분류,1,1,10000,estimated,per_card,text,unknown,,active,needs_review,needs_review,"가격 단위 추정, 배송비 포함 여부 미확정",estimated,yes,candidate_estimated,기로치 1
391215f04fdeef641bd1f859,pokemoncardgame,포켓몬 카드게임,2026-05,2026-05-01T16:24:15+09:00,known,1c485e86da769069d6eca6c6,391215f04fdeef641bd1f859,110306,https://m.dcinside.com/board/pokemoncardgame/110306,역삼 직으로 삽니다,seller-79d9d4dd651c0498e3509636,장비없이번지점..,registered,빛나,빛나,빛나,,,unknown,미분류,1,4,40000,estimated,per_card,text,unknown,,active,needs_review,needs_review,"가격 단위 추정, 배송비 포함 여부 미확정",estimated,yes,candidate_estimated,빛나 4
473f4a551962f0da12d32c95,pokemoncardgame,포켓몬 카드게임,2026-05,2026-05-01T16:24:15+09:00,known,1c485e86da769069d6eca6c6,473f4a551962f0da12d32c95,110306,https://m.dcinside.com/board/pokemoncardgame/110306,역삼 직으로 삽니다,seller-79d9d4dd651c0498e3509636,장비없이번지점..,registered,투희,투희,투희,,,unknown,미분류,1,4,40000,estimated,per_card,text,unknown,,active,needs_review,needs_review,"가격 단위 추정, 배송비 포함 여부 미확정",estimated,yes,candidate_estimated,투희 4
6ba8ab2976a98530c6883c86,pokemoncardgame,포켓몬 카드게임,2026-05,2026-05-01T16:24:15+09:00,known,1c485e86da769069d6eca6c6,6ba8ab2976a98530c6883c86,110306,https://m.dcinside.com/board/pokemoncardgame/110306,역삼 직으로 삽니다,seller-79d9d4dd651c0498e3509636,장비없이번지점..,registered,고라파덕,고라파덕,고라파덕,,,unknown,미분류,1,1,10000,estimated,per_card,text,unknown,,active,needs_review,needs_review,"가격 단위 추정, 배송비 포함 여부 미확정",estimated,yes,candidate_estimated,고라파덕 1
88d695147d392aaae0a5e4b9,pokemoncardgame,포켓몬 카드게임,2026-05,2026-05-01T16:24:15+09:00,known,1c485e86da769069d6eca6c6,88d695147d392aaae0a5e4b9,110306,https://m.dcinside.com/board/pokemoncardgame/110306,역삼 직으로 삽니다,seller-79d9d4dd651c0498e3509636,장비없이번지점..,registered,배틀 콜로세움,배틀 콜로세움,배틀 콜로세움,,,unknown,미분류,1,4,40000,estimated,per_card,text,unknown,,active,needs_review,needs_review,"가격 단위 추정, 배송비 포함 여부 미확정",estimated,yes,candidate_estimated,배틀 콜로세움 4
8e746b4a91515739e7e4c6c9,pokemoncardgame,포켓몬 카드게임,2026-05,2026-05-01T16:24:15+09:00,known,1c485e86da769069d6eca6c6,8e746b4a91515739e7e4c6c9,110306,https://m.dcinside.com/board/pokemoncardgame/110306,역삼 직으로 삽니다,seller-79d9d4dd651c0498e3509636,장비없이번지점..,registered,쉐이미,쉐이미,쉐이미,,,unknown,미분류,1,1,10000,estimated,per_card,text,unknown,,active,needs_review,needs_review,"가격 단위 추정, 배송비 포함 여부 미확정",estimated,yes,candidate_estimated,쉐이미 1
90e627ab949e2bd4c852e658,pokemoncardgame,포켓몬 카드게임,2026-05,2026-05-01T16:24:15+09:00,known,1c485e86da769069d6eca6c6,90e627ab949e2bd4c852e658,110306,https://m.dcinside.com/board/pokemoncardgame/110306,역삼 직으로 삽니다,seller-79d9d4dd651c0498e3509636,장비없이번지점..,registered,윤겔라,윤겔라,윤겔라,,,unknown,미분류,1,1,10000,estimated,per_card,text,unknown,,active,needs_review,needs_review,"가격 단위 추정, 배송비 포함 여부 미확정",estimated,yes,candidate_estimated,윤겔라 1
b151c1cad385588c75d20e13,pokemoncardgame,포켓몬 카드게임,2026-05,2026-05-01T16:24:15+09:00,known,1c485e86da769069d6eca6c6,b151c1cad385588c75d20e13,110306,https://m.dcinside.com/board/pokemoncardgame/110306,역삼 직으로 삽니다,seller-79d9d4dd651c0498e3509636,장비없이번지점..,registered,텔레페스,텔레페스,텔레페스,,,unknown,미분류,1,4,40000,estimated,per_card,text,unknown,,active,needs_review,needs_review,"가격 단위 추정, 배송비 포함 여부 미확정",estimated,yes,candidate_estimated,텔레페스 4
cf4937b1032e440ce4f25260,pokemoncardgame,포켓몬 카드게임,2026-05,2026-05-01T16:24:15+09:00,known,1c485e86da769069d6eca6c6,cf4937b1032e440ce4f25260,110306,https://m.dcinside.com/board/pokemoncardgame/110306,역삼 직으로 삽니다,seller-79d9d4dd651c0498e3509636,장비없이번지점..,registered,스페셜 레드카드,스페셜 레드카드,스페셜 레드카드,,,unknown,미분류,1,1,10000,estimated,per_card,text,unknown,,active,needs_review,needs_review,"가격 단위 추정, 배송비 포함 여부 미확정",estimated,yes,candidate_estimated,스페셜 레드카드 1
edca387c53af45fde680e486,pokemoncardgame,포켓몬 카드게임,2026-05,2026-05-01T16:24:15+09:00,known,1c485e86da769069d6eca6c6,edca387c53af45fde680e486,110306,https://m.dcinside.com/board/pokemoncardgame/110306,역삼 직으로 삽니다,seller-79d9d4dd651c0498e3509636,장비없이번지점..,registered,보스,보스,보스,,,unknown,미분류,1,1,10000,estimated,per_card,text,unknown,,active,needs_review,needs_review,"가격 단위 추정, 배송비 포함 여부 미확정",estimated,yes,candidate_estimated,보스 1
fb739af686f5e2f4ee6a5aec,pokemoncardgame,포켓몬 카드게임,2026-05,2026-05-01T16:24:15+09:00,known,1c485e86da769069d6eca6c6,fb739af686f5e2f4ee6a5aec,110306,https://m.dcinside.com/board/pokemoncardgame/110306,역삼 직으로 삽니다,seller-79d9d4dd651c0498e3509636,장비없이번지점..,registered,비파,비파,비파,,,unknown,미분류,1,1,10000,estimated,per_card,text,unknown,,active,needs_review,needs_review,"가격 단위 추정, 배송비 포함 여부 미확정",estimated,yes,candidate_estimated,비파 1
0c70464476c7c3e0774ac19f,pokemoncardgame,포켓몬 카드게임,2026-05,2026-05-01T19:55:08+09:00,known,bfe1f2c687929c4125cd8745,0c70464476c7c3e0774ac19f,110349,https://m.dcinside.com/board/pokemoncardgame/110349,복귀뉴비 카드 몇장 사봐오,seller-bf236dbf14b65c8f850cbeb1,가가나가가,registered,하솔,하솔,하솔 장당,,,unknown,미분류,4,3500,35000000,estimated,per_card,text,unknown,,active,needs_review,needs_review,"가격 단위 추정, 배송비 포함 여부 미확정",estimated,yes,candidate_estimated,하솔 4장 장당 3500
557e791a0b1e8768aeae96f8,pokemoncardgame,포켓몬 카드게임,2026-05,2026-05-01T19:55:08+09:00,known,bfe1f2c687929c4125cd8745,557e791a0b1e8768aeae96f8,110349,https://m.dcinside.com/board/pokemoncardgame/110349,복귀뉴비 카드 몇장 사봐오,seller-bf236dbf14b65c8f850cbeb1,가가나가가,registered,웅의 스카우트,웅의 스카우트,웅의 스카우트 장당,,,unknown,미분류,4,1000,10000000,estimated,per_card,text,unknown,,active,needs_review,needs_review,"가격 단위 추정, 배송비 포함 여부 미확정",estimated,yes,candidate_estimated,웅의 스카우트 4장 장당 1000
5e44e304d4eca27798bf2e9e,pokemoncardgame,포켓몬 카드게임,2026-05,2026-05-02T02:12:42+09:00,known,d7461c0582158e40d06e399b,5e44e304d4eca27798bf2e9e,110430,https://m.dcinside.com/board/pokemoncardgame/110430,격투테라 개굴닌자ex rr 2장 구매해봅니다..,seller-2c871406c016a2cbeaff3a84,물많은누나물조..,registered,,,,,,unknown,미분류,2,0.3,3000,estimated,bundle,text,unknown,,active,needs_review,needs_review,"가격 단위 추정, 일괄·세트 가격, 배송비 포함 여부 미확정, 카드명 확인 필요, 묶음·세트 총액 · 개별 카드 가격 아님",estimated,no,no,2장 일괄 0.3에 사봅니다
21bb79a2e6103d0f5f008338,pokemoncardgame,포켓몬 카드게임,2026-05,2026-05-02T18:57:28+09:00,known,b583a202443e066d9b8f71e9,21bb79a2e6103d0f5f008338,110553,https://m.dcinside.com/board/pokemoncardgame/110553,오늘도 구하는 시아노 투희,seller-a074fe27a7e4ae1bd93dd807,전대대실격,registered,시아노,시아노,시아노 장당,,,unknown,미분류,1,0.3,3000,estimated,per_card,text,unknown,,active,needs_review,needs_review,"가격 단위 추정, 배송비 포함 여부 미확정",estimated,yes,candidate_estimated,시아노 장당 0.3
419441d4c457d58b953ff926,pokemoncardgame,포켓몬 카드게임,2026-05,2026-05-02T18:57:28+09:00,known,b583a202443e066d9b8f71e9,419441d4c457d58b953ff926,110553,https://m.dcinside.com/board/pokemoncardgame/110553,오늘도 구하는 시아노 투희,seller-a074fe27a7e4ae1bd93dd807,전대대실격,registered,loadScript ' t,loadScript ' t,loadScript('//t,,,unknown,미분류,1,1,10000,estimated,bundle,text,unknown,,active,needs_review,needs_review,"가격 단위 추정, 복수 카드 가격, 배송비 포함 여부 미확정, 묶음·세트 총액 · 개별 카드 가격 아님",estimated,no,no,"loadScript('//t1.kakaocdn.net/kas/static/ba.min.js', true);"
4a3accc9aafecccd5e2e9bce,pokemoncardgame,포켓몬 카드게임,2026-05,2026-05-02T18:57:28+09:00,known,b583a202443e066d9b8f71e9,4a3accc9aafecccd5e2e9bce,110553,https://m.dcinside.com/board/pokemoncardgame/110553,오늘도 구하는 시아노 투희,seller-a074fe27a7e4ae1bd93dd807,전대대실격,registered,var safe = window.dcAd && window.dcAd.safe ==,var safe = window.dcAd && window.dcAd.safe ==,var safe = (window.dcAd && window.dcAd.safe ==,,,unknown,미분류,1,1,10000,estimated,bundle,text,unknown,,active,needs_review,needs_review,"가격 단위 추정, 복수 카드 가격, 배송비 포함 여부 미확정, 묶음·세트 총액 · 개별 카드 가격 아님",estimated,no,no,var safe = (window.dcAd && window.dcAd.safe == 1)
751114ac8637e379d685a39e,pokemoncardgame,포켓몬 카드게임,2026-05,2026-05-02T18:57:28+09:00,known,b583a202443e066d9b8f71e9,751114ac8637e379d685a39e,110553,https://m.dcinside.com/board/pokemoncardgame/110553,오늘도 구하는 시아노 투희,seller-a074fe27a7e4ae1bd93dd807,전대대실격,registered,투희,투희,투희 장당,,,unknown,미분류,1,0.2,2000,estimated,per_card,text,unknown,,active,needs_review,needs_review,"가격 단위 추정, 배송비 포함 여부 미확정",estimated,yes,candidate_estimated,투희 장당 0.2
78db78a0aed5f4be05faaa58,pokemoncardgame,포켓몬 카드게임,2026-05,2026-05-02T18:57:28+09:00,known,b583a202443e066d9b8f71e9,78db78a0aed5f4be05faaa58,110553,https://m.dcinside.com/board/pokemoncardgame/110553,오늘도 구하는 시아노 투희,seller-a074fe27a7e4ae1bd93dd807,전대대실격,registered,loadScript 'https pagead,loadScript 'https pagead,loadScript('https://pagead,,,unknown,미분류,1,2,20000,estimated,bundle,text,unknown,,active,needs_review,needs_review,"가격 단위 추정, 복수 카드 가격, 배송비 포함 여부 미확정, 묶음·세트 총액 · 개별 카드 가격 아님",estimated,no,no,"loadScript('https://pagead2.googlesyndication.com/pagead/js/adsbygoogle_direct.js?client=ca-pub-8171468792791627', true, 'anonymous');"
c00626fbeb69053c5f41cc94,pokemoncardgame,포켓몬 카드게임,2026-05,2026-05-02T18:57:28+09:00,known,b583a202443e066d9b8f71e9,c00626fbeb69053c5f41cc94,110553,https://m.dcinside.com/board/pokemoncardgame/110553,오늘도 구하는 시아노 투희,seller-a074fe27a7e4ae1bd93dd807,전대대실격,registered,DOM 삽입 헬퍼 현재 스크립트 위치 기준,DOM 삽입 헬퍼 현재 스크립트 위치 기준,// ---- DOM 삽입 헬퍼 (현재 스크립트 위치 기준,,,unknown,미분류,1,1,10000,estimated,bundle,text,unknown,,active,needs_review,needs_review,"가격 단위 추정, 복수 카드 가격, 배송비 포함 여부 미확정, 묶음·세트 총액 · 개별 카드 가격 아님",estimated,no,no,// ---- DOM 삽입 헬퍼 (현재 스크립트 위치 기준1)
77cd4f6dd81480d69c79f75c,pokemoncardgame,포켓몬 카드게임,2026-05,2026-05-02T19:44:14+09:00,known,801505681098ce29a5686ecc,77cd4f6dd81480d69c79f75c,110562,https://m.dcinside.com/board/pokemoncardgame/110562,익펜용 XY배틀서처 구해봅니다. (가격인상),seller-ef0b1d20ab971a9795ba2e22,Darknes..,registered,,장당,장당,,,unknown,미분류,1,0.6,6000,estimated,per_card,text,unknown,,active,needs_review,needs_review,"가격 단위 추정, 배송비 포함 여부 미확정",estimated,yes,candidate_estimated,장당 0.6으로 구해봅니다.
431fc29d0fd9804db8aaa945,pokemoncardgame,포켓몬 카드게임,2026-05,2026-05-02T20:19:29+09:00,known,1f8d58155f619585093fd8af,431fc29d0fd9804db8aaa945,110568,https://m.dcinside.com/board/pokemoncardgame/110568,올리르바 덱 소스 구합니다 (인천 카드팝 직구 희망 일괄 2.5),seller-32a137c59506d56045086518,카드뉴비아저씨,guest,곤충채집세트,곤충채집세트,곤충채집세트,,,unknown,미분류,1,4,40000,estimated,bundle,text,unknown,,active,needs_review,needs_review,"가격 단위 추정, 일괄·세트 가격, 배송비 포함 여부 미확정, 묶음·세트 총액 · 개별 카드 가격 아님",estimated,no,no,곤충채집세트 4
45a28b4359b45c53c34373f8,pokemoncardgame,포켓몬 카드게임,2026-05,2026-05-02T20:19:29+09:00,known,1f8d58155f619585093fd8af,45a28b4359b45c53c34373f8,110568,https://m.dcinside.com/board/pokemoncardgame/110568,올리르바 덱 소스 구합니다 (인천 카드팝 직구 희망 일괄 2.5),seller-32a137c59506d56045086518,카드뉴비아저씨,guest,빛나,빛나,빛나,,,unknown,미분류,1,3,30000,estimated,per_card,text,unknown,,active,needs_review,needs_review,"가격 단위 추정, 배송비 포함 여부 미확정",estimated,yes,candidate_estimated,빛나 3
5a0cc866fda97f9dc8c690b8,pokemoncardgame,포켓몬 카드게임,2026-05,2026-05-02T20:19:29+09:00,known,1f8d58155f619585093fd8af,5a0cc866fda97f9dc8c690b8,110568,https://m.dcinside.com/board/pokemoncardgame/110568,올리르바 덱 소스 구합니다 (인천 카드팝 직구 희망 일괄 2.5),seller-32a137c59506d56045086518,카드뉴비아저씨,guest,올리뇨,올리뇨,올리뇨,,,unknown,미분류,1,2,20000,estimated,per_card,text,unknown,,active,needs_review,needs_review,"가격 단위 추정, 배송비 포함 여부 미확정",estimated,yes,candidate_estimated,올리뇨 2
64767299b3ccaba53daa10b0,pokemoncardgame,포켓몬 카드게임,2026-05,2026-05-02T20:19:29+09:00,known,1f8d58155f619585093fd8af,64767299b3ccaba53daa10b0,110568,https://m.dcinside.com/board/pokemoncardgame/110568,올리르바 덱 소스 구합니다 (인천 카드팝 직구 희망 일괄 2.5),seller-32a137c59506d56045086518,카드뉴비아저씨,guest,릴리에의 결심,릴리에의 결심,릴리에의 결심,,,unknown,미분류,1,4,40000,estimated,per_card,text,unknown,,active,needs_review,needs_review,"가격 단위 추정, 배송비 포함 여부 미확정",estimated,yes,candidate_estimated,릴리에의 결심 4
6d692e5fe22e90be122ba48e,pokemoncardgame,포켓몬 카드게임,2026-05,2026-05-02T20:19:29+09:00,known,1f8d58155f619585093fd8af,6d692e5fe22e90be122ba48e,110568,https://m.dcinside.com/board/pokemoncardgame/110568,올리르바 덱 소스 구합니다 (인천 카드팝 직구 희망 일괄 2.5),seller-32a137c59506d56045086518,카드뉴비아저씨,guest,활력의 숲,활력의 숲,활력의 숲,,,unknown,미분류,1,4,40000,estimated,per_card,text,unknown,,active,needs_review,needs_review,"가격 단위 추정, 배송비 포함 여부 미확정",estimated,yes,candidate_estimated,활력의 숲 4
6d784d069a114d193868c3d2,pokemoncardgame,포켓몬 카드게임,2026-05,2026-05-02T20:19:29+09:00,known,1f8d58155f619585093fd8af,6d784d069a114d193868c3d2,110568,https://m.dcinside.com/board/pokemoncardgame/110568,올리르바 덱 소스 구합니다 (인천 카드팝 직구 희망 일괄 2.5),seller-32a137c59506d56045086518,카드뉴비아저씨,guest,수련의 돌봄,수련의 돌봄,수련의 돌봄,,,unknown,미분류,1,1,10000,estimated,per_card,text,unknown,,active,needs_review,needs_review,"가격 단위 추정, 배송비 포함 여부 미확정",estimated,yes,candidate_estimated,수련의 돌봄 1
9736dd6f24edecebc4f191f0,pokemoncardgame,포켓몬 카드게임,2026-05,2026-05-02T20:19:29+09:00,known,1f8d58155f619585093fd8af,9736dd6f24edecebc4f191f0,110568,https://m.dcinside.com/board/pokemoncardgame/110568,올리르바 덱 소스 구합니다 (인천 카드팝 직구 희망 일괄 2.5),seller-32a137c59506d56045086518,카드뉴비아저씨,guest,치코리타 메가심포니아,치코리타 메가심포니아,치코리타(메가심포니아),,,unknown,미분류,1,2,20000,estimated,per_card,text,unknown,,active,needs_review,needs_review,"가격 단위 추정, 배송비 포함 여부 미확정",estimated,yes,candidate_estimated,치코리타(메가심포니아) 2
a0ce110222b6a969fc75d1b3,pokemoncardgame,포켓몬 카드게임,2026-05,2026-05-02T20:19:29+09:00,known,1f8d58155f619585093fd8af,a0ce110222b6a969fc75d1b3,110568,https://m.dcinside.com/board/pokemoncardgame/110568,올리르바 덱 소스 구합니다 (인천 카드팝 직구 희망 일괄 2.5),seller-32a137c59506d56045086518,카드뉴비아저씨,guest,미니브,미니브,미니브,,,unknown,미분류,1,2,20000,estimated,per_card,text,unknown,,active,needs_review,needs_review,"가격 단위 추정, 배송비 포함 여부 미확정",estimated,yes,candidate_estimated,미니브 2
a86a6d785790de3029579b4e,pokemoncardgame,포켓몬 카드게임,2026-05,2026-05-02T20:19:29+09:00,known,1f8d58155f619585093fd8af,a86a6d785790de3029579b4e,110568,https://m.dcinside.com/board/pokemoncardgame/110568,올리르바 덱 소스 구합니다 (인천 카드팝 직구 희망 일괄 2.5),seller-32a137c59506d56045086518,카드뉴비아저씨,guest,올리르바 ex,올리르바 ex,올리르바 ex 2,,,unknown,미분류,1,1000,10000000,estimated,per_card,text,unknown,,active,needs_review,needs_review,"가격 단위 추정, 배송비 포함 여부 미확정",estimated,yes,candidate_estimated,올리르바 ex 2 1000
aadcdc035bb761c9d9adf6dd,pokemoncardgame,포켓몬 카드게임,2026-05,2026-05-02T20:19:29+09:00,known,1f8d58155f619585093fd8af,aadcdc035bb761c9d9adf6dd,110568,https://m.dcinside.com/board/pokemoncardgame/110568,올리르바 덱 소스 구합니다 (인천 카드팝 직구 희망 일괄 2.5),seller-32a137c59506d56045086518,카드뉴비아저씨,guest,나옹 ex,나옹 ex,나옹 ex,,,unknown,미분류,1,2,20000,estimated,per_card,text,unknown,,active,needs_review,needs_review,"가격 단위 추정, 배송비 포함 여부 미확정",estimated,yes,candidate_estimated,나옹 ex 2
bfd6e4256dea40325b53f583,pokemoncardgame,포켓몬 카드게임,2026-05,2026-05-02T20:19:29+09:00,known,1f8d58155f619585093fd8af,bfd6e4256dea40325b53f583,110568,https://m.dcinside.com/board/pokemoncardgame/110568,올리르바 덱 소스 구합니다 (인천 카드팝 직구 희망 일괄 2.5),seller-32a137c59506d56045086518,카드뉴비아저씨,guest,2923,2923,010 -2923,,,unknown,미분류,1,3934,39340000,estimated,per_card,text,unknown,,active,needs_review,needs_review,"가격 단위 추정, 배송비 포함 여부 미확정",estimated,yes,candidate_estimated,010 -2923 - 3934
c7be95cfb12a6ef3b9656bc7,pokemoncardgame,포켓몬 카드게임,2026-05,2026-05-02T20:19:29+09:00,known,1f8d58155f619585093fd8af,c7be95cfb12a6ef3b9656bc7,110568,https://m.dcinside.com/board/pokemoncardgame/110568,올리르바 덱 소스 구합니다 (인천 카드팝 직구 희망 일괄 2.5),seller-32a137c59506d56045086518,카드뉴비아저씨,guest,포켓패드,포켓패드,포켓패드,,,unknown,미분류,1,2,20000,estimated,per_card,text,unknown,,active,needs_review,needs_review,"가격 단위 추정, 배송비 포함 여부 미확정",estimated,yes,candidate_estimated,포켓패드 2
ec481b2e88615e37d205ad20,pokemoncardgame,포켓몬 카드게임,2026-05,2026-05-02T20:19:29+09:00,known,1f8d58155f619585093fd8af,ec481b2e88615e37d205ad20,110568,https://m.dcinside.com/board/pokemoncardgame/110568,올리르바 덱 소스 구합니다 (인천 카드팝 직구 희망 일괄 2.5),seller-32a137c59506d56045086518,카드뉴비아저씨,guest,베이리프,베이리프,베이리프,,,unknown,미분류,1,2,20000,estimated,per_card,text,unknown,,active,needs_review,needs_review,"가격 단위 추정, 배송비 포함 여부 미확정",estimated,yes,candidate_estimated,베이리프 2
fc8eff745dc3f0a7ac358312,pokemoncardgame,포켓몬 카드게임,2026-05,2026-05-02T20:19:29+09:00,known,1f8d58155f619585093fd8af,fc8eff745dc3f0a7ac358312,110568,https://m.dcinside.com/board/pokemoncardgame/110568,올리르바 덱 소스 구합니다 (인천 카드팝 직구 희망 일괄 2.5),seller-32a137c59506d56045086518,카드뉴비아저씨,guest,메가니움 특성 우거짐,메가니움 특성 우거짐,메가니움(특성 우거짐),,,unknown,미분류,1,2,20000,estimated,per_card,text,unknown,,active,needs_review,needs_review,"가격 단위 추정, 배송비 포함 여부 미확정",estimated,yes,candidate_estimated,메가니움(특성 우거짐) 2
171a623167230496d116a3ad,pokemoncardgame,포켓몬 카드게임,2026-05,2026-05-02T23:33:43+09:00,known,b86e5b6459c206a34926e193,171a623167230496d116a3ad,110601,https://m.dcinside.com/board/pokemoncardgame/110601,닌자스피너 외 고레어 덱소스 정리합니다,seller-51447db26eeb90b0124d315b,포갤러,registered,전기에너지ur,전기에너지ur,전기에너지ur,,,unknown,미분류,1,0.9,9000,estimated,per_card,text,unknown,,active,needs_review,needs_review,"가격 단위 추정, 배송비 포함 여부 미확정",estimated,yes,candidate_estimated,전기에너지ur 0.9
2ce08c21f587ff8a94e6edac,pokemoncardgame,포켓몬 카드게임,2026-05,2026-05-02T23:33:43+09:00,known,b86e5b6459c206a34926e193,2ce08c21f587ff8a94e6edac,110601,https://m.dcinside.com/board/pokemoncardgame/110601,닌자스피너 외 고레어 덱소스 정리합니다,seller-51447db26eeb90b0124d315b,포갤러,registered,밤의 들것,밤의 들것,밤의 들것 (,,,unknown,미분류,1,3,30000,estimated,per_card,text,unknown,,active,needs_review,needs_review,"가격 단위 추정, 배송비 포함 여부 미확정",estimated,yes,candidate_estimated,밤의 들것 (3)
405c123b66b6789f6e4b7f8d,pokemoncardgame,포켓몬 카드게임,2026-05,2026-05-02T23:33:43+09:00,known,b86e5b6459c206a34926e193,405c123b66b6789f6e4b7f8d,110601,https://m.dcinside.com/board/pokemoncardgame/110601,닌자스피너 외 고레어 덱소스 정리합니다,seller-51447db26eeb90b0124d315b,포갤러,registered,일반,일반,일반 0.2 (,,,unknown,미분류,1,4,40000,estimated,per_card,text,unknown,,active,needs_review,needs_review,"가격 단위 추정, 배송비 포함 여부 미확정",estimated,yes,candidate_estimated,일반 0.2 (4)
40a8626a659cd312d3d9394d,pokemoncardgame,포켓몬 카드게임,2026-05,2026-05-02T23:33:43+09:00,known,b86e5b6459c206a34926e193,40a8626a659cd312d3d9394d,110601,https://m.dcinside.com/board/pokemoncardgame/110601,닌자스피너 외 고레어 덱소스 정리합니다,seller-51447db26eeb90b0124d315b,포갤러,registered,포켓몬 교체,포켓몬 교체,포켓몬 교체 (,,,unknown,미분류,1,1,10000,estimated,per_card,text,unknown,,active,needs_review,needs_review,"가격 단위 추정, 배송비 포함 여부 미확정",estimated,yes,candidate_estimated,포켓몬 교체 (1)
42eafa496251a78c605830b5,pokemoncardgame,포켓몬 카드게임,2026-05,2026-05-02T23:33:43+09:00,known,b86e5b6459c206a34926e193,42eafa496251a78c605830b5,110601,https://m.dcinside.com/board/pokemoncardgame/110601,닌자스피너 외 고레어 덱소스 정리합니다,seller-51447db26eeb90b0124d315b,포갤러,registered,배틀 콜로세움,배틀 콜로세움,배틀 콜로세움 (,,,unknown,미분류,1,2,20000,estimated,per_card,text,unknown,,active,needs_review,needs_review,"가격 단위 추정, 배송비 포함 여부 미확정",estimated,yes,candidate_estimated,배틀 콜로세움 (2)
4acf93fa82a9304aca52b00c,pokemoncardgame,포켓몬 카드게임,2026-05,2026-05-02T23:33:43+09:00,known,b86e5b6459c206a34926e193,4acf93fa82a9304aca52b00c,110601,https://m.dcinside.com/board/pokemoncardgame/110601,닌자스피너 외 고레어 덱소스 정리합니다,seller-51447db26eeb90b0124d315b,포갤러,registered,메가눈설왕,메가눈설왕,메가눈설왕 (,,,unknown,미분류,1,1,10000,estimated,per_card,text,unknown,,active,needs_review,needs_review,"가격 단위 추정, 배송비 포함 여부 미확정",estimated,yes,candidate_estimated,메가눈설왕 (1)
5a8f320743c606e09fc5136a,pokemoncardgame,포켓몬 카드게임,2026-05,2026-05-02T23:33:43+09:00,known,b86e5b6459c206a34926e193,5a8f320743c606e09fc5136a,110601,https://m.dcinside.com/board/pokemoncardgame/110601,닌자스피너 외 고레어 덱소스 정리합니다,seller-51447db26eeb90b0124d315b,포갤러,registered,절친 포핀,절친 포핀,절친 포핀 (,,,unknown,미분류,1,2,20000,estimated,per_card,text,unknown,,active,needs_review,needs_review,"가격 단위 추정, 배송비 포함 여부 미확정",estimated,yes,candidate_estimated,절친 포핀 (2)
5d6bfa88af7c3f38eb637c17,pokemoncardgame,포켓몬 카드게임,2026-05,2026-05-02T23:33:43+09:00,known,b86e5b6459c206a34926e193,5d6bfa88af7c3f38eb637c17,110601,https://m.dcinside.com/board/pokemoncardgame/110601,닌자스피너 외 고레어 덱소스 정리합니다,seller-51447db26eeb90b0124d315b,포갤러,registered,아이템 sr,아이템 sr,아이템 sr 장당,,,unknown,미분류,1,0.2,2000,estimated,per_card,text,unknown,,active,needs_review,needs_review,"가격 단위 추정, 배송비 포함 여부 미확정",estimated,yes,candidate_estimated,아이템 sr 장당 0.2
7525b7bcea6277d5002925d6,pokemoncardgame,포켓몬 카드게임,2026-05,2026-05-02T23:33:43+09:00,known,b86e5b6459c206a34926e193,7525b7bcea6277d5002925d6,110601,https://m.dcinside.com/board/pokemoncardgame/110601,닌자스피너 외 고레어 덱소스 정리합니다,seller-51447db26eeb90b0124d315b,포갤러,registered,메가드래캄,메가드래캄,메가드래캄 (,,,unknown,미분류,1,1,10000,estimated,per_card,text,unknown,,active,needs_review,needs_review,"가격 단위 추정, 배송비 포함 여부 미확정",estimated,yes,candidate_estimated,메가드래캄 (1)
76608c4b32c410534ff3ca86,pokemoncardgame,포켓몬 카드게임,2026-05,2026-05-02T23:33:43+09:00,known,b86e5b6459c206a34926e193,76608c4b32c410534ff3ca86,110601,https://m.dcinside.com/board/pokemoncardgame/110601,닌자스피너 외 고레어 덱소스 정리합니다,seller-51447db26eeb90b0124d315b,포갤러,registered,개굴마르 개굴반장 ar,개굴마르 개굴반장 ar,"개굴마르, 개굴반장 ar 0.3 (",,,unknown,미분류,1,2,20000,estimated,bundle,text,unknown,,active,needs_review,needs_review,"가격 단위 추정, 복수 카드 가격, 배송비 포함 여부 미확정, 묶음·세트 총액 · 개별 카드 가격 아님",estimated,no,no,"개굴마르, 개굴반장 ar 0.3 (2, 1)"
849e9c7d4c88eb26e699f9a6,pokemoncardgame,포켓몬 카드게임,2026-05,2026-05-02T23:33:43+09:00,known,b86e5b6459c206a34926e193,849e9c7d4c88eb26e699f9a6,110601,https://m.dcinside.com/board/pokemoncardgame/110601,닌자스피너 외 고레어 덱소스 정리합니다,seller-51447db26eeb90b0124d315b,포갤러,registered,파도타기 비치 sr,파도타기 비치 sr,파도타기 비치 sr 0.2 (,,,unknown,미분류,1,1,10000,estimated,per_card,text,unknown,,active,needs_review,needs_review,"가격 단위 추정, 배송비 포함 여부 미확정",estimated,yes,candidate_estimated,파도타기 비치 sr 0.2 (1)
8ce7e2fd70327a999a0375d6,pokemoncardgame,포켓몬 카드게임,2026-05,2026-05-02T23:33:43+09:00,known,b86e5b6459c206a34926e193,8ce7e2fd70327a999a0375d6,110601,https://m.dcinside.com/board/pokemoncardgame/110601,닌자스피너 외 고레어 덱소스 정리합니다,seller-51447db26eeb90b0124d315b,포갤러,registered,스레카 sr,스레카 sr,스레카 sr 1.0 (,,,unknown,미분류,1,2,20000,estimated,per_card,text,unknown,,active,needs_review,needs_review,"가격 단위 추정, 배송비 포함 여부 미확정",estimated,yes,candidate_estimated,스레카 sr 1.0 (2)
8d2c20d9357dad9ebbb938d9,pokemoncardgame,포켓몬 카드게임,2026-05,2026-05-02T23:33:43+09:00,known,b86e5b6459c206a34926e193,8d2c20d9357dad9ebbb938d9,110601,https://m.dcinside.com/board/pokemoncardgame/110601,닌자스피너 외 고레어 덱소스 정리합니다,seller-51447db26eeb90b0124d315b,포갤러,registered,포켓몬 sr,포켓몬 sr,포켓몬 sr 장당,,,unknown,미분류,1,0.3,3000,estimated,per_card,text,unknown,,active,needs_review,needs_review,"가격 단위 추정, 배송비 포함 여부 미확정",estimated,yes,candidate_estimated,포켓몬 sr 장당 0.3
a3934a0f74f6116b38e8207e,pokemoncardgame,포켓몬 카드게임,2026-05,2026-05-02T23:33:43+09:00,known,b86e5b6459c206a34926e193,a3934a0f74f6116b38e8207e,110601,https://m.dcinside.com/board/pokemoncardgame/110601,닌자스피너 외 고레어 덱소스 정리합니다,seller-51447db26eeb90b0124d315b,포갤러,registered,N의 포인트업,N의 포인트업,N의 포인트업 (,,,unknown,미분류,1,2,20000,estimated,per_card,text,unknown,,active,needs_review,needs_review,"가격 단위 추정, 배송비 포함 여부 미확정",estimated,yes,candidate_estimated,N의 포인트업 (2)
bbd4edd3dfa7a03b3a6b1e4f,pokemoncardgame,포켓몬 카드게임,2026-05,2026-05-02T23:33:43+09:00,known,b86e5b6459c206a34926e193,bbd4edd3dfa7a03b3a6b1e4f,110601,https://m.dcinside.com/board/pokemoncardgame/110601,닌자스피너 외 고레어 덱소스 정리합니다,seller-51447db26eeb90b0124d315b,포갤러,registered,메가개굴닌자 rr,메가개굴닌자 rr,메가개굴닌자 rr 0.3 (,,,unknown,미분류,1,2,20000,estimated,per_card,text,unknown,,active,needs_review,needs_review,"가격 단위 추정, 배송비 포함 여부 미확정",estimated,yes,candidate_estimated,메가개굴닌자 rr 0.3 (2)
d1790e70072604313df2603c,pokemoncardgame,포켓몬 카드게임,2026-05,2026-05-02T23:33:43+09:00,known,b86e5b6459c206a34926e193,d1790e70072604313df2603c,110601,https://m.dcinside.com/board/pokemoncardgame/110601,닌자스피너 외 고레어 덱소스 정리합니다,seller-51447db26eeb90b0124d315b,포갤러,registered,파워 프로틴,파워 프로틴,파워 프로틴 (,,,unknown,미분류,1,1,10000,estimated,per_card,text,unknown,,active,needs_review,needs_review,"가격 단위 추정, 배송비 포함 여부 미확정",estimated,yes,candidate_estimated,파워 프로틴 (1)
d68bcbe864db40d47f97afbb,pokemoncardgame,포켓몬 카드게임,2026-05,2026-05-02T23:33:43+09:00,known,b86e5b6459c206a34926e193,d68bcbe864db40d47f97afbb,110601,https://m.dcinside.com/board/pokemoncardgame/110601,닌자스피너 외 고레어 덱소스 정리합니다,seller-51447db26eeb90b0124d315b,포갤러,registered,격투,격투,격투(,,,unknown,미분류,1,2,20000,estimated,bundle,text,unknown,,active,needs_review,needs_review,"가격 단위 추정, 배송비 포함 여부 미확정, 묶음·세트 총액 · 개별 카드 가격 아님",estimated,no,no,"격투(2), 악(1), 물(1) sr 각 0.3"
d940901dad141a115550222b,pokemoncardgame,포켓몬 카드게임,2026-05,2026-05-02T23:33:43+09:00,known,b86e5b6459c206a34926e193,d940901dad141a115550222b,110601,https://m.dcinside.com/board/pokemoncardgame/110601,닌자스피너 외 고레어 덱소스 정리합니다,seller-51447db26eeb90b0124d315b,포갤러,registered,N의 조로아크,N의 조로아크,N의 조로아크 (,,,unknown,미분류,1,1,10000,estimated,per_card,text,unknown,,active,needs_review,needs_review,"가격 단위 추정, 배송비 포함 여부 미확정",estimated,yes,candidate_estimated,N의 조로아크 (1)
e1459caa62891cf47f418bd5,pokemoncardgame,포켓몬 카드게임,2026-05,2026-05-02T23:33:43+09:00,known,b86e5b6459c206a34926e193,e1459caa62891cf47f418bd5,110601,https://m.dcinside.com/board/pokemoncardgame/110601,닌자스피너 외 고레어 덱소스 정리합니다,seller-51447db26eeb90b0124d315b,포갤러,registered,지프,지프,지프 (,,,unknown,미분류,1,1,10000,estimated,per_card,text,unknown,,active,needs_review,needs_review,"가격 단위 추정, 배송비 포함 여부 미확정",estimated,yes,candidate_estimated,지프 (1)
e5ff6252a1a39f477dbe9126,pokemoncardgame,포켓몬 카드게임,2026-05,2026-05-02T23:33:43+09:00,known,b86e5b6459c206a34926e193,e5ff6252a1a39f477dbe9126,110601,https://m.dcinside.com/board/pokemoncardgame/110601,닌자스피너 외 고레어 덱소스 정리합니다,seller-51447db26eeb90b0124d315b,포갤러,registered,복숭악동,복숭악동,복숭악동 (,,,unknown,미분류,1,1,10000,estimated,per_card,text,unknown,,active,needs_review,needs_review,"가격 단위 추정, 배송비 포함 여부 미확정",estimated,yes,candidate_estimated,복숭악동 (1)
f17a667dc6e2f4d49e8f076d,pokemoncardgame,포켓몬 카드게임,2026-05,2026-05-02T23:33:43+09:00,known,b86e5b6459c206a34926e193,f17a667dc6e2f4d49e8f076d,110601,https://m.dcinside.com/board/pokemoncardgame/110601,닌자스피너 외 고레어 덱소스 정리합니다,seller-51447db26eeb90b0124d315b,포갤러,registered,이그니션 에너지,이그니션 에너지,이그니션 에너지 (,,,unknown,미분류,1,1,10000,estimated,per_card,text,unknown,,active,needs_review,needs_review,"가격 단위 추정, 배송비 포함 여부 미확정",estimated,yes,candidate_estimated,이그니션 에너지 (1)
f387dbf2dc0b57faf1096045,pokemoncardgame,포켓몬 카드게임,2026-05,2026-05-02T23:33:43+09:00,known,b86e5b6459c206a34926e193,f387dbf2dc0b57faf1096045,110601,https://m.dcinside.com/board/pokemoncardgame/110601,닌자스피너 외 고레어 덱소스 정리합니다,seller-51447db26eeb90b0124d315b,포갤러,registered,프리즘타워,프리즘타워,프리즘타워 (,,,unknown,미분류,1,2,20000,estimated,per_card,text,unknown,,active,needs_review,needs_review,"가격 단위 추정, 배송비 포함 여부 미확정",estimated,yes,candidate_estimated,프리즘타워 (2)
f85896cbd91e5f9ba009fafc,pokemoncardgame,포켓몬 카드게임,2026-05,2026-05-02T23:33:43+09:00,known,b86e5b6459c206a34926e193,f85896cbd91e5f9ba009fafc,110601,https://m.dcinside.com/board/pokemoncardgame/110601,닌자스피너 외 고레어 덱소스 정리합니다,seller-51447db26eeb90b0124d315b,포갤러,registered,툴스크래퍼,툴스크래퍼,툴스크래퍼 (,,,unknown,미분류,1,2,20000,estimated,per_card,text,unknown,,active,needs_review,needs_review,"가격 단위 추정, 배송비 포함 여부 미확정",estimated,yes,candidate_estimated,툴스크래퍼 (2)
fb83e4cb840b2aa19eb72d7e,pokemoncardgame,포켓몬 카드게임,2026-05,2026-05-02T23:33:43+09:00,known,b86e5b6459c206a34926e193,fb83e4cb840b2aa19eb72d7e,110601,https://m.dcinside.com/board/pokemoncardgame/110601,닌자스피너 외 고레어 덱소스 정리합니다,seller-51447db26eeb90b0124d315b,포갤러,registered,치라치노,치라치노,치라치노 (,,,unknown,미분류,1,1,10000,estimated,per_card,text,unknown,,active,needs_review,needs_review,"가격 단위 추정, 배송비 포함 여부 미확정",estimated,yes,candidate_estimated,치라치노 (1)
08294ad3976611006bf13522,pokemoncardgame,포켓몬 카드게임,2026-05,2026-05-03T01:47:57+09:00,known,eec34c868ce40a948a36a364,08294ad3976611006bf13522,110627,https://m.dcinside.com/board/pokemoncardgame/110627,입문 뉴비 덱소스 구해요,seller-43ee17f87080e9ecfd8bd241,포창,guest,람다,람다,람다,,,unknown,미분류,1,1,10000,estimated,per_card,text,unknown,,active,needs_review,needs_review,"가격 단위 추정, 배송비 포함 여부 미확정",estimated,yes,candidate_estimated,람다 1
25947815be6999f146d0500f,pokemoncardgame,포켓몬 카드게임,2026-05,2026-05-03T01:47:57+09:00,known,eec34c868ce40a948a36a364,25947815be6999f146d0500f,110627,https://m.dcinside.com/board/pokemoncardgame/110627,입문 뉴비 덱소스 구해요,seller-43ee17f87080e9ecfd8bd241,포창,guest,벨트,벨트,벨트,,,unknown,미분류,1,1,10000,estimated,per_card,text,unknown,,active,needs_review,needs_review,"가격 단위 추정, 배송비 포함 여부 미확정",estimated,yes,candidate_estimated,벨트 1
44eac7e2d01551de063de2ed,pokemoncardgame,포켓몬 카드게임,2026-05,2026-05-03T01:47:57+09:00,known,eec34c868ce40a948a36a364,44eac7e2d01551de063de2ed,110627,https://m.dcinside.com/board/pokemoncardgame/110627,입문 뉴비 덱소스 구해요,seller-43ee17f87080e9ecfd8bd241,포창,guest,,,,,,unknown,미분류,1,0.7,7000,estimated,bundle,text,unknown,,active,needs_review,needs_review,"가격 단위 추정, 일괄·세트 가격, 배송비 포함 여부 미확정, 카드명 확인 필요, 묶음·세트 총액 · 개별 카드 가격 아님",estimated,no,no,일괄 0.7
6310aeef24ddf2e927cdc76d,pokemoncardgame,포켓몬 카드게임,2026-05,2026-05-03T01:47:57+09:00,known,eec34c868ce40a948a36a364,6310aeef24ddf2e927cdc76d,110627,https://m.dcinside.com/board/pokemoncardgame/110627,입문 뉴비 덱소스 구해요,seller-43ee17f87080e9ecfd8bd241,포창,guest,민진의 헤아림,민진의 헤아림,민진의 헤아림,,,unknown,미분류,1,1,10000,estimated,per_card,text,unknown,,active,needs_review,needs_review,"가격 단위 추정, 배송비 포함 여부 미확정",estimated,yes,candidate_estimated,민진의 헤아림 1
af3957db407b9f62e8623675,pokemoncardgame,포켓몬 카드게임,2026-05,2026-05-03T01:47:57+09:00,known,eec34c868ce40a948a36a364,af3957db407b9f62e8623675,110627,https://m.dcinside.com/board/pokemoncardgame/110627,입문 뉴비 덱소스 구해요,seller-43ee17f87080e9ecfd8bd241,포창,guest,나옹ex,나옹ex,나옹ex,,,unknown,미분류,1,1,10000,estimated,per_card,text,unknown,,active,needs_review,needs_review,"가격 단위 추정, 배송비 포함 여부 미확정",estimated,yes,candidate_estimated,나옹ex 1
b0740a1ca84f3def12493e74,pokemoncardgame,포켓몬 카드게임,2026-05,2026-05-03T01:47:57+09:00,known,eec34c868ce40a948a36a364,b0740a1ca84f3def12493e74,110627,https://m.dcinside.com/board/pokemoncardgame/110627,입문 뉴비 덱소스 구해요,seller-43ee17f87080e9ecfd8bd241,포창,guest,감시탑,감시탑,감시탑,,,unknown,미분류,1,2,20000,estimated,per_card,text,unknown,,active,needs_review,needs_review,"가격 단위 추정, 배송비 포함 여부 미확정",estimated,yes,candidate_estimated,감시탑 2
b3925959336c7a38096db064,pokemoncardgame,포켓몬 카드게임,2026-05,2026-05-03T11:42:18+09:00,known,01ae72c0a7050277e3c1f00e,b3925959336c7a38096db064,110659,https://m.dcinside.com/board/pokemoncardgame/110659,스페셜 레드카드 팜,seller-b4ed59c8ac6853d2a3005219,ㅇㅇ,guest,머구 반값택배시 +,머구 반값택배시 +,"머구 직거래, 반값택배시 +",,,unknown,미분류,1,0.2,2000,estimated,bundle,text,unknown,,active,needs_review,needs_review,"가격 단위 추정, 복수 카드 가격, 배송비 포함 여부 미확정, 묶음·세트 총액 · 개별 카드 가격 아님",estimated,no,no,"머구 직거래, 반값택배시 + 0.2"
ea3cfe81f6e80b3f2841d040,pokemoncardgame,포켓몬 카드게임,2026-05,2026-05-03T11:42:18+09:00,known,01ae72c0a7050277e3c1f00e,ea3cfe81f6e80b3f2841d040,110659,https://m.dcinside.com/board/pokemoncardgame/110659,스페셜 레드카드 팜,seller-b4ed59c8ac6853d2a3005219,ㅇㅇ,guest,sr 스페셜 레드카드 + 일반 스페셜 레드카드,sr 스페셜 레드카드 + 일반 스페셜 레드카드,sr 스페셜 레드카드 + 일반 스페셜 레드카드,,,unknown,미분류,1,1.3,13000,estimated,bundle,text,unknown,,active,needs_review,needs_review,"가격 단위 추정, 복수 카드 가격, 배송비 포함 여부 미확정, 묶음·세트 총액 · 개별 카드 가격 아님",estimated,no,no,sr 스페셜 레드카드 1장 + 일반 스페셜 레드카드 1장 1.3
03ac24ff6b0c97d0209f2c66,pokemoncardgame,포켓몬 카드게임,2026-05,2026-05-03T13:17:19+09:00,known,3ab254815787092a591ab5c4,03ac24ff6b0c97d0209f2c66,110670,https://m.dcinside.com/board/pokemoncardgame/110670,"덱소스 대량 ㅍㅍ (닌자스피너 포함, 스압)",seller-51447db26eeb90b0124d315b,포갤러,registered,점보아이스,점보아이스,점보아이스,,,unknown,미분류,1,0.03,300,estimated,per_card,text,unknown,,active,needs_review,needs_review,"가격 단위 추정, 배송비 포함 여부 미확정",estimated,yes,candidate_estimated,점보아이스 0.03
0594596b7ffc30a1d7c1b1b1,pokemoncardgame,포켓몬 카드게임,2026-05,2026-05-03T13:17:19+09:00,known,3ab254815787092a591ab5c4,0594596b7ffc30a1d7c1b1b1,110670,https://m.dcinside.com/board/pokemoncardgame/110670,"덱소스 대량 ㅍㅍ (닌자스피너 포함, 스압)",seller-51447db26eeb90b0124d315b,포갤러,registered,메가캥카ex sr,메가캥카ex sr,메가캥카ex sr,,,unknown,미분류,1,0.2,2000,estimated,per_card,text,unknown,,active,needs_review,needs_review,"가격 단위 추정, 배송비 포함 여부 미확정",estimated,yes,candidate_estimated,메가캥카ex sr 0.2
0656a11c1fd0f23ece9913b5,pokemoncardgame,포켓몬 카드게임,2026-05,2026-05-03T13:17:19+09:00,known,3ab254815787092a591ab5c4,0656a11c1fd0f23ece9913b5,110670,https://m.dcinside.com/board/pokemoncardgame/110670,"덱소스 대량 ㅍㅍ (닌자스피너 포함, 스압)",seller-51447db26eeb90b0124d315b,포갤러,registered,투로박사의 시나리오,투로박사의 시나리오,투로박사의 시나리오,,,unknown,미분류,1,0.05,500,estimated,per_card,text,unknown,,active,needs_review,needs_review,"가격 단위 추정, 배송비 포함 여부 미확정",estimated,yes,candidate_estimated,투로박사의 시나리오 0.05
0695c865874c700543466434,pokemoncardgame,포켓몬 카드게임,2026-05,2026-05-03T13:17:19+09:00,known,3ab254815787092a591ab5c4,0695c865874c700543466434,110670,https://m.dcinside.com/board/pokemoncardgame/110670,"덱소스 대량 ㅍㅍ (닌자스피너 포함, 스압)",seller-51447db26eeb90b0124d315b,포갤러,registered,메로엣타 ex sr,메로엣타 ex sr,메로엣타 ex sr,,,unknown,미분류,1,0.2,2000,estimated,per_card,text,unknown,,active,needs_review,needs_review,"가격 단위 추정, 배송비 포함 여부 미확정",estimated,yes,candidate_estimated,메로엣타 ex sr 0.2
08d57df90e0ed8f56336e8af,pokemoncardgame,포켓몬 카드게임,2026-05,2026-05-03T13:17:19+09:00,known,3ab254815787092a591ab5c4,08d57df90e0ed8f56336e8af,110670,https://m.dcinside.com/board/pokemoncardgame/110670,"덱소스 대량 ㅍㅍ (닌자스피너 포함, 스압)",seller-51447db26eeb90b0124d315b,포갤러,registered,프리즘타워,프리즘타워,프리즘타워,,,unknown,미분류,1,0.05,500,estimated,per_card,text,unknown,,active,needs_review,needs_review,"가격 단위 추정, 배송비 포함 여부 미확정",estimated,yes,candidate_estimated,프리즘타워 0.05
0b2ebf1c50d04c288f952234,pokemoncardgame,포켓몬 카드게임,2026-05,2026-05-03T13:17:19+09:00,known,3ab254815787092a591ab5c4,0b2ebf1c50d04c288f952234,110670,https://m.dcinside.com/board/pokemoncardgame/110670,"덱소스 대량 ㅍㅍ (닌자스피너 포함, 스압)",seller-51447db26eeb90b0124d315b,포갤러,registered,로켓단의 감시탑,로켓단의 감시탑,로켓단의 감시탑,,,unknown,미분류,1,0.08,800,estimated,per_card,text,unknown,,active,needs_review,needs_review,"가격 단위 추정, 배송비 포함 여부 미확정",estimated,yes,candidate_estimated,로켓단의 감시탑 0.08
13e9131b26ee4e3851ba7541,pokemoncardgame,포켓몬 카드게임,2026-05,2026-05-03T13:17:19+09:00,known,3ab254815787092a591ab5c4,13e9131b26ee4e3851ba7541,110670,https://m.dcinside.com/board/pokemoncardgame/110670,"덱소스 대량 ㅍㅍ (닌자스피너 포함, 스압)",seller-51447db26eeb90b0124d315b,포갤러,registered,아이리스의 투지,아이리스의 투지,아이리스의 투지,,,unknown,미분류,1,0.03,300,estimated,per_card,text,unknown,,active,needs_review,needs_review,"가격 단위 추정, 배송비 포함 여부 미확정",estimated,yes,candidate_estimated,아이리스의 투지 0.03
14395365a24e98c5355bcb46,pokemoncardgame,포켓몬 카드게임,2026-05,2026-05-03T13:17:19+09:00,known,3ab254815787092a591ab5c4,14395365a24e98c5355bcb46,110670,https://m.dcinside.com/board/pokemoncardgame/110670,"덱소스 대량 ㅍㅍ (닌자스피너 포함, 스압)",seller-51447db26eeb90b0124d315b,포갤러,registered,밤의 들것,밤의 들것,밤의 들것,,,unknown,미분류,1,0.05,500,estimated,per_card,text,unknown,,active,needs_review,needs_review,"가격 단위 추정, 배송비 포함 여부 미확정",estimated,yes,candidate_estimated,밤의 들것 0.05
14a8d4e71c992352c2f1946e,pokemoncardgame,포켓몬 카드게임,2026-05,2026-05-03T13:17:19+09:00,known,3ab254815787092a591ab5c4,14a8d4e71c992352c2f1946e,110670,https://m.dcinside.com/board/pokemoncardgame/110670,"덱소스 대량 ㅍㅍ (닌자스피너 포함, 스압)",seller-51447db26eeb90b0124d315b,포갤러,registered,치라치노,치라치노,치라치노,,,unknown,미분류,1,0.15,1500,estimated,per_card,text,unknown,,active,needs_review,needs_review,"가격 단위 추정, 배송비 포함 여부 미확정",estimated,yes,candidate_estimated,치라치노 0.15
152114aa96aea94039264167,pokemoncardgame,포켓몬 카드게임,2026-05,2026-05-03T13:17:19+09:00,known,3ab254815787092a591ab5c4,152114aa96aea94039264167,110670,https://m.dcinside.com/board/pokemoncardgame/110670,"덱소스 대량 ㅍㅍ (닌자스피너 포함, 스압)",seller-51447db26eeb90b0124d315b,포갤러,registered,성스러운 분말,성스러운 분말,성스러운 분말,,,unknown,미분류,1,0.02,200,estimated,per_card,text,unknown,,active,needs_review,needs_review,"가격 단위 추정, 배송비 포함 여부 미확정",estimated,yes,candidate_estimated,성스러운 분말 0.02
16fb31d4359646c1919580b6,pokemoncardgame,포켓몬 카드게임,2026-05,2026-05-03T13:17:19+09:00,known,3ab254815787092a591ab5c4,16fb31d4359646c1919580b6,110670,https://m.dcinside.com/board/pokemoncardgame/110670,"덱소스 대량 ㅍㅍ (닌자스피너 포함, 스압)",seller-51447db26eeb90b0124d315b,포갤러,registered,제로의대공동,제로의대공동,제로의대공동,,,unknown,미분류,1,0.03,300,estimated,per_card,text,unknown,,active,needs_review,needs_review,"가격 단위 추정, 배송비 포함 여부 미확정",estimated,yes,candidate_estimated,제로의대공동 0.03
19f27566843920592d59be04,pokemoncardgame,포켓몬 카드게임,2026-05,2026-05-03T13:17:19+09:00,known,3ab254815787092a591ab5c4,19f27566843920592d59be04,110670,https://m.dcinside.com/board/pokemoncardgame/110670,"덱소스 대량 ㅍㅍ (닌자스피너 포함, 스압)",seller-51447db26eeb90b0124d315b,포갤러,registered,로켓단의 랜스 sr,로켓단의 랜스 sr,로켓단의 랜스 sr 0.45,,,unknown,미분류,1,0.05,500,estimated,per_card,text,unknown,,active,needs_review,needs_review,"가격 단위 추정, 배송비 포함 여부 미확정",estimated,yes,candidate_estimated,로켓단의 랜스 sr 0.45 0.05
22795e56bebb65637d3f09ef,pokemoncardgame,포켓몬 카드게임,2026-05,2026-05-03T13:17:19+09:00,known,3ab254815787092a591ab5c4,22795e56bebb65637d3f09ef,110670,https://m.dcinside.com/board/pokemoncardgame/110670,"덱소스 대량 ㅍㅍ (닌자스피너 포함, 스압)",seller-51447db26eeb90b0124d315b,포갤러,registered,보스의 지령 미러,보스의 지령 미러,보스의 지령 0.05 미러,,,unknown,미분류,1,0.07,700,estimated,per_card,text,unknown,,active,needs_review,needs_review,"가격 단위 추정, 배송비 포함 여부 미확정",estimated,yes,candidate_estimated,보스의 지령 0.05 미러 0.07
2330748f2e77de570ddca031,pokemoncardgame,포켓몬 카드게임,2026-05,2026-05-03T13:17:19+09:00,known,3ab254815787092a591ab5c4,2330748f2e77de570ddca031,110670,https://m.dcinside.com/board/pokemoncardgame/110670,"덱소스 대량 ㅍㅍ (닌자스피너 포함, 스압)",seller-51447db26eeb90b0124d315b,포갤러,registered,하이퍼볼,하이퍼볼,하이퍼볼,,,unknown,미분류,1,0.02,200,estimated,per_card,text,unknown,,active,needs_review,needs_review,"가격 단위 추정, 배송비 포함 여부 미확정",estimated,yes,candidate_estimated,하이퍼볼 0.02
234dd882d8c000d300f87145,pokemoncardgame,포켓몬 카드게임,2026-05,2026-05-03T13:17:19+09:00,known,3ab254815787092a591ab5c4,234dd882d8c000d300f87145,110670,https://m.dcinside.com/board/pokemoncardgame/110670,"덱소스 대량 ㅍㅍ (닌자스피너 포함, 스압)",seller-51447db26eeb90b0124d315b,포갤러,registered,펑크멧 sr,펑크멧 sr,펑크멧 sr,,,unknown,미분류,1,0.1,1000,estimated,per_card,text,unknown,,active,needs_review,needs_review,"가격 단위 추정, 배송비 포함 여부 미확정",estimated,yes,candidate_estimated,펑크멧 sr 0.1
2421763471d40b70da63205a,pokemoncardgame,포켓몬 카드게임,2026-05,2026-05-03T13:17:19+09:00,known,3ab254815787092a591ab5c4,2421763471d40b70da63205a,110670,https://m.dcinside.com/board/pokemoncardgame/110670,"덱소스 대량 ㅍㅍ (닌자스피너 포함, 스압)",seller-51447db26eeb90b0124d315b,포갤러,registered,조타구 ex sr,조타구 ex sr,조타구 ex sr,,,unknown,미분류,1,0.2,2000,estimated,per_card,text,unknown,,active,needs_review,needs_review,"가격 단위 추정, 배송비 포함 여부 미확정",estimated,yes,candidate_estimated,조타구 ex sr 0.2
249fbb722d3b6cd60d5297bc,pokemoncardgame,포켓몬 카드게임,2026-05,2026-05-03T13:17:19+09:00,known,3ab254815787092a591ab5c4,249fbb722d3b6cd60d5297bc,110670,https://m.dcinside.com/board/pokemoncardgame/110670,"덱소스 대량 ㅍㅍ (닌자스피너 포함, 스압)",seller-51447db26eeb90b0124d315b,포갤러,registered,스페셜 레드카드,스페셜 레드카드,스페셜 레드카드,,,unknown,미분류,1,0.25,2500,estimated,per_card,text,unknown,,active,needs_review,needs_review,"가격 단위 추정, 배송비 포함 여부 미확정",estimated,yes,candidate_estimated,스페셜 레드카드 0.25
26afc830027b533e28cede79,pokemoncardgame,포켓몬 카드게임,2026-05,2026-05-03T13:17:19+09:00,known,3ab254815787092a591ab5c4,26afc830027b533e28cede79,110670,https://m.dcinside.com/board/pokemoncardgame/110670,"덱소스 대량 ㅍㅍ (닌자스피너 포함, 스압)",seller-51447db26eeb90b0124d315b,포갤러,registered,메가화염레오,메가화염레오,메가화염레오,,,unknown,미분류,1,0.1,1000,estimated,per_card,text,unknown,,active,needs_review,needs_review,"가격 단위 추정, 배송비 포함 여부 미확정",estimated,yes,candidate_estimated,메가화염레오 0.1
26e50b5e9c95c42e61431555,pokemoncardgame,포켓몬 카드게임,2026-05,2026-05-03T13:17:19+09:00,known,3ab254815787092a591ab5c4,26e50b5e9c95c42e61431555,110670,https://m.dcinside.com/board/pokemoncardgame/110670,"덱소스 대량 ㅍㅍ (닌자스피너 포함, 스압)",seller-51447db26eeb90b0124d315b,포갤러,registered,에너지,에너지,에너지 장당,,,unknown,미분류,1,0.05,500,estimated,per_card,text,unknown,,active,needs_review,needs_review,"가격 단위 추정, 배송비 포함 여부 미확정",estimated,yes,candidate_estimated,에너지 장당 0.05
29e25c8bbe1abc26e1635d60,pokemoncardgame,포켓몬 카드게임,2026-05,2026-05-03T13:17:19+09:00,known,3ab254815787092a591ab5c4,29e25c8bbe1abc26e1635d60,110670,https://m.dcinside.com/board/pokemoncardgame/110670,"덱소스 대량 ㅍㅍ (닌자스피너 포함, 스압)",seller-51447db26eeb90b0124d315b,포갤러,registered,파도타기,파도타기,파도타기,,,unknown,미분류,1,0.03,300,estimated,per_card,text,unknown,,active,needs_review,needs_review,"가격 단위 추정, 배송비 포함 여부 미확정",estimated,yes,candidate_estimated,파도타기 0.03
2a1f02ff418e1e923de78e4e,pokemoncardgame,포켓몬 카드게임,2026-05,2026-05-03T13:17:19+09:00,known,3ab254815787092a591ab5c4,2a1f02ff418e1e923de78e4e,110670,https://m.dcinside.com/board/pokemoncardgame/110670,"덱소스 대량 ㅍㅍ (닌자스피너 포함, 스압)",seller-51447db26eeb90b0124d315b,포갤러,registered,에너지회수 sr,에너지회수 sr,에너지회수 0.05 sr,,,unknown,미분류,1,0.2,2000,estimated,per_card,text,unknown,,active,needs_review,needs_review,"가격 단위 추정, 배송비 포함 여부 미확정",estimated,yes,candidate_estimated,에너지회수 0.05 sr 0.2
2bb9a82b2aabc37fe3f13fb3,pokemoncardgame,포켓몬 카드게임,2026-05,2026-05-03T13:17:19+09:00,known,3ab254815787092a591ab5c4,2bb9a82b2aabc37fe3f13fb3,110670,https://m.dcinside.com/board/pokemoncardgame/110670,"덱소스 대량 ㅍㅍ (닌자스피너 포함, 스압)",seller-51447db26eeb90b0124d315b,포갤러,registered,포켓기어3.0,포켓기어3.0,포켓기어3.0,,,unknown,미분류,1,0.05,500,estimated,per_card,text,unknown,,active,needs_review,needs_review,"가격 단위 추정, 배송비 포함 여부 미확정",estimated,yes,candidate_estimated,포켓기어3.0 0.05
2c5b8f9e43ed372aeabe1e39,pokemoncardgame,포켓몬 카드게임,2026-05,2026-05-03T13:17:19+09:00,known,3ab254815787092a591ab5c4,2c5b8f9e43ed372aeabe1e39,110670,https://m.dcinside.com/board/pokemoncardgame/110670,"덱소스 대량 ㅍㅍ (닌자스피너 포함, 스압)",seller-51447db26eeb90b0124d315b,포갤러,registered,보르그,보르그,보르그,,,unknown,미분류,1,0.15,1500,estimated,per_card,text,unknown,,active,needs_review,needs_review,"가격 단위 추정, 배송비 포함 여부 미확정",estimated,yes,candidate_estimated,보르그 0.15
302f98225ea160b1c626f9e1,pokemoncardgame,포켓몬 카드게임,2026-05,2026-05-03T13:17:19+09:00,known,3ab254815787092a591ab5c4,302f98225ea160b1c626f9e1,110670,https://m.dcinside.com/board/pokemoncardgame/110670,"덱소스 대량 ㅍㅍ (닌자스피너 포함, 스압)",seller-51447db26eeb90b0124d315b,포갤러,registered,루미너스 에너지,루미너스 에너지,루미너스 에너지,,,unknown,미분류,1,0.03,300,estimated,per_card,text,unknown,,active,needs_review,needs_review,"가격 단위 추정, 배송비 포함 여부 미확정",estimated,yes,candidate_estimated,루미너스 에너지 0.03
332e20afcbac0786b6015af7,pokemoncardgame,포켓몬 카드게임,2026-05,2026-05-03T13:17:19+09:00,known,3ab254815787092a591ab5c4,332e20afcbac0786b6015af7,110670,https://m.dcinside.com/board/pokemoncardgame/110670,"덱소스 대량 ㅍㅍ (닌자스피너 포함, 스압)",seller-51447db26eeb90b0124d315b,포갤러,registered,로켓단의 팩토리,로켓단의 팩토리,로켓단의 팩토리,,,unknown,미분류,1,0.03,300,estimated,per_card,text,unknown,,active,needs_review,needs_review,"가격 단위 추정, 배송비 포함 여부 미확정",estimated,yes,candidate_estimated,로켓단의 팩토리 0.03
3381a2ff1758568611df6f39,pokemoncardgame,포켓몬 카드게임,2026-05,2026-05-03T13:17:19+09:00,known,3ab254815787092a591ab5c4,3381a2ff1758568611df6f39,110670,https://m.dcinside.com/board/pokemoncardgame/110670,"덱소스 대량 ㅍㅍ (닌자스피너 포함, 스압)",seller-51447db26eeb90b0124d315b,포갤러,registered,유리나팔,유리나팔,유리나팔,,,unknown,미분류,1,0.03,300,estimated,per_card,text,unknown,,active,needs_review,needs_review,"가격 단위 추정, 배송비 포함 여부 미확정",estimated,yes,candidate_estimated,유리나팔 0.03
36790110fa452bd656949071,pokemoncardgame,포켓몬 카드게임,2026-05,2026-05-03T13:17:19+09:00,known,3ab254815787092a591ab5c4,36790110fa452bd656949071,110670,https://m.dcinside.com/board/pokemoncardgame/110670,"덱소스 대량 ㅍㅍ (닌자스피너 포함, 스압)",seller-51447db26eeb90b0124d315b,포갤러,registered,툴스크래퍼 sr,툴스크래퍼 sr,툴스크래퍼 0.02 sr,,,unknown,미분류,1,0.1,1000,estimated,per_card,text,unknown,,active,needs_review,needs_review,"가격 단위 추정, 배송비 포함 여부 미확정",estimated,yes,candidate_estimated,툴스크래퍼 0.02 sr 0.1
378c122dd9dd60948886597e,pokemoncardgame,포켓몬 카드게임,2026-05,2026-05-03T13:17:19+09:00,known,3ab254815787092a591ab5c4,378c122dd9dd60948886597e,110670,https://m.dcinside.com/board/pokemoncardgame/110670,"덱소스 대량 ㅍㅍ (닌자스피너 포함, 스압)",seller-51447db26eeb90b0124d315b,포갤러,registered,포켓몬 캐쳐,포켓몬 캐쳐,포켓몬 캐쳐,,,unknown,미분류,1,0.02,200,estimated,per_card,text,unknown,,active,needs_review,needs_review,"가격 단위 추정, 배송비 포함 여부 미확정",estimated,yes,candidate_estimated,포켓몬 캐쳐 0.02
3af51924013f05fe764240f7,pokemoncardgame,포켓몬 카드게임,2026-05,2026-05-03T13:17:19+09:00,known,3ab254815787092a591ab5c4,3af51924013f05fe764240f7,110670,https://m.dcinside.com/board/pokemoncardgame/110670,"덱소스 대량 ㅍㅍ (닌자스피너 포함, 스압)",seller-51447db26eeb90b0124d315b,포갤러,registered,하솔,하솔,하솔,,,unknown,미분류,1,0.25,2500,estimated,per_card,text,unknown,,active,needs_review,needs_review,"가격 단위 추정, 배송비 포함 여부 미확정",estimated,yes,candidate_estimated,하솔 0.25
3c44008b5707d1af8f96dc87,pokemoncardgame,포켓몬 카드게임,2026-05,2026-05-03T13:17:19+09:00,known,3ab254815787092a591ab5c4,3c44008b5707d1af8f96dc87,110670,https://m.dcinside.com/board/pokemoncardgame/110670,"덱소스 대량 ㅍㅍ (닌자스피너 포함, 스압)",seller-51447db26eeb90b0124d315b,포갤러,registered,로켓단의 아폴로,로켓단의 아폴로,로켓단의 아폴로,,,unknown,미분류,1,0.05,500,estimated,per_card,text,unknown,,active,needs_review,needs_review,"가격 단위 추정, 배송비 포함 여부 미확정",estimated,yes,candidate_estimated,로켓단의 아폴로 0.05
3c693f23187b185989cdfe27,pokemoncardgame,포켓몬 카드게임,2026-05,2026-05-03T13:17:19+09:00,known,3ab254815787092a591ab5c4,3c693f23187b185989cdfe27,110670,https://m.dcinside.com/board/pokemoncardgame/110670,"덱소스 대량 ㅍㅍ (닌자스피너 포함, 스압)",seller-51447db26eeb90b0124d315b,포갤러,registered,메가개굴닌자,메가개굴닌자,메가개굴닌자,,,unknown,미분류,1,0.3,3000,estimated,per_card,text,unknown,,active,needs_review,needs_review,"가격 단위 추정, 배송비 포함 여부 미확정",estimated,yes,candidate_estimated,메가개굴닌자 0.3
411e796b2a8aad06be44a051,pokemoncardgame,포켓몬 카드게임,2026-05,2026-05-03T13:17:19+09:00,known,3ab254815787092a591ab5c4,411e796b2a8aad06be44a051,110670,https://m.dcinside.com/board/pokemoncardgame/110670,"덱소스 대량 ㅍㅍ (닌자스피너 포함, 스압)",seller-51447db26eeb90b0124d315b,포갤러,registered,메가플라엣테,메가플라엣테,메가플라엣테,,,unknown,미분류,1,0.1,1000,estimated,per_card,text,unknown,,active,needs_review,needs_review,"가격 단위 추정, 배송비 포함 여부 미확정",estimated,yes,candidate_estimated,메가플라엣테 0.1
41a4e45a83b2a6fae0867874,pokemoncardgame,포켓몬 카드게임,2026-05,2026-05-03T13:17:19+09:00,known,3ab254815787092a591ab5c4,41a4e45a83b2a6fae0867874,110670,https://m.dcinside.com/board/pokemoncardgame/110670,"덱소스 대량 ㅍㅍ (닌자스피너 포함, 스압)",seller-51447db26eeb90b0124d315b,포갤러,registered,릴리에의 결심,릴리에의 결심,릴리에의 결심,,,unknown,미분류,1,0.05,500,estimated,per_card,text,unknown,,active,needs_review,needs_review,"가격 단위 추정, 배송비 포함 여부 미확정",estimated,yes,candidate_estimated,릴리에의 결심 0.05
4325d91998cfff75aad8e04b,pokemoncardgame,포켓몬 카드게임,2026-05,2026-05-03T13:17:19+09:00,known,3ab254815787092a591ab5c4,4325d91998cfff75aad8e04b,110670,https://m.dcinside.com/board/pokemoncardgame/110670,"덱소스 대량 ㅍㅍ (닌자스피너 포함, 스압)",seller-51447db26eeb90b0124d315b,포갤러,registered,로켓단의 비주기,로켓단의 비주기,로켓단의 비주기,,,unknown,미분류,1,0.03,300,estimated,per_card,text,unknown,,active,needs_review,needs_review,"가격 단위 추정, 배송비 포함 여부 미확정",estimated,yes,candidate_estimated,로켓단의 비주기 0.03
439430649efb0f1932eb580d,pokemoncardgame,포켓몬 카드게임,2026-05,2026-05-03T13:17:19+09:00,known,3ab254815787092a591ab5c4,439430649efb0f1932eb580d,110670,https://m.dcinside.com/board/pokemoncardgame/110670,"덱소스 대량 ㅍㅍ (닌자스피너 포함, 스압)",seller-51447db26eeb90b0124d315b,포갤러,registered,마티에르,마티에르,마티에르,,,unknown,미분류,1,0.05,500,estimated,per_card,text,unknown,,active,needs_review,needs_review,"가격 단위 추정, 배송비 포함 여부 미확정",estimated,yes,candidate_estimated,마티에르 0.05
45a5a7b839648bfccd6da3df,pokemoncardgame,포켓몬 카드게임,2026-05,2026-05-03T13:17:19+09:00,known,3ab254815787092a591ab5c4,45a5a7b839648bfccd6da3df,110670,https://m.dcinside.com/board/pokemoncardgame/110670,"덱소스 대량 ㅍㅍ (닌자스피너 포함, 스압)",seller-51447db26eeb90b0124d315b,포갤러,registered,이그니션에너지,이그니션에너지,이그니션에너지,,,unknown,미분류,1,0.05,500,estimated,per_card,text,unknown,,active,needs_review,needs_review,"가격 단위 추정, 배송비 포함 여부 미확정",estimated,yes,candidate_estimated,이그니션에너지 0.05
4b2ed4796b5ab01bb21c3719,pokemoncardgame,포켓몬 카드게임,2026-05,2026-05-03T13:17:19+09:00,known,3ab254815787092a591ab5c4,4b2ed4796b5ab01bb21c3719,110670,https://m.dcinside.com/board/pokemoncardgame/110670,"덱소스 대량 ㅍㅍ (닌자스피너 포함, 스압)",seller-51447db26eeb90b0124d315b,포갤러,registered,카운터캐처 몬볼,카운터캐처 몬볼,카운터캐처 0.03 몬볼,,,unknown,미분류,1,0.1,1000,estimated,per_card,text,unknown,,active,needs_review,needs_review,"가격 단위 추정, 배송비 포함 여부 미확정",estimated,yes,candidate_estimated,카운터캐처 0.03 몬볼 0.1
4d948151eccd3c1159753027,pokemoncardgame,포켓몬 카드게임,2026-05,2026-05-03T13:17:19+09:00,known,3ab254815787092a591ab5c4,4d948151eccd3c1159753027,110670,https://m.dcinside.com/board/pokemoncardgame/110670,"덱소스 대량 ㅍㅍ (닌자스피너 포함, 스압)",seller-51447db26eeb90b0124d315b,포갤러,registered,보울마을,보울마을,보울마을,,,unknown,미분류,1,0.03,300,estimated,per_card,text,unknown,,active,needs_review,needs_review,"가격 단위 추정, 배송비 포함 여부 미확정",estimated,yes,candidate_estimated,보울마을 0.03
500855f80dc138441daf38b4,pokemoncardgame,포켓몬 카드게임,2026-05,2026-05-03T13:17:19+09:00,known,3ab254815787092a591ab5c4,500855f80dc138441daf38b4,110670,https://m.dcinside.com/board/pokemoncardgame/110670,"덱소스 대량 ㅍㅍ (닌자스피너 포함, 스압)",seller-51447db26eeb90b0124d315b,포갤러,registered,ACE 카드,ACE 카드,ACE 카드 장당,,,unknown,미분류,1,0.1,1000,estimated,per_card,text,unknown,,active,needs_review,needs_review,"가격 단위 추정, 배송비 포함 여부 미확정",estimated,yes,candidate_estimated,ACE 카드 장당 0.1
559e396ed2ffebb34dac38c5,pokemoncardgame,포켓몬 카드게임,2026-05,2026-05-03T13:17:19+09:00,known,3ab254815787092a591ab5c4,559e396ed2ffebb34dac38c5,110670,https://m.dcinside.com/board/pokemoncardgame/110670,"덱소스 대량 ㅍㅍ (닌자스피너 포함, 스압)",seller-51447db26eeb90b0124d315b,포갤러,registered,로켓단의 방해로봇,로켓단의 방해로봇,로켓단의 방해로봇,,,unknown,미분류,1,0.03,300,estimated,per_card,text,unknown,,active,needs_review,needs_review,"가격 단위 추정, 배송비 포함 여부 미확정",estimated,yes,candidate_estimated,로켓단의 방해로봇 0.03
5849308faa64b29c3522bdd2,pokemoncardgame,포켓몬 카드게임,2026-05,2026-05-03T13:17:19+09:00,known,3ab254815787092a591ab5c4,5849308faa64b29c3522bdd2,110670,https://m.dcinside.com/board/pokemoncardgame/110670,"덱소스 대량 ㅍㅍ (닌자스피너 포함, 스압)",seller-51447db26eeb90b0124d315b,포갤러,registered,데볼루션,데볼루션,데볼루션,,,unknown,미분류,1,0.05,500,estimated,per_card,text,unknown,,active,needs_review,needs_review,"가격 단위 추정, 배송비 포함 여부 미확정",estimated,yes,candidate_estimated,데볼루션 0.05
5ae1249f76397afe714ab297,pokemoncardgame,포켓몬 카드게임,2026-05,2026-05-03T13:17:19+09:00,known,3ab254815787092a591ab5c4,5ae1249f76397afe714ab297,110670,https://m.dcinside.com/board/pokemoncardgame/110670,"덱소스 대량 ㅍㅍ (닌자스피너 포함, 스압)",seller-51447db26eeb90b0124d315b,포갤러,registered,프리즘 에너지,프리즘 에너지,프리즘 에너지,,,unknown,미분류,1,0.03,300,estimated,per_card,text,unknown,,active,needs_review,needs_review,"가격 단위 추정, 배송비 포함 여부 미확정",estimated,yes,candidate_estimated,프리즘 에너지 0.03
5d7aa81658b26e1c974708d2,pokemoncardgame,포켓몬 카드게임,2026-05,2026-05-03T13:17:19+09:00,known,3ab254815787092a591ab5c4,5d7aa81658b26e1c974708d2,110670,https://m.dcinside.com/board/pokemoncardgame/110670,"덱소스 대량 ㅍㅍ (닌자스피너 포함, 스압)",seller-51447db26eeb90b0124d315b,포갤러,registered,빛나,빛나,빛나,,,unknown,미분류,1,0.25,2500,estimated,per_card,text,unknown,,active,needs_review,needs_review,"가격 단위 추정, 배송비 포함 여부 미확정",estimated,yes,candidate_estimated,빛나 0.25
611fc092c7e09474e8d1346b,pokemoncardgame,포켓몬 카드게임,2026-05,2026-05-03T13:17:19+09:00,known,3ab254815787092a591ab5c4,611fc092c7e09474e8d1346b,110670,https://m.dcinside.com/board/pokemoncardgame/110670,"덱소스 대량 ㅍㅍ (닌자스피너 포함, 스압)",seller-51447db26eeb90b0124d315b,포갤러,registered,카운터게인,카운터게인,카운터게인,,,unknown,미분류,1,0.03,300,estimated,per_card,text,unknown,,active,needs_review,needs_review,"가격 단위 추정, 배송비 포함 여부 미확정",estimated,yes,candidate_estimated,카운터게인 0.03
65ab14e4aa45a270609b6ab3,pokemoncardgame,포켓몬 카드게임,2026-05,2026-05-03T13:17:19+09:00,known,3ab254815787092a591ab5c4,65ab14e4aa45a270609b6ab3,110670,https://m.dcinside.com/board/pokemoncardgame/110670,"덱소스 대량 ㅍㅍ (닌자스피너 포함, 스압)",seller-51447db26eeb90b0124d315b,포갤러,registered,풍선,풍선,풍선,,,unknown,미분류,1,0.03,300,estimated,per_card,text,unknown,,active,needs_review,needs_review,"가격 단위 추정, 배송비 포함 여부 미확정",estimated,yes,candidate_estimated,풍선 0.03
6713baf49edd0dd9cdf9d5bb,pokemoncardgame,포켓몬 카드게임,2026-05,2026-05-03T13:17:19+09:00,known,3ab254815787092a591ab5c4,6713baf49edd0dd9cdf9d5bb,110670,https://m.dcinside.com/board/pokemoncardgame/110670,"덱소스 대량 ㅍㅍ (닌자스피너 포함, 스압)",seller-51447db26eeb90b0124d315b,포갤러,registered,ex RR 카드,ex RR 카드,ex RR 카드 장당,,,unknown,미분류,1,0.1,1000,estimated,per_card,text,unknown,,active,needs_review,needs_review,"가격 단위 추정, 배송비 포함 여부 미확정",estimated,yes,candidate_estimated,ex RR 카드 장당 0.1
71814b012fa506372ff3be34,pokemoncardgame,포켓몬 카드게임,2026-05,2026-05-03T13:17:19+09:00,known,3ab254815787092a591ab5c4,71814b012fa506372ff3be34,110670,https://m.dcinside.com/board/pokemoncardgame/110670,"덱소스 대량 ㅍㅍ (닌자스피너 포함, 스압)",seller-51447db26eeb90b0124d315b,포갤러,registered,개굴반장,개굴반장,개굴반장,,,unknown,미분류,1,0.05,500,estimated,per_card,text,unknown,,active,needs_review,needs_review,"가격 단위 추정, 배송비 포함 여부 미확정",estimated,yes,candidate_estimated,개굴반장 0.05
7326fa9164f93ed14f88d387,pokemoncardgame,포켓몬 카드게임,2026-05,2026-05-03T13:17:19+09:00,known,3ab254815787092a591ab5c4,7326fa9164f93ed14f88d387,110670,https://m.dcinside.com/board/pokemoncardgame/110670,"덱소스 대량 ㅍㅍ (닌자스피너 포함, 스압)",seller-51447db26eeb90b0124d315b,포갤러,registered,브레이브뱅글,브레이브뱅글,브레이브뱅글,,,unknown,미분류,1,0.03,300,estimated,per_card,text,unknown,,active,needs_review,needs_review,"가격 단위 추정, 배송비 포함 여부 미확정",estimated,yes,candidate_estimated,브레이브뱅글 0.03
7aaa9ec20fbb80ee7d8f5137,pokemoncardgame,포켓몬 카드게임,2026-05,2026-05-03T13:17:19+09:00,known,3ab254815787092a591ab5c4,7aaa9ec20fbb80ee7d8f5137,110670,https://m.dcinside.com/board/pokemoncardgame/110670,"덱소스 대량 ㅍㅍ (닌자스피너 포함, 스압)",seller-51447db26eeb90b0124d315b,포갤러,registered,개구마르,개구마르,개구마르,,,unknown,미분류,1,0.05,500,estimated,per_card,text,unknown,,active,needs_review,needs_review,"가격 단위 추정, 배송비 포함 여부 미확정",estimated,yes,candidate_estimated,개구마르 0.05
809956516749b453e7abe8c3,pokemoncardgame,포켓몬 카드게임,2026-05,2026-05-03T13:17:19+09:00,known,3ab254815787092a591ab5c4,809956516749b453e7abe8c3,110670,https://m.dcinside.com/board/pokemoncardgame/110670,"덱소스 대량 ㅍㅍ (닌자스피너 포함, 스압)",seller-51447db26eeb90b0124d315b,포갤러,registered,부스트에너지 미래,부스트에너지 미래,부스트에너지 미래,,,unknown,미분류,1,0.03,300,estimated,per_card,text,unknown,,active,needs_review,needs_review,"가격 단위 추정, 배송비 포함 여부 미확정",estimated,yes,candidate_estimated,부스트에너지 미래 0.03
80c328fb1c369c6d0533996e,pokemoncardgame,포켓몬 카드게임,2026-05,2026-05-03T13:17:19+09:00,known,3ab254815787092a591ab5c4,80c328fb1c369c6d0533996e,110670,https://m.dcinside.com/board/pokemoncardgame/110670,"덱소스 대량 ㅍㅍ (닌자스피너 포함, 스압)",seller-51447db26eeb90b0124d315b,포갤러,registered,n의 포인트업 sr,n의 포인트업 sr,n의 포인트업 sr,,,unknown,미분류,1,0.1,1000,estimated,per_card,text,unknown,,active,needs_review,needs_review,"가격 단위 추정, 배송비 포함 여부 미확정",estimated,yes,candidate_estimated,n의 포인트업 sr 0.1
83c3232fa4052e8dc6691108,pokemoncardgame,포켓몬 카드게임,2026-05,2026-05-03T13:17:19+09:00,known,3ab254815787092a591ab5c4,83c3232fa4052e8dc6691108,110670,https://m.dcinside.com/board/pokemoncardgame/110670,"덱소스 대량 ㅍㅍ (닌자스피너 포함, 스압)",seller-51447db26eeb90b0124d315b,포갤러,registered,포켓몬 교체,포켓몬 교체,포켓몬 교체,,,unknown,미분류,1,0.03,300,estimated,per_card,text,unknown,,active,needs_review,needs_review,"가격 단위 추정, 배송비 포함 여부 미확정",estimated,yes,candidate_estimated,포켓몬 교체 0.03
84edcc8297ec6273a678ec63,pokemoncardgame,포켓몬 카드게임,2026-05,2026-05-03T13:17:19+09:00,known,3ab254815787092a591ab5c4,84edcc8297ec6273a678ec63,110670,https://m.dcinside.com/board/pokemoncardgame/110670,"덱소스 대량 ㅍㅍ (닌자스피너 포함, 스압)",seller-51447db26eeb90b0124d315b,포갤러,registered,시아노,시아노,시아노,,,unknown,미분류,1,0.3,3000,estimated,per_card,text,unknown,,active,needs_review,needs_review,"가격 단위 추정, 배송비 포함 여부 미확정",estimated,yes,candidate_estimated,시아노 0.3
85ae6eb5c3dd0bcb77880a03,pokemoncardgame,포켓몬 카드게임,2026-05,2026-05-03T13:17:19+09:00,known,3ab254815787092a591ab5c4,85ae6eb5c3dd0bcb77880a03,110670,https://m.dcinside.com/board/pokemoncardgame/110670,"덱소스 대량 ㅍㅍ (닌자스피너 포함, 스압)",seller-51447db26eeb90b0124d315b,포갤러,registered,로켓단의 람다,로켓단의 람다,로켓단의 람다,,,unknown,미분류,1,0.3,3000,estimated,per_card,text,unknown,,active,needs_review,needs_review,"가격 단위 추정, 배송비 포함 여부 미확정",estimated,yes,candidate_estimated,로켓단의 람다 0.3
87a7640ba2af0f8e5772c9be,pokemoncardgame,포켓몬 카드게임,2026-05,2026-05-03T13:17:19+09:00,known,3ab254815787092a591ab5c4,87a7640ba2af0f8e5772c9be,110670,https://m.dcinside.com/board/pokemoncardgame/110670,"덱소스 대량 ㅍㅍ (닌자스피너 포함, 스압)",seller-51447db26eeb90b0124d315b,포갤러,registered,지프,지프,지프,,,unknown,미분류,1,0.05,500,estimated,per_card,text,unknown,,active,needs_review,needs_review,"가격 단위 추정, 배송비 포함 여부 미확정",estimated,yes,candidate_estimated,지프 0.05
895b2a98ebb150635d109616,pokemoncardgame,포켓몬 카드게임,2026-05,2026-05-03T13:17:19+09:00,known,3ab254815787092a591ab5c4,895b2a98ebb150635d109616,110670,https://m.dcinside.com/board/pokemoncardgame/110670,"덱소스 대량 ㅍㅍ (닌자스피너 포함, 스압)",seller-51447db26eeb90b0124d315b,포갤러,registered,미스트 에너지,미스트 에너지,미스트 에너지,,,unknown,미분류,1,0.03,300,estimated,per_card,text,unknown,,active,needs_review,needs_review,"가격 단위 추정, 배송비 포함 여부 미확정",estimated,yes,candidate_estimated,미스트 에너지 0.03
8b28483d91ba6cd752f81c5d,pokemoncardgame,포켓몬 카드게임,2026-05,2026-05-03T13:17:19+09:00,known,3ab254815787092a591ab5c4,8b28483d91ba6cd752f81c5d,110670,https://m.dcinside.com/board/pokemoncardgame/110670,"덱소스 대량 ㅍㅍ (닌자스피너 포함, 스압)",seller-51447db26eeb90b0124d315b,포갤러,registered,크세로시키의 속셈,크세로시키의 속셈,크세로시키의 속셈,,,unknown,미분류,1,0.03,300,estimated,per_card,text,unknown,,active,needs_review,needs_review,"가격 단위 추정, 배송비 포함 여부 미확정",estimated,yes,candidate_estimated,크세로시키의 속셈 0.03
8d4115063b0d26541cf92873,pokemoncardgame,포켓몬 카드게임,2026-05,2026-05-03T13:17:19+09:00,known,3ab254815787092a591ab5c4,8d4115063b0d26541cf92873,110670,https://m.dcinside.com/board/pokemoncardgame/110670,"덱소스 대량 ㅍㅍ (닌자스피너 포함, 스압)",seller-51447db26eeb90b0124d315b,포갤러,registered,DOM 삽입 헬퍼 현재 스크립트 위치 기준,DOM 삽입 헬퍼 현재 스크립트 위치 기준,// ---- DOM 삽입 헬퍼 (현재 스크립트 위치 기준,,,unknown,미분류,1,1,10000,estimated,bundle,text,unknown,,active,needs_review,needs_review,"가격 단위 추정, 복수 카드 가격, 배송비 포함 여부 미확정, 묶음·세트 총액 · 개별 카드 가격 아님",estimated,no,no,// ---- DOM 삽입 헬퍼 (현재 스크립트 위치 기준1)
90a31a367ed76dc3a7c2b732,pokemoncardgame,포켓몬 카드게임,2026-05,2026-05-03T13:17:19+09:00,known,3ab254815787092a591ab5c4,90a31a367ed76dc3a7c2b732,110670,https://m.dcinside.com/board/pokemoncardgame/110670,"덱소스 대량 ㅍㅍ (닌자스피너 포함, 스압)",seller-51447db26eeb90b0124d315b,포갤러,registered,포켓패드,포켓패드,포켓패드,,,unknown,미분류,1,0.05,500,estimated,per_card,text,unknown,,active,needs_review,needs_review,"가격 단위 추정, 배송비 포함 여부 미확정",estimated,yes,candidate_estimated,포켓패드 0.05
9344039b0c131126a2b188d0,pokemoncardgame,포켓몬 카드게임,2026-05,2026-05-03T13:17:19+09:00,known,3ab254815787092a591ab5c4,9344039b0c131126a2b188d0,110670,https://m.dcinside.com/board/pokemoncardgame/110670,"덱소스 대량 ㅍㅍ (닌자스피너 포함, 스압)",seller-51447db26eeb90b0124d315b,포갤러,registered,파이팅공,파이팅공,파이팅공,,,unknown,미분류,1,0.05,500,estimated,per_card,text,unknown,,active,needs_review,needs_review,"가격 단위 추정, 배송비 포함 여부 미확정",estimated,yes,candidate_estimated,파이팅공 0.05
9588e1c17d5b3c26542a19fe,pokemoncardgame,포켓몬 카드게임,2026-05,2026-05-03T13:17:19+09:00,known,3ab254815787092a591ab5c4,9588e1c17d5b3c26542a19fe,110670,https://m.dcinside.com/board/pokemoncardgame/110670,"덱소스 대량 ㅍㅍ (닌자스피너 포함, 스압)",seller-51447db26eeb90b0124d315b,포갤러,registered,재밍타워,재밍타워,재밍타워,,,unknown,미분류,1,0.03,300,estimated,per_card,text,unknown,,active,needs_review,needs_review,"가격 단위 추정, 배송비 포함 여부 미확정",estimated,yes,candidate_estimated,재밍타워 0.03
9a2f2422985ded4275f6a2d8,pokemoncardgame,포켓몬 카드게임,2026-05,2026-05-03T13:17:19+09:00,known,3ab254815787092a591ab5c4,9a2f2422985ded4275f6a2d8,110670,https://m.dcinside.com/board/pokemoncardgame/110670,"덱소스 대량 ㅍㅍ (닌자스피너 포함, 스압)",seller-51447db26eeb90b0124d315b,포갤러,registered,럭셔리망토 몬볼,럭셔리망토 몬볼,럭셔리망토 몬볼,,,unknown,미분류,1,0.10,1000,estimated,per_card,text,unknown,,active,needs_review,needs_review,"가격 단위 추정, 배송비 포함 여부 미확정",estimated,yes,candidate_estimated,럭셔리망토 몬볼 0.10
9d786782e31368760d66e4b0,pokemoncardgame,포켓몬 카드게임,2026-05,2026-05-03T13:17:19+09:00,known,3ab254815787092a591ab5c4,9d786782e31368760d66e4b0,110670,https://m.dcinside.com/board/pokemoncardgame/110670,"덱소스 대량 ㅍㅍ (닌자스피너 포함, 스압)",seller-51447db26eeb90b0124d315b,포갤러,registered,,장당,장당,,,unknown,미분류,1,0.05,500,estimated,per_card,text,unknown,,active,needs_review,needs_review,"가격 단위 추정, 배송비 포함 여부 미확정",estimated,yes,candidate_estimated,장당 0.05
ab08c75b9678ea23b6e7112a,pokemoncardgame,포켓몬 카드게임,2026-05,2026-05-03T13:17:19+09:00,known,3ab254815787092a591ab5c4,ab08c75b9678ea23b6e7112a,110670,https://m.dcinside.com/board/pokemoncardgame/110670,"덱소스 대량 ㅍㅍ (닌자스피너 포함, 스압)",seller-51447db26eeb90b0124d315b,포갤러,registered,월척네트,월척네트,월척네트,,,unknown,미분류,1,0.05,500,estimated,per_card,text,unknown,,active,needs_review,needs_review,"가격 단위 추정, 배송비 포함 여부 미확정",estimated,yes,candidate_estimated,월척네트 0.05
ad44ecc53d1ef7f07b145450,pokemoncardgame,포켓몬 카드게임,2026-05,2026-05-03T13:17:19+09:00,known,3ab254815787092a591ab5c4,ad44ecc53d1ef7f07b145450,110670,https://m.dcinside.com/board/pokemoncardgame/110670,"덱소스 대량 ㅍㅍ (닌자스피너 포함, 스압)",seller-51447db26eeb90b0124d315b,포갤러,registered,var safe = window.dcAd && window.dcAd.safe ==,var safe = window.dcAd && window.dcAd.safe ==,var safe = (window.dcAd && window.dcAd.safe ==,,,unknown,미분류,1,1,10000,estimated,bundle,text,unknown,,active,needs_review,needs_review,"가격 단위 추정, 복수 카드 가격, 배송비 포함 여부 미확정, 묶음·세트 총액 · 개별 카드 가격 아님",estimated,no,no,var safe = (window.dcAd && window.dcAd.safe == 1)
aede86f6c5c88ebc83912e94,pokemoncardgame,포켓몬 카드게임,2026-05,2026-05-03T13:17:19+09:00,known,3ab254815787092a591ab5c4,aede86f6c5c88ebc83912e94,110670,https://m.dcinside.com/board/pokemoncardgame/110670,"덱소스 대량 ㅍㅍ (닌자스피너 포함, 스압)",seller-51447db26eeb90b0124d315b,포갤러,registered,브라이어 몬볼,브라이어 몬볼,브라이어 0.03 몬볼,,,unknown,미분류,1,0.1,1000,estimated,per_card,text,unknown,,active,needs_review,needs_review,"가격 단위 추정, 배송비 포함 여부 미확정",estimated,yes,candidate_estimated,브라이어 0.03 몬볼 0.1
afef9fdfd7ab5bbc47ea86fc,pokemoncardgame,포켓몬 카드게임,2026-05,2026-05-03T13:17:19+09:00,known,3ab254815787092a591ab5c4,afef9fdfd7ab5bbc47ea86fc,110670,https://m.dcinside.com/board/pokemoncardgame/110670,"덱소스 대량 ㅍㅍ (닌자스피너 포함, 스압)",seller-51447db26eeb90b0124d315b,포갤러,registered,활력의 숲,활력의 숲,활력의 숲,,,unknown,미분류,1,0.02,200,estimated,per_card,text,unknown,,active,needs_review,needs_review,"가격 단위 추정, 배송비 포함 여부 미확정",estimated,yes,candidate_estimated,활력의 숲 0.02
b20dbd638d9e6e058bdc6359,pokemoncardgame,포켓몬 카드게임,2026-05,2026-05-03T13:17:19+09:00,known,3ab254815787092a591ab5c4,b20dbd638d9e6e058bdc6359,110670,https://m.dcinside.com/board/pokemoncardgame/110670,"덱소스 대량 ㅍㅍ (닌자스피너 포함, 스압)",seller-51447db26eeb90b0124d315b,포갤러,registered,개구마르 ar,개구마르 ar,개구마르 ar,,,unknown,미분류,1,0.3,3000,estimated,per_card,text,unknown,,active,needs_review,needs_review,"가격 단위 추정, 배송비 포함 여부 미확정",estimated,yes,candidate_estimated,개구마르 ar 0.3
b7314611b82eb1c87fd610aa,pokemoncardgame,포켓몬 카드게임,2026-05,2026-05-03T13:17:19+09:00,known,3ab254815787092a591ab5c4,b7314611b82eb1c87fd610aa,110670,https://m.dcinside.com/board/pokemoncardgame/110670,"덱소스 대량 ㅍㅍ (닌자스피너 포함, 스압)",seller-51447db26eeb90b0124d315b,포갤러,registered,메가앱솔 ex sr,메가앱솔 ex sr,메가앱솔 ex sr,,,unknown,미분류,1,0.2,2000,estimated,per_card,text,unknown,,active,needs_review,needs_review,"가격 단위 추정, 배송비 포함 여부 미확정",estimated,yes,candidate_estimated,메가앱솔 ex sr 0.2
be885282082357044516aa06,pokemoncardgame,포켓몬 카드게임,2026-05,2026-05-03T13:17:19+09:00,known,3ab254815787092a591ab5c4,be885282082357044516aa06,110670,https://m.dcinside.com/board/pokemoncardgame/110670,"덱소스 대량 ㅍㅍ (닌자스피너 포함, 스압)",seller-51447db26eeb90b0124d315b,포갤러,registered,개조해머,개조해머,개조해머,,,unknown,미분류,1,0.03,300,estimated,per_card,text,unknown,,active,needs_review,needs_review,"가격 단위 추정, 배송비 포함 여부 미확정",estimated,yes,candidate_estimated,개조해머 0.03
c0f91e222e05ad4d7bd28e42,pokemoncardgame,포켓몬 카드게임,2026-05,2026-05-03T13:17:19+09:00,known,3ab254815787092a591ab5c4,c0f91e222e05ad4d7bd28e42,110670,https://m.dcinside.com/board/pokemoncardgame/110670,"덱소스 대량 ㅍㅍ (닌자스피너 포함, 스압)",seller-51447db26eeb90b0124d315b,포갤러,registered,테사 sr,테사 sr,테사 sr,,,unknown,미분류,1,0.2,2000,estimated,per_card,text,unknown,,active,needs_review,needs_review,"가격 단위 추정, 배송비 포함 여부 미확정",estimated,yes,candidate_estimated,테사 sr 0.2
c249c0816a7d7f93430fef53,pokemoncardgame,포켓몬 카드게임,2026-05,2026-05-03T13:17:19+09:00,known,3ab254815787092a591ab5c4,c249c0816a7d7f93430fef53,110670,https://m.dcinside.com/board/pokemoncardgame/110670,"덱소스 대량 ㅍㅍ (닌자스피너 포함, 스압)",seller-51447db26eeb90b0124d315b,포갤러,registered,드래런치,드래런치,드래런치,,,unknown,미분류,1,0.1,1000,estimated,per_card,text,unknown,,active,needs_review,needs_review,"가격 단위 추정, 배송비 포함 여부 미확정",estimated,yes,candidate_estimated,드래런치 0.1
c38cbb32a6e8fadb2b894d9d,pokemoncardgame,포켓몬 카드게임,2026-05,2026-05-03T13:17:19+09:00,known,3ab254815787092a591ab5c4,c38cbb32a6e8fadb2b894d9d,110670,https://m.dcinside.com/board/pokemoncardgame/110670,"덱소스 대량 ㅍㅍ (닌자스피너 포함, 스압)",seller-51447db26eeb90b0124d315b,포갤러,registered,기술머신 에볼루션,기술머신 에볼루션,기술머신 에볼루션,,,unknown,미분류,1,0.05,500,estimated,per_card,text,unknown,,active,needs_review,needs_review,"가격 단위 추정, 배송비 포함 여부 미확정",estimated,yes,candidate_estimated,기술머신 에볼루션0.05
c4ee1155a653b6d458499cb1,pokemoncardgame,포켓몬 카드게임,2026-05,2026-05-03T13:17:19+09:00,known,3ab254815787092a591ab5c4,c4ee1155a653b6d458499cb1,110670,https://m.dcinside.com/board/pokemoncardgame/110670,"덱소스 대량 ㅍㅍ (닌자스피너 포함, 스압)",seller-51447db26eeb90b0124d315b,포갤러,registered,대지의그릇,대지의그릇,대지의그릇,,,unknown,미분류,1,0.12,1200,estimated,per_card,text,unknown,,active,needs_review,needs_review,"가격 단위 추정, 배송비 포함 여부 미확정",estimated,yes,candidate_estimated,대지의그릇 0.12
ca72fa427a83462c4cc003fa,pokemoncardgame,포켓몬 카드게임,2026-05,2026-05-03T13:17:19+09:00,known,3ab254815787092a591ab5c4,ca72fa427a83462c4cc003fa,110670,https://m.dcinside.com/board/pokemoncardgame/110670,"덱소스 대량 ㅍㅍ (닌자스피너 포함, 스압)",seller-51447db26eeb90b0124d315b,포갤러,registered,미스터리 가든,미스터리 가든,미스터리 가든,,,unknown,미분류,1,0.03,300,estimated,per_card,text,unknown,,active,needs_review,needs_review,"가격 단위 추정, 배송비 포함 여부 미확정",estimated,yes,candidate_estimated,미스터리 가든 0.03
cc63148f4a844f6c3b816491,pokemoncardgame,포켓몬 카드게임,2026-05,2026-05-03T13:17:19+09:00,known,3ab254815787092a591ab5c4,cc63148f4a844f6c3b816491,110670,https://m.dcinside.com/board/pokemoncardgame/110670,"덱소스 대량 ㅍㅍ (닌자스피너 포함, 스압)",seller-51447db26eeb90b0124d315b,포갤러,registered,마폭시,마폭시,마폭시,,,unknown,미분류,1,0.05,500,estimated,per_card,text,unknown,,active,needs_review,needs_review,"가격 단위 추정, 배송비 포함 여부 미확정",estimated,yes,candidate_estimated,마폭시 0.05
d34617d0b47055d5b2a3f017,pokemoncardgame,포켓몬 카드게임,2026-05,2026-05-03T13:17:19+09:00,known,3ab254815787092a591ab5c4,d34617d0b47055d5b2a3f017,110670,https://m.dcinside.com/board/pokemoncardgame/110670,"덱소스 대량 ㅍㅍ (닌자스피너 포함, 스압)",seller-51447db26eeb90b0124d315b,포갤러,registered,아보크 ex sr,아보크 ex sr,아보크 ex sr,,,unknown,미분류,1,0.1,1000,estimated,per_card,text,unknown,,active,needs_review,needs_review,"가격 단위 추정, 배송비 포함 여부 미확정",estimated,yes,candidate_estimated,아보크 ex sr 0.1
d47a523a4f77578bbaf0486b,pokemoncardgame,포켓몬 카드게임,2026-05,2026-05-03T13:17:19+09:00,known,3ab254815787092a591ab5c4,d47a523a4f77578bbaf0486b,110670,https://m.dcinside.com/board/pokemoncardgame/110670,"덱소스 대량 ㅍㅍ (닌자스피너 포함, 스압)",seller-51447db26eeb90b0124d315b,포갤러,registered,로켓단 에너지,로켓단 에너지,로켓단 에너지,,,unknown,미분류,1,0.05,500,estimated,per_card,text,unknown,,active,needs_review,needs_review,"가격 단위 추정, 배송비 포함 여부 미확정",estimated,yes,candidate_estimated,로켓단 에너지 0.05
d4aa5c7eb3c72a3e3e724787,pokemoncardgame,포켓몬 카드게임,2026-05,2026-05-03T13:17:19+09:00,known,3ab254815787092a591ab5c4,d4aa5c7eb3c72a3e3e724787,110670,https://m.dcinside.com/board/pokemoncardgame/110670,"덱소스 대량 ㅍㅍ (닌자스피너 포함, 스압)",seller-51447db26eeb90b0124d315b,포갤러,registered,loadScript ' t,loadScript ' t,loadScript('//t,,,unknown,미분류,1,1,10000,estimated,bundle,text,unknown,,active,needs_review,needs_review,"가격 단위 추정, 복수 카드 가격, 배송비 포함 여부 미확정, 묶음·세트 총액 · 개별 카드 가격 아님",estimated,no,no,"loadScript('//t1.kakaocdn.net/kas/static/ba.min.js', true);"
d61244ce3c06a0c4eb1e4d32,pokemoncardgame,포켓몬 카드게임,2026-05,2026-05-03T13:17:19+09:00,known,3ab254815787092a591ab5c4,d61244ce3c06a0c4eb1e4d32,110670,https://m.dcinside.com/board/pokemoncardgame/110670,"덱소스 대량 ㅍㅍ (닌자스피너 포함, 스압)",seller-51447db26eeb90b0124d315b,포갤러,registered,로켓단의 리시버,로켓단의 리시버,로켓단의 리시버,,,unknown,미분류,1,0.03,300,estimated,per_card,text,unknown,,active,needs_review,needs_review,"가격 단위 추정, 배송비 포함 여부 미확정",estimated,yes,candidate_estimated,로켓단의 리시버 0.03
db781f213c61ea996d04ae45,pokemoncardgame,포켓몬 카드게임,2026-05,2026-05-03T13:17:19+09:00,known,3ab254815787092a591ab5c4,db781f213c61ea996d04ae45,110670,https://m.dcinside.com/board/pokemoncardgame/110670,"덱소스 대량 ㅍㅍ (닌자스피너 포함, 스압)",seller-51447db26eeb90b0124d315b,포갤러,registered,플루어라이트,플루어라이트,플루어라이트,,,unknown,미분류,1,0.05,500,estimated,per_card,text,unknown,,active,needs_review,needs_review,"가격 단위 추정, 배송비 포함 여부 미확정",estimated,yes,candidate_estimated,플루어라이트 0.05
db7a4808673712c028a680b5,pokemoncardgame,포켓몬 카드게임,2026-05,2026-05-03T13:17:19+09:00,known,3ab254815787092a591ab5c4,db7a4808673712c028a680b5,110670,https://m.dcinside.com/board/pokemoncardgame/110670,"덱소스 대량 ㅍㅍ (닌자스피너 포함, 스압)",seller-51447db26eeb90b0124d315b,포갤러,registered,절친포핀 몬볼,절친포핀 몬볼,절친포핀 몬볼,,,unknown,미분류,1,0.2,2000,estimated,per_card,text,unknown,,active,needs_review,needs_review,"가격 단위 추정, 배송비 포함 여부 미확정",estimated,yes,candidate_estimated,절친포핀 몬볼 0.2
de22656f3faa60d32a12e468,pokemoncardgame,포켓몬 카드게임,2026-05,2026-05-03T13:17:19+09:00,known,3ab254815787092a591ab5c4,de22656f3faa60d32a12e468,110670,https://m.dcinside.com/board/pokemoncardgame/110670,"덱소스 대량 ㅍㅍ (닌자스피너 포함, 스압)",seller-51447db26eeb90b0124d315b,포갤러,registered,곤충채집세트,곤충채집세트,곤충채집세트,,,unknown,미분류,1,0.03,300,estimated,bundle,text,unknown,,active,needs_review,needs_review,"가격 단위 추정, 일괄·세트 가격, 배송비 포함 여부 미확정, 묶음·세트 총액 · 개별 카드 가격 아님",estimated,no,no,곤충채집세트 0.03
e2118c4e8fbe7bd7f0a33932,pokemoncardgame,포켓몬 카드게임,2026-05,2026-05-03T13:17:19+09:00,known,3ab254815787092a591ab5c4,e2118c4e8fbe7bd7f0a33932,110670,https://m.dcinside.com/board/pokemoncardgame/110670,"덱소스 대량 ㅍㅍ (닌자스피너 포함, 스압)",seller-51447db26eeb90b0124d315b,포갤러,registered,메가시그널 sr,메가시그널 sr,메가시그널 0.02 sr,,,unknown,미분류,1,0.1,1000,estimated,per_card,text,unknown,,active,needs_review,needs_review,"가격 단위 추정, 배송비 포함 여부 미확정",estimated,yes,candidate_estimated,메가시그널 0.02 sr 0.1
e23b5e82af8351abcf7d8a91,pokemoncardgame,포켓몬 카드게임,2026-05,2026-05-03T13:17:19+09:00,known,3ab254815787092a591ab5c4,e23b5e82af8351abcf7d8a91,110670,https://m.dcinside.com/board/pokemoncardgame/110670,"덱소스 대량 ㅍㅍ (닌자스피너 포함, 스압)",seller-51447db26eeb90b0124d315b,포갤러,registered,투희,투희,투희,,,unknown,미분류,1,0.2,2000,estimated,per_card,text,unknown,,active,needs_review,needs_review,"가격 단위 추정, 배송비 포함 여부 미확정",estimated,yes,candidate_estimated,투희 0.2
e2f804a78923994a770f4670,pokemoncardgame,포켓몬 카드게임,2026-05,2026-05-03T13:17:19+09:00,known,3ab254815787092a591ab5c4,e2f804a78923994a770f4670,110670,https://m.dcinside.com/board/pokemoncardgame/110670,"덱소스 대량 ㅍㅍ (닌자스피너 포함, 스압)",seller-51447db26eeb90b0124d315b,포갤러,registered,에너지리사이클,에너지리사이클,에너지리사이클,,,unknown,미분류,1,0.05,500,estimated,per_card,text,unknown,,active,needs_review,needs_review,"가격 단위 추정, 배송비 포함 여부 미확정",estimated,yes,candidate_estimated,에너지리사이클 0.05
e404e74c962b105d83794ff9,pokemoncardgame,포켓몬 카드게임,2026-05,2026-05-03T13:17:19+09:00,known,3ab254815787092a591ab5c4,e404e74c962b105d83794ff9,110670,https://m.dcinside.com/board/pokemoncardgame/110670,"덱소스 대량 ㅍㅍ (닌자스피너 포함, 스압)",seller-51447db26eeb90b0124d315b,포갤러,registered,제트에너지,제트에너지,제트에너지,,,unknown,미분류,1,0.03,300,estimated,per_card,text,unknown,,active,needs_review,needs_review,"가격 단위 추정, 배송비 포함 여부 미확정",estimated,yes,candidate_estimated,제트에너지 0.03
ead772473db5ff0ec2afd2ee,pokemoncardgame,포켓몬 카드게임,2026-05,2026-05-03T13:17:19+09:00,known,3ab254815787092a591ab5c4,ead772473db5ff0ec2afd2ee,110670,https://m.dcinside.com/board/pokemoncardgame/110670,"덱소스 대량 ㅍㅍ (닌자스피너 포함, 스압)",seller-51447db26eeb90b0124d315b,포갤러,registered,저지맨,저지맨,저지맨,,,unknown,미분류,1,0.05,500,estimated,per_card,text,unknown,,active,needs_review,needs_review,"가격 단위 추정, 배송비 포함 여부 미확정",estimated,yes,candidate_estimated,저지맨 0.05
ee7ba2067c4a69a1dd166865,pokemoncardgame,포켓몬 카드게임,2026-05,2026-05-03T13:17:19+09:00,known,3ab254815787092a591ab5c4,ee7ba2067c4a69a1dd166865,110670,https://m.dcinside.com/board/pokemoncardgame/110670,"덱소스 대량 ㅍㅍ (닌자스피너 포함, 스압)",seller-51447db26eeb90b0124d315b,포갤러,registered,loadScript 'https pagead,loadScript 'https pagead,loadScript('https://pagead,,,unknown,미분류,1,2,20000,estimated,bundle,text,unknown,,active,needs_review,needs_review,"가격 단위 추정, 복수 카드 가격, 배송비 포함 여부 미확정, 묶음·세트 총액 · 개별 카드 가격 아님",estimated,no,no,"loadScript('https://pagead2.googlesyndication.com/pagead/js/adsbygoogle_direct.js?client=ca-pub-8171468792791627', true, 'anonymous');"
f0e96790d54aa113a781b7c2,pokemoncardgame,포켓몬 카드게임,2026-05,2026-05-03T13:17:19+09:00,known,3ab254815787092a591ab5c4,f0e96790d54aa113a781b7c2,110670,https://m.dcinside.com/board/pokemoncardgame/110670,"덱소스 대량 ㅍㅍ (닌자스피너 포함, 스압)",seller-51447db26eeb90b0124d315b,포갤러,registered,명희의격려,명희의격려,명희의격려,,,unknown,미분류,1,0.05,500,estimated,per_card,text,unknown,,active,needs_review,needs_review,"가격 단위 추정, 배송비 포함 여부 미확정",estimated,yes,candidate_estimated,명희의격려 0.05
f7a205f7c304d6c7066df17b,pokemoncardgame,포켓몬 카드게임,2026-05,2026-05-03T13:17:19+09:00,known,3ab254815787092a591ab5c4,f7a205f7c304d6c7066df17b,110670,https://m.dcinside.com/board/pokemoncardgame/110670,"덱소스 대량 ㅍㅍ (닌자스피너 포함, 스압)",seller-51447db26eeb90b0124d315b,포갤러,registered,파워프로틴,파워프로틴,파워프로틴,,,unknown,미분류,1,0.03,300,estimated,per_card,text,unknown,,active,needs_review,needs_review,"가격 단위 추정, 배송비 포함 여부 미확정",estimated,yes,candidate_estimated,파워프로틴 0.03
fbd52d57cf074287e708843b,pokemoncardgame,포켓몬 카드게임,2026-05,2026-05-03T13:17:19+09:00,known,3ab254815787092a591ab5c4,fbd52d57cf074287e708843b,110670,https://m.dcinside.com/board/pokemoncardgame/110670,"덱소스 대량 ㅍㅍ (닌자스피너 포함, 스압)",seller-51447db26eeb90b0124d315b,포갤러,registered,코바르온,코바르온,코바르온,,,unknown,미분류,1,0.1,1000,estimated,per_card,text,unknown,,active,needs_review,needs_review,"가격 단위 추정, 배송비 포함 여부 미확정",estimated,yes,candidate_estimated,코바르온 0.1
11cac6efdcdc2e2f2352a655,pokemoncardgame,포켓몬 카드게임,2026-05,2026-05-03T17:46:14+09:00,known,f1e516dd659c38470496c5c8,11cac6efdcdc2e2f2352a655,110708,https://m.dcinside.com/board/pokemoncardgame/110708,덱소스 삽니다(거래중),seller-fb39da57a5aee888120fabbc,므브브,registered,트레이너스,트레이너스,트레이너스,,,unknown,미분류,1,0.65,6500,estimated,per_card,text,unknown,,active,needs_review,needs_review,"가격 단위 추정, 배송비 포함 여부 미확정",estimated,yes,candidate_estimated,트레이너스- 0.65
1eb90a67c403ee79e9940182,pokemoncardgame,포켓몬 카드게임,2026-05,2026-05-03T17:46:14+09:00,known,f1e516dd659c38470496c5c8,1eb90a67c403ee79e9940182,110708,https://m.dcinside.com/board/pokemoncardgame/110708,덱소스 삽니다(거래중),seller-fb39da57a5aee888120fabbc,므브브,registered,극뇌굉 날뛰는우레ex,극뇌굉 날뛰는우레ex,극뇌굉 날뛰는우레ex,,,unknown,미분류,1,0.1,1000,estimated,per_card,text,unknown,,active,needs_review,needs_review,"가격 단위 추정, 배송비 포함 여부 미확정",estimated,yes,candidate_estimated,극뇌굉 날뛰는우레ex 1장 0.1
203594e9ea85dbca324d7b8e,pokemoncardgame,포켓몬 카드게임,2026-05,2026-05-03T17:46:14+09:00,known,f1e516dd659c38470496c5c8,203594e9ea85dbca324d7b8e,110708,https://m.dcinside.com/board/pokemoncardgame/110708,덱소스 삽니다(거래중),seller-fb39da57a5aee888120fabbc,므브브,registered,합,합,합,,,unknown,미분류,8,0.3,3000,estimated,per_quantity,text,unknown,,active,needs_review,needs_review,"가격 단위 추정, 배송비 포함 여부 미확정, 카드명 확인 필요, 복수 수량 총액 · 카드 1장 가격 아님",estimated,no,no,합 8장 0.3
239220fb267aff0533a2467c,pokemoncardgame,포켓몬 카드게임,2026-05,2026-05-03T17:46:14+09:00,known,f1e516dd659c38470496c5c8,239220fb267aff0533a2467c,110708,https://m.dcinside.com/board/pokemoncardgame/110708,덱소스 삽니다(거래중),seller-fb39da57a5aee888120fabbc,므브브,registered,꽉 쥐기 이벨타르,꽉 쥐기 이벨타르,꽉 쥐기 이벨타르,,,unknown,미분류,2,0.05,500,estimated,per_quantity,text,unknown,,active,needs_review,needs_review,"가격 단위 추정, 배송비 포함 여부 미확정, 복수 수량 총액 · 카드 1장 가격 아님",estimated,no,no,꽉 쥐기 이벨타르 2장 0.05
44727b94e08cce4df78edc2d,pokemoncardgame,포켓몬 카드게임,2026-05,2026-05-03T17:46:14+09:00,known,f1e516dd659c38470496c5c8,44727b94e08cce4df78edc2d,110708,https://m.dcinside.com/board/pokemoncardgame/110708,덱소스 삽니다(거래중),seller-fb39da57a5aee888120fabbc,므브브,registered,에너지 리사이클,에너지 리사이클,에너지 리사이클,,,unknown,미분류,2,0.05,500,estimated,per_quantity,text,unknown,,active,needs_review,needs_review,"가격 단위 추정, 배송비 포함 여부 미확정, 복수 수량 총액 · 카드 1장 가격 아님",estimated,no,no,에너지 리사이클 2장 0.05
4e44ec03a396f8fdac734513,pokemoncardgame,포켓몬 카드게임,2026-05,2026-05-03T17:46:14+09:00,known,f1e516dd659c38470496c5c8,4e44ec03a396f8fdac734513,110708,https://m.dcinside.com/board/pokemoncardgame/110708,덱소스 삽니다(거래중),seller-fb39da57a5aee888120fabbc,므브브,registered,투지의날개 파이어,투지의날개 파이어,투지의날개 파이어,,,unknown,미분류,2,0.05,500,estimated,per_quantity,text,unknown,,active,needs_review,needs_review,"가격 단위 추정, 배송비 포함 여부 미확정, 복수 수량 총액 · 카드 1장 가격 아님",estimated,no,no,투지의날개 파이어 2장 0.05
64ae89c4ab05923f293631fd,pokemoncardgame,포켓몬 카드게임,2026-05,2026-05-03T17:46:14+09:00,known,f1e516dd659c38470496c5c8,64ae89c4ab05923f293631fd,110708,https://m.dcinside.com/board/pokemoncardgame/110708,덱소스 삽니다(거래중),seller-fb39da57a5aee888120fabbc,므브브,registered,팔자크,팔자크,팔자크,,,unknown,미분류,4,0.1,1000,estimated,per_quantity,text,unknown,,active,needs_review,needs_review,"가격 단위 추정, 배송비 포함 여부 미확정, 복수 수량 총액 · 카드 1장 가격 아님",estimated,no,no,팔자크 4장 0.1
6befbe49c0810a25e4e6ec29,pokemoncardgame,포켓몬 카드게임,2026-05,2026-05-03T17:46:14+09:00,known,f1e516dd659c38470496c5c8,6befbe49c0810a25e4e6ec29,110708,https://m.dcinside.com/board/pokemoncardgame/110708,덱소스 삽니다(거래중),seller-fb39da57a5aee888120fabbc,므브브,registered,청목의 수완,청목의 수완,청목의 수완,,,unknown,미분류,4,0.2,2000,estimated,per_quantity,text,unknown,,active,needs_review,needs_review,"가격 단위 추정, 배송비 포함 여부 미확정, 복수 수량 총액 · 카드 1장 가격 아님",estimated,no,no,청목의 수완 4장 0.2
6ff40f616f18aaf086b737e9,pokemoncardgame,포켓몬 카드게임,2026-05,2026-05-03T17:46:14+09:00,known,f1e516dd659c38470496c5c8,6ff40f616f18aaf086b737e9,110708,https://m.dcinside.com/board/pokemoncardgame/110708,덱소스 삽니다(거래중),seller-fb39da57a5aee888120fabbc,므브브,registered,포켓몬,포켓몬,포켓몬,,,unknown,미분류,1,1.3,13000,estimated,per_card,text,unknown,,active,needs_review,needs_review,"가격 단위 추정, 배송비 포함 여부 미확정",estimated,yes,candidate_estimated,포켓몬- 1.3
7a95e75d06a3275f3b8a2161,pokemoncardgame,포켓몬 카드게임,2026-05,2026-05-03T17:46:14+09:00,known,f1e516dd659c38470496c5c8,7a95e75d06a3275f3b8a2161,110708,https://m.dcinside.com/board/pokemoncardgame/110708,덱소스 삽니다(거래중),seller-fb39da57a5aee888120fabbc,므브브,registered,Ace Spec 시크릿박스,Ace Spec 시크릿박스,Ace Spec 시크릿박스,,,unknown,미분류,1,0.2,2000,estimated,per_card,text,unknown,,active,needs_review,needs_review,"가격 단위 추정, 배송비 포함 여부 미확정",estimated,yes,candidate_estimated,Ace Spec 시크릿박스 1장 0.2
8bf981b8ccaf883fed0ce777,pokemoncardgame,포켓몬 카드게임,2026-05,2026-05-03T17:46:14+09:00,known,f1e516dd659c38470496c5c8,8bf981b8ccaf883fed0ce777,110708,https://m.dcinside.com/board/pokemoncardgame/110708,덱소스 삽니다(거래중),seller-fb39da57a5aee888120fabbc,므브브,registered,메가앱솔ex,메가앱솔ex,메가앱솔ex,,,unknown,미분류,2,0.4,4000,estimated,per_quantity,text,unknown,,active,needs_review,needs_review,"가격 단위 추정, 배송비 포함 여부 미확정, 복수 수량 총액 · 카드 1장 가격 아님",estimated,no,no,메가앱솔ex 2장 0.4
8ccf45d720df157234f324ab,pokemoncardgame,포켓몬 카드게임,2026-05,2026-05-03T17:46:14+09:00,known,f1e516dd659c38470496c5c8,8ccf45d720df157234f324ab,110708,https://m.dcinside.com/board/pokemoncardgame/110708,덱소스 삽니다(거래중),seller-fb39da57a5aee888120fabbc,므브브,registered,독뿌리기 사나운버섯,독뿌리기 사나운버섯,독뿌리기 사나운버섯,,,unknown,미분류,2,0.05,500,estimated,per_quantity,text,unknown,,active,needs_review,needs_review,"가격 단위 추정, 배송비 포함 여부 미확정, 복수 수량 총액 · 카드 1장 가격 아님",estimated,no,no,독뿌리기 사나운버섯 2장 0.05
9850361fa8cf8ff359e88158,pokemoncardgame,포켓몬 카드게임,2026-05,2026-05-03T17:46:14+09:00,known,f1e516dd659c38470496c5c8,9850361fa8cf8ff359e88158,110708,https://m.dcinside.com/board/pokemoncardgame/110708,덱소스 삽니다(거래중),seller-fb39da57a5aee888120fabbc,므브브,registered,아드레나브레인 이야후,아드레나브레인 이야후,아드레나브레인 이야후,,,unknown,미분류,3,0.3,3000,estimated,per_quantity,text,unknown,,active,needs_review,needs_review,"가격 단위 추정, 배송비 포함 여부 미확정, 복수 수량 총액 · 카드 1장 가격 아님",estimated,no,no,아드레나브레인 이야후 3장 0.3
e9555a218bdd73c737185448,pokemoncardgame,포켓몬 카드게임,2026-05,2026-05-03T17:46:14+09:00,known,f1e516dd659c38470496c5c8,e9555a218bdd73c737185448,110708,https://m.dcinside.com/board/pokemoncardgame/110708,덱소스 삽니다(거래중),seller-fb39da57a5aee888120fabbc,므브브,registered,곤포,곤포,곤포,,,unknown,미분류,4,0.1,1000,estimated,per_quantity,text,unknown,,active,needs_review,needs_review,"가격 단위 추정, 배송비 포함 여부 미확정, 복수 수량 총액 · 카드 1장 가격 아님",estimated,no,no,곤포 4장 0.1
facf6188ac3661bf3a00c82c,pokemoncardgame,포켓몬 카드게임,2026-05,2026-05-03T17:46:14+09:00,known,f1e516dd659c38470496c5c8,facf6188ac3661bf3a00c82c,110708,https://m.dcinside.com/board/pokemoncardgame/110708,덱소스 삽니다(거래중),seller-fb39da57a5aee888120fabbc,므브브,registered,포이즌체인 복숭악동,포이즌체인 복숭악동,포이즌체인 복숭악동,,,unknown,미분류,2,0.05,500,estimated,per_quantity,text,unknown,,active,needs_review,needs_review,"가격 단위 추정, 배송비 포함 여부 미확정, 복수 수량 총액 · 카드 1장 가격 아님",estimated,no,no,포이즌체인 복숭악동 2장 0.05
bd188191d13bfad43b5f8143,pokemoncardgame,포켓몬 카드게임,2026-05,2026-05-03T23:14:14+09:00,known,ba6081a1d571e5266ecbd805,bd188191d13bfad43b5f8143,110768,https://m.dcinside.com/board/pokemoncardgame/110768,덱소스 조금 구해봄&lt;완&gt;,seller-418f724fd3cc8d2b5f956171,노노노치,registered,천원에,천원에,천원에 구함,,,unknown,미분류,1,6,60000,estimated,per_card,text,included,2000,active,needs_review,needs_review,가격 단위 추정,estimated,yes,candidate_estimated,반택포 6천원에 구함
03631f728a3fc49281b9e379,pokemoncardgame,포켓몬 카드게임,2026-05,2026-05-04T03:30:56+09:00,known,36db31bde70b8dff92f645d7,03631f728a3fc49281b9e379,110796,https://m.dcinside.com/board/pokemoncardgame/110796,덱소스 판매합니다!,seller-51447db26eeb90b0124d315b,포갤러,registered,loadScript ' t,loadScript ' t,loadScript('//t,,,unknown,미분류,1,1,10000,estimated,bundle,text,unknown,,active,needs_review,needs_review,"가격 단위 추정, 복수 카드 가격, 배송비 포함 여부 미확정, 묶음·세트 총액 · 개별 카드 가격 아님",estimated,no,no,"loadScript('//t1.kakaocdn.net/kas/static/ba.min.js', true);"
099e8ecfc6481d5d3c9b3891,pokemoncardgame,포켓몬 카드게임,2026-05,2026-05-04T03:30:56+09:00,known,36db31bde70b8dff92f645d7,099e8ecfc6481d5d3c9b3891,110796,https://m.dcinside.com/board/pokemoncardgame/110796,덱소스 판매합니다!,seller-51447db26eeb90b0124d315b,포갤러,registered,절친포핀 sr,절친포핀 sr,절친포핀 sr,,,unknown,미분류,1,0.4,4000,estimated,per_card,text,unknown,,active,needs_review,needs_review,"가격 단위 추정, 배송비 포함 여부 미확정",estimated,yes,candidate_estimated,절친포핀 sr 0.4
21c57aae236736dc611378a6,pokemoncardgame,포켓몬 카드게임,2026-05,2026-05-04T03:30:56+09:00,known,36db31bde70b8dff92f645d7,21c57aae236736dc611378a6,110796,https://m.dcinside.com/board/pokemoncardgame/110796,덱소스 판매합니다!,seller-51447db26eeb90b0124d315b,포갤러,registered,점보아이스 sr,점보아이스 sr,점보아이스 sr,,,unknown,미분류,1,0.2,2000,estimated,per_card,text,unknown,,active,needs_review,needs_review,"가격 단위 추정, 배송비 포함 여부 미확정",estimated,yes,candidate_estimated,점보아이스 sr 0.2
285eae3f8c707263c372e9a8,pokemoncardgame,포켓몬 카드게임,2026-05,2026-05-04T03:30:56+09:00,known,36db31bde70b8dff92f645d7,285eae3f8c707263c372e9a8,110796,https://m.dcinside.com/board/pokemoncardgame/110796,덱소스 판매합니다!,seller-51447db26eeb90b0124d315b,포갤러,registered,아래 카드들은 모두,아래 카드들은 모두,아래 카드들은 모두,,,unknown,미분류,1,0.03,300,estimated,per_card,text,unknown,,active,needs_review,needs_review,"가격 단위 추정, 배송비 포함 여부 미확정",estimated,yes,candidate_estimated,아래 카드들은 모두 0.03 판매 중
2db1cbc5c2fd1587bec69342,pokemoncardgame,포켓몬 카드게임,2026-05,2026-05-04T03:30:56+09:00,known,36db31bde70b8dff92f645d7,2db1cbc5c2fd1587bec69342,110796,https://m.dcinside.com/board/pokemoncardgame/110796,덱소스 판매합니다!,seller-51447db26eeb90b0124d315b,포갤러,registered,밤의 들것 sr,밤의 들것 sr,밤의 들것 sr,,,unknown,미분류,1,0.5,5000,estimated,per_card,text,unknown,,active,needs_review,needs_review,"가격 단위 추정, 배송비 포함 여부 미확정",estimated,yes,candidate_estimated,밤의 들것 sr 0.5
2dfccceacaf87a98ac5a4082,pokemoncardgame,포켓몬 카드게임,2026-05,2026-05-04T03:30:56+09:00,known,36db31bde70b8dff92f645d7,2dfccceacaf87a98ac5a4082,110796,https://m.dcinside.com/board/pokemoncardgame/110796,덱소스 판매합니다!,seller-51447db26eeb90b0124d315b,포갤러,registered,스크램블 스위치 ace,스크램블 스위치 ace,스크램블 스위치 ace,,,unknown,미분류,1,0.1,1000,estimated,per_card,text,unknown,,active,needs_review,needs_review,"가격 단위 추정, 배송비 포함 여부 미확정",estimated,yes,candidate_estimated,스크램블 스위치 ace 0.1
2f3c6f4bd951b9d7f39bda96,pokemoncardgame,포켓몬 카드게임,2026-05,2026-05-04T03:30:56+09:00,known,36db31bde70b8dff92f645d7,2f3c6f4bd951b9d7f39bda96,110796,https://m.dcinside.com/board/pokemoncardgame/110796,덱소스 판매합니다!,seller-51447db26eeb90b0124d315b,포갤러,registered,메가시그널sr,메가시그널sr,메가시그널sr,,,unknown,미분류,1,0.1,1000,estimated,per_card,text,unknown,,active,needs_review,needs_review,"가격 단위 추정, 배송비 포함 여부 미확정",estimated,yes,candidate_estimated,메가시그널sr 0.1
326630fc00cdb89bc80b9755,pokemoncardgame,포켓몬 카드게임,2026-05,2026-05-04T03:30:56+09:00,known,36db31bde70b8dff92f645d7,326630fc00cdb89bc80b9755,110796,https://m.dcinside.com/board/pokemoncardgame/110796,덱소스 판매합니다!,seller-51447db26eeb90b0124d315b,포갤러,registered,loadScript 'https pagead,loadScript 'https pagead,loadScript('https://pagead,,,unknown,미분류,1,2,20000,estimated,bundle,text,unknown,,active,needs_review,needs_review,"가격 단위 추정, 복수 카드 가격, 배송비 포함 여부 미확정, 묶음·세트 총액 · 개별 카드 가격 아님",estimated,no,no,"loadScript('https://pagead2.googlesyndication.com/pagead/js/adsbygoogle_direct.js?client=ca-pub-8171468792791627', true, 'anonymous');"
3430d32c93735bf8ade66255,pokemoncardgame,포켓몬 카드게임,2026-05,2026-05-04T03:30:56+09:00,known,36db31bde70b8dff92f645d7,3430d32c93735bf8ade66255,110796,https://m.dcinside.com/board/pokemoncardgame/110796,덱소스 판매합니다!,seller-51447db26eeb90b0124d315b,포갤러,registered,릴리에의 결심,릴리에의 결심,릴리에의 결심,,,unknown,미분류,1,0.05,500,estimated,per_card,text,unknown,,active,needs_review,needs_review,"가격 단위 추정, 배송비 포함 여부 미확정",estimated,yes,candidate_estimated,릴리에의 결심 0.05
36715519f517ca88b8ccfffc,pokemoncardgame,포켓몬 카드게임,2026-05,2026-05-04T03:30:56+09:00,known,36db31bde70b8dff92f645d7,36715519f517ca88b8ccfffc,110796,https://m.dcinside.com/board/pokemoncardgame/110796,덱소스 판매합니다!,seller-51447db26eeb90b0124d315b,포갤러,registered,레드카드 sr,레드카드 sr,레드카드 sr,,,unknown,미분류,1,1.0,10000,estimated,per_card,text,unknown,,active,needs_review,needs_review,"가격 단위 추정, 배송비 포함 여부 미확정",estimated,yes,candidate_estimated,레드카드 sr 1.0
373057d8a568e7fe8e079b47,pokemoncardgame,포켓몬 카드게임,2026-05,2026-05-04T03:30:56+09:00,known,36db31bde70b8dff92f645d7,373057d8a568e7fe8e079b47,110796,https://m.dcinside.com/board/pokemoncardgame/110796,덱소스 판매합니다!,seller-51447db26eeb90b0124d315b,포갤러,registered,월척네트,월척네트,월척네트,,,unknown,미분류,1,0.07,700,estimated,per_card,text,unknown,,active,needs_review,needs_review,"가격 단위 추정, 배송비 포함 여부 미확정",estimated,yes,candidate_estimated,월척네트 0.07
43eeb9536cc8668f69f80223,pokemoncardgame,포켓몬 카드게임,2026-05,2026-05-04T03:30:56+09:00,known,36db31bde70b8dff92f645d7,43eeb9536cc8668f69f80223,110796,https://m.dcinside.com/board/pokemoncardgame/110796,덱소스 판매합니다!,seller-51447db26eeb90b0124d315b,포갤러,registered,파도타기 비치,파도타기 비치,파도타기 비치,,,unknown,미분류,1,0.05,500,estimated,per_card,text,unknown,,active,needs_review,needs_review,"가격 단위 추정, 배송비 포함 여부 미확정",estimated,yes,candidate_estimated,파도타기 비치 0.05
58e39c45d247735af0cb5273,pokemoncardgame,포켓몬 카드게임,2026-05,2026-05-04T03:30:56+09:00,known,36db31bde70b8dff92f645d7,58e39c45d247735af0cb5273,110796,https://m.dcinside.com/board/pokemoncardgame/110796,덱소스 판매합니다!,seller-51447db26eeb90b0124d315b,포갤러,registered,지프,지프,지프,,,unknown,미분류,1,0.05,500,estimated,per_card,text,unknown,,active,needs_review,needs_review,"가격 단위 추정, 배송비 포함 여부 미확정",estimated,yes,candidate_estimated,지프 0.05
6835f3c6c198a179b4aae4d3,pokemoncardgame,포켓몬 카드게임,2026-05,2026-05-04T03:30:56+09:00,known,36db31bde70b8dff92f645d7,6835f3c6c198a179b4aae4d3,110796,https://m.dcinside.com/board/pokemoncardgame/110796,덱소스 판매합니다!,seller-51447db26eeb90b0124d315b,포갤러,registered,DOM 삽입 헬퍼 현재 스크립트 위치 기준,DOM 삽입 헬퍼 현재 스크립트 위치 기준,// ---- DOM 삽입 헬퍼 (현재 스크립트 위치 기준,,,unknown,미분류,1,1,10000,estimated,bundle,text,unknown,,active,needs_review,needs_review,"가격 단위 추정, 복수 카드 가격, 배송비 포함 여부 미확정, 묶음·세트 총액 · 개별 카드 가격 아님",estimated,no,no,// ---- DOM 삽입 헬퍼 (현재 스크립트 위치 기준1)
6a00178f46f96470f017721a,pokemoncardgame,포켓몬 카드게임,2026-05,2026-05-04T03:30:56+09:00,known,36db31bde70b8dff92f645d7,6a00178f46f96470f017721a,110796,https://m.dcinside.com/board/pokemoncardgame/110796,덱소스 판매합니다!,seller-51447db26eeb90b0124d315b,포갤러,registered,메가시그널,메가시그널,메가시그널,,,unknown,미분류,1,0.03,300,estimated,per_card,text,unknown,,active,needs_review,needs_review,"가격 단위 추정, 배송비 포함 여부 미확정",estimated,yes,candidate_estimated,메가시그널 0.03
6cae26e4883408b46c290b87,pokemoncardgame,포켓몬 카드게임,2026-05,2026-05-04T03:30:56+09:00,known,36db31bde70b8dff92f645d7,6cae26e4883408b46c290b87,110796,https://m.dcinside.com/board/pokemoncardgame/110796,덱소스 판매합니다!,seller-51447db26eeb90b0124d315b,포갤러,registered,대지의 그릇,대지의 그릇,대지의 그릇,,,unknown,미분류,1,0.1,1000,estimated,per_card,text,unknown,,active,needs_review,needs_review,"가격 단위 추정, 배송비 포함 여부 미확정",estimated,yes,candidate_estimated,대지의 그릇 0.1
71d98c4ed721a0d5b0181230,pokemoncardgame,포켓몬 카드게임,2026-05,2026-05-04T03:30:56+09:00,known,36db31bde70b8dff92f645d7,71d98c4ed721a0d5b0181230,110796,https://m.dcinside.com/board/pokemoncardgame/110796,덱소스 판매합니다!,seller-51447db26eeb90b0124d315b,포갤러,registered,포켓패드,포켓패드,포켓패드,,,unknown,미분류,1,0.05,500,estimated,per_card,text,unknown,,active,needs_review,needs_review,"가격 단위 추정, 배송비 포함 여부 미확정",estimated,yes,candidate_estimated,포켓패드 0.05
794f3138ea886ca061afad97,pokemoncardgame,포켓몬 카드게임,2026-05,2026-05-04T03:30:56+09:00,known,36db31bde70b8dff92f645d7,794f3138ea886ca061afad97,110796,https://m.dcinside.com/board/pokemoncardgame/110796,덱소스 판매합니다!,seller-51447db26eeb90b0124d315b,포갤러,registered,보스의 지령 미러,보스의 지령 미러,보스의 지령 미러,,,unknown,미분류,1,0.05,500,estimated,per_card,text,unknown,,active,needs_review,needs_review,"가격 단위 추정, 배송비 포함 여부 미확정",estimated,yes,candidate_estimated,보스의 지령 미러 0.05
7da737f3c7795ac712a0818a,pokemoncardgame,포켓몬 카드게임,2026-05,2026-05-04T03:30:56+09:00,known,36db31bde70b8dff92f645d7,7da737f3c7795ac712a0818a,110796,https://m.dcinside.com/board/pokemoncardgame/110796,덱소스 판매합니다!,seller-51447db26eeb90b0124d315b,포갤러,registered,풍선,풍선,풍선,,,unknown,미분류,1,0.03,300,estimated,per_card,text,unknown,,active,needs_review,needs_review,"가격 단위 추정, 배송비 포함 여부 미확정",estimated,yes,candidate_estimated,풍선 0.03
8453180994c8f9f44b6469bc,pokemoncardgame,포켓몬 카드게임,2026-05,2026-05-04T03:30:56+09:00,known,36db31bde70b8dff92f645d7,8453180994c8f9f44b6469bc,110796,https://m.dcinside.com/board/pokemoncardgame/110796,덱소스 판매합니다!,seller-51447db26eeb90b0124d315b,포갤러,registered,시크릿박스 ace,시크릿박스 ace,시크릿박스 ace,,,unknown,미분류,1,0.3,3000,estimated,per_card,text,unknown,,active,needs_review,needs_review,"가격 단위 추정, 배송비 포함 여부 미확정",estimated,yes,candidate_estimated,시크릿박스 ace 0.3
84d962136395148e74c4cbf7,pokemoncardgame,포켓몬 카드게임,2026-05,2026-05-04T03:30:56+09:00,known,36db31bde70b8dff92f645d7,84d962136395148e74c4cbf7,110796,https://m.dcinside.com/board/pokemoncardgame/110796,덱소스 판매합니다!,seller-51447db26eeb90b0124d315b,포갤러,registered,var safe = window.dcAd && window.dcAd.safe ==,var safe = window.dcAd && window.dcAd.safe ==,var safe = (window.dcAd && window.dcAd.safe ==,,,unknown,미분류,1,1,10000,estimated,bundle,text,unknown,,active,needs_review,needs_review,"가격 단위 추정, 복수 카드 가격, 배송비 포함 여부 미확정, 묶음·세트 총액 · 개별 카드 가격 아님",estimated,no,no,var safe = (window.dcAd && window.dcAd.safe == 1)
85948a8a82484b146fa2f535,pokemoncardgame,포켓몬 카드게임,2026-05,2026-05-04T03:30:56+09:00,known,36db31bde70b8dff92f645d7,85948a8a82484b146fa2f535,110796,https://m.dcinside.com/board/pokemoncardgame/110796,덱소스 판매합니다!,seller-51447db26eeb90b0124d315b,포갤러,registered,로켓단의 람다,로켓단의 람다,로켓단의 람다,,,unknown,미분류,1,0.35,3500,estimated,per_card,text,unknown,,active,needs_review,needs_review,"가격 단위 추정, 배송비 포함 여부 미확정",estimated,yes,candidate_estimated,로켓단의 람다 0.35
87c25d0477ece643188cd88b,pokemoncardgame,포켓몬 카드게임,2026-05,2026-05-04T03:30:56+09:00,known,36db31bde70b8dff92f645d7,87c25d0477ece643188cd88b,110796,https://m.dcinside.com/board/pokemoncardgame/110796,덱소스 판매합니다!,seller-51447db26eeb90b0124d315b,포갤러,registered,이상한 사탕 sr,이상한 사탕 sr,이상한 사탕 sr,,,unknown,미분류,1,0.2,2000,estimated,per_card,text,unknown,,active,needs_review,needs_review,"가격 단위 추정, 배송비 포함 여부 미확정",estimated,yes,candidate_estimated,이상한 사탕 sr 0.2
8a5cb17a394254f2dff83001,pokemoncardgame,포켓몬 카드게임,2026-05,2026-05-04T03:30:56+09:00,known,36db31bde70b8dff92f645d7,8a5cb17a394254f2dff83001,110796,https://m.dcinside.com/board/pokemoncardgame/110796,덱소스 판매합니다!,seller-51447db26eeb90b0124d315b,포갤러,registered,유리나팔 sr,유리나팔 sr,유리나팔 sr,,,unknown,미분류,1,0.1,1000,estimated,per_card,text,unknown,,active,needs_review,needs_review,"가격 단위 추정, 배송비 포함 여부 미확정",estimated,yes,candidate_estimated,유리나팔 sr 0.1
8ba13b4275308b0294c1b924,pokemoncardgame,포켓몬 카드게임,2026-05,2026-05-04T03:30:56+09:00,known,36db31bde70b8dff92f645d7,8ba13b4275308b0294c1b924,110796,https://m.dcinside.com/board/pokemoncardgame/110796,덱소스 판매합니다!,seller-51447db26eeb90b0124d315b,포갤러,registered,활력의 숲 sr,활력의 숲 sr,활력의 숲 sr,,,unknown,미분류,1,0.2,2000,estimated,per_card,text,unknown,,active,needs_review,needs_review,"가격 단위 추정, 배송비 포함 여부 미확정",estimated,yes,candidate_estimated,활력의 숲 sr 0.2
93df5cb621ca7c3c1e447ee4,pokemoncardgame,포켓몬 카드게임,2026-05,2026-05-04T03:30:56+09:00,known,36db31bde70b8dff92f645d7,93df5cb621ca7c3c1e447ee4,110796,https://m.dcinside.com/board/pokemoncardgame/110796,덱소스 판매합니다!,seller-51447db26eeb90b0124d315b,포갤러,registered,희망의 애뮬렛 ace,희망의 애뮬렛 ace,희망의 애뮬렛 ace,,,unknown,미분류,1,0.1,1000,estimated,per_card,text,unknown,,active,needs_review,needs_review,"가격 단위 추정, 배송비 포함 여부 미확정",estimated,yes,candidate_estimated,희망의 애뮬렛 ace 0.1
9a626fd2dcc76d3b8ef919b6,pokemoncardgame,포켓몬 카드게임,2026-05,2026-05-04T03:30:56+09:00,known,36db31bde70b8dff92f645d7,9a626fd2dcc76d3b8ef919b6,110796,https://m.dcinside.com/board/pokemoncardgame/110796,덱소스 판매합니다!,seller-51447db26eeb90b0124d315b,포갤러,registered,명희의 격려,명희의 격려,명희의 격려,,,unknown,미분류,1,0.05,500,estimated,per_card,text,unknown,,active,needs_review,needs_review,"가격 단위 추정, 배송비 포함 여부 미확정",estimated,yes,candidate_estimated,명희의 격려 0.05
b24088b336fbfc95fcef7c99,pokemoncardgame,포켓몬 카드게임,2026-05,2026-05-04T03:30:56+09:00,known,36db31bde70b8dff92f645d7,b24088b336fbfc95fcef7c99,110796,https://m.dcinside.com/board/pokemoncardgame/110796,덱소스 판매합니다!,seller-51447db26eeb90b0124d315b,포갤러,registered,투희,투희,투희,,,unknown,미분류,1,0.25,2500,estimated,per_card,text,unknown,,active,needs_review,needs_review,"가격 단위 추정, 배송비 포함 여부 미확정",estimated,yes,candidate_estimated,투희 0.25
b742cdc94b5f2b43c43ce57a,pokemoncardgame,포켓몬 카드게임,2026-05,2026-05-04T03:30:56+09:00,known,36db31bde70b8dff92f645d7,b742cdc94b5f2b43c43ce57a,110796,https://m.dcinside.com/board/pokemoncardgame/110796,덱소스 판매합니다!,seller-51447db26eeb90b0124d315b,포갤러,registered,로켓단에너지,로켓단에너지,로켓단에너지,,,unknown,미분류,1,0.05,500,estimated,per_card,text,unknown,,active,needs_review,needs_review,"가격 단위 추정, 배송비 포함 여부 미확정",estimated,yes,candidate_estimated,로켓단에너지 0.05
be78ac0b0f3318b940826fbf,pokemoncardgame,포켓몬 카드게임,2026-05,2026-05-04T03:30:56+09:00,known,36db31bde70b8dff92f645d7,be78ac0b0f3318b940826fbf,110796,https://m.dcinside.com/board/pokemoncardgame/110796,덱소스 판매합니다!,seller-51447db26eeb90b0124d315b,포갤러,registered,포켓패드 sr,포켓패드 sr,포켓패드 sr,,,unknown,미분류,1,0.5,5000,estimated,per_card,text,unknown,,active,needs_review,needs_review,"가격 단위 추정, 배송비 포함 여부 미확정",estimated,yes,candidate_estimated,포켓패드 sr 0.5
bee54a0c3b32b96eaeaa174f,pokemoncardgame,포켓몬 카드게임,2026-05,2026-05-04T03:30:56+09:00,known,36db31bde70b8dff92f645d7,bee54a0c3b32b96eaeaa174f,110796,https://m.dcinside.com/board/pokemoncardgame/110796,덱소스 판매합니다!,seller-51447db26eeb90b0124d315b,포갤러,registered,점보아이스,점보아이스,점보아이스,,,unknown,미분류,1,0.03,300,estimated,per_card,text,unknown,,active,needs_review,needs_review,"가격 단위 추정, 배송비 포함 여부 미확정",estimated,yes,candidate_estimated,점보아이스 0.03
c0ba49aeb09f1e788baed432,pokemoncardgame,포켓몬 카드게임,2026-05,2026-05-04T03:30:56+09:00,known,36db31bde70b8dff92f645d7,c0ba49aeb09f1e788baed432,110796,https://m.dcinside.com/board/pokemoncardgame/110796,덱소스 판매합니다!,seller-51447db26eeb90b0124d315b,포갤러,registered,밤의 들것,밤의 들것,밤의 들것,,,unknown,미분류,1,0.1,1000,estimated,per_card,text,unknown,,active,needs_review,needs_review,"가격 단위 추정, 배송비 포함 여부 미확정",estimated,yes,candidate_estimated,밤의 들것 0.1
c395343979cfdc2a3fd3707b,pokemoncardgame,포켓몬 카드게임,2026-05,2026-05-04T03:30:56+09:00,known,36db31bde70b8dff92f645d7,c395343979cfdc2a3fd3707b,110796,https://m.dcinside.com/board/pokemoncardgame/110796,덱소스 판매합니다!,seller-51447db26eeb90b0124d315b,포갤러,registered,활력의 숲,활력의 숲,활력의 숲,,,unknown,미분류,1,0.03,300,estimated,per_card,text,unknown,,active,needs_review,needs_review,"가격 단위 추정, 배송비 포함 여부 미확정",estimated,yes,candidate_estimated,활력의 숲 0.03
c5446bcde60bb72bc023e793,pokemoncardgame,포켓몬 카드게임,2026-05,2026-05-04T03:30:56+09:00,known,36db31bde70b8dff92f645d7,c5446bcde60bb72bc023e793,110796,https://m.dcinside.com/board/pokemoncardgame/110796,덱소스 판매합니다!,seller-51447db26eeb90b0124d315b,포갤러,registered,파이팅공,파이팅공,파이팅공,,,unknown,미분류,1,0.05,500,estimated,per_card,text,unknown,,active,needs_review,needs_review,"가격 단위 추정, 배송비 포함 여부 미확정",estimated,yes,candidate_estimated,파이팅공 0.05
cc7f55cbf8e830c4df3963e7,pokemoncardgame,포켓몬 카드게임,2026-05,2026-05-04T03:30:56+09:00,known,36db31bde70b8dff92f645d7,cc7f55cbf8e830c4df3963e7,110796,https://m.dcinside.com/board/pokemoncardgame/110796,덱소스 판매합니다!,seller-51447db26eeb90b0124d315b,포갤러,registered,파이팅공 sr,파이팅공 sr,파이팅공 sr,,,unknown,미분류,1,0.1,1000,estimated,per_card,text,unknown,,active,needs_review,needs_review,"가격 단위 추정, 배송비 포함 여부 미확정",estimated,yes,candidate_estimated,파이팅공 sr 0.1
db4d50920a27d9880a654547,pokemoncardgame,포켓몬 카드게임,2026-05,2026-05-04T03:30:56+09:00,known,36db31bde70b8dff92f645d7,db4d50920a27d9880a654547,110796,https://m.dcinside.com/board/pokemoncardgame/110796,덱소스 판매합니다!,seller-51447db26eeb90b0124d315b,포갤러,registered,풍선 sr,풍선 sr,풍선 sr,,,unknown,미분류,1,0.2,2000,estimated,per_card,text,unknown,,active,needs_review,needs_review,"가격 단위 추정, 배송비 포함 여부 미확정",estimated,yes,candidate_estimated,풍선 sr 0.2
dbe726487a6b2976df198bd9,pokemoncardgame,포켓몬 카드게임,2026-05,2026-05-04T03:30:56+09:00,known,36db31bde70b8dff92f645d7,dbe726487a6b2976df198bd9,110796,https://m.dcinside.com/board/pokemoncardgame/110796,덱소스 판매합니다!,seller-51447db26eeb90b0124d315b,포갤러,registered,로켓단의 비주기,로켓단의 비주기,로켓단의 비주기,,,unknown,미분류,1,0.05,500,estimated,per_card,text,unknown,,active,needs_review,needs_review,"가격 단위 추정, 배송비 포함 여부 미확정",estimated,yes,candidate_estimated,로켓단의 비주기 0.05
def3e2b7152ae32cf831c058,pokemoncardgame,포켓몬 카드게임,2026-05,2026-05-04T03:30:56+09:00,known,36db31bde70b8dff92f645d7,def3e2b7152ae32cf831c058,110796,https://m.dcinside.com/board/pokemoncardgame/110796,덱소스 판매합니다!,seller-51447db26eeb90b0124d315b,포갤러,registered,절친포핀,절친포핀,절친포핀,,,unknown,미분류,1,0.05,500,estimated,per_card,text,unknown,,active,needs_review,needs_review,"가격 단위 추정, 배송비 포함 여부 미확정",estimated,yes,candidate_estimated,절친포핀 0.05
e472abab2fd3f6f2f9f4c7ce,pokemoncardgame,포켓몬 카드게임,2026-05,2026-05-04T03:30:56+09:00,known,36db31bde70b8dff92f645d7,e472abab2fd3f6f2f9f4c7ce,110796,https://m.dcinside.com/board/pokemoncardgame/110796,덱소스 판매합니다!,seller-51447db26eeb90b0124d315b,포갤러,registered,파워프로틴,파워프로틴,파워프로틴,,,unknown,미분류,1,0.03,300,estimated,per_card,text,unknown,,active,needs_review,needs_review,"가격 단위 추정, 배송비 포함 여부 미확정",estimated,yes,candidate_estimated,파워프로틴 0.03
e83d4223fd039e46bb5df8f8,pokemoncardgame,포켓몬 카드게임,2026-05,2026-05-04T03:30:56+09:00,known,36db31bde70b8dff92f645d7,e83d4223fd039e46bb5df8f8,110796,https://m.dcinside.com/board/pokemoncardgame/110796,덱소스 판매합니다!,seller-51447db26eeb90b0124d315b,포갤러,registered,파워프로틴 sr,파워프로틴 sr,파워프로틴 sr,,,unknown,미분류,1,0.1,1000,estimated,per_card,text,unknown,,active,needs_review,needs_review,"가격 단위 추정, 배송비 포함 여부 미확정",estimated,yes,candidate_estimated,파워프로틴 sr 0.1
f3a8d06f6439207537719f79,pokemoncardgame,포켓몬 카드게임,2026-05,2026-05-04T03:30:56+09:00,known,36db31bde70b8dff92f645d7,f3a8d06f6439207537719f79,110796,https://m.dcinside.com/board/pokemoncardgame/110796,덱소스 판매합니다!,seller-51447db26eeb90b0124d315b,포갤러,registered,시아노,시아노,시아노,,,unknown,미분류,1,0.35,3500,estimated,per_card,text,unknown,,active,needs_review,needs_review,"가격 단위 추정, 배송비 포함 여부 미확정",estimated,yes,candidate_estimated,시아노 0.35
f87714b16729ade544693cd8,pokemoncardgame,포켓몬 카드게임,2026-05,2026-05-04T03:30:56+09:00,known,36db31bde70b8dff92f645d7,f87714b16729ade544693cd8,110796,https://m.dcinside.com/board/pokemoncardgame/110796,덱소스 판매합니다!,seller-51447db26eeb90b0124d315b,포갤러,registered,저지맨,저지맨,저지맨,,,unknown,미분류,1,0.05,500,estimated,per_card,text,unknown,,active,needs_review,needs_review,"가격 단위 추정, 배송비 포함 여부 미확정",estimated,yes,candidate_estimated,저지맨 0.05
fefe7aea4e5e21e12e3341ea,pokemoncardgame,포켓몬 카드게임,2026-05,2026-05-04T03:30:56+09:00,known,36db31bde70b8dff92f645d7,fefe7aea4e5e21e12e3341ea,110796,https://m.dcinside.com/board/pokemoncardgame/110796,덱소스 판매합니다!,seller-51447db26eeb90b0124d315b,포갤러,registered,파도타기 비치 sr,파도타기 비치 sr,파도타기 비치 sr,,,unknown,미분류,1,0.4,4000,estimated,per_card,text,unknown,,active,needs_review,needs_review,"가격 단위 추정, 배송비 포함 여부 미확정",estimated,yes,candidate_estimated,파도타기 비치 sr 0.4
039c7b2e6e856cd099834386,pokemoncardgame,포켓몬 카드게임,2026-05,2026-05-04T14:06:28+09:00,known,f454ac32feda8b5ec086c372,039c7b2e6e856cd099834386,110846,https://m.dcinside.com/board/pokemoncardgame/110846,덱소스 구함,seller-fc71bbf011382da8f4ea7287,이승현,guest,포켓패드,포켓패드,포켓패드,,,unknown,미분류,1,2,20000,estimated,per_card,text,unknown,,active,needs_review,needs_review,"가격 단위 추정, 배송비 포함 여부 미확정",estimated,yes,candidate_estimated,포켓패드 2
0579666ef47204163d1bbeea,pokemoncardgame,포켓몬 카드게임,2026-05,2026-05-04T14:06:28+09:00,known,f454ac32feda8b5ec086c372,0579666ef47204163d1bbeea,110846,https://m.dcinside.com/board/pokemoncardgame/110846,덱소스 구함,seller-fc71bbf011382da8f4ea7287,이승현,guest,로켓단 리시버,로켓단 리시버,로켓단 리시버,,,unknown,미분류,1,4,40000,estimated,per_card,text,unknown,,active,needs_review,needs_review,"가격 단위 추정, 배송비 포함 여부 미확정",estimated,yes,candidate_estimated,로켓단 리시버 4
0c88e9efe359eabcef81018a,pokemoncardgame,포켓몬 카드게임,2026-05,2026-05-04T14:06:28+09:00,known,f454ac32feda8b5ec086c372,0c88e9efe359eabcef81018a,110846,https://m.dcinside.com/board/pokemoncardgame/110846,덱소스 구함,seller-fc71bbf011382da8f4ea7287,이승현,guest,쉐이미,쉐이미,쉐이미,,,unknown,미분류,1,1,10000,estimated,per_card,text,unknown,,active,needs_review,needs_review,"가격 단위 추정, 배송비 포함 여부 미확정",estimated,yes,candidate_estimated,쉐이미 1
22cd9f4f117c15ac9c2f2155,pokemoncardgame,포켓몬 카드게임,2026-05,2026-05-04T14:06:28+09:00,known,f454ac32feda8b5ec086c372,22cd9f4f117c15ac9c2f2155,110846,https://m.dcinside.com/board/pokemoncardgame/110846,덱소스 구함,seller-fc71bbf011382da8f4ea7287,이승현,guest,배틀 콜로세움,배틀 콜로세움,배틀 콜로세움,,,unknown,미분류,1,2,20000,estimated,per_card,text,unknown,,active,needs_review,needs_review,"가격 단위 추정, 배송비 포함 여부 미확정",estimated,yes,candidate_estimated,배틀 콜로세움 2
2c9bee8797fd1229485ad30c,pokemoncardgame,포켓몬 카드게임,2026-05,2026-05-04T14:06:28+09:00,known,f454ac32feda8b5ec086c372,2c9bee8797fd1229485ad30c,110846,https://m.dcinside.com/board/pokemoncardgame/110846,덱소스 구함,seller-fc71bbf011382da8f4ea7287,이승현,guest,파이팅공,파이팅공,파이팅공,,,unknown,미분류,1,4,40000,estimated,per_card,text,unknown,,active,needs_review,needs_review,"가격 단위 추정, 배송비 포함 여부 미확정",estimated,yes,candidate_estimated,파이팅공 4
332c694509c240d6149181ba,pokemoncardgame,포켓몬 카드게임,2026-05,2026-05-04T14:06:28+09:00,known,f454ac32feda8b5ec086c372,332c694509c240d6149181ba,110846,https://m.dcinside.com/board/pokemoncardgame/110846,덱소스 구함,seller-fc71bbf011382da8f4ea7287,이승현,guest,릴리에의 결심,릴리에의 결심,릴리에의 결심,,,unknown,미분류,1,1,10000,estimated,per_card,text,unknown,,active,needs_review,needs_review,"가격 단위 추정, 배송비 포함 여부 미확정",estimated,yes,candidate_estimated,릴리에의 결심 1
41630023cd8032c2fb9bb7ac,pokemoncardgame,포켓몬 카드게임,2026-05,2026-05-04T14:06:28+09:00,known,f454ac32feda8b5ec086c372,41630023cd8032c2fb9bb7ac,110846,https://m.dcinside.com/board/pokemoncardgame/110846,덱소스 구함,seller-fc71bbf011382da8f4ea7287,이승현,guest,스페셜레드카드,스페셜레드카드,스페셜레드카드,,,unknown,미분류,1,1,10000,estimated,per_card,text,unknown,,active,needs_review,needs_review,"가격 단위 추정, 배송비 포함 여부 미확정",estimated,yes,candidate_estimated,스페셜레드카드 1
5ceb1e4a51a60688edea43ef,pokemoncardgame,포켓몬 카드게임,2026-05,2026-05-04T14:06:28+09:00,known,f454ac32feda8b5ec086c372,5ceb1e4a51a60688edea43ef,110846,https://m.dcinside.com/board/pokemoncardgame/110846,덱소스 구함,seller-fc71bbf011382da8f4ea7287,이승현,guest,로켓단의 프리져,로켓단의 프리져,로켓단의 프리져,,,unknown,미분류,1,1,10000,estimated,per_card,text,unknown,,active,needs_review,needs_review,"가격 단위 추정, 배송비 포함 여부 미확정",estimated,yes,candidate_estimated,로켓단의 프리져 1
68a722019182bd93f7d46580,pokemoncardgame,포켓몬 카드게임,2026-05,2026-05-04T14:06:28+09:00,known,f454ac32feda8b5ec086c372,68a722019182bd93f7d46580,110846,https://m.dcinside.com/board/pokemoncardgame/110846,덱소스 구함,seller-fc71bbf011382da8f4ea7287,이승현,guest,솔록,솔록,솔록,,,unknown,미분류,1,2,20000,estimated,per_card,text,unknown,,active,needs_review,needs_review,"가격 단위 추정, 배송비 포함 여부 미확정",estimated,yes,candidate_estimated,솔록 2
6d2e8e9143320401c4db88e4,pokemoncardgame,포켓몬 카드게임,2026-05,2026-05-04T14:06:28+09:00,known,f454ac32feda8b5ec086c372,6d2e8e9143320401c4db88e4,110846,https://m.dcinside.com/board/pokemoncardgame/110846,덱소스 구함,seller-fc71bbf011382da8f4ea7287,이승현,guest,로켓단의 아테나,로켓단의 아테나,로켓단의 아테나,,,unknown,미분류,1,3,30000,estimated,per_card,text,unknown,,active,needs_review,needs_review,"가격 단위 추정, 배송비 포함 여부 미확정",estimated,yes,candidate_estimated,로켓단의 아테나 3
720e6def13a3ca19a2e7f704,pokemoncardgame,포켓몬 카드게임,2026-05,2026-05-04T14:06:28+09:00,known,f454ac32feda8b5ec086c372,720e6def13a3ca19a2e7f704,110846,https://m.dcinside.com/board/pokemoncardgame/110846,덱소스 구함,seller-fc71bbf011382da8f4ea7287,이승현,guest,투희,투희,투희,,,unknown,미분류,1,1,10000,estimated,per_card,text,unknown,,active,needs_review,needs_review,"가격 단위 추정, 배송비 포함 여부 미확정",estimated,yes,candidate_estimated,투희 1
870e9732918960047e66a1eb,pokemoncardgame,포켓몬 카드게임,2026-05,2026-05-04T14:06:28+09:00,known,f454ac32feda8b5ec086c372,870e9732918960047e66a1eb,110846,https://m.dcinside.com/board/pokemoncardgame/110846,덱소스 구함,seller-fc71bbf011382da8f4ea7287,이승현,guest,로켓단의 비주기,로켓단의 비주기,로켓단의 비주기,,,unknown,미분류,1,3,30000,estimated,per_card,text,unknown,,active,needs_review,needs_review,"가격 단위 추정, 배송비 포함 여부 미확정",estimated,yes,candidate_estimated,로켓단의 비주기 3
8ec01ef6780ce306130bb07c,pokemoncardgame,포켓몬 카드게임,2026-05,2026-05-04T14:06:28+09:00,known,f454ac32feda8b5ec086c372,8ec01ef6780ce306130bb07c,110846,https://m.dcinside.com/board/pokemoncardgame/110846,덱소스 구함,seller-fc71bbf011382da8f4ea7287,이승현,guest,웅의 스카운트,웅의 스카운트,웅의 스카운트,,,unknown,미분류,1,2,20000,estimated,per_card,text,unknown,,active,needs_review,needs_review,"가격 단위 추정, 배송비 포함 여부 미확정",estimated,yes,candidate_estimated,웅의 스카운트 2
965a56c7ad44c0b95d702151,pokemoncardgame,포켓몬 카드게임,2026-05,2026-05-04T14:06:28+09:00,known,f454ac32feda8b5ec086c372,965a56c7ad44c0b95d702151,110846,https://m.dcinside.com/board/pokemoncardgame/110846,덱소스 구함,seller-fc71bbf011382da8f4ea7287,이승현,guest,왕콘치,왕콘치,왕콘치,,,unknown,미분류,1,1,10000,estimated,per_card,text,unknown,,active,needs_review,needs_review,"가격 단위 추정, 배송비 포함 여부 미확정",estimated,yes,candidate_estimated,왕콘치 1
a5917eda66c0f805f3611369,pokemoncardgame,포켓몬 카드게임,2026-05,2026-05-04T14:06:28+09:00,known,f454ac32feda8b5ec086c372,a5917eda66c0f805f3611369,110846,https://m.dcinside.com/board/pokemoncardgame/110846,덱소스 구함,seller-fc71bbf011382da8f4ea7287,이승현,guest,언페어 스탬프,언페어 스탬프,언페어 스탬프,,,unknown,미분류,1,1,10000,estimated,per_card,text,unknown,,active,needs_review,needs_review,"가격 단위 추정, 배송비 포함 여부 미확정",estimated,yes,candidate_estimated,언페어 스탬프 1
ae077215b74d52f7ff71e4cb,pokemoncardgame,포켓몬 카드게임,2026-05,2026-05-04T14:06:28+09:00,known,f454ac32feda8b5ec086c372,ae077215b74d52f7ff71e4cb,110846,https://m.dcinside.com/board/pokemoncardgame/110846,덱소스 구함,seller-fc71bbf011382da8f4ea7287,이승현,guest,프리즘에너지,프리즘에너지,프리즘에너지,,,unknown,미분류,1,4,40000,estimated,per_card,text,unknown,,active,needs_review,needs_review,"가격 단위 추정, 배송비 포함 여부 미확정",estimated,yes,candidate_estimated,프리즘에너지 4
c6acf82469e03e5e13145866,pokemoncardgame,포켓몬 카드게임,2026-05,2026-05-04T14:06:28+09:00,known,f454ac32feda8b5ec086c372,c6acf82469e03e5e13145866,110846,https://m.dcinside.com/board/pokemoncardgame/110846,덱소스 구함,seller-fc71bbf011382da8f4ea7287,이승현,guest,로켓단의 람다,로켓단의 람다,로켓단의 람다,,,unknown,미분류,1,1,10000,estimated,per_card,text,unknown,,active,needs_review,needs_review,"가격 단위 추정, 배송비 포함 여부 미확정",estimated,yes,candidate_estimated,로켓단의 람다 1
cbfe7cbb38bddcaaabd01d3d,pokemoncardgame,포켓몬 카드게임,2026-05,2026-05-04T14:06:28+09:00,known,f454ac32feda8b5ec086c372,cbfe7cbb38bddcaaabd01d3d,110846,https://m.dcinside.com/board/pokemoncardgame/110846,덱소스 구함,seller-fc71bbf011382da8f4ea7287,이승현,guest,태권왕의 수련,태권왕의 수련,태권왕의 수련,,,unknown,미분류,1,1,10000,estimated,per_card,text,unknown,,active,needs_review,needs_review,"가격 단위 추정, 배송비 포함 여부 미확정",estimated,yes,candidate_estimated,태권왕의 수련 1
cd3674f0caa7b5356d56666e,pokemoncardgame,포켓몬 카드게임,2026-05,2026-05-04T14:06:28+09:00,known,f454ac32feda8b5ec086c372,cd3674f0caa7b5356d56666e,110846,https://m.dcinside.com/board/pokemoncardgame/110846,덱소스 구함,seller-fc71bbf011382da8f4ea7287,이승현,guest,나옹 ex,나옹 ex,나옹 ex,,,unknown,미분류,1,1,10000,estimated,per_card,text,unknown,,active,needs_review,needs_review,"가격 단위 추정, 배송비 포함 여부 미확정",estimated,yes,candidate_estimated,나옹 ex 1
d1bc9f86e6dfac9d16c84b37,pokemoncardgame,포켓몬 카드게임,2026-05,2026-05-04T14:06:28+09:00,known,f454ac32feda8b5ec086c372,d1bc9f86e6dfac9d16c84b37,110846,https://m.dcinside.com/board/pokemoncardgame/110846,덱소스 구함,seller-fc71bbf011382da8f4ea7287,이승현,guest,카르본,카르본,80 카르본,,,unknown,미분류,1,1,10000,estimated,per_card,text,unknown,,active,needs_review,needs_review,"가격 단위 추정, 배송비 포함 여부 미확정",estimated,yes,candidate_estimated,80 카르본 1
e545dc4cf2320c01704a1933,pokemoncardgame,포켓몬 카드게임,2026-05,2026-05-04T14:06:28+09:00,known,f454ac32feda8b5ec086c372,e545dc4cf2320c01704a1933,110846,https://m.dcinside.com/board/pokemoncardgame/110846,덱소스 구함,seller-fc71bbf011382da8f4ea7287,이승현,guest,,,,,,unknown,미분류,1,3.5,35000,estimated,bundle,text,unknown,,active,needs_review,needs_review,"가격 단위 추정, 일괄·세트 가격, 배송비 포함 여부 미확정, 카드명 확인 필요, 묶음·세트 총액 · 개별 카드 가격 아님",estimated,no,no,일괄 3.5에 구함 가격조정 ㄱㄴ
e7bc35e342336c02b440e7e2,pokemoncardgame,포켓몬 카드게임,2026-05,2026-05-04T14:06:28+09:00,known,f454ac32feda8b5ec086c372,e7bc35e342336c02b440e7e2,110846,https://m.dcinside.com/board/pokemoncardgame/110846,덱소스 구함,seller-fc71bbf011382da8f4ea7287,이승현,guest,메가 루카리오 ex,메가 루카리오 ex,메가 루카리오 ex,,,unknown,미분류,1,1,10000,estimated,per_card,text,unknown,,active,needs_review,needs_review,"가격 단위 추정, 배송비 포함 여부 미확정",estimated,yes,candidate_estimated,메가 루카리오 ex 1
f7f3238c05b3669ee7e0574a,pokemoncardgame,포켓몬 카드게임,2026-05,2026-05-05T05:15:55+09:00,known,95b2869cd67332a306349e4c,f7f3238c05b3669ee7e0574a,111018,https://m.dcinside.com/board/pokemoncardgame/111018,덱소스 조금 사봄,seller-de799a714fdbaa854143c0f9,ㅇㅇ,guest,포켓패드 sr,포켓패드 sr,포켓패드 sr,,,unknown,미분류,1,4,40000,estimated,per_card,text,unknown,,active,needs_review,needs_review,"가격 단위 추정, 배송비 포함 여부 미확정",estimated,yes,candidate_estimated,포켓패드 sr 4
1a5dd7bacc1ce0b110c078bd,pokemoncardgame,포켓몬 카드게임,2026-05,2026-05-05T17:22:47+09:00,known,879663900c7cb72fda55a8a1,1a5dd7bacc1ce0b110c078bd,111089,https://m.dcinside.com/board/pokemoncardgame/111089,N조로 고레어 소스 구합니다,seller-0f3e7770cfc356e8dac69c7a,픽셀92,registered,일괄시,일괄시,일괄시,,,unknown,미분류,1,15,150000,estimated,bundle,text,unknown,,active,needs_review,needs_review,"가격 단위 추정, 일괄·세트 가격, 배송비 포함 여부 미확정, 묶음·세트 총액 · 개별 카드 가격 아님",estimated,no,no,일괄시 15에 구매합니다
3dece763da82538b3dae613e,pokemoncardgame,포켓몬 카드게임,2026-05,2026-05-05T17:22:47+09:00,known,879663900c7cb72fda55a8a1,3dece763da82538b3dae613e,111089,https://m.dcinside.com/board/pokemoncardgame/111089,N조로 고레어 소스 구합니다,seller-0f3e7770cfc356e8dac69c7a,픽셀92,registered,N의 달막화 불비달마 미러 씩,N의 달막화 불비달마 미러 씩,"N의 달막화, 불비달마 미러 씩 장당",,,unknown,미분류,2,0.15,1500,estimated,bundle,text,unknown,,active,needs_review,needs_review,"가격 단위 추정, 복수 카드 가격, 배송비 포함 여부 미확정, 묶음·세트 총액 · 개별 카드 가격 아님",estimated,no,no,"N의 달막화, 불비달마 미러 2장씩 장당 0.15"
93c3043c5acbf8d586e92d39,pokemoncardgame,포켓몬 카드게임,2026-05,2026-05-05T17:22:47+09:00,known,879663900c7cb72fda55a8a1,93c3043c5acbf8d586e92d39,111089,https://m.dcinside.com/board/pokemoncardgame/111089,N조로 고레어 소스 구합니다,seller-0f3e7770cfc356e8dac69c7a,픽셀92,registered,N의 조로아크 sar 메가드림,N의 조로아크 sar 메가드림,N의 조로아크 sar(메가드림) 장당,,,unknown,미분류,4,3.5,35000,estimated,per_card,text,unknown,,active,needs_review,needs_review,"가격 단위 추정, 배송비 포함 여부 미확정",estimated,yes,candidate_estimated,N의 조로아크 sar(메가드림) 4장 장당 3.5
8bfa23475894339c1a3f2984,pokemoncardgame,포켓몬 카드게임,2026-05,2026-05-05T18:53:52+09:00,known,47ed0cfb5617097767f454b9,8bfa23475894339c1a3f2984,111108,https://m.dcinside.com/board/pokemoncardgame/111108,뉴비 역삼 발기토 예약 성공했는데 질문 좀+카드 급?구,seller-51447db26eeb90b0124d315b,포갤러,registered,목요일에 역삼직으로 맥시멈벨트 하이퍼볼 암호마니아의 해독,목요일에 역삼직으로 맥시멈벨트 하이퍼볼 암호마니아의 해독,"목요일에 역삼직으로 맥시멈벨트 ,하이퍼볼 , 암호마니아의 해독",,,unknown,미분류,1,0.2,2000,estimated,bundle,text,unknown,,reserved,context_only,needs_review,"가격 단위 추정, 일괄·세트 가격, 복수 카드 가격, 배송비 포함 여부 미확정, 예약·홀딩 글 · 현재 매물 제외, 묶음·세트 총액 · 개별 카드 가격 아님",estimated,no,no,"목요일에 역삼직으로 맥시멈벨트 1장,하이퍼볼 4장, 암호마니아의 해독 1장 일괄 0.2에 구해봅니다(계좌가 없어서 현금거래로만 가능한 거 양해 부탁드립니다)"
939cb050c6c45a78770b334d,pokemoncardgame,포켓몬 카드게임,2026-05,2026-05-06T01:12:49+09:00,known,b7b3d70059925e2d00b05d5c,939cb050c6c45a78770b334d,111177,https://m.dcinside.com/board/pokemoncardgame/111177,로켓단 레어카드 사본다,seller-afef59e21886cf1c3b43647d,나르자,registered,아테나 SR .5 SAR,아테나 SR .5 SAR,아테나 SR .5 SAR,,,unknown,미분류,1,1,10000,estimated,per_card,text,unknown,,active,needs_review,needs_review,"가격 단위 추정, 배송비 포함 여부 미확정",estimated,yes,candidate_estimated,아테나 SR .5 SAR 1
0827acf6333f300a045c2351,pokemoncardgame,포켓몬 카드게임,2026-05,2026-05-06T11:19:55+09:00,known,90738c02e3e5527577fa1f01,0827acf6333f300a045c2351,111204,https://m.dcinside.com/board/pokemoncardgame/111204,메가이상해꽃 덱 덱소스 구해봅니다!,seller-b214df28f01373c5e6985431,파란하와이,registered,보스의지령,보스의지령,보스의지령,,,unknown,미분류,1,2,20000,estimated,per_card,text,unknown,,active,needs_review,needs_review,"가격 단위 추정, 배송비 포함 여부 미확정",estimated,yes,candidate_estimated,보스의지령 2
29d002a52d53a1eb07d745b7,pokemoncardgame,포켓몬 카드게임,2026-05,2026-05-06T11:19:55+09:00,known,90738c02e3e5527577fa1f01,29d002a52d53a1eb07d745b7,111204,https://m.dcinside.com/board/pokemoncardgame/111204,메가이상해꽃 덱 덱소스 구해봅니다!,seller-b214df28f01373c5e6985431,파란하와이,registered,메가니움,메가니움,메가니움,,,unknown,미분류,1,2,20000,estimated,per_card,text,unknown,,active,needs_review,needs_review,"가격 단위 추정, 배송비 포함 여부 미확정",estimated,yes,candidate_estimated,메가니움 2
4eca72b2ce41b2e6aeaeee58,pokemoncardgame,포켓몬 카드게임,2026-05,2026-05-06T11:19:55+09:00,known,90738c02e3e5527577fa1f01,4eca72b2ce41b2e6aeaeee58,111204,https://m.dcinside.com/board/pokemoncardgame/111204,메가이상해꽃 덱 덱소스 구해봅니다!,seller-b214df28f01373c5e6985431,파란하와이,registered,활력의 숲,활력의 숲,활력의 숲,,,unknown,미분류,1,2,20000,estimated,per_card,text,unknown,,active,needs_review,needs_review,"가격 단위 추정, 배송비 포함 여부 미확정",estimated,yes,candidate_estimated,활력의 숲 2
5fc832d06f414a1e011c4d6e,pokemoncardgame,포켓몬 카드게임,2026-05,2026-05-06T11:19:55+09:00,known,90738c02e3e5527577fa1f01,5fc832d06f414a1e011c4d6e,111204,https://m.dcinside.com/board/pokemoncardgame/111204,메가이상해꽃 덱 덱소스 구해봅니다!,seller-b214df28f01373c5e6985431,파란하와이,registered,다해서,다해서,다해서,,,unknown,미분류,1,1.2,12000,estimated,per_card,text,unknown,,active,needs_review,needs_review,배송비 포함 여부 미확정,estimated,yes,candidate_estimated,다해서 1.2만원에 구해봅니다!
64dfe64665f1c91ff801b2fa,pokemoncardgame,포켓몬 카드게임,2026-05,2026-05-06T11:19:55+09:00,known,90738c02e3e5527577fa1f01,64dfe64665f1c91ff801b2fa,111204,https://m.dcinside.com/board/pokemoncardgame/111204,메가이상해꽃 덱 덱소스 구해봅니다!,seller-b214df28f01373c5e6985431,파란하와이,registered,나옹 ex,나옹 ex,나옹 ex,,,unknown,미분류,1,1,10000,estimated,per_card,text,unknown,,active,needs_review,needs_review,"가격 단위 추정, 배송비 포함 여부 미확정",estimated,yes,candidate_estimated,나옹 ex 1
6c6bc45f1333d18206894666,pokemoncardgame,포켓몬 카드게임,2026-05,2026-05-06T11:19:55+09:00,known,90738c02e3e5527577fa1f01,6c6bc45f1333d18206894666,111204,https://m.dcinside.com/board/pokemoncardgame/111204,메가이상해꽃 덱 덱소스 구해봅니다!,seller-b214df28f01373c5e6985431,파란하와이,registered,곤충채집세트,곤충채집세트,곤충채집세트,,,unknown,미분류,1,1,10000,estimated,bundle,text,unknown,,active,needs_review,needs_review,"가격 단위 추정, 일괄·세트 가격, 배송비 포함 여부 미확정, 묶음·세트 총액 · 개별 카드 가격 아님",estimated,no,no,곤충채집세트 1
713000d82c2a8aa01987955d,pokemoncardgame,포켓몬 카드게임,2026-05,2026-05-06T11:19:55+09:00,known,90738c02e3e5527577fa1f01,713000d82c2a8aa01987955d,111204,https://m.dcinside.com/board/pokemoncardgame/111204,메가이상해꽃 덱 덱소스 구해봅니다!,seller-b214df28f01373c5e6985431,파란하와이,registered,메가이상해꽃 ex,메가이상해꽃 ex,메가이상해꽃 ex,,,unknown,미분류,1,1,10000,estimated,per_card,text,unknown,,active,needs_review,needs_review,"가격 단위 추정, 배송비 포함 여부 미확정",estimated,yes,candidate_estimated,메가이상해꽃 ex 1
793addb996358fba88537169,pokemoncardgame,포켓몬 카드게임,2026-05,2026-05-06T11:19:55+09:00,known,90738c02e3e5527577fa1f01,793addb996358fba88537169,111204,https://m.dcinside.com/board/pokemoncardgame/111204,메가이상해꽃 덱 덱소스 구해봅니다!,seller-b214df28f01373c5e6985431,파란하와이,registered,오거폰 벽록의가면 ex 테라스탈,오거폰 벽록의가면 ex 테라스탈,오거폰 벽록의가면 ex 테라스탈,,,unknown,미분류,1,3,30000,estimated,per_card,text,unknown,,active,needs_review,needs_review,"가격 단위 추정, 배송비 포함 여부 미확정",estimated,yes,candidate_estimated,오거폰 벽록의가면 ex 테라스탈 3
8fce69204ada090a989fba4f,pokemoncardgame,포켓몬 카드게임,2026-05,2026-05-06T11:19:55+09:00,known,90738c02e3e5527577fa1f01,8fce69204ada090a989fba4f,111204,https://m.dcinside.com/board/pokemoncardgame/111204,메가이상해꽃 덱 덱소스 구해봅니다!,seller-b214df28f01373c5e6985431,파란하와이,registered,수련의 신세,수련의 신세,수련의 신세,,,unknown,미분류,1,1,10000,estimated,per_card,text,unknown,,active,needs_review,needs_review,"가격 단위 추정, 배송비 포함 여부 미확정",estimated,yes,candidate_estimated,수련의 신세 1
a508b92f763b4b2067435b78,pokemoncardgame,포켓몬 카드게임,2026-05,2026-05-06T11:19:55+09:00,known,90738c02e3e5527577fa1f01,a508b92f763b4b2067435b78,111204,https://m.dcinside.com/board/pokemoncardgame/111204,메가이상해꽃 덱 덱소스 구해봅니다!,seller-b214df28f01373c5e6985431,파란하와이,registered,빛나,빛나,빛나,,,unknown,미분류,1,1,10000,estimated,per_card,text,unknown,,active,needs_review,needs_review,"가격 단위 추정, 배송비 포함 여부 미확정",estimated,yes,candidate_estimated,빛나 1
e2804070e7177dcbc0fdb2ab,pokemoncardgame,포켓몬 카드게임,2026-05,2026-05-06T11:19:55+09:00,known,90738c02e3e5527577fa1f01,e2804070e7177dcbc0fdb2ab,111204,https://m.dcinside.com/board/pokemoncardgame/111204,메가이상해꽃 덱 덱소스 구해봅니다!,seller-b214df28f01373c5e6985431,파란하와이,registered,저지맨,저지맨,저지맨,,,unknown,미분류,1,2,20000,estimated,per_card,text,unknown,,active,needs_review,needs_review,"가격 단위 추정, 배송비 포함 여부 미확정",estimated,yes,candidate_estimated,저지맨 2
ee0f48bebada98366beb7bea,pokemoncardgame,포켓몬 카드게임,2026-05,2026-05-06T11:19:55+09:00,known,90738c02e3e5527577fa1f01,ee0f48bebada98366beb7bea,111204,https://m.dcinside.com/board/pokemoncardgame/111204,메가이상해꽃 덱 덱소스 구해봅니다!,seller-b214df28f01373c5e6985431,파란하와이,registered,하이퍼볼,하이퍼볼,하이퍼볼,,,unknown,미분류,1,2,20000,estimated,per_card,text,unknown,,active,needs_review,needs_review,"가격 단위 추정, 배송비 포함 여부 미확정",estimated,yes,candidate_estimated,하이퍼볼 2
1ed9b2e3148201b2421cdd81,pokemoncardgame,포켓몬 카드게임,2026-05,2026-05-06T13:23:35+09:00,known,f3e8bc5f27e66ef5dc0c83d1,1ed9b2e3148201b2421cdd81,111221,https://m.dcinside.com/board/pokemoncardgame/111221,난한카 고레어 소스 ㅅㅅ,seller-ec1eafa36a451f33761cf572,잘하자,registered,난천의 로즈레이드 볼 미러,난천의 로즈레이드 볼 미러,난천의 로즈레이드 볼 미러,,,unknown,미분류,3,0.5,5000,estimated,bundle,text,included,2000,active,needs_review,needs_review,"가격 단위 추정, 일괄·세트 가격, 묶음·세트 총액 · 개별 카드 가격 아님",estimated,no,no,난천의 로즈레이드 볼 미러 3장 일괄 0.5
29bd97d5b06d67b3cd1f2a7d,pokemoncardgame,포켓몬 카드게임,2026-05,2026-05-06T13:23:35+09:00,known,f3e8bc5f27e66ef5dc0c83d1,29bd97d5b06d67b3cd1f2a7d,111221,https://m.dcinside.com/board/pokemoncardgame/111221,난한카 고레어 소스 ㅅㅅ,seller-ec1eafa36a451f33761cf572,잘하자,registered,포켓 패드 sr,포켓 패드 sr,포켓 패드 sr,,,unknown,미분류,1,0.4,4000,estimated,per_card,text,included,2000,active,needs_review,needs_review,가격 단위 추정,estimated,yes,candidate_estimated,포켓 패드 sr 1장 0.4
3ee0ebc392e5541995550f2f,pokemoncardgame,포켓몬 카드게임,2026-05,2026-05-06T13:23:35+09:00,known,f3e8bc5f27e66ef5dc0c83d1,3ee0ebc392e5541995550f2f,111221,https://m.dcinside.com/board/pokemoncardgame/111221,난한카 고레어 소스 ㅅㅅ,seller-ec1eafa36a451f33761cf572,잘하자,registered,청목의 수완 sr,청목의 수완 sr,청목의 수완 sr,,,unknown,미분류,1,0.3,3000,estimated,per_card,text,included,2000,active,needs_review,needs_review,가격 단위 추정,estimated,yes,candidate_estimated,청목의 수완 sr 1장 0.3
63730a1b758e0f4eed864b90,pokemoncardgame,포켓몬 카드게임,2026-05,2026-05-06T13:23:35+09:00,known,f3e8bc5f27e66ef5dc0c83d1,63730a1b758e0f4eed864b90,111221,https://m.dcinside.com/board/pokemoncardgame/111221,난한카 고레어 소스 ㅅㅅ,seller-ec1eafa36a451f33761cf572,잘하자,registered,난천의 딥상어동 볼 미러,난천의 딥상어동 볼 미러,난천의 딥상어동 볼 미러,,,unknown,미분류,4,0.5,5000,estimated,bundle,text,included,2000,active,needs_review,needs_review,"가격 단위 추정, 일괄·세트 가격, 묶음·세트 총액 · 개별 카드 가격 아님",estimated,no,no,난천의 딥상어동 볼 미러 4장 일괄 0.5
6b681b77a2b81fb552345610,pokemoncardgame,포켓몬 카드게임,2026-05,2026-05-06T13:23:35+09:00,known,f3e8bc5f27e66ef5dc0c83d1,6b681b77a2b81fb552345610,111221,https://m.dcinside.com/board/pokemoncardgame/111221,난한카 고레어 소스 ㅅㅅ,seller-ec1eafa36a451f33761cf572,잘하자,registered,난천의 한바이트 볼 미러,난천의 한바이트 볼 미러,난천의 한바이트 볼 미러,,,unknown,미분류,4,0.5,5000,estimated,bundle,text,included,2000,active,needs_review,needs_review,"가격 단위 추정, 일괄·세트 가격, 묶음·세트 총액 · 개별 카드 가격 아님",estimated,no,no,난천의 한바이트 볼 미러 4장 일괄 0.5
ae4ac4ace97080773ec21360,pokemoncardgame,포켓몬 카드게임,2026-05,2026-05-06T13:23:35+09:00,known,f3e8bc5f27e66ef5dc0c83d1,ae4ac4ace97080773ec21360,111221,https://m.dcinside.com/board/pokemoncardgame/111221,난한카 고레어 소스 ㅅㅅ,seller-ec1eafa36a451f33761cf572,잘하자,registered,시 반,시 반,시 반택포,,,unknown,미분류,1,4,40000,estimated,bundle,text,included,2000,active,needs_review,needs_review,"일괄·세트 가격, 묶음·세트 총액 · 개별 카드 가격 아님",estimated,no,no,전체 일괄 시 반택포 4만에 구매합니다
ee89fd28633fdfa697e27971,pokemoncardgame,포켓몬 카드게임,2026-05,2026-05-06T13:23:35+09:00,known,f3e8bc5f27e66ef5dc0c83d1,ee89fd28633fdfa697e27971,111221,https://m.dcinside.com/board/pokemoncardgame/111221,난한카 고레어 소스 ㅅㅅ,seller-ec1eafa36a451f33761cf572,잘하자,registered,난천의 한카리아스 ex sr,난천의 한카리아스 ex sr,난천의 한카리아스 ex sr,,,unknown,미분류,3,1.5,15000,estimated,bundle,text,included,2000,active,needs_review,needs_review,"가격 단위 추정, 일괄·세트 가격, 묶음·세트 총액 · 개별 카드 가격 아님",estimated,no,no,난천의 한카리아스 ex sr 3장 일괄 1.5
f3e54b1a003aae202a6e7542,pokemoncardgame,포켓몬 카드게임,2026-05,2026-05-06T13:23:35+09:00,known,f3e8bc5f27e66ef5dc0c83d1,f3e54b1a003aae202a6e7542,111221,https://m.dcinside.com/board/pokemoncardgame/111221,난한카 고레어 소스 ㅅㅅ,seller-ec1eafa36a451f33761cf572,잘하자,registered,개별은 반택비,개별은 반택비,개별은 반택비,,,unknown,미분류,1,0.2,2000,estimated,per_card,text,included,2000,active,needs_review,needs_review,가격 단위 추정,estimated,yes,candidate_estimated,개별은 반택비 0.2 별도
209beaa2a12d6309b2e1642b,pokemoncardgame,포켓몬 카드게임,2026-05,2026-05-06T17:17:58+09:00,known,e681c34c9900bb6411b44b5e,209beaa2a12d6309b2e1642b,111271,https://m.dcinside.com/board/pokemoncardgame/111271,로켓단 일반 덱소스 삽니당,seller-9a4b9b23ef266b271304ad73,불공평한도장,guest,로켓단의 뮤츠 ex 메가드림 RR,로켓단의 뮤츠 ex 메가드림 RR,로켓단의 뮤츠 ex (메가드림) RR,,,unknown,미분류,2,0.3,3000,estimated,bundle,text,unknown,,active,needs_review,needs_review,"가격 단위 추정, 일괄·세트 가격, 배송비 포함 여부 미확정, 묶음·세트 총액 · 개별 카드 가격 아님",estimated,no,no,로켓단의 뮤츠 ex (메가드림) RR 2장 : 일괄 0.3
6ddab3c984955d8f59c85fb4,pokemoncardgame,포켓몬 카드게임,2026-05,2026-05-06T17:17:58+09:00,known,e681c34c9900bb6411b44b5e,6ddab3c984955d8f59c85fb4,111271,https://m.dcinside.com/board/pokemoncardgame/111271,로켓단 일반 덱소스 삽니당,seller-9a4b9b23ef266b271304ad73,불공평한도장,guest,로켓단의 따라큐 메가드림 일반카드,로켓단의 따라큐 메가드림 일반카드,로켓단의 따라큐(메가드림) 일반카드,,,unknown,미분류,1,0.02,200,estimated,per_card,text,unknown,,active,needs_review,needs_review,"가격 단위 추정, 배송비 포함 여부 미확정",estimated,yes,candidate_estimated,로켓단의 따라큐(메가드림) 일반카드 1장 : 0.02
8e2e70dd9fd05bba77834089,pokemoncardgame,포켓몬 카드게임,2026-05,2026-05-06T17:17:58+09:00,known,e681c34c9900bb6411b44b5e,8e2e70dd9fd05bba77834089,111271,https://m.dcinside.com/board/pokemoncardgame/111271,로켓단 일반 덱소스 삽니당,seller-9a4b9b23ef266b271304ad73,불공평한도장,guest,로켓단의 타랜툴라 메가드림 일반카드,로켓단의 타랜툴라 메가드림 일반카드,로켓단의 타랜툴라 (메가드림) 일반카드,,,unknown,미분류,3,0.06,600,estimated,bundle,text,unknown,,active,needs_review,needs_review,"가격 단위 추정, 일괄·세트 가격, 배송비 포함 여부 미확정, 묶음·세트 총액 · 개별 카드 가격 아님",estimated,no,no,로켓단의 타랜툴라 (메가드림) 일반카드 3장 : 일괄 0.06
b0b46ff337b5e12c124eb369,pokemoncardgame,포켓몬 카드게임,2026-05,2026-05-06T17:17:58+09:00,known,e681c34c9900bb6411b44b5e,b0b46ff337b5e12c124eb369,111271,https://m.dcinside.com/board/pokemoncardgame/111271,로켓단 일반 덱소스 삽니당,seller-9a4b9b23ef266b271304ad73,불공평한도장,guest,로켓단의 프리져 메가드림 R,로켓단의 프리져 메가드림 R,로켓단의 프리져(메가드림) R,,,unknown,미분류,1,0.04,400,estimated,per_card,text,unknown,,active,needs_review,needs_review,"가격 단위 추정, 배송비 포함 여부 미확정",estimated,yes,candidate_estimated,로켓단의 프리져(메가드림) R 1장 : 0.04
be31de4b99e6b0102d1413ac,pokemoncardgame,포켓몬 카드게임,2026-05,2026-05-06T17:17:58+09:00,known,e681c34c9900bb6411b44b5e,be31de4b99e6b0102d1413ac,111271,https://m.dcinside.com/board/pokemoncardgame/111271,로켓단 일반 덱소스 삽니당,seller-9a4b9b23ef266b271304ad73,불공평한도장,guest,,,,,,unknown,미분류,1,0.6,6000,estimated,bundle,text,unknown,,active,needs_review,needs_review,"가격 단위 추정, 일괄·세트 가격, 배송비 포함 여부 미확정, 카드명 확인 필요, 묶음·세트 총액 · 개별 카드 가격 아님",estimated,no,no,일괄 0.6에 구매합니다!
c7a2dbc3abc45c42c3cb040c,pokemoncardgame,포켓몬 카드게임,2026-05,2026-05-06T17:17:58+09:00,known,e681c34c9900bb6411b44b5e,c7a2dbc3abc45c42c3cb040c,111271,https://m.dcinside.com/board/pokemoncardgame/111271,로켓단 일반 덱소스 삽니당,seller-9a4b9b23ef266b271304ad73,불공평한도장,guest,로켓단의 마자용 버전 무관,로켓단의 마자용 버전 무관,로켓단의 마자용 (버전 무관),,,unknown,미분류,1,0.05,500,estimated,per_card,text,unknown,,active,needs_review,needs_review,"가격 단위 추정, 배송비 포함 여부 미확정",estimated,yes,candidate_estimated,로켓단의 마자용 (버전 무관) 1장 : 0.05
ce7ee15f4bfc89c2fe5b853d,pokemoncardgame,포켓몬 카드게임,2026-05,2026-05-06T17:17:58+09:00,known,e681c34c9900bb6411b44b5e,ce7ee15f4bfc89c2fe5b853d,111271,https://m.dcinside.com/board/pokemoncardgame/111271,로켓단 일반 덱소스 삽니당,seller-9a4b9b23ef266b271304ad73,불공평한도장,guest,로켓단의 트래피더 메가드림 R,로켓단의 트래피더 메가드림 R,로켓단의 트래피더 (메가드림) R,,,unknown,미분류,2,0.1,1000,estimated,bundle,text,unknown,,active,needs_review,needs_review,"가격 단위 추정, 일괄·세트 가격, 배송비 포함 여부 미확정, 묶음·세트 총액 · 개별 카드 가격 아님",estimated,no,no,로켓단의 트래피더 (메가드림) R 2장 : 일괄 0.1
056f6aef69f9a75c7165924f,pokemoncardgame,포켓몬 카드게임,2026-05,2026-05-06T17:22:43+09:00,known,8cc48bac8d61012c0435dea7,056f6aef69f9a75c7165924f,111272,https://m.dcinside.com/board/pokemoncardgame/111272,고레어 팝니다,seller-f891822dd3c60aac43394029,슨와,guest,스레카sr,스레카sr,스레카sr,,,unknown,미분류,3,4.5,45000,estimated,bundle,text,unknown,,completed,context_only,needs_review,"가격 단위 추정, 일괄·세트 가격, 배송비 포함 여부 미확정, 거래 완료 글 · 현재 매물 제외, 묶음·세트 총액 · 개별 카드 가격 아님",estimated,no,no,스레카sr 3장일괄 4.5
060a6783d2dbe70aa0aea142,pokemoncardgame,포켓몬 카드게임,2026-05,2026-05-06T17:22:43+09:00,known,8cc48bac8d61012c0435dea7,060a6783d2dbe70aa0aea142,111272,https://m.dcinside.com/board/pokemoncardgame/111272,고레어 팝니다,seller-f891822dd3c60aac43394029,슨와,guest,전기에네 ur sv1v,전기에네 ur sv1v,전기에네 ur(sv1v),,,unknown,미분류,1,1,10000,estimated,per_card,text,unknown,,completed,context_only,needs_review,"가격 단위 추정, 배송비 포함 여부 미확정, 거래 완료 글 · 현재 매물 제외",estimated,no,no,전기에네 ur(sv1v) 1
06944decb0e712ca2de453ec,pokemoncardgame,포켓몬 카드게임,2026-05,2026-05-06T17:22:43+09:00,known,8cc48bac8d61012c0435dea7,06944decb0e712ca2de453ec,111272,https://m.dcinside.com/board/pokemoncardgame/111272,고레어 팝니다,seller-f891822dd3c60aac43394029,슨와,guest,릴결 sr,릴결 sr,릴결 sr,,,unknown,미분류,2,4,40000,estimated,bundle,text,unknown,,completed,context_only,needs_review,"가격 단위 추정, 일괄·세트 가격, 배송비 포함 여부 미확정, 거래 완료 글 · 현재 매물 제외, 묶음·세트 총액 · 개별 카드 가격 아님",estimated,no,no,릴결 sr 2장일괄 4
1530f0b99b3859b89870b027,pokemoncardgame,포켓몬 카드게임,2026-05,2026-05-06T17:22:43+09:00,known,8cc48bac8d61012c0435dea7,1530f0b99b3859b89870b027,111272,https://m.dcinside.com/board/pokemoncardgame/111272,고레어 팝니다,seller-f891822dd3c60aac43394029,슨와,guest,loadScript ' t,loadScript ' t,loadScript('//t,,,unknown,미분류,1,1,10000,estimated,bundle,text,unknown,,completed,context_only,needs_review,"가격 단위 추정, 복수 카드 가격, 배송비 포함 여부 미확정, 거래 완료 글 · 현재 매물 제외, 묶음·세트 총액 · 개별 카드 가격 아님",estimated,no,no,"loadScript('//t1.kakaocdn.net/kas/static/ba.min.js', true);"
161e3dccd5cd84c0aad9f928,pokemoncardgame,포켓몬 카드게임,2026-05,2026-05-06T17:22:43+09:00,known,8cc48bac8d61012c0435dea7,161e3dccd5cd84c0aad9f928,111272,https://m.dcinside.com/board/pokemoncardgame/111272,고레어 팝니다,seller-f891822dd3c60aac43394029,슨와,guest,DOM 삽입 헬퍼 현재 스크립트 위치 기준,DOM 삽입 헬퍼 현재 스크립트 위치 기준,// ---- DOM 삽입 헬퍼 (현재 스크립트 위치 기준,,,unknown,미분류,1,1,10000,estimated,bundle,text,unknown,,completed,context_only,needs_review,"가격 단위 추정, 복수 카드 가격, 배송비 포함 여부 미확정, 거래 완료 글 · 현재 매물 제외, 묶음·세트 총액 · 개별 카드 가격 아님",estimated,no,no,// ---- DOM 삽입 헬퍼 (현재 스크립트 위치 기준1)
1a0306214aa519d5e58a8b55,pokemoncardgame,포켓몬 카드게임,2026-05,2026-05-06T17:22:43+09:00,known,8cc48bac8d61012c0435dea7,1a0306214aa519d5e58a8b55,111272,https://m.dcinside.com/board/pokemoncardgame/111272,고레어 팝니다,seller-f891822dd3c60aac43394029,슨와,guest,나옹sar sr 일괄시,나옹sar sr 일괄시,나옹sar 3.5 sr 1 일괄시,,,unknown,미분류,1,4,40000,estimated,bundle,text,unknown,,completed,context_only,needs_review,"가격 단위 추정, 일괄·세트 가격, 배송비 포함 여부 미확정, 거래 완료 글 · 현재 매물 제외, 묶음·세트 총액 · 개별 카드 가격 아님",estimated,no,no,나옹sar 3.5 sr 1 일괄시 4
22bc5c138b6a7b9ec15bc6a8,pokemoncardgame,포켓몬 카드게임,2026-05,2026-05-06T17:22:43+09:00,known,8cc48bac8d61012c0435dea7,22bc5c138b6a7b9ec15bc6a8,111272,https://m.dcinside.com/board/pokemoncardgame/111272,고레어 팝니다,seller-f891822dd3c60aac43394029,슨와,guest,var safe = window.dcAd && window.dcAd.safe ==,var safe = window.dcAd && window.dcAd.safe ==,var safe = (window.dcAd && window.dcAd.safe ==,,,unknown,미분류,1,1,10000,estimated,bundle,text,unknown,,completed,context_only,needs_review,"가격 단위 추정, 복수 카드 가격, 배송비 포함 여부 미확정, 거래 완료 글 · 현재 매물 제외, 묶음·세트 총액 · 개별 카드 가격 아님",estimated,no,no,var safe = (window.dcAd && window.dcAd.safe == 1)
4c576e5bce586bde16c52b92,pokemoncardgame,포켓몬 카드게임,2026-05,2026-05-06T17:22:43+09:00,known,8cc48bac8d61012c0435dea7,4c576e5bce586bde16c52b92,111272,https://m.dcinside.com/board/pokemoncardgame/111272,고레어 팝니다,seller-f891822dd3c60aac43394029,슨와,guest,기로치sar,기로치sar,기로치sar,,,unknown,미분류,1,1.5,15000,estimated,per_card,text,unknown,,completed,context_only,needs_review,"가격 단위 추정, 배송비 포함 여부 미확정, 거래 완료 글 · 현재 매물 제외",estimated,no,no,기로치sar 1.5
66f255a442aab58c75a607d4,pokemoncardgame,포켓몬 카드게임,2026-05,2026-05-06T17:22:43+09:00,known,8cc48bac8d61012c0435dea7,66f255a442aab58c75a607d4,111272,https://m.dcinside.com/board/pokemoncardgame/111272,고레어 팝니다,seller-f891822dd3c60aac43394029,슨와,guest,메쿠스타sar,메쿠스타sar,메쿠스타sar,,,unknown,미분류,1,1,10000,estimated,per_card,text,unknown,,completed,context_only,needs_review,"가격 단위 추정, 배송비 포함 여부 미확정, 거래 완료 글 · 현재 매물 제외",estimated,no,no,메쿠스타sar 1
721e7ad6216fbd50845d4910,pokemoncardgame,포켓몬 카드게임,2026-05,2026-05-06T17:22:43+09:00,known,8cc48bac8d61012c0435dea7,721e7ad6216fbd50845d4910,111272,https://m.dcinside.com/board/pokemoncardgame/111272,고레어 팝니다,seller-f891822dd3c60aac43394029,슨와,guest,닌자스피너 개닌세트 개구마르 개굴반장 개닌 한장씩,닌자스피너 개닌세트 개구마르 개굴반장 개닌 한장씩,닌자스피너 개닌세트 개구마르 0.1 개굴반장 0.1 개닌 0.2 한장씩,,,unknown,미분류,1,0.35,3500,estimated,bundle,text,unknown,,completed,context_only,needs_review,"가격 단위 추정, 일괄·세트 가격, 배송비 포함 여부 미확정, 거래 완료 글 · 현재 매물 제외, 묶음·세트 총액 · 개별 카드 가격 아님",estimated,no,no,닌자스피너 개닌세트 개구마르 0.1 개굴반장 0.1 개닌 0.2 한장씩 세트 0.35
943afeb1ff2e9dbc3fa9fa44,pokemoncardgame,포켓몬 카드게임,2026-05,2026-05-06T17:22:43+09:00,known,8cc48bac8d61012c0435dea7,943afeb1ff2e9dbc3fa9fa44,111272,https://m.dcinside.com/board/pokemoncardgame/111272,고레어 팝니다,seller-f891822dd3c60aac43394029,슨와,guest,하이퍼볼 s9 ur,하이퍼볼 s9 ur,하이퍼볼 s9 ur,,,unknown,미분류,1,1.5,15000,estimated,per_card,text,unknown,,completed,context_only,needs_review,"가격 단위 추정, 배송비 포함 여부 미확정, 거래 완료 글 · 현재 매물 제외",estimated,no,no,하이퍼볼 s9 ur 1.5
b4ddcf3e160ebceb896a0e0d,pokemoncardgame,포켓몬 카드게임,2026-05,2026-05-06T17:22:43+09:00,known,8cc48bac8d61012c0435dea7,b4ddcf3e160ebceb896a0e0d,111272,https://m.dcinside.com/board/pokemoncardgame/111272,고레어 팝니다,seller-f891822dd3c60aac43394029,슨와,guest,메캥sar,메캥sar,메캥sar,,,unknown,미분류,1,1.5,15000,estimated,per_card,text,unknown,,completed,context_only,needs_review,"가격 단위 추정, 배송비 포함 여부 미확정, 거래 완료 글 · 현재 매물 제외",estimated,no,no,메캥sar 1.5
d5df8652dcb8b9f58dc079a0,pokemoncardgame,포켓몬 카드게임,2026-05,2026-05-06T17:22:43+09:00,known,8cc48bac8d61012c0435dea7,d5df8652dcb8b9f58dc079a0,111272,https://m.dcinside.com/board/pokemoncardgame/111272,고레어 팝니다,seller-f891822dd3c60aac43394029,슨와,guest,loadScript 'https pagead,loadScript 'https pagead,loadScript('https://pagead,,,unknown,미분류,1,2,20000,estimated,bundle,text,unknown,,completed,context_only,needs_review,"가격 단위 추정, 복수 카드 가격, 배송비 포함 여부 미확정, 거래 완료 글 · 현재 매물 제외, 묶음·세트 총액 · 개별 카드 가격 아님",estimated,no,no,"loadScript('https://pagead2.googlesyndication.com/pagead/js/adsbygoogle_direct.js?client=ca-pub-8171468792791627', true, 'anonymous');"
e4256686fbbd1f6798f3154a,pokemoncardgame,포켓몬 카드게임,2026-05,2026-05-06T17:22:43+09:00,known,8cc48bac8d61012c0435dea7,e4256686fbbd1f6798f3154a,111272,https://m.dcinside.com/board/pokemoncardgame/111272,고레어 팝니다,seller-f891822dd3c60aac43394029,슨와,guest,시아노sr,시아노sr,시아노sr 0.6,,,unknown,미분류,2,1,10000,estimated,bundle,text,unknown,,completed,context_only,needs_review,"가격 단위 추정, 일괄·세트 가격, 배송비 포함 여부 미확정, 거래 완료 글 · 현재 매물 제외, 묶음·세트 총액 · 개별 카드 가격 아님",estimated,no,no,시아노sr 0.6 2장일괄 1
961996211dfd4dd82a900421,pokemoncardgame,포켓몬 카드게임,2026-05,2026-05-06T22:08:59+09:00,known,13e0ca7aa439b3919e36b393,961996211dfd4dd82a900421,111316,https://m.dcinside.com/board/pokemoncardgame/111316,조로아크덱 팔아요~ 판완,seller-27b84064cbb0239f559c467f,햇사레사과,registered,슬리브 X,슬리브 X,"슬리브(X),",,,unknown,미분류,1,3.0,30000,estimated,bundle,text,unknown,,active,needs_review,needs_review,"가격 단위 추정, 복수 카드 가격, 배송비 포함 여부 미확정, 묶음·세트 총액 · 개별 카드 가격 아님",estimated,no,no,"슬리브(X), 3.0에 팔아요~"
7162b412f2d5b67e6872b21c,pokemoncardgame,포켓몬 카드게임,2026-05,2026-05-06T23:20:21+09:00,known,1efc60541591f1ae60d809f0,7162b412f2d5b67e6872b21c,111340,https://m.dcinside.com/board/pokemoncardgame/111340,메가디안시 완덱 구합니다(완),seller-fc9120fc03faff0e832cfd5f,SRT섬광방패..,registered,위 덱리에서 X쳐놓은 캐처랑 사탕 빼고,위 덱리에서 X쳐놓은 캐처랑 사탕 빼고,위 덱리에서 X쳐놓은 캐처랑 사탕 빼고,,,unknown,미분류,1,3.5,35000,estimated,bundle,text,included,2000,active,needs_review,needs_review,"가격 단위 추정, 묶음·세트 총액 · 개별 카드 가격 아님",estimated,no,no,위 덱리에서 X쳐놓은 캐처랑 사탕 빼고 택포 3.5에 구해봅니다
543b25da64883a31916ef1ea,pokemoncardgame,포켓몬 카드게임,2026-05,2026-05-07T03:09:07+09:00,known,3f2ff2bc5f2043319169f488,543b25da64883a31916ef1ea,111379,https://m.dcinside.com/board/pokemoncardgame/111379,태홍 보스의지령sr 구합니다,seller-c166ce2afd105309bca08950,ㅇㅇ,guest,,,,,,unknown,미분류,2,1.5,15000,estimated,bundle,text,unknown,,active,needs_review,needs_review,"가격 단위 추정, 일괄·세트 가격, 배송비 포함 여부 미확정, 카드명 확인 필요, 묶음·세트 총액 · 개별 카드 가격 아님",estimated,no,no,2장 일괄 1.5에 구해봅니다
faa835b5eda12e56b5dc228d,pokemoncardgame,포켓몬 카드게임,2026-05,2026-05-07T20:28:39+09:00,known,361e8403fc9e24f117bc28fb,faa835b5eda12e56b5dc228d,111495,https://m.dcinside.com/board/pokemoncardgame/111495,(완)청목의 수완 sr 1장 구함,seller-ec1eafa36a451f33761cf572,잘하자,registered,반,반,반택포,,,unknown,미분류,1,0.6,6000,estimated,per_card,text,included,2000,active,needs_review,needs_review,가격 단위 추정,estimated,yes,candidate_estimated,1장 반택포 0.6에 구함
01a6383cde072e8caf65fac4,pokemoncardgame,포켓몬 카드게임,2026-05,2026-05-07T21:35:26+09:00,known,87a5473abd230da2d1d16805,01a6383cde072e8caf65fac4,111506,https://m.dcinside.com/board/pokemoncardgame/111506,덱소스 구함,seller-b9549d5dacc4fda2b9b86a5b,이승현,guest,n의 달막화,n의 달막화,n의 달막화,,,unknown,미분류,1,1,10000,estimated,per_card,text,unknown,,active,needs_review,needs_review,"가격 단위 추정, 배송비 포함 여부 미확정",estimated,yes,candidate_estimated,n의 달막화 1
0e0c4947236fccb944f09759,pokemoncardgame,포켓몬 카드게임,2026-05,2026-05-07T21:35:26+09:00,known,87a5473abd230da2d1d16805,0e0c4947236fccb944f09759,111506,https://m.dcinside.com/board/pokemoncardgame/111506,덱소스 구함,seller-b9549d5dacc4fda2b9b86a5b,이승현,guest,n의 포인트업,n의 포인트업,n의 포인트업,,,unknown,미분류,1,3,30000,estimated,per_card,text,unknown,,active,needs_review,needs_review,"가격 단위 추정, 배송비 포함 여부 미확정",estimated,yes,candidate_estimated,n의 포인트업 3
168fdb40d3c2553efc81f370,pokemoncardgame,포켓몬 카드게임,2026-05,2026-05-07T21:35:26+09:00,known,87a5473abd230da2d1d16805,168fdb40d3c2553efc81f370,111506,https://m.dcinside.com/board/pokemoncardgame/111506,덱소스 구함,seller-b9549d5dacc4fda2b9b86a5b,이승현,guest,태권왕의 수련,태권왕의 수련,태권왕의 수련,,,unknown,미분류,1,1,10000,estimated,per_card,text,unknown,,active,needs_review,needs_review,"가격 단위 추정, 배송비 포함 여부 미확정",estimated,yes,candidate_estimated,태권왕의 수련 1
41b6419b1b5ed72d1b2b4648,pokemoncardgame,포켓몬 카드게임,2026-05,2026-05-07T21:35:26+09:00,known,87a5473abd230da2d1d16805,41b6419b1b5ed72d1b2b4648,111506,https://m.dcinside.com/board/pokemoncardgame/111506,덱소스 구함,seller-b9549d5dacc4fda2b9b86a5b,이승현,guest,n의 성,n의 성,n의 성,,,unknown,미분류,1,1,10000,estimated,per_card,text,unknown,,active,needs_review,needs_review,"가격 단위 추정, 배송비 포함 여부 미확정",estimated,yes,candidate_estimated,n의 성 1
5cb62cb3992ce3b3fcbc83c7,pokemoncardgame,포켓몬 카드게임,2026-05,2026-05-07T21:35:26+09:00,known,87a5473abd230da2d1d16805,5cb62cb3992ce3b3fcbc83c7,111506,https://m.dcinside.com/board/pokemoncardgame/111506,덱소스 구함,seller-b9549d5dacc4fda2b9b86a5b,이승현,guest,포켓패드,포켓패드,포켓패드,,,unknown,미분류,1,3,30000,estimated,per_card,text,unknown,,active,needs_review,needs_review,"가격 단위 추정, 배송비 포함 여부 미확정",estimated,yes,candidate_estimated,포켓패드 3
5f7b312bb6cd719490ecad4a,pokemoncardgame,포켓몬 카드게임,2026-05,2026-05-07T21:35:26+09:00,known,87a5473abd230da2d1d16805,5f7b312bb6cd719490ecad4a,111506,https://m.dcinside.com/board/pokemoncardgame/111506,덱소스 구함,seller-b9549d5dacc4fda2b9b86a5b,이승현,guest,암호마니아의 해독,암호마니아의 해독,암호마니아의 해독,,,unknown,미분류,1,1,10000,estimated,per_card,text,unknown,,active,needs_review,needs_review,"가격 단위 추정, 배송비 포함 여부 미확정",estimated,yes,candidate_estimated,암호마니아의 해독1
870a359122d30d5ab036fae9,pokemoncardgame,포켓몬 카드게임,2026-05,2026-05-07T21:35:26+09:00,known,87a5473abd230da2d1d16805,870a359122d30d5ab036fae9,111506,https://m.dcinside.com/board/pokemoncardgame/111506,덱소스 구함,seller-b9549d5dacc4fda2b9b86a5b,이승현,guest,n의 조로아,n의 조로아,n의 조로아,,,unknown,미분류,1,4,40000,estimated,per_card,text,unknown,,active,needs_review,needs_review,"가격 단위 추정, 배송비 포함 여부 미확정",estimated,yes,candidate_estimated,n의 조로아 4
8a5bd283cc9df27442073f18,pokemoncardgame,포켓몬 카드게임,2026-05,2026-05-07T21:35:26+09:00,known,87a5473abd230da2d1d16805,8a5bd283cc9df27442073f18,111506,https://m.dcinside.com/board/pokemoncardgame/111506,덱소스 구함,seller-b9549d5dacc4fda2b9b86a5b,이승현,guest,웅의 스카운트,웅의 스카운트,웅의 스카운트,,,unknown,미분류,1,1,10000,estimated,per_card,text,unknown,,active,needs_review,needs_review,"가격 단위 추정, 배송비 포함 여부 미확정",estimated,yes,candidate_estimated,웅의 스카운트 1
8e7ac78ffed8a051fe393c40,pokemoncardgame,포켓몬 카드게임,2026-05,2026-05-07T21:35:26+09:00,known,87a5473abd230da2d1d16805,8e7ac78ffed8a051fe393c40,111506,https://m.dcinside.com/board/pokemoncardgame/111506,덱소스 구함,seller-b9549d5dacc4fda2b9b86a5b,이승현,guest,릴리에의 결심,릴리에의 결심,릴리에의 결심,,,unknown,미분류,1,4,40000,estimated,per_card,text,unknown,,active,needs_review,needs_review,"가격 단위 추정, 배송비 포함 여부 미확정",estimated,yes,candidate_estimated,릴리에의 결심 4
ad1ca5d8d9502e5497c6f2ae,pokemoncardgame,포켓몬 카드게임,2026-05,2026-05-07T21:35:26+09:00,known,87a5473abd230da2d1d16805,ad1ca5d8d9502e5497c6f2ae,111506,https://m.dcinside.com/board/pokemoncardgame/111506,덱소스 구함,seller-b9549d5dacc4fda2b9b86a5b,이승현,guest,나옹 ex,나옹 ex,나옹 ex,,,unknown,미분류,1,1,10000,estimated,per_card,text,unknown,,active,needs_review,needs_review,"가격 단위 추정, 배송비 포함 여부 미확정",estimated,yes,candidate_estimated,나옹 ex 1
c2d1825049a0f16d8d38255b,pokemoncardgame,포켓몬 카드게임,2026-05,2026-05-07T21:35:26+09:00,known,87a5473abd230da2d1d16805,c2d1825049a0f16d8d38255b,111506,https://m.dcinside.com/board/pokemoncardgame/111506,덱소스 구함,seller-b9549d5dacc4fda2b9b86a5b,이승현,guest,n의 조로아크 ex,n의 조로아크 ex,n의 조로아크 ex,,,unknown,미분류,1,4,40000,estimated,per_card,text,unknown,,active,needs_review,needs_review,"가격 단위 추정, 배송비 포함 여부 미확정",estimated,yes,candidate_estimated,n의 조로아크 ex 4
d5127efc76c1e2a3dae378ff,pokemoncardgame,포켓몬 카드게임,2026-05,2026-05-07T21:35:26+09:00,known,87a5473abd230da2d1d16805,d5127efc76c1e2a3dae378ff,111506,https://m.dcinside.com/board/pokemoncardgame/111506,덱소스 구함,seller-b9549d5dacc4fda2b9b86a5b,이승현,guest,람다,람다,람다,,,unknown,미분류,1,1,10000,estimated,per_card,text,unknown,,active,needs_review,needs_review,"가격 단위 추정, 배송비 포함 여부 미확정",estimated,yes,candidate_estimated,람다 1
d8d9329822c2b4726cf46e00,pokemoncardgame,포켓몬 카드게임,2026-05,2026-05-07T21:35:26+09:00,known,87a5473abd230da2d1d16805,d8d9329822c2b4726cf46e00,111506,https://m.dcinside.com/board/pokemoncardgame/111506,덱소스 구함,seller-b9549d5dacc4fda2b9b86a5b,이승현,guest,n의 제크로무,n의 제크로무,n의 제크로무,,,unknown,미분류,1,2,20000,estimated,per_card,text,unknown,,active,needs_review,needs_review,"가격 단위 추정, 배송비 포함 여부 미확정",estimated,yes,candidate_estimated,n의 제크로무 2
defa4d100df5e89b43f5d7d0,pokemoncardgame,포켓몬 카드게임,2026-05,2026-05-07T21:35:26+09:00,known,87a5473abd230da2d1d16805,defa4d100df5e89b43f5d7d0,111506,https://m.dcinside.com/board/pokemoncardgame/111506,덱소스 구함,seller-b9549d5dacc4fda2b9b86a5b,이승현,guest,스페셜 레드카드,스페셜 레드카드,스페셜 레드카드,,,unknown,미분류,1,1,10000,estimated,per_card,text,unknown,,active,needs_review,needs_review,"가격 단위 추정, 배송비 포함 여부 미확정",estimated,yes,candidate_estimated,스페셜 레드카드 1
e075b6ee4e5179c9c5c3badb,pokemoncardgame,포켓몬 카드게임,2026-05,2026-05-07T21:35:26+09:00,known,87a5473abd230da2d1d16805,e075b6ee4e5179c9c5c3badb,111506,https://m.dcinside.com/board/pokemoncardgame/111506,덱소스 구함,seller-b9549d5dacc4fda2b9b86a5b,이승현,guest,n의 레시라무,n의 레시라무,n의 레시라무,,,unknown,미분류,1,1,10000,estimated,per_card,text,unknown,,active,needs_review,needs_review,"가격 단위 추정, 배송비 포함 여부 미확정",estimated,yes,candidate_estimated,n의 레시라무 1
e5570ec27e16b68162e72913,pokemoncardgame,포켓몬 카드게임,2026-05,2026-05-07T21:35:26+09:00,known,87a5473abd230da2d1d16805,e5570ec27e16b68162e72913,111506,https://m.dcinside.com/board/pokemoncardgame/111506,덱소스 구함,seller-b9549d5dacc4fda2b9b86a5b,이승현,guest,n의 불비달마,n의 불비달마,n의 불비달마,,,unknown,미분류,1,1,10000,estimated,per_card,text,unknown,,active,needs_review,needs_review,"가격 단위 추정, 배송비 포함 여부 미확정",estimated,yes,candidate_estimated,n의 불비달마 1
ed07c1e5eaa9f0f654261a62,pokemoncardgame,포켓몬 카드게임,2026-05,2026-05-07T21:35:26+09:00,known,87a5473abd230da2d1d16805,ed07c1e5eaa9f0f654261a62,111506,https://m.dcinside.com/board/pokemoncardgame/111506,덱소스 구함,seller-b9549d5dacc4fda2b9b86a5b,이승현,guest,파이팅공,파이팅공,파이팅공,,,unknown,미분류,1,4,40000,estimated,per_card,text,unknown,,active,needs_review,needs_review,"가격 단위 추정, 배송비 포함 여부 미확정",estimated,yes,candidate_estimated,파이팅공 4
0ad4eba84b16c2e05b7c1460,pokemoncardgame,포켓몬 카드게임,2026-05,2026-05-08T00:13:02+09:00,known,c8cf7fcc3d1ef41f353b069d,0ad4eba84b16c2e05b7c1460,111558,https://m.dcinside.com/board/pokemoncardgame/111558,릴결sr 게치스sr 등 사다이사,seller-a074fe27a7e4ae1bd93dd807,전대대실격,registered,태권왕의 수련 SR,태권왕의 수련 SR,태권왕의 수련 SR 장당,,,unknown,미분류,1,0.3,3000,estimated,per_card,text,unknown,,active,needs_review,needs_review,"가격 단위 추정, 배송비 포함 여부 미확정",estimated,yes,candidate_estimated,태권왕의 수련 SR 장당 0.3
0e45b41ca1888173c060d88c,pokemoncardgame,포켓몬 카드게임,2026-05,2026-05-08T00:13:02+09:00,known,c8cf7fcc3d1ef41f353b069d,0e45b41ca1888173c060d88c,111558,https://m.dcinside.com/board/pokemoncardgame/111558,릴결sr 게치스sr 등 사다이사,seller-a074fe27a7e4ae1bd93dd807,전대대실격,registered,var safe = window.dcAd && window.dcAd.safe ==,var safe = window.dcAd && window.dcAd.safe ==,var safe = (window.dcAd && window.dcAd.safe ==,,,unknown,미분류,1,1,10000,estimated,bundle,text,unknown,,active,needs_review,needs_review,"가격 단위 추정, 복수 카드 가격, 배송비 포함 여부 미확정, 묶음·세트 총액 · 개별 카드 가격 아님",estimated,no,no,var safe = (window.dcAd && window.dcAd.safe == 1)
2c097820b0de0d4652d2588c,pokemoncardgame,포켓몬 카드게임,2026-05,2026-05-08T00:13:02+09:00,known,c8cf7fcc3d1ef41f353b069d,2c097820b0de0d4652d2588c,111558,https://m.dcinside.com/board/pokemoncardgame/111558,릴결sr 게치스sr 등 사다이사,seller-a074fe27a7e4ae1bd93dd807,전대대실격,registered,보스의지령 게치스 SR,보스의지령 게치스 SR,보스의지령 게치스 SR 장당,,,unknown,미분류,3,1.0,10000,estimated,per_card,text,unknown,,active,needs_review,needs_review,"가격 단위 추정, 배송비 포함 여부 미확정",estimated,yes,candidate_estimated,보스의지령 게치스 SR 3장 장당 1.0
3ad2869790dbdddaf323ff72,pokemoncardgame,포켓몬 카드게임,2026-05,2026-05-08T00:13:02+09:00,known,c8cf7fcc3d1ef41f353b069d,3ad2869790dbdddaf323ff72,111558,https://m.dcinside.com/board/pokemoncardgame/111558,릴결sr 게치스sr 등 사다이사,seller-a074fe27a7e4ae1bd93dd807,전대대실격,registered,릴리에의 결심 SR,릴리에의 결심 SR,릴리에의 결심 SR 장당,,,unknown,미분류,4,2.0,20000,estimated,per_card,text,unknown,,active,needs_review,needs_review,"가격 단위 추정, 배송비 포함 여부 미확정",estimated,yes,candidate_estimated,릴리에의 결심 SR 4장 장당 2.0
8f5ed89288603e6b17bb0ee8,pokemoncardgame,포켓몬 카드게임,2026-05,2026-05-08T00:13:02+09:00,known,c8cf7fcc3d1ef41f353b069d,8f5ed89288603e6b17bb0ee8,111558,https://m.dcinside.com/board/pokemoncardgame/111558,릴결sr 게치스sr 등 사다이사,seller-a074fe27a7e4ae1bd93dd807,전대대실격,registered,도희의 비기 SR,도희의 비기 SR,도희의 비기 SR,,,unknown,미분류,1,0.3,3000,estimated,per_card,text,unknown,,active,needs_review,needs_review,"가격 단위 추정, 배송비 포함 여부 미확정",estimated,yes,candidate_estimated,도희의 비기 SR 0.3
93bce799049765d93670555e,pokemoncardgame,포켓몬 카드게임,2026-05,2026-05-08T00:13:02+09:00,known,c8cf7fcc3d1ef41f353b069d,93bce799049765d93670555e,111558,https://m.dcinside.com/board/pokemoncardgame/111558,릴결sr 게치스sr 등 사다이사,seller-a074fe27a7e4ae1bd93dd807,전대대실격,registered,시아노 SR,시아노 SR,시아노 SR 장당,,,unknown,미분류,2,0.5,5000,estimated,per_card,text,unknown,,active,needs_review,needs_review,"가격 단위 추정, 배송비 포함 여부 미확정",estimated,yes,candidate_estimated,시아노 SR 2장 장당 0.5
c939876dd59ea16cea47724d,pokemoncardgame,포켓몬 카드게임,2026-05,2026-05-08T00:13:02+09:00,known,c8cf7fcc3d1ef41f353b069d,c939876dd59ea16cea47724d,111558,https://m.dcinside.com/board/pokemoncardgame/111558,릴결sr 게치스sr 등 사다이사,seller-a074fe27a7e4ae1bd93dd807,전대대실격,registered,loadScript 'https pagead,loadScript 'https pagead,loadScript('https://pagead,,,unknown,미분류,1,2,20000,estimated,bundle,text,unknown,,active,needs_review,needs_review,"가격 단위 추정, 복수 카드 가격, 배송비 포함 여부 미확정, 묶음·세트 총액 · 개별 카드 가격 아님",estimated,no,no,"loadScript('https://pagead2.googlesyndication.com/pagead/js/adsbygoogle_direct.js?client=ca-pub-8171468792791627', true, 'anonymous');"
db90e7536fb764bec9ad3dda,pokemoncardgame,포켓몬 카드게임,2026-05,2026-05-08T00:13:02+09:00,known,c8cf7fcc3d1ef41f353b069d,db90e7536fb764bec9ad3dda,111558,https://m.dcinside.com/board/pokemoncardgame/111558,릴결sr 게치스sr 등 사다이사,seller-a074fe27a7e4ae1bd93dd807,전대대실격,registered,DOM 삽입 헬퍼 현재 스크립트 위치 기준,DOM 삽입 헬퍼 현재 스크립트 위치 기준,// ---- DOM 삽입 헬퍼 (현재 스크립트 위치 기준,,,unknown,미분류,1,1,10000,estimated,bundle,text,unknown,,active,needs_review,needs_review,"가격 단위 추정, 복수 카드 가격, 배송비 포함 여부 미확정, 묶음·세트 총액 · 개별 카드 가격 아님",estimated,no,no,// ---- DOM 삽입 헬퍼 (현재 스크립트 위치 기준1)
fa653489947ac6cf4845a331,pokemoncardgame,포켓몬 카드게임,2026-05,2026-05-08T00:13:02+09:00,known,c8cf7fcc3d1ef41f353b069d,fa653489947ac6cf4845a331,111558,https://m.dcinside.com/board/pokemoncardgame/111558,릴결sr 게치스sr 등 사다이사,seller-a074fe27a7e4ae1bd93dd807,전대대실격,registered,loadScript ' t,loadScript ' t,loadScript('//t,,,unknown,미분류,1,1,10000,estimated,bundle,text,unknown,,active,needs_review,needs_review,"가격 단위 추정, 복수 카드 가격, 배송비 포함 여부 미확정, 묶음·세트 총액 · 개별 카드 가격 아님",estimated,no,no,"loadScript('//t1.kakaocdn.net/kas/static/ba.min.js', true);"
1aea5c84b47344b5fc9e8ec0,pokemoncardgame,포켓몬 카드게임,2026-05,2026-05-08T00:43:01+09:00,known,c225dd1dd1895063e46849b3,1aea5c84b47344b5fc9e8ec0,111565,https://m.dcinside.com/board/pokemoncardgame/111565,오늘 역삼직으로 카드 몇장 구하고 팝니다!,seller-9a25bc04b73606e2de5e4552,ㅇㅇ,guest,시크릿박스,시크릿박스,시크릿박스,,,unknown,미분류,1,2,20000,estimated,per_card,text,unknown,,active,needs_review,needs_review,"가격 단위 추정, 배송비 포함 여부 미확정",estimated,yes,candidate_estimated,시크릿박스 2
3b22161629fb4ffb2c058092,pokemoncardgame,포켓몬 카드게임,2026-05,2026-05-08T00:43:01+09:00,known,c225dd1dd1895063e46849b3,3b22161629fb4ffb2c058092,111565,https://m.dcinside.com/board/pokemoncardgame/111565,오늘 역삼직으로 카드 몇장 구하고 팝니다!,seller-9a25bc04b73606e2de5e4552,ㅇㅇ,guest,밤의들것,밤의들것,밤의들것,,,unknown,미분류,1,2,20000,estimated,per_card,text,unknown,,active,needs_review,needs_review,"가격 단위 추정, 배송비 포함 여부 미확정",estimated,yes,candidate_estimated,밤의들것 2
c019d0c43f79ed549171c8af,pokemoncardgame,포켓몬 카드게임,2026-05,2026-05-08T00:43:01+09:00,known,c225dd1dd1895063e46849b3,c019d0c43f79ed549171c8af,111565,https://m.dcinside.com/board/pokemoncardgame/111565,오늘 역삼직으로 카드 몇장 구하고 팝니다!,seller-9a25bc04b73606e2de5e4552,ㅇㅇ,guest,번치코 ex,번치코 ex,번치코 ex,,,unknown,미분류,1,3.0,30000,estimated,per_card,text,unknown,,active,needs_review,needs_review,"가격 단위 추정, 배송비 포함 여부 미확정",estimated,yes,candidate_estimated,번치코 ex 1장 - 3.0
ce8787d8d7d29d5fa1936dd6,pokemoncardgame,포켓몬 카드게임,2026-05,2026-05-08T00:43:01+09:00,known,c225dd1dd1895063e46849b3,ce8787d8d7d29d5fa1936dd6,111565,https://m.dcinside.com/board/pokemoncardgame/111565,오늘 역삼직으로 카드 몇장 구하고 팝니다!,seller-9a25bc04b73606e2de5e4552,ㅇㅇ,guest,릴리에의 삐삐 ex,릴리에의 삐삐 ex,릴리에의 삐삐 ex,,,unknown,미분류,1,1,10000,estimated,per_card,text,unknown,,active,needs_review,needs_review,"가격 단위 추정, 배송비 포함 여부 미확정",estimated,yes,candidate_estimated,릴리에의 삐삐 ex 1
d26ef3667487aec357c20274,pokemoncardgame,포켓몬 카드게임,2026-05,2026-05-08T00:43:01+09:00,known,c225dd1dd1895063e46849b3,d26ef3667487aec357c20274,111565,https://m.dcinside.com/board/pokemoncardgame/111565,오늘 역삼직으로 카드 몇장 구하고 팝니다!,seller-9a25bc04b73606e2de5e4552,ㅇㅇ,guest,시유,시유,시유,,,unknown,미분류,1,2,20000,estimated,per_card,text,unknown,,active,needs_review,needs_review,"가격 단위 추정, 배송비 포함 여부 미확정",estimated,yes,candidate_estimated,시유 2
f5b809e97fd384cafdf3efb0,pokemoncardgame,포켓몬 카드게임,2026-05,2026-05-08T00:43:01+09:00,known,c225dd1dd1895063e46849b3,f5b809e97fd384cafdf3efb0,111565,https://m.dcinside.com/board/pokemoncardgame/111565,오늘 역삼직으로 카드 몇장 구하고 팝니다!,seller-9a25bc04b73606e2de5e4552,ㅇㅇ,guest,투희,투희,투희,,,unknown,미분류,1,1,10000,estimated,per_card,text,unknown,,active,needs_review,needs_review,"가격 단위 추정, 배송비 포함 여부 미확정",estimated,yes,candidate_estimated,투희 1
df5e1282bdc2ec1814c206eb,pokemoncardgame,포켓몬 카드게임,2026-05,2026-05-08T02:22:19+09:00,known,5379a32b4631e0f77387f2c5,df5e1282bdc2ec1814c206eb,111576,https://m.dcinside.com/board/pokemoncardgame/111576,스레카 급처,seller-b87492a8a5826bb307768512,ㅇㅇ,guest,일반,일반,일반,,,unknown,미분류,1,5,50000,estimated,per_card,text,unknown,,active,needs_review,needs_review,"가격 단위 추정, 배송비 포함 여부 미확정",estimated,yes,candidate_estimated,일반 5
eaa4ee50abe5de36d5098307,pokemoncardgame,포켓몬 카드게임,2026-05,2026-05-08T02:22:19+09:00,known,5379a32b4631e0f77387f2c5,eaa4ee50abe5de36d5098307,111576,https://m.dcinside.com/board/pokemoncardgame/111576,스레카 급처,seller-b87492a8a5826bb307768512,ㅇㅇ,guest,Sr,Sr,Sr,,,unknown,미분류,1,1,10000,estimated,per_card,text,unknown,,active,needs_review,needs_review,"가격 단위 추정, 배송비 포함 여부 미확정",estimated,yes,candidate_estimated,Sr 1
13457fc006978842367330c2,pokemoncardgame,포켓몬 카드게임,2026-05,2026-05-08T02:22:37+09:00,known,38774076e736595eceecfdf0,13457fc006978842367330c2,111577,https://m.dcinside.com/board/pokemoncardgame/111577,메루카 완덱 및 기타 카드들 ㅍㅍ,seller-a5706d51e7bd1828a446d461,ㅇㅇ,guest,DOM 삽입 헬퍼 현재 스크립트 위치 기준,DOM 삽입 헬퍼 현재 스크립트 위치 기준,// ---- DOM 삽입 헬퍼 (현재 스크립트 위치 기준,,,unknown,미분류,1,1,10000,estimated,bundle,text,unknown,,active,needs_review,needs_review,"가격 단위 추정, 복수 카드 가격, 배송비 포함 여부 미확정, 묶음·세트 총액 · 개별 카드 가격 아님",estimated,no,no,// ---- DOM 삽입 헬퍼 (현재 스크립트 위치 기준1)
4ff545ea5cd2057a7500fde8,pokemoncardgame,포켓몬 카드게임,2026-05,2026-05-08T02:22:37+09:00,known,38774076e736595eceecfdf0,4ff545ea5cd2057a7500fde8,111577,https://m.dcinside.com/board/pokemoncardgame/111577,메루카 완덱 및 기타 카드들 ㅍㅍ,seller-a5706d51e7bd1828a446d461,ㅇㅇ,guest,메가망나뇽mar,메가망나뇽mar,메가망나뇽mar,,,unknown,미분류,1,1.0,10000,estimated,per_card,text,unknown,,active,needs_review,needs_review,"가격 단위 추정, 배송비 포함 여부 미확정",estimated,yes,candidate_estimated,메가망나뇽mar1.0
6688a3a39c8a8a6483c738cb,pokemoncardgame,포켓몬 카드게임,2026-05,2026-05-08T02:22:37+09:00,known,38774076e736595eceecfdf0,6688a3a39c8a8a6483c738cb,111577,https://m.dcinside.com/board/pokemoncardgame/111577,메루카 완덱 및 기타 카드들 ㅍㅍ,seller-a5706d51e7bd1828a446d461,ㅇㅇ,guest,스핀로토무ar,스핀로토무ar,스핀로토무ar,,,unknown,미분류,1,0.2,2000,estimated,per_card,text,unknown,,active,needs_review,needs_review,"가격 단위 추정, 배송비 포함 여부 미확정",estimated,yes,candidate_estimated,스핀로토무ar0.2
7637cde36b068980a6a95ffb,pokemoncardgame,포켓몬 카드게임,2026-05,2026-05-08T02:22:37+09:00,known,38774076e736595eceecfdf0,7637cde36b068980a6a95ffb,111577,https://m.dcinside.com/board/pokemoncardgame/111577,메루카 완덱 및 기타 카드들 ㅍㅍ,seller-a5706d51e7bd1828a446d461,ㅇㅇ,guest,loadScript 'https pagead,loadScript 'https pagead,loadScript('https://pagead,,,unknown,미분류,1,2,20000,estimated,bundle,text,unknown,,active,needs_review,needs_review,"가격 단위 추정, 복수 카드 가격, 배송비 포함 여부 미확정, 묶음·세트 총액 · 개별 카드 가격 아님",estimated,no,no,"loadScript('https://pagead2.googlesyndication.com/pagead/js/adsbygoogle_direct.js?client=ca-pub-8171468792791627', true, 'anonymous');"
793a7a2993c0c26dc1a98449,pokemoncardgame,포켓몬 카드게임,2026-05,2026-05-08T02:22:37+09:00,known,38774076e736595eceecfdf0,793a7a2993c0c26dc1a98449,111577,https://m.dcinside.com/board/pokemoncardgame/111577,메루카 완덱 및 기타 카드들 ㅍㅍ,seller-a5706d51e7bd1828a446d461,ㅇㅇ,guest,릴리에의결심sr,릴리에의결심sr,릴리에의결심sr,,,unknown,미분류,1,2.1,21000,estimated,per_card,text,unknown,,active,needs_review,needs_review,"가격 단위 추정, 배송비 포함 여부 미확정",estimated,yes,candidate_estimated,릴리에의결심sr 2.1
8527e8ea4ecc6c3b331a3c8b,pokemoncardgame,포켓몬 카드게임,2026-05,2026-05-08T02:22:37+09:00,known,38774076e736595eceecfdf0,8527e8ea4ecc6c3b331a3c8b,111577,https://m.dcinside.com/board/pokemoncardgame/111577,메루카 완덱 및 기타 카드들 ㅍㅍ,seller-a5706d51e7bd1828a446d461,ㅇㅇ,guest,볼케니온sar,볼케니온sar,볼케니온sar,,,unknown,미분류,1,0.65,6500,estimated,per_card,text,unknown,,active,needs_review,needs_review,"가격 단위 추정, 배송비 포함 여부 미확정",estimated,yes,candidate_estimated,볼케니온sar0.65
b8c70cb34e4dae3ace6bdd59,pokemoncardgame,포켓몬 카드게임,2026-05,2026-05-08T02:22:37+09:00,known,38774076e736595eceecfdf0,b8c70cb34e4dae3ace6bdd59,111577,https://m.dcinside.com/board/pokemoncardgame/111577,메루카 완덱 및 기타 카드들 ㅍㅍ,seller-a5706d51e7bd1828a446d461,ㅇㅇ,guest,시크릿박스ace,시크릿박스ace,시크릿박스ace,,,unknown,미분류,1,0.3,3000,estimated,per_card,text,unknown,,active,needs_review,needs_review,"가격 단위 추정, 배송비 포함 여부 미확정",estimated,yes,candidate_estimated,시크릿박스ace0.3
d65cf91e26829a4164bbb301,pokemoncardgame,포켓몬 카드게임,2026-05,2026-05-08T02:22:37+09:00,known,38774076e736595eceecfdf0,d65cf91e26829a4164bbb301,111577,https://m.dcinside.com/board/pokemoncardgame/111577,메루카 완덱 및 기타 카드들 ㅍㅍ,seller-a5706d51e7bd1828a446d461,ㅇㅇ,guest,레시라무ar,레시라무ar,레시라무ar,,,unknown,미분류,1,0.65,6500,estimated,per_card,text,unknown,,active,needs_review,needs_review,"가격 단위 추정, 배송비 포함 여부 미확정",estimated,yes,candidate_estimated,레시라무ar0.65
db1ee68ce7b85b1d6716a006,pokemoncardgame,포켓몬 카드게임,2026-05,2026-05-08T02:22:37+09:00,known,38774076e736595eceecfdf0,db1ee68ce7b85b1d6716a006,111577,https://m.dcinside.com/board/pokemoncardgame/111577,메루카 완덱 및 기타 카드들 ㅍㅍ,seller-a5706d51e7bd1828a446d461,ㅇㅇ,guest,둘째줄,둘째줄,둘째줄 장당,,,unknown,미분류,1,0.12,1200,estimated,per_card,text,unknown,,active,needs_review,needs_review,"가격 단위 추정, 배송비 포함 여부 미확정",estimated,yes,candidate_estimated,둘째줄 장당 0.12
df2222fc2c43302e61f6b2f1,pokemoncardgame,포켓몬 카드게임,2026-05,2026-05-08T02:22:37+09:00,known,38774076e736595eceecfdf0,df2222fc2c43302e61f6b2f1,111577,https://m.dcinside.com/board/pokemoncardgame/111577,메루카 완덱 및 기타 카드들 ㅍㅍ,seller-a5706d51e7bd1828a446d461,ㅇㅇ,guest,loadScript ' t,loadScript ' t,loadScript('//t,,,unknown,미분류,1,1,10000,estimated,bundle,text,unknown,,active,needs_review,needs_review,"가격 단위 추정, 복수 카드 가격, 배송비 포함 여부 미확정, 묶음·세트 총액 · 개별 카드 가격 아님",estimated,no,no,"loadScript('//t1.kakaocdn.net/kas/static/ba.min.js', true);"
eedb96f38d54b9c237d4cbf6,pokemoncardgame,포켓몬 카드게임,2026-05,2026-05-08T02:22:37+09:00,known,38774076e736595eceecfdf0,eedb96f38d54b9c237d4cbf6,111577,https://m.dcinside.com/board/pokemoncardgame/111577,메루카 완덱 및 기타 카드들 ㅍㅍ,seller-a5706d51e7bd1828a446d461,ㅇㅇ,guest,var safe = window.dcAd && window.dcAd.safe ==,var safe = window.dcAd && window.dcAd.safe ==,var safe = (window.dcAd && window.dcAd.safe ==,,,unknown,미분류,1,1,10000,estimated,bundle,text,unknown,,active,needs_review,needs_review,"가격 단위 추정, 복수 카드 가격, 배송비 포함 여부 미확정, 묶음·세트 총액 · 개별 카드 가격 아님",estimated,no,no,var safe = (window.dcAd && window.dcAd.safe == 1)
3fce516459f2f0366188cc1f,pokemoncardgame,포켓몬 카드게임,2026-05,2026-05-08T07:23:44+09:00,known,1a972aced7b9049fab064963,3fce516459f2f0366188cc1f,111583,https://m.dcinside.com/board/pokemoncardgame/111583,명희의 격려sar,seller-51447db26eeb90b0124d315b,포갤러,registered,DOM 삽입 헬퍼 현재 스크립트 위치 기준,DOM 삽입 헬퍼 현재 스크립트 위치 기준,// ---- DOM 삽입 헬퍼 (현재 스크립트 위치 기준,,,unknown,미분류,1,1,10000,estimated,bundle,text,unknown,,active,needs_review,needs_review,"가격 단위 추정, 복수 카드 가격, 배송비 포함 여부 미확정, 묶음·세트 총액 · 개별 카드 가격 아님",estimated,no,no,// ---- DOM 삽입 헬퍼 (현재 스크립트 위치 기준1)
5bb471cd823117b38eafdefd,pokemoncardgame,포켓몬 카드게임,2026-05,2026-05-08T07:23:44+09:00,known,1a972aced7b9049fab064963,5bb471cd823117b38eafdefd,111583,https://m.dcinside.com/board/pokemoncardgame/111583,명희의 격려sar,seller-51447db26eeb90b0124d315b,포갤러,registered,loadScript 'https pagead,loadScript 'https pagead,loadScript('https://pagead,,,unknown,미분류,1,2,20000,estimated,bundle,text,unknown,,active,needs_review,needs_review,"가격 단위 추정, 복수 카드 가격, 배송비 포함 여부 미확정, 묶음·세트 총액 · 개별 카드 가격 아님",estimated,no,no,"loadScript('https://pagead2.googlesyndication.com/pagead/js/adsbygoogle_direct.js?client=ca-pub-8171468792791627', true, 'anonymous');"
be0f9fb7b77df2bc3cc13ef7,pokemoncardgame,포켓몬 카드게임,2026-05,2026-05-08T07:23:44+09:00,known,1a972aced7b9049fab064963,be0f9fb7b77df2bc3cc13ef7,111583,https://m.dcinside.com/board/pokemoncardgame/111583,명희의 격려sar,seller-51447db26eeb90b0124d315b,포갤러,registered,var safe = window.dcAd && window.dcAd.safe ==,var safe = window.dcAd && window.dcAd.safe ==,var safe = (window.dcAd && window.dcAd.safe ==,,,unknown,미분류,1,1,10000,estimated,bundle,text,unknown,,active,needs_review,needs_review,"가격 단위 추정, 복수 카드 가격, 배송비 포함 여부 미확정, 묶음·세트 총액 · 개별 카드 가격 아님",estimated,no,no,var safe = (window.dcAd && window.dcAd.safe == 1)
c703ffc9e63988d02cc4a18e,pokemoncardgame,포켓몬 카드게임,2026-05,2026-05-08T07:23:44+09:00,known,1a972aced7b9049fab064963,c703ffc9e63988d02cc4a18e,111583,https://m.dcinside.com/board/pokemoncardgame/111583,명희의 격려sar,seller-51447db26eeb90b0124d315b,포갤러,registered,loadScript ' t,loadScript ' t,loadScript('//t,,,unknown,미분류,1,1,10000,estimated,bundle,text,unknown,,active,needs_review,needs_review,"가격 단위 추정, 복수 카드 가격, 배송비 포함 여부 미확정, 묶음·세트 총액 · 개별 카드 가격 아님",estimated,no,no,"loadScript('//t1.kakaocdn.net/kas/static/ba.min.js', true);"
04ac79b7c92b6c7a0aa3ceba,pokemoncardgame,포켓몬 카드게임,2026-05,2026-05-08T08:09:10+09:00,known,e3a1194eb14514834f3d37f8,04ac79b7c92b6c7a0aa3ceba,111587,https://m.dcinside.com/board/pokemoncardgame/111587,봄드펄 소스,seller-ff6a3a325b8615ae7ba73f66,덕구네똘이,guest,loadScript ' t,loadScript ' t,loadScript('//t,,,unknown,미분류,1,1,10000,estimated,bundle,text,unknown,,active,needs_review,needs_review,"가격 단위 추정, 복수 카드 가격, 배송비 포함 여부 미확정, 묶음·세트 총액 · 개별 카드 가격 아님",estimated,no,no,"loadScript('//t1.kakaocdn.net/kas/static/ba.min.js', true);"
2051ba15becf5878e640b34a,pokemoncardgame,포켓몬 카드게임,2026-05,2026-05-08T08:09:10+09:00,known,e3a1194eb14514834f3d37f8,2051ba15becf5878e640b34a,111587,https://m.dcinside.com/board/pokemoncardgame/111587,봄드펄 소스,seller-ff6a3a325b8615ae7ba73f66,덕구네똘이,guest,var safe = window.dcAd && window.dcAd.safe ==,var safe = window.dcAd && window.dcAd.safe ==,var safe = (window.dcAd && window.dcAd.safe ==,,,unknown,미분류,1,1,10000,estimated,bundle,text,unknown,,active,needs_review,needs_review,"가격 단위 추정, 복수 카드 가격, 배송비 포함 여부 미확정, 묶음·세트 총액 · 개별 카드 가격 아님",estimated,no,no,var safe = (window.dcAd && window.dcAd.safe == 1)
8bcdf6c6836f9ccfb4aedb28,pokemoncardgame,포켓몬 카드게임,2026-05,2026-05-08T08:09:10+09:00,known,e3a1194eb14514834f3d37f8,8bcdf6c6836f9ccfb4aedb28,111587,https://m.dcinside.com/board/pokemoncardgame/111587,봄드펄 소스,seller-ff6a3a325b8615ae7ba73f66,덕구네똘이,guest,loadScript 'https pagead,loadScript 'https pagead,loadScript('https://pagead,,,unknown,미분류,1,2,20000,estimated,bundle,text,unknown,,active,needs_review,needs_review,"가격 단위 추정, 복수 카드 가격, 배송비 포함 여부 미확정, 묶음·세트 총액 · 개별 카드 가격 아님",estimated,no,no,"loadScript('https://pagead2.googlesyndication.com/pagead/js/adsbygoogle_direct.js?client=ca-pub-8171468792791627', true, 'anonymous');"
8de390e888e865fe8a69bdf6,pokemoncardgame,포켓몬 카드게임,2026-05,2026-05-08T08:09:10+09:00,known,e3a1194eb14514834f3d37f8,8de390e888e865fe8a69bdf6,111587,https://m.dcinside.com/board/pokemoncardgame/111587,봄드펄 소스,seller-ff6a3a325b8615ae7ba73f66,덕구네똘이,guest,DOM 삽입 헬퍼 현재 스크립트 위치 기준,DOM 삽입 헬퍼 현재 스크립트 위치 기준,// ---- DOM 삽입 헬퍼 (현재 스크립트 위치 기준,,,unknown,미분류,1,1,10000,estimated,bundle,text,unknown,,active,needs_review,needs_review,"가격 단위 추정, 복수 카드 가격, 배송비 포함 여부 미확정, 묶음·세트 총액 · 개별 카드 가격 아님",estimated,no,no,// ---- DOM 삽입 헬퍼 (현재 스크립트 위치 기준1)
01a7174a0a7f871933621b6d,pokemoncardgame,포켓몬 카드게임,2026-05,2026-05-08T14:02:15+09:00,known,c91c196dc44f3b0f87379372,01a7174a0a7f871933621b6d,111619,https://m.dcinside.com/board/pokemoncardgame/111619,메루카 고레어 분할,seller-bf7f22d64b59437dc0ebe4e6,ㅇㅇ,guest,유빈 sar,유빈 sar,유빈 sar,,,unknown,미분류,1,1.5,15000,estimated,per_card,text,unknown,,active,needs_review,needs_review,"가격 단위 추정, 배송비 포함 여부 미확정",estimated,yes,candidate_estimated,유빈 sar 1.5
07ec089bd754912c130b2887,pokemoncardgame,포켓몬 카드게임,2026-05,2026-05-08T14:02:15+09:00,known,c91c196dc44f3b0f87379372,07ec089bd754912c130b2887,111619,https://m.dcinside.com/board/pokemoncardgame/111619,메루카 고레어 분할,seller-bf7f22d64b59437dc0ebe4e6,ㅇㅇ,guest,돌거폰 sar,돌거폰 sar,돌거폰 sar,,,unknown,미분류,1,1.4,14000,estimated,per_card,text,unknown,,active,needs_review,needs_review,"가격 단위 추정, 배송비 포함 여부 미확정",estimated,yes,candidate_estimated,돌거폰 sar 1.4
12aa77f299c20227d76d197a,pokemoncardgame,포켓몬 카드게임,2026-05,2026-05-08T14:02:15+09:00,known,c91c196dc44f3b0f87379372,12aa77f299c20227d76d197a,111619,https://m.dcinside.com/board/pokemoncardgame/111619,메루카 고레어 분할,seller-bf7f22d64b59437dc0ebe4e6,ㅇㅇ,guest,릴리에 sr,릴리에 sr,릴리에 sr,,,unknown,미분류,1,2.1,21000,estimated,per_card,text,unknown,,active,needs_review,needs_review,"가격 단위 추정, 배송비 포함 여부 미확정",estimated,yes,candidate_estimated,릴리에 sr 2.1
15f1777f4333150f8eace3bc,pokemoncardgame,포켓몬 카드게임,2026-05,2026-05-08T14:02:15+09:00,known,c91c196dc44f3b0f87379372,15f1777f4333150f8eace3bc,111619,https://m.dcinside.com/board/pokemoncardgame/111619,메루카 고레어 분할,seller-bf7f22d64b59437dc0ebe4e6,ㅇㅇ,guest,DOM 삽입 헬퍼 현재 스크립트 위치 기준,DOM 삽입 헬퍼 현재 스크립트 위치 기준,// ---- DOM 삽입 헬퍼 (현재 스크립트 위치 기준,,,unknown,미분류,1,1,10000,estimated,bundle,text,unknown,,active,needs_review,needs_review,"가격 단위 추정, 복수 카드 가격, 배송비 포함 여부 미확정, 묶음·세트 총액 · 개별 카드 가격 아님",estimated,no,no,// ---- DOM 삽입 헬퍼 (현재 스크립트 위치 기준1)
18eb617910eeec12daebb6e5,pokemoncardgame,포켓몬 카드게임,2026-05,2026-05-08T14:02:15+09:00,known,c91c196dc44f3b0f87379372,18eb617910eeec12daebb6e5,111619,https://m.dcinside.com/board/pokemoncardgame/111619,메루카 고레어 분할,seller-bf7f22d64b59437dc0ebe4e6,ㅇㅇ,guest,리오르 ar,리오르 ar,리오르 ar,,,unknown,미분류,1,0.07,700,estimated,per_card,text,unknown,,active,needs_review,needs_review,"가격 단위 추정, 배송비 포함 여부 미확정",estimated,yes,candidate_estimated,리오르 ar 0.07
1b2453bc4b1c68a76742cc6f,pokemoncardgame,포켓몬 카드게임,2026-05,2026-05-08T14:02:15+09:00,known,c91c196dc44f3b0f87379372,1b2453bc4b1c68a76742cc6f,111619,https://m.dcinside.com/board/pokemoncardgame/111619,메루카 고레어 분할,seller-bf7f22d64b59437dc0ebe4e6,ㅇㅇ,guest,크세로 제빈 각,크세로 제빈 각,"크세로,제빈 각",,,unknown,미분류,1,0.35,3500,estimated,bundle,text,unknown,,active,needs_review,needs_review,"가격 단위 추정, 복수 카드 가격, 배송비 포함 여부 미확정, 묶음·세트 총액 · 개별 카드 가격 아님",estimated,no,no,"크세로,제빈 각 0.35"
1b8bda11d20bcfd14dffda9d,pokemoncardgame,포켓몬 카드게임,2026-05,2026-05-08T14:02:15+09:00,known,c91c196dc44f3b0f87379372,1b8bda11d20bcfd14dffda9d,111619,https://m.dcinside.com/board/pokemoncardgame/111619,메루카 고레어 분할,seller-bf7f22d64b59437dc0ebe4e6,ㅇㅇ,guest,나옹 sr,나옹 sr,나옹 sr,,,unknown,미분류,1,0.8,8000,estimated,per_card,text,unknown,,active,needs_review,needs_review,"가격 단위 추정, 배송비 포함 여부 미확정",estimated,yes,candidate_estimated,나옹 sr 0.8
29978a1c4feee9d9f6cf3417,pokemoncardgame,포켓몬 카드게임,2026-05,2026-05-08T14:02:15+09:00,known,c91c196dc44f3b0f87379372,29978a1c4feee9d9f6cf3417,111619,https://m.dcinside.com/board/pokemoncardgame/111619,메루카 고레어 분할,seller-bf7f22d64b59437dc0ebe4e6,ㅇㅇ,guest,var safe = window.dcAd && window.dcAd.safe ==,var safe = window.dcAd && window.dcAd.safe ==,var safe = (window.dcAd && window.dcAd.safe ==,,,unknown,미분류,1,1,10000,estimated,bundle,text,unknown,,active,needs_review,needs_review,"가격 단위 추정, 복수 카드 가격, 배송비 포함 여부 미확정, 묶음·세트 총액 · 개별 카드 가격 아님",estimated,no,no,var safe = (window.dcAd && window.dcAd.safe == 1)
4ba186226a88e1d51d5b7e3f,pokemoncardgame,포켓몬 카드게임,2026-05,2026-05-08T14:02:15+09:00,known,c91c196dc44f3b0f87379372,4ba186226a88e1d51d5b7e3f,111619,https://m.dcinside.com/board/pokemoncardgame/111619,메루카 고레어 분할,seller-bf7f22d64b59437dc0ebe4e6,ㅇㅇ,guest,기로치 sr,기로치 sr,기로치 sr,,,unknown,미분류,1,0.7,7000,estimated,per_card,text,unknown,,active,needs_review,needs_review,"가격 단위 추정, 배송비 포함 여부 미확정",estimated,yes,candidate_estimated,기로치 sr 0.7
56e67ecb6accc890f9595cda,pokemoncardgame,포켓몬 카드게임,2026-05,2026-05-08T14:02:15+09:00,known,c91c196dc44f3b0f87379372,56e67ecb6accc890f9595cda,111619,https://m.dcinside.com/board/pokemoncardgame/111619,메루카 고레어 분할,seller-bf7f22d64b59437dc0ebe4e6,ㅇㅇ,guest,그래비티 마운틴 ur,그래비티 마운틴 ur,그래비티 마운틴 ur,,,unknown,미분류,1,0.7,7000,estimated,per_card,text,unknown,,active,needs_review,needs_review,"가격 단위 추정, 배송비 포함 여부 미확정",estimated,yes,candidate_estimated,그래비티 마운틴 ur 0.7
6bb3bd3189c0075b9b3c0907,pokemoncardgame,포켓몬 카드게임,2026-05,2026-05-08T14:02:15+09:00,known,c91c196dc44f3b0f87379372,6bb3bd3189c0075b9b3c0907,111619,https://m.dcinside.com/board/pokemoncardgame/111619,메루카 고레어 분할,seller-bf7f22d64b59437dc0ebe4e6,ㅇㅇ,guest,포켓몬 교체 ur,포켓몬 교체 ur,포켓몬 교체 ur,,,unknown,미분류,1,0.7,7000,estimated,per_card,text,unknown,,active,needs_review,needs_review,"가격 단위 추정, 배송비 포함 여부 미확정",estimated,yes,candidate_estimated,포켓몬 교체 ur 0.7
75ccf5cbc9fd062c6aee2dfd,pokemoncardgame,포켓몬 카드게임,2026-05,2026-05-08T14:02:15+09:00,known,c91c196dc44f3b0f87379372,75ccf5cbc9fd062c6aee2dfd,111619,https://m.dcinside.com/board/pokemoncardgame/111619,메루카 고레어 분할,seller-bf7f22d64b59437dc0ebe4e6,ㅇㅇ,guest,loadScript ' t,loadScript ' t,loadScript('//t,,,unknown,미분류,1,1,10000,estimated,bundle,text,unknown,,active,needs_review,needs_review,"가격 단위 추정, 복수 카드 가격, 배송비 포함 여부 미확정, 묶음·세트 총액 · 개별 카드 가격 아님",estimated,no,no,"loadScript('//t1.kakaocdn.net/kas/static/ba.min.js', true);"
786875f5d33b3cd1eed7f777,pokemoncardgame,포켓몬 카드게임,2026-05,2026-05-08T14:02:15+09:00,known,c91c196dc44f3b0f87379372,786875f5d33b3cd1eed7f777,111619,https://m.dcinside.com/board/pokemoncardgame/111619,메루카 고레어 분할,seller-bf7f22d64b59437dc0ebe4e6,ㅇㅇ,guest,하솔 sr,하솔 sr,하솔 sr,,,unknown,미분류,1,0.6,6000,estimated,per_card,text,unknown,,active,needs_review,needs_review,"가격 단위 추정, 배송비 포함 여부 미확정",estimated,yes,candidate_estimated,하솔 sr 0.6
7bc4ca77f2108a14f9872847,pokemoncardgame,포켓몬 카드게임,2026-05,2026-05-08T14:02:15+09:00,known,c91c196dc44f3b0f87379372,7bc4ca77f2108a14f9872847,111619,https://m.dcinside.com/board/pokemoncardgame/111619,메루카 고레어 분할,seller-bf7f22d64b59437dc0ebe4e6,ㅇㅇ,guest,cp6 격투에너지,cp6 격투에너지,cp6 격투에너지 장당,,,unknown,미분류,1,0.8,8000,estimated,per_card,text,unknown,,active,needs_review,needs_review,"가격 단위 추정, 배송비 포함 여부 미확정",estimated,yes,candidate_estimated,cp6 격투에너지 장당 0.8
7bebd7b095200e5f393e7856,pokemoncardgame,포켓몬 카드게임,2026-05,2026-05-08T14:02:15+09:00,known,c91c196dc44f3b0f87379372,7bebd7b095200e5f393e7856,111619,https://m.dcinside.com/board/pokemoncardgame/111619,메루카 고레어 분할,seller-bf7f22d64b59437dc0ebe4e6,ㅇㅇ,guest,파이팅공 하이퍼볼 프로틴 풍선 sr 각,파이팅공 하이퍼볼 프로틴 풍선 sr 각,"파이팅공,하이퍼볼,프로틴,풍선 sr 각",,,unknown,미분류,1,0.25,2500,estimated,bundle,text,unknown,,active,needs_review,needs_review,"가격 단위 추정, 복수 카드 가격, 배송비 포함 여부 미확정, 묶음·세트 총액 · 개별 카드 가격 아님",estimated,no,no,"파이팅공,하이퍼볼,프로틴,풍선 sr 각 0.25"
80fb3b428cefcb0230fb81d7,pokemoncardgame,포켓몬 카드게임,2026-05,2026-05-08T14:02:15+09:00,known,c91c196dc44f3b0f87379372,80fb3b428cefcb0230fb81d7,111619,https://m.dcinside.com/board/pokemoncardgame/111619,메루카 고레어 분할,seller-bf7f22d64b59437dc0ebe4e6,ㅇㅇ,guest,loadScript 'https pagead,loadScript 'https pagead,loadScript('https://pagead,,,unknown,미분류,1,2,20000,estimated,bundle,text,unknown,,active,needs_review,needs_review,"가격 단위 추정, 복수 카드 가격, 배송비 포함 여부 미확정, 묶음·세트 총액 · 개별 카드 가격 아님",estimated,no,no,"loadScript('https://pagead2.googlesyndication.com/pagead/js/adsbygoogle_direct.js?client=ca-pub-8171468792791627', true, 'anonymous');"
8aa3be4d01dc26be092fe846,pokemoncardgame,포켓몬 카드게임,2026-05,2026-05-08T14:02:15+09:00,known,c91c196dc44f3b0f87379372,8aa3be4d01dc26be092fe846,111619,https://m.dcinside.com/board/pokemoncardgame/111619,메루카 고레어 분할,seller-bf7f22d64b59437dc0ebe4e6,ㅇㅇ,guest,일괄 시,일괄 시,일괄구매시,,,unknown,미분류,1,25,250000,estimated,bundle,text,unknown,,active,needs_review,needs_review,"가격 단위 추정, 일괄·세트 가격, 배송비 포함 여부 미확정, 묶음·세트 총액 · 개별 카드 가격 아님",estimated,no,no,일괄구매시 25
909da8061f5b68a944bdd7d4,pokemoncardgame,포켓몬 카드게임,2026-05,2026-05-08T14:02:15+09:00,known,c91c196dc44f3b0f87379372,909da8061f5b68a944bdd7d4,111619,https://m.dcinside.com/board/pokemoncardgame/111619,메루카 고레어 분할,seller-bf7f22d64b59437dc0ebe4e6,ㅇㅇ,guest,민진 sr sar,민진 sr sar,민진 sr 0.4 sar,,,unknown,미분류,1,1.3,13000,estimated,per_card,text,unknown,,active,needs_review,needs_review,"가격 단위 추정, 배송비 포함 여부 미확정",estimated,yes,candidate_estimated,민진 sr 0.4 sar 1.3
9fbdf54da33332fdd66e47f5,pokemoncardgame,포켓몬 카드게임,2026-05,2026-05-08T14:02:15+09:00,known,c91c196dc44f3b0f87379372,9fbdf54da33332fdd66e47f5,111619,https://m.dcinside.com/board/pokemoncardgame/111619,메루카 고레어 분할,seller-bf7f22d64b59437dc0ebe4e6,ㅇㅇ,guest,cp6 악에너지,cp6 악에너지,cp6 악에너지,,,unknown,미분류,1,1.2,12000,estimated,per_card,text,unknown,,active,needs_review,needs_review,"가격 단위 추정, 배송비 포함 여부 미확정",estimated,yes,candidate_estimated,cp6 악에너지 1.2
a5bc7e70860f3d3f9d033a2b,pokemoncardgame,포켓몬 카드게임,2026-05,2026-05-08T14:02:15+09:00,known,c91c196dc44f3b0f87379372,a5bc7e70860f3d3f9d033a2b,111619,https://m.dcinside.com/board/pokemoncardgame/111619,메루카 고레어 분할,seller-bf7f22d64b59437dc0ebe4e6,ㅇㅇ,guest,암호 sr,암호 sr,암호 sr,,,unknown,미분류,1,0.5,5000,estimated,per_card,text,unknown,,active,needs_review,needs_review,"가격 단위 추정, 배송비 포함 여부 미확정",estimated,yes,candidate_estimated,암호 sr 0.5
abf9567657e521a9ab547230,pokemoncardgame,포켓몬 카드게임,2026-05,2026-05-08T14:02:15+09:00,known,c91c196dc44f3b0f87379372,abf9567657e521a9ab547230,111619,https://m.dcinside.com/board/pokemoncardgame/111619,메루카 고레어 분할,seller-bf7f22d64b59437dc0ebe4e6,ㅇㅇ,guest,보스 sr sar,보스 sr sar,보스 sr 0.9 sar,,,unknown,미분류,1,1.9,19000,estimated,per_card,text,unknown,,active,needs_review,needs_review,"가격 단위 추정, 배송비 포함 여부 미확정",estimated,yes,candidate_estimated,보스 sr 0.9 sar 1.9
bfbfef38b4da15ec1bf81f63,pokemoncardgame,포켓몬 카드게임,2026-05,2026-05-08T14:02:15+09:00,known,c91c196dc44f3b0f87379372,bfbfef38b4da15ec1bf81f63,111619,https://m.dcinside.com/board/pokemoncardgame/111619,메루카 고레어 분할,seller-bf7f22d64b59437dc0ebe4e6,ㅇㅇ,guest,포켓패드 sr,포켓패드 sr,포켓패드 sr,,,unknown,미분류,1,0.45,4500,estimated,per_card,text,unknown,,active,needs_review,needs_review,"가격 단위 추정, 배송비 포함 여부 미확정",estimated,yes,candidate_estimated,포켓패드 sr 0.45
cb118c2052bf92a45abb184b,pokemoncardgame,포켓몬 카드게임,2026-05,2026-05-08T14:02:15+09:00,known,c91c196dc44f3b0f87379372,cb118c2052bf92a45abb184b,111619,https://m.dcinside.com/board/pokemoncardgame/111619,메루카 고레어 분할,seller-bf7f22d64b59437dc0ebe4e6,ㅇㅇ,guest,시유 sr,시유 sr,시유 sr,,,unknown,미분류,1,0.4,4000,estimated,per_card,text,unknown,,active,needs_review,needs_review,"가격 단위 추정, 배송비 포함 여부 미확정",estimated,yes,candidate_estimated,시유 sr 0.4
d927b75da3497d81fdf8d34e,pokemoncardgame,포켓몬 카드게임,2026-05,2026-05-08T14:02:15+09:00,known,c91c196dc44f3b0f87379372,d927b75da3497d81fdf8d34e,111619,https://m.dcinside.com/board/pokemoncardgame/111619,메루카 고레어 분할,seller-bf7f22d64b59437dc0ebe4e6,ㅇㅇ,guest,이야후 ar,이야후 ar,이야후 ar,,,unknown,미분류,1,0.5,5000,estimated,per_card,text,unknown,,active,needs_review,needs_review,"가격 단위 추정, 배송비 포함 여부 미확정",estimated,yes,candidate_estimated,이야후 ar 0.5
db8f51e65a5961d9e7032683,pokemoncardgame,포켓몬 카드게임,2026-05,2026-05-08T14:02:15+09:00,known,c91c196dc44f3b0f87379372,db8f51e65a5961d9e7032683,111619,https://m.dcinside.com/board/pokemoncardgame/111619,메루카 고레어 분할,seller-bf7f22d64b59437dc0ebe4e6,ㅇㅇ,guest,메루카 sar sr ma,메루카 sar sr ma,메루카 sar 2.8 sr 0.3 ma,,,unknown,미분류,1,0.7,7000,estimated,per_card,text,unknown,,active,needs_review,needs_review,"가격 단위 추정, 배송비 포함 여부 미확정",estimated,yes,candidate_estimated,메루카 sar 2.8 sr 0.3 ma 0.7
f745d521248ad14ba7f99e39,pokemoncardgame,포켓몬 카드게임,2026-05,2026-05-08T14:02:15+09:00,known,c91c196dc44f3b0f87379372,f745d521248ad14ba7f99e39,111619,https://m.dcinside.com/board/pokemoncardgame/111619,메루카 고레어 분할,seller-bf7f22d64b59437dc0ebe4e6,ㅇㅇ,guest,배틀콜로세움 sr,배틀콜로세움 sr,배틀콜로세움 sr,,,unknown,미분류,1,0.3,3000,estimated,per_card,text,unknown,,active,needs_review,needs_review,"가격 단위 추정, 배송비 포함 여부 미확정",estimated,yes,candidate_estimated,배틀콜로세움 sr 0.3
4600bfe4b4d27f0a8f574076,pokemoncardgame,포켓몬 카드게임,2026-05,2026-05-08T15:11:08+09:00,known,7185d21fc963b5e7fd02223d,4600bfe4b4d27f0a8f574076,111630,https://m.dcinside.com/board/pokemoncardgame/111630,썬문 하이퍼볼 UR 4장 일괄 판매합니다.,seller-ef0b1d20ab971a9795ba2e22,Darknes..,registered,,,,,,unknown,미분류,4,8.0,80000,estimated,per_quantity,text,unknown,,active,needs_review,needs_review,"가격 단위 추정, 배송비 포함 여부 미확정, 카드명 확인 필요, 복수 수량 총액 · 카드 1장 가격 아님",estimated,no,no,4장 8.0에 판매해봅니다. (택비는 따로 추가)
390359ea6e4015fb4e7a0fc6,pokemoncardgame,포켓몬 카드게임,2026-05,2026-05-08T17:05:11+09:00,known,a94c16060ecc70b442ff256c,390359ea6e4015fb4e7a0fc6,111651,https://m.dcinside.com/board/pokemoncardgame/111651,메가개굴닌자ex sar ㅍㅍ,seller-eb6ae1a2ccfc1d05826d5d11,라로,guest,var safe = window.dcAd && window.dcAd.safe ==,var safe = window.dcAd && window.dcAd.safe ==,var safe = (window.dcAd && window.dcAd.safe ==,,,unknown,미분류,1,1,10000,estimated,bundle,text,unknown,,active,needs_review,needs_review,"가격 단위 추정, 복수 카드 가격, 배송비 포함 여부 미확정, 묶음·세트 총액 · 개별 카드 가격 아님",estimated,no,no,var safe = (window.dcAd && window.dcAd.safe == 1)
af74ca8c4ffa721303766c0e,pokemoncardgame,포켓몬 카드게임,2026-05,2026-05-08T17:05:11+09:00,known,a94c16060ecc70b442ff256c,af74ca8c4ffa721303766c0e,111651,https://m.dcinside.com/board/pokemoncardgame/111651,메가개굴닌자ex sar ㅍㅍ,seller-eb6ae1a2ccfc1d05826d5d11,라로,guest,loadScript ' t,loadScript ' t,loadScript('//t,,,unknown,미분류,1,1,10000,estimated,bundle,text,unknown,,active,needs_review,needs_review,"가격 단위 추정, 복수 카드 가격, 배송비 포함 여부 미확정, 묶음·세트 총액 · 개별 카드 가격 아님",estimated,no,no,"loadScript('//t1.kakaocdn.net/kas/static/ba.min.js', true);"
b0703eb4c1470189eafcea26,pokemoncardgame,포켓몬 카드게임,2026-05,2026-05-08T17:05:11+09:00,known,a94c16060ecc70b442ff256c,b0703eb4c1470189eafcea26,111651,https://m.dcinside.com/board/pokemoncardgame/111651,메가개굴닌자ex sar ㅍㅍ,seller-eb6ae1a2ccfc1d05826d5d11,라로,guest,loadScript 'https pagead,loadScript 'https pagead,loadScript('https://pagead,,,unknown,미분류,1,2,20000,estimated,bundle,text,unknown,,active,needs_review,needs_review,"가격 단위 추정, 복수 카드 가격, 배송비 포함 여부 미확정, 묶음·세트 총액 · 개별 카드 가격 아님",estimated,no,no,"loadScript('https://pagead2.googlesyndication.com/pagead/js/adsbygoogle_direct.js?client=ca-pub-8171468792791627', true, 'anonymous');"
fe55676d6b75d4c15c423c08,pokemoncardgame,포켓몬 카드게임,2026-05,2026-05-08T17:05:11+09:00,known,a94c16060ecc70b442ff256c,fe55676d6b75d4c15c423c08,111651,https://m.dcinside.com/board/pokemoncardgame/111651,메가개굴닌자ex sar ㅍㅍ,seller-eb6ae1a2ccfc1d05826d5d11,라로,guest,DOM 삽입 헬퍼 현재 스크립트 위치 기준,DOM 삽입 헬퍼 현재 스크립트 위치 기준,// ---- DOM 삽입 헬퍼 (현재 스크립트 위치 기준,,,unknown,미분류,1,1,10000,estimated,bundle,text,unknown,,active,needs_review,needs_review,"가격 단위 추정, 복수 카드 가격, 배송비 포함 여부 미확정, 묶음·세트 총액 · 개별 카드 가격 아님",estimated,no,no,// ---- DOM 삽입 헬퍼 (현재 스크립트 위치 기준1)
898cb0aba452597229574dc3,pokemoncardgame,포켓몬 카드게임,2026-05,2026-05-08T18:55:52+09:00,known,319592b93c6eb5796563e69f,898cb0aba452597229574dc3,111668,https://m.dcinside.com/board/pokemoncardgame/111668,개닌 mur ㅍㅍ,seller-51447db26eeb90b0124d315b,포갤러,registered,개닌 mur,개닌 mur,개닌 mur,,,unknown,미분류,1,38,380000,estimated,per_card,text,unknown,,active,needs_review,needs_review,"가격 단위 추정, 배송비 포함 여부 미확정",estimated,yes,candidate_estimated,개닌 mur 38에 ㅍㅍ
d12b9a19a7f09e076430cd84,pokemoncardgame,포켓몬 카드게임,2026-05,2026-05-08T19:13:48+09:00,known,fd193a6733919ee2e9ce17ca,d12b9a19a7f09e076430cd84,111669,https://m.dcinside.com/board/pokemoncardgame/111669,봄드펄 소스 구매합니다,seller-ee075e1ba04a64e34c284027,우루루루,registered,,,,,,unknown,미분류,1,2.3,23000,estimated,bundle,text,unknown,,active,needs_review,needs_review,"가격 단위 추정, 일괄·세트 가격, 배송비 포함 여부 미확정, 카드명 확인 필요, 묶음·세트 총액 · 개별 카드 가격 아님",estimated,no,no,일괄 2.3에 구매합니다
7ceabc5b03db514ce3b158ef,pokemoncardgame,포켓몬 카드게임,2026-05,2026-05-08T19:50:33+09:00,known,a520eb52837e906b8e614c95,7ceabc5b03db514ce3b158ef,111671,https://m.dcinside.com/board/pokemoncardgame/111671,일요일 대전 매트대회 직으로 카드 구해봅니드아,seller-036fd5be866253cfa5a9a9ed,솔라미,registered,포켓패드 sr,포켓패드 sr,포켓패드 sr - 장당,,,unknown,미분류,4,0.5,5000,estimated,per_card,text,unknown,,active,needs_review,needs_review,"가격 단위 추정, 배송비 포함 여부 미확정",estimated,yes,candidate_estimated,포켓패드 sr 4장 - 장당 0.5
d1ce4e52a8e492615b1202df,pokemoncardgame,포켓몬 카드게임,2026-05,2026-05-08T19:50:33+09:00,known,a520eb52837e906b8e614c95,d1ce4e52a8e492615b1202df,111671,https://m.dcinside.com/board/pokemoncardgame/111671,일요일 대전 매트대회 직으로 카드 구해봅니드아,seller-036fd5be866253cfa5a9a9ed,솔라미,registered,하솔 sar,하솔 sar,하솔 sar,,,unknown,미분류,1,1.7,17000,estimated,per_card,text,unknown,,active,needs_review,needs_review,"가격 단위 추정, 배송비 포함 여부 미확정",estimated,yes,candidate_estimated,하솔 sar 1장 - 1.7
ddc5466c3969b0f11cf78f15,pokemoncardgame,포켓몬 카드게임,2026-05,2026-05-08T19:50:33+09:00,known,a520eb52837e906b8e614c95,ddc5466c3969b0f11cf78f15,111671,https://m.dcinside.com/board/pokemoncardgame/111671,일요일 대전 매트대회 직으로 카드 구해봅니드아,seller-036fd5be866253cfa5a9a9ed,솔라미,registered,악 에너지 sr,악 에너지 sr,악 에너지 sr - 장당,,,unknown,미분류,2,0.3,3000,estimated,per_card,text,unknown,,active,needs_review,needs_review,"가격 단위 추정, 배송비 포함 여부 미확정",estimated,yes,candidate_estimated,악 에너지 sr 2장 - 장당 0.3
f3309974267cdeacc7177280,pokemoncardgame,포켓몬 카드게임,2026-05,2026-05-08T19:50:33+09:00,known,a520eb52837e906b8e614c95,f3309974267cdeacc7177280,111671,https://m.dcinside.com/board/pokemoncardgame/111671,일요일 대전 매트대회 직으로 카드 구해봅니드아,seller-036fd5be866253cfa5a9a9ed,솔라미,registered,초 에너지 sr,초 에너지 sr,초 에너지 sr - 장당,,,unknown,미분류,2,0.3,3000,estimated,per_card,text,unknown,,active,needs_review,needs_review,"가격 단위 추정, 배송비 포함 여부 미확정",estimated,yes,candidate_estimated,초 에너지 sr 2장 - 장당 0.3
00e58e3519326520cfec97b5,pokemoncardgame,포켓몬 카드게임,2026-05,2026-05-08T23:05:57+09:00,known,b05bff50e5204429d6a95d0a,00e58e3519326520cfec97b5,111717,https://m.dcinside.com/board/pokemoncardgame/111717,"메개닌 SR, 제르네아스 AR, 푸호꼬 AR 팔아욧",seller-740bea36d8d1bd3f8730fc04,항귄,registered,택 반택,택 반택,택 0.4 반택,,,unknown,미분류,1,0.2,2000,estimated,per_card,text,unknown,,active,needs_review,needs_review,"가격 단위 추정, 배송비 포함 여부 미확정",estimated,yes,candidate_estimated,택 0.4 반택 0.2
fdd89d9e0e6f9649cfa44aeb,pokemoncardgame,포켓몬 카드게임,2026-05,2026-05-08T23:05:57+09:00,known,b05bff50e5204429d6a95d0a,fdd89d9e0e6f9649cfa44aeb,111717,https://m.dcinside.com/board/pokemoncardgame/111717,"메개닌 SR, 제르네아스 AR, 푸호꼬 AR 팔아욧",seller-740bea36d8d1bd3f8730fc04,항귄,registered,메개닌,메개닌,메개닌,,,unknown,미분류,1,0.7,7000,estimated,per_card,text,unknown,,active,needs_review,needs_review,"가격 단위 추정, 배송비 포함 여부 미확정",estimated,yes,candidate_estimated,메개닌 0.7
da99001549a9ba981f4608a1,pokemoncardgame,포켓몬 카드게임,2026-05,2026-05-09T00:13:03+09:00,known,ab0566730e506c5392a1c739,da99001549a9ba981f4608a1,111733,https://m.dcinside.com/board/pokemoncardgame/111733,메가루카리오 덱 삽니당,seller-51447db26eeb90b0124d315b,포갤러,registered,초짜라 복잡한거 없는 덱으로 사고싶어요! 굳이 메가 루카리오 아니더라도 초보용 덱이면 살 의향 있습니다,초짜라 복잡한거 없는 덱으로 사고싶어요! 굳이 메가 루카리오 아니더라도 초보용 덱이면 살 의향 있습니다,초짜라 복잡한거 없는 덱으로 사고싶어요! 굳이 메가 루카리오 아니더라도 초보용 덱이면 살 의향 있습니다,,,unknown,미분류,1,3.5,35000,estimated,bundle,text,unknown,,active,needs_review,needs_review,"가격 단위 추정, 배송비 포함 여부 미확정, 묶음·세트 총액 · 개별 카드 가격 아님",estimated,no,no,초짜라 복잡한거 없는 덱으로 사고싶어요! 굳이 메가 루카리오 아니더라도 초보용 덱이면 살 의향 있습니다 3.5정도로 생각하고 있는데 당연히 변동 있을수 있습니당
46cd34f500c5b17cc7ca2f19,pokemoncardgame,포켓몬 카드게임,2026-05,2026-05-09T18:51:26+09:00,known,3639d32a20aeabf2f46d4090,46cd34f500c5b17cc7ca2f19,111807,https://m.dcinside.com/board/pokemoncardgame/111807,대전 직으로 덱소스 몇장구해봐요,seller-af6e37a3c062072afc49eb3d,슥삭슥삭,guest,메가루카리오ex RR,메가루카리오ex RR,메가루카리오ex RR,,,unknown,미분류,1,0.1,1000,estimated,per_card,text,unknown,,active,needs_review,needs_review,"가격 단위 추정, 배송비 포함 여부 미확정",estimated,yes,candidate_estimated,메가루카리오ex RR 0.1
c187f033f31b56db03a7a0d5,pokemoncardgame,포켓몬 카드게임,2026-05,2026-05-09T18:51:26+09:00,known,3639d32a20aeabf2f46d4090,c187f033f31b56db03a7a0d5,111807,https://m.dcinside.com/board/pokemoncardgame/111807,대전 직으로 덱소스 몇장구해봐요,seller-af6e37a3c062072afc49eb3d,슥삭슥삭,guest,메가루카리오ex SR,메가루카리오ex SR,메가루카리오ex SR,,,unknown,미분류,1,0.3,3000,estimated,per_card,text,unknown,,active,needs_review,needs_review,"가격 단위 추정, 배송비 포함 여부 미확정",estimated,yes,candidate_estimated,메가루카리오ex SR 0.3
07225df4fad67cb40b7f93b2,pokemoncardgame,포켓몬 카드게임,2026-05,2026-05-09T20:32:56+09:00,known,f04feefc973b0bc0920e14c8,07225df4fad67cb40b7f93b2,111824,https://m.dcinside.com/board/pokemoncardgame/111824,덱소스 삽니다,seller-d134ff5613591dbaed7f1dcb,ㅇㅇ,guest,,,,,,unknown,미분류,1,11000,11000,exact,bundle,text,unknown,,active,needs_review,needs_review,"일괄·세트 가격, 배송비 포함 여부 미확정, 카드명 확인 필요, 묶음·세트 총액 · 개별 카드 가격 아님",exact,no,no,일괄 11000원에 사고
6e22dc8fe8378f339f38640e,pokemoncardgame,포켓몬 카드게임,2026-05,2026-05-09T21:28:00+09:00,known,08ff737626af898438ef9ed3,6e22dc8fe8378f339f38640e,111833,https://m.dcinside.com/board/pokemoncardgame/111833,매엡캥 ㅍㅍ,seller-ed5c8dfc9e214cbb5cce8047,이하울님,registered,loadScript ' t,loadScript ' t,loadScript('//t,,,unknown,미분류,1,1,10000,estimated,bundle,text,unknown,,active,needs_review,needs_review,"가격 단위 추정, 복수 카드 가격, 배송비 포함 여부 미확정, 묶음·세트 총액 · 개별 카드 가격 아님",estimated,no,no,"loadScript('//t1.kakaocdn.net/kas/static/ba.min.js', true);"
85a1c36dc4b036c5bab5c86f,pokemoncardgame,포켓몬 카드게임,2026-05,2026-05-09T21:28:00+09:00,known,08ff737626af898438ef9ed3,85a1c36dc4b036c5bab5c86f,111833,https://m.dcinside.com/board/pokemoncardgame/111833,매엡캥 ㅍㅍ,seller-ed5c8dfc9e214cbb5cce8047,이하울님,registered,loadScript 'https pagead,loadScript 'https pagead,loadScript('https://pagead,,,unknown,미분류,1,2,20000,estimated,bundle,text,unknown,,active,needs_review,needs_review,"가격 단위 추정, 복수 카드 가격, 배송비 포함 여부 미확정, 묶음·세트 총액 · 개별 카드 가격 아님",estimated,no,no,"loadScript('https://pagead2.googlesyndication.com/pagead/js/adsbygoogle_direct.js?client=ca-pub-8171468792791627', true, 'anonymous');"
943cfa1362285ffe6f6aa8a5,pokemoncardgame,포켓몬 카드게임,2026-05,2026-05-09T21:28:00+09:00,known,08ff737626af898438ef9ed3,943cfa1362285ffe6f6aa8a5,111833,https://m.dcinside.com/board/pokemoncardgame/111833,매엡캥 ㅍㅍ,seller-ed5c8dfc9e214cbb5cce8047,이하울님,registered,var safe = window.dcAd && window.dcAd.safe ==,var safe = window.dcAd && window.dcAd.safe ==,var safe = (window.dcAd && window.dcAd.safe ==,,,unknown,미분류,1,1,10000,estimated,bundle,text,unknown,,active,needs_review,needs_review,"가격 단위 추정, 복수 카드 가격, 배송비 포함 여부 미확정, 묶음·세트 총액 · 개별 카드 가격 아님",estimated,no,no,var safe = (window.dcAd && window.dcAd.safe == 1)
aafaa0d27dd717a16f320c5c,pokemoncardgame,포켓몬 카드게임,2026-05,2026-05-09T21:28:00+09:00,known,08ff737626af898438ef9ed3,aafaa0d27dd717a16f320c5c,111833,https://m.dcinside.com/board/pokemoncardgame/111833,매엡캥 ㅍㅍ,seller-ed5c8dfc9e214cbb5cce8047,이하울님,registered,DOM 삽입 헬퍼 현재 스크립트 위치 기준,DOM 삽입 헬퍼 현재 스크립트 위치 기준,// ---- DOM 삽입 헬퍼 (현재 스크립트 위치 기준,,,unknown,미분류,1,1,10000,estimated,bundle,text,unknown,,active,needs_review,needs_review,"가격 단위 추정, 복수 카드 가격, 배송비 포함 여부 미확정, 묶음·세트 총액 · 개별 카드 가격 아님",estimated,no,no,// ---- DOM 삽입 헬퍼 (현재 스크립트 위치 기준1)
37684d58821af4646751acaa,pokemoncardgame,포켓몬 카드게임,2026-05,2026-05-09T23:52:13+09:00,known,e8cea21267f59e3b2eb8f7b7,37684d58821af4646751acaa,111869,https://m.dcinside.com/board/pokemoncardgame/111869,딱접으로 이것저것 팝니다,seller-070b63f585c96589dfb47870,바렛파킹,guest,loadScript 'https pagead,loadScript 'https pagead,loadScript('https://pagead,,,unknown,미분류,1,2,20000,estimated,bundle,text,unknown,,active,needs_review,needs_review,"가격 단위 추정, 복수 카드 가격, 배송비 포함 여부 미확정, 묶음·세트 총액 · 개별 카드 가격 아님",estimated,no,no,"loadScript('https://pagead2.googlesyndication.com/pagead/js/adsbygoogle_direct.js?client=ca-pub-8171468792791627', true, 'anonymous');"
382b6be367dfef69aad15f5d,pokemoncardgame,포켓몬 카드게임,2026-05,2026-05-09T23:52:13+09:00,known,e8cea21267f59e3b2eb8f7b7,382b6be367dfef69aad15f5d,111869,https://m.dcinside.com/board/pokemoncardgame/111869,딱접으로 이것저것 팝니다,seller-070b63f585c96589dfb47870,바렛파킹,guest,로켓단 뮤츠덱,로켓단 뮤츠덱,로켓단 뮤츠덱,,,unknown,미분류,1,10,100000,estimated,bundle,text,unknown,,active,needs_review,needs_review,"가격 단위 추정, 배송비 포함 여부 미확정, 묶음·세트 총액 · 개별 카드 가격 아님",estimated,no,no,로켓단 뮤츠덱 10
5b382fb33ef9228438d28048,pokemoncardgame,포켓몬 카드게임,2026-05,2026-05-09T23:52:13+09:00,known,e8cea21267f59e3b2eb8f7b7,5b382fb33ef9228438d28048,111869,https://m.dcinside.com/board/pokemoncardgame/111869,딱접으로 이것저것 팝니다,seller-070b63f585c96589dfb47870,바렛파킹,guest,DOM 삽입 헬퍼 현재 스크립트 위치 기준,DOM 삽입 헬퍼 현재 스크립트 위치 기준,// ---- DOM 삽입 헬퍼 (현재 스크립트 위치 기준,,,unknown,미분류,1,1,10000,estimated,bundle,text,unknown,,active,needs_review,needs_review,"가격 단위 추정, 복수 카드 가격, 배송비 포함 여부 미확정, 묶음·세트 총액 · 개별 카드 가격 아님",estimated,no,no,// ---- DOM 삽입 헬퍼 (현재 스크립트 위치 기준1)
8dbea4956debd1ead12d6a85,pokemoncardgame,포켓몬 카드게임,2026-05,2026-05-09T23:52:13+09:00,known,e8cea21267f59e3b2eb8f7b7,8dbea4956debd1ead12d6a85,111869,https://m.dcinside.com/board/pokemoncardgame/111869,딱접으로 이것저것 팝니다,seller-070b63f585c96589dfb47870,바렛파킹,guest,loadScript ' t,loadScript ' t,loadScript('//t,,,unknown,미분류,1,1,10000,estimated,bundle,text,unknown,,active,needs_review,needs_review,"가격 단위 추정, 복수 카드 가격, 배송비 포함 여부 미확정, 묶음·세트 총액 · 개별 카드 가격 아님",estimated,no,no,"loadScript('//t1.kakaocdn.net/kas/static/ba.min.js', true);"
9e3e27d8024875f6d26b1bec,pokemoncardgame,포켓몬 카드게임,2026-05,2026-05-09T23:52:13+09:00,known,e8cea21267f59e3b2eb8f7b7,9e3e27d8024875f6d26b1bec,111869,https://m.dcinside.com/board/pokemoncardgame/111869,딱접으로 이것저것 팝니다,seller-070b63f585c96589dfb47870,바렛파킹,guest,var safe = window.dcAd && window.dcAd.safe ==,var safe = window.dcAd && window.dcAd.safe ==,var safe = (window.dcAd && window.dcAd.safe ==,,,unknown,미분류,1,1,10000,estimated,bundle,text,unknown,,active,needs_review,needs_review,"가격 단위 추정, 복수 카드 가격, 배송비 포함 여부 미확정, 묶음·세트 총액 · 개별 카드 가격 아님",estimated,no,no,var safe = (window.dcAd && window.dcAd.safe == 1)
a44b04d3c7402acac45bfa5b,pokemoncardgame,포켓몬 카드게임,2026-05,2026-05-09T23:52:13+09:00,known,e8cea21267f59e3b2eb8f7b7,a44b04d3c7402acac45bfa5b,111869,https://m.dcinside.com/board/pokemoncardgame/111869,딱접으로 이것저것 팝니다,seller-070b63f585c96589dfb47870,바렛파킹,guest,시,시,구매시,,,unknown,미분류,1,23,230000,estimated,bundle,text,unknown,,active,needs_review,needs_review,"가격 단위 추정, 일괄·세트 가격, 배송비 포함 여부 미확정, 묶음·세트 총액 · 개별 카드 가격 아님",estimated,no,no,일괄 구매시 23에 드립니다
a905eeebd548af8ea8c1035b,pokemoncardgame,포켓몬 카드게임,2026-05,2026-05-09T23:52:13+09:00,known,e8cea21267f59e3b2eb8f7b7,a905eeebd548af8ea8c1035b,111869,https://m.dcinside.com/board/pokemoncardgame/111869,딱접으로 이것저것 팝니다,seller-070b63f585c96589dfb47870,바렛파킹,guest,덱소스,덱소스,덱소스,,,unknown,미분류,1,1.8,18000,estimated,bundle,text,unknown,,active,needs_review,needs_review,"가격 단위 추정, 배송비 포함 여부 미확정, 묶음·세트 총액 · 개별 카드 가격 아님",estimated,no,no,덱소스 1.8
e1f8f5614fbd9ad34cc10c78,pokemoncardgame,포켓몬 카드게임,2026-05,2026-05-09T23:52:13+09:00,known,e8cea21267f59e3b2eb8f7b7,e1f8f5614fbd9ad34cc10c78,111869,https://m.dcinside.com/board/pokemoncardgame/111869,딱접으로 이것저것 팝니다,seller-070b63f585c96589dfb47870,바렛파킹,guest,개닌드펄덱,개닌드펄덱,개닌드펄덱,,,unknown,미분류,1,15,150000,estimated,bundle,text,unknown,,active,needs_review,needs_review,"가격 단위 추정, 배송비 포함 여부 미확정, 묶음·세트 총액 · 개별 카드 가격 아님",estimated,no,no,개닌드펄덱 15
3282dfdd500e60169ecf85c0,pokemoncardgame,포켓몬 카드게임,2026-05,2026-05-09T23:57:47+09:00,known,5a38d97d280759168fbd9cb0,3282dfdd500e60169ecf85c0,111872,https://m.dcinside.com/board/pokemoncardgame/111872,로켓단 덱 ㅍㅍ,seller-c35e7f08e0f0239dcc0629c0,호령,registered,loadScript 'https pagead,loadScript 'https pagead,loadScript('https://pagead,,,unknown,미분류,1,2,20000,estimated,bundle,text,unknown,,active,needs_review,needs_review,"가격 단위 추정, 복수 카드 가격, 배송비 포함 여부 미확정, 묶음·세트 총액 · 개별 카드 가격 아님",estimated,no,no,"loadScript('https://pagead2.googlesyndication.com/pagead/js/adsbygoogle_direct.js?client=ca-pub-8171468792791627', true, 'anonymous');"
672f4cf8fa87bdd58eb4c44a,pokemoncardgame,포켓몬 카드게임,2026-05,2026-05-09T23:57:47+09:00,known,5a38d97d280759168fbd9cb0,672f4cf8fa87bdd58eb4c44a,111872,https://m.dcinside.com/board/pokemoncardgame/111872,로켓단 덱 ㅍㅍ,seller-c35e7f08e0f0239dcc0629c0,호령,registered,loadScript ' t,loadScript ' t,loadScript('//t,,,unknown,미분류,1,1,10000,estimated,bundle,text,unknown,,active,needs_review,needs_review,"가격 단위 추정, 복수 카드 가격, 배송비 포함 여부 미확정, 묶음·세트 총액 · 개별 카드 가격 아님",estimated,no,no,"loadScript('//t1.kakaocdn.net/kas/static/ba.min.js', true);"
7a508eaffbfab6d24602ac1d,pokemoncardgame,포켓몬 카드게임,2026-05,2026-05-09T23:57:47+09:00,known,5a38d97d280759168fbd9cb0,7a508eaffbfab6d24602ac1d,111872,https://m.dcinside.com/board/pokemoncardgame/111872,로켓단 덱 ㅍㅍ,seller-c35e7f08e0f0239dcc0629c0,호령,registered,두번째 사진에 남는 여분 카드들도 같이해서,두번째 사진에 남는 여분 카드들도 같이해서,두번째 사진에 남는 여분 카드들도 같이해서,,,unknown,미분류,1,5,50000,estimated,per_card,text,unknown,,active,needs_review,needs_review,"가격 단위 추정, 배송비 포함 여부 미확정",estimated,yes,candidate_estimated,두번째 사진에 남는 여분 카드들도 같이해서 5에 팔아봅니다.
9a18f1f429ae64f2a4f12292,pokemoncardgame,포켓몬 카드게임,2026-05,2026-05-09T23:57:47+09:00,known,5a38d97d280759168fbd9cb0,9a18f1f429ae64f2a4f12292,111872,https://m.dcinside.com/board/pokemoncardgame/111872,로켓단 덱 ㅍㅍ,seller-c35e7f08e0f0239dcc0629c0,호령,registered,var safe = window.dcAd && window.dcAd.safe ==,var safe = window.dcAd && window.dcAd.safe ==,var safe = (window.dcAd && window.dcAd.safe ==,,,unknown,미분류,1,1,10000,estimated,bundle,text,unknown,,active,needs_review,needs_review,"가격 단위 추정, 복수 카드 가격, 배송비 포함 여부 미확정, 묶음·세트 총액 · 개별 카드 가격 아님",estimated,no,no,var safe = (window.dcAd && window.dcAd.safe == 1)
eeee5be78f51ea8c873dbcbc,pokemoncardgame,포켓몬 카드게임,2026-05,2026-05-09T23:57:47+09:00,known,5a38d97d280759168fbd9cb0,eeee5be78f51ea8c873dbcbc,111872,https://m.dcinside.com/board/pokemoncardgame/111872,로켓단 덱 ㅍㅍ,seller-c35e7f08e0f0239dcc0629c0,호령,registered,DOM 삽입 헬퍼 현재 스크립트 위치 기준,DOM 삽입 헬퍼 현재 스크립트 위치 기준,// ---- DOM 삽입 헬퍼 (현재 스크립트 위치 기준,,,unknown,미분류,1,1,10000,estimated,bundle,text,unknown,,active,needs_review,needs_review,"가격 단위 추정, 복수 카드 가격, 배송비 포함 여부 미확정, 묶음·세트 총액 · 개별 카드 가격 아님",estimated,no,no,// ---- DOM 삽입 헬퍼 (현재 스크립트 위치 기준1)
0b0a6384fccf85162c81dacb,pokemoncardgame,포켓몬 카드게임,2026-05,2026-05-10T00:49:44+09:00,known,c9e7d7c53c9da58e58b85a77,0b0a6384fccf85162c81dacb,111883,https://m.dcinside.com/board/pokemoncardgame/111883,역삼직으로 XY 배틀컴프레서 2장 구해봅니다.,seller-ef0b1d20ab971a9795ba2e22,Darknes..,registered,냄새꼬 sm,냄새꼬 sm,냄새꼬 (sm,,,unknown,미분류,1,10,100000,estimated,per_card,text,unknown,,active,needs_review,needs_review,"가격 단위 추정, 배송비 포함 여부 미확정",estimated,yes,candidate_estimated,냄새꼬 (sm10) 1 - 0.1
46f4bae2cbd198c45afdc3d4,pokemoncardgame,포켓몬 카드게임,2026-05,2026-05-10T00:49:44+09:00,known,c9e7d7c53c9da58e58b85a77,46f4bae2cbd198c45afdc3d4,111883,https://m.dcinside.com/board/pokemoncardgame/111883,역삼직으로 XY 배틀컴프레서 2장 구해봅니다.,seller-ef0b1d20ab971a9795ba2e22,Darknes..,registered,데덴네 GX,데덴네 GX,데덴네 GX 1,,,unknown,미분류,1,0.8,8000,estimated,per_card,text,unknown,,active,needs_review,needs_review,"가격 단위 추정, 배송비 포함 여부 미확정",estimated,yes,candidate_estimated,데덴네 GX 1 - 0.8
74a2455338bc1c6bc9f7aa15,pokemoncardgame,포켓몬 카드게임,2026-05,2026-05-10T00:49:44+09:00,known,c9e7d7c53c9da58e58b85a77,74a2455338bc1c6bc9f7aa15,111883,https://m.dcinside.com/board/pokemoncardgame/111883,역삼직으로 XY 배틀컴프레서 2장 구해봅니다.,seller-ef0b1d20ab971a9795ba2e22,Darknes..,registered,마자용 XY 특성 참기벽,마자용 XY 특성 참기벽,마자용 (XY 특성 참기벽) 1,,,unknown,미분류,1,0.2,2000,estimated,per_card,text,unknown,,active,needs_review,needs_review,"가격 단위 추정, 배송비 포함 여부 미확정",estimated,yes,candidate_estimated,마자용 (XY 특성 참기벽) 1 - 0.2
b20fffc8834756d4c057eb29,pokemoncardgame,포켓몬 카드게임,2026-05,2026-05-10T00:49:44+09:00,known,c9e7d7c53c9da58e58b85a77,b20fffc8834756d4c057eb29,111883,https://m.dcinside.com/board/pokemoncardgame/111883,역삼직으로 XY 배틀컴프레서 2장 구해봅니다.,seller-ef0b1d20ab971a9795ba2e22,Darknes..,registered,용접공,용접공,용접공 3 - 장당,,,unknown,미분류,1,0.1,1000,estimated,per_card,text,unknown,,active,needs_review,needs_review,"가격 단위 추정, 배송비 포함 여부 미확정",estimated,yes,candidate_estimated,용접공 3 - 장당 0.1
d9a86127bc210bbeee234b8a,pokemoncardgame,포켓몬 카드게임,2026-05,2026-05-10T00:49:44+09:00,known,c9e7d7c53c9da58e58b85a77,d9a86127bc210bbeee234b8a,111883,https://m.dcinside.com/board/pokemoncardgame/111883,역삼직으로 XY 배틀컴프레서 2장 구해봅니다.,seller-ef0b1d20ab971a9795ba2e22,Darknes..,registered,다우징머신 BW ACE SPEC,다우징머신 BW ACE SPEC,다우징머신(BW ACE SPEC) 1,,,unknown,미분류,1,1.0,10000,estimated,per_card,text,unknown,,active,needs_review,needs_review,"가격 단위 추정, 배송비 포함 여부 미확정",estimated,yes,candidate_estimated,다우징머신(BW ACE SPEC) 1 - 1.0
e92fd022c78da0a58555cb8b,pokemoncardgame,포켓몬 카드게임,2026-05,2026-05-10T09:50:13+09:00,known,5b2e53dffcaccba4cfc94904,e92fd022c78da0a58555cb8b,111899,https://m.dcinside.com/board/pokemoncardgame/111899,덱소스 구합니다,seller-44603ad37e538017861c3f23,ㅇㅇ,guest,,,,,,unknown,미분류,1,11000,11000,exact,bundle,text,unknown,,active,needs_review,needs_review,"일괄·세트 가격, 배송비 포함 여부 미확정, 카드명 확인 필요, 묶음·세트 총액 · 개별 카드 가격 아님",exact,no,no,일괄 11000원에 사고
08d5bffb6f642ed9ba36184a,pokemoncardgame,포켓몬 카드게임,2026-05,2026-05-10T11:41:31+09:00,known,703646897bf06e0887d2d0e9,08d5bffb6f642ed9ba36184a,111911,https://m.dcinside.com/board/pokemoncardgame/111911,"메루카, 테라바렛 소스 ㅍㅊ",seller-2ee5f0c3fda422c2a0f62b88,ㅇㅇ,guest,DOM 삽입 헬퍼 현재 스크립트 위치 기준,DOM 삽입 헬퍼 현재 스크립트 위치 기준,// ---- DOM 삽입 헬퍼 (현재 스크립트 위치 기준,,,unknown,미분류,1,1,10000,estimated,bundle,text,unknown,,active,needs_review,needs_review,"가격 단위 추정, 복수 카드 가격, 배송비 포함 여부 미확정, 묶음·세트 총액 · 개별 카드 가격 아님",estimated,no,no,// ---- DOM 삽입 헬퍼 (현재 스크립트 위치 기준1)
1e30eaa82a501d99cce75538,pokemoncardgame,포켓몬 카드게임,2026-05,2026-05-10T11:41:31+09:00,known,703646897bf06e0887d2d0e9,1e30eaa82a501d99cce75538,111911,https://m.dcinside.com/board/pokemoncardgame/111911,"메루카, 테라바렛 소스 ㅍㅊ",seller-2ee5f0c3fda422c2a0f62b88,ㅇㅇ,guest,var safe = window.dcAd && window.dcAd.safe ==,var safe = window.dcAd && window.dcAd.safe ==,var safe = (window.dcAd && window.dcAd.safe ==,,,unknown,미분류,1,1,10000,estimated,bundle,text,unknown,,active,needs_review,needs_review,"가격 단위 추정, 복수 카드 가격, 배송비 포함 여부 미확정, 묶음·세트 총액 · 개별 카드 가격 아님",estimated,no,no,var safe = (window.dcAd && window.dcAd.safe == 1)
52c041c53fd6bdde63d6319c,pokemoncardgame,포켓몬 카드게임,2026-05,2026-05-10T11:41:31+09:00,known,703646897bf06e0887d2d0e9,52c041c53fd6bdde63d6319c,111911,https://m.dcinside.com/board/pokemoncardgame/111911,"메루카, 테라바렛 소스 ㅍㅊ",seller-2ee5f0c3fda422c2a0f62b88,ㅇㅇ,guest,loadScript 'https pagead,loadScript 'https pagead,loadScript('https://pagead,,,unknown,미분류,1,2,20000,estimated,bundle,text,unknown,,active,needs_review,needs_review,"가격 단위 추정, 복수 카드 가격, 배송비 포함 여부 미확정, 묶음·세트 총액 · 개별 카드 가격 아님",estimated,no,no,"loadScript('https://pagead2.googlesyndication.com/pagead/js/adsbygoogle_direct.js?client=ca-pub-8171468792791627', true, 'anonymous');"
6956cc5f25f1a1de30fee0b1,pokemoncardgame,포켓몬 카드게임,2026-05,2026-05-10T11:41:31+09:00,known,703646897bf06e0887d2d0e9,6956cc5f25f1a1de30fee0b1,111911,https://m.dcinside.com/board/pokemoncardgame/111911,"메루카, 테라바렛 소스 ㅍㅊ",seller-2ee5f0c3fda422c2a0f62b88,ㅇㅇ,guest,loadScript ' t,loadScript ' t,loadScript('//t,,,unknown,미분류,1,1,10000,estimated,bundle,text,unknown,,active,needs_review,needs_review,"가격 단위 추정, 복수 카드 가격, 배송비 포함 여부 미확정, 묶음·세트 총액 · 개별 카드 가격 아님",estimated,no,no,"loadScript('//t1.kakaocdn.net/kas/static/ba.min.js', true);"
0db1babc0d8de2ee183a0985,pokemoncardgame,포켓몬 카드게임,2026-05,2026-05-10T13:57:47+09:00,known,5fe6191de106138ed5c3e1f5,0db1babc0d8de2ee183a0985,111927,https://m.dcinside.com/board/pokemoncardgame/111927,초에너지 sr ㅅㅅ,seller-fbbbb2771181b417083dccca,ㅇㅇ,guest,,장당,장당,,,unknown,미분류,1,0.3,3000,estimated,per_card,text,unknown,,active,needs_review,needs_review,"가격 단위 추정, 배송비 포함 여부 미확정",estimated,yes,candidate_estimated,장당 0.3에 5장 삼
a358200a02ed26bb2ab3c2bb,pokemoncardgame,포켓몬 카드게임,2026-05,2026-05-10T17:07:07+09:00,known,e4b9557f2df539400220da5b,a358200a02ed26bb2ab3c2bb,111969,https://m.dcinside.com/board/pokemoncardgame/111969,노고고치 2장 구합니다...,seller-4ac41ed2a812e32f07bc62ed,잉어킹낚시꾼,registered,도주드로 노고고치 +배파 노고치 반,도주드로 노고고치 +배파 노고치 반,도주드로 노고고치 +배파 노고치 반택포,,,unknown,미분류,2,0.7,7000,estimated,bundle,text,included,2000,active,needs_review,needs_review,"가격 단위 추정, 복수 카드 가격, 묶음·세트 총액 · 개별 카드 가격 아님",estimated,no,no,도주드로 노고고치 2장+배파 노고치 1장 반택포 0.7에 구합니다ㅠ
260db4af421e8933412198ed,pokemoncardgame,포켓몬 카드게임,2026-05,2026-05-10T20:48:03+09:00,known,6e2bc114de25c5b44d37db73,260db4af421e8933412198ed,112013,https://m.dcinside.com/board/pokemoncardgame/112013,구해요) 릴리에의 결심 sr 택포 2.35에 구해요,seller-51447db26eeb90b0124d315b,포갤러,registered,릴리에의 결심 sr 일택,릴리에의 결심 sr 일택,릴리에의 결심 sr 일택,,,unknown,미분류,1,2.35,23500,estimated,per_card,text,unknown,,active,needs_review,needs_review,"가격 단위 추정, 배송비 포함 여부 미확정",estimated,yes,candidate_estimated,릴리에의 결심 sr 일택 2.35에 구해요
37fa9100ce6febd6779fc5da,pokemoncardgame,포켓몬 카드게임,2026-05,2026-05-11T19:11:30+09:00,known,4b3daeae1de472853a0b86ae,37fa9100ce6febd6779fc5da,112169,https://m.dcinside.com/board/pokemoncardgame/112169,드펄 완덱 구매합니다,seller-ba4fa7f753af81a0b5e43088,ㅇㅇ,guest,이 구성으로,이 구성으로,이 구성으로,,,unknown,미분류,1,5,50000,estimated,bundle,text,included,2000,active,needs_review,needs_review,"가격 단위 추정, 묶음·세트 총액 · 개별 카드 가격 아님",estimated,no,no,이 구성으로 택포 5에 삽니다
0b3493da53397dd66597ae1c,pokemoncardgame,포켓몬 카드게임,2026-05,2026-05-11T19:57:26+09:00,known,5e009d6125a1aea72e68f233,0b3493da53397dd66597ae1c,112178,https://m.dcinside.com/board/pokemoncardgame/112178,덱소스 삽니다,seller-2e45098fdabb7f32c264dfc8,코제,registered,로켓단의 람다,로켓단의 람다,로켓단의 람다,,,unknown,미분류,1,3,30000,estimated,per_card,text,unknown,,active,needs_review,needs_review,"가격 단위 추정, 배송비 포함 여부 미확정",estimated,yes,candidate_estimated, 로켓단의 람다 3
151c9a74f0e7b5575a80c8aa,pokemoncardgame,포켓몬 카드게임,2026-05,2026-05-11T19:57:26+09:00,known,5e009d6125a1aea72e68f233,151c9a74f0e7b5575a80c8aa,112178,https://m.dcinside.com/board/pokemoncardgame/112178,덱소스 삽니다,seller-2e45098fdabb7f32c264dfc8,코제,registered,하솔,하솔,하솔,,,unknown,미분류,1,2,20000,estimated,per_card,text,unknown,,active,needs_review,needs_review,"가격 단위 추정, 배송비 포함 여부 미확정",estimated,yes,candidate_estimated, 하솔 2
19363cd7fd993a6f01aee4e1,pokemoncardgame,포켓몬 카드게임,2026-05,2026-05-11T19:57:26+09:00,known,5e009d6125a1aea72e68f233,19363cd7fd993a6f01aee4e1,112178,https://m.dcinside.com/board/pokemoncardgame/112178,덱소스 삽니다,seller-2e45098fdabb7f32c264dfc8,코제,registered,릴리에의 삐삐,릴리에의 삐삐,릴리에의 삐삐,,,unknown,미분류,1,1,10000,estimated,per_card,text,unknown,,active,needs_review,needs_review,"가격 단위 추정, 배송비 포함 여부 미확정",estimated,yes,candidate_estimated, 릴리에의 삐삐 1
39cc812e1bfb3571e8f38d2e,pokemoncardgame,포켓몬 카드게임,2026-05,2026-05-11T19:57:26+09:00,known,5e009d6125a1aea72e68f233,39cc812e1bfb3571e8f38d2e,112178,https://m.dcinside.com/board/pokemoncardgame/112178,덱소스 삽니다,seller-2e45098fdabb7f32c264dfc8,코제,registered,프라임 캐쳐,프라임 캐쳐,프라임 캐쳐,,,unknown,미분류,1,1,10000,estimated,per_card,text,unknown,,active,needs_review,needs_review,"가격 단위 추정, 배송비 포함 여부 미확정",estimated,yes,candidate_estimated, 프라임 캐쳐 1
484863e94612a3dd3047f638,pokemoncardgame,포켓몬 카드게임,2026-05,2026-05-11T19:57:26+09:00,known,5e009d6125a1aea72e68f233,484863e94612a3dd3047f638,112178,https://m.dcinside.com/board/pokemoncardgame/112178,덱소스 삽니다,seller-2e45098fdabb7f32c264dfc8,코제,registered,텔레페스 에너지,텔레페스 에너지,텔레페스 에너지,,,unknown,미분류,1,2,20000,estimated,per_card,text,unknown,,active,needs_review,needs_review,"가격 단위 추정, 배송비 포함 여부 미확정",estimated,yes,candidate_estimated, 텔레페스 에너지 2
49bcc9f57b9b38e453a42dac,pokemoncardgame,포켓몬 카드게임,2026-05,2026-05-11T19:57:26+09:00,known,5e009d6125a1aea72e68f233,49bcc9f57b9b38e453a42dac,112178,https://m.dcinside.com/board/pokemoncardgame/112178,덱소스 삽니다,seller-2e45098fdabb7f32c264dfc8,코제,registered,드래펄트,드래펄트,드래펄트,,,unknown,미분류,1,2,20000,estimated,per_card,text,unknown,,active,needs_review,needs_review,"가격 단위 추정, 배송비 포함 여부 미확정",estimated,yes,candidate_estimated, 드래펄트 2
50a0041211df489b98d8dbc9,pokemoncardgame,포켓몬 카드게임,2026-05,2026-05-11T19:57:26+09:00,known,5e009d6125a1aea72e68f233,50a0041211df489b98d8dbc9,112178,https://m.dcinside.com/board/pokemoncardgame/112178,덱소스 삽니다,seller-2e45098fdabb7f32c264dfc8,코제,registered,물 기본 에너지,물 기본 에너지,물 기본 에너지,,,unknown,미분류,1,5,50000,estimated,per_card,text,unknown,,active,needs_review,needs_review,"가격 단위 추정, 배송비 포함 여부 미확정",estimated,yes,candidate_estimated, 물 기본 에너지 5
67cb48200311143ec23c64df,pokemoncardgame,포켓몬 카드게임,2026-05,2026-05-11T19:57:26+09:00,known,5e009d6125a1aea72e68f233,67cb48200311143ec23c64df,112178,https://m.dcinside.com/board/pokemoncardgame/112178,덱소스 삽니다,seller-2e45098fdabb7f32c264dfc8,코제,registered,드라꼰,드라꼰,드라꼰,,,unknown,미분류,1,4,40000,estimated,per_card,text,unknown,,active,needs_review,needs_review,"가격 단위 추정, 배송비 포함 여부 미확정",estimated,yes,candidate_estimated, 드라꼰 4
697ea119c682e89186839e36,pokemoncardgame,포켓몬 카드게임,2026-05,2026-05-11T19:57:26+09:00,known,5e009d6125a1aea72e68f233,697ea119c682e89186839e36,112178,https://m.dcinside.com/board/pokemoncardgame/112178,덱소스 삽니다,seller-2e45098fdabb7f32c264dfc8,코제,registered,탐험가의 선도,탐험가의 선도,탐험가의 선도,,,unknown,미분류,1,1,10000,estimated,per_card,text,unknown,,active,needs_review,needs_review,"가격 단위 추정, 배송비 포함 여부 미확정",estimated,yes,candidate_estimated, 탐험가의 선도 1
6c5c541fe751abd9c9ae5c86,pokemoncardgame,포켓몬 카드게임,2026-05,2026-05-11T19:57:26+09:00,known,5e009d6125a1aea72e68f233,6c5c541fe751abd9c9ae5c86,112178,https://m.dcinside.com/board/pokemoncardgame/112178,덱소스 삽니다,seller-2e45098fdabb7f32c264dfc8,코제,registered,꼬몽,꼬몽,꼬몽,,울,unknown,미분류,1,1,10000,estimated,per_card,text,unknown,,active,needs_review,needs_review,"가격 단위 추정, 배송비 포함 여부 미확정",estimated,yes,candidate_estimated, 꼬몽울 1
71dc678173a2ca36d4c1dffe,pokemoncardgame,포켓몬 카드게임,2026-05,2026-05-11T19:57:26+09:00,known,5e009d6125a1aea72e68f233,71dc678173a2ca36d4c1dffe,112178,https://m.dcinside.com/board/pokemoncardgame/112178,덱소스 삽니다,seller-2e45098fdabb7f32c264dfc8,코제,registered,이야후,이야후,이야후,,,unknown,미분류,1,1,10000,estimated,per_card,text,unknown,,active,needs_review,needs_review,"가격 단위 추정, 배송비 포함 여부 미확정",estimated,yes,candidate_estimated, 이야후 1
818971eb4f6cd57826239a2a,pokemoncardgame,포켓몬 카드게임,2026-05,2026-05-11T19:57:26+09:00,known,5e009d6125a1aea72e68f233,818971eb4f6cd57826239a2a,112178,https://m.dcinside.com/board/pokemoncardgame/112178,덱소스 삽니다,seller-2e45098fdabb7f32c264dfc8,코제,registered,풀 기본 에너지,풀 기본 에너지,풀 기본 에너지,,,unknown,미분류,1,5,50000,estimated,per_card,text,unknown,,active,needs_review,needs_review,"가격 단위 추정, 배송비 포함 여부 미확정",estimated,yes,candidate_estimated, 풀 기본 에너지 5
8a8c612868cab302c4032e96,pokemoncardgame,포켓몬 카드게임,2026-05,2026-05-11T19:57:26+09:00,known,5e009d6125a1aea72e68f233,8a8c612868cab302c4032e96,112178,https://m.dcinside.com/board/pokemoncardgame/112178,덱소스 삽니다,seller-2e45098fdabb7f32c264dfc8,코제,registered,이상한 사탕,이상한 사탕,이상한 사탕,,,unknown,미분류,1,3,30000,estimated,per_card,text,unknown,,active,needs_review,needs_review,"가격 단위 추정, 배송비 포함 여부 미확정",estimated,yes,candidate_estimated, 이상한 사탕 3
b0b56d91fcf2bedf436a4f88,pokemoncardgame,포켓몬 카드게임,2026-05,2026-05-11T19:57:26+09:00,known,5e009d6125a1aea72e68f233,b0b56d91fcf2bedf436a4f88,112178,https://m.dcinside.com/board/pokemoncardgame/112178,덱소스 삽니다,seller-2e45098fdabb7f32c264dfc8,코제,registered,해골몽,해골몽,해골몽,,,unknown,미분류,1,3,30000,estimated,per_card,text,unknown,,active,needs_review,needs_review,"가격 단위 추정, 배송비 포함 여부 미확정",estimated,yes,candidate_estimated, 해골몽 3
b83456af3e1d7a337200e0d1,pokemoncardgame,포켓몬 카드게임,2026-05,2026-05-11T19:57:26+09:00,known,5e009d6125a1aea72e68f233,b83456af3e1d7a337200e0d1,112178,https://m.dcinside.com/board/pokemoncardgame/112178,덱소스 삽니다,seller-2e45098fdabb7f32c264dfc8,코제,registered,미라몽,미라몽,미라몽,,,unknown,미분류,1,2,20000,estimated,per_card,text,unknown,,active,needs_review,needs_review,"가격 단위 추정, 배송비 포함 여부 미확정",estimated,yes,candidate_estimated, 미라몽 2
bc4c6a04a6a796d14b15a3f8,pokemoncardgame,포켓몬 카드게임,2026-05,2026-05-11T19:57:26+09:00,known,5e009d6125a1aea72e68f233,bc4c6a04a6a796d14b15a3f8,112178,https://m.dcinside.com/board/pokemoncardgame/112178,덱소스 삽니다,seller-2e45098fdabb7f32c264dfc8,코제,registered,야느와르몽,야느와르몽,야느와르몽,,,unknown,미분류,1,2,20000,estimated,per_card,text,unknown,,active,needs_review,needs_review,"가격 단위 추정, 배송비 포함 여부 미확정",estimated,yes,candidate_estimated, 야느와르몽 2
bcc66aeae9af83256f01133c,pokemoncardgame,포켓몬 카드게임,2026-05,2026-05-11T19:57:26+09:00,known,5e009d6125a1aea72e68f233,bcc66aeae9af83256f01133c,112178,https://m.dcinside.com/board/pokemoncardgame/112178,덱소스 삽니다,seller-2e45098fdabb7f32c264dfc8,코제,registered,언페어 스탬프,언페어 스탬프,언페어 스탬프,,,unknown,미분류,1,1,10000,estimated,per_card,text,unknown,,active,needs_review,needs_review,"가격 단위 추정, 배송비 포함 여부 미확정",estimated,yes,candidate_estimated, 언페어 스탬프 1
c43ac17f28aa39186c7f9961,pokemoncardgame,포켓몬 카드게임,2026-05,2026-05-11T19:57:26+09:00,known,5e009d6125a1aea72e68f233,c43ac17f28aa39186c7f9961,112178,https://m.dcinside.com/board/pokemoncardgame/112178,덱소스 삽니다,seller-2e45098fdabb7f32c264dfc8,코제,registered,드래런치,드래런치,드래런치,,,unknown,미분류,1,4,40000,estimated,per_card,text,unknown,,active,needs_review,needs_review,"가격 단위 추정, 배송비 포함 여부 미확정",estimated,yes,candidate_estimated, 드래런치 4
cd076b69978843e3e137a5a0,pokemoncardgame,포켓몬 카드게임,2026-05,2026-05-11T19:57:26+09:00,known,5e009d6125a1aea72e68f233,cd076b69978843e3e137a5a0,112178,https://m.dcinside.com/board/pokemoncardgame/112178,덱소스 삽니다,seller-2e45098fdabb7f32c264dfc8,코제,registered,악 기본 에너지,악 기본 에너지,악 기본 에너지,,,unknown,미분류,1,5,50000,estimated,per_card,text,unknown,,active,needs_review,needs_review,"가격 단위 추정, 배송비 포함 여부 미확정",estimated,yes,candidate_estimated, 악 기본 에너지 5
d327dfc049080672b32540dc,pokemoncardgame,포켓몬 카드게임,2026-05,2026-05-11T19:57:26+09:00,known,5e009d6125a1aea72e68f233,d327dfc049080672b32540dc,112178,https://m.dcinside.com/board/pokemoncardgame/112178,덱소스 삽니다,seller-2e45098fdabb7f32c264dfc8,코제,registered,기로치 EX,기로치 EX,기로치 EX,,,unknown,미분류,1,1,10000,estimated,per_card,text,unknown,,active,needs_review,needs_review,"가격 단위 추정, 배송비 포함 여부 미확정",estimated,yes,candidate_estimated, 기로치 EX 1
d34b2837af3b604c6dac9785,pokemoncardgame,포켓몬 카드게임,2026-05,2026-05-11T19:57:26+09:00,known,5e009d6125a1aea72e68f233,d34b2837af3b604c6dac9785,112178,https://m.dcinside.com/board/pokemoncardgame/112178,덱소스 삽니다,seller-2e45098fdabb7f32c264dfc8,코제,registered,스페셜 레드카드,스페셜 레드카드,스페셜 레드카드,,,unknown,미분류,1,1,10000,estimated,per_card,text,unknown,,active,needs_review,needs_review,"가격 단위 추정, 배송비 포함 여부 미확정",estimated,yes,candidate_estimated, 스페셜 레드카드 1
d370edeb6fa2413e249d7af3,pokemoncardgame,포켓몬 카드게임,2026-05,2026-05-11T19:57:26+09:00,known,5e009d6125a1aea72e68f233,d370edeb6fa2413e249d7af3,112178,https://m.dcinside.com/board/pokemoncardgame/112178,덱소스 삽니다,seller-2e45098fdabb7f32c264dfc8,코제,registered,날개치는 머리,날개치는 머리,날개치는 머리,,,unknown,미분류,1,1,10000,estimated,per_card,text,unknown,,active,needs_review,needs_review,"가격 단위 추정, 배송비 포함 여부 미확정",estimated,yes,candidate_estimated, 날개치는 머리 1
d6585b250a1e1a8681670538,pokemoncardgame,포켓몬 카드게임,2026-05,2026-05-11T19:57:26+09:00,known,5e009d6125a1aea72e68f233,d6585b250a1e1a8681670538,112178,https://m.dcinside.com/board/pokemoncardgame/112178,덱소스 삽니다,seller-2e45098fdabb7f32c264dfc8,코제,registered,절친 포핀,절친 포핀,절친 포핀,,,unknown,미분류,1,1,10000,estimated,per_card,text,unknown,,active,needs_review,needs_review,"가격 단위 추정, 배송비 포함 여부 미확정",estimated,yes,candidate_estimated, 절친 포핀 1
d7b428a12d8b80734087b5ed,pokemoncardgame,포켓몬 카드게임,2026-05,2026-05-11T19:57:26+09:00,known,5e009d6125a1aea72e68f233,d7b428a12d8b80734087b5ed,112178,https://m.dcinside.com/board/pokemoncardgame/112178,덱소스 삽니다,seller-2e45098fdabb7f32c264dfc8,코제,registered,라티아스 EX,라티아스 EX,라티아스 EX,,,unknown,미분류,1,2,20000,estimated,per_card,text,unknown,,active,needs_review,needs_review,"가격 단위 추정, 배송비 포함 여부 미확정",estimated,yes,candidate_estimated, 라티아스 EX 2
da72d4a9a949e70b938aa43e,pokemoncardgame,포켓몬 카드게임,2026-05,2026-05-11T19:57:26+09:00,known,5e009d6125a1aea72e68f233,da72d4a9a949e70b938aa43e,112178,https://m.dcinside.com/board/pokemoncardgame/112178,덱소스 삽니다,seller-2e45098fdabb7f32c264dfc8,코제,registered,힘의 모래시계,힘의 모래시계,힘의 모래시계,,,unknown,미분류,1,2,20000,estimated,per_card,text,unknown,,active,needs_review,needs_review,"가격 단위 추정, 배송비 포함 여부 미확정",estimated,yes,candidate_estimated, 힘의 모래시계 2
e8bfac8b9bb32db31ea8a014,pokemoncardgame,포켓몬 카드게임,2026-05,2026-05-11T19:57:26+09:00,known,5e009d6125a1aea72e68f233,e8bfac8b9bb32db31ea8a014,112178,https://m.dcinside.com/board/pokemoncardgame/112178,덱소스 삽니다,seller-2e45098fdabb7f32c264dfc8,코제,registered,에너지 전송,에너지 전송,에너지 전송,,,unknown,미분류,1,1,10000,estimated,per_card,text,unknown,,active,needs_review,needs_review,"가격 단위 추정, 배송비 포함 여부 미확정",estimated,yes,candidate_estimated, 에너지 전송 1
ecee5f5bdac58503a1c52af2,pokemoncardgame,포켓몬 카드게임,2026-05,2026-05-11T19:57:26+09:00,known,5e009d6125a1aea72e68f233,ecee5f5bdac58503a1c52af2,112178,https://m.dcinside.com/board/pokemoncardgame/112178,덱소스 삽니다,seller-2e45098fdabb7f32c264dfc8,코제,registered,빛나,빛나,빛나,,,unknown,미분류,1,1,10000,estimated,per_card,text,unknown,,active,needs_review,needs_review,"가격 단위 추정, 배송비 포함 여부 미확정",estimated,yes,candidate_estimated, 빛나 1
0fb2ee62852f25119576fec9,pokemoncardgame,포켓몬 카드게임,2026-05,2026-05-11T22:57:46+09:00,known,4e10118f5e6966b5840fa8bd,0fb2ee62852f25119576fec9,112221,https://m.dcinside.com/board/pokemoncardgame/112221,난한카 고레어 ㅅㅅ,seller-ec1eafa36a451f33761cf572,잘하자,registered,난천의 로젤리아 볼미러,난천의 로젤리아 볼미러,난천의 로젤리아 볼미러,,,unknown,미분류,4,0.4,4000,estimated,bundle,text,unknown,,active,needs_review,needs_review,"가격 단위 추정, 일괄·세트 가격, 배송비 포함 여부 미확정, 묶음·세트 총액 · 개별 카드 가격 아님",estimated,no,no,난천의 로젤리아 볼미러 4장 일괄 0.4
3f5f57da497b3eb83d294781,pokemoncardgame,포켓몬 카드게임,2026-05,2026-05-11T22:57:46+09:00,known,4e10118f5e6966b5840fa8bd,3f5f57da497b3eb83d294781,112221,https://m.dcinside.com/board/pokemoncardgame/112221,난한카 고레어 ㅅㅅ,seller-ec1eafa36a451f33761cf572,잘하자,registered,난천의 딥상어동 볼미러,난천의 딥상어동 볼미러,난천의 딥상어동 볼미러,,,unknown,미분류,4,0.4,4000,estimated,bundle,text,unknown,,active,needs_review,needs_review,"가격 단위 추정, 일괄·세트 가격, 배송비 포함 여부 미확정, 묶음·세트 총액 · 개별 카드 가격 아님",estimated,no,no,난천의 딥상어동 볼미러 4장 일괄 0.4
548ee63ab5017615e700b4ca,pokemoncardgame,포켓몬 카드게임,2026-05,2026-05-11T22:57:46+09:00,known,4e10118f5e6966b5840fa8bd,548ee63ab5017615e700b4ca,112221,https://m.dcinside.com/board/pokemoncardgame/112221,난한카 고레어 ㅅㅅ,seller-ec1eafa36a451f33761cf572,잘하자,registered,난천의 로즈레이드 ar,난천의 로즈레이드 ar,난천의 로즈레이드 ar,,,unknown,미분류,3,1,10000,estimated,bundle,text,unknown,,active,needs_review,needs_review,"가격 단위 추정, 일괄·세트 가격, 배송비 포함 여부 미확정, 묶음·세트 총액 · 개별 카드 가격 아님",estimated,no,no,난천의 로즈레이드 ar 3장 일괄 1
66d0c586973edf7856e63139,pokemoncardgame,포켓몬 카드게임,2026-05,2026-05-11T22:57:46+09:00,known,4e10118f5e6966b5840fa8bd,66d0c586973edf7856e63139,112221,https://m.dcinside.com/board/pokemoncardgame/112221,난한카 고레어 ㅅㅅ,seller-ec1eafa36a451f33761cf572,잘하자,registered,반,반,반택포,,,unknown,미분류,1,4,40000,estimated,bundle,text,included,2000,active,needs_review,needs_review,"가격 단위 추정, 일괄·세트 가격, 묶음·세트 총액 · 개별 카드 가격 아님",estimated,no,no,일괄 반택포 4에 구매
7c8228849e12f3179209514a,pokemoncardgame,포켓몬 카드게임,2026-05,2026-05-11T22:57:46+09:00,known,4e10118f5e6966b5840fa8bd,7c8228849e12f3179209514a,112221,https://m.dcinside.com/board/pokemoncardgame/112221,난한카 고레어 ㅅㅅ,seller-ec1eafa36a451f33761cf572,잘하자,registered,최소 반택비 +,최소 반택비 +,최소 반택비(+,,,unknown,미분류,1,0.2,2000,estimated,bundle,text,unknown,,active,needs_review,needs_review,"가격 단위 추정, 복수 카드 가격, 배송비 포함 여부 미확정, 묶음·세트 총액 · 개별 카드 가격 아님",estimated,no,no,최소 반택비(+0.2)포함 1부터 구매
7d2eab83a806a2dbf3684bfc,pokemoncardgame,포켓몬 카드게임,2026-05,2026-05-11T22:57:46+09:00,known,4e10118f5e6966b5840fa8bd,7d2eab83a806a2dbf3684bfc,112221,https://m.dcinside.com/board/pokemoncardgame/112221,난한카 고레어 ㅅㅅ,seller-ec1eafa36a451f33761cf572,잘하자,registered,난천의 한카리아스ex sr,난천의 한카리아스ex sr,난천의 한카리아스ex sr,,,unknown,미분류,3,1.5,15000,estimated,bundle,text,unknown,,active,needs_review,needs_review,"가격 단위 추정, 일괄·세트 가격, 배송비 포함 여부 미확정, 묶음·세트 총액 · 개별 카드 가격 아님",estimated,no,no,난천의 한카리아스ex sr 3장 일괄 1.5
9a528cd8c7742b0692a6d0b8,pokemoncardgame,포켓몬 카드게임,2026-05,2026-05-11T22:57:46+09:00,known,4e10118f5e6966b5840fa8bd,9a528cd8c7742b0692a6d0b8,112221,https://m.dcinside.com/board/pokemoncardgame/112221,난한카 고레어 ㅅㅅ,seller-ec1eafa36a451f33761cf572,잘하자,registered,난천의 화강돌 ar,난천의 화강돌 ar,난천의 화강돌 ar,,,unknown,미분류,1,0.1,1000,estimated,per_card,text,unknown,,active,needs_review,needs_review,"가격 단위 추정, 배송비 포함 여부 미확정",estimated,yes,candidate_estimated,난천의 화강돌 ar 1장 0.1
b0155fcfb5fb3d97791f43c2,pokemoncardgame,포켓몬 카드게임,2026-05,2026-05-11T22:57:46+09:00,known,4e10118f5e6966b5840fa8bd,b0155fcfb5fb3d97791f43c2,112221,https://m.dcinside.com/board/pokemoncardgame/112221,난한카 고레어 ㅅㅅ,seller-ec1eafa36a451f33761cf572,잘하자,registered,난천의 한바이트 볼미러,난천의 한바이트 볼미러,난천의 한바이트 볼미러,,,unknown,미분류,4,0.4,4000,estimated,bundle,text,unknown,,active,needs_review,needs_review,"가격 단위 추정, 일괄·세트 가격, 배송비 포함 여부 미확정, 묶음·세트 총액 · 개별 카드 가격 아님",estimated,no,no,난천의 한바이트 볼미러 4장 일괄 0.4
656abde45be904bff0c27429,pokemoncardgame,포켓몬 카드게임,2026-05,2026-05-11T23:24:07+09:00,known,a8c03bba375bfe011608050f,656abde45be904bff0c27429,112225,https://m.dcinside.com/board/pokemoncardgame/112225,측제장단 덱 구해용,seller-51447db26eeb90b0124d315b,포갤러,registered,레어도 상관없이,레어도 상관없이,레어도 상관없이,,,unknown,미분류,1,2.5,25000,estimated,per_card,text,unknown,,active,needs_review,needs_review,"가격 단위 추정, 배송비 포함 여부 미확정",estimated,yes,candidate_estimated,레어도 상관없이 2.5에 구합니당
b0665fd6794cf5d26061b6d3,pokemoncardgame,포켓몬 카드게임,2026-05,2026-05-12T01:33:47+09:00,known,cf34bc15420a39a4f26e26be,b0665fd6794cf5d26061b6d3,112250,https://m.dcinside.com/board/pokemoncardgame/112250,람다 4장 구합니다.,seller-c35e7f08e0f0239dcc0629c0,호령,registered,,,,,,unknown,미분류,4,1,10000,estimated,bundle,text,unknown,,active,needs_review,needs_review,"가격 단위 추정, 일괄·세트 가격, 배송비 포함 여부 미확정, 카드명 확인 필요, 묶음·세트 총액 · 개별 카드 가격 아님",estimated,no,no,4장 일괄 1에 구합니다.
1be6530630460c55abc85fe4,pokemoncardgame,포켓몬 카드게임,2026-05,2026-05-12T04:39:21+09:00,known,4d8c2ce5703e6c95a74d1649,1be6530630460c55abc85fe4,112255,https://m.dcinside.com/board/pokemoncardgame/112255,"조로아크 sar, 조로아ar, 레시람/제크로무 ar ㅍㅍ",seller-51447db26eeb90b0124d315b,포갤러,registered,일택,일택,등기/일택,,,unknown,미분류,1,0.3,3000,estimated,bundle,text,unknown,,active,needs_review,needs_review,"가격 단위 추정, 복수 카드 가격, 배송비 포함 여부 미확정, 묶음·세트 총액 · 개별 카드 가격 아님",estimated,no,no,등기/일택 0.3
9024505acd8921a53d9755cf,pokemoncardgame,포켓몬 카드게임,2026-05,2026-05-12T04:39:21+09:00,known,4d8c2ce5703e6c95a74d1649,9024505acd8921a53d9755cf,112255,https://m.dcinside.com/board/pokemoncardgame/112255,"조로아크 sar, 조로아ar, 레시람/제크로무 ar ㅍㅍ",seller-51447db26eeb90b0124d315b,포갤러,registered,반택,반택,준등기/반택,,,unknown,미분류,1,0.2,2000,estimated,bundle,text,unknown,,active,needs_review,needs_review,"가격 단위 추정, 복수 카드 가격, 배송비 포함 여부 미확정, 묶음·세트 총액 · 개별 카드 가격 아님",estimated,no,no,준등기/반택 0.2
0ff6af8fab0d27fbb5e091e2,pokemoncardgame,포켓몬 카드게임,2026-05,2026-05-12T09:24:02+09:00,known,e12ab9bfb2ac3765dcae17e1,0ff6af8fab0d27fbb5e091e2,112263,https://m.dcinside.com/board/pokemoncardgame/112263,난한카 고레어 ㅅㅅ,seller-ec1eafa36a451f33761cf572,잘하자,registered,난천의 로젤리아 볼미러,난천의 로젤리아 볼미러,난천의 로젤리아 볼미러,,,unknown,미분류,2,0.2,2000,estimated,bundle,text,unknown,,active,needs_review,needs_review,"가격 단위 추정, 일괄·세트 가격, 배송비 포함 여부 미확정, 묶음·세트 총액 · 개별 카드 가격 아님",estimated,no,no,난천의 로젤리아 볼미러 2장 일괄 0.2
261ce2c744a82abc558a00d0,pokemoncardgame,포켓몬 카드게임,2026-05,2026-05-12T09:24:02+09:00,known,e12ab9bfb2ac3765dcae17e1,261ce2c744a82abc558a00d0,112263,https://m.dcinside.com/board/pokemoncardgame/112263,난한카 고레어 ㅅㅅ,seller-ec1eafa36a451f33761cf572,잘하자,registered,난천의 로즈레이드 ar,난천의 로즈레이드 ar,난천의 로즈레이드 ar,,,unknown,미분류,3,1,10000,estimated,bundle,text,unknown,,active,needs_review,needs_review,"가격 단위 추정, 일괄·세트 가격, 배송비 포함 여부 미확정, 묶음·세트 총액 · 개별 카드 가격 아님",estimated,no,no,난천의 로즈레이드 ar 3장 일괄 1
43d58a160b7e54c37bfcbbc4,pokemoncardgame,포켓몬 카드게임,2026-05,2026-05-12T09:24:02+09:00,known,e12ab9bfb2ac3765dcae17e1,43d58a160b7e54c37bfcbbc4,112263,https://m.dcinside.com/board/pokemoncardgame/112263,난한카 고레어 ㅅㅅ,seller-ec1eafa36a451f33761cf572,잘하자,registered,최소 반택비 +,최소 반택비 +,최소 반택비(+,,,unknown,미분류,1,0.2,2000,estimated,bundle,text,unknown,,active,needs_review,needs_review,"가격 단위 추정, 복수 카드 가격, 배송비 포함 여부 미확정, 묶음·세트 총액 · 개별 카드 가격 아님",estimated,no,no,최소 반택비(+0.2)포함 1부터 구매
7d6e231c35f4a7dce24b2e95,pokemoncardgame,포켓몬 카드게임,2026-05,2026-05-12T09:24:02+09:00,known,e12ab9bfb2ac3765dcae17e1,7d6e231c35f4a7dce24b2e95,112263,https://m.dcinside.com/board/pokemoncardgame/112263,난한카 고레어 ㅅㅅ,seller-ec1eafa36a451f33761cf572,잘하자,registered,난천의 화강돌 ar,난천의 화강돌 ar,난천의 화강돌 ar,,,unknown,미분류,1,0.1,1000,estimated,per_card,text,unknown,,active,needs_review,needs_review,"가격 단위 추정, 배송비 포함 여부 미확정",estimated,yes,candidate_estimated,난천의 화강돌 ar 1장 0.1
998fdc13b9fcfb3d4aa01f06,pokemoncardgame,포켓몬 카드게임,2026-05,2026-05-12T09:24:02+09:00,known,e12ab9bfb2ac3765dcae17e1,998fdc13b9fcfb3d4aa01f06,112263,https://m.dcinside.com/board/pokemoncardgame/112263,난한카 고레어 ㅅㅅ,seller-ec1eafa36a451f33761cf572,잘하자,registered,난천의 한바이트 볼미러,난천의 한바이트 볼미러,난천의 한바이트 볼미러,,,unknown,미분류,4,0.4,4000,estimated,bundle,text,unknown,,active,needs_review,needs_review,"가격 단위 추정, 일괄·세트 가격, 배송비 포함 여부 미확정, 묶음·세트 총액 · 개별 카드 가격 아님",estimated,no,no,난천의 한바이트 볼미러 4장 일괄 0.4
b9a3bd1f03efdafb82b1e42a,pokemoncardgame,포켓몬 카드게임,2026-05,2026-05-12T09:24:02+09:00,known,e12ab9bfb2ac3765dcae17e1,b9a3bd1f03efdafb82b1e42a,112263,https://m.dcinside.com/board/pokemoncardgame/112263,난한카 고레어 ㅅㅅ,seller-ec1eafa36a451f33761cf572,잘하자,registered,반,반,반택포,,,unknown,미분류,1,2.5,25000,estimated,bundle,text,included,2000,active,needs_review,needs_review,"가격 단위 추정, 일괄·세트 가격, 묶음·세트 총액 · 개별 카드 가격 아님",estimated,no,no,일괄 반택포 2.5에 구매
f0beeb25c04d36a11a46edb8,pokemoncardgame,포켓몬 카드게임,2026-05,2026-05-12T09:24:02+09:00,known,e12ab9bfb2ac3765dcae17e1,f0beeb25c04d36a11a46edb8,112263,https://m.dcinside.com/board/pokemoncardgame/112263,난한카 고레어 ㅅㅅ,seller-ec1eafa36a451f33761cf572,잘하자,registered,난천의 한카리아스ex sr,난천의 한카리아스ex sr,난천의 한카리아스ex sr,,,unknown,미분류,2,1,10000,estimated,bundle,text,unknown,,active,needs_review,needs_review,"가격 단위 추정, 일괄·세트 가격, 배송비 포함 여부 미확정, 묶음·세트 총액 · 개별 카드 가격 아님",estimated,no,no,난천의 한카리아스ex sr 2장 일괄 1
3ec2a829b421b5f0e858ffca,pokemoncardgame,포켓몬 카드게임,2026-05,2026-05-12T15:17:19+09:00,known,a12b42f97a8866c19dd754db,3ec2a829b421b5f0e858ffca,112305,https://m.dcinside.com/board/pokemoncardgame/112305,돈크로우 등 팜,seller-a074fe27a7e4ae1bd93dd807,전대대실격,registered,유빈 민진,유빈 민진,유빈 민진 장당,,,unknown,미분류,1,1.5,15000,estimated,per_card,text,unknown,,active,needs_review,needs_review,"가격 단위 추정, 배송비 포함 여부 미확정",estimated,yes,candidate_estimated,유빈 민진 장당 1.5
4f788fb33eda69230b74d2ad,pokemoncardgame,포켓몬 카드게임,2026-05,2026-05-12T15:17:19+09:00,known,a12b42f97a8866c19dd754db,4f788fb33eda69230b74d2ad,112305,https://m.dcinside.com/board/pokemoncardgame/112305,돈크로우 등 팜,seller-a074fe27a7e4ae1bd93dd807,전대대실격,registered,loadScript ' t,loadScript ' t,loadScript('//t,,,unknown,미분류,1,1,10000,estimated,bundle,text,unknown,,active,needs_review,needs_review,"가격 단위 추정, 복수 카드 가격, 배송비 포함 여부 미확정, 묶음·세트 총액 · 개별 카드 가격 아님",estimated,no,no,"loadScript('//t1.kakaocdn.net/kas/static/ba.min.js', true);"
6f723814c02e8eef0896e9ae,pokemoncardgame,포켓몬 카드게임,2026-05,2026-05-12T15:17:19+09:00,known,a12b42f97a8866c19dd754db,6f723814c02e8eef0896e9ae,112305,https://m.dcinside.com/board/pokemoncardgame/112305,돈크로우 등 팜,seller-a074fe27a7e4ae1bd93dd807,전대대실격,registered,var safe = window.dcAd && window.dcAd.safe ==,var safe = window.dcAd && window.dcAd.safe ==,var safe = (window.dcAd && window.dcAd.safe ==,,,unknown,미분류,1,1,10000,estimated,bundle,text,unknown,,active,needs_review,needs_review,"가격 단위 추정, 복수 카드 가격, 배송비 포함 여부 미확정, 묶음·세트 총액 · 개별 카드 가격 아님",estimated,no,no,var safe = (window.dcAd && window.dcAd.safe == 1)
7e6bba68faf08bd10b7700af,pokemoncardgame,포켓몬 카드게임,2026-05,2026-05-12T15:17:19+09:00,known,a12b42f97a8866c19dd754db,7e6bba68faf08bd10b7700af,112305,https://m.dcinside.com/board/pokemoncardgame/112305,돈크로우 등 팜,seller-a074fe27a7e4ae1bd93dd807,전대대실격,registered,보스 게치스,보스 게치스,보스 게치스,,,unknown,미분류,1,2.0,20000,estimated,per_card,text,unknown,,active,needs_review,needs_review,"가격 단위 추정, 배송비 포함 여부 미확정",estimated,yes,candidate_estimated,보스 게치스 2.0
b80eeb288550bc807bcad556,pokemoncardgame,포켓몬 카드게임,2026-05,2026-05-12T15:17:19+09:00,known,a12b42f97a8866c19dd754db,b80eeb288550bc807bcad556,112305,https://m.dcinside.com/board/pokemoncardgame/112305,돈크로우 등 팜,seller-a074fe27a7e4ae1bd93dd807,전대대실격,registered,DOM 삽입 헬퍼 현재 스크립트 위치 기준,DOM 삽입 헬퍼 현재 스크립트 위치 기준,// ---- DOM 삽입 헬퍼 (현재 스크립트 위치 기준,,,unknown,미분류,1,1,10000,estimated,bundle,text,unknown,,active,needs_review,needs_review,"가격 단위 추정, 복수 카드 가격, 배송비 포함 여부 미확정, 묶음·세트 총액 · 개별 카드 가격 아님",estimated,no,no,// ---- DOM 삽입 헬퍼 (현재 스크립트 위치 기준1)
c9cd0cd24101d6a591391bb2,pokemoncardgame,포켓몬 카드게임,2026-05,2026-05-12T15:17:19+09:00,known,a12b42f97a8866c19dd754db,c9cd0cd24101d6a591391bb2,112305,https://m.dcinside.com/board/pokemoncardgame/112305,돈크로우 등 팜,seller-a074fe27a7e4ae1bd93dd807,전대대실격,registered,마운틴,마운틴,마운틴,,,unknown,미분류,1,1.0,10000,estimated,per_card,text,unknown,,active,needs_review,needs_review,"가격 단위 추정, 배송비 포함 여부 미확정",estimated,yes,candidate_estimated,마운틴 1.0
db4df00ef31f8928b97994cf,pokemoncardgame,포켓몬 카드게임,2026-05,2026-05-12T15:17:19+09:00,known,a12b42f97a8866c19dd754db,db4df00ef31f8928b97994cf,112305,https://m.dcinside.com/board/pokemoncardgame/112305,돈크로우 등 팜,seller-a074fe27a7e4ae1bd93dd807,전대대실격,registered,교체,교체,교체,,,unknown,미분류,1,0.5,5000,estimated,per_card,text,unknown,,active,needs_review,needs_review,"가격 단위 추정, 배송비 포함 여부 미확정",estimated,yes,candidate_estimated,교체 0.5
f11ab8278bcda310adfe7074,pokemoncardgame,포켓몬 카드게임,2026-05,2026-05-12T15:17:19+09:00,known,a12b42f97a8866c19dd754db,f11ab8278bcda310adfe7074,112305,https://m.dcinside.com/board/pokemoncardgame/112305,돈크로우 등 팜,seller-a074fe27a7e4ae1bd93dd807,전대대실격,registered,돈크로우,돈크로우,돈크로우,,,unknown,미분류,1,2.5,25000,estimated,per_card,text,unknown,,active,needs_review,needs_review,"가격 단위 추정, 배송비 포함 여부 미확정",estimated,yes,candidate_estimated,돈크로우 2.5
fd8b4b20843b957e887be35b,pokemoncardgame,포켓몬 카드게임,2026-05,2026-05-12T15:17:19+09:00,known,a12b42f97a8866c19dd754db,fd8b4b20843b957e887be35b,112305,https://m.dcinside.com/board/pokemoncardgame/112305,돈크로우 등 팜,seller-a074fe27a7e4ae1bd93dd807,전대대실격,registered,loadScript 'https pagead,loadScript 'https pagead,loadScript('https://pagead,,,unknown,미분류,1,2,20000,estimated,bundle,text,unknown,,active,needs_review,needs_review,"가격 단위 추정, 복수 카드 가격, 배송비 포함 여부 미확정, 묶음·세트 총액 · 개별 카드 가격 아님",estimated,no,no,"loadScript('https://pagead2.googlesyndication.com/pagead/js/adsbygoogle_direct.js?client=ca-pub-8171468792791627', true, 'anonymous');"
97ac24a0c4d4344a50c98f06,pokemoncardgame,포켓몬 카드게임,2026-05,2026-05-12T17:03:40+09:00,known,19eb0e4e8eb088d74211297a,97ac24a0c4d4344a50c98f06,112315,https://m.dcinside.com/board/pokemoncardgame/112315,로켓단 레어카드 사본다,seller-afef59e21886cf1c3b43647d,나르자,registered,아테나 SR .5 SAR,아테나 SR .5 SAR,아테나 SR .5 SAR,,,unknown,미분류,1,1,10000,estimated,per_card,text,unknown,,active,needs_review,needs_review,"가격 단위 추정, 배송비 포함 여부 미확정",estimated,yes,candidate_estimated,아테나 SR .5 SAR 1
b6596ebc3db3954d5e606516,pokemoncardgame,포켓몬 카드게임,2026-05,2026-05-12T19:57:52+09:00,known,ed7dea56a1e8ea1c83d89ecc,b6596ebc3db3954d5e606516,112348,https://m.dcinside.com/board/pokemoncardgame/112348,부스터 님피아 리피아 sar 삽니다(완료),seller-c9ea8b0fddebaa13b4d1054a,픽디,registered,일괄반,일괄반,일괄반택포,,,unknown,미분류,1,12.3,123000,estimated,bundle,text,included,2000,active,needs_review,needs_review,"가격 단위 추정, 일괄·세트 가격, 묶음·세트 총액 · 개별 카드 가격 아님",estimated,no,no,일괄반택포 12.3으로 구해봅니다.
37edf16857d816e23d0b8bed,pokemoncardgame,포켓몬 카드게임,2026-05,2026-05-13T01:55:37+09:00,known,83521709a59a4a11b79e09eb,37edf16857d816e23d0b8bed,112399,https://m.dcinside.com/board/pokemoncardgame/112399,덱소스 삽니다,seller-2e45098fdabb7f32c264dfc8,코제,registered,빛나,빛나,빛나,,,unknown,미분류,1,1,10000,estimated,per_card,text,unknown,,active,needs_review,needs_review,"가격 단위 추정, 배송비 포함 여부 미확정",estimated,yes,candidate_estimated, 빛나 1
8492ad222048d4e1bab1e9e1,pokemoncardgame,포켓몬 카드게임,2026-05,2026-05-13T01:55:37+09:00,known,83521709a59a4a11b79e09eb,8492ad222048d4e1bab1e9e1,112399,https://m.dcinside.com/board/pokemoncardgame/112399,덱소스 삽니다,seller-2e45098fdabb7f32c264dfc8,코제,registered,람다 없이라면,람다 없이라면,람다 없이라면,,,unknown,미분류,1,1.0,10000,estimated,per_card,text,unknown,,active,needs_review,needs_review,"가격 단위 추정, 배송비 포함 여부 미확정",estimated,yes,candidate_estimated,람다 없이라면 1.0에도 구해요 연락 주세요
9642de18b66a5a91696890dd,pokemoncardgame,포켓몬 카드게임,2026-05,2026-05-13T01:55:37+09:00,known,83521709a59a4a11b79e09eb,9642de18b66a5a91696890dd,112399,https://m.dcinside.com/board/pokemoncardgame/112399,덱소스 삽니다,seller-2e45098fdabb7f32c264dfc8,코제,registered,로켓단의 람다,로켓단의 람다,로켓단의 람다,,,unknown,미분류,1,3,30000,estimated,per_card,text,unknown,,active,needs_review,needs_review,"가격 단위 추정, 배송비 포함 여부 미확정",estimated,yes,candidate_estimated, 로켓단의 람다 3
da08eb37014ec56f790f9a0f,pokemoncardgame,포켓몬 카드게임,2026-05,2026-05-13T01:55:37+09:00,known,83521709a59a4a11b79e09eb,da08eb37014ec56f790f9a0f,112399,https://m.dcinside.com/board/pokemoncardgame/112399,덱소스 삽니다,seller-2e45098fdabb7f32c264dfc8,코제,registered,언페어 스탬프,언페어 스탬프,언페어 스탬프,,,unknown,미분류,1,1,10000,estimated,per_card,text,unknown,,active,needs_review,needs_review,"가격 단위 추정, 배송비 포함 여부 미확정",estimated,yes,candidate_estimated, 언페어 스탬프 1
2a56f0035a734feed3c99f6d,pokemoncardgame,포켓몬 카드게임,2026-05,2026-05-13T01:59:50+09:00,known,6eb518210afd7cccd9f14b82,2a56f0035a734feed3c99f6d,112400,https://m.dcinside.com/board/pokemoncardgame/112400,난한카 고레어 ㅅㅅ,seller-ec1eafa36a451f33761cf572,잘하자,registered,반,반,반택포,,,unknown,미분류,1,2.5,25000,estimated,bundle,text,included,2000,active,needs_review,needs_review,"가격 단위 추정, 일괄·세트 가격, 묶음·세트 총액 · 개별 카드 가격 아님",estimated,no,no,일괄 반택포 2.5에 구매
3e8630a2eba5e7d044a9e6c2,pokemoncardgame,포켓몬 카드게임,2026-05,2026-05-13T01:59:50+09:00,known,6eb518210afd7cccd9f14b82,3e8630a2eba5e7d044a9e6c2,112400,https://m.dcinside.com/board/pokemoncardgame/112400,난한카 고레어 ㅅㅅ,seller-ec1eafa36a451f33761cf572,잘하자,registered,난천의 한카리아스ex sr,난천의 한카리아스ex sr,난천의 한카리아스ex sr,,,unknown,미분류,2,1,10000,estimated,bundle,text,unknown,,active,needs_review,needs_review,"가격 단위 추정, 일괄·세트 가격, 배송비 포함 여부 미확정, 묶음·세트 총액 · 개별 카드 가격 아님",estimated,no,no,난천의 한카리아스ex sr 2장 일괄 1
8d972f5597842ec100b3a41a,pokemoncardgame,포켓몬 카드게임,2026-05,2026-05-13T01:59:50+09:00,known,6eb518210afd7cccd9f14b82,8d972f5597842ec100b3a41a,112400,https://m.dcinside.com/board/pokemoncardgame/112400,난한카 고레어 ㅅㅅ,seller-ec1eafa36a451f33761cf572,잘하자,registered,난천의 로즈레이드 ar,난천의 로즈레이드 ar,난천의 로즈레이드 ar,,,unknown,미분류,3,1,10000,estimated,bundle,text,unknown,,active,needs_review,needs_review,"가격 단위 추정, 일괄·세트 가격, 배송비 포함 여부 미확정, 묶음·세트 총액 · 개별 카드 가격 아님",estimated,no,no,난천의 로즈레이드 ar 3장 일괄 1
bf8785a64e2792feb523acd8,pokemoncardgame,포켓몬 카드게임,2026-05,2026-05-13T01:59:50+09:00,known,6eb518210afd7cccd9f14b82,bf8785a64e2792feb523acd8,112400,https://m.dcinside.com/board/pokemoncardgame/112400,난한카 고레어 ㅅㅅ,seller-ec1eafa36a451f33761cf572,잘하자,registered,난천의 한바이트 볼미러,난천의 한바이트 볼미러,난천의 한바이트 볼미러,,,unknown,미분류,4,0.4,4000,estimated,bundle,text,unknown,,active,needs_review,needs_review,"가격 단위 추정, 일괄·세트 가격, 배송비 포함 여부 미확정, 묶음·세트 총액 · 개별 카드 가격 아님",estimated,no,no,난천의 한바이트 볼미러 4장 일괄 0.4
507f2b5a08c3992084e79c8f,pokemoncardgame,포켓몬 카드게임,2026-05,2026-05-13T10:20:19+09:00,known,c6001fb08e147676e3be1f10,507f2b5a08c3992084e79c8f,112410,https://m.dcinside.com/board/pokemoncardgame/112410,브라이어 sar 팔고 난한카 고레어 ㅅㅅ,seller-ec1eafa36a451f33761cf572,잘하자,registered,loadScript 'https pagead,loadScript 'https pagead,loadScript('https://pagead,,,unknown,미분류,1,2,20000,estimated,bundle,text,unknown,,active,needs_review,needs_review,"가격 단위 추정, 복수 카드 가격, 배송비 포함 여부 미확정, 묶음·세트 총액 · 개별 카드 가격 아님",estimated,no,no,"loadScript('https://pagead2.googlesyndication.com/pagead/js/adsbygoogle_direct.js?client=ca-pub-8171468792791627', true, 'anonymous');"
51e254170e7bbc88da355076,pokemoncardgame,포켓몬 카드게임,2026-05,2026-05-13T10:20:19+09:00,known,c6001fb08e147676e3be1f10,51e254170e7bbc88da355076,112410,https://m.dcinside.com/board/pokemoncardgame/112410,브라이어 sar 팔고 난한카 고레어 ㅅㅅ,seller-ec1eafa36a451f33761cf572,잘하자,registered,var safe = window.dcAd && window.dcAd.safe ==,var safe = window.dcAd && window.dcAd.safe ==,var safe = (window.dcAd && window.dcAd.safe ==,,,unknown,미분류,1,1,10000,estimated,bundle,text,unknown,,active,needs_review,needs_review,"가격 단위 추정, 복수 카드 가격, 배송비 포함 여부 미확정, 묶음·세트 총액 · 개별 카드 가격 아님",estimated,no,no,var safe = (window.dcAd && window.dcAd.safe == 1)
79c5e9bb508472b393d0eb7e,pokemoncardgame,포켓몬 카드게임,2026-05,2026-05-13T10:20:19+09:00,known,c6001fb08e147676e3be1f10,79c5e9bb508472b393d0eb7e,112410,https://m.dcinside.com/board/pokemoncardgame/112410,브라이어 sar 팔고 난한카 고레어 ㅅㅅ,seller-ec1eafa36a451f33761cf572,잘하자,registered,난천의 한바이트 볼미러,난천의 한바이트 볼미러,난천의 한바이트 볼미러,,,unknown,미분류,4,0.4,4000,estimated,bundle,text,unknown,,active,needs_review,needs_review,"가격 단위 추정, 일괄·세트 가격, 배송비 포함 여부 미확정, 묶음·세트 총액 · 개별 카드 가격 아님",estimated,no,no,난천의 한바이트 볼미러 4장 일괄 0.4
9a6fb7f44d61aa8bb7ed7d73,pokemoncardgame,포켓몬 카드게임,2026-05,2026-05-13T10:20:19+09:00,known,c6001fb08e147676e3be1f10,9a6fb7f44d61aa8bb7ed7d73,112410,https://m.dcinside.com/board/pokemoncardgame/112410,브라이어 sar 팔고 난한카 고레어 ㅅㅅ,seller-ec1eafa36a451f33761cf572,잘하자,registered,난천의 로즈레이드 ar,난천의 로즈레이드 ar,난천의 로즈레이드 ar,,,unknown,미분류,3,1,10000,estimated,bundle,text,unknown,,active,needs_review,needs_review,"가격 단위 추정, 일괄·세트 가격, 배송비 포함 여부 미확정, 묶음·세트 총액 · 개별 카드 가격 아님",estimated,no,no,난천의 로즈레이드 ar 3장 일괄 1
aff3f49d900dae319fe3dca4,pokemoncardgame,포켓몬 카드게임,2026-05,2026-05-13T10:20:19+09:00,known,c6001fb08e147676e3be1f10,aff3f49d900dae319fe3dca4,112410,https://m.dcinside.com/board/pokemoncardgame/112410,브라이어 sar 팔고 난한카 고레어 ㅅㅅ,seller-ec1eafa36a451f33761cf572,잘하자,registered,loadScript ' t,loadScript ' t,loadScript('//t,,,unknown,미분류,1,1,10000,estimated,bundle,text,unknown,,active,needs_review,needs_review,"가격 단위 추정, 복수 카드 가격, 배송비 포함 여부 미확정, 묶음·세트 총액 · 개별 카드 가격 아님",estimated,no,no,"loadScript('//t1.kakaocdn.net/kas/static/ba.min.js', true);"
b4faab6cf1a50fb6ee53e4af,pokemoncardgame,포켓몬 카드게임,2026-05,2026-05-13T10:20:19+09:00,known,c6001fb08e147676e3be1f10,b4faab6cf1a50fb6ee53e4af,112410,https://m.dcinside.com/board/pokemoncardgame/112410,브라이어 sar 팔고 난한카 고레어 ㅅㅅ,seller-ec1eafa36a451f33761cf572,잘하자,registered,DOM 삽입 헬퍼 현재 스크립트 위치 기준,DOM 삽입 헬퍼 현재 스크립트 위치 기준,// ---- DOM 삽입 헬퍼 (현재 스크립트 위치 기준,,,unknown,미분류,1,1,10000,estimated,bundle,text,unknown,,active,needs_review,needs_review,"가격 단위 추정, 복수 카드 가격, 배송비 포함 여부 미확정, 묶음·세트 총액 · 개별 카드 가격 아님",estimated,no,no,// ---- DOM 삽입 헬퍼 (현재 스크립트 위치 기준1)
d4d63a8b3f4af883c6916940,pokemoncardgame,포켓몬 카드게임,2026-05,2026-05-13T10:20:19+09:00,known,c6001fb08e147676e3be1f10,d4d63a8b3f4af883c6916940,112410,https://m.dcinside.com/board/pokemoncardgame/112410,브라이어 sar 팔고 난한카 고레어 ㅅㅅ,seller-ec1eafa36a451f33761cf572,잘하자,registered,반,반,반택포,,,unknown,미분류,1,2.5,25000,estimated,bundle,text,included,2000,active,needs_review,needs_review,"가격 단위 추정, 일괄·세트 가격, 묶음·세트 총액 · 개별 카드 가격 아님",estimated,no,no,일괄 반택포 2.5에 구매합니다.
f0eb31cc597c2125a62d3b95,pokemoncardgame,포켓몬 카드게임,2026-05,2026-05-13T10:20:19+09:00,known,c6001fb08e147676e3be1f10,f0eb31cc597c2125a62d3b95,112410,https://m.dcinside.com/board/pokemoncardgame/112410,브라이어 sar 팔고 난한카 고레어 ㅅㅅ,seller-ec1eafa36a451f33761cf572,잘하자,registered,난천의 한카리아스ex sr,난천의 한카리아스ex sr,난천의 한카리아스ex sr,,,unknown,미분류,2,1,10000,estimated,bundle,text,unknown,,active,needs_review,needs_review,"가격 단위 추정, 일괄·세트 가격, 배송비 포함 여부 미확정, 묶음·세트 총액 · 개별 카드 가격 아님",estimated,no,no,난천의 한카리아스ex sr 2장 일괄 1
1005c118617bb3836f99e402,pokemoncardgame,포켓몬 카드게임,2026-05,2026-05-13T13:36:08+09:00,known,8c39b9dad78cb84e18b03f51,1005c118617bb3836f99e402,112429,https://m.dcinside.com/board/pokemoncardgame/112429,명희 sar ㅍㅍ 8.0,seller-13bbf9c897cc155aef0fefd6,ㅇㅇ,guest,loadScript ' t,loadScript ' t,loadScript('//t,,,unknown,미분류,1,1,10000,estimated,bundle,text,unknown,,active,needs_review,needs_review,"가격 단위 추정, 복수 카드 가격, 배송비 포함 여부 미확정, 묶음·세트 총액 · 개별 카드 가격 아님",estimated,no,no,"loadScript('//t1.kakaocdn.net/kas/static/ba.min.js', true);"
33cae8d6837d492a528a5f01,pokemoncardgame,포켓몬 카드게임,2026-05,2026-05-13T13:36:08+09:00,known,8c39b9dad78cb84e18b03f51,33cae8d6837d492a528a5f01,112429,https://m.dcinside.com/board/pokemoncardgame/112429,명희 sar ㅍㅍ 8.0,seller-13bbf9c897cc155aef0fefd6,ㅇㅇ,guest,DOM 삽입 헬퍼 현재 스크립트 위치 기준,DOM 삽입 헬퍼 현재 스크립트 위치 기준,// ---- DOM 삽입 헬퍼 (현재 스크립트 위치 기준,,,unknown,미분류,1,1,10000,estimated,bundle,text,unknown,,active,needs_review,needs_review,"가격 단위 추정, 복수 카드 가격, 배송비 포함 여부 미확정, 묶음·세트 총액 · 개별 카드 가격 아님",estimated,no,no,// ---- DOM 삽입 헬퍼 (현재 스크립트 위치 기준1)
58b99c9fde8aa8d11f090600,pokemoncardgame,포켓몬 카드게임,2026-05,2026-05-13T13:36:08+09:00,known,8c39b9dad78cb84e18b03f51,58b99c9fde8aa8d11f090600,112429,https://m.dcinside.com/board/pokemoncardgame/112429,명희 sar ㅍㅍ 8.0,seller-13bbf9c897cc155aef0fefd6,ㅇㅇ,guest,loadScript 'https pagead,loadScript 'https pagead,loadScript('https://pagead,,,unknown,미분류,1,2,20000,estimated,bundle,text,unknown,,active,needs_review,needs_review,"가격 단위 추정, 복수 카드 가격, 배송비 포함 여부 미확정, 묶음·세트 총액 · 개별 카드 가격 아님",estimated,no,no,"loadScript('https://pagead2.googlesyndication.com/pagead/js/adsbygoogle_direct.js?client=ca-pub-8171468792791627', true, 'anonymous');"
f9cd45699448571b798b2133,pokemoncardgame,포켓몬 카드게임,2026-05,2026-05-13T13:36:08+09:00,known,8c39b9dad78cb84e18b03f51,f9cd45699448571b798b2133,112429,https://m.dcinside.com/board/pokemoncardgame/112429,명희 sar ㅍㅍ 8.0,seller-13bbf9c897cc155aef0fefd6,ㅇㅇ,guest,var safe = window.dcAd && window.dcAd.safe ==,var safe = window.dcAd && window.dcAd.safe ==,var safe = (window.dcAd && window.dcAd.safe ==,,,unknown,미분류,1,1,10000,estimated,bundle,text,unknown,,active,needs_review,needs_review,"가격 단위 추정, 복수 카드 가격, 배송비 포함 여부 미확정, 묶음·세트 총액 · 개별 카드 가격 아님",estimated,no,no,var safe = (window.dcAd && window.dcAd.safe == 1)
37c911c13a6a9c143a77c8b5,pokemoncardgame,포켓몬 카드게임,2026-05,2026-05-13T15:42:36+09:00,known,ac5fcbb1b0682878740d7d43,37c911c13a6a9c143a77c8b5,112440,https://m.dcinside.com/board/pokemoncardgame/112440,람다 4장 구합니다.,seller-c35e7f08e0f0239dcc0629c0,호령,registered,,,,,,unknown,미분류,4,1.2,12000,estimated,bundle,text,unknown,,active,needs_review,needs_review,"가격 단위 추정, 일괄·세트 가격, 배송비 포함 여부 미확정, 카드명 확인 필요, 묶음·세트 총액 · 개별 카드 가격 아님",estimated,no,no,4장 일괄 1.2에 구합니다
1efb283db0ed4a76ca491573,pokemoncardgame,포켓몬 카드게임,2026-05,2026-05-14T04:35:16+09:00,known,56c6bb200a0d8b94cb5bf28d,1efb283db0ed4a76ca491573,112536,https://m.dcinside.com/board/pokemoncardgame/112536,덱소스 여러가지 삼,seller-e79c84d6e8981c99f36ba958,acespec,registered,투희,투희,투희 장당,,,unknown,미분류,1,0.2,2000,estimated,per_card,text,unknown,,active,needs_review,needs_review,"가격 단위 추정, 배송비 포함 여부 미확정",estimated,yes,candidate_estimated,투희 장당 0.2에 2장 -완
2551d84aa46b5d81b6e331df,pokemoncardgame,포켓몬 카드게임,2026-05,2026-05-14T04:35:16+09:00,known,56c6bb200a0d8b94cb5bf28d,2551d84aa46b5d81b6e331df,112536,https://m.dcinside.com/board/pokemoncardgame/112536,덱소스 여러가지 삼,seller-e79c84d6e8981c99f36ba958,acespec,registered,텔레패스,텔레패스,텔레패스 장당,,,unknown,미분류,1,0.1,1000,estimated,per_card,text,unknown,,active,needs_review,needs_review,"가격 단위 추정, 배송비 포함 여부 미확정",estimated,yes,candidate_estimated,텔레패스 장당0.1에 4장
4746365c1340134215a6fdbe,pokemoncardgame,포켓몬 카드게임,2026-05,2026-05-14T04:35:16+09:00,known,56c6bb200a0d8b94cb5bf28d,4746365c1340134215a6fdbe,112536,https://m.dcinside.com/board/pokemoncardgame/112536,덱소스 여러가지 삼,seller-e79c84d6e8981c99f36ba958,acespec,registered,메가 지가르데ex,메가 지가르데ex,메가 지가르데ex,,,unknown,미분류,1,0.1,1000,estimated,per_card,text,unknown,,active,needs_review,needs_review,"가격 단위 추정, 배송비 포함 여부 미확정",estimated,yes,candidate_estimated,메가 지가르데ex 0.1에 2장
4883673cc8b2818399badc94,pokemoncardgame,포켓몬 카드게임,2026-05,2026-05-14T04:35:16+09:00,known,56c6bb200a0d8b94cb5bf28d,4883673cc8b2818399badc94,112536,https://m.dcinside.com/board/pokemoncardgame/112536,덱소스 여러가지 삼,seller-e79c84d6e8981c99f36ba958,acespec,registered,히어로 망토,히어로 망토,히어로 망토,,,unknown,미분류,1,0.15,1500,estimated,per_card,text,unknown,,active,needs_review,needs_review,"가격 단위 추정, 배송비 포함 여부 미확정",estimated,yes,candidate_estimated,히어로 망토 0.15에 2장
77cbd60b7b3f8c1f5fd625f4,pokemoncardgame,포켓몬 카드게임,2026-05,2026-05-14T04:35:16+09:00,known,56c6bb200a0d8b94cb5bf28d,77cbd60b7b3f8c1f5fd625f4,112536,https://m.dcinside.com/board/pokemoncardgame/112536,덱소스 여러가지 삼,seller-e79c84d6e8981c99f36ba958,acespec,registered,곤충채집세트,곤충채집세트,곤충채집세트,,,unknown,미분류,1,0.5,5000,estimated,bundle,text,unknown,,active,needs_review,needs_review,"가격 단위 추정, 일괄·세트 가격, 배송비 포함 여부 미확정, 묶음·세트 총액 · 개별 카드 가격 아님",estimated,no,no,곤충채집세트 0.5에 5장
9e16e4bda4661946882d0684,pokemoncardgame,포켓몬 카드게임,2026-05,2026-05-14T04:35:16+09:00,known,56c6bb200a0d8b94cb5bf28d,9e16e4bda4661946882d0684,112536,https://m.dcinside.com/board/pokemoncardgame/112536,덱소스 여러가지 삼,seller-e79c84d6e8981c99f36ba958,acespec,registered,n의 조로아크ex,n의 조로아크ex,n의 조로아크ex,,,unknown,미분류,1,0.1,1000,estimated,per_card,text,unknown,,active,needs_review,needs_review,"가격 단위 추정, 배송비 포함 여부 미확정",estimated,yes,candidate_estimated,n의 조로아크ex 0.1에 2장
d8344e5600c79a7152bf47a9,pokemoncardgame,포켓몬 카드게임,2026-05,2026-05-14T04:35:16+09:00,known,56c6bb200a0d8b94cb5bf28d,d8344e5600c79a7152bf47a9,112536,https://m.dcinside.com/board/pokemoncardgame/112536,덱소스 여러가지 삼,seller-e79c84d6e8981c99f36ba958,acespec,registered,로켓단의 감시탑,로켓단의 감시탑,로켓단의 감시탑,,,unknown,미분류,1,0.1,1000,estimated,per_card,text,unknown,,active,needs_review,needs_review,"가격 단위 추정, 배송비 포함 여부 미확정",estimated,yes,candidate_estimated,로켓단의 감시탑 0.1에 4장 -완
dec0c2e87d7dab9d93c97e5a,pokemoncardgame,포켓몬 카드게임,2026-05,2026-05-14T04:35:16+09:00,known,56c6bb200a0d8b94cb5bf28d,dec0c2e87d7dab9d93c97e5a,112536,https://m.dcinside.com/board/pokemoncardgame/112536,덱소스 여러가지 삼,seller-e79c84d6e8981c99f36ba958,acespec,registered,도주드로 노고고치,도주드로 노고고치,도주드로 노고고치 장당,,,unknown,미분류,1,0.1,1000,estimated,per_card,text,unknown,,active,needs_review,needs_review,"가격 단위 추정, 배송비 포함 여부 미확정",estimated,yes,candidate_estimated,도주드로 노고고치 장당0.1에 2장
e61d70525d604bb93e8b58c3,pokemoncardgame,포켓몬 카드게임,2026-05,2026-05-14T04:35:16+09:00,known,56c6bb200a0d8b94cb5bf28d,e61d70525d604bb93e8b58c3,112536,https://m.dcinside.com/board/pokemoncardgame/112536,덱소스 여러가지 삼,seller-e79c84d6e8981c99f36ba958,acespec,registered,리치에너지,리치에너지,리치에너지 장당,,,unknown,미분류,1,0.1,1000,estimated,per_card,text,unknown,,active,needs_review,needs_review,"가격 단위 추정, 배송비 포함 여부 미확정",estimated,yes,candidate_estimated,리치에너지 장당0.1에 1장
e92c4cb4b917d14fe893cf80,pokemoncardgame,포켓몬 카드게임,2026-05,2026-05-14T04:35:16+09:00,known,56c6bb200a0d8b94cb5bf28d,e92c4cb4b917d14fe893cf80,112536,https://m.dcinside.com/board/pokemoncardgame/112536,덱소스 여러가지 삼,seller-e79c84d6e8981c99f36ba958,acespec,registered,나옹ex,나옹ex,나옹ex,,,unknown,미분류,1,0.4,4000,estimated,per_card,text,unknown,,active,needs_review,needs_review,"가격 단위 추정, 배송비 포함 여부 미확정",estimated,yes,candidate_estimated,나옹ex 0.4에 2장
2b319f59aae978a8ef394cbf,pokemoncardgame,포켓몬 카드게임,2026-05,2026-05-14T15:53:48+09:00,known,3b9afcba000aa9e211298b58,2b319f59aae978a8ef394cbf,112597,https://m.dcinside.com/board/pokemoncardgame/112597,로켓단의 뮤츠ex sr 2장 구매합니다.,seller-51447db26eeb90b0124d315b,포갤러,registered,일괄로 매주시면,일괄로 매주시면,일괄로 판매매주시면,,,unknown,미분류,1,1.2,12000,estimated,bundle,text,unknown,,active,needs_review,needs_review,"가격 단위 추정, 일괄·세트 가격, 배송비 포함 여부 미확정, 묶음·세트 총액 · 개별 카드 가격 아님",estimated,no,no,일괄로 판매매주시면 1.2에 구매 가능합니다.
f78ff742071286bc04a8a9ce,pokemoncardgame,포켓몬 카드게임,2026-05,2026-05-14T16:17:58+09:00,known,e101686be3156c04b8b06e17,f78ff742071286bc04a8a9ce,112602,https://m.dcinside.com/board/pokemoncardgame/112602,람다 4장 구합니다,seller-c35e7f08e0f0239dcc0629c0,호령,registered,,,,,,unknown,미분류,4,1.2,12000,estimated,bundle,text,unknown,,active,needs_review,needs_review,"가격 단위 추정, 일괄·세트 가격, 배송비 포함 여부 미확정, 카드명 확인 필요, 묶음·세트 총액 · 개별 카드 가격 아님",estimated,no,no,4장 일괄 1.2에 구합니다.
141ea11da18bba280cdf8c77,pokemoncardgame,포켓몬 카드게임,2026-05,2026-05-14T22:14:01+09:00,known,a8e7604f611312474701fc3c,141ea11da18bba280cdf8c77,112674,https://m.dcinside.com/board/pokemoncardgame/112674,"난천, 메루카 사거싶은사람있어요?",seller-c8ddeb3464142768ab59f2cb,xal,guest,고덕역 카드스타 장한평 직으로 팔 생각인데,고덕역 카드스타 장한평 직으로 팔 생각인데,"고덕역, 카드스타,장한평 직으로 팔 생각인데",,,unknown,미분류,1,2.0,20000,estimated,bundle,text,unknown,,active,needs_review,needs_review,"가격 단위 추정, 복수 카드 가격, 배송비 포함 여부 미확정, 묶음·세트 총액 · 개별 카드 가격 아님",estimated,no,no,"고덕역, 카드스타,장한평 직으로 팔 생각인데 2.0에 팔건데 사고 싶은 사람 있어요? 이번주 일요일은 미카엘에서 가능한데"
c3498f61369c0cf424051fa9,pokemoncardgame,포켓몬 카드게임,2026-05,2026-05-15T15:27:49+09:00,known,13733b52dd1624f1943472bc,c3498f61369c0cf424051fa9,112777,https://m.dcinside.com/board/pokemoncardgame/112777,오늘 역삼 직으로 연계스로우 쌀숭이 한장 ㅅㅅ,seller-74ac3175eca643b754dff449,ㅇㅇ,guest,,,,,,unknown,미분류,1,0.1,1000,estimated,per_card,text,unknown,,active,needs_review,needs_review,"가격 단위 추정, 배송비 포함 여부 미확정, 카드명 확인 필요",estimated,yes,candidate_estimated,1장 0.1에 삼
3479a400817eae4ba7d938c4,pokemoncardgame,포켓몬 카드게임,2026-05,2026-05-15T16:45:48+09:00,known,7166f43f4f602699179ca3bd,3479a400817eae4ba7d938c4,112792,https://m.dcinside.com/board/pokemoncardgame/112792,로켓단의 뮤츠ex sr 2장 구매합니다.,seller-51447db26eeb90b0124d315b,포갤러,registered,해주시면,해주시면,판매해주시면,,,unknown,미분류,1,1.6,16000,estimated,bundle,text,unknown,,active,needs_review,needs_review,"가격 단위 추정, 일괄·세트 가격, 배송비 포함 여부 미확정, 묶음·세트 총액 · 개별 카드 가격 아님",estimated,no,no,일괄 판매해주시면 1.6에 구매가능합니다.
7043b5172efd3cc563aa16fe,pokemoncardgame,포켓몬 카드게임,2026-05,2026-05-15T16:45:48+09:00,known,7166f43f4f602699179ca3bd,7043b5172efd3cc563aa16fe,112792,https://m.dcinside.com/board/pokemoncardgame/112792,로켓단의 뮤츠ex sr 2장 구매합니다.,seller-51447db26eeb90b0124d315b,포갤러,registered,,장당,장당,,,unknown,미분류,1,0.7,7000,estimated,per_card,text,unknown,,active,needs_review,needs_review,"가격 단위 추정, 배송비 포함 여부 미확정",estimated,yes,candidate_estimated,장당 0.7에 2장 구매합니다.
10bac7f9eb385b0311e4b43e,pokemoncardgame,포켓몬 카드게임,2026-05,2026-05-15T17:20:50+09:00,known,276c9656aaaca513101ac73b,10bac7f9eb385b0311e4b43e,112801,https://m.dcinside.com/board/pokemoncardgame/112801,이븐곰/포곰곰 카드 구매함,seller-f7fedf0f512e82eeb35423ba,간녕,guest,,,,,,unknown,미분류,1,0.5,5000,estimated,bundle,text,unknown,,active,needs_review,needs_review,"가격 단위 추정, 일괄·세트 가격, 배송비 포함 여부 미확정, 카드명 확인 필요, 묶음·세트 총액 · 개별 카드 가격 아님",estimated,no,no,일괄 0.5
7425934615ff02191c9a3a5d,pokemoncardgame,포켓몬 카드게임,2026-05,2026-05-15T17:20:50+09:00,known,276c9656aaaca513101ac73b,7425934615ff02191c9a3a5d,112801,https://m.dcinside.com/board/pokemoncardgame/112801,이븐곰/포곰곰 카드 구매함,seller-f7fedf0f512e82eeb35423ba,간녕,guest,loadScript 'https pagead,loadScript 'https pagead,loadScript('https://pagead,,,unknown,미분류,1,2,20000,estimated,bundle,text,unknown,,active,needs_review,needs_review,"가격 단위 추정, 복수 카드 가격, 배송비 포함 여부 미확정, 묶음·세트 총액 · 개별 카드 가격 아님",estimated,no,no,"loadScript('https://pagead2.googlesyndication.com/pagead/js/adsbygoogle_direct.js?client=ca-pub-8171468792791627', true, 'anonymous');"
74266a4cadd8bd800588cadd,pokemoncardgame,포켓몬 카드게임,2026-05,2026-05-15T17:20:50+09:00,known,276c9656aaaca513101ac73b,74266a4cadd8bd800588cadd,112801,https://m.dcinside.com/board/pokemoncardgame/112801,이븐곰/포곰곰 카드 구매함,seller-f7fedf0f512e82eeb35423ba,간녕,guest,loadScript ' t,loadScript ' t,loadScript('//t,,,unknown,미분류,1,1,10000,estimated,bundle,text,unknown,,active,needs_review,needs_review,"가격 단위 추정, 복수 카드 가격, 배송비 포함 여부 미확정, 묶음·세트 총액 · 개별 카드 가격 아님",estimated,no,no,"loadScript('//t1.kakaocdn.net/kas/static/ba.min.js', true);"
b58a61b75a101d422b76d822,pokemoncardgame,포켓몬 카드게임,2026-05,2026-05-15T17:20:50+09:00,known,276c9656aaaca513101ac73b,b58a61b75a101d422b76d822,112801,https://m.dcinside.com/board/pokemoncardgame/112801,이븐곰/포곰곰 카드 구매함,seller-f7fedf0f512e82eeb35423ba,간녕,guest,,,,,,unknown,미분류,1,0.3,3000,estimated,bundle,text,unknown,,active,needs_review,needs_review,"가격 단위 추정, 일괄·세트 가격, 배송비 포함 여부 미확정, 카드명 확인 필요, 묶음·세트 총액 · 개별 카드 가격 아님",estimated,no,no,일괄 0.3
d2a8656de84e4afa92a14a74,pokemoncardgame,포켓몬 카드게임,2026-05,2026-05-15T17:20:50+09:00,known,276c9656aaaca513101ac73b,d2a8656de84e4afa92a14a74,112801,https://m.dcinside.com/board/pokemoncardgame/112801,이븐곰/포곰곰 카드 구매함,seller-f7fedf0f512e82eeb35423ba,간녕,guest,DOM 삽입 헬퍼 현재 스크립트 위치 기준,DOM 삽입 헬퍼 현재 스크립트 위치 기준,// ---- DOM 삽입 헬퍼 (현재 스크립트 위치 기준,,,unknown,미분류,1,1,10000,estimated,bundle,text,unknown,,active,needs_review,needs_review,"가격 단위 추정, 복수 카드 가격, 배송비 포함 여부 미확정, 묶음·세트 총액 · 개별 카드 가격 아님",estimated,no,no,// ---- DOM 삽입 헬퍼 (현재 스크립트 위치 기준1)
db7a93afcd3a547ba5c3662b,pokemoncardgame,포켓몬 카드게임,2026-05,2026-05-15T17:20:50+09:00,known,276c9656aaaca513101ac73b,db7a93afcd3a547ba5c3662b,112801,https://m.dcinside.com/board/pokemoncardgame/112801,이븐곰/포곰곰 카드 구매함,seller-f7fedf0f512e82eeb35423ba,간녕,guest,var safe = window.dcAd && window.dcAd.safe ==,var safe = window.dcAd && window.dcAd.safe ==,var safe = (window.dcAd && window.dcAd.safe ==,,,unknown,미분류,1,1,10000,estimated,bundle,text,unknown,,active,needs_review,needs_review,"가격 단위 추정, 복수 카드 가격, 배송비 포함 여부 미확정, 묶음·세트 총액 · 개별 카드 가격 아님",estimated,no,no,var safe = (window.dcAd && window.dcAd.safe == 1)
8f453364b8969fdc7acd0562,pokemoncardgame,포켓몬 카드게임,2026-05,2026-05-15T17:31:39+09:00,known,5e834e85fe7ea962eb725fd8,8f453364b8969fdc7acd0562,112805,https://m.dcinside.com/board/pokemoncardgame/112805,내일 평택직으로 미니리그전에 노고고치라인구해요.,seller-51447db26eeb90b0124d315b,포갤러,registered,노고고치 도주드로,노고고치 도주드로,노고고치(도주드로) 장당,,,unknown,미분류,2,500,500,exact,per_card,text,unknown,,active,needs_review,needs_review,배송비 포함 여부 미확정,exact,yes,candidate_estimated,노고고치(도주드로)2장 장당 500원
b03d73988fe0a9edd0a57573,pokemoncardgame,포켓몬 카드게임,2026-05,2026-05-15T17:31:39+09:00,known,5e834e85fe7ea962eb725fd8,b03d73988fe0a9edd0a57573,112805,https://m.dcinside.com/board/pokemoncardgame/112805,내일 평택직으로 미니리그전에 노고고치라인구해요.,seller-51447db26eeb90b0124d315b,포갤러,registered,Sv9 노고치,Sv9 노고치,Sv9 노고치 장당,,,unknown,미분류,3,200,200,exact,per_card,text,unknown,,active,needs_review,needs_review,배송비 포함 여부 미확정,exact,yes,candidate_estimated,Sv9 노고치 3장 장당 200원
ecae0b199ea4b683a1209236,pokemoncardgame,포켓몬 카드게임,2026-05,2026-05-15T17:31:39+09:00,known,5e834e85fe7ea962eb725fd8,ecae0b199ea4b683a1209236,112805,https://m.dcinside.com/board/pokemoncardgame/112805,내일 평택직으로 미니리그전에 노고고치라인구해요.,seller-51447db26eeb90b0124d315b,포갤러,registered,,,,,,unknown,미분류,1,2000,2000,exact,bundle,text,unknown,,active,needs_review,needs_review,"일괄·세트 가격, 배송비 포함 여부 미확정, 카드명 확인 필요, 묶음·세트 총액 · 개별 카드 가격 아님",exact,no,no,일괄 2000원에 구해요.
533f91511e5de2334dc0f758,pokemoncardgame,포켓몬 카드게임,2026-05,2026-05-15T18:11:57+09:00,known,47e9b3a5f211201f92efa71c,533f91511e5de2334dc0f758,112817,https://m.dcinside.com/board/pokemoncardgame/112817,기본 덱소스 일괄로 구해봅니다!,seller-51447db26eeb90b0124d315b,포갤러,registered,일괄로,일괄로,일괄로,,,unknown,미분류,1,1.5,15000,estimated,bundle,text,unknown,,active,needs_review,needs_review,"가격 단위 추정, 일괄·세트 가격, 배송비 포함 여부 미확정, 묶음·세트 총액 · 개별 카드 가격 아님",estimated,no,no,일괄로 1.5에 구매합니다
03d7fd4b386cd8d3d681dc07,pokemoncardgame,포켓몬 카드게임,2026-05,2026-05-15T21:07:57+09:00,known,eba219aa303095e25e85f1cc,03d7fd4b386cd8d3d681dc07,112847,https://m.dcinside.com/board/pokemoncardgame/112847,드펄 덱소스 구해요!!,seller-51447db26eeb90b0124d315b,포갤러,registered,드래펄트 ex,드래펄트 ex,드래펄트 ex,,,unknown,미분류,1,3,30000,estimated,per_card,text,unknown,,active,needs_review,needs_review,"가격 단위 추정, 배송비 포함 여부 미확정",estimated,yes,candidate_estimated,드래펄트 ex 3
2e5ff22da9ab090e63125cd1,pokemoncardgame,포켓몬 카드게임,2026-05,2026-05-15T21:07:57+09:00,known,eba219aa303095e25e85f1cc,2e5ff22da9ab090e63125cd1,112847,https://m.dcinside.com/board/pokemoncardgame/112847,드펄 덱소스 구해요!!,seller-51447db26eeb90b0124d315b,포갤러,registered,절친포핀,절친포핀,절친포핀,,,unknown,미분류,1,4,40000,estimated,per_card,text,unknown,,active,needs_review,needs_review,"가격 단위 추정, 배송비 포함 여부 미확정",estimated,yes,candidate_estimated,절친포핀 4
840acc7cd6e4b8a8c1d4b549,pokemoncardgame,포켓몬 카드게임,2026-05,2026-05-15T21:07:57+09:00,known,eba219aa303095e25e85f1cc,840acc7cd6e4b8a8c1d4b549,112847,https://m.dcinside.com/board/pokemoncardgame/112847,드펄 덱소스 구해요!!,seller-51447db26eeb90b0124d315b,포갤러,registered,드라꼰,드라꼰,드라꼰,,,unknown,미분류,1,4,40000,estimated,per_card,text,unknown,,active,needs_review,needs_review,"가격 단위 추정, 배송비 포함 여부 미확정",estimated,yes,candidate_estimated,드라꼰 4
c6b823362f94a185322ab765,pokemoncardgame,포켓몬 카드게임,2026-05,2026-05-15T21:07:57+09:00,known,eba219aa303095e25e85f1cc,c6b823362f94a185322ab765,112847,https://m.dcinside.com/board/pokemoncardgame/112847,드펄 덱소스 구해요!!,seller-51447db26eeb90b0124d315b,포갤러,registered,정찰지령 드래런치,정찰지령 드래런치,정찰지령 드래런치,,,unknown,미분류,1,4,40000,estimated,per_card,text,unknown,,active,needs_review,needs_review,"가격 단위 추정, 배송비 포함 여부 미확정",estimated,yes,candidate_estimated,정찰지령 드래런치 4
d3d2b8398f1559d5e41b7806,pokemoncardgame,포켓몬 카드게임,2026-05,2026-05-15T21:07:57+09:00,known,eba219aa303095e25e85f1cc,d3d2b8398f1559d5e41b7806,112847,https://m.dcinside.com/board/pokemoncardgame/112847,드펄 덱소스 구해요!!,seller-51447db26eeb90b0124d315b,포갤러,registered,,,,,,unknown,미분류,1,0.8,8000,estimated,bundle,text,included,2000,active,needs_review,needs_review,"가격 단위 추정, 일괄·세트 가격, 카드명 확인 필요, 묶음·세트 총액 · 개별 카드 가격 아님",estimated,no,no,일괄 택포 0.8정도에 구해봐요
dfbc26f94599330ad6ea3fea,pokemoncardgame,포켓몬 카드게임,2026-05,2026-05-15T21:07:57+09:00,known,eba219aa303095e25e85f1cc,dfbc26f94599330ad6ea3fea,112847,https://m.dcinside.com/board/pokemoncardgame/112847,드펄 덱소스 구해요!!,seller-51447db26eeb90b0124d315b,포갤러,registered,하솔,하솔,하솔,,,unknown,미분류,1,1,10000,estimated,per_card,text,unknown,,active,needs_review,needs_review,"가격 단위 추정, 배송비 포함 여부 미확정",estimated,yes,candidate_estimated,하솔 1
464d60043adf23dd0226329f,pokemoncardgame,포켓몬 카드게임,2026-05,2026-05-15T23:11:27+09:00,known,3bb7a0fbf98c8a1e8a38f943,464d60043adf23dd0226329f,112863,https://m.dcinside.com/board/pokemoncardgame/112863,택배 거래로 삽니다,seller-337707d4765b0f4e858ebb04,니카,registered,DOM 삽입 헬퍼 현재 스크립트 위치 기준,DOM 삽입 헬퍼 현재 스크립트 위치 기준,// ---- DOM 삽입 헬퍼 (현재 스크립트 위치 기준,,,unknown,미분류,1,1,10000,estimated,bundle,text,unknown,,active,needs_review,needs_review,"가격 단위 추정, 복수 카드 가격, 배송비 포함 여부 미확정, 묶음·세트 총액 · 개별 카드 가격 아님",estimated,no,no,// ---- DOM 삽입 헬퍼 (현재 스크립트 위치 기준1)
91af62707ee7c7e12f4d91a9,pokemoncardgame,포켓몬 카드게임,2026-05,2026-05-15T23:11:27+09:00,known,3bb7a0fbf98c8a1e8a38f943,91af62707ee7c7e12f4d91a9,112863,https://m.dcinside.com/board/pokemoncardgame/112863,택배 거래로 삽니다,seller-337707d4765b0f4e858ebb04,니카,registered,var safe = window.dcAd && window.dcAd.safe ==,var safe = window.dcAd && window.dcAd.safe ==,var safe = (window.dcAd && window.dcAd.safe ==,,,unknown,미분류,1,1,10000,estimated,bundle,text,unknown,,active,needs_review,needs_review,"가격 단위 추정, 복수 카드 가격, 배송비 포함 여부 미확정, 묶음·세트 총액 · 개별 카드 가격 아님",estimated,no,no,var safe = (window.dcAd && window.dcAd.safe == 1)
a11299fbaf54c8f34bdebf86,pokemoncardgame,포켓몬 카드게임,2026-05,2026-05-15T23:11:27+09:00,known,3bb7a0fbf98c8a1e8a38f943,a11299fbaf54c8f34bdebf86,112863,https://m.dcinside.com/board/pokemoncardgame/112863,택배 거래로 삽니다,seller-337707d4765b0f4e858ebb04,니카,registered,loadScript 'https pagead,loadScript 'https pagead,loadScript('https://pagead,,,unknown,미분류,1,2,20000,estimated,bundle,text,unknown,,active,needs_review,needs_review,"가격 단위 추정, 복수 카드 가격, 배송비 포함 여부 미확정, 묶음·세트 총액 · 개별 카드 가격 아님",estimated,no,no,"loadScript('https://pagead2.googlesyndication.com/pagead/js/adsbygoogle_direct.js?client=ca-pub-8171468792791627', true, 'anonymous');"
ad5d844a96adf960c6b5edc1,pokemoncardgame,포켓몬 카드게임,2026-05,2026-05-15T23:11:27+09:00,known,3bb7a0fbf98c8a1e8a38f943,ad5d844a96adf960c6b5edc1,112863,https://m.dcinside.com/board/pokemoncardgame/112863,택배 거래로 삽니다,seller-337707d4765b0f4e858ebb04,니카,registered,loadScript ' t,loadScript ' t,loadScript('//t,,,unknown,미분류,1,1,10000,estimated,bundle,text,unknown,,active,needs_review,needs_review,"가격 단위 추정, 복수 카드 가격, 배송비 포함 여부 미확정, 묶음·세트 총액 · 개별 카드 가격 아님",estimated,no,no,"loadScript('//t1.kakaocdn.net/kas/static/ba.min.js', true);"
2ef89fb8bab3a160f199b155,pokemoncardgame,포켓몬 카드게임,2026-05,2026-05-15T23:28:09+09:00,known,ca922babc24ce47435c9e928,2ef89fb8bab3a160f199b155,112867,https://m.dcinside.com/board/pokemoncardgame/112867,나옹 플레이매트 삼,seller-45b51e96ba5f9b4823a02400,시로코,guest,나옹 플레이매트,나옹 플레이매트,나옹 플레이매트,,,unknown,미분류,1,35000,35000,exact,per_card,text,unknown,,active,needs_review,needs_review,배송비 포함 여부 미확정,exact,yes,candidate_estimated,나옹 플레이매트 35000원에 사고싶어….
47708220b3eaed427da6acae,pokemoncardgame,포켓몬 카드게임,2026-05,2026-05-16T07:10:11+09:00,known,ce0a90a43ab2e852eb565e98,47708220b3eaed427da6acae,112886,https://m.dcinside.com/board/pokemoncardgame/112886,로켓단의 뮤츠ex sr 구매합니다.,seller-51447db26eeb90b0124d315b,포갤러,registered,해주시면,해주시면,판매해주시면,,,unknown,미분류,1,1.6,16000,estimated,bundle,text,unknown,,active,needs_review,needs_review,"가격 단위 추정, 일괄·세트 가격, 배송비 포함 여부 미확정, 묶음·세트 총액 · 개별 카드 가격 아님",estimated,no,no,일괄 판매해주시면 1.6에 구매 가능합니다.
4c99c801bb1387a1c8d5073d,pokemoncardgame,포켓몬 카드게임,2026-05,2026-05-16T08:21:48+09:00,known,720f3fb102209829f5f60559,4c99c801bb1387a1c8d5073d,112889,https://m.dcinside.com/board/pokemoncardgame/112889,포카드 직 투희 텔레페스 에너지 ㅅㅅ,seller-d2deb560b9c26bc608a9be1d,ㅇㅇ,guest,텔레페스에너지,텔레페스에너지,텔레페스에너지 4,,,unknown,미분류,1,0.1,1000,estimated,per_card,text,unknown,,active,needs_review,needs_review,"가격 단위 추정, 배송비 포함 여부 미확정",estimated,yes,candidate_estimated,텔레페스에너지 4 - 0.1
9e94320975d251fbc698600c,pokemoncardgame,포켓몬 카드게임,2026-05,2026-05-16T08:21:48+09:00,known,720f3fb102209829f5f60559,9e94320975d251fbc698600c,112889,https://m.dcinside.com/board/pokemoncardgame/112889,포카드 직 투희 텔레페스 에너지 ㅅㅅ,seller-d2deb560b9c26bc608a9be1d,ㅇㅇ,guest,럭키멧,럭키멧,럭키멧 3,,,unknown,미분류,1,0.05,500,estimated,per_card,text,unknown,,active,needs_review,needs_review,"가격 단위 추정, 배송비 포함 여부 미확정",estimated,yes,candidate_estimated,럭키멧 3 - 0.05
e3691dd558a97db2ad982f17,pokemoncardgame,포켓몬 카드게임,2026-05,2026-05-16T08:21:48+09:00,known,720f3fb102209829f5f60559,e3691dd558a97db2ad982f17,112889,https://m.dcinside.com/board/pokemoncardgame/112889,포카드 직 투희 텔레페스 에너지 ㅅㅅ,seller-d2deb560b9c26bc608a9be1d,ㅇㅇ,guest,투희,투희,투희 2,,,unknown,미분류,1,0.1,1000,estimated,per_card,text,unknown,,active,needs_review,needs_review,"가격 단위 추정, 배송비 포함 여부 미확정",estimated,yes,candidate_estimated,투희 2 - 0.1
55362417790d076184d30c68,pokemoncardgame,포켓몬 카드게임,2026-05,2026-05-16T13:18:35+09:00,known,7f26ced39f897269352943f1,55362417790d076184d30c68,112910,https://m.dcinside.com/board/pokemoncardgame/112910,반택포 일괄 구매합니다,seller-337707d4765b0f4e858ebb04,니카,registered,var safe = window.dcAd && window.dcAd.safe ==,var safe = window.dcAd && window.dcAd.safe ==,var safe = (window.dcAd && window.dcAd.safe ==,,,unknown,미분류,1,1,10000,estimated,bundle,text,unknown,,active,needs_review,needs_review,"가격 단위 추정, 복수 카드 가격, 배송비 포함 여부 미확정, 묶음·세트 총액 · 개별 카드 가격 아님",estimated,no,no,var safe = (window.dcAd && window.dcAd.safe == 1)
74ec92fef1016c9a21c6ed8a,pokemoncardgame,포켓몬 카드게임,2026-05,2026-05-16T13:18:35+09:00,known,7f26ced39f897269352943f1,74ec92fef1016c9a21c6ed8a,112910,https://m.dcinside.com/board/pokemoncardgame/112910,반택포 일괄 구매합니다,seller-337707d4765b0f4e858ebb04,니카,registered,loadScript 'https pagead,loadScript 'https pagead,loadScript('https://pagead,,,unknown,미분류,1,2,20000,estimated,bundle,text,unknown,,active,needs_review,needs_review,"가격 단위 추정, 복수 카드 가격, 배송비 포함 여부 미확정, 묶음·세트 총액 · 개별 카드 가격 아님",estimated,no,no,"loadScript('https://pagead2.googlesyndication.com/pagead/js/adsbygoogle_direct.js?client=ca-pub-8171468792791627', true, 'anonymous');"
b8cc819250b883a88e0d5430,pokemoncardgame,포켓몬 카드게임,2026-05,2026-05-16T13:18:35+09:00,known,7f26ced39f897269352943f1,b8cc819250b883a88e0d5430,112910,https://m.dcinside.com/board/pokemoncardgame/112910,반택포 일괄 구매합니다,seller-337707d4765b0f4e858ebb04,니카,registered,loadScript ' t,loadScript ' t,loadScript('//t,,,unknown,미분류,1,1,10000,estimated,bundle,text,unknown,,active,needs_review,needs_review,"가격 단위 추정, 복수 카드 가격, 배송비 포함 여부 미확정, 묶음·세트 총액 · 개별 카드 가격 아님",estimated,no,no,"loadScript('//t1.kakaocdn.net/kas/static/ba.min.js', true);"
fdab936bd72277b52bb8a6e2,pokemoncardgame,포켓몬 카드게임,2026-05,2026-05-16T13:18:35+09:00,known,7f26ced39f897269352943f1,fdab936bd72277b52bb8a6e2,112910,https://m.dcinside.com/board/pokemoncardgame/112910,반택포 일괄 구매합니다,seller-337707d4765b0f4e858ebb04,니카,registered,DOM 삽입 헬퍼 현재 스크립트 위치 기준,DOM 삽입 헬퍼 현재 스크립트 위치 기준,// ---- DOM 삽입 헬퍼 (현재 스크립트 위치 기준,,,unknown,미분류,1,1,10000,estimated,bundle,text,unknown,,active,needs_review,needs_review,"가격 단위 추정, 복수 카드 가격, 배송비 포함 여부 미확정, 묶음·세트 총액 · 개별 카드 가격 아님",estimated,no,no,// ---- DOM 삽입 헬퍼 (현재 스크립트 위치 기준1)
1bec7a6d9729600ee4541647,pokemoncardgame,포켓몬 카드게임,2026-05,2026-05-16T14:30:43+09:00,known,2d79b7e823049ce1e1a78c98,1bec7a6d9729600ee4541647,112923,https://m.dcinside.com/board/pokemoncardgame/112923,호브덱 등 잡다한거 팜,seller-a074fe27a7e4ae1bd93dd807,전대대실격,registered,DOM 삽입 헬퍼 현재 스크립트 위치 기준,DOM 삽입 헬퍼 현재 스크립트 위치 기준,// ---- DOM 삽입 헬퍼 (현재 스크립트 위치 기준,,,unknown,미분류,1,1,10000,estimated,bundle,text,unknown,,active,needs_review,needs_review,"가격 단위 추정, 복수 카드 가격, 배송비 포함 여부 미확정, 묶음·세트 총액 · 개별 카드 가격 아님",estimated,no,no,// ---- DOM 삽입 헬퍼 (현재 스크립트 위치 기준1)
336885abedf05533825da993,pokemoncardgame,포켓몬 카드게임,2026-05,2026-05-16T14:30:43+09:00,known,2d79b7e823049ce1e1a78c98,336885abedf05533825da993,112923,https://m.dcinside.com/board/pokemoncardgame/112923,호브덱 등 잡다한거 팜,seller-a074fe27a7e4ae1bd93dd807,전대대실격,registered,람다,람다,람다,,,unknown,미분류,4,1.2,12000,estimated,per_quantity,text,unknown,,active,needs_review,needs_review,"가격 단위 추정, 배송비 포함 여부 미확정, 복수 수량 총액 · 카드 1장 가격 아님",estimated,no,no,람다 4장 1.2
41d616e76ec9487254edcf4e,pokemoncardgame,포켓몬 카드게임,2026-05,2026-05-16T14:30:43+09:00,known,2d79b7e823049ce1e1a78c98,41d616e76ec9487254edcf4e,112923,https://m.dcinside.com/board/pokemoncardgame/112923,호브덱 등 잡다한거 팜,seller-a074fe27a7e4ae1bd93dd807,전대대실격,registered,게치스,게치스,게치스,,,unknown,미분류,1,1.0,10000,estimated,per_card,text,unknown,,active,needs_review,needs_review,"가격 단위 추정, 배송비 포함 여부 미확정",estimated,yes,candidate_estimated,게치스 1.0
420b1a9c9725186d99498f2e,pokemoncardgame,포켓몬 카드게임,2026-05,2026-05-16T14:30:43+09:00,known,2d79b7e823049ce1e1a78c98,420b1a9c9725186d99498f2e,112923,https://m.dcinside.com/board/pokemoncardgame/112923,호브덱 등 잡다한거 팜,seller-a074fe27a7e4ae1bd93dd807,전대대실격,registered,loadScript 'https pagead,loadScript 'https pagead,loadScript('https://pagead,,,unknown,미분류,1,2,20000,estimated,bundle,text,unknown,,active,needs_review,needs_review,"가격 단위 추정, 복수 카드 가격, 배송비 포함 여부 미확정, 묶음·세트 총액 · 개별 카드 가격 아님",estimated,no,no,"loadScript('https://pagead2.googlesyndication.com/pagead/js/adsbygoogle_direct.js?client=ca-pub-8171468792791627', true, 'anonymous');"
5041eb3e9bd1c36c12f06e26,pokemoncardgame,포켓몬 카드게임,2026-05,2026-05-16T14:30:43+09:00,known,2d79b7e823049ce1e1a78c98,5041eb3e9bd1c36c12f06e26,112923,https://m.dcinside.com/board/pokemoncardgame/112923,호브덱 등 잡다한거 팜,seller-a074fe27a7e4ae1bd93dd807,전대대실격,registered,하솔 sar,하솔 sar,하솔 sar 장당,,,unknown,미분류,1,1.0,10000,estimated,per_card,text,unknown,,active,needs_review,needs_review,"가격 단위 추정, 배송비 포함 여부 미확정",estimated,yes,candidate_estimated,하솔 sar 장당 1.0
8559c7cca5c922306efababa,pokemoncardgame,포켓몬 카드게임,2026-05,2026-05-16T14:30:43+09:00,known,2d79b7e823049ce1e1a78c98,8559c7cca5c922306efababa,112923,https://m.dcinside.com/board/pokemoncardgame/112923,호브덱 등 잡다한거 팜,seller-a074fe27a7e4ae1bd93dd807,전대대실격,registered,loadScript ' t,loadScript ' t,loadScript('//t,,,unknown,미분류,1,1,10000,estimated,bundle,text,unknown,,active,needs_review,needs_review,"가격 단위 추정, 복수 카드 가격, 배송비 포함 여부 미확정, 묶음·세트 총액 · 개별 카드 가격 아님",estimated,no,no,"loadScript('//t1.kakaocdn.net/kas/static/ba.min.js', true);"
a2320015f9399f0cb65cefaa,pokemoncardgame,포켓몬 카드게임,2026-05,2026-05-16T14:30:43+09:00,known,2d79b7e823049ce1e1a78c98,a2320015f9399f0cb65cefaa,112923,https://m.dcinside.com/board/pokemoncardgame/112923,호브덱 등 잡다한거 팜,seller-a074fe27a7e4ae1bd93dd807,전대대실격,registered,호브덱,호브덱,호브덱,,,unknown,미분류,1,3.5,35000,estimated,bundle,text,unknown,,active,needs_review,needs_review,"가격 단위 추정, 배송비 포함 여부 미확정, 묶음·세트 총액 · 개별 카드 가격 아님",estimated,no,no,호브덱 3.5
b1f65e0dd55543bd4610776d,pokemoncardgame,포켓몬 카드게임,2026-05,2026-05-16T14:30:43+09:00,known,2d79b7e823049ce1e1a78c98,b1f65e0dd55543bd4610776d,112923,https://m.dcinside.com/board/pokemoncardgame/112923,호브덱 등 잡다한거 팜,seller-a074fe27a7e4ae1bd93dd807,전대대실격,registered,태권왕,태권왕,태권왕 장당,,,unknown,미분류,1,0.3,3000,estimated,per_card,text,unknown,,active,needs_review,needs_review,"가격 단위 추정, 배송비 포함 여부 미확정",estimated,yes,candidate_estimated,태권왕 장당 0.3
b786de01585d0d92cf3cb198,pokemoncardgame,포켓몬 카드게임,2026-05,2026-05-16T14:30:43+09:00,known,2d79b7e823049ce1e1a78c98,b786de01585d0d92cf3cb198,112923,https://m.dcinside.com/board/pokemoncardgame/112923,호브덱 등 잡다한거 팜,seller-a074fe27a7e4ae1bd93dd807,전대대실격,registered,플라엣테,플라엣테,플라엣테,,,unknown,미분류,1,1.5,15000,estimated,per_card,text,unknown,,active,needs_review,needs_review,"가격 단위 추정, 배송비 포함 여부 미확정",estimated,yes,candidate_estimated,플라엣테 1.5
f29f05560fd6b2a68020b8bb,pokemoncardgame,포켓몬 카드게임,2026-05,2026-05-16T14:30:43+09:00,known,2d79b7e823049ce1e1a78c98,f29f05560fd6b2a68020b8bb,112923,https://m.dcinside.com/board/pokemoncardgame/112923,호브덱 등 잡다한거 팜,seller-a074fe27a7e4ae1bd93dd807,전대대실격,registered,var safe = window.dcAd && window.dcAd.safe ==,var safe = window.dcAd && window.dcAd.safe ==,var safe = (window.dcAd && window.dcAd.safe ==,,,unknown,미분류,1,1,10000,estimated,bundle,text,unknown,,active,needs_review,needs_review,"가격 단위 추정, 복수 카드 가격, 배송비 포함 여부 미확정, 묶음·세트 총액 · 개별 카드 가격 아님",estimated,no,no,var safe = (window.dcAd && window.dcAd.safe == 1)
0579219d34002f4ebe71d2fa,pokemoncardgame,포켓몬 카드게임,2026-05,2026-05-17T01:56:54+09:00,known,6d8f925206da20edc329d898,0579219d34002f4ebe71d2fa,113002,https://m.dcinside.com/board/pokemoncardgame/113002,뉴비 드펄덱 삽니다,seller-5c407e6c366302f6555e8406,lloRitl..,registered,DOM 삽입 헬퍼 현재 스크립트 위치 기준,DOM 삽입 헬퍼 현재 스크립트 위치 기준,// ---- DOM 삽입 헬퍼 (현재 스크립트 위치 기준,,,unknown,미분류,1,1,10000,estimated,bundle,text,unknown,,active,needs_review,needs_review,"가격 단위 추정, 복수 카드 가격, 배송비 포함 여부 미확정, 묶음·세트 총액 · 개별 카드 가격 아님",estimated,no,no,// ---- DOM 삽입 헬퍼 (현재 스크립트 위치 기준1)
337a9ba8aee2a71fe1fc937a,pokemoncardgame,포켓몬 카드게임,2026-05,2026-05-17T01:56:54+09:00,known,6d8f925206da20edc329d898,337a9ba8aee2a71fe1fc937a,113002,https://m.dcinside.com/board/pokemoncardgame/113002,뉴비 드펄덱 삽니다,seller-5c407e6c366302f6555e8406,lloRitl..,registered,loadScript ' t,loadScript ' t,loadScript('//t,,,unknown,미분류,1,1,10000,estimated,bundle,text,unknown,,active,needs_review,needs_review,"가격 단위 추정, 복수 카드 가격, 배송비 포함 여부 미확정, 묶음·세트 총액 · 개별 카드 가격 아님",estimated,no,no,"loadScript('//t1.kakaocdn.net/kas/static/ba.min.js', true);"
519395ea4c9e3126c19c265b,pokemoncardgame,포켓몬 카드게임,2026-05,2026-05-17T01:56:54+09:00,known,6d8f925206da20edc329d898,519395ea4c9e3126c19c265b,113002,https://m.dcinside.com/board/pokemoncardgame/113002,뉴비 드펄덱 삽니다,seller-5c407e6c366302f6555e8406,lloRitl..,registered,둘중 하나 레시피로 반,둘중 하나 레시피로 반,둘중 하나 레시피로 반택포 4~,,,unknown,미분류,1,5,50000,estimated,per_card,text,included,2000,active,needs_review,needs_review,,estimated,yes,candidate_estimated,둘중 하나 레시피로 반택포 4~5만원에 삽니다.
77092af06e9eaea133ce0dd3,pokemoncardgame,포켓몬 카드게임,2026-05,2026-05-17T01:56:54+09:00,known,6d8f925206da20edc329d898,77092af06e9eaea133ce0dd3,113002,https://m.dcinside.com/board/pokemoncardgame/113002,뉴비 드펄덱 삽니다,seller-5c407e6c366302f6555e8406,lloRitl..,registered,var safe = window.dcAd && window.dcAd.safe ==,var safe = window.dcAd && window.dcAd.safe ==,var safe = (window.dcAd && window.dcAd.safe ==,,,unknown,미분류,1,1,10000,estimated,bundle,text,unknown,,active,needs_review,needs_review,"가격 단위 추정, 복수 카드 가격, 배송비 포함 여부 미확정, 묶음·세트 총액 · 개별 카드 가격 아님",estimated,no,no,var safe = (window.dcAd && window.dcAd.safe == 1)
d3108066e45e14a6e6634b0f,pokemoncardgame,포켓몬 카드게임,2026-05,2026-05-17T01:56:54+09:00,known,6d8f925206da20edc329d898,d3108066e45e14a6e6634b0f,113002,https://m.dcinside.com/board/pokemoncardgame/113002,뉴비 드펄덱 삽니다,seller-5c407e6c366302f6555e8406,lloRitl..,registered,loadScript 'https pagead,loadScript 'https pagead,loadScript('https://pagead,,,unknown,미분류,1,2,20000,estimated,bundle,text,unknown,,active,needs_review,needs_review,"가격 단위 추정, 복수 카드 가격, 배송비 포함 여부 미확정, 묶음·세트 총액 · 개별 카드 가격 아님",estimated,no,no,"loadScript('https://pagead2.googlesyndication.com/pagead/js/adsbygoogle_direct.js?client=ca-pub-8171468792791627', true, 'anonymous');"
1bcb479a2ea3edadffb0b076,pokemoncardgame,포켓몬 카드게임,2026-05,2026-05-17T09:55:21+09:00,known,3fe0728f5eae74ea3faab9e0,1bcb479a2ea3edadffb0b076,113016,https://m.dcinside.com/board/pokemoncardgame/113016,대구직으로 구해봄,seller-51447db26eeb90b0124d315b,포갤러,registered,레드카드 봄드펄소스 야느와르몽 한장씩해서,레드카드 봄드펄소스 야느와르몽 한장씩해서,"레드카드, 봄드펄소스 야느와르몽 한장씩해서",,,unknown,미분류,1,0.4,4000,estimated,bundle,text,unknown,,active,needs_review,needs_review,"가격 단위 추정, 복수 카드 가격, 배송비 포함 여부 미확정, 묶음·세트 총액 · 개별 카드 가격 아님",estimated,no,no,"레드카드, 봄드펄소스 야느와르몽 한장씩해서 0.4에 구해봄"
08fa02c0a9141c31df723c59,pokemoncardgame,포켓몬 카드게임,2026-05,2026-05-17T13:50:00+09:00,known,4412848c0c0136d46daf4b95,08fa02c0a9141c31df723c59,113033,https://m.dcinside.com/board/pokemoncardgame/113033,덱소스 구함,seller-d65b225732c5150b20156b4d,이승현,guest,로 구해봄,로 구해봄,로 구해봄,,,unknown,미분류,1,1.5,15000,estimated,per_card,text,included,2000,active,needs_review,needs_review,가격 단위 추정,estimated,yes,candidate_estimated,택포 1.5로 구해봄
3872e505a3cae1b5cd177fce,pokemoncardgame,포켓몬 카드게임,2026-05,2026-05-17T13:59:00+09:00,known,618f4c6d8cf279691c055294,3872e505a3cae1b5cd177fce,113034,https://m.dcinside.com/board/pokemoncardgame/113034,소드실드 100덱 포곰곰/이븐곰 구함,seller-4acb7699f26743a09555a304,간녕,guest,반,반,반택포,,,unknown,미분류,1,0.6,6000,estimated,bundle,text,included,2000,active,needs_review,needs_review,"가격 단위 추정, 일괄·세트 가격, 묶음·세트 총액 · 개별 카드 가격 아님",estimated,no,no,일괄 반택포 0.6
84fe895cffe629c1810b348e,pokemoncardgame,포켓몬 카드게임,2026-05,2026-05-17T16:38:27+09:00,known,8dfb58c3ca8c001b4ca89638,84fe895cffe629c1810b348e,113059,https://m.dcinside.com/board/pokemoncardgame/113059,나옹 1장 삽니다,seller-337707d4765b0f4e858ebb04,니카,registered,나옹 반,나옹 반,나옹 반택포,,,unknown,미분류,1,0.5,5000,estimated,per_card,text,included,2000,active,needs_review,needs_review,가격 단위 추정,estimated,yes,candidate_estimated,나옹 1장 반택포 0.5에 사요
8b250349bdf513b5fff6f15d,pokemoncardgame,포켓몬 카드게임,2026-05,2026-05-17T17:58:11+09:00,known,4e19802c2ed71060d21e3937,8b250349bdf513b5fff6f15d,113073,https://m.dcinside.com/board/pokemoncardgame/113073,덱소스 삼,seller-51447db26eeb90b0124d315b,포갤러,registered,,,,,,unknown,미분류,1,2.2,22000,estimated,bundle,text,separate,2000,active,needs_review,needs_review,"가격 단위 추정, 일괄·세트 가격, 카드명 확인 필요, 묶음·세트 총액 · 개별 카드 가격 아님",estimated,no,no,일괄 2.2에 구함 택배비별도
03b1f43c4909d05cce23be79,pokemoncardgame,포켓몬 카드게임,2026-05,2026-05-17T19:58:40+09:00,known,20a396f38a5e108b54c1f690,03b1f43c4909d05cce23be79,113094,https://m.dcinside.com/board/pokemoncardgame/113094,보스 지령 배틀어처 우편함 에갈달 판매합니다,seller-51447db26eeb90b0124d315b,포갤러,registered,배틀서처,배틀서처,배틀서처,,,unknown,미분류,1,5,50000,estimated,per_card,text,unknown,,active,needs_review,needs_review,"가격 단위 추정, 배송비 포함 여부 미확정",estimated,yes,candidate_estimated,배틀서처-5
0a9df9168032e1ad85c7a9ae,pokemoncardgame,포켓몬 카드게임,2026-05,2026-05-17T19:58:40+09:00,known,20a396f38a5e108b54c1f690,0a9df9168032e1ad85c7a9ae,113094,https://m.dcinside.com/board/pokemoncardgame/113094,보스 지령 배틀어처 우편함 에갈달 판매합니다,seller-51447db26eeb90b0124d315b,포갤러,registered,시,시,구매시,,,unknown,미분류,1,23,230000,estimated,bundle,text,unknown,,active,needs_review,needs_review,"가격 단위 추정, 일괄·세트 가격, 배송비 포함 여부 미확정, 묶음·세트 총액 · 개별 카드 가격 아님",estimated,no,no,일괄 구매시 23
603459713585bdc67bd57fad,pokemoncardgame,포켓몬 카드게임,2026-05,2026-05-17T19:58:40+09:00,known,20a396f38a5e108b54c1f690,603459713585bdc67bd57fad,113094,https://m.dcinside.com/board/pokemoncardgame/113094,보스 지령 배틀어처 우편함 에갈달 판매합니다,seller-51447db26eeb90b0124d315b,포갤러,registered,보스 지령,보스 지령,보스 지령,,,unknown,미분류,1,6,60000,estimated,per_card,text,unknown,,active,needs_review,needs_review,"가격 단위 추정, 배송비 포함 여부 미확정",estimated,yes,candidate_estimated,보스 지령-6
7641ce6b28cb0b7fd80bf84d,pokemoncardgame,포켓몬 카드게임,2026-05,2026-05-17T19:58:40+09:00,known,20a396f38a5e108b54c1f690,7641ce6b28cb0b7fd80bf84d,113094,https://m.dcinside.com/board/pokemoncardgame/113094,보스 지령 배틀어처 우편함 에갈달 판매합니다,seller-51447db26eeb90b0124d315b,포갤러,registered,우편함,우편함,우편함,,,unknown,미분류,1,5,50000,estimated,per_card,text,unknown,,active,needs_review,needs_review,"가격 단위 추정, 배송비 포함 여부 미확정",estimated,yes,candidate_estimated,우편함-5
85f910451c98b0e4b56740df,pokemoncardgame,포켓몬 카드게임,2026-05,2026-05-17T19:58:40+09:00,known,20a396f38a5e108b54c1f690,85f910451c98b0e4b56740df,113094,https://m.dcinside.com/board/pokemoncardgame/113094,보스 지령 배틀어처 우편함 에갈달 판매합니다,seller-51447db26eeb90b0124d315b,포갤러,registered,에갈달,에갈달,에갈달,,,unknown,미분류,1,9,90000,estimated,per_card,text,unknown,,active,needs_review,needs_review,"가격 단위 추정, 배송비 포함 여부 미확정",estimated,yes,candidate_estimated,에갈달-9
05e44700bb5b3f24376f3f58,pokemoncardgame,포켓몬 카드게임,2026-05,2026-05-18T00:05:55+09:00,known,0a5c296b7157639b80c44199,05e44700bb5b3f24376f3f58,113123,https://m.dcinside.com/board/pokemoncardgame/113123,덱소스 삽니다,seller-6ef83886de1aa0af759d1be4,ㅇㅇ,guest,우레 ex 일반,우레 ex 일반,"우레 ex, 일반",,,unknown,미분류,1,1,10000,estimated,bundle,text,unknown,,active,needs_review,needs_review,"가격 단위 추정, 복수 카드 가격, 배송비 포함 여부 미확정, 묶음·세트 총액 · 개별 카드 가격 아님",estimated,no,no,"우레 ex, 일반 1"
2f233b49533ad60df494d454,pokemoncardgame,포켓몬 카드게임,2026-05,2026-05-18T00:05:55+09:00,known,0a5c296b7157639b80c44199,2f233b49533ad60df494d454,113123,https://m.dcinside.com/board/pokemoncardgame/113123,덱소스 삽니다,seller-6ef83886de1aa0af759d1be4,ㅇㅇ,guest,유리나팔,유리나팔,유리나팔,,,unknown,미분류,1,1,10000,estimated,per_card,text,unknown,,active,needs_review,needs_review,"가격 단위 추정, 배송비 포함 여부 미확정",estimated,yes,candidate_estimated,유리나팔 1
40201626779da9b5a0841987,pokemoncardgame,포켓몬 카드게임,2026-05,2026-05-18T00:05:55+09:00,known,0a5c296b7157639b80c44199,40201626779da9b5a0841987,113123,https://m.dcinside.com/board/pokemoncardgame/113123,덱소스 삽니다,seller-6ef83886de1aa0af759d1be4,ㅇㅇ,guest,릴삐,릴삐,릴삐,,,unknown,미분류,1,1,10000,estimated,per_card,text,unknown,,active,needs_review,needs_review,"가격 단위 추정, 배송비 포함 여부 미확정",estimated,yes,candidate_estimated,릴삐 1
65b8f4f3de5e320e4b7f8b3b,pokemoncardgame,포켓몬 카드게임,2026-05,2026-05-18T00:05:55+09:00,known,0a5c296b7157639b80c44199,65b8f4f3de5e320e4b7f8b3b,113123,https://m.dcinside.com/board/pokemoncardgame/113123,덱소스 삽니다,seller-6ef83886de1aa0af759d1be4,ㅇㅇ,guest,아크로마의 집념,아크로마의 집념,아크로마의 집념,,,unknown,미분류,1,2,20000,estimated,per_card,text,unknown,,active,needs_review,needs_review,"가격 단위 추정, 배송비 포함 여부 미확정",estimated,yes,candidate_estimated,아크로마의 집념 2
8752302e7f0ff3526a37af70,pokemoncardgame,포켓몬 카드게임,2026-05,2026-05-18T00:05:55+09:00,known,0a5c296b7157639b80c44199,8752302e7f0ff3526a37af70,113123,https://m.dcinside.com/board/pokemoncardgame/113123,덱소스 삽니다,seller-6ef83886de1aa0af759d1be4,ㅇㅇ,guest,원더패치,원더패치,원더패치,,,unknown,미분류,1,1,10000,estimated,per_card,text,unknown,,active,needs_review,needs_review,"가격 단위 추정, 배송비 포함 여부 미확정",estimated,yes,candidate_estimated,원더패치 1
c3fce1c353cb5e365d7cdf2d,pokemoncardgame,포켓몬 카드게임,2026-05,2026-05-18T00:05:55+09:00,known,0a5c296b7157639b80c44199,c3fce1c353cb5e365d7cdf2d,113123,https://m.dcinside.com/board/pokemoncardgame/113123,덱소스 삽니다,seller-6ef83886de1aa0af759d1be4,ㅇㅇ,guest,,,,,,unknown,미분류,1,1,10000,estimated,bundle,text,unknown,,active,needs_review,needs_review,"가격 단위 추정, 일괄·세트 가격, 배송비 포함 여부 미확정, 카드명 확인 필요, 묶음·세트 총액 · 개별 카드 가격 아님",estimated,no,no,일괄 1에 사봅니다
d33d124700d50f8ec933fd1f,pokemoncardgame,포켓몬 카드게임,2026-05,2026-05-18T00:05:55+09:00,known,0a5c296b7157639b80c44199,d33d124700d50f8ec933fd1f,113123,https://m.dcinside.com/board/pokemoncardgame/113123,덱소스 삽니다,seller-6ef83886de1aa0af759d1be4,ㅇㅇ,guest,비파,비파,비파,,,unknown,미분류,1,1,10000,estimated,per_card,text,unknown,,active,needs_review,needs_review,"가격 단위 추정, 배송비 포함 여부 미확정",estimated,yes,candidate_estimated,비파 1
e23d464d62bddd2de85f147a,pokemoncardgame,포켓몬 카드게임,2026-05,2026-05-18T00:05:55+09:00,known,0a5c296b7157639b80c44199,e23d464d62bddd2de85f147a,113123,https://m.dcinside.com/board/pokemoncardgame/113123,덱소스 삽니다,seller-6ef83886de1aa0af759d1be4,ㅇㅇ,guest,하솔,하솔,하솔,,,unknown,미분류,1,2,20000,estimated,per_card,text,unknown,,active,needs_review,needs_review,"가격 단위 추정, 배송비 포함 여부 미확정",estimated,yes,candidate_estimated,하솔 2
e97ef43d3840e17d5e3bc1dd,pokemoncardgame,포켓몬 카드게임,2026-05,2026-05-18T00:05:55+09:00,known,0a5c296b7157639b80c44199,e97ef43d3840e17d5e3bc1dd,113123,https://m.dcinside.com/board/pokemoncardgame/113123,덱소스 삽니다,seller-6ef83886de1aa0af759d1be4,ㅇㅇ,guest,오거폰 ex,오거폰 ex,오거폰 ex,,,unknown,미분류,1,2,20000,estimated,per_card,text,unknown,,active,needs_review,needs_review,"가격 단위 추정, 배송비 포함 여부 미확정",estimated,yes,candidate_estimated,오거폰 ex 2
d86431066f84be3012253976,pokemoncardgame,포켓몬 카드게임,2026-05,2026-05-18T00:06:24+09:00,known,b59f5ab88cb6ae083cab0d7a,d86431066f84be3012253976,113124,https://m.dcinside.com/board/pokemoncardgame/113124,과미드라 덱 삽니다,seller-df8a5cc4a8a9d360dee6243c,ㅇㅇ,guest,,삽니다,삽니다,,,unknown,미분류,1,4.5,45000,estimated,per_card,text,included,2000,active,needs_review,needs_review,가격 단위 추정,estimated,yes,candidate_estimated,택포 4.5 삽니다
104404603699fcb3342f26f7,pokemoncardgame,포켓몬 카드게임,2026-05,2026-05-18T10:23:14+09:00,known,50167318cf43003754f92076,104404603699fcb3342f26f7,113158,https://m.dcinside.com/board/pokemoncardgame/113158,덱소스 구매해요,seller-2e45098fdabb7f32c264dfc8,코제,registered,해골몽 ar,해골몽 ar,해골몽 ar,,,unknown,미분류,1,2,20000,estimated,per_card,text,unknown,,active,needs_review,needs_review,"가격 단위 추정, 배송비 포함 여부 미확정",estimated,yes,candidate_estimated,해골몽 ar 2
1d5c9c574604d70d1112a9b1,pokemoncardgame,포켓몬 카드게임,2026-05,2026-05-18T10:23:14+09:00,known,57c73784c9e8a45704c04c87,1d5c9c574604d70d1112a9b1,113158,https://m.dcinside.com/board/pokemoncardgame/113158,덱소스 구매해요,seller-2e45098fdabb7f32c264dfc8,코제,registered,야느와르몽 ar,야느와르몽 ar,야느와르몽 ar 1~,,,unknown,미분류,1,2,20000,estimated,per_card,text,unknown,,active,needs_review,needs_review,"가격 단위 추정, 배송비 포함 여부 미확정",estimated,yes,candidate_estimated,야느와르몽 ar 1~2
2885bf512fd7e2de34aaf6e8,pokemoncardgame,포켓몬 카드게임,2026-05,2026-05-18T10:23:14+09:00,known,69059b3fdbda165c27460eb5,2885bf512fd7e2de34aaf6e8,113158,https://m.dcinside.com/board/pokemoncardgame/113158,덱소스 구매해요,seller-2e45098fdabb7f32c264dfc8,코제,registered,,1~,1~,,,unknown,미분류,1,1.5,15000,estimated,bundle,text,unknown,,active,needs_review,needs_review,"가격 단위 추정, 일괄·세트 가격, 배송비 포함 여부 미확정, 묶음·세트 총액 · 개별 카드 가격 아님",estimated,no,no,일괄 1~1.5에 구매합니다
33f07b08a8643d0b7f402d8f,pokemoncardgame,포켓몬 카드게임,2026-05,2026-05-18T10:23:14+09:00,known,57c73784c9e8a45704c04c87,33f07b08a8643d0b7f402d8f,113158,https://m.dcinside.com/board/pokemoncardgame/113158,덱소스 구매해요,seller-2e45098fdabb7f32c264dfc8,코제,registered,미라몽 ar,미라몽 ar,미라몽 ar 1~,,,unknown,미분류,1,2,20000,estimated,per_card,text,unknown,,active,needs_review,needs_review,"가격 단위 추정, 배송비 포함 여부 미확정",estimated,yes,candidate_estimated,미라몽 ar 1~2
4253ff22bd303e3b83229a82,pokemoncardgame,포켓몬 카드게임,2026-05,2026-05-18T10:23:14+09:00,known,57c73784c9e8a45704c04c87,4253ff22bd303e3b83229a82,113158,https://m.dcinside.com/board/pokemoncardgame/113158,덱소스 구매해요,seller-2e45098fdabb7f32c264dfc8,코제,registered,해골몽 ar,해골몽 ar,해골몽 ar,,,unknown,미분류,1,2,20000,estimated,per_card,text,unknown,,active,needs_review,needs_review,"가격 단위 추정, 배송비 포함 여부 미확정",estimated,yes,candidate_estimated,해골몽 ar 2
46cf145e8f0bce00cd9f2834,pokemoncardgame,포켓몬 카드게임,2026-05,2026-05-18T10:23:14+09:00,known,50167318cf43003754f92076,46cf145e8f0bce00cd9f2834,113158,https://m.dcinside.com/board/pokemoncardgame/113158,덱소스 구매해요,seller-2e45098fdabb7f32c264dfc8,코제,registered,야느와르몽 ar,야느와르몽 ar,야느와르몽 ar 1~,,,unknown,미분류,1,2,20000,estimated,per_card,text,unknown,,active,needs_review,needs_review,"가격 단위 추정, 배송비 포함 여부 미확정",estimated,yes,candidate_estimated,야느와르몽 ar 1~2
7c8c9d64245b88be18c9b23f,pokemoncardgame,포켓몬 카드게임,2026-05,2026-05-18T10:23:14+09:00,known,50167318cf43003754f92076,7c8c9d64245b88be18c9b23f,113158,https://m.dcinside.com/board/pokemoncardgame/113158,덱소스 구매해요,seller-2e45098fdabb7f32c264dfc8,코제,registered,,1~,1~,,,unknown,미분류,1,1.5,15000,estimated,bundle,text,unknown,,active,needs_review,needs_review,"가격 단위 추정, 일괄·세트 가격, 배송비 포함 여부 미확정, 묶음·세트 총액 · 개별 카드 가격 아님",estimated,no,no,일괄 1~1.5에 구매합니다
9540f89730ddbdcef2990c09,pokemoncardgame,포켓몬 카드게임,2026-05,2026-05-18T10:23:14+09:00,known,69059b3fdbda165c27460eb5,9540f89730ddbdcef2990c09,113158,https://m.dcinside.com/board/pokemoncardgame/113158,덱소스 구매해요,seller-2e45098fdabb7f32c264dfc8,코제,registered,야느와르몽 ar,야느와르몽 ar,야느와르몽 ar 1~,,,unknown,미분류,1,2,20000,estimated,per_card,text,unknown,,active,needs_review,needs_review,"가격 단위 추정, 배송비 포함 여부 미확정",estimated,yes,candidate_estimated,야느와르몽 ar 1~2
a60ed377cfdbd042c4c7c7c0,pokemoncardgame,포켓몬 카드게임,2026-05,2026-05-18T10:23:14+09:00,known,57c73784c9e8a45704c04c87,a60ed377cfdbd042c4c7c7c0,113158,https://m.dcinside.com/board/pokemoncardgame/113158,덱소스 구매해요,seller-2e45098fdabb7f32c264dfc8,코제,registered,,1~,1~,,,unknown,미분류,1,1.5,15000,estimated,bundle,text,unknown,,active,needs_review,needs_review,"가격 단위 추정, 일괄·세트 가격, 배송비 포함 여부 미확정, 묶음·세트 총액 · 개별 카드 가격 아님",estimated,no,no,일괄 1~1.5에 구매합니다
ab9d7bb5315e381df820560e,pokemoncardgame,포켓몬 카드게임,2026-05,2026-05-18T10:23:14+09:00,known,69059b3fdbda165c27460eb5,ab9d7bb5315e381df820560e,113158,https://m.dcinside.com/board/pokemoncardgame/113158,덱소스 구매해요,seller-2e45098fdabb7f32c264dfc8,코제,registered,미라몽 ar,미라몽 ar,미라몽 ar 1~,,,unknown,미분류,1,2,20000,estimated,per_card,text,unknown,,active,needs_review,needs_review,"가격 단위 추정, 배송비 포함 여부 미확정",estimated,yes,candidate_estimated,미라몽 ar 1~2
b7e3a514cd9839f6d4861e1b,pokemoncardgame,포켓몬 카드게임,2026-05,2026-05-18T10:23:14+09:00,known,50167318cf43003754f92076,b7e3a514cd9839f6d4861e1b,113158,https://m.dcinside.com/board/pokemoncardgame/113158,덱소스 구매해요,seller-2e45098fdabb7f32c264dfc8,코제,registered,미라몽 ar,미라몽 ar,미라몽 ar 1~,,,unknown,미분류,1,2,20000,estimated,per_card,text,unknown,,active,needs_review,needs_review,"가격 단위 추정, 배송비 포함 여부 미확정",estimated,yes,candidate_estimated,미라몽 ar 1~2
c0f809cb64ccbac7257cd910,pokemoncardgame,포켓몬 카드게임,2026-05,2026-05-18T10:23:14+09:00,known,69059b3fdbda165c27460eb5,c0f809cb64ccbac7257cd910,113158,https://m.dcinside.com/board/pokemoncardgame/113158,덱소스 구매해요,seller-2e45098fdabb7f32c264dfc8,코제,registered,해골몽 ar,해골몽 ar,해골몽 ar,,,unknown,미분류,1,2,20000,estimated,per_card,text,unknown,,active,needs_review,needs_review,"가격 단위 추정, 배송비 포함 여부 미확정",estimated,yes,candidate_estimated,해골몽 ar 2
39e12d181af18b9e44ed491b,pokemoncardgame,포켓몬 카드게임,2026-05,2026-05-18T15:12:11+09:00,known,d1506cb0ad210a4c9609057c,39e12d181af18b9e44ed491b,113184,https://gall.dcinside.com/mgallery/board/view/?id=pokemoncardgame&no=113184&t=cv&page=119,용산직 나옹ex 2장 ㅅㅅ,seller-2426748ed2df618f2f199972,ㅇㅇ,guest,,장당,장당,,,unknown,미분류,1,0.5,5000,estimated,per_card,text,unknown,,active,needs_review,needs_review,"가격 단위 추정, 배송비 포함 여부 미확정",estimated,yes,candidate_estimated,장당 0.5에 2장까지 삼 1장도 삼
57fa12898165bb785b33cb99,pokemoncardgame,포켓몬 카드게임,2026-05,2026-05-18T15:12:11+09:00,known,5236ee879fdddfcba946c22d,57fa12898165bb785b33cb99,113184,https://m.dcinside.com/board/pokemoncardgame/113184,용산직 나옹ex 2장 ㅅㅅ,seller-df0bbab526d9fc2e8e5c6208,ㅇㅇ,guest,,장당,장당,,,unknown,미분류,1,0.5,5000,estimated,per_card,text,unknown,,active,needs_review,needs_review,"가격 단위 추정, 배송비 포함 여부 미확정",estimated,yes,candidate_estimated,장당 0.5에 2장까지 삼 1장도 삼
243b43181edf779feb8cf3de,pokemoncardgame,포켓몬 카드게임,2026-05,2026-05-18T18:28:34+09:00,known,1f60babd9703094a62185f20,243b43181edf779feb8cf3de,113205,https://m.dcinside.com/board/pokemoncardgame/113205,잡카 여러장 내일 부평직으로 구해봐요,seller-7059e59c55e17679de386643,yeop4,guest,에너지 갈아달기 .05x,에너지 갈아달기 .05x,에너지 갈아달기 0.05x,,,unknown,미분류,1,1,10000,estimated,per_card,text,unknown,,active,needs_review,needs_review,"가격 단위 추정, 배송비 포함 여부 미확정",estimated,yes,candidate_estimated,에너지 갈아달기 0.05x1
3456ed5ecbc764521ee246e4,pokemoncardgame,포켓몬 카드게임,2026-05,2026-05-18T18:28:34+09:00,known,1f60babd9703094a62185f20,3456ed5ecbc764521ee246e4,113205,https://m.dcinside.com/board/pokemoncardgame/113205,잡카 여러장 내일 부평직으로 구해봐요,seller-7059e59c55e17679de386643,yeop4,guest,고라파덕 .3x,고라파덕 .3x,고라파덕 0.3x,,,unknown,미분류,1,1,10000,estimated,per_card,text,unknown,,active,needs_review,needs_review,"가격 단위 추정, 배송비 포함 여부 미확정",estimated,yes,candidate_estimated,고라파덕 0.3x1
408e8af553821cf9112d40cc,pokemoncardgame,포켓몬 카드게임,2026-05,2026-05-18T18:28:34+09:00,known,1f60babd9703094a62185f20,408e8af553821cf9112d40cc,113205,https://m.dcinside.com/board/pokemoncardgame/113205,잡카 여러장 내일 부평직으로 구해봐요,seller-7059e59c55e17679de386643,yeop4,guest,빛나 x,빛나 x,빛나 0.2 x,,,unknown,미분류,1,1,10000,estimated,per_card,text,unknown,,active,needs_review,needs_review,"가격 단위 추정, 배송비 포함 여부 미확정",estimated,yes,candidate_estimated,빛나 0.2 x1
419a37a610d651c4941af496,pokemoncardgame,포켓몬 카드게임,2026-05,2026-05-18T18:28:34+09:00,known,1f60babd9703094a62185f20,419a37a610d651c4941af496,113205,https://m.dcinside.com/board/pokemoncardgame/113205,잡카 여러장 내일 부평직으로 구해봐요,seller-7059e59c55e17679de386643,yeop4,guest,포켓몬캐처 .05x,포켓몬캐처 .05x,포켓몬캐처 0.05x,,,unknown,미분류,1,2,20000,estimated,per_card,text,unknown,,active,needs_review,needs_review,"가격 단위 추정, 배송비 포함 여부 미확정",estimated,yes,candidate_estimated,포켓몬캐처 0.05x2
41fd7b6f03a66fa96c9c3e07,pokemoncardgame,포켓몬 카드게임,2026-05,2026-05-18T18:28:34+09:00,known,1f60babd9703094a62185f20,41fd7b6f03a66fa96c9c3e07,113205,https://m.dcinside.com/board/pokemoncardgame/113205,잡카 여러장 내일 부평직으로 구해봐요,seller-7059e59c55e17679de386643,yeop4,guest,로켓단의 람다 .3x,로켓단의 람다 .3x,로켓단의 람다 0.3x,,,unknown,미분류,1,2,20000,estimated,per_card,text,unknown,,active,needs_review,needs_review,"가격 단위 추정, 배송비 포함 여부 미확정",estimated,yes,candidate_estimated,로켓단의 람다 0.3x2
910067079c089bcca47ec790,pokemoncardgame,포켓몬 카드게임,2026-05,2026-05-18T18:28:34+09:00,known,5c7870103f33e1da84ce36e9,910067079c089bcca47ec790,113205,https://gall.dcinside.com/mgallery/board/view/?id=pokemoncardgame&no=113205&t=cv&page=119,잡카 여러장 내일 부평직으로 구해봐요,seller-fc241d88c5bfe0bbc91251e4,yeop4,registered,포켓패드 .4x,포켓패드 .4x,포켓패드 0.4x,,,unknown,미분류,1,4,40000,estimated,bundle,text,unknown,,active,needs_review,needs_review,"가격 단위 추정, 배송비 포함 여부 미확정, 묶음·세트 총액 · 개별 카드 가격 아님",estimated,no,no,포켓패드 0.4x4에너지 갈아달기 0.05x1포켓몬캐처 0.05x2서바이브 깁스 0.05x1냐옹 ex 0.3x1고라파덕 0.3x1n제크로무 0.05x1시아노 0.3x3로켓단의 람다 0.3x2빛나 0.2 x1 부평직으로 구해요 일괄 아니어도 구합니다
abd01abb8886469aad4836ef,pokemoncardgame,포켓몬 카드게임,2026-05,2026-05-18T18:28:34+09:00,known,1f60babd9703094a62185f20,abd01abb8886469aad4836ef,113205,https://m.dcinside.com/board/pokemoncardgame/113205,잡카 여러장 내일 부평직으로 구해봐요,seller-7059e59c55e17679de386643,yeop4,guest,냐옹 ex .3x,냐옹 ex .3x,냐옹 ex 0.3x,,,unknown,미분류,1,1,10000,estimated,per_card,text,unknown,,active,needs_review,needs_review,"가격 단위 추정, 배송비 포함 여부 미확정",estimated,yes,candidate_estimated,냐옹 ex 0.3x1
b92289caa68e6f32a772ad74,pokemoncardgame,포켓몬 카드게임,2026-05,2026-05-18T18:28:34+09:00,known,1f60babd9703094a62185f20,b92289caa68e6f32a772ad74,113205,https://m.dcinside.com/board/pokemoncardgame/113205,잡카 여러장 내일 부평직으로 구해봐요,seller-7059e59c55e17679de386643,yeop4,guest,시아노 .3x,시아노 .3x,시아노 0.3x,,,unknown,미분류,1,3,30000,estimated,per_card,text,unknown,,active,needs_review,needs_review,"가격 단위 추정, 배송비 포함 여부 미확정",estimated,yes,candidate_estimated,시아노 0.3x3
cc37d7ba818c191f4d5ee986,pokemoncardgame,포켓몬 카드게임,2026-05,2026-05-18T18:28:34+09:00,known,1f60babd9703094a62185f20,cc37d7ba818c191f4d5ee986,113205,https://m.dcinside.com/board/pokemoncardgame/113205,잡카 여러장 내일 부평직으로 구해봐요,seller-7059e59c55e17679de386643,yeop4,guest,서바이브 깁스 .05x,서바이브 깁스 .05x,서바이브 깁스 0.05x,,,unknown,미분류,1,1,10000,estimated,per_card,text,unknown,,active,needs_review,needs_review,"가격 단위 추정, 배송비 포함 여부 미확정",estimated,yes,candidate_estimated,서바이브 깁스 0.05x1
d30a9f52e034219c087513af,pokemoncardgame,포켓몬 카드게임,2026-05,2026-05-18T18:28:34+09:00,known,1f60babd9703094a62185f20,d30a9f52e034219c087513af,113205,https://m.dcinside.com/board/pokemoncardgame/113205,잡카 여러장 내일 부평직으로 구해봐요,seller-7059e59c55e17679de386643,yeop4,guest,포켓패드 .4x,포켓패드 .4x,포켓패드 0.4x,,,unknown,미분류,1,4,40000,estimated,per_card,text,unknown,,active,needs_review,needs_review,"가격 단위 추정, 배송비 포함 여부 미확정",estimated,yes,candidate_estimated,포켓패드 0.4x4
f7003aeca31d30c7cf9d8046,pokemoncardgame,포켓몬 카드게임,2026-05,2026-05-18T18:28:34+09:00,known,1f60babd9703094a62185f20,f7003aeca31d30c7cf9d8046,113205,https://m.dcinside.com/board/pokemoncardgame/113205,잡카 여러장 내일 부평직으로 구해봐요,seller-7059e59c55e17679de386643,yeop4,guest,n제크로무 .05x,n제크로무 .05x,n제크로무 0.05x,,,unknown,미분류,1,1,10000,estimated,per_card,text,unknown,,active,needs_review,needs_review,"가격 단위 추정, 배송비 포함 여부 미확정",estimated,yes,candidate_estimated,n제크로무 0.05x1
0e3b248edb2701102f99849b,pokemoncardgame,포켓몬 카드게임,2026-05,2026-05-18T19:47:53+09:00,known,0e234e61846cdc451f3ca899,0e3b248edb2701102f99849b,113214,https://m.dcinside.com/board/pokemoncardgame/113214,n조로 덱소스 팝니다,seller-97d43d8ce469c3faf258261d,노브랜드버거,guest,심향의 브케인,심향의 브케인,심향의 브케인,,,unknown,미분류,1,3,30000,estimated,per_card,text,unknown,,active,needs_review,needs_review,"가격 단위 추정, 배송비 포함 여부 미확정",estimated,yes,candidate_estimated,심향의 브케인 3
1252936b52eee13700b11bea,pokemoncardgame,포켓몬 카드게임,2026-05,2026-05-18T19:47:53+09:00,known,a82eeadde277caf63a9ceec5,1252936b52eee13700b11bea,113214,https://m.dcinside.com/board/pokemoncardgame/113214,n조로 덱소스 팝니다,seller-33f266371368d79da5acd48c,노브랜드버거,guest,n의 조로아,n의 조로아,n의 조로아,,,unknown,미분류,1,4,40000,estimated,per_card,text,unknown,,active,needs_review,needs_review,"가격 단위 추정, 배송비 포함 여부 미확정",estimated,yes,candidate_estimated,n의 조로아 4
1b6df9c2f94ae15e76dd9273,pokemoncardgame,포켓몬 카드게임,2026-05,2026-05-18T19:47:53+09:00,known,0e234e61846cdc451f3ca899,1b6df9c2f94ae15e76dd9273,113214,https://m.dcinside.com/board/pokemoncardgame/113214,n조로 덱소스 팝니다,seller-97d43d8ce469c3faf258261d,노브랜드버거,guest,n의 레시라무,n의 레시라무,n의 레시라무,,,unknown,미분류,1,1,10000,estimated,per_card,text,unknown,,active,needs_review,needs_review,"가격 단위 추정, 배송비 포함 여부 미확정",estimated,yes,candidate_estimated,n의 레시라무 1
3ec398f658f6f0299208f8e7,pokemoncardgame,포켓몬 카드게임,2026-05,2026-05-18T19:47:53+09:00,known,0e234e61846cdc451f3ca899,3ec398f658f6f0299208f8e7,113214,https://m.dcinside.com/board/pokemoncardgame/113214,n조로 덱소스 팝니다,seller-97d43d8ce469c3faf258261d,노브랜드버거,guest,심향의 모험,심향의 모험,심향의 모험,,,unknown,미분류,1,3,30000,estimated,per_card,text,unknown,,active,needs_review,needs_review,"가격 단위 추정, 배송비 포함 여부 미확정",estimated,yes,candidate_estimated,심향의 모험 3
679015ee57e352d8e68c2670,pokemoncardgame,포켓몬 카드게임,2026-05,2026-05-18T19:47:53+09:00,known,a82eeadde277caf63a9ceec5,679015ee57e352d8e68c2670,113214,https://m.dcinside.com/board/pokemoncardgame/113214,n조로 덱소스 팝니다,seller-33f266371368d79da5acd48c,노브랜드버거,guest,심향의 마그케인,심향의 마그케인,심향의 마그케인,,,unknown,미분류,1,3,30000,estimated,per_card,text,unknown,,active,needs_review,needs_review,"가격 단위 추정, 배송비 포함 여부 미확정",estimated,yes,candidate_estimated,심향의 마그케인 3
6e2522c3750d4744ffd9d71d,pokemoncardgame,포켓몬 카드게임,2026-05,2026-05-18T19:47:53+09:00,known,a82eeadde277caf63a9ceec5,6e2522c3750d4744ffd9d71d,113214,https://m.dcinside.com/board/pokemoncardgame/113214,n조로 덱소스 팝니다,seller-33f266371368d79da5acd48c,노브랜드버거,guest,심향의 모험,심향의 모험,심향의 모험,,,unknown,미분류,1,3,30000,estimated,per_card,text,unknown,,active,needs_review,needs_review,"가격 단위 추정, 배송비 포함 여부 미확정",estimated,yes,candidate_estimated,심향의 모험 3
74e6037ceb27621fe9894c81,pokemoncardgame,포켓몬 카드게임,2026-05,2026-05-18T19:47:53+09:00,known,0e234e61846cdc451f3ca899,74e6037ceb27621fe9894c81,113214,https://m.dcinside.com/board/pokemoncardgame/113214,n조로 덱소스 팝니다,seller-97d43d8ce469c3faf258261d,노브랜드버거,guest,n의 재크로무,n의 재크로무,n의 재크로무,,,unknown,미분류,1,2,20000,estimated,per_card,text,unknown,,active,needs_review,needs_review,"가격 단위 추정, 배송비 포함 여부 미확정",estimated,yes,candidate_estimated,n의 재크로무 2
867c71c95f913907ecd3a578,pokemoncardgame,포켓몬 카드게임,2026-05,2026-05-18T19:47:53+09:00,known,a82eeadde277caf63a9ceec5,867c71c95f913907ecd3a578,113214,https://m.dcinside.com/board/pokemoncardgame/113214,n조로 덱소스 팝니다,seller-33f266371368d79da5acd48c,노브랜드버거,guest,n의 포인트업,n의 포인트업,n의 포인트업,,,unknown,미분류,1,2,20000,estimated,per_card,text,unknown,,active,needs_review,needs_review,"가격 단위 추정, 배송비 포함 여부 미확정",estimated,yes,candidate_estimated,n의 포인트업 2
87aa868165c8435f2262f7f4,pokemoncardgame,포켓몬 카드게임,2026-05,2026-05-18T19:47:53+09:00,known,0e234e61846cdc451f3ca899,87aa868165c8435f2262f7f4,113214,https://m.dcinside.com/board/pokemoncardgame/113214,n조로 덱소스 팝니다,seller-97d43d8ce469c3faf258261d,노브랜드버거,guest,n의 조로아크,n의 조로아크,n의 조로아크,,,unknown,미분류,1,4,40000,estimated,per_card,text,unknown,,active,needs_review,needs_review,"가격 단위 추정, 배송비 포함 여부 미확정",estimated,yes,candidate_estimated,n의 조로아크 4
88b29dbb7af88e43ba738343,pokemoncardgame,포켓몬 카드게임,2026-05,2026-05-18T19:47:53+09:00,known,a82eeadde277caf63a9ceec5,88b29dbb7af88e43ba738343,113214,https://m.dcinside.com/board/pokemoncardgame/113214,n조로 덱소스 팝니다,seller-33f266371368d79da5acd48c,노브랜드버거,guest,심향의 블레이범,심향의 블레이범,심향의 블레이범,,,unknown,미분류,1,3,30000,estimated,per_card,text,unknown,,active,needs_review,needs_review,"가격 단위 추정, 배송비 포함 여부 미확정",estimated,yes,candidate_estimated,심향의 블레이범 3
9f6d89fa56dc4f48f4e61bc0,pokemoncardgame,포켓몬 카드게임,2026-05,2026-05-18T19:47:53+09:00,known,0e234e61846cdc451f3ca899,9f6d89fa56dc4f48f4e61bc0,113214,https://m.dcinside.com/board/pokemoncardgame/113214,n조로 덱소스 팝니다,seller-97d43d8ce469c3faf258261d,노브랜드버거,guest,심향의 블레이범,심향의 블레이범,심향의 블레이범,,,unknown,미분류,1,3,30000,estimated,per_card,text,unknown,,active,needs_review,needs_review,"가격 단위 추정, 배송비 포함 여부 미확정",estimated,yes,candidate_estimated,심향의 블레이범 3
c1fce2fa63ac8d0433b504bf,pokemoncardgame,포켓몬 카드게임,2026-05,2026-05-18T19:47:53+09:00,known,0e234e61846cdc451f3ca899,c1fce2fa63ac8d0433b504bf,113214,https://m.dcinside.com/board/pokemoncardgame/113214,n조로 덱소스 팝니다,seller-97d43d8ce469c3faf258261d,노브랜드버거,guest,심향의 마그케인,심향의 마그케인,심향의 마그케인,,,unknown,미분류,1,3,30000,estimated,per_card,text,unknown,,active,needs_review,needs_review,"가격 단위 추정, 배송비 포함 여부 미확정",estimated,yes,candidate_estimated,심향의 마그케인 3
d281d56e0179eddd5e6a42d4,pokemoncardgame,포켓몬 카드게임,2026-05,2026-05-18T19:47:53+09:00,known,0e234e61846cdc451f3ca899,d281d56e0179eddd5e6a42d4,113214,https://m.dcinside.com/board/pokemoncardgame/113214,n조로 덱소스 팝니다,seller-97d43d8ce469c3faf258261d,노브랜드버거,guest,n의 포인트업,n의 포인트업,n의 포인트업,,,unknown,미분류,1,2,20000,estimated,per_card,text,unknown,,active,needs_review,needs_review,"가격 단위 추정, 배송비 포함 여부 미확정",estimated,yes,candidate_estimated,n의 포인트업 2
da55b44ce28dab02b24761f6,pokemoncardgame,포켓몬 카드게임,2026-05,2026-05-18T19:47:53+09:00,known,0e234e61846cdc451f3ca899,da55b44ce28dab02b24761f6,113214,https://m.dcinside.com/board/pokemoncardgame/113214,n조로 덱소스 팝니다,seller-97d43d8ce469c3faf258261d,노브랜드버거,guest,n의 조로아,n의 조로아,n의 조로아,,,unknown,미분류,1,4,40000,estimated,per_card,text,unknown,,active,needs_review,needs_review,"가격 단위 추정, 배송비 포함 여부 미확정",estimated,yes,candidate_estimated,n의 조로아 4
de874364610a2869da29d0a8,pokemoncardgame,포켓몬 카드게임,2026-05,2026-05-18T19:47:53+09:00,known,a82eeadde277caf63a9ceec5,de874364610a2869da29d0a8,113214,https://m.dcinside.com/board/pokemoncardgame/113214,n조로 덱소스 팝니다,seller-33f266371368d79da5acd48c,노브랜드버거,guest,n의 재크로무,n의 재크로무,n의 재크로무,,,unknown,미분류,1,2,20000,estimated,per_card,text,unknown,,active,needs_review,needs_review,"가격 단위 추정, 배송비 포함 여부 미확정",estimated,yes,candidate_estimated,n의 재크로무 2
f4c6f30deff0bc71211a338a,pokemoncardgame,포켓몬 카드게임,2026-05,2026-05-18T19:47:53+09:00,known,a82eeadde277caf63a9ceec5,f4c6f30deff0bc71211a338a,113214,https://m.dcinside.com/board/pokemoncardgame/113214,n조로 덱소스 팝니다,seller-33f266371368d79da5acd48c,노브랜드버거,guest,n의 레시라무,n의 레시라무,n의 레시라무,,,unknown,미분류,1,1,10000,estimated,per_card,text,unknown,,active,needs_review,needs_review,"가격 단위 추정, 배송비 포함 여부 미확정",estimated,yes,candidate_estimated,n의 레시라무 1
f9bf5898f1eace520af80d43,pokemoncardgame,포켓몬 카드게임,2026-05,2026-05-18T19:47:53+09:00,known,a82eeadde277caf63a9ceec5,f9bf5898f1eace520af80d43,113214,https://m.dcinside.com/board/pokemoncardgame/113214,n조로 덱소스 팝니다,seller-33f266371368d79da5acd48c,노브랜드버거,guest,심향의 브케인,심향의 브케인,심향의 브케인,,,unknown,미분류,1,3,30000,estimated,per_card,text,unknown,,active,needs_review,needs_review,"가격 단위 추정, 배송비 포함 여부 미확정",estimated,yes,candidate_estimated,심향의 브케인 3
fe5fb17fef0171eecf26fe24,pokemoncardgame,포켓몬 카드게임,2026-05,2026-05-18T19:47:53+09:00,known,a82eeadde277caf63a9ceec5,fe5fb17fef0171eecf26fe24,113214,https://m.dcinside.com/board/pokemoncardgame/113214,n조로 덱소스 팝니다,seller-33f266371368d79da5acd48c,노브랜드버거,guest,n의 조로아크,n의 조로아크,n의 조로아크,,,unknown,미분류,1,4,40000,estimated,per_card,text,unknown,,active,needs_review,needs_review,"가격 단위 추정, 배송비 포함 여부 미확정",estimated,yes,candidate_estimated,n의 조로아크 4
5737f557422fee1739575222,pokemoncardgame,포켓몬 카드게임,2026-05,2026-05-18T21:23:17+09:00,known,18ba7345215089910b0fcdd9,5737f557422fee1739575222,113224,https://m.dcinside.com/board/pokemoncardgame/113224,덱 구해봅니다,seller-51447db26eeb90b0124d315b,포갤러,registered,야느와르몽 드래펄트 구해봅니다,야느와르몽 드래펄트 구해봅니다,야느와르몽 드래펄트 구해봅니다,,,unknown,미분류,1,5,50000,estimated,per_card,text,unknown,,active,needs_review,needs_review,"가격 단위 추정, 배송비 포함 여부 미확정",estimated,yes,candidate_estimated,야느와르몽 드래펄트 구해봅니다 5에 구해봐요 노고치쓰는축 같이파시면 돈 더 드리고 삽니당
da6443d1dd559d95fcc868e4,pokemoncardgame,포켓몬 카드게임,2026-05,2026-05-18T21:23:17+09:00,known,04f7143048747ceda4242bcc,da6443d1dd559d95fcc868e4,113224,https://m.dcinside.com/board/pokemoncardgame/113224,덱 구해봅니다,seller-51447db26eeb90b0124d315b,포갤러,registered,야느와르몽 드래펄트 구해봅니다,야느와르몽 드래펄트 구해봅니다,야느와르몽 드래펄트 구해봅니다,,,unknown,미분류,1,5,50000,estimated,per_card,text,unknown,,active,needs_review,needs_review,"가격 단위 추정, 배송비 포함 여부 미확정",estimated,yes,candidate_estimated,야느와르몽 드래펄트 구해봅니다 5에 구해봐요 노고치쓰는축 같이파시면 돈 더 드리고 삽니당
0f7e4ab98789f04cbc03aaf7,pokemoncardgame,포켓몬 카드게임,2026-05,2026-05-19T08:39:33+09:00,known,098546d2d196b8263052832f,0f7e4ab98789f04cbc03aaf7,113266,https://m.dcinside.com/board/pokemoncardgame/113266,메굴닌자 덱이랑 몇개 ㅍㅍ,seller-24be71f9ba64fd9239611734,왕자와소라고동,registered,loadScript 'https pagead,loadScript 'https pagead,loadScript('https://pagead,,,unknown,미분류,1,2,20000,estimated,bundle,text,unknown,,active,needs_review,needs_review,"가격 단위 추정, 복수 카드 가격, 배송비 포함 여부 미확정, 묶음·세트 총액 · 개별 카드 가격 아님",estimated,no,no,"loadScript('https://pagead2.googlesyndication.com/pagead/js/adsbygoogle_direct.js?client=ca-pub-8171468792791627', true, 'anonymous');"
226fbb8ff90a67a16ff7366b,pokemoncardgame,포켓몬 카드게임,2026-05,2026-05-19T08:39:33+09:00,known,24206798d3f5b57832cb21f3,226fbb8ff90a67a16ff7366b,113266,https://m.dcinside.com/board/pokemoncardgame/113266,메굴닌자 덱이랑 몇개 ㅍㅍ,seller-24be71f9ba64fd9239611734,왕자와소라고동,registered,var safe = window.dcAd && window.dcAd.safe ==,var safe = window.dcAd && window.dcAd.safe ==,var safe = (window.dcAd && window.dcAd.safe ==,,,unknown,미분류,1,1,10000,estimated,bundle,text,unknown,,active,needs_review,needs_review,"가격 단위 추정, 복수 카드 가격, 배송비 포함 여부 미확정, 묶음·세트 총액 · 개별 카드 가격 아님",estimated,no,no,var safe = (window.dcAd && window.dcAd.safe == 1)
44ba17e64499f42ae9ba46a5,pokemoncardgame,포켓몬 카드게임,2026-05,2026-05-19T08:39:33+09:00,known,24206798d3f5b57832cb21f3,44ba17e64499f42ae9ba46a5,113266,https://m.dcinside.com/board/pokemoncardgame/113266,메굴닌자 덱이랑 몇개 ㅍㅍ,seller-24be71f9ba64fd9239611734,왕자와소라고동,registered,loadScript 'https pagead,loadScript 'https pagead,loadScript('https://pagead,,,unknown,미분류,1,2,20000,estimated,bundle,text,unknown,,active,needs_review,needs_review,"가격 단위 추정, 복수 카드 가격, 배송비 포함 여부 미확정, 묶음·세트 총액 · 개별 카드 가격 아님",estimated,no,no,"loadScript('https://pagead2.googlesyndication.com/pagead/js/adsbygoogle_direct.js?client=ca-pub-8171468792791627', true, 'anonymous');"
4a9a426967a2e68319190814,pokemoncardgame,포켓몬 카드게임,2026-05,2026-05-19T08:39:33+09:00,known,098546d2d196b8263052832f,4a9a426967a2e68319190814,113266,https://m.dcinside.com/board/pokemoncardgame/113266,메굴닌자 덱이랑 몇개 ㅍㅍ,seller-24be71f9ba64fd9239611734,왕자와소라고동,registered,var safe = window.dcAd && window.dcAd.safe ==,var safe = window.dcAd && window.dcAd.safe ==,var safe = (window.dcAd && window.dcAd.safe ==,,,unknown,미분류,1,1,10000,estimated,bundle,text,unknown,,active,needs_review,needs_review,"가격 단위 추정, 복수 카드 가격, 배송비 포함 여부 미확정, 묶음·세트 총액 · 개별 카드 가격 아님",estimated,no,no,var safe = (window.dcAd && window.dcAd.safe == 1)
79cb2bcc858492d586a8efba,pokemoncardgame,포켓몬 카드게임,2026-05,2026-05-19T08:39:33+09:00,known,098546d2d196b8263052832f,79cb2bcc858492d586a8efba,113266,https://m.dcinside.com/board/pokemoncardgame/113266,메굴닌자 덱이랑 몇개 ㅍㅍ,seller-24be71f9ba64fd9239611734,왕자와소라고동,registered,DOM 삽입 헬퍼 현재 스크립트 위치 기준,DOM 삽입 헬퍼 현재 스크립트 위치 기준,// ---- DOM 삽입 헬퍼 (현재 스크립트 위치 기준,,,unknown,미분류,1,1,10000,estimated,bundle,text,unknown,,active,needs_review,needs_review,"가격 단위 추정, 복수 카드 가격, 배송비 포함 여부 미확정, 묶음·세트 총액 · 개별 카드 가격 아님",estimated,no,no,// ---- DOM 삽입 헬퍼 (현재 스크립트 위치 기준1)
85cdcea3968550158e62d479,pokemoncardgame,포켓몬 카드게임,2026-05,2026-05-19T08:39:33+09:00,known,098546d2d196b8263052832f,85cdcea3968550158e62d479,113266,https://m.dcinside.com/board/pokemoncardgame/113266,메굴닌자 덱이랑 몇개 ㅍㅍ,seller-24be71f9ba64fd9239611734,왕자와소라고동,registered,loadScript ' t,loadScript ' t,loadScript('//t,,,unknown,미분류,1,1,10000,estimated,bundle,text,unknown,,active,needs_review,needs_review,"가격 단위 추정, 복수 카드 가격, 배송비 포함 여부 미확정, 묶음·세트 총액 · 개별 카드 가격 아님",estimated,no,no,"loadScript('//t1.kakaocdn.net/kas/static/ba.min.js', true);"
98c796de5d8caacee252144d,pokemoncardgame,포켓몬 카드게임,2026-05,2026-05-19T08:39:33+09:00,known,098546d2d196b8263052832f,98c796de5d8caacee252144d,113266,https://m.dcinside.com/board/pokemoncardgame/113266,메굴닌자 덱이랑 몇개 ㅍㅍ,seller-24be71f9ba64fd9239611734,왕자와소라고동,registered,메굴닌자 완덱,메굴닌자 완덱,메굴닌자 완덱,,,unknown,미분류,1,4,40000,estimated,bundle,text,unknown,,active,needs_review,needs_review,"가격 단위 추정, 배송비 포함 여부 미확정, 묶음·세트 총액 · 개별 카드 가격 아님",estimated,no,no,메굴닌자 완덱 4
b14a707c063a8f93319e2e61,pokemoncardgame,포켓몬 카드게임,2026-05,2026-05-19T08:39:33+09:00,known,24206798d3f5b57832cb21f3,b14a707c063a8f93319e2e61,113266,https://m.dcinside.com/board/pokemoncardgame/113266,메굴닌자 덱이랑 몇개 ㅍㅍ,seller-24be71f9ba64fd9239611734,왕자와소라고동,registered,,장당,장당,,,unknown,미분류,1,0.3,3000,estimated,per_card,text,unknown,,active,needs_review,needs_review,"가격 단위 추정, 배송비 포함 여부 미확정",estimated,yes,candidate_estimated,장당 0.3
b772132f86adcada5c5f9b02,pokemoncardgame,포켓몬 카드게임,2026-05,2026-05-19T08:39:33+09:00,known,098546d2d196b8263052832f,b772132f86adcada5c5f9b02,113266,https://m.dcinside.com/board/pokemoncardgame/113266,메굴닌자 덱이랑 몇개 ㅍㅍ,seller-24be71f9ba64fd9239611734,왕자와소라고동,registered,,장당,장당,,,unknown,미분류,1,0.3,3000,estimated,per_card,text,unknown,,active,needs_review,needs_review,"가격 단위 추정, 배송비 포함 여부 미확정",estimated,yes,candidate_estimated,장당 0.3
c674de1a3c86154d832dae59,pokemoncardgame,포켓몬 카드게임,2026-05,2026-05-19T08:39:33+09:00,known,24206798d3f5b57832cb21f3,c674de1a3c86154d832dae59,113266,https://m.dcinside.com/board/pokemoncardgame/113266,메굴닌자 덱이랑 몇개 ㅍㅍ,seller-24be71f9ba64fd9239611734,왕자와소라고동,registered,메굴닌자 완덱,메굴닌자 완덱,메굴닌자 완덱,,,unknown,미분류,1,4,40000,estimated,bundle,text,unknown,,active,needs_review,needs_review,"가격 단위 추정, 배송비 포함 여부 미확정, 묶음·세트 총액 · 개별 카드 가격 아님",estimated,no,no,메굴닌자 완덱 4
d8e7ac9a6cc6a03b851f3a24,pokemoncardgame,포켓몬 카드게임,2026-05,2026-05-19T08:39:33+09:00,known,24206798d3f5b57832cb21f3,d8e7ac9a6cc6a03b851f3a24,113266,https://m.dcinside.com/board/pokemoncardgame/113266,메굴닌자 덱이랑 몇개 ㅍㅍ,seller-24be71f9ba64fd9239611734,왕자와소라고동,registered,DOM 삽입 헬퍼 현재 스크립트 위치 기준,DOM 삽입 헬퍼 현재 스크립트 위치 기준,// ---- DOM 삽입 헬퍼 (현재 스크립트 위치 기준,,,unknown,미분류,1,1,10000,estimated,bundle,text,unknown,,active,needs_review,needs_review,"가격 단위 추정, 복수 카드 가격, 배송비 포함 여부 미확정, 묶음·세트 총액 · 개별 카드 가격 아님",estimated,no,no,// ---- DOM 삽입 헬퍼 (현재 스크립트 위치 기준1)
f74a729369b871af7f68e602,pokemoncardgame,포켓몬 카드게임,2026-05,2026-05-19T08:39:33+09:00,known,24206798d3f5b57832cb21f3,f74a729369b871af7f68e602,113266,https://m.dcinside.com/board/pokemoncardgame/113266,메굴닌자 덱이랑 몇개 ㅍㅍ,seller-24be71f9ba64fd9239611734,왕자와소라고동,registered,loadScript ' t,loadScript ' t,loadScript('//t,,,unknown,미분류,1,1,10000,estimated,bundle,text,unknown,,active,needs_review,needs_review,"가격 단위 추정, 복수 카드 가격, 배송비 포함 여부 미확정, 묶음·세트 총액 · 개별 카드 가격 아님",estimated,no,no,"loadScript('//t1.kakaocdn.net/kas/static/ba.min.js', true);"
00e1326a8163681a5d0f7573,pokemoncardgame,포켓몬 카드게임,2026-05,2026-05-19T10:48:49+09:00,known,70732a1776086ffb464a51ef,00e1326a8163681a5d0f7573,113271,https://m.dcinside.com/board/pokemoncardgame/113271,이어롭덱 구해봐요,seller-f97431a2747c3f4c37843d43,꽃바다,guest,구성이렇게,구성이렇게,구성이렇게,,,unknown,미분류,1,3,30000,estimated,bundle,text,unknown,,active,needs_review,needs_review,"배송비 포함 여부 미확정, 묶음·세트 총액 · 개별 카드 가격 아님",estimated,no,no,구성이렇게 3만에 구해봐요 편하게 댓이나 톡주세요
fdf2c35fce268fe4ca17719d,pokemoncardgame,포켓몬 카드게임,2026-05,2026-05-19T10:48:49+09:00,known,ffe2af59a2ebcaa90fa52e7c,fdf2c35fce268fe4ca17719d,113271,https://m.dcinside.com/board/pokemoncardgame/113271,이어롭덱 구해봐요,seller-bf1995f309d6a22b5890f065,꽃바다,guest,구성이렇게,구성이렇게,구성이렇게,,,unknown,미분류,1,3,30000,estimated,bundle,text,unknown,,active,needs_review,needs_review,"배송비 포함 여부 미확정, 묶음·세트 총액 · 개별 카드 가격 아님",estimated,no,no,구성이렇게 3만에 구해봐요 편하게 댓이나 톡주세요
0796e13323edd908a0048328,pokemoncardgame,포켓몬 카드게임,2026-05,2026-05-19T11:26:37+09:00,known,d3aff79f3de913ac4369a728,0796e13323edd908a0048328,113274,https://m.dcinside.com/board/pokemoncardgame/113274,오거폰덱 구해봄,seller-ec7d5d8ef8f78b05045f9fbd,햄스터수집가,guest,이 레싶으로,이 레싶으로,이 레싶으로 4.5,,,unknown,미분류,1,5.0,50000,estimated,per_card,text,unknown,,active,needs_review,needs_review,"가격 단위 추정, 배송비 포함 여부 미확정",estimated,yes,candidate_estimated,이 레싶으로 4.5-5.0 정도 잡고 구해봄
b200b022c4afa253f4c96be8,pokemoncardgame,포켓몬 카드게임,2026-05,2026-05-19T11:26:37+09:00,known,c4be1688548b10684fd06456,b200b022c4afa253f4c96be8,113274,https://m.dcinside.com/board/pokemoncardgame/113274,오거폰덱 구해봄,seller-7914cfc370701a7cb41e33c0,햄스터수집가,guest,이 레싶으로,이 레싶으로,이 레싶으로 4.5,,,unknown,미분류,1,5.0,50000,estimated,per_card,text,unknown,,active,needs_review,needs_review,"가격 단위 추정, 배송비 포함 여부 미확정",estimated,yes,candidate_estimated,이 레싶으로 4.5-5.0 정도 잡고 구해봄
02e09988544dabd2ca59c3c7,pokemoncardgame,포켓몬 카드게임,2026-05,2026-05-19T16:04:46+09:00,known,590c8d5c4bcd43159a1b9ae0,02e09988544dabd2ca59c3c7,113302,https://m.dcinside.com/board/pokemoncardgame/113302,덱소스 &서포트 살짝 팝니다,seller-ffb42c8860e1873c9bc94101,ㅇㅇ,guest,밤의 들것 sr,밤의 들것 sr,밤의 들것 sr,,,unknown,미분류,1,0.2,2000,estimated,per_card,text,unknown,,active,needs_review,needs_review,"가격 단위 추정, 배송비 포함 여부 미확정",estimated,yes,candidate_estimated,밤의 들것 sr 0.2
0fc6da56d334933a6a1a5d82,pokemoncardgame,포켓몬 카드게임,2026-05,2026-05-19T16:04:46+09:00,known,590c8d5c4bcd43159a1b9ae0,0fc6da56d334933a6a1a5d82,113302,https://m.dcinside.com/board/pokemoncardgame/113302,덱소스 &서포트 살짝 팝니다,seller-ffb42c8860e1873c9bc94101,ㅇㅇ,guest,풍선 sr,풍선 sr,풍선 sr,,,unknown,미분류,1,0.2,2000,estimated,per_card,text,unknown,,active,needs_review,needs_review,"가격 단위 추정, 배송비 포함 여부 미확정",estimated,yes,candidate_estimated,풍선 sr 0.2
10501e403c3dbab280e47c9e,pokemoncardgame,포켓몬 카드게임,2026-05,2026-05-19T16:04:46+09:00,known,590c8d5c4bcd43159a1b9ae0,10501e403c3dbab280e47c9e,113302,https://m.dcinside.com/board/pokemoncardgame/113302,덱소스 &서포트 살짝 팝니다,seller-ffb42c8860e1873c9bc94101,ㅇㅇ,guest,var safe = window.dcAd && window.dcAd.safe ==,var safe = window.dcAd && window.dcAd.safe ==,var safe = (window.dcAd && window.dcAd.safe ==,,,unknown,미분류,1,1,10000,estimated,bundle,text,unknown,,active,needs_review,needs_review,"가격 단위 추정, 복수 카드 가격, 배송비 포함 여부 미확정, 묶음·세트 총액 · 개별 카드 가격 아님",estimated,no,no,var safe = (window.dcAd && window.dcAd.safe == 1)
1072611f94b6f84820dee9bf,pokemoncardgame,포켓몬 카드게임,2026-05,2026-05-19T16:04:46+09:00,known,ff4722611dbbb16dbc32fa46,1072611f94b6f84820dee9bf,113302,https://m.dcinside.com/board/pokemoncardgame/113302,덱소스 &서포트 살짝 팝니다,seller-5c19e88b95a26f3d336984fa,ㅇㅇ,guest,메가시그널sr,메가시그널sr,메가시그널sr,,,unknown,미분류,1,0.1,1000,estimated,per_card,text,unknown,,active,needs_review,needs_review,"가격 단위 추정, 배송비 포함 여부 미확정",estimated,yes,candidate_estimated,메가시그널sr 0.1
163bf174acf24bc044018543,pokemoncardgame,포켓몬 카드게임,2026-05,2026-05-19T16:04:46+09:00,known,590c8d5c4bcd43159a1b9ae0,163bf174acf24bc044018543,113302,https://m.dcinside.com/board/pokemoncardgame/113302,덱소스 &서포트 살짝 팝니다,seller-ffb42c8860e1873c9bc94101,ㅇㅇ,guest,점보아이스 sr,점보아이스 sr,점보아이스 sr,,,unknown,미분류,1,0.2,2000,estimated,per_card,text,unknown,,active,needs_review,needs_review,"가격 단위 추정, 배송비 포함 여부 미확정",estimated,yes,candidate_estimated,점보아이스 sr 0.2
19da869d3fcfe16ac7da209c,pokemoncardgame,포켓몬 카드게임,2026-05,2026-05-19T16:04:46+09:00,known,ff4722611dbbb16dbc32fa46,19da869d3fcfe16ac7da209c,113302,https://m.dcinside.com/board/pokemoncardgame/113302,덱소스 &서포트 살짝 팝니다,seller-5c19e88b95a26f3d336984fa,ㅇㅇ,guest,디럭스봄,디럭스봄,디럭스봄,,,unknown,미분류,1,0.1,1000,estimated,per_card,text,unknown,,active,needs_review,needs_review,"가격 단위 추정, 배송비 포함 여부 미확정",estimated,yes,candidate_estimated,디럭스봄 0.1
2e499284849ea86c72e30441,pokemoncardgame,포켓몬 카드게임,2026-05,2026-05-19T16:04:46+09:00,known,590c8d5c4bcd43159a1b9ae0,2e499284849ea86c72e30441,113302,https://m.dcinside.com/board/pokemoncardgame/113302,덱소스 &서포트 살짝 팝니다,seller-ffb42c8860e1873c9bc94101,ㅇㅇ,guest,히트 버너,히트 버너,히트 버너,,,unknown,미분류,1,0.2,2000,estimated,per_card,text,unknown,,active,needs_review,needs_review,"가격 단위 추정, 배송비 포함 여부 미확정",estimated,yes,candidate_estimated,히트 버너 0.2
4886baef036b9df8e06ef8fa,pokemoncardgame,포켓몬 카드게임,2026-05,2026-05-19T16:04:46+09:00,known,ff4722611dbbb16dbc32fa46,4886baef036b9df8e06ef8fa,113302,https://m.dcinside.com/board/pokemoncardgame/113302,덱소스 &서포트 살짝 팝니다,seller-5c19e88b95a26f3d336984fa,ㅇㅇ,guest,loadScript 'https pagead,loadScript 'https pagead,loadScript('https://pagead,,,unknown,미분류,1,2,20000,estimated,bundle,text,unknown,,active,needs_review,needs_review,"가격 단위 추정, 복수 카드 가격, 배송비 포함 여부 미확정, 묶음·세트 총액 · 개별 카드 가격 아님",estimated,no,no,"loadScript('https://pagead2.googlesyndication.com/pagead/js/adsbygoogle_direct.js?client=ca-pub-8171468792791627', true, 'anonymous');"
4c428a88f8113fa5e3e0678a,pokemoncardgame,포켓몬 카드게임,2026-05,2026-05-19T16:04:46+09:00,known,590c8d5c4bcd43159a1b9ae0,4c428a88f8113fa5e3e0678a,113302,https://m.dcinside.com/board/pokemoncardgame/113302,덱소스 &서포트 살짝 팝니다,seller-ffb42c8860e1873c9bc94101,ㅇㅇ,guest,보스,보스,보스,,,unknown,미분류,1,3.6,36000,estimated,per_card,text,unknown,,active,needs_review,needs_review,"가격 단위 추정, 배송비 포함 여부 미확정",estimated,yes,candidate_estimated,보스 3.6
4e1c7d2fd8f02762a397fe81,pokemoncardgame,포켓몬 카드게임,2026-05,2026-05-19T16:04:46+09:00,known,ff4722611dbbb16dbc32fa46,4e1c7d2fd8f02762a397fe81,113302,https://m.dcinside.com/board/pokemoncardgame/113302,덱소스 &서포트 살짝 팝니다,seller-5c19e88b95a26f3d336984fa,ㅇㅇ,guest,칠리,칠리,칠리,,,unknown,미분류,1,0.2,2000,estimated,per_card,text,unknown,,active,needs_review,needs_review,"가격 단위 추정, 배송비 포함 여부 미확정",estimated,yes,candidate_estimated,칠리 0.2
518c9b91135ac19534306fb4,pokemoncardgame,포켓몬 카드게임,2026-05,2026-05-19T16:04:46+09:00,known,590c8d5c4bcd43159a1b9ae0,518c9b91135ac19534306fb4,113302,https://m.dcinside.com/board/pokemoncardgame/113302,덱소스 &서포트 살짝 팝니다,seller-ffb42c8860e1873c9bc94101,ㅇㅇ,guest,에니지 리사이클,에니지 리사이클,에니지 리사이클,,,unknown,미분류,1,0.2,2000,estimated,per_card,text,unknown,,active,needs_review,needs_review,"가격 단위 추정, 배송비 포함 여부 미확정",estimated,yes,candidate_estimated,에니지 리사이클 0.2
5a18e50d8287290ea87597a1,pokemoncardgame,포켓몬 카드게임,2026-05,2026-05-19T16:04:46+09:00,known,590c8d5c4bcd43159a1b9ae0,5a18e50d8287290ea87597a1,113302,https://m.dcinside.com/board/pokemoncardgame/113302,덱소스 &서포트 살짝 팝니다,seller-ffb42c8860e1873c9bc94101,ㅇㅇ,guest,파이팅공 sr,파이팅공 sr,파이팅공 sr,,,unknown,미분류,1,0.1,1000,estimated,per_card,text,unknown,,active,needs_review,needs_review,"가격 단위 추정, 배송비 포함 여부 미확정",estimated,yes,candidate_estimated,파이팅공 sr 0.1
5e5db6f3ab9acd0c2bcf4967,pokemoncardgame,포켓몬 카드게임,2026-05,2026-05-19T16:04:46+09:00,known,ff4722611dbbb16dbc32fa46,5e5db6f3ab9acd0c2bcf4967,113302,https://m.dcinside.com/board/pokemoncardgame/113302,덱소스 &서포트 살짝 팝니다,seller-5c19e88b95a26f3d336984fa,ㅇㅇ,guest,파워프로틴 sr,파워프로틴 sr,파워프로틴 sr,,,unknown,미분류,1,0.1,1000,estimated,per_card,text,unknown,,active,needs_review,needs_review,"가격 단위 추정, 배송비 포함 여부 미확정",estimated,yes,candidate_estimated,파워프로틴 sr 0.1
60862f702ca7db16d2495f78,pokemoncardgame,포켓몬 카드게임,2026-05,2026-05-19T16:04:46+09:00,known,590c8d5c4bcd43159a1b9ae0,60862f702ca7db16d2495f78,113302,https://m.dcinside.com/board/pokemoncardgame/113302,덱소스 &서포트 살짝 팝니다,seller-ffb42c8860e1873c9bc94101,ㅇㅇ,guest,파워프로틴 sr,파워프로틴 sr,파워프로틴 sr,,,unknown,미분류,1,0.1,1000,estimated,per_card,text,unknown,,active,needs_review,needs_review,"가격 단위 추정, 배송비 포함 여부 미확정",estimated,yes,candidate_estimated,파워프로틴 sr 0.1
68fabfbee44d12350411e37b,pokemoncardgame,포켓몬 카드게임,2026-05,2026-05-19T16:04:46+09:00,known,590c8d5c4bcd43159a1b9ae0,68fabfbee44d12350411e37b,113302,https://m.dcinside.com/board/pokemoncardgame/113302,덱소스 &서포트 살짝 팝니다,seller-ffb42c8860e1873c9bc94101,ㅇㅇ,guest,배틀콜로세움,배틀콜로세움,배틀콜로세움,,,unknown,미분류,1,0.1,1000,estimated,per_card,text,unknown,,active,needs_review,needs_review,"가격 단위 추정, 배송비 포함 여부 미확정",estimated,yes,candidate_estimated,배틀콜로세움 0.1
6963e00581dc3e9467ecb0b9,pokemoncardgame,포켓몬 카드게임,2026-05,2026-05-19T16:04:46+09:00,known,590c8d5c4bcd43159a1b9ae0,6963e00581dc3e9467ecb0b9,113302,https://m.dcinside.com/board/pokemoncardgame/113302,덱소스 &서포트 살짝 팝니다,seller-ffb42c8860e1873c9bc94101,ㅇㅇ,guest,레드카드,레드카드,레드카드,,,unknown,미분류,1,1.0,10000,estimated,per_card,text,unknown,,active,needs_review,needs_review,"가격 단위 추정, 배송비 포함 여부 미확정",estimated,yes,candidate_estimated,레드카드 1.0
79d105cc70fb4c1fd2caa87c,pokemoncardgame,포켓몬 카드게임,2026-05,2026-05-19T16:04:46+09:00,known,ff4722611dbbb16dbc32fa46,79d105cc70fb4c1fd2caa87c,113302,https://m.dcinside.com/board/pokemoncardgame/113302,덱소스 &서포트 살짝 팝니다,seller-5c19e88b95a26f3d336984fa,ㅇㅇ,guest,파이팅공 sr,파이팅공 sr,파이팅공 sr,,,unknown,미분류,1,0.1,1000,estimated,per_card,text,unknown,,active,needs_review,needs_review,"가격 단위 추정, 배송비 포함 여부 미확정",estimated,yes,candidate_estimated,파이팅공 sr 0.1
7e7e323251f10002c45f3ff3,pokemoncardgame,포켓몬 카드게임,2026-05,2026-05-19T16:04:46+09:00,known,ff4722611dbbb16dbc32fa46,7e7e323251f10002c45f3ff3,113302,https://m.dcinside.com/board/pokemoncardgame/113302,덱소스 &서포트 살짝 팝니다,seller-5c19e88b95a26f3d336984fa,ㅇㅇ,guest,loadScript ' t,loadScript ' t,loadScript('//t,,,unknown,미분류,1,1,10000,estimated,bundle,text,unknown,,active,needs_review,needs_review,"가격 단위 추정, 복수 카드 가격, 배송비 포함 여부 미확정, 묶음·세트 총액 · 개별 카드 가격 아님",estimated,no,no,"loadScript('//t1.kakaocdn.net/kas/static/ba.min.js', true);"
8128aa42ec84c3796613ccaf,pokemoncardgame,포켓몬 카드게임,2026-05,2026-05-19T16:04:46+09:00,known,ff4722611dbbb16dbc32fa46,8128aa42ec84c3796613ccaf,113302,https://m.dcinside.com/board/pokemoncardgame/113302,덱소스 &서포트 살짝 팝니다,seller-5c19e88b95a26f3d336984fa,ㅇㅇ,guest,유리나팔 sr,유리나팔 sr,유리나팔 sr,,,unknown,미분류,1,0.1,1000,estimated,per_card,text,unknown,,active,needs_review,needs_review,"가격 단위 추정, 배송비 포함 여부 미확정",estimated,yes,candidate_estimated,유리나팔 sr 0.1
82627043db0fb870c40594e1,pokemoncardgame,포켓몬 카드게임,2026-05,2026-05-19T16:04:46+09:00,known,ff4722611dbbb16dbc32fa46,82627043db0fb870c40594e1,113302,https://m.dcinside.com/board/pokemoncardgame/113302,덱소스 &서포트 살짝 팝니다,seller-5c19e88b95a26f3d336984fa,ㅇㅇ,guest,일택 반택,일택 반택,일택 0.4 반택,,,unknown,미분류,1,0.2,2000,estimated,per_card,text,unknown,,active,needs_review,needs_review,"가격 단위 추정, 배송비 포함 여부 미확정",estimated,yes,candidate_estimated,일택 0.4 반택 0.2
86404607b44d6533d238c884,pokemoncardgame,포켓몬 카드게임,2026-05,2026-05-19T16:04:46+09:00,known,ff4722611dbbb16dbc32fa46,86404607b44d6533d238c884,113302,https://m.dcinside.com/board/pokemoncardgame/113302,덱소스 &서포트 살짝 팝니다,seller-5c19e88b95a26f3d336984fa,ㅇㅇ,guest,풍선 sr,풍선 sr,풍선 sr,,,unknown,미분류,1,0.2,2000,estimated,per_card,text,unknown,,active,needs_review,needs_review,"가격 단위 추정, 배송비 포함 여부 미확정",estimated,yes,candidate_estimated,풍선 sr 0.2
89291dcc21f08c30ec396360,pokemoncardgame,포켓몬 카드게임,2026-05,2026-05-19T16:04:46+09:00,known,ff4722611dbbb16dbc32fa46,89291dcc21f08c30ec396360,113302,https://m.dcinside.com/board/pokemoncardgame/113302,덱소스 &서포트 살짝 팝니다,seller-5c19e88b95a26f3d336984fa,ㅇㅇ,guest,레드카드,레드카드,레드카드,,,unknown,미분류,1,1.0,10000,estimated,per_card,text,unknown,,active,needs_review,needs_review,"가격 단위 추정, 배송비 포함 여부 미확정",estimated,yes,candidate_estimated,레드카드 1.0
8b89b5a692eccccdf2b854d6,pokemoncardgame,포켓몬 카드게임,2026-05,2026-05-19T16:04:46+09:00,known,ff4722611dbbb16dbc32fa46,8b89b5a692eccccdf2b854d6,113302,https://m.dcinside.com/board/pokemoncardgame/113302,덱소스 &서포트 살짝 팝니다,seller-5c19e88b95a26f3d336984fa,ㅇㅇ,guest,보스,보스,보스,,,unknown,미분류,1,3.6,36000,estimated,per_card,text,unknown,,active,needs_review,needs_review,"가격 단위 추정, 배송비 포함 여부 미확정",estimated,yes,candidate_estimated,보스 3.6
8f32b2f240d653411bc05a17,pokemoncardgame,포켓몬 카드게임,2026-05,2026-05-19T16:04:46+09:00,known,590c8d5c4bcd43159a1b9ae0,8f32b2f240d653411bc05a17,113302,https://m.dcinside.com/board/pokemoncardgame/113302,덱소스 &서포트 살짝 팝니다,seller-ffb42c8860e1873c9bc94101,ㅇㅇ,guest,칠리,칠리,칠리,,,unknown,미분류,1,0.2,2000,estimated,per_card,text,unknown,,active,needs_review,needs_review,"가격 단위 추정, 배송비 포함 여부 미확정",estimated,yes,candidate_estimated,칠리 0.2
911599e2bea878c6a158651e,pokemoncardgame,포켓몬 카드게임,2026-05,2026-05-19T16:04:46+09:00,known,590c8d5c4bcd43159a1b9ae0,911599e2bea878c6a158651e,113302,https://m.dcinside.com/board/pokemoncardgame/113302,덱소스 &서포트 살짝 팝니다,seller-ffb42c8860e1873c9bc94101,ㅇㅇ,guest,이상한 사탕 sr,이상한 사탕 sr,이상한 사탕 sr,,,unknown,미분류,1,0.2,2000,estimated,per_card,text,unknown,,active,needs_review,needs_review,"가격 단위 추정, 배송비 포함 여부 미확정",estimated,yes,candidate_estimated,이상한 사탕 sr 0.2
91a37fb6d84ddce39635cfa6,pokemoncardgame,포켓몬 카드게임,2026-05,2026-05-19T16:04:46+09:00,known,ff4722611dbbb16dbc32fa46,91a37fb6d84ddce39635cfa6,113302,https://m.dcinside.com/board/pokemoncardgame/113302,덱소스 &서포트 살짝 팝니다,seller-5c19e88b95a26f3d336984fa,ㅇㅇ,guest,에니지 리사이클,에니지 리사이클,에니지 리사이클,,,unknown,미분류,1,0.2,2000,estimated,per_card,text,unknown,,active,needs_review,needs_review,"가격 단위 추정, 배송비 포함 여부 미확정",estimated,yes,candidate_estimated,에니지 리사이클 0.2
927ea9faacf5002ad00fc059,pokemoncardgame,포켓몬 카드게임,2026-05,2026-05-19T16:04:46+09:00,known,ff4722611dbbb16dbc32fa46,927ea9faacf5002ad00fc059,113302,https://m.dcinside.com/board/pokemoncardgame/113302,덱소스 &서포트 살짝 팝니다,seller-5c19e88b95a26f3d336984fa,ㅇㅇ,guest,이그니션 에너지,이그니션 에너지,이그니션 에너지,,,unknown,미분류,1,0.1,1000,estimated,per_card,text,unknown,,active,needs_review,needs_review,"가격 단위 추정, 배송비 포함 여부 미확정",estimated,yes,candidate_estimated,이그니션 에너지 0.1
ab87cd6c453929e5b181e1ac,pokemoncardgame,포켓몬 카드게임,2026-05,2026-05-19T16:04:46+09:00,known,590c8d5c4bcd43159a1b9ae0,ab87cd6c453929e5b181e1ac,113302,https://m.dcinside.com/board/pokemoncardgame/113302,덱소스 &서포트 살짝 팝니다,seller-ffb42c8860e1873c9bc94101,ㅇㅇ,guest,희망의 애뮬렛 ace,희망의 애뮬렛 ace,희망의 애뮬렛 ace,,,unknown,미분류,1,0.1,1000,estimated,per_card,text,unknown,,active,needs_review,needs_review,"가격 단위 추정, 배송비 포함 여부 미확정",estimated,yes,candidate_estimated,희망의 애뮬렛 ace 0.1
ac676343905136f9948fc763,pokemoncardgame,포켓몬 카드게임,2026-05,2026-05-19T16:04:46+09:00,known,ff4722611dbbb16dbc32fa46,ac676343905136f9948fc763,113302,https://m.dcinside.com/board/pokemoncardgame/113302,덱소스 &서포트 살짝 팝니다,seller-5c19e88b95a26f3d336984fa,ㅇㅇ,guest,점보아이스 sr,점보아이스 sr,점보아이스 sr,,,unknown,미분류,1,0.2,2000,estimated,per_card,text,unknown,,active,needs_review,needs_review,"가격 단위 추정, 배송비 포함 여부 미확정",estimated,yes,candidate_estimated,점보아이스 sr 0.2
b1f7ea8d54b132ebfd05155d,pokemoncardgame,포켓몬 카드게임,2026-05,2026-05-19T16:04:46+09:00,known,ff4722611dbbb16dbc32fa46,b1f7ea8d54b132ebfd05155d,113302,https://m.dcinside.com/board/pokemoncardgame/113302,덱소스 &서포트 살짝 팝니다,seller-5c19e88b95a26f3d336984fa,ㅇㅇ,guest,히트 버너,히트 버너,히트 버너,,,unknown,미분류,1,0.2,2000,estimated,per_card,text,unknown,,active,needs_review,needs_review,"가격 단위 추정, 배송비 포함 여부 미확정",estimated,yes,candidate_estimated,히트 버너 0.2
b40a261d01569fbf3a946da5,pokemoncardgame,포켓몬 카드게임,2026-05,2026-05-19T16:04:46+09:00,known,590c8d5c4bcd43159a1b9ae0,b40a261d01569fbf3a946da5,113302,https://m.dcinside.com/board/pokemoncardgame/113302,덱소스 &서포트 살짝 팝니다,seller-ffb42c8860e1873c9bc94101,ㅇㅇ,guest,메가시그널sr,메가시그널sr,메가시그널sr,,,unknown,미분류,1,0.1,1000,estimated,per_card,text,unknown,,active,needs_review,needs_review,"가격 단위 추정, 배송비 포함 여부 미확정",estimated,yes,candidate_estimated,메가시그널sr 0.1
b5055ee67f25bf69cacd8e25,pokemoncardgame,포켓몬 카드게임,2026-05,2026-05-19T16:04:46+09:00,known,ff4722611dbbb16dbc32fa46,b5055ee67f25bf69cacd8e25,113302,https://m.dcinside.com/board/pokemoncardgame/113302,덱소스 &서포트 살짝 팝니다,seller-5c19e88b95a26f3d336984fa,ㅇㅇ,guest,var safe = window.dcAd && window.dcAd.safe ==,var safe = window.dcAd && window.dcAd.safe ==,var safe = (window.dcAd && window.dcAd.safe ==,,,unknown,미분류,1,1,10000,estimated,bundle,text,unknown,,active,needs_review,needs_review,"가격 단위 추정, 복수 카드 가격, 배송비 포함 여부 미확정, 묶음·세트 총액 · 개별 카드 가격 아님",estimated,no,no,var safe = (window.dcAd && window.dcAd.safe == 1)
b8667db9c5253dac766e5b70,pokemoncardgame,포켓몬 카드게임,2026-05,2026-05-19T16:04:46+09:00,known,590c8d5c4bcd43159a1b9ae0,b8667db9c5253dac766e5b70,113302,https://m.dcinside.com/board/pokemoncardgame/113302,덱소스 &서포트 살짝 팝니다,seller-ffb42c8860e1873c9bc94101,ㅇㅇ,guest,이그니션 에너지,이그니션 에너지,이그니션 에너지,,,unknown,미분류,1,0.1,1000,estimated,per_card,text,unknown,,active,needs_review,needs_review,"가격 단위 추정, 배송비 포함 여부 미확정",estimated,yes,candidate_estimated,이그니션 에너지 0.1
bb08c6efc3216c58401c0add,pokemoncardgame,포켓몬 카드게임,2026-05,2026-05-19T16:04:46+09:00,known,590c8d5c4bcd43159a1b9ae0,bb08c6efc3216c58401c0add,113302,https://m.dcinside.com/board/pokemoncardgame/113302,덱소스 &서포트 살짝 팝니다,seller-ffb42c8860e1873c9bc94101,ㅇㅇ,guest,성스러운분말,성스러운분말,성스러운분말,,,unknown,미분류,1,0.1,1000,estimated,per_card,text,unknown,,active,needs_review,needs_review,"가격 단위 추정, 배송비 포함 여부 미확정",estimated,yes,candidate_estimated,성스러운분말 0.1
c55b022173a233f0a667286f,pokemoncardgame,포켓몬 카드게임,2026-05,2026-05-19T16:04:46+09:00,known,ff4722611dbbb16dbc32fa46,c55b022173a233f0a667286f,113302,https://m.dcinside.com/board/pokemoncardgame/113302,덱소스 &서포트 살짝 팝니다,seller-5c19e88b95a26f3d336984fa,ㅇㅇ,guest,배틀콜로세움,배틀콜로세움,배틀콜로세움,,,unknown,미분류,1,0.1,1000,estimated,per_card,text,unknown,,active,needs_review,needs_review,"가격 단위 추정, 배송비 포함 여부 미확정",estimated,yes,candidate_estimated,배틀콜로세움 0.1
caadcdd0fd07187e6eca390e,pokemoncardgame,포켓몬 카드게임,2026-05,2026-05-19T16:04:46+09:00,known,ff4722611dbbb16dbc32fa46,caadcdd0fd07187e6eca390e,113302,https://m.dcinside.com/board/pokemoncardgame/113302,덱소스 &서포트 살짝 팝니다,seller-5c19e88b95a26f3d336984fa,ㅇㅇ,guest,희망의 애뮬렛 ace,희망의 애뮬렛 ace,희망의 애뮬렛 ace,,,unknown,미분류,1,0.1,1000,estimated,per_card,text,unknown,,active,needs_review,needs_review,"가격 단위 추정, 배송비 포함 여부 미확정",estimated,yes,candidate_estimated,희망의 애뮬렛 ace 0.1
cb6058cac3e492c22b3b7e9a,pokemoncardgame,포켓몬 카드게임,2026-05,2026-05-19T16:04:46+09:00,known,590c8d5c4bcd43159a1b9ae0,cb6058cac3e492c22b3b7e9a,113302,https://m.dcinside.com/board/pokemoncardgame/113302,덱소스 &서포트 살짝 팝니다,seller-ffb42c8860e1873c9bc94101,ㅇㅇ,guest,일택 반택,일택 반택,일택 0.4 반택,,,unknown,미분류,1,0.2,2000,estimated,per_card,text,unknown,,active,needs_review,needs_review,"가격 단위 추정, 배송비 포함 여부 미확정",estimated,yes,candidate_estimated,일택 0.4 반택 0.2
d3ea2b36fdf6b06ce5fd6131,pokemoncardgame,포켓몬 카드게임,2026-05,2026-05-19T16:04:46+09:00,known,ff4722611dbbb16dbc32fa46,d3ea2b36fdf6b06ce5fd6131,113302,https://m.dcinside.com/board/pokemoncardgame/113302,덱소스 &서포트 살짝 팝니다,seller-5c19e88b95a26f3d336984fa,ㅇㅇ,guest,성스러운분말,성스러운분말,성스러운분말,,,unknown,미분류,1,0.1,1000,estimated,per_card,text,unknown,,active,needs_review,needs_review,"가격 단위 추정, 배송비 포함 여부 미확정",estimated,yes,candidate_estimated,성스러운분말 0.1
d6711f5aa504b64451a0c273,pokemoncardgame,포켓몬 카드게임,2026-05,2026-05-19T16:04:46+09:00,known,ff4722611dbbb16dbc32fa46,d6711f5aa504b64451a0c273,113302,https://m.dcinside.com/board/pokemoncardgame/113302,덱소스 &서포트 살짝 팝니다,seller-5c19e88b95a26f3d336984fa,ㅇㅇ,guest,이상한 사탕 sr,이상한 사탕 sr,이상한 사탕 sr,,,unknown,미분류,1,0.2,2000,estimated,per_card,text,unknown,,active,needs_review,needs_review,"가격 단위 추정, 배송비 포함 여부 미확정",estimated,yes,candidate_estimated,이상한 사탕 sr 0.2
dacd3232a81f28d73fe28d2f,pokemoncardgame,포켓몬 카드게임,2026-05,2026-05-19T16:04:46+09:00,known,ff4722611dbbb16dbc32fa46,dacd3232a81f28d73fe28d2f,113302,https://m.dcinside.com/board/pokemoncardgame/113302,덱소스 &서포트 살짝 팝니다,seller-5c19e88b95a26f3d336984fa,ㅇㅇ,guest,DOM 삽입 헬퍼 현재 스크립트 위치 기준,DOM 삽입 헬퍼 현재 스크립트 위치 기준,// ---- DOM 삽입 헬퍼 (현재 스크립트 위치 기준,,,unknown,미분류,1,1,10000,estimated,bundle,text,unknown,,active,needs_review,needs_review,"가격 단위 추정, 복수 카드 가격, 배송비 포함 여부 미확정, 묶음·세트 총액 · 개별 카드 가격 아님",estimated,no,no,// ---- DOM 삽입 헬퍼 (현재 스크립트 위치 기준1)
e403158e068ef8abcafc4857,pokemoncardgame,포켓몬 카드게임,2026-05,2026-05-19T16:04:46+09:00,known,590c8d5c4bcd43159a1b9ae0,e403158e068ef8abcafc4857,113302,https://m.dcinside.com/board/pokemoncardgame/113302,덱소스 &서포트 살짝 팝니다,seller-ffb42c8860e1873c9bc94101,ㅇㅇ,guest,디럭스봄,디럭스봄,디럭스봄,,,unknown,미분류,1,0.1,1000,estimated,per_card,text,unknown,,active,needs_review,needs_review,"가격 단위 추정, 배송비 포함 여부 미확정",estimated,yes,candidate_estimated,디럭스봄 0.1
f0bfbe3fa1cbbad33621f641,pokemoncardgame,포켓몬 카드게임,2026-05,2026-05-19T16:04:46+09:00,known,590c8d5c4bcd43159a1b9ae0,f0bfbe3fa1cbbad33621f641,113302,https://m.dcinside.com/board/pokemoncardgame/113302,덱소스 &서포트 살짝 팝니다,seller-ffb42c8860e1873c9bc94101,ㅇㅇ,guest,파도타기 비치 sr,파도타기 비치 sr,파도타기 비치 sr,,,unknown,미분류,1,0.2,2000,estimated,per_card,text,unknown,,active,needs_review,needs_review,"가격 단위 추정, 배송비 포함 여부 미확정",estimated,yes,candidate_estimated,파도타기 비치 sr 0.2
f1358e74fe516ca07a51c5f0,pokemoncardgame,포켓몬 카드게임,2026-05,2026-05-19T16:04:46+09:00,known,590c8d5c4bcd43159a1b9ae0,f1358e74fe516ca07a51c5f0,113302,https://m.dcinside.com/board/pokemoncardgame/113302,덱소스 &서포트 살짝 팝니다,seller-ffb42c8860e1873c9bc94101,ㅇㅇ,guest,DOM 삽입 헬퍼 현재 스크립트 위치 기준,DOM 삽입 헬퍼 현재 스크립트 위치 기준,// ---- DOM 삽입 헬퍼 (현재 스크립트 위치 기준,,,unknown,미분류,1,1,10000,estimated,bundle,text,unknown,,active,needs_review,needs_review,"가격 단위 추정, 복수 카드 가격, 배송비 포함 여부 미확정, 묶음·세트 총액 · 개별 카드 가격 아님",estimated,no,no,// ---- DOM 삽입 헬퍼 (현재 스크립트 위치 기준1)
f6b3d7f35c51fb25dba18337,pokemoncardgame,포켓몬 카드게임,2026-05,2026-05-19T16:04:46+09:00,known,590c8d5c4bcd43159a1b9ae0,f6b3d7f35c51fb25dba18337,113302,https://m.dcinside.com/board/pokemoncardgame/113302,덱소스 &서포트 살짝 팝니다,seller-ffb42c8860e1873c9bc94101,ㅇㅇ,guest,loadScript 'https pagead,loadScript 'https pagead,loadScript('https://pagead,,,unknown,미분류,1,2,20000,estimated,bundle,text,unknown,,active,needs_review,needs_review,"가격 단위 추정, 복수 카드 가격, 배송비 포함 여부 미확정, 묶음·세트 총액 · 개별 카드 가격 아님",estimated,no,no,"loadScript('https://pagead2.googlesyndication.com/pagead/js/adsbygoogle_direct.js?client=ca-pub-8171468792791627', true, 'anonymous');"
f9232f0276b642cf043cc4df,pokemoncardgame,포켓몬 카드게임,2026-05,2026-05-19T16:04:46+09:00,known,ff4722611dbbb16dbc32fa46,f9232f0276b642cf043cc4df,113302,https://m.dcinside.com/board/pokemoncardgame/113302,덱소스 &서포트 살짝 팝니다,seller-5c19e88b95a26f3d336984fa,ㅇㅇ,guest,밤의 들것 sr,밤의 들것 sr,밤의 들것 sr,,,unknown,미분류,1,0.2,2000,estimated,per_card,text,unknown,,active,needs_review,needs_review,"가격 단위 추정, 배송비 포함 여부 미확정",estimated,yes,candidate_estimated,밤의 들것 sr 0.2
fb449a1b405a32348ed3cbac,pokemoncardgame,포켓몬 카드게임,2026-05,2026-05-19T16:04:46+09:00,known,590c8d5c4bcd43159a1b9ae0,fb449a1b405a32348ed3cbac,113302,https://m.dcinside.com/board/pokemoncardgame/113302,덱소스 &서포트 살짝 팝니다,seller-ffb42c8860e1873c9bc94101,ㅇㅇ,guest,loadScript ' t,loadScript ' t,loadScript('//t,,,unknown,미분류,1,1,10000,estimated,bundle,text,unknown,,active,needs_review,needs_review,"가격 단위 추정, 복수 카드 가격, 배송비 포함 여부 미확정, 묶음·세트 총액 · 개별 카드 가격 아님",estimated,no,no,"loadScript('//t1.kakaocdn.net/kas/static/ba.min.js', true);"
fc58eacbca5d38c1c783e745,pokemoncardgame,포켓몬 카드게임,2026-05,2026-05-19T16:04:46+09:00,known,ff4722611dbbb16dbc32fa46,fc58eacbca5d38c1c783e745,113302,https://m.dcinside.com/board/pokemoncardgame/113302,덱소스 &서포트 살짝 팝니다,seller-5c19e88b95a26f3d336984fa,ㅇㅇ,guest,파도타기 비치 sr,파도타기 비치 sr,파도타기 비치 sr,,,unknown,미분류,1,0.2,2000,estimated,per_card,text,unknown,,active,needs_review,needs_review,"가격 단위 추정, 배송비 포함 여부 미확정",estimated,yes,candidate_estimated,파도타기 비치 sr 0.2
fe14f4fcf3bb4d006bae05ea,pokemoncardgame,포켓몬 카드게임,2026-05,2026-05-19T16:04:46+09:00,known,590c8d5c4bcd43159a1b9ae0,fe14f4fcf3bb4d006bae05ea,113302,https://m.dcinside.com/board/pokemoncardgame/113302,덱소스 &서포트 살짝 팝니다,seller-ffb42c8860e1873c9bc94101,ㅇㅇ,guest,유리나팔 sr,유리나팔 sr,유리나팔 sr,,,unknown,미분류,1,0.1,1000,estimated,per_card,text,unknown,,active,needs_review,needs_review,"가격 단위 추정, 배송비 포함 여부 미확정",estimated,yes,candidate_estimated,유리나팔 sr 0.1
281783d8dfd22e3a47497dc6,pokemoncardgame,포켓몬 카드게임,2026-05,2026-05-19T17:22:09+09:00,known,1d0d829536bb6529b63d01b3,281783d8dfd22e3a47497dc6,113316,https://m.dcinside.com/board/pokemoncardgame/113316,"금일 7시 부평카드팝직 태권왕,냐옹 일괄 1.5에 구합니다.",seller-057f60fa830bdb1801c12cbb,고구마,guest,냐옹,냐옹,냐옹,,,unknown,미분류,1,0.5,5000,estimated,per_card,text,unknown,,active,needs_review,needs_review,"가격 단위 추정, 배송비 포함 여부 미확정",estimated,yes,candidate_estimated,냐옹 0.5
367b413c3bf089c6784b877f,pokemoncardgame,포켓몬 카드게임,2026-05,2026-05-19T17:22:09+09:00,known,1d0d829536bb6529b63d01b3,367b413c3bf089c6784b877f,113316,https://m.dcinside.com/board/pokemoncardgame/113316,"금일 7시 부평카드팝직 태권왕,냐옹 일괄 1.5에 구합니다.",seller-057f60fa830bdb1801c12cbb,고구마,guest,태권왕의 수련,태권왕의 수련,태권왕의 수련,,,unknown,미분류,1,0.5,5000,estimated,bundle,text,unknown,,active,needs_review,needs_review,"가격 단위 추정, 일괄·세트 가격, 배송비 포함 여부 미확정, 묶음·세트 총액 · 개별 카드 가격 아님",estimated,no,no,태권왕의 수련 일괄 0.5
5722064b27e4f0ac6cf5df40,pokemoncardgame,포켓몬 카드게임,2026-05,2026-05-19T17:22:09+09:00,known,fd3c4311e794e06e10a7fda1,5722064b27e4f0ac6cf5df40,113316,https://m.dcinside.com/board/pokemoncardgame/113316,"금일 7시 부평카드팝직 태권왕,냐옹 일괄 1.5에 구합니다.",seller-e476c1390b45675aa5423a90,고구마,guest,태권왕의 수련,태권왕의 수련,태권왕의 수련,,,unknown,미분류,1,0.5,5000,estimated,bundle,text,unknown,,active,needs_review,needs_review,"가격 단위 추정, 일괄·세트 가격, 배송비 포함 여부 미확정, 묶음·세트 총액 · 개별 카드 가격 아님",estimated,no,no,태권왕의 수련 일괄 0.5
6c588cfd94ece37e33aa7309,pokemoncardgame,포켓몬 카드게임,2026-05,2026-05-19T17:22:09+09:00,known,fd3c4311e794e06e10a7fda1,6c588cfd94ece37e33aa7309,113316,https://m.dcinside.com/board/pokemoncardgame/113316,"금일 7시 부평카드팝직 태권왕,냐옹 일괄 1.5에 구합니다.",seller-e476c1390b45675aa5423a90,고구마,guest,냐옹,냐옹,냐옹,,,unknown,미분류,1,0.5,5000,estimated,per_card,text,unknown,,active,needs_review,needs_review,"가격 단위 추정, 배송비 포함 여부 미확정",estimated,yes,candidate_estimated,냐옹 0.5
2421129a3127d9ec8471ec0e,pokemoncardgame,포켓몬 카드게임,2026-05,2026-05-19T21:06:32+09:00,known,70ad0d0bd3443c571ca8bb98,2421129a3127d9ec8471ec0e,113348,https://m.dcinside.com/board/pokemoncardgame/113348,크래시 해머 ur 1장 삽니다,seller-51447db26eeb90b0124d315b,포갤러,registered,반,반,반택포,,,unknown,미분류,1,2,20000,estimated,per_card,text,included,2000,active,needs_review,needs_review,가격 단위 추정,estimated,yes,candidate_estimated,1장 반택포 2에 삽니다
6556f5fb53223943bd8f460c,pokemoncardgame,포켓몬 카드게임,2026-05,2026-05-19T21:06:32+09:00,known,2dbf47ee29f19943eaaa4d8d,6556f5fb53223943bd8f460c,113348,https://m.dcinside.com/board/pokemoncardgame/113348,크래시 해머 ur 1장 삽니다,seller-51447db26eeb90b0124d315b,포갤러,registered,반,반,반택포,,,unknown,미분류,1,2,20000,estimated,per_card,text,included,2000,active,needs_review,needs_review,가격 단위 추정,estimated,yes,candidate_estimated,1장 반택포 2에 삽니다
202219a03073ca8202a9f6a2,pokemoncardgame,포켓몬 카드게임,2026-05,2026-05-19T21:17:25+09:00,known,b79cd7f5fd7c88fd4a500e2f,202219a03073ca8202a9f6a2,113351,https://m.dcinside.com/board/pokemoncardgame/113351,메가 가디안 플라엣테 삼,seller-60bb01fa2ad5b3c7aadedfb6,ㅇㅇ,guest,메가 가디안 ex ma,메가 가디안 ex ma,메가 가디안 ex ma,,,unknown,미분류,1,0.2,2000,estimated,per_card,text,unknown,,active,needs_review,needs_review,"가격 단위 추정, 배송비 포함 여부 미확정",estimated,yes,candidate_estimated,메가 가디안 ex ma 0.2
3196c8f9c02a3ac2c1763a2b,pokemoncardgame,포켓몬 카드게임,2026-05,2026-05-19T21:17:25+09:00,known,b79cd7f5fd7c88fd4a500e2f,3196c8f9c02a3ac2c1763a2b,113351,https://m.dcinside.com/board/pokemoncardgame/113351,메가 가디안 플라엣테 삼,seller-60bb01fa2ad5b3c7aadedfb6,ㅇㅇ,guest,메가 플라엣테 ex sr,메가 플라엣테 ex sr,메가 플라엣테 ex sr,,,unknown,미분류,1,0.2,2000,estimated,per_card,text,unknown,,active,needs_review,needs_review,"가격 단위 추정, 배송비 포함 여부 미확정",estimated,yes,candidate_estimated,메가 플라엣테 ex sr 0.2
6246473805bbde829e92ad07,pokemoncardgame,포켓몬 카드게임,2026-05,2026-05-19T21:17:25+09:00,known,78a5a23c4eb9167575f852fe,6246473805bbde829e92ad07,113351,https://m.dcinside.com/board/pokemoncardgame/113351,메가 가디안 플라엣테 삼,seller-b0e4d7fd3e9935c83206479b,ㅇㅇ,guest,메가 가디안 ex ma,메가 가디안 ex ma,메가 가디안 ex ma,,,unknown,미분류,1,0.2,2000,estimated,per_card,text,unknown,,active,needs_review,needs_review,"가격 단위 추정, 배송비 포함 여부 미확정",estimated,yes,candidate_estimated,메가 가디안 ex ma 0.2
98e27cbd3a50f91a9e4da778,pokemoncardgame,포켓몬 카드게임,2026-05,2026-05-19T21:17:25+09:00,known,b79cd7f5fd7c88fd4a500e2f,98e27cbd3a50f91a9e4da778,113351,https://m.dcinside.com/board/pokemoncardgame/113351,메가 가디안 플라엣테 삼,seller-60bb01fa2ad5b3c7aadedfb6,ㅇㅇ,guest,메가 가디안 ex sr,메가 가디안 ex sr,메가 가디안 ex sr,,,unknown,미분류,1,0.2,2000,estimated,per_card,text,unknown,,active,needs_review,needs_review,"가격 단위 추정, 배송비 포함 여부 미확정",estimated,yes,candidate_estimated,메가 가디안 ex sr 0.2
c3b52547aa938e63928c0a35,pokemoncardgame,포켓몬 카드게임,2026-05,2026-05-19T21:17:25+09:00,known,b79cd7f5fd7c88fd4a500e2f,c3b52547aa938e63928c0a35,113351,https://m.dcinside.com/board/pokemoncardgame/113351,메가 가디안 플라엣테 삼,seller-60bb01fa2ad5b3c7aadedfb6,ㅇㅇ,guest,메가 플라엣테 ex rr,메가 플라엣테 ex rr,메가 플라엣테 ex rr,,,unknown,미분류,1,0.05,500,estimated,per_card,text,unknown,,active,needs_review,needs_review,"가격 단위 추정, 배송비 포함 여부 미확정",estimated,yes,candidate_estimated,메가 플라엣테 ex rr 0.05
c6c3ad46c01895e5ff8700c5,pokemoncardgame,포켓몬 카드게임,2026-05,2026-05-19T21:17:25+09:00,known,78a5a23c4eb9167575f852fe,c6c3ad46c01895e5ff8700c5,113351,https://m.dcinside.com/board/pokemoncardgame/113351,메가 가디안 플라엣테 삼,seller-b0e4d7fd3e9935c83206479b,ㅇㅇ,guest,메가 가디안 ex sr,메가 가디안 ex sr,메가 가디안 ex sr,,,unknown,미분류,1,0.2,2000,estimated,per_card,text,unknown,,active,needs_review,needs_review,"가격 단위 추정, 배송비 포함 여부 미확정",estimated,yes,candidate_estimated,메가 가디안 ex sr 0.2
d23148b8c4d0f0a096fce408,pokemoncardgame,포켓몬 카드게임,2026-05,2026-05-19T21:17:25+09:00,known,78a5a23c4eb9167575f852fe,d23148b8c4d0f0a096fce408,113351,https://m.dcinside.com/board/pokemoncardgame/113351,메가 가디안 플라엣테 삼,seller-b0e4d7fd3e9935c83206479b,ㅇㅇ,guest,메가 플라엣테 ex rr,메가 플라엣테 ex rr,메가 플라엣테 ex rr,,,unknown,미분류,1,0.05,500,estimated,per_card,text,unknown,,active,needs_review,needs_review,"가격 단위 추정, 배송비 포함 여부 미확정",estimated,yes,candidate_estimated,메가 플라엣테 ex rr 0.05
e57f5c89de994d061ab7fde5,pokemoncardgame,포켓몬 카드게임,2026-05,2026-05-19T21:17:25+09:00,known,78a5a23c4eb9167575f852fe,e57f5c89de994d061ab7fde5,113351,https://m.dcinside.com/board/pokemoncardgame/113351,메가 가디안 플라엣테 삼,seller-b0e4d7fd3e9935c83206479b,ㅇㅇ,guest,메가 플라엣테 ex sr,메가 플라엣테 ex sr,메가 플라엣테 ex sr,,,unknown,미분류,1,0.2,2000,estimated,per_card,text,unknown,,active,needs_review,needs_review,"가격 단위 추정, 배송비 포함 여부 미확정",estimated,yes,candidate_estimated,메가 플라엣테 ex sr 0.2
16f12a14843891822b8529b5,pokemoncardgame,포켓몬 카드게임,2026-05,2026-05-20T20:34:15+09:00,known,cdf711aa1604a678067c4725,16f12a14843891822b8529b5,113500,https://m.dcinside.com/board/pokemoncardgame/113500,스레카 등 팜,seller-2d896f8a863de488175fcd36,ㅇㅇ,guest,프레셔스캐리,프레셔스캐리,프레셔스캐리,,,unknown,미분류,1,0.6,6000,estimated,per_card,text,unknown,,active,needs_review,needs_review,"가격 단위 추정, 배송비 포함 여부 미확정",estimated,yes,candidate_estimated,프레셔스캐리 0.6
353b167682b871c050a3ce61,pokemoncardgame,포켓몬 카드게임,2026-05,2026-05-20T20:34:15+09:00,known,cdf711aa1604a678067c4725,353b167682b871c050a3ce61,113500,https://m.dcinside.com/board/pokemoncardgame/113500,스레카 등 팜,seller-2d896f8a863de488175fcd36,ㅇㅇ,guest,에갈달,에갈달,에갈달 장당,,,unknown,미분류,1,0.1,1000,estimated,per_card,text,unknown,,active,needs_review,needs_review,"가격 단위 추정, 배송비 포함 여부 미확정",estimated,yes,candidate_estimated,에갈달 장당 0.1
35562540c7ac2266c0cfb9c7,pokemoncardgame,포켓몬 카드게임,2026-05,2026-05-20T20:34:15+09:00,known,959c5abf2c1538dcd80764a0,35562540c7ac2266c0cfb9c7,113500,https://m.dcinside.com/board/pokemoncardgame/113500,스레카 등 팜,seller-43c90765be9375ab451ce3eb,ㅇㅇ,guest,프레셔스캐리,프레셔스캐리,프레셔스캐리,,,unknown,미분류,1,0.6,6000,estimated,per_card,text,unknown,,active,needs_review,needs_review,"가격 단위 추정, 배송비 포함 여부 미확정",estimated,yes,candidate_estimated,프레셔스캐리 0.6
4c2816017f937c6c6660c6da,pokemoncardgame,포켓몬 카드게임,2026-05,2026-05-20T20:34:15+09:00,known,959c5abf2c1538dcd80764a0,4c2816017f937c6c6660c6da,113500,https://m.dcinside.com/board/pokemoncardgame/113500,스레카 등 팜,seller-43c90765be9375ab451ce3eb,ㅇㅇ,guest,에갈달,에갈달,에갈달 장당,,,unknown,미분류,1,0.1,1000,estimated,per_card,text,unknown,,active,needs_review,needs_review,"가격 단위 추정, 배송비 포함 여부 미확정",estimated,yes,candidate_estimated,에갈달 장당 0.1
86ec4096f5c69dd095afbbf1,pokemoncardgame,포켓몬 카드게임,2026-05,2026-05-20T20:34:15+09:00,known,cdf711aa1604a678067c4725,86ec4096f5c69dd095afbbf1,113500,https://m.dcinside.com/board/pokemoncardgame/113500,스레카 등 팜,seller-2d896f8a863de488175fcd36,ㅇㅇ,guest,투희,투희,투희,,,unknown,미분류,1,0.2,2000,estimated,per_card,text,unknown,,active,needs_review,needs_review,"가격 단위 추정, 배송비 포함 여부 미확정",estimated,yes,candidate_estimated,투희 0.2
9132b1b22cc1dc64b4cb92fa,pokemoncardgame,포켓몬 카드게임,2026-05,2026-05-20T20:34:15+09:00,known,959c5abf2c1538dcd80764a0,9132b1b22cc1dc64b4cb92fa,113500,https://m.dcinside.com/board/pokemoncardgame/113500,스레카 등 팜,seller-43c90765be9375ab451ce3eb,ㅇㅇ,guest,스레카 sr,스레카 sr,스레카 sr 장당,,,unknown,미분류,1,0.8,8000,estimated,per_card,text,unknown,,active,needs_review,needs_review,"가격 단위 추정, 배송비 포함 여부 미확정",estimated,yes,candidate_estimated,스레카 sr 장당 0.8
a0828c85058f1d844cf10037,pokemoncardgame,포켓몬 카드게임,2026-05,2026-05-20T20:34:15+09:00,known,cdf711aa1604a678067c4725,a0828c85058f1d844cf10037,113500,https://m.dcinside.com/board/pokemoncardgame/113500,스레카 등 팜,seller-2d896f8a863de488175fcd36,ㅇㅇ,guest,시아노,시아노,시아노,,,unknown,미분류,1,0.3,3000,estimated,per_card,text,unknown,,active,needs_review,needs_review,"가격 단위 추정, 배송비 포함 여부 미확정",estimated,yes,candidate_estimated,시아노 0.3
a3dc2006819847fa8db1d966,pokemoncardgame,포켓몬 카드게임,2026-05,2026-05-20T20:34:15+09:00,known,959c5abf2c1538dcd80764a0,a3dc2006819847fa8db1d966,113500,https://m.dcinside.com/board/pokemoncardgame/113500,스레카 등 팜,seller-43c90765be9375ab451ce3eb,ㅇㅇ,guest,시아노,시아노,시아노,,,unknown,미분류,1,0.3,3000,estimated,per_card,text,unknown,,active,needs_review,needs_review,"가격 단위 추정, 배송비 포함 여부 미확정",estimated,yes,candidate_estimated,시아노 0.3
c4e513b941a63bf78f2884a4,pokemoncardgame,포켓몬 카드게임,2026-05,2026-05-20T20:34:15+09:00,known,959c5abf2c1538dcd80764a0,c4e513b941a63bf78f2884a4,113500,https://m.dcinside.com/board/pokemoncardgame/113500,스레카 등 팜,seller-43c90765be9375ab451ce3eb,ㅇㅇ,guest,투희,투희,투희,,,unknown,미분류,1,0.2,2000,estimated,per_card,text,unknown,,active,needs_review,needs_review,"가격 단위 추정, 배송비 포함 여부 미확정",estimated,yes,candidate_estimated,투희 0.2
f58a73337799743f65d6080f,pokemoncardgame,포켓몬 카드게임,2026-05,2026-05-20T20:34:15+09:00,known,cdf711aa1604a678067c4725,f58a73337799743f65d6080f,113500,https://m.dcinside.com/board/pokemoncardgame/113500,스레카 등 팜,seller-2d896f8a863de488175fcd36,ㅇㅇ,guest,스레카 sr,스레카 sr,스레카 sr 장당,,,unknown,미분류,1,0.8,8000,estimated,per_card,text,unknown,,active,needs_review,needs_review,"가격 단위 추정, 배송비 포함 여부 미확정",estimated,yes,candidate_estimated,스레카 sr 장당 0.8
0744cbfc7c201e30483ce6ee,pokemoncardgame,포켓몬 카드게임,2026-05,2026-05-20T20:51:58+09:00,known,a126a96e17d7ed0222f124fd,0744cbfc7c201e30483ce6ee,113502,https://m.dcinside.com/board/pokemoncardgame/113502,각종 고레어 및 덱소스 판매,seller-345ef65ce4729e56f6c113dd,창조신,registered,DOM 삽입 헬퍼 현재 스크립트 위치 기준,DOM 삽입 헬퍼 현재 스크립트 위치 기준,// ---- DOM 삽입 헬퍼 (현재 스크립트 위치 기준,,,unknown,미분류,1,1,10000,estimated,bundle,text,unknown,,active,needs_review,needs_review,"가격 단위 추정, 복수 카드 가격, 배송비 포함 여부 미확정, 묶음·세트 총액 · 개별 카드 가격 아님",estimated,no,no,// ---- DOM 삽입 헬퍼 (현재 스크립트 위치 기준1)
07b298c5abdc4229a618330c,pokemoncardgame,포켓몬 카드게임,2026-05,2026-05-20T20:51:58+09:00,known,a126a96e17d7ed0222f124fd,07b298c5abdc4229a618330c,113502,https://m.dcinside.com/board/pokemoncardgame/113502,각종 고레어 및 덱소스 판매,seller-345ef65ce4729e56f6c113dd,창조신,registered,메가아쿠스타rr,메가아쿠스타rr,메가아쿠스타rr,,,unknown,미분류,1,0.1,1000,estimated,per_card,text,unknown,,active,needs_review,needs_review,"가격 단위 추정, 배송비 포함 여부 미확정",estimated,yes,candidate_estimated,메가아쿠스타rr: 0.1
09c941bfd781463f364c6d49,pokemoncardgame,포켓몬 카드게임,2026-05,2026-05-20T20:51:58+09:00,known,a126a96e17d7ed0222f124fd,09c941bfd781463f364c6d49,113502,https://m.dcinside.com/board/pokemoncardgame/113502,각종 고레어 및 덱소스 판매,seller-345ef65ce4729e56f6c113dd,창조신,registered,눈꼬마ar,눈꼬마ar,눈꼬마ar,,,unknown,미분류,1,0.1,1000,estimated,per_card,text,unknown,,active,needs_review,needs_review,"가격 단위 추정, 배송비 포함 여부 미확정",estimated,yes,candidate_estimated,눈꼬마ar: 0.1
0d4b3f88c29f49b28decede5,pokemoncardgame,포켓몬 카드게임,2026-05,2026-05-20T20:51:58+09:00,known,a126a96e17d7ed0222f124fd,0d4b3f88c29f49b28decede5,113502,https://m.dcinside.com/board/pokemoncardgame/113502,각종 고레어 및 덱소스 판매,seller-345ef65ce4729e56f6c113dd,창조신,registered,보스의지령,보스의지령,보스의지령,,,unknown,미분류,1,0.1,1000,estimated,per_card,text,unknown,,active,needs_review,needs_review,"가격 단위 추정, 배송비 포함 여부 미확정",estimated,yes,candidate_estimated,보스의지령: 0.1
1445fe135cb2b8db95d0f585,pokemoncardgame,포켓몬 카드게임,2026-05,2026-05-20T20:51:58+09:00,known,c0f6809498c35ac66e3fa455,1445fe135cb2b8db95d0f585,113502,https://m.dcinside.com/board/pokemoncardgame/113502,각종 고레어 및 덱소스 판매,seller-345ef65ce4729e56f6c113dd,창조신,registered,시유sr,시유sr,시유sr,,,unknown,미분류,1,0.7,7000,estimated,per_card,text,unknown,,active,needs_review,needs_review,"가격 단위 추정, 배송비 포함 여부 미확정",estimated,yes,candidate_estimated,시유sr: 0.7
146a336537650890ccd7c46f,pokemoncardgame,포켓몬 카드게임,2026-05,2026-05-20T20:51:58+09:00,known,a126a96e17d7ed0222f124fd,146a336537650890ccd7c46f,113502,https://m.dcinside.com/board/pokemoncardgame/113502,각종 고레어 및 덱소스 판매,seller-345ef65ce4729e56f6c113dd,창조신,registered,스페셜레드카드,스페셜레드카드,스페셜레드카드,,,unknown,미분류,1,0.3,3000,estimated,per_card,text,unknown,,active,needs_review,needs_review,"가격 단위 추정, 배송비 포함 여부 미확정",estimated,yes,candidate_estimated,스페셜레드카드: 0.3
1c0e961cc1d11af48830c9b8,pokemoncardgame,포켓몬 카드게임,2026-05,2026-05-20T20:51:58+09:00,known,c0f6809498c35ac66e3fa455,1c0e961cc1d11af48830c9b8,113502,https://m.dcinside.com/board/pokemoncardgame/113502,각종 고레어 및 덱소스 판매,seller-345ef65ce4729e56f6c113dd,창조신,registered,메가아쿠스타sr,메가아쿠스타sr,메가아쿠스타sr,,,unknown,미분류,1,0.3,3000,estimated,per_card,text,unknown,,active,needs_review,needs_review,"가격 단위 추정, 배송비 포함 여부 미확정",estimated,yes,candidate_estimated,메가아쿠스타sr: 0.3
22d8e9199bc7ed325ce0fc70,pokemoncardgame,포켓몬 카드게임,2026-05,2026-05-20T20:51:58+09:00,known,c0f6809498c35ac66e3fa455,22d8e9199bc7ed325ce0fc70,113502,https://m.dcinside.com/board/pokemoncardgame/113502,각종 고레어 및 덱소스 판매,seller-345ef65ce4729e56f6c113dd,창조신,registered,스페셜레드카드,스페셜레드카드,스페셜레드카드,,,unknown,미분류,1,0.3,3000,estimated,per_card,text,unknown,,active,needs_review,needs_review,"가격 단위 추정, 배송비 포함 여부 미확정",estimated,yes,candidate_estimated,스페셜레드카드: 0.3
23a1d79de8b0ee46284db186,pokemoncardgame,포켓몬 카드게임,2026-05,2026-05-20T20:51:58+09:00,known,c0f6809498c35ac66e3fa455,23a1d79de8b0ee46284db186,113502,https://m.dcinside.com/board/pokemoncardgame/113502,각종 고레어 및 덱소스 판매,seller-345ef65ce4729e56f6c113dd,창조신,registered,이외,이외,이외,,,unknown,미분류,1,0.15,1500,estimated,per_card,text,unknown,,active,needs_review,needs_review,"가격 단위 추정, 배송비 포함 여부 미확정",estimated,yes,candidate_estimated,이외: 0.15
262892405ce7e28ef5db80e5,pokemoncardgame,포켓몬 카드게임,2026-05,2026-05-20T20:51:58+09:00,known,c0f6809498c35ac66e3fa455,262892405ce7e28ef5db80e5,113502,https://m.dcinside.com/board/pokemoncardgame/113502,각종 고레어 및 덱소스 판매,seller-345ef65ce4729e56f6c113dd,창조신,registered,눈꼬마ar,눈꼬마ar,눈꼬마ar,,,unknown,미분류,1,0.1,1000,estimated,per_card,text,unknown,,active,needs_review,needs_review,"가격 단위 추정, 배송비 포함 여부 미확정",estimated,yes,candidate_estimated,눈꼬마ar: 0.1
276c9622d352c8df624c0e7b,pokemoncardgame,포켓몬 카드게임,2026-05,2026-05-20T20:51:58+09:00,known,c0f6809498c35ac66e3fa455,276c9622d352c8df624c0e7b,113502,https://m.dcinside.com/board/pokemoncardgame/113502,각종 고레어 및 덱소스 판매,seller-345ef65ce4729e56f6c113dd,창조신,registered,loadScript 'https pagead,loadScript 'https pagead,loadScript('https://pagead,,,unknown,미분류,1,2,20000,estimated,bundle,text,unknown,,active,needs_review,needs_review,"가격 단위 추정, 복수 카드 가격, 배송비 포함 여부 미확정, 묶음·세트 총액 · 개별 카드 가격 아님",estimated,no,no,"loadScript('https://pagead2.googlesyndication.com/pagead/js/adsbygoogle_direct.js?client=ca-pub-8171468792791627', true, 'anonymous');"
2c0ca50e3d731d5366346fe1,pokemoncardgame,포켓몬 카드게임,2026-05,2026-05-20T20:51:58+09:00,known,a126a96e17d7ed0222f124fd,2c0ca50e3d731d5366346fe1,113502,https://m.dcinside.com/board/pokemoncardgame/113502,각종 고레어 및 덱소스 판매,seller-345ef65ce4729e56f6c113dd,창조신,registered,드래펄트rr,드래펄트rr,드래펄트rr,,,unknown,미분류,1,0.15,1500,estimated,per_card,text,unknown,,active,needs_review,needs_review,"가격 단위 추정, 배송비 포함 여부 미확정",estimated,yes,candidate_estimated,드래펄트rr: 0.15
2e642d22676eaff2e14c947f,pokemoncardgame,포켓몬 카드게임,2026-05,2026-05-20T20:51:58+09:00,known,a126a96e17d7ed0222f124fd,2e642d22676eaff2e14c947f,113502,https://m.dcinside.com/board/pokemoncardgame/113502,각종 고레어 및 덱소스 판매,seller-345ef65ce4729e56f6c113dd,창조신,registered,스파이크에너지ur,스파이크에너지ur,스파이크에너지ur,,,unknown,미분류,1,0.5,5000,estimated,per_card,text,unknown,,active,needs_review,needs_review,"가격 단위 추정, 배송비 포함 여부 미확정",estimated,yes,candidate_estimated,스파이크에너지ur: 0.5
317cf5f67aa9f09cc36dfd33,pokemoncardgame,포켓몬 카드게임,2026-05,2026-05-20T20:51:58+09:00,known,c0f6809498c35ac66e3fa455,317cf5f67aa9f09cc36dfd33,113502,https://m.dcinside.com/board/pokemoncardgame/113502,각종 고레어 및 덱소스 판매,seller-345ef65ce4729e56f6c113dd,창조신,registered,이외 rr,이외 rr,이외 rr,,,unknown,미분류,1,0.1,1000,estimated,per_card,text,unknown,,active,needs_review,needs_review,"가격 단위 추정, 배송비 포함 여부 미확정",estimated,yes,candidate_estimated,이외 rr: 0.1
3642e447cd32e507b6361624,pokemoncardgame,포켓몬 카드게임,2026-05,2026-05-20T20:51:58+09:00,known,a126a96e17d7ed0222f124fd,3642e447cd32e507b6361624,113502,https://m.dcinside.com/board/pokemoncardgame/113502,각종 고레어 및 덱소스 판매,seller-345ef65ce4729e56f6c113dd,창조신,registered,로켓단의람다,로켓단의람다,로켓단의람다,,,unknown,미분류,1,0.4,4000,estimated,per_card,text,unknown,,active,needs_review,needs_review,"가격 단위 추정, 배송비 포함 여부 미확정",estimated,yes,candidate_estimated,로켓단의람다: 0.4
382cc30208a73018845ef6aa,pokemoncardgame,포켓몬 카드게임,2026-05,2026-05-20T20:51:58+09:00,known,a126a96e17d7ed0222f124fd,382cc30208a73018845ef6aa,113502,https://m.dcinside.com/board/pokemoncardgame/113502,각종 고레어 및 덱소스 판매,seller-345ef65ce4729e56f6c113dd,창조신,registered,기로치sr,기로치sr,기로치sr,,,unknown,미분류,1,0.5,5000,estimated,per_card,text,unknown,,active,needs_review,needs_review,"가격 단위 추정, 배송비 포함 여부 미확정",estimated,yes,candidate_estimated,기로치sr: 0.5
38654aedf400b13a1b53a384,pokemoncardgame,포켓몬 카드게임,2026-05,2026-05-20T20:51:58+09:00,known,a126a96e17d7ed0222f124fd,38654aedf400b13a1b53a384,113502,https://m.dcinside.com/board/pokemoncardgame/113502,각종 고레어 및 덱소스 판매,seller-345ef65ce4729e56f6c113dd,창조신,registered,메가이상해꽃sr,메가이상해꽃sr,메가이상해꽃sr,,,unknown,미분류,1,0.3,3000,estimated,per_card,text,unknown,,active,needs_review,needs_review,"가격 단위 추정, 배송비 포함 여부 미확정",estimated,yes,candidate_estimated,메가이상해꽃sr: 0.3
398c1d93a1b9045fd6980337,pokemoncardgame,포켓몬 카드게임,2026-05,2026-05-20T20:51:58+09:00,known,a126a96e17d7ed0222f124fd,398c1d93a1b9045fd6980337,113502,https://m.dcinside.com/board/pokemoncardgame/113502,각종 고레어 및 덱소스 판매,seller-345ef65ce4729e56f6c113dd,창조신,registered,박사의연구sr,박사의연구sr,박사의연구sr,,,unknown,미분류,1,0.2,2000,estimated,per_card,text,unknown,,active,needs_review,needs_review,"가격 단위 추정, 배송비 포함 여부 미확정",estimated,yes,candidate_estimated,박사의연구sr: 0.2
3cd683a7f78cf5814739474e,pokemoncardgame,포켓몬 카드게임,2026-05,2026-05-20T20:51:58+09:00,known,c0f6809498c35ac66e3fa455,3cd683a7f78cf5814739474e,113502,https://m.dcinside.com/board/pokemoncardgame/113502,각종 고레어 및 덱소스 판매,seller-345ef65ce4729e56f6c113dd,창조신,registered,기로치sr,기로치sr,기로치sr,,,unknown,미분류,1,0.5,5000,estimated,per_card,text,unknown,,active,needs_review,needs_review,"가격 단위 추정, 배송비 포함 여부 미확정",estimated,yes,candidate_estimated,기로치sr: 0.5
4784df886340d458a740dae4,pokemoncardgame,포켓몬 카드게임,2026-05,2026-05-20T20:51:58+09:00,known,c0f6809498c35ac66e3fa455,4784df886340d458a740dae4,113502,https://m.dcinside.com/board/pokemoncardgame/113502,각종 고레어 및 덱소스 판매,seller-345ef65ce4729e56f6c113dd,창조신,registered,하솔,하솔,하솔,,,unknown,미분류,1,0.3,3000,estimated,per_card,text,unknown,,active,needs_review,needs_review,"가격 단위 추정, 배송비 포함 여부 미확정",estimated,yes,candidate_estimated,하솔: 0.3
5384c01e1ba2d1d2700c7627,pokemoncardgame,포켓몬 카드게임,2026-05,2026-05-20T20:51:58+09:00,known,c0f6809498c35ac66e3fa455,5384c01e1ba2d1d2700c7627,113502,https://m.dcinside.com/board/pokemoncardgame/113502,각종 고레어 및 덱소스 판매,seller-345ef65ce4729e56f6c113dd,창조신,registered,DOM 삽입 헬퍼 현재 스크립트 위치 기준,DOM 삽입 헬퍼 현재 스크립트 위치 기준,// ---- DOM 삽입 헬퍼 (현재 스크립트 위치 기준,,,unknown,미분류,1,1,10000,estimated,bundle,text,unknown,,active,needs_review,needs_review,"가격 단위 추정, 복수 카드 가격, 배송비 포함 여부 미확정, 묶음·세트 총액 · 개별 카드 가격 아님",estimated,no,no,// ---- DOM 삽입 헬퍼 (현재 스크립트 위치 기준1)
542224120a5e7f2c04469b9f,pokemoncardgame,포켓몬 카드게임,2026-05,2026-05-20T20:51:58+09:00,known,a126a96e17d7ed0222f124fd,542224120a5e7f2c04469b9f,113502,https://m.dcinside.com/board/pokemoncardgame/113502,각종 고레어 및 덱소스 판매,seller-345ef65ce4729e56f6c113dd,창조신,registered,이외,이외,이외,,,unknown,미분류,1,0.15,1500,estimated,per_card,text,unknown,,active,needs_review,needs_review,"가격 단위 추정, 배송비 포함 여부 미확정",estimated,yes,candidate_estimated,이외: 0.15
5513908e49b2c395cb8e77f5,pokemoncardgame,포켓몬 카드게임,2026-05,2026-05-20T20:51:58+09:00,known,a126a96e17d7ed0222f124fd,5513908e49b2c395cb8e77f5,113502,https://m.dcinside.com/board/pokemoncardgame/113502,각종 고레어 및 덱소스 판매,seller-345ef65ce4729e56f6c113dd,창조신,registered,메가아쿠스타sr,메가아쿠스타sr,메가아쿠스타sr,,,unknown,미분류,1,0.3,3000,estimated,per_card,text,unknown,,active,needs_review,needs_review,"가격 단위 추정, 배송비 포함 여부 미확정",estimated,yes,candidate_estimated,메가아쿠스타sr: 0.3
58ee169878e368e44fa68e6f,pokemoncardgame,포켓몬 카드게임,2026-05,2026-05-20T20:51:58+09:00,known,c0f6809498c35ac66e3fa455,58ee169878e368e44fa68e6f,113502,https://m.dcinside.com/board/pokemoncardgame/113502,각종 고레어 및 덱소스 판매,seller-345ef65ce4729e56f6c113dd,창조신,registered,이외 sr,이외 sr,이외 sr,,,unknown,미분류,1,0.1,1000,estimated,per_card,text,unknown,,active,needs_review,needs_review,"가격 단위 추정, 배송비 포함 여부 미확정",estimated,yes,candidate_estimated,이외 sr: 0.1
59e98ca91f78a7ec2ac2e68d,pokemoncardgame,포켓몬 카드게임,2026-05,2026-05-20T20:51:58+09:00,known,a126a96e17d7ed0222f124fd,59e98ca91f78a7ec2ac2e68d,113502,https://m.dcinside.com/board/pokemoncardgame/113502,각종 고레어 및 덱소스 판매,seller-345ef65ce4729e56f6c113dd,창조신,registered,초에너지sr,초에너지sr,초에너지sr,,,unknown,미분류,1,0.6,6000,estimated,per_card,text,unknown,,active,needs_review,needs_review,"가격 단위 추정, 배송비 포함 여부 미확정",estimated,yes,candidate_estimated,초에너지sr: 0.6
5ab13ad0283691b18fb65443,pokemoncardgame,포켓몬 카드게임,2026-05,2026-05-20T20:51:58+09:00,known,a126a96e17d7ed0222f124fd,5ab13ad0283691b18fb65443,113502,https://m.dcinside.com/board/pokemoncardgame/113502,각종 고레어 및 덱소스 판매,seller-345ef65ce4729e56f6c113dd,창조신,registered,메가개굴닌자sr 남음,메가개굴닌자sr 남음,메가개굴닌자sr 1개 남음,,,unknown,미분류,1,0.7,7000,estimated,per_card,text,unknown,,active,needs_review,needs_review,"가격 단위 추정, 배송비 포함 여부 미확정",estimated,yes,candidate_estimated,메가개굴닌자sr 1개 남음: 0.7
5c233799b6ed943a4b8493ed,pokemoncardgame,포켓몬 카드게임,2026-05,2026-05-20T20:51:58+09:00,known,c0f6809498c35ac66e3fa455,5c233799b6ed943a4b8493ed,113502,https://m.dcinside.com/board/pokemoncardgame/113502,각종 고레어 및 덱소스 판매,seller-345ef65ce4729e56f6c113dd,창조신,registered,초에너지sr,초에너지sr,초에너지sr,,,unknown,미분류,1,0.6,6000,estimated,per_card,text,unknown,,active,needs_review,needs_review,"가격 단위 추정, 배송비 포함 여부 미확정",estimated,yes,candidate_estimated,초에너지sr: 0.6
5d0f5f1fe8608d7cd3d5af3a,pokemoncardgame,포켓몬 카드게임,2026-05,2026-05-20T20:51:58+09:00,known,a126a96e17d7ed0222f124fd,5d0f5f1fe8608d7cd3d5af3a,113502,https://m.dcinside.com/board/pokemoncardgame/113502,각종 고레어 및 덱소스 판매,seller-345ef65ce4729e56f6c113dd,창조신,registered,이외,이외,이외,,,unknown,미분류,1,0.1,1000,estimated,per_card,text,unknown,,active,needs_review,needs_review,"가격 단위 추정, 배송비 포함 여부 미확정",estimated,yes,candidate_estimated,이외: 0.1
5d73ad21e30eb9706f7da2d5,pokemoncardgame,포켓몬 카드게임,2026-05,2026-05-20T20:51:58+09:00,known,c0f6809498c35ac66e3fa455,5d73ad21e30eb9706f7da2d5,113502,https://m.dcinside.com/board/pokemoncardgame/113502,각종 고레어 및 덱소스 판매,seller-345ef65ce4729e56f6c113dd,창조신,registered,이외,이외,이외,,,unknown,미분류,1,0.07,700,estimated,per_card,text,unknown,,active,needs_review,needs_review,"가격 단위 추정, 배송비 포함 여부 미확정",estimated,yes,candidate_estimated,이외: 0.07
5f45ac6035fe09f57e214c6b,pokemoncardgame,포켓몬 카드게임,2026-05,2026-05-20T20:51:58+09:00,known,a126a96e17d7ed0222f124fd,5f45ac6035fe09f57e214c6b,113502,https://m.dcinside.com/board/pokemoncardgame/113502,각종 고레어 및 덱소스 판매,seller-345ef65ce4729e56f6c113dd,창조신,registered,이외,이외,이외,,,unknown,미분류,1,0.07,700,estimated,per_card,text,unknown,,active,needs_review,needs_review,"가격 단위 추정, 배송비 포함 여부 미확정",estimated,yes,candidate_estimated,이외: 0.07
67b3f0f6f61bbd6eefca90f4,pokemoncardgame,포켓몬 카드게임,2026-05,2026-05-20T20:51:58+09:00,known,c0f6809498c35ac66e3fa455,67b3f0f6f61bbd6eefca90f4,113502,https://m.dcinside.com/board/pokemoncardgame/113502,각종 고레어 및 덱소스 판매,seller-345ef65ce4729e56f6c113dd,창조신,registered,이외,이외,이외,,,unknown,미분류,1,0.1,1000,estimated,per_card,text,unknown,,active,needs_review,needs_review,"가격 단위 추정, 배송비 포함 여부 미확정",estimated,yes,candidate_estimated,이외: 0.1
70b273a064b02048a090c945,pokemoncardgame,포켓몬 카드게임,2026-05,2026-05-20T20:51:58+09:00,known,c0f6809498c35ac66e3fa455,70b273a064b02048a090c945,113502,https://m.dcinside.com/board/pokemoncardgame/113502,각종 고레어 및 덱소스 판매,seller-345ef65ce4729e56f6c113dd,창조신,registered,로켓단의뮤츠sr,로켓단의뮤츠sr,로켓단의뮤츠sr,,,unknown,미분류,1,0.8,8000,estimated,per_card,text,unknown,,active,needs_review,needs_review,"가격 단위 추정, 배송비 포함 여부 미확정",estimated,yes,candidate_estimated,로켓단의뮤츠sr: 0.8
72b5184c7108483c7f1d4551,pokemoncardgame,포켓몬 카드게임,2026-05,2026-05-20T20:51:58+09:00,known,c0f6809498c35ac66e3fa455,72b5184c7108483c7f1d4551,113502,https://m.dcinside.com/board/pokemoncardgame/113502,각종 고레어 및 덱소스 판매,seller-345ef65ce4729e56f6c113dd,창조신,registered,릴리에의결심sr,릴리에의결심sr,릴리에의결심sr,,,unknown,미분류,1,2.0,20000,estimated,per_card,text,unknown,,active,needs_review,needs_review,"가격 단위 추정, 배송비 포함 여부 미확정",estimated,yes,candidate_estimated,릴리에의결심sr: 2.0
79da6258cd788c2e334f8b93,pokemoncardgame,포켓몬 카드게임,2026-05,2026-05-20T20:51:58+09:00,known,a126a96e17d7ed0222f124fd,79da6258cd788c2e334f8b93,113502,https://m.dcinside.com/board/pokemoncardgame/113502,각종 고레어 및 덱소스 판매,seller-345ef65ce4729e56f6c113dd,창조신,registered,var safe = window.dcAd && window.dcAd.safe ==,var safe = window.dcAd && window.dcAd.safe ==,var safe = (window.dcAd && window.dcAd.safe ==,,,unknown,미분류,1,1,10000,estimated,bundle,text,unknown,,active,needs_review,needs_review,"가격 단위 추정, 복수 카드 가격, 배송비 포함 여부 미확정, 묶음·세트 총액 · 개별 카드 가격 아님",estimated,no,no,var safe = (window.dcAd && window.dcAd.safe == 1)
7c2ac0023659fc815ef36ece,pokemoncardgame,포켓몬 카드게임,2026-05,2026-05-20T20:51:58+09:00,known,c0f6809498c35ac66e3fa455,7c2ac0023659fc815ef36ece,113502,https://m.dcinside.com/board/pokemoncardgame/113502,각종 고레어 및 덱소스 판매,seller-345ef65ce4729e56f6c113dd,창조신,registered,카지sr,카지sr,카지sr,,,unknown,미분류,1,0.3,3000,estimated,per_card,text,unknown,,active,needs_review,needs_review,"가격 단위 추정, 배송비 포함 여부 미확정",estimated,yes,candidate_estimated,카지sr: 0.3
8704926bb655b22ba1fcf83a,pokemoncardgame,포켓몬 카드게임,2026-05,2026-05-20T20:51:58+09:00,known,c0f6809498c35ac66e3fa455,8704926bb655b22ba1fcf83a,113502,https://m.dcinside.com/board/pokemoncardgame/113502,각종 고레어 및 덱소스 판매,seller-345ef65ce4729e56f6c113dd,창조신,registered,스파이크에너지ur,스파이크에너지ur,스파이크에너지ur,,,unknown,미분류,1,0.5,5000,estimated,per_card,text,unknown,,active,needs_review,needs_review,"가격 단위 추정, 배송비 포함 여부 미확정",estimated,yes,candidate_estimated,스파이크에너지ur: 0.5
87083ccc2cefdb85460bad97,pokemoncardgame,포켓몬 카드게임,2026-05,2026-05-20T20:51:58+09:00,known,c0f6809498c35ac66e3fa455,87083ccc2cefdb85460bad97,113502,https://m.dcinside.com/board/pokemoncardgame/113502,각종 고레어 및 덱소스 판매,seller-345ef65ce4729e56f6c113dd,창조신,registered,메가개굴닌자sr 남음,메가개굴닌자sr 남음,메가개굴닌자sr 1개 남음,,,unknown,미분류,1,0.7,7000,estimated,per_card,text,unknown,,active,needs_review,needs_review,"가격 단위 추정, 배송비 포함 여부 미확정",estimated,yes,candidate_estimated,메가개굴닌자sr 1개 남음: 0.7
8a308626e5752380c5225f9e,pokemoncardgame,포켓몬 카드게임,2026-05,2026-05-20T20:51:58+09:00,known,c0f6809498c35ac66e3fa455,8a308626e5752380c5225f9e,113502,https://m.dcinside.com/board/pokemoncardgame/113502,각종 고레어 및 덱소스 판매,seller-345ef65ce4729e56f6c113dd,창조신,registered,박사의연구sr,박사의연구sr,박사의연구sr,,,unknown,미분류,1,0.2,2000,estimated,per_card,text,unknown,,active,needs_review,needs_review,"가격 단위 추정, 배송비 포함 여부 미확정",estimated,yes,candidate_estimated,박사의연구sr: 0.2
900391acd3bdafa124d2c3bf,pokemoncardgame,포켓몬 카드게임,2026-05,2026-05-20T20:51:58+09:00,known,c0f6809498c35ac66e3fa455,900391acd3bdafa124d2c3bf,113502,https://m.dcinside.com/board/pokemoncardgame/113502,각종 고레어 및 덱소스 판매,seller-345ef65ce4729e56f6c113dd,창조신,registered,눈여아ar,눈여아ar,눈여아ar,,,unknown,미분류,1,0.1,1000,estimated,per_card,text,unknown,,active,needs_review,needs_review,"가격 단위 추정, 배송비 포함 여부 미확정",estimated,yes,candidate_estimated,눈여아ar: 0.1
9582e6f35be6d38912f8a937,pokemoncardgame,포켓몬 카드게임,2026-05,2026-05-20T20:51:58+09:00,known,a126a96e17d7ed0222f124fd,9582e6f35be6d38912f8a937,113502,https://m.dcinside.com/board/pokemoncardgame/113502,각종 고레어 및 덱소스 판매,seller-345ef65ce4729e56f6c113dd,창조신,registered,loadScript ' t,loadScript ' t,loadScript('//t,,,unknown,미분류,1,1,10000,estimated,bundle,text,unknown,,active,needs_review,needs_review,"가격 단위 추정, 복수 카드 가격, 배송비 포함 여부 미확정, 묶음·세트 총액 · 개별 카드 가격 아님",estimated,no,no,"loadScript('//t1.kakaocdn.net/kas/static/ba.min.js', true);"
9705fcb9939e9cec4cf84e28,pokemoncardgame,포켓몬 카드게임,2026-05,2026-05-20T20:51:58+09:00,known,c0f6809498c35ac66e3fa455,9705fcb9939e9cec4cf84e28,113502,https://m.dcinside.com/board/pokemoncardgame/113502,각종 고레어 및 덱소스 판매,seller-345ef65ce4729e56f6c113dd,창조신,registered,시유,시유,시유,,,unknown,미분류,1,0.1,1000,estimated,per_card,text,unknown,,active,needs_review,needs_review,"가격 단위 추정, 배송비 포함 여부 미확정",estimated,yes,candidate_estimated,시유: 0.1
9804979dd0dfba738c61e4ce,pokemoncardgame,포켓몬 카드게임,2026-05,2026-05-20T20:51:58+09:00,known,a126a96e17d7ed0222f124fd,9804979dd0dfba738c61e4ce,113502,https://m.dcinside.com/board/pokemoncardgame/113502,각종 고레어 및 덱소스 판매,seller-345ef65ce4729e56f6c113dd,창조신,registered,하솔,하솔,하솔,,,unknown,미분류,1,0.3,3000,estimated,per_card,text,unknown,,active,needs_review,needs_review,"가격 단위 추정, 배송비 포함 여부 미확정",estimated,yes,candidate_estimated,하솔: 0.3
9c84354c295b9b5748dd5e58,pokemoncardgame,포켓몬 카드게임,2026-05,2026-05-20T20:51:58+09:00,known,a126a96e17d7ed0222f124fd,9c84354c295b9b5748dd5e58,113502,https://m.dcinside.com/board/pokemoncardgame/113502,각종 고레어 및 덱소스 판매,seller-345ef65ce4729e56f6c113dd,창조신,registered,하솔sar,하솔sar,하솔sar,,,unknown,미분류,1,1.3,13000,estimated,per_card,text,unknown,,active,needs_review,needs_review,"가격 단위 추정, 배송비 포함 여부 미확정",estimated,yes,candidate_estimated,하솔sar: 1.3
a18012d8e29eee092cf23ebf,pokemoncardgame,포켓몬 카드게임,2026-05,2026-05-20T20:51:58+09:00,known,c0f6809498c35ac66e3fa455,a18012d8e29eee092cf23ebf,113502,https://m.dcinside.com/board/pokemoncardgame/113502,각종 고레어 및 덱소스 판매,seller-345ef65ce4729e56f6c113dd,창조신,registered,보스의지령,보스의지령,보스의지령,,,unknown,미분류,1,0.1,1000,estimated,per_card,text,unknown,,active,needs_review,needs_review,"가격 단위 추정, 배송비 포함 여부 미확정",estimated,yes,candidate_estimated,보스의지령: 0.1
a1d8a6a9bf1b78b81f2e1942,pokemoncardgame,포켓몬 카드게임,2026-05,2026-05-20T20:51:58+09:00,known,c0f6809498c35ac66e3fa455,a1d8a6a9bf1b78b81f2e1942,113502,https://m.dcinside.com/board/pokemoncardgame/113502,각종 고레어 및 덱소스 판매,seller-345ef65ce4729e56f6c113dd,창조신,registered,하솔sar,하솔sar,하솔sar,,,unknown,미분류,1,1.3,13000,estimated,per_card,text,unknown,,active,needs_review,needs_review,"가격 단위 추정, 배송비 포함 여부 미확정",estimated,yes,candidate_estimated,하솔sar: 1.3
a2097d181eb0d52f8d3deac8,pokemoncardgame,포켓몬 카드게임,2026-05,2026-05-20T20:51:58+09:00,known,a126a96e17d7ed0222f124fd,a2097d181eb0d52f8d3deac8,113502,https://m.dcinside.com/board/pokemoncardgame/113502,각종 고레어 및 덱소스 판매,seller-345ef65ce4729e56f6c113dd,창조신,registered,릴리에의결심sr,릴리에의결심sr,릴리에의결심sr,,,unknown,미분류,1,2.0,20000,estimated,per_card,text,unknown,,active,needs_review,needs_review,"가격 단위 추정, 배송비 포함 여부 미확정",estimated,yes,candidate_estimated,릴리에의결심sr: 2.0
a3e70bbe7f19e3ed98852497,pokemoncardgame,포켓몬 카드게임,2026-05,2026-05-20T20:51:58+09:00,known,a126a96e17d7ed0222f124fd,a3e70bbe7f19e3ed98852497,113502,https://m.dcinside.com/board/pokemoncardgame/113502,각종 고레어 및 덱소스 판매,seller-345ef65ce4729e56f6c113dd,창조신,registered,시유,시유,시유,,,unknown,미분류,1,0.1,1000,estimated,per_card,text,unknown,,active,needs_review,needs_review,"가격 단위 추정, 배송비 포함 여부 미확정",estimated,yes,candidate_estimated,시유: 0.1
ace3fc483144d88020aa07f7,pokemoncardgame,포켓몬 카드게임,2026-05,2026-05-20T20:51:58+09:00,known,a126a96e17d7ed0222f124fd,ace3fc483144d88020aa07f7,113502,https://m.dcinside.com/board/pokemoncardgame/113502,각종 고레어 및 덱소스 판매,seller-345ef65ce4729e56f6c113dd,창조신,registered,이외 sr,이외 sr,이외 sr,,,unknown,미분류,1,0.1,1000,estimated,per_card,text,unknown,,active,needs_review,needs_review,"가격 단위 추정, 배송비 포함 여부 미확정",estimated,yes,candidate_estimated,이외 sr: 0.1
adeea569393a70581896bce5,pokemoncardgame,포켓몬 카드게임,2026-05,2026-05-20T20:51:58+09:00,known,c0f6809498c35ac66e3fa455,adeea569393a70581896bce5,113502,https://m.dcinside.com/board/pokemoncardgame/113502,각종 고레어 및 덱소스 판매,seller-345ef65ce4729e56f6c113dd,창조신,registered,var safe = window.dcAd && window.dcAd.safe ==,var safe = window.dcAd && window.dcAd.safe ==,var safe = (window.dcAd && window.dcAd.safe ==,,,unknown,미분류,1,1,10000,estimated,bundle,text,unknown,,active,needs_review,needs_review,"가격 단위 추정, 복수 카드 가격, 배송비 포함 여부 미확정, 묶음·세트 총액 · 개별 카드 가격 아님",estimated,no,no,var safe = (window.dcAd && window.dcAd.safe == 1)
afe7baff4e3b88d3f51090bb,pokemoncardgame,포켓몬 카드게임,2026-05,2026-05-20T20:51:58+09:00,known,c0f6809498c35ac66e3fa455,afe7baff4e3b88d3f51090bb,113502,https://m.dcinside.com/board/pokemoncardgame/113502,각종 고레어 및 덱소스 판매,seller-345ef65ce4729e56f6c113dd,창조신,registered,loadScript ' t,loadScript ' t,loadScript('//t,,,unknown,미분류,1,1,10000,estimated,bundle,text,unknown,,active,needs_review,needs_review,"가격 단위 추정, 복수 카드 가격, 배송비 포함 여부 미확정, 묶음·세트 총액 · 개별 카드 가격 아님",estimated,no,no,"loadScript('//t1.kakaocdn.net/kas/static/ba.min.js', true);"
b39079c26ac27aa7fd38626b,pokemoncardgame,포켓몬 카드게임,2026-05,2026-05-20T20:51:58+09:00,known,c0f6809498c35ac66e3fa455,b39079c26ac27aa7fd38626b,113502,https://m.dcinside.com/board/pokemoncardgame/113502,각종 고레어 및 덱소스 판매,seller-345ef65ce4729e56f6c113dd,창조신,registered,메가이상해꽃sr,메가이상해꽃sr,메가이상해꽃sr,,,unknown,미분류,1,0.3,3000,estimated,per_card,text,unknown,,active,needs_review,needs_review,"가격 단위 추정, 배송비 포함 여부 미확정",estimated,yes,candidate_estimated,메가이상해꽃sr: 0.3
c2a9a699895553b6b16c3d39,pokemoncardgame,포켓몬 카드게임,2026-05,2026-05-20T20:51:58+09:00,known,a126a96e17d7ed0222f124fd,c2a9a699895553b6b16c3d39,113502,https://m.dcinside.com/board/pokemoncardgame/113502,각종 고레어 및 덱소스 판매,seller-345ef65ce4729e56f6c113dd,창조신,registered,로켓단의뮤츠sr,로켓단의뮤츠sr,로켓단의뮤츠sr,,,unknown,미분류,1,0.8,8000,estimated,per_card,text,unknown,,active,needs_review,needs_review,"가격 단위 추정, 배송비 포함 여부 미확정",estimated,yes,candidate_estimated,로켓단의뮤츠sr: 0.8
cf4267a30beb505f3fb46798,pokemoncardgame,포켓몬 카드게임,2026-05,2026-05-20T20:51:58+09:00,known,a126a96e17d7ed0222f124fd,cf4267a30beb505f3fb46798,113502,https://m.dcinside.com/board/pokemoncardgame/113502,각종 고레어 및 덱소스 판매,seller-345ef65ce4729e56f6c113dd,창조신,registered,이외 rr,이외 rr,이외 rr,,,unknown,미분류,1,0.1,1000,estimated,per_card,text,unknown,,active,needs_review,needs_review,"가격 단위 추정, 배송비 포함 여부 미확정",estimated,yes,candidate_estimated,이외 rr: 0.1
cfe293455ed333b49b80e514,pokemoncardgame,포켓몬 카드게임,2026-05,2026-05-20T20:51:58+09:00,known,c0f6809498c35ac66e3fa455,cfe293455ed333b49b80e514,113502,https://m.dcinside.com/board/pokemoncardgame/113502,각종 고레어 및 덱소스 판매,seller-345ef65ce4729e56f6c113dd,창조신,registered,메가아쿠스타rr,메가아쿠스타rr,메가아쿠스타rr,,,unknown,미분류,1,0.1,1000,estimated,per_card,text,unknown,,active,needs_review,needs_review,"가격 단위 추정, 배송비 포함 여부 미확정",estimated,yes,candidate_estimated,메가아쿠스타rr: 0.1
d4a8c4cb0f9b9a78a897c5ec,pokemoncardgame,포켓몬 카드게임,2026-05,2026-05-20T20:51:58+09:00,known,a126a96e17d7ed0222f124fd,d4a8c4cb0f9b9a78a897c5ec,113502,https://m.dcinside.com/board/pokemoncardgame/113502,각종 고레어 및 덱소스 판매,seller-345ef65ce4729e56f6c113dd,창조신,registered,눈여아ar,눈여아ar,눈여아ar,,,unknown,미분류,1,0.1,1000,estimated,per_card,text,unknown,,active,needs_review,needs_review,"가격 단위 추정, 배송비 포함 여부 미확정",estimated,yes,candidate_estimated,눈여아ar: 0.1
d4d643de1cb3fa6fa52021a5,pokemoncardgame,포켓몬 카드게임,2026-05,2026-05-20T20:51:58+09:00,known,a126a96e17d7ed0222f124fd,d4d643de1cb3fa6fa52021a5,113502,https://m.dcinside.com/board/pokemoncardgame/113502,각종 고레어 및 덱소스 판매,seller-345ef65ce4729e56f6c113dd,창조신,registered,카지sr,카지sr,카지sr,,,unknown,미분류,1,0.3,3000,estimated,per_card,text,unknown,,active,needs_review,needs_review,"가격 단위 추정, 배송비 포함 여부 미확정",estimated,yes,candidate_estimated,카지sr: 0.3
e09465b4afd7ffc7a3de9e34,pokemoncardgame,포켓몬 카드게임,2026-05,2026-05-20T20:51:58+09:00,known,a126a96e17d7ed0222f124fd,e09465b4afd7ffc7a3de9e34,113502,https://m.dcinside.com/board/pokemoncardgame/113502,각종 고레어 및 덱소스 판매,seller-345ef65ce4729e56f6c113dd,창조신,registered,시유sr,시유sr,시유sr,,,unknown,미분류,1,0.7,7000,estimated,per_card,text,unknown,,active,needs_review,needs_review,"가격 단위 추정, 배송비 포함 여부 미확정",estimated,yes,candidate_estimated,시유sr: 0.7
e2b5d3e9fe84681610d92390,pokemoncardgame,포켓몬 카드게임,2026-05,2026-05-20T20:51:58+09:00,known,a126a96e17d7ed0222f124fd,e2b5d3e9fe84681610d92390,113502,https://m.dcinside.com/board/pokemoncardgame/113502,각종 고레어 및 덱소스 판매,seller-345ef65ce4729e56f6c113dd,창조신,registered,메가개굴닌자rr,메가개굴닌자rr,메가개굴닌자rr,,,unknown,미분류,1,0.3,3000,estimated,per_card,text,unknown,,active,needs_review,needs_review,"가격 단위 추정, 배송비 포함 여부 미확정",estimated,yes,candidate_estimated,메가개굴닌자rr: 0.3
e33adeb2f4f1f86b7980aabe,pokemoncardgame,포켓몬 카드게임,2026-05,2026-05-20T20:51:58+09:00,known,c0f6809498c35ac66e3fa455,e33adeb2f4f1f86b7980aabe,113502,https://m.dcinside.com/board/pokemoncardgame/113502,각종 고레어 및 덱소스 판매,seller-345ef65ce4729e56f6c113dd,창조신,registered,드래펄트rr,드래펄트rr,드래펄트rr,,,unknown,미분류,1,0.15,1500,estimated,per_card,text,unknown,,active,needs_review,needs_review,"가격 단위 추정, 배송비 포함 여부 미확정",estimated,yes,candidate_estimated,드래펄트rr: 0.15
e3b837f376c3c00c7b050a02,pokemoncardgame,포켓몬 카드게임,2026-05,2026-05-20T20:51:58+09:00,known,a126a96e17d7ed0222f124fd,e3b837f376c3c00c7b050a02,113502,https://m.dcinside.com/board/pokemoncardgame/113502,각종 고레어 및 덱소스 판매,seller-345ef65ce4729e56f6c113dd,창조신,registered,loadScript 'https pagead,loadScript 'https pagead,loadScript('https://pagead,,,unknown,미분류,1,2,20000,estimated,bundle,text,unknown,,active,needs_review,needs_review,"가격 단위 추정, 복수 카드 가격, 배송비 포함 여부 미확정, 묶음·세트 총액 · 개별 카드 가격 아님",estimated,no,no,"loadScript('https://pagead2.googlesyndication.com/pagead/js/adsbygoogle_direct.js?client=ca-pub-8171468792791627', true, 'anonymous');"
e6acc81d549942cc2afd83b3,pokemoncardgame,포켓몬 카드게임,2026-05,2026-05-20T20:51:58+09:00,known,c0f6809498c35ac66e3fa455,e6acc81d549942cc2afd83b3,113502,https://m.dcinside.com/board/pokemoncardgame/113502,각종 고레어 및 덱소스 판매,seller-345ef65ce4729e56f6c113dd,창조신,registered,로켓단의람다,로켓단의람다,로켓단의람다,,,unknown,미분류,1,0.4,4000,estimated,per_card,text,unknown,,active,needs_review,needs_review,"가격 단위 추정, 배송비 포함 여부 미확정",estimated,yes,candidate_estimated,로켓단의람다: 0.4
e77db77b3b500ad78fd54d66,pokemoncardgame,포켓몬 카드게임,2026-05,2026-05-20T20:51:58+09:00,known,c0f6809498c35ac66e3fa455,e77db77b3b500ad78fd54d66,113502,https://m.dcinside.com/board/pokemoncardgame/113502,각종 고레어 및 덱소스 판매,seller-345ef65ce4729e56f6c113dd,창조신,registered,메가개굴닌자rr,메가개굴닌자rr,메가개굴닌자rr,,,unknown,미분류,1,0.3,3000,estimated,per_card,text,unknown,,active,needs_review,needs_review,"가격 단위 추정, 배송비 포함 여부 미확정",estimated,yes,candidate_estimated,메가개굴닌자rr: 0.3
e7dd73a5e7c29a476d2ef3f7,pokemoncardgame,포켓몬 카드게임,2026-05,2026-05-20T20:51:58+09:00,known,c0f6809498c35ac66e3fa455,e7dd73a5e7c29a476d2ef3f7,113502,https://m.dcinside.com/board/pokemoncardgame/113502,각종 고레어 및 덱소스 판매,seller-345ef65ce4729e56f6c113dd,창조신,registered,이외,이외,이외,,,unknown,미분류,1,0.7,7000,estimated,per_card,text,unknown,,active,needs_review,needs_review,"가격 단위 추정, 배송비 포함 여부 미확정",estimated,yes,candidate_estimated,이외: 0.7
f9ea7380c86b7dc2d7f5e666,pokemoncardgame,포켓몬 카드게임,2026-05,2026-05-20T20:51:58+09:00,known,a126a96e17d7ed0222f124fd,f9ea7380c86b7dc2d7f5e666,113502,https://m.dcinside.com/board/pokemoncardgame/113502,각종 고레어 및 덱소스 판매,seller-345ef65ce4729e56f6c113dd,창조신,registered,이외,이외,이외,,,unknown,미분류,1,0.7,7000,estimated,per_card,text,unknown,,active,needs_review,needs_review,"가격 단위 추정, 배송비 포함 여부 미확정",estimated,yes,candidate_estimated,이외: 0.7
1142b7778759412fa7eab77e,pokemoncardgame,포켓몬 카드게임,2026-05,2026-05-21T22:44:58+09:00,known,b3e9ee794c26f6ccc1e71d63,1142b7778759412fa7eab77e,113618,https://m.dcinside.com/board/pokemoncardgame/113618,금 용산or역삼 직으로 구해봅니다,seller-51447db26eeb90b0124d315b,포갤러,registered,,장당,장당,,,unknown,미분류,1,0.1,1000,estimated,per_card,text,unknown,,active,needs_review,needs_review,"가격 단위 추정, 배송비 포함 여부 미확정",estimated,yes,candidate_estimated,장당 0.1
45da7f3bf12d93dabd43e842,pokemoncardgame,포켓몬 카드게임,2026-05,2026-05-21T22:44:58+09:00,known,2905bf7546fe70c69cdc2723,45da7f3bf12d93dabd43e842,113618,https://m.dcinside.com/board/pokemoncardgame/113618,금 용산or역삼 직으로 구해봅니다,seller-51447db26eeb90b0124d315b,포갤러,registered,,장당,장당,,,unknown,미분류,1,0.1,1000,estimated,per_card,text,unknown,,active,needs_review,needs_review,"가격 단위 추정, 배송비 포함 여부 미확정",estimated,yes,candidate_estimated,장당 0.1
63ca2ee84be514ba3a523482,pokemoncardgame,포켓몬 카드게임,2026-05,2026-05-21T22:44:58+09:00,known,2905bf7546fe70c69cdc2723,63ca2ee84be514ba3a523482,113618,https://m.dcinside.com/board/pokemoncardgame/113618,금 용산or역삼 직으로 구해봅니다,seller-51447db26eeb90b0124d315b,포갤러,registered,람다,람다,람다,,,unknown,미분류,1,0.3,3000,estimated,per_card,text,unknown,,active,needs_review,needs_review,"가격 단위 추정, 배송비 포함 여부 미확정",estimated,yes,candidate_estimated,람다 1장 0.3 에 구해봅니다
8c30ec2a5f5c9d0a4cb30c76,pokemoncardgame,포켓몬 카드게임,2026-05,2026-05-21T22:44:58+09:00,known,b3e9ee794c26f6ccc1e71d63,8c30ec2a5f5c9d0a4cb30c76,113618,https://m.dcinside.com/board/pokemoncardgame/113618,금 용산or역삼 직으로 구해봅니다,seller-51447db26eeb90b0124d315b,포갤러,registered,람다,람다,람다,,,unknown,미분류,1,0.3,3000,estimated,per_card,text,unknown,,active,needs_review,needs_review,"가격 단위 추정, 배송비 포함 여부 미확정",estimated,yes,candidate_estimated,람다 1장 0.3 에 구해봅니다
9fbf2707447e46326057c5c7,pokemoncardgame,포켓몬 카드게임,2026-05,2026-05-22T00:54:18+09:00,known,c09b42a1301198642bd72b76,9fbf2707447e46326057c5c7,113637,https://m.dcinside.com/board/pokemoncardgame/113637,테라스탈 바렛 완덱 구해봅니다,seller-66fdb18eb9688721edbf2086,토와스키,registered,3nej-7PWn-9hUx-nif,3nej-7PWn-9hUx-nif,3nej-7PWn-9hUx-nif,,,unknown,미분류,1,5,50000,estimated,per_card,text,unknown,,active,needs_review,needs_review,"가격 단위 추정, 배송비 포함 여부 미확정",estimated,yes,candidate_estimated,3nej-7PWn-9hUx-nif5
b745c2cf8d893fd04f0ea4f3,pokemoncardgame,포켓몬 카드게임,2026-05,2026-05-22T00:54:18+09:00,known,24029bd2561ad78e5d9feff3,b745c2cf8d893fd04f0ea4f3,113637,https://m.dcinside.com/board/pokemoncardgame/113637,테라스탈 바렛 완덱 구해봅니다,seller-66fdb18eb9688721edbf2086,토와스키,registered,3nej-7PWn-9hUx-nif,3nej-7PWn-9hUx-nif,3nej-7PWn-9hUx-nif,,,unknown,미분류,1,5,50000,estimated,per_card,text,unknown,,active,needs_review,needs_review,"가격 단위 추정, 배송비 포함 여부 미확정",estimated,yes,candidate_estimated,3nej-7PWn-9hUx-nif5
11db48df70ad3a3a64768b39,pokemoncardgame,포켓몬 카드게임,2026-05,2026-05-22T00:55:27+09:00,known,1f5219ab72019012089e933f,11db48df70ad3a3a64768b39,113639,https://m.dcinside.com/board/pokemoncardgame/113639,덱소스 여러개 팜,seller-1f71cd1062afbddfdbe8eb48,ㅇㅇ,guest,잡 acespec 50여장,잡 acespec 50여장,잡 acespec 50여장,,,unknown,미분류,1,10000,10000,exact,per_card,text,unknown,,active,needs_review,needs_review,배송비 포함 여부 미확정,exact,yes,candidate_estimated,잡 acespec 50여장 -10000원
56bdc2b99ea58c4c6c3d29c2,pokemoncardgame,포켓몬 카드게임,2026-05,2026-05-22T00:55:27+09:00,known,1f5219ab72019012089e933f,56bdc2b99ea58c4c6c3d29c2,113639,https://m.dcinside.com/board/pokemoncardgame/113639,덱소스 여러개 팜,seller-1f71cd1062afbddfdbe8eb48,ㅇㅇ,guest,sv2a ur초에너지,sv2a ur초에너지,sv2a ur초에너지,,,unknown,미분류,1,7000,7000,exact,per_card,text,unknown,,active,needs_review,needs_review,배송비 포함 여부 미확정,exact,yes,candidate_estimated,sv2a ur초에너지-7000원
dc315364a32f22738f41974e,pokemoncardgame,포켓몬 카드게임,2026-05,2026-05-22T00:55:27+09:00,known,3b61c0ae3480097b862725f6,dc315364a32f22738f41974e,113639,https://m.dcinside.com/board/pokemoncardgame/113639,덱소스 여러개 팜,seller-280e8eed67a4dfb2015183df,ㅇㅇ,guest,잡 acespec 50여장,잡 acespec 50여장,잡 acespec 50여장,,,unknown,미분류,1,10000,10000,exact,per_card,text,unknown,,active,needs_review,needs_review,배송비 포함 여부 미확정,exact,yes,candidate_estimated,잡 acespec 50여장 -10000원
df94f16beeac0f635e33d16a,pokemoncardgame,포켓몬 카드게임,2026-05,2026-05-22T00:55:27+09:00,known,3b61c0ae3480097b862725f6,df94f16beeac0f635e33d16a,113639,https://m.dcinside.com/board/pokemoncardgame/113639,덱소스 여러개 팜,seller-280e8eed67a4dfb2015183df,ㅇㅇ,guest,sv2a ur초에너지,sv2a ur초에너지,sv2a ur초에너지,,,unknown,미분류,1,7000,7000,exact,per_card,text,unknown,,active,needs_review,needs_review,배송비 포함 여부 미확정,exact,yes,candidate_estimated,sv2a ur초에너지-7000원
013586b3a5f6d4f29e5b52db,pokemoncardgame,포켓몬 카드게임,2026-05,2026-05-22T14:23:18+09:00,known,ddbfb323e8770c05c6d71253,013586b3a5f6d4f29e5b52db,113694,https://m.dcinside.com/board/pokemoncardgame/113694,잡다한 카드 및 금칠용 카드 몇장 팔아요,seller-ef0b1d20ab971a9795ba2e22,Darknes..,registered,에너지 회수 SR,에너지 회수 SR,에너지 회수 SR 장당,,,unknown,미분류,1,0.2,2000,estimated,per_card,text,unknown,,active,needs_review,needs_review,"가격 단위 추정, 배송비 포함 여부 미확정",estimated,yes,candidate_estimated,에너지 회수 SR 장당 0.2
015eed075b2aa444aeeebff9,pokemoncardgame,포켓몬 카드게임,2026-05,2026-05-22T14:23:18+09:00,known,c1c29136755cdbd6a5b87500,015eed075b2aa444aeeebff9,113694,https://m.dcinside.com/board/pokemoncardgame/113694,잡다한 카드 및 금칠용 카드 몇장 팔아요,seller-ef0b1d20ab971a9795ba2e22,Darknes..,registered,럭키멧 XY,럭키멧 XY,럭키멧 (XY) 장당,,,unknown,미분류,1,0.2,2000,estimated,per_card,text,unknown,,active,needs_review,needs_review,"가격 단위 추정, 배송비 포함 여부 미확정",estimated,yes,candidate_estimated,럭키멧 (XY) 장당 0.2
0237f809038fba9478e6851f,pokemoncardgame,포켓몬 카드게임,2026-05,2026-05-22T14:23:18+09:00,known,ddbfb323e8770c05c6d71253,0237f809038fba9478e6851f,113694,https://m.dcinside.com/board/pokemoncardgame/113694,잡다한 카드 및 금칠용 카드 몇장 팔아요,seller-ef0b1d20ab971a9795ba2e22,Darknes..,registered,저지맨 SR,저지맨 SR,저지맨 SR 장당,,,unknown,미분류,1,0.4,4000,estimated,per_card,text,unknown,,active,needs_review,needs_review,"가격 단위 추정, 배송비 포함 여부 미확정",estimated,yes,candidate_estimated,저지맨 SR 장당 0.4
066118f2a3be9f10b0a978f4,pokemoncardgame,포켓몬 카드게임,2026-05,2026-05-22T14:23:18+09:00,known,c1c29136755cdbd6a5b87500,066118f2a3be9f10b0a978f4,113694,https://m.dcinside.com/board/pokemoncardgame/113694,잡다한 카드 및 금칠용 카드 몇장 팔아요,seller-ef0b1d20ab971a9795ba2e22,Darknes..,registered,파워프로틴 미러 프로모,파워프로틴 미러 프로모,파워프로틴 (미러 프로모) 장당,,,unknown,미분류,1,0.1,1000,estimated,per_card,text,unknown,,active,needs_review,needs_review,"가격 단위 추정, 배송비 포함 여부 미확정",estimated,yes,candidate_estimated,파워프로틴 (미러 프로모) 장당 0.1
0efc712e9e632bf38320f982,pokemoncardgame,포켓몬 카드게임,2026-05,2026-05-22T14:23:18+09:00,known,c1c29136755cdbd6a5b87500,0efc712e9e632bf38320f982,113694,https://m.dcinside.com/board/pokemoncardgame/113694,잡다한 카드 및 금칠용 카드 몇장 팔아요,seller-ef0b1d20ab971a9795ba2e22,Darknes..,registered,에너지 회수 SR,에너지 회수 SR,에너지 회수 SR 장당,,,unknown,미분류,1,0.2,2000,estimated,per_card,text,unknown,,active,needs_review,needs_review,"가격 단위 추정, 배송비 포함 여부 미확정",estimated,yes,candidate_estimated,에너지 회수 SR 장당 0.2
2f72aa6966696a7510083932,pokemoncardgame,포켓몬 카드게임,2026-05,2026-05-22T14:23:18+09:00,known,c1c29136755cdbd6a5b87500,2f72aa6966696a7510083932,113694,https://m.dcinside.com/board/pokemoncardgame/113694,잡다한 카드 및 금칠용 카드 몇장 팔아요,seller-ef0b1d20ab971a9795ba2e22,Darknes..,registered,로켓단의 니로우 AR,로켓단의 니로우 AR,로켓단의 니로우 AR 장당,,,unknown,미분류,1,0.2,2000,estimated,per_card,text,unknown,,active,needs_review,needs_review,"가격 단위 추정, 배송비 포함 여부 미확정",estimated,yes,candidate_estimated,로켓단의 니로우 AR 장당 0.2
5bf4360af6af93edbbc1b293,pokemoncardgame,포켓몬 카드게임,2026-05,2026-05-22T14:23:18+09:00,known,c1c29136755cdbd6a5b87500,5bf4360af6af93edbbc1b293,113694,https://m.dcinside.com/board/pokemoncardgame/113694,잡다한 카드 및 금칠용 카드 몇장 팔아요,seller-ef0b1d20ab971a9795ba2e22,Darknes..,registered,릴리에의 결심 SR,릴리에의 결심 SR,릴리에의 결심 SR,,,unknown,미분류,1,2.0,20000,estimated,per_card,text,unknown,,active,needs_review,needs_review,"가격 단위 추정, 배송비 포함 여부 미확정",estimated,yes,candidate_estimated,릴리에의 결심 SR 2.0
6876d32616a5562fa1dfcc16,pokemoncardgame,포켓몬 카드게임,2026-05,2026-05-22T14:23:18+09:00,known,c1c29136755cdbd6a5b87500,6876d32616a5562fa1dfcc16,113694,https://m.dcinside.com/board/pokemoncardgame/113694,잡다한 카드 및 금칠용 카드 몇장 팔아요,seller-ef0b1d20ab971a9795ba2e22,Darknes..,registered,저지맨 SR,저지맨 SR,저지맨 SR 장당,,,unknown,미분류,1,0.4,4000,estimated,per_card,text,unknown,,active,needs_review,needs_review,"가격 단위 추정, 배송비 포함 여부 미확정",estimated,yes,candidate_estimated,저지맨 SR 장당 0.4
7f56d532d7a66498c4c431be,pokemoncardgame,포켓몬 카드게임,2026-05,2026-05-22T14:23:18+09:00,known,ddbfb323e8770c05c6d71253,7f56d532d7a66498c4c431be,113694,https://m.dcinside.com/board/pokemoncardgame/113694,잡다한 카드 및 금칠용 카드 몇장 팔아요,seller-ef0b1d20ab971a9795ba2e22,Darknes..,registered,럭키멧 XY,럭키멧 XY,럭키멧 (XY) 장당,,,unknown,미분류,1,0.2,2000,estimated,per_card,text,unknown,,active,needs_review,needs_review,"가격 단위 추정, 배송비 포함 여부 미확정",estimated,yes,candidate_estimated,럭키멧 (XY) 장당 0.2
8490fc4ea44b9bac2678e710,pokemoncardgame,포켓몬 카드게임,2026-05,2026-05-22T14:23:18+09:00,known,c1c29136755cdbd6a5b87500,8490fc4ea44b9bac2678e710,113694,https://m.dcinside.com/board/pokemoncardgame/113694,잡다한 카드 및 금칠용 카드 몇장 팔아요,seller-ef0b1d20ab971a9795ba2e22,Darknes..,registered,프레셔스캐리,프레셔스캐리,프레셔스캐리 장당,,,unknown,미분류,1,0.7,7000,estimated,per_card,text,unknown,,active,needs_review,needs_review,"가격 단위 추정, 배송비 포함 여부 미확정",estimated,yes,candidate_estimated,프레셔스캐리 장당 0.7
8f5b543ecd75f92674759d47,pokemoncardgame,포켓몬 카드게임,2026-05,2026-05-22T14:23:18+09:00,known,ddbfb323e8770c05c6d71253,8f5b543ecd75f92674759d47,113694,https://m.dcinside.com/board/pokemoncardgame/113694,잡다한 카드 및 금칠용 카드 몇장 팔아요,seller-ef0b1d20ab971a9795ba2e22,Darknes..,registered,프레셔스캐리,프레셔스캐리,프레셔스캐리 장당,,,unknown,미분류,1,0.7,7000,estimated,per_card,text,unknown,,active,needs_review,needs_review,"가격 단위 추정, 배송비 포함 여부 미확정",estimated,yes,candidate_estimated,프레셔스캐리 장당 0.7
95331aa5f7031a033003920c,pokemoncardgame,포켓몬 카드게임,2026-05,2026-05-22T14:23:18+09:00,known,ddbfb323e8770c05c6d71253,95331aa5f7031a033003920c,113694,https://m.dcinside.com/board/pokemoncardgame/113694,잡다한 카드 및 금칠용 카드 몇장 팔아요,seller-ef0b1d20ab971a9795ba2e22,Darknes..,registered,배틀 콜로세움,배틀 콜로세움,배틀 콜로세움 장당,,,unknown,미분류,1,0.2,2000,estimated,per_card,text,unknown,,active,needs_review,needs_review,"가격 단위 추정, 배송비 포함 여부 미확정",estimated,yes,candidate_estimated,배틀 콜로세움 장당 0.2
a61f88d1cb3ce20682458371,pokemoncardgame,포켓몬 카드게임,2026-05,2026-05-22T14:23:18+09:00,known,ddbfb323e8770c05c6d71253,a61f88d1cb3ce20682458371,113694,https://m.dcinside.com/board/pokemoncardgame/113694,잡다한 카드 및 금칠용 카드 몇장 팔아요,seller-ef0b1d20ab971a9795ba2e22,Darknes..,registered,파워프로틴 미러 프로모,파워프로틴 미러 프로모,파워프로틴 (미러 프로모) 장당,,,unknown,미분류,1,0.1,1000,estimated,per_card,text,unknown,,active,needs_review,needs_review,"가격 단위 추정, 배송비 포함 여부 미확정",estimated,yes,candidate_estimated,파워프로틴 (미러 프로모) 장당 0.1
addd5a135cc10a0fe481f5e4,pokemoncardgame,포켓몬 카드게임,2026-05,2026-05-22T14:23:18+09:00,known,c1c29136755cdbd6a5b87500,addd5a135cc10a0fe481f5e4,113694,https://m.dcinside.com/board/pokemoncardgame/113694,잡다한 카드 및 금칠용 카드 몇장 팔아요,seller-ef0b1d20ab971a9795ba2e22,Darknes..,registered,재밍타워 UR,재밍타워 UR,재밍타워 UR 장당,,,unknown,미분류,1,0.9,9000,estimated,per_card,text,unknown,,active,needs_review,needs_review,"가격 단위 추정, 배송비 포함 여부 미확정",estimated,yes,candidate_estimated,재밍타워 UR 장당 0.9
b70b5258123ebb64260d0472,pokemoncardgame,포켓몬 카드게임,2026-05,2026-05-22T14:23:18+09:00,known,ddbfb323e8770c05c6d71253,b70b5258123ebb64260d0472,113694,https://m.dcinside.com/board/pokemoncardgame/113694,잡다한 카드 및 금칠용 카드 몇장 팔아요,seller-ef0b1d20ab971a9795ba2e22,Darknes..,registered,포켓패드 SR,포켓패드 SR,포켓패드 SR 장당,,,unknown,미분류,1,0.4,4000,estimated,per_card,text,unknown,,active,needs_review,needs_review,"가격 단위 추정, 배송비 포함 여부 미확정",estimated,yes,candidate_estimated,포켓패드 SR 장당 0.4
bcefbf2c55e6f80b578708fe,pokemoncardgame,포켓몬 카드게임,2026-05,2026-05-22T14:23:18+09:00,known,c1c29136755cdbd6a5b87500,bcefbf2c55e6f80b578708fe,113694,https://m.dcinside.com/board/pokemoncardgame/113694,잡다한 카드 및 금칠용 카드 몇장 팔아요,seller-ef0b1d20ab971a9795ba2e22,Darknes..,registered,배틀 콜로세움,배틀 콜로세움,배틀 콜로세움 장당,,,unknown,미분류,1,0.2,2000,estimated,per_card,text,unknown,,active,needs_review,needs_review,"가격 단위 추정, 배송비 포함 여부 미확정",estimated,yes,candidate_estimated,배틀 콜로세움 장당 0.2
c043bdcdd1ab6f2ab13fddeb,pokemoncardgame,포켓몬 카드게임,2026-05,2026-05-22T14:23:18+09:00,known,ddbfb323e8770c05c6d71253,c043bdcdd1ab6f2ab13fddeb,113694,https://m.dcinside.com/board/pokemoncardgame/113694,잡다한 카드 및 금칠용 카드 몇장 팔아요,seller-ef0b1d20ab971a9795ba2e22,Darknes..,registered,재밍타워 UR,재밍타워 UR,재밍타워 UR 장당,,,unknown,미분류,1,0.9,9000,estimated,per_card,text,unknown,,active,needs_review,needs_review,"가격 단위 추정, 배송비 포함 여부 미확정",estimated,yes,candidate_estimated,재밍타워 UR 장당 0.9
d9388fe263756c55de8a8dcb,pokemoncardgame,포켓몬 카드게임,2026-05,2026-05-22T14:23:18+09:00,known,c1c29136755cdbd6a5b87500,d9388fe263756c55de8a8dcb,113694,https://m.dcinside.com/board/pokemoncardgame/113694,잡다한 카드 및 금칠용 카드 몇장 팔아요,seller-ef0b1d20ab971a9795ba2e22,Darknes..,registered,포켓패드 SR,포켓패드 SR,포켓패드 SR 장당,,,unknown,미분류,1,0.4,4000,estimated,per_card,text,unknown,,active,needs_review,needs_review,"가격 단위 추정, 배송비 포함 여부 미확정",estimated,yes,candidate_estimated,포켓패드 SR 장당 0.4
e1a5983abc152285509b9630,pokemoncardgame,포켓몬 카드게임,2026-05,2026-05-22T14:23:18+09:00,known,ddbfb323e8770c05c6d71253,e1a5983abc152285509b9630,113694,https://m.dcinside.com/board/pokemoncardgame/113694,잡다한 카드 및 금칠용 카드 몇장 팔아요,seller-ef0b1d20ab971a9795ba2e22,Darknes..,registered,릴리에의 결심 SR,릴리에의 결심 SR,릴리에의 결심 SR,,,unknown,미분류,1,2.0,20000,estimated,per_card,text,unknown,,active,needs_review,needs_review,"가격 단위 추정, 배송비 포함 여부 미확정",estimated,yes,candidate_estimated,릴리에의 결심 SR 2.0
e8394d5567467cabef72f2c5,pokemoncardgame,포켓몬 카드게임,2026-05,2026-05-22T14:23:18+09:00,known,ddbfb323e8770c05c6d71253,e8394d5567467cabef72f2c5,113694,https://m.dcinside.com/board/pokemoncardgame/113694,잡다한 카드 및 금칠용 카드 몇장 팔아요,seller-ef0b1d20ab971a9795ba2e22,Darknes..,registered,로켓단의 니로우 AR,로켓단의 니로우 AR,로켓단의 니로우 AR 장당,,,unknown,미분류,1,0.2,2000,estimated,per_card,text,unknown,,active,needs_review,needs_review,"가격 단위 추정, 배송비 포함 여부 미확정",estimated,yes,candidate_estimated,로켓단의 니로우 AR 장당 0.2
14e3159a4c90f1c768497c31,pokemoncardgame,포켓몬 카드게임,2026-05,2026-05-22T16:41:48+09:00,known,efac3c53b6685e4166e78afa,14e3159a4c90f1c768497c31,113709,https://m.dcinside.com/board/pokemoncardgame/113709,샤크니아 덱 팔아요 판오ㅑ,seller-333399c822032fb52c3a2256,화리수,guest,슬리브 포함,슬리브 포함,슬리브 포함,,,unknown,미분류,1,1.5,15000,estimated,per_card,text,unknown,,active,needs_review,needs_review,"가격 단위 추정, 배송비 포함 여부 미확정",estimated,yes,candidate_estimated,슬리브 포함 1.5에 팔아영
97133eb5df2c3b60bb6f65e6,pokemoncardgame,포켓몬 카드게임,2026-05,2026-05-22T16:41:48+09:00,known,71b3b8b64df9c7f14f27a47a,97133eb5df2c3b60bb6f65e6,113709,https://m.dcinside.com/board/pokemoncardgame/113709,샤크니아 덱 팔아요 판오ㅑ,seller-b6c80ee9f3aec198c8be6d72,화리수,guest,슬리브 포함,슬리브 포함,슬리브 포함,,,unknown,미분류,1,1.5,15000,estimated,per_card,text,unknown,,active,needs_review,needs_review,"가격 단위 추정, 배송비 포함 여부 미확정",estimated,yes,candidate_estimated,슬리브 포함 1.5에 팔아영
4e9a05680d970b3f00d01eb1,pokemoncardgame,포켓몬 카드게임,2026-05,2026-05-22T19:09:04+09:00,known,76b8af0663c634f2dc76453e,4e9a05680d970b3f00d01eb1,113739,https://m.dcinside.com/board/pokemoncardgame/113739,덱소스 여러가지 ㅍㅍ,seller-b645b605cf8905297d4e98cf,ㅇㅇ,guest,잡 acespec 50여장,잡 acespec 50여장,잡 acespec 50여장,,,unknown,미분류,1,10000,10000,exact,per_card,text,unknown,,active,needs_review,needs_review,배송비 포함 여부 미확정,exact,yes,candidate_estimated,잡 acespec 50여장 -10000원
5a468b2a2552bb5899baa1b5,pokemoncardgame,포켓몬 카드게임,2026-05,2026-05-22T19:09:04+09:00,known,822eb6de39a171fcf204c4b0,5a468b2a2552bb5899baa1b5,113739,https://m.dcinside.com/board/pokemoncardgame/113739,덱소스 여러가지 ㅍㅍ,seller-6fc7a77f4e4922740266275c,ㅇㅇ,guest,sv2a ur초에너지,sv2a ur초에너지,sv2a ur초에너지,,,unknown,미분류,1,7000,7000,exact,per_card,text,unknown,,active,needs_review,needs_review,배송비 포함 여부 미확정,exact,yes,candidate_estimated,sv2a ur초에너지-7000원
799441a40ec4a969e7770acc,pokemoncardgame,포켓몬 카드게임,2026-05,2026-05-22T19:09:04+09:00,known,822eb6de39a171fcf204c4b0,799441a40ec4a969e7770acc,113739,https://m.dcinside.com/board/pokemoncardgame/113739,덱소스 여러가지 ㅍㅍ,seller-6fc7a77f4e4922740266275c,ㅇㅇ,guest,잡 acespec 50여장,잡 acespec 50여장,잡 acespec 50여장,,,unknown,미분류,1,10000,10000,exact,per_card,text,unknown,,active,needs_review,needs_review,배송비 포함 여부 미확정,exact,yes,candidate_estimated,잡 acespec 50여장 -10000원
b6e0024e8dfc297f07e59e3c,pokemoncardgame,포켓몬 카드게임,2026-05,2026-05-22T19:09:04+09:00,known,76b8af0663c634f2dc76453e,b6e0024e8dfc297f07e59e3c,113739,https://m.dcinside.com/board/pokemoncardgame/113739,덱소스 여러가지 ㅍㅍ,seller-b645b605cf8905297d4e98cf,ㅇㅇ,guest,sv2a ur초에너지,sv2a ur초에너지,sv2a ur초에너지,,,unknown,미분류,1,7000,7000,exact,per_card,text,unknown,,active,needs_review,needs_review,배송비 포함 여부 미확정,exact,yes,candidate_estimated,sv2a ur초에너지-7000원
2a94b452f05f897393907115,pokemoncardgame,포켓몬 카드게임,2026-05,2026-05-23T00:58:07+09:00,known,83535c15dd8752495a51c3b5,2a94b452f05f897393907115,113780,https://m.dcinside.com/board/pokemoncardgame/113780,"시아노,빛나,템sr 등 덱소스팜",seller-018438917f9cefc82a65cea5,ㅇㅇ,guest,잡 acespec 50여장,잡 acespec 50여장,잡 acespec 50여장,,,unknown,미분류,1,10000,10000,exact,per_card,text,unknown,,active,needs_review,needs_review,배송비 포함 여부 미확정,exact,yes,candidate_estimated,잡 acespec 50여장 -10000원
4b01dcf262ab68dd7a5bb88f,pokemoncardgame,포켓몬 카드게임,2026-05,2026-05-23T00:58:07+09:00,known,4d5a98aa60a584cd0c93116a,4b01dcf262ab68dd7a5bb88f,113780,https://m.dcinside.com/board/pokemoncardgame/113780,"시아노,빛나,템sr 등 덱소스팜",seller-0efca87fb6eb002e2565224b,ㅇㅇ,guest,잡 acespec 50여장,잡 acespec 50여장,잡 acespec 50여장,,,unknown,미분류,1,10000,10000,exact,per_card,text,unknown,,active,needs_review,needs_review,배송비 포함 여부 미확정,exact,yes,candidate_estimated,잡 acespec 50여장 -10000원
224255063474b60f768679e1,pokemoncardgame,포켓몬 카드게임,2026-05,2026-05-23T05:52:08+09:00,known,148b83d156609f8e5cb361e1,224255063474b60f768679e1,113794,https://m.dcinside.com/board/pokemoncardgame/113794,덱소스 소량 구매해봅니다,seller-51447db26eeb90b0124d315b,포갤러,registered,,,,,,unknown,미분류,1,1.0,10000,estimated,bundle,text,unknown,,active,needs_review,needs_review,"가격 단위 추정, 일괄·세트 가격, 배송비 포함 여부 미확정, 카드명 확인 필요, 묶음·세트 총액 · 개별 카드 가격 아님",estimated,no,no,일괄 1.0에 구해봅니다
73cb7e130be3320929174d9a,pokemoncardgame,포켓몬 카드게임,2026-05,2026-05-23T05:52:08+09:00,known,e9422978c3542b13a94dffa5,73cb7e130be3320929174d9a,113794,https://m.dcinside.com/board/pokemoncardgame/113794,덱소스 소량 구매해봅니다,seller-51447db26eeb90b0124d315b,포갤러,registered,,,,,,unknown,미분류,1,1.0,10000,estimated,bundle,text,unknown,,active,needs_review,needs_review,"가격 단위 추정, 일괄·세트 가격, 배송비 포함 여부 미확정, 카드명 확인 필요, 묶음·세트 총액 · 개별 카드 가격 아님",estimated,no,no,일괄 1.0에 구해봅니다
0ac0962cb880a93f0e848696,pokemoncardgame,포켓몬 카드게임,2026-05,2026-05-23T14:22:45+09:00,known,52c1661e38f10e4c6aab4d2e,0ac0962cb880a93f0e848696,113836,https://m.dcinside.com/board/pokemoncardgame/113836,여러가지 산다이온,seller-ad3cbfe5183df870e280f37a,센쵸마린,registered,나옹ex,나옹ex,나옹ex,,,unknown,미분류,1,1,10000,estimated,per_card,text,unknown,,active,needs_review,needs_review,"가격 단위 추정, 배송비 포함 여부 미확정",estimated,yes,candidate_estimated,나옹ex 1
12f1266c5cb75553952951c6,pokemoncardgame,포켓몬 카드게임,2026-05,2026-05-23T14:22:45+09:00,known,52c1661e38f10e4c6aab4d2e,12f1266c5cb75553952951c6,113836,https://m.dcinside.com/board/pokemoncardgame/113836,여러가지 산다이온,seller-ad3cbfe5183df870e280f37a,센쵸마린,registered,포켓기어3.0,포켓기어3.0,포켓기어3.0,,,unknown,미분류,1,2,20000,estimated,per_card,text,unknown,,active,needs_review,needs_review,"가격 단위 추정, 배송비 포함 여부 미확정",estimated,yes,candidate_estimated,포켓기어3.0 2
17c096a172be02f00e43dad1,pokemoncardgame,포켓몬 카드게임,2026-05,2026-05-23T14:22:45+09:00,known,52c1661e38f10e4c6aab4d2e,17c096a172be02f00e43dad1,113836,https://m.dcinside.com/board/pokemoncardgame/113836,여러가지 산다이온,seller-ad3cbfe5183df870e280f37a,센쵸마린,registered,레드카드,레드카드,레드카드,,,unknown,미분류,1,1,10000,estimated,per_card,text,unknown,,active,needs_review,needs_review,"가격 단위 추정, 배송비 포함 여부 미확정",estimated,yes,candidate_estimated,레드카드 1
44d618c9db3a762a43da0e88,pokemoncardgame,포켓몬 카드게임,2026-05,2026-05-23T14:22:45+09:00,known,3cafe3af0cc68fd4b8f06550,44d618c9db3a762a43da0e88,113836,https://m.dcinside.com/board/pokemoncardgame/113836,여러가지 산다이온,seller-ad3cbfe5183df870e280f37a,센쵸마린,registered,나옹ex,나옹ex,나옹ex,,,unknown,미분류,1,1,10000,estimated,per_card,text,unknown,,active,needs_review,needs_review,"가격 단위 추정, 배송비 포함 여부 미확정",estimated,yes,candidate_estimated,나옹ex 1
47e2e17f5b4241fc42d1070d,pokemoncardgame,포켓몬 카드게임,2026-05,2026-05-23T14:22:45+09:00,known,3cafe3af0cc68fd4b8f06550,47e2e17f5b4241fc42d1070d,113836,https://m.dcinside.com/board/pokemoncardgame/113836,여러가지 산다이온,seller-ad3cbfe5183df870e280f37a,센쵸마린,registered,레드카드,레드카드,레드카드,,,unknown,미분류,1,1,10000,estimated,per_card,text,unknown,,active,needs_review,needs_review,"가격 단위 추정, 배송비 포함 여부 미확정",estimated,yes,candidate_estimated,레드카드 1
4d534ac5d77fe0a287b49884,pokemoncardgame,포켓몬 카드게임,2026-05,2026-05-23T14:22:45+09:00,known,3cafe3af0cc68fd4b8f06550,4d534ac5d77fe0a287b49884,113836,https://m.dcinside.com/board/pokemoncardgame/113836,여러가지 산다이온,seller-ad3cbfe5183df870e280f37a,센쵸마린,registered,포켓기어3.0,포켓기어3.0,포켓기어3.0,,,unknown,미분류,1,2,20000,estimated,per_card,text,unknown,,active,needs_review,needs_review,"가격 단위 추정, 배송비 포함 여부 미확정",estimated,yes,candidate_estimated,포켓기어3.0 2
58b27609c911d5f14c87af93,pokemoncardgame,포켓몬 카드게임,2026-05,2026-05-23T14:22:45+09:00,known,3cafe3af0cc68fd4b8f06550,58b27609c911d5f14c87af93,113836,https://m.dcinside.com/board/pokemoncardgame/113836,여러가지 산다이온,seller-ad3cbfe5183df870e280f37a,센쵸마린,registered,,준등포,준등포,,,unknown,미분류,1,1,10000,estimated,per_card,text,unknown,,active,needs_review,needs_review,"가격 단위 추정, 배송비 포함 여부 미확정",estimated,yes,candidate_estimated,준등포 1에 사봄
b79fcf7120e44fdd8e837cd4,pokemoncardgame,포켓몬 카드게임,2026-05,2026-05-23T14:22:45+09:00,known,52c1661e38f10e4c6aab4d2e,b79fcf7120e44fdd8e837cd4,113836,https://m.dcinside.com/board/pokemoncardgame/113836,여러가지 산다이온,seller-ad3cbfe5183df870e280f37a,센쵸마린,registered,,준등포,준등포,,,unknown,미분류,1,1,10000,estimated,per_card,text,unknown,,active,needs_review,needs_review,"가격 단위 추정, 배송비 포함 여부 미확정",estimated,yes,candidate_estimated,준등포 1에 사봄
a87ec50e3d4b9500a6365274,pokemoncardgame,포켓몬 카드게임,2026-05,2026-05-24T02:44:34+09:00,known,accc8385e1aa80b2494f9271,a87ec50e3d4b9500a6365274,113944,https://m.dcinside.com/board/pokemoncardgame/113944,하솔 sar 2장 ㅍㅍ 코리직,seller-51447db26eeb90b0124d315b,포갤러,registered,,장당,장당,,,unknown,미분류,1,1.5,15000,estimated,per_card,text,unknown,,active,needs_review,needs_review,"가격 단위 추정, 배송비 포함 여부 미확정",estimated,yes,candidate_estimated,장당 1.5
db61796644a59da191282404,pokemoncardgame,포켓몬 카드게임,2026-05,2026-05-24T02:44:34+09:00,known,679e2d885255e9c4abea97c0,db61796644a59da191282404,113944,https://m.dcinside.com/board/pokemoncardgame/113944,하솔 sar 2장 ㅍㅍ 코리직,seller-51447db26eeb90b0124d315b,포갤러,registered,,장당,장당,,,unknown,미분류,1,1.5,15000,estimated,per_card,text,unknown,,active,needs_review,needs_review,"가격 단위 추정, 배송비 포함 여부 미확정",estimated,yes,candidate_estimated,장당 1.5
05fc27fbd9a431889a157dd2,pokemoncardgame,포켓몬 카드게임,2026-05,2026-05-24T15:49:09+09:00,known,803720e8e3e7a2fe7408380e,05fc27fbd9a431889a157dd2,114027,https://m.dcinside.com/board/pokemoncardgame/114027,코리직으로 코리안리그 뮤츠 프로모 삼,seller-f83d1b9a114bd8cf69981aee,sadasd,registered,5시 50분 쯔음 코리 행사장 내에서,5시 50분 쯔음 코리 행사장 내에서,5시 50분 쯔음 코리 행사장 내에서 장당,,,unknown,미분류,1,25000,25000,exact,per_card,text,unknown,,active,needs_review,needs_review,배송비 포함 여부 미확정,exact,yes,candidate_estimated,5시 50분 쯔음 코리 행사장 내에서 장당 25000원에 삼
586fa95b3bf6888289fef8df,pokemoncardgame,포켓몬 카드게임,2026-05,2026-05-24T15:49:09+09:00,known,d657086054b191cd2d7f755a,586fa95b3bf6888289fef8df,114027,https://m.dcinside.com/board/pokemoncardgame/114027,코리직으로 코리안리그 뮤츠 프로모 삼,seller-f83d1b9a114bd8cf69981aee,sadasd,registered,5시 50분 쯔음 코리 행사장 내에서,5시 50분 쯔음 코리 행사장 내에서,5시 50분 쯔음 코리 행사장 내에서 장당,,,unknown,미분류,1,25000,25000,exact,per_card,text,unknown,,active,needs_review,needs_review,배송비 포함 여부 미확정,exact,yes,candidate_estimated,5시 50분 쯔음 코리 행사장 내에서 장당 25000원에 삼
1edb3fb99f0fbcc49ddbc8fc,pokemoncardgame,포켓몬 카드게임,2026-05,2026-05-24T17:23:51+09:00,known,8f229b3e8485c3cd3ff67a13,1edb3fb99f0fbcc49ddbc8fc,114042,https://m.dcinside.com/board/pokemoncardgame/114042,포케카 매거진 사요,seller-6c648ad02365a46a6f7cbdb3,샤이어,registered,매거진 한부,매거진 한부,매거진 한부,,,unknown,미분류,1,0.2,2000,estimated,per_card,text,unknown,,active,needs_review,needs_review,"가격 단위 추정, 배송비 포함 여부 미확정",estimated,yes,candidate_estimated,매거진 한부 0.2에 삼
8b29cb48ea0c9eaf4cbb4d32,pokemoncardgame,포켓몬 카드게임,2026-05,2026-05-24T17:23:51+09:00,known,c2280e2d80b92cce62ccb9f3,8b29cb48ea0c9eaf4cbb4d32,114042,https://m.dcinside.com/board/pokemoncardgame/114042,포케카 매거진 사요,seller-6c648ad02365a46a6f7cbdb3,샤이어,registered,매거진 한부,매거진 한부,매거진 한부,,,unknown,미분류,1,0.2,2000,estimated,per_card,text,unknown,,active,needs_review,needs_review,"가격 단위 추정, 배송비 포함 여부 미확정",estimated,yes,candidate_estimated,매거진 한부 0.2에 삼
916a5efa5881894d8c104547,pokemoncardgame,포켓몬 카드게임,2026-05,2026-05-24T19:34:59+09:00,known,496bda105abda602457a2464,916a5efa5881894d8c104547,114062,https://m.dcinside.com/board/pokemoncardgame/114062,봄드펄 판완,seller-bee5ba3b52713a9d79479e0f,청춘88,registered,카드실드까지 해서,카드실드까지 해서,카드실드까지 해서,,,unknown,미분류,1,4.5,45000,estimated,per_card,text,unknown,,active,needs_review,needs_review,"가격 단위 추정, 배송비 포함 여부 미확정",estimated,yes,candidate_estimated,카드실드까지 해서 4.5에 ㅍㅍ
c34d45dbdec79901c6b5e66c,pokemoncardgame,포켓몬 카드게임,2026-05,2026-05-24T19:34:59+09:00,known,d2778fc292e5a9bc34399ca7,c34d45dbdec79901c6b5e66c,114062,https://m.dcinside.com/board/pokemoncardgame/114062,봄드펄 판완,seller-bee5ba3b52713a9d79479e0f,청춘88,registered,카드실드까지 해서,카드실드까지 해서,카드실드까지 해서,,,unknown,미분류,1,4.5,45000,estimated,per_card,text,unknown,,active,needs_review,needs_review,"가격 단위 추정, 배송비 포함 여부 미확정",estimated,yes,candidate_estimated,카드실드까지 해서 4.5에 ㅍㅍ
0a915473465adbaac3a1db31,pokemoncardgame,포켓몬 카드게임,2026-05,2026-05-24T22:35:18+09:00,known,cc5ff328bf93d1b5c1307274,0a915473465adbaac3a1db31,114099,https://m.dcinside.com/board/pokemoncardgame/114099,마롱 풀금 일단 올려봄,seller-6b7fac60cd46fb8f54dc840c,flower_..,registered,람다,람다,람다,,,unknown,미분류,1,2.5,25000,estimated,per_card,text,unknown,,active,needs_review,needs_review,"가격 단위 추정, 배송비 포함 여부 미확정",estimated,yes,candidate_estimated,람다 2.5
0affa1e1d0f05d9a76e764a2,pokemoncardgame,포켓몬 카드게임,2026-05,2026-05-24T22:35:18+09:00,known,cc5ff328bf93d1b5c1307274,0affa1e1d0f05d9a76e764a2,114099,https://m.dcinside.com/board/pokemoncardgame/114099,마롱 풀금 일단 올려봄,seller-6b7fac60cd46fb8f54dc840c,flower_..,registered,다투곰,다투곰,다투곰,,,unknown,미분류,1,1,10000,estimated,per_card,text,unknown,,active,needs_review,needs_review,"가격 단위 추정, 배송비 포함 여부 미확정",estimated,yes,candidate_estimated,다투곰 1
0c0f22ca6fd2c2e0bcfe5d42,pokemoncardgame,포켓몬 카드게임,2026-05,2026-05-24T22:35:18+09:00,known,cc5ff328bf93d1b5c1307274,0c0f22ca6fd2c2e0bcfe5d42,114099,https://m.dcinside.com/board/pokemoncardgame/114099,마롱 풀금 일단 올려봄,seller-6b7fac60cd46fb8f54dc840c,flower_..,registered,대충 이렇게 책정해서 딱,대충 이렇게 책정해서 딱,대충 이렇게 책정해서 딱,,,unknown,미분류,1,100,1000000,estimated,per_card,text,unknown,,active,needs_review,needs_review,"가격 단위 추정, 배송비 포함 여부 미확정",estimated,yes,candidate_estimated,대충 이렇게 책정해서 딱 100에 올려놓음
16647f65d9ec5be0986abad4,pokemoncardgame,포켓몬 카드게임,2026-05,2026-05-24T22:35:18+09:00,known,3fecc7419b16b4ece848e8b4,16647f65d9ec5be0986abad4,114099,https://m.dcinside.com/board/pokemoncardgame/114099,마롱 풀금 일단 올려봄,seller-6b7fac60cd46fb8f54dc840c,flower_..,registered,포켓몬 AR들,포켓몬 AR들,포켓몬 AR들,,,unknown,미분류,1,2,20000,estimated,bundle,text,unknown,,active,needs_review,needs_review,"가격 단위 추정, 일괄·세트 가격, 배송비 포함 여부 미확정, 묶음·세트 총액 · 개별 카드 가격 아님",estimated,no,no,포켓몬 AR들 일괄 2
1a451fe422ca2a8034b33593,pokemoncardgame,포켓몬 카드게임,2026-05,2026-05-24T22:35:18+09:00,known,3fecc7419b16b4ece848e8b4,1a451fe422ca2a8034b33593,114099,https://m.dcinside.com/board/pokemoncardgame/114099,마롱 풀금 일단 올려봄,seller-6b7fac60cd46fb8f54dc840c,flower_..,registered,패드 + 레카,패드 + 레카,패드 + 레카,,,unknown,미분류,1,2,20000,estimated,bundle,text,unknown,,active,needs_review,needs_review,"가격 단위 추정, 복수 카드 가격, 배송비 포함 여부 미확정, 묶음·세트 총액 · 개별 카드 가격 아님",estimated,no,no,패드 + 레카 2
327ca03a1807074186a0581b,pokemoncardgame,포켓몬 카드게임,2026-05,2026-05-24T22:35:18+09:00,known,3fecc7419b16b4ece848e8b4,327ca03a1807074186a0581b,114099,https://m.dcinside.com/board/pokemoncardgame/114099,마롱 풀금 일단 올려봄,seller-6b7fac60cd46fb8f54dc840c,flower_..,registered,악에너지 sr로 변경시,악에너지 sr로 변경시,악에너지 sr로 변경시,,,unknown,미분류,1,9,90000,estimated,per_card,text,unknown,,active,needs_review,needs_review,배송비 포함 여부 미확정,estimated,yes,candidate_estimated,악에너지 sr로 변경시 -9만원
3c77661717f95d52a680e9bc,pokemoncardgame,포켓몬 카드게임,2026-05,2026-05-24T22:35:18+09:00,known,3fecc7419b16b4ece848e8b4,3c77661717f95d52a680e9bc,114099,https://m.dcinside.com/board/pokemoncardgame/114099,마롱 풀금 일단 올려봄,seller-6b7fac60cd46fb8f54dc840c,flower_..,registered,포핀 사탕 들것 합,포핀 사탕 들것 합,포핀 사탕 들것 합,,,unknown,미분류,8,16,160000,estimated,per_quantity,text,unknown,,active,needs_review,needs_review,"가격 단위 추정, 배송비 포함 여부 미확정, 복수 수량 총액 · 카드 1장 가격 아님",estimated,no,no,포핀 사탕 들것 8장 합 16
3e9abe919dc3da1230f68d41,pokemoncardgame,포켓몬 카드게임,2026-05,2026-05-24T22:35:18+09:00,known,3fecc7419b16b4ece848e8b4,3e9abe919dc3da1230f68d41,114099,https://m.dcinside.com/board/pokemoncardgame/114099,마롱 풀금 일단 올려봄,seller-6b7fac60cd46fb8f54dc840c,flower_..,registered,대충 이렇게 책정해서 딱,대충 이렇게 책정해서 딱,대충 이렇게 책정해서 딱,,,unknown,미분류,1,100,1000000,estimated,per_card,text,unknown,,active,needs_review,needs_review,"가격 단위 추정, 배송비 포함 여부 미확정",estimated,yes,candidate_estimated,대충 이렇게 책정해서 딱 100에 올려놓음
40320d287b5eceffbcb9a3e8,pokemoncardgame,포켓몬 카드게임,2026-05,2026-05-24T22:35:18+09:00,known,3fecc7419b16b4ece848e8b4,40320d287b5eceffbcb9a3e8,114099,https://m.dcinside.com/board/pokemoncardgame/114099,마롱 풀금 일단 올려봄,seller-6b7fac60cd46fb8f54dc840c,flower_..,registered,마롱털,마롱털,마롱털,,,unknown,미분류,3,10,100000,estimated,per_quantity,text,unknown,,active,needs_review,needs_review,"가격 단위 추정, 배송비 포함 여부 미확정, 복수 수량 총액 · 카드 1장 가격 아님",estimated,no,no,마롱털 3장 10
457c342aa642b85bd77ac54f,pokemoncardgame,포켓몬 카드게임,2026-05,2026-05-24T22:35:18+09:00,known,3fecc7419b16b4ece848e8b4,457c342aa642b85bd77ac54f,114099,https://m.dcinside.com/board/pokemoncardgame/114099,마롱 풀금 일단 올려봄,seller-6b7fac60cd46fb8f54dc840c,flower_..,registered,청목,청목,청목,,,unknown,미분류,1,0.5,5000,estimated,per_card,text,unknown,,active,needs_review,needs_review,"가격 단위 추정, 배송비 포함 여부 미확정",estimated,yes,candidate_estimated,청목 0.5
528d0dd94e31e5928606e9e6,pokemoncardgame,포켓몬 카드게임,2026-05,2026-05-24T22:35:18+09:00,known,cc5ff328bf93d1b5c1307274,528d0dd94e31e5928606e9e6,114099,https://m.dcinside.com/board/pokemoncardgame/114099,마롱 풀금 일단 올려봄,seller-6b7fac60cd46fb8f54dc840c,flower_..,registered,포켓몬 AR들,포켓몬 AR들,포켓몬 AR들,,,unknown,미분류,1,2,20000,estimated,bundle,text,unknown,,active,needs_review,needs_review,"가격 단위 추정, 일괄·세트 가격, 배송비 포함 여부 미확정, 묶음·세트 총액 · 개별 카드 가격 아님",estimated,no,no,포켓몬 AR들 일괄 2
58186f33cf02992913ec57f7,pokemoncardgame,포켓몬 카드게임,2026-05,2026-05-24T22:35:18+09:00,known,3fecc7419b16b4ece848e8b4,58186f33cf02992913ec57f7,114099,https://m.dcinside.com/board/pokemoncardgame/114099,마롱 풀금 일단 올려봄,seller-6b7fac60cd46fb8f54dc840c,flower_..,registered,악에너지 합,악에너지 합,악에너지 합,,,unknown,미분류,9,12,120000,estimated,per_quantity,text,unknown,,active,needs_review,needs_review,"가격 단위 추정, 배송비 포함 여부 미확정, 복수 수량 총액 · 카드 1장 가격 아님",estimated,no,no,악에너지 9장 합 12
58383f5dd76d9887c3a6fc7e,pokemoncardgame,포켓몬 카드게임,2026-05,2026-05-24T22:35:18+09:00,known,cc5ff328bf93d1b5c1307274,58383f5dd76d9887c3a6fc7e,114099,https://m.dcinside.com/board/pokemoncardgame/114099,마롱 풀금 일단 올려봄,seller-6b7fac60cd46fb8f54dc840c,flower_..,registered,마롱털,마롱털,마롱털,,,unknown,미분류,3,10,100000,estimated,per_quantity,text,unknown,,active,needs_review,needs_review,"가격 단위 추정, 배송비 포함 여부 미확정, 복수 수량 총액 · 카드 1장 가격 아님",estimated,no,no,마롱털 3장 10
832be4ca7b2af7e13e0ca13a,pokemoncardgame,포켓몬 카드게임,2026-05,2026-05-24T22:35:18+09:00,known,3fecc7419b16b4ece848e8b4,832be4ca7b2af7e13e0ca13a,114099,https://m.dcinside.com/board/pokemoncardgame/114099,마롱 풀금 일단 올려봄,seller-6b7fac60cd46fb8f54dc840c,flower_..,registered,풍선,풍선,풍선,,,unknown,미분류,1,4,40000,estimated,per_card,text,unknown,,active,needs_review,needs_review,"가격 단위 추정, 배송비 포함 여부 미확정",estimated,yes,candidate_estimated,풍선 4
84ff6c256e5adc1bdc06b96a,pokemoncardgame,포켓몬 카드게임,2026-05,2026-05-24T22:35:18+09:00,known,cc5ff328bf93d1b5c1307274,84ff6c256e5adc1bdc06b96a,114099,https://m.dcinside.com/board/pokemoncardgame/114099,마롱 풀금 일단 올려봄,seller-6b7fac60cd46fb8f54dc840c,flower_..,registered,풍선,풍선,풍선,,,unknown,미분류,1,4,40000,estimated,per_card,text,unknown,,active,needs_review,needs_review,"가격 단위 추정, 배송비 포함 여부 미확정",estimated,yes,candidate_estimated,풍선 4
9868773628842792472cbaf5,pokemoncardgame,포켓몬 카드게임,2026-05,2026-05-24T22:35:18+09:00,known,3fecc7419b16b4ece848e8b4,9868773628842792472cbaf5,114099,https://m.dcinside.com/board/pokemoncardgame/114099,마롱 풀금 일단 올려봄,seller-6b7fac60cd46fb8f54dc840c,flower_..,registered,람다,람다,람다,,,unknown,미분류,1,2.5,25000,estimated,per_card,text,unknown,,active,needs_review,needs_review,"가격 단위 추정, 배송비 포함 여부 미확정",estimated,yes,candidate_estimated,람다 2.5
9ea5639e9c92254a6c18d962,pokemoncardgame,포켓몬 카드게임,2026-05,2026-05-24T22:35:18+09:00,known,3fecc7419b16b4ece848e8b4,9ea5639e9c92254a6c18d962,114099,https://m.dcinside.com/board/pokemoncardgame/114099,마롱 풀금 일단 올려봄,seller-6b7fac60cd46fb8f54dc840c,flower_..,registered,릴리에 + 보스,릴리에 + 보스,릴리에 + 보스,,,unknown,미분류,1,50,500000,estimated,bundle,text,unknown,,active,needs_review,needs_review,"가격 단위 추정, 복수 카드 가격, 배송비 포함 여부 미확정, 묶음·세트 총액 · 개별 카드 가격 아님",estimated,no,no,릴리에 + 보스 50
a165a817581e895914bfd108,pokemoncardgame,포켓몬 카드게임,2026-05,2026-05-24T22:35:18+09:00,known,cc5ff328bf93d1b5c1307274,a165a817581e895914bfd108,114099,https://m.dcinside.com/board/pokemoncardgame/114099,마롱 풀금 일단 올려봄,seller-6b7fac60cd46fb8f54dc840c,flower_..,registered,릴리에 + 보스,릴리에 + 보스,릴리에 + 보스,,,unknown,미분류,1,50,500000,estimated,bundle,text,unknown,,active,needs_review,needs_review,"가격 단위 추정, 복수 카드 가격, 배송비 포함 여부 미확정, 묶음·세트 총액 · 개별 카드 가격 아님",estimated,no,no,릴리에 + 보스 50
a69b992efe003261ee88b5f5,pokemoncardgame,포켓몬 카드게임,2026-05,2026-05-24T22:35:18+09:00,known,cc5ff328bf93d1b5c1307274,a69b992efe003261ee88b5f5,114099,https://m.dcinside.com/board/pokemoncardgame/114099,마롱 풀금 일단 올려봄,seller-6b7fac60cd46fb8f54dc840c,flower_..,registered,포핀 사탕 들것 합,포핀 사탕 들것 합,포핀 사탕 들것 합,,,unknown,미분류,8,16,160000,estimated,per_quantity,text,unknown,,active,needs_review,needs_review,"가격 단위 추정, 배송비 포함 여부 미확정, 복수 수량 총액 · 카드 1장 가격 아님",estimated,no,no,포핀 사탕 들것 8장 합 16
aea5e726b62b27964221cfed,pokemoncardgame,포켓몬 카드게임,2026-05,2026-05-24T22:35:18+09:00,known,cc5ff328bf93d1b5c1307274,aea5e726b62b27964221cfed,114099,https://m.dcinside.com/board/pokemoncardgame/114099,마롱 풀금 일단 올려봄,seller-6b7fac60cd46fb8f54dc840c,flower_..,registered,악에너지 sr로 변경시,악에너지 sr로 변경시,악에너지 sr로 변경시,,,unknown,미분류,1,9,90000,estimated,per_card,text,unknown,,active,needs_review,needs_review,배송비 포함 여부 미확정,estimated,yes,candidate_estimated,악에너지 sr로 변경시 -9만원
afd0dd2c2d8a699fd1ea12dc,pokemoncardgame,포켓몬 카드게임,2026-05,2026-05-24T22:35:18+09:00,known,cc5ff328bf93d1b5c1307274,afd0dd2c2d8a699fd1ea12dc,114099,https://m.dcinside.com/board/pokemoncardgame/114099,마롱 풀금 일단 올려봄,seller-6b7fac60cd46fb8f54dc840c,flower_..,registered,청목,청목,청목,,,unknown,미분류,1,0.5,5000,estimated,per_card,text,unknown,,active,needs_review,needs_review,"가격 단위 추정, 배송비 포함 여부 미확정",estimated,yes,candidate_estimated,청목 0.5
c778b65282beee5a8bb8546a,pokemoncardgame,포켓몬 카드게임,2026-05,2026-05-24T22:35:18+09:00,known,3fecc7419b16b4ece848e8b4,c778b65282beee5a8bb8546a,114099,https://m.dcinside.com/board/pokemoncardgame/114099,마롱 풀금 일단 올려봄,seller-6b7fac60cd46fb8f54dc840c,flower_..,registered,다투곰,다투곰,다투곰,,,unknown,미분류,1,1,10000,estimated,per_card,text,unknown,,active,needs_review,needs_review,"가격 단위 추정, 배송비 포함 여부 미확정",estimated,yes,candidate_estimated,다투곰 1
e51eaad0ddedfb006b0743bd,pokemoncardgame,포켓몬 카드게임,2026-05,2026-05-24T22:35:18+09:00,known,cc5ff328bf93d1b5c1307274,e51eaad0ddedfb006b0743bd,114099,https://m.dcinside.com/board/pokemoncardgame/114099,마롱 풀금 일단 올려봄,seller-6b7fac60cd46fb8f54dc840c,flower_..,registered,악에너지 합,악에너지 합,악에너지 합,,,unknown,미분류,9,12,120000,estimated,per_quantity,text,unknown,,active,needs_review,needs_review,"가격 단위 추정, 배송비 포함 여부 미확정, 복수 수량 총액 · 카드 1장 가격 아님",estimated,no,no,악에너지 9장 합 12
ed0e78d42c655095384126bc,pokemoncardgame,포켓몬 카드게임,2026-05,2026-05-24T22:35:18+09:00,known,cc5ff328bf93d1b5c1307274,ed0e78d42c655095384126bc,114099,https://m.dcinside.com/board/pokemoncardgame/114099,마롱 풀금 일단 올려봄,seller-6b7fac60cd46fb8f54dc840c,flower_..,registered,패드 + 레카,패드 + 레카,패드 + 레카,,,unknown,미분류,1,2,20000,estimated,bundle,text,unknown,,active,needs_review,needs_review,"가격 단위 추정, 복수 카드 가격, 배송비 포함 여부 미확정, 묶음·세트 총액 · 개별 카드 가격 아님",estimated,no,no,패드 + 레카 2
0fdb1ce90f20c0700856b587,pokemoncardgame,포켓몬 카드게임,2026-05,2026-05-25T11:15:53+09:00,known,1d7dec1fb1ddf7e2e30e7cb2,0fdb1ce90f20c0700856b587,114157,https://m.dcinside.com/board/pokemoncardgame/114157,드래펄트완덱 오늘 코엑스직거래가능,seller-1eea5a5630b5ebf8e1e968c3,쩨이,registered,loadScript ' t,loadScript ' t,loadScript('//t,,,unknown,미분류,1,1,10000,estimated,bundle,text,unknown,,active,needs_review,needs_review,"가격 단위 추정, 복수 카드 가격, 배송비 포함 여부 미확정, 묶음·세트 총액 · 개별 카드 가격 아님",estimated,no,no,"loadScript('//t1.kakaocdn.net/kas/static/ba.min.js', true);"
66dc9d763d0cde1f3cb0aef2,pokemoncardgame,포켓몬 카드게임,2026-05,2026-05-25T11:15:53+09:00,known,1d7dec1fb1ddf7e2e30e7cb2,66dc9d763d0cde1f3cb0aef2,114157,https://m.dcinside.com/board/pokemoncardgame/114157,드래펄트완덱 오늘 코엑스직거래가능,seller-1eea5a5630b5ebf8e1e968c3,쩨이,registered,DOM 삽입 헬퍼 현재 스크립트 위치 기준,DOM 삽입 헬퍼 현재 스크립트 위치 기준,// ---- DOM 삽입 헬퍼 (현재 스크립트 위치 기준,,,unknown,미분류,1,1,10000,estimated,bundle,text,unknown,,active,needs_review,needs_review,"가격 단위 추정, 복수 카드 가격, 배송비 포함 여부 미확정, 묶음·세트 총액 · 개별 카드 가격 아님",estimated,no,no,// ---- DOM 삽입 헬퍼 (현재 스크립트 위치 기준1)
9f80f1a4007ee48d57b9c7a0,pokemoncardgame,포켓몬 카드게임,2026-05,2026-05-25T11:15:53+09:00,known,55ac5fa0b0c234d93d9bbaa8,9f80f1a4007ee48d57b9c7a0,114157,https://m.dcinside.com/board/pokemoncardgame/114157,드래펄트완덱 오늘 코엑스직거래가능,seller-1eea5a5630b5ebf8e1e968c3,쩨이,registered,loadScript 'https pagead,loadScript 'https pagead,loadScript('https://pagead,,,unknown,미분류,1,2,20000,estimated,bundle,text,unknown,,active,needs_review,needs_review,"가격 단위 추정, 복수 카드 가격, 배송비 포함 여부 미확정, 묶음·세트 총액 · 개별 카드 가격 아님",estimated,no,no,"loadScript('https://pagead2.googlesyndication.com/pagead/js/adsbygoogle_direct.js?client=ca-pub-8171468792791627', true, 'anonymous');"
b42cbd74863f4ce8661225e6,pokemoncardgame,포켓몬 카드게임,2026-05,2026-05-25T11:15:53+09:00,known,55ac5fa0b0c234d93d9bbaa8,b42cbd74863f4ce8661225e6,114157,https://m.dcinside.com/board/pokemoncardgame/114157,드래펄트완덱 오늘 코엑스직거래가능,seller-1eea5a5630b5ebf8e1e968c3,쩨이,registered,var safe = window.dcAd && window.dcAd.safe ==,var safe = window.dcAd && window.dcAd.safe ==,var safe = (window.dcAd && window.dcAd.safe ==,,,unknown,미분류,1,1,10000,estimated,bundle,text,unknown,,active,needs_review,needs_review,"가격 단위 추정, 복수 카드 가격, 배송비 포함 여부 미확정, 묶음·세트 총액 · 개별 카드 가격 아님",estimated,no,no,var safe = (window.dcAd && window.dcAd.safe == 1)
d78854cde54ed3887a33b826,pokemoncardgame,포켓몬 카드게임,2026-05,2026-05-25T11:15:53+09:00,known,55ac5fa0b0c234d93d9bbaa8,d78854cde54ed3887a33b826,114157,https://m.dcinside.com/board/pokemoncardgame/114157,드래펄트완덱 오늘 코엑스직거래가능,seller-1eea5a5630b5ebf8e1e968c3,쩨이,registered,loadScript ' t,loadScript ' t,loadScript('//t,,,unknown,미분류,1,1,10000,estimated,bundle,text,unknown,,active,needs_review,needs_review,"가격 단위 추정, 복수 카드 가격, 배송비 포함 여부 미확정, 묶음·세트 총액 · 개별 카드 가격 아님",estimated,no,no,"loadScript('//t1.kakaocdn.net/kas/static/ba.min.js', true);"
ec2d5db313598b4f9621b76c,pokemoncardgame,포켓몬 카드게임,2026-05,2026-05-25T11:15:53+09:00,known,1d7dec1fb1ddf7e2e30e7cb2,ec2d5db313598b4f9621b76c,114157,https://m.dcinside.com/board/pokemoncardgame/114157,드래펄트완덱 오늘 코엑스직거래가능,seller-1eea5a5630b5ebf8e1e968c3,쩨이,registered,loadScript 'https pagead,loadScript 'https pagead,loadScript('https://pagead,,,unknown,미분류,1,2,20000,estimated,bundle,text,unknown,,active,needs_review,needs_review,"가격 단위 추정, 복수 카드 가격, 배송비 포함 여부 미확정, 묶음·세트 총액 · 개별 카드 가격 아님",estimated,no,no,"loadScript('https://pagead2.googlesyndication.com/pagead/js/adsbygoogle_direct.js?client=ca-pub-8171468792791627', true, 'anonymous');"
ecb07ffaa6c5da713db94260,pokemoncardgame,포켓몬 카드게임,2026-05,2026-05-25T11:15:53+09:00,known,55ac5fa0b0c234d93d9bbaa8,ecb07ffaa6c5da713db94260,114157,https://m.dcinside.com/board/pokemoncardgame/114157,드래펄트완덱 오늘 코엑스직거래가능,seller-1eea5a5630b5ebf8e1e968c3,쩨이,registered,DOM 삽입 헬퍼 현재 스크립트 위치 기준,DOM 삽입 헬퍼 현재 스크립트 위치 기준,// ---- DOM 삽입 헬퍼 (현재 스크립트 위치 기준,,,unknown,미분류,1,1,10000,estimated,bundle,text,unknown,,active,needs_review,needs_review,"가격 단위 추정, 복수 카드 가격, 배송비 포함 여부 미확정, 묶음·세트 총액 · 개별 카드 가격 아님",estimated,no,no,// ---- DOM 삽입 헬퍼 (현재 스크립트 위치 기준1)
f99b96f75340b4d70deabe67,pokemoncardgame,포켓몬 카드게임,2026-05,2026-05-25T11:15:53+09:00,known,1d7dec1fb1ddf7e2e30e7cb2,f99b96f75340b4d70deabe67,114157,https://m.dcinside.com/board/pokemoncardgame/114157,드래펄트완덱 오늘 코엑스직거래가능,seller-1eea5a5630b5ebf8e1e968c3,쩨이,registered,var safe = window.dcAd && window.dcAd.safe ==,var safe = window.dcAd && window.dcAd.safe ==,var safe = (window.dcAd && window.dcAd.safe ==,,,unknown,미분류,1,1,10000,estimated,bundle,text,unknown,,active,needs_review,needs_review,"가격 단위 추정, 복수 카드 가격, 배송비 포함 여부 미확정, 묶음·세트 총액 · 개별 카드 가격 아님",estimated,no,no,var safe = (window.dcAd && window.dcAd.safe == 1)
00e71e83ddf8823226ce423b,pokemoncardgame,포켓몬 카드게임,2026-05,2026-05-25T20:59:03+09:00,known,a1802d7588321a4f94ed9ff2,00e71e83ddf8823226ce423b,114253,https://m.dcinside.com/board/pokemoncardgame/114253,삼삼드래sar 등 sr 덱소스팝니다,seller-51447db26eeb90b0124d315b,포갤러,registered,DOM 삽입 헬퍼 현재 스크립트 위치 기준,DOM 삽입 헬퍼 현재 스크립트 위치 기준,// ---- DOM 삽입 헬퍼 (현재 스크립트 위치 기준,,,unknown,미분류,1,1,10000,estimated,bundle,text,unknown,,active,needs_review,needs_review,"가격 단위 추정, 복수 카드 가격, 배송비 포함 여부 미확정, 묶음·세트 총액 · 개별 카드 가격 아님",estimated,no,no,// ---- DOM 삽입 헬퍼 (현재 스크립트 위치 기준1)
1164fa6afa5da17d18f9ff10,pokemoncardgame,포켓몬 카드게임,2026-05,2026-05-25T20:59:03+09:00,known,8d50f3901f06030c4976aad8,1164fa6afa5da17d18f9ff10,114253,https://m.dcinside.com/board/pokemoncardgame/114253,삼삼드래sar 등 sr 덱소스팝니다,seller-51447db26eeb90b0124d315b,포갤러,registered,var safe = window.dcAd && window.dcAd.safe ==,var safe = window.dcAd && window.dcAd.safe ==,var safe = (window.dcAd && window.dcAd.safe ==,,,unknown,미분류,1,1,10000,estimated,bundle,text,unknown,,active,needs_review,needs_review,"가격 단위 추정, 복수 카드 가격, 배송비 포함 여부 미확정, 묶음·세트 총액 · 개별 카드 가격 아님",estimated,no,no,var safe = (window.dcAd && window.dcAd.safe == 1)
16a285ba5b45de9b0cd499b9,pokemoncardgame,포켓몬 카드게임,2026-05,2026-05-25T20:59:03+09:00,known,a1802d7588321a4f94ed9ff2,16a285ba5b45de9b0cd499b9,114253,https://m.dcinside.com/board/pokemoncardgame/114253,삼삼드래sar 등 sr 덱소스팝니다,seller-51447db26eeb90b0124d315b,포갤러,registered,loadScript 'https pagead,loadScript 'https pagead,loadScript('https://pagead,,,unknown,미분류,1,2,20000,estimated,bundle,text,unknown,,active,needs_review,needs_review,"가격 단위 추정, 복수 카드 가격, 배송비 포함 여부 미확정, 묶음·세트 총액 · 개별 카드 가격 아님",estimated,no,no,"loadScript('https://pagead2.googlesyndication.com/pagead/js/adsbygoogle_direct.js?client=ca-pub-8171468792791627', true, 'anonymous');"
2901eafbabf8a6bbe5a06bcf,pokemoncardgame,포켓몬 카드게임,2026-05,2026-05-25T20:59:03+09:00,known,a1802d7588321a4f94ed9ff2,2901eafbabf8a6bbe5a06bcf,114253,https://m.dcinside.com/board/pokemoncardgame/114253,삼삼드래sar 등 sr 덱소스팝니다,seller-51447db26eeb90b0124d315b,포갤러,registered,loadScript ' t,loadScript ' t,loadScript('//t,,,unknown,미분류,1,1,10000,estimated,bundle,text,unknown,,active,needs_review,needs_review,"가격 단위 추정, 복수 카드 가격, 배송비 포함 여부 미확정, 묶음·세트 총액 · 개별 카드 가격 아님",estimated,no,no,"loadScript('//t1.kakaocdn.net/kas/static/ba.min.js', true);"
320ad4427005884945085f4a,pokemoncardgame,포켓몬 카드게임,2026-05,2026-05-25T20:59:03+09:00,known,8d50f3901f06030c4976aad8,320ad4427005884945085f4a,114253,https://m.dcinside.com/board/pokemoncardgame/114253,삼삼드래sar 등 sr 덱소스팝니다,seller-51447db26eeb90b0124d315b,포갤러,registered,loadScript ' t,loadScript ' t,loadScript('//t,,,unknown,미분류,1,1,10000,estimated,bundle,text,unknown,,active,needs_review,needs_review,"가격 단위 추정, 복수 카드 가격, 배송비 포함 여부 미확정, 묶음·세트 총액 · 개별 카드 가격 아님",estimated,no,no,"loadScript('//t1.kakaocdn.net/kas/static/ba.min.js', true);"
328219adb6a0aedab48dfba4,pokemoncardgame,포켓몬 카드게임,2026-05,2026-05-25T20:59:03+09:00,known,8d50f3901f06030c4976aad8,328219adb6a0aedab48dfba4,114253,https://m.dcinside.com/board/pokemoncardgame/114253,삼삼드래sar 등 sr 덱소스팝니다,seller-51447db26eeb90b0124d315b,포갤러,registered,loadScript 'https pagead,loadScript 'https pagead,loadScript('https://pagead,,,unknown,미분류,1,2,20000,estimated,bundle,text,unknown,,active,needs_review,needs_review,"가격 단위 추정, 복수 카드 가격, 배송비 포함 여부 미확정, 묶음·세트 총액 · 개별 카드 가격 아님",estimated,no,no,"loadScript('https://pagead2.googlesyndication.com/pagead/js/adsbygoogle_direct.js?client=ca-pub-8171468792791627', true, 'anonymous');"
51dc1ad40aa85a7a6f32ce7b,pokemoncardgame,포켓몬 카드게임,2026-05,2026-05-25T20:59:03+09:00,known,8d50f3901f06030c4976aad8,51dc1ad40aa85a7a6f32ce7b,114253,https://m.dcinside.com/board/pokemoncardgame/114253,삼삼드래sar 등 sr 덱소스팝니다,seller-51447db26eeb90b0124d315b,포갤러,registered,Sar sr해서,Sar sr해서,Sar sr해서,,,unknown,미분류,1,2.0,20000,estimated,per_card,text,unknown,,active,needs_review,needs_review,"가격 단위 추정, 배송비 포함 여부 미확정",estimated,yes,candidate_estimated,Sar1장 sr2장해서 2.0팝니다
82d00f0bd52221d83ccf7394,pokemoncardgame,포켓몬 카드게임,2026-05,2026-05-25T20:59:03+09:00,known,a1802d7588321a4f94ed9ff2,82d00f0bd52221d83ccf7394,114253,https://m.dcinside.com/board/pokemoncardgame/114253,삼삼드래sar 등 sr 덱소스팝니다,seller-51447db26eeb90b0124d315b,포갤러,registered,var safe = window.dcAd && window.dcAd.safe ==,var safe = window.dcAd && window.dcAd.safe ==,var safe = (window.dcAd && window.dcAd.safe ==,,,unknown,미분류,1,1,10000,estimated,bundle,text,unknown,,active,needs_review,needs_review,"가격 단위 추정, 복수 카드 가격, 배송비 포함 여부 미확정, 묶음·세트 총액 · 개별 카드 가격 아님",estimated,no,no,var safe = (window.dcAd && window.dcAd.safe == 1)
94fb6bdf481344bcfb6ccede,pokemoncardgame,포켓몬 카드게임,2026-05,2026-05-25T20:59:03+09:00,known,a1802d7588321a4f94ed9ff2,94fb6bdf481344bcfb6ccede,114253,https://m.dcinside.com/board/pokemoncardgame/114253,삼삼드래sar 등 sr 덱소스팝니다,seller-51447db26eeb90b0124d315b,포갤러,registered,Sar sr해서,Sar sr해서,Sar sr해서,,,unknown,미분류,1,2.0,20000,estimated,per_card,text,unknown,,active,needs_review,needs_review,"가격 단위 추정, 배송비 포함 여부 미확정",estimated,yes,candidate_estimated,Sar1장 sr2장해서 2.0팝니다
d452ee7f28d199d72330835e,pokemoncardgame,포켓몬 카드게임,2026-05,2026-05-25T20:59:03+09:00,known,8d50f3901f06030c4976aad8,d452ee7f28d199d72330835e,114253,https://m.dcinside.com/board/pokemoncardgame/114253,삼삼드래sar 등 sr 덱소스팝니다,seller-51447db26eeb90b0124d315b,포갤러,registered,DOM 삽입 헬퍼 현재 스크립트 위치 기준,DOM 삽입 헬퍼 현재 스크립트 위치 기준,// ---- DOM 삽입 헬퍼 (현재 스크립트 위치 기준,,,unknown,미분류,1,1,10000,estimated,bundle,text,unknown,,active,needs_review,needs_review,"가격 단위 추정, 복수 카드 가격, 배송비 포함 여부 미확정, 묶음·세트 총액 · 개별 카드 가격 아님",estimated,no,no,// ---- DOM 삽입 헬퍼 (현재 스크립트 위치 기준1)
9e956ce8da1cde9df8bb0174,pokemoncardgame,포켓몬 카드게임,2026-05,2026-05-25T23:21:28+09:00,known,b09cd259f02674cb006794ff,9e956ce8da1cde9df8bb0174,114274,https://m.dcinside.com/board/pokemoncardgame/114274,하이퍼볼 tr1장 구합니다,seller-971e19abd4f80b06aae567fa,갤러,guest,하이퍼볼 tr 일,하이퍼볼 tr 일,하이퍼볼 tr 일택포,,,unknown,미분류,1,1.5,15000,estimated,per_card,text,included,2000,active,needs_review,needs_review,가격 단위 추정,estimated,yes,candidate_estimated,하이퍼볼 tr 1장 일택포 1.5에 삽니다
be1251a4f75156f386010023,pokemoncardgame,포켓몬 카드게임,2026-05,2026-05-25T23:21:28+09:00,known,6d85e7c48ce2da095328dde4,be1251a4f75156f386010023,114274,https://m.dcinside.com/board/pokemoncardgame/114274,하이퍼볼 tr1장 구합니다,seller-7d05247ec7af85969617d456,갤러,guest,하이퍼볼 tr 일,하이퍼볼 tr 일,하이퍼볼 tr 일택포,,,unknown,미분류,1,1.5,15000,estimated,per_card,text,included,2000,active,needs_review,needs_review,가격 단위 추정,estimated,yes,candidate_estimated,하이퍼볼 tr 1장 일택포 1.5에 삽니다
94c5523bb12545e81c77f82d,pokemoncardgame,포켓몬 카드게임,2026-05,2026-05-27T19:38:13+09:00,known,092198fc6ac06b91739f5c4c,94c5523bb12545e81c77f82d,114444,https://m.dcinside.com/board/pokemoncardgame/114444,언페어랑 각종 스타디움 고레어 팔아요,seller-fe9c7e0f733b0c93a49ccc36,BONUSCO..,registered,일택 + 반택 +,일택 + 반택 +,일택 +4000 반택 +,,,unknown,미분류,1,2000,20000000,estimated,bundle,text,unknown,,active,needs_review,needs_review,"가격 단위 추정, 복수 카드 가격, 배송비 포함 여부 미확정, 묶음·세트 총액 · 개별 카드 가격 아님",estimated,no,no,일택 +4000 반택 +2000
e97df105cde5937aa08fa69e,pokemoncardgame,포켓몬 카드게임,2026-05,2026-05-27T19:38:13+09:00,known,cddf64c360dade53457606eb,e97df105cde5937aa08fa69e,114444,https://m.dcinside.com/board/pokemoncardgame/114444,언페어랑 각종 스타디움 고레어 팔아요,seller-fe9c7e0f733b0c93a49ccc36,BONUSCO..,registered,일택 + 반택 +,일택 + 반택 +,일택 +4000 반택 +,,,unknown,미분류,1,2000,20000000,estimated,bundle,text,unknown,,active,needs_review,needs_review,"가격 단위 추정, 복수 카드 가격, 배송비 포함 여부 미확정, 묶음·세트 총액 · 개별 카드 가격 아님",estimated,no,no,일택 +4000 반택 +2000
177905cac5bc26189ff004c3,pokemoncardgame,포켓몬 카드게임,2026-05,2026-05-27T22:03:59+09:00,known,470208c89ab113272ade3d91,177905cac5bc26189ff004c3,114456,https://m.dcinside.com/board/pokemoncardgame/114456,난천한카덱 구매해봅니다,seller-2081a7ca21dd4767bb3cfadb,ㅇㅇ,guest,이 레시피로 사봅니다. 이 레시피랑 조금 달라도 괜찮습니다. 반,이 레시피로 사봅니다. 이 레시피랑 조금 달라도 괜찮습니다. 반,이 레시피로 사봅니다. 이 레시피랑 조금 달라도 괜찮습니다. 반택포,,,unknown,미분류,1,3.0,30000,estimated,per_card,text,included,2000,active,needs_review,needs_review,가격 단위 추정,estimated,yes,candidate_estimated,이 레시피로 사봅니다. 이 레시피랑 조금 달라도 괜찮습니다. 반택포 3.0 정도에 구해봐요
ae177c495a8327e1eeedff37,pokemoncardgame,포켓몬 카드게임,2026-05,2026-05-27T22:03:59+09:00,known,c4c30ea96a642a1b72f892c6,ae177c495a8327e1eeedff37,114456,https://m.dcinside.com/board/pokemoncardgame/114456,난천한카덱 구매해봅니다,seller-6486a98f4b2ef382fe4f897d,ㅇㅇ,guest,이 레시피로 사봅니다. 이 레시피랑 조금 달라도 괜찮습니다. 반,이 레시피로 사봅니다. 이 레시피랑 조금 달라도 괜찮습니다. 반,이 레시피로 사봅니다. 이 레시피랑 조금 달라도 괜찮습니다. 반택포,,,unknown,미분류,1,3.0,30000,estimated,per_card,text,included,2000,active,needs_review,needs_review,가격 단위 추정,estimated,yes,candidate_estimated,이 레시피로 사봅니다. 이 레시피랑 조금 달라도 괜찮습니다. 반택포 3.0 정도에 구해봐요
2141a97e3bc0c2b4faf038ee,pokemoncardgame,포켓몬 카드게임,2026-05,2026-05-27T22:19:37+09:00,known,6a7b951949e9530e82b54be3,2141a97e3bc0c2b4faf038ee,114460,https://m.dcinside.com/board/pokemoncardgame/114460,"익펜소스 소량 사실분(서처,컴프레서 미러등)",seller-51447db26eeb90b0124d315b,포갤러,registered,드래곤 에너지,드래곤 에너지,드래곤 에너지 장당,,,unknown,미분류,1,0.15,1500,estimated,per_card,text,unknown,,active,needs_review,needs_review,"가격 단위 추정, 배송비 포함 여부 미확정",estimated,yes,candidate_estimated,드래곤 에너지 장당 0.15
301b9d2cc18fa8b341577caf,pokemoncardgame,포켓몬 카드게임,2026-05,2026-05-27T22:19:37+09:00,known,3be1a6f199173a39f72ba46a,301b9d2cc18fa8b341577caf,114460,https://m.dcinside.com/board/pokemoncardgame/114460,"익펜소스 소량 사실분(서처,컴프레서 미러등)",seller-51447db26eeb90b0124d315b,포갤러,registered,박사의편지,박사의편지,박사의편지 장당,,,unknown,미분류,1,0.15,1500,estimated,per_card,text,unknown,,active,needs_review,needs_review,"가격 단위 추정, 배송비 포함 여부 미확정",estimated,yes,candidate_estimated,박사의편지 장당 0.15
669ac6121d5c45bab4f6b9b2,pokemoncardgame,포켓몬 카드게임,2026-05,2026-05-27T22:19:37+09:00,known,3be1a6f199173a39f72ba46a,669ac6121d5c45bab4f6b9b2,114460,https://m.dcinside.com/board/pokemoncardgame/114460,"익펜소스 소량 사실분(서처,컴프레서 미러등)",seller-51447db26eeb90b0124d315b,포갤러,registered,드래곤 에너지,드래곤 에너지,드래곤 에너지 장당,,,unknown,미분류,1,0.15,1500,estimated,per_card,text,unknown,,active,needs_review,needs_review,"가격 단위 추정, 배송비 포함 여부 미확정",estimated,yes,candidate_estimated,드래곤 에너지 장당 0.15
9a9475962e8927bcc9a1e952,pokemoncardgame,포켓몬 카드게임,2026-05,2026-05-27T22:19:37+09:00,known,6a7b951949e9530e82b54be3,9a9475962e8927bcc9a1e952,114460,https://m.dcinside.com/board/pokemoncardgame/114460,"익펜소스 소량 사실분(서처,컴프레서 미러등)",seller-51447db26eeb90b0124d315b,포갤러,registered,배틀서처 미러1 일반,배틀서처 미러1 일반,배틀서처 미러1 일반 1,,,unknown,미분류,1,0.9,9000,estimated,bundle,text,unknown,,active,needs_review,needs_review,"가격 단위 추정, 일괄·세트 가격, 배송비 포함 여부 미확정, 묶음·세트 총액 · 개별 카드 가격 아님",estimated,no,no,배틀서처 미러1 일반 1 일괄 0.9
9c334ae4018800143ab36547,pokemoncardgame,포켓몬 카드게임,2026-05,2026-05-27T22:19:37+09:00,known,6a7b951949e9530e82b54be3,9c334ae4018800143ab36547,114460,https://m.dcinside.com/board/pokemoncardgame/114460,"익펜소스 소량 사실분(서처,컴프레서 미러등)",seller-51447db26eeb90b0124d315b,포갤러,registered,컴프레서 미러,컴프레서 미러,컴프레서 미러,,,unknown,미분류,1,0.6,6000,estimated,per_card,text,unknown,,active,needs_review,needs_review,"가격 단위 추정, 배송비 포함 여부 미확정",estimated,yes,candidate_estimated,컴프레서 미러 1장 0.6
a13587bd1e970ae07801cbe4,pokemoncardgame,포켓몬 카드게임,2026-05,2026-05-27T22:19:37+09:00,known,3be1a6f199173a39f72ba46a,a13587bd1e970ae07801cbe4,114460,https://m.dcinside.com/board/pokemoncardgame/114460,"익펜소스 소량 사실분(서처,컴프레서 미러등)",seller-51447db26eeb90b0124d315b,포갤러,registered,우편함,우편함,우편함,,,unknown,미분류,1,0.15,1500,estimated,per_card,text,unknown,,active,needs_review,needs_review,"가격 단위 추정, 배송비 포함 여부 미확정",estimated,yes,candidate_estimated,우편함 1장 0.15
ca39579f7ae8addd630382cf,pokemoncardgame,포켓몬 카드게임,2026-05,2026-05-27T22:19:37+09:00,known,3be1a6f199173a39f72ba46a,ca39579f7ae8addd630382cf,114460,https://m.dcinside.com/board/pokemoncardgame/114460,"익펜소스 소량 사실분(서처,컴프레서 미러등)",seller-51447db26eeb90b0124d315b,포갤러,registered,배틀서처 미러1 일반,배틀서처 미러1 일반,배틀서처 미러1 일반 1,,,unknown,미분류,1,0.9,9000,estimated,bundle,text,unknown,,active,needs_review,needs_review,"가격 단위 추정, 일괄·세트 가격, 배송비 포함 여부 미확정, 묶음·세트 총액 · 개별 카드 가격 아님",estimated,no,no,배틀서처 미러1 일반 1 일괄 0.9
d1a1ab1c3318cbcfdd90a775,pokemoncardgame,포켓몬 카드게임,2026-05,2026-05-27T22:19:37+09:00,known,6a7b951949e9530e82b54be3,d1a1ab1c3318cbcfdd90a775,114460,https://m.dcinside.com/board/pokemoncardgame/114460,"익펜소스 소량 사실분(서처,컴프레서 미러등)",seller-51447db26eeb90b0124d315b,포갤러,registered,박사의편지,박사의편지,박사의편지 장당,,,unknown,미분류,1,0.15,1500,estimated,per_card,text,unknown,,active,needs_review,needs_review,"가격 단위 추정, 배송비 포함 여부 미확정",estimated,yes,candidate_estimated,박사의편지 장당 0.15
d6697a75eee3c6e26c403e31,pokemoncardgame,포켓몬 카드게임,2026-05,2026-05-27T22:19:37+09:00,known,3be1a6f199173a39f72ba46a,d6697a75eee3c6e26c403e31,114460,https://m.dcinside.com/board/pokemoncardgame/114460,"익펜소스 소량 사실분(서처,컴프레서 미러등)",seller-51447db26eeb90b0124d315b,포갤러,registered,무색에너지,무색에너지,무색에너지 장당,,,unknown,미분류,1,0.15,1500,estimated,per_card,text,unknown,,active,needs_review,needs_review,"가격 단위 추정, 배송비 포함 여부 미확정",estimated,yes,candidate_estimated,무색에너지 장당 0.15
d85cabfba5411f14639fdeb2,pokemoncardgame,포켓몬 카드게임,2026-05,2026-05-27T22:19:37+09:00,known,6a7b951949e9530e82b54be3,d85cabfba5411f14639fdeb2,114460,https://m.dcinside.com/board/pokemoncardgame/114460,"익펜소스 소량 사실분(서처,컴프레서 미러등)",seller-51447db26eeb90b0124d315b,포갤러,registered,무색에너지,무색에너지,무색에너지 장당,,,unknown,미분류,1,0.15,1500,estimated,per_card,text,unknown,,active,needs_review,needs_review,"가격 단위 추정, 배송비 포함 여부 미확정",estimated,yes,candidate_estimated,무색에너지 장당 0.15
f2323b7e672c253f42772536,pokemoncardgame,포켓몬 카드게임,2026-05,2026-05-27T22:19:37+09:00,known,3be1a6f199173a39f72ba46a,f2323b7e672c253f42772536,114460,https://m.dcinside.com/board/pokemoncardgame/114460,"익펜소스 소량 사실분(서처,컴프레서 미러등)",seller-51447db26eeb90b0124d315b,포갤러,registered,컴프레서 미러,컴프레서 미러,컴프레서 미러,,,unknown,미분류,1,0.6,6000,estimated,per_card,text,unknown,,active,needs_review,needs_review,"가격 단위 추정, 배송비 포함 여부 미확정",estimated,yes,candidate_estimated,컴프레서 미러 1장 0.6
fb3a6dc60910ed8de5758a31,pokemoncardgame,포켓몬 카드게임,2026-05,2026-05-27T22:19:37+09:00,known,6a7b951949e9530e82b54be3,fb3a6dc60910ed8de5758a31,114460,https://m.dcinside.com/board/pokemoncardgame/114460,"익펜소스 소량 사실분(서처,컴프레서 미러등)",seller-51447db26eeb90b0124d315b,포갤러,registered,우편함,우편함,우편함,,,unknown,미분류,1,0.15,1500,estimated,per_card,text,unknown,,active,needs_review,needs_review,"가격 단위 추정, 배송비 포함 여부 미확정",estimated,yes,candidate_estimated,우편함 1장 0.15
148dda89fbdf2f29c07468bb,pokemoncardgame,포켓몬 카드게임,2026-05,2026-05-27T23:10:52+09:00,known,77eed72141a82851d5a8863a,148dda89fbdf2f29c07468bb,114466,https://m.dcinside.com/board/pokemoncardgame/114466,고레어 몇장 사여,seller-0dda0892e7e610e768668ef7,키라야나와결혼..,registered,하솔 sr x,하솔 sr x,하솔 sr x,,,unknown,미분류,1,0.6,6000,estimated,per_card,text,unknown,,active,needs_review,needs_review,"가격 단위 추정, 배송비 포함 여부 미확정",estimated,yes,candidate_estimated,하솔 sr x 0.6
1faba485fe5eb29771c000dd,pokemoncardgame,포켓몬 카드게임,2026-05,2026-05-27T23:10:52+09:00,known,77eed72141a82851d5a8863a,1faba485fe5eb29771c000dd,114466,https://m.dcinside.com/board/pokemoncardgame/114466,고레어 몇장 사여,seller-0dda0892e7e610e768668ef7,키라야나와결혼..,registered,이야후 ar x,이야후 ar x,이야후 ar x 1,,,unknown,미분류,1,0.4,4000,estimated,per_card,text,unknown,,active,needs_review,needs_review,"가격 단위 추정, 배송비 포함 여부 미확정",estimated,yes,candidate_estimated,이야후 ar x 1 0.4
4e8e73bad50216a46591a315,pokemoncardgame,포켓몬 카드게임,2026-05,2026-05-27T23:10:52+09:00,known,398516f56298db022d0c1509,4e8e73bad50216a46591a315,114466,https://m.dcinside.com/board/pokemoncardgame/114466,고레어 몇장 사여,seller-0dda0892e7e610e768668ef7,키라야나와결혼..,registered,이야후 ar x,이야후 ar x,이야후 ar x 1,,,unknown,미분류,1,0.4,4000,estimated,per_card,text,unknown,,active,needs_review,needs_review,"가격 단위 추정, 배송비 포함 여부 미확정",estimated,yes,candidate_estimated,이야후 ar x 1 0.4
52b5c76b3cc502dac3fde0f8,pokemoncardgame,포켓몬 카드게임,2026-05,2026-05-27T23:10:52+09:00,known,398516f56298db022d0c1509,52b5c76b3cc502dac3fde0f8,114466,https://m.dcinside.com/board/pokemoncardgame/114466,고레어 몇장 사여,seller-0dda0892e7e610e768668ef7,키라야나와결혼..,registered,하솔 sr x,하솔 sr x,하솔 sr x,,,unknown,미분류,1,0.6,6000,estimated,per_card,text,unknown,,active,needs_review,needs_review,"가격 단위 추정, 배송비 포함 여부 미확정",estimated,yes,candidate_estimated,하솔 sr x 0.6
69c848f210092ab588227757,pokemoncardgame,포켓몬 카드게임,2026-05,2026-05-27T23:10:52+09:00,known,77eed72141a82851d5a8863a,69c848f210092ab588227757,114466,https://m.dcinside.com/board/pokemoncardgame/114466,고레어 몇장 사여,seller-0dda0892e7e610e768668ef7,키라야나와결혼..,registered,마운틴 ur,마운틴 ur,마운틴 ur,,,unknown,미분류,1,0.7,7000,estimated,per_card,text,unknown,,active,needs_review,needs_review,"가격 단위 추정, 배송비 포함 여부 미확정",estimated,yes,candidate_estimated,마운틴 ur 0.7
7713adb75f31b4d96d392b4e,pokemoncardgame,포켓몬 카드게임,2026-05,2026-05-27T23:10:52+09:00,known,398516f56298db022d0c1509,7713adb75f31b4d96d392b4e,114466,https://m.dcinside.com/board/pokemoncardgame/114466,고레어 몇장 사여,seller-0dda0892e7e610e768668ef7,키라야나와결혼..,registered,싸리용 ar x,싸리용 ar x,싸리용 ar x 1,,,unknown,미분류,1,0.3,3000,estimated,per_card,text,unknown,,active,needs_review,needs_review,"가격 단위 추정, 배송비 포함 여부 미확정",estimated,yes,candidate_estimated,싸리용 ar x 1 0.3
92de257eba2cfa06c47918fb,pokemoncardgame,포켓몬 카드게임,2026-05,2026-05-27T23:10:52+09:00,known,398516f56298db022d0c1509,92de257eba2cfa06c47918fb,114466,https://m.dcinside.com/board/pokemoncardgame/114466,고레어 몇장 사여,seller-0dda0892e7e610e768668ef7,키라야나와결혼..,registered,마운틴 ur,마운틴 ur,마운틴 ur,,,unknown,미분류,1,0.7,7000,estimated,per_card,text,unknown,,active,needs_review,needs_review,"가격 단위 추정, 배송비 포함 여부 미확정",estimated,yes,candidate_estimated,마운틴 ur 0.7
b6f85f71080385d046b575de,pokemoncardgame,포켓몬 카드게임,2026-05,2026-05-27T23:10:52+09:00,known,77eed72141a82851d5a8863a,b6f85f71080385d046b575de,114466,https://m.dcinside.com/board/pokemoncardgame/114466,고레어 몇장 사여,seller-0dda0892e7e610e768668ef7,키라야나와결혼..,registered,싸리용 ar x,싸리용 ar x,싸리용 ar x 1,,,unknown,미분류,1,0.3,3000,estimated,per_card,text,unknown,,active,needs_review,needs_review,"가격 단위 추정, 배송비 포함 여부 미확정",estimated,yes,candidate_estimated,싸리용 ar x 1 0.3
0cacb4728ec18965493567d9,pokemoncardgame,포켓몬 카드게임,2026-05,2026-05-28T15:30:40+09:00,known,45490f065a08082b93f01a01,0cacb4728ec18965493567d9,114504,https://m.dcinside.com/board/pokemoncardgame/114504,"유니버스 악에너지sr 2장, 사슬떡 몬볼미러 1장 삽니다",seller-84c41d19a6d73cb0391c7afb,님피아동굴탐험..,registered,시,시,직거래시,,,unknown,미분류,1,1.7,17000,estimated,per_card,text,unknown,,active,needs_review,needs_review,"가격 단위 추정, 배송비 포함 여부 미확정",estimated,yes,candidate_estimated,직거래시 1.7에 ㅅㅅㅅㅅㅅ
75f8164ab8d87cf870901352,pokemoncardgame,포켓몬 카드게임,2026-05,2026-05-28T15:30:40+09:00,known,1172e9214de3909611a04ba9,75f8164ab8d87cf870901352,114504,https://m.dcinside.com/board/pokemoncardgame/114504,"유니버스 악에너지sr 2장, 사슬떡 몬볼미러 1장 삽니다",seller-84c41d19a6d73cb0391c7afb,님피아동굴탐험..,registered,시,시,직거래시,,,unknown,미분류,1,1.7,17000,estimated,per_card,text,unknown,,active,needs_review,needs_review,"가격 단위 추정, 배송비 포함 여부 미확정",estimated,yes,candidate_estimated,직거래시 1.7에 ㅅㅅㅅㅅㅅ
9d1c671f90eb5042419af034,pokemoncardgame,포켓몬 카드게임,2026-05,2026-05-28T15:30:40+09:00,known,1172e9214de3909611a04ba9,9d1c671f90eb5042419af034,114504,https://m.dcinside.com/board/pokemoncardgame/114504,"유니버스 악에너지sr 2장, 사슬떡 몬볼미러 1장 삽니다",seller-84c41d19a6d73cb0391c7afb,님피아동굴탐험..,registered,,,,,,unknown,미분류,1,2.0,20000,estimated,bundle,text,included,2000,active,needs_review,needs_review,"가격 단위 추정, 일괄·세트 가격, 카드명 확인 필요, 묶음·세트 총액 · 개별 카드 가격 아님",estimated,no,no,일괄 택포 2.0으로 삽니다....
b3365216bd5fc5245f01f521,pokemoncardgame,포켓몬 카드게임,2026-05,2026-05-28T15:30:40+09:00,known,45490f065a08082b93f01a01,b3365216bd5fc5245f01f521,114504,https://m.dcinside.com/board/pokemoncardgame/114504,"유니버스 악에너지sr 2장, 사슬떡 몬볼미러 1장 삽니다",seller-84c41d19a6d73cb0391c7afb,님피아동굴탐험..,registered,,,,,,unknown,미분류,1,2.0,20000,estimated,bundle,text,included,2000,active,needs_review,needs_review,"가격 단위 추정, 일괄·세트 가격, 카드명 확인 필요, 묶음·세트 총액 · 개별 카드 가격 아님",estimated,no,no,일괄 택포 2.0으로 삽니다....
92e0b3499986425ee35b4c2c,pokemoncardgame,포켓몬 카드게임,2026-05,2026-05-29T00:00:53+09:00,known,d709ce0c098004cafe189178,92e0b3499986425ee35b4c2c,114565,https://m.dcinside.com/board/pokemoncardgame/114565,익펜소스 구합니다,seller-51447db26eeb90b0124d315b,포갤러,registered,,,,,,unknown,미분류,1,3,30000,estimated,bundle,text,unknown,,active,needs_review,needs_review,"일괄·세트 가격, 배송비 포함 여부 미확정, 카드명 확인 필요, 묶음·세트 총액 · 개별 카드 가격 아님",estimated,no,no,일괄 3만원에 구합니다 가격 이상하면 말해주세요
a08c3df721a16b339137c3cd,pokemoncardgame,포켓몬 카드게임,2026-05,2026-05-29T00:00:53+09:00,known,471de263d7896afd079f6971,a08c3df721a16b339137c3cd,114565,https://m.dcinside.com/board/pokemoncardgame/114565,익펜소스 구합니다,seller-51447db26eeb90b0124d315b,포갤러,registered,,,,,,unknown,미분류,1,3,30000,estimated,bundle,text,unknown,,active,needs_review,needs_review,"일괄·세트 가격, 배송비 포함 여부 미확정, 카드명 확인 필요, 묶음·세트 총액 · 개별 카드 가격 아님",estimated,no,no,일괄 3만원에 구합니다 가격 이상하면 말해주세요
046591410e47e013e53d44df,pokemoncardgame,포켓몬 카드게임,2026-05,2026-05-29T15:18:45+09:00,known,83e7b77bcbc7b897c1e34480,046591410e47e013e53d44df,114599,https://m.dcinside.com/board/pokemoncardgame/114599,심향 블범 덱 팔아요,seller-f31597d3810e82d6cfe5483f,화리수,guest,DOM 삽입 헬퍼 현재 스크립트 위치 기준,DOM 삽입 헬퍼 현재 스크립트 위치 기준,// ---- DOM 삽입 헬퍼 (현재 스크립트 위치 기준,,,unknown,미분류,1,1,10000,estimated,bundle,text,unknown,,active,needs_review,needs_review,"가격 단위 추정, 복수 카드 가격, 배송비 포함 여부 미확정, 묶음·세트 총액 · 개별 카드 가격 아님",estimated,no,no,// ---- DOM 삽입 헬퍼 (현재 스크립트 위치 기준1)
096b67eb58baf832643a939b,pokemoncardgame,포켓몬 카드게임,2026-05,2026-05-29T15:18:45+09:00,known,83e7b77bcbc7b897c1e34480,096b67eb58baf832643a939b,114599,https://m.dcinside.com/board/pokemoncardgame/114599,심향 블범 덱 팔아요,seller-f31597d3810e82d6cfe5483f,화리수,guest,loadScript 'https pagead,loadScript 'https pagead,loadScript('https://pagead,,,unknown,미분류,1,2,20000,estimated,bundle,text,unknown,,active,needs_review,needs_review,"가격 단위 추정, 복수 카드 가격, 배송비 포함 여부 미확정, 묶음·세트 총액 · 개별 카드 가격 아님",estimated,no,no,"loadScript('https://pagead2.googlesyndication.com/pagead/js/adsbygoogle_direct.js?client=ca-pub-8171468792791627', true, 'anonymous');"
37fe582074918d04329fad78,pokemoncardgame,포켓몬 카드게임,2026-05,2026-05-29T15:18:45+09:00,known,a9783d8915c949d879782658,37fe582074918d04329fad78,114599,https://m.dcinside.com/board/pokemoncardgame/114599,심향 블범 덱 팔아요,seller-bee409a5d0dc121543a850d3,화리수,guest,loadScript ' t,loadScript ' t,loadScript('//t,,,unknown,미분류,1,1,10000,estimated,bundle,text,unknown,,active,needs_review,needs_review,"가격 단위 추정, 복수 카드 가격, 배송비 포함 여부 미확정, 묶음·세트 총액 · 개별 카드 가격 아님",estimated,no,no,"loadScript('//t1.kakaocdn.net/kas/static/ba.min.js', true);"
3d1b6664fb1685b2c7b208dd,pokemoncardgame,포켓몬 카드게임,2026-05,2026-05-29T15:18:45+09:00,known,a9783d8915c949d879782658,3d1b6664fb1685b2c7b208dd,114599,https://m.dcinside.com/board/pokemoncardgame/114599,심향 블범 덱 팔아요,seller-bee409a5d0dc121543a850d3,화리수,guest,var safe = window.dcAd && window.dcAd.safe ==,var safe = window.dcAd && window.dcAd.safe ==,var safe = (window.dcAd && window.dcAd.safe ==,,,unknown,미분류,1,1,10000,estimated,bundle,text,unknown,,active,needs_review,needs_review,"가격 단위 추정, 복수 카드 가격, 배송비 포함 여부 미확정, 묶음·세트 총액 · 개별 카드 가격 아님",estimated,no,no,var safe = (window.dcAd && window.dcAd.safe == 1)
7842bc9a249a3a79ff5113a7,pokemoncardgame,포켓몬 카드게임,2026-05,2026-05-29T15:18:45+09:00,known,83e7b77bcbc7b897c1e34480,7842bc9a249a3a79ff5113a7,114599,https://m.dcinside.com/board/pokemoncardgame/114599,심향 블범 덱 팔아요,seller-f31597d3810e82d6cfe5483f,화리수,guest,loadScript ' t,loadScript ' t,loadScript('//t,,,unknown,미분류,1,1,10000,estimated,bundle,text,unknown,,active,needs_review,needs_review,"가격 단위 추정, 복수 카드 가격, 배송비 포함 여부 미확정, 묶음·세트 총액 · 개별 카드 가격 아님",estimated,no,no,"loadScript('//t1.kakaocdn.net/kas/static/ba.min.js', true);"
829fd600019c813a84eeefcc,pokemoncardgame,포켓몬 카드게임,2026-05,2026-05-29T15:18:45+09:00,known,a9783d8915c949d879782658,829fd600019c813a84eeefcc,114599,https://m.dcinside.com/board/pokemoncardgame/114599,심향 블범 덱 팔아요,seller-bee409a5d0dc121543a850d3,화리수,guest,loadScript 'https pagead,loadScript 'https pagead,loadScript('https://pagead,,,unknown,미분류,1,2,20000,estimated,bundle,text,unknown,,active,needs_review,needs_review,"가격 단위 추정, 복수 카드 가격, 배송비 포함 여부 미확정, 묶음·세트 총액 · 개별 카드 가격 아님",estimated,no,no,"loadScript('https://pagead2.googlesyndication.com/pagead/js/adsbygoogle_direct.js?client=ca-pub-8171468792791627', true, 'anonymous');"
8496baee721a45fefe7508eb,pokemoncardgame,포켓몬 카드게임,2026-05,2026-05-29T15:18:45+09:00,known,83e7b77bcbc7b897c1e34480,8496baee721a45fefe7508eb,114599,https://m.dcinside.com/board/pokemoncardgame/114599,심향 블범 덱 팔아요,seller-f31597d3810e82d6cfe5483f,화리수,guest,var safe = window.dcAd && window.dcAd.safe ==,var safe = window.dcAd && window.dcAd.safe ==,var safe = (window.dcAd && window.dcAd.safe ==,,,unknown,미분류,1,1,10000,estimated,bundle,text,unknown,,active,needs_review,needs_review,"가격 단위 추정, 복수 카드 가격, 배송비 포함 여부 미확정, 묶음·세트 총액 · 개별 카드 가격 아님",estimated,no,no,var safe = (window.dcAd && window.dcAd.safe == 1)
8f9f6b49886eb780b061de21,pokemoncardgame,포켓몬 카드게임,2026-05,2026-05-29T15:18:45+09:00,known,a9783d8915c949d879782658,8f9f6b49886eb780b061de21,114599,https://m.dcinside.com/board/pokemoncardgame/114599,심향 블범 덱 팔아요,seller-bee409a5d0dc121543a850d3,화리수,guest,DOM 삽입 헬퍼 현재 스크립트 위치 기준,DOM 삽입 헬퍼 현재 스크립트 위치 기준,// ---- DOM 삽입 헬퍼 (현재 스크립트 위치 기준,,,unknown,미분류,1,1,10000,estimated,bundle,text,unknown,,active,needs_review,needs_review,"가격 단위 추정, 복수 카드 가격, 배송비 포함 여부 미확정, 묶음·세트 총액 · 개별 카드 가격 아님",estimated,no,no,// ---- DOM 삽입 헬퍼 (현재 스크립트 위치 기준1)
1efd7920a521497dfe0431e3,pokemoncardgame,포켓몬 카드게임,2026-05,2026-05-29T19:00:49+09:00,known,2540148cf5ca9cec140a5ef0,1efd7920a521497dfe0431e3,114621,https://m.dcinside.com/board/pokemoncardgame/114621,토요일 신사 직으로 팔아봅니다,seller-fe9c7e0f733b0c93a49ccc36,BONUSCO..,registered,거북왕 슬리브 미개봉,거북왕 슬리브 미개봉,거북왕 슬리브 64매 미개봉,,,unknown,미분류,1,3000,30000000,estimated,per_card,text,unknown,,active,needs_review,needs_review,"가격 단위 추정, 배송비 포함 여부 미확정",estimated,yes,candidate_estimated,거북왕 슬리브 64매 미개봉 3000
5bddd3ef65cc36699eacdacb,pokemoncardgame,포켓몬 카드게임,2026-05,2026-05-29T19:00:49+09:00,known,c3c16c7f1a339e5b44201258,5bddd3ef65cc36699eacdacb,114621,https://m.dcinside.com/board/pokemoncardgame/114621,토요일 신사 직으로 팔아봅니다,seller-fe9c7e0f733b0c93a49ccc36,BONUSCO..,registered,거북왕 슬리브 미개봉,거북왕 슬리브 미개봉,거북왕 슬리브 64매 미개봉,,,unknown,미분류,1,3000,30000000,estimated,per_card,text,unknown,,active,needs_review,needs_review,"가격 단위 추정, 배송비 포함 여부 미확정",estimated,yes,candidate_estimated,거북왕 슬리브 64매 미개봉 3000
0f32714dea272dc67c85cd98,pokemoncardgame,포켓몬 카드게임,2026-05,2026-05-29T19:41:26+09:00,known,9f4d49ed37eaef8afab503e0,0f32714dea272dc67c85cd98,114624,https://m.dcinside.com/board/pokemoncardgame/114624,잡카 ㅅ,seller-6b7fac60cd46fb8f54dc840c,flower_..,registered,돈크로우 R미러,돈크로우 R미러,돈크로우 R미러,,,unknown,미분류,1,3,30000,estimated,per_card,text,unknown,,active,needs_review,needs_review,"가격 단위 추정, 배송비 포함 여부 미확정",estimated,yes,candidate_estimated,돈크로우 R미러 3
100f0a27f903a3ba50548c9e,pokemoncardgame,포켓몬 카드게임,2026-05,2026-05-29T19:41:26+09:00,known,9f4d49ed37eaef8afab503e0,100f0a27f903a3ba50548c9e,114624,https://m.dcinside.com/board/pokemoncardgame/114624,잡카 ㅅ,seller-6b7fac60cd46fb8f54dc840c,flower_..,registered,변환 과사삭벌레,변환 과사삭벌레,변환 과사삭벌레,,,unknown,미분류,1,1,10000,estimated,per_card,text,unknown,,active,needs_review,needs_review,"가격 단위 추정, 배송비 포함 여부 미확정",estimated,yes,candidate_estimated,변환 과사삭벌레 1
2d1e35b87437111b9e2e8ad2,pokemoncardgame,포켓몬 카드게임,2026-05,2026-05-29T19:41:26+09:00,known,27722bd4d6d582b810f79e4c,2d1e35b87437111b9e2e8ad2,114624,https://m.dcinside.com/board/pokemoncardgame/114624,잡카 ㅅ,seller-6b7fac60cd46fb8f54dc840c,flower_..,registered,노고고치 마볼,노고고치 마볼,노고고치 마볼,,,unknown,미분류,1,2,20000,estimated,per_card,text,unknown,,active,needs_review,needs_review,"가격 단위 추정, 배송비 포함 여부 미확정",estimated,yes,candidate_estimated,노고고치 마볼 2
49b2f2ce6f9b3eb953cf7ccc,pokemoncardgame,포켓몬 카드게임,2026-05,2026-05-29T19:41:26+09:00,known,9f4d49ed37eaef8afab503e0,49b2f2ce6f9b3eb953cf7ccc,114624,https://m.dcinside.com/board/pokemoncardgame/114624,잡카 ㅅ,seller-6b7fac60cd46fb8f54dc840c,flower_..,registered,난천의 딥상어동 드림 볼미러,난천의 딥상어동 드림 볼미러,난천의 딥상어동 드림 볼미러,,,unknown,미분류,1,1,10000,estimated,per_card,text,unknown,,active,needs_review,needs_review,"가격 단위 추정, 배송비 포함 여부 미확정",estimated,yes,candidate_estimated,난천의 딥상어동 드림 볼미러 1
655b288e5f85864915bbe021,pokemoncardgame,포켓몬 카드게임,2026-05,2026-05-29T19:41:26+09:00,known,27722bd4d6d582b810f79e4c,655b288e5f85864915bbe021,114624,https://m.dcinside.com/board/pokemoncardgame/114624,잡카 ㅅ,seller-6b7fac60cd46fb8f54dc840c,flower_..,registered,난천의 한바이트 드림 볼미러,난천의 한바이트 드림 볼미러,난천의 한바이트 드림 볼미러,,,unknown,미분류,1,2,20000,estimated,per_card,text,unknown,,active,needs_review,needs_review,"가격 단위 추정, 배송비 포함 여부 미확정",estimated,yes,candidate_estimated,난천의 한바이트 드림 볼미러 2
6f81e7c4a792ea0c3ac080e5,pokemoncardgame,포켓몬 카드게임,2026-05,2026-05-29T19:41:26+09:00,known,9f4d49ed37eaef8afab503e0,6f81e7c4a792ea0c3ac080e5,114624,https://m.dcinside.com/board/pokemoncardgame/114624,잡카 ㅅ,seller-6b7fac60cd46fb8f54dc840c,flower_..,registered,카지 sr,카지 sr,카지 sr,,,unknown,미분류,1,1,10000,estimated,per_card,text,unknown,,active,needs_review,needs_review,"가격 단위 추정, 배송비 포함 여부 미확정",estimated,yes,candidate_estimated,카지 sr 1
719eb3279c40581f91d0ba25,pokemoncardgame,포켓몬 카드게임,2026-05,2026-05-29T19:41:26+09:00,known,27722bd4d6d582b810f79e4c,719eb3279c40581f91d0ba25,114624,https://m.dcinside.com/board/pokemoncardgame/114624,잡카 ㅅ,seller-6b7fac60cd46fb8f54dc840c,flower_..,registered,난천의 딥상어동 드림 볼미러,난천의 딥상어동 드림 볼미러,난천의 딥상어동 드림 볼미러,,,unknown,미분류,1,1,10000,estimated,per_card,text,unknown,,active,needs_review,needs_review,"가격 단위 추정, 배송비 포함 여부 미확정",estimated,yes,candidate_estimated,난천의 딥상어동 드림 볼미러 1
752fd5214a8ba0090444073e,pokemoncardgame,포켓몬 카드게임,2026-05,2026-05-29T19:41:26+09:00,known,9f4d49ed37eaef8afab503e0,752fd5214a8ba0090444073e,114624,https://m.dcinside.com/board/pokemoncardgame/114624,잡카 ㅅ,seller-6b7fac60cd46fb8f54dc840c,flower_..,registered,난천의 한바이트 드림 볼미러,난천의 한바이트 드림 볼미러,난천의 한바이트 드림 볼미러,,,unknown,미분류,1,2,20000,estimated,per_card,text,unknown,,active,needs_review,needs_review,"가격 단위 추정, 배송비 포함 여부 미확정",estimated,yes,candidate_estimated,난천의 한바이트 드림 볼미러 2
870cbaacbaf11afac570c3ec,pokemoncardgame,포켓몬 카드게임,2026-05,2026-05-29T19:41:26+09:00,known,27722bd4d6d582b810f79e4c,870cbaacbaf11afac570c3ec,114624,https://m.dcinside.com/board/pokemoncardgame/114624,잡카 ㅅ,seller-6b7fac60cd46fb8f54dc840c,flower_..,registered,돈크로우 R미러,돈크로우 R미러,돈크로우 R미러,,,unknown,미분류,1,3,30000,estimated,per_card,text,unknown,,active,needs_review,needs_review,"가격 단위 추정, 배송비 포함 여부 미확정",estimated,yes,candidate_estimated,돈크로우 R미러 3
9af898d1d79991ea112b220e,pokemoncardgame,포켓몬 카드게임,2026-05,2026-05-29T19:41:26+09:00,known,9f4d49ed37eaef8afab503e0,9af898d1d79991ea112b220e,114624,https://m.dcinside.com/board/pokemoncardgame/114624,잡카 ㅅ,seller-6b7fac60cd46fb8f54dc840c,flower_..,registered,난천의 한카리아스 sr,난천의 한카리아스 sr,난천의 한카리아스 sr,,,unknown,미분류,1,3,30000,estimated,per_card,text,unknown,,active,needs_review,needs_review,"가격 단위 추정, 배송비 포함 여부 미확정",estimated,yes,candidate_estimated,난천의 한카리아스 sr 3
ada0bf5dcef6306b0983d3d1,pokemoncardgame,포켓몬 카드게임,2026-05,2026-05-29T19:41:26+09:00,known,9f4d49ed37eaef8afab503e0,ada0bf5dcef6306b0983d3d1,114624,https://m.dcinside.com/board/pokemoncardgame/114624,잡카 ㅅ,seller-6b7fac60cd46fb8f54dc840c,flower_..,registered,두랄루돈 몬볼,두랄루돈 몬볼,두랄루돈 몬볼,,,unknown,미분류,1,3,30000,estimated,per_card,text,unknown,,active,needs_review,needs_review,"가격 단위 추정, 배송비 포함 여부 미확정",estimated,yes,candidate_estimated,두랄루돈 몬볼 3
b71932721e4f789b1e8eb77d,pokemoncardgame,포켓몬 카드게임,2026-05,2026-05-29T19:41:26+09:00,known,27722bd4d6d582b810f79e4c,b71932721e4f789b1e8eb77d,114624,https://m.dcinside.com/board/pokemoncardgame/114624,잡카 ㅅ,seller-6b7fac60cd46fb8f54dc840c,flower_..,registered,메가입치트 sr,메가입치트 sr,메가입치트 sr,,,unknown,미분류,1,1,10000,estimated,per_card,text,unknown,,active,needs_review,needs_review,"가격 단위 추정, 배송비 포함 여부 미확정",estimated,yes,candidate_estimated,메가입치트 sr 1
baa5644e803cdae671745fbc,pokemoncardgame,포켓몬 카드게임,2026-05,2026-05-29T19:41:26+09:00,known,27722bd4d6d582b810f79e4c,baa5644e803cdae671745fbc,114624,https://m.dcinside.com/board/pokemoncardgame/114624,잡카 ㅅ,seller-6b7fac60cd46fb8f54dc840c,flower_..,registered,두랄루돈 몬볼,두랄루돈 몬볼,두랄루돈 몬볼,,,unknown,미분류,1,3,30000,estimated,per_card,text,unknown,,active,needs_review,needs_review,"가격 단위 추정, 배송비 포함 여부 미확정",estimated,yes,candidate_estimated,두랄루돈 몬볼 3
c320098e675d3784b72f48b1,pokemoncardgame,포켓몬 카드게임,2026-05,2026-05-29T19:41:26+09:00,known,27722bd4d6d582b810f79e4c,c320098e675d3784b72f48b1,114624,https://m.dcinside.com/board/pokemoncardgame/114624,잡카 ㅅ,seller-6b7fac60cd46fb8f54dc840c,flower_..,registered,난천의 한카리아스 sr,난천의 한카리아스 sr,난천의 한카리아스 sr,,,unknown,미분류,1,3,30000,estimated,per_card,text,unknown,,active,needs_review,needs_review,"가격 단위 추정, 배송비 포함 여부 미확정",estimated,yes,candidate_estimated,난천의 한카리아스 sr 3
c406507bdf0e9ddc10c20f1e,pokemoncardgame,포켓몬 카드게임,2026-05,2026-05-29T19:41:26+09:00,known,9f4d49ed37eaef8afab503e0,c406507bdf0e9ddc10c20f1e,114624,https://m.dcinside.com/board/pokemoncardgame/114624,잡카 ㅅ,seller-6b7fac60cd46fb8f54dc840c,flower_..,registered,메가입치트 sr,메가입치트 sr,메가입치트 sr,,,unknown,미분류,1,1,10000,estimated,per_card,text,unknown,,active,needs_review,needs_review,"가격 단위 추정, 배송비 포함 여부 미확정",estimated,yes,candidate_estimated,메가입치트 sr 1
e70e346147447aed114d8ad7,pokemoncardgame,포켓몬 카드게임,2026-05,2026-05-29T19:41:26+09:00,known,27722bd4d6d582b810f79e4c,e70e346147447aed114d8ad7,114624,https://m.dcinside.com/board/pokemoncardgame/114624,잡카 ㅅ,seller-6b7fac60cd46fb8f54dc840c,flower_..,registered,프리저 R미러,프리저 R미러,프리저 R미러,,,unknown,미분류,1,1,10000,estimated,per_card,text,unknown,,active,needs_review,needs_review,"가격 단위 추정, 배송비 포함 여부 미확정",estimated,yes,candidate_estimated,프리저 R미러 1
e9b9901e2a961deb033c11e9,pokemoncardgame,포켓몬 카드게임,2026-05,2026-05-29T19:41:26+09:00,known,9f4d49ed37eaef8afab503e0,e9b9901e2a961deb033c11e9,114624,https://m.dcinside.com/board/pokemoncardgame/114624,잡카 ㅅ,seller-6b7fac60cd46fb8f54dc840c,flower_..,registered,노고고치 마볼,노고고치 마볼,노고고치 마볼,,,unknown,미분류,1,2,20000,estimated,per_card,text,unknown,,active,needs_review,needs_review,"가격 단위 추정, 배송비 포함 여부 미확정",estimated,yes,candidate_estimated,노고고치 마볼 2
ec334213ecf3e79d32a647c6,pokemoncardgame,포켓몬 카드게임,2026-05,2026-05-29T19:41:26+09:00,known,9f4d49ed37eaef8afab503e0,ec334213ecf3e79d32a647c6,114624,https://m.dcinside.com/board/pokemoncardgame/114624,잡카 ㅅ,seller-6b7fac60cd46fb8f54dc840c,flower_..,registered,프리저 R미러,프리저 R미러,프리저 R미러,,,unknown,미분류,1,1,10000,estimated,per_card,text,unknown,,active,needs_review,needs_review,"가격 단위 추정, 배송비 포함 여부 미확정",estimated,yes,candidate_estimated,프리저 R미러 1
f639c67bed789811dc008a61,pokemoncardgame,포켓몬 카드게임,2026-05,2026-05-29T19:41:26+09:00,known,27722bd4d6d582b810f79e4c,f639c67bed789811dc008a61,114624,https://m.dcinside.com/board/pokemoncardgame/114624,잡카 ㅅ,seller-6b7fac60cd46fb8f54dc840c,flower_..,registered,카지 sr,카지 sr,카지 sr,,,unknown,미분류,1,1,10000,estimated,per_card,text,unknown,,active,needs_review,needs_review,"가격 단위 추정, 배송비 포함 여부 미확정",estimated,yes,candidate_estimated,카지 sr 1
fbe4264c97eeaff7a772545e,pokemoncardgame,포켓몬 카드게임,2026-05,2026-05-29T19:41:26+09:00,known,27722bd4d6d582b810f79e4c,fbe4264c97eeaff7a772545e,114624,https://m.dcinside.com/board/pokemoncardgame/114624,잡카 ㅅ,seller-6b7fac60cd46fb8f54dc840c,flower_..,registered,변환 과사삭벌레,변환 과사삭벌레,변환 과사삭벌레,,,unknown,미분류,1,1,10000,estimated,per_card,text,unknown,,active,needs_review,needs_review,"가격 단위 추정, 배송비 포함 여부 미확정",estimated,yes,candidate_estimated,변환 과사삭벌레 1
58d55b9f995a0da0c3ffc852,pokemoncardgame,포켓몬 카드게임,2026-05,2026-05-29T23:59:19+09:00,known,7cf0966df37555a2d8ce0f3d,58d55b9f995a0da0c3ffc852,114651,https://m.dcinside.com/board/pokemoncardgame/114651,우레 덱소스 구함(완),seller-418f724fd3cc8d2b5f956171,노노노치,registered,편,편,편택포,,,unknown,미분류,1,2,20000,estimated,bundle,text,included,2000,active,needs_review,needs_review,"일괄·세트 가격, 묶음·세트 총액 · 개별 카드 가격 아님",estimated,no,no,일괄 편택포 2만원에 구함
ef09d0c9fa4cea4fad054c9c,pokemoncardgame,포켓몬 카드게임,2026-05,2026-05-29T23:59:19+09:00,known,bd3de2e8e9b3d35e27cd6f79,ef09d0c9fa4cea4fad054c9c,114651,https://m.dcinside.com/board/pokemoncardgame/114651,우레 덱소스 구함(완),seller-418f724fd3cc8d2b5f956171,노노노치,registered,편,편,편택포,,,unknown,미분류,1,2,20000,estimated,bundle,text,included,2000,active,needs_review,needs_review,"일괄·세트 가격, 묶음·세트 총액 · 개별 카드 가격 아님",estimated,no,no,일괄 편택포 2만원에 구함
13dd706b7d216b3b1ba148aa,pokemoncardgame,포켓몬 카드게임,2026-05,2026-05-30T00:13:48+09:00,known,09f49deabbe9785292d88d44,13dd706b7d216b3b1ba148aa,114653,https://m.dcinside.com/board/pokemoncardgame/114653,조타구 덱 팜팜,seller-63c47f2578f201ea74e7457d,똥겜똥캐,registered,loadScript ' t,loadScript ' t,loadScript('//t,,,unknown,미분류,1,1,10000,estimated,bundle,text,unknown,,active,needs_review,needs_review,"가격 단위 추정, 복수 카드 가격, 배송비 포함 여부 미확정, 묶음·세트 총액 · 개별 카드 가격 아님",estimated,no,no,"loadScript('//t1.kakaocdn.net/kas/static/ba.min.js', true);"
24442cc89dea8dced095bdfb,pokemoncardgame,포켓몬 카드게임,2026-05,2026-05-30T00:13:48+09:00,known,50269c8b294cce1621526a7a,24442cc89dea8dced095bdfb,114653,https://m.dcinside.com/board/pokemoncardgame/114653,조타구 덱 팜팜,seller-63c47f2578f201ea74e7457d,똥겜똥캐,registered,loadScript 'https pagead,loadScript 'https pagead,loadScript('https://pagead,,,unknown,미분류,1,2,20000,estimated,bundle,text,unknown,,active,needs_review,needs_review,"가격 단위 추정, 복수 카드 가격, 배송비 포함 여부 미확정, 묶음·세트 총액 · 개별 카드 가격 아님",estimated,no,no,"loadScript('https://pagead2.googlesyndication.com/pagead/js/adsbygoogle_direct.js?client=ca-pub-8171468792791627', true, 'anonymous');"
24ec1d7216dc21642862eb5b,pokemoncardgame,포켓몬 카드게임,2026-05,2026-05-30T00:13:48+09:00,known,09f49deabbe9785292d88d44,24ec1d7216dc21642862eb5b,114653,https://m.dcinside.com/board/pokemoncardgame/114653,조타구 덱 팜팜,seller-63c47f2578f201ea74e7457d,똥겜똥캐,registered,var safe = window.dcAd && window.dcAd.safe ==,var safe = window.dcAd && window.dcAd.safe ==,var safe = (window.dcAd && window.dcAd.safe ==,,,unknown,미분류,1,1,10000,estimated,bundle,text,unknown,,active,needs_review,needs_review,"가격 단위 추정, 복수 카드 가격, 배송비 포함 여부 미확정, 묶음·세트 총액 · 개별 카드 가격 아님",estimated,no,no,var safe = (window.dcAd && window.dcAd.safe == 1)
2d30fa0ce93221a599f6e74c,pokemoncardgame,포켓몬 카드게임,2026-05,2026-05-30T00:13:48+09:00,known,50269c8b294cce1621526a7a,2d30fa0ce93221a599f6e74c,114653,https://m.dcinside.com/board/pokemoncardgame/114653,조타구 덱 팜팜,seller-63c47f2578f201ea74e7457d,똥겜똥캐,registered,var safe = window.dcAd && window.dcAd.safe ==,var safe = window.dcAd && window.dcAd.safe ==,var safe = (window.dcAd && window.dcAd.safe ==,,,unknown,미분류,1,1,10000,estimated,bundle,text,unknown,,active,needs_review,needs_review,"가격 단위 추정, 복수 카드 가격, 배송비 포함 여부 미확정, 묶음·세트 총액 · 개별 카드 가격 아님",estimated,no,no,var safe = (window.dcAd && window.dcAd.safe == 1)
3dd6c0005eca04d4ea85a4a1,pokemoncardgame,포켓몬 카드게임,2026-05,2026-05-30T00:13:48+09:00,known,50269c8b294cce1621526a7a,3dd6c0005eca04d4ea85a4a1,114653,https://m.dcinside.com/board/pokemoncardgame/114653,조타구 덱 팜팜,seller-63c47f2578f201ea74e7457d,똥겜똥캐,registered,loadScript ' t,loadScript ' t,loadScript('//t,,,unknown,미분류,1,1,10000,estimated,bundle,text,unknown,,active,needs_review,needs_review,"가격 단위 추정, 복수 카드 가격, 배송비 포함 여부 미확정, 묶음·세트 총액 · 개별 카드 가격 아님",estimated,no,no,"loadScript('//t1.kakaocdn.net/kas/static/ba.min.js', true);"
595fd77ef8e063248b89126b,pokemoncardgame,포켓몬 카드게임,2026-05,2026-05-30T00:13:48+09:00,known,50269c8b294cce1621526a7a,595fd77ef8e063248b89126b,114653,https://m.dcinside.com/board/pokemoncardgame/114653,조타구 덱 팜팜,seller-63c47f2578f201ea74e7457d,똥겜똥캐,registered,DOM 삽입 헬퍼 현재 스크립트 위치 기준,DOM 삽입 헬퍼 현재 스크립트 위치 기준,// ---- DOM 삽입 헬퍼 (현재 스크립트 위치 기준,,,unknown,미분류,1,1,10000,estimated,bundle,text,unknown,,active,needs_review,needs_review,"가격 단위 추정, 복수 카드 가격, 배송비 포함 여부 미확정, 묶음·세트 총액 · 개별 카드 가격 아님",estimated,no,no,// ---- DOM 삽입 헬퍼 (현재 스크립트 위치 기준1)
a545217091ead00a21c912c3,pokemoncardgame,포켓몬 카드게임,2026-05,2026-05-30T00:13:48+09:00,known,09f49deabbe9785292d88d44,a545217091ead00a21c912c3,114653,https://m.dcinside.com/board/pokemoncardgame/114653,조타구 덱 팜팜,seller-63c47f2578f201ea74e7457d,똥겜똥캐,registered,loadScript 'https pagead,loadScript 'https pagead,loadScript('https://pagead,,,unknown,미분류,1,2,20000,estimated,bundle,text,unknown,,active,needs_review,needs_review,"가격 단위 추정, 복수 카드 가격, 배송비 포함 여부 미확정, 묶음·세트 총액 · 개별 카드 가격 아님",estimated,no,no,"loadScript('https://pagead2.googlesyndication.com/pagead/js/adsbygoogle_direct.js?client=ca-pub-8171468792791627', true, 'anonymous');"
c1cecc3ae0296c6a549e68c7,pokemoncardgame,포켓몬 카드게임,2026-05,2026-05-30T00:13:48+09:00,known,09f49deabbe9785292d88d44,c1cecc3ae0296c6a549e68c7,114653,https://m.dcinside.com/board/pokemoncardgame/114653,조타구 덱 팜팜,seller-63c47f2578f201ea74e7457d,똥겜똥캐,registered,DOM 삽입 헬퍼 현재 스크립트 위치 기준,DOM 삽입 헬퍼 현재 스크립트 위치 기준,// ---- DOM 삽입 헬퍼 (현재 스크립트 위치 기준,,,unknown,미분류,1,1,10000,estimated,bundle,text,unknown,,active,needs_review,needs_review,"가격 단위 추정, 복수 카드 가격, 배송비 포함 여부 미확정, 묶음·세트 총액 · 개별 카드 가격 아님",estimated,no,no,// ---- DOM 삽입 헬퍼 (현재 스크립트 위치 기준1)
1491b594967ff56c68a71edd,pokemoncardgame,포켓몬 카드게임,2026-05,2026-05-30T01:56:48+09:00,known,9bb367c57c403f055aa1fe09,1491b594967ff56c68a71edd,114664,https://m.dcinside.com/board/pokemoncardgame/114664,내일 평택 직으로 드펄 덱소스 낱장과 올리비아 덱 소스 삽니다,seller-6135c1409dede230377ba4bd,jsb3151,registered,올리뇨,올리뇨,올리뇨,,,unknown,미분류,1,1,10000,estimated,bundle,text,unknown,,active,needs_review,needs_review,"가격 단위 추정, 배송비 포함 여부 미확정, 묶음·세트 총액 · 개별 카드 가격 아님",estimated,no,no,"올리뇨 1, 올리바르EX 1 노고치 3, 노고고치 4, 노고치 EX 1, 보라원숭이1, 나옹이 EX 2, 기로치 EX 2, 꼬몽물1, 포켓 패드 1,, , 검은벨 1, 하솔 2, 곤충채집통 2, 빛나 1 활력의 숲 3 드라꼬 3 드레런처 4 드레펄트 ex3"
ac8e32f7c1e18e3f58160fed,pokemoncardgame,포켓몬 카드게임,2026-05,2026-05-30T01:56:48+09:00,known,3672f0b98126d3906f3df832,ac8e32f7c1e18e3f58160fed,114664,https://m.dcinside.com/board/pokemoncardgame/114664,내일 평택 직으로 드펄 덱소스 낱장과 올리비아 덱 소스 삽니다,seller-6135c1409dede230377ba4bd,jsb3151,registered,올리뇨,올리뇨,올리뇨,,,unknown,미분류,1,1,10000,estimated,bundle,text,unknown,,active,needs_review,needs_review,"가격 단위 추정, 배송비 포함 여부 미확정, 묶음·세트 총액 · 개별 카드 가격 아님",estimated,no,no,"올리뇨 1, 올리바르EX 1 노고치 3, 노고고치 4, 노고치 EX 1, 보라원숭이1, 나옹이 EX 2, 기로치 EX 2, 꼬몽물1, 포켓 패드 1,, , 검은벨 1, 하솔 2, 곤충채집통 2, 빛나 1 활력의 숲 3 드라꼬 3 드레런처 4 드레펄트 ex3"
2bb1170eeaa68b83e1b367be,pokemoncardgame,포켓몬 카드게임,2026-05,2026-05-30T07:57:30+09:00,known,cc9b254309fc0a8cfb7f9942,2bb1170eeaa68b83e1b367be,114670,https://m.dcinside.com/board/pokemoncardgame/114670,N조로덱 해당 레시피로삽니다,seller-999c0a2a1717f96bde4b39d3,원붕이,registered,해당 레시피로,해당 레시피로,해당 레시피로,,,unknown,미분류,1,4.0,40000,estimated,per_card,text,included,2000,active,needs_review,needs_review,가격 단위 추정,estimated,yes,candidate_estimated,해당 레시피로 택포 4.0에 사요
dbdb6a9c2e98852d7539bdb0,pokemoncardgame,포켓몬 카드게임,2026-05,2026-05-30T07:57:30+09:00,known,26240cb8bd5e339d09c4ef05,dbdb6a9c2e98852d7539bdb0,114670,https://m.dcinside.com/board/pokemoncardgame/114670,N조로덱 해당 레시피로삽니다,seller-999c0a2a1717f96bde4b39d3,원붕이,registered,해당 레시피로,해당 레시피로,해당 레시피로,,,unknown,미분류,1,4.0,40000,estimated,per_card,text,included,2000,active,needs_review,needs_review,가격 단위 추정,estimated,yes,candidate_estimated,해당 레시피로 택포 4.0에 사요
0c1916653089367b784bfb21,pokemoncardgame,포켓몬 카드게임,2026-05,2026-05-30T12:10:51+09:00,known,480ac986f5296358f242aade,0c1916653089367b784bfb21,114689,https://m.dcinside.com/board/pokemoncardgame/114689,대전으로 로켓단 에너지 3장만 팔 사람 ?,seller-c13c739a4aac3eb2828cf11c,간절합니다,guest,있나 지금,있나 지금,있나 지금,,,unknown,미분류,1,0.3,3000,estimated,per_card,text,unknown,,active,needs_review,needs_review,"가격 단위 추정, 배송비 포함 여부 미확정",estimated,yes,candidate_estimated,있나 지금 0.3에 살게
420b261ea00ce0d26c65775b,pokemoncardgame,포켓몬 카드게임,2026-05,2026-05-30T12:10:51+09:00,known,3bb6e3ae1f7e9457756b0974,420b261ea00ce0d26c65775b,114689,https://m.dcinside.com/board/pokemoncardgame/114689,대전으로 로켓단 에너지 3장만 팔 사람 ?,seller-6a48506779b7da0524c649a2,간절합니다,guest,있나 지금,있나 지금,있나 지금,,,unknown,미분류,1,0.3,3000,estimated,per_card,text,unknown,,active,needs_review,needs_review,"가격 단위 추정, 배송비 포함 여부 미확정",estimated,yes,candidate_estimated,있나 지금 0.3에 살게
ae94e369d4b848c3740fb6e4,pokemoncardgame,포켓몬 카드게임,2026-05,2026-05-30T12:10:51+09:00,known,f7c2bf01c5bd87e235127e9c,ae94e369d4b848c3740fb6e4,114689,https://m.dcinside.com/board/pokemoncardgame/114689,대전으로 로켓단 에너지 3장만 팔 사람 ?,seller-1a24f05fa387b399873f59be,간절합니다,guest,있나 지금,있나 지금,있나 지금,,,unknown,미분류,1,0.3,3000,estimated,per_card,text,unknown,,active,needs_review,needs_review,"가격 단위 추정, 배송비 포함 여부 미확정",estimated,yes,candidate_estimated,있나 지금 0.3에 살게
0afb980a62c49d3afac18540,pokemoncardgame,포켓몬 카드게임,2026-05,2026-05-30T13:49:21+09:00,known,2e519f5692a90accbaeed826,0afb980a62c49d3afac18540,114702,https://m.dcinside.com/board/pokemoncardgame/114702,조로아크덱 소스 삽니다,seller-51447db26eeb90b0124d315b,포갤러,registered,표시 안되어있는 소스들 반,표시 안되어있는 소스들 반,표시 안되어있는 소스들 구매합니다 반택포,,,unknown,미분류,1,2,20000,estimated,bundle,text,included,2000,active,needs_review,needs_review,"가격 단위 추정, 묶음·세트 총액 · 개별 카드 가격 아님",estimated,no,no,표시 안되어있는 소스들 구매합니다 반택포2 에 원합니다
9f8085b70797c54e79aed1ce,pokemoncardgame,포켓몬 카드게임,2026-05,2026-05-30T13:49:21+09:00,known,d3c4fd4a99dfd4704d3448bc,9f8085b70797c54e79aed1ce,114702,https://m.dcinside.com/board/pokemoncardgame/114702,조로아크덱 소스 삽니다,seller-51447db26eeb90b0124d315b,포갤러,registered,표시 안되어있는 소스들 반,표시 안되어있는 소스들 반,표시 안되어있는 소스들 구매합니다 반택포,,,unknown,미분류,1,2,20000,estimated,bundle,text,included,2000,active,needs_review,needs_review,"가격 단위 추정, 묶음·세트 총액 · 개별 카드 가격 아님",estimated,no,no,표시 안되어있는 소스들 구매합니다 반택포2 에 원합니다
c8e1264968daa7dc7ebe65dd,pokemoncardgame,포켓몬 카드게임,2026-05,2026-05-30T13:49:21+09:00,known,4ed33cf74f6245bc0a1ad9b6,c8e1264968daa7dc7ebe65dd,114702,https://m.dcinside.com/board/pokemoncardgame/114702,조로아크덱 소스 삽니다,seller-51447db26eeb90b0124d315b,포갤러,registered,표시 안되어있는 소스들 반,표시 안되어있는 소스들 반,표시 안되어있는 소스들 구매합니다 반택포,,,unknown,미분류,1,2,20000,estimated,bundle,text,included,2000,active,needs_review,needs_review,"가격 단위 추정, 묶음·세트 총액 · 개별 카드 가격 아님",estimated,no,no,표시 안되어있는 소스들 구매합니다 반택포2 에 원합니다
2bf8f2cfc22c871e284aa9c9,pokemoncardgame,포켓몬 카드게임,2026-05,2026-05-30T16:44:50+09:00,known,1f4d49e85c212ff8128c7dac,2bf8f2cfc22c871e284aa9c9,114715,https://m.dcinside.com/board/pokemoncardgame/114715,금칠 덱소스 ㅍ,seller-6b7fac60cd46fb8f54dc840c,flower_..,registered,포핀 sr 풍선 sr 이랑 시,포핀 sr 풍선 sr 이랑 시,포핀 sr 3 풍선 sr 1 이랑 교환시,,,unknown,미분류,1,1.0,10000,estimated,per_card,text,unknown,,active,needs_review,needs_review,"가격 단위 추정, 배송비 포함 여부 미확정",estimated,yes,candidate_estimated,포핀 sr 3 풍선 sr 1 이랑 교환시 -1.0
d68f5aec81c97d133063568a,pokemoncardgame,포켓몬 카드게임,2026-05,2026-05-30T16:44:50+09:00,known,97fa8df7e17c7ab5951b50c0,d68f5aec81c97d133063568a,114715,https://m.dcinside.com/board/pokemoncardgame/114715,금칠 덱소스 ㅍ,seller-6b7fac60cd46fb8f54dc840c,flower_..,registered,,,,,,unknown,미분류,1,15,150000,estimated,bundle,text,unknown,,active,needs_review,needs_review,"가격 단위 추정, 일괄·세트 가격, 배송비 포함 여부 미확정, 카드명 확인 필요, 묶음·세트 총액 · 개별 카드 가격 아님",estimated,no,no,일괄 15에 개별 가능
d81ba75a195d634a86e675e5,pokemoncardgame,포켓몬 카드게임,2026-05,2026-05-30T16:44:50+09:00,known,ef05fa4ded907224b4692c6e,d81ba75a195d634a86e675e5,114715,https://m.dcinside.com/board/pokemoncardgame/114715,금칠 덱소스 ㅍ,seller-6b7fac60cd46fb8f54dc840c,flower_..,registered,,,,,,unknown,미분류,1,15,150000,estimated,bundle,text,unknown,,active,needs_review,needs_review,"가격 단위 추정, 일괄·세트 가격, 배송비 포함 여부 미확정, 카드명 확인 필요, 묶음·세트 총액 · 개별 카드 가격 아님",estimated,no,no,일괄 15에 개별 가능
e2823b3c8cf6a0850f64ca10,pokemoncardgame,포켓몬 카드게임,2026-05,2026-05-30T16:44:50+09:00,known,97fa8df7e17c7ab5951b50c0,e2823b3c8cf6a0850f64ca10,114715,https://m.dcinside.com/board/pokemoncardgame/114715,금칠 덱소스 ㅍ,seller-6b7fac60cd46fb8f54dc840c,flower_..,registered,포핀 sr 풍선 sr 이랑 시,포핀 sr 풍선 sr 이랑 시,포핀 sr 3 풍선 sr 1 이랑 교환시,,,unknown,미분류,1,1.0,10000,estimated,per_card,text,unknown,,active,needs_review,needs_review,"가격 단위 추정, 배송비 포함 여부 미확정",estimated,yes,candidate_estimated,포핀 sr 3 풍선 sr 1 이랑 교환시 -1.0
e3ae7ca6b63e8e14a5e619da,pokemoncardgame,포켓몬 카드게임,2026-05,2026-05-30T16:44:50+09:00,known,ef05fa4ded907224b4692c6e,e3ae7ca6b63e8e14a5e619da,114715,https://m.dcinside.com/board/pokemoncardgame/114715,금칠 덱소스 ㅍ,seller-6b7fac60cd46fb8f54dc840c,flower_..,registered,포핀 sr 풍선 sr 이랑 시,포핀 sr 풍선 sr 이랑 시,포핀 sr 3 풍선 sr 1 이랑 교환시,,,unknown,미분류,1,1.0,10000,estimated,per_card,text,unknown,,active,needs_review,needs_review,"가격 단위 추정, 배송비 포함 여부 미확정",estimated,yes,candidate_estimated,포핀 sr 3 풍선 sr 1 이랑 교환시 -1.0
fc363e083fcda6ff738526b3,pokemoncardgame,포켓몬 카드게임,2026-05,2026-05-30T16:44:50+09:00,known,1f4d49e85c212ff8128c7dac,fc363e083fcda6ff738526b3,114715,https://m.dcinside.com/board/pokemoncardgame/114715,금칠 덱소스 ㅍ,seller-6b7fac60cd46fb8f54dc840c,flower_..,registered,,,,,,unknown,미분류,1,15,150000,estimated,bundle,text,unknown,,active,needs_review,needs_review,"가격 단위 추정, 일괄·세트 가격, 배송비 포함 여부 미확정, 카드명 확인 필요, 묶음·세트 총액 · 개별 카드 가격 아님",estimated,no,no,일괄 15에 개별 가능
134384e2122e610167d5fe30,pokemoncardgame,포켓몬 카드게임,2026-05,2026-05-30T21:24:16+09:00,known,97a8b13b3963f1ef3cd2b93b,134384e2122e610167d5fe30,114733,https://m.dcinside.com/board/pokemoncardgame/114733,로켓단의 뮤츠 완덱 ㅍㅍ,seller-6b7fac60cd46fb8f54dc840c,flower_..,registered,얘도 ㅍ,얘도 ㅍ,얘도 ㅍ,,,unknown,미분류,1,0.4,4000,estimated,per_card,text,unknown,,active,needs_review,needs_review,"가격 단위 추정, 배송비 포함 여부 미확정",estimated,yes,candidate_estimated,얘도 ㅍ 0.4
1cb9ebc8b731617a92680dc3,pokemoncardgame,포켓몬 카드게임,2026-05,2026-05-30T21:24:16+09:00,known,35219973f3beb02af7b9f9d7,1cb9ebc8b731617a92680dc3,114733,https://m.dcinside.com/board/pokemoncardgame/114733,로켓단의 뮤츠 완덱 ㅍㅍ,seller-6b7fac60cd46fb8f54dc840c,flower_..,registered,var safe = window.dcAd && window.dcAd.safe ==,var safe = window.dcAd && window.dcAd.safe ==,var safe = (window.dcAd && window.dcAd.safe ==,,,unknown,미분류,1,1,10000,estimated,bundle,text,unknown,,active,needs_review,needs_review,"가격 단위 추정, 복수 카드 가격, 배송비 포함 여부 미확정, 묶음·세트 총액 · 개별 카드 가격 아님",estimated,no,no,var safe = (window.dcAd && window.dcAd.safe == 1)
2e8aab165510b2d3b3368cab,pokemoncardgame,포켓몬 카드게임,2026-05,2026-05-30T21:24:16+09:00,known,97a8b13b3963f1ef3cd2b93b,2e8aab165510b2d3b3368cab,114733,https://m.dcinside.com/board/pokemoncardgame/114733,로켓단의 뮤츠 완덱 ㅍㅍ,seller-6b7fac60cd46fb8f54dc840c,flower_..,registered,DOM 삽입 헬퍼 현재 스크립트 위치 기준,DOM 삽입 헬퍼 현재 스크립트 위치 기준,// ---- DOM 삽입 헬퍼 (현재 스크립트 위치 기준,,,unknown,미분류,1,1,10000,estimated,bundle,text,unknown,,active,needs_review,needs_review,"가격 단위 추정, 복수 카드 가격, 배송비 포함 여부 미확정, 묶음·세트 총액 · 개별 카드 가격 아님",estimated,no,no,// ---- DOM 삽입 헬퍼 (현재 스크립트 위치 기준1)
3d3f404058c0eea83806b230,pokemoncardgame,포켓몬 카드게임,2026-05,2026-05-30T21:24:16+09:00,known,3bdca2f25d00fce6dd27e897,3d3f404058c0eea83806b230,114733,https://m.dcinside.com/board/pokemoncardgame/114733,로켓단의 뮤츠 완덱 ㅍㅍ,seller-6b7fac60cd46fb8f54dc840c,flower_..,registered,DOM 삽입 헬퍼 현재 스크립트 위치 기준,DOM 삽입 헬퍼 현재 스크립트 위치 기준,// ---- DOM 삽입 헬퍼 (현재 스크립트 위치 기준,,,unknown,미분류,1,1,10000,estimated,bundle,text,unknown,,active,needs_review,needs_review,"가격 단위 추정, 복수 카드 가격, 배송비 포함 여부 미확정, 묶음·세트 총액 · 개별 카드 가격 아님",estimated,no,no,// ---- DOM 삽입 헬퍼 (현재 스크립트 위치 기준1)
4f2a19ef3000e48b35ff236b,pokemoncardgame,포켓몬 카드게임,2026-05,2026-05-30T21:24:16+09:00,known,97a8b13b3963f1ef3cd2b93b,4f2a19ef3000e48b35ff236b,114733,https://m.dcinside.com/board/pokemoncardgame/114733,로켓단의 뮤츠 완덱 ㅍㅍ,seller-6b7fac60cd46fb8f54dc840c,flower_..,registered,loadScript 'https pagead,loadScript 'https pagead,loadScript('https://pagead,,,unknown,미분류,1,2,20000,estimated,bundle,text,unknown,,active,needs_review,needs_review,"가격 단위 추정, 복수 카드 가격, 배송비 포함 여부 미확정, 묶음·세트 총액 · 개별 카드 가격 아님",estimated,no,no,"loadScript('https://pagead2.googlesyndication.com/pagead/js/adsbygoogle_direct.js?client=ca-pub-8171468792791627', true, 'anonymous');"
5fab83c9ab3bb5a2f40b8d26,pokemoncardgame,포켓몬 카드게임,2026-05,2026-05-30T21:24:16+09:00,known,35219973f3beb02af7b9f9d7,5fab83c9ab3bb5a2f40b8d26,114733,https://m.dcinside.com/board/pokemoncardgame/114733,로켓단의 뮤츠 완덱 ㅍㅍ,seller-6b7fac60cd46fb8f54dc840c,flower_..,registered,얘도 ㅍ,얘도 ㅍ,얘도 ㅍ,,,unknown,미분류,1,0.4,4000,estimated,per_card,text,unknown,,active,needs_review,needs_review,"가격 단위 추정, 배송비 포함 여부 미확정",estimated,yes,candidate_estimated,얘도 ㅍ 0.4
6efe44f02e3f878352f38de8,pokemoncardgame,포켓몬 카드게임,2026-05,2026-05-30T21:24:16+09:00,known,97a8b13b3963f1ef3cd2b93b,6efe44f02e3f878352f38de8,114733,https://m.dcinside.com/board/pokemoncardgame/114733,로켓단의 뮤츠 완덱 ㅍㅍ,seller-6b7fac60cd46fb8f54dc840c,flower_..,registered,var safe = window.dcAd && window.dcAd.safe ==,var safe = window.dcAd && window.dcAd.safe ==,var safe = (window.dcAd && window.dcAd.safe ==,,,unknown,미분류,1,1,10000,estimated,bundle,text,unknown,,active,needs_review,needs_review,"가격 단위 추정, 복수 카드 가격, 배송비 포함 여부 미확정, 묶음·세트 총액 · 개별 카드 가격 아님",estimated,no,no,var safe = (window.dcAd && window.dcAd.safe == 1)
76d19793793b26afae018b4c,pokemoncardgame,포켓몬 카드게임,2026-05,2026-05-30T21:24:16+09:00,known,97a8b13b3963f1ef3cd2b93b,76d19793793b26afae018b4c,114733,https://m.dcinside.com/board/pokemoncardgame/114733,로켓단의 뮤츠 완덱 ㅍㅍ,seller-6b7fac60cd46fb8f54dc840c,flower_..,registered,트리피더 다 ar로 바뀌어서 나감,트리피더 다 ar로 바뀌어서 나감,트리피더 다 ar로 바뀌어서 나감,,,unknown,미분류,1,3.0,30000,estimated,per_card,text,unknown,,active,needs_review,needs_review,"가격 단위 추정, 배송비 포함 여부 미확정",estimated,yes,candidate_estimated,트리피더 다 ar로 바뀌어서 나감 3.0
8167417d7e1dba2fe2f99b37,pokemoncardgame,포켓몬 카드게임,2026-05,2026-05-30T21:24:16+09:00,known,3bdca2f25d00fce6dd27e897,8167417d7e1dba2fe2f99b37,114733,https://m.dcinside.com/board/pokemoncardgame/114733,로켓단의 뮤츠 완덱 ㅍㅍ,seller-6b7fac60cd46fb8f54dc840c,flower_..,registered,loadScript ' t,loadScript ' t,loadScript('//t,,,unknown,미분류,1,1,10000,estimated,bundle,text,unknown,,active,needs_review,needs_review,"가격 단위 추정, 복수 카드 가격, 배송비 포함 여부 미확정, 묶음·세트 총액 · 개별 카드 가격 아님",estimated,no,no,"loadScript('//t1.kakaocdn.net/kas/static/ba.min.js', true);"
8df25348f137189d4e6bf8b4,pokemoncardgame,포켓몬 카드게임,2026-05,2026-05-30T21:24:16+09:00,known,35219973f3beb02af7b9f9d7,8df25348f137189d4e6bf8b4,114733,https://m.dcinside.com/board/pokemoncardgame/114733,로켓단의 뮤츠 완덱 ㅍㅍ,seller-6b7fac60cd46fb8f54dc840c,flower_..,registered,loadScript ' t,loadScript ' t,loadScript('//t,,,unknown,미분류,1,1,10000,estimated,bundle,text,unknown,,active,needs_review,needs_review,"가격 단위 추정, 복수 카드 가격, 배송비 포함 여부 미확정, 묶음·세트 총액 · 개별 카드 가격 아님",estimated,no,no,"loadScript('//t1.kakaocdn.net/kas/static/ba.min.js', true);"
9092d6ef4090358e87a85ccd,pokemoncardgame,포켓몬 카드게임,2026-05,2026-05-30T21:24:16+09:00,known,3bdca2f25d00fce6dd27e897,9092d6ef4090358e87a85ccd,114733,https://m.dcinside.com/board/pokemoncardgame/114733,로켓단의 뮤츠 완덱 ㅍㅍ,seller-6b7fac60cd46fb8f54dc840c,flower_..,registered,얘도 ㅍ,얘도 ㅍ,얘도 ㅍ,,,unknown,미분류,1,0.4,4000,estimated,per_card,text,unknown,,active,needs_review,needs_review,"가격 단위 추정, 배송비 포함 여부 미확정",estimated,yes,candidate_estimated,얘도 ㅍ 0.4
b574d262717dfe1723473dbf,pokemoncardgame,포켓몬 카드게임,2026-05,2026-05-30T21:24:16+09:00,known,3bdca2f25d00fce6dd27e897,b574d262717dfe1723473dbf,114733,https://m.dcinside.com/board/pokemoncardgame/114733,로켓단의 뮤츠 완덱 ㅍㅍ,seller-6b7fac60cd46fb8f54dc840c,flower_..,registered,loadScript 'https pagead,loadScript 'https pagead,loadScript('https://pagead,,,unknown,미분류,1,2,20000,estimated,bundle,text,unknown,,active,needs_review,needs_review,"가격 단위 추정, 복수 카드 가격, 배송비 포함 여부 미확정, 묶음·세트 총액 · 개별 카드 가격 아님",estimated,no,no,"loadScript('https://pagead2.googlesyndication.com/pagead/js/adsbygoogle_direct.js?client=ca-pub-8171468792791627', true, 'anonymous');"
b72f5b6a92ec109281ab142f,pokemoncardgame,포켓몬 카드게임,2026-05,2026-05-30T21:24:16+09:00,known,35219973f3beb02af7b9f9d7,b72f5b6a92ec109281ab142f,114733,https://m.dcinside.com/board/pokemoncardgame/114733,로켓단의 뮤츠 완덱 ㅍㅍ,seller-6b7fac60cd46fb8f54dc840c,flower_..,registered,트리피더 다 ar로 바뀌어서 나감,트리피더 다 ar로 바뀌어서 나감,트리피더 다 ar로 바뀌어서 나감,,,unknown,미분류,1,3.0,30000,estimated,per_card,text,unknown,,active,needs_review,needs_review,"가격 단위 추정, 배송비 포함 여부 미확정",estimated,yes,candidate_estimated,트리피더 다 ar로 바뀌어서 나감 3.0
b96bd4f53bd47aaac9f8d7bc,pokemoncardgame,포켓몬 카드게임,2026-05,2026-05-30T21:24:16+09:00,known,3bdca2f25d00fce6dd27e897,b96bd4f53bd47aaac9f8d7bc,114733,https://m.dcinside.com/board/pokemoncardgame/114733,로켓단의 뮤츠 완덱 ㅍㅍ,seller-6b7fac60cd46fb8f54dc840c,flower_..,registered,var safe = window.dcAd && window.dcAd.safe ==,var safe = window.dcAd && window.dcAd.safe ==,var safe = (window.dcAd && window.dcAd.safe ==,,,unknown,미분류,1,1,10000,estimated,bundle,text,unknown,,active,needs_review,needs_review,"가격 단위 추정, 복수 카드 가격, 배송비 포함 여부 미확정, 묶음·세트 총액 · 개별 카드 가격 아님",estimated,no,no,var safe = (window.dcAd && window.dcAd.safe == 1)
cf2148dbe81f18bd7668b244,pokemoncardgame,포켓몬 카드게임,2026-05,2026-05-30T21:24:16+09:00,known,97a8b13b3963f1ef3cd2b93b,cf2148dbe81f18bd7668b244,114733,https://m.dcinside.com/board/pokemoncardgame/114733,로켓단의 뮤츠 완덱 ㅍㅍ,seller-6b7fac60cd46fb8f54dc840c,flower_..,registered,loadScript ' t,loadScript ' t,loadScript('//t,,,unknown,미분류,1,1,10000,estimated,bundle,text,unknown,,active,needs_review,needs_review,"가격 단위 추정, 복수 카드 가격, 배송비 포함 여부 미확정, 묶음·세트 총액 · 개별 카드 가격 아님",estimated,no,no,"loadScript('//t1.kakaocdn.net/kas/static/ba.min.js', true);"
e015251c9a70b2c1907c9c25,pokemoncardgame,포켓몬 카드게임,2026-05,2026-05-30T21:24:16+09:00,known,35219973f3beb02af7b9f9d7,e015251c9a70b2c1907c9c25,114733,https://m.dcinside.com/board/pokemoncardgame/114733,로켓단의 뮤츠 완덱 ㅍㅍ,seller-6b7fac60cd46fb8f54dc840c,flower_..,registered,loadScript 'https pagead,loadScript 'https pagead,loadScript('https://pagead,,,unknown,미분류,1,2,20000,estimated,bundle,text,unknown,,active,needs_review,needs_review,"가격 단위 추정, 복수 카드 가격, 배송비 포함 여부 미확정, 묶음·세트 총액 · 개별 카드 가격 아님",estimated,no,no,"loadScript('https://pagead2.googlesyndication.com/pagead/js/adsbygoogle_direct.js?client=ca-pub-8171468792791627', true, 'anonymous');"
e5f52560a3c379b0d19f7514,pokemoncardgame,포켓몬 카드게임,2026-05,2026-05-30T21:24:16+09:00,known,3bdca2f25d00fce6dd27e897,e5f52560a3c379b0d19f7514,114733,https://m.dcinside.com/board/pokemoncardgame/114733,로켓단의 뮤츠 완덱 ㅍㅍ,seller-6b7fac60cd46fb8f54dc840c,flower_..,registered,트리피더 다 ar로 바뀌어서 나감,트리피더 다 ar로 바뀌어서 나감,트리피더 다 ar로 바뀌어서 나감,,,unknown,미분류,1,3.0,30000,estimated,per_card,text,unknown,,active,needs_review,needs_review,"가격 단위 추정, 배송비 포함 여부 미확정",estimated,yes,candidate_estimated,트리피더 다 ar로 바뀌어서 나감 3.0
f72f53460ed7eb9e79079449,pokemoncardgame,포켓몬 카드게임,2026-05,2026-05-30T21:24:16+09:00,known,35219973f3beb02af7b9f9d7,f72f53460ed7eb9e79079449,114733,https://m.dcinside.com/board/pokemoncardgame/114733,로켓단의 뮤츠 완덱 ㅍㅍ,seller-6b7fac60cd46fb8f54dc840c,flower_..,registered,DOM 삽입 헬퍼 현재 스크립트 위치 기준,DOM 삽입 헬퍼 현재 스크립트 위치 기준,// ---- DOM 삽입 헬퍼 (현재 스크립트 위치 기준,,,unknown,미분류,1,1,10000,estimated,bundle,text,unknown,,active,needs_review,needs_review,"가격 단위 추정, 복수 카드 가격, 배송비 포함 여부 미확정, 묶음·세트 총액 · 개별 카드 가격 아님",estimated,no,no,// ---- DOM 삽입 헬퍼 (현재 스크립트 위치 기준1)
4bd150444853ff5ca1fc9f6e,pokemoncardgame,포켓몬 카드게임,2026-05,2026-05-30T22:28:28+09:00,known,929932953a4607e0bb3ac5c2,4bd150444853ff5ca1fc9f6e,114741,https://m.dcinside.com/board/pokemoncardgame/114741,크로뱃이랑 아쿠스타 sar ㅅㅅ,seller-96711722ee41a336c4e059ea,예2스,registered,,,,,,unknown,미분류,1,1.1,11000,estimated,per_card,text,unknown,,active,needs_review,needs_review,"가격 단위 추정, 배송비 포함 여부 미확정, 카드명 확인 필요",estimated,yes,candidate_estimated,1장 1.1
76b9e20b6b420f16f655238b,pokemoncardgame,포켓몬 카드게임,2026-05,2026-05-30T22:28:28+09:00,known,a7ed00d469c83f4cef72b2a0,76b9e20b6b420f16f655238b,114741,https://m.dcinside.com/board/pokemoncardgame/114741,크로뱃이랑 아쿠스타 sar ㅅㅅ,seller-96711722ee41a336c4e059ea,예2스,registered,,,,,,unknown,미분류,1,0.8,8000,estimated,per_card,text,unknown,,active,needs_review,needs_review,"가격 단위 추정, 배송비 포함 여부 미확정, 카드명 확인 필요",estimated,yes,candidate_estimated,1장 0.8
81de91c3359e184e4fb851ef,pokemoncardgame,포켓몬 카드게임,2026-05,2026-05-30T22:28:28+09:00,known,b8d6cb6e4d19c1933738c7d4,81de91c3359e184e4fb851ef,114741,https://m.dcinside.com/board/pokemoncardgame/114741,크로뱃이랑 아쿠스타 sar ㅅㅅ,seller-96711722ee41a336c4e059ea,예2스,registered,,,,,,unknown,미분류,1,1.1,11000,estimated,per_card,text,unknown,,active,needs_review,needs_review,"가격 단위 추정, 배송비 포함 여부 미확정, 카드명 확인 필요",estimated,yes,candidate_estimated,1장 1.1
a9f781e2e22b678d2d299693,pokemoncardgame,포켓몬 카드게임,2026-05,2026-05-30T22:28:28+09:00,known,a7ed00d469c83f4cef72b2a0,a9f781e2e22b678d2d299693,114741,https://m.dcinside.com/board/pokemoncardgame/114741,크로뱃이랑 아쿠스타 sar ㅅㅅ,seller-96711722ee41a336c4e059ea,예2스,registered,,,,,,unknown,미분류,1,1.1,11000,estimated,per_card,text,unknown,,active,needs_review,needs_review,"가격 단위 추정, 배송비 포함 여부 미확정, 카드명 확인 필요",estimated,yes,candidate_estimated,1장 1.1
b072e097ef5a754c96c39325,pokemoncardgame,포켓몬 카드게임,2026-05,2026-05-30T22:28:28+09:00,known,929932953a4607e0bb3ac5c2,b072e097ef5a754c96c39325,114741,https://m.dcinside.com/board/pokemoncardgame/114741,크로뱃이랑 아쿠스타 sar ㅅㅅ,seller-96711722ee41a336c4e059ea,예2스,registered,,,,,,unknown,미분류,1,0.8,8000,estimated,per_card,text,unknown,,active,needs_review,needs_review,"가격 단위 추정, 배송비 포함 여부 미확정, 카드명 확인 필요",estimated,yes,candidate_estimated,1장 0.8
eaba53b006c7215034a865ee,pokemoncardgame,포켓몬 카드게임,2026-05,2026-05-30T22:28:28+09:00,known,b8d6cb6e4d19c1933738c7d4,eaba53b006c7215034a865ee,114741,https://m.dcinside.com/board/pokemoncardgame/114741,크로뱃이랑 아쿠스타 sar ㅅㅅ,seller-96711722ee41a336c4e059ea,예2스,registered,,,,,,unknown,미분류,1,0.8,8000,estimated,per_card,text,unknown,,active,needs_review,needs_review,"가격 단위 추정, 배송비 포함 여부 미확정, 카드명 확인 필요",estimated,yes,candidate_estimated,1장 0.8
1c765f0cf6f08964f851ba3e,pokemoncardgame,포켓몬 카드게임,2026-05,2026-05-30T23:04:03+09:00,known,1edf385e89bbf85d357b78ed,1c765f0cf6f08964f851ba3e,114744,https://m.dcinside.com/board/pokemoncardgame/114744,우레 소스 산다,seller-afef59e21886cf1c3b43647d,나르자,registered,다합쳐서,다합쳐서,다합쳐서,,,unknown,미분류,1,1.4,14000,estimated,per_card,text,unknown,,active,needs_review,needs_review,"가격 단위 추정, 배송비 포함 여부 미확정",estimated,yes,candidate_estimated,다합쳐서 1.4에 사봄
244bfafd8ddacf27f8a4d1e6,pokemoncardgame,포켓몬 카드게임,2026-05,2026-05-30T23:04:03+09:00,known,6b984d2cbfa6fb075813b8bf,244bfafd8ddacf27f8a4d1e6,114744,https://m.dcinside.com/board/pokemoncardgame/114744,우레 소스 산다,seller-afef59e21886cf1c3b43647d,나르자,registered,다합쳐서,다합쳐서,다합쳐서,,,unknown,미분류,1,1.4,14000,estimated,per_card,text,unknown,,active,needs_review,needs_review,"가격 단위 추정, 배송비 포함 여부 미확정",estimated,yes,candidate_estimated,다합쳐서 1.4에 사봄
291857e660d8a90a7534e8dd,pokemoncardgame,포켓몬 카드게임,2026-05,2026-05-30T23:04:03+09:00,known,ae0a0cca803873aa3a11e691,291857e660d8a90a7534e8dd,114744,https://m.dcinside.com/board/pokemoncardgame/114744,우레 소스 산다,seller-afef59e21886cf1c3b43647d,나르자,registered,다합쳐서,다합쳐서,다합쳐서,,,unknown,미분류,1,1.4,14000,estimated,per_card,text,unknown,,active,needs_review,needs_review,"가격 단위 추정, 배송비 포함 여부 미확정",estimated,yes,candidate_estimated,다합쳐서 1.4에 사봄
0563c3ba95d880f2d89b5d7f,pokemoncardgame,포켓몬 카드게임,2026-05,2026-05-30T23:55:40+09:00,known,5138f5589259c9273300012f,0563c3ba95d880f2d89b5d7f,114750,https://m.dcinside.com/board/pokemoncardgame/114750,덱소스 구함(완),seller-418f724fd3cc8d2b5f956171,노노노치,registered,들것,들것,들것,,,unknown,미분류,1,1,10000,estimated,per_card,text,unknown,,active,needs_review,needs_review,"가격 단위 추정, 배송비 포함 여부 미확정",estimated,yes,candidate_estimated,들것1
0d9a10dc1ce5776ef80b2e48,pokemoncardgame,포켓몬 카드게임,2026-05,2026-05-30T23:55:40+09:00,known,5138f5589259c9273300012f,0d9a10dc1ce5776ef80b2e48,114750,https://m.dcinside.com/board/pokemoncardgame/114750,덱소스 구함(완),seller-418f724fd3cc8d2b5f956171,노노노치,registered,풀에너지,풀에너지,풀에너지,,,unknown,미분류,1,10,100000,estimated,per_card,text,unknown,,active,needs_review,needs_review,"가격 단위 추정, 배송비 포함 여부 미확정",estimated,yes,candidate_estimated,풀에너지 10
1169425dd3b7b646262984c1,pokemoncardgame,포켓몬 카드게임,2026-05,2026-05-30T23:55:40+09:00,known,9bce27a2ecf8119f35b00d48,1169425dd3b7b646262984c1,114750,https://m.dcinside.com/board/pokemoncardgame/114750,덱소스 구함(완),seller-418f724fd3cc8d2b5f956171,노노노치,registered,기로치,기로치,기로치,,,unknown,미분류,1,1,10000,estimated,per_card,text,unknown,,active,needs_review,needs_review,"가격 단위 추정, 배송비 포함 여부 미확정",estimated,yes,candidate_estimated,기로치1
1966911752cb807d0c48911d,pokemoncardgame,포켓몬 카드게임,2026-05,2026-05-30T23:55:40+09:00,known,92d6168df4f2c813bbcd9dc6,1966911752cb807d0c48911d,114750,https://m.dcinside.com/board/pokemoncardgame/114750,덱소스 구함(완),seller-418f724fd3cc8d2b5f956171,노노노치,registered,풀에너지,풀에너지,풀에너지,,,unknown,미분류,1,10,100000,estimated,per_card,text,unknown,,active,needs_review,needs_review,"가격 단위 추정, 배송비 포함 여부 미확정",estimated,yes,candidate_estimated,풀에너지 10
20b398c0ce8e1f7393547cbe,pokemoncardgame,포켓몬 카드게임,2026-05,2026-05-30T23:55:40+09:00,known,9bce27a2ecf8119f35b00d48,20b398c0ce8e1f7393547cbe,114750,https://m.dcinside.com/board/pokemoncardgame/114750,덱소스 구함(완),seller-418f724fd3cc8d2b5f956171,노노노치,registered,풀에너지,풀에너지,풀에너지,,,unknown,미분류,1,10,100000,estimated,per_card,text,unknown,,active,needs_review,needs_review,"가격 단위 추정, 배송비 포함 여부 미확정",estimated,yes,candidate_estimated,풀에너지 10
27192a0ccb2798d6f4ffd954,pokemoncardgame,포켓몬 카드게임,2026-05,2026-05-30T23:55:40+09:00,known,9bce27a2ecf8119f35b00d48,27192a0ccb2798d6f4ffd954,114750,https://m.dcinside.com/board/pokemoncardgame/114750,덱소스 구함(완),seller-418f724fd3cc8d2b5f956171,노노노치,registered,패드,패드,패드,,,unknown,미분류,1,1,10000,estimated,per_card,text,unknown,,active,needs_review,needs_review,"가격 단위 추정, 배송비 포함 여부 미확정",estimated,yes,candidate_estimated,패드1
2d34a8b6678e1aba81220360,pokemoncardgame,포켓몬 카드게임,2026-05,2026-05-30T23:55:40+09:00,known,5138f5589259c9273300012f,2d34a8b6678e1aba81220360,114750,https://m.dcinside.com/board/pokemoncardgame/114750,덱소스 구함(완),seller-418f724fd3cc8d2b5f956171,노노노치,registered,번개에너지,번개에너지,번개에너지,,,unknown,미분류,1,1,10000,estimated,per_card,text,unknown,,active,needs_review,needs_review,"가격 단위 추정, 배송비 포함 여부 미확정",estimated,yes,candidate_estimated,번개에너지 1
43b0e52dab02934f68640184,pokemoncardgame,포켓몬 카드게임,2026-05,2026-05-30T23:55:40+09:00,known,92d6168df4f2c813bbcd9dc6,43b0e52dab02934f68640184,114750,https://m.dcinside.com/board/pokemoncardgame/114750,덱소스 구함(완),seller-418f724fd3cc8d2b5f956171,노노노치,registered,들것,들것,들것,,,unknown,미분류,1,1,10000,estimated,per_card,text,unknown,,active,needs_review,needs_review,"가격 단위 추정, 배송비 포함 여부 미확정",estimated,yes,candidate_estimated,들것1
44899788841b7a6957a28bd6,pokemoncardgame,포켓몬 카드게임,2026-05,2026-05-30T23:55:40+09:00,known,92d6168df4f2c813bbcd9dc6,44899788841b7a6957a28bd6,114750,https://m.dcinside.com/board/pokemoncardgame/114750,덱소스 구함(완),seller-418f724fd3cc8d2b5f956171,노노노치,registered,기로치,기로치,기로치,,,unknown,미분류,1,1,10000,estimated,per_card,text,unknown,,active,needs_review,needs_review,"가격 단위 추정, 배송비 포함 여부 미확정",estimated,yes,candidate_estimated,기로치1
60cbae44341f2c8bfb43e17c,pokemoncardgame,포켓몬 카드게임,2026-05,2026-05-30T23:55:40+09:00,known,9bce27a2ecf8119f35b00d48,60cbae44341f2c8bfb43e17c,114750,https://m.dcinside.com/board/pokemoncardgame/114750,덱소스 구함(완),seller-418f724fd3cc8d2b5f956171,노노노치,registered,번개에너지,번개에너지,번개에너지,,,unknown,미분류,1,1,10000,estimated,per_card,text,unknown,,active,needs_review,needs_review,"가격 단위 추정, 배송비 포함 여부 미확정",estimated,yes,candidate_estimated,번개에너지 1
65f78de3f477334eca801157,pokemoncardgame,포켓몬 카드게임,2026-05,2026-05-30T23:55:40+09:00,known,5138f5589259c9273300012f,65f78de3f477334eca801157,114750,https://m.dcinside.com/board/pokemoncardgame/114750,덱소스 구함(완),seller-418f724fd3cc8d2b5f956171,노노노치,registered,기로치,기로치,기로치,,,unknown,미분류,1,1,10000,estimated,per_card,text,unknown,,active,needs_review,needs_review,"가격 단위 추정, 배송비 포함 여부 미확정",estimated,yes,candidate_estimated,기로치1
6e7d81aac11b512f4a921051,pokemoncardgame,포켓몬 카드게임,2026-05,2026-05-30T23:55:40+09:00,known,5138f5589259c9273300012f,6e7d81aac11b512f4a921051,114750,https://m.dcinside.com/board/pokemoncardgame/114750,덱소스 구함(완),seller-418f724fd3cc8d2b5f956171,노노노치,registered,패드,패드,패드,,,unknown,미분류,1,1,10000,estimated,per_card,text,unknown,,active,needs_review,needs_review,"가격 단위 추정, 배송비 포함 여부 미확정",estimated,yes,candidate_estimated,패드1
7b2b3a881e859253948799ba,pokemoncardgame,포켓몬 카드게임,2026-05,2026-05-30T23:55:40+09:00,known,92d6168df4f2c813bbcd9dc6,7b2b3a881e859253948799ba,114750,https://m.dcinside.com/board/pokemoncardgame/114750,덱소스 구함(완),seller-418f724fd3cc8d2b5f956171,노노노치,registered,투희,투희,투희,,,unknown,미분류,1,3,30000,estimated,per_card,text,unknown,,active,needs_review,needs_review,"가격 단위 추정, 배송비 포함 여부 미확정",estimated,yes,candidate_estimated,투희3
89f738bcd1d65264a891bd4d,pokemoncardgame,포켓몬 카드게임,2026-05,2026-05-30T23:55:40+09:00,known,5138f5589259c9273300012f,89f738bcd1d65264a891bd4d,114750,https://m.dcinside.com/board/pokemoncardgame/114750,덱소스 구함(완),seller-418f724fd3cc8d2b5f956171,노노노치,registered,반,반,반택포,,,unknown,미분류,1,11000,11000,exact,bundle,text,included,2000,active,needs_review,needs_review,"일괄·세트 가격, 묶음·세트 총액 · 개별 카드 가격 아님",exact,no,no,일괄 반택포 11000원에 구함ㅠㅠ
ab4284882133443d8290b8a1,pokemoncardgame,포켓몬 카드게임,2026-05,2026-05-30T23:55:40+09:00,known,92d6168df4f2c813bbcd9dc6,ab4284882133443d8290b8a1,114750,https://m.dcinside.com/board/pokemoncardgame/114750,덱소스 구함(완),seller-418f724fd3cc8d2b5f956171,노노노치,registered,번개에너지,번개에너지,번개에너지,,,unknown,미분류,1,1,10000,estimated,per_card,text,unknown,,active,needs_review,needs_review,"가격 단위 추정, 배송비 포함 여부 미확정",estimated,yes,candidate_estimated,번개에너지 1
b5df26abff58a03cd5a48d4f,pokemoncardgame,포켓몬 카드게임,2026-05,2026-05-30T23:55:40+09:00,known,9bce27a2ecf8119f35b00d48,b5df26abff58a03cd5a48d4f,114750,https://m.dcinside.com/board/pokemoncardgame/114750,덱소스 구함(완),seller-418f724fd3cc8d2b5f956171,노노노치,registered,들것,들것,들것,,,unknown,미분류,1,1,10000,estimated,per_card,text,unknown,,active,needs_review,needs_review,"가격 단위 추정, 배송비 포함 여부 미확정",estimated,yes,candidate_estimated,들것1
bf99114f921656f98f96c48f,pokemoncardgame,포켓몬 카드게임,2026-05,2026-05-30T23:55:40+09:00,known,92d6168df4f2c813bbcd9dc6,bf99114f921656f98f96c48f,114750,https://m.dcinside.com/board/pokemoncardgame/114750,덱소스 구함(완),seller-418f724fd3cc8d2b5f956171,노노노치,registered,패드,패드,패드,,,unknown,미분류,1,1,10000,estimated,per_card,text,unknown,,active,needs_review,needs_review,"가격 단위 추정, 배송비 포함 여부 미확정",estimated,yes,candidate_estimated,패드1
c08cb368d7ff2253ef6fca49,pokemoncardgame,포켓몬 카드게임,2026-05,2026-05-30T23:55:40+09:00,known,9bce27a2ecf8119f35b00d48,c08cb368d7ff2253ef6fca49,114750,https://m.dcinside.com/board/pokemoncardgame/114750,덱소스 구함(완),seller-418f724fd3cc8d2b5f956171,노노노치,registered,반,반,반택포,,,unknown,미분류,1,11000,11000,exact,bundle,text,included,2000,active,needs_review,needs_review,"일괄·세트 가격, 묶음·세트 총액 · 개별 카드 가격 아님",exact,no,no,일괄 반택포 11000원에 구함ㅠㅠ
c75af380c9f184fdddcb2ab3,pokemoncardgame,포켓몬 카드게임,2026-05,2026-05-30T23:55:40+09:00,known,9bce27a2ecf8119f35b00d48,c75af380c9f184fdddcb2ab3,114750,https://m.dcinside.com/board/pokemoncardgame/114750,덱소스 구함(완),seller-418f724fd3cc8d2b5f956171,노노노치,registered,투희,투희,투희,,,unknown,미분류,1,3,30000,estimated,per_card,text,unknown,,active,needs_review,needs_review,"가격 단위 추정, 배송비 포함 여부 미확정",estimated,yes,candidate_estimated,투희3
d2b044772a7cecbbd9a4d70c,pokemoncardgame,포켓몬 카드게임,2026-05,2026-05-30T23:55:40+09:00,known,5138f5589259c9273300012f,d2b044772a7cecbbd9a4d70c,114750,https://m.dcinside.com/board/pokemoncardgame/114750,덱소스 구함(완),seller-418f724fd3cc8d2b5f956171,노노노치,registered,투희,투희,투희,,,unknown,미분류,1,3,30000,estimated,per_card,text,unknown,,active,needs_review,needs_review,"가격 단위 추정, 배송비 포함 여부 미확정",estimated,yes,candidate_estimated,투희3
ed94ebaa1dc608136acb2640,pokemoncardgame,포켓몬 카드게임,2026-05,2026-05-30T23:55:40+09:00,known,92d6168df4f2c813bbcd9dc6,ed94ebaa1dc608136acb2640,114750,https://m.dcinside.com/board/pokemoncardgame/114750,덱소스 구함(완),seller-418f724fd3cc8d2b5f956171,노노노치,registered,반,반,반택포,,,unknown,미분류,1,11000,11000,exact,bundle,text,included,2000,active,needs_review,needs_review,"일괄·세트 가격, 묶음·세트 총액 · 개별 카드 가격 아님",exact,no,no,일괄 반택포 11000원에 구함ㅠㅠ
13c0c515b5d6741fbed82e26,pokemoncardgame,포켓몬 카드게임,2026-05,2026-05-30T23:57:55+09:00,known,2b96bb15d8ad24def675815d,13c0c515b5d6741fbed82e26,114751,https://m.dcinside.com/board/pokemoncardgame/114751,구합니다,seller-3de33deda084f473bffb6063,77r옹,registered,투희,투희,투희,,,unknown,미분류,1,3,30000,estimated,per_card,text,unknown,,active,needs_review,needs_review,"가격 단위 추정, 배송비 포함 여부 미확정",estimated,yes,candidate_estimated,투희3
262aa2d46729a6632766d101,pokemoncardgame,포켓몬 카드게임,2026-05,2026-05-30T23:57:55+09:00,known,fb181d97fa23da67cbfe6916,262aa2d46729a6632766d101,114751,https://m.dcinside.com/board/pokemoncardgame/114751,구합니다,seller-3de33deda084f473bffb6063,77r옹,registered,로켓단의 감시탑,로켓단의 감시탑,로켓단의 감시탑,,,unknown,미분류,1,2,20000,estimated,per_card,text,unknown,,active,needs_review,needs_review,"가격 단위 추정, 배송비 포함 여부 미확정",estimated,yes,candidate_estimated,로켓단의 감시탑2
340032ae0b5c315e12936b67,pokemoncardgame,포켓몬 카드게임,2026-05,2026-05-30T23:57:55+09:00,known,5de6e96defcb235849cc8d42,340032ae0b5c315e12936b67,114751,https://m.dcinside.com/board/pokemoncardgame/114751,구합니다,seller-3de33deda084f473bffb6063,77r옹,registered,투희,투희,투희,,,unknown,미분류,1,3,30000,estimated,per_card,text,unknown,,active,needs_review,needs_review,"가격 단위 추정, 배송비 포함 여부 미확정",estimated,yes,candidate_estimated,투희3
5a3507d395029122c2b56f57,pokemoncardgame,포켓몬 카드게임,2026-05,2026-05-30T23:57:55+09:00,known,fb181d97fa23da67cbfe6916,5a3507d395029122c2b56f57,114751,https://m.dcinside.com/board/pokemoncardgame/114751,구합니다,seller-3de33deda084f473bffb6063,77r옹,registered,빛나,빛나,빛나,,,unknown,미분류,1,2,20000,estimated,per_card,text,unknown,,active,needs_review,needs_review,"가격 단위 추정, 배송비 포함 여부 미확정",estimated,yes,candidate_estimated,빛나2
7221f38b3d8c5ab5ae742f6d,pokemoncardgame,포켓몬 카드게임,2026-05,2026-05-30T23:57:55+09:00,known,fb181d97fa23da67cbfe6916,7221f38b3d8c5ab5ae742f6d,114751,https://m.dcinside.com/board/pokemoncardgame/114751,구합니다,seller-3de33deda084f473bffb6063,77r옹,registered,투희,투희,투희,,,unknown,미분류,1,3,30000,estimated,per_card,text,unknown,,active,needs_review,needs_review,"가격 단위 추정, 배송비 포함 여부 미확정",estimated,yes,candidate_estimated,투희3
866db8b74d1280ac59910545,pokemoncardgame,포켓몬 카드게임,2026-05,2026-05-30T23:57:55+09:00,known,2b96bb15d8ad24def675815d,866db8b74d1280ac59910545,114751,https://m.dcinside.com/board/pokemoncardgame/114751,구합니다,seller-3de33deda084f473bffb6063,77r옹,registered,로켓단의 감시탑,로켓단의 감시탑,로켓단의 감시탑,,,unknown,미분류,1,2,20000,estimated,per_card,text,unknown,,active,needs_review,needs_review,"가격 단위 추정, 배송비 포함 여부 미확정",estimated,yes,candidate_estimated,로켓단의 감시탑2
9a02ce06d2d29a9a39a3f65f,pokemoncardgame,포켓몬 카드게임,2026-05,2026-05-30T23:57:55+09:00,known,5de6e96defcb235849cc8d42,9a02ce06d2d29a9a39a3f65f,114751,https://m.dcinside.com/board/pokemoncardgame/114751,구합니다,seller-3de33deda084f473bffb6063,77r옹,registered,로켓단의 감시탑,로켓단의 감시탑,로켓단의 감시탑,,,unknown,미분류,1,2,20000,estimated,per_card,text,unknown,,active,needs_review,needs_review,"가격 단위 추정, 배송비 포함 여부 미확정",estimated,yes,candidate_estimated,로켓단의 감시탑2
a63d9d3c24b9a080b9556c27,pokemoncardgame,포켓몬 카드게임,2026-05,2026-05-30T23:57:55+09:00,known,5de6e96defcb235849cc8d42,a63d9d3c24b9a080b9556c27,114751,https://m.dcinside.com/board/pokemoncardgame/114751,구합니다,seller-3de33deda084f473bffb6063,77r옹,registered,이상한사탕,이상한사탕,이상한사탕,,,unknown,미분류,1,3,30000,estimated,per_card,text,unknown,,active,needs_review,needs_review,"가격 단위 추정, 배송비 포함 여부 미확정",estimated,yes,candidate_estimated,이상한사탕3
a883956471597e190925e9d1,pokemoncardgame,포켓몬 카드게임,2026-05,2026-05-30T23:57:55+09:00,known,2b96bb15d8ad24def675815d,a883956471597e190925e9d1,114751,https://m.dcinside.com/board/pokemoncardgame/114751,구합니다,seller-3de33deda084f473bffb6063,77r옹,registered,빛나,빛나,빛나,,,unknown,미분류,1,2,20000,estimated,per_card,text,unknown,,active,needs_review,needs_review,"가격 단위 추정, 배송비 포함 여부 미확정",estimated,yes,candidate_estimated,빛나2
aec930fb706861f88f23398d,pokemoncardgame,포켓몬 카드게임,2026-05,2026-05-30T23:57:55+09:00,known,2b96bb15d8ad24def675815d,aec930fb706861f88f23398d,114751,https://m.dcinside.com/board/pokemoncardgame/114751,구합니다,seller-3de33deda084f473bffb6063,77r옹,registered,이상한사탕,이상한사탕,이상한사탕,,,unknown,미분류,1,3,30000,estimated,per_card,text,unknown,,active,needs_review,needs_review,"가격 단위 추정, 배송비 포함 여부 미확정",estimated,yes,candidate_estimated,이상한사탕3
cd3c4fabd4344a7634648da4,pokemoncardgame,포켓몬 카드게임,2026-05,2026-05-30T23:57:55+09:00,known,fb181d97fa23da67cbfe6916,cd3c4fabd4344a7634648da4,114751,https://m.dcinside.com/board/pokemoncardgame/114751,구합니다,seller-3de33deda084f473bffb6063,77r옹,registered,이상한사탕,이상한사탕,이상한사탕,,,unknown,미분류,1,3,30000,estimated,per_card,text,unknown,,active,needs_review,needs_review,"가격 단위 추정, 배송비 포함 여부 미확정",estimated,yes,candidate_estimated,이상한사탕3
fc10b59de30ca74eba2fd822,pokemoncardgame,포켓몬 카드게임,2026-05,2026-05-30T23:57:55+09:00,known,5de6e96defcb235849cc8d42,fc10b59de30ca74eba2fd822,114751,https://m.dcinside.com/board/pokemoncardgame/114751,구합니다,seller-3de33deda084f473bffb6063,77r옹,registered,빛나,빛나,빛나,,,unknown,미분류,1,2,20000,estimated,per_card,text,unknown,,active,needs_review,needs_review,"가격 단위 추정, 배송비 포함 여부 미확정",estimated,yes,candidate_estimated,빛나2
07866050cfdf9db3c59c5db1,pokemoncardgame,포켓몬 카드게임,2026-05,2026-05-31T04:08:26+09:00,known,1ad1b6beaaf1f3bd49944aeb,07866050cfdf9db3c59c5db1,114761,https://m.dcinside.com/board/pokemoncardgame/114761,개굴닌자 덱 소스 구매합니다,seller-f55f17b4989be06055e42081,광물,guest,투희,투희,투희 장당,,,unknown,미분류,3,0.2,2000,estimated,per_card,text,unknown,,active,needs_review,needs_review,"가격 단위 추정, 배송비 포함 여부 미확정",estimated,yes,candidate_estimated,투희 3장 장당 0.2
0d93b3a03e64026b83aac4d4,pokemoncardgame,포켓몬 카드게임,2026-05,2026-05-31T04:08:26+09:00,known,1ad1b6beaaf1f3bd49944aeb,0d93b3a03e64026b83aac4d4,114761,https://m.dcinside.com/board/pokemoncardgame/114761,개굴닌자 덱 소스 구매합니다,seller-f55f17b4989be06055e42081,광물,guest,파도타기 비치 sr,파도타기 비치 sr,파도타기 비치 sr,,,unknown,미분류,1,0.2,2000,estimated,per_card,text,unknown,,active,needs_review,needs_review,"가격 단위 추정, 배송비 포함 여부 미확정",estimated,yes,candidate_estimated,파도타기 비치 sr 1장 0.2
0db7c53d41679a718294da13,pokemoncardgame,포켓몬 카드게임,2026-05,2026-05-31T04:08:26+09:00,known,1ad1b6beaaf1f3bd49944aeb,0db7c53d41679a718294da13,114761,https://m.dcinside.com/board/pokemoncardgame/114761,개굴닌자 덱 소스 구매합니다,seller-f55f17b4989be06055e42081,광물,guest,격투 개굴닌자 sr,격투 개굴닌자 sr,격투 개굴닌자 sr,,,unknown,미분류,1,0.8,8000,estimated,per_card,text,unknown,,active,needs_review,needs_review,"가격 단위 추정, 배송비 포함 여부 미확정",estimated,yes,candidate_estimated,격투 개굴닌자 sr 1장 0.8
1222d925d64c32501921a41f,pokemoncardgame,포켓몬 카드게임,2026-05,2026-05-31T04:08:26+09:00,known,688117f42e14f07fcb06c73a,1222d925d64c32501921a41f,114761,https://m.dcinside.com/board/pokemoncardgame/114761,개굴닌자 덱 소스 구매합니다,seller-8a9744af2e51caf8a6396ff3,광물,guest,이그니션 에너지 sr,이그니션 에너지 sr,이그니션 에너지 sr 장당,,,unknown,미분류,3,0.1,1000,estimated,per_card,text,unknown,,active,needs_review,needs_review,"가격 단위 추정, 배송비 포함 여부 미확정",estimated,yes,candidate_estimated,이그니션 에너지 sr 3장 장당 0.1
167cd40f6882a87310e49e9f,pokemoncardgame,포켓몬 카드게임,2026-05,2026-05-31T04:08:26+09:00,known,1ad1b6beaaf1f3bd49944aeb,167cd40f6882a87310e49e9f,114761,https://m.dcinside.com/board/pokemoncardgame/114761,개굴닌자 덱 소스 구매합니다,seller-f55f17b4989be06055e42081,광물,guest,이그니션 에너지 sr,이그니션 에너지 sr,이그니션 에너지 sr 장당,,,unknown,미분류,3,0.1,1000,estimated,per_card,text,unknown,,active,needs_review,needs_review,"가격 단위 추정, 배송비 포함 여부 미확정",estimated,yes,candidate_estimated,이그니션 에너지 sr 3장 장당 0.1
17e0281fc7c4d92ca7eb9c6c,pokemoncardgame,포켓몬 카드게임,2026-05,2026-05-31T04:08:26+09:00,known,688117f42e14f07fcb06c73a,17e0281fc7c4d92ca7eb9c6c,114761,https://m.dcinside.com/board/pokemoncardgame/114761,개굴닌자 덱 소스 구매합니다,seller-8a9744af2e51caf8a6396ff3,광물,guest,개굴반장 ar,개굴반장 ar,개굴반장 ar,,,unknown,미분류,1,0.3,3000,estimated,per_card,text,unknown,,active,needs_review,needs_review,"가격 단위 추정, 배송비 포함 여부 미확정",estimated,yes,candidate_estimated,개굴반장 ar 1장 0.3
1aa505af866afab1a3737c68,pokemoncardgame,포켓몬 카드게임,2026-05,2026-05-31T04:08:26+09:00,known,52c789d12b6c932bc42aa883,1aa505af866afab1a3737c68,114761,https://m.dcinside.com/board/pokemoncardgame/114761,개굴닌자 덱 소스 구매합니다,seller-b282af1a7eb14dbd012691b6,광물,guest,파도타기 비치 sr,파도타기 비치 sr,파도타기 비치 sr,,,unknown,미분류,1,0.2,2000,estimated,per_card,text,unknown,,active,needs_review,needs_review,"가격 단위 추정, 배송비 포함 여부 미확정",estimated,yes,candidate_estimated,파도타기 비치 sr 1장 0.2
1cd41af2da05b5c10db824f0,pokemoncardgame,포켓몬 카드게임,2026-05,2026-05-31T04:08:26+09:00,known,688117f42e14f07fcb06c73a,1cd41af2da05b5c10db824f0,114761,https://m.dcinside.com/board/pokemoncardgame/114761,개굴닌자 덱 소스 구매합니다,seller-8a9744af2e51caf8a6396ff3,광물,guest,파도타기 비치 sr,파도타기 비치 sr,파도타기 비치 sr,,,unknown,미분류,1,0.2,2000,estimated,per_card,text,unknown,,active,needs_review,needs_review,"가격 단위 추정, 배송비 포함 여부 미확정",estimated,yes,candidate_estimated,파도타기 비치 sr 1장 0.2
4f4afae21070d67c290282a4,pokemoncardgame,포켓몬 카드게임,2026-05,2026-05-31T04:08:26+09:00,known,52c789d12b6c932bc42aa883,4f4afae21070d67c290282a4,114761,https://m.dcinside.com/board/pokemoncardgame/114761,개굴닌자 덱 소스 구매합니다,seller-b282af1a7eb14dbd012691b6,광물,guest,나옹ex,나옹ex,나옹ex,,,unknown,미분류,1,0.3,3000,estimated,per_card,text,unknown,,active,needs_review,needs_review,"가격 단위 추정, 배송비 포함 여부 미확정",estimated,yes,candidate_estimated,나옹ex 1장 0.3
5370828eb9d2d3afd39bc647,pokemoncardgame,포켓몬 카드게임,2026-05,2026-05-31T04:08:26+09:00,known,52c789d12b6c932bc42aa883,5370828eb9d2d3afd39bc647,114761,https://m.dcinside.com/board/pokemoncardgame/114761,개굴닌자 덱 소스 구매합니다,seller-b282af1a7eb14dbd012691b6,광물,guest,투희,투희,투희 장당,,,unknown,미분류,3,0.2,2000,estimated,per_card,text,unknown,,active,needs_review,needs_review,"가격 단위 추정, 배송비 포함 여부 미확정",estimated,yes,candidate_estimated,투희 3장 장당 0.2
5e0d5528cc14d9ca701409d1,pokemoncardgame,포켓몬 카드게임,2026-05,2026-05-31T04:08:26+09:00,known,1ad1b6beaaf1f3bd49944aeb,5e0d5528cc14d9ca701409d1,114761,https://m.dcinside.com/board/pokemoncardgame/114761,개굴닌자 덱 소스 구매합니다,seller-f55f17b4989be06055e42081,광물,guest,,,,,,unknown,미분류,1,3,30000,estimated,bundle,text,unknown,,active,needs_review,needs_review,"가격 단위 추정, 일괄·세트 가격, 배송비 포함 여부 미확정, 카드명 확인 필요, 묶음·세트 총액 · 개별 카드 가격 아님",estimated,no,no,일괄 3에 구해봅니다 가격 이상하면 말해주세요.
5ffdbcce3a93f40b8df9f1cb,pokemoncardgame,포켓몬 카드게임,2026-05,2026-05-31T04:08:26+09:00,known,688117f42e14f07fcb06c73a,5ffdbcce3a93f40b8df9f1cb,114761,https://m.dcinside.com/board/pokemoncardgame/114761,개굴닌자 덱 소스 구매합니다,seller-8a9744af2e51caf8a6396ff3,광물,guest,,,,,,unknown,미분류,1,3,30000,estimated,bundle,text,unknown,,active,needs_review,needs_review,"가격 단위 추정, 일괄·세트 가격, 배송비 포함 여부 미확정, 카드명 확인 필요, 묶음·세트 총액 · 개별 카드 가격 아님",estimated,no,no,일괄 3에 구해봅니다 가격 이상하면 말해주세요.
645bb1dd21451b8ce672ff06,pokemoncardgame,포켓몬 카드게임,2026-05,2026-05-31T04:08:26+09:00,known,52c789d12b6c932bc42aa883,645bb1dd21451b8ce672ff06,114761,https://m.dcinside.com/board/pokemoncardgame/114761,개굴닌자 덱 소스 구매합니다,seller-b282af1a7eb14dbd012691b6,광물,guest,격투 개굴닌자 sr,격투 개굴닌자 sr,격투 개굴닌자 sr,,,unknown,미분류,1,0.8,8000,estimated,per_card,text,unknown,,active,needs_review,needs_review,"가격 단위 추정, 배송비 포함 여부 미확정",estimated,yes,candidate_estimated,격투 개굴닌자 sr 1장 0.8
7041d1fcf4bef4ef9966983a,pokemoncardgame,포켓몬 카드게임,2026-05,2026-05-31T04:08:26+09:00,known,688117f42e14f07fcb06c73a,7041d1fcf4bef4ef9966983a,114761,https://m.dcinside.com/board/pokemoncardgame/114761,개굴닌자 덱 소스 구매합니다,seller-8a9744af2e51caf8a6396ff3,광물,guest,격투 개굴닌자 sr,격투 개굴닌자 sr,격투 개굴닌자 sr,,,unknown,미분류,1,0.8,8000,estimated,per_card,text,unknown,,active,needs_review,needs_review,"가격 단위 추정, 배송비 포함 여부 미확정",estimated,yes,candidate_estimated,격투 개굴닌자 sr 1장 0.8
7fcfdb9eb178652a37bd748e,pokemoncardgame,포켓몬 카드게임,2026-05,2026-05-31T04:08:26+09:00,known,52c789d12b6c932bc42aa883,7fcfdb9eb178652a37bd748e,114761,https://m.dcinside.com/board/pokemoncardgame/114761,개굴닌자 덱 소스 구매합니다,seller-b282af1a7eb14dbd012691b6,광물,guest,개굴반장 ar,개굴반장 ar,개굴반장 ar,,,unknown,미분류,1,0.3,3000,estimated,per_card,text,unknown,,active,needs_review,needs_review,"가격 단위 추정, 배송비 포함 여부 미확정",estimated,yes,candidate_estimated,개굴반장 ar 1장 0.3
817e7ed114e0d355480e5c77,pokemoncardgame,포켓몬 카드게임,2026-05,2026-05-31T04:08:26+09:00,known,52c789d12b6c932bc42aa883,817e7ed114e0d355480e5c77,114761,https://m.dcinside.com/board/pokemoncardgame/114761,개굴닌자 덱 소스 구매합니다,seller-b282af1a7eb14dbd012691b6,광물,guest,네오 어퍼 에너지,네오 어퍼 에너지,네오 어퍼 에너지,,,unknown,미분류,1,0.3,3000,estimated,per_card,text,unknown,,active,needs_review,needs_review,"가격 단위 추정, 배송비 포함 여부 미확정",estimated,yes,candidate_estimated,네오 어퍼 에너지 1장 0.3
8ed8335d09d5e0c2170c48a5,pokemoncardgame,포켓몬 카드게임,2026-05,2026-05-31T04:08:26+09:00,known,1ad1b6beaaf1f3bd49944aeb,8ed8335d09d5e0c2170c48a5,114761,https://m.dcinside.com/board/pokemoncardgame/114761,개굴닌자 덱 소스 구매합니다,seller-f55f17b4989be06055e42081,광물,guest,나옹ex,나옹ex,나옹ex,,,unknown,미분류,1,0.3,3000,estimated,per_card,text,unknown,,active,needs_review,needs_review,"가격 단위 추정, 배송비 포함 여부 미확정",estimated,yes,candidate_estimated,나옹ex 1장 0.3
b7002d258e125436941c99ee,pokemoncardgame,포켓몬 카드게임,2026-05,2026-05-31T04:08:26+09:00,known,52c789d12b6c932bc42aa883,b7002d258e125436941c99ee,114761,https://m.dcinside.com/board/pokemoncardgame/114761,개굴닌자 덱 소스 구매합니다,seller-b282af1a7eb14dbd012691b6,광물,guest,,,,,,unknown,미분류,1,3,30000,estimated,bundle,text,unknown,,active,needs_review,needs_review,"가격 단위 추정, 일괄·세트 가격, 배송비 포함 여부 미확정, 카드명 확인 필요, 묶음·세트 총액 · 개별 카드 가격 아님",estimated,no,no,일괄 3에 구해봅니다 가격 이상하면 말해주세요.
c3fce14305a3910c6f0dd983,pokemoncardgame,포켓몬 카드게임,2026-05,2026-05-31T04:08:26+09:00,known,1ad1b6beaaf1f3bd49944aeb,c3fce14305a3910c6f0dd983,114761,https://m.dcinside.com/board/pokemoncardgame/114761,개굴닌자 덱 소스 구매합니다,seller-f55f17b4989be06055e42081,광물,guest,개굴반장 ar,개굴반장 ar,개굴반장 ar,,,unknown,미분류,1,0.3,3000,estimated,per_card,text,unknown,,active,needs_review,needs_review,"가격 단위 추정, 배송비 포함 여부 미확정",estimated,yes,candidate_estimated,개굴반장 ar 1장 0.3
de688f9eaa9f469ebfe6e77b,pokemoncardgame,포켓몬 카드게임,2026-05,2026-05-31T04:08:26+09:00,known,688117f42e14f07fcb06c73a,de688f9eaa9f469ebfe6e77b,114761,https://m.dcinside.com/board/pokemoncardgame/114761,개굴닌자 덱 소스 구매합니다,seller-8a9744af2e51caf8a6396ff3,광물,guest,네오 어퍼 에너지,네오 어퍼 에너지,네오 어퍼 에너지,,,unknown,미분류,1,0.3,3000,estimated,per_card,text,unknown,,active,needs_review,needs_review,"가격 단위 추정, 배송비 포함 여부 미확정",estimated,yes,candidate_estimated,네오 어퍼 에너지 1장 0.3
e28f8f449b4872f4ed4620c8,pokemoncardgame,포켓몬 카드게임,2026-05,2026-05-31T04:08:26+09:00,known,688117f42e14f07fcb06c73a,e28f8f449b4872f4ed4620c8,114761,https://m.dcinside.com/board/pokemoncardgame/114761,개굴닌자 덱 소스 구매합니다,seller-8a9744af2e51caf8a6396ff3,광물,guest,투희,투희,투희 장당,,,unknown,미분류,3,0.2,2000,estimated,per_card,text,unknown,,active,needs_review,needs_review,"가격 단위 추정, 배송비 포함 여부 미확정",estimated,yes,candidate_estimated,투희 3장 장당 0.2
ed979f5867db00d79b609ee6,pokemoncardgame,포켓몬 카드게임,2026-05,2026-05-31T04:08:26+09:00,known,1ad1b6beaaf1f3bd49944aeb,ed979f5867db00d79b609ee6,114761,https://m.dcinside.com/board/pokemoncardgame/114761,개굴닌자 덱 소스 구매합니다,seller-f55f17b4989be06055e42081,광물,guest,네오 어퍼 에너지,네오 어퍼 에너지,네오 어퍼 에너지,,,unknown,미분류,1,0.3,3000,estimated,per_card,text,unknown,,active,needs_review,needs_review,"가격 단위 추정, 배송비 포함 여부 미확정",estimated,yes,candidate_estimated,네오 어퍼 에너지 1장 0.3
f06347840a4805e590ae4dca,pokemoncardgame,포켓몬 카드게임,2026-05,2026-05-31T04:08:26+09:00,known,688117f42e14f07fcb06c73a,f06347840a4805e590ae4dca,114761,https://m.dcinside.com/board/pokemoncardgame/114761,개굴닌자 덱 소스 구매합니다,seller-8a9744af2e51caf8a6396ff3,광물,guest,나옹ex,나옹ex,나옹ex,,,unknown,미분류,1,0.3,3000,estimated,per_card,text,unknown,,active,needs_review,needs_review,"가격 단위 추정, 배송비 포함 여부 미확정",estimated,yes,candidate_estimated,나옹ex 1장 0.3
f5f388e387e405899b2d6a38,pokemoncardgame,포켓몬 카드게임,2026-05,2026-05-31T04:08:26+09:00,known,52c789d12b6c932bc42aa883,f5f388e387e405899b2d6a38,114761,https://m.dcinside.com/board/pokemoncardgame/114761,개굴닌자 덱 소스 구매합니다,seller-b282af1a7eb14dbd012691b6,광물,guest,이그니션 에너지 sr,이그니션 에너지 sr,이그니션 에너지 sr 장당,,,unknown,미분류,3,0.1,1000,estimated,per_card,text,unknown,,active,needs_review,needs_review,"가격 단위 추정, 배송비 포함 여부 미확정",estimated,yes,candidate_estimated,이그니션 에너지 sr 3장 장당 0.1
0644b680347329cd8b1c123d,pokemoncardgame,포켓몬 카드게임,2026-05,2026-05-31T10:44:38+09:00,known,4fecbc7d18d780af166d01cd,0644b680347329cd8b1c123d,114770,https://m.dcinside.com/board/pokemoncardgame/114770,오늘 인천에서 삽니다,seller-51447db26eeb90b0124d315b,포갤러,registered,언페어 스탬프,언페어 스탬프,언페어 스탬프,,,unknown,미분류,1,1,10000,estimated,per_card,text,unknown,,active,needs_review,needs_review,"가격 단위 추정, 배송비 포함 여부 미확정",estimated,yes,candidate_estimated,언페어 스탬프 1
2751034961fc71ff113c56ad,pokemoncardgame,포켓몬 카드게임,2026-05,2026-05-31T10:44:38+09:00,known,4fecbc7d18d780af166d01cd,2751034961fc71ff113c56ad,114770,https://m.dcinside.com/board/pokemoncardgame/114770,오늘 인천에서 삽니다,seller-51447db26eeb90b0124d315b,포갤러,registered,이상한사탕,이상한사탕,이상한사탕,,,unknown,미분류,1,1,10000,estimated,per_card,text,unknown,,active,needs_review,needs_review,"가격 단위 추정, 배송비 포함 여부 미확정",estimated,yes,candidate_estimated,이상한사탕 1
337a52dedd83ccd8dd30747b,pokemoncardgame,포켓몬 카드게임,2026-05,2026-05-31T10:44:38+09:00,known,afd799c6d6659ad84599f419,337a52dedd83ccd8dd30747b,114770,https://m.dcinside.com/board/pokemoncardgame/114770,오늘 인천에서 삽니다,seller-51447db26eeb90b0124d315b,포갤러,registered,스페셜 레드카드,스페셜 레드카드,스페셜 레드카드,,,unknown,미분류,1,1,10000,estimated,per_card,text,unknown,,active,needs_review,needs_review,"가격 단위 추정, 배송비 포함 여부 미확정",estimated,yes,candidate_estimated,스페셜 레드카드 1
337a6d62dc1845bdc93714c7,pokemoncardgame,포켓몬 카드게임,2026-05,2026-05-31T10:44:38+09:00,known,afd799c6d6659ad84599f419,337a6d62dc1845bdc93714c7,114770,https://m.dcinside.com/board/pokemoncardgame/114770,오늘 인천에서 삽니다,seller-51447db26eeb90b0124d315b,포갤러,registered,이상한사탕,이상한사탕,이상한사탕,,,unknown,미분류,1,1,10000,estimated,per_card,text,unknown,,active,needs_review,needs_review,"가격 단위 추정, 배송비 포함 여부 미확정",estimated,yes,candidate_estimated,이상한사탕 1
3909948de525696ab3b32971,pokemoncardgame,포켓몬 카드게임,2026-05,2026-05-31T10:44:38+09:00,known,afd799c6d6659ad84599f419,3909948de525696ab3b32971,114770,https://m.dcinside.com/board/pokemoncardgame/114770,오늘 인천에서 삽니다,seller-51447db26eeb90b0124d315b,포갤러,registered,언페어 스탬프,언페어 스탬프,언페어 스탬프,,,unknown,미분류,1,1,10000,estimated,per_card,text,unknown,,active,needs_review,needs_review,"가격 단위 추정, 배송비 포함 여부 미확정",estimated,yes,candidate_estimated,언페어 스탬프 1
40a2fb4b9bce82edfcb2e185,pokemoncardgame,포켓몬 카드게임,2026-05,2026-05-31T10:44:38+09:00,known,6629a99084187b238ed50de1,40a2fb4b9bce82edfcb2e185,114770,https://m.dcinside.com/board/pokemoncardgame/114770,오늘 인천에서 삽니다,seller-51447db26eeb90b0124d315b,포갤러,registered,,,,,,unknown,미분류,1,1.2,12000,estimated,bundle,text,unknown,,active,needs_review,needs_review,"가격 단위 추정, 일괄·세트 가격, 배송비 포함 여부 미확정, 카드명 확인 필요, 묶음·세트 총액 · 개별 카드 가격 아님",estimated,no,no,일괄 1.2에 사요
44afa7f9906a59089767e544,pokemoncardgame,포켓몬 카드게임,2026-05,2026-05-31T10:44:38+09:00,known,6629a99084187b238ed50de1,44afa7f9906a59089767e544,114770,https://m.dcinside.com/board/pokemoncardgame/114770,오늘 인천에서 삽니다,seller-51447db26eeb90b0124d315b,포갤러,registered,언페어 스탬프,언페어 스탬프,언페어 스탬프,,,unknown,미분류,1,1,10000,estimated,per_card,text,unknown,,active,needs_review,needs_review,"가격 단위 추정, 배송비 포함 여부 미확정",estimated,yes,candidate_estimated,언페어 스탬프 1
482049b0bfe82c09fd60114e,pokemoncardgame,포켓몬 카드게임,2026-05,2026-05-31T10:44:38+09:00,known,6629a99084187b238ed50de1,482049b0bfe82c09fd60114e,114770,https://m.dcinside.com/board/pokemoncardgame/114770,오늘 인천에서 삽니다,seller-51447db26eeb90b0124d315b,포갤러,registered,스페셜 레드카드,스페셜 레드카드,스페셜 레드카드,,,unknown,미분류,1,1,10000,estimated,per_card,text,unknown,,active,needs_review,needs_review,"가격 단위 추정, 배송비 포함 여부 미확정",estimated,yes,candidate_estimated,스페셜 레드카드 1
6f9bb54e5c82531cfa8acf8d,pokemoncardgame,포켓몬 카드게임,2026-05,2026-05-31T10:44:38+09:00,known,6629a99084187b238ed50de1,6f9bb54e5c82531cfa8acf8d,114770,https://m.dcinside.com/board/pokemoncardgame/114770,오늘 인천에서 삽니다,seller-51447db26eeb90b0124d315b,포갤러,registered,재밍타워,재밍타워,재밍타워,,,unknown,미분류,1,1,10000,estimated,per_card,text,unknown,,active,needs_review,needs_review,"가격 단위 추정, 배송비 포함 여부 미확정",estimated,yes,candidate_estimated,재밍타워 1
a9769dea4b211a6806a45fdb,pokemoncardgame,포켓몬 카드게임,2026-05,2026-05-31T10:44:38+09:00,known,afd799c6d6659ad84599f419,a9769dea4b211a6806a45fdb,114770,https://m.dcinside.com/board/pokemoncardgame/114770,오늘 인천에서 삽니다,seller-51447db26eeb90b0124d315b,포갤러,registered,,,,,,unknown,미분류,1,1.2,12000,estimated,bundle,text,unknown,,active,needs_review,needs_review,"가격 단위 추정, 일괄·세트 가격, 배송비 포함 여부 미확정, 카드명 확인 필요, 묶음·세트 총액 · 개별 카드 가격 아님",estimated,no,no,일괄 1.2에 사요
b0337909591c0ba713d82c55,pokemoncardgame,포켓몬 카드게임,2026-05,2026-05-31T10:44:38+09:00,known,4fecbc7d18d780af166d01cd,b0337909591c0ba713d82c55,114770,https://m.dcinside.com/board/pokemoncardgame/114770,오늘 인천에서 삽니다,seller-51447db26eeb90b0124d315b,포갤러,registered,,,,,,unknown,미분류,1,1.2,12000,estimated,bundle,text,unknown,,active,needs_review,needs_review,"가격 단위 추정, 일괄·세트 가격, 배송비 포함 여부 미확정, 카드명 확인 필요, 묶음·세트 총액 · 개별 카드 가격 아님",estimated,no,no,일괄 1.2에 사요
b8eacc75c1c9926ecd4520fa,pokemoncardgame,포켓몬 카드게임,2026-05,2026-05-31T10:44:38+09:00,known,afd799c6d6659ad84599f419,b8eacc75c1c9926ecd4520fa,114770,https://m.dcinside.com/board/pokemoncardgame/114770,오늘 인천에서 삽니다,seller-51447db26eeb90b0124d315b,포갤러,registered,재밍타워,재밍타워,재밍타워,,,unknown,미분류,1,1,10000,estimated,per_card,text,unknown,,active,needs_review,needs_review,"가격 단위 추정, 배송비 포함 여부 미확정",estimated,yes,candidate_estimated,재밍타워 1
c89e7b0dfab7aa9153441929,pokemoncardgame,포켓몬 카드게임,2026-05,2026-05-31T10:44:38+09:00,known,6629a99084187b238ed50de1,c89e7b0dfab7aa9153441929,114770,https://m.dcinside.com/board/pokemoncardgame/114770,오늘 인천에서 삽니다,seller-51447db26eeb90b0124d315b,포갤러,registered,이상한사탕,이상한사탕,이상한사탕,,,unknown,미분류,1,1,10000,estimated,per_card,text,unknown,,active,needs_review,needs_review,"가격 단위 추정, 배송비 포함 여부 미확정",estimated,yes,candidate_estimated,이상한사탕 1
dfaf7a9806ff96b5dff0becf,pokemoncardgame,포켓몬 카드게임,2026-05,2026-05-31T10:44:38+09:00,known,4fecbc7d18d780af166d01cd,dfaf7a9806ff96b5dff0becf,114770,https://m.dcinside.com/board/pokemoncardgame/114770,오늘 인천에서 삽니다,seller-51447db26eeb90b0124d315b,포갤러,registered,재밍타워,재밍타워,재밍타워,,,unknown,미분류,1,1,10000,estimated,per_card,text,unknown,,active,needs_review,needs_review,"가격 단위 추정, 배송비 포함 여부 미확정",estimated,yes,candidate_estimated,재밍타워 1
f1684e90a5ae2d74a4177fd7,pokemoncardgame,포켓몬 카드게임,2026-05,2026-05-31T10:44:38+09:00,known,4fecbc7d18d780af166d01cd,f1684e90a5ae2d74a4177fd7,114770,https://m.dcinside.com/board/pokemoncardgame/114770,오늘 인천에서 삽니다,seller-51447db26eeb90b0124d315b,포갤러,registered,스페셜 레드카드,스페셜 레드카드,스페셜 레드카드,,,unknown,미분류,1,1,10000,estimated,per_card,text,unknown,,active,needs_review,needs_review,"가격 단위 추정, 배송비 포함 여부 미확정",estimated,yes,candidate_estimated,스페셜 레드카드 1
2f1690933730b405dc45d05c,pokemoncardgame,포켓몬 카드게임,2026-05,2026-05-31T23:55:04+09:00,known,fb836741e809c5c6893b4689,2f1690933730b405dc45d05c,114836,https://m.dcinside.com/board/pokemoncardgame/114836,메탕구 바렛 덱 소스 구매합니다,seller-51447db26eeb90b0124d315b,포갤러,registered,해당 덱 소스 저레어로,해당 덱 소스 저레어로,해당 덱 소스 저레어로,,,unknown,미분류,1,1.7,17000,estimated,bundle,text,included,2000,active,needs_review,needs_review,"가격 단위 추정, 묶음·세트 총액 · 개별 카드 가격 아님",estimated,no,no,해당 덱 소스 저레어로 택포 1.7에 구매함
89f5bf8dc77c1fcda04e9351,pokemoncardgame,포켓몬 카드게임,2026-05,2026-05-31T23:55:04+09:00,known,93f7ece577ba37d304eb3285,89f5bf8dc77c1fcda04e9351,114836,https://m.dcinside.com/board/pokemoncardgame/114836,메탕구 바렛 덱 소스 구매합니다,seller-51447db26eeb90b0124d315b,포갤러,registered,해당 덱 소스 저레어로,해당 덱 소스 저레어로,해당 덱 소스 저레어로,,,unknown,미분류,1,1.7,17000,estimated,bundle,text,included,2000,active,needs_review,needs_review,"가격 단위 추정, 묶음·세트 총액 · 개별 카드 가격 아님",estimated,no,no,해당 덱 소스 저레어로 택포 1.7에 구매함
b750560a2788cb151a483aab,pokemoncardgame,포켓몬 카드게임,2026-05,2026-05-31T23:55:04+09:00,known,bf57dbb6d7c9db8f0a30a9d7,b750560a2788cb151a483aab,114836,https://m.dcinside.com/board/pokemoncardgame/114836,메탕구 바렛 덱 소스 구매합니다,seller-51447db26eeb90b0124d315b,포갤러,registered,해당 덱 소스 저레어로,해당 덱 소스 저레어로,해당 덱 소스 저레어로,,,unknown,미분류,1,1.7,17000,estimated,bundle,text,included,2000,active,needs_review,needs_review,"가격 단위 추정, 묶음·세트 총액 · 개별 카드 가격 아님",estimated,no,no,해당 덱 소스 저레어로 택포 1.7에 구매함
