observation_id,game_id,game_name,year_month,posted_at,date_quality,source_id,row_id,post_id,post_url,post_title,seller_id,seller_name,author_type,card_key,card_name,card_name_raw,card_code,rarity,listing_type,listing_type_label,quantity,raw_price,price_krw_observed,price_status,price_scope,price_origin,shipping_included,shipping_price_krw,post_status,analysis_status,review_status,review_reason,price_confidence,price_candidate,include_in_price_stats,raw_line
2b5c0ad764ec8934e8e1907a,vg,뱅가드,2026-08,2026-08-01T01:57:12+09:00,known,d917df482e6641a70f0c71cd,2b5c0ad764ec8934e8e1907a,580147,https://m.dcinside.com/board/vg/580147,글D 은하영용 프리렌 구해요,seller-575c611cc44cc24011da5767,이터리포카구하..,guest,글D 은하영용 프리렌,글D 은하영용 프리렌,글D 은하영용 프리렌,,,buy,구매,1,,,missing,unknown,unknown,unknown,,active,needs_review,needs_review,희망가 미기재,missing,no,no,글D 은하영용 프리렌 구해요
a9f0211dd54ab60f887da1ad,vg,뱅가드,2026-08,2026-08-01T01:57:12+09:00,known,8d409c05fbbf50a08115e3f9,a9f0211dd54ab60f887da1ad,580147,https://m.dcinside.com/board/vg/580147,글D 은하영용 프리렌 구해요,seller-23e3458c1457fe1dee119af1,이터리포카구하..,guest,글D 은하영용 프리렌,글D 은하영용 프리렌,글D 은하영용 프리렌,,,buy,구매,1,,,missing,unknown,unknown,unknown,,active,needs_review,needs_review,희망가 미기재,missing,no,no,글D 은하영용 프리렌 구해요
f56b716d87a816d2940fa1bd,vg,뱅가드,2026-08,2026-08-01T01:57:12+09:00,known,4ba178aa5314dea541e93609,f56b716d87a816d2940fa1bd,580147,https://m.dcinside.com/board/vg/580147,글D 은하영용 프리렌 구해요,seller-31da13f496cb338a0b4e06ca,이터리포카구하..,guest,글D 은하영용 프리렌,글D 은하영용 프리렌,글D 은하영용 프리렌,,,buy,구매,1,,,missing,unknown,unknown,unknown,,active,needs_review,needs_review,희망가 미기재,missing,no,no,글D 은하영용 프리렌 구해요
9013df222541be8b73cd2bee,vg,뱅가드,2026-08,2026-08-01T10:51:42+09:00,known,7f53537b05d121110c9d33c2,9013df222541be8b73cd2bee,580164,https://m.dcinside.com/board/vg/580164,글판D GPR미셸스티커1장/GPR뱅드림파옵1장 구합니다,seller-76180e7538839a15e5311195,Game공백,guest,CU반값택배,CU반값택배,준등기0.2/CU반값택배,,,buy,구매,1,0.2,2000,estimated,bundle,text,unknown,,active,needs_review,needs_review,"가격 단위 추정, 복수 카드 가격, 배송비 포함 여부 미확정, 묶음·세트 총액 · 개별 카드 가격 아님",estimated,no,no,준등기0.2/CU반값택배0.2
9c1600945d9a94bb90c9bf69,vg,뱅가드,2026-08,2026-08-01T10:51:42+09:00,known,d27e540a267f74e5d0b67c2e,9c1600945d9a94bb90c9bf69,580164,https://m.dcinside.com/board/vg/580164,글판D GPR미셸스티커1장/GPR뱅드림파옵1장 구합니다,seller-6494573f538786d3991cded1,Game공백,guest,CU반값택배,CU반값택배,준등기0.2/CU반값택배,,,buy,구매,1,0.2,2000,estimated,bundle,text,unknown,,active,needs_review,needs_review,"가격 단위 추정, 복수 카드 가격, 배송비 포함 여부 미확정, 묶음·세트 총액 · 개별 카드 가격 아님",estimated,no,no,준등기0.2/CU반값택배0.2
b5b82374913b84776b28cb7b,vg,뱅가드,2026-08,2026-08-01T10:51:42+09:00,known,f8d6c90ffab1a306a16ec117,b5b82374913b84776b28cb7b,580164,https://m.dcinside.com/board/vg/580164,글판D GPR미셸스티커1장/GPR뱅드림파옵1장 구합니다,seller-b8c6064f642256c7fa18f460,Game공백,guest,CU반값택배,CU반값택배,준등기0.2/CU반값택배,,,buy,구매,1,0.2,2000,estimated,bundle,text,unknown,,active,needs_review,needs_review,"가격 단위 추정, 복수 카드 가격, 배송비 포함 여부 미확정, 묶음·세트 총액 · 개별 카드 가격 아님",estimated,no,no,준등기0.2/CU반값택배0.2
2c865911ee715f0dee1ce40d,vg,뱅가드,2026-08,2026-08-01T12:37:57+09:00,known,2789b920e7211003f73ba986,2c865911ee715f0dee1ce40d,580177,https://m.dcinside.com/board/vg/580177,강미 직으로 일판 에너지 제너레이터 삽니다,seller-7a6426f859e750c6f7e63add,쥰쥰,guest,,장당,장당,,,buy,구매,1,0.1,1000,estimated,per_card,text,unknown,,active,needs_review,needs_review,"가격 단위 추정, 배송비 포함 여부 미확정",estimated,yes,candidate_estimated,장당 0.1에 팔아줄 사람 있으면 댓 남겨주시면 감사하겠습니다.
2e9a2ef8f51aea3f4a3c5af7,vg,뱅가드,2026-08,2026-08-01T12:37:57+09:00,known,c09b9aff1e1f8515442b5b81,2e9a2ef8f51aea3f4a3c5af7,580177,https://m.dcinside.com/board/vg/580177,강미 직으로 일판 에너지 제너레이터 삽니다,seller-be5f0628392ba19197b23cea,쥰쥰,guest,,장당,장당,,,buy,구매,1,0.1,1000,estimated,per_card,text,unknown,,active,needs_review,needs_review,"가격 단위 추정, 배송비 포함 여부 미확정",estimated,yes,candidate_estimated,장당 0.1에 팔아줄 사람 있으면 댓 남겨주시면 감사하겠습니다.
d86d0bb1959c21df9dd3bce8,vg,뱅가드,2026-08,2026-08-01T12:37:57+09:00,known,f3d371a1018244f8fa067103,d86d0bb1959c21df9dd3bce8,580177,https://m.dcinside.com/board/vg/580177,강미 직으로 일판 에너지 제너레이터 삽니다,seller-d09088102668f1b6c82f8a7f,쥰쥰,guest,,장당,장당,,,buy,구매,1,0.1,1000,estimated,per_card,text,unknown,,active,needs_review,needs_review,"가격 단위 추정, 배송비 포함 여부 미확정",estimated,yes,candidate_estimated,장당 0.1에 팔아줄 사람 있으면 댓 남겨주시면 감사하겠습니다.
3d497dbf20fa5236e9724a14,vg,뱅가드,2026-08,2026-08-01T13:00:41+09:00,known,7368ea9cf7b3962bffeb56a5,3d497dbf20fa5236e9724a14,580179,https://m.dcinside.com/board/vg/580179,글D 뱅드림 로젤리아 gpr 구합니다,seller-157ca366a74b860c33cade9a,뱅부이,registered,글D 뱅드림 로젤리아 gpr,글D 뱅드림 로젤리아 gpr,글D 뱅드림 로젤리아 gpr,,,buy,구매,2,,,missing,unknown,unknown,unknown,,active,needs_review,needs_review,희망가 미기재,missing,no,no,글D 뱅드림 로젤리아 gpr 구합니다
464c0baf9a2e72a7e2f2dfe9,vg,뱅가드,2026-08,2026-08-01T13:00:41+09:00,known,bf2c3c96a94067dd3260f63d,464c0baf9a2e72a7e2f2dfe9,580179,https://m.dcinside.com/board/vg/580179,글D 뱅드림 로젤리아 gpr 구합니다,seller-157ca366a74b860c33cade9a,뱅부이,registered,글D 뱅드림 로젤리아 gpr,글D 뱅드림 로젤리아 gpr,글D 뱅드림 로젤리아 gpr,,,buy,구매,2,,,missing,unknown,unknown,unknown,,active,needs_review,needs_review,희망가 미기재,missing,no,no,글D 뱅드림 로젤리아 gpr 구합니다
bb6990f1c63e1163245d8f8d,vg,뱅가드,2026-08,2026-08-01T13:00:41+09:00,known,af86214d2ba6d27d2f9bc1e1,bb6990f1c63e1163245d8f8d,580179,https://m.dcinside.com/board/vg/580179,글D 뱅드림 로젤리아 gpr 구합니다,seller-157ca366a74b860c33cade9a,뱅부이,registered,글D 뱅드림 로젤리아 gpr,글D 뱅드림 로젤리아 gpr,글D 뱅드림 로젤리아 gpr,,,buy,구매,2,,,missing,unknown,unknown,unknown,,active,needs_review,needs_review,희망가 미기재,missing,no,no,글D 뱅드림 로젤리아 gpr 구합니다
251229d056249fa7b3e9f1bc,vg,뱅가드,2026-08,2026-08-02T11:11:19+09:00,known,5a2be2e705c7fb71b93348c3,251229d056249fa7b3e9f1bc,580301,https://m.dcinside.com/board/vg/580301,일 알카살 소스 삽니다,seller-47175fc9ac3cf1a4ce4f6377,ㅇㅇ,guest,명연장공 알카살소스 저,명연장공 알카살소스 저,명연장공 알카살소스 저,,레어,buy,구매,1,2.3,23000,estimated,bundle,text,unknown,,active,needs_review,needs_review,"가격 단위 추정, 배송비 포함 여부 미확정, 묶음·세트 총액 · 개별 카드 가격 아님",estimated,no,no,명연장공 알카살소스 저레어2.3정도에 사봅니다 러시RR이상 0.8정도로 잡았습니다 필리아나 닼스테에이스 있으면 같이 구합니다 혹시나 고레어면 가격협의후 구입의사 있습니다
464e5f8e5324534a4db6a033,vg,뱅가드,2026-08,2026-08-02T11:11:19+09:00,known,aed881c48a7c1fc84a7605fa,464e5f8e5324534a4db6a033,580301,https://m.dcinside.com/board/vg/580301,일 알카살 소스 삽니다,seller-361df119595395b143da562c,ㅇㅇ,guest,명연장공 알카살소스 저,명연장공 알카살소스 저,명연장공 알카살소스 저,,레어,buy,구매,1,2.3,23000,estimated,bundle,text,unknown,,active,needs_review,needs_review,"가격 단위 추정, 배송비 포함 여부 미확정, 묶음·세트 총액 · 개별 카드 가격 아님",estimated,no,no,명연장공 알카살소스 저레어2.3정도에 사봅니다 러시RR이상 0.8정도로 잡았습니다 필리아나 닼스테에이스 있으면 같이 구합니다 혹시나 고레어면 가격협의후 구입의사 있습니다
dc847c8fac1fd0ab4b638040,vg,뱅가드,2026-08,2026-08-02T11:11:19+09:00,known,a396f29e3731d705a11fa7c5,dc847c8fac1fd0ab4b638040,580301,https://m.dcinside.com/board/vg/580301,일 알카살 소스 삽니다,seller-cd194c97af9e8cd11eb25a88,ㅇㅇ,guest,명연장공 알카살소스 저,명연장공 알카살소스 저,명연장공 알카살소스 저,,레어,buy,구매,1,2.3,23000,estimated,bundle,text,unknown,,active,needs_review,needs_review,"가격 단위 추정, 배송비 포함 여부 미확정, 묶음·세트 총액 · 개별 카드 가격 아님",estimated,no,no,명연장공 알카살소스 저레어2.3정도에 사봅니다 러시RR이상 0.8정도로 잡았습니다 필리아나 닼스테에이스 있으면 같이 구합니다 혹시나 고레어면 가격협의후 구입의사 있습니다
06c2e9cb86011e6334082e7a,vg,뱅가드,2026-08,2026-08-02T16:05:53+09:00,known,1ae5815c7e9037ce03f509e6,06c2e9cb86011e6334082e7a,580339,https://m.dcinside.com/board/vg/580339,글판 유키나 GPR 구합니다,seller-83be9630ff4bd9c6ccc680ff,이끌작가,guest,유키나 GPR,유키나 GPR,유키나 GPR,,,buy,구매,1,1.0,10000,estimated,per_card,text,unknown,,active,needs_review,needs_review,"가격 단위 추정, 배송비 포함 여부 미확정",estimated,yes,candidate_estimated,유키나 GPR - 1.0 구합니다..제발 부탁드려유..ㅠㅠ
26262489c0ddeed1b95307b7,vg,뱅가드,2026-08,2026-08-02T16:05:53+09:00,known,a6eb3dde94d33a0e71c30678,26262489c0ddeed1b95307b7,580339,https://m.dcinside.com/board/vg/580339,글판 유키나 GPR 구합니다,seller-aac5dbefec994e5b8a102134,이끌작가,guest,유키나 GPR,유키나 GPR,유키나 GPR,,,buy,구매,1,1.0,10000,estimated,per_card,text,unknown,,active,needs_review,needs_review,"가격 단위 추정, 배송비 포함 여부 미확정",estimated,yes,candidate_estimated,유키나 GPR - 1.0 구합니다..제발 부탁드려유..ㅠㅠ
ed618f52d0ee709720ec8b8f,vg,뱅가드,2026-08,2026-08-02T16:05:53+09:00,known,1776630040c068c67ce5d050,ed618f52d0ee709720ec8b8f,580339,https://m.dcinside.com/board/vg/580339,글판 유키나 GPR 구합니다,seller-495387fc59e423674a1e80cf,이끌작가,guest,유키나 GPR,유키나 GPR,유키나 GPR,,,buy,구매,1,1.0,10000,estimated,per_card,text,unknown,,active,needs_review,needs_review,"가격 단위 추정, 배송비 포함 여부 미확정",estimated,yes,candidate_estimated,유키나 GPR - 1.0 구합니다..제발 부탁드려유..ㅠㅠ
3b6e46c7cc8592b987560ff8,vg,뱅가드,2026-08,2026-08-02T18:04:55+09:00,known,811cbd135df881abb5ab3a06,3b6e46c7cc8592b987560ff8,580349,https://m.dcinside.com/board/vg/580349,일D 연옥기사 구매합니다,seller-7e973194d4f99e93e1ed3df4,유나루나,registered,일D 연옥기사,일D 연옥기사,일D 연옥기사 20~,,,buy,구매,1,25,250000,estimated,per_card,text,unknown,,active,needs_review,needs_review,"가격 단위 추정, 배송비 포함 여부 미확정",estimated,yes,candidate_estimated,일D 연옥기사 20~25정도로 구해봅니다
a226aab82c4ba7c0be79f15d,vg,뱅가드,2026-08,2026-08-02T18:04:55+09:00,known,65c8cd9a630abe1b6ecfd1b0,a226aab82c4ba7c0be79f15d,580349,https://m.dcinside.com/board/vg/580349,일D 연옥기사 구매합니다,seller-7e973194d4f99e93e1ed3df4,유나루나,registered,일D 연옥기사,일D 연옥기사,일D 연옥기사 20~,,,buy,구매,1,25,250000,estimated,per_card,text,unknown,,active,needs_review,needs_review,"가격 단위 추정, 배송비 포함 여부 미확정",estimated,yes,candidate_estimated,일D 연옥기사 20~25정도로 구해봅니다
fb1ff48ad6ab9e298c5f0050,vg,뱅가드,2026-08,2026-08-02T18:04:55+09:00,known,74a15d4a077a0421a69e6304,fb1ff48ad6ab9e298c5f0050,580349,https://m.dcinside.com/board/vg/580349,일D 연옥기사 구매합니다,seller-7e973194d4f99e93e1ed3df4,유나루나,registered,일D 연옥기사,일D 연옥기사,일D 연옥기사 20~,,,buy,구매,1,25,250000,estimated,per_card,text,unknown,,active,needs_review,needs_review,"가격 단위 추정, 배송비 포함 여부 미확정",estimated,yes,candidate_estimated,일D 연옥기사 20~25정도로 구해봅니다
12d720fb670003a3ad608c30,vg,뱅가드,2026-08,2026-08-02T23:50:55+09:00,known,6f6a22ad398292b2232d7aa3,12d720fb670003a3ad608c30,580387,https://m.dcinside.com/board/vg/580387,일D 로제오더 하트블레이즈 구합니다,seller-7548bb29cb47726fe7c8b612,이세계트럭유저,guest,하트블레이즈,하트블레이즈,하트블레이즈,,,buy,구매,1,2.0,20000,estimated,per_card,text,unknown,,active,needs_review,needs_review,"가격 단위 추정, 배송비 포함 여부 미확정",estimated,yes,candidate_estimated,하트블레이즈 2.0 구합니다
25dd1751a2ef0b77944c02bf,vg,뱅가드,2026-08,2026-08-02T23:50:55+09:00,known,89fd7a482c7d95ac6aec1ac5,25dd1751a2ef0b77944c02bf,580387,https://m.dcinside.com/board/vg/580387,일D 로제오더 하트블레이즈 구합니다,seller-38b6add81278f9c41ae86036,이세계트럭유저,guest,하트블레이즈,하트블레이즈,하트블레이즈,,,buy,구매,1,2.0,20000,estimated,per_card,text,unknown,,active,needs_review,needs_review,"가격 단위 추정, 배송비 포함 여부 미확정",estimated,yes,candidate_estimated,하트블레이즈 2.0 구합니다
4e2a390b4f7ab7de817e2776,vg,뱅가드,2026-08,2026-08-02T23:50:55+09:00,known,3788ced06cb43ed9942fcd03,4e2a390b4f7ab7de817e2776,580387,https://m.dcinside.com/board/vg/580387,일D 로제오더 하트블레이즈 구합니다,seller-2af02e94791be1cc57db4264,이세계트럭유저,guest,로제오더 일반 포일,로제오더 일반 포일,로제오더 일반 2.0 포일,,,buy,구매,1,2.5,25000,estimated,per_card,text,unknown,,active,needs_review,needs_review,"가격 단위 추정, 배송비 포함 여부 미확정",estimated,yes,candidate_estimated,로제오더 일반 2.0 포일 2.5
5a971dfa93a6b4a2ac774fa9,vg,뱅가드,2026-08,2026-08-02T23:50:55+09:00,known,89fd7a482c7d95ac6aec1ac5,5a971dfa93a6b4a2ac774fa9,580387,https://m.dcinside.com/board/vg/580387,일D 로제오더 하트블레이즈 구합니다,seller-38b6add81278f9c41ae86036,이세계트럭유저,guest,로제오더 일반 포일,로제오더 일반 포일,로제오더 일반 2.0 포일,,,buy,구매,1,2.5,25000,estimated,per_card,text,unknown,,active,needs_review,needs_review,"가격 단위 추정, 배송비 포함 여부 미확정",estimated,yes,candidate_estimated,로제오더 일반 2.0 포일 2.5
b69363805b875b69498c9b4c,vg,뱅가드,2026-08,2026-08-02T23:50:55+09:00,known,6f6a22ad398292b2232d7aa3,b69363805b875b69498c9b4c,580387,https://m.dcinside.com/board/vg/580387,일D 로제오더 하트블레이즈 구합니다,seller-7548bb29cb47726fe7c8b612,이세계트럭유저,guest,로제오더 일반 포일,로제오더 일반 포일,로제오더 일반 2.0 포일,,,buy,구매,1,2.5,25000,estimated,per_card,text,unknown,,active,needs_review,needs_review,"가격 단위 추정, 배송비 포함 여부 미확정",estimated,yes,candidate_estimated,로제오더 일반 2.0 포일 2.5
c45f026846172d231ef00ed7,vg,뱅가드,2026-08,2026-08-02T23:50:55+09:00,known,3788ced06cb43ed9942fcd03,c45f026846172d231ef00ed7,580387,https://m.dcinside.com/board/vg/580387,일D 로제오더 하트블레이즈 구합니다,seller-2af02e94791be1cc57db4264,이세계트럭유저,guest,하트블레이즈,하트블레이즈,하트블레이즈,,,buy,구매,1,2.0,20000,estimated,per_card,text,unknown,,active,needs_review,needs_review,"가격 단위 추정, 배송비 포함 여부 미확정",estimated,yes,candidate_estimated,하트블레이즈 2.0 구합니다
2352b9a84725216877b0f7cf,vg,뱅가드,2026-08,2026-08-04T02:08:07+09:00,known,e4394f1602dcfefb755b3a9e,2352b9a84725216877b0f7cf,580511,https://m.dcinside.com/board/vg/580511,글D 비프론스 구매합니다,seller-ae86d603071e6e1a846f15eb,도와주세,registered,글D 비프론스,글D 비프론스,글D 비프론스,,,buy,구매,3,,,missing,unknown,unknown,unknown,,active,needs_review,needs_review,희망가 미기재,missing,no,no,글D 비프론스 구매합니다
539f7735490dd5506ad9f593,vg,뱅가드,2026-08,2026-08-04T02:08:07+09:00,known,3f555daa3edf72be205bfa28,539f7735490dd5506ad9f593,580511,https://m.dcinside.com/board/vg/580511,글D 비프론스 구매합니다,seller-ae86d603071e6e1a846f15eb,도와주세,registered,글D 비프론스,글D 비프론스,글D 비프론스,,,buy,구매,3,,,missing,unknown,unknown,unknown,,active,needs_review,needs_review,희망가 미기재,missing,no,no,글D 비프론스 구매합니다
e0571a7271d7a9f3b21afd6c,vg,뱅가드,2026-08,2026-08-04T02:08:07+09:00,known,2dbcaea30b831de00074987a,e0571a7271d7a9f3b21afd6c,580511,https://m.dcinside.com/board/vg/580511,글D 비프론스 구매합니다,seller-ae86d603071e6e1a846f15eb,도와주세,registered,글D 비프론스,글D 비프론스,글D 비프론스,,,buy,구매,3,,,missing,unknown,unknown,unknown,,active,needs_review,needs_review,희망가 미기재,missing,no,no,글D 비프론스 구매합니다
65882840378ee14afc5fb104,vg,뱅가드,2026-08,2026-08-04T15:05:10+09:00,known,60d08042a6a5b38507c3213a,65882840378ee14afc5fb104,580576,https://m.dcinside.com/board/vg/580576,"일판 세르가온 4장 , 빨옵 1장 구매합니다",seller-c32b90172ceed712ea714de1,총알탄쭈니,guest,세르가온,세르가온,세르가온,,,buy,구매,4,5.5,55000,estimated,per_quantity,text,unknown,,active,needs_review,needs_review,"가격 단위 추정, 배송비 포함 여부 미확정, 복수 수량 총액 · 카드 1장 가격 아님",estimated,no,no,세르가온 4장 5.5
787615b5cd9f3e59db240863,vg,뱅가드,2026-08,2026-08-04T15:05:10+09:00,known,7beb6034f20f52ac65c7fb04,787615b5cd9f3e59db240863,580576,https://m.dcinside.com/board/vg/580576,"일판 세르가온 4장 , 빨옵 1장 구매합니다",seller-a85559f266e3b78004958f07,총알탄쭈니,guest,세르가온,세르가온,세르가온,,,buy,구매,4,5.5,55000,estimated,per_quantity,text,unknown,,active,needs_review,needs_review,"가격 단위 추정, 배송비 포함 여부 미확정, 복수 수량 총액 · 카드 1장 가격 아님",estimated,no,no,세르가온 4장 5.5
dbf58abb95dc6da8b98b95eb,vg,뱅가드,2026-08,2026-08-04T15:05:10+09:00,known,dcf90f7959db960b152396bb,dbf58abb95dc6da8b98b95eb,580576,https://m.dcinside.com/board/vg/580576,"일판 세르가온 4장 , 빨옵 1장 구매합니다",seller-e2c8bc23db8fbc91154027a3,총알탄쭈니,guest,빨옵 바르나트,빨옵 바르나트,빨옵 바르나트,,,buy,구매,1,1.8,18000,estimated,per_card,text,unknown,,active,needs_review,needs_review,"가격 단위 추정, 배송비 포함 여부 미확정",estimated,yes,candidate_estimated,빨옵 바르나트 1장 1.8
f188c8b30f8214fe7e9acaea,vg,뱅가드,2026-08,2026-08-04T15:05:10+09:00,known,7beb6034f20f52ac65c7fb04,f188c8b30f8214fe7e9acaea,580576,https://m.dcinside.com/board/vg/580576,"일판 세르가온 4장 , 빨옵 1장 구매합니다",seller-a85559f266e3b78004958f07,총알탄쭈니,guest,빨옵 바르나트,빨옵 바르나트,빨옵 바르나트,,,buy,구매,1,1.8,18000,estimated,per_card,text,unknown,,active,needs_review,needs_review,"가격 단위 추정, 배송비 포함 여부 미확정",estimated,yes,candidate_estimated,빨옵 바르나트 1장 1.8
f3303644a0bf17ac9e952336,vg,뱅가드,2026-08,2026-08-04T15:05:10+09:00,known,dcf90f7959db960b152396bb,f3303644a0bf17ac9e952336,580576,https://m.dcinside.com/board/vg/580576,"일판 세르가온 4장 , 빨옵 1장 구매합니다",seller-e2c8bc23db8fbc91154027a3,총알탄쭈니,guest,세르가온,세르가온,세르가온,,,buy,구매,4,5.5,55000,estimated,per_quantity,text,unknown,,active,needs_review,needs_review,"가격 단위 추정, 배송비 포함 여부 미확정, 복수 수량 총액 · 카드 1장 가격 아님",estimated,no,no,세르가온 4장 5.5
f49753a21b5f5c04333283e2,vg,뱅가드,2026-08,2026-08-04T15:05:10+09:00,known,60d08042a6a5b38507c3213a,f49753a21b5f5c04333283e2,580576,https://m.dcinside.com/board/vg/580576,"일판 세르가온 4장 , 빨옵 1장 구매합니다",seller-c32b90172ceed712ea714de1,총알탄쭈니,guest,빨옵 바르나트,빨옵 바르나트,빨옵 바르나트,,,buy,구매,1,1.8,18000,estimated,per_card,text,unknown,,active,needs_review,needs_review,"가격 단위 추정, 배송비 포함 여부 미확정",estimated,yes,candidate_estimated,빨옵 바르나트 1장 1.8
42fc19b803a1b117a8d716a7,vg,뱅가드,2026-08,2026-08-04T16:47:53+09:00,known,f61f26dce94bd414e2ec9dcb,42fc19b803a1b117a8d716a7,580591,https://m.dcinside.com/board/vg/580591,일 d 베이즈루그 덱 소스 삽니다,seller-37a678d4502307e7d497ec57,Qweasd1..,registered,일 d 베이즈루그 덱 트리거 절가 레갈피 제외한 소스,일 d 베이즈루그 덱 트리거 절가 레갈피 제외한 소스,"일 d 베이즈루그 덱 트리거, 절가, 레갈피 제외한 소스",,,buy,구매,1,10.0,100000,estimated,bundle,text,unknown,,active,needs_review,needs_review,"가격 단위 추정, 복수 카드 가격, 배송비 포함 여부 미확정, 묶음·세트 총액 · 개별 카드 가격 아님",estimated,no,no,"일 d 베이즈루그 덱 트리거, 절가, 레갈피 제외한 소스 10.0에 구매 희망합니다"
8e50959c1fc89772b46f2ed8,vg,뱅가드,2026-08,2026-08-04T16:47:53+09:00,known,19ffa4523f17506fd9e66ca6,8e50959c1fc89772b46f2ed8,580591,https://m.dcinside.com/board/vg/580591,일 d 베이즈루그 덱 소스 삽니다,seller-37a678d4502307e7d497ec57,Qweasd1..,registered,일 d 베이즈루그 덱 트리거 절가 레갈피 제외한 소스,일 d 베이즈루그 덱 트리거 절가 레갈피 제외한 소스,"일 d 베이즈루그 덱 트리거, 절가, 레갈피 제외한 소스",,,buy,구매,1,10.0,100000,estimated,bundle,text,unknown,,active,needs_review,needs_review,"가격 단위 추정, 복수 카드 가격, 배송비 포함 여부 미확정, 묶음·세트 총액 · 개별 카드 가격 아님",estimated,no,no,"일 d 베이즈루그 덱 트리거, 절가, 레갈피 제외한 소스 10.0에 구매 희망합니다"
bd9374cf2930e2be45924521,vg,뱅가드,2026-08,2026-08-04T16:47:53+09:00,known,e96f06d04c5688eba85b77dd,bd9374cf2930e2be45924521,580591,https://m.dcinside.com/board/vg/580591,일 d 베이즈루그 덱 소스 삽니다,seller-37a678d4502307e7d497ec57,Qweasd1..,registered,일 d 베이즈루그 덱 트리거 절가 레갈피 제외한 소스,일 d 베이즈루그 덱 트리거 절가 레갈피 제외한 소스,"일 d 베이즈루그 덱 트리거, 절가, 레갈피 제외한 소스",,,buy,구매,1,10.0,100000,estimated,bundle,text,unknown,,active,needs_review,needs_review,"가격 단위 추정, 복수 카드 가격, 배송비 포함 여부 미확정, 묶음·세트 총액 · 개별 카드 가격 아님",estimated,no,no,"일 d 베이즈루그 덱 트리거, 절가, 레갈피 제외한 소스 10.0에 구매 희망합니다"
0b548ab33e99f07983d72412,vg,뱅가드,2026-08,2026-08-04T17:35:08+09:00,known,cfc448b02662531d9d0fc107,0b548ab33e99f07983d72412,580596,https://m.dcinside.com/board/vg/580596,일D 혁싸 하비타블존 구합니다,seller-50b4b46c71327a46f7bb53bf,데이데,registered,일D 혁싸 하비타블존,일D 혁싸 하비타블존,일D 혁싸 하비타블존 장당,,,buy,구매,3,1.1,11000,estimated,per_card,text,unknown,,active,needs_review,needs_review,"가격 단위 추정, 배송비 포함 여부 미확정",estimated,yes,candidate_estimated,일D 혁싸 하비타블존 3장 장당 1.1에 구합니다
a22a0296f2bc951e5d9dcebc,vg,뱅가드,2026-08,2026-08-04T17:35:08+09:00,known,876e862582b46b5d539adae0,a22a0296f2bc951e5d9dcebc,580596,https://m.dcinside.com/board/vg/580596,일D 혁싸 하비타블존 구합니다,seller-50b4b46c71327a46f7bb53bf,데이데,registered,일D 혁싸 하비타블존,일D 혁싸 하비타블존,일D 혁싸 하비타블존 장당,,,buy,구매,3,1.1,11000,estimated,per_card,text,unknown,,active,needs_review,needs_review,"가격 단위 추정, 배송비 포함 여부 미확정",estimated,yes,candidate_estimated,일D 혁싸 하비타블존 3장 장당 1.1에 구합니다
eefd76baa93b1bfb5aa54001,vg,뱅가드,2026-08,2026-08-04T17:35:08+09:00,known,9ffd81cd4b3d8ad8a86e233f,eefd76baa93b1bfb5aa54001,580596,https://m.dcinside.com/board/vg/580596,일D 혁싸 하비타블존 구합니다,seller-50b4b46c71327a46f7bb53bf,데이데,registered,일D 혁싸 하비타블존,일D 혁싸 하비타블존,일D 혁싸 하비타블존 장당,,,buy,구매,3,1.1,11000,estimated,per_card,text,unknown,,active,needs_review,needs_review,"가격 단위 추정, 배송비 포함 여부 미확정",estimated,yes,candidate_estimated,일D 혁싸 하비타블존 3장 장당 1.1에 구합니다
0dd614d5e84c15f3fbe3a3cb,vg,뱅가드,2026-08,2026-08-04T18:59:10+09:00,known,f7dc13df213e507b88106174,0dd614d5e84c15f3fbe3a3cb,580605,https://m.dcinside.com/board/vg/580605,글판D (GPR+) 마음 가는 대로 카나메 라나 1장구합니다,seller-58b6a8eef5e96a1040cd441b,Game공백,guest,CU반값택배,CU반값택배,준등기0.2/CU반값택배,,,buy,구매,1,0.2,2000,estimated,bundle,text,unknown,,active,needs_review,needs_review,"가격 단위 추정, 복수 카드 가격, 배송비 포함 여부 미확정, 묶음·세트 총액 · 개별 카드 가격 아님",estimated,no,no,준등기0.2/CU반값택배0.2
352f51f34f7df7e8dbb91ed8,vg,뱅가드,2026-08,2026-08-04T18:59:10+09:00,known,b3799f2b992cda3c73b82c3c,352f51f34f7df7e8dbb91ed8,580605,https://m.dcinside.com/board/vg/580605,글판D (GPR+) 마음 가는 대로 카나메 라나 1장구합니다,seller-b8844f7afe112f6234bdffe8,Game공백,guest,CU반값택배,CU반값택배,준등기0.2/CU반값택배,,,buy,구매,1,0.2,2000,estimated,bundle,text,unknown,,active,needs_review,needs_review,"가격 단위 추정, 복수 카드 가격, 배송비 포함 여부 미확정, 묶음·세트 총액 · 개별 카드 가격 아님",estimated,no,no,준등기0.2/CU반값택배0.2
5662aabf3b11dbc1e1e54cb6,vg,뱅가드,2026-08,2026-08-04T18:59:10+09:00,known,813e5327f3779b4e8733472a,5662aabf3b11dbc1e1e54cb6,580605,https://m.dcinside.com/board/vg/580605,글판D (GPR+) 마음 가는 대로 카나메 라나 1장구합니다,seller-1a68dc0de2530c516474932f,Game공백,guest,CU반값택배,CU반값택배,준등기0.2/CU반값택배,,,buy,구매,1,0.2,2000,estimated,bundle,text,unknown,,active,needs_review,needs_review,"가격 단위 추정, 복수 카드 가격, 배송비 포함 여부 미확정, 묶음·세트 총액 · 개별 카드 가격 아님",estimated,no,no,준등기0.2/CU반값택배0.2
0629178c734673101b978441,vg,뱅가드,2026-08,2026-08-05T10:11:06+09:00,known,80d7d52fabc46cd0d6f57399,0629178c734673101b978441,580825,https://m.dcinside.com/board/vg/580825,"일판 닼스테 혁싸 1장,트윈캐스트 1장 구매합니다",seller-f883cd49a4abb536b1f41ee4,총알탄쭈니,guest,스파이럴큐티,스파이럴큐티,스파이럴큐티,,,buy,구매,1,1.5,15000,estimated,per_card,text,unknown,,active,needs_review,needs_review,"가격 단위 추정, 배송비 포함 여부 미확정",estimated,yes,candidate_estimated,스파이럴큐티 1장 1.5
74d14398eab8769d3083b788,vg,뱅가드,2026-08,2026-08-05T10:11:06+09:00,known,8e8365369743260ddb9a68e8,74d14398eab8769d3083b788,580825,https://m.dcinside.com/board/vg/580825,"일판 닼스테 혁싸 1장,트윈캐스트 1장 구매합니다",seller-16941dbe0dc980dca860446b,총알탄쭈니,guest,트윈캐스트,트윈캐스트,트윈캐스트,,,buy,구매,1,1.1,11000,estimated,per_card,text,unknown,,active,needs_review,needs_review,"가격 단위 추정, 배송비 포함 여부 미확정",estimated,yes,candidate_estimated,트윈캐스트 1장 1.1 에 구매합니다
786611bb1c45d49c0282107d,vg,뱅가드,2026-08,2026-08-05T10:11:06+09:00,known,80d7d52fabc46cd0d6f57399,786611bb1c45d49c0282107d,580825,https://m.dcinside.com/board/vg/580825,"일판 닼스테 혁싸 1장,트윈캐스트 1장 구매합니다",seller-f883cd49a4abb536b1f41ee4,총알탄쭈니,guest,트윈캐스트,트윈캐스트,트윈캐스트,,,buy,구매,1,1.1,11000,estimated,per_card,text,unknown,,active,needs_review,needs_review,"가격 단위 추정, 배송비 포함 여부 미확정",estimated,yes,candidate_estimated,트윈캐스트 1장 1.1 에 구매합니다
8e3bb7b5e19176fd744c1fbc,vg,뱅가드,2026-08,2026-08-05T10:11:06+09:00,known,8e8365369743260ddb9a68e8,8e3bb7b5e19176fd744c1fbc,580825,https://m.dcinside.com/board/vg/580825,"일판 닼스테 혁싸 1장,트윈캐스트 1장 구매합니다",seller-16941dbe0dc980dca860446b,총알탄쭈니,guest,스파이럴큐티,스파이럴큐티,스파이럴큐티,,,buy,구매,1,1.5,15000,estimated,per_card,text,unknown,,active,needs_review,needs_review,"가격 단위 추정, 배송비 포함 여부 미확정",estimated,yes,candidate_estimated,스파이럴큐티 1장 1.5
cca1dff6694be1fa3ff679a8,vg,뱅가드,2026-08,2026-08-05T10:11:06+09:00,known,4908b5743c83648e4412f08e,cca1dff6694be1fa3ff679a8,580825,https://m.dcinside.com/board/vg/580825,"일판 닼스테 혁싸 1장,트윈캐스트 1장 구매합니다",seller-26d2533a1fb33f0f466a76e7,총알탄쭈니,guest,트윈캐스트,트윈캐스트,트윈캐스트,,,buy,구매,1,1.1,11000,estimated,per_card,text,unknown,,active,needs_review,needs_review,"가격 단위 추정, 배송비 포함 여부 미확정",estimated,yes,candidate_estimated,트윈캐스트 1장 1.1 에 구매합니다
d6d5fe2f6af745eff7a72a4c,vg,뱅가드,2026-08,2026-08-05T10:11:06+09:00,known,4908b5743c83648e4412f08e,d6d5fe2f6af745eff7a72a4c,580825,https://m.dcinside.com/board/vg/580825,"일판 닼스테 혁싸 1장,트윈캐스트 1장 구매합니다",seller-26d2533a1fb33f0f466a76e7,총알탄쭈니,guest,스파이럴큐티,스파이럴큐티,스파이럴큐티,,,buy,구매,1,1.5,15000,estimated,per_card,text,unknown,,active,needs_review,needs_review,"가격 단위 추정, 배송비 포함 여부 미확정",estimated,yes,candidate_estimated,스파이럴큐티 1장 1.5
2bc95c7ad4ed4f401f0d162c,vg,뱅가드,2026-08,2026-08-05T11:04:33+09:00,known,e5b44327e76d85d6a96cc5d7,2bc95c7ad4ed4f401f0d162c,580832,https://m.dcinside.com/board/vg/580832,일D 버디파이트 연옥기사덱 구매합니다,seller-7e973194d4f99e93e1ed3df4,유나루나,registered,일D 버디파이트 연옥기사덱,일D 버디파이트 연옥기사덱,일D 버디파이트 연옥기사덱,,,buy,구매,1,,,missing,unknown,unknown,unknown,,active,needs_review,needs_review,희망가 미기재,missing,no,no,일D 버디파이트 연옥기사덱 구매합니다
77a5787c0301bfff1c3e3694,vg,뱅가드,2026-08,2026-08-05T11:04:33+09:00,known,ee3ad750e26b83e424a3c716,77a5787c0301bfff1c3e3694,580832,https://m.dcinside.com/board/vg/580832,일D 버디파이트 연옥기사덱 구매합니다,seller-7e973194d4f99e93e1ed3df4,유나루나,registered,일D 버디파이트 연옥기사덱,일D 버디파이트 연옥기사덱,일D 버디파이트 연옥기사덱,,,buy,구매,1,,,missing,unknown,unknown,unknown,,active,needs_review,needs_review,희망가 미기재,missing,no,no,일D 버디파이트 연옥기사덱 구매합니다
97a908c801dd9860e86789b4,vg,뱅가드,2026-08,2026-08-05T11:04:33+09:00,known,6f6199488ebeef0c83d8100d,97a908c801dd9860e86789b4,580832,https://m.dcinside.com/board/vg/580832,일D 버디파이트 연옥기사덱 구매합니다,seller-7e973194d4f99e93e1ed3df4,유나루나,registered,일D 버디파이트 연옥기사덱,일D 버디파이트 연옥기사덱,일D 버디파이트 연옥기사덱,,,buy,구매,1,,,missing,unknown,unknown,unknown,,active,needs_review,needs_review,희망가 미기재,missing,no,no,일D 버디파이트 연옥기사덱 구매합니다
008f201105189e423b6283f0,vg,뱅가드,2026-08,2026-08-05T13:08:38+09:00,known,65115e6ea20ce87e36d68e92,008f201105189e423b6283f0,580856,https://m.dcinside.com/board/vg/580856,일판 덱소스/프로모 판다이온,seller-79f64c4ec418090a92c7482c,sDzik,guest,푸첸슈베스턴 위플・페겐,푸첸슈베스턴 위플・페겐,푸첸슈베스턴 위플・페겐 0.7 (~,,,buy,구매,1,1,10000,estimated,per_card,text,unknown,,active,needs_review,needs_review,"가격 단위 추정, 배송비 포함 여부 미확정",estimated,yes,candidate_estimated,푸첸슈베스턴 위플・페겐 0.7 (~1)
06c59f1cfca75f285baabbc0,vg,뱅가드,2026-08,2026-08-05T13:08:38+09:00,known,65115e6ea20ce87e36d68e92,06c59f1cfca75f285baabbc0,580856,https://m.dcinside.com/board/vg/580856,일판 덱소스/프로모 판다이온,seller-79f64c4ec418090a92c7482c,sDzik,guest,대전의 마도사 레두아스,대전의 마도사 레두아스,대전의 마도사 레두아스 0.2 (~,,,buy,구매,1,1,10000,estimated,per_card,text,unknown,,active,needs_review,needs_review,"가격 단위 추정, 배송비 포함 여부 미확정",estimated,yes,candidate_estimated,대전의 마도사 레두아스 0.2 (~1)
07ac78aac0a97214a699e852,vg,뱅가드,2026-08,2026-08-05T13:08:38+09:00,known,c40645375fd9d76ed3116a29,07ac78aac0a97214a699e852,580856,https://m.dcinside.com/board/vg/580856,일판 덱소스/프로모 판다이온,seller-1fb06250c587a0f53cd4a90b,sDzik,guest,Juicy-Fruity 업・룬룬,Juicy-Fruity 업・룬룬,Juicy-Fruity 업・룬룬 0.3 (~,,,buy,구매,1,1,10000,estimated,per_card,text,unknown,,active,needs_review,needs_review,"가격 단위 추정, 배송비 포함 여부 미확정",estimated,yes,candidate_estimated,Juicy-Fruity 업・룬룬 0.3 (~1)
0d6a5731dfe944953b8d8027,vg,뱅가드,2026-08,2026-08-05T13:08:38+09:00,known,65115e6ea20ce87e36d68e92,0d6a5731dfe944953b8d8027,580856,https://m.dcinside.com/board/vg/580856,일판 덱소스/프로모 판다이온,seller-79f64c4ec418090a92c7482c,sDzik,guest,푸첸슈베스턴 위플・페겐 포일,푸첸슈베스턴 위플・페겐 포일,푸첸슈베스턴 위플・페겐 포일 1.2 (~,,,buy,구매,1,3,30000,estimated,per_card,text,unknown,,active,needs_review,needs_review,"가격 단위 추정, 배송비 포함 여부 미확정",estimated,yes,candidate_estimated,푸첸슈베스턴 위플・페겐 포일 1.2 (~3)
1299910b683ae7e708c84142,vg,뱅가드,2026-08,2026-08-05T13:08:38+09:00,known,c40645375fd9d76ed3116a29,1299910b683ae7e708c84142,580856,https://m.dcinside.com/board/vg/580856,일판 덱소스/프로모 판다이온,seller-1fb06250c587a0f53cd4a90b,sDzik,guest,Live My Life! 세투미네,Live My Life! 세투미네,Live My Life! 세투미네 0.8 (~,,,buy,구매,1,1,10000,estimated,per_card,text,unknown,,active,needs_review,needs_review,"가격 단위 추정, 배송비 포함 여부 미확정",estimated,yes,candidate_estimated,Live My Life! 세투미네 0.8 (~1)
19f54b398ad2706a93a9a470,vg,뱅가드,2026-08,2026-08-05T13:08:38+09:00,known,c40645375fd9d76ed3116a29,19f54b398ad2706a93a9a470,580856,https://m.dcinside.com/board/vg/580856,일판 덱소스/프로모 판다이온,seller-1fb06250c587a0f53cd4a90b,sDzik,guest,var safe = window.dcAd && window.dcAd.safe ==,var safe = window.dcAd && window.dcAd.safe ==,var safe = (window.dcAd && window.dcAd.safe ==,,,buy,구매,1,1,10000,estimated,bundle,text,unknown,,active,needs_review,needs_review,"가격 단위 추정, 복수 카드 가격, 배송비 포함 여부 미확정, 묶음·세트 총액 · 개별 카드 가격 아님",estimated,no,no,var safe = (window.dcAd && window.dcAd.safe == 1)
19f983c47fc180120d6c6746,vg,뱅가드,2026-08,2026-08-05T13:08:38+09:00,known,c40645375fd9d76ed3116a29,19f983c47fc180120d6c6746,580856,https://m.dcinside.com/board/vg/580856,일판 덱소스/프로모 판다이온,seller-1fb06250c587a0f53cd4a90b,sDzik,guest,위갈룡 스레톤프테라 포일,위갈룡 스레톤프테라 포일,위갈룡 스레톤프테라 포일 0.6 (~,,,buy,구매,1,1,10000,estimated,per_card,text,unknown,,active,needs_review,needs_review,"가격 단위 추정, 배송비 포함 여부 미확정",estimated,yes,candidate_estimated,위갈룡 스레톤프테라 포일 0.6 (~1)
1b059579b239226b5585f5a0,vg,뱅가드,2026-08,2026-08-05T13:08:38+09:00,known,afba240c36420fb4ce045017,1b059579b239226b5585f5a0,580856,https://m.dcinside.com/board/vg/580856,일판 덱소스/프로모 판다이온,seller-e6abe934172470f007b6b77a,sDzik,guest,청소세자매 푸첸슈베스턴,청소세자매 푸첸슈베스턴,청소세자매(푸첸슈베스턴),,,buy,구매,1,6.0,60000,estimated,per_card,text,unknown,,active,needs_review,needs_review,"가격 단위 추정, 배송비 포함 여부 미확정",estimated,yes,candidate_estimated,청소세자매(푸첸슈베스턴) 6.0
1c27d1a11e144aee32e3ab9e,vg,뱅가드,2026-08,2026-08-05T13:08:38+09:00,known,65115e6ea20ce87e36d68e92,1c27d1a11e144aee32e3ab9e,580856,https://m.dcinside.com/board/vg/580856,일판 덱소스/프로모 판다이온,seller-79f64c4ec418090a92c7482c,sDzik,guest,청소세자매 푸첸슈베스턴,청소세자매 푸첸슈베스턴,청소세자매(푸첸슈베스턴),,,buy,구매,1,6.0,60000,estimated,per_card,text,unknown,,active,needs_review,needs_review,"가격 단위 추정, 배송비 포함 여부 미확정",estimated,yes,candidate_estimated,청소세자매(푸첸슈베스턴) 6.0
1c9aebba5296d2febfc7fabc,vg,뱅가드,2026-08,2026-08-05T13:08:38+09:00,known,afba240c36420fb4ce045017,1c9aebba5296d2febfc7fabc,580856,https://m.dcinside.com/board/vg/580856,일판 덱소스/프로모 판다이온,seller-e6abe934172470f007b6b77a,sDzik,guest,원수의 섬병,원수의 섬병,원수의 섬병 0.2(~,,,buy,구매,1,1,10000,estimated,per_card,text,unknown,,active,needs_review,needs_review,"가격 단위 추정, 배송비 포함 여부 미확정",estimated,yes,candidate_estimated,원수의 섬병 0.2(~1)
1fe06b3150270bed2b1201a3,vg,뱅가드,2026-08,2026-08-05T13:08:38+09:00,known,c40645375fd9d76ed3116a29,1fe06b3150270bed2b1201a3,580856,https://m.dcinside.com/board/vg/580856,일판 덱소스/프로모 판다이온,seller-1fb06250c587a0f53cd4a90b,sDzik,guest,유스퀘이크 캐릭터 센다츠 메구루? 에너지,유스퀘이크 캐릭터 센다츠 메구루? 에너지,유스퀘이크 캐릭터(센다츠 메구루?) 에너지 1.0 (~,,,buy,구매,1,1,10000,estimated,per_card,text,unknown,,active,needs_review,needs_review,"가격 단위 추정, 배송비 포함 여부 미확정",estimated,yes,candidate_estimated,유스퀘이크 캐릭터(센다츠 메구루?) 에너지 1.0 (~1)
205558a346fd620dff65e60c,vg,뱅가드,2026-08,2026-08-05T13:08:38+09:00,known,afba240c36420fb4ce045017,205558a346fd620dff65e60c,580856,https://m.dcinside.com/board/vg/580856,일판 덱소스/프로모 판다이온,seller-e6abe934172470f007b6b77a,sDzik,guest,loadScript ' t,loadScript ' t,loadScript('//t,,,buy,구매,1,1,10000,estimated,bundle,text,unknown,,active,needs_review,needs_review,"가격 단위 추정, 복수 카드 가격, 배송비 포함 여부 미확정, 묶음·세트 총액 · 개별 카드 가격 아님",estimated,no,no,"loadScript('//t1.kakaocdn.net/kas/static/ba.min.js', true);"
27f8e3d0aff3a1a9d2d599cc,vg,뱅가드,2026-08,2026-08-05T13:08:38+09:00,known,afba240c36420fb4ce045017,27f8e3d0aff3a1a9d2d599cc,580856,https://m.dcinside.com/board/vg/580856,일판 덱소스/프로모 판다이온,seller-e6abe934172470f007b6b77a,sDzik,guest,DOM 삽입 헬퍼 현재 스크립트 위치 기준,DOM 삽입 헬퍼 현재 스크립트 위치 기준,// ---- DOM 삽입 헬퍼 (현재 스크립트 위치 기준,,,buy,구매,1,1,10000,estimated,bundle,text,unknown,,active,needs_review,needs_review,"가격 단위 추정, 복수 카드 가격, 배송비 포함 여부 미확정, 묶음·세트 총액 · 개별 카드 가격 아님",estimated,no,no,// ---- DOM 삽입 헬퍼 (현재 스크립트 위치 기준1)
2a05bcb8183bb60dbb909bda,vg,뱅가드,2026-08,2026-08-05T13:08:38+09:00,known,65115e6ea20ce87e36d68e92,2a05bcb8183bb60dbb909bda,580856,https://m.dcinside.com/board/vg/580856,일판 덱소스/프로모 판다이온,seller-79f64c4ec418090a92c7482c,sDzik,guest,Juicy-Fruity 업・룬룬,Juicy-Fruity 업・룬룬,Juicy-Fruity 업・룬룬 0.3 (~,,,buy,구매,1,1,10000,estimated,per_card,text,unknown,,active,needs_review,needs_review,"가격 단위 추정, 배송비 포함 여부 미확정",estimated,yes,candidate_estimated,Juicy-Fruity 업・룬룬 0.3 (~1)
30dc4f69e7890c1038e1e0f5,vg,뱅가드,2026-08,2026-08-05T13:08:38+09:00,known,65115e6ea20ce87e36d68e92,30dc4f69e7890c1038e1e0f5,580856,https://m.dcinside.com/board/vg/580856,일판 덱소스/프로모 판다이온,seller-79f64c4ec418090a92c7482c,sDzik,guest,DOM 삽입 헬퍼 현재 스크립트 위치 기준,DOM 삽입 헬퍼 현재 스크립트 위치 기준,// ---- DOM 삽입 헬퍼 (현재 스크립트 위치 기준,,,buy,구매,1,1,10000,estimated,bundle,text,unknown,,active,needs_review,needs_review,"가격 단위 추정, 복수 카드 가격, 배송비 포함 여부 미확정, 묶음·세트 총액 · 개별 카드 가격 아님",estimated,no,no,// ---- DOM 삽입 헬퍼 (현재 스크립트 위치 기준1)
3315f3c8d664e84743122cf9,vg,뱅가드,2026-08,2026-08-05T13:08:38+09:00,known,65115e6ea20ce87e36d68e92,3315f3c8d664e84743122cf9,580856,https://m.dcinside.com/board/vg/580856,일판 덱소스/프로모 판다이온,seller-79f64c4ec418090a92c7482c,sDzik,guest,로트바이저,로트바이저,로트바이저,,,buy,구매,1,3.0,30000,estimated,per_card,text,unknown,,active,needs_review,needs_review,"가격 단위 추정, 배송비 포함 여부 미확정",estimated,yes,candidate_estimated,로트바이저 3.0
34ec91ebd8461cbd186b013b,vg,뱅가드,2026-08,2026-08-05T13:08:38+09:00,known,c40645375fd9d76ed3116a29,34ec91ebd8461cbd186b013b,580856,https://m.dcinside.com/board/vg/580856,일판 덱소스/프로모 판다이온,seller-1fb06250c587a0f53cd4a90b,sDzik,guest,푸첸슈베스턴 위플・페겐,푸첸슈베스턴 위플・페겐,푸첸슈베스턴 위플・페겐 0.7 (~,,,buy,구매,1,1,10000,estimated,per_card,text,unknown,,active,needs_review,needs_review,"가격 단위 추정, 배송비 포함 여부 미확정",estimated,yes,candidate_estimated,푸첸슈베스턴 위플・페겐 0.7 (~1)
385137549a8e0f607a45cd1f,vg,뱅가드,2026-08,2026-08-05T13:08:38+09:00,known,afba240c36420fb4ce045017,385137549a8e0f607a45cd1f,580856,https://m.dcinside.com/board/vg/580856,일판 덱소스/프로모 판다이온,seller-e6abe934172470f007b6b77a,sDzik,guest,var safe = window.dcAd && window.dcAd.safe ==,var safe = window.dcAd && window.dcAd.safe ==,var safe = (window.dcAd && window.dcAd.safe ==,,,buy,구매,1,1,10000,estimated,bundle,text,unknown,,active,needs_review,needs_review,"가격 단위 추정, 복수 카드 가격, 배송비 포함 여부 미확정, 묶음·세트 총액 · 개별 카드 가격 아님",estimated,no,no,var safe = (window.dcAd && window.dcAd.safe == 1)
427feeee053759aa1071f9de,vg,뱅가드,2026-08,2026-08-05T13:08:38+09:00,known,afba240c36420fb4ce045017,427feeee053759aa1071f9de,580856,https://m.dcinside.com/board/vg/580856,일판 덱소스/프로모 판다이온,seller-e6abe934172470f007b6b77a,sDzik,guest,cu 반택,cu 반택,cu 반택,,,buy,구매,1,0.25,2500,estimated,per_card,text,unknown,,active,needs_review,needs_review,"가격 단위 추정, 배송비 포함 여부 미확정",estimated,yes,candidate_estimated,cu 반택 0.25
52db2ae7696ec5901eb76ed0,vg,뱅가드,2026-08,2026-08-05T13:08:38+09:00,known,65115e6ea20ce87e36d68e92,52db2ae7696ec5901eb76ed0,580856,https://m.dcinside.com/board/vg/580856,일판 덱소스/프로모 판다이온,seller-79f64c4ec418090a92c7482c,sDzik,guest,var safe = window.dcAd && window.dcAd.safe ==,var safe = window.dcAd && window.dcAd.safe ==,var safe = (window.dcAd && window.dcAd.safe ==,,,buy,구매,1,1,10000,estimated,bundle,text,unknown,,active,needs_review,needs_review,"가격 단위 추정, 복수 카드 가격, 배송비 포함 여부 미확정, 묶음·세트 총액 · 개별 카드 가격 아님",estimated,no,no,var safe = (window.dcAd && window.dcAd.safe == 1)
54f482eee93197cb5b6dd759,vg,뱅가드,2026-08,2026-08-05T13:08:38+09:00,known,65115e6ea20ce87e36d68e92,54f482eee93197cb5b6dd759,580856,https://m.dcinside.com/board/vg/580856,일판 덱소스/프로모 판다이온,seller-79f64c4ec418090a92c7482c,sDzik,guest,Live My Life! 세투미네,Live My Life! 세투미네,Live My Life! 세투미네 0.8 (~,,,buy,구매,1,1,10000,estimated,per_card,text,unknown,,active,needs_review,needs_review,"가격 단위 추정, 배송비 포함 여부 미확정",estimated,yes,candidate_estimated,Live My Life! 세투미네 0.8 (~1)
55534efc3ec1869cc20d0d16,vg,뱅가드,2026-08,2026-08-05T13:08:38+09:00,known,65115e6ea20ce87e36d68e92,55534efc3ec1869cc20d0d16,580856,https://m.dcinside.com/board/vg/580856,일판 덱소스/프로모 판다이온,seller-79f64c4ec418090a92c7482c,sDzik,guest,댕댕이,댕댕이,댕댕이 0.2 (~,,,buy,구매,1,1,10000,estimated,per_card,text,unknown,,active,needs_review,needs_review,"가격 단위 추정, 배송비 포함 여부 미확정",estimated,yes,candidate_estimated,댕댕이 0.2 (~1)
582dd9d3f75809410283503e,vg,뱅가드,2026-08,2026-08-05T13:08:38+09:00,known,65115e6ea20ce87e36d68e92,582dd9d3f75809410283503e,580856,https://m.dcinside.com/board/vg/580856,일판 덱소스/프로모 판다이온,seller-79f64c4ec418090a92c7482c,sDzik,guest,프리즘 펄 & 트윙클 파우더,프리즘 펄 & 트윙클 파우더,프리즘 펄 & 트윙클 파우더 0.2 (~,,,buy,구매,1,1,10000,estimated,bundle,text,unknown,,active,needs_review,needs_review,"가격 단위 추정, 복수 카드 가격, 배송비 포함 여부 미확정, 묶음·세트 총액 · 개별 카드 가격 아님",estimated,no,no,프리즘 펄 & 트윙클 파우더 0.2 (~1)
587b247bfaf0ff0d51a858d8,vg,뱅가드,2026-08,2026-08-05T13:08:38+09:00,known,afba240c36420fb4ce045017,587b247bfaf0ff0d51a858d8,580856,https://m.dcinside.com/board/vg/580856,일판 덱소스/프로모 판다이온,seller-e6abe934172470f007b6b77a,sDzik,guest,loadScript 'https pagead,loadScript 'https pagead,loadScript('https://pagead,,,buy,구매,1,2,20000,estimated,bundle,text,unknown,,active,needs_review,needs_review,"가격 단위 추정, 복수 카드 가격, 배송비 포함 여부 미확정, 묶음·세트 총액 · 개별 카드 가격 아님",estimated,no,no,"loadScript('https://pagead2.googlesyndication.com/pagead/js/adsbygoogle_direct.js?client=ca-pub-8171468792791627', true, 'anonymous');"
5d939ebecc9855e9904f049c,vg,뱅가드,2026-08,2026-08-05T13:08:38+09:00,known,afba240c36420fb4ce045017,5d939ebecc9855e9904f049c,580856,https://m.dcinside.com/board/vg/580856,일판 덱소스/프로모 판다이온,seller-e6abe934172470f007b6b77a,sDzik,guest,Juicy-Fruity 업・룬룬,Juicy-Fruity 업・룬룬,Juicy-Fruity 업・룬룬 0.3 (~,,,buy,구매,1,1,10000,estimated,per_card,text,unknown,,active,needs_review,needs_review,"가격 단위 추정, 배송비 포함 여부 미확정",estimated,yes,candidate_estimated,Juicy-Fruity 업・룬룬 0.3 (~1)
670706899f9e10af663177d9,vg,뱅가드,2026-08,2026-08-05T13:08:38+09:00,known,afba240c36420fb4ce045017,670706899f9e10af663177d9,580856,https://m.dcinside.com/board/vg/580856,일판 덱소스/프로모 판다이온,seller-e6abe934172470f007b6b77a,sDzik,guest,댕댕이,댕댕이,댕댕이 0.2 (~,,,buy,구매,1,1,10000,estimated,per_card,text,unknown,,active,needs_review,needs_review,"가격 단위 추정, 배송비 포함 여부 미확정",estimated,yes,candidate_estimated,댕댕이 0.2 (~1)
7342dd240b73b3107d0126ca,vg,뱅가드,2026-08,2026-08-05T13:08:38+09:00,known,c40645375fd9d76ed3116a29,7342dd240b73b3107d0126ca,580856,https://m.dcinside.com/board/vg/580856,일판 덱소스/프로모 판다이온,seller-1fb06250c587a0f53cd4a90b,sDzik,guest,cu 편택,cu 편택,cu 편택,,,buy,구매,1,0.4,4000,estimated,per_card,text,unknown,,active,needs_review,needs_review,"가격 단위 추정, 배송비 포함 여부 미확정",estimated,yes,candidate_estimated,cu 편택 0.4
76c0f3536e8c34ce3f351ce7,vg,뱅가드,2026-08,2026-08-05T13:08:38+09:00,known,c40645375fd9d76ed3116a29,76c0f3536e8c34ce3f351ce7,580856,https://m.dcinside.com/board/vg/580856,일판 덱소스/프로모 판다이온,seller-1fb06250c587a0f53cd4a90b,sDzik,guest,위갈룡 스레톤프테라,위갈룡 스레톤프테라,위갈룡 스레톤프테라 0.2(~,,,buy,구매,1,1,10000,estimated,per_card,text,unknown,,active,needs_review,needs_review,"가격 단위 추정, 배송비 포함 여부 미확정",estimated,yes,candidate_estimated,위갈룡 스레톤프테라 0.2(~1)
78002a7641863ca014a28326,vg,뱅가드,2026-08,2026-08-05T13:08:38+09:00,known,afba240c36420fb4ce045017,78002a7641863ca014a28326,580856,https://m.dcinside.com/board/vg/580856,일판 덱소스/프로모 판다이온,seller-e6abe934172470f007b6b77a,sDzik,guest,염의 무녀 신디 포일,염의 무녀 신디 포일,염의 무녀 신디 포일 1.2 (~,,,buy,구매,1,1,10000,estimated,per_card,text,unknown,,active,needs_review,needs_review,"가격 단위 추정, 배송비 포함 여부 미확정",estimated,yes,candidate_estimated,염의 무녀 신디 포일 1.2 (~1)
79d4009238ceb790885f7e64,vg,뱅가드,2026-08,2026-08-05T13:08:38+09:00,known,c40645375fd9d76ed3116a29,79d4009238ceb790885f7e64,580856,https://m.dcinside.com/board/vg/580856,일판 덱소스/프로모 판다이온,seller-1fb06250c587a0f53cd4a90b,sDzik,guest,DOM 삽입 헬퍼 현재 스크립트 위치 기준,DOM 삽입 헬퍼 현재 스크립트 위치 기준,// ---- DOM 삽입 헬퍼 (현재 스크립트 위치 기준,,,buy,구매,1,1,10000,estimated,bundle,text,unknown,,active,needs_review,needs_review,"가격 단위 추정, 복수 카드 가격, 배송비 포함 여부 미확정, 묶음·세트 총액 · 개별 카드 가격 아님",estimated,no,no,// ---- DOM 삽입 헬퍼 (현재 스크립트 위치 기준1)
7d298dbd45dc9c171b59e84a,vg,뱅가드,2026-08,2026-08-05T13:08:38+09:00,known,65115e6ea20ce87e36d68e92,7d298dbd45dc9c171b59e84a,580856,https://m.dcinside.com/board/vg/580856,일판 덱소스/프로모 판다이온,seller-79f64c4ec418090a92c7482c,sDzik,guest,위갈룡 스레톤프테라,위갈룡 스레톤프테라,위갈룡 스레톤프테라 0.2(~,,,buy,구매,1,1,10000,estimated,per_card,text,unknown,,active,needs_review,needs_review,"가격 단위 추정, 배송비 포함 여부 미확정",estimated,yes,candidate_estimated,위갈룡 스레톤프테라 0.2(~1)
7dd1c31b25583872795efb01,vg,뱅가드,2026-08,2026-08-05T13:08:38+09:00,known,c40645375fd9d76ed3116a29,7dd1c31b25583872795efb01,580856,https://m.dcinside.com/board/vg/580856,일판 덱소스/프로모 판다이온,seller-1fb06250c587a0f53cd4a90b,sDzik,guest,loadScript ' t,loadScript ' t,loadScript('//t,,,buy,구매,1,1,10000,estimated,bundle,text,unknown,,active,needs_review,needs_review,"가격 단위 추정, 복수 카드 가격, 배송비 포함 여부 미확정, 묶음·세트 총액 · 개별 카드 가격 아님",estimated,no,no,"loadScript('//t1.kakaocdn.net/kas/static/ba.min.js', true);"
839e8a98d86392a81f041789,vg,뱅가드,2026-08,2026-08-05T13:08:38+09:00,known,65115e6ea20ce87e36d68e92,839e8a98d86392a81f041789,580856,https://m.dcinside.com/board/vg/580856,일판 덱소스/프로모 판다이온,seller-79f64c4ec418090a92c7482c,sDzik,guest,수상환수 하르미테 포일,수상환수 하르미테 포일,수상환수 하르미테 포일 0.7 (~,,,buy,구매,1,1,10000,estimated,per_card,text,unknown,,active,needs_review,needs_review,"가격 단위 추정, 배송비 포함 여부 미확정",estimated,yes,candidate_estimated,수상환수 하르미테 포일 0.7 (~1)
8cb84f78c78d321e5eb167d4,vg,뱅가드,2026-08,2026-08-05T13:08:38+09:00,known,65115e6ea20ce87e36d68e92,8cb84f78c78d321e5eb167d4,580856,https://m.dcinside.com/board/vg/580856,일판 덱소스/프로모 판다이온,seller-79f64c4ec418090a92c7482c,sDzik,guest,loadScript 'https pagead,loadScript 'https pagead,loadScript('https://pagead,,,buy,구매,1,2,20000,estimated,bundle,text,unknown,,active,needs_review,needs_review,"가격 단위 추정, 복수 카드 가격, 배송비 포함 여부 미확정, 묶음·세트 총액 · 개별 카드 가격 아님",estimated,no,no,"loadScript('https://pagead2.googlesyndication.com/pagead/js/adsbygoogle_direct.js?client=ca-pub-8171468792791627', true, 'anonymous');"
8e7e4070ca8484a6f5c5715c,vg,뱅가드,2026-08,2026-08-05T13:08:38+09:00,known,afba240c36420fb4ce045017,8e7e4070ca8484a6f5c5715c,580856,https://m.dcinside.com/board/vg/580856,일판 덱소스/프로모 판다이온,seller-e6abe934172470f007b6b77a,sDzik,guest,대전의 마도사 레두아스,대전의 마도사 레두아스,대전의 마도사 레두아스 0.2 (~,,,buy,구매,1,1,10000,estimated,per_card,text,unknown,,active,needs_review,needs_review,"가격 단위 추정, 배송비 포함 여부 미확정",estimated,yes,candidate_estimated,대전의 마도사 레두아스 0.2 (~1)
967d3ce636772e0f3a41ec54,vg,뱅가드,2026-08,2026-08-05T13:08:38+09:00,known,c40645375fd9d76ed3116a29,967d3ce636772e0f3a41ec54,580856,https://m.dcinside.com/board/vg/580856,일판 덱소스/프로모 판다이온,seller-1fb06250c587a0f53cd4a90b,sDzik,guest,청소세자매 푸첸슈베스턴,청소세자매 푸첸슈베스턴,청소세자매(푸첸슈베스턴),,,buy,구매,1,6.0,60000,estimated,per_card,text,unknown,,active,needs_review,needs_review,"가격 단위 추정, 배송비 포함 여부 미확정",estimated,yes,candidate_estimated,청소세자매(푸첸슈베스턴) 6.0
a4ddc27ef1751b53c83b9f4e,vg,뱅가드,2026-08,2026-08-05T13:08:38+09:00,known,65115e6ea20ce87e36d68e92,a4ddc27ef1751b53c83b9f4e,580856,https://m.dcinside.com/board/vg/580856,일판 덱소스/프로모 판다이온,seller-79f64c4ec418090a92c7482c,sDzik,guest,염의 무녀 신디 포일,염의 무녀 신디 포일,염의 무녀 신디 포일 1.2 (~,,,buy,구매,1,1,10000,estimated,per_card,text,unknown,,active,needs_review,needs_review,"가격 단위 추정, 배송비 포함 여부 미확정",estimated,yes,candidate_estimated,염의 무녀 신디 포일 1.2 (~1)
a4e5b1cb2ca065528d20a22c,vg,뱅가드,2026-08,2026-08-05T13:08:38+09:00,known,65115e6ea20ce87e36d68e92,a4e5b1cb2ca065528d20a22c,580856,https://m.dcinside.com/board/vg/580856,일판 덱소스/프로모 판다이온,seller-79f64c4ec418090a92c7482c,sDzik,guest,cu 편택,cu 편택,cu 편택,,,buy,구매,1,0.4,4000,estimated,per_card,text,unknown,,active,needs_review,needs_review,"가격 단위 추정, 배송비 포함 여부 미확정",estimated,yes,candidate_estimated,cu 편택 0.4
a9ee04c98515d128d84d696f,vg,뱅가드,2026-08,2026-08-05T13:08:38+09:00,known,afba240c36420fb4ce045017,a9ee04c98515d128d84d696f,580856,https://m.dcinside.com/board/vg/580856,일판 덱소스/프로모 판다이온,seller-e6abe934172470f007b6b77a,sDzik,guest,수상환수 하르미테 포일,수상환수 하르미테 포일,수상환수 하르미테 포일 0.7 (~,,,buy,구매,1,1,10000,estimated,per_card,text,unknown,,active,needs_review,needs_review,"가격 단위 추정, 배송비 포함 여부 미확정",estimated,yes,candidate_estimated,수상환수 하르미테 포일 0.7 (~1)
acba6232ece24e8815668655,vg,뱅가드,2026-08,2026-08-05T13:08:38+09:00,known,afba240c36420fb4ce045017,acba6232ece24e8815668655,580856,https://m.dcinside.com/board/vg/580856,일판 덱소스/프로모 판다이온,seller-e6abe934172470f007b6b77a,sDzik,guest,푸첸슈베스턴 위플・페겐 포일,푸첸슈베스턴 위플・페겐 포일,푸첸슈베스턴 위플・페겐 포일 1.2 (~,,,buy,구매,1,3,30000,estimated,per_card,text,unknown,,active,needs_review,needs_review,"가격 단위 추정, 배송비 포함 여부 미확정",estimated,yes,candidate_estimated,푸첸슈베스턴 위플・페겐 포일 1.2 (~3)
b040978680a82530493a39b2,vg,뱅가드,2026-08,2026-08-05T13:08:38+09:00,known,c40645375fd9d76ed3116a29,b040978680a82530493a39b2,580856,https://m.dcinside.com/board/vg/580856,일판 덱소스/프로모 판다이온,seller-1fb06250c587a0f53cd4a90b,sDzik,guest,수상환수 하르미테 포일,수상환수 하르미테 포일,수상환수 하르미테 포일 0.7 (~,,,buy,구매,1,1,10000,estimated,per_card,text,unknown,,active,needs_review,needs_review,"가격 단위 추정, 배송비 포함 여부 미확정",estimated,yes,candidate_estimated,수상환수 하르미테 포일 0.7 (~1)
b2a5d88859184c8f7ece1e09,vg,뱅가드,2026-08,2026-08-05T13:08:38+09:00,known,65115e6ea20ce87e36d68e92,b2a5d88859184c8f7ece1e09,580856,https://m.dcinside.com/board/vg/580856,일판 덱소스/프로모 판다이온,seller-79f64c4ec418090a92c7482c,sDzik,guest,위갈룡 스레톤프테라 포일,위갈룡 스레톤프테라 포일,위갈룡 스레톤프테라 포일 0.6 (~,,,buy,구매,1,1,10000,estimated,per_card,text,unknown,,active,needs_review,needs_review,"가격 단위 추정, 배송비 포함 여부 미확정",estimated,yes,candidate_estimated,위갈룡 스레톤프테라 포일 0.6 (~1)
b5031cbcbe9572d04c557d75,vg,뱅가드,2026-08,2026-08-05T13:08:38+09:00,known,c40645375fd9d76ed3116a29,b5031cbcbe9572d04c557d75,580856,https://m.dcinside.com/board/vg/580856,일판 덱소스/프로모 판다이온,seller-1fb06250c587a0f53cd4a90b,sDzik,guest,로트바이저,로트바이저,로트바이저,,,buy,구매,1,3.0,30000,estimated,per_card,text,unknown,,active,needs_review,needs_review,"가격 단위 추정, 배송비 포함 여부 미확정",estimated,yes,candidate_estimated,로트바이저 3.0
b6ea768eb30bc20cb3d8553c,vg,뱅가드,2026-08,2026-08-05T13:08:38+09:00,known,65115e6ea20ce87e36d68e92,b6ea768eb30bc20cb3d8553c,580856,https://m.dcinside.com/board/vg/580856,일판 덱소스/프로모 판다이온,seller-79f64c4ec418090a92c7482c,sDzik,guest,원수의 섬병,원수의 섬병,원수의 섬병 0.2(~,,,buy,구매,1,1,10000,estimated,per_card,text,unknown,,active,needs_review,needs_review,"가격 단위 추정, 배송비 포함 여부 미확정",estimated,yes,candidate_estimated,원수의 섬병 0.2(~1)
b79fadccb38ff388aab16c0e,vg,뱅가드,2026-08,2026-08-05T13:08:38+09:00,known,65115e6ea20ce87e36d68e92,b79fadccb38ff388aab16c0e,580856,https://m.dcinside.com/board/vg/580856,일판 덱소스/프로모 판다이온,seller-79f64c4ec418090a92c7482c,sDzik,guest,loadScript ' t,loadScript ' t,loadScript('//t,,,buy,구매,1,1,10000,estimated,bundle,text,unknown,,active,needs_review,needs_review,"가격 단위 추정, 복수 카드 가격, 배송비 포함 여부 미확정, 묶음·세트 총액 · 개별 카드 가격 아님",estimated,no,no,"loadScript('//t1.kakaocdn.net/kas/static/ba.min.js', true);"
b7b75da8d2a6eb7f3e3cb6ec,vg,뱅가드,2026-08,2026-08-05T13:08:38+09:00,known,c40645375fd9d76ed3116a29,b7b75da8d2a6eb7f3e3cb6ec,580856,https://m.dcinside.com/board/vg/580856,일판 덱소스/프로모 판다이온,seller-1fb06250c587a0f53cd4a90b,sDzik,guest,cu 반택,cu 반택,cu 반택,,,buy,구매,1,0.25,2500,estimated,per_card,text,unknown,,active,needs_review,needs_review,"가격 단위 추정, 배송비 포함 여부 미확정",estimated,yes,candidate_estimated,cu 반택 0.25
b939caab1f6361abc41bdc6f,vg,뱅가드,2026-08,2026-08-05T13:08:38+09:00,known,afba240c36420fb4ce045017,b939caab1f6361abc41bdc6f,580856,https://m.dcinside.com/board/vg/580856,일판 덱소스/프로모 판다이온,seller-e6abe934172470f007b6b77a,sDzik,guest,푸첸슈베스턴 위플・페겐,푸첸슈베스턴 위플・페겐,푸첸슈베스턴 위플・페겐 0.7 (~,,,buy,구매,1,1,10000,estimated,per_card,text,unknown,,active,needs_review,needs_review,"가격 단위 추정, 배송비 포함 여부 미확정",estimated,yes,candidate_estimated,푸첸슈베스턴 위플・페겐 0.7 (~1)
bde811526d76e55b6aacd5db,vg,뱅가드,2026-08,2026-08-05T13:08:38+09:00,known,afba240c36420fb4ce045017,bde811526d76e55b6aacd5db,580856,https://m.dcinside.com/board/vg/580856,일판 덱소스/프로모 판다이온,seller-e6abe934172470f007b6b77a,sDzik,guest,위갈룡 스레톤프테라 포일,위갈룡 스레톤프테라 포일,위갈룡 스레톤프테라 포일 0.6 (~,,,buy,구매,1,1,10000,estimated,per_card,text,unknown,,active,needs_review,needs_review,"가격 단위 추정, 배송비 포함 여부 미확정",estimated,yes,candidate_estimated,위갈룡 스레톤프테라 포일 0.6 (~1)
c57834b3f8aff9560a9d4399,vg,뱅가드,2026-08,2026-08-05T13:08:38+09:00,known,c40645375fd9d76ed3116a29,c57834b3f8aff9560a9d4399,580856,https://m.dcinside.com/board/vg/580856,일판 덱소스/프로모 판다이온,seller-1fb06250c587a0f53cd4a90b,sDzik,guest,댕댕이,댕댕이,댕댕이 0.2 (~,,,buy,구매,1,1,10000,estimated,per_card,text,unknown,,active,needs_review,needs_review,"가격 단위 추정, 배송비 포함 여부 미확정",estimated,yes,candidate_estimated,댕댕이 0.2 (~1)
c8bada358ebccc0e7b708eeb,vg,뱅가드,2026-08,2026-08-05T13:08:38+09:00,known,65115e6ea20ce87e36d68e92,c8bada358ebccc0e7b708eeb,580856,https://m.dcinside.com/board/vg/580856,일판 덱소스/프로모 판다이온,seller-79f64c4ec418090a92c7482c,sDzik,guest,유스퀘이크 캐릭터 센다츠 메구루? 에너지,유스퀘이크 캐릭터 센다츠 메구루? 에너지,유스퀘이크 캐릭터(센다츠 메구루?) 에너지 1.0 (~,,,buy,구매,1,1,10000,estimated,per_card,text,unknown,,active,needs_review,needs_review,"가격 단위 추정, 배송비 포함 여부 미확정",estimated,yes,candidate_estimated,유스퀘이크 캐릭터(센다츠 메구루?) 에너지 1.0 (~1)
ca9eed14ef9ae294ac309662,vg,뱅가드,2026-08,2026-08-05T13:08:38+09:00,known,c40645375fd9d76ed3116a29,ca9eed14ef9ae294ac309662,580856,https://m.dcinside.com/board/vg/580856,일판 덱소스/프로모 판다이온,seller-1fb06250c587a0f53cd4a90b,sDzik,guest,loadScript 'https pagead,loadScript 'https pagead,loadScript('https://pagead,,,buy,구매,1,2,20000,estimated,bundle,text,unknown,,active,needs_review,needs_review,"가격 단위 추정, 복수 카드 가격, 배송비 포함 여부 미확정, 묶음·세트 총액 · 개별 카드 가격 아님",estimated,no,no,"loadScript('https://pagead2.googlesyndication.com/pagead/js/adsbygoogle_direct.js?client=ca-pub-8171468792791627', true, 'anonymous');"
ce505e92cecae5fed3cdd6fe,vg,뱅가드,2026-08,2026-08-05T13:08:38+09:00,known,c40645375fd9d76ed3116a29,ce505e92cecae5fed3cdd6fe,580856,https://m.dcinside.com/board/vg/580856,일판 덱소스/프로모 판다이온,seller-1fb06250c587a0f53cd4a90b,sDzik,guest,선전의 진원 플래네타링 포일,선전의 진원 플래네타링 포일,선전의 진원 플래네타링 포일 1.0 (~,,,buy,구매,1,1,10000,estimated,per_card,text,unknown,,active,needs_review,needs_review,"가격 단위 추정, 배송비 포함 여부 미확정",estimated,yes,candidate_estimated,선전의 진원 플래네타링 포일 1.0 (~1)
d363cf32927bd17d5a74044c,vg,뱅가드,2026-08,2026-08-05T13:08:38+09:00,known,65115e6ea20ce87e36d68e92,d363cf32927bd17d5a74044c,580856,https://m.dcinside.com/board/vg/580856,일판 덱소스/프로모 판다이온,seller-79f64c4ec418090a92c7482c,sDzik,guest,cu 반택,cu 반택,cu 반택,,,buy,구매,1,0.25,2500,estimated,per_card,text,unknown,,active,needs_review,needs_review,"가격 단위 추정, 배송비 포함 여부 미확정",estimated,yes,candidate_estimated,cu 반택 0.25
dbd622f3cbda0d32dc358dd4,vg,뱅가드,2026-08,2026-08-05T13:08:38+09:00,known,afba240c36420fb4ce045017,dbd622f3cbda0d32dc358dd4,580856,https://m.dcinside.com/board/vg/580856,일판 덱소스/프로모 판다이온,seller-e6abe934172470f007b6b77a,sDzik,guest,위갈룡 스레톤프테라,위갈룡 스레톤프테라,위갈룡 스레톤프테라 0.2(~,,,buy,구매,1,1,10000,estimated,per_card,text,unknown,,active,needs_review,needs_review,"가격 단위 추정, 배송비 포함 여부 미확정",estimated,yes,candidate_estimated,위갈룡 스레톤프테라 0.2(~1)
e4fbd9c764875cdc4b7c7788,vg,뱅가드,2026-08,2026-08-05T13:08:38+09:00,known,afba240c36420fb4ce045017,e4fbd9c764875cdc4b7c7788,580856,https://m.dcinside.com/board/vg/580856,일판 덱소스/프로모 판다이온,seller-e6abe934172470f007b6b77a,sDzik,guest,선전의 진원 플래네타링 포일,선전의 진원 플래네타링 포일,선전의 진원 플래네타링 포일 1.0 (~,,,buy,구매,1,1,10000,estimated,per_card,text,unknown,,active,needs_review,needs_review,"가격 단위 추정, 배송비 포함 여부 미확정",estimated,yes,candidate_estimated,선전의 진원 플래네타링 포일 1.0 (~1)
e6c9fff7a18c6c4b60ebd209,vg,뱅가드,2026-08,2026-08-05T13:08:38+09:00,known,c40645375fd9d76ed3116a29,e6c9fff7a18c6c4b60ebd209,580856,https://m.dcinside.com/board/vg/580856,일판 덱소스/프로모 판다이온,seller-1fb06250c587a0f53cd4a90b,sDzik,guest,프리즘 펄 & 트윙클 파우더,프리즘 펄 & 트윙클 파우더,프리즘 펄 & 트윙클 파우더 0.2 (~,,,buy,구매,1,1,10000,estimated,bundle,text,unknown,,active,needs_review,needs_review,"가격 단위 추정, 복수 카드 가격, 배송비 포함 여부 미확정, 묶음·세트 총액 · 개별 카드 가격 아님",estimated,no,no,프리즘 펄 & 트윙클 파우더 0.2 (~1)
e9553e2ab49db31d409d218b,vg,뱅가드,2026-08,2026-08-05T13:08:38+09:00,known,c40645375fd9d76ed3116a29,e9553e2ab49db31d409d218b,580856,https://m.dcinside.com/board/vg/580856,일판 덱소스/프로모 판다이온,seller-1fb06250c587a0f53cd4a90b,sDzik,guest,대전의 마도사 레두아스,대전의 마도사 레두아스,대전의 마도사 레두아스 0.2 (~,,,buy,구매,1,1,10000,estimated,per_card,text,unknown,,active,needs_review,needs_review,"가격 단위 추정, 배송비 포함 여부 미확정",estimated,yes,candidate_estimated,대전의 마도사 레두아스 0.2 (~1)
eb3418ee06587bff7135f688,vg,뱅가드,2026-08,2026-08-05T13:08:38+09:00,known,afba240c36420fb4ce045017,eb3418ee06587bff7135f688,580856,https://m.dcinside.com/board/vg/580856,일판 덱소스/프로모 판다이온,seller-e6abe934172470f007b6b77a,sDzik,guest,프리즘 펄 & 트윙클 파우더,프리즘 펄 & 트윙클 파우더,프리즘 펄 & 트윙클 파우더 0.2 (~,,,buy,구매,1,1,10000,estimated,bundle,text,unknown,,active,needs_review,needs_review,"가격 단위 추정, 복수 카드 가격, 배송비 포함 여부 미확정, 묶음·세트 총액 · 개별 카드 가격 아님",estimated,no,no,프리즘 펄 & 트윙클 파우더 0.2 (~1)
ee77a39a4733e3ff56c854c1,vg,뱅가드,2026-08,2026-08-05T13:08:38+09:00,known,afba240c36420fb4ce045017,ee77a39a4733e3ff56c854c1,580856,https://m.dcinside.com/board/vg/580856,일판 덱소스/프로모 판다이온,seller-e6abe934172470f007b6b77a,sDzik,guest,유스퀘이크 캐릭터 센다츠 메구루? 에너지,유스퀘이크 캐릭터 센다츠 메구루? 에너지,유스퀘이크 캐릭터(센다츠 메구루?) 에너지 1.0 (~,,,buy,구매,1,1,10000,estimated,per_card,text,unknown,,active,needs_review,needs_review,"가격 단위 추정, 배송비 포함 여부 미확정",estimated,yes,candidate_estimated,유스퀘이크 캐릭터(센다츠 메구루?) 에너지 1.0 (~1)
f0fd25a42cae3b021a5962b0,vg,뱅가드,2026-08,2026-08-05T13:08:38+09:00,known,c40645375fd9d76ed3116a29,f0fd25a42cae3b021a5962b0,580856,https://m.dcinside.com/board/vg/580856,일판 덱소스/프로모 판다이온,seller-1fb06250c587a0f53cd4a90b,sDzik,guest,원수의 섬병,원수의 섬병,원수의 섬병 0.2(~,,,buy,구매,1,1,10000,estimated,per_card,text,unknown,,active,needs_review,needs_review,"가격 단위 추정, 배송비 포함 여부 미확정",estimated,yes,candidate_estimated,원수의 섬병 0.2(~1)
f2c1a915355907cf53f74263,vg,뱅가드,2026-08,2026-08-05T13:08:38+09:00,known,afba240c36420fb4ce045017,f2c1a915355907cf53f74263,580856,https://m.dcinside.com/board/vg/580856,일판 덱소스/프로모 판다이온,seller-e6abe934172470f007b6b77a,sDzik,guest,Live My Life! 세투미네,Live My Life! 세투미네,Live My Life! 세투미네 0.8 (~,,,buy,구매,1,1,10000,estimated,per_card,text,unknown,,active,needs_review,needs_review,"가격 단위 추정, 배송비 포함 여부 미확정",estimated,yes,candidate_estimated,Live My Life! 세투미네 0.8 (~1)
f68bcc2841716c66c6434ab9,vg,뱅가드,2026-08,2026-08-05T13:08:38+09:00,known,afba240c36420fb4ce045017,f68bcc2841716c66c6434ab9,580856,https://m.dcinside.com/board/vg/580856,일판 덱소스/프로모 판다이온,seller-e6abe934172470f007b6b77a,sDzik,guest,로트바이저,로트바이저,로트바이저,,,buy,구매,1,3.0,30000,estimated,per_card,text,unknown,,active,needs_review,needs_review,"가격 단위 추정, 배송비 포함 여부 미확정",estimated,yes,candidate_estimated,로트바이저 3.0
f9b7ff650aacafc97b011d81,vg,뱅가드,2026-08,2026-08-05T13:08:38+09:00,known,c40645375fd9d76ed3116a29,f9b7ff650aacafc97b011d81,580856,https://m.dcinside.com/board/vg/580856,일판 덱소스/프로모 판다이온,seller-1fb06250c587a0f53cd4a90b,sDzik,guest,푸첸슈베스턴 위플・페겐 포일,푸첸슈베스턴 위플・페겐 포일,푸첸슈베스턴 위플・페겐 포일 1.2 (~,,,buy,구매,1,3,30000,estimated,per_card,text,unknown,,active,needs_review,needs_review,"가격 단위 추정, 배송비 포함 여부 미확정",estimated,yes,candidate_estimated,푸첸슈베스턴 위플・페겐 포일 1.2 (~3)
fcad75d08f820b15aa368b04,vg,뱅가드,2026-08,2026-08-05T13:08:38+09:00,known,65115e6ea20ce87e36d68e92,fcad75d08f820b15aa368b04,580856,https://m.dcinside.com/board/vg/580856,일판 덱소스/프로모 판다이온,seller-79f64c4ec418090a92c7482c,sDzik,guest,선전의 진원 플래네타링 포일,선전의 진원 플래네타링 포일,선전의 진원 플래네타링 포일 1.0 (~,,,buy,구매,1,1,10000,estimated,per_card,text,unknown,,active,needs_review,needs_review,"가격 단위 추정, 배송비 포함 여부 미확정",estimated,yes,candidate_estimated,선전의 진원 플래네타링 포일 1.0 (~1)
feeecfcd8bb26b35586a3b12,vg,뱅가드,2026-08,2026-08-05T13:08:38+09:00,known,c40645375fd9d76ed3116a29,feeecfcd8bb26b35586a3b12,580856,https://m.dcinside.com/board/vg/580856,일판 덱소스/프로모 판다이온,seller-1fb06250c587a0f53cd4a90b,sDzik,guest,염의 무녀 신디 포일,염의 무녀 신디 포일,염의 무녀 신디 포일 1.2 (~,,,buy,구매,1,1,10000,estimated,per_card,text,unknown,,active,needs_review,needs_review,"가격 단위 추정, 배송비 포함 여부 미확정",estimated,yes,candidate_estimated,염의 무녀 신디 포일 1.2 (~1)
ffd3217fe5c394c147e2ac29,vg,뱅가드,2026-08,2026-08-05T13:08:38+09:00,known,afba240c36420fb4ce045017,ffd3217fe5c394c147e2ac29,580856,https://m.dcinside.com/board/vg/580856,일판 덱소스/프로모 판다이온,seller-e6abe934172470f007b6b77a,sDzik,guest,cu 편택,cu 편택,cu 편택,,,buy,구매,1,0.4,4000,estimated,per_card,text,unknown,,active,needs_review,needs_review,"가격 단위 추정, 배송비 포함 여부 미확정",estimated,yes,candidate_estimated,cu 편택 0.4
36366d18fef1de6d5c01aecd,vg,뱅가드,2026-08,2026-08-05T13:47:32+09:00,known,b7c6eb32ba20ce51dcde7bfb,36366d18fef1de6d5c01aecd,580866,https://m.dcinside.com/board/vg/580866,일D 로제오더 구합니다,seller-1f96184d24eb1867e0476ce5,바리졸,registered,일D 로제오더,일D 로제오더,일D 로제오더,,,buy,구매,1,,,missing,unknown,unknown,unknown,,active,needs_review,needs_review,희망가 미기재,missing,no,no,일D 로제오더 구합니다
c25229294c270a9f4c42407b,vg,뱅가드,2026-08,2026-08-05T13:47:32+09:00,known,9d27553b87a6838ffef93c8d,c25229294c270a9f4c42407b,580866,https://m.dcinside.com/board/vg/580866,일D 로제오더 구합니다,seller-1f96184d24eb1867e0476ce5,바리졸,registered,일D 로제오더,일D 로제오더,일D 로제오더,,,buy,구매,1,,,missing,unknown,unknown,unknown,,active,needs_review,needs_review,희망가 미기재,missing,no,no,일D 로제오더 구합니다
d21f1d3a03457674fb6a02a7,vg,뱅가드,2026-08,2026-08-05T13:47:32+09:00,known,bf9493f9c0329f35a5592fa0,d21f1d3a03457674fb6a02a7,580866,https://m.dcinside.com/board/vg/580866,일D 로제오더 구합니다,seller-1f96184d24eb1867e0476ce5,바리졸,registered,일D 로제오더,일D 로제오더,일D 로제오더,,,buy,구매,1,,,missing,unknown,unknown,unknown,,active,needs_review,needs_review,희망가 미기재,missing,no,no,일D 로제오더 구합니다
137676ce4297c8290657e3ee,vg,뱅가드,2026-08,2026-08-05T15:53:32+09:00,known,72c0cc9770c3ad028fa7ed20,137676ce4297c8290657e3ee,580892,https://m.dcinside.com/board/vg/580892,"글d 울트루엘, 틱다운 고레어삽니다",seller-7ff8d773946ee2a245016617,paimon,registered,울트루엘 ffr,울트루엘 ffr,울트루엘 ffr,,,buy,구매,4,7,70000,estimated,per_quantity,text,unknown,,active,needs_review,needs_review,"가격 단위 추정, 배송비 포함 여부 미확정, 복수 수량 총액 · 카드 1장 가격 아님",estimated,no,no,울트루엘 ffr 4장 7
1e2774c85daa02012c1fed4b,vg,뱅가드,2026-08,2026-08-05T15:53:32+09:00,known,72c0cc9770c3ad028fa7ed20,1e2774c85daa02012c1fed4b,580892,https://m.dcinside.com/board/vg/580892,"글d 울트루엘, 틱다운 고레어삽니다",seller-7ff8d773946ee2a245016617,paimon,registered,틱다운ffr,틱다운ffr,틱다운ffr,,,buy,구매,4,6,60000,estimated,per_quantity,text,unknown,,active,needs_review,needs_review,"가격 단위 추정, 배송비 포함 여부 미확정, 복수 수량 총액 · 카드 1장 가격 아님",estimated,no,no,틱다운ffr 4장 6
245f241ee52caac8ab181c37,vg,뱅가드,2026-08,2026-08-05T15:53:32+09:00,known,675c7b8414275faf46b34af3,245f241ee52caac8ab181c37,580892,https://m.dcinside.com/board/vg/580892,"글d 울트루엘, 틱다운 고레어삽니다",seller-7ff8d773946ee2a245016617,paimon,registered,울트루엘 ffr,울트루엘 ffr,울트루엘 ffr,,,buy,구매,4,7,70000,estimated,per_quantity,text,unknown,,active,needs_review,needs_review,"가격 단위 추정, 배송비 포함 여부 미확정, 복수 수량 총액 · 카드 1장 가격 아님",estimated,no,no,울트루엘 ffr 4장 7
7a264006e5deae63d38fb99b,vg,뱅가드,2026-08,2026-08-05T15:53:32+09:00,known,c18e93d77276536bd5c45fbc,7a264006e5deae63d38fb99b,580892,https://m.dcinside.com/board/vg/580892,"글d 울트루엘, 틱다운 고레어삽니다",seller-7ff8d773946ee2a245016617,paimon,registered,틱다운ffr,틱다운ffr,틱다운ffr,,,buy,구매,4,6,60000,estimated,per_quantity,text,unknown,,active,needs_review,needs_review,"가격 단위 추정, 배송비 포함 여부 미확정, 복수 수량 총액 · 카드 1장 가격 아님",estimated,no,no,틱다운ffr 4장 6
a83ee5fee1eef0f5ec8da88e,vg,뱅가드,2026-08,2026-08-05T15:53:32+09:00,known,c18e93d77276536bd5c45fbc,a83ee5fee1eef0f5ec8da88e,580892,https://m.dcinside.com/board/vg/580892,"글d 울트루엘, 틱다운 고레어삽니다",seller-7ff8d773946ee2a245016617,paimon,registered,울트루엘 ffr,울트루엘 ffr,울트루엘 ffr,,,buy,구매,4,7,70000,estimated,per_quantity,text,unknown,,active,needs_review,needs_review,"가격 단위 추정, 배송비 포함 여부 미확정, 복수 수량 총액 · 카드 1장 가격 아님",estimated,no,no,울트루엘 ffr 4장 7
b881f7f3019c010844ab976e,vg,뱅가드,2026-08,2026-08-05T15:53:32+09:00,known,675c7b8414275faf46b34af3,b881f7f3019c010844ab976e,580892,https://m.dcinside.com/board/vg/580892,"글d 울트루엘, 틱다운 고레어삽니다",seller-7ff8d773946ee2a245016617,paimon,registered,틱다운ffr,틱다운ffr,틱다운ffr,,,buy,구매,4,6,60000,estimated,per_quantity,text,unknown,,active,needs_review,needs_review,"가격 단위 추정, 배송비 포함 여부 미확정, 복수 수량 총액 · 카드 1장 가격 아님",estimated,no,no,틱다운ffr 4장 6
497a6b696328a64a72ffb14c,vg,뱅가드,2026-08,2026-08-06T00:26:55+09:00,known,13d844cfd494f66dd9ec6c62,497a6b696328a64a72ffb14c,581042,https://m.dcinside.com/board/vg/581042,일판 혁싸 하비타블존 삽니다,seller-4ab284bba94a7a6740b481a9,바람의세일러,registered,사요 이면,사요 이면,~ 사요 장당 1.2 이면,,,buy,구매,3,5.0,50000,estimated,per_card,text,unknown,,active,needs_review,needs_review,"가격 단위 추정, 배송비 포함 여부 미확정",estimated,yes,candidate_estimated,3장~4장 사요 장당 1.2 4장이면 5.0
b62172c3a0cde4832d3c0e45,vg,뱅가드,2026-08,2026-08-06T00:26:55+09:00,known,fe27ee2f6e01c42ad8977c76,b62172c3a0cde4832d3c0e45,581042,https://m.dcinside.com/board/vg/581042,일판 혁싸 하비타블존 삽니다,seller-4ab284bba94a7a6740b481a9,바람의세일러,registered,사요 이면,사요 이면,~ 사요 장당 1.2 이면,,,buy,구매,3,5.0,50000,estimated,per_card,text,unknown,,active,needs_review,needs_review,"가격 단위 추정, 배송비 포함 여부 미확정",estimated,yes,candidate_estimated,3장~4장 사요 장당 1.2 4장이면 5.0
e21306bf5101158c9446eb82,vg,뱅가드,2026-08,2026-08-06T00:26:55+09:00,known,ed8044769d25545ed38e5ef7,e21306bf5101158c9446eb82,581042,https://m.dcinside.com/board/vg/581042,일판 혁싸 하비타블존 삽니다,seller-4ab284bba94a7a6740b481a9,바람의세일러,registered,사요 이면,사요 이면,~ 사요 장당 1.2 이면,,,buy,구매,3,5.0,50000,estimated,per_card,text,unknown,,active,needs_review,needs_review,"가격 단위 추정, 배송비 포함 여부 미확정",estimated,yes,candidate_estimated,3장~4장 사요 장당 1.2 4장이면 5.0
0e54eefde4934b444c0fbab1,vg,뱅가드,2026-08,2026-08-06T00:37:09+09:00,known,0a2dc78c517c76f78774ccda,0e54eefde4934b444c0fbab1,581044,https://m.dcinside.com/board/vg/581044,일판 카드 삽니다,seller-c08368bae105359170ee8975,사망플래그,guest,소울 프론트,소울 프론트,소울 프론트 장당,,,buy,구매,1,0.15,1500,estimated,per_card,text,unknown,,completed,context_only,needs_review,"가격 단위 추정, 배송비 포함 여부 미확정, 거래 완료 글 · 현재 매물 제외",estimated,no,no,소울 프론트 장당 0.15
1d961635ac13078ad6a379ff,vg,뱅가드,2026-08,2026-08-06T00:37:09+09:00,known,c94dc43ac04ae14d42dbd06b,1d961635ac13078ad6a379ff,581044,https://m.dcinside.com/board/vg/581044,일판 카드 삽니다,seller-6e76e5290db28c4009aed4a3,사망플래그,guest,혁싸,혁싸,혁싸 장당,,,buy,구매,1,1.3,13000,estimated,per_card,text,unknown,,completed,context_only,needs_review,"가격 단위 추정, 배송비 포함 여부 미확정, 거래 완료 글 · 현재 매물 제외",estimated,no,no,혁싸 장당 1.3
335655c5e1d537bee68cdd43,vg,뱅가드,2026-08,2026-08-06T00:37:09+09:00,known,0a2dc78c517c76f78774ccda,335655c5e1d537bee68cdd43,581044,https://m.dcinside.com/board/vg/581044,일판 카드 삽니다,seller-c08368bae105359170ee8975,사망플래그,guest,프론트,프론트,20 프론트 장당,,,buy,구매,1,0.8,8000,estimated,per_card,text,unknown,,completed,context_only,needs_review,"가격 단위 추정, 배송비 포함 여부 미확정, 거래 완료 글 · 현재 매물 제외",estimated,no,no,20 프론트 장당 0.8
537e136929b58dab541218e3,vg,뱅가드,2026-08,2026-08-06T00:37:09+09:00,known,c94dc43ac04ae14d42dbd06b,537e136929b58dab541218e3,581044,https://m.dcinside.com/board/vg/581044,일판 카드 삽니다,seller-6e76e5290db28c4009aed4a3,사망플래그,guest,프론트,프론트,20 프론트 장당,,,buy,구매,1,0.8,8000,estimated,per_card,text,unknown,,completed,context_only,needs_review,"가격 단위 추정, 배송비 포함 여부 미확정, 거래 완료 글 · 현재 매물 제외",estimated,no,no,20 프론트 장당 0.8
71e4712876d16f167d580bbf,vg,뱅가드,2026-08,2026-08-06T00:37:09+09:00,known,e9c628966365a186022f115b,71e4712876d16f167d580bbf,581044,https://m.dcinside.com/board/vg/581044,일판 카드 삽니다,seller-eb428adc20e4a143b8b3dafd,사망플래그,guest,소울 프론트,소울 프론트,소울 프론트 장당,,,buy,구매,1,0.15,1500,estimated,per_card,text,unknown,,completed,context_only,needs_review,"가격 단위 추정, 배송비 포함 여부 미확정, 거래 완료 글 · 현재 매물 제외",estimated,no,no,소울 프론트 장당 0.15
840dac3a640c664f517c90e2,vg,뱅가드,2026-08,2026-08-06T00:37:09+09:00,known,c94dc43ac04ae14d42dbd06b,840dac3a640c664f517c90e2,581044,https://m.dcinside.com/board/vg/581044,일판 카드 삽니다,seller-6e76e5290db28c4009aed4a3,사망플래그,guest,소울 프론트,소울 프론트,소울 프론트 장당,,,buy,구매,1,0.15,1500,estimated,per_card,text,unknown,,completed,context_only,needs_review,"가격 단위 추정, 배송비 포함 여부 미확정, 거래 완료 글 · 현재 매물 제외",estimated,no,no,소울 프론트 장당 0.15
ada8b98121e674c2e136adb3,vg,뱅가드,2026-08,2026-08-06T00:37:09+09:00,known,e9c628966365a186022f115b,ada8b98121e674c2e136adb3,581044,https://m.dcinside.com/board/vg/581044,일판 카드 삽니다,seller-eb428adc20e4a143b8b3dafd,사망플래그,guest,혁싸,혁싸,혁싸 장당,,,buy,구매,1,1.3,13000,estimated,per_card,text,unknown,,completed,context_only,needs_review,"가격 단위 추정, 배송비 포함 여부 미확정, 거래 완료 글 · 현재 매물 제외",estimated,no,no,혁싸 장당 1.3
d1c3f5e1483fb56f61b32711,vg,뱅가드,2026-08,2026-08-06T00:37:09+09:00,known,e9c628966365a186022f115b,d1c3f5e1483fb56f61b32711,581044,https://m.dcinside.com/board/vg/581044,일판 카드 삽니다,seller-eb428adc20e4a143b8b3dafd,사망플래그,guest,프론트,프론트,20 프론트 장당,,,buy,구매,1,0.8,8000,estimated,per_card,text,unknown,,completed,context_only,needs_review,"가격 단위 추정, 배송비 포함 여부 미확정, 거래 완료 글 · 현재 매물 제외",estimated,no,no,20 프론트 장당 0.8
e5cb648370bf7e19b972a72e,vg,뱅가드,2026-08,2026-08-06T00:37:09+09:00,known,0a2dc78c517c76f78774ccda,e5cb648370bf7e19b972a72e,581044,https://m.dcinside.com/board/vg/581044,일판 카드 삽니다,seller-c08368bae105359170ee8975,사망플래그,guest,혁싸,혁싸,혁싸 장당,,,buy,구매,1,1.3,13000,estimated,per_card,text,unknown,,completed,context_only,needs_review,"가격 단위 추정, 배송비 포함 여부 미확정, 거래 완료 글 · 현재 매물 제외",estimated,no,no,혁싸 장당 1.3
0494cf65ac2c147d56d26f41,vg,뱅가드,2026-08,2026-08-06T09:40:00+09:00,known,446f13773041bb000a72f5f8,0494cf65ac2c147d56d26f41,581082,https://m.dcinside.com/board/vg/581082,유스팬텀 지원 sr 구매합니다,seller-ea52d495b073b191045c5eda,세줄일기장,registered,loadScript 'https pagead,loadScript 'https pagead,loadScript('https://pagead,,,buy,구매,1,2,20000,estimated,bundle,text,unknown,,active,needs_review,needs_review,"가격 단위 추정, 복수 카드 가격, 배송비 포함 여부 미확정, 묶음·세트 총액 · 개별 카드 가격 아님",estimated,no,no,"loadScript('https://pagead2.googlesyndication.com/pagead/js/adsbygoogle_direct.js?client=ca-pub-8171468792791627', true, 'anonymous');"
0848786fccb3ce2591df3c43,vg,뱅가드,2026-08,2026-08-06T09:40:00+09:00,known,dabef8acc4108a196ea56b98,0848786fccb3ce2591df3c43,581082,https://m.dcinside.com/board/vg/581082,유스팬텀 지원 sr 구매합니다,seller-ea52d495b073b191045c5eda,세줄일기장,registered,loadScript ' t,loadScript ' t,loadScript('//t,,,buy,구매,1,1,10000,estimated,bundle,text,unknown,,active,needs_review,needs_review,"가격 단위 추정, 복수 카드 가격, 배송비 포함 여부 미확정, 묶음·세트 총액 · 개별 카드 가격 아님",estimated,no,no,"loadScript('//t1.kakaocdn.net/kas/static/ba.min.js', true);"
3bc057d454b0b08c46eca799,vg,뱅가드,2026-08,2026-08-06T09:40:00+09:00,known,dabef8acc4108a196ea56b98,3bc057d454b0b08c46eca799,581082,https://m.dcinside.com/board/vg/581082,유스팬텀 지원 sr 구매합니다,seller-ea52d495b073b191045c5eda,세줄일기장,registered,DOM 삽입 헬퍼 현재 스크립트 위치 기준,DOM 삽입 헬퍼 현재 스크립트 위치 기준,// ---- DOM 삽입 헬퍼 (현재 스크립트 위치 기준,,,buy,구매,1,1,10000,estimated,bundle,text,unknown,,active,needs_review,needs_review,"가격 단위 추정, 복수 카드 가격, 배송비 포함 여부 미확정, 묶음·세트 총액 · 개별 카드 가격 아님",estimated,no,no,// ---- DOM 삽입 헬퍼 (현재 스크립트 위치 기준1)
621a82fac7f5331e68fc26ab,vg,뱅가드,2026-08,2026-08-06T09:40:00+09:00,known,dabef8acc4108a196ea56b98,621a82fac7f5331e68fc26ab,581082,https://m.dcinside.com/board/vg/581082,유스팬텀 지원 sr 구매합니다,seller-ea52d495b073b191045c5eda,세줄일기장,registered,에그저세이트,에그저세이트,에그저세이트 장당,,,buy,구매,1,0.5,5000,estimated,per_card,text,unknown,,active,needs_review,needs_review,"가격 단위 추정, 배송비 포함 여부 미확정",estimated,yes,candidate_estimated,에그저세이트 장당 0.5
6407122859d3c2573733774c,vg,뱅가드,2026-08,2026-08-06T09:40:00+09:00,known,dabef8acc4108a196ea56b98,6407122859d3c2573733774c,581082,https://m.dcinside.com/board/vg/581082,유스팬텀 지원 sr 구매합니다,seller-ea52d495b073b191045c5eda,세줄일기장,registered,닌룡,닌룡,닌룡 장당,,,buy,구매,1,0.6,6000,estimated,per_card,text,unknown,,active,needs_review,needs_review,"가격 단위 추정, 배송비 포함 여부 미확정",estimated,yes,candidate_estimated,닌룡 장당 0.6에 구매합니다
6bcd1493c0b7380dd0ad4eee,vg,뱅가드,2026-08,2026-08-06T09:40:00+09:00,known,dabef8acc4108a196ea56b98,6bcd1493c0b7380dd0ad4eee,581082,https://m.dcinside.com/board/vg/581082,유스팬텀 지원 sr 구매합니다,seller-ea52d495b073b191045c5eda,세줄일기장,registered,var safe = window.dcAd && window.dcAd.safe ==,var safe = window.dcAd && window.dcAd.safe ==,var safe = (window.dcAd && window.dcAd.safe ==,,,buy,구매,1,1,10000,estimated,bundle,text,unknown,,active,needs_review,needs_review,"가격 단위 추정, 복수 카드 가격, 배송비 포함 여부 미확정, 묶음·세트 총액 · 개별 카드 가격 아님",estimated,no,no,var safe = (window.dcAd && window.dcAd.safe == 1)
71771f59c473f7cf754a67d6,vg,뱅가드,2026-08,2026-08-06T09:40:00+09:00,known,446f13773041bb000a72f5f8,71771f59c473f7cf754a67d6,581082,https://m.dcinside.com/board/vg/581082,유스팬텀 지원 sr 구매합니다,seller-ea52d495b073b191045c5eda,세줄일기장,registered,loadScript ' t,loadScript ' t,loadScript('//t,,,buy,구매,1,1,10000,estimated,bundle,text,unknown,,active,needs_review,needs_review,"가격 단위 추정, 복수 카드 가격, 배송비 포함 여부 미확정, 묶음·세트 총액 · 개별 카드 가격 아님",estimated,no,no,"loadScript('//t1.kakaocdn.net/kas/static/ba.min.js', true);"
7a6e5ba695fb74f99c97d586,vg,뱅가드,2026-08,2026-08-06T09:40:00+09:00,known,dabef8acc4108a196ea56b98,7a6e5ba695fb74f99c97d586,581082,https://m.dcinside.com/board/vg/581082,유스팬텀 지원 sr 구매합니다,seller-ea52d495b073b191045c5eda,세줄일기장,registered,디파이언스,디파이언스,디파이언스 장당,,,buy,구매,1,0.4,4000,estimated,per_card,text,unknown,,active,needs_review,needs_review,"가격 단위 추정, 배송비 포함 여부 미확정",estimated,yes,candidate_estimated,디파이언스 장당 0.4
80ecfe9c71bd8dea3b85e051,vg,뱅가드,2026-08,2026-08-06T09:40:00+09:00,known,446f13773041bb000a72f5f8,80ecfe9c71bd8dea3b85e051,581082,https://m.dcinside.com/board/vg/581082,유스팬텀 지원 sr 구매합니다,seller-ea52d495b073b191045c5eda,세줄일기장,registered,닌룡,닌룡,닌룡 장당,,,buy,구매,1,0.6,6000,estimated,per_card,text,unknown,,active,needs_review,needs_review,"가격 단위 추정, 배송비 포함 여부 미확정",estimated,yes,candidate_estimated,닌룡 장당 0.6에 구매합니다
8a224dc3f6f53a26aa1ddd81,vg,뱅가드,2026-08,2026-08-06T09:40:00+09:00,known,f77fcddd6c7a0a528608f1fa,8a224dc3f6f53a26aa1ddd81,581082,https://m.dcinside.com/board/vg/581082,유스팬텀 지원 sr 구매합니다,seller-ea52d495b073b191045c5eda,세줄일기장,registered,DOM 삽입 헬퍼 현재 스크립트 위치 기준,DOM 삽입 헬퍼 현재 스크립트 위치 기준,// ---- DOM 삽입 헬퍼 (현재 스크립트 위치 기준,,,buy,구매,1,1,10000,estimated,bundle,text,unknown,,active,needs_review,needs_review,"가격 단위 추정, 복수 카드 가격, 배송비 포함 여부 미확정, 묶음·세트 총액 · 개별 카드 가격 아님",estimated,no,no,// ---- DOM 삽입 헬퍼 (현재 스크립트 위치 기준1)
94c71c8b08388f891a01b32f,vg,뱅가드,2026-08,2026-08-06T09:40:00+09:00,known,f77fcddd6c7a0a528608f1fa,94c71c8b08388f891a01b32f,581082,https://m.dcinside.com/board/vg/581082,유스팬텀 지원 sr 구매합니다,seller-ea52d495b073b191045c5eda,세줄일기장,registered,loadScript ' t,loadScript ' t,loadScript('//t,,,buy,구매,1,1,10000,estimated,bundle,text,unknown,,active,needs_review,needs_review,"가격 단위 추정, 복수 카드 가격, 배송비 포함 여부 미확정, 묶음·세트 총액 · 개별 카드 가격 아님",estimated,no,no,"loadScript('//t1.kakaocdn.net/kas/static/ba.min.js', true);"
996ba72d0cd4ca2ef856f9bc,vg,뱅가드,2026-08,2026-08-06T09:40:00+09:00,known,dabef8acc4108a196ea56b98,996ba72d0cd4ca2ef856f9bc,581082,https://m.dcinside.com/board/vg/581082,유스팬텀 지원 sr 구매합니다,seller-ea52d495b073b191045c5eda,세줄일기장,registered,loadScript 'https pagead,loadScript 'https pagead,loadScript('https://pagead,,,buy,구매,1,2,20000,estimated,bundle,text,unknown,,active,needs_review,needs_review,"가격 단위 추정, 복수 카드 가격, 배송비 포함 여부 미확정, 묶음·세트 총액 · 개별 카드 가격 아님",estimated,no,no,"loadScript('https://pagead2.googlesyndication.com/pagead/js/adsbygoogle_direct.js?client=ca-pub-8171468792791627', true, 'anonymous');"
9f5bf23e65c8b1ddd1e15316,vg,뱅가드,2026-08,2026-08-06T09:40:00+09:00,known,446f13773041bb000a72f5f8,9f5bf23e65c8b1ddd1e15316,581082,https://m.dcinside.com/board/vg/581082,유스팬텀 지원 sr 구매합니다,seller-ea52d495b073b191045c5eda,세줄일기장,registered,디파이언스,디파이언스,디파이언스 장당,,,buy,구매,1,0.4,4000,estimated,per_card,text,unknown,,active,needs_review,needs_review,"가격 단위 추정, 배송비 포함 여부 미확정",estimated,yes,candidate_estimated,디파이언스 장당 0.4
ae1ea732d033b0e14ea8e8a0,vg,뱅가드,2026-08,2026-08-06T09:40:00+09:00,known,f77fcddd6c7a0a528608f1fa,ae1ea732d033b0e14ea8e8a0,581082,https://m.dcinside.com/board/vg/581082,유스팬텀 지원 sr 구매합니다,seller-ea52d495b073b191045c5eda,세줄일기장,registered,loadScript 'https pagead,loadScript 'https pagead,loadScript('https://pagead,,,buy,구매,1,2,20000,estimated,bundle,text,unknown,,active,needs_review,needs_review,"가격 단위 추정, 복수 카드 가격, 배송비 포함 여부 미확정, 묶음·세트 총액 · 개별 카드 가격 아님",estimated,no,no,"loadScript('https://pagead2.googlesyndication.com/pagead/js/adsbygoogle_direct.js?client=ca-pub-8171468792791627', true, 'anonymous');"
af41b3a9ed2bf6303ee4777e,vg,뱅가드,2026-08,2026-08-06T09:40:00+09:00,known,446f13773041bb000a72f5f8,af41b3a9ed2bf6303ee4777e,581082,https://m.dcinside.com/board/vg/581082,유스팬텀 지원 sr 구매합니다,seller-ea52d495b073b191045c5eda,세줄일기장,registered,var safe = window.dcAd && window.dcAd.safe ==,var safe = window.dcAd && window.dcAd.safe ==,var safe = (window.dcAd && window.dcAd.safe ==,,,buy,구매,1,1,10000,estimated,bundle,text,unknown,,active,needs_review,needs_review,"가격 단위 추정, 복수 카드 가격, 배송비 포함 여부 미확정, 묶음·세트 총액 · 개별 카드 가격 아님",estimated,no,no,var safe = (window.dcAd && window.dcAd.safe == 1)
bd8af717a82861e709d84bf8,vg,뱅가드,2026-08,2026-08-06T09:40:00+09:00,known,446f13773041bb000a72f5f8,bd8af717a82861e709d84bf8,581082,https://m.dcinside.com/board/vg/581082,유스팬텀 지원 sr 구매합니다,seller-ea52d495b073b191045c5eda,세줄일기장,registered,에그저세이트,에그저세이트,에그저세이트 장당,,,buy,구매,1,0.5,5000,estimated,per_card,text,unknown,,active,needs_review,needs_review,"가격 단위 추정, 배송비 포함 여부 미확정",estimated,yes,candidate_estimated,에그저세이트 장당 0.5
c0e0e6f2b2d534c870e7bdb7,vg,뱅가드,2026-08,2026-08-06T09:40:00+09:00,known,f77fcddd6c7a0a528608f1fa,c0e0e6f2b2d534c870e7bdb7,581082,https://m.dcinside.com/board/vg/581082,유스팬텀 지원 sr 구매합니다,seller-ea52d495b073b191045c5eda,세줄일기장,registered,var safe = window.dcAd && window.dcAd.safe ==,var safe = window.dcAd && window.dcAd.safe ==,var safe = (window.dcAd && window.dcAd.safe ==,,,buy,구매,1,1,10000,estimated,bundle,text,unknown,,active,needs_review,needs_review,"가격 단위 추정, 복수 카드 가격, 배송비 포함 여부 미확정, 묶음·세트 총액 · 개별 카드 가격 아님",estimated,no,no,var safe = (window.dcAd && window.dcAd.safe == 1)
c21f63c803cd7da982269781,vg,뱅가드,2026-08,2026-08-06T09:40:00+09:00,known,446f13773041bb000a72f5f8,c21f63c803cd7da982269781,581082,https://m.dcinside.com/board/vg/581082,유스팬텀 지원 sr 구매합니다,seller-ea52d495b073b191045c5eda,세줄일기장,registered,DOM 삽입 헬퍼 현재 스크립트 위치 기준,DOM 삽입 헬퍼 현재 스크립트 위치 기준,// ---- DOM 삽입 헬퍼 (현재 스크립트 위치 기준,,,buy,구매,1,1,10000,estimated,bundle,text,unknown,,active,needs_review,needs_review,"가격 단위 추정, 복수 카드 가격, 배송비 포함 여부 미확정, 묶음·세트 총액 · 개별 카드 가격 아님",estimated,no,no,// ---- DOM 삽입 헬퍼 (현재 스크립트 위치 기준1)
c9a38786a5cd29795c5feaf6,vg,뱅가드,2026-08,2026-08-06T09:40:00+09:00,known,f77fcddd6c7a0a528608f1fa,c9a38786a5cd29795c5feaf6,581082,https://m.dcinside.com/board/vg/581082,유스팬텀 지원 sr 구매합니다,seller-ea52d495b073b191045c5eda,세줄일기장,registered,닌룡,닌룡,닌룡 장당,,,buy,구매,1,0.6,6000,estimated,per_card,text,unknown,,active,needs_review,needs_review,"가격 단위 추정, 배송비 포함 여부 미확정",estimated,yes,candidate_estimated,닌룡 장당 0.6에 구매합니다
eac6ab5847120b632c9125e3,vg,뱅가드,2026-08,2026-08-06T09:40:00+09:00,known,f77fcddd6c7a0a528608f1fa,eac6ab5847120b632c9125e3,581082,https://m.dcinside.com/board/vg/581082,유스팬텀 지원 sr 구매합니다,seller-ea52d495b073b191045c5eda,세줄일기장,registered,디파이언스,디파이언스,디파이언스 장당,,,buy,구매,1,0.4,4000,estimated,per_card,text,unknown,,active,needs_review,needs_review,"가격 단위 추정, 배송비 포함 여부 미확정",estimated,yes,candidate_estimated,디파이언스 장당 0.4
ee923b6c70376faca4e1f212,vg,뱅가드,2026-08,2026-08-06T09:40:00+09:00,known,f77fcddd6c7a0a528608f1fa,ee923b6c70376faca4e1f212,581082,https://m.dcinside.com/board/vg/581082,유스팬텀 지원 sr 구매합니다,seller-ea52d495b073b191045c5eda,세줄일기장,registered,에그저세이트,에그저세이트,에그저세이트 장당,,,buy,구매,1,0.5,5000,estimated,per_card,text,unknown,,active,needs_review,needs_review,"가격 단위 추정, 배송비 포함 여부 미확정",estimated,yes,candidate_estimated,에그저세이트 장당 0.5
b2451f371181e9e346393a16,vg,뱅가드,2026-08,2026-08-06T16:44:12+09:00,known,8ec3fd568f3a36b79391cbb8,b2451f371181e9e346393a16,581168,https://m.dcinside.com/board/vg/581168,글판 카스미 그3 gpr+ 구해요,seller-9dc6e3e38d18e58c843ad04b,곽길룡,guest,글판 카스미 그3 gpr+,글판 카스미 그3 gpr+,글판 카스미 그3 gpr+,,,buy,구매,1,,,missing,unknown,unknown,unknown,,active,needs_review,needs_review,희망가 미기재,missing,no,no,글판 카스미 그3 gpr+ 구해요
d15f599e7efd979e0f2d8df1,vg,뱅가드,2026-08,2026-08-06T16:44:12+09:00,known,bae4fe91bd833039f17faf65,d15f599e7efd979e0f2d8df1,581168,https://m.dcinside.com/board/vg/581168,글판 카스미 그3 gpr+ 구해요,seller-85b77d3b2329e5e8b8934de8,곽길룡,guest,글판 카스미 그3 gpr+,글판 카스미 그3 gpr+,글판 카스미 그3 gpr+,,,buy,구매,1,,,missing,unknown,unknown,unknown,,active,needs_review,needs_review,희망가 미기재,missing,no,no,글판 카스미 그3 gpr+ 구해요
e33c11f6e5fbda8ce6141144,vg,뱅가드,2026-08,2026-08-06T16:44:12+09:00,known,ab7f5b2d93e083744ee41c05,e33c11f6e5fbda8ce6141144,581168,https://m.dcinside.com/board/vg/581168,글판 카스미 그3 gpr+ 구해요,seller-592b9ab1d1dd413c05c1d548,곽길룡,guest,글판 카스미 그3 gpr+,글판 카스미 그3 gpr+,글판 카스미 그3 gpr+,,,buy,구매,1,,,missing,unknown,unknown,unknown,,active,needs_review,needs_review,희망가 미기재,missing,no,no,글판 카스미 그3 gpr+ 구해요
4a787a43495b8f6a545f1d8e,vg,뱅가드,2026-08,2026-08-06T16:52:06+09:00,known,f2a4b957919704fca2a04e24,4a787a43495b8f6a545f1d8e,581169,https://m.dcinside.com/board/vg/581169,글판 쌍성각희 시크 구해요,seller-12e29e340046f543c713220a,cetra,guest,글판 쌍성각희 시크,글판 쌍성각희 시크,글판 쌍성각희 시크,,,buy,구매,1,,,missing,unknown,unknown,unknown,,active,needs_review,needs_review,희망가 미기재,missing,no,no,글판 쌍성각희 시크 구해요
76b8198e2226f239b124df55,vg,뱅가드,2026-08,2026-08-06T16:52:06+09:00,known,c8441654dd63d37d3a3d03df,76b8198e2226f239b124df55,581169,https://m.dcinside.com/board/vg/581169,글판 쌍성각희 시크 구해요,seller-595c1cb666371f0be23e2cab,cetra,guest,글판 쌍성각희 시크,글판 쌍성각희 시크,글판 쌍성각희 시크,,,buy,구매,1,,,missing,unknown,unknown,unknown,,active,needs_review,needs_review,희망가 미기재,missing,no,no,글판 쌍성각희 시크 구해요
ab0fb22f92652057c11af89a,vg,뱅가드,2026-08,2026-08-06T16:52:06+09:00,known,57a9fd96655b735404f4195b,ab0fb22f92652057c11af89a,581169,https://m.dcinside.com/board/vg/581169,글판 쌍성각희 시크 구해요,seller-2e83a381cecdde8e394ea457,cetra,guest,글판 쌍성각희 시크,글판 쌍성각희 시크,글판 쌍성각희 시크,,,buy,구매,1,,,missing,unknown,unknown,unknown,,active,needs_review,needs_review,희망가 미기재,missing,no,no,글판 쌍성각희 시크 구해요
06e3ce4a7ca7f5d6258cd2c8,vg,뱅가드,2026-08,2026-08-06T23:31:42+09:00,known,7d5c98ba5f4e53edfb2478ce,06e3ce4a7ca7f5d6258cd2c8,581363,https://m.dcinside.com/board/vg/581363,입문뉴비 메사이어 글판 D 구매해봅니다,seller-276747953a72369150720b12,ㅇㅇ,guest,입문뉴비 메사이어 글판 D 해봅니다,입문뉴비 메사이어 글판 D 해봅니다,입문뉴비 메사이어 글판 D 해봅니다,,,buy,구매,1,,,missing,unknown,unknown,unknown,,active,needs_review,needs_review,희망가 미기재,missing,no,no,입문뉴비 메사이어 글판 D 구매해봅니다
84ad2f7b3106de659c3ea461,vg,뱅가드,2026-08,2026-08-06T23:31:42+09:00,known,524fc1db9c97969b4de30ed3,84ad2f7b3106de659c3ea461,581363,https://m.dcinside.com/board/vg/581363,입문뉴비 메사이어 글판 D 구매해봅니다,seller-8817f4e8c25abfab440c7dc6,ㅇㅇ,guest,입문뉴비 메사이어 글판 D 해봅니다,입문뉴비 메사이어 글판 D 해봅니다,입문뉴비 메사이어 글판 D 해봅니다,,,buy,구매,1,,,missing,unknown,unknown,unknown,,active,needs_review,needs_review,희망가 미기재,missing,no,no,입문뉴비 메사이어 글판 D 구매해봅니다
df9b9950ba86a9a537355c54,vg,뱅가드,2026-08,2026-08-06T23:31:42+09:00,known,1760b7d1f4216a8b37a8b9e9,df9b9950ba86a9a537355c54,581363,https://m.dcinside.com/board/vg/581363,입문뉴비 메사이어 글판 D 구매해봅니다,seller-96b61418e93098adac6c2635,ㅇㅇ,guest,입문뉴비 메사이어 글판 D 해봅니다,입문뉴비 메사이어 글판 D 해봅니다,입문뉴비 메사이어 글판 D 해봅니다,,,buy,구매,1,,,missing,unknown,unknown,unknown,,active,needs_review,needs_review,희망가 미기재,missing,no,no,입문뉴비 메사이어 글판 D 구매해봅니다
4d3ef486f0e499633063974e,vg,뱅가드,2026-08,2026-08-07T10:39:29+09:00,known,7dd3991bcdc8f51922757f0d,4d3ef486f0e499633063974e,581434,https://m.dcinside.com/board/vg/581434,브렌트 신규 드트 삽니다(예약중),seller-81d0364a872b647393edf39e,ㅇㅇ,guest,,,,,,buy,구매,3,4.5,45000,estimated,per_quantity,text,unknown,,reserved,context_only,needs_review,"가격 단위 추정, 배송비 포함 여부 미확정, 카드명 확인 필요, 예약·홀딩 글 · 현재 매물 제외, 복수 수량 총액 · 카드 1장 가격 아님",estimated,no,no,3장 4.5
9881d9261301b31682cf8751,vg,뱅가드,2026-08,2026-08-07T10:39:29+09:00,known,11fd1e9944352e8512002ef1,9881d9261301b31682cf8751,581434,https://m.dcinside.com/board/vg/581434,브렌트 신규 드트 삽니다(예약중),seller-3f9c8c76aac486aff0b942f5,ㅇㅇ,guest,,,,,,buy,구매,3,4.5,45000,estimated,per_quantity,text,unknown,,reserved,context_only,needs_review,"가격 단위 추정, 배송비 포함 여부 미확정, 카드명 확인 필요, 예약·홀딩 글 · 현재 매물 제외, 복수 수량 총액 · 카드 1장 가격 아님",estimated,no,no,3장 4.5
9b5c2a41d506d61c87df7db4,vg,뱅가드,2026-08,2026-08-07T10:39:29+09:00,known,9f5638ce0f135815584e27d2,9b5c2a41d506d61c87df7db4,581434,https://m.dcinside.com/board/vg/581434,브렌트 신규 드트 삽니다(예약중),seller-5a123ed6e89c108908cd2c94,ㅇㅇ,guest,,,,,,buy,구매,3,4.5,45000,estimated,per_quantity,text,unknown,,reserved,context_only,needs_review,"가격 단위 추정, 배송비 포함 여부 미확정, 카드명 확인 필요, 예약·홀딩 글 · 현재 매물 제외, 복수 수량 총액 · 카드 1장 가격 아님",estimated,no,no,3장 4.5
23824f87758881495341c64b,vg,뱅가드,2026-08,2026-08-07T11:16:19+09:00,known,2924fabd28ce9694a3c77388,23824f87758881495341c64b,581461,https://m.dcinside.com/board/vg/581461,닌룡 헤니에이트라크 fr 2장 구매합니다,seller-ea52d495b073b191045c5eda,세줄일기장,registered,,장당,장당,,,buy,구매,1,0.5,5000,estimated,per_card,text,unknown,,active,needs_review,needs_review,"가격 단위 추정, 배송비 포함 여부 미확정",estimated,yes,candidate_estimated,장당 0.5에 2장 구매합니다
9f5c211bab4d462e568e2c58,vg,뱅가드,2026-08,2026-08-07T11:16:19+09:00,known,ec14a23d1f8ae9a1ad909c26,9f5c211bab4d462e568e2c58,581461,https://m.dcinside.com/board/vg/581461,닌룡 헤니에이트라크 fr 2장 구매합니다,seller-ea52d495b073b191045c5eda,세줄일기장,registered,,장당,장당,,,buy,구매,1,0.5,5000,estimated,per_card,text,unknown,,active,needs_review,needs_review,"가격 단위 추정, 배송비 포함 여부 미확정",estimated,yes,candidate_estimated,장당 0.5에 2장 구매합니다
ae24509ff87c367dfd6da59d,vg,뱅가드,2026-08,2026-08-07T11:16:19+09:00,known,1dc6c9a23b294adb7c78a33e,ae24509ff87c367dfd6da59d,581461,https://m.dcinside.com/board/vg/581461,닌룡 헤니에이트라크 fr 2장 구매합니다,seller-ea52d495b073b191045c5eda,세줄일기장,registered,,장당,장당,,,buy,구매,1,0.5,5000,estimated,per_card,text,unknown,,active,needs_review,needs_review,"가격 단위 추정, 배송비 포함 여부 미확정",estimated,yes,candidate_estimated,장당 0.5에 2장 구매합니다
cca64507d077905c24d27f31,vg,뱅가드,2026-08,2026-08-07T11:16:19+09:00,known,c0a1f2d87fb423e298bedb56,cca64507d077905c24d27f31,581461,https://m.dcinside.com/board/vg/581461,닌룡 헤니에이트라크 fr 2장 구매합니다,seller-ea52d495b073b191045c5eda,세줄일기장,registered,,장당,장당,,,buy,구매,1,0.5,5000,estimated,per_card,text,unknown,,active,needs_review,needs_review,"가격 단위 추정, 배송비 포함 여부 미확정",estimated,yes,candidate_estimated,장당 0.5에 2장 구매합니다
03f1feace822dfe7af6f0181,vg,뱅가드,2026-08,2026-08-07T16:08:52+09:00,known,f79b7ce1ddc11a31aa14ef3f,03f1feace822dfe7af6f0181,581583,https://m.dcinside.com/board/vg/581583?page=44,일d) 신디 없는 바가반 소스 30에 삽니다.,seller-2a28271fdeddfef3a10b8e11,곽길룡,registered,스엔디,스엔디,스엔디,,,buy,구매,1,1,10000,estimated,per_card,text,unknown,,active,needs_review,needs_review,"가격 단위 추정, 배송비 포함 여부 미확정",estimated,yes,candidate_estimated,스엔디 1
0d4b460a8fe5cc557098249d,vg,뱅가드,2026-08,2026-08-07T16:08:52+09:00,known,f79b7ce1ddc11a31aa14ef3f,0d4b460a8fe5cc557098249d,581583,https://m.dcinside.com/board/vg/581583?page=44,일d) 신디 없는 바가반 소스 30에 삽니다.,seller-2a28271fdeddfef3a10b8e11,곽길룡,registered,난디카,난디카,난디카,,,buy,구매,1,1,10000,estimated,per_card,text,unknown,,active,needs_review,needs_review,"가격 단위 추정, 배송비 포함 여부 미확정",estimated,yes,candidate_estimated,난디카 1
125a9e4cf304e3a3e0a81fe7,vg,뱅가드,2026-08,2026-08-07T16:08:52+09:00,known,d94426f47625b01e1cb14962,125a9e4cf304e3a3e0a81fe7,581583,https://m.dcinside.com/board/vg/581583,일d) 신디 없는 바가반 소스 30에 삽니다.,seller-e335d288f59ae3128f62a775,곽길룡,guest,빌즈,빌즈,빌즈,,,buy,구매,1,1,10000,estimated,per_card,text,unknown,,active,needs_review,needs_review,"가격 단위 추정, 배송비 포함 여부 미확정",estimated,yes,candidate_estimated,빌즈 1
20b1d5dba6d95bf9f530f290,vg,뱅가드,2026-08,2026-08-07T16:08:52+09:00,known,f79b7ce1ddc11a31aa14ef3f,20b1d5dba6d95bf9f530f290,581583,https://m.dcinside.com/board/vg/581583?page=44,일d) 신디 없는 바가반 소스 30에 삽니다.,seller-2a28271fdeddfef3a10b8e11,곽길룡,registered,빌즈,빌즈,빌즈,,,buy,구매,1,1,10000,estimated,per_card,text,unknown,,active,needs_review,needs_review,"가격 단위 추정, 배송비 포함 여부 미확정",estimated,yes,candidate_estimated,빌즈 1
21e1cc068a6f0214e971c55a,vg,뱅가드,2026-08,2026-08-07T16:08:52+09:00,known,d94426f47625b01e1cb14962,21e1cc068a6f0214e971c55a,581583,https://m.dcinside.com/board/vg/581583,일d) 신디 없는 바가반 소스 30에 삽니다.,seller-e335d288f59ae3128f62a775,곽길룡,guest,아파라지아,아파라지아,아파라지아,,,buy,구매,1,4,40000,estimated,per_card,text,unknown,,active,needs_review,needs_review,"가격 단위 추정, 배송비 포함 여부 미확정",estimated,yes,candidate_estimated,아파라지아 4
2a622277577ee0bd366561c6,vg,뱅가드,2026-08,2026-08-07T16:08:52+09:00,known,9b2b308210f35a8c175258dd,2a622277577ee0bd366561c6,581583,https://m.dcinside.com/board/vg/581583,일d) 신디 없는 바가반 소스 30에 삽니다.,seller-ada0d7df004259446a1a29cf,곽길룡,guest,스트라,스트라,스트라,,,buy,구매,1,2,20000,estimated,per_card,text,unknown,,active,needs_review,needs_review,"가격 단위 추정, 배송비 포함 여부 미확정",estimated,yes,candidate_estimated,스트라 2
42d99c65c5c092f1679627d9,vg,뱅가드,2026-08,2026-08-07T16:08:52+09:00,known,9b2b308210f35a8c175258dd,42d99c65c5c092f1679627d9,581583,https://m.dcinside.com/board/vg/581583,일d) 신디 없는 바가반 소스 30에 삽니다.,seller-ada0d7df004259446a1a29cf,곽길룡,guest,아파라지아,아파라지아,아파라지아,,,buy,구매,1,4,40000,estimated,per_card,text,unknown,,active,needs_review,needs_review,"가격 단위 추정, 배송비 포함 여부 미확정",estimated,yes,candidate_estimated,아파라지아 4
46fb848128838cabe2a9d24f,vg,뱅가드,2026-08,2026-08-07T16:08:52+09:00,known,8080f7f402a3d4102a07e2cc,46fb848128838cabe2a9d24f,581583,https://m.dcinside.com/board/vg/581583,일d) 신디 없는 바가반 소스 30에 삽니다.,seller-80e24421546d26b7d3cdaa82,곽길룡,guest,아르스,아르스,아르스,,,buy,구매,1,1,10000,estimated,per_card,text,unknown,,active,needs_review,needs_review,"가격 단위 추정, 배송비 포함 여부 미확정",estimated,yes,candidate_estimated,아르스 1
52efc511c8d27e382af838f0,vg,뱅가드,2026-08,2026-08-07T16:08:52+09:00,known,9b2b308210f35a8c175258dd,52efc511c8d27e382af838f0,581583,https://m.dcinside.com/board/vg/581583,일d) 신디 없는 바가반 소스 30에 삽니다.,seller-ada0d7df004259446a1a29cf,곽길룡,guest,알그네아스,알그네아스,알그네아스,,,buy,구매,1,2,20000,estimated,per_card,text,unknown,,active,needs_review,needs_review,"가격 단위 추정, 배송비 포함 여부 미확정",estimated,yes,candidate_estimated,알그네아스 2
53f83a338b39eead10430ef9,vg,뱅가드,2026-08,2026-08-07T16:08:52+09:00,known,8080f7f402a3d4102a07e2cc,53f83a338b39eead10430ef9,581583,https://m.dcinside.com/board/vg/581583,일d) 신디 없는 바가반 소스 30에 삽니다.,seller-80e24421546d26b7d3cdaa82,곽길룡,guest,난디카,난디카,난디카,,,buy,구매,1,1,10000,estimated,per_card,text,unknown,,active,needs_review,needs_review,"가격 단위 추정, 배송비 포함 여부 미확정",estimated,yes,candidate_estimated,난디카 1
5ccab6a87d2dc07ab10d656d,vg,뱅가드,2026-08,2026-08-07T16:08:52+09:00,known,8080f7f402a3d4102a07e2cc,5ccab6a87d2dc07ab10d656d,581583,https://m.dcinside.com/board/vg/581583,일d) 신디 없는 바가반 소스 30에 삽니다.,seller-80e24421546d26b7d3cdaa82,곽길룡,guest,스트라,스트라,스트라,,,buy,구매,1,2,20000,estimated,per_card,text,unknown,,active,needs_review,needs_review,"가격 단위 추정, 배송비 포함 여부 미확정",estimated,yes,candidate_estimated,스트라 2
5ffaf29128eeff443efd2f93,vg,뱅가드,2026-08,2026-08-07T16:08:52+09:00,known,d94426f47625b01e1cb14962,5ffaf29128eeff443efd2f93,581583,https://m.dcinside.com/board/vg/581583,일d) 신디 없는 바가반 소스 30에 삽니다.,seller-e335d288f59ae3128f62a775,곽길룡,guest,스트라,스트라,스트라,,,buy,구매,1,2,20000,estimated,per_card,text,unknown,,active,needs_review,needs_review,"가격 단위 추정, 배송비 포함 여부 미확정",estimated,yes,candidate_estimated,스트라 2
623f964589945a7e4b83e8ca,vg,뱅가드,2026-08,2026-08-07T16:08:52+09:00,known,f79b7ce1ddc11a31aa14ef3f,623f964589945a7e4b83e8ca,581583,https://m.dcinside.com/board/vg/581583?page=44,일d) 신디 없는 바가반 소스 30에 삽니다.,seller-2a28271fdeddfef3a10b8e11,곽길룡,registered,스트라,스트라,스트라,,,buy,구매,1,2,20000,estimated,per_card,text,unknown,,active,needs_review,needs_review,"가격 단위 추정, 배송비 포함 여부 미확정",estimated,yes,candidate_estimated,스트라 2
7796cf39850f9e5a2ad8df60,vg,뱅가드,2026-08,2026-08-07T16:08:52+09:00,known,9b2b308210f35a8c175258dd,7796cf39850f9e5a2ad8df60,581583,https://m.dcinside.com/board/vg/581583,일d) 신디 없는 바가반 소스 30에 삽니다.,seller-ada0d7df004259446a1a29cf,곽길룡,guest,난디카,난디카,난디카,,,buy,구매,1,1,10000,estimated,per_card,text,unknown,,active,needs_review,needs_review,"가격 단위 추정, 배송비 포함 여부 미확정",estimated,yes,candidate_estimated,난디카 1
8bbfcab1001f976a5e6cfd7c,vg,뱅가드,2026-08,2026-08-07T16:08:52+09:00,known,9b2b308210f35a8c175258dd,8bbfcab1001f976a5e6cfd7c,581583,https://m.dcinside.com/board/vg/581583,일d) 신디 없는 바가반 소스 30에 삽니다.,seller-ada0d7df004259446a1a29cf,곽길룡,guest,스엔디,스엔디,스엔디,,,buy,구매,1,1,10000,estimated,per_card,text,unknown,,active,needs_review,needs_review,"가격 단위 추정, 배송비 포함 여부 미확정",estimated,yes,candidate_estimated,스엔디 1
8ed5e443581c001e08ca4726,vg,뱅가드,2026-08,2026-08-07T16:08:52+09:00,known,9b2b308210f35a8c175258dd,8ed5e443581c001e08ca4726,581583,https://m.dcinside.com/board/vg/581583,일d) 신디 없는 바가반 소스 30에 삽니다.,seller-ada0d7df004259446a1a29cf,곽길룡,guest,아르스,아르스,아르스,,,buy,구매,1,1,10000,estimated,per_card,text,unknown,,active,needs_review,needs_review,"가격 단위 추정, 배송비 포함 여부 미확정",estimated,yes,candidate_estimated,아르스 1
936674184160967192b6d2c7,vg,뱅가드,2026-08,2026-08-07T16:08:52+09:00,known,8080f7f402a3d4102a07e2cc,936674184160967192b6d2c7,581583,https://m.dcinside.com/board/vg/581583,일d) 신디 없는 바가반 소스 30에 삽니다.,seller-80e24421546d26b7d3cdaa82,곽길룡,guest,스엔디,스엔디,스엔디,,,buy,구매,1,1,10000,estimated,per_card,text,unknown,,active,needs_review,needs_review,"가격 단위 추정, 배송비 포함 여부 미확정",estimated,yes,candidate_estimated,스엔디 1
9b830a279e8605542f88e2a6,vg,뱅가드,2026-08,2026-08-07T16:08:52+09:00,known,8080f7f402a3d4102a07e2cc,9b830a279e8605542f88e2a6,581583,https://m.dcinside.com/board/vg/581583,일d) 신디 없는 바가반 소스 30에 삽니다.,seller-80e24421546d26b7d3cdaa82,곽길룡,guest,알그네아스,알그네아스,알그네아스,,,buy,구매,1,2,20000,estimated,per_card,text,unknown,,active,needs_review,needs_review,"가격 단위 추정, 배송비 포함 여부 미확정",estimated,yes,candidate_estimated,알그네아스 2
9de3c7a96d71016f4ffbb98c,vg,뱅가드,2026-08,2026-08-07T16:08:52+09:00,known,9b2b308210f35a8c175258dd,9de3c7a96d71016f4ffbb98c,581583,https://m.dcinside.com/board/vg/581583,일d) 신디 없는 바가반 소스 30에 삽니다.,seller-ada0d7df004259446a1a29cf,곽길룡,guest,빌즈,빌즈,빌즈,,,buy,구매,1,1,10000,estimated,per_card,text,unknown,,active,needs_review,needs_review,"가격 단위 추정, 배송비 포함 여부 미확정",estimated,yes,candidate_estimated,빌즈 1
a3990f343eb8b6dad80e5734,vg,뱅가드,2026-08,2026-08-07T16:08:52+09:00,known,f79b7ce1ddc11a31aa14ef3f,a3990f343eb8b6dad80e5734,581583,https://m.dcinside.com/board/vg/581583?page=44,일d) 신디 없는 바가반 소스 30에 삽니다.,seller-2a28271fdeddfef3a10b8e11,곽길룡,registered,아르스,아르스,아르스,,,buy,구매,1,1,10000,estimated,per_card,text,unknown,,active,needs_review,needs_review,"가격 단위 추정, 배송비 포함 여부 미확정",estimated,yes,candidate_estimated,아르스 1
ac73b75e2f00a2c98c9b21b5,vg,뱅가드,2026-08,2026-08-07T16:08:52+09:00,known,d94426f47625b01e1cb14962,ac73b75e2f00a2c98c9b21b5,581583,https://m.dcinside.com/board/vg/581583,일d) 신디 없는 바가반 소스 30에 삽니다.,seller-e335d288f59ae3128f62a775,곽길룡,guest,스엔디,스엔디,스엔디,,,buy,구매,1,1,10000,estimated,per_card,text,unknown,,active,needs_review,needs_review,"가격 단위 추정, 배송비 포함 여부 미확정",estimated,yes,candidate_estimated,스엔디 1
c019d257f14852e0256a9d0f,vg,뱅가드,2026-08,2026-08-07T16:08:52+09:00,known,d94426f47625b01e1cb14962,c019d257f14852e0256a9d0f,581583,https://m.dcinside.com/board/vg/581583,일d) 신디 없는 바가반 소스 30에 삽니다.,seller-e335d288f59ae3128f62a775,곽길룡,guest,알그네아스,알그네아스,알그네아스,,,buy,구매,1,2,20000,estimated,per_card,text,unknown,,active,needs_review,needs_review,"가격 단위 추정, 배송비 포함 여부 미확정",estimated,yes,candidate_estimated,알그네아스 2
c31d0101308dd9597114bd04,vg,뱅가드,2026-08,2026-08-07T16:08:52+09:00,known,8080f7f402a3d4102a07e2cc,c31d0101308dd9597114bd04,581583,https://m.dcinside.com/board/vg/581583,일d) 신디 없는 바가반 소스 30에 삽니다.,seller-80e24421546d26b7d3cdaa82,곽길룡,guest,아파라지아,아파라지아,아파라지아,,,buy,구매,1,4,40000,estimated,per_card,text,unknown,,active,needs_review,needs_review,"가격 단위 추정, 배송비 포함 여부 미확정",estimated,yes,candidate_estimated,아파라지아 4
d1c6d3948959d9e607dc4e68,vg,뱅가드,2026-08,2026-08-07T16:08:52+09:00,known,d94426f47625b01e1cb14962,d1c6d3948959d9e607dc4e68,581583,https://m.dcinside.com/board/vg/581583,일d) 신디 없는 바가반 소스 30에 삽니다.,seller-e335d288f59ae3128f62a775,곽길룡,guest,아르스,아르스,아르스,,,buy,구매,1,1,10000,estimated,per_card,text,unknown,,active,needs_review,needs_review,"가격 단위 추정, 배송비 포함 여부 미확정",estimated,yes,candidate_estimated,아르스 1
d7b8e46ac6ff9d6753c40bcd,vg,뱅가드,2026-08,2026-08-07T16:08:52+09:00,known,8080f7f402a3d4102a07e2cc,d7b8e46ac6ff9d6753c40bcd,581583,https://m.dcinside.com/board/vg/581583,일d) 신디 없는 바가반 소스 30에 삽니다.,seller-80e24421546d26b7d3cdaa82,곽길룡,guest,빌즈,빌즈,빌즈,,,buy,구매,1,1,10000,estimated,per_card,text,unknown,,active,needs_review,needs_review,"가격 단위 추정, 배송비 포함 여부 미확정",estimated,yes,candidate_estimated,빌즈 1
ee5b50616bd688ce502ee2e6,vg,뱅가드,2026-08,2026-08-07T16:08:52+09:00,known,f79b7ce1ddc11a31aa14ef3f,ee5b50616bd688ce502ee2e6,581583,https://m.dcinside.com/board/vg/581583?page=44,일d) 신디 없는 바가반 소스 30에 삽니다.,seller-2a28271fdeddfef3a10b8e11,곽길룡,registered,아파라지아,아파라지아,아파라지아,,,buy,구매,1,4,40000,estimated,per_card,text,unknown,,active,needs_review,needs_review,"가격 단위 추정, 배송비 포함 여부 미확정",estimated,yes,candidate_estimated,아파라지아 4
febbc6252e35ff5ec56fb007,vg,뱅가드,2026-08,2026-08-07T16:08:52+09:00,known,d94426f47625b01e1cb14962,febbc6252e35ff5ec56fb007,581583,https://m.dcinside.com/board/vg/581583,일d) 신디 없는 바가반 소스 30에 삽니다.,seller-e335d288f59ae3128f62a775,곽길룡,guest,난디카,난디카,난디카,,,buy,구매,1,1,10000,estimated,per_card,text,unknown,,active,needs_review,needs_review,"가격 단위 추정, 배송비 포함 여부 미확정",estimated,yes,candidate_estimated,난디카 1
fecdeedbfce1cee5305d9ced,vg,뱅가드,2026-08,2026-08-07T16:08:52+09:00,known,f79b7ce1ddc11a31aa14ef3f,fecdeedbfce1cee5305d9ced,581583,https://m.dcinside.com/board/vg/581583?page=44,일d) 신디 없는 바가반 소스 30에 삽니다.,seller-2a28271fdeddfef3a10b8e11,곽길룡,registered,알그네아스,알그네아스,알그네아스,,,buy,구매,1,2,20000,estimated,per_card,text,unknown,,active,needs_review,needs_review,"가격 단위 추정, 배송비 포함 여부 미확정",estimated,yes,candidate_estimated,알그네아스 2
05bfa44cdf26c823f5cb3e9e,vg,뱅가드,2026-08,2026-08-07T16:14:32+09:00,known,1ac6c58b798c2227e02dd089,05bfa44cdf26c823f5cb3e9e,581587,https://m.dcinside.com/board/vg/581587?page=44,리아논 팬텀 sr삽니다,seller-98e34b8088cfe4f12d87b95f,Rin14,registered,리아논 팬텀 sr,리아논 팬텀 sr,리아논 팬텀 sr,,,buy,구매,3,,,missing,unknown,unknown,unknown,,active,needs_review,needs_review,희망가 미기재,missing,no,no,리아논 팬텀 sr삽니다
4003f5e1b8ff93f71e69601e,vg,뱅가드,2026-08,2026-08-07T16:14:32+09:00,known,d85699efb695505b1547cb4c,4003f5e1b8ff93f71e69601e,581587,https://m.dcinside.com/board/vg/581587,리아논 팬텀 sr삽니다,seller-98e34b8088cfe4f12d87b95f,Rin14,registered,리아논 팬텀 sr,리아논 팬텀 sr,리아논 팬텀 sr,,,buy,구매,3,,,missing,unknown,unknown,unknown,,active,needs_review,needs_review,희망가 미기재,missing,no,no,리아논 팬텀 sr삽니다
9cf0a133c463ea1779476161,vg,뱅가드,2026-08,2026-08-07T16:14:32+09:00,known,05d02b21e807ac322a83b913,9cf0a133c463ea1779476161,581587,https://m.dcinside.com/board/vg/581587,리아논 팬텀 sr삽니다,seller-98e34b8088cfe4f12d87b95f,Rin14,registered,리아논 팬텀 sr,리아논 팬텀 sr,리아논 팬텀 sr,,,buy,구매,3,,,missing,unknown,unknown,unknown,,active,needs_review,needs_review,희망가 미기재,missing,no,no,리아논 팬텀 sr삽니다
c4a7753d15ac2ea34949feab,vg,뱅가드,2026-08,2026-08-07T16:14:32+09:00,known,8baf20cd53bc3e749a75e8b4,c4a7753d15ac2ea34949feab,581587,https://m.dcinside.com/board/vg/581587,리아논 팬텀 sr삽니다,seller-98e34b8088cfe4f12d87b95f,Rin14,registered,리아논 팬텀 sr,리아논 팬텀 sr,리아논 팬텀 sr,,,buy,구매,3,,,missing,unknown,unknown,unknown,,active,needs_review,needs_review,희망가 미기재,missing,no,no,리아논 팬텀 sr삽니다
611591ce2140d311833330ed,vg,뱅가드,2026-08,2026-08-07T19:55:58+09:00,known,9f41e8c8cc76922011496869,611591ce2140d311833330ed,581696,https://m.dcinside.com/board/vg/581696,"일d 리아논 팬텀 소스, 카르가프란 구합니다",seller-299a056cc1fb2e88dac6c05e,HB_HB,registered,리아논 소스,리아논 소스,리아논 소스,,,buy,구매,1,3,30000,estimated,bundle,text,unknown,,active,needs_review,needs_review,"가격 단위 추정, 배송비 포함 여부 미확정, 묶음·세트 총액 · 개별 카드 가격 아님",estimated,no,no,리아논 소스 3
a4f42621450487d5e69c35fb,vg,뱅가드,2026-08,2026-08-07T19:55:58+09:00,known,2b530b2bb3c5568c36016476,a4f42621450487d5e69c35fb,581696,https://m.dcinside.com/board/vg/581696,"일d 리아논 팬텀 소스, 카르가프란 구합니다",seller-299a056cc1fb2e88dac6c05e,HB_HB,registered,리아논 소스,리아논 소스,리아논 소스,,,buy,구매,1,3,30000,estimated,bundle,text,unknown,,active,needs_review,needs_review,"가격 단위 추정, 배송비 포함 여부 미확정, 묶음·세트 총액 · 개별 카드 가격 아님",estimated,no,no,리아논 소스 3
b064ae5701912b01ab6646cb,vg,뱅가드,2026-08,2026-08-07T19:55:58+09:00,known,c73d0653bd13e8962901532c,b064ae5701912b01ab6646cb,581696,https://m.dcinside.com/board/vg/581696,"일d 리아논 팬텀 소스, 카르가프란 구합니다",seller-299a056cc1fb2e88dac6c05e,HB_HB,registered,리아논 소스,리아논 소스,리아논 소스,,,buy,구매,1,3,30000,estimated,bundle,text,unknown,,active,needs_review,needs_review,"가격 단위 추정, 배송비 포함 여부 미확정, 묶음·세트 총액 · 개별 카드 가격 아님",estimated,no,no,리아논 소스 3
fcae5a7a7eb9535e1594e5d4,vg,뱅가드,2026-08,2026-08-07T19:55:58+09:00,known,fd98bb7eabc75c0509321641,fcae5a7a7eb9535e1594e5d4,581696,https://m.dcinside.com/board/vg/581696,"일d 리아논 팬텀 소스, 카르가프란 구합니다",seller-299a056cc1fb2e88dac6c05e,HB_HB,registered,리아논 소스,리아논 소스,리아논 소스,,,buy,구매,1,3,30000,estimated,bundle,text,unknown,,active,needs_review,needs_review,"가격 단위 추정, 배송비 포함 여부 미확정, 묶음·세트 총액 · 개별 카드 가격 아님",estimated,no,no,리아논 소스 3
4d8dcc99c4709b38299efe0a,vg,뱅가드,2026-08,2026-08-07T21:46:57+09:00,known,6ae122f603270fc1ef03eb96,4d8dcc99c4709b38299efe0a,581727,https://m.dcinside.com/board/vg/581727,글D 뱅드림 카드 삽니다,seller-157ca366a74b860c33cade9a,뱅부이,registered,글D 뱅드림 카드,글D 뱅드림 카드,글D 뱅드림 카드,,,buy,구매,2,,,missing,unknown,unknown,unknown,,active,needs_review,needs_review,희망가 미기재,missing,no,no,글D 뱅드림 카드 삽니다
76a0284927e0db5f13c73030,vg,뱅가드,2026-08,2026-08-07T21:46:57+09:00,known,9f57f74040adddda82a56e8b,76a0284927e0db5f13c73030,581727,https://m.dcinside.com/board/vg/581727,글D 뱅드림 카드 삽니다,seller-157ca366a74b860c33cade9a,뱅부이,registered,글D 뱅드림 카드,글D 뱅드림 카드,글D 뱅드림 카드,,,buy,구매,2,,,missing,unknown,unknown,unknown,,active,needs_review,needs_review,희망가 미기재,missing,no,no,글D 뱅드림 카드 삽니다
a1cac034c3b9d9815b2e0c20,vg,뱅가드,2026-08,2026-08-07T21:46:57+09:00,known,5a0194f6221b099be0e4c509,a1cac034c3b9d9815b2e0c20,581727,https://m.dcinside.com/board/vg/581727,글D 뱅드림 카드 삽니다,seller-157ca366a74b860c33cade9a,뱅부이,registered,글D 뱅드림 카드,글D 뱅드림 카드,글D 뱅드림 카드,,,buy,구매,2,,,missing,unknown,unknown,unknown,,active,needs_review,needs_review,희망가 미기재,missing,no,no,글D 뱅드림 카드 삽니다
cb57f27f55330dd057dacb2a,vg,뱅가드,2026-08,2026-08-07T21:46:57+09:00,known,45c2106948e067fe1ee57098,cb57f27f55330dd057dacb2a,581727,https://m.dcinside.com/board/vg/581727,글D 뱅드림 카드 삽니다,seller-157ca366a74b860c33cade9a,뱅부이,registered,글D 뱅드림 카드,글D 뱅드림 카드,글D 뱅드림 카드,,,buy,구매,2,,,missing,unknown,unknown,unknown,,active,needs_review,needs_review,희망가 미기재,missing,no,no,글D 뱅드림 카드 삽니다
005aa921d49f4c8ba4d9790a,vg,뱅가드,2026-08,2026-08-07T23:53:51+09:00,known,8f4c1a588804b32b39ebeaaa,005aa921d49f4c8ba4d9790a,581760,https://m.dcinside.com/board/vg/581760,리아논팬텀 뱅 sr 구매합니다,seller-98e34b8088cfe4f12d87b95f,Rin14,registered,리아논팬텀 뱅 sr,리아논팬텀 뱅 sr,리아논팬텀 뱅 sr,,,buy,구매,3,,,missing,unknown,unknown,unknown,,active,needs_review,needs_review,희망가 미기재,missing,no,no,리아논팬텀 뱅 sr 구매합니다
09a0f71554f0022a35d93b7f,vg,뱅가드,2026-08,2026-08-07T23:53:51+09:00,known,d6a5d214b70271cf2cba199d,09a0f71554f0022a35d93b7f,581760,https://m.dcinside.com/board/vg/581760,리아논팬텀 뱅 sr 구매합니다,seller-98e34b8088cfe4f12d87b95f,Rin14,registered,리아논팬텀 뱅 sr,리아논팬텀 뱅 sr,리아논팬텀 뱅 sr,,,buy,구매,3,,,missing,unknown,unknown,unknown,,active,needs_review,needs_review,희망가 미기재,missing,no,no,리아논팬텀 뱅 sr 구매합니다
78122e116a61454d60893a0d,vg,뱅가드,2026-08,2026-08-07T23:53:51+09:00,known,bae4f3948ca0bad2ca3b9537,78122e116a61454d60893a0d,581760,https://m.dcinside.com/board/vg/581760,리아논팬텀 뱅 sr 구매합니다,seller-98e34b8088cfe4f12d87b95f,Rin14,registered,리아논팬텀 뱅 sr,리아논팬텀 뱅 sr,리아논팬텀 뱅 sr,,,buy,구매,3,,,missing,unknown,unknown,unknown,,active,needs_review,needs_review,희망가 미기재,missing,no,no,리아논팬텀 뱅 sr 구매합니다
9511d917b702ffd5091b9df8,vg,뱅가드,2026-08,2026-08-07T23:53:51+09:00,known,02387863b9c54fe79cfa3f66,9511d917b702ffd5091b9df8,581760,https://m.dcinside.com/board/vg/581760,리아논팬텀 뱅 sr 구매합니다,seller-98e34b8088cfe4f12d87b95f,Rin14,registered,리아논팬텀 뱅 sr,리아논팬텀 뱅 sr,리아논팬텀 뱅 sr,,,buy,구매,3,,,missing,unknown,unknown,unknown,,active,needs_review,needs_review,희망가 미기재,missing,no,no,리아논팬텀 뱅 sr 구매합니다
175ae6816c957d8c1c8e21b1,vg,뱅가드,2026-08,2026-08-08T00:02:18+09:00,known,2f2f6337edc2e37c5acfc1b2,175ae6816c957d8c1c8e21b1,581764,https://m.dcinside.com/board/vg/581764,"일d) 리리컬 혁싸 4장, 20프론트 3장 구합니다",seller-99c09b936a5c7110b3addeca,사망플래그,guest,일d 리리컬 혁싸 20프론트,일d 리리컬 혁싸 20프론트,"일d) 리리컬 혁싸 4장, 20프론트 3장",,,buy,구매,1,,,missing,unknown,unknown,unknown,,active,needs_review,needs_review,희망가 미기재,missing,no,no,"일d) 리리컬 혁싸 4장, 20프론트 3장 구합니다"
4eec435c1f4c5b47905fbaeb,vg,뱅가드,2026-08,2026-08-08T00:02:18+09:00,known,b7646ce7eeb010fa0d3df354,4eec435c1f4c5b47905fbaeb,581764,https://m.dcinside.com/board/vg/581764,"일d) 리리컬 혁싸 4장, 20프론트 3장 구합니다",seller-fbd5a51c5c61095a38a5927b,사망플래그,guest,일d 리리컬 혁싸 20프론트,일d 리리컬 혁싸 20프론트,"일d) 리리컬 혁싸 4장, 20프론트 3장",,,buy,구매,1,,,missing,unknown,unknown,unknown,,active,needs_review,needs_review,희망가 미기재,missing,no,no,"일d) 리리컬 혁싸 4장, 20프론트 3장 구합니다"
8f9494488350acc24cd476ac,vg,뱅가드,2026-08,2026-08-08T00:02:18+09:00,known,31781ac97d6fbb9d3a6a80a3,8f9494488350acc24cd476ac,581764,https://m.dcinside.com/board/vg/581764,"일d) 리리컬 혁싸 4장, 20프론트 3장 구합니다",seller-3730039392c7aa7472127625,사망플래그,guest,일d 리리컬 혁싸 20프론트,일d 리리컬 혁싸 20프론트,"일d) 리리컬 혁싸 4장, 20프론트 3장",,,buy,구매,1,,,missing,unknown,unknown,unknown,,active,needs_review,needs_review,희망가 미기재,missing,no,no,"일d) 리리컬 혁싸 4장, 20프론트 3장 구합니다"
ac4a324867455f3383dff831,vg,뱅가드,2026-08,2026-08-08T00:02:18+09:00,known,bde292b52b0fb16f6d2f8db7,ac4a324867455f3383dff831,581764,https://m.dcinside.com/board/vg/581764,"일d) 리리컬 혁싸 4장, 20프론트 3장 구합니다",seller-e775e9818e97023c4cc81d17,사망플래그,guest,일d 리리컬 혁싸 20프론트,일d 리리컬 혁싸 20프론트,"일d) 리리컬 혁싸 4장, 20프론트 3장",,,buy,구매,1,,,missing,unknown,unknown,unknown,,active,needs_review,needs_review,희망가 미기재,missing,no,no,"일d) 리리컬 혁싸 4장, 20프론트 3장 구합니다"
17415c88e935ddc2fc271fbf,vg,뱅가드,2026-08,2026-08-08T00:48:26+09:00,known,2403689fc7d47703e20066e5,17415c88e935ddc2fc271fbf,581780,https://m.dcinside.com/board/vg/581780,일 선학룡 팔고 리리컬 혁싸 혁월광 엘딜 등 삼,seller-a917fb63ba8730ab8cc5ee3d,애기감자,registered,선학룡 Sr,선학룡 Sr,선학룡 Sr,,,buy,구매,2,9,90000,estimated,per_quantity,text,unknown,,active,needs_review,needs_review,"가격 단위 추정, 배송비 포함 여부 미확정, 복수 수량 총액 · 카드 1장 가격 아님",estimated,no,no,선학룡 Sr 2장 9
886a41b60810676c829e94ab,vg,뱅가드,2026-08,2026-08-08T00:48:26+09:00,known,e04a9014be60af79aa97e1ce,886a41b60810676c829e94ab,581780,https://m.dcinside.com/board/vg/581780,일 선학룡 팔고 리리컬 혁싸 혁월광 엘딜 등 삼,seller-a917fb63ba8730ab8cc5ee3d,애기감자,registered,선학룡 Sr,선학룡 Sr,선학룡 Sr,,,buy,구매,2,9,90000,estimated,per_quantity,text,unknown,,active,needs_review,needs_review,"가격 단위 추정, 배송비 포함 여부 미확정, 복수 수량 총액 · 카드 1장 가격 아님",estimated,no,no,선학룡 Sr 2장 9
a7ec059473d19f5c4d42390c,vg,뱅가드,2026-08,2026-08-08T00:48:26+09:00,known,dd822f2b492f5ac7e81b615e,a7ec059473d19f5c4d42390c,581780,https://m.dcinside.com/board/vg/581780,일 선학룡 팔고 리리컬 혁싸 혁월광 엘딜 등 삼,seller-a917fb63ba8730ab8cc5ee3d,애기감자,registered,선학룡 Sr,선학룡 Sr,선학룡 Sr,,,buy,구매,2,9,90000,estimated,per_quantity,text,unknown,,active,needs_review,needs_review,"가격 단위 추정, 배송비 포함 여부 미확정, 복수 수량 총액 · 카드 1장 가격 아님",estimated,no,no,선학룡 Sr 2장 9
cd959f686e8d37506827076d,vg,뱅가드,2026-08,2026-08-08T00:48:26+09:00,known,8fbbf6eee59df82d1ed0b66d,cd959f686e8d37506827076d,581780,https://m.dcinside.com/board/vg/581780,일 선학룡 팔고 리리컬 혁싸 혁월광 엘딜 등 삼,seller-a917fb63ba8730ab8cc5ee3d,애기감자,registered,선학룡 Sr,선학룡 Sr,선학룡 Sr,,,buy,구매,2,9,90000,estimated,per_quantity,text,unknown,,active,needs_review,needs_review,"가격 단위 추정, 배송비 포함 여부 미확정, 복수 수량 총액 · 카드 1장 가격 아님",estimated,no,no,선학룡 Sr 2장 9
0b6b62677d3e4f26b37338ec,vg,뱅가드,2026-08,2026-08-08T02:21:47+09:00,known,9f22f8ae5c2e8600589eb20a,0b6b62677d3e4f26b37338ec,581797,https://m.dcinside.com/board/vg/581797,벨스 팬텀 ffr 구해요,seller-f68b048ddd76fb300cc793f3,키요쿠라타이조,guest,,장당,장당,,,buy,구매,1,1.5,15000,estimated,per_card,text,unknown,,active,needs_review,needs_review,"가격 단위 추정, 배송비 포함 여부 미확정",estimated,yes,candidate_estimated,장당 1.5에 구합니다 흥정 가능
20a91378c3af08ce1de13757,vg,뱅가드,2026-08,2026-08-08T02:21:47+09:00,known,45b7216f0f86d9a94b161206,20a91378c3af08ce1de13757,581797,https://m.dcinside.com/board/vg/581797,벨스 팬텀 ffr 구해요,seller-e680d53db4c812f8bce19351,키요쿠라타이조,guest,,장당,장당,,,buy,구매,1,1.5,15000,estimated,per_card,text,unknown,,active,needs_review,needs_review,"가격 단위 추정, 배송비 포함 여부 미확정",estimated,yes,candidate_estimated,장당 1.5에 구합니다 흥정 가능
8bf43018cc96de6a97bc7911,vg,뱅가드,2026-08,2026-08-08T02:21:47+09:00,known,a62f449389f301cfbccda130,8bf43018cc96de6a97bc7911,581797,https://m.dcinside.com/board/vg/581797,벨스 팬텀 ffr 구해요,seller-6abebd14da3b9baef630b115,키요쿠라타이조,guest,,장당,장당,,,buy,구매,1,1.5,15000,estimated,per_card,text,unknown,,active,needs_review,needs_review,"가격 단위 추정, 배송비 포함 여부 미확정",estimated,yes,candidate_estimated,장당 1.5에 구합니다 흥정 가능
abde0d32d25b3a7213200bbb,vg,뱅가드,2026-08,2026-08-08T02:21:47+09:00,known,6f88ce7ff936cadf8f000ddc,abde0d32d25b3a7213200bbb,581797,https://m.dcinside.com/board/vg/581797,벨스 팬텀 ffr 구해요,seller-7feea14aa8de7804a8c94f79,키요쿠라타이조,guest,,장당,장당,,,buy,구매,1,1.5,15000,estimated,per_card,text,unknown,,active,needs_review,needs_review,"가격 단위 추정, 배송비 포함 여부 미확정",estimated,yes,candidate_estimated,장당 1.5에 구합니다 흥정 가능
02727786fe90692c3725974f,vg,뱅가드,2026-08,2026-08-08T18:21:24+09:00,known,2918077a1ce95cb33dd335fa,02727786fe90692c3725974f,581888,https://m.dcinside.com/board/vg/581888,일판 구합니다,seller-c2cd00c320e76607b421c338,Ryu0712,guest,에너지 제너레이터 + 에너지 카운터or 에너지,에너지 제너레이터 + 에너지 카운터or 에너지,에너지 제너레이터 + 에너지 카운터or 에너지,,,buy,구매,10,0.5,5000,estimated,bundle,text,unknown,,active,needs_review,needs_review,"가격 단위 추정, 복수 카드 가격, 배송비 포함 여부 미확정, 묶음·세트 총액 · 개별 카드 가격 아님",estimated,no,no,에너지 제너레이터 + 에너지 카운터or 에너지 10장 0.5
0f2b1d52d126a6ed46b8efcc,vg,뱅가드,2026-08,2026-08-08T18:21:24+09:00,known,78233a638a8e5d4930b6567e,0f2b1d52d126a6ed46b8efcc,581888,https://m.dcinside.com/board/vg/581888,일판 구합니다,seller-070d4fbd811326e189f2d8c6,Ryu0712,guest,트윈캐스트,트윈캐스트,트윈캐스트,,,buy,구매,1,1.2,12000,estimated,per_card,text,unknown,,active,needs_review,needs_review,"가격 단위 추정, 배송비 포함 여부 미확정",estimated,yes,candidate_estimated,트윈캐스트 1.2
123cefc749fba4fb2c07de96,vg,뱅가드,2026-08,2026-08-08T18:21:24+09:00,known,2918077a1ce95cb33dd335fa,123cefc749fba4fb2c07de96,581888,https://m.dcinside.com/board/vg/581888,일판 구합니다,seller-c2cd00c320e76607b421c338,Ryu0712,guest,구오절,구오절,구오절,,,buy,구매,1,1.5,15000,estimated,per_card,text,unknown,,active,needs_review,needs_review,"가격 단위 추정, 배송비 포함 여부 미확정",estimated,yes,candidate_estimated,구오절 1.5
1824706be9d149f9f63e4067,vg,뱅가드,2026-08,2026-08-08T18:21:24+09:00,known,300ae0e97c4f13b0e3a52289,1824706be9d149f9f63e4067,581888,https://m.dcinside.com/board/vg/581888,일판 구합니다,seller-9a8d43d540cfc54e48e2977a,Ryu0712,guest,닼스테 오버트리거,닼스테 오버트리거,닼스테 오버트리거,,,buy,구매,1,0.3,3000,estimated,per_card,text,unknown,,active,needs_review,needs_review,"가격 단위 추정, 배송비 포함 여부 미확정",estimated,yes,candidate_estimated,닼스테 오버트리거 0.3
1d70be9236c8f7920982779a,vg,뱅가드,2026-08,2026-08-08T18:21:24+09:00,known,abf94a89d83736971268e00f,1d70be9236c8f7920982779a,581888,https://m.dcinside.com/board/vg/581888,일판 구합니다,seller-3844bccd720cbd677ad5c861,Ryu0712,guest,트윈캐스트,트윈캐스트,트윈캐스트,,,buy,구매,1,1.2,12000,estimated,per_card,text,unknown,,active,needs_review,needs_review,"가격 단위 추정, 배송비 포함 여부 미확정",estimated,yes,candidate_estimated,트윈캐스트 1.2
266bdbb2a30a10ab2abd846c,vg,뱅가드,2026-08,2026-08-08T18:21:24+09:00,known,78233a638a8e5d4930b6567e,266bdbb2a30a10ab2abd846c,581888,https://m.dcinside.com/board/vg/581888,일판 구합니다,seller-070d4fbd811326e189f2d8c6,Ryu0712,guest,닼스테 오버트리거,닼스테 오버트리거,닼스테 오버트리거,,,buy,구매,1,0.3,3000,estimated,per_card,text,unknown,,active,needs_review,needs_review,"가격 단위 추정, 배송비 포함 여부 미확정",estimated,yes,candidate_estimated,닼스테 오버트리거 0.3
2ca1caf6711910910932a58d,vg,뱅가드,2026-08,2026-08-08T18:21:24+09:00,known,abf94a89d83736971268e00f,2ca1caf6711910910932a58d,581888,https://m.dcinside.com/board/vg/581888,일판 구합니다,seller-3844bccd720cbd677ad5c861,Ryu0712,guest,닼스테 오버트리거,닼스테 오버트리거,닼스테 오버트리거,,,buy,구매,1,0.3,3000,estimated,per_card,text,unknown,,active,needs_review,needs_review,"가격 단위 추정, 배송비 포함 여부 미확정",estimated,yes,candidate_estimated,닼스테 오버트리거 0.3
3a228f76459090988bc16a31,vg,뱅가드,2026-08,2026-08-08T18:21:24+09:00,known,78233a638a8e5d4930b6567e,3a228f76459090988bc16a31,581888,https://m.dcinside.com/board/vg/581888,일판 구합니다,seller-070d4fbd811326e189f2d8c6,Ryu0712,guest,에너지 제너레이터 + 에너지 카운터or 에너지,에너지 제너레이터 + 에너지 카운터or 에너지,에너지 제너레이터 + 에너지 카운터or 에너지,,,buy,구매,10,0.5,5000,estimated,bundle,text,unknown,,active,needs_review,needs_review,"가격 단위 추정, 복수 카드 가격, 배송비 포함 여부 미확정, 묶음·세트 총액 · 개별 카드 가격 아님",estimated,no,no,에너지 제너레이터 + 에너지 카운터or 에너지 10장 0.5
43cc5e4b10bf4d728b6cdc84,vg,뱅가드,2026-08,2026-08-08T18:21:24+09:00,known,2918077a1ce95cb33dd335fa,43cc5e4b10bf4d728b6cdc84,581888,https://m.dcinside.com/board/vg/581888,일판 구합니다,seller-c2cd00c320e76607b421c338,Ryu0712,guest,트윈캐스트,트윈캐스트,트윈캐스트,,,buy,구매,1,1.2,12000,estimated,per_card,text,unknown,,active,needs_review,needs_review,"가격 단위 추정, 배송비 포함 여부 미확정",estimated,yes,candidate_estimated,트윈캐스트 1.2
75f85b1d2de824f6355cd497,vg,뱅가드,2026-08,2026-08-08T18:21:24+09:00,known,78233a638a8e5d4930b6567e,75f85b1d2de824f6355cd497,581888,https://m.dcinside.com/board/vg/581888,일판 구합니다,seller-070d4fbd811326e189f2d8c6,Ryu0712,guest,구오절,구오절,구오절,,,buy,구매,1,1.5,15000,estimated,per_card,text,unknown,,active,needs_review,needs_review,"가격 단위 추정, 배송비 포함 여부 미확정",estimated,yes,candidate_estimated,구오절 1.5
78846ee1e6a9c4bfe82f38ab,vg,뱅가드,2026-08,2026-08-08T18:21:24+09:00,known,abf94a89d83736971268e00f,78846ee1e6a9c4bfe82f38ab,581888,https://m.dcinside.com/board/vg/581888,일판 구합니다,seller-3844bccd720cbd677ad5c861,Ryu0712,guest,구오절,구오절,구오절,,,buy,구매,1,1.5,15000,estimated,per_card,text,unknown,,active,needs_review,needs_review,"가격 단위 추정, 배송비 포함 여부 미확정",estimated,yes,candidate_estimated,구오절 1.5
7c32f4dcb8bc50d383881f4e,vg,뱅가드,2026-08,2026-08-08T18:21:24+09:00,known,abf94a89d83736971268e00f,7c32f4dcb8bc50d383881f4e,581888,https://m.dcinside.com/board/vg/581888,일판 구합니다,seller-3844bccd720cbd677ad5c861,Ryu0712,guest,에너지 제너레이터 + 에너지 카운터or 에너지,에너지 제너레이터 + 에너지 카운터or 에너지,에너지 제너레이터 + 에너지 카운터or 에너지,,,buy,구매,10,0.5,5000,estimated,bundle,text,unknown,,active,needs_review,needs_review,"가격 단위 추정, 복수 카드 가격, 배송비 포함 여부 미확정, 묶음·세트 총액 · 개별 카드 가격 아님",estimated,no,no,에너지 제너레이터 + 에너지 카운터or 에너지 10장 0.5
9d6b3f38bd2a4e4b461d74d9,vg,뱅가드,2026-08,2026-08-08T18:21:24+09:00,known,2918077a1ce95cb33dd335fa,9d6b3f38bd2a4e4b461d74d9,581888,https://m.dcinside.com/board/vg/581888,일판 구합니다,seller-c2cd00c320e76607b421c338,Ryu0712,guest,파옵,파옵,파옵,,,buy,구매,1,1.0,10000,estimated,per_card,text,unknown,,active,needs_review,needs_review,"가격 단위 추정, 배송비 포함 여부 미확정",estimated,yes,candidate_estimated,파옵 1.0
b1ce92d171bf0724be4c8561,vg,뱅가드,2026-08,2026-08-08T18:21:24+09:00,known,300ae0e97c4f13b0e3a52289,b1ce92d171bf0724be4c8561,581888,https://m.dcinside.com/board/vg/581888,일판 구합니다,seller-9a8d43d540cfc54e48e2977a,Ryu0712,guest,구오절,구오절,구오절,,,buy,구매,1,1.5,15000,estimated,per_card,text,unknown,,active,needs_review,needs_review,"가격 단위 추정, 배송비 포함 여부 미확정",estimated,yes,candidate_estimated,구오절 1.5
b397fa6f4f8faec3abc3e445,vg,뱅가드,2026-08,2026-08-08T18:21:24+09:00,known,300ae0e97c4f13b0e3a52289,b397fa6f4f8faec3abc3e445,581888,https://m.dcinside.com/board/vg/581888,일판 구합니다,seller-9a8d43d540cfc54e48e2977a,Ryu0712,guest,파옵,파옵,파옵,,,buy,구매,1,1.0,10000,estimated,per_card,text,unknown,,active,needs_review,needs_review,"가격 단위 추정, 배송비 포함 여부 미확정",estimated,yes,candidate_estimated,파옵 1.0
bf4feb55c42acf081138febb,vg,뱅가드,2026-08,2026-08-08T18:21:24+09:00,known,abf94a89d83736971268e00f,bf4feb55c42acf081138febb,581888,https://m.dcinside.com/board/vg/581888,일판 구합니다,seller-3844bccd720cbd677ad5c861,Ryu0712,guest,파옵,파옵,파옵,,,buy,구매,1,1.0,10000,estimated,per_card,text,unknown,,active,needs_review,needs_review,"가격 단위 추정, 배송비 포함 여부 미확정",estimated,yes,candidate_estimated,파옵 1.0
dc3f057a90d64b32b2557cf8,vg,뱅가드,2026-08,2026-08-08T18:21:24+09:00,known,300ae0e97c4f13b0e3a52289,dc3f057a90d64b32b2557cf8,581888,https://m.dcinside.com/board/vg/581888,일판 구합니다,seller-9a8d43d540cfc54e48e2977a,Ryu0712,guest,에너지 제너레이터 + 에너지 카운터or 에너지,에너지 제너레이터 + 에너지 카운터or 에너지,에너지 제너레이터 + 에너지 카운터or 에너지,,,buy,구매,10,0.5,5000,estimated,bundle,text,unknown,,active,needs_review,needs_review,"가격 단위 추정, 복수 카드 가격, 배송비 포함 여부 미확정, 묶음·세트 총액 · 개별 카드 가격 아님",estimated,no,no,에너지 제너레이터 + 에너지 카운터or 에너지 10장 0.5
ee3db283fbd8ddcc32e1ccae,vg,뱅가드,2026-08,2026-08-08T18:21:24+09:00,known,78233a638a8e5d4930b6567e,ee3db283fbd8ddcc32e1ccae,581888,https://m.dcinside.com/board/vg/581888,일판 구합니다,seller-070d4fbd811326e189f2d8c6,Ryu0712,guest,파옵,파옵,파옵,,,buy,구매,1,1.0,10000,estimated,per_card,text,unknown,,active,needs_review,needs_review,"가격 단위 추정, 배송비 포함 여부 미확정",estimated,yes,candidate_estimated,파옵 1.0
fccf0861d5ca0c90da111467,vg,뱅가드,2026-08,2026-08-08T18:21:24+09:00,known,2918077a1ce95cb33dd335fa,fccf0861d5ca0c90da111467,581888,https://m.dcinside.com/board/vg/581888,일판 구합니다,seller-c2cd00c320e76607b421c338,Ryu0712,guest,닼스테 오버트리거,닼스테 오버트리거,닼스테 오버트리거,,,buy,구매,1,0.3,3000,estimated,per_card,text,unknown,,active,needs_review,needs_review,"가격 단위 추정, 배송비 포함 여부 미확정",estimated,yes,candidate_estimated,닼스테 오버트리거 0.3
fdecc6130c2430b2674ffd11,vg,뱅가드,2026-08,2026-08-08T18:21:24+09:00,known,300ae0e97c4f13b0e3a52289,fdecc6130c2430b2674ffd11,581888,https://m.dcinside.com/board/vg/581888,일판 구합니다,seller-9a8d43d540cfc54e48e2977a,Ryu0712,guest,트윈캐스트,트윈캐스트,트윈캐스트,,,buy,구매,1,1.2,12000,estimated,per_card,text,unknown,,active,needs_review,needs_review,"가격 단위 추정, 배송비 포함 여부 미확정",estimated,yes,candidate_estimated,트윈캐스트 1.2
0e07f0981c3328e94cf94c61,vg,뱅가드,2026-08,2026-08-08T22:41:28+09:00,known,a8efdee3c199ae6006bee157,0e07f0981c3328e94cf94c61,581945,https://m.dcinside.com/board/vg/581945,일판 카드 몇장 팔고 폰타인 1장 리리컬 연타힐2장 삽니다,seller-602cf3ee994f7bf4bf938d24,ㅇㅇ,guest,폰타인,폰타인,폰타인,,,buy,구매,1,1.3,13000,estimated,per_card,text,unknown,,active,needs_review,needs_review,"가격 단위 추정, 배송비 포함 여부 미확정",estimated,yes,candidate_estimated,폰타인1장 1.3에
28875536bd64086fca8caabc,vg,뱅가드,2026-08,2026-08-08T22:41:28+09:00,known,a8efdee3c199ae6006bee157,28875536bd64086fca8caabc,581945,https://m.dcinside.com/board/vg/581945,일판 카드 몇장 팔고 폰타인 1장 리리컬 연타힐2장 삽니다,seller-602cf3ee994f7bf4bf938d24,ㅇㅇ,guest,절가,절가,절가,,,buy,구매,1,0.3,3000,estimated,per_card,text,unknown,,active,needs_review,needs_review,"가격 단위 추정, 배송비 포함 여부 미확정",estimated,yes,candidate_estimated,절가0.3
3228c7490e8a024b2f932fd7,vg,뱅가드,2026-08,2026-08-08T22:41:28+09:00,known,a8efdee3c199ae6006bee157,3228c7490e8a024b2f932fd7,581945,https://m.dcinside.com/board/vg/581945,일판 카드 몇장 팔고 폰타인 1장 리리컬 연타힐2장 삽니다,seller-602cf3ee994f7bf4bf938d24,ㅇㅇ,guest,레갈,레갈,레갈,,,buy,구매,1,1.3,13000,estimated,per_card,text,unknown,,active,needs_review,needs_review,"가격 단위 추정, 배송비 포함 여부 미확정",estimated,yes,candidate_estimated,레갈1.3
828de7890e86a24d98174855,vg,뱅가드,2026-08,2026-08-08T22:41:28+09:00,known,1f0a1cf9ab54fa495e258d14,828de7890e86a24d98174855,581945,https://m.dcinside.com/board/vg/581945,일판 카드 몇장 팔고 폰타인 1장 리리컬 연타힐2장 삽니다,seller-a239eb783df0357fbefccc39,ㅇㅇ,guest,브드,브드,브드,,,buy,구매,4,1.8,18000,estimated,per_quantity,text,unknown,,active,needs_review,needs_review,"가격 단위 추정, 배송비 포함 여부 미확정, 복수 수량 총액 · 카드 1장 가격 아님",estimated,no,no,브드4장 1.8
83e25bfdf5e2dc03f0de2929,vg,뱅가드,2026-08,2026-08-08T22:41:28+09:00,known,a57eb2fbd0461e3a8b7a89de,83e25bfdf5e2dc03f0de2929,581945,https://m.dcinside.com/board/vg/581945,일판 카드 몇장 팔고 폰타인 1장 리리컬 연타힐2장 삽니다,seller-d5eb5fe71ceb9687c50d1769,ㅇㅇ,guest,절가,절가,절가,,,buy,구매,1,0.3,3000,estimated,per_card,text,unknown,,active,needs_review,needs_review,"가격 단위 추정, 배송비 포함 여부 미확정",estimated,yes,candidate_estimated,절가0.3
8aa9eb9eb9d099c41911aa9e,vg,뱅가드,2026-08,2026-08-08T22:41:28+09:00,known,a57eb2fbd0461e3a8b7a89de,8aa9eb9eb9d099c41911aa9e,581945,https://m.dcinside.com/board/vg/581945,일판 카드 몇장 팔고 폰타인 1장 리리컬 연타힐2장 삽니다,seller-d5eb5fe71ceb9687c50d1769,ㅇㅇ,guest,레갈,레갈,레갈,,,buy,구매,1,1.3,13000,estimated,per_card,text,unknown,,active,needs_review,needs_review,"가격 단위 추정, 배송비 포함 여부 미확정",estimated,yes,candidate_estimated,레갈1.3
8b0d1f8e18e5a4862559fb75,vg,뱅가드,2026-08,2026-08-08T22:41:28+09:00,known,a57eb2fbd0461e3a8b7a89de,8b0d1f8e18e5a4862559fb75,581945,https://m.dcinside.com/board/vg/581945,일판 카드 몇장 팔고 폰타인 1장 리리컬 연타힐2장 삽니다,seller-d5eb5fe71ceb9687c50d1769,ㅇㅇ,guest,폰타인,폰타인,폰타인,,,buy,구매,1,1.3,13000,estimated,per_card,text,unknown,,active,needs_review,needs_review,"가격 단위 추정, 배송비 포함 여부 미확정",estimated,yes,candidate_estimated,폰타인1장 1.3에
91dd6754eead34a7bfb93aaf,vg,뱅가드,2026-08,2026-08-08T22:41:28+09:00,known,a57eb2fbd0461e3a8b7a89de,91dd6754eead34a7bfb93aaf,581945,https://m.dcinside.com/board/vg/581945,일판 카드 몇장 팔고 폰타인 1장 리리컬 연타힐2장 삽니다,seller-d5eb5fe71ceb9687c50d1769,ㅇㅇ,guest,브드,브드,브드,,,buy,구매,4,1.8,18000,estimated,per_quantity,text,unknown,,active,needs_review,needs_review,"가격 단위 추정, 배송비 포함 여부 미확정, 복수 수량 총액 · 카드 1장 가격 아님",estimated,no,no,브드4장 1.8
928554f5e0d8de72b416e22e,vg,뱅가드,2026-08,2026-08-08T22:41:28+09:00,known,9f663e3db59f36af4f758866,928554f5e0d8de72b416e22e,581945,https://m.dcinside.com/board/vg/581945,일판 카드 몇장 팔고 폰타인 1장 리리컬 연타힐2장 삽니다,seller-c610077b8ab7cf83240c4706,ㅇㅇ,guest,절가,절가,절가,,,buy,구매,1,0.3,3000,estimated,per_card,text,unknown,,active,needs_review,needs_review,"가격 단위 추정, 배송비 포함 여부 미확정",estimated,yes,candidate_estimated,절가0.3
9a44968e213f3d345c339dae,vg,뱅가드,2026-08,2026-08-08T22:41:28+09:00,known,a8efdee3c199ae6006bee157,9a44968e213f3d345c339dae,581945,https://m.dcinside.com/board/vg/581945,일판 카드 몇장 팔고 폰타인 1장 리리컬 연타힐2장 삽니다,seller-602cf3ee994f7bf4bf938d24,ㅇㅇ,guest,브드,브드,브드,,,buy,구매,4,1.8,18000,estimated,per_quantity,text,unknown,,active,needs_review,needs_review,"가격 단위 추정, 배송비 포함 여부 미확정, 복수 수량 총액 · 카드 1장 가격 아님",estimated,no,no,브드4장 1.8
a245a34e02abedcd558bfa1b,vg,뱅가드,2026-08,2026-08-08T22:41:28+09:00,known,1f0a1cf9ab54fa495e258d14,a245a34e02abedcd558bfa1b,581945,https://m.dcinside.com/board/vg/581945,일판 카드 몇장 팔고 폰타인 1장 리리컬 연타힐2장 삽니다,seller-a239eb783df0357fbefccc39,ㅇㅇ,guest,레갈,레갈,레갈,,,buy,구매,1,1.3,13000,estimated,per_card,text,unknown,,active,needs_review,needs_review,"가격 단위 추정, 배송비 포함 여부 미확정",estimated,yes,candidate_estimated,레갈1.3
cc3a424065fc1710009dd173,vg,뱅가드,2026-08,2026-08-08T22:41:28+09:00,known,9f663e3db59f36af4f758866,cc3a424065fc1710009dd173,581945,https://m.dcinside.com/board/vg/581945,일판 카드 몇장 팔고 폰타인 1장 리리컬 연타힐2장 삽니다,seller-c610077b8ab7cf83240c4706,ㅇㅇ,guest,브드,브드,브드,,,buy,구매,4,1.8,18000,estimated,per_quantity,text,unknown,,active,needs_review,needs_review,"가격 단위 추정, 배송비 포함 여부 미확정, 복수 수량 총액 · 카드 1장 가격 아님",estimated,no,no,브드4장 1.8
cd230087e65031203382bfde,vg,뱅가드,2026-08,2026-08-08T22:41:28+09:00,known,9f663e3db59f36af4f758866,cd230087e65031203382bfde,581945,https://m.dcinside.com/board/vg/581945,일판 카드 몇장 팔고 폰타인 1장 리리컬 연타힐2장 삽니다,seller-c610077b8ab7cf83240c4706,ㅇㅇ,guest,폰타인,폰타인,폰타인,,,buy,구매,1,1.3,13000,estimated,per_card,text,unknown,,active,needs_review,needs_review,"가격 단위 추정, 배송비 포함 여부 미확정",estimated,yes,candidate_estimated,폰타인1장 1.3에
e43a4a25480f75bf23704d57,vg,뱅가드,2026-08,2026-08-08T22:41:28+09:00,known,1f0a1cf9ab54fa495e258d14,e43a4a25480f75bf23704d57,581945,https://m.dcinside.com/board/vg/581945,일판 카드 몇장 팔고 폰타인 1장 리리컬 연타힐2장 삽니다,seller-a239eb783df0357fbefccc39,ㅇㅇ,guest,절가,절가,절가,,,buy,구매,1,0.3,3000,estimated,per_card,text,unknown,,active,needs_review,needs_review,"가격 단위 추정, 배송비 포함 여부 미확정",estimated,yes,candidate_estimated,절가0.3
e77437d9d1085d0e40a96358,vg,뱅가드,2026-08,2026-08-08T22:41:28+09:00,known,1f0a1cf9ab54fa495e258d14,e77437d9d1085d0e40a96358,581945,https://m.dcinside.com/board/vg/581945,일판 카드 몇장 팔고 폰타인 1장 리리컬 연타힐2장 삽니다,seller-a239eb783df0357fbefccc39,ㅇㅇ,guest,폰타인,폰타인,폰타인,,,buy,구매,1,1.3,13000,estimated,per_card,text,unknown,,active,needs_review,needs_review,"가격 단위 추정, 배송비 포함 여부 미확정",estimated,yes,candidate_estimated,폰타인1장 1.3에
f785c0fa70b484f2f8a44621,vg,뱅가드,2026-08,2026-08-08T22:41:28+09:00,known,9f663e3db59f36af4f758866,f785c0fa70b484f2f8a44621,581945,https://m.dcinside.com/board/vg/581945,일판 카드 몇장 팔고 폰타인 1장 리리컬 연타힐2장 삽니다,seller-c610077b8ab7cf83240c4706,ㅇㅇ,guest,레갈,레갈,레갈,,,buy,구매,1,1.3,13000,estimated,per_card,text,unknown,,active,needs_review,needs_review,"가격 단위 추정, 배송비 포함 여부 미확정",estimated,yes,candidate_estimated,레갈1.3
2e76f2ba56e060a55f4115dd,vg,뱅가드,2026-08,2026-08-09T00:24:11+09:00,known,5edda13564b3e6b065f52975,2e76f2ba56e060a55f4115dd,581961,https://m.dcinside.com/board/vg/581961,일D 인발디오 팬텀 소스 구매합니다,seller-1f96184d24eb1867e0476ce5,바리졸,registered,일D 인발디오 팬텀 소스,일D 인발디오 팬텀 소스,일D 인발디오 팬텀 소스,,,buy,구매,1,,,missing,unknown,unknown,unknown,,active,needs_review,needs_review,희망가 미기재,missing,no,no,일D 인발디오 팬텀 소스 구매합니다
a2b0c6f4fa781ad06f9d7c23,vg,뱅가드,2026-08,2026-08-09T00:24:11+09:00,known,697f71b88e836cbf698cc0b0,a2b0c6f4fa781ad06f9d7c23,581961,https://m.dcinside.com/board/vg/581961,일D 인발디오 팬텀 소스 구매합니다,seller-1f96184d24eb1867e0476ce5,바리졸,registered,일D 인발디오 팬텀 소스,일D 인발디오 팬텀 소스,일D 인발디오 팬텀 소스,,,buy,구매,1,,,missing,unknown,unknown,unknown,,active,needs_review,needs_review,희망가 미기재,missing,no,no,일D 인발디오 팬텀 소스 구매합니다
c4b8ad0840a8e6b00b86ae8b,vg,뱅가드,2026-08,2026-08-09T00:24:11+09:00,known,9353bfc86ef0c8dca0a7f2d4,c4b8ad0840a8e6b00b86ae8b,581961,https://m.dcinside.com/board/vg/581961,일D 인발디오 팬텀 소스 구매합니다,seller-1f96184d24eb1867e0476ce5,바리졸,registered,일D 인발디오 팬텀 소스,일D 인발디오 팬텀 소스,일D 인발디오 팬텀 소스,,,buy,구매,1,,,missing,unknown,unknown,unknown,,active,needs_review,needs_review,희망가 미기재,missing,no,no,일D 인발디오 팬텀 소스 구매합니다
f015781748a7f9f365e42c4c,vg,뱅가드,2026-08,2026-08-09T00:24:11+09:00,known,e6a34a1d4bc54beb11afcb46,f015781748a7f9f365e42c4c,581961,https://m.dcinside.com/board/vg/581961,일D 인발디오 팬텀 소스 구매합니다,seller-1f96184d24eb1867e0476ce5,바리졸,registered,일D 인발디오 팬텀 소스,일D 인발디오 팬텀 소스,일D 인발디오 팬텀 소스,,,buy,구매,1,,,missing,unknown,unknown,unknown,,active,needs_review,needs_review,희망가 미기재,missing,no,no,일D 인발디오 팬텀 소스 구매합니다
5532b9168ccff42700757bc9,vg,뱅가드,2026-08,2026-08-09T01:40:20+09:00,known,7cd6965b9cb82da8c4908173,5532b9168ccff42700757bc9,581972,https://m.dcinside.com/board/vg/581972,글D 뱅드림 밴드별 전종 구매합니다.,seller-3fe95be136b4799bc7025365,양파과자,guest,글D 뱅드림 밴드별 전종,글D 뱅드림 밴드별 전종,글D 뱅드림 밴드별 전종 .,,,buy,구매,1,,,missing,unknown,unknown,unknown,,active,needs_review,needs_review,희망가 미기재,missing,no,no,글D 뱅드림 밴드별 전종 구매합니다.
716875b70bd640d7b2be9117,vg,뱅가드,2026-08,2026-08-09T01:40:20+09:00,known,ae08c3a659120a1ab392942f,716875b70bd640d7b2be9117,581972,https://m.dcinside.com/board/vg/581972,글D 뱅드림 밴드별 전종 구매합니다.,seller-bdb053a9aa7e257a5678799a,양파과자,guest,글D 뱅드림 밴드별 전종,글D 뱅드림 밴드별 전종,글D 뱅드림 밴드별 전종 .,,,buy,구매,1,,,missing,unknown,unknown,unknown,,active,needs_review,needs_review,희망가 미기재,missing,no,no,글D 뱅드림 밴드별 전종 구매합니다.
c516939b072986feac5ccf62,vg,뱅가드,2026-08,2026-08-09T01:40:20+09:00,known,e475e345c5c838d3b5008f4a,c516939b072986feac5ccf62,581972,https://m.dcinside.com/board/vg/581972,글D 뱅드림 밴드별 전종 구매합니다.,seller-6bf0a22f391cd2d4bad18ebb,양파과자,guest,글D 뱅드림 밴드별 전종,글D 뱅드림 밴드별 전종,글D 뱅드림 밴드별 전종 .,,,buy,구매,1,,,missing,unknown,unknown,unknown,,active,needs_review,needs_review,희망가 미기재,missing,no,no,글D 뱅드림 밴드별 전종 구매합니다.
fe1f3b98287f5d139d1aa6b8,vg,뱅가드,2026-08,2026-08-09T01:40:20+09:00,known,a1e6eb38ceed4d8e88f86e75,fe1f3b98287f5d139d1aa6b8,581972,https://m.dcinside.com/board/vg/581972,글D 뱅드림 밴드별 전종 구매합니다.,seller-36333b89b7b953814ed09300,양파과자,guest,글D 뱅드림 밴드별 전종,글D 뱅드림 밴드별 전종,글D 뱅드림 밴드별 전종 .,,,buy,구매,1,,,missing,unknown,unknown,unknown,,active,needs_review,needs_review,희망가 미기재,missing,no,no,글D 뱅드림 밴드별 전종 구매합니다.
047c473cdd294ba20f7d7c2c,vg,뱅가드,2026-08,2026-08-09T08:13:55+09:00,known,1c569f04fb508637c19a827a,047c473cdd294ba20f7d7c2c,581995,https://m.dcinside.com/board/vg/581995,일판 구함,seller-fd66f76040b3b1ac54c11f3f,Ryu0712,guest,구오절,구오절,구오절,,,buy,구매,1,1.8,18000,estimated,per_card,text,unknown,,active,needs_review,needs_review,"가격 단위 추정, 배송비 포함 여부 미확정",estimated,yes,candidate_estimated,구오절 1.8
17dd188b98e7d45fd5307a79,vg,뱅가드,2026-08,2026-08-09T08:13:55+09:00,known,1c569f04fb508637c19a827a,17dd188b98e7d45fd5307a79,581995,https://m.dcinside.com/board/vg/581995,일판 구함,seller-fd66f76040b3b1ac54c11f3f,Ryu0712,guest,에너지 제너레이터 + 에너지 카운터or 에너지,에너지 제너레이터 + 에너지 카운터or 에너지,에너지 제너레이터 + 에너지 카운터or 에너지,,,buy,구매,10,0.4,4000,estimated,bundle,text,unknown,,active,needs_review,needs_review,"가격 단위 추정, 복수 카드 가격, 배송비 포함 여부 미확정, 묶음·세트 총액 · 개별 카드 가격 아님",estimated,no,no,에너지 제너레이터 + 에너지 카운터or 에너지 10장 0.4
1ec72d91abac5b68d12e4641,vg,뱅가드,2026-08,2026-08-09T08:13:55+09:00,known,1af49206c3329144f461c9d7,1ec72d91abac5b68d12e4641,581995,https://m.dcinside.com/board/vg/581995,일판 구함,seller-4fb2738ee0d4f8a58a5225d0,Ryu0712,guest,구오절,구오절,구오절,,,buy,구매,1,1.8,18000,estimated,per_card,text,unknown,,active,needs_review,needs_review,"가격 단위 추정, 배송비 포함 여부 미확정",estimated,yes,candidate_estimated,구오절 1.8
2c4dca6313fd702c43dc46d8,vg,뱅가드,2026-08,2026-08-09T08:13:55+09:00,known,1af49206c3329144f461c9d7,2c4dca6313fd702c43dc46d8,581995,https://m.dcinside.com/board/vg/581995,일판 구함,seller-4fb2738ee0d4f8a58a5225d0,Ryu0712,guest,에너지 제너레이터 + 에너지 카운터or 에너지,에너지 제너레이터 + 에너지 카운터or 에너지,에너지 제너레이터 + 에너지 카운터or 에너지,,,buy,구매,10,0.4,4000,estimated,bundle,text,unknown,,active,needs_review,needs_review,"가격 단위 추정, 복수 카드 가격, 배송비 포함 여부 미확정, 묶음·세트 총액 · 개별 카드 가격 아님",estimated,no,no,에너지 제너레이터 + 에너지 카운터or 에너지 10장 0.4
80865a6677c50faa79437533,vg,뱅가드,2026-08,2026-08-09T08:13:55+09:00,known,1b0e90580b9be86e8cb97650,80865a6677c50faa79437533,581995,https://m.dcinside.com/board/vg/581995,일판 구함,seller-ea974a9e83e1de3ba1fbe213,Ryu0712,guest,에너지 제너레이터 + 에너지 카운터or 에너지,에너지 제너레이터 + 에너지 카운터or 에너지,에너지 제너레이터 + 에너지 카운터or 에너지,,,buy,구매,10,0.4,4000,estimated,bundle,text,unknown,,active,needs_review,needs_review,"가격 단위 추정, 복수 카드 가격, 배송비 포함 여부 미확정, 묶음·세트 총액 · 개별 카드 가격 아님",estimated,no,no,에너지 제너레이터 + 에너지 카운터or 에너지 10장 0.4
83baca6abcf9133a42301a4d,vg,뱅가드,2026-08,2026-08-09T08:13:55+09:00,known,1b0e90580b9be86e8cb97650,83baca6abcf9133a42301a4d,581995,https://m.dcinside.com/board/vg/581995,일판 구함,seller-ea974a9e83e1de3ba1fbe213,Ryu0712,guest,트윈캐스트,트윈캐스트,트윈캐스트,,,buy,구매,1,1.2,12000,estimated,per_card,text,unknown,,active,needs_review,needs_review,"가격 단위 추정, 배송비 포함 여부 미확정",estimated,yes,candidate_estimated,트윈캐스트 1.2
83d82f0cf9420f33ce7dbcbb,vg,뱅가드,2026-08,2026-08-09T08:13:55+09:00,known,aeeb7e7e5c058ce29464eedd,83d82f0cf9420f33ce7dbcbb,581995,https://m.dcinside.com/board/vg/581995,일판 구함,seller-510bf220672371c8c1733476,Ryu0712,guest,구오절,구오절,구오절,,,buy,구매,1,1.8,18000,estimated,per_card,text,unknown,,active,needs_review,needs_review,"가격 단위 추정, 배송비 포함 여부 미확정",estimated,yes,candidate_estimated,구오절 1.8
8a1c10b33cab47e3aa960582,vg,뱅가드,2026-08,2026-08-09T08:13:55+09:00,known,aeeb7e7e5c058ce29464eedd,8a1c10b33cab47e3aa960582,581995,https://m.dcinside.com/board/vg/581995,일판 구함,seller-510bf220672371c8c1733476,Ryu0712,guest,트윈캐스트,트윈캐스트,트윈캐스트,,,buy,구매,1,1.2,12000,estimated,per_card,text,unknown,,active,needs_review,needs_review,"가격 단위 추정, 배송비 포함 여부 미확정",estimated,yes,candidate_estimated,트윈캐스트 1.2
8fd8fd9e1660797cebff6c5d,vg,뱅가드,2026-08,2026-08-09T08:13:55+09:00,known,1b0e90580b9be86e8cb97650,8fd8fd9e1660797cebff6c5d,581995,https://m.dcinside.com/board/vg/581995,일판 구함,seller-ea974a9e83e1de3ba1fbe213,Ryu0712,guest,구오절,구오절,구오절,,,buy,구매,1,1.8,18000,estimated,per_card,text,unknown,,active,needs_review,needs_review,"가격 단위 추정, 배송비 포함 여부 미확정",estimated,yes,candidate_estimated,구오절 1.8
b416e4b4aa293a20cbee5cd9,vg,뱅가드,2026-08,2026-08-09T08:13:55+09:00,known,1c569f04fb508637c19a827a,b416e4b4aa293a20cbee5cd9,581995,https://m.dcinside.com/board/vg/581995,일판 구함,seller-fd66f76040b3b1ac54c11f3f,Ryu0712,guest,트윈캐스트,트윈캐스트,트윈캐스트,,,buy,구매,1,1.2,12000,estimated,per_card,text,unknown,,active,needs_review,needs_review,"가격 단위 추정, 배송비 포함 여부 미확정",estimated,yes,candidate_estimated,트윈캐스트 1.2
bea40458b95097f87d30e9a5,vg,뱅가드,2026-08,2026-08-09T08:13:55+09:00,known,1af49206c3329144f461c9d7,bea40458b95097f87d30e9a5,581995,https://m.dcinside.com/board/vg/581995,일판 구함,seller-4fb2738ee0d4f8a58a5225d0,Ryu0712,guest,트윈캐스트,트윈캐스트,트윈캐스트,,,buy,구매,1,1.2,12000,estimated,per_card,text,unknown,,active,needs_review,needs_review,"가격 단위 추정, 배송비 포함 여부 미확정",estimated,yes,candidate_estimated,트윈캐스트 1.2
f1aba3a6f5954df08fc0030b,vg,뱅가드,2026-08,2026-08-09T08:13:55+09:00,known,aeeb7e7e5c058ce29464eedd,f1aba3a6f5954df08fc0030b,581995,https://m.dcinside.com/board/vg/581995,일판 구함,seller-510bf220672371c8c1733476,Ryu0712,guest,에너지 제너레이터 + 에너지 카운터or 에너지,에너지 제너레이터 + 에너지 카운터or 에너지,에너지 제너레이터 + 에너지 카운터or 에너지,,,buy,구매,10,0.4,4000,estimated,bundle,text,unknown,,active,needs_review,needs_review,"가격 단위 추정, 복수 카드 가격, 배송비 포함 여부 미확정, 묶음·세트 총액 · 개별 카드 가격 아님",estimated,no,no,에너지 제너레이터 + 에너지 카운터or 에너지 10장 0.4
72e75d72962d203227a50232,vg,뱅가드,2026-08,2026-08-09T10:10:54+09:00,known,8252705cea2b027fed314f64,72e75d72962d203227a50232,582004,https://m.dcinside.com/board/vg/582004,글D 수각수 덱 구매합니다.,seller-ba781e5961a2d6ad23b59e38,altair,guest,패트리어크 덱,패트리어크 덱,패트리어크 덱,,,buy,구매,1,5.0,50000,estimated,bundle,text,unknown,,active,needs_review,needs_review,"가격 단위 추정, 배송비 포함 여부 미확정, 묶음·세트 총액 · 개별 카드 가격 아님",estimated,no,no,패트리어크 덱 5.0
ab85ab1800a10e79fb9a9be9,vg,뱅가드,2026-08,2026-08-09T10:10:54+09:00,known,6e89a9a41a5e4f5b389abd90,ab85ab1800a10e79fb9a9be9,582004,https://m.dcinside.com/board/vg/582004,글D 수각수 덱 구매합니다.,seller-225d23b242b39a2c3d3462bf,altair,guest,패트리어크 덱,패트리어크 덱,패트리어크 덱,,,buy,구매,1,5.0,50000,estimated,bundle,text,unknown,,active,needs_review,needs_review,"가격 단위 추정, 배송비 포함 여부 미확정, 묶음·세트 총액 · 개별 카드 가격 아님",estimated,no,no,패트리어크 덱 5.0
e55ee39d2104f555a544af47,vg,뱅가드,2026-08,2026-08-09T10:10:54+09:00,known,6520bea62320d2d0b3a09da4,e55ee39d2104f555a544af47,582004,https://m.dcinside.com/board/vg/582004,글D 수각수 덱 구매합니다.,seller-1352ebe91b504456da46e5c5,altair,guest,패트리어크 덱,패트리어크 덱,패트리어크 덱,,,buy,구매,1,5.0,50000,estimated,bundle,text,unknown,,active,needs_review,needs_review,"가격 단위 추정, 배송비 포함 여부 미확정, 묶음·세트 총액 · 개별 카드 가격 아님",estimated,no,no,패트리어크 덱 5.0
ec51a1ac1ab455e7009229ba,vg,뱅가드,2026-08,2026-08-09T10:10:54+09:00,known,54cea615b4be837de0e52aea,ec51a1ac1ab455e7009229ba,582004,https://m.dcinside.com/board/vg/582004,글D 수각수 덱 구매합니다.,seller-0df3a194c8cc3e6b4b6108c0,altair,guest,패트리어크 덱,패트리어크 덱,패트리어크 덱,,,buy,구매,1,5.0,50000,estimated,bundle,text,unknown,,active,needs_review,needs_review,"가격 단위 추정, 배송비 포함 여부 미확정, 묶음·세트 총액 · 개별 카드 가격 아님",estimated,no,no,패트리어크 덱 5.0
16cacbbb3d9df4264fe334c9,vg,뱅가드,2026-08,2026-08-09T11:55:45+09:00,known,e33f8e3dbf058adba87cda57,16cacbbb3d9df4264fe334c9,582014,https://m.dcinside.com/board/vg/582014,"일판 리리컬) 20 프론트, 혁싸 구합니다",seller-1761d0612c63ecf67007844b,사망플래그,guest,프론트,프론트,프론트,,,buy,구매,3,2.4,24000,estimated,per_quantity,text,unknown,,active,needs_review,needs_review,"가격 단위 추정, 배송비 포함 여부 미확정, 복수 수량 총액 · 카드 1장 가격 아님",estimated,no,no,프론트 3장 2.4
1d7235d1e7072d86ee881c8b,vg,뱅가드,2026-08,2026-08-09T11:55:45+09:00,known,b6b1362a49fe52d55ed9b7cc,1d7235d1e7072d86ee881c8b,582014,https://m.dcinside.com/board/vg/582014,"일판 리리컬) 20 프론트, 혁싸 구합니다",seller-f137536c3cdebd6fd11b050a,사망플래그,guest,혁싸,혁싸,혁싸,,,buy,구매,4,5.0,50000,estimated,per_quantity,text,unknown,,active,needs_review,needs_review,"가격 단위 추정, 배송비 포함 여부 미확정, 복수 수량 총액 · 카드 1장 가격 아님",estimated,no,no,혁싸 4장 5.0
1e50bbe2b448acb88ef891b7,vg,뱅가드,2026-08,2026-08-09T11:55:45+09:00,known,e33f8e3dbf058adba87cda57,1e50bbe2b448acb88ef891b7,582014,https://m.dcinside.com/board/vg/582014,"일판 리리컬) 20 프론트, 혁싸 구합니다",seller-1761d0612c63ecf67007844b,사망플래그,guest,혁싸,혁싸,혁싸,,,buy,구매,4,5.0,50000,estimated,per_quantity,text,unknown,,active,needs_review,needs_review,"가격 단위 추정, 배송비 포함 여부 미확정, 복수 수량 총액 · 카드 1장 가격 아님",estimated,no,no,혁싸 4장 5.0
2fe2135531de731ae019b28c,vg,뱅가드,2026-08,2026-08-09T11:55:45+09:00,known,b5a3222fabd98b2e32d49f29,2fe2135531de731ae019b28c,582014,https://m.dcinside.com/board/vg/582014,"일판 리리컬) 20 프론트, 혁싸 구합니다",seller-eaaeb1502358f376bde50396,사망플래그,guest,혁싸,혁싸,혁싸,,,buy,구매,4,5.0,50000,estimated,per_quantity,text,unknown,,active,needs_review,needs_review,"가격 단위 추정, 배송비 포함 여부 미확정, 복수 수량 총액 · 카드 1장 가격 아님",estimated,no,no,혁싸 4장 5.0
4d35e701403b00eda954e4ac,vg,뱅가드,2026-08,2026-08-09T11:55:45+09:00,known,b5a3222fabd98b2e32d49f29,4d35e701403b00eda954e4ac,582014,https://m.dcinside.com/board/vg/582014,"일판 리리컬) 20 프론트, 혁싸 구합니다",seller-eaaeb1502358f376bde50396,사망플래그,guest,프론트,프론트,프론트,,,buy,구매,3,2.4,24000,estimated,per_quantity,text,unknown,,active,needs_review,needs_review,"가격 단위 추정, 배송비 포함 여부 미확정, 복수 수량 총액 · 카드 1장 가격 아님",estimated,no,no,프론트 3장 2.4
567522e6c8f2424c3ee1ae48,vg,뱅가드,2026-08,2026-08-09T11:55:45+09:00,known,a395013fb6dbe6389ce8ee41,567522e6c8f2424c3ee1ae48,582014,https://m.dcinside.com/board/vg/582014,"일판 리리컬) 20 프론트, 혁싸 구합니다",seller-7bee4446023fe82a7054e1f6,사망플래그,guest,프론트,프론트,프론트,,,buy,구매,3,2.4,24000,estimated,per_quantity,text,unknown,,active,needs_review,needs_review,"가격 단위 추정, 배송비 포함 여부 미확정, 복수 수량 총액 · 카드 1장 가격 아님",estimated,no,no,프론트 3장 2.4
85603e23def5ea84f412a2a8,vg,뱅가드,2026-08,2026-08-09T11:55:45+09:00,known,b6b1362a49fe52d55ed9b7cc,85603e23def5ea84f412a2a8,582014,https://m.dcinside.com/board/vg/582014,"일판 리리컬) 20 프론트, 혁싸 구합니다",seller-f137536c3cdebd6fd11b050a,사망플래그,guest,프론트,프론트,프론트,,,buy,구매,3,2.4,24000,estimated,per_quantity,text,unknown,,active,needs_review,needs_review,"가격 단위 추정, 배송비 포함 여부 미확정, 복수 수량 총액 · 카드 1장 가격 아님",estimated,no,no,프론트 3장 2.4
ddb84fa702bed0f454541620,vg,뱅가드,2026-08,2026-08-09T11:55:45+09:00,known,a395013fb6dbe6389ce8ee41,ddb84fa702bed0f454541620,582014,https://m.dcinside.com/board/vg/582014,"일판 리리컬) 20 프론트, 혁싸 구합니다",seller-7bee4446023fe82a7054e1f6,사망플래그,guest,혁싸,혁싸,혁싸,,,buy,구매,4,5.0,50000,estimated,per_quantity,text,unknown,,active,needs_review,needs_review,"가격 단위 추정, 배송비 포함 여부 미확정, 복수 수량 총액 · 카드 1장 가격 아님",estimated,no,no,혁싸 4장 5.0
3a047aabf39008abf416f381,vg,뱅가드,2026-08,2026-08-09T13:31:55+09:00,known,4d87b0214ad2c2649d6a210e,3a047aabf39008abf416f381,582020,https://m.dcinside.com/board/vg/582020,벨스팬텀 관련 카드 삽니다.,seller-80afab94c5e41b62cd53daa9,곽달호.,registered,레이미나 혁월 싸이클 ffr,레이미나 혁월 싸이클 ffr,레이미나(혁월 싸이클) ffr,,,buy,구매,1,15,150000,estimated,per_card,text,unknown,,active,needs_review,needs_review,"가격 단위 추정, 배송비 포함 여부 미확정",estimated,yes,candidate_estimated,레이미나(혁월 싸이클) ffr 1장 15
3b84c56ad1144f8265efaef6,vg,뱅가드,2026-08,2026-08-09T13:31:55+09:00,known,af2af3b51d50a74bccbc4e10,3b84c56ad1144f8265efaef6,582020,https://m.dcinside.com/board/vg/582020,벨스팬텀 관련 카드 삽니다.,seller-80afab94c5e41b62cd53daa9,곽달호.,registered,레이미나 혁월 싸이클 ffr,레이미나 혁월 싸이클 ffr,레이미나(혁월 싸이클) ffr,,,buy,구매,1,15,150000,estimated,per_card,text,unknown,,active,needs_review,needs_review,"가격 단위 추정, 배송비 포함 여부 미확정",estimated,yes,candidate_estimated,레이미나(혁월 싸이클) ffr 1장 15
402fe980634edf9c6e2ed184,vg,뱅가드,2026-08,2026-08-09T13:31:55+09:00,known,0030cde8adcf4aaf33365eee,402fe980634edf9c6e2ed184,582020,https://m.dcinside.com/board/vg/582020,벨스팬텀 관련 카드 삽니다.,seller-80afab94c5e41b62cd53daa9,곽달호.,registered,레이미나 혁월 싸이클 ffr,레이미나 혁월 싸이클 ffr,레이미나(혁월 싸이클) ffr,,,buy,구매,1,15,150000,estimated,per_card,text,unknown,,active,needs_review,needs_review,"가격 단위 추정, 배송비 포함 여부 미확정",estimated,yes,candidate_estimated,레이미나(혁월 싸이클) ffr 1장 15
429fe30b4f5b424cd7e241f6,vg,뱅가드,2026-08,2026-08-09T13:31:55+09:00,known,2e942ed16f67bbbdd3a9810e,429fe30b4f5b424cd7e241f6,582020,https://m.dcinside.com/board/vg/582020,벨스팬텀 관련 카드 삽니다.,seller-80afab94c5e41b62cd53daa9,곽달호.,registered,벨스팬텀 시크,벨스팬텀 시크,벨스팬텀 시크 장 당,,,buy,구매,4,13,130000,estimated,per_quantity,text,unknown,,active,needs_review,needs_review,"가격 단위 추정, 배송비 포함 여부 미확정, 복수 수량 총액 · 카드 1장 가격 아님",estimated,no,no,벨스팬텀 시크 4장 장 당 13
a447b8517adf8a95322675ca,vg,뱅가드,2026-08,2026-08-09T13:31:55+09:00,known,af2af3b51d50a74bccbc4e10,a447b8517adf8a95322675ca,582020,https://m.dcinside.com/board/vg/582020,벨스팬텀 관련 카드 삽니다.,seller-80afab94c5e41b62cd53daa9,곽달호.,registered,벨스팬텀 시크,벨스팬텀 시크,벨스팬텀 시크 장 당,,,buy,구매,4,13,130000,estimated,per_quantity,text,unknown,,active,needs_review,needs_review,"가격 단위 추정, 배송비 포함 여부 미확정, 복수 수량 총액 · 카드 1장 가격 아님",estimated,no,no,벨스팬텀 시크 4장 장 당 13
bbcc209386497c445933a0dd,vg,뱅가드,2026-08,2026-08-09T13:31:55+09:00,known,0030cde8adcf4aaf33365eee,bbcc209386497c445933a0dd,582020,https://m.dcinside.com/board/vg/582020,벨스팬텀 관련 카드 삽니다.,seller-80afab94c5e41b62cd53daa9,곽달호.,registered,벨스팬텀 시크,벨스팬텀 시크,벨스팬텀 시크 장 당,,,buy,구매,4,13,130000,estimated,per_quantity,text,unknown,,active,needs_review,needs_review,"가격 단위 추정, 배송비 포함 여부 미확정, 복수 수량 총액 · 카드 1장 가격 아님",estimated,no,no,벨스팬텀 시크 4장 장 당 13
c0728ff4d30ae23a2df4b41e,vg,뱅가드,2026-08,2026-08-09T13:31:55+09:00,known,4d87b0214ad2c2649d6a210e,c0728ff4d30ae23a2df4b41e,582020,https://m.dcinside.com/board/vg/582020,벨스팬텀 관련 카드 삽니다.,seller-80afab94c5e41b62cd53daa9,곽달호.,registered,벨스팬텀 시크,벨스팬텀 시크,벨스팬텀 시크 장 당,,,buy,구매,4,13,130000,estimated,per_quantity,text,unknown,,active,needs_review,needs_review,"가격 단위 추정, 배송비 포함 여부 미확정, 복수 수량 총액 · 카드 1장 가격 아님",estimated,no,no,벨스팬텀 시크 4장 장 당 13
c1d49fc88b71e751b3ee2b9f,vg,뱅가드,2026-08,2026-08-09T13:31:55+09:00,known,2e942ed16f67bbbdd3a9810e,c1d49fc88b71e751b3ee2b9f,582020,https://m.dcinside.com/board/vg/582020,벨스팬텀 관련 카드 삽니다.,seller-80afab94c5e41b62cd53daa9,곽달호.,registered,레이미나 혁월 싸이클 ffr,레이미나 혁월 싸이클 ffr,레이미나(혁월 싸이클) ffr,,,buy,구매,1,15,150000,estimated,per_card,text,unknown,,active,needs_review,needs_review,"가격 단위 추정, 배송비 포함 여부 미확정",estimated,yes,candidate_estimated,레이미나(혁월 싸이클) ffr 1장 15
4065386d74d9d4ddaa9e7429,vg,뱅가드,2026-08,2026-08-09T14:46:14+09:00,known,958dc6f6a8c3746e2a9b43a4,4065386d74d9d4ddaa9e7429,582028,https://m.dcinside.com/board/vg/582028,수정) 연옥의 마검사 1장 구합니다.,seller-93b54e3e862015aba0c8f1a4,암통곡,registered,,,,,,buy,구매,1,0.3,3000,estimated,per_card,text,unknown,,active,needs_review,needs_review,"가격 단위 추정, 배송비 포함 여부 미확정, 카드명 확인 필요",estimated,yes,candidate_estimated,1장 0.3 구해봅니다
a53c23cd1681b69b38248434,vg,뱅가드,2026-08,2026-08-09T14:46:14+09:00,known,bc843dcce5e7f775759b56d3,a53c23cd1681b69b38248434,582028,https://m.dcinside.com/board/vg/582028,수정) 연옥의 마검사 1장 구합니다.,seller-93b54e3e862015aba0c8f1a4,암통곡,registered,,,,,,buy,구매,1,0.3,3000,estimated,per_card,text,unknown,,active,needs_review,needs_review,"가격 단위 추정, 배송비 포함 여부 미확정, 카드명 확인 필요",estimated,yes,candidate_estimated,1장 0.3 구해봅니다
c316fbc6d2381c5f72b7c2f2,vg,뱅가드,2026-08,2026-08-09T14:46:14+09:00,known,4a4b06d1176b5d416bc5ffb4,c316fbc6d2381c5f72b7c2f2,582028,https://m.dcinside.com/board/vg/582028,수정) 연옥의 마검사 1장 구합니다.,seller-93b54e3e862015aba0c8f1a4,암통곡,registered,,,,,,buy,구매,1,0.3,3000,estimated,per_card,text,unknown,,active,needs_review,needs_review,"가격 단위 추정, 배송비 포함 여부 미확정, 카드명 확인 필요",estimated,yes,candidate_estimated,1장 0.3 구해봅니다
c956e2b0acc19f28955eda5b,vg,뱅가드,2026-08,2026-08-09T14:46:14+09:00,known,79067725ee1f190d17edc4ae,c956e2b0acc19f28955eda5b,582028,https://m.dcinside.com/board/vg/582028,수정) 연옥의 마검사 1장 구합니다.,seller-93b54e3e862015aba0c8f1a4,암통곡,registered,,,,,,buy,구매,1,0.3,3000,estimated,per_card,text,unknown,,active,needs_review,needs_review,"가격 단위 추정, 배송비 포함 여부 미확정, 카드명 확인 필요",estimated,yes,candidate_estimated,1장 0.3 구해봅니다
062aee661a8df01ed893f7a1,vg,뱅가드,2026-08,2026-08-09T19:22:03+09:00,known,fc65d95a596faa02b29157d1,062aee661a8df01ed893f7a1,582083,https://m.dcinside.com/board/vg/582083,일d 유스팬텀 카드랑 드라엠 트리거 구합니다,seller-f8fb17681bff6e30bc11dd6c,뜌땨,guest,loadScript ' t,loadScript ' t,loadScript('//t,,,buy,구매,1,1,10000,estimated,bundle,text,unknown,,active,needs_review,needs_review,"가격 단위 추정, 복수 카드 가격, 배송비 포함 여부 미확정, 묶음·세트 총액 · 개별 카드 가격 아님",estimated,no,no,"loadScript('//t1.kakaocdn.net/kas/static/ba.min.js', true);"
0eb4c7a3ba1dff9ca36df18f,vg,뱅가드,2026-08,2026-08-09T19:22:03+09:00,known,139710cea542ef8a01998f3a,0eb4c7a3ba1dff9ca36df18f,582083,https://m.dcinside.com/board/vg/582083,일d 유스팬텀 카드랑 드라엠 트리거 구합니다,seller-278c04b13773ea71b2f5d559,뜌땨,guest,,장당,장당,,,buy,구매,2,0.1,1000,estimated,per_card,text,unknown,,active,needs_review,needs_review,"가격 단위 추정, 배송비 포함 여부 미확정",estimated,yes,candidate_estimated,2장 장당 0.1
150a79f1b77597223b21a7ff,vg,뱅가드,2026-08,2026-08-09T19:22:03+09:00,known,a22f9364b9206741f2c69b7f,150a79f1b77597223b21a7ff,582083,https://m.dcinside.com/board/vg/582083,일d 유스팬텀 카드랑 드라엠 트리거 구합니다,seller-121c7ae29e783260bfd8e0e0,뜌땨,guest,,장당,장당,,,buy,구매,4,0.1,1000,estimated,per_card,text,unknown,,active,needs_review,needs_review,"가격 단위 추정, 배송비 포함 여부 미확정",estimated,yes,candidate_estimated,4장 장당 0.1
1f84cd6fce134dcc36e1cf7b,vg,뱅가드,2026-08,2026-08-09T19:22:03+09:00,known,139710cea542ef8a01998f3a,1f84cd6fce134dcc36e1cf7b,582083,https://m.dcinside.com/board/vg/582083,일d 유스팬텀 카드랑 드라엠 트리거 구합니다,seller-278c04b13773ea71b2f5d559,뜌땨,guest,var safe = window.dcAd && window.dcAd.safe ==,var safe = window.dcAd && window.dcAd.safe ==,var safe = (window.dcAd && window.dcAd.safe ==,,,buy,구매,1,1,10000,estimated,bundle,text,unknown,,active,needs_review,needs_review,"가격 단위 추정, 복수 카드 가격, 배송비 포함 여부 미확정, 묶음·세트 총액 · 개별 카드 가격 아님",estimated,no,no,var safe = (window.dcAd && window.dcAd.safe == 1)
38cff361d3d9c614a9198b1b,vg,뱅가드,2026-08,2026-08-09T19:22:03+09:00,known,c05a3b2e4bf02c2fc61558c2,38cff361d3d9c614a9198b1b,582083,https://m.dcinside.com/board/vg/582083,일d 유스팬텀 카드랑 드라엠 트리거 구합니다,seller-3f158f0451c1286dea559ecd,뜌땨,guest,loadScript ' t,loadScript ' t,loadScript('//t,,,buy,구매,1,1,10000,estimated,bundle,text,unknown,,active,needs_review,needs_review,"가격 단위 추정, 복수 카드 가격, 배송비 포함 여부 미확정, 묶음·세트 총액 · 개별 카드 가격 아님",estimated,no,no,"loadScript('//t1.kakaocdn.net/kas/static/ba.min.js', true);"
395bc650cd4558fc2f7720b3,vg,뱅가드,2026-08,2026-08-09T19:22:03+09:00,known,139710cea542ef8a01998f3a,395bc650cd4558fc2f7720b3,582083,https://m.dcinside.com/board/vg/582083,일d 유스팬텀 카드랑 드라엠 트리거 구합니다,seller-278c04b13773ea71b2f5d559,뜌땨,guest,,장당,장당,,,buy,구매,3,0.3,3000,estimated,per_card,text,unknown,,active,needs_review,needs_review,"가격 단위 추정, 배송비 포함 여부 미확정",estimated,yes,candidate_estimated,3장 장당 0.3
53f22123ceb4ab0734dfdfd0,vg,뱅가드,2026-08,2026-08-09T19:22:03+09:00,known,c05a3b2e4bf02c2fc61558c2,53f22123ceb4ab0734dfdfd0,582083,https://m.dcinside.com/board/vg/582083,일d 유스팬텀 카드랑 드라엠 트리거 구합니다,seller-3f158f0451c1286dea559ecd,뜌땨,guest,,장당,장당,,,buy,구매,3,0.3,3000,estimated,per_card,text,unknown,,active,needs_review,needs_review,"가격 단위 추정, 배송비 포함 여부 미확정",estimated,yes,candidate_estimated,3장 장당 0.3
682422bb58a3771dc9532ef4,vg,뱅가드,2026-08,2026-08-09T19:22:03+09:00,known,c05a3b2e4bf02c2fc61558c2,682422bb58a3771dc9532ef4,582083,https://m.dcinside.com/board/vg/582083,일d 유스팬텀 카드랑 드라엠 트리거 구합니다,seller-3f158f0451c1286dea559ecd,뜌땨,guest,,장당,장당,,,buy,구매,4,0.1,1000,estimated,per_card,text,unknown,,active,needs_review,needs_review,"가격 단위 추정, 배송비 포함 여부 미확정",estimated,yes,candidate_estimated,4장 장당 0.1
7421528b30d0c182ee5b4f75,vg,뱅가드,2026-08,2026-08-09T19:22:03+09:00,known,139710cea542ef8a01998f3a,7421528b30d0c182ee5b4f75,582083,https://m.dcinside.com/board/vg/582083,일d 유스팬텀 카드랑 드라엠 트리거 구합니다,seller-278c04b13773ea71b2f5d559,뜌땨,guest,DOM 삽입 헬퍼 현재 스크립트 위치 기준,DOM 삽입 헬퍼 현재 스크립트 위치 기준,// ---- DOM 삽입 헬퍼 (현재 스크립트 위치 기준,,,buy,구매,1,1,10000,estimated,bundle,text,unknown,,active,needs_review,needs_review,"가격 단위 추정, 복수 카드 가격, 배송비 포함 여부 미확정, 묶음·세트 총액 · 개별 카드 가격 아님",estimated,no,no,// ---- DOM 삽입 헬퍼 (현재 스크립트 위치 기준1)
75ebbb5c4e6da09b1fdc362b,vg,뱅가드,2026-08,2026-08-09T19:22:03+09:00,known,139710cea542ef8a01998f3a,75ebbb5c4e6da09b1fdc362b,582083,https://m.dcinside.com/board/vg/582083,일d 유스팬텀 카드랑 드라엠 트리거 구합니다,seller-278c04b13773ea71b2f5d559,뜌땨,guest,,장당,장당,,,buy,구매,4,0.1,1000,estimated,per_card,text,unknown,,active,needs_review,needs_review,"가격 단위 추정, 배송비 포함 여부 미확정",estimated,yes,candidate_estimated,4장 장당 0.1
778b4ef144eafddb423b9519,vg,뱅가드,2026-08,2026-08-09T19:22:03+09:00,known,fc65d95a596faa02b29157d1,778b4ef144eafddb423b9519,582083,https://m.dcinside.com/board/vg/582083,일d 유스팬텀 카드랑 드라엠 트리거 구합니다,seller-f8fb17681bff6e30bc11dd6c,뜌땨,guest,var safe = window.dcAd && window.dcAd.safe ==,var safe = window.dcAd && window.dcAd.safe ==,var safe = (window.dcAd && window.dcAd.safe ==,,,buy,구매,1,1,10000,estimated,bundle,text,unknown,,active,needs_review,needs_review,"가격 단위 추정, 복수 카드 가격, 배송비 포함 여부 미확정, 묶음·세트 총액 · 개별 카드 가격 아님",estimated,no,no,var safe = (window.dcAd && window.dcAd.safe == 1)
7dc358e91c9cfb08e2badc50,vg,뱅가드,2026-08,2026-08-09T19:22:03+09:00,known,139710cea542ef8a01998f3a,7dc358e91c9cfb08e2badc50,582083,https://m.dcinside.com/board/vg/582083,일d 유스팬텀 카드랑 드라엠 트리거 구합니다,seller-278c04b13773ea71b2f5d559,뜌땨,guest,,,,,,buy,구매,1,0.3,3000,estimated,per_card,text,unknown,,active,needs_review,needs_review,"가격 단위 추정, 배송비 포함 여부 미확정, 카드명 확인 필요",estimated,yes,candidate_estimated,1장 0.3
8a7cbb3ccfc14061031208e9,vg,뱅가드,2026-08,2026-08-09T19:22:03+09:00,known,fc65d95a596faa02b29157d1,8a7cbb3ccfc14061031208e9,582083,https://m.dcinside.com/board/vg/582083,일d 유스팬텀 카드랑 드라엠 트리거 구합니다,seller-f8fb17681bff6e30bc11dd6c,뜌땨,guest,,,,,,buy,구매,1,0.3,3000,estimated,per_card,text,unknown,,active,needs_review,needs_review,"가격 단위 추정, 배송비 포함 여부 미확정, 카드명 확인 필요",estimated,yes,candidate_estimated,1장 0.3
95bd562d16f01c4b1195439a,vg,뱅가드,2026-08,2026-08-09T19:22:03+09:00,known,fc65d95a596faa02b29157d1,95bd562d16f01c4b1195439a,582083,https://m.dcinside.com/board/vg/582083,일d 유스팬텀 카드랑 드라엠 트리거 구합니다,seller-f8fb17681bff6e30bc11dd6c,뜌땨,guest,loadScript 'https pagead,loadScript 'https pagead,loadScript('https://pagead,,,buy,구매,1,2,20000,estimated,bundle,text,unknown,,active,needs_review,needs_review,"가격 단위 추정, 복수 카드 가격, 배송비 포함 여부 미확정, 묶음·세트 총액 · 개별 카드 가격 아님",estimated,no,no,"loadScript('https://pagead2.googlesyndication.com/pagead/js/adsbygoogle_direct.js?client=ca-pub-8171468792791627', true, 'anonymous');"
993773ac34effadd30012c9a,vg,뱅가드,2026-08,2026-08-09T19:22:03+09:00,known,c05a3b2e4bf02c2fc61558c2,993773ac34effadd30012c9a,582083,https://m.dcinside.com/board/vg/582083,일d 유스팬텀 카드랑 드라엠 트리거 구합니다,seller-3f158f0451c1286dea559ecd,뜌땨,guest,var safe = window.dcAd && window.dcAd.safe ==,var safe = window.dcAd && window.dcAd.safe ==,var safe = (window.dcAd && window.dcAd.safe ==,,,buy,구매,1,1,10000,estimated,bundle,text,unknown,,active,needs_review,needs_review,"가격 단위 추정, 복수 카드 가격, 배송비 포함 여부 미확정, 묶음·세트 총액 · 개별 카드 가격 아님",estimated,no,no,var safe = (window.dcAd && window.dcAd.safe == 1)
9fd00381a7c5d3bd9c0ba679,vg,뱅가드,2026-08,2026-08-09T19:22:03+09:00,known,a22f9364b9206741f2c69b7f,9fd00381a7c5d3bd9c0ba679,582083,https://m.dcinside.com/board/vg/582083,일d 유스팬텀 카드랑 드라엠 트리거 구합니다,seller-121c7ae29e783260bfd8e0e0,뜌땨,guest,,장당,장당,,,buy,구매,3,0.3,3000,estimated,per_card,text,unknown,,active,needs_review,needs_review,"가격 단위 추정, 배송비 포함 여부 미확정",estimated,yes,candidate_estimated,3장 장당 0.3
a410c5b70da1715b07d9d0b3,vg,뱅가드,2026-08,2026-08-09T19:22:03+09:00,known,a22f9364b9206741f2c69b7f,a410c5b70da1715b07d9d0b3,582083,https://m.dcinside.com/board/vg/582083,일d 유스팬텀 카드랑 드라엠 트리거 구합니다,seller-121c7ae29e783260bfd8e0e0,뜌땨,guest,,장당,장당,,,buy,구매,2,0.1,1000,estimated,per_card,text,unknown,,active,needs_review,needs_review,"가격 단위 추정, 배송비 포함 여부 미확정",estimated,yes,candidate_estimated,2장 장당 0.1
a8b0fd419e1cee8047eca9eb,vg,뱅가드,2026-08,2026-08-09T19:22:03+09:00,known,fc65d95a596faa02b29157d1,a8b0fd419e1cee8047eca9eb,582083,https://m.dcinside.com/board/vg/582083,일d 유스팬텀 카드랑 드라엠 트리거 구합니다,seller-f8fb17681bff6e30bc11dd6c,뜌땨,guest,,장당,장당,,,buy,구매,3,0.3,3000,estimated,per_card,text,unknown,,active,needs_review,needs_review,"가격 단위 추정, 배송비 포함 여부 미확정",estimated,yes,candidate_estimated,3장 장당 0.3
abaa4d66a7de76b9b6bf53c4,vg,뱅가드,2026-08,2026-08-09T19:22:03+09:00,known,a22f9364b9206741f2c69b7f,abaa4d66a7de76b9b6bf53c4,582083,https://m.dcinside.com/board/vg/582083,일d 유스팬텀 카드랑 드라엠 트리거 구합니다,seller-121c7ae29e783260bfd8e0e0,뜌땨,guest,var safe = window.dcAd && window.dcAd.safe ==,var safe = window.dcAd && window.dcAd.safe ==,var safe = (window.dcAd && window.dcAd.safe ==,,,buy,구매,1,1,10000,estimated,bundle,text,unknown,,active,needs_review,needs_review,"가격 단위 추정, 복수 카드 가격, 배송비 포함 여부 미확정, 묶음·세트 총액 · 개별 카드 가격 아님",estimated,no,no,var safe = (window.dcAd && window.dcAd.safe == 1)
b1c98156303ddf51afb15a1e,vg,뱅가드,2026-08,2026-08-09T19:22:03+09:00,known,a22f9364b9206741f2c69b7f,b1c98156303ddf51afb15a1e,582083,https://m.dcinside.com/board/vg/582083,일d 유스팬텀 카드랑 드라엠 트리거 구합니다,seller-121c7ae29e783260bfd8e0e0,뜌땨,guest,DOM 삽입 헬퍼 현재 스크립트 위치 기준,DOM 삽입 헬퍼 현재 스크립트 위치 기준,// ---- DOM 삽입 헬퍼 (현재 스크립트 위치 기준,,,buy,구매,1,1,10000,estimated,bundle,text,unknown,,active,needs_review,needs_review,"가격 단위 추정, 복수 카드 가격, 배송비 포함 여부 미확정, 묶음·세트 총액 · 개별 카드 가격 아님",estimated,no,no,// ---- DOM 삽입 헬퍼 (현재 스크립트 위치 기준1)
b8b4339c1b4eeab604d3308a,vg,뱅가드,2026-08,2026-08-09T19:22:03+09:00,known,fc65d95a596faa02b29157d1,b8b4339c1b4eeab604d3308a,582083,https://m.dcinside.com/board/vg/582083,일d 유스팬텀 카드랑 드라엠 트리거 구합니다,seller-f8fb17681bff6e30bc11dd6c,뜌땨,guest,DOM 삽입 헬퍼 현재 스크립트 위치 기준,DOM 삽입 헬퍼 현재 스크립트 위치 기준,// ---- DOM 삽입 헬퍼 (현재 스크립트 위치 기준,,,buy,구매,1,1,10000,estimated,bundle,text,unknown,,active,needs_review,needs_review,"가격 단위 추정, 복수 카드 가격, 배송비 포함 여부 미확정, 묶음·세트 총액 · 개별 카드 가격 아님",estimated,no,no,// ---- DOM 삽입 헬퍼 (현재 스크립트 위치 기준1)
ba57144202a045f74bc6495b,vg,뱅가드,2026-08,2026-08-09T19:22:03+09:00,known,139710cea542ef8a01998f3a,ba57144202a045f74bc6495b,582083,https://m.dcinside.com/board/vg/582083,일d 유스팬텀 카드랑 드라엠 트리거 구합니다,seller-278c04b13773ea71b2f5d559,뜌땨,guest,loadScript 'https pagead,loadScript 'https pagead,loadScript('https://pagead,,,buy,구매,1,2,20000,estimated,bundle,text,unknown,,active,needs_review,needs_review,"가격 단위 추정, 복수 카드 가격, 배송비 포함 여부 미확정, 묶음·세트 총액 · 개별 카드 가격 아님",estimated,no,no,"loadScript('https://pagead2.googlesyndication.com/pagead/js/adsbygoogle_direct.js?client=ca-pub-8171468792791627', true, 'anonymous');"
be9f8e3f1c6bc484d3551246,vg,뱅가드,2026-08,2026-08-09T19:22:03+09:00,known,a22f9364b9206741f2c69b7f,be9f8e3f1c6bc484d3551246,582083,https://m.dcinside.com/board/vg/582083,일d 유스팬텀 카드랑 드라엠 트리거 구합니다,seller-121c7ae29e783260bfd8e0e0,뜌땨,guest,loadScript ' t,loadScript ' t,loadScript('//t,,,buy,구매,1,1,10000,estimated,bundle,text,unknown,,active,needs_review,needs_review,"가격 단위 추정, 복수 카드 가격, 배송비 포함 여부 미확정, 묶음·세트 총액 · 개별 카드 가격 아님",estimated,no,no,"loadScript('//t1.kakaocdn.net/kas/static/ba.min.js', true);"
c6902f5a03721f8e5dc34cd1,vg,뱅가드,2026-08,2026-08-09T19:22:03+09:00,known,a22f9364b9206741f2c69b7f,c6902f5a03721f8e5dc34cd1,582083,https://m.dcinside.com/board/vg/582083,일d 유스팬텀 카드랑 드라엠 트리거 구합니다,seller-121c7ae29e783260bfd8e0e0,뜌땨,guest,loadScript 'https pagead,loadScript 'https pagead,loadScript('https://pagead,,,buy,구매,1,2,20000,estimated,bundle,text,unknown,,active,needs_review,needs_review,"가격 단위 추정, 복수 카드 가격, 배송비 포함 여부 미확정, 묶음·세트 총액 · 개별 카드 가격 아님",estimated,no,no,"loadScript('https://pagead2.googlesyndication.com/pagead/js/adsbygoogle_direct.js?client=ca-pub-8171468792791627', true, 'anonymous');"
c739f65b19867ada45197d93,vg,뱅가드,2026-08,2026-08-09T19:22:03+09:00,known,fc65d95a596faa02b29157d1,c739f65b19867ada45197d93,582083,https://m.dcinside.com/board/vg/582083,일d 유스팬텀 카드랑 드라엠 트리거 구합니다,seller-f8fb17681bff6e30bc11dd6c,뜌땨,guest,,장당,장당,,,buy,구매,4,0.1,1000,estimated,per_card,text,unknown,,active,needs_review,needs_review,"가격 단위 추정, 배송비 포함 여부 미확정",estimated,yes,candidate_estimated,4장 장당 0.1
d9d80646f6a5bcf1398de02d,vg,뱅가드,2026-08,2026-08-09T19:22:03+09:00,known,139710cea542ef8a01998f3a,d9d80646f6a5bcf1398de02d,582083,https://m.dcinside.com/board/vg/582083,일d 유스팬텀 카드랑 드라엠 트리거 구합니다,seller-278c04b13773ea71b2f5d559,뜌땨,guest,loadScript ' t,loadScript ' t,loadScript('//t,,,buy,구매,1,1,10000,estimated,bundle,text,unknown,,active,needs_review,needs_review,"가격 단위 추정, 복수 카드 가격, 배송비 포함 여부 미확정, 묶음·세트 총액 · 개별 카드 가격 아님",estimated,no,no,"loadScript('//t1.kakaocdn.net/kas/static/ba.min.js', true);"
def1f5c8938a5db823820471,vg,뱅가드,2026-08,2026-08-09T19:22:03+09:00,known,c05a3b2e4bf02c2fc61558c2,def1f5c8938a5db823820471,582083,https://m.dcinside.com/board/vg/582083,일d 유스팬텀 카드랑 드라엠 트리거 구합니다,seller-3f158f0451c1286dea559ecd,뜌땨,guest,DOM 삽입 헬퍼 현재 스크립트 위치 기준,DOM 삽입 헬퍼 현재 스크립트 위치 기준,// ---- DOM 삽입 헬퍼 (현재 스크립트 위치 기준,,,buy,구매,1,1,10000,estimated,bundle,text,unknown,,active,needs_review,needs_review,"가격 단위 추정, 복수 카드 가격, 배송비 포함 여부 미확정, 묶음·세트 총액 · 개별 카드 가격 아님",estimated,no,no,// ---- DOM 삽입 헬퍼 (현재 스크립트 위치 기준1)
e2a316e17a2e1cb771f20717,vg,뱅가드,2026-08,2026-08-09T19:22:03+09:00,known,c05a3b2e4bf02c2fc61558c2,e2a316e17a2e1cb771f20717,582083,https://m.dcinside.com/board/vg/582083,일d 유스팬텀 카드랑 드라엠 트리거 구합니다,seller-3f158f0451c1286dea559ecd,뜌땨,guest,loadScript 'https pagead,loadScript 'https pagead,loadScript('https://pagead,,,buy,구매,1,2,20000,estimated,bundle,text,unknown,,active,needs_review,needs_review,"가격 단위 추정, 복수 카드 가격, 배송비 포함 여부 미확정, 묶음·세트 총액 · 개별 카드 가격 아님",estimated,no,no,"loadScript('https://pagead2.googlesyndication.com/pagead/js/adsbygoogle_direct.js?client=ca-pub-8171468792791627', true, 'anonymous');"
e879f3be7dfb3a0bfeee5409,vg,뱅가드,2026-08,2026-08-09T19:22:03+09:00,known,a22f9364b9206741f2c69b7f,e879f3be7dfb3a0bfeee5409,582083,https://m.dcinside.com/board/vg/582083,일d 유스팬텀 카드랑 드라엠 트리거 구합니다,seller-121c7ae29e783260bfd8e0e0,뜌땨,guest,,,,,,buy,구매,1,0.3,3000,estimated,per_card,text,unknown,,active,needs_review,needs_review,"가격 단위 추정, 배송비 포함 여부 미확정, 카드명 확인 필요",estimated,yes,candidate_estimated,1장 0.3
ef345f77aa0f2b115f0e9d81,vg,뱅가드,2026-08,2026-08-09T19:22:03+09:00,known,c05a3b2e4bf02c2fc61558c2,ef345f77aa0f2b115f0e9d81,582083,https://m.dcinside.com/board/vg/582083,일d 유스팬텀 카드랑 드라엠 트리거 구합니다,seller-3f158f0451c1286dea559ecd,뜌땨,guest,,,,,,buy,구매,1,0.3,3000,estimated,per_card,text,unknown,,active,needs_review,needs_review,"가격 단위 추정, 배송비 포함 여부 미확정, 카드명 확인 필요",estimated,yes,candidate_estimated,1장 0.3
f29d52c890a5b9613902b9c1,vg,뱅가드,2026-08,2026-08-09T19:22:03+09:00,known,c05a3b2e4bf02c2fc61558c2,f29d52c890a5b9613902b9c1,582083,https://m.dcinside.com/board/vg/582083,일d 유스팬텀 카드랑 드라엠 트리거 구합니다,seller-3f158f0451c1286dea559ecd,뜌땨,guest,,장당,장당,,,buy,구매,2,0.1,1000,estimated,per_card,text,unknown,,active,needs_review,needs_review,"가격 단위 추정, 배송비 포함 여부 미확정",estimated,yes,candidate_estimated,2장 장당 0.1
f7b49cc1b67db2e16a57e814,vg,뱅가드,2026-08,2026-08-09T19:22:03+09:00,known,fc65d95a596faa02b29157d1,f7b49cc1b67db2e16a57e814,582083,https://m.dcinside.com/board/vg/582083,일d 유스팬텀 카드랑 드라엠 트리거 구합니다,seller-f8fb17681bff6e30bc11dd6c,뜌땨,guest,,장당,장당,,,buy,구매,2,0.1,1000,estimated,per_card,text,unknown,,active,needs_review,needs_review,"가격 단위 추정, 배송비 포함 여부 미확정",estimated,yes,candidate_estimated,2장 장당 0.1
0e4aeafceb3190151af1fbf4,vg,뱅가드,2026-08,2026-08-09T20:28:50+09:00,known,a651998c443d6fcf489b5cf4,0e4aeafceb3190151af1fbf4,582098,https://m.dcinside.com/board/vg/582098,벨스 팬텀 고레어 구해요,seller-bc72c5688e0c1fa9557577f7,키요쿠라타이조,guest,벨스 팬텀 ffr,벨스 팬텀 ffr,벨스 팬텀 ffr,,,buy,구매,1,2,20000,estimated,per_card,text,unknown,,active,needs_review,needs_review,"가격 단위 추정, 배송비 포함 여부 미확정",estimated,yes,candidate_estimated,벨스 팬텀 ffr 2
1830ab366b2e24982ac5af66,vg,뱅가드,2026-08,2026-08-09T20:28:50+09:00,known,4f9801c32ae7738b1d11a076,1830ab366b2e24982ac5af66,582098,https://m.dcinside.com/board/vg/582098,벨스 팬텀 고레어 구해요,seller-9adf0810c0edd53835024933,키요쿠라타이조,guest,벨스 팬텀 ffr,벨스 팬텀 ffr,벨스 팬텀 ffr,,,buy,구매,1,2,20000,estimated,per_card,text,unknown,,active,needs_review,needs_review,"가격 단위 추정, 배송비 포함 여부 미확정",estimated,yes,candidate_estimated,벨스 팬텀 ffr 2
99bae5ce206c9b545c82f99a,vg,뱅가드,2026-08,2026-08-09T20:28:50+09:00,known,c98e7a7e161fe655d506eecb,99bae5ce206c9b545c82f99a,582098,https://m.dcinside.com/board/vg/582098,벨스 팬텀 고레어 구해요,seller-42e5f356da7b906b78cdbe3f,키요쿠라타이조,guest,벨스 팬텀 ffr,벨스 팬텀 ffr,벨스 팬텀 ffr,,,buy,구매,1,2,20000,estimated,per_card,text,unknown,,active,needs_review,needs_review,"가격 단위 추정, 배송비 포함 여부 미확정",estimated,yes,candidate_estimated,벨스 팬텀 ffr 2
a22cf675736daf8f2d8bbd93,vg,뱅가드,2026-08,2026-08-09T20:28:50+09:00,known,fd9c927a2ce08dc2754acf9c,a22cf675736daf8f2d8bbd93,582098,https://m.dcinside.com/board/vg/582098,벨스 팬텀 고레어 구해요,seller-1410cde2d995a495b31c094d,키요쿠라타이조,guest,벨스 팬텀 ffr,벨스 팬텀 ffr,벨스 팬텀 ffr,,,buy,구매,1,2,20000,estimated,per_card,text,unknown,,active,needs_review,needs_review,"가격 단위 추정, 배송비 포함 여부 미확정",estimated,yes,candidate_estimated,벨스 팬텀 ffr 2
0d5fd5e6e3d1bfb2474c5eea,vg,뱅가드,2026-08,2026-08-09T21:05:53+09:00,known,16615f6afe6d3162453b8e3a,0d5fd5e6e3d1bfb2474c5eea,582108,https://m.dcinside.com/board/vg/582108,염려검무 sr 구매합니다,seller-ea52d495b073b191045c5eda,세줄일기장,registered,,,,,,buy,구매,1,0.7,7000,estimated,per_card,text,unknown,,active,needs_review,needs_review,"가격 단위 추정, 배송비 포함 여부 미확정, 카드명 확인 필요",estimated,yes,candidate_estimated,1장 0.7에 구매합니다
5ceb582edf02820f02b43ce6,vg,뱅가드,2026-08,2026-08-09T21:05:53+09:00,known,e26d2a5257e1f54a996f149a,5ceb582edf02820f02b43ce6,582108,https://m.dcinside.com/board/vg/582108,염려검무 sr 구매합니다,seller-ea52d495b073b191045c5eda,세줄일기장,registered,,,,,,buy,구매,1,0.7,7000,estimated,per_card,text,unknown,,active,needs_review,needs_review,"가격 단위 추정, 배송비 포함 여부 미확정, 카드명 확인 필요",estimated,yes,candidate_estimated,1장 0.7에 구매합니다
8ad0e5f748c2a6845d56b8da,vg,뱅가드,2026-08,2026-08-09T21:05:53+09:00,known,9f8d5797be9abfff2b3ec4e9,8ad0e5f748c2a6845d56b8da,582108,https://m.dcinside.com/board/vg/582108,염려검무 sr 구매합니다,seller-ea52d495b073b191045c5eda,세줄일기장,registered,,,,,,buy,구매,1,0.7,7000,estimated,per_card,text,unknown,,active,needs_review,needs_review,"가격 단위 추정, 배송비 포함 여부 미확정, 카드명 확인 필요",estimated,yes,candidate_estimated,1장 0.7에 구매합니다
d389beb3968891831fcd8751,vg,뱅가드,2026-08,2026-08-09T21:05:53+09:00,known,569d155ab8406bd5817c1df3,d389beb3968891831fcd8751,582108,https://m.dcinside.com/board/vg/582108,염려검무 sr 구매합니다,seller-ea52d495b073b191045c5eda,세줄일기장,registered,,,,,,buy,구매,1,0.7,7000,estimated,per_card,text,unknown,,active,needs_review,needs_review,"가격 단위 추정, 배송비 포함 여부 미확정, 카드명 확인 필요",estimated,yes,candidate_estimated,1장 0.7에 구매합니다
2a871c92591fe7f35280fbd5,vg,뱅가드,2026-08,2026-08-09T23:46:41+09:00,known,17a7a9c7142da4ce86ab8ae6,2a871c92591fe7f35280fbd5,582142,https://m.dcinside.com/board/vg/582142,일D) 성배 파옵 캐러밴 삽니다,seller-5ae697947eed57e02dedce5e,팬케이크,guest,캐러밴,캐러밴,캐러밴,,,buy,구매,1,0.6,6000,estimated,per_card,text,unknown,,active,needs_review,needs_review,"가격 단위 추정, 배송비 포함 여부 미확정",estimated,yes,candidate_estimated,캐러밴 0.6에 삽니다
35b4b0ff2789a341740c4e90,vg,뱅가드,2026-08,2026-08-09T23:46:41+09:00,known,17a7a9c7142da4ce86ab8ae6,35b4b0ff2789a341740c4e90,582142,https://m.dcinside.com/board/vg/582142,일D) 성배 파옵 캐러밴 삽니다,seller-5ae697947eed57e02dedce5e,팬케이크,guest,성배,성배,성배,,,buy,구매,1,0.4,4000,estimated,per_card,text,unknown,,active,needs_review,needs_review,"가격 단위 추정, 배송비 포함 여부 미확정",estimated,yes,candidate_estimated,성배 0.4
5526bdb5ddc03157d2a18630,vg,뱅가드,2026-08,2026-08-09T23:46:41+09:00,known,2964cd68b0a066f418f22e2e,5526bdb5ddc03157d2a18630,582142,https://m.dcinside.com/board/vg/582142,일D) 성배 파옵 캐러밴 삽니다,seller-db585f6ac62776a214370979,팬케이크,guest,파옵,파옵,파옵,,,buy,구매,1,1.5,15000,estimated,per_card,text,unknown,,active,needs_review,needs_review,"가격 단위 추정, 배송비 포함 여부 미확정",estimated,yes,candidate_estimated,파옵 1.5
6e7ef5f97428956b0a968df6,vg,뱅가드,2026-08,2026-08-09T23:46:41+09:00,known,2964cd68b0a066f418f22e2e,6e7ef5f97428956b0a968df6,582142,https://m.dcinside.com/board/vg/582142,일D) 성배 파옵 캐러밴 삽니다,seller-db585f6ac62776a214370979,팬케이크,guest,캐러밴,캐러밴,캐러밴,,,buy,구매,1,0.6,6000,estimated,per_card,text,unknown,,active,needs_review,needs_review,"가격 단위 추정, 배송비 포함 여부 미확정",estimated,yes,candidate_estimated,캐러밴 0.6에 삽니다
73ce6efcf6b8bab6de010393,vg,뱅가드,2026-08,2026-08-09T23:46:41+09:00,known,2964cd68b0a066f418f22e2e,73ce6efcf6b8bab6de010393,582142,https://m.dcinside.com/board/vg/582142,일D) 성배 파옵 캐러밴 삽니다,seller-db585f6ac62776a214370979,팬케이크,guest,성배,성배,성배,,,buy,구매,1,0.4,4000,estimated,per_card,text,unknown,,active,needs_review,needs_review,"가격 단위 추정, 배송비 포함 여부 미확정",estimated,yes,candidate_estimated,성배 0.4
753d2c5c46dcefa9f4cbb328,vg,뱅가드,2026-08,2026-08-09T23:46:41+09:00,known,656e0edea84831fdbac6ca91,753d2c5c46dcefa9f4cbb328,582142,https://m.dcinside.com/board/vg/582142,일D) 성배 파옵 캐러밴 삽니다,seller-ab6afda0c1dd8cb289ea59f8,팬케이크,guest,파옵,파옵,파옵,,,buy,구매,1,1.5,15000,estimated,per_card,text,unknown,,active,needs_review,needs_review,"가격 단위 추정, 배송비 포함 여부 미확정",estimated,yes,candidate_estimated,파옵 1.5
772a8e8414c9518afdcee9cc,vg,뱅가드,2026-08,2026-08-09T23:46:41+09:00,known,656e0edea84831fdbac6ca91,772a8e8414c9518afdcee9cc,582142,https://m.dcinside.com/board/vg/582142,일D) 성배 파옵 캐러밴 삽니다,seller-ab6afda0c1dd8cb289ea59f8,팬케이크,guest,성배,성배,성배,,,buy,구매,1,0.4,4000,estimated,per_card,text,unknown,,active,needs_review,needs_review,"가격 단위 추정, 배송비 포함 여부 미확정",estimated,yes,candidate_estimated,성배 0.4
b52fe31d3f1fcb5f62c49d68,vg,뱅가드,2026-08,2026-08-09T23:46:41+09:00,known,e16ace1cecd53fd02c6c2c23,b52fe31d3f1fcb5f62c49d68,582142,https://m.dcinside.com/board/vg/582142,일D) 성배 파옵 캐러밴 삽니다,seller-b666e1379042b60f71e420a9,팬케이크,guest,파옵,파옵,파옵,,,buy,구매,1,1.5,15000,estimated,per_card,text,unknown,,active,needs_review,needs_review,"가격 단위 추정, 배송비 포함 여부 미확정",estimated,yes,candidate_estimated,파옵 1.5
c2a1175e8d184c59ce00f8b1,vg,뱅가드,2026-08,2026-08-09T23:46:41+09:00,known,17a7a9c7142da4ce86ab8ae6,c2a1175e8d184c59ce00f8b1,582142,https://m.dcinside.com/board/vg/582142,일D) 성배 파옵 캐러밴 삽니다,seller-5ae697947eed57e02dedce5e,팬케이크,guest,파옵,파옵,파옵,,,buy,구매,1,1.5,15000,estimated,per_card,text,unknown,,active,needs_review,needs_review,"가격 단위 추정, 배송비 포함 여부 미확정",estimated,yes,candidate_estimated,파옵 1.5
cad64e97b023942c2950fcb6,vg,뱅가드,2026-08,2026-08-09T23:46:41+09:00,known,e16ace1cecd53fd02c6c2c23,cad64e97b023942c2950fcb6,582142,https://m.dcinside.com/board/vg/582142,일D) 성배 파옵 캐러밴 삽니다,seller-b666e1379042b60f71e420a9,팬케이크,guest,캐러밴,캐러밴,캐러밴,,,buy,구매,1,0.6,6000,estimated,per_card,text,unknown,,active,needs_review,needs_review,"가격 단위 추정, 배송비 포함 여부 미확정",estimated,yes,candidate_estimated,캐러밴 0.6에 삽니다
d2078056d39fa9e8f09366a0,vg,뱅가드,2026-08,2026-08-09T23:46:41+09:00,known,656e0edea84831fdbac6ca91,d2078056d39fa9e8f09366a0,582142,https://m.dcinside.com/board/vg/582142,일D) 성배 파옵 캐러밴 삽니다,seller-ab6afda0c1dd8cb289ea59f8,팬케이크,guest,캐러밴,캐러밴,캐러밴,,,buy,구매,1,0.6,6000,estimated,per_card,text,unknown,,active,needs_review,needs_review,"가격 단위 추정, 배송비 포함 여부 미확정",estimated,yes,candidate_estimated,캐러밴 0.6에 삽니다
f88b7a77e79c25d75e2efc26,vg,뱅가드,2026-08,2026-08-09T23:46:41+09:00,known,e16ace1cecd53fd02c6c2c23,f88b7a77e79c25d75e2efc26,582142,https://m.dcinside.com/board/vg/582142,일D) 성배 파옵 캐러밴 삽니다,seller-b666e1379042b60f71e420a9,팬케이크,guest,성배,성배,성배,,,buy,구매,1,0.4,4000,estimated,per_card,text,unknown,,active,needs_review,needs_review,"가격 단위 추정, 배송비 포함 여부 미확정",estimated,yes,candidate_estimated,성배 0.4
1853fc78d32185dfcfa60338,vg,뱅가드,2026-08,2026-08-10T00:06:02+09:00,known,7d39179d73538b53d4329788,1853fc78d32185dfcfa60338,582148,https://m.dcinside.com/board/vg/582148,"일판) 리리컬 혁싸, 20프론트 삽니다",seller-78eec77a6e6eb58efb2c2944,사망플래그,guest,일판 리리컬 혁싸 20프론트,일판 리리컬 혁싸 20프론트,"일판) 리리컬 혁싸, 20프론트",,,buy,구매,3,,,missing,unknown,unknown,unknown,,active,needs_review,needs_review,희망가 미기재,missing,no,no,"일판) 리리컬 혁싸, 20프론트 삽니다"
393e87197e9f9ba808fe4ad7,vg,뱅가드,2026-08,2026-08-10T00:06:02+09:00,known,b99855311628a0bd0d971c6a,393e87197e9f9ba808fe4ad7,582148,https://m.dcinside.com/board/vg/582148,"일판) 리리컬 혁싸, 20프론트 삽니다",seller-48743b9936d4059eb1d279e1,사망플래그,guest,일판 리리컬 혁싸 20프론트,일판 리리컬 혁싸 20프론트,"일판) 리리컬 혁싸, 20프론트",,,buy,구매,3,,,missing,unknown,unknown,unknown,,active,needs_review,needs_review,희망가 미기재,missing,no,no,"일판) 리리컬 혁싸, 20프론트 삽니다"
4b474141e612263087deaee3,vg,뱅가드,2026-08,2026-08-10T00:06:02+09:00,known,5df06ff5d61a7bda05116091,4b474141e612263087deaee3,582148,https://m.dcinside.com/board/vg/582148,"일판) 리리컬 혁싸, 20프론트 삽니다",seller-7f50f950b31bbfad1aab68a2,사망플래그,guest,일판 리리컬 혁싸 20프론트,일판 리리컬 혁싸 20프론트,"일판) 리리컬 혁싸, 20프론트",,,buy,구매,3,,,missing,unknown,unknown,unknown,,active,needs_review,needs_review,희망가 미기재,missing,no,no,"일판) 리리컬 혁싸, 20프론트 삽니다"
ff67c5c50b7ab721bc74d2fd,vg,뱅가드,2026-08,2026-08-10T00:06:02+09:00,known,a44daa4d744a8440f28d0ce2,ff67c5c50b7ab721bc74d2fd,582148,https://m.dcinside.com/board/vg/582148,"일판) 리리컬 혁싸, 20프론트 삽니다",seller-0624371535431e0cb8f14d60,사망플래그,guest,일판 리리컬 혁싸 20프론트,일판 리리컬 혁싸 20프론트,"일판) 리리컬 혁싸, 20프론트",,,buy,구매,3,,,missing,unknown,unknown,unknown,,active,needs_review,needs_review,희망가 미기재,missing,no,no,"일판) 리리컬 혁싸, 20프론트 삽니다"
9d1911fe36fb9650a8a1e599,vg,뱅가드,2026-08,2026-08-10T01:31:34+09:00,known,f4ecbe4ce92d136bcdddc6e4,9d1911fe36fb9650a8a1e599,582159,https://m.dcinside.com/board/vg/582159,일판 에르메르 삽니다.,seller-1827caa84f4c6bd0d1f3cd12,살구딸기,registered,,장당,장당,,,buy,구매,1,0.8,8000,estimated,per_card,text,unknown,,active,needs_review,needs_review,"가격 단위 추정, 배송비 포함 여부 미확정",estimated,yes,candidate_estimated,장당 0.8
c0d38a42d85572b4da02d0ca,vg,뱅가드,2026-08,2026-08-10T01:31:34+09:00,known,365f6304705e191027d5ec28,c0d38a42d85572b4da02d0ca,582159,https://m.dcinside.com/board/vg/582159,일판 에르메르 삽니다.,seller-1827caa84f4c6bd0d1f3cd12,살구딸기,registered,,장당,장당,,,buy,구매,1,0.8,8000,estimated,per_card,text,unknown,,active,needs_review,needs_review,"가격 단위 추정, 배송비 포함 여부 미확정",estimated,yes,candidate_estimated,장당 0.8
f6df657aa568da33b37b2838,vg,뱅가드,2026-08,2026-08-10T01:31:34+09:00,known,4cb3545b62f03aacb160a8cd,f6df657aa568da33b37b2838,582159,https://m.dcinside.com/board/vg/582159,일판 에르메르 삽니다.,seller-1827caa84f4c6bd0d1f3cd12,살구딸기,registered,,장당,장당,,,buy,구매,1,0.8,8000,estimated,per_card,text,unknown,,active,needs_review,needs_review,"가격 단위 추정, 배송비 포함 여부 미확정",estimated,yes,candidate_estimated,장당 0.8
f79f4a23a6dbf9cbaeac84b8,vg,뱅가드,2026-08,2026-08-10T01:31:34+09:00,known,f62c04662fd2b9904b372700,f79f4a23a6dbf9cbaeac84b8,582159,https://m.dcinside.com/board/vg/582159,일판 에르메르 삽니다.,seller-1827caa84f4c6bd0d1f3cd12,살구딸기,registered,,장당,장당,,,buy,구매,1,0.8,8000,estimated,per_card,text,unknown,,active,needs_review,needs_review,"가격 단위 추정, 배송비 포함 여부 미확정",estimated,yes,candidate_estimated,장당 0.8
00cb9fda36c32fa5a427b594,vg,뱅가드,2026-08,2026-08-10T03:11:21+09:00,known,f39fb0266992d7aaa2ce7a87,00cb9fda36c32fa5a427b594,582162,https://m.dcinside.com/board/vg/582162,일D 그2혁싸랑 리리컬 범용등 삽니다,seller-50b4b46c71327a46f7bb53bf,데이데,registered,드라엠 하비타블존 혁싸,드라엠 하비타블존 혁싸,드라엠 하비타블존(혁싸),,,buy,구매,1,1.0,10000,estimated,per_card,text,unknown,,active,needs_review,needs_review,"가격 단위 추정, 배송비 포함 여부 미확정",estimated,yes,candidate_estimated,드라엠 하비타블존(혁싸) 1장 1.0
069ea9e9a148cbd494dca324,vg,뱅가드,2026-08,2026-08-10T03:11:21+09:00,known,be672c534bf517a579bfe100,069ea9e9a148cbd494dca324,582162,https://m.dcinside.com/board/vg/582162,일D 그2혁싸랑 리리컬 범용등 삽니다,seller-50b4b46c71327a46f7bb53bf,데이데,registered,일D 성배 기본일러 아키나일러,일D 성배 기본일러 아키나일러,일D 성배 기본일러 0.4 아키나일러,,,buy,구매,1,0.6,6000,estimated,per_card,text,unknown,,active,needs_review,needs_review,"가격 단위 추정, 배송비 포함 여부 미확정",estimated,yes,candidate_estimated,일D 성배 기본일러 0.4 아키나일러 0.6
362802d2ef2e522511d1bebb,vg,뱅가드,2026-08,2026-08-10T03:11:21+09:00,known,e34129f15997e5a0886d47df,362802d2ef2e522511d1bebb,582162,https://m.dcinside.com/board/vg/582162,일D 그2혁싸랑 리리컬 범용등 삽니다,seller-50b4b46c71327a46f7bb53bf,데이데,registered,일D 성배 기본일러 아키나일러,일D 성배 기본일러 아키나일러,일D 성배 기본일러 0.4 아키나일러,,,buy,구매,1,0.6,6000,estimated,per_card,text,unknown,,active,needs_review,needs_review,"가격 단위 추정, 배송비 포함 여부 미확정",estimated,yes,candidate_estimated,일D 성배 기본일러 0.4 아키나일러 0.6
6f8678303a4bfdd92202ec83,vg,뱅가드,2026-08,2026-08-10T03:11:21+09:00,known,f39fb0266992d7aaa2ce7a87,6f8678303a4bfdd92202ec83,582162,https://m.dcinside.com/board/vg/582162,일D 그2혁싸랑 리리컬 범용등 삽니다,seller-50b4b46c71327a46f7bb53bf,데이데,registered,일D 성배 기본일러 아키나일러,일D 성배 기본일러 아키나일러,일D 성배 기본일러 0.4 아키나일러,,,buy,구매,1,0.6,6000,estimated,per_card,text,unknown,,active,needs_review,needs_review,"가격 단위 추정, 배송비 포함 여부 미확정",estimated,yes,candidate_estimated,일D 성배 기본일러 0.4 아키나일러 0.6
7900d9846f49040d28da8426,vg,뱅가드,2026-08,2026-08-10T03:11:21+09:00,known,e34129f15997e5a0886d47df,7900d9846f49040d28da8426,582162,https://m.dcinside.com/board/vg/582162,일D 그2혁싸랑 리리컬 범용등 삽니다,seller-50b4b46c71327a46f7bb53bf,데이데,registered,드라엠 하비타블존 혁싸,드라엠 하비타블존 혁싸,드라엠 하비타블존(혁싸),,,buy,구매,1,1.0,10000,estimated,per_card,text,unknown,,active,needs_review,needs_review,"가격 단위 추정, 배송비 포함 여부 미확정",estimated,yes,candidate_estimated,드라엠 하비타블존(혁싸) 1장 1.0
99e7cfa711c44ac12e5b56cb,vg,뱅가드,2026-08,2026-08-10T03:11:21+09:00,known,128499d5aea1d4068fba57f7,99e7cfa711c44ac12e5b56cb,582162,https://m.dcinside.com/board/vg/582162,일D 그2혁싸랑 리리컬 범용등 삽니다,seller-50b4b46c71327a46f7bb53bf,데이데,registered,드라엠 하비타블존 혁싸,드라엠 하비타블존 혁싸,드라엠 하비타블존(혁싸),,,buy,구매,1,1.0,10000,estimated,per_card,text,unknown,,active,needs_review,needs_review,"가격 단위 추정, 배송비 포함 여부 미확정",estimated,yes,candidate_estimated,드라엠 하비타블존(혁싸) 1장 1.0
daff039a6efe168baa829aa0,vg,뱅가드,2026-08,2026-08-10T03:11:21+09:00,known,be672c534bf517a579bfe100,daff039a6efe168baa829aa0,582162,https://m.dcinside.com/board/vg/582162,일D 그2혁싸랑 리리컬 범용등 삽니다,seller-50b4b46c71327a46f7bb53bf,데이데,registered,드라엠 하비타블존 혁싸,드라엠 하비타블존 혁싸,드라엠 하비타블존(혁싸),,,buy,구매,1,1.0,10000,estimated,per_card,text,unknown,,active,needs_review,needs_review,"가격 단위 추정, 배송비 포함 여부 미확정",estimated,yes,candidate_estimated,드라엠 하비타블존(혁싸) 1장 1.0
fcb47f1959f69f43fd395b31,vg,뱅가드,2026-08,2026-08-10T03:11:21+09:00,known,128499d5aea1d4068fba57f7,fcb47f1959f69f43fd395b31,582162,https://m.dcinside.com/board/vg/582162,일D 그2혁싸랑 리리컬 범용등 삽니다,seller-50b4b46c71327a46f7bb53bf,데이데,registered,일D 성배 기본일러 아키나일러,일D 성배 기본일러 아키나일러,일D 성배 기본일러 0.4 아키나일러,,,buy,구매,1,0.6,6000,estimated,per_card,text,unknown,,active,needs_review,needs_review,"가격 단위 추정, 배송비 포함 여부 미확정",estimated,yes,candidate_estimated,일D 성배 기본일러 0.4 아키나일러 0.6
bab6ecc7b8609f04b2c211ff,vg,뱅가드,2026-08,2026-08-10T05:04:01+09:00,known,095ae025d60f83589a75e80d,bab6ecc7b8609f04b2c211ff,582168,https://m.dcinside.com/board/vg/582168,일D 알티팬텀 짭혁월로 덱 구합니다,seller-2b100396b5e5fa406e1205a9,Showman,registered,신규 드로우 구성으로 짭혁월,신규 드로우 구성으로 짭혁월,신규 드로우 구성으로 짭혁월,,,buy,구매,1,13,130000,estimated,bundle,text,unknown,,active,needs_review,needs_review,"가격 단위 추정, 배송비 포함 여부 미확정, 묶음·세트 총액 · 개별 카드 가격 아님",estimated,no,no,신규 드로우 구성으로 짭혁월 13에 삽니다
c29738d9e03f9e9eb0981793,vg,뱅가드,2026-08,2026-08-10T05:04:01+09:00,known,1782bcd1664d45cb739f5c7a,c29738d9e03f9e9eb0981793,582168,https://m.dcinside.com/board/vg/582168,일D 알티팬텀 짭혁월로 덱 구합니다,seller-2b100396b5e5fa406e1205a9,Showman,registered,신규 드로우 구성으로 짭혁월,신규 드로우 구성으로 짭혁월,신규 드로우 구성으로 짭혁월,,,buy,구매,1,13,130000,estimated,bundle,text,unknown,,active,needs_review,needs_review,"가격 단위 추정, 배송비 포함 여부 미확정, 묶음·세트 총액 · 개별 카드 가격 아님",estimated,no,no,신규 드로우 구성으로 짭혁월 13에 삽니다
cdf7bd6af165b4ff80d5f01c,vg,뱅가드,2026-08,2026-08-10T05:04:01+09:00,known,074bc887f6fa4fbb0341f9d1,cdf7bd6af165b4ff80d5f01c,582168,https://m.dcinside.com/board/vg/582168,일D 알티팬텀 짭혁월로 덱 구합니다,seller-2b100396b5e5fa406e1205a9,Showman,registered,신규 드로우 구성으로 짭혁월,신규 드로우 구성으로 짭혁월,신규 드로우 구성으로 짭혁월,,,buy,구매,1,13,130000,estimated,bundle,text,unknown,,active,needs_review,needs_review,"가격 단위 추정, 배송비 포함 여부 미확정, 묶음·세트 총액 · 개별 카드 가격 아님",estimated,no,no,신규 드로우 구성으로 짭혁월 13에 삽니다
ff766975dd04489e45b6e948,vg,뱅가드,2026-08,2026-08-10T05:04:01+09:00,known,52aea2f7e9fcf15ab907c366,ff766975dd04489e45b6e948,582168,https://m.dcinside.com/board/vg/582168,일D 알티팬텀 짭혁월로 덱 구합니다,seller-2b100396b5e5fa406e1205a9,Showman,registered,신규 드로우 구성으로 짭혁월,신규 드로우 구성으로 짭혁월,신규 드로우 구성으로 짭혁월,,,buy,구매,1,13,130000,estimated,bundle,text,unknown,,active,needs_review,needs_review,"가격 단위 추정, 배송비 포함 여부 미확정, 묶음·세트 총액 · 개별 카드 가격 아님",estimated,no,no,신규 드로우 구성으로 짭혁월 13에 삽니다
3c0e5cc6e7cdae09f543b024,vg,뱅가드,2026-08,2026-08-10T09:11:10+09:00,known,3c3f06467d553e821a59fde7,3c0e5cc6e7cdae09f543b024,582183,https://m.dcinside.com/board/vg/582183,"일판 구오절,트윈캐스트 구함",seller-ea388d8e08ee2b5f76a67d0b,Ryu0712,guest,구오절,구오절,구오절,,,buy,구매,1,1.8,18000,estimated,per_card,text,unknown,,active,needs_review,needs_review,"가격 단위 추정, 배송비 포함 여부 미확정",estimated,yes,candidate_estimated,구오절 1.8
79a9e6e44a5d894f3d0ea94f,vg,뱅가드,2026-08,2026-08-10T09:11:10+09:00,known,b21d5e9ce67a46c17ce513e5,79a9e6e44a5d894f3d0ea94f,582183,https://m.dcinside.com/board/vg/582183,"일판 구오절,트윈캐스트 구함",seller-098dbf76c9bce0e937a7b41c,Ryu0712,guest,트윈캐스트,트윈캐스트,트윈캐스트,,,buy,구매,1,1.2,12000,estimated,per_card,text,unknown,,active,needs_review,needs_review,"가격 단위 추정, 배송비 포함 여부 미확정",estimated,yes,candidate_estimated,트윈캐스트 1.2
8798a0c089afbbb7f74a5c6e,vg,뱅가드,2026-08,2026-08-10T09:11:10+09:00,known,3c3f06467d553e821a59fde7,8798a0c089afbbb7f74a5c6e,582183,https://m.dcinside.com/board/vg/582183,"일판 구오절,트윈캐스트 구함",seller-ea388d8e08ee2b5f76a67d0b,Ryu0712,guest,트윈캐스트,트윈캐스트,트윈캐스트,,,buy,구매,1,1.2,12000,estimated,per_card,text,unknown,,active,needs_review,needs_review,"가격 단위 추정, 배송비 포함 여부 미확정",estimated,yes,candidate_estimated,트윈캐스트 1.2
900891b4e4031ae1cc7283ba,vg,뱅가드,2026-08,2026-08-10T09:11:10+09:00,known,d0ed5073abd8d098e528dabb,900891b4e4031ae1cc7283ba,582183,https://m.dcinside.com/board/vg/582183,"일판 구오절,트윈캐스트 구함",seller-30094cd0ee61c2f5c1285fbc,Ryu0712,guest,구오절,구오절,구오절,,,buy,구매,1,1.8,18000,estimated,per_card,text,unknown,,active,needs_review,needs_review,"가격 단위 추정, 배송비 포함 여부 미확정",estimated,yes,candidate_estimated,구오절 1.8
967350548cde0e28cc9c813d,vg,뱅가드,2026-08,2026-08-10T09:11:10+09:00,known,bc4d5f991eb2a069cb8ebd15,967350548cde0e28cc9c813d,582183,https://m.dcinside.com/board/vg/582183,"일판 구오절,트윈캐스트 구함",seller-4735f4b3e947850e4e4f4ebf,Ryu0712,guest,트윈캐스트,트윈캐스트,트윈캐스트,,,buy,구매,1,1.2,12000,estimated,per_card,text,unknown,,active,needs_review,needs_review,"가격 단위 추정, 배송비 포함 여부 미확정",estimated,yes,candidate_estimated,트윈캐스트 1.2
a22596f0977dbf10fa059407,vg,뱅가드,2026-08,2026-08-10T09:11:10+09:00,known,d0ed5073abd8d098e528dabb,a22596f0977dbf10fa059407,582183,https://m.dcinside.com/board/vg/582183,"일판 구오절,트윈캐스트 구함",seller-30094cd0ee61c2f5c1285fbc,Ryu0712,guest,트윈캐스트,트윈캐스트,트윈캐스트,,,buy,구매,1,1.2,12000,estimated,per_card,text,unknown,,active,needs_review,needs_review,"가격 단위 추정, 배송비 포함 여부 미확정",estimated,yes,candidate_estimated,트윈캐스트 1.2
d633a309f590594e1f173c36,vg,뱅가드,2026-08,2026-08-10T09:11:10+09:00,known,bc4d5f991eb2a069cb8ebd15,d633a309f590594e1f173c36,582183,https://m.dcinside.com/board/vg/582183,"일판 구오절,트윈캐스트 구함",seller-4735f4b3e947850e4e4f4ebf,Ryu0712,guest,구오절,구오절,구오절,,,buy,구매,1,1.8,18000,estimated,per_card,text,unknown,,active,needs_review,needs_review,"가격 단위 추정, 배송비 포함 여부 미확정",estimated,yes,candidate_estimated,구오절 1.8
e01d874ae801eefdf976c074,vg,뱅가드,2026-08,2026-08-10T09:11:10+09:00,known,2d5d5a7a22ee0e066060b01c,e01d874ae801eefdf976c074,582183,https://m.dcinside.com/board/vg/582183,"일판 구오절,트윈캐스트 구함",seller-72ee05652997f1c96d068bb0,Ryu0712,guest,구오절,구오절,구오절,,,buy,구매,1,1.8,18000,estimated,per_card,text,unknown,,active,needs_review,needs_review,"가격 단위 추정, 배송비 포함 여부 미확정",estimated,yes,candidate_estimated,구오절 1.8
e11e3ee5fc8ce6e921a8f830,vg,뱅가드,2026-08,2026-08-10T09:11:10+09:00,known,2d5d5a7a22ee0e066060b01c,e11e3ee5fc8ce6e921a8f830,582183,https://m.dcinside.com/board/vg/582183,"일판 구오절,트윈캐스트 구함",seller-72ee05652997f1c96d068bb0,Ryu0712,guest,트윈캐스트,트윈캐스트,트윈캐스트,,,buy,구매,1,1.2,12000,estimated,per_card,text,unknown,,active,needs_review,needs_review,"가격 단위 추정, 배송비 포함 여부 미확정",estimated,yes,candidate_estimated,트윈캐스트 1.2
f070ad37ebd901375383c3b0,vg,뱅가드,2026-08,2026-08-10T09:11:10+09:00,known,b21d5e9ce67a46c17ce513e5,f070ad37ebd901375383c3b0,582183,https://m.dcinside.com/board/vg/582183,"일판 구오절,트윈캐스트 구함",seller-098dbf76c9bce0e937a7b41c,Ryu0712,guest,구오절,구오절,구오절,,,buy,구매,1,1.8,18000,estimated,per_card,text,unknown,,active,needs_review,needs_review,"가격 단위 추정, 배송비 포함 여부 미확정",estimated,yes,candidate_estimated,구오절 1.8
0218c26e9f7551b9d04f5505,vg,뱅가드,2026-08,2026-08-10T14:04:10+09:00,known,1c45e384311eab88b44e5747,0218c26e9f7551b9d04f5505,582232,https://m.dcinside.com/board/vg/582232,"글D 홍련오더 4장, 드라엠 실드프론트3장 구매합니다.",seller-93efe354e578bd34bc4f4b16,토론이,guest,loadScript 'https pagead,loadScript 'https pagead,loadScript('https://pagead,,,buy,구매,1,2,20000,estimated,bundle,text,unknown,,active,needs_review,needs_review,"가격 단위 추정, 복수 카드 가격, 배송비 포함 여부 미확정, 묶음·세트 총액 · 개별 카드 가격 아님",estimated,no,no,"loadScript('https://pagead2.googlesyndication.com/pagead/js/adsbygoogle_direct.js?client=ca-pub-8171468792791627', true, 'anonymous');"
0b4fc9b319ed8080b82b4f49,vg,뱅가드,2026-08,2026-08-10T14:04:10+09:00,known,5af73a784245f39e0f19b056,0b4fc9b319ed8080b82b4f49,582232,https://m.dcinside.com/board/vg/582232,"글D 홍련오더 4장, 드라엠 실드프론트3장 구매합니다.",seller-85b89a7c594d84ff5a3e1c95,토론이,guest,loadScript 'https pagead,loadScript 'https pagead,loadScript('https://pagead,,,buy,구매,1,2,20000,estimated,bundle,text,unknown,,active,needs_review,needs_review,"가격 단위 추정, 복수 카드 가격, 배송비 포함 여부 미확정, 묶음·세트 총액 · 개별 카드 가격 아님",estimated,no,no,"loadScript('https://pagead2.googlesyndication.com/pagead/js/adsbygoogle_direct.js?client=ca-pub-8171468792791627', true, 'anonymous');"
14d0ec2c071b4f05eaef8517,vg,뱅가드,2026-08,2026-08-10T14:04:10+09:00,known,a76851df349e0c5527f287f2,14d0ec2c071b4f05eaef8517,582232,https://m.dcinside.com/board/vg/582232,"글D 홍련오더 4장, 드라엠 실드프론트3장 구매합니다.",seller-79f303824309c89e69ede405,토론이,guest,loadScript ' t,loadScript ' t,loadScript('//t,,,buy,구매,1,1,10000,estimated,bundle,text,unknown,,active,needs_review,needs_review,"가격 단위 추정, 복수 카드 가격, 배송비 포함 여부 미확정, 묶음·세트 총액 · 개별 카드 가격 아님",estimated,no,no,"loadScript('//t1.kakaocdn.net/kas/static/ba.min.js', true);"
1625262217293ee8b75a9743,vg,뱅가드,2026-08,2026-08-10T14:04:10+09:00,known,5af73a784245f39e0f19b056,1625262217293ee8b75a9743,582232,https://m.dcinside.com/board/vg/582232,"글D 홍련오더 4장, 드라엠 실드프론트3장 구매합니다.",seller-85b89a7c594d84ff5a3e1c95,토론이,guest,var safe = window.dcAd && window.dcAd.safe ==,var safe = window.dcAd && window.dcAd.safe ==,var safe = (window.dcAd && window.dcAd.safe ==,,,buy,구매,1,1,10000,estimated,bundle,text,unknown,,active,needs_review,needs_review,"가격 단위 추정, 복수 카드 가격, 배송비 포함 여부 미확정, 묶음·세트 총액 · 개별 카드 가격 아님",estimated,no,no,var safe = (window.dcAd && window.dcAd.safe == 1)
1a2cc31cbfc242559a11085c,vg,뱅가드,2026-08,2026-08-10T14:04:10+09:00,known,e35e00d15c0889e75c15506b,1a2cc31cbfc242559a11085c,582232,https://m.dcinside.com/board/vg/582232,"글D 홍련오더 4장, 드라엠 실드프론트3장 구매합니다.",seller-565388d70b836b0c6a01980c,토론이,guest,DOM 삽입 헬퍼 현재 스크립트 위치 기준,DOM 삽입 헬퍼 현재 스크립트 위치 기준,// ---- DOM 삽입 헬퍼 (현재 스크립트 위치 기준,,,buy,구매,1,1,10000,estimated,bundle,text,unknown,,active,needs_review,needs_review,"가격 단위 추정, 복수 카드 가격, 배송비 포함 여부 미확정, 묶음·세트 총액 · 개별 카드 가격 아님",estimated,no,no,// ---- DOM 삽입 헬퍼 (현재 스크립트 위치 기준1)
32597585ce1cc195ad0a5bfa,vg,뱅가드,2026-08,2026-08-10T14:04:10+09:00,known,1249c1b5fdfb518d75234f6c,32597585ce1cc195ad0a5bfa,582232,https://m.dcinside.com/board/vg/582232,"글D 홍련오더 4장, 드라엠 실드프론트3장 구매합니다.",seller-ec9fc81bb44582100b40ba18,토론이,guest,loadScript 'https pagead,loadScript 'https pagead,loadScript('https://pagead,,,buy,구매,1,2,20000,estimated,bundle,text,unknown,,active,needs_review,needs_review,"가격 단위 추정, 복수 카드 가격, 배송비 포함 여부 미확정, 묶음·세트 총액 · 개별 카드 가격 아님",estimated,no,no,"loadScript('https://pagead2.googlesyndication.com/pagead/js/adsbygoogle_direct.js?client=ca-pub-8171468792791627', true, 'anonymous');"
34e3331089941dfd730260a2,vg,뱅가드,2026-08,2026-08-10T14:04:10+09:00,known,1249c1b5fdfb518d75234f6c,34e3331089941dfd730260a2,582232,https://m.dcinside.com/board/vg/582232,"글D 홍련오더 4장, 드라엠 실드프론트3장 구매합니다.",seller-ec9fc81bb44582100b40ba18,토론이,guest,DOM 삽입 헬퍼 현재 스크립트 위치 기준,DOM 삽입 헬퍼 현재 스크립트 위치 기준,// ---- DOM 삽입 헬퍼 (현재 스크립트 위치 기준,,,buy,구매,1,1,10000,estimated,bundle,text,unknown,,active,needs_review,needs_review,"가격 단위 추정, 복수 카드 가격, 배송비 포함 여부 미확정, 묶음·세트 총액 · 개별 카드 가격 아님",estimated,no,no,// ---- DOM 삽입 헬퍼 (현재 스크립트 위치 기준1)
37cdd9e2e5e68c3bc6ddac86,vg,뱅가드,2026-08,2026-08-10T14:04:10+09:00,known,02305c8c693beefd8e53d08c,37cdd9e2e5e68c3bc6ddac86,582232,https://m.dcinside.com/board/vg/582232,"글D 홍련오더 4장, 드라엠 실드프론트3장 구매합니다.",seller-49367ef57c5df8ac28530781,토론이,guest,DOM 삽입 헬퍼 현재 스크립트 위치 기준,DOM 삽입 헬퍼 현재 스크립트 위치 기준,// ---- DOM 삽입 헬퍼 (현재 스크립트 위치 기준,,,buy,구매,1,1,10000,estimated,bundle,text,unknown,,active,needs_review,needs_review,"가격 단위 추정, 복수 카드 가격, 배송비 포함 여부 미확정, 묶음·세트 총액 · 개별 카드 가격 아님",estimated,no,no,// ---- DOM 삽입 헬퍼 (현재 스크립트 위치 기준1)
4512ea1df0d7dc94676c83a5,vg,뱅가드,2026-08,2026-08-10T14:04:10+09:00,known,02305c8c693beefd8e53d08c,4512ea1df0d7dc94676c83a5,582232,https://m.dcinside.com/board/vg/582232,"글D 홍련오더 4장, 드라엠 실드프론트3장 구매합니다.",seller-49367ef57c5df8ac28530781,토론이,guest,loadScript ' t,loadScript ' t,loadScript('//t,,,buy,구매,1,1,10000,estimated,bundle,text,unknown,,active,needs_review,needs_review,"가격 단위 추정, 복수 카드 가격, 배송비 포함 여부 미확정, 묶음·세트 총액 · 개별 카드 가격 아님",estimated,no,no,"loadScript('//t1.kakaocdn.net/kas/static/ba.min.js', true);"
472effd4fbda55008c4788ed,vg,뱅가드,2026-08,2026-08-10T14:04:10+09:00,known,1c45e384311eab88b44e5747,472effd4fbda55008c4788ed,582232,https://m.dcinside.com/board/vg/582232,"글D 홍련오더 4장, 드라엠 실드프론트3장 구매합니다.",seller-93efe354e578bd34bc4f4b16,토론이,guest,loadScript ' t,loadScript ' t,loadScript('//t,,,buy,구매,1,1,10000,estimated,bundle,text,unknown,,active,needs_review,needs_review,"가격 단위 추정, 복수 카드 가격, 배송비 포함 여부 미확정, 묶음·세트 총액 · 개별 카드 가격 아님",estimated,no,no,"loadScript('//t1.kakaocdn.net/kas/static/ba.min.js', true);"
525a60c1b87904b6764c393a,vg,뱅가드,2026-08,2026-08-10T14:04:10+09:00,known,e35e00d15c0889e75c15506b,525a60c1b87904b6764c393a,582232,https://m.dcinside.com/board/vg/582232,"글D 홍련오더 4장, 드라엠 실드프론트3장 구매합니다.",seller-565388d70b836b0c6a01980c,토론이,guest,이렇게 해서 총합,이렇게 해서 총합,이렇게 해서 총합,,,buy,구매,1,4.0,40000,estimated,per_card,text,unknown,,active,needs_review,needs_review,"가격 단위 추정, 배송비 포함 여부 미확정",estimated,yes,candidate_estimated,이렇게 해서 총합 4.0에 구매합니다. 홍련만 있어도 연락바랍니다. 선호 거래방식은 편의점 반택입니다.
6916759214f0646be8920d0c,vg,뱅가드,2026-08,2026-08-10T14:04:10+09:00,known,e35e00d15c0889e75c15506b,6916759214f0646be8920d0c,582232,https://m.dcinside.com/board/vg/582232,"글D 홍련오더 4장, 드라엠 실드프론트3장 구매합니다.",seller-565388d70b836b0c6a01980c,토론이,guest,var safe = window.dcAd && window.dcAd.safe ==,var safe = window.dcAd && window.dcAd.safe ==,var safe = (window.dcAd && window.dcAd.safe ==,,,buy,구매,1,1,10000,estimated,bundle,text,unknown,,active,needs_review,needs_review,"가격 단위 추정, 복수 카드 가격, 배송비 포함 여부 미확정, 묶음·세트 총액 · 개별 카드 가격 아님",estimated,no,no,var safe = (window.dcAd && window.dcAd.safe == 1)
6bd346c80664de8e4a130084,vg,뱅가드,2026-08,2026-08-10T14:04:10+09:00,known,a76851df349e0c5527f287f2,6bd346c80664de8e4a130084,582232,https://m.dcinside.com/board/vg/582232,"글D 홍련오더 4장, 드라엠 실드프론트3장 구매합니다.",seller-79f303824309c89e69ede405,토론이,guest,var safe = window.dcAd && window.dcAd.safe ==,var safe = window.dcAd && window.dcAd.safe ==,var safe = (window.dcAd && window.dcAd.safe ==,,,buy,구매,1,1,10000,estimated,bundle,text,unknown,,active,needs_review,needs_review,"가격 단위 추정, 복수 카드 가격, 배송비 포함 여부 미확정, 묶음·세트 총액 · 개별 카드 가격 아님",estimated,no,no,var safe = (window.dcAd && window.dcAd.safe == 1)
7b57ff131a7e63db33b80b40,vg,뱅가드,2026-08,2026-08-10T14:04:10+09:00,known,e35e00d15c0889e75c15506b,7b57ff131a7e63db33b80b40,582232,https://m.dcinside.com/board/vg/582232,"글D 홍련오더 4장, 드라엠 실드프론트3장 구매합니다.",seller-565388d70b836b0c6a01980c,토론이,guest,loadScript 'https pagead,loadScript 'https pagead,loadScript('https://pagead,,,buy,구매,1,2,20000,estimated,bundle,text,unknown,,active,needs_review,needs_review,"가격 단위 추정, 복수 카드 가격, 배송비 포함 여부 미확정, 묶음·세트 총액 · 개별 카드 가격 아님",estimated,no,no,"loadScript('https://pagead2.googlesyndication.com/pagead/js/adsbygoogle_direct.js?client=ca-pub-8171468792791627', true, 'anonymous');"
8a52aef8f45edd036fe8fa26,vg,뱅가드,2026-08,2026-08-10T14:04:10+09:00,known,1c45e384311eab88b44e5747,8a52aef8f45edd036fe8fa26,582232,https://m.dcinside.com/board/vg/582232,"글D 홍련오더 4장, 드라엠 실드프론트3장 구매합니다.",seller-93efe354e578bd34bc4f4b16,토론이,guest,이렇게 해서 총합,이렇게 해서 총합,이렇게 해서 총합,,,buy,구매,1,4.0,40000,estimated,per_card,text,unknown,,active,needs_review,needs_review,"가격 단위 추정, 배송비 포함 여부 미확정",estimated,yes,candidate_estimated,이렇게 해서 총합 4.0에 구매합니다. 홍련만 있어도 연락바랍니다. 선호 거래방식은 편의점 반택입니다.
96b233b8d87f6dcbc9382d2f,vg,뱅가드,2026-08,2026-08-10T14:04:10+09:00,known,a76851df349e0c5527f287f2,96b233b8d87f6dcbc9382d2f,582232,https://m.dcinside.com/board/vg/582232,"글D 홍련오더 4장, 드라엠 실드프론트3장 구매합니다.",seller-79f303824309c89e69ede405,토론이,guest,이렇게 해서 총합,이렇게 해서 총합,이렇게 해서 총합,,,buy,구매,1,4.0,40000,estimated,per_card,text,unknown,,active,needs_review,needs_review,"가격 단위 추정, 배송비 포함 여부 미확정",estimated,yes,candidate_estimated,이렇게 해서 총합 4.0에 구매합니다. 홍련만 있어도 연락바랍니다. 선호 거래방식은 편의점 반택입니다.
a140ef5598d2350dd1d47b5b,vg,뱅가드,2026-08,2026-08-10T14:04:10+09:00,known,1249c1b5fdfb518d75234f6c,a140ef5598d2350dd1d47b5b,582232,https://m.dcinside.com/board/vg/582232,"글D 홍련오더 4장, 드라엠 실드프론트3장 구매합니다.",seller-ec9fc81bb44582100b40ba18,토론이,guest,loadScript ' t,loadScript ' t,loadScript('//t,,,buy,구매,1,1,10000,estimated,bundle,text,unknown,,active,needs_review,needs_review,"가격 단위 추정, 복수 카드 가격, 배송비 포함 여부 미확정, 묶음·세트 총액 · 개별 카드 가격 아님",estimated,no,no,"loadScript('//t1.kakaocdn.net/kas/static/ba.min.js', true);"
a5de3df4ac923adec1cef254,vg,뱅가드,2026-08,2026-08-10T14:04:10+09:00,known,1c45e384311eab88b44e5747,a5de3df4ac923adec1cef254,582232,https://m.dcinside.com/board/vg/582232,"글D 홍련오더 4장, 드라엠 실드프론트3장 구매합니다.",seller-93efe354e578bd34bc4f4b16,토론이,guest,DOM 삽입 헬퍼 현재 스크립트 위치 기준,DOM 삽입 헬퍼 현재 스크립트 위치 기준,// ---- DOM 삽입 헬퍼 (현재 스크립트 위치 기준,,,buy,구매,1,1,10000,estimated,bundle,text,unknown,,active,needs_review,needs_review,"가격 단위 추정, 복수 카드 가격, 배송비 포함 여부 미확정, 묶음·세트 총액 · 개별 카드 가격 아님",estimated,no,no,// ---- DOM 삽입 헬퍼 (현재 스크립트 위치 기준1)
a879e019eba21fc3907598d2,vg,뱅가드,2026-08,2026-08-10T14:04:10+09:00,known,02305c8c693beefd8e53d08c,a879e019eba21fc3907598d2,582232,https://m.dcinside.com/board/vg/582232,"글D 홍련오더 4장, 드라엠 실드프론트3장 구매합니다.",seller-49367ef57c5df8ac28530781,토론이,guest,var safe = window.dcAd && window.dcAd.safe ==,var safe = window.dcAd && window.dcAd.safe ==,var safe = (window.dcAd && window.dcAd.safe ==,,,buy,구매,1,1,10000,estimated,bundle,text,unknown,,active,needs_review,needs_review,"가격 단위 추정, 복수 카드 가격, 배송비 포함 여부 미확정, 묶음·세트 총액 · 개별 카드 가격 아님",estimated,no,no,var safe = (window.dcAd && window.dcAd.safe == 1)
bb62e9775b37824de0152c65,vg,뱅가드,2026-08,2026-08-10T14:04:10+09:00,known,5af73a784245f39e0f19b056,bb62e9775b37824de0152c65,582232,https://m.dcinside.com/board/vg/582232,"글D 홍련오더 4장, 드라엠 실드프론트3장 구매합니다.",seller-85b89a7c594d84ff5a3e1c95,토론이,guest,loadScript ' t,loadScript ' t,loadScript('//t,,,buy,구매,1,1,10000,estimated,bundle,text,unknown,,active,needs_review,needs_review,"가격 단위 추정, 복수 카드 가격, 배송비 포함 여부 미확정, 묶음·세트 총액 · 개별 카드 가격 아님",estimated,no,no,"loadScript('//t1.kakaocdn.net/kas/static/ba.min.js', true);"
bd0ca9f13f04a1c959aa9cd6,vg,뱅가드,2026-08,2026-08-10T14:04:10+09:00,known,e35e00d15c0889e75c15506b,bd0ca9f13f04a1c959aa9cd6,582232,https://m.dcinside.com/board/vg/582232,"글D 홍련오더 4장, 드라엠 실드프론트3장 구매합니다.",seller-565388d70b836b0c6a01980c,토론이,guest,loadScript ' t,loadScript ' t,loadScript('//t,,,buy,구매,1,1,10000,estimated,bundle,text,unknown,,active,needs_review,needs_review,"가격 단위 추정, 복수 카드 가격, 배송비 포함 여부 미확정, 묶음·세트 총액 · 개별 카드 가격 아님",estimated,no,no,"loadScript('//t1.kakaocdn.net/kas/static/ba.min.js', true);"
c5812d10b408ecdb9a63d93c,vg,뱅가드,2026-08,2026-08-10T14:04:10+09:00,known,1249c1b5fdfb518d75234f6c,c5812d10b408ecdb9a63d93c,582232,https://m.dcinside.com/board/vg/582232,"글D 홍련오더 4장, 드라엠 실드프론트3장 구매합니다.",seller-ec9fc81bb44582100b40ba18,토론이,guest,이렇게 해서 총합,이렇게 해서 총합,이렇게 해서 총합,,,buy,구매,1,4.0,40000,estimated,per_card,text,unknown,,active,needs_review,needs_review,"가격 단위 추정, 배송비 포함 여부 미확정",estimated,yes,candidate_estimated,이렇게 해서 총합 4.0에 구매합니다. 홍련만 있어도 연락바랍니다. 선호 거래방식은 편의점 반택입니다.
c64a33554fe847ded06704b6,vg,뱅가드,2026-08,2026-08-10T14:04:10+09:00,known,5af73a784245f39e0f19b056,c64a33554fe847ded06704b6,582232,https://m.dcinside.com/board/vg/582232,"글D 홍련오더 4장, 드라엠 실드프론트3장 구매합니다.",seller-85b89a7c594d84ff5a3e1c95,토론이,guest,이렇게 해서 총합,이렇게 해서 총합,이렇게 해서 총합,,,buy,구매,1,4.0,40000,estimated,per_card,text,unknown,,active,needs_review,needs_review,"가격 단위 추정, 배송비 포함 여부 미확정",estimated,yes,candidate_estimated,이렇게 해서 총합 4.0에 구매합니다. 홍련만 있어도 연락바랍니다. 선호 거래방식은 편의점 반택입니다.
c7c49de800318e9532466397,vg,뱅가드,2026-08,2026-08-10T14:04:10+09:00,known,1249c1b5fdfb518d75234f6c,c7c49de800318e9532466397,582232,https://m.dcinside.com/board/vg/582232,"글D 홍련오더 4장, 드라엠 실드프론트3장 구매합니다.",seller-ec9fc81bb44582100b40ba18,토론이,guest,var safe = window.dcAd && window.dcAd.safe ==,var safe = window.dcAd && window.dcAd.safe ==,var safe = (window.dcAd && window.dcAd.safe ==,,,buy,구매,1,1,10000,estimated,bundle,text,unknown,,active,needs_review,needs_review,"가격 단위 추정, 복수 카드 가격, 배송비 포함 여부 미확정, 묶음·세트 총액 · 개별 카드 가격 아님",estimated,no,no,var safe = (window.dcAd && window.dcAd.safe == 1)
db7cf43fb07d05fba4d1f59d,vg,뱅가드,2026-08,2026-08-10T14:04:10+09:00,known,5af73a784245f39e0f19b056,db7cf43fb07d05fba4d1f59d,582232,https://m.dcinside.com/board/vg/582232,"글D 홍련오더 4장, 드라엠 실드프론트3장 구매합니다.",seller-85b89a7c594d84ff5a3e1c95,토론이,guest,DOM 삽입 헬퍼 현재 스크립트 위치 기준,DOM 삽입 헬퍼 현재 스크립트 위치 기준,// ---- DOM 삽입 헬퍼 (현재 스크립트 위치 기준,,,buy,구매,1,1,10000,estimated,bundle,text,unknown,,active,needs_review,needs_review,"가격 단위 추정, 복수 카드 가격, 배송비 포함 여부 미확정, 묶음·세트 총액 · 개별 카드 가격 아님",estimated,no,no,// ---- DOM 삽입 헬퍼 (현재 스크립트 위치 기준1)
e7c611a85cc55f05ecb87c78,vg,뱅가드,2026-08,2026-08-10T14:04:10+09:00,known,02305c8c693beefd8e53d08c,e7c611a85cc55f05ecb87c78,582232,https://m.dcinside.com/board/vg/582232,"글D 홍련오더 4장, 드라엠 실드프론트3장 구매합니다.",seller-49367ef57c5df8ac28530781,토론이,guest,loadScript 'https pagead,loadScript 'https pagead,loadScript('https://pagead,,,buy,구매,1,2,20000,estimated,bundle,text,unknown,,active,needs_review,needs_review,"가격 단위 추정, 복수 카드 가격, 배송비 포함 여부 미확정, 묶음·세트 총액 · 개별 카드 가격 아님",estimated,no,no,"loadScript('https://pagead2.googlesyndication.com/pagead/js/adsbygoogle_direct.js?client=ca-pub-8171468792791627', true, 'anonymous');"
f1b33371a4f8b2b23e2369d7,vg,뱅가드,2026-08,2026-08-10T14:04:10+09:00,known,02305c8c693beefd8e53d08c,f1b33371a4f8b2b23e2369d7,582232,https://m.dcinside.com/board/vg/582232,"글D 홍련오더 4장, 드라엠 실드프론트3장 구매합니다.",seller-49367ef57c5df8ac28530781,토론이,guest,이렇게 해서 총합,이렇게 해서 총합,이렇게 해서 총합,,,buy,구매,1,4.0,40000,estimated,per_card,text,unknown,,active,needs_review,needs_review,"가격 단위 추정, 배송비 포함 여부 미확정",estimated,yes,candidate_estimated,이렇게 해서 총합 4.0에 구매합니다. 홍련만 있어도 연락바랍니다. 선호 거래방식은 편의점 반택입니다.
f3caa9814e242e567a779f0a,vg,뱅가드,2026-08,2026-08-10T14:04:10+09:00,known,a76851df349e0c5527f287f2,f3caa9814e242e567a779f0a,582232,https://m.dcinside.com/board/vg/582232,"글D 홍련오더 4장, 드라엠 실드프론트3장 구매합니다.",seller-79f303824309c89e69ede405,토론이,guest,loadScript 'https pagead,loadScript 'https pagead,loadScript('https://pagead,,,buy,구매,1,2,20000,estimated,bundle,text,unknown,,active,needs_review,needs_review,"가격 단위 추정, 복수 카드 가격, 배송비 포함 여부 미확정, 묶음·세트 총액 · 개별 카드 가격 아님",estimated,no,no,"loadScript('https://pagead2.googlesyndication.com/pagead/js/adsbygoogle_direct.js?client=ca-pub-8171468792791627', true, 'anonymous');"
f5e88b71e48e36b136237cf6,vg,뱅가드,2026-08,2026-08-10T14:04:10+09:00,known,a76851df349e0c5527f287f2,f5e88b71e48e36b136237cf6,582232,https://m.dcinside.com/board/vg/582232,"글D 홍련오더 4장, 드라엠 실드프론트3장 구매합니다.",seller-79f303824309c89e69ede405,토론이,guest,DOM 삽입 헬퍼 현재 스크립트 위치 기준,DOM 삽입 헬퍼 현재 스크립트 위치 기준,// ---- DOM 삽입 헬퍼 (현재 스크립트 위치 기준,,,buy,구매,1,1,10000,estimated,bundle,text,unknown,,active,needs_review,needs_review,"가격 단위 추정, 복수 카드 가격, 배송비 포함 여부 미확정, 묶음·세트 총액 · 개별 카드 가격 아님",estimated,no,no,// ---- DOM 삽입 헬퍼 (현재 스크립트 위치 기준1)
fbc8e53712c01196faf2062c,vg,뱅가드,2026-08,2026-08-10T14:04:10+09:00,known,1c45e384311eab88b44e5747,fbc8e53712c01196faf2062c,582232,https://m.dcinside.com/board/vg/582232,"글D 홍련오더 4장, 드라엠 실드프론트3장 구매합니다.",seller-93efe354e578bd34bc4f4b16,토론이,guest,var safe = window.dcAd && window.dcAd.safe ==,var safe = window.dcAd && window.dcAd.safe ==,var safe = (window.dcAd && window.dcAd.safe ==,,,buy,구매,1,1,10000,estimated,bundle,text,unknown,,active,needs_review,needs_review,"가격 단위 추정, 복수 카드 가격, 배송비 포함 여부 미확정, 묶음·세트 총액 · 개별 카드 가격 아님",estimated,no,no,var safe = (window.dcAd && window.dcAd.safe == 1)
2850852e4ce5a48313578838,vg,뱅가드,2026-08,2026-08-10T14:50:01+09:00,known,91455c56dfddb7f05bf65f53,2850852e4ce5a48313578838,582240,https://m.dcinside.com/board/vg/582240,일d 제리스 완덱 구함,seller-95024c7bcb43fa4137c68723,레엔다,registered,일d 제리스 완덱으로,일d 제리스 완덱으로,일d 제리스 완덱으로,,,buy,구매,1,40,400000,estimated,bundle,text,unknown,,active,needs_review,needs_review,"가격 단위 추정, 배송비 포함 여부 미확정, 묶음·세트 총액 · 개별 카드 가격 아님",estimated,no,no,일d 제리스 완덱으로 40에 구함
87efd74e5186da3943d1e7fd,vg,뱅가드,2026-08,2026-08-10T14:50:01+09:00,known,08cbe0de4d9d2db9a363ad2e,87efd74e5186da3943d1e7fd,582240,https://m.dcinside.com/board/vg/582240,일d 제리스 완덱 구함,seller-95024c7bcb43fa4137c68723,레엔다,registered,일d 제리스 완덱으로,일d 제리스 완덱으로,일d 제리스 완덱으로,,,buy,구매,1,40,400000,estimated,bundle,text,unknown,,active,needs_review,needs_review,"가격 단위 추정, 배송비 포함 여부 미확정, 묶음·세트 총액 · 개별 카드 가격 아님",estimated,no,no,일d 제리스 완덱으로 40에 구함
8f05f6b60c4fa7a4b03b2507,vg,뱅가드,2026-08,2026-08-10T14:50:01+09:00,known,965e854c9d93e5e2901a0eee,8f05f6b60c4fa7a4b03b2507,582240,https://m.dcinside.com/board/vg/582240,일d 제리스 완덱 구함,seller-95024c7bcb43fa4137c68723,레엔다,registered,일d 제리스 완덱으로,일d 제리스 완덱으로,일d 제리스 완덱으로,,,buy,구매,1,40,400000,estimated,bundle,text,unknown,,active,needs_review,needs_review,"가격 단위 추정, 배송비 포함 여부 미확정, 묶음·세트 총액 · 개별 카드 가격 아님",estimated,no,no,일d 제리스 완덱으로 40에 구함
a5f2355b6ff89819b800ed05,vg,뱅가드,2026-08,2026-08-10T14:50:01+09:00,known,09502520e90a36ee40dcbe1f,a5f2355b6ff89819b800ed05,582240,https://m.dcinside.com/board/vg/582240,일d 제리스 완덱 구함,seller-95024c7bcb43fa4137c68723,레엔다,registered,일d 제리스 완덱으로,일d 제리스 완덱으로,일d 제리스 완덱으로,,,buy,구매,1,40,400000,estimated,bundle,text,unknown,,active,needs_review,needs_review,"가격 단위 추정, 배송비 포함 여부 미확정, 묶음·세트 총액 · 개별 카드 가격 아님",estimated,no,no,일d 제리스 완덱으로 40에 구함
a6cd91998062c7b8aa685521,vg,뱅가드,2026-08,2026-08-10T14:50:01+09:00,known,fce8b7e00240a6485ac52ff4,a6cd91998062c7b8aa685521,582240,https://m.dcinside.com/board/vg/582240,일d 제리스 완덱 구함,seller-95024c7bcb43fa4137c68723,레엔다,registered,일d 제리스 완덱으로,일d 제리스 완덱으로,일d 제리스 완덱으로,,,buy,구매,1,40,400000,estimated,bundle,text,unknown,,active,needs_review,needs_review,"가격 단위 추정, 배송비 포함 여부 미확정, 묶음·세트 총액 · 개별 카드 가격 아님",estimated,no,no,일d 제리스 완덱으로 40에 구함
cd6bb98dd1862235a258411c,vg,뱅가드,2026-08,2026-08-10T14:50:01+09:00,known,66500686e36762ecf8690f21,cd6bb98dd1862235a258411c,582240,https://m.dcinside.com/board/vg/582240,일d 제리스 완덱 구함,seller-95024c7bcb43fa4137c68723,레엔다,registered,일d 제리스 완덱으로,일d 제리스 완덱으로,일d 제리스 완덱으로,,,buy,구매,1,40,400000,estimated,bundle,text,unknown,,active,needs_review,needs_review,"가격 단위 추정, 배송비 포함 여부 미확정, 묶음·세트 총액 · 개별 카드 가격 아님",estimated,no,no,일d 제리스 완덱으로 40에 구함
803a28aa61ceb825c92fd90b,vg,뱅가드,2026-08,2026-08-10T15:06:55+09:00,known,e211f28d9059e2f71ee178bb,803a28aa61ceb825c92fd90b,582243,https://m.dcinside.com/board/vg/582243,일D 오리엔스 삽니다,seller-58e6b1a2095b4219582d798a,아르웬,guest,닼쓰 오리엔스,닼쓰 오리엔스,닼쓰 오리엔스 준등포,,,buy,구매,2,1.6,16000,estimated,per_quantity,text,unknown,,active,needs_review,needs_review,"가격 단위 추정, 배송비 포함 여부 미확정, 복수 수량 총액 · 카드 1장 가격 아님",estimated,no,no,닼쓰 오리엔스 2장 준등포 1.6에 삽니다.
842b497de0bb255faff07c40,vg,뱅가드,2026-08,2026-08-10T15:06:55+09:00,known,daa1404ed8d0c3f1f27caeda,842b497de0bb255faff07c40,582243,https://m.dcinside.com/board/vg/582243,일D 오리엔스 삽니다,seller-fb85108fbbdfbbedda949479,아르웬,guest,닼쓰 오리엔스,닼쓰 오리엔스,닼쓰 오리엔스 준등포,,,buy,구매,2,1.6,16000,estimated,per_quantity,text,unknown,,active,needs_review,needs_review,"가격 단위 추정, 배송비 포함 여부 미확정, 복수 수량 총액 · 카드 1장 가격 아님",estimated,no,no,닼쓰 오리엔스 2장 준등포 1.6에 삽니다.
924f040ce536a89529199d4b,vg,뱅가드,2026-08,2026-08-10T15:06:55+09:00,known,16362456d32a62dd59253676,924f040ce536a89529199d4b,582243,https://m.dcinside.com/board/vg/582243,일D 오리엔스 삽니다,seller-082e76cfa4b5ce513233b26c,아르웬,guest,닼쓰 오리엔스,닼쓰 오리엔스,닼쓰 오리엔스 준등포,,,buy,구매,2,1.6,16000,estimated,per_quantity,text,unknown,,active,needs_review,needs_review,"가격 단위 추정, 배송비 포함 여부 미확정, 복수 수량 총액 · 카드 1장 가격 아님",estimated,no,no,닼쓰 오리엔스 2장 준등포 1.6에 삽니다.
bdf4f7a4ca68520830d2a83f,vg,뱅가드,2026-08,2026-08-10T15:06:55+09:00,known,67f704a1fa2f4a1cb4ced101,bdf4f7a4ca68520830d2a83f,582243,https://m.dcinside.com/board/vg/582243,일D 오리엔스 삽니다,seller-c0da4fe355d60952210870c3,아르웬,guest,닼쓰 오리엔스,닼쓰 오리엔스,닼쓰 오리엔스 준등포,,,buy,구매,2,1.6,16000,estimated,per_quantity,text,unknown,,active,needs_review,needs_review,"가격 단위 추정, 배송비 포함 여부 미확정, 복수 수량 총액 · 카드 1장 가격 아님",estimated,no,no,닼쓰 오리엔스 2장 준등포 1.6에 삽니다.
d1db4280b729b0fed4051a00,vg,뱅가드,2026-08,2026-08-10T15:06:55+09:00,known,e091043b0a651a1e6c95de77,d1db4280b729b0fed4051a00,582243,https://m.dcinside.com/board/vg/582243,일D 오리엔스 삽니다,seller-baf36e6f502c60e6f9c96a27,아르웬,guest,닼쓰 오리엔스,닼쓰 오리엔스,닼쓰 오리엔스 준등포,,,buy,구매,2,1.6,16000,estimated,per_quantity,text,unknown,,active,needs_review,needs_review,"가격 단위 추정, 배송비 포함 여부 미확정, 복수 수량 총액 · 카드 1장 가격 아님",estimated,no,no,닼쓰 오리엔스 2장 준등포 1.6에 삽니다.
d525879ad4a3e62e9b90efff,vg,뱅가드,2026-08,2026-08-10T15:06:55+09:00,known,a3fe0c96bab62a5c683cbbda,d525879ad4a3e62e9b90efff,582243,https://m.dcinside.com/board/vg/582243,일D 오리엔스 삽니다,seller-18e3f0196d75651a3390def1,아르웬,guest,닼쓰 오리엔스,닼쓰 오리엔스,닼쓰 오리엔스 준등포,,,buy,구매,2,1.6,16000,estimated,per_quantity,text,unknown,,active,needs_review,needs_review,"가격 단위 추정, 배송비 포함 여부 미확정, 복수 수량 총액 · 카드 1장 가격 아님",estimated,no,no,닼쓰 오리엔스 2장 준등포 1.6에 삽니다.
19eaca41200c3e37a5fd9e6d,vg,뱅가드,2026-08,2026-08-10T19:01:06+09:00,known,7c39c33dbeaa98dc21b3d30f,19eaca41200c3e37a5fd9e6d,582285,https://m.dcinside.com/board/vg/582285,렌 아이치 관련 매트 삽니다,seller-7871b4d2633391c09c6cabef,슈퍼치킨왕,registered,렌 아이치 관련 매트,렌 아이치 관련 매트,렌 아이치 관련 매트,,,buy,구매,1,,,missing,unknown,unknown,unknown,,active,needs_review,needs_review,희망가 미기재,missing,no,no,렌 아이치 관련 매트 삽니다
22b79800eef3a75616e50cb6,vg,뱅가드,2026-08,2026-08-10T19:01:06+09:00,known,236660d24810898e73ecfda6,22b79800eef3a75616e50cb6,582285,https://m.dcinside.com/board/vg/582285,렌 아이치 관련 매트 삽니다,seller-7871b4d2633391c09c6cabef,슈퍼치킨왕,registered,렌 아이치 관련 매트,렌 아이치 관련 매트,렌 아이치 관련 매트,,,buy,구매,1,,,missing,unknown,unknown,unknown,,active,needs_review,needs_review,희망가 미기재,missing,no,no,렌 아이치 관련 매트 삽니다
38ffb1f01e1dc94c4505b2ea,vg,뱅가드,2026-08,2026-08-10T19:01:06+09:00,known,2932424c3cd76878cbc2a8e4,38ffb1f01e1dc94c4505b2ea,582285,https://m.dcinside.com/board/vg/582285,렌 아이치 관련 매트 삽니다,seller-7871b4d2633391c09c6cabef,슈퍼치킨왕,registered,렌 아이치 관련 매트,렌 아이치 관련 매트,렌 아이치 관련 매트,,,buy,구매,1,,,missing,unknown,unknown,unknown,,active,needs_review,needs_review,희망가 미기재,missing,no,no,렌 아이치 관련 매트 삽니다
5474cb9350c49d6e9bc8832e,vg,뱅가드,2026-08,2026-08-10T19:01:06+09:00,known,98a009ebdf1f50371a3c43be,5474cb9350c49d6e9bc8832e,582285,https://m.dcinside.com/board/vg/582285,렌 아이치 관련 매트 삽니다,seller-7871b4d2633391c09c6cabef,슈퍼치킨왕,registered,렌 아이치 관련 매트,렌 아이치 관련 매트,렌 아이치 관련 매트,,,buy,구매,1,,,missing,unknown,unknown,unknown,,active,needs_review,needs_review,희망가 미기재,missing,no,no,렌 아이치 관련 매트 삽니다
c4c7a74ec6e2781fed188c19,vg,뱅가드,2026-08,2026-08-10T19:01:06+09:00,known,34c101eca2d099a5816aca70,c4c7a74ec6e2781fed188c19,582285,https://m.dcinside.com/board/vg/582285,렌 아이치 관련 매트 삽니다,seller-7871b4d2633391c09c6cabef,슈퍼치킨왕,registered,렌 아이치 관련 매트,렌 아이치 관련 매트,렌 아이치 관련 매트,,,buy,구매,1,,,missing,unknown,unknown,unknown,,active,needs_review,needs_review,희망가 미기재,missing,no,no,렌 아이치 관련 매트 삽니다
f53f2cc97e6aa018956e694e,vg,뱅가드,2026-08,2026-08-10T19:01:06+09:00,known,a11188f1bf4f3eeec79e09b2,f53f2cc97e6aa018956e694e,582285,https://m.dcinside.com/board/vg/582285,렌 아이치 관련 매트 삽니다,seller-7871b4d2633391c09c6cabef,슈퍼치킨왕,registered,렌 아이치 관련 매트,렌 아이치 관련 매트,렌 아이치 관련 매트,,,buy,구매,1,,,missing,unknown,unknown,unknown,,active,needs_review,needs_review,희망가 미기재,missing,no,no,렌 아이치 관련 매트 삽니다
308c85b5f93bd3d0593a1cb9,vg,뱅가드,2026-08,2026-08-10T20:15:07+09:00,known,2ebed1ce3babf38d32084d43,308c85b5f93bd3d0593a1cb9,582301,https://m.dcinside.com/board/vg/582301,일판 나탈리아(닼스테 20 프론트) 한장 삽니다(구매 완),seller-8ee285716214471cd59f6afa,아카이넷,guest,일판 나탈리아,일판 나탈리아,일판 나탈리아 한장,,,buy,구매,1,1.5,15000,estimated,per_card,text,unknown,,active,needs_review,needs_review,"가격 단위 추정, 배송비 포함 여부 미확정",estimated,yes,candidate_estimated,일판 나탈리아 한장 1.5에 삽니다
335698073eff51a3711af085,vg,뱅가드,2026-08,2026-08-10T20:15:07+09:00,known,3ea7c416d91ea078337164d3,335698073eff51a3711af085,582301,https://m.dcinside.com/board/vg/582301,일판 나탈리아(닼스테 20 프론트) 한장 삽니다(구매 완),seller-5cf65bdc0ca09d8191f99719,아카이넷,guest,일판 나탈리아,일판 나탈리아,일판 나탈리아 한장,,,buy,구매,1,1.5,15000,estimated,per_card,text,unknown,,active,needs_review,needs_review,"가격 단위 추정, 배송비 포함 여부 미확정",estimated,yes,candidate_estimated,일판 나탈리아 한장 1.5에 삽니다
64f18f8c7e907308f9bd586d,vg,뱅가드,2026-08,2026-08-10T20:15:07+09:00,known,e11202808ab565e0cbec8ea3,64f18f8c7e907308f9bd586d,582301,https://m.dcinside.com/board/vg/582301,일판 나탈리아(닼스테 20 프론트) 한장 삽니다(구매 완),seller-d9e7e7fc24a938634d28bea0,아카이넷,guest,일판 나탈리아,일판 나탈리아,일판 나탈리아 한장,,,buy,구매,1,1.5,15000,estimated,per_card,text,unknown,,active,needs_review,needs_review,"가격 단위 추정, 배송비 포함 여부 미확정",estimated,yes,candidate_estimated,일판 나탈리아 한장 1.5에 삽니다
8653138f623533a74f5c33b6,vg,뱅가드,2026-08,2026-08-10T20:15:07+09:00,known,e31e8076b259d186506a384b,8653138f623533a74f5c33b6,582301,https://m.dcinside.com/board/vg/582301,일판 나탈리아(닼스테 20 프론트) 한장 삽니다(구매 완),seller-a9889208c7722b37b2997772,아카이넷,guest,일판 나탈리아,일판 나탈리아,일판 나탈리아 한장,,,buy,구매,1,1.5,15000,estimated,per_card,text,unknown,,active,needs_review,needs_review,"가격 단위 추정, 배송비 포함 여부 미확정",estimated,yes,candidate_estimated,일판 나탈리아 한장 1.5에 삽니다
adb38ec035a3e7df10218983,vg,뱅가드,2026-08,2026-08-10T20:15:07+09:00,known,84f41dd06377a85423332a15,adb38ec035a3e7df10218983,582301,https://m.dcinside.com/board/vg/582301,일판 나탈리아(닼스테 20 프론트) 한장 삽니다(구매 완),seller-31e99d250b8d1aa555961db2,아카이넷,guest,일판 나탈리아,일판 나탈리아,일판 나탈리아 한장,,,buy,구매,1,1.5,15000,estimated,per_card,text,unknown,,active,needs_review,needs_review,"가격 단위 추정, 배송비 포함 여부 미확정",estimated,yes,candidate_estimated,일판 나탈리아 한장 1.5에 삽니다
de8e9191ae2d597118600eb6,vg,뱅가드,2026-08,2026-08-10T20:15:07+09:00,known,cf1e5105677b07ba0a95738f,de8e9191ae2d597118600eb6,582301,https://m.dcinside.com/board/vg/582301,일판 나탈리아(닼스테 20 프론트) 한장 삽니다(구매 완),seller-12eed645e7bcbc7edae296cb,아카이넷,guest,일판 나탈리아,일판 나탈리아,일판 나탈리아 한장,,,buy,구매,1,1.5,15000,estimated,per_card,text,unknown,,active,needs_review,needs_review,"가격 단위 추정, 배송비 포함 여부 미확정",estimated,yes,candidate_estimated,일판 나탈리아 한장 1.5에 삽니다
083cea4d6d3b42e1c4d9b797,vg,뱅가드,2026-08,2026-08-10T22:14:18+09:00,known,657309991756562ced9ecddf,083cea4d6d3b42e1c4d9b797,582332,https://m.dcinside.com/board/vg/582332,일D 알티팬텀 짭혁월로 덱 구합니다,seller-2b100396b5e5fa406e1205a9,Showman,registered,신규 드로우 구성으로 짭혁월,신규 드로우 구성으로 짭혁월,신규 드로우 구성으로 짭혁월,,,buy,구매,1,13,130000,estimated,bundle,text,unknown,,active,needs_review,needs_review,"가격 단위 추정, 배송비 포함 여부 미확정, 묶음·세트 총액 · 개별 카드 가격 아님",estimated,no,no,신규 드로우 구성으로 짭혁월 13에 삽니다
1d10b45208650a72a81f8cc2,vg,뱅가드,2026-08,2026-08-10T22:14:18+09:00,known,93e252b9f4f3be4f815ead08,1d10b45208650a72a81f8cc2,582332,https://m.dcinside.com/board/vg/582332,일D 알티팬텀 짭혁월로 덱 구합니다,seller-2b100396b5e5fa406e1205a9,Showman,registered,신규 드로우 구성으로 짭혁월,신규 드로우 구성으로 짭혁월,신규 드로우 구성으로 짭혁월,,,buy,구매,1,13,130000,estimated,bundle,text,unknown,,active,needs_review,needs_review,"가격 단위 추정, 배송비 포함 여부 미확정, 묶음·세트 총액 · 개별 카드 가격 아님",estimated,no,no,신규 드로우 구성으로 짭혁월 13에 삽니다
4561646f701beb82c3041426,vg,뱅가드,2026-08,2026-08-10T22:14:18+09:00,known,7580e32df448de645537e2c0,4561646f701beb82c3041426,582332,https://m.dcinside.com/board/vg/582332,일D 알티팬텀 짭혁월로 덱 구합니다,seller-2b100396b5e5fa406e1205a9,Showman,registered,신규 드로우 구성으로 짭혁월,신규 드로우 구성으로 짭혁월,신규 드로우 구성으로 짭혁월,,,buy,구매,1,13,130000,estimated,bundle,text,unknown,,active,needs_review,needs_review,"가격 단위 추정, 배송비 포함 여부 미확정, 묶음·세트 총액 · 개별 카드 가격 아님",estimated,no,no,신규 드로우 구성으로 짭혁월 13에 삽니다
53f0d20a1d00e65638249d61,vg,뱅가드,2026-08,2026-08-10T22:14:18+09:00,known,be544d5cb9430ceef7a41c4a,53f0d20a1d00e65638249d61,582332,https://m.dcinside.com/board/vg/582332,일D 알티팬텀 짭혁월로 덱 구합니다,seller-2b100396b5e5fa406e1205a9,Showman,registered,신규 드로우 구성으로 짭혁월,신규 드로우 구성으로 짭혁월,신규 드로우 구성으로 짭혁월,,,buy,구매,1,13,130000,estimated,bundle,text,unknown,,active,needs_review,needs_review,"가격 단위 추정, 배송비 포함 여부 미확정, 묶음·세트 총액 · 개별 카드 가격 아님",estimated,no,no,신규 드로우 구성으로 짭혁월 13에 삽니다
6d0b8675f80827ae5186e18b,vg,뱅가드,2026-08,2026-08-10T22:14:18+09:00,known,b30a5126e5e115f24a0a27b0,6d0b8675f80827ae5186e18b,582332,https://m.dcinside.com/board/vg/582332,일D 알티팬텀 짭혁월로 덱 구합니다,seller-2b100396b5e5fa406e1205a9,Showman,registered,신규 드로우 구성으로 짭혁월,신규 드로우 구성으로 짭혁월,신규 드로우 구성으로 짭혁월,,,buy,구매,1,13,130000,estimated,bundle,text,unknown,,active,needs_review,needs_review,"가격 단위 추정, 배송비 포함 여부 미확정, 묶음·세트 총액 · 개별 카드 가격 아님",estimated,no,no,신규 드로우 구성으로 짭혁월 13에 삽니다
75ed33c4bcb0dfbd9f770e44,vg,뱅가드,2026-08,2026-08-10T22:14:18+09:00,known,cde4387ea7531be2bbf20941,75ed33c4bcb0dfbd9f770e44,582332,https://m.dcinside.com/board/vg/582332,일D 알티팬텀 짭혁월로 덱 구합니다,seller-2b100396b5e5fa406e1205a9,Showman,registered,신규 드로우 구성으로 짭혁월,신규 드로우 구성으로 짭혁월,신규 드로우 구성으로 짭혁월,,,buy,구매,1,13,130000,estimated,bundle,text,unknown,,active,needs_review,needs_review,"가격 단위 추정, 배송비 포함 여부 미확정, 묶음·세트 총액 · 개별 카드 가격 아님",estimated,no,no,신규 드로우 구성으로 짭혁월 13에 삽니다
1100a834b4c16efc5e611e49,vg,뱅가드,2026-08,2026-08-10T22:32:36+09:00,known,5b0734f0f144020813fc91e5,1100a834b4c16efc5e611e49,582335,https://m.dcinside.com/board/vg/582335,아르키테 관련 소스 구함,seller-731967287aa27b2a0b2eabc1,어둠을먹는박쥐,registered,완덱은,완덱은,완덱은,,,buy,구매,1,14,140000,estimated,bundle,text,unknown,,active,needs_review,needs_review,"가격 단위 추정, 배송비 포함 여부 미확정, 묶음·세트 총액 · 개별 카드 가격 아님",estimated,no,no,완덱은 14에 사고
1abd975a0f39885eae9c6e5f,vg,뱅가드,2026-08,2026-08-10T22:32:36+09:00,known,7b18110abb95ddeb23ff26eb,1abd975a0f39885eae9c6e5f,582335,https://m.dcinside.com/board/vg/582335,아르키테 관련 소스 구함,seller-731967287aa27b2a0b2eabc1,어둠을먹는박쥐,registered,완덱은,완덱은,완덱은,,,buy,구매,1,14,140000,estimated,bundle,text,unknown,,active,needs_review,needs_review,"가격 단위 추정, 배송비 포함 여부 미확정, 묶음·세트 총액 · 개별 카드 가격 아님",estimated,no,no,완덱은 14에 사고
780923ea83829a8888c89ba1,vg,뱅가드,2026-08,2026-08-10T22:32:36+09:00,known,e867c79d283f850e4f292180,780923ea83829a8888c89ba1,582335,https://m.dcinside.com/board/vg/582335,아르키테 관련 소스 구함,seller-731967287aa27b2a0b2eabc1,어둠을먹는박쥐,registered,완덱은,완덱은,완덱은,,,buy,구매,1,14,140000,estimated,bundle,text,unknown,,active,needs_review,needs_review,"가격 단위 추정, 배송비 포함 여부 미확정, 묶음·세트 총액 · 개별 카드 가격 아님",estimated,no,no,완덱은 14에 사고
a3eff6abcfa94224b82c21fb,vg,뱅가드,2026-08,2026-08-10T22:32:36+09:00,known,c3dc9f4366b3f7292290757f,a3eff6abcfa94224b82c21fb,582335,https://m.dcinside.com/board/vg/582335,아르키테 관련 소스 구함,seller-731967287aa27b2a0b2eabc1,어둠을먹는박쥐,registered,완덱은,완덱은,완덱은,,,buy,구매,1,14,140000,estimated,bundle,text,unknown,,active,needs_review,needs_review,"가격 단위 추정, 배송비 포함 여부 미확정, 묶음·세트 총액 · 개별 카드 가격 아님",estimated,no,no,완덱은 14에 사고
b58ca7e15636ebeeee412465,vg,뱅가드,2026-08,2026-08-10T22:32:36+09:00,known,7a14c4a77f842c11b4adb6fb,b58ca7e15636ebeeee412465,582335,https://m.dcinside.com/board/vg/582335,아르키테 관련 소스 구함,seller-731967287aa27b2a0b2eabc1,어둠을먹는박쥐,registered,완덱은,완덱은,완덱은,,,buy,구매,1,14,140000,estimated,bundle,text,unknown,,active,needs_review,needs_review,"가격 단위 추정, 배송비 포함 여부 미확정, 묶음·세트 총액 · 개별 카드 가격 아님",estimated,no,no,완덱은 14에 사고
fe0fe72c93ae22dd22558382,vg,뱅가드,2026-08,2026-08-10T22:32:36+09:00,known,e3c9262af520079d008466d4,fe0fe72c93ae22dd22558382,582335,https://m.dcinside.com/board/vg/582335,아르키테 관련 소스 구함,seller-731967287aa27b2a0b2eabc1,어둠을먹는박쥐,registered,완덱은,완덱은,완덱은,,,buy,구매,1,14,140000,estimated,bundle,text,unknown,,active,needs_review,needs_review,"가격 단위 추정, 배송비 포함 여부 미확정, 묶음·세트 총액 · 개별 카드 가격 아님",estimated,no,no,완덱은 14에 사고
5e293f4b264cce8181d39b8d,vg,뱅가드,2026-08,2026-08-11T01:13:49+09:00,known,213e5cffde733ad753ac66f4,5e293f4b264cce8181d39b8d,582363,https://m.dcinside.com/board/vg/582363,일판) 리리컬 그2 혁싸 삽니다,seller-121dd6337da13269b525b6b6,사망플래그,guest,일판 리리컬 그2 혁싸,일판 리리컬 그2 혁싸,일판) 리리컬 그2 혁싸,,,buy,구매,1,,,missing,unknown,unknown,unknown,,active,needs_review,needs_review,희망가 미기재,missing,no,no,일판) 리리컬 그2 혁싸 삽니다
6c2b8e51c51866fd8ce4bec1,vg,뱅가드,2026-08,2026-08-11T01:13:49+09:00,known,5e8fe4fcca672128b0fe8306,6c2b8e51c51866fd8ce4bec1,582363,https://m.dcinside.com/board/vg/582363,일판) 리리컬 그2 혁싸 삽니다,seller-a26aef2c6dc2a700a7061296,사망플래그,guest,일판 리리컬 그2 혁싸,일판 리리컬 그2 혁싸,일판) 리리컬 그2 혁싸,,,buy,구매,1,,,missing,unknown,unknown,unknown,,active,needs_review,needs_review,희망가 미기재,missing,no,no,일판) 리리컬 그2 혁싸 삽니다
74fa02d46f005e76d0baf60d,vg,뱅가드,2026-08,2026-08-11T01:13:49+09:00,known,6ee2664d3abb236fade09ece,74fa02d46f005e76d0baf60d,582363,https://m.dcinside.com/board/vg/582363,일판) 리리컬 그2 혁싸 삽니다,seller-5ea351543f3b43efc1ebeaf6,사망플래그,guest,일판 리리컬 그2 혁싸,일판 리리컬 그2 혁싸,일판) 리리컬 그2 혁싸,,,buy,구매,1,,,missing,unknown,unknown,unknown,,active,needs_review,needs_review,희망가 미기재,missing,no,no,일판) 리리컬 그2 혁싸 삽니다
7f0f989f792d3d9b6402495f,vg,뱅가드,2026-08,2026-08-11T01:13:49+09:00,known,b5c8086a2cd923b623a169d7,7f0f989f792d3d9b6402495f,582363,https://m.dcinside.com/board/vg/582363,일판) 리리컬 그2 혁싸 삽니다,seller-ea436e4cec0cb9a62f477cbe,사망플래그,guest,일판 리리컬 그2 혁싸,일판 리리컬 그2 혁싸,일판) 리리컬 그2 혁싸,,,buy,구매,1,,,missing,unknown,unknown,unknown,,active,needs_review,needs_review,희망가 미기재,missing,no,no,일판) 리리컬 그2 혁싸 삽니다
ac6a2d2cf58eaa69d6918582,vg,뱅가드,2026-08,2026-08-11T01:13:49+09:00,known,e8815bfb4c5d2e4425050524,ac6a2d2cf58eaa69d6918582,582363,https://m.dcinside.com/board/vg/582363,일판) 리리컬 그2 혁싸 삽니다,seller-4749d7370937d16b57c3e5af,사망플래그,guest,일판 리리컬 그2 혁싸,일판 리리컬 그2 혁싸,일판) 리리컬 그2 혁싸,,,buy,구매,1,,,missing,unknown,unknown,unknown,,active,needs_review,needs_review,희망가 미기재,missing,no,no,일판) 리리컬 그2 혁싸 삽니다
b388fec7950387c47111ae03,vg,뱅가드,2026-08,2026-08-11T01:13:49+09:00,known,bc0ba49b9fa4ac81cc5822f1,b388fec7950387c47111ae03,582363,https://m.dcinside.com/board/vg/582363,일판) 리리컬 그2 혁싸 삽니다,seller-fcbd29f5fe6f9e09b7066f7a,사망플래그,guest,일판 리리컬 그2 혁싸,일판 리리컬 그2 혁싸,일판) 리리컬 그2 혁싸,,,buy,구매,1,,,missing,unknown,unknown,unknown,,active,needs_review,needs_review,희망가 미기재,missing,no,no,일판) 리리컬 그2 혁싸 삽니다
0e935ffab423c99d18b32dc3,vg,뱅가드,2026-08,2026-08-11T09:05:39+09:00,known,02cd4c3e378c145ca2e1426f,0e935ffab423c99d18b32dc3,582397,https://m.dcinside.com/board/vg/582397,일D 알티팬텀 짭혁월로 13에 덱구함,seller-2b100396b5e5fa406e1205a9,Showman,registered,일D 알티팬텀 짭혁월로 13에 덱,일D 알티팬텀 짭혁월로 13에 덱,일D 알티팬텀 짭혁월로 13에 덱,,,buy,구매,1,,,missing,unknown,unknown,unknown,,active,needs_review,needs_review,희망가 미기재,missing,no,no,일D 알티팬텀 짭혁월로 13에 덱구함
5001f029a2284c5455ac1d41,vg,뱅가드,2026-08,2026-08-11T09:05:39+09:00,known,c705e1e79405ed8f9042cf94,5001f029a2284c5455ac1d41,582397,https://m.dcinside.com/board/vg/582397,일D 알티팬텀 짭혁월로 13에 덱구함,seller-2b100396b5e5fa406e1205a9,Showman,registered,일D 알티팬텀 짭혁월로 13에 덱,일D 알티팬텀 짭혁월로 13에 덱,일D 알티팬텀 짭혁월로 13에 덱,,,buy,구매,1,,,missing,unknown,unknown,unknown,,active,needs_review,needs_review,희망가 미기재,missing,no,no,일D 알티팬텀 짭혁월로 13에 덱구함
5282037429723f674c7ac63e,vg,뱅가드,2026-08,2026-08-11T09:05:39+09:00,known,c09488c9c79fe3b552d7c601,5282037429723f674c7ac63e,582397,https://m.dcinside.com/board/vg/582397,일D 알티팬텀 짭혁월로 13에 덱구함,seller-2b100396b5e5fa406e1205a9,Showman,registered,일D 알티팬텀 짭혁월로 13에 덱,일D 알티팬텀 짭혁월로 13에 덱,일D 알티팬텀 짭혁월로 13에 덱,,,buy,구매,1,,,missing,unknown,unknown,unknown,,active,needs_review,needs_review,희망가 미기재,missing,no,no,일D 알티팬텀 짭혁월로 13에 덱구함
7dab8f7b2eb5c8ea231c84eb,vg,뱅가드,2026-08,2026-08-11T09:05:39+09:00,known,4aa7e2ddc9ec2cfd39ef254f,7dab8f7b2eb5c8ea231c84eb,582397,https://m.dcinside.com/board/vg/582397,일D 알티팬텀 짭혁월로 13에 덱구함,seller-2b100396b5e5fa406e1205a9,Showman,registered,일D 알티팬텀 짭혁월로 13에 덱,일D 알티팬텀 짭혁월로 13에 덱,일D 알티팬텀 짭혁월로 13에 덱,,,buy,구매,1,,,missing,unknown,unknown,unknown,,active,needs_review,needs_review,희망가 미기재,missing,no,no,일D 알티팬텀 짭혁월로 13에 덱구함
c54b7e43f6801d2ce652cfb2,vg,뱅가드,2026-08,2026-08-11T09:05:39+09:00,known,b80e75ee710233779d6d845f,c54b7e43f6801d2ce652cfb2,582397,https://m.dcinside.com/board/vg/582397,일D 알티팬텀 짭혁월로 13에 덱구함,seller-2b100396b5e5fa406e1205a9,Showman,registered,일D 알티팬텀 짭혁월로 13에 덱,일D 알티팬텀 짭혁월로 13에 덱,일D 알티팬텀 짭혁월로 13에 덱,,,buy,구매,1,,,missing,unknown,unknown,unknown,,active,needs_review,needs_review,희망가 미기재,missing,no,no,일D 알티팬텀 짭혁월로 13에 덱구함
ecf1ae3d418ede8317eca7e7,vg,뱅가드,2026-08,2026-08-11T09:05:39+09:00,known,1d4ceecfe9d946680edc79d7,ecf1ae3d418ede8317eca7e7,582397,https://m.dcinside.com/board/vg/582397,일D 알티팬텀 짭혁월로 13에 덱구함,seller-2b100396b5e5fa406e1205a9,Showman,registered,일D 알티팬텀 짭혁월로 13에 덱,일D 알티팬텀 짭혁월로 13에 덱,일D 알티팬텀 짭혁월로 13에 덱,,,buy,구매,1,,,missing,unknown,unknown,unknown,,active,needs_review,needs_review,희망가 미기재,missing,no,no,일D 알티팬텀 짭혁월로 13에 덱구함
08db83c371f577426d9e2107,vg,뱅가드,2026-08,2026-08-11T09:09:34+09:00,known,070d5889501d996fc86359e3,08db83c371f577426d9e2107,582399,https://m.dcinside.com/board/vg/582399,X-CeeDaNCe 프레시 폴와트 1장 구매합니다,seller-049eb1e073894bdd0a148996,베르누이,registered,,등포,등포,,,buy,구매,1,1.0,10000,estimated,per_card,text,unknown,,active,needs_review,needs_review,"가격 단위 추정, 배송비 포함 여부 미확정",estimated,yes,candidate_estimated,등포 1.0에 구함...
115cf801c0b0f54ba0c60350,vg,뱅가드,2026-08,2026-08-11T09:09:34+09:00,known,bc6ddf1af2aa740ca8038199,115cf801c0b0f54ba0c60350,582399,https://m.dcinside.com/board/vg/582399,X-CeeDaNCe 프레시 폴와트 1장 구매합니다,seller-049eb1e073894bdd0a148996,베르누이,registered,,등포,등포,,,buy,구매,1,1.0,10000,estimated,per_card,text,unknown,,active,needs_review,needs_review,"가격 단위 추정, 배송비 포함 여부 미확정",estimated,yes,candidate_estimated,등포 1.0에 구함...
8123935ad1a68a671a1c810a,vg,뱅가드,2026-08,2026-08-11T09:09:34+09:00,known,d533e829832468b866170431,8123935ad1a68a671a1c810a,582399,https://m.dcinside.com/board/vg/582399,X-CeeDaNCe 프레시 폴와트 1장 구매합니다,seller-049eb1e073894bdd0a148996,베르누이,registered,,등포,등포,,,buy,구매,1,1.0,10000,estimated,per_card,text,unknown,,active,needs_review,needs_review,"가격 단위 추정, 배송비 포함 여부 미확정",estimated,yes,candidate_estimated,등포 1.0에 구함...
96e25a4a5ab0c91b9de5658a,vg,뱅가드,2026-08,2026-08-11T09:09:34+09:00,known,f5e7481a34a3c1433678ce6f,96e25a4a5ab0c91b9de5658a,582399,https://m.dcinside.com/board/vg/582399,X-CeeDaNCe 프레시 폴와트 1장 구매합니다,seller-049eb1e073894bdd0a148996,베르누이,registered,,등포,등포,,,buy,구매,1,1.0,10000,estimated,per_card,text,unknown,,active,needs_review,needs_review,"가격 단위 추정, 배송비 포함 여부 미확정",estimated,yes,candidate_estimated,등포 1.0에 구함...
c1754abb8f7281f6216f481e,vg,뱅가드,2026-08,2026-08-11T09:09:34+09:00,known,67d6c059ef57a427c6103ab2,c1754abb8f7281f6216f481e,582399,https://m.dcinside.com/board/vg/582399,X-CeeDaNCe 프레시 폴와트 1장 구매합니다,seller-049eb1e073894bdd0a148996,베르누이,registered,,등포,등포,,,buy,구매,1,1.0,10000,estimated,per_card,text,unknown,,active,needs_review,needs_review,"가격 단위 추정, 배송비 포함 여부 미확정",estimated,yes,candidate_estimated,등포 1.0에 구함...
f0552f92083c647a94000c29,vg,뱅가드,2026-08,2026-08-11T09:09:34+09:00,known,110cbe75eeffd49002f07025,f0552f92083c647a94000c29,582399,https://m.dcinside.com/board/vg/582399,X-CeeDaNCe 프레시 폴와트 1장 구매합니다,seller-049eb1e073894bdd0a148996,베르누이,registered,,등포,등포,,,buy,구매,1,1.0,10000,estimated,per_card,text,unknown,,active,needs_review,needs_review,"가격 단위 추정, 배송비 포함 여부 미확정",estimated,yes,candidate_estimated,등포 1.0에 구함...
0ac62ed61190bbcec6ede82c,vg,뱅가드,2026-08,2026-08-11T09:31:41+09:00,known,3889090206a1ed047ff54d12,0ac62ed61190bbcec6ede82c,582401,https://m.dcinside.com/board/vg/582401,리각희 파츠 몇개 삽니다,seller-fdb3055bca7d140df48eb838,ㅇㅇ,guest,리각희 파츠 몇개,리각희 파츠 몇개,리각희 파츠 몇개,,,buy,구매,4,,,missing,unknown,unknown,unknown,,active,needs_review,needs_review,희망가 미기재,missing,no,no,리각희 파츠 몇개 삽니다
1fb74c62b08fbc0a336cd1ca,vg,뱅가드,2026-08,2026-08-11T09:31:41+09:00,known,fef32b8aaa89fe6b9bb7645a,1fb74c62b08fbc0a336cd1ca,582401,https://m.dcinside.com/board/vg/582401,리각희 파츠 몇개 삽니다,seller-24542291499e567d6b49405f,ㅇㅇ,guest,리각희 파츠 몇개,리각희 파츠 몇개,리각희 파츠 몇개,,,buy,구매,4,,,missing,unknown,unknown,unknown,,active,needs_review,needs_review,희망가 미기재,missing,no,no,리각희 파츠 몇개 삽니다
5c09401fb7c660260232614c,vg,뱅가드,2026-08,2026-08-11T09:31:41+09:00,known,c0c015e0ad1fbae2da0c638e,5c09401fb7c660260232614c,582401,https://m.dcinside.com/board/vg/582401,리각희 파츠 몇개 삽니다,seller-add62eae96b226d4d13155d8,ㅇㅇ,guest,리각희 파츠 몇개,리각희 파츠 몇개,리각희 파츠 몇개,,,buy,구매,4,,,missing,unknown,unknown,unknown,,active,needs_review,needs_review,희망가 미기재,missing,no,no,리각희 파츠 몇개 삽니다
8d76fc82f472b0f49fb4dded,vg,뱅가드,2026-08,2026-08-11T09:31:41+09:00,known,edef792d6756456f2ce6d3a1,8d76fc82f472b0f49fb4dded,582401,https://m.dcinside.com/board/vg/582401,리각희 파츠 몇개 삽니다,seller-64f9acdd9e0f7ad2fce0230c,ㅇㅇ,guest,리각희 파츠 몇개,리각희 파츠 몇개,리각희 파츠 몇개,,,buy,구매,4,,,missing,unknown,unknown,unknown,,active,needs_review,needs_review,희망가 미기재,missing,no,no,리각희 파츠 몇개 삽니다
c57bc9cf89a60a91ad08623b,vg,뱅가드,2026-08,2026-08-11T09:31:41+09:00,known,6360a467ce30fc133a8fd899,c57bc9cf89a60a91ad08623b,582401,https://m.dcinside.com/board/vg/582401,리각희 파츠 몇개 삽니다,seller-3c87c57e0b8992131a38531f,ㅇㅇ,guest,리각희 파츠 몇개,리각희 파츠 몇개,리각희 파츠 몇개,,,buy,구매,4,,,missing,unknown,unknown,unknown,,active,needs_review,needs_review,희망가 미기재,missing,no,no,리각희 파츠 몇개 삽니다
d64222c7aae90a4302b3849a,vg,뱅가드,2026-08,2026-08-11T09:31:41+09:00,known,eaf03c410d22990bb13911dd,d64222c7aae90a4302b3849a,582401,https://m.dcinside.com/board/vg/582401,리각희 파츠 몇개 삽니다,seller-05438e0bf37994e4e0e05557,ㅇㅇ,guest,리각희 파츠 몇개,리각희 파츠 몇개,리각희 파츠 몇개,,,buy,구매,4,,,missing,unknown,unknown,unknown,,active,needs_review,needs_review,희망가 미기재,missing,no,no,리각희 파츠 몇개 삽니다
2f3872741a522a9aab2bbf17,vg,뱅가드,2026-08,2026-08-11T10:00:04+09:00,known,419dd5ab76afedfc70b181f4,2f3872741a522a9aab2bbf17,582406,https://m.dcinside.com/board/vg/582406,"글판 미셸씰, 마이고 GPR+, 옵트GPS 등 구함",seller-7067fb6b74b5028119e0fa94,케인좋아맨이야,registered,글판 미셸씰 마이고 GPR+ 옵트GPS 등,글판 미셸씰 마이고 GPR+ 옵트GPS 등,"글판 미셸씰, 마이고 GPR+, 옵트GPS 등",,,buy,구매,4,,,missing,unknown,unknown,unknown,,active,needs_review,needs_review,희망가 미기재,missing,no,no,"글판 미셸씰, 마이고 GPR+, 옵트GPS 등 구함"
62a817f27659e1125b742b32,vg,뱅가드,2026-08,2026-08-11T10:00:04+09:00,known,bbde41136860c7d6c7ae033c,62a817f27659e1125b742b32,582406,https://m.dcinside.com/board/vg/582406,"글판 미셸씰, 마이고 GPR+, 옵트GPS 등 구함",seller-7067fb6b74b5028119e0fa94,케인좋아맨이야,registered,글판 미셸씰 마이고 GPR+ 옵트GPS 등,글판 미셸씰 마이고 GPR+ 옵트GPS 등,"글판 미셸씰, 마이고 GPR+, 옵트GPS 등",,,buy,구매,4,,,missing,unknown,unknown,unknown,,active,needs_review,needs_review,희망가 미기재,missing,no,no,"글판 미셸씰, 마이고 GPR+, 옵트GPS 등 구함"
63a847adf8c22b3a984cf3f6,vg,뱅가드,2026-08,2026-08-11T10:00:04+09:00,known,cdbc69cc22f937a265313a7f,63a847adf8c22b3a984cf3f6,582406,https://m.dcinside.com/board/vg/582406,"글판 미셸씰, 마이고 GPR+, 옵트GPS 등 구함",seller-7067fb6b74b5028119e0fa94,케인좋아맨이야,registered,글판 미셸씰 마이고 GPR+ 옵트GPS 등,글판 미셸씰 마이고 GPR+ 옵트GPS 등,"글판 미셸씰, 마이고 GPR+, 옵트GPS 등",,,buy,구매,4,,,missing,unknown,unknown,unknown,,active,needs_review,needs_review,희망가 미기재,missing,no,no,"글판 미셸씰, 마이고 GPR+, 옵트GPS 등 구함"
89537ea0e87c0326225f3dbc,vg,뱅가드,2026-08,2026-08-11T10:00:04+09:00,known,ff6ae894160c769612a16919,89537ea0e87c0326225f3dbc,582406,https://m.dcinside.com/board/vg/582406,"글판 미셸씰, 마이고 GPR+, 옵트GPS 등 구함",seller-7067fb6b74b5028119e0fa94,케인좋아맨이야,registered,글판 미셸씰 마이고 GPR+ 옵트GPS 등,글판 미셸씰 마이고 GPR+ 옵트GPS 등,"글판 미셸씰, 마이고 GPR+, 옵트GPS 등",,,buy,구매,4,,,missing,unknown,unknown,unknown,,active,needs_review,needs_review,희망가 미기재,missing,no,no,"글판 미셸씰, 마이고 GPR+, 옵트GPS 등 구함"
daaf2471707bc98acedd6ba1,vg,뱅가드,2026-08,2026-08-11T10:00:04+09:00,known,2dcf87e02a3e166c176c4c48,daaf2471707bc98acedd6ba1,582406,https://m.dcinside.com/board/vg/582406,"글판 미셸씰, 마이고 GPR+, 옵트GPS 등 구함",seller-7067fb6b74b5028119e0fa94,케인좋아맨이야,registered,글판 미셸씰 마이고 GPR+ 옵트GPS 등,글판 미셸씰 마이고 GPR+ 옵트GPS 등,"글판 미셸씰, 마이고 GPR+, 옵트GPS 등",,,buy,구매,4,,,missing,unknown,unknown,unknown,,active,needs_review,needs_review,희망가 미기재,missing,no,no,"글판 미셸씰, 마이고 GPR+, 옵트GPS 등 구함"
f80b9585ae878c06524b35b0,vg,뱅가드,2026-08,2026-08-11T10:00:04+09:00,known,913ff51e026629e063876365,f80b9585ae878c06524b35b0,582406,https://m.dcinside.com/board/vg/582406,"글판 미셸씰, 마이고 GPR+, 옵트GPS 등 구함",seller-7067fb6b74b5028119e0fa94,케인좋아맨이야,registered,글판 미셸씰 마이고 GPR+ 옵트GPS 등,글판 미셸씰 마이고 GPR+ 옵트GPS 등,"글판 미셸씰, 마이고 GPR+, 옵트GPS 등",,,buy,구매,4,,,missing,unknown,unknown,unknown,,active,needs_review,needs_review,희망가 미기재,missing,no,no,"글판 미셸씰, 마이고 GPR+, 옵트GPS 등 구함"
069387668d98d98187ede861,vg,뱅가드,2026-08,2026-08-11T11:14:26+09:00,known,e42c47db360e1c8a187494f6,069387668d98d98187ede861,582411,https://m.dcinside.com/board/vg/582411,일d 하리 삽니다,seller-5a8384d7a85a3bbeaca88911,아마재밌을듯,registered,,30~,30~,,,buy,구매,1,35,350000,estimated,per_card,text,unknown,,active,needs_review,needs_review,"가격 단위 추정, 배송비 포함 여부 미확정",estimated,yes,candidate_estimated,30~35정도 생각하고 구해봄
07d4de8c7dd43ebf3e622dfa,vg,뱅가드,2026-08,2026-08-11T11:14:26+09:00,known,3564a12f6ef3d042685dc6b5,07d4de8c7dd43ebf3e622dfa,582411,https://m.dcinside.com/board/vg/582411,일d 하리 삽니다,seller-5a8384d7a85a3bbeaca88911,아마재밌을듯,registered,,30~,30~,,,buy,구매,1,35,350000,estimated,per_card,text,unknown,,active,needs_review,needs_review,"가격 단위 추정, 배송비 포함 여부 미확정",estimated,yes,candidate_estimated,30~35정도 생각하고 구해봄
183aba1dcdacc7181736c771,vg,뱅가드,2026-08,2026-08-11T11:14:26+09:00,known,11fae8bed611bf742a6244fa,183aba1dcdacc7181736c771,582411,https://m.dcinside.com/board/vg/582411,일d 하리 삽니다,seller-5a8384d7a85a3bbeaca88911,아마재밌을듯,registered,,30~,30~,,,buy,구매,1,35,350000,estimated,per_card,text,unknown,,active,needs_review,needs_review,"가격 단위 추정, 배송비 포함 여부 미확정",estimated,yes,candidate_estimated,30~35정도 생각하고 구해봄
d2eccce8a2944a26138ca45b,vg,뱅가드,2026-08,2026-08-11T11:14:26+09:00,known,5ee38be0dea88022e25026ce,d2eccce8a2944a26138ca45b,582411,https://m.dcinside.com/board/vg/582411,일d 하리 삽니다,seller-5a8384d7a85a3bbeaca88911,아마재밌을듯,registered,,30~,30~,,,buy,구매,1,35,350000,estimated,per_card,text,unknown,,active,needs_review,needs_review,"가격 단위 추정, 배송비 포함 여부 미확정",estimated,yes,candidate_estimated,30~35정도 생각하고 구해봄
d8bb910ca86cbdda14469628,vg,뱅가드,2026-08,2026-08-11T11:14:26+09:00,known,ed3b9e80ed5ef13d5830edfc,d8bb910ca86cbdda14469628,582411,https://m.dcinside.com/board/vg/582411,일d 하리 삽니다,seller-5a8384d7a85a3bbeaca88911,아마재밌을듯,registered,,30~,30~,,,buy,구매,1,35,350000,estimated,per_card,text,unknown,,active,needs_review,needs_review,"가격 단위 추정, 배송비 포함 여부 미확정",estimated,yes,candidate_estimated,30~35정도 생각하고 구해봄
f99dc0d71b8a55e170fe9526,vg,뱅가드,2026-08,2026-08-11T11:14:26+09:00,known,6b40269d63c6d185affc4f55,f99dc0d71b8a55e170fe9526,582411,https://m.dcinside.com/board/vg/582411,일d 하리 삽니다,seller-5a8384d7a85a3bbeaca88911,아마재밌을듯,registered,,30~,30~,,,buy,구매,1,35,350000,estimated,per_card,text,unknown,,active,needs_review,needs_review,"가격 단위 추정, 배송비 포함 여부 미확정",estimated,yes,candidate_estimated,30~35정도 생각하고 구해봄
01aa39a92e1915fc19ef6088,vg,뱅가드,2026-08,2026-08-11T11:18:54+09:00,known,0c9264616c99afae348636ef,01aa39a92e1915fc19ef6088,582415,https://m.dcinside.com/board/vg/582415,일) 리리컬 그2 혁싸 삽니다,seller-45d8492cd563ba8e6bce713a,사망플래그,guest,일 리리컬 그2 혁싸,일 리리컬 그2 혁싸,일) 리리컬 그2 혁싸,,,buy,구매,3,,,missing,unknown,unknown,unknown,,active,needs_review,needs_review,희망가 미기재,missing,no,no,일) 리리컬 그2 혁싸 삽니다
1fa4843eebcb9db170582912,vg,뱅가드,2026-08,2026-08-11T11:18:54+09:00,known,0e6d26f9a60f1ee4b84253d9,1fa4843eebcb9db170582912,582415,https://m.dcinside.com/board/vg/582415,일) 리리컬 그2 혁싸 삽니다,seller-8e34457ca591660d2863e78a,사망플래그,guest,일 리리컬 그2 혁싸,일 리리컬 그2 혁싸,일) 리리컬 그2 혁싸,,,buy,구매,3,,,missing,unknown,unknown,unknown,,active,needs_review,needs_review,희망가 미기재,missing,no,no,일) 리리컬 그2 혁싸 삽니다
65db47672e4d6d6509cae7dd,vg,뱅가드,2026-08,2026-08-11T11:18:54+09:00,known,931022f963c7ac38dc10efde,65db47672e4d6d6509cae7dd,582415,https://m.dcinside.com/board/vg/582415,일) 리리컬 그2 혁싸 삽니다,seller-506a7fed7e97efa591f48878,사망플래그,guest,일 리리컬 그2 혁싸,일 리리컬 그2 혁싸,일) 리리컬 그2 혁싸,,,buy,구매,3,,,missing,unknown,unknown,unknown,,active,needs_review,needs_review,희망가 미기재,missing,no,no,일) 리리컬 그2 혁싸 삽니다
9083121a0cda89a707c8676c,vg,뱅가드,2026-08,2026-08-11T11:18:54+09:00,known,7f9e7a87699690f635970025,9083121a0cda89a707c8676c,582415,https://m.dcinside.com/board/vg/582415,일) 리리컬 그2 혁싸 삽니다,seller-ffe3a24070ca63b1e64a51c8,사망플래그,guest,일 리리컬 그2 혁싸,일 리리컬 그2 혁싸,일) 리리컬 그2 혁싸,,,buy,구매,3,,,missing,unknown,unknown,unknown,,active,needs_review,needs_review,희망가 미기재,missing,no,no,일) 리리컬 그2 혁싸 삽니다
bfa460fe40b00318d4f3d424,vg,뱅가드,2026-08,2026-08-11T11:18:54+09:00,known,7e695b2964b3ee514c90825f,bfa460fe40b00318d4f3d424,582415,https://m.dcinside.com/board/vg/582415,일) 리리컬 그2 혁싸 삽니다,seller-1c5c8151e0a5237d6a2eb0b0,사망플래그,guest,일 리리컬 그2 혁싸,일 리리컬 그2 혁싸,일) 리리컬 그2 혁싸,,,buy,구매,3,,,missing,unknown,unknown,unknown,,active,needs_review,needs_review,희망가 미기재,missing,no,no,일) 리리컬 그2 혁싸 삽니다
e24288e2f92eb2ef3679e057,vg,뱅가드,2026-08,2026-08-11T11:18:54+09:00,known,8a6473bb92e991ee858fb1ff,e24288e2f92eb2ef3679e057,582415,https://m.dcinside.com/board/vg/582415,일) 리리컬 그2 혁싸 삽니다,seller-fb81f5bce4593f0708a3451f,사망플래그,guest,일 리리컬 그2 혁싸,일 리리컬 그2 혁싸,일) 리리컬 그2 혁싸,,,buy,구매,3,,,missing,unknown,unknown,unknown,,active,needs_review,needs_review,희망가 미기재,missing,no,no,일) 리리컬 그2 혁싸 삽니다
12576e9bd2d25ab5fb85d919,vg,뱅가드,2026-08,2026-08-11T16:11:45+09:00,known,c3c59a4748537fe1e9ea8994,12576e9bd2d25ab5fb85d919,582459,https://m.dcinside.com/board/vg/582459,일 바르가 크리스레인 소스또는 덱 구매합니다,seller-a451bb1ae5d428543f61b3f5,환영,guest,바르가 크리스레인 소스또는 덱 일단,바르가 크리스레인 소스또는 덱 일단,바르가 크리스레인 소스또는 덱 구매합니다 일단,,,buy,구매,1,15,150000,estimated,bundle,text,unknown,,active,needs_review,needs_review,"가격 단위 추정, 배송비 포함 여부 미확정, 묶음·세트 총액 · 개별 카드 가격 아님",estimated,no,no,바르가 크리스레인 소스또는 덱 구매합니다 일단 15에 구매합니다 레시피따라서 금액변동 가능합니다 바르가는 선학룡이 있어서 선학룡 없는 소스로 부탁드립니다
64bc14a18ba28af39cb4e5af,vg,뱅가드,2026-08,2026-08-11T16:11:45+09:00,known,92b6e9a2f3c2980aa29097a6,64bc14a18ba28af39cb4e5af,582459,https://m.dcinside.com/board/vg/582459,일 바르가 크리스레인 소스또는 덱 구매합니다,seller-3ed9b0c30f671ed20b725a74,환영,guest,바르가 크리스레인 소스또는 덱 일단,바르가 크리스레인 소스또는 덱 일단,바르가 크리스레인 소스또는 덱 구매합니다 일단,,,buy,구매,1,15,150000,estimated,bundle,text,unknown,,active,needs_review,needs_review,"가격 단위 추정, 배송비 포함 여부 미확정, 묶음·세트 총액 · 개별 카드 가격 아님",estimated,no,no,바르가 크리스레인 소스또는 덱 구매합니다 일단 15에 구매합니다 레시피따라서 금액변동 가능합니다 바르가는 선학룡이 있어서 선학룡 없는 소스로 부탁드립니다
799ceea4d0d7b3ca1ed3821c,vg,뱅가드,2026-08,2026-08-11T16:11:45+09:00,known,2e3a1bc6345ee3100bfcaeb7,799ceea4d0d7b3ca1ed3821c,582459,https://m.dcinside.com/board/vg/582459,일 바르가 크리스레인 소스또는 덱 구매합니다,seller-6eb87cf9ed27caa8863d25c0,환영,guest,바르가 크리스레인 소스또는 덱 일단,바르가 크리스레인 소스또는 덱 일단,바르가 크리스레인 소스또는 덱 구매합니다 일단,,,buy,구매,1,15,150000,estimated,bundle,text,unknown,,active,needs_review,needs_review,"가격 단위 추정, 배송비 포함 여부 미확정, 묶음·세트 총액 · 개별 카드 가격 아님",estimated,no,no,바르가 크리스레인 소스또는 덱 구매합니다 일단 15에 구매합니다 레시피따라서 금액변동 가능합니다 바르가는 선학룡이 있어서 선학룡 없는 소스로 부탁드립니다
a6b3a38603b1b46a1638a268,vg,뱅가드,2026-08,2026-08-11T16:11:45+09:00,known,157e0190f8bffdf0edbdecbd,a6b3a38603b1b46a1638a268,582459,https://m.dcinside.com/board/vg/582459,일 바르가 크리스레인 소스또는 덱 구매합니다,seller-df86a344dad5ed1c28e354fc,환영,guest,바르가 크리스레인 소스또는 덱 일단,바르가 크리스레인 소스또는 덱 일단,바르가 크리스레인 소스또는 덱 구매합니다 일단,,,buy,구매,1,15,150000,estimated,bundle,text,unknown,,active,needs_review,needs_review,"가격 단위 추정, 배송비 포함 여부 미확정, 묶음·세트 총액 · 개별 카드 가격 아님",estimated,no,no,바르가 크리스레인 소스또는 덱 구매합니다 일단 15에 구매합니다 레시피따라서 금액변동 가능합니다 바르가는 선학룡이 있어서 선학룡 없는 소스로 부탁드립니다
aeb5267625af164cf577cd82,vg,뱅가드,2026-08,2026-08-11T16:11:45+09:00,known,cbd120b5e3a525b59741957d,aeb5267625af164cf577cd82,582459,https://m.dcinside.com/board/vg/582459,일 바르가 크리스레인 소스또는 덱 구매합니다,seller-ea2c3f73419e65032f684bfb,환영,guest,바르가 크리스레인 소스또는 덱 일단,바르가 크리스레인 소스또는 덱 일단,바르가 크리스레인 소스또는 덱 구매합니다 일단,,,buy,구매,1,15,150000,estimated,bundle,text,unknown,,active,needs_review,needs_review,"가격 단위 추정, 배송비 포함 여부 미확정, 묶음·세트 총액 · 개별 카드 가격 아님",estimated,no,no,바르가 크리스레인 소스또는 덱 구매합니다 일단 15에 구매합니다 레시피따라서 금액변동 가능합니다 바르가는 선학룡이 있어서 선학룡 없는 소스로 부탁드립니다
b4543092c2c5b1f811657f14,vg,뱅가드,2026-08,2026-08-11T16:11:45+09:00,known,1d792113a7fdcf3bf4f2683e,b4543092c2c5b1f811657f14,582459,https://m.dcinside.com/board/vg/582459,일 바르가 크리스레인 소스또는 덱 구매합니다,seller-a55cab8d9e5d34862acfe31e,환영,guest,바르가 크리스레인 소스또는 덱 일단,바르가 크리스레인 소스또는 덱 일단,바르가 크리스레인 소스또는 덱 구매합니다 일단,,,buy,구매,1,15,150000,estimated,bundle,text,unknown,,active,needs_review,needs_review,"가격 단위 추정, 배송비 포함 여부 미확정, 묶음·세트 총액 · 개별 카드 가격 아님",estimated,no,no,바르가 크리스레인 소스또는 덱 구매합니다 일단 15에 구매합니다 레시피따라서 금액변동 가능합니다 바르가는 선학룡이 있어서 선학룡 없는 소스로 부탁드립니다
15d257b9d0f0b342096de005,vg,뱅가드,2026-08,2026-08-11T17:05:28+09:00,known,3c32b4e8e1429d4209ed43a8,15d257b9d0f0b342096de005,582474,https://m.dcinside.com/board/vg/582474,일판 유스팬텀 구합니다,seller-853218c9ffdf38c029e464cf,개는잘못이없어..,registered,일판 유스팬텀,일판 유스팬텀,일판 유스팬텀,,,buy,구매,1,,,missing,unknown,unknown,unknown,,active,needs_review,needs_review,희망가 미기재,missing,no,no,일판 유스팬텀 구합니다
41b11a05e17132f4a047f448,vg,뱅가드,2026-08,2026-08-11T17:05:28+09:00,known,76f59073bb57804e2ca49abd,41b11a05e17132f4a047f448,582474,https://m.dcinside.com/board/vg/582474,일판 유스팬텀 구합니다,seller-853218c9ffdf38c029e464cf,개는잘못이없어..,registered,일판 유스팬텀,일판 유스팬텀,일판 유스팬텀,,,buy,구매,1,,,missing,unknown,unknown,unknown,,active,needs_review,needs_review,희망가 미기재,missing,no,no,일판 유스팬텀 구합니다
6403a08d6866ccba8ea36595,vg,뱅가드,2026-08,2026-08-11T17:05:28+09:00,known,768e55f16bdaf02ef1a3207a,6403a08d6866ccba8ea36595,582474,https://m.dcinside.com/board/vg/582474,일판 유스팬텀 구합니다,seller-853218c9ffdf38c029e464cf,개는잘못이없어..,registered,일판 유스팬텀,일판 유스팬텀,일판 유스팬텀,,,buy,구매,1,,,missing,unknown,unknown,unknown,,active,needs_review,needs_review,희망가 미기재,missing,no,no,일판 유스팬텀 구합니다
9375ade059291038053811b9,vg,뱅가드,2026-08,2026-08-11T17:05:28+09:00,known,e6291e974b3a2405bd190f71,9375ade059291038053811b9,582474,https://m.dcinside.com/board/vg/582474,일판 유스팬텀 구합니다,seller-853218c9ffdf38c029e464cf,개는잘못이없어..,registered,일판 유스팬텀,일판 유스팬텀,일판 유스팬텀,,,buy,구매,1,,,missing,unknown,unknown,unknown,,active,needs_review,needs_review,희망가 미기재,missing,no,no,일판 유스팬텀 구합니다
9fca2777330476f7d3cbb085,vg,뱅가드,2026-08,2026-08-11T17:05:28+09:00,known,33809f8d3e6fab1c86c09442,9fca2777330476f7d3cbb085,582474,https://m.dcinside.com/board/vg/582474,일판 유스팬텀 구합니다,seller-853218c9ffdf38c029e464cf,개는잘못이없어..,registered,일판 유스팬텀,일판 유스팬텀,일판 유스팬텀,,,buy,구매,1,,,missing,unknown,unknown,unknown,,active,needs_review,needs_review,희망가 미기재,missing,no,no,일판 유스팬텀 구합니다
c2d079ea581a52de6495ab51,vg,뱅가드,2026-08,2026-08-11T17:05:28+09:00,known,2a8b554162a1d7884af55eb7,c2d079ea581a52de6495ab51,582474,https://m.dcinside.com/board/vg/582474,일판 유스팬텀 구합니다,seller-853218c9ffdf38c029e464cf,개는잘못이없어..,registered,일판 유스팬텀,일판 유스팬텀,일판 유스팬텀,,,buy,구매,1,,,missing,unknown,unknown,unknown,,active,needs_review,needs_review,희망가 미기재,missing,no,no,일판 유스팬텀 구합니다
01f2833cd106e7f6786afbde,vg,뱅가드,2026-08,2026-08-11T17:29:17+09:00,known,618de4bac53a9298c93c7ec3,01f2833cd106e7f6786afbde,582479,https://m.dcinside.com/board/vg/582479,일D) 이나즈마 캐러밴 성배 삽니다,seller-e9026bdc17deccaad0ad574a,팬케이크,guest,성배 기본일러 다른 일러,성배 기본일러 다른 일러,성배 기본일러 0.5 다른 일러,,,buy,구매,1,0.8,8000,estimated,per_card,text,unknown,,active,needs_review,needs_review,"가격 단위 추정, 배송비 포함 여부 미확정",estimated,yes,candidate_estimated,성배 기본일러 0.5 다른 일러 0.8
04155cdd97f72f04e9142c04,vg,뱅가드,2026-08,2026-08-11T17:29:17+09:00,known,f3d294675affc4cf5a2c2a1e,04155cdd97f72f04e9142c04,582479,https://m.dcinside.com/board/vg/582479,일D) 이나즈마 캐러밴 성배 삽니다,seller-3250ca883a427f3454e891a6,팬케이크,guest,성배 기본일러 다른 일러,성배 기본일러 다른 일러,성배 기본일러 0.5 다른 일러,,,buy,구매,1,0.8,8000,estimated,per_card,text,unknown,,active,needs_review,needs_review,"가격 단위 추정, 배송비 포함 여부 미확정",estimated,yes,candidate_estimated,성배 기본일러 0.5 다른 일러 0.8
0d77da457222fb9cc18c64e4,vg,뱅가드,2026-08,2026-08-11T17:29:17+09:00,known,2b09937eff96d9dc4653e62a,0d77da457222fb9cc18c64e4,582479,https://m.dcinside.com/board/vg/582479,일D) 이나즈마 캐러밴 성배 삽니다,seller-0527fe8e9fe2c6465abc3b34,팬케이크,guest,성배 기본일러 다른 일러,성배 기본일러 다른 일러,성배 기본일러 0.5 다른 일러,,,buy,구매,1,0.8,8000,estimated,per_card,text,unknown,,active,needs_review,needs_review,"가격 단위 추정, 배송비 포함 여부 미확정",estimated,yes,candidate_estimated,성배 기본일러 0.5 다른 일러 0.8
0ee64c37961509f5635c46fb,vg,뱅가드,2026-08,2026-08-11T17:29:17+09:00,known,618de4bac53a9298c93c7ec3,0ee64c37961509f5635c46fb,582479,https://m.dcinside.com/board/vg/582479,일D) 이나즈마 캐러밴 성배 삽니다,seller-e9026bdc17deccaad0ad574a,팬케이크,guest,이나즈마 캐러밴,이나즈마 캐러밴,이나즈마 캐러밴,,,buy,구매,1,0.7,7000,estimated,per_card,text,unknown,,active,needs_review,needs_review,"가격 단위 추정, 배송비 포함 여부 미확정",estimated,yes,candidate_estimated,이나즈마 캐러밴 0.7
2e06328e4028466467a3d69d,vg,뱅가드,2026-08,2026-08-11T17:29:17+09:00,known,e2300125078b40d71e56e091,2e06328e4028466467a3d69d,582479,https://m.dcinside.com/board/vg/582479,일D) 이나즈마 캐러밴 성배 삽니다,seller-a0ada161acddd566dc33d4b2,팬케이크,guest,이나즈마 캐러밴,이나즈마 캐러밴,이나즈마 캐러밴,,,buy,구매,1,0.7,7000,estimated,per_card,text,unknown,,active,needs_review,needs_review,"가격 단위 추정, 배송비 포함 여부 미확정",estimated,yes,candidate_estimated,이나즈마 캐러밴 0.7
5112f560130651720bbefbd2,vg,뱅가드,2026-08,2026-08-11T17:29:17+09:00,known,2b09937eff96d9dc4653e62a,5112f560130651720bbefbd2,582479,https://m.dcinside.com/board/vg/582479,일D) 이나즈마 캐러밴 성배 삽니다,seller-0527fe8e9fe2c6465abc3b34,팬케이크,guest,이나즈마 캐러밴,이나즈마 캐러밴,이나즈마 캐러밴,,,buy,구매,1,0.7,7000,estimated,per_card,text,unknown,,active,needs_review,needs_review,"가격 단위 추정, 배송비 포함 여부 미확정",estimated,yes,candidate_estimated,이나즈마 캐러밴 0.7
7ff074913e73254cdeabfeda,vg,뱅가드,2026-08,2026-08-11T17:29:17+09:00,known,025a23c7cfc389241a2b2647,7ff074913e73254cdeabfeda,582479,https://m.dcinside.com/board/vg/582479,일D) 이나즈마 캐러밴 성배 삽니다,seller-f21b948f95b79e2473a91a57,팬케이크,guest,이나즈마 캐러밴,이나즈마 캐러밴,이나즈마 캐러밴,,,buy,구매,1,0.7,7000,estimated,per_card,text,unknown,,active,needs_review,needs_review,"가격 단위 추정, 배송비 포함 여부 미확정",estimated,yes,candidate_estimated,이나즈마 캐러밴 0.7
8c1afa01b4913a74b9a553e3,vg,뱅가드,2026-08,2026-08-11T17:29:17+09:00,known,e6b798195c25eb72fd3fcb3d,8c1afa01b4913a74b9a553e3,582479,https://m.dcinside.com/board/vg/582479,일D) 이나즈마 캐러밴 성배 삽니다,seller-9fc18e968524dde2e5751f29,팬케이크,guest,이나즈마 캐러밴,이나즈마 캐러밴,이나즈마 캐러밴,,,buy,구매,1,0.7,7000,estimated,per_card,text,unknown,,active,needs_review,needs_review,"가격 단위 추정, 배송비 포함 여부 미확정",estimated,yes,candidate_estimated,이나즈마 캐러밴 0.7
97040b801761de657b2e21e7,vg,뱅가드,2026-08,2026-08-11T17:29:17+09:00,known,f3d294675affc4cf5a2c2a1e,97040b801761de657b2e21e7,582479,https://m.dcinside.com/board/vg/582479,일D) 이나즈마 캐러밴 성배 삽니다,seller-3250ca883a427f3454e891a6,팬케이크,guest,이나즈마 캐러밴,이나즈마 캐러밴,이나즈마 캐러밴,,,buy,구매,1,0.7,7000,estimated,per_card,text,unknown,,active,needs_review,needs_review,"가격 단위 추정, 배송비 포함 여부 미확정",estimated,yes,candidate_estimated,이나즈마 캐러밴 0.7
d22d15eb8aaa66375e8fb711,vg,뱅가드,2026-08,2026-08-11T17:29:17+09:00,known,e6b798195c25eb72fd3fcb3d,d22d15eb8aaa66375e8fb711,582479,https://m.dcinside.com/board/vg/582479,일D) 이나즈마 캐러밴 성배 삽니다,seller-9fc18e968524dde2e5751f29,팬케이크,guest,성배 기본일러 다른 일러,성배 기본일러 다른 일러,성배 기본일러 0.5 다른 일러,,,buy,구매,1,0.8,8000,estimated,per_card,text,unknown,,active,needs_review,needs_review,"가격 단위 추정, 배송비 포함 여부 미확정",estimated,yes,candidate_estimated,성배 기본일러 0.5 다른 일러 0.8
d807b57b680e47ce441e2c84,vg,뱅가드,2026-08,2026-08-11T17:29:17+09:00,known,025a23c7cfc389241a2b2647,d807b57b680e47ce441e2c84,582479,https://m.dcinside.com/board/vg/582479,일D) 이나즈마 캐러밴 성배 삽니다,seller-f21b948f95b79e2473a91a57,팬케이크,guest,성배 기본일러 다른 일러,성배 기본일러 다른 일러,성배 기본일러 0.5 다른 일러,,,buy,구매,1,0.8,8000,estimated,per_card,text,unknown,,active,needs_review,needs_review,"가격 단위 추정, 배송비 포함 여부 미확정",estimated,yes,candidate_estimated,성배 기본일러 0.5 다른 일러 0.8
dbe008e8e733eafb1e6d44a5,vg,뱅가드,2026-08,2026-08-11T17:29:17+09:00,known,e2300125078b40d71e56e091,dbe008e8e733eafb1e6d44a5,582479,https://m.dcinside.com/board/vg/582479,일D) 이나즈마 캐러밴 성배 삽니다,seller-a0ada161acddd566dc33d4b2,팬케이크,guest,성배 기본일러 다른 일러,성배 기본일러 다른 일러,성배 기본일러 0.5 다른 일러,,,buy,구매,1,0.8,8000,estimated,per_card,text,unknown,,active,needs_review,needs_review,"가격 단위 추정, 배송비 포함 여부 미확정",estimated,yes,candidate_estimated,성배 기본일러 0.5 다른 일러 0.8
0370ddd47ad5e4c3de6594cc,vg,뱅가드,2026-08,2026-08-11T19:32:17+09:00,known,73d91b9b4542849f2c6e64b1,0370ddd47ad5e4c3de6594cc,582522,https://m.dcinside.com/board/vg/582522,일D 유스팬텀 구해봅니다,seller-1874e429a8c115a836bb5482,ㅇㅇ,guest,일D 유스팬텀 구해봅니다,일D 유스팬텀 구해봅니다,일D 유스팬텀 구해봅니다,,,buy,구매,1,,,missing,unknown,unknown,unknown,,active,needs_review,needs_review,희망가 미기재,missing,no,no,일D 유스팬텀 구해봅니다
078be069bfa1bbdc8d0cfb3a,vg,뱅가드,2026-08,2026-08-11T19:32:17+09:00,known,089c5db3b42c40d7a8d71653,078be069bfa1bbdc8d0cfb3a,582522,https://m.dcinside.com/board/vg/582522,일D 유스팬텀 구해봅니다,seller-7cdfb940c99d835dadbd3615,ㅇㅇ,guest,일D 유스팬텀 구해봅니다,일D 유스팬텀 구해봅니다,일D 유스팬텀 구해봅니다,,,buy,구매,1,,,missing,unknown,unknown,unknown,,active,needs_review,needs_review,희망가 미기재,missing,no,no,일D 유스팬텀 구해봅니다
179d34640d3de6468f9c0beb,vg,뱅가드,2026-08,2026-08-11T19:32:17+09:00,known,d426ca0c95ba345e909e4f0e,179d34640d3de6468f9c0beb,582522,https://m.dcinside.com/board/vg/582522,일D 유스팬텀 구해봅니다,seller-456f9015bb79d7f4a4e27500,ㅇㅇ,guest,일D 유스팬텀 구해봅니다,일D 유스팬텀 구해봅니다,일D 유스팬텀 구해봅니다,,,buy,구매,1,,,missing,unknown,unknown,unknown,,active,needs_review,needs_review,희망가 미기재,missing,no,no,일D 유스팬텀 구해봅니다
a879a1677b89f16d0640ee2b,vg,뱅가드,2026-08,2026-08-11T19:32:17+09:00,known,a664ee001f648ae50cb6e003,a879a1677b89f16d0640ee2b,582522,https://m.dcinside.com/board/vg/582522,일D 유스팬텀 구해봅니다,seller-204a1be09a83bbde2334347a,ㅇㅇ,guest,일D 유스팬텀 구해봅니다,일D 유스팬텀 구해봅니다,일D 유스팬텀 구해봅니다,,,buy,구매,1,,,missing,unknown,unknown,unknown,,active,needs_review,needs_review,희망가 미기재,missing,no,no,일D 유스팬텀 구해봅니다
af9080d2c912d17152578c69,vg,뱅가드,2026-08,2026-08-11T19:32:17+09:00,known,77cc69f989d56e81839e9b4e,af9080d2c912d17152578c69,582522,https://m.dcinside.com/board/vg/582522,일D 유스팬텀 구해봅니다,seller-de7935f0f892b5f9a77cd3a3,ㅇㅇ,guest,일D 유스팬텀 구해봅니다,일D 유스팬텀 구해봅니다,일D 유스팬텀 구해봅니다,,,buy,구매,1,,,missing,unknown,unknown,unknown,,active,needs_review,needs_review,희망가 미기재,missing,no,no,일D 유스팬텀 구해봅니다
e85d6d6dfafe37dc0f2ac2a4,vg,뱅가드,2026-08,2026-08-11T19:32:17+09:00,known,f3f94bf1bd536aae31cabec9,e85d6d6dfafe37dc0f2ac2a4,582522,https://m.dcinside.com/board/vg/582522,일D 유스팬텀 구해봅니다,seller-34aebd14de88c330f5f07b69,ㅇㅇ,guest,일D 유스팬텀 구해봅니다,일D 유스팬텀 구해봅니다,일D 유스팬텀 구해봅니다,,,buy,구매,1,,,missing,unknown,unknown,unknown,,active,needs_review,needs_review,희망가 미기재,missing,no,no,일D 유스팬텀 구해봅니다
3b1d8614ed0bf9a138777c94,vg,뱅가드,2026-08,2026-08-11T20:51:00+09:00,known,eb166a53ea47a3357296b4bd,3b1d8614ed0bf9a138777c94,582539,https://m.dcinside.com/board/vg/582539,일d 브랜트 에너지 사이클 삽니다,seller-d39ab6a8b4437c5d881ad9f4,노라,guest,일d 브랜트 에너지 사이클,일d 브랜트 에너지 사이클,일d 브랜트 에너지 사이클,,,buy,구매,4,,,missing,unknown,unknown,unknown,,active,needs_review,needs_review,희망가 미기재,missing,no,no,일d 브랜트 에너지 사이클 삽니다
3cb39e3b77c0d057b46db8b5,vg,뱅가드,2026-08,2026-08-11T20:51:00+09:00,known,7a324073a80a07b0e1267213,3cb39e3b77c0d057b46db8b5,582539,https://m.dcinside.com/board/vg/582539,일d 브랜트 에너지 사이클 삽니다,seller-dabeb5e7274f57bd18a2f4cb,노라,guest,일d 브랜트 에너지 사이클,일d 브랜트 에너지 사이클,일d 브랜트 에너지 사이클,,,buy,구매,4,,,missing,unknown,unknown,unknown,,active,needs_review,needs_review,희망가 미기재,missing,no,no,일d 브랜트 에너지 사이클 삽니다
830bfaa99c10816d45f781e8,vg,뱅가드,2026-08,2026-08-11T20:51:00+09:00,known,a764fc56cb18cc418b93f924,830bfaa99c10816d45f781e8,582539,https://m.dcinside.com/board/vg/582539,일d 브랜트 에너지 사이클 삽니다,seller-35b9d33d7d308468f8133ae5,노라,guest,일d 브랜트 에너지 사이클,일d 브랜트 에너지 사이클,일d 브랜트 에너지 사이클,,,buy,구매,4,,,missing,unknown,unknown,unknown,,active,needs_review,needs_review,희망가 미기재,missing,no,no,일d 브랜트 에너지 사이클 삽니다
b9778d3ad45d64a9c01efab6,vg,뱅가드,2026-08,2026-08-11T20:51:00+09:00,known,254d5ca04e4883f7544aadd0,b9778d3ad45d64a9c01efab6,582539,https://m.dcinside.com/board/vg/582539,일d 브랜트 에너지 사이클 삽니다,seller-b464247fd90a84d926d7f191,노라,guest,일d 브랜트 에너지 사이클,일d 브랜트 에너지 사이클,일d 브랜트 에너지 사이클,,,buy,구매,4,,,missing,unknown,unknown,unknown,,active,needs_review,needs_review,희망가 미기재,missing,no,no,일d 브랜트 에너지 사이클 삽니다
bbd17a242c4f9ef2ccc17da1,vg,뱅가드,2026-08,2026-08-11T20:51:00+09:00,known,5d7c1a737674a8aca4bf4c51,bbd17a242c4f9ef2ccc17da1,582539,https://m.dcinside.com/board/vg/582539,일d 브랜트 에너지 사이클 삽니다,seller-82e4f6d7f2906bed0336d078,노라,guest,일d 브랜트 에너지 사이클,일d 브랜트 에너지 사이클,일d 브랜트 에너지 사이클,,,buy,구매,4,,,missing,unknown,unknown,unknown,,active,needs_review,needs_review,희망가 미기재,missing,no,no,일d 브랜트 에너지 사이클 삽니다
cd715c9e5e0870a9e2170a42,vg,뱅가드,2026-08,2026-08-11T20:51:00+09:00,known,833db9bd12e4534982ae8bf9,cd715c9e5e0870a9e2170a42,582539,https://m.dcinside.com/board/vg/582539,일d 브랜트 에너지 사이클 삽니다,seller-9dd1d568fbd52d22ee87dadf,노라,guest,일d 브랜트 에너지 사이클,일d 브랜트 에너지 사이클,일d 브랜트 에너지 사이클,,,buy,구매,4,,,missing,unknown,unknown,unknown,,active,needs_review,needs_review,희망가 미기재,missing,no,no,일d 브랜트 에너지 사이클 삽니다
035bdb5d668d16f30faebeda,vg,뱅가드,2026-08,2026-08-11T21:20:57+09:00,known,6af7811523a16275f60f1e05,035bdb5d668d16f30faebeda,582563,https://m.dcinside.com/board/vg/582563,일d 유스팬텀 완덱 ㅅㅅ,seller-36da4470ca504446bbaa30e9,aerial,registered,일d 유스팬텀 완덱 ㅅㅅ,일d 유스팬텀 완덱 ㅅㅅ,일d 유스팬텀 완덱 ㅅㅅ,,,buy,구매,1,,,missing,unknown,unknown,unknown,,active,needs_review,needs_review,희망가 미기재,missing,no,no,일d 유스팬텀 완덱 ㅅㅅ
109f0b63e9ac9e27d7787aac,vg,뱅가드,2026-08,2026-08-11T21:20:57+09:00,known,a11186ef32b63ff74d306153,109f0b63e9ac9e27d7787aac,582563,https://m.dcinside.com/board/vg/582563,일d 유스팬텀 완덱 ㅅㅅ,seller-36da4470ca504446bbaa30e9,aerial,registered,일d 유스팬텀 완덱 ㅅㅅ,일d 유스팬텀 완덱 ㅅㅅ,일d 유스팬텀 완덱 ㅅㅅ,,,buy,구매,1,,,missing,unknown,unknown,unknown,,active,needs_review,needs_review,희망가 미기재,missing,no,no,일d 유스팬텀 완덱 ㅅㅅ
605a3182cee8937c59ef182f,vg,뱅가드,2026-08,2026-08-11T21:20:57+09:00,known,a4a62ac128558f376d9067be,605a3182cee8937c59ef182f,582563,https://m.dcinside.com/board/vg/582563,일d 유스팬텀 완덱 ㅅㅅ,seller-36da4470ca504446bbaa30e9,aerial,registered,일d 유스팬텀 완덱 ㅅㅅ,일d 유스팬텀 완덱 ㅅㅅ,일d 유스팬텀 완덱 ㅅㅅ,,,buy,구매,1,,,missing,unknown,unknown,unknown,,active,needs_review,needs_review,희망가 미기재,missing,no,no,일d 유스팬텀 완덱 ㅅㅅ
7269ee33b6825f20c0ac4dc8,vg,뱅가드,2026-08,2026-08-11T21:20:57+09:00,known,2ab9b64a3c25aaad7737d963,7269ee33b6825f20c0ac4dc8,582563,https://m.dcinside.com/board/vg/582563,일d 유스팬텀 완덱 ㅅㅅ,seller-36da4470ca504446bbaa30e9,aerial,registered,일d 유스팬텀 완덱 ㅅㅅ,일d 유스팬텀 완덱 ㅅㅅ,일d 유스팬텀 완덱 ㅅㅅ,,,buy,구매,1,,,missing,unknown,unknown,unknown,,active,needs_review,needs_review,희망가 미기재,missing,no,no,일d 유스팬텀 완덱 ㅅㅅ
be065441eadd08b7db968668,vg,뱅가드,2026-08,2026-08-11T21:20:57+09:00,known,b274b9985e60431af18aec59,be065441eadd08b7db968668,582563,https://m.dcinside.com/board/vg/582563,일d 유스팬텀 완덱 ㅅㅅ,seller-36da4470ca504446bbaa30e9,aerial,registered,일d 유스팬텀 완덱 ㅅㅅ,일d 유스팬텀 완덱 ㅅㅅ,일d 유스팬텀 완덱 ㅅㅅ,,,buy,구매,1,,,missing,unknown,unknown,unknown,,active,needs_review,needs_review,희망가 미기재,missing,no,no,일d 유스팬텀 완덱 ㅅㅅ
c8ae6b59d72c41262de85bc5,vg,뱅가드,2026-08,2026-08-11T21:20:57+09:00,known,570acc369c0347483882d489,c8ae6b59d72c41262de85bc5,582563,https://m.dcinside.com/board/vg/582563,일d 유스팬텀 완덱 ㅅㅅ,seller-36da4470ca504446bbaa30e9,aerial,registered,일d 유스팬텀 완덱 ㅅㅅ,일d 유스팬텀 완덱 ㅅㅅ,일d 유스팬텀 완덱 ㅅㅅ,,,buy,구매,1,,,missing,unknown,unknown,unknown,,active,needs_review,needs_review,희망가 미기재,missing,no,no,일d 유스팬텀 완덱 ㅅㅅ
1671fe81946476dd8676199d,vg,뱅가드,2026-08,2026-08-12T10:52:45+09:00,known,4e93dc4ae35293b4e00f45ed,1671fe81946476dd8676199d,582699,https://m.dcinside.com/board/vg/582699,일 오디움 소스 삽니다,seller-3f79825f66eb291d066c2e30,아카이넷,guest,틱다운,틱다운,틱다운,,,buy,구매,4,4,40000,estimated,per_quantity,text,unknown,,active,needs_review,needs_review,"가격 단위 추정, 배송비 포함 여부 미확정, 복수 수량 총액 · 카드 1장 가격 아님",estimated,no,no,틱다운 4장 4
66e95a03bc9c26b509e0c7b8,vg,뱅가드,2026-08,2026-08-12T10:52:45+09:00,known,1ace82b1cf618bdf22aea1d0,66e95a03bc9c26b509e0c7b8,582699,https://m.dcinside.com/board/vg/582699,일 오디움 소스 삽니다,seller-e2d34a2a6702a9ee3472e3b4,아카이넷,guest,틱다운,틱다운,틱다운,,,buy,구매,4,4,40000,estimated,per_quantity,text,unknown,,active,needs_review,needs_review,"가격 단위 추정, 배송비 포함 여부 미확정, 복수 수량 총액 · 카드 1장 가격 아님",estimated,no,no,틱다운 4장 4
6a9e6a3cdc8e29bcd7ad25ec,vg,뱅가드,2026-08,2026-08-12T10:52:45+09:00,known,8aca2beaa774852de1ba5022,6a9e6a3cdc8e29bcd7ad25ec,582699,https://m.dcinside.com/board/vg/582699,일 오디움 소스 삽니다,seller-d6e83c5df7649edae6cdd370,아카이넷,guest,틱다운,틱다운,틱다운,,,buy,구매,4,4,40000,estimated,per_quantity,text,unknown,,active,needs_review,needs_review,"가격 단위 추정, 배송비 포함 여부 미확정, 복수 수량 총액 · 카드 1장 가격 아님",estimated,no,no,틱다운 4장 4
8f5fdee64c966e25cfd611c0,vg,뱅가드,2026-08,2026-08-12T10:52:45+09:00,known,31b7823d5352f621633a0380,8f5fdee64c966e25cfd611c0,582699,https://m.dcinside.com/board/vg/582699,일 오디움 소스 삽니다,seller-25e51e770a37b9380d996a70,아카이넷,guest,틱다운,틱다운,틱다운,,,buy,구매,4,4,40000,estimated,per_quantity,text,unknown,,active,needs_review,needs_review,"가격 단위 추정, 배송비 포함 여부 미확정, 복수 수량 총액 · 카드 1장 가격 아님",estimated,no,no,틱다운 4장 4
9d46d9b6652ceab363fa4e00,vg,뱅가드,2026-08,2026-08-12T10:52:45+09:00,known,9eded302ffab67b597e7fb10,9d46d9b6652ceab363fa4e00,582699,https://m.dcinside.com/board/vg/582699,일 오디움 소스 삽니다,seller-2545f5ec59a5483a27f4f25a,아카이넷,guest,틱다운,틱다운,틱다운,,,buy,구매,4,4,40000,estimated,per_quantity,text,unknown,,active,needs_review,needs_review,"가격 단위 추정, 배송비 포함 여부 미확정, 복수 수량 총액 · 카드 1장 가격 아님",estimated,no,no,틱다운 4장 4
c567a82090a50cc7653f8fff,vg,뱅가드,2026-08,2026-08-12T10:52:45+09:00,known,86ba29e171bfcff1d524c701,c567a82090a50cc7653f8fff,582699,https://m.dcinside.com/board/vg/582699,일 오디움 소스 삽니다,seller-180b62582e64f95fb1c5d9d1,아카이넷,guest,틱다운,틱다운,틱다운,,,buy,구매,4,4,40000,estimated,per_quantity,text,unknown,,active,needs_review,needs_review,"가격 단위 추정, 배송비 포함 여부 미확정, 복수 수량 총액 · 카드 1장 가격 아님",estimated,no,no,틱다운 4장 4
0d8ea30052362f025ef70ef9,vg,뱅가드,2026-08,2026-08-12T11:44:48+09:00,known,9621641fe0eb68a56f1cfcb2,0d8ea30052362f025ef70ef9,582704,https://m.dcinside.com/board/vg/582704,"일D) 스트레쟈, 엘디르 구합니다",seller-b11eccf90e64dd8e851811df,아르웬,guest,스트레쟈 엘디르 각각 씩 CU 반값택배 혹은 로,스트레쟈 엘디르 각각 씩 CU 반값택배 혹은 로,"스트레쟈, 엘디르 각각 씩 CU 반값택배 혹은 준등포로",,,buy,구매,2,4.5,45000,estimated,bundle,text,unknown,,active,needs_review,needs_review,"가격 단위 추정, 복수 카드 가격, 배송비 포함 여부 미확정, 묶음·세트 총액 · 개별 카드 가격 아님",estimated,no,no,"스트레쟈, 엘디르 각각 2장씩 CU 반값택배 혹은 준등포로 4.5에 구합니다."
136e46f7a8bdaf41460021b4,vg,뱅가드,2026-08,2026-08-12T11:44:48+09:00,known,ea106a4832babbae3cc76a28,136e46f7a8bdaf41460021b4,582704,https://m.dcinside.com/board/vg/582704,"일D) 스트레쟈, 엘디르 구합니다",seller-9c852baf0985ade88ac5310f,아르웬,guest,스트레쟈 엘디르 각각 씩 CU 반값택배 혹은 로,스트레쟈 엘디르 각각 씩 CU 반값택배 혹은 로,"스트레쟈, 엘디르 각각 씩 CU 반값택배 혹은 준등포로",,,buy,구매,2,4.5,45000,estimated,bundle,text,unknown,,active,needs_review,needs_review,"가격 단위 추정, 복수 카드 가격, 배송비 포함 여부 미확정, 묶음·세트 총액 · 개별 카드 가격 아님",estimated,no,no,"스트레쟈, 엘디르 각각 2장씩 CU 반값택배 혹은 준등포로 4.5에 구합니다."
5dfd137b92930b4c264d2861,vg,뱅가드,2026-08,2026-08-12T11:44:48+09:00,known,6366d0b2fe2441911267a956,5dfd137b92930b4c264d2861,582704,https://m.dcinside.com/board/vg/582704,"일D) 스트레쟈, 엘디르 구합니다",seller-e07301e9113b118c924e2ad7,아르웬,guest,스트레쟈 엘디르 각각 씩 CU 반값택배 혹은 로,스트레쟈 엘디르 각각 씩 CU 반값택배 혹은 로,"스트레쟈, 엘디르 각각 씩 CU 반값택배 혹은 준등포로",,,buy,구매,2,4.5,45000,estimated,bundle,text,unknown,,active,needs_review,needs_review,"가격 단위 추정, 복수 카드 가격, 배송비 포함 여부 미확정, 묶음·세트 총액 · 개별 카드 가격 아님",estimated,no,no,"스트레쟈, 엘디르 각각 2장씩 CU 반값택배 혹은 준등포로 4.5에 구합니다."
7ffd05c73bd9c0ed85221c2e,vg,뱅가드,2026-08,2026-08-12T11:44:48+09:00,known,03853bf247e2c0b96c9ad62e,7ffd05c73bd9c0ed85221c2e,582704,https://m.dcinside.com/board/vg/582704,"일D) 스트레쟈, 엘디르 구합니다",seller-99c42683e6f3137606090332,아르웬,guest,스트레쟈 엘디르 각각 씩 CU 반값택배 혹은 로,스트레쟈 엘디르 각각 씩 CU 반값택배 혹은 로,"스트레쟈, 엘디르 각각 씩 CU 반값택배 혹은 준등포로",,,buy,구매,2,4.5,45000,estimated,bundle,text,unknown,,active,needs_review,needs_review,"가격 단위 추정, 복수 카드 가격, 배송비 포함 여부 미확정, 묶음·세트 총액 · 개별 카드 가격 아님",estimated,no,no,"스트레쟈, 엘디르 각각 2장씩 CU 반값택배 혹은 준등포로 4.5에 구합니다."
d86c5ef83e5ff2a4d2d2edc4,vg,뱅가드,2026-08,2026-08-12T11:44:48+09:00,known,5b6b7d2a2365ed302cbb0339,d86c5ef83e5ff2a4d2d2edc4,582704,https://m.dcinside.com/board/vg/582704,"일D) 스트레쟈, 엘디르 구합니다",seller-2b591337a94dc318359bc3af,아르웬,guest,스트레쟈 엘디르 각각 씩 CU 반값택배 혹은 로,스트레쟈 엘디르 각각 씩 CU 반값택배 혹은 로,"스트레쟈, 엘디르 각각 씩 CU 반값택배 혹은 준등포로",,,buy,구매,2,4.5,45000,estimated,bundle,text,unknown,,active,needs_review,needs_review,"가격 단위 추정, 복수 카드 가격, 배송비 포함 여부 미확정, 묶음·세트 총액 · 개별 카드 가격 아님",estimated,no,no,"스트레쟈, 엘디르 각각 2장씩 CU 반값택배 혹은 준등포로 4.5에 구합니다."
e4bb6443bd016e5f08e7ee01,vg,뱅가드,2026-08,2026-08-12T11:44:48+09:00,known,e243501634dfab90d3bb2e38,e4bb6443bd016e5f08e7ee01,582704,https://m.dcinside.com/board/vg/582704,"일D) 스트레쟈, 엘디르 구합니다",seller-bd9d4545f9a5bc2ed6155871,아르웬,guest,스트레쟈 엘디르 각각 씩 CU 반값택배 혹은 로,스트레쟈 엘디르 각각 씩 CU 반값택배 혹은 로,"스트레쟈, 엘디르 각각 씩 CU 반값택배 혹은 준등포로",,,buy,구매,2,4.5,45000,estimated,bundle,text,unknown,,active,needs_review,needs_review,"가격 단위 추정, 복수 카드 가격, 배송비 포함 여부 미확정, 묶음·세트 총액 · 개별 카드 가격 아님",estimated,no,no,"스트레쟈, 엘디르 각각 2장씩 CU 반값택배 혹은 준등포로 4.5에 구합니다."
2d765a50075f606c7b074d71,vg,뱅가드,2026-08,2026-08-12T15:06:30+09:00,known,7b96febf99165ea77390b9e1,2d765a50075f606c7b074d71,582730,https://m.dcinside.com/board/vg/582730,일판 베스트 하비스트 구합니다.,seller-5a1488e53ab52e514959ba06,DD2,registered,일판 베스트 하베스트,일판 베스트 하베스트,일판 베스트 하베스트 장당,,,buy,구매,1,0.5,5000,estimated,per_card,text,unknown,,active,needs_review,needs_review,"가격 단위 추정, 배송비 포함 여부 미확정",estimated,yes,candidate_estimated,일판 베스트 하베스트 장당 0.5에 구합니다.
42aa7a404d127956f3c441fa,vg,뱅가드,2026-08,2026-08-12T15:06:30+09:00,known,2d50cb99821e3ce917d48812,42aa7a404d127956f3c441fa,582730,https://m.dcinside.com/board/vg/582730,일판 베스트 하비스트 구합니다.,seller-5a1488e53ab52e514959ba06,DD2,registered,일판 베스트 하베스트,일판 베스트 하베스트,일판 베스트 하베스트 장당,,,buy,구매,1,0.5,5000,estimated,per_card,text,unknown,,active,needs_review,needs_review,"가격 단위 추정, 배송비 포함 여부 미확정",estimated,yes,candidate_estimated,일판 베스트 하베스트 장당 0.5에 구합니다.
9716ff360e225058663745fa,vg,뱅가드,2026-08,2026-08-12T15:06:30+09:00,known,a62fd5c818f9620df25f935c,9716ff360e225058663745fa,582730,https://m.dcinside.com/board/vg/582730,일판 베스트 하비스트 구합니다.,seller-5a1488e53ab52e514959ba06,DD2,registered,일판 베스트 하베스트,일판 베스트 하베스트,일판 베스트 하베스트 장당,,,buy,구매,1,0.5,5000,estimated,per_card,text,unknown,,active,needs_review,needs_review,"가격 단위 추정, 배송비 포함 여부 미확정",estimated,yes,candidate_estimated,일판 베스트 하베스트 장당 0.5에 구합니다.
9d7a404d93aeac23cc21e0d6,vg,뱅가드,2026-08,2026-08-12T15:06:30+09:00,known,e0605db7248294b2329d8c88,9d7a404d93aeac23cc21e0d6,582730,https://m.dcinside.com/board/vg/582730,일판 베스트 하비스트 구합니다.,seller-5a1488e53ab52e514959ba06,DD2,registered,일판 베스트 하베스트,일판 베스트 하베스트,일판 베스트 하베스트 장당,,,buy,구매,1,0.5,5000,estimated,per_card,text,unknown,,active,needs_review,needs_review,"가격 단위 추정, 배송비 포함 여부 미확정",estimated,yes,candidate_estimated,일판 베스트 하베스트 장당 0.5에 구합니다.
a339e3a4dc74b9b91d3768be,vg,뱅가드,2026-08,2026-08-12T15:06:30+09:00,known,0d1cc1fbff9f160d01e3ec42,a339e3a4dc74b9b91d3768be,582730,https://m.dcinside.com/board/vg/582730,일판 베스트 하비스트 구합니다.,seller-5a1488e53ab52e514959ba06,DD2,registered,일판 베스트 하베스트,일판 베스트 하베스트,일판 베스트 하베스트 장당,,,buy,구매,1,0.5,5000,estimated,per_card,text,unknown,,active,needs_review,needs_review,"가격 단위 추정, 배송비 포함 여부 미확정",estimated,yes,candidate_estimated,일판 베스트 하베스트 장당 0.5에 구합니다.
a36e83b6167b7caa60cd4799,vg,뱅가드,2026-08,2026-08-12T15:06:30+09:00,known,7375b867dfa1bcc64c9fad62,a36e83b6167b7caa60cd4799,582730,https://m.dcinside.com/board/vg/582730,일판 베스트 하비스트 구합니다.,seller-5a1488e53ab52e514959ba06,DD2,registered,일판 베스트 하베스트,일판 베스트 하베스트,일판 베스트 하베스트 장당,,,buy,구매,1,0.5,5000,estimated,per_card,text,unknown,,active,needs_review,needs_review,"가격 단위 추정, 배송비 포함 여부 미확정",estimated,yes,candidate_estimated,일판 베스트 하베스트 장당 0.5에 구합니다.
1391e6d3140fb0319a569d28,vg,뱅가드,2026-08,2026-08-12T19:33:02+09:00,known,c4b520eb7581a72d99df0478,1391e6d3140fb0319a569d28,582802,https://m.dcinside.com/board/vg/582802,글D 뱅드림 밴드별 전종 구함,seller-2ad6fd6d0465bd7d6652a7c0,양파과자,guest,각 밴드 별로,각 밴드 별로,각 밴드 별로,,,buy,구매,1,0.8,8000,estimated,per_card,text,unknown,,active,needs_review,needs_review,"가격 단위 추정, 배송비 포함 여부 미확정",estimated,yes,candidate_estimated,각 밴드 별로 0.8에 씰 제외한 저레어 전종 구함
1d00fa8e4118af9b428474ed,vg,뱅가드,2026-08,2026-08-12T19:33:02+09:00,known,a339c0cabe8074ea006281a7,1d00fa8e4118af9b428474ed,582802,https://m.dcinside.com/board/vg/582802,글D 뱅드림 밴드별 전종 구함,seller-a6f196007659fb491b8ac230,양파과자,guest,각 밴드 별로,각 밴드 별로,각 밴드 별로,,,buy,구매,1,0.8,8000,estimated,per_card,text,unknown,,active,needs_review,needs_review,"가격 단위 추정, 배송비 포함 여부 미확정",estimated,yes,candidate_estimated,각 밴드 별로 0.8에 씰 제외한 저레어 전종 구함
4fc9f69ab1f52fc61f021883,vg,뱅가드,2026-08,2026-08-12T19:33:02+09:00,known,e013b6222b262092bdb69089,4fc9f69ab1f52fc61f021883,582802,https://m.dcinside.com/board/vg/582802,글D 뱅드림 밴드별 전종 구함,seller-40f917dc2f012b776a7d7634,양파과자,guest,각 밴드 별로,각 밴드 별로,각 밴드 별로,,,buy,구매,1,0.8,8000,estimated,per_card,text,unknown,,active,needs_review,needs_review,"가격 단위 추정, 배송비 포함 여부 미확정",estimated,yes,candidate_estimated,각 밴드 별로 0.8에 씰 제외한 저레어 전종 구함
530e9f3f96c2c72982d33b1d,vg,뱅가드,2026-08,2026-08-12T19:33:02+09:00,known,ff34e18e98d94f934028584b,530e9f3f96c2c72982d33b1d,582802,https://m.dcinside.com/board/vg/582802,글D 뱅드림 밴드별 전종 구함,seller-9f8d0cdef0e92c2b825cee01,양파과자,guest,각 밴드 별로,각 밴드 별로,각 밴드 별로,,,buy,구매,1,0.8,8000,estimated,per_card,text,unknown,,active,needs_review,needs_review,"가격 단위 추정, 배송비 포함 여부 미확정",estimated,yes,candidate_estimated,각 밴드 별로 0.8에 씰 제외한 저레어 전종 구함
68fca8dc8d483e0bce4ec6a3,vg,뱅가드,2026-08,2026-08-12T19:33:02+09:00,known,51ebe258c61a7d0f96e2adf6,68fca8dc8d483e0bce4ec6a3,582802,https://m.dcinside.com/board/vg/582802,글D 뱅드림 밴드별 전종 구함,seller-afc2bbfb518fb90de5d32edb,양파과자,guest,각 밴드 별로,각 밴드 별로,각 밴드 별로,,,buy,구매,1,0.8,8000,estimated,per_card,text,unknown,,active,needs_review,needs_review,"가격 단위 추정, 배송비 포함 여부 미확정",estimated,yes,candidate_estimated,각 밴드 별로 0.8에 씰 제외한 저레어 전종 구함
7d04aaf511c8a8274ea911a1,vg,뱅가드,2026-08,2026-08-12T19:33:02+09:00,known,823ab37fddc1749dc7e74411,7d04aaf511c8a8274ea911a1,582802,https://m.dcinside.com/board/vg/582802,글D 뱅드림 밴드별 전종 구함,seller-dbc66d5a7dfdf205b60e2d91,양파과자,guest,각 밴드 별로,각 밴드 별로,각 밴드 별로,,,buy,구매,1,0.8,8000,estimated,per_card,text,unknown,,active,needs_review,needs_review,"가격 단위 추정, 배송비 포함 여부 미확정",estimated,yes,candidate_estimated,각 밴드 별로 0.8에 씰 제외한 저레어 전종 구함
145510c0f990e5009b985568,vg,뱅가드,2026-08,2026-08-12T19:44:23+09:00,known,cabc905875e355a266938121,145510c0f990e5009b985568,582804,https://m.dcinside.com/board/vg/582804,폴와트 4장 삽니다,seller-3dfcc52b66fc2edf9eeb31f2,Monopso..,registered,,장당 .,장당 .,,,buy,구매,1,8,80000,estimated,per_card,text,unknown,,active,needs_review,needs_review,"가격 단위 추정, 배송비 포함 여부 미확정",estimated,yes,candidate_estimated,장당 .8에 삽니다
3fc316b432d3a79f7fae814e,vg,뱅가드,2026-08,2026-08-12T19:44:23+09:00,known,e37e1c6b41e1e8150c22e517,3fc316b432d3a79f7fae814e,582804,https://m.dcinside.com/board/vg/582804,폴와트 4장 삽니다,seller-3dfcc52b66fc2edf9eeb31f2,Monopso..,registered,,장당 .,장당 .,,,buy,구매,1,8,80000,estimated,per_card,text,unknown,,active,needs_review,needs_review,"가격 단위 추정, 배송비 포함 여부 미확정",estimated,yes,candidate_estimated,장당 .8에 삽니다
567d56342a2c520f47aa41f6,vg,뱅가드,2026-08,2026-08-12T19:44:23+09:00,known,b3ebd6028bc306bb4f059df8,567d56342a2c520f47aa41f6,582804,https://m.dcinside.com/board/vg/582804,폴와트 4장 삽니다,seller-3dfcc52b66fc2edf9eeb31f2,Monopso..,registered,,장당 .,장당 .,,,buy,구매,1,8,80000,estimated,per_card,text,unknown,,active,needs_review,needs_review,"가격 단위 추정, 배송비 포함 여부 미확정",estimated,yes,candidate_estimated,장당 .8에 삽니다
640c73407f89b94b29e66e57,vg,뱅가드,2026-08,2026-08-12T19:44:23+09:00,known,5af26d3fcf6f351530e163d6,640c73407f89b94b29e66e57,582804,https://m.dcinside.com/board/vg/582804,폴와트 4장 삽니다,seller-3dfcc52b66fc2edf9eeb31f2,Monopso..,registered,,장당 .,장당 .,,,buy,구매,1,8,80000,estimated,per_card,text,unknown,,active,needs_review,needs_review,"가격 단위 추정, 배송비 포함 여부 미확정",estimated,yes,candidate_estimated,장당 .8에 삽니다
c431bc289c7f5356351e3257,vg,뱅가드,2026-08,2026-08-12T19:44:23+09:00,known,983385af0e918331f29b6266,c431bc289c7f5356351e3257,582804,https://m.dcinside.com/board/vg/582804,폴와트 4장 삽니다,seller-3dfcc52b66fc2edf9eeb31f2,Monopso..,registered,,장당 .,장당 .,,,buy,구매,1,8,80000,estimated,per_card,text,unknown,,active,needs_review,needs_review,"가격 단위 추정, 배송비 포함 여부 미확정",estimated,yes,candidate_estimated,장당 .8에 삽니다
e6d13f0e041f26828a77cb10,vg,뱅가드,2026-08,2026-08-12T19:44:23+09:00,known,5c7eaf0bfadc615d7ab5b36b,e6d13f0e041f26828a77cb10,582804,https://m.dcinside.com/board/vg/582804,폴와트 4장 삽니다,seller-3dfcc52b66fc2edf9eeb31f2,Monopso..,registered,,장당 .,장당 .,,,buy,구매,1,8,80000,estimated,per_card,text,unknown,,active,needs_review,needs_review,"가격 단위 추정, 배송비 포함 여부 미확정",estimated,yes,candidate_estimated,장당 .8에 삽니다
24a80350567d5becdf97a56d,vg,뱅가드,2026-08,2026-08-12T21:05:38+09:00,known,404b8bd0a7d9763588947655,24a80350567d5becdf97a56d,582819,https://m.dcinside.com/board/vg/582819,글D 뱅드림 낱장 구합니다,seller-157ca366a74b860c33cade9a,뱅부이,registered,글D 뱅드림 낱장,글D 뱅드림 낱장,글D 뱅드림 낱장,,,buy,구매,2,,,missing,unknown,unknown,unknown,,active,needs_review,needs_review,희망가 미기재,missing,no,no,글D 뱅드림 낱장 구합니다
4450ce2a587d21699816f762,vg,뱅가드,2026-08,2026-08-12T21:05:38+09:00,known,45b89b8d8c888d2e39eb7ce4,4450ce2a587d21699816f762,582819,https://m.dcinside.com/board/vg/582819,글D 뱅드림 낱장 구합니다,seller-157ca366a74b860c33cade9a,뱅부이,registered,글D 뱅드림 낱장,글D 뱅드림 낱장,글D 뱅드림 낱장,,,buy,구매,2,,,missing,unknown,unknown,unknown,,active,needs_review,needs_review,희망가 미기재,missing,no,no,글D 뱅드림 낱장 구합니다
615fa7ee3c013842893daeef,vg,뱅가드,2026-08,2026-08-12T21:05:38+09:00,known,7d9426d81acaa746f0a8a98d,615fa7ee3c013842893daeef,582819,https://m.dcinside.com/board/vg/582819,글D 뱅드림 낱장 구합니다,seller-157ca366a74b860c33cade9a,뱅부이,registered,글D 뱅드림 낱장,글D 뱅드림 낱장,글D 뱅드림 낱장,,,buy,구매,2,,,missing,unknown,unknown,unknown,,active,needs_review,needs_review,희망가 미기재,missing,no,no,글D 뱅드림 낱장 구합니다
7f8e0f6acafe1ca7d9f87c34,vg,뱅가드,2026-08,2026-08-12T21:05:38+09:00,known,931f2b16d92e2d6085c3eb18,7f8e0f6acafe1ca7d9f87c34,582819,https://m.dcinside.com/board/vg/582819,글D 뱅드림 낱장 구합니다,seller-157ca366a74b860c33cade9a,뱅부이,registered,글D 뱅드림 낱장,글D 뱅드림 낱장,글D 뱅드림 낱장,,,buy,구매,2,,,missing,unknown,unknown,unknown,,active,needs_review,needs_review,희망가 미기재,missing,no,no,글D 뱅드림 낱장 구합니다
850364a6b4dcdc049c61d360,vg,뱅가드,2026-08,2026-08-12T21:05:38+09:00,known,4e5af9ae751383108d8243f9,850364a6b4dcdc049c61d360,582819,https://m.dcinside.com/board/vg/582819,글D 뱅드림 낱장 구합니다,seller-157ca366a74b860c33cade9a,뱅부이,registered,글D 뱅드림 낱장,글D 뱅드림 낱장,글D 뱅드림 낱장,,,buy,구매,2,,,missing,unknown,unknown,unknown,,active,needs_review,needs_review,희망가 미기재,missing,no,no,글D 뱅드림 낱장 구합니다
c4fa75e81a0243403b95aa82,vg,뱅가드,2026-08,2026-08-12T21:05:38+09:00,known,662f8633943e931e324d371f,c4fa75e81a0243403b95aa82,582819,https://m.dcinside.com/board/vg/582819,글D 뱅드림 낱장 구합니다,seller-157ca366a74b860c33cade9a,뱅부이,registered,글D 뱅드림 낱장,글D 뱅드림 낱장,글D 뱅드림 낱장,,,buy,구매,2,,,missing,unknown,unknown,unknown,,active,needs_review,needs_review,희망가 미기재,missing,no,no,글D 뱅드림 낱장 구합니다
132c4db14469c5aeb41d50e1,vg,뱅가드,2026-08,2026-08-12T21:21:35+09:00,known,0a1cfce9b55b59d1961ef502,132c4db14469c5aeb41d50e1,582821,https://m.dcinside.com/board/vg/582821,일D)부산직으로 에너지 제너레이터/카운터 구합니다,seller-de68eff1bac2fa8c5b34ce66,ㅇㅇ,guest,에너지 제너레이터 + 에너지 카운터,에너지 제너레이터 + 에너지 카운터,에너지 제너레이터 + 에너지 카운터,,,buy,구매,1,0.2,2000,estimated,bundle,text,unknown,,active,needs_review,needs_review,"가격 단위 추정, 복수 카드 가격, 배송비 포함 여부 미확정, 묶음·세트 총액 · 개별 카드 가격 아님",estimated,no,no,에너지 제너레이터 + 에너지 카운터 0.2에 구해봐요...
2e22d2f1ab82a6deccf9a0e3,vg,뱅가드,2026-08,2026-08-12T21:21:35+09:00,known,ca144f2d2f65761276bc3ae4,2e22d2f1ab82a6deccf9a0e3,582821,https://m.dcinside.com/board/vg/582821,일D)부산직으로 에너지 제너레이터/카운터 구합니다,seller-d223e210dd2f616e9d1f58d0,ㅇㅇ,guest,에너지 제너레이터 + 에너지 카운터,에너지 제너레이터 + 에너지 카운터,에너지 제너레이터 + 에너지 카운터,,,buy,구매,1,0.2,2000,estimated,bundle,text,unknown,,active,needs_review,needs_review,"가격 단위 추정, 복수 카드 가격, 배송비 포함 여부 미확정, 묶음·세트 총액 · 개별 카드 가격 아님",estimated,no,no,에너지 제너레이터 + 에너지 카운터 0.2에 구해봐요...
46e5a35b6ee5a126219aaf36,vg,뱅가드,2026-08,2026-08-12T21:21:35+09:00,known,00e754340338ca99c845e85d,46e5a35b6ee5a126219aaf36,582821,https://m.dcinside.com/board/vg/582821,일D)부산직으로 에너지 제너레이터/카운터 구합니다,seller-c7b198fe0f33e94038ea3237,ㅇㅇ,guest,에너지 제너레이터 + 에너지 카운터,에너지 제너레이터 + 에너지 카운터,에너지 제너레이터 + 에너지 카운터,,,buy,구매,1,0.2,2000,estimated,bundle,text,unknown,,active,needs_review,needs_review,"가격 단위 추정, 복수 카드 가격, 배송비 포함 여부 미확정, 묶음·세트 총액 · 개별 카드 가격 아님",estimated,no,no,에너지 제너레이터 + 에너지 카운터 0.2에 구해봐요...
6e931d62d63c8ec4b6da2f29,vg,뱅가드,2026-08,2026-08-12T21:21:35+09:00,known,ed089d7f07d752d9caf2c81f,6e931d62d63c8ec4b6da2f29,582821,https://m.dcinside.com/board/vg/582821,일D)부산직으로 에너지 제너레이터/카운터 구합니다,seller-25389f501fab4685508279a4,ㅇㅇ,guest,에너지 제너레이터 + 에너지 카운터,에너지 제너레이터 + 에너지 카운터,에너지 제너레이터 + 에너지 카운터,,,buy,구매,1,0.2,2000,estimated,bundle,text,unknown,,active,needs_review,needs_review,"가격 단위 추정, 복수 카드 가격, 배송비 포함 여부 미확정, 묶음·세트 총액 · 개별 카드 가격 아님",estimated,no,no,에너지 제너레이터 + 에너지 카운터 0.2에 구해봐요...
ac2b7d19d213816b637d646c,vg,뱅가드,2026-08,2026-08-12T21:21:35+09:00,known,59adc1116e0a09b6a9fd28ea,ac2b7d19d213816b637d646c,582821,https://m.dcinside.com/board/vg/582821,일D)부산직으로 에너지 제너레이터/카운터 구합니다,seller-264322d98e603a523e672f72,ㅇㅇ,guest,에너지 제너레이터 + 에너지 카운터,에너지 제너레이터 + 에너지 카운터,에너지 제너레이터 + 에너지 카운터,,,buy,구매,1,0.2,2000,estimated,bundle,text,unknown,,active,needs_review,needs_review,"가격 단위 추정, 복수 카드 가격, 배송비 포함 여부 미확정, 묶음·세트 총액 · 개별 카드 가격 아님",estimated,no,no,에너지 제너레이터 + 에너지 카운터 0.2에 구해봐요...
c61bfd2f2a9e15d01c29ed6b,vg,뱅가드,2026-08,2026-08-12T21:21:35+09:00,known,06a9ae3a46ddd4ab6be5ac6f,c61bfd2f2a9e15d01c29ed6b,582821,https://m.dcinside.com/board/vg/582821,일D)부산직으로 에너지 제너레이터/카운터 구합니다,seller-b9dea9a37171f990f6c87565,ㅇㅇ,guest,에너지 제너레이터 + 에너지 카운터,에너지 제너레이터 + 에너지 카운터,에너지 제너레이터 + 에너지 카운터,,,buy,구매,1,0.2,2000,estimated,bundle,text,unknown,,active,needs_review,needs_review,"가격 단위 추정, 복수 카드 가격, 배송비 포함 여부 미확정, 묶음·세트 총액 · 개별 카드 가격 아님",estimated,no,no,에너지 제너레이터 + 에너지 카운터 0.2에 구해봐요...
022fa5751a15dc1c18fe2b01,vg,뱅가드,2026-08,2026-08-12T23:03:19+09:00,known,8986a753e962c3fae2add489,022fa5751a15dc1c18fe2b01,582837,https://m.dcinside.com/board/vg/582837,"일D) 존네,성무 구매합니다.",seller-076a1f57062a40c23781ca69,곽길룡,guest,일D 존네 성무,일D 존네 성무,"일D) 존네,성무 .",,,buy,구매,4,,,missing,unknown,unknown,unknown,,active,needs_review,needs_review,희망가 미기재,missing,no,no,"일D) 존네,성무 구매합니다."
29cde9ca051e35f4f70280ee,vg,뱅가드,2026-08,2026-08-12T23:03:19+09:00,known,46b10c7fa9d65bc2f5103a2d,29cde9ca051e35f4f70280ee,582837,https://m.dcinside.com/board/vg/582837,"일D) 존네,성무 구매합니다.",seller-f7dcb3614e09a6d8914697ec,곽길룡,guest,일D 존네 성무,일D 존네 성무,"일D) 존네,성무 .",,,buy,구매,4,,,missing,unknown,unknown,unknown,,active,needs_review,needs_review,희망가 미기재,missing,no,no,"일D) 존네,성무 구매합니다."
2c3fca3f13123cd748c15c91,vg,뱅가드,2026-08,2026-08-12T23:03:19+09:00,known,86c5c24683a8d2ed13d6301e,2c3fca3f13123cd748c15c91,582837,https://m.dcinside.com/board/vg/582837,"일D) 존네,성무 구매합니다.",seller-e6294c9c5425e7d534d1bb95,곽길룡,guest,일D 존네 성무,일D 존네 성무,"일D) 존네,성무 .",,,buy,구매,4,,,missing,unknown,unknown,unknown,,active,needs_review,needs_review,희망가 미기재,missing,no,no,"일D) 존네,성무 구매합니다."
36dab657afcb51b52e73f364,vg,뱅가드,2026-08,2026-08-12T23:03:19+09:00,known,c881e0b8bfe6d1887908f107,36dab657afcb51b52e73f364,582837,https://m.dcinside.com/board/vg/582837,"일D) 존네,성무 구매합니다.",seller-d3dba3954ebdea2a9e25e6b0,곽길룡,guest,일D 존네 성무,일D 존네 성무,"일D) 존네,성무 .",,,buy,구매,4,,,missing,unknown,unknown,unknown,,active,needs_review,needs_review,희망가 미기재,missing,no,no,"일D) 존네,성무 구매합니다."
38bde4d68eaf4d6bf7f0ae80,vg,뱅가드,2026-08,2026-08-12T23:03:19+09:00,known,6947ad9557749ad7c86f1c49,38bde4d68eaf4d6bf7f0ae80,582837,https://m.dcinside.com/board/vg/582837,"일D) 존네,성무 구매합니다.",seller-8fdabb8c129f71a97e3b09fe,곽길룡,guest,일D 존네 성무,일D 존네 성무,"일D) 존네,성무 .",,,buy,구매,4,,,missing,unknown,unknown,unknown,,active,needs_review,needs_review,희망가 미기재,missing,no,no,"일D) 존네,성무 구매합니다."
8be87e71ec998909d2a56c82,vg,뱅가드,2026-08,2026-08-12T23:03:19+09:00,known,db5a8bcedde27b0be71d72da,8be87e71ec998909d2a56c82,582837,https://m.dcinside.com/board/vg/582837,"일D) 존네,성무 구매합니다.",seller-553197ee5a124954c4c42e22,곽길룡,guest,일D 존네 성무,일D 존네 성무,"일D) 존네,성무 .",,,buy,구매,4,,,missing,unknown,unknown,unknown,,active,needs_review,needs_review,희망가 미기재,missing,no,no,"일D) 존네,성무 구매합니다."
26e730b630e3b9f0dcd49098,vg,뱅가드,2026-08,2026-08-13T08:49:31+09:00,known,c9a5d6ea6fbf3b55ad4a508b,26e730b630e3b9f0dcd49098,582863,https://m.dcinside.com/board/vg/582863,일판 틱다운 드래곤 삽니다,seller-9ec761489459c5c7ba879f3b,아카이넷,guest,일판 틱다운,일판 틱다운,일판 틱다운,,,buy,구매,4,4,40000,estimated,per_quantity,text,unknown,,active,needs_review,needs_review,"가격 단위 추정, 배송비 포함 여부 미확정, 복수 수량 총액 · 카드 1장 가격 아님",estimated,no,no,일판 틱다운 4장 4에 삽니다
0bcf1e3ac37251253fd5c74d,vg,뱅가드,2026-08,2026-08-13T09:54:32+09:00,known,5b1e1659065c1869337e0d2b,0bcf1e3ac37251253fd5c74d,582866,https://m.dcinside.com/board/vg/582866,"일판 혁월광,트윈캐스트 구합니다",seller-77aba2005534c41a0f74f86b,Ryu0712,guest,일판 혁월광 일판 트윈캐스트,일판 혁월광 일판 트윈캐스트,일판 혁월광 1.3 일판 트윈캐스트,,,buy,구매,1,1.2,12000,estimated,per_card,text,unknown,,active,needs_review,needs_review,"가격 단위 추정, 배송비 포함 여부 미확정",estimated,yes,candidate_estimated,일판 혁월광 1.3 일판 트윈캐스트 1.2에 구합니다
147cc9703b992ccd0dab2ce3,vg,뱅가드,2026-08,2026-08-13T09:54:32+09:00,known,272d3e544a48553eb1d4f10f,147cc9703b992ccd0dab2ce3,582866,https://m.dcinside.com/board/vg/582866,"일판 혁월광,트윈캐스트 구합니다",seller-6416a59e47ec03e2a90ab320,Ryu0712,guest,일판 혁월광 일판 트윈캐스트,일판 혁월광 일판 트윈캐스트,일판 혁월광 1.3 일판 트윈캐스트,,,buy,구매,1,1.2,12000,estimated,per_card,text,unknown,,active,needs_review,needs_review,"가격 단위 추정, 배송비 포함 여부 미확정",estimated,yes,candidate_estimated,일판 혁월광 1.3 일판 트윈캐스트 1.2에 구합니다
18f35daec84c550ab6e6362a,vg,뱅가드,2026-08,2026-08-13T09:54:32+09:00,known,2f2eb6ac0d520b3075a1d49e,18f35daec84c550ab6e6362a,582866,https://m.dcinside.com/board/vg/582866,"일판 혁월광,트윈캐스트 구합니다",seller-e389f5d7cc13c9c089bbee51,Ryu0712,guest,일판 혁월광 일판 트윈캐스트,일판 혁월광 일판 트윈캐스트,일판 혁월광 1.3 일판 트윈캐스트,,,buy,구매,1,1.2,12000,estimated,per_card,text,unknown,,active,needs_review,needs_review,"가격 단위 추정, 배송비 포함 여부 미확정",estimated,yes,candidate_estimated,일판 혁월광 1.3 일판 트윈캐스트 1.2에 구합니다
22149ba8f19406b1e53e7292,vg,뱅가드,2026-08,2026-08-13T09:54:32+09:00,known,51f809aee5bc0dfaf46242e7,22149ba8f19406b1e53e7292,582866,https://m.dcinside.com/board/vg/582866,"일판 혁월광,트윈캐스트 구합니다",seller-12a0d8f222fdedd3c6475ef3,Ryu0712,guest,일판 혁월광 일판 트윈캐스트,일판 혁월광 일판 트윈캐스트,일판 혁월광 1.3 일판 트윈캐스트,,,buy,구매,1,1.2,12000,estimated,per_card,text,unknown,,active,needs_review,needs_review,"가격 단위 추정, 배송비 포함 여부 미확정",estimated,yes,candidate_estimated,일판 혁월광 1.3 일판 트윈캐스트 1.2에 구합니다
64795075e1071b73410e4266,vg,뱅가드,2026-08,2026-08-13T09:54:32+09:00,known,414c7d81c4798c27bff9ba17,64795075e1071b73410e4266,582866,https://m.dcinside.com/board/vg/582866,"일판 혁월광,트윈캐스트 구합니다",seller-8edee5659f86347e2fdf3d60,Ryu0712,guest,일판 혁월광 일판 트윈캐스트,일판 혁월광 일판 트윈캐스트,일판 혁월광 1.3 일판 트윈캐스트,,,buy,구매,1,1.2,12000,estimated,per_card,text,unknown,,active,needs_review,needs_review,"가격 단위 추정, 배송비 포함 여부 미확정",estimated,yes,candidate_estimated,일판 혁월광 1.3 일판 트윈캐스트 1.2에 구합니다
91aaed7ce59c6c3fba6d1d51,vg,뱅가드,2026-08,2026-08-13T09:54:32+09:00,known,5d6edcac126546a3797bcf47,91aaed7ce59c6c3fba6d1d51,582866,https://m.dcinside.com/board/vg/582866,"일판 혁월광,트윈캐스트 구합니다",seller-54695951ac7811be96b7f01d,Ryu0712,guest,일판 혁월광 일판 트윈캐스트,일판 혁월광 일판 트윈캐스트,일판 혁월광 1.3 일판 트윈캐스트,,,buy,구매,1,1.2,12000,estimated,per_card,text,unknown,,active,needs_review,needs_review,"가격 단위 추정, 배송비 포함 여부 미확정",estimated,yes,candidate_estimated,일판 혁월광 1.3 일판 트윈캐스트 1.2에 구합니다
ea1f6c56c0697f1f69c8da46,vg,뱅가드,2026-08,2026-08-13T09:54:32+09:00,known,33836cacaef174a78aec0444,ea1f6c56c0697f1f69c8da46,582866,https://m.dcinside.com/board/vg/582866,"일판 혁월광,트윈캐스트 구합니다",seller-ec4b4dad68f49d57a32745e1,Ryu0712,guest,일판 혁월광 일판 트윈캐스트,일판 혁월광 일판 트윈캐스트,일판 혁월광 1.3 일판 트윈캐스트,,,buy,구매,1,1.2,12000,estimated,per_card,text,unknown,,active,needs_review,needs_review,"가격 단위 추정, 배송비 포함 여부 미확정",estimated,yes,candidate_estimated,일판 혁월광 1.3 일판 트윈캐스트 1.2에 구합니다
f4aac3ed4e01d7b91b08a60c,vg,뱅가드,2026-08,2026-08-13T09:54:32+09:00,known,5bac480b72262bb4ecaee6d9,f4aac3ed4e01d7b91b08a60c,582866,https://m.dcinside.com/board/vg/582866,"일판 혁월광,트윈캐스트 구합니다",seller-fae35c447ba03d98545c89e0,Ryu0712,guest,일판 혁월광 일판 트윈캐스트,일판 혁월광 일판 트윈캐스트,일판 혁월광 1.3 일판 트윈캐스트,,,buy,구매,1,1.2,12000,estimated,per_card,text,unknown,,active,needs_review,needs_review,"가격 단위 추정, 배송비 포함 여부 미확정",estimated,yes,candidate_estimated,일판 혁월광 1.3 일판 트윈캐스트 1.2에 구합니다
1275fb94e10c73d84dfaef63,vg,뱅가드,2026-08,2026-08-13T12:27:31+09:00,known,0bb65bb3776bdd76fc05c706,1275fb94e10c73d84dfaef63,582901,https://m.dcinside.com/board/vg/582901,일D 구오절 구매합니다.,seller-4c2db469c5f5eea60c2db114,쿨거래원하는뱅..,registered,일D 구오절,일D 구오절,일D 구오절,,,buy,구매,1,2.0,20000,estimated,per_card,text,unknown,,active,needs_review,needs_review,"가격 단위 추정, 배송비 포함 여부 미확정",estimated,yes,candidate_estimated,일D 구오절 1장 2.0에 구매합니다.
1a2c254d715dc424c0604d4c,vg,뱅가드,2026-08,2026-08-13T12:27:31+09:00,known,ef4742e44cc3f091312a0c64,1a2c254d715dc424c0604d4c,582901,https://m.dcinside.com/board/vg/582901,일D 구오절 구매합니다.,seller-4c2db469c5f5eea60c2db114,쿨거래원하는뱅..,registered,일D 구오절,일D 구오절,일D 구오절,,,buy,구매,1,2.0,20000,estimated,per_card,text,unknown,,active,needs_review,needs_review,"가격 단위 추정, 배송비 포함 여부 미확정",estimated,yes,candidate_estimated,일D 구오절 1장 2.0에 구매합니다.
1f6730b7ff01a53cd41e034f,vg,뱅가드,2026-08,2026-08-13T12:27:31+09:00,known,38509c1e19e3e8a2598162ab,1f6730b7ff01a53cd41e034f,582901,https://m.dcinside.com/board/vg/582901,일D 구오절 구매합니다.,seller-4c2db469c5f5eea60c2db114,쿨거래원하는뱅..,registered,일D 구오절,일D 구오절,일D 구오절,,,buy,구매,1,2.0,20000,estimated,per_card,text,unknown,,active,needs_review,needs_review,"가격 단위 추정, 배송비 포함 여부 미확정",estimated,yes,candidate_estimated,일D 구오절 1장 2.0에 구매합니다.
4770d5fd534f7048ac44a66e,vg,뱅가드,2026-08,2026-08-13T12:27:31+09:00,known,ea5e82b67aa90d8fc26bb8c5,4770d5fd534f7048ac44a66e,582901,https://m.dcinside.com/board/vg/582901,일D 구오절 구매합니다.,seller-4c2db469c5f5eea60c2db114,쿨거래원하는뱅..,registered,일D 구오절,일D 구오절,일D 구오절,,,buy,구매,1,2.0,20000,estimated,per_card,text,unknown,,active,needs_review,needs_review,"가격 단위 추정, 배송비 포함 여부 미확정",estimated,yes,candidate_estimated,일D 구오절 1장 2.0에 구매합니다.
47f043efd30d791e63defb36,vg,뱅가드,2026-08,2026-08-13T12:27:31+09:00,known,6bb833faaaa1d3f76af8872f,47f043efd30d791e63defb36,582901,https://m.dcinside.com/board/vg/582901,일D 구오절 구매합니다.,seller-4c2db469c5f5eea60c2db114,쿨거래원하는뱅..,registered,일D 구오절,일D 구오절,일D 구오절,,,buy,구매,1,2.0,20000,estimated,per_card,text,unknown,,active,needs_review,needs_review,"가격 단위 추정, 배송비 포함 여부 미확정",estimated,yes,candidate_estimated,일D 구오절 1장 2.0에 구매합니다.
7af9e9137b67ea6481e3ea31,vg,뱅가드,2026-08,2026-08-13T12:27:31+09:00,known,8d6af7553ee34db6eaa32048,7af9e9137b67ea6481e3ea31,582901,https://m.dcinside.com/board/vg/582901,일D 구오절 구매합니다.,seller-4c2db469c5f5eea60c2db114,쿨거래원하는뱅..,registered,일D 구오절,일D 구오절,일D 구오절,,,buy,구매,1,2.0,20000,estimated,per_card,text,unknown,,active,needs_review,needs_review,"가격 단위 추정, 배송비 포함 여부 미확정",estimated,yes,candidate_estimated,일D 구오절 1장 2.0에 구매합니다.
89baae973aa7c9335f2a1919,vg,뱅가드,2026-08,2026-08-13T12:27:31+09:00,known,9fb578cf4b69a80c0627eb21,89baae973aa7c9335f2a1919,582901,https://m.dcinside.com/board/vg/582901,일D 구오절 구매합니다.,seller-4c2db469c5f5eea60c2db114,쿨거래원하는뱅..,registered,일D 구오절,일D 구오절,일D 구오절,,,buy,구매,1,2.0,20000,estimated,per_card,text,unknown,,active,needs_review,needs_review,"가격 단위 추정, 배송비 포함 여부 미확정",estimated,yes,candidate_estimated,일D 구오절 1장 2.0에 구매합니다.
d2f77d9654dd903b9427b91d,vg,뱅가드,2026-08,2026-08-13T12:27:31+09:00,known,a4a8c1704e5890dcd0b331d1,d2f77d9654dd903b9427b91d,582901,https://m.dcinside.com/board/vg/582901,일D 구오절 구매합니다.,seller-4c2db469c5f5eea60c2db114,쿨거래원하는뱅..,registered,일D 구오절,일D 구오절,일D 구오절,,,buy,구매,1,2.0,20000,estimated,per_card,text,unknown,,active,needs_review,needs_review,"가격 단위 추정, 배송비 포함 여부 미확정",estimated,yes,candidate_estimated,일D 구오절 1장 2.0에 구매합니다.
0f288ebfa016d3b1f96c7093,vg,뱅가드,2026-08,2026-08-13T12:29:25+09:00,known,6b745add44a842cc8d849156,0f288ebfa016d3b1f96c7093,582902,https://m.dcinside.com/board/vg/582902,(구매완)일D X-CeeDaNCe 프레시・폴와트 1장 구매합니다.,seller-69a6b68970040291b539e593,려울려울,registered,,등포,등포,,,buy,구매,1,1.0,10000,estimated,per_card,text,unknown,,active,needs_review,needs_review,"가격 단위 추정, 배송비 포함 여부 미확정",estimated,yes,candidate_estimated,등포 1.0에 구매합니다.
0fdfadea31f54c072d959d51,vg,뱅가드,2026-08,2026-08-13T12:29:25+09:00,known,d2c1caba4d67d2985fc5675a,0fdfadea31f54c072d959d51,582902,https://m.dcinside.com/board/vg/582902,(구매완)일D X-CeeDaNCe 프레시・폴와트 1장 구매합니다.,seller-69a6b68970040291b539e593,려울려울,registered,,등포,등포,,,buy,구매,1,1.0,10000,estimated,per_card,text,unknown,,active,needs_review,needs_review,"가격 단위 추정, 배송비 포함 여부 미확정",estimated,yes,candidate_estimated,등포 1.0에 구매합니다.
10a6e38be4f218a7f28dc961,vg,뱅가드,2026-08,2026-08-13T12:29:25+09:00,known,0c5e2b96785c3f8b04e080e5,10a6e38be4f218a7f28dc961,582902,https://m.dcinside.com/board/vg/582902,(구매완)일D X-CeeDaNCe 프레시・폴와트 1장 구매합니다.,seller-69a6b68970040291b539e593,려울려울,registered,,등포,등포,,,buy,구매,1,1.0,10000,estimated,per_card,text,unknown,,active,needs_review,needs_review,"가격 단위 추정, 배송비 포함 여부 미확정",estimated,yes,candidate_estimated,등포 1.0에 구매합니다.
2c0248adb843a5d0ed5a03c8,vg,뱅가드,2026-08,2026-08-13T12:29:25+09:00,known,bac4a033b54c9d1db4b4432c,2c0248adb843a5d0ed5a03c8,582902,https://m.dcinside.com/board/vg/582902,(구매완)일D X-CeeDaNCe 프레시・폴와트 1장 구매합니다.,seller-69a6b68970040291b539e593,려울려울,registered,,등포,등포,,,buy,구매,1,1.0,10000,estimated,per_card,text,unknown,,active,needs_review,needs_review,"가격 단위 추정, 배송비 포함 여부 미확정",estimated,yes,candidate_estimated,등포 1.0에 구매합니다.
3981d2a3dc4e7c4bcc1874db,vg,뱅가드,2026-08,2026-08-13T12:29:25+09:00,known,46de6d2216c4a5cff1ba16c7,3981d2a3dc4e7c4bcc1874db,582902,https://m.dcinside.com/board/vg/582902,(구매완)일D X-CeeDaNCe 프레시・폴와트 1장 구매합니다.,seller-69a6b68970040291b539e593,려울려울,registered,,등포,등포,,,buy,구매,1,1.0,10000,estimated,per_card,text,unknown,,active,needs_review,needs_review,"가격 단위 추정, 배송비 포함 여부 미확정",estimated,yes,candidate_estimated,등포 1.0에 구매합니다.
741e3d3704e335804b4e2f9a,vg,뱅가드,2026-08,2026-08-13T12:29:25+09:00,known,a213cfe3488a746dabba14ae,741e3d3704e335804b4e2f9a,582902,https://m.dcinside.com/board/vg/582902,(구매완)일D X-CeeDaNCe 프레시・폴와트 1장 구매합니다.,seller-69a6b68970040291b539e593,려울려울,registered,,등포,등포,,,buy,구매,1,1.0,10000,estimated,per_card,text,unknown,,active,needs_review,needs_review,"가격 단위 추정, 배송비 포함 여부 미확정",estimated,yes,candidate_estimated,등포 1.0에 구매합니다.
9ad763bd59fb73c68639c827,vg,뱅가드,2026-08,2026-08-13T12:29:25+09:00,known,d464cdfd9f2febe4254a7eca,9ad763bd59fb73c68639c827,582902,https://m.dcinside.com/board/vg/582902,(구매완)일D X-CeeDaNCe 프레시・폴와트 1장 구매합니다.,seller-69a6b68970040291b539e593,려울려울,registered,,등포,등포,,,buy,구매,1,1.0,10000,estimated,per_card,text,unknown,,active,needs_review,needs_review,"가격 단위 추정, 배송비 포함 여부 미확정",estimated,yes,candidate_estimated,등포 1.0에 구매합니다.
d5a1f697d807dda8f90cc431,vg,뱅가드,2026-08,2026-08-13T12:29:25+09:00,known,38ac9497e5797529cd23bcaf,d5a1f697d807dda8f90cc431,582902,https://m.dcinside.com/board/vg/582902,(구매완)일D X-CeeDaNCe 프레시・폴와트 1장 구매합니다.,seller-69a6b68970040291b539e593,려울려울,registered,,등포,등포,,,buy,구매,1,1.0,10000,estimated,per_card,text,unknown,,active,needs_review,needs_review,"가격 단위 추정, 배송비 포함 여부 미확정",estimated,yes,candidate_estimated,등포 1.0에 구매합니다.
0540d4d57734c515f1642416,vg,뱅가드,2026-08,2026-08-13T13:47:34+09:00,known,c26f5de888c4d758159b6bec,0540d4d57734c515f1642416,582914,https://m.dcinside.com/board/vg/582914,"일d 엘디르, 에르메르 구합니다",seller-ca05e41143045d56d97efd4f,ㅇㅇ,guest,에르메르,에르메르,에르메르 장당,,,buy,구매,2,0.7,7000,estimated,per_card,text,unknown,,active,needs_review,needs_review,"가격 단위 추정, 배송비 포함 여부 미확정",estimated,yes,candidate_estimated,에르메르 2장 장당 0.7
2b40269822525f421a08e12f,vg,뱅가드,2026-08,2026-08-13T13:47:34+09:00,known,5a67ae79e75d2c31392ffbe6,2b40269822525f421a08e12f,582914,https://m.dcinside.com/board/vg/582914,"일d 엘디르, 에르메르 구합니다",seller-dd15f192681fcc8125ea7053,ㅇㅇ,guest,에르메르,에르메르,에르메르 장당,,,buy,구매,2,0.7,7000,estimated,per_card,text,unknown,,active,needs_review,needs_review,"가격 단위 추정, 배송비 포함 여부 미확정",estimated,yes,candidate_estimated,에르메르 2장 장당 0.7
323e1d2111d4df6a7a5b5901,vg,뱅가드,2026-08,2026-08-13T13:47:34+09:00,known,ffa6c35f7ab6afa1e7010410,323e1d2111d4df6a7a5b5901,582914,https://m.dcinside.com/board/vg/582914,"일d 엘디르, 에르메르 구합니다",seller-fd10c39c6cf642439db137bf,ㅇㅇ,guest,에르메르,에르메르,에르메르 장당,,,buy,구매,2,0.7,7000,estimated,per_card,text,unknown,,active,needs_review,needs_review,"가격 단위 추정, 배송비 포함 여부 미확정",estimated,yes,candidate_estimated,에르메르 2장 장당 0.7
4963d391d0385b6a3c07a1d9,vg,뱅가드,2026-08,2026-08-13T13:47:34+09:00,known,e8e01464eb3494ad03056e0a,4963d391d0385b6a3c07a1d9,582914,https://m.dcinside.com/board/vg/582914,"일d 엘디르, 에르메르 구합니다",seller-548f457083e4364b26da34a0,ㅇㅇ,guest,에르메르,에르메르,에르메르 장당,,,buy,구매,2,0.7,7000,estimated,per_card,text,unknown,,active,needs_review,needs_review,"가격 단위 추정, 배송비 포함 여부 미확정",estimated,yes,candidate_estimated,에르메르 2장 장당 0.7
673f77a8081dd4517ea599ef,vg,뱅가드,2026-08,2026-08-13T13:47:34+09:00,known,181e23455cc41a3c2f5c430c,673f77a8081dd4517ea599ef,582914,https://m.dcinside.com/board/vg/582914,"일d 엘디르, 에르메르 구합니다",seller-931523a6c9a695ee465b3e2b,ㅇㅇ,guest,에르메르,에르메르,에르메르 장당,,,buy,구매,2,0.7,7000,estimated,per_card,text,unknown,,active,needs_review,needs_review,"가격 단위 추정, 배송비 포함 여부 미확정",estimated,yes,candidate_estimated,에르메르 2장 장당 0.7
8e55ae316441d23213c4f751,vg,뱅가드,2026-08,2026-08-13T13:47:34+09:00,known,e8e01464eb3494ad03056e0a,8e55ae316441d23213c4f751,582914,https://m.dcinside.com/board/vg/582914,"일d 엘디르, 에르메르 구합니다",seller-548f457083e4364b26da34a0,ㅇㅇ,guest,엘디르,엘디르,엘디르 장당,,,buy,구매,2,2.5,25000,estimated,per_card,text,unknown,,active,needs_review,needs_review,"가격 단위 추정, 배송비 포함 여부 미확정",estimated,yes,candidate_estimated,엘디르 2장 장당 2.5
be0021823f01b469a32f65fc,vg,뱅가드,2026-08,2026-08-13T13:47:34+09:00,known,97a4ea4f588562cd7d506388,be0021823f01b469a32f65fc,582914,https://m.dcinside.com/board/vg/582914,"일d 엘디르, 에르메르 구합니다",seller-31e21ff53f7cfcd13352fef7,ㅇㅇ,guest,에르메르,에르메르,에르메르 장당,,,buy,구매,2,0.7,7000,estimated,per_card,text,unknown,,active,needs_review,needs_review,"가격 단위 추정, 배송비 포함 여부 미확정",estimated,yes,candidate_estimated,에르메르 2장 장당 0.7
dda9bceefc8ba32fa1c8c7d8,vg,뱅가드,2026-08,2026-08-13T13:47:34+09:00,known,bf250bc85aab4f18a1666a4b,dda9bceefc8ba32fa1c8c7d8,582914,https://m.dcinside.com/board/vg/582914,"일d 엘디르, 에르메르 구합니다",seller-dc82d017ad41fb23e0a55d11,ㅇㅇ,guest,에르메르,에르메르,에르메르 장당,,,buy,구매,2,0.7,7000,estimated,per_card,text,unknown,,active,needs_review,needs_review,"가격 단위 추정, 배송비 포함 여부 미확정",estimated,yes,candidate_estimated,에르메르 2장 장당 0.7
e0f668b60fb98f812626359a,vg,뱅가드,2026-08,2026-08-13T13:47:34+09:00,known,3ef440cfc8ad5552e8cbbd1b,e0f668b60fb98f812626359a,582914,https://m.dcinside.com/board/vg/582914,"일d 엘디르, 에르메르 구합니다",seller-04cfb7c2c7e7eeeaca47338c,ㅇㅇ,guest,에르메르,에르메르,에르메르 장당,,,buy,구매,2,0.7,7000,estimated,per_card,text,unknown,,active,needs_review,needs_review,"가격 단위 추정, 배송비 포함 여부 미확정",estimated,yes,candidate_estimated,에르메르 2장 장당 0.7
1d25894c2358b4b5b1a34a94,vg,뱅가드,2026-08,2026-08-13T13:51:21+09:00,known,a5f895fedd3652a9d5cd7d69,1d25894c2358b4b5b1a34a94,582916,https://m.dcinside.com/board/vg/582916,"글D 뱅드림 크리, 힐 트리거 구합니다",seller-157ca366a74b860c33cade9a,뱅부이,registered,린코,린코,린코,,,buy,구매,1,1,10000,estimated,per_card,text,unknown,,active,needs_review,needs_review,"가격 단위 추정, 배송비 포함 여부 미확정",estimated,yes,candidate_estimated,린코 1
25e118c5d2d7a4af5668d6e4,vg,뱅가드,2026-08,2026-08-13T13:51:21+09:00,known,ccab814ee22135ff8718d0c8,25e118c5d2d7a4af5668d6e4,582916,https://m.dcinside.com/board/vg/582916,"글D 뱅드림 크리, 힐 트리거 구합니다",seller-157ca366a74b860c33cade9a,뱅부이,registered,위 카드들,위 카드들,위 카드들 장당,,,buy,구매,1,0.3,3000,estimated,per_card,text,unknown,,active,needs_review,needs_review,"가격 단위 추정, 배송비 포함 여부 미확정",estimated,yes,candidate_estimated,위 카드들 장당 0.3에 구합니다.
45ae2abc6740c8645b77f1a2,vg,뱅가드,2026-08,2026-08-13T13:51:21+09:00,known,fa8d32194147d9878f8a922e,45ae2abc6740c8645b77f1a2,582916,https://m.dcinside.com/board/vg/582916,"글D 뱅드림 크리, 힐 트리거 구합니다",seller-157ca366a74b860c33cade9a,뱅부이,registered,린코,린코,린코,,,buy,구매,1,1,10000,estimated,per_card,text,unknown,,active,needs_review,needs_review,"가격 단위 추정, 배송비 포함 여부 미확정",estimated,yes,candidate_estimated,린코 1
59e91d4f3b46ebb062e10041,vg,뱅가드,2026-08,2026-08-13T13:51:21+09:00,known,bc2ba6bdc92e4292212f335d,59e91d4f3b46ebb062e10041,582916,https://m.dcinside.com/board/vg/582916,"글D 뱅드림 크리, 힐 트리거 구합니다",seller-157ca366a74b860c33cade9a,뱅부이,registered,린코,린코,린코,,,buy,구매,1,1,10000,estimated,per_card,text,unknown,,active,needs_review,needs_review,"가격 단위 추정, 배송비 포함 여부 미확정",estimated,yes,candidate_estimated,린코 1
70e56142abcece13215a8a56,vg,뱅가드,2026-08,2026-08-13T13:51:21+09:00,known,bc2ba6bdc92e4292212f335d,70e56142abcece13215a8a56,582916,https://m.dcinside.com/board/vg/582916,"글D 뱅드림 크리, 힐 트리거 구합니다",seller-157ca366a74b860c33cade9a,뱅부이,registered,위 카드들,위 카드들,위 카드들 장당,,,buy,구매,1,0.3,3000,estimated,per_card,text,unknown,,active,needs_review,needs_review,"가격 단위 추정, 배송비 포함 여부 미확정",estimated,yes,candidate_estimated,위 카드들 장당 0.3에 구합니다.
71b529251aa7f6e83f1ceede,vg,뱅가드,2026-08,2026-08-13T13:51:21+09:00,known,8c14e7946f62fdb336dfa7d2,71b529251aa7f6e83f1ceede,582916,https://m.dcinside.com/board/vg/582916,"글D 뱅드림 크리, 힐 트리거 구합니다",seller-157ca366a74b860c33cade9a,뱅부이,registered,린코,린코,린코,,,buy,구매,1,1,10000,estimated,per_card,text,unknown,,active,needs_review,needs_review,"가격 단위 추정, 배송비 포함 여부 미확정",estimated,yes,candidate_estimated,린코 1
7811f7e5329745a14ce3687c,vg,뱅가드,2026-08,2026-08-13T13:51:21+09:00,known,18082e0e3185e09896a6289e,7811f7e5329745a14ce3687c,582916,https://m.dcinside.com/board/vg/582916,"글D 뱅드림 크리, 힐 트리거 구합니다",seller-157ca366a74b860c33cade9a,뱅부이,registered,위 카드들,위 카드들,위 카드들 장당,,,buy,구매,1,0.3,3000,estimated,per_card,text,unknown,,active,needs_review,needs_review,"가격 단위 추정, 배송비 포함 여부 미확정",estimated,yes,candidate_estimated,위 카드들 장당 0.3에 구합니다.
82f2556c28169237926b0dca,vg,뱅가드,2026-08,2026-08-13T13:51:21+09:00,known,6daf5b8176cff31c48b883d6,82f2556c28169237926b0dca,582916,https://m.dcinside.com/board/vg/582916,"글D 뱅드림 크리, 힐 트리거 구합니다",seller-157ca366a74b860c33cade9a,뱅부이,registered,린코,린코,린코,,,buy,구매,1,1,10000,estimated,per_card,text,unknown,,active,needs_review,needs_review,"가격 단위 추정, 배송비 포함 여부 미확정",estimated,yes,candidate_estimated,린코 1
849f056c7bf92a3459718a03,vg,뱅가드,2026-08,2026-08-13T13:51:21+09:00,known,707a14807532971d8e88890f,849f056c7bf92a3459718a03,582916,https://m.dcinside.com/board/vg/582916,"글D 뱅드림 크리, 힐 트리거 구합니다",seller-157ca366a74b860c33cade9a,뱅부이,registered,린코,린코,린코,,,buy,구매,1,1,10000,estimated,per_card,text,unknown,,active,needs_review,needs_review,"가격 단위 추정, 배송비 포함 여부 미확정",estimated,yes,candidate_estimated,린코 1
88ac3313abb768ff3d086c6b,vg,뱅가드,2026-08,2026-08-13T13:51:21+09:00,known,a5f895fedd3652a9d5cd7d69,88ac3313abb768ff3d086c6b,582916,https://m.dcinside.com/board/vg/582916,"글D 뱅드림 크리, 힐 트리거 구합니다",seller-157ca366a74b860c33cade9a,뱅부이,registered,위 카드들,위 카드들,위 카드들 장당,,,buy,구매,1,0.3,3000,estimated,per_card,text,unknown,,active,needs_review,needs_review,"가격 단위 추정, 배송비 포함 여부 미확정",estimated,yes,candidate_estimated,위 카드들 장당 0.3에 구합니다.
a54d47ba6ae3f75c030110fe,vg,뱅가드,2026-08,2026-08-13T13:51:21+09:00,known,fa8d32194147d9878f8a922e,a54d47ba6ae3f75c030110fe,582916,https://m.dcinside.com/board/vg/582916,"글D 뱅드림 크리, 힐 트리거 구합니다",seller-157ca366a74b860c33cade9a,뱅부이,registered,위 카드들,위 카드들,위 카드들 장당,,,buy,구매,1,0.3,3000,estimated,per_card,text,unknown,,active,needs_review,needs_review,"가격 단위 추정, 배송비 포함 여부 미확정",estimated,yes,candidate_estimated,위 카드들 장당 0.3에 구합니다.
a5e2dbf416a75eb994d4a2ed,vg,뱅가드,2026-08,2026-08-13T13:51:21+09:00,known,ccab814ee22135ff8718d0c8,a5e2dbf416a75eb994d4a2ed,582916,https://m.dcinside.com/board/vg/582916,"글D 뱅드림 크리, 힐 트리거 구합니다",seller-157ca366a74b860c33cade9a,뱅부이,registered,린코,린코,린코,,,buy,구매,1,1,10000,estimated,per_card,text,unknown,,active,needs_review,needs_review,"가격 단위 추정, 배송비 포함 여부 미확정",estimated,yes,candidate_estimated,린코 1
b3e9e21d53864d0abfff2534,vg,뱅가드,2026-08,2026-08-13T13:51:21+09:00,known,707a14807532971d8e88890f,b3e9e21d53864d0abfff2534,582916,https://m.dcinside.com/board/vg/582916,"글D 뱅드림 크리, 힐 트리거 구합니다",seller-157ca366a74b860c33cade9a,뱅부이,registered,위 카드들,위 카드들,위 카드들 장당,,,buy,구매,1,0.3,3000,estimated,per_card,text,unknown,,active,needs_review,needs_review,"가격 단위 추정, 배송비 포함 여부 미확정",estimated,yes,candidate_estimated,위 카드들 장당 0.3에 구합니다.
bce201b275f849a74882003b,vg,뱅가드,2026-08,2026-08-13T13:51:21+09:00,known,18082e0e3185e09896a6289e,bce201b275f849a74882003b,582916,https://m.dcinside.com/board/vg/582916,"글D 뱅드림 크리, 힐 트리거 구합니다",seller-157ca366a74b860c33cade9a,뱅부이,registered,린코,린코,린코,,,buy,구매,1,1,10000,estimated,per_card,text,unknown,,active,needs_review,needs_review,"가격 단위 추정, 배송비 포함 여부 미확정",estimated,yes,candidate_estimated,린코 1
c50b55a86e48139e94973ab0,vg,뱅가드,2026-08,2026-08-13T13:51:21+09:00,known,6daf5b8176cff31c48b883d6,c50b55a86e48139e94973ab0,582916,https://m.dcinside.com/board/vg/582916,"글D 뱅드림 크리, 힐 트리거 구합니다",seller-157ca366a74b860c33cade9a,뱅부이,registered,위 카드들,위 카드들,위 카드들 장당,,,buy,구매,1,0.3,3000,estimated,per_card,text,unknown,,active,needs_review,needs_review,"가격 단위 추정, 배송비 포함 여부 미확정",estimated,yes,candidate_estimated,위 카드들 장당 0.3에 구합니다.
c8092ac2e2728bbc5f2664dd,vg,뱅가드,2026-08,2026-08-13T13:51:21+09:00,known,8c14e7946f62fdb336dfa7d2,c8092ac2e2728bbc5f2664dd,582916,https://m.dcinside.com/board/vg/582916,"글D 뱅드림 크리, 힐 트리거 구합니다",seller-157ca366a74b860c33cade9a,뱅부이,registered,위 카드들,위 카드들,위 카드들 장당,,,buy,구매,1,0.3,3000,estimated,per_card,text,unknown,,active,needs_review,needs_review,"가격 단위 추정, 배송비 포함 여부 미확정",estimated,yes,candidate_estimated,위 카드들 장당 0.3에 구합니다.
1ada5f04507fcd9ffbd9c653,vg,뱅가드,2026-08,2026-08-13T15:40:11+09:00,known,57199887698ab2a4b21bc401,1ada5f04507fcd9ffbd9c653,582954,https://m.dcinside.com/board/vg/582954,일D 성성각희 SEC 팔고 인발디오팬텀 삽니다,seller-1f96184d24eb1867e0476ce5,바리졸,registered,리발디오 소스,리발디오 소스,리발디오 소스,,,buy,구매,1,7.0,70000,estimated,bundle,text,unknown,,active,needs_review,needs_review,"가격 단위 추정, 배송비 포함 여부 미확정, 묶음·세트 총액 · 개별 카드 가격 아님",estimated,no,no,리발디오 소스 7.0
2ef7d2dd9b2d505edc4d5cf5,vg,뱅가드,2026-08,2026-08-13T15:40:11+09:00,known,a5d6069c73d960a5e817800e,2ef7d2dd9b2d505edc4d5cf5,582954,https://m.dcinside.com/board/vg/582954,일D 성성각희 SEC 팔고 인발디오팬텀 삽니다,seller-1f96184d24eb1867e0476ce5,바리졸,registered,리발디오 소스,리발디오 소스,리발디오 소스,,,buy,구매,1,7.0,70000,estimated,bundle,text,unknown,,active,needs_review,needs_review,"가격 단위 추정, 배송비 포함 여부 미확정, 묶음·세트 총액 · 개별 카드 가격 아님",estimated,no,no,리발디오 소스 7.0
3592bb3614aa84b1b43aed73,vg,뱅가드,2026-08,2026-08-13T15:40:11+09:00,known,4e17486940cc40e9bc8d8160,3592bb3614aa84b1b43aed73,582954,https://m.dcinside.com/board/vg/582954,일D 성성각희 SEC 팔고 인발디오팬텀 삽니다,seller-1f96184d24eb1867e0476ce5,바리졸,registered,리발디오 소스,리발디오 소스,리발디오 소스,,,buy,구매,1,7.0,70000,estimated,bundle,text,unknown,,active,needs_review,needs_review,"가격 단위 추정, 배송비 포함 여부 미확정, 묶음·세트 총액 · 개별 카드 가격 아님",estimated,no,no,리발디오 소스 7.0
40210b9580c6b4bfa5508a3e,vg,뱅가드,2026-08,2026-08-13T15:40:11+09:00,known,aa66b06e8d952619b423ec20,40210b9580c6b4bfa5508a3e,582954,https://m.dcinside.com/board/vg/582954,일D 성성각희 SEC 팔고 인발디오팬텀 삽니다,seller-1f96184d24eb1867e0476ce5,바리졸,registered,리발디오 소스,리발디오 소스,리발디오 소스,,,buy,구매,1,7.0,70000,estimated,bundle,text,unknown,,active,needs_review,needs_review,"가격 단위 추정, 배송비 포함 여부 미확정, 묶음·세트 총액 · 개별 카드 가격 아님",estimated,no,no,리발디오 소스 7.0
81eab76480812a2a6b224706,vg,뱅가드,2026-08,2026-08-13T15:40:11+09:00,known,2202c2e0809ff2d4f84af4a2,81eab76480812a2a6b224706,582954,https://m.dcinside.com/board/vg/582954,일D 성성각희 SEC 팔고 인발디오팬텀 삽니다,seller-1f96184d24eb1867e0476ce5,바리졸,registered,리발디오 소스,리발디오 소스,리발디오 소스,,,buy,구매,1,7.0,70000,estimated,bundle,text,unknown,,active,needs_review,needs_review,"가격 단위 추정, 배송비 포함 여부 미확정, 묶음·세트 총액 · 개별 카드 가격 아님",estimated,no,no,리발디오 소스 7.0
95ee025cf6a78466a8514616,vg,뱅가드,2026-08,2026-08-13T15:40:11+09:00,known,9fe2880dd60b22e41b441fb0,95ee025cf6a78466a8514616,582954,https://m.dcinside.com/board/vg/582954,일D 성성각희 SEC 팔고 인발디오팬텀 삽니다,seller-1f96184d24eb1867e0476ce5,바리졸,registered,리발디오 소스,리발디오 소스,리발디오 소스,,,buy,구매,1,7.0,70000,estimated,bundle,text,unknown,,active,needs_review,needs_review,"가격 단위 추정, 배송비 포함 여부 미확정, 묶음·세트 총액 · 개별 카드 가격 아님",estimated,no,no,리발디오 소스 7.0
d2c13e2f18711d22cf75bf7a,vg,뱅가드,2026-08,2026-08-13T15:40:11+09:00,known,cc1c31765b9dfde1bbffb857,d2c13e2f18711d22cf75bf7a,582954,https://m.dcinside.com/board/vg/582954,일D 성성각희 SEC 팔고 인발디오팬텀 삽니다,seller-1f96184d24eb1867e0476ce5,바리졸,registered,리발디오 소스,리발디오 소스,리발디오 소스,,,buy,구매,1,7.0,70000,estimated,bundle,text,unknown,,active,needs_review,needs_review,"가격 단위 추정, 배송비 포함 여부 미확정, 묶음·세트 총액 · 개별 카드 가격 아님",estimated,no,no,리발디오 소스 7.0
f9584eae5bacd709b3204624,vg,뱅가드,2026-08,2026-08-13T15:40:11+09:00,known,ef89afc79f55d4361939b56a,f9584eae5bacd709b3204624,582954,https://m.dcinside.com/board/vg/582954,일D 성성각희 SEC 팔고 인발디오팬텀 삽니다,seller-1f96184d24eb1867e0476ce5,바리졸,registered,리발디오 소스,리발디오 소스,리발디오 소스,,,buy,구매,1,7.0,70000,estimated,bundle,text,unknown,,active,needs_review,needs_review,"가격 단위 추정, 배송비 포함 여부 미확정, 묶음·세트 총액 · 개별 카드 가격 아님",estimated,no,no,리발디오 소스 7.0
1886254ee387d8e30a89f843,vg,뱅가드,2026-08,2026-08-13T16:54:53+09:00,known,514a55aa3d959849af333a8e,1886254ee387d8e30a89f843,582978,https://m.dcinside.com/board/vg/582978,일d 브랜트 에너지 사이클 삽니다,seller-297a9a0836bc8f897dc1a24f,노라,guest,창제의 탄환 판스메르미아,창제의 탄환 판스메르미아,창제의 탄환 판스메르미아,,,buy,구매,4,7,70000,estimated,per_quantity,text,unknown,,active,needs_review,needs_review,"가격 단위 추정, 배송비 포함 여부 미확정, 복수 수량 총액 · 카드 1장 가격 아님",estimated,no,no,창제의 탄환 판스메르미아 4장 7에 삽니다
2123a4760d19ea9d5f23722b,vg,뱅가드,2026-08,2026-08-13T16:54:53+09:00,known,497b7e6b1dd7d8c65275cbe1,2123a4760d19ea9d5f23722b,582978,https://m.dcinside.com/board/vg/582978,일d 브랜트 에너지 사이클 삽니다,seller-6b89560054c492d4cbdccb51,노라,guest,창제의 탄환 판스메르미아,창제의 탄환 판스메르미아,창제의 탄환 판스메르미아,,,buy,구매,4,7,70000,estimated,per_quantity,text,unknown,,active,needs_review,needs_review,"가격 단위 추정, 배송비 포함 여부 미확정, 복수 수량 총액 · 카드 1장 가격 아님",estimated,no,no,창제의 탄환 판스메르미아 4장 7에 삽니다
3ef2a566bf81aa38431a5113,vg,뱅가드,2026-08,2026-08-13T16:54:53+09:00,known,42eb7f2b539a422f66ba28c2,3ef2a566bf81aa38431a5113,582978,https://m.dcinside.com/board/vg/582978,일d 브랜트 에너지 사이클 삽니다,seller-ee06f57faae59183013792a4,노라,guest,창제의 탄환 판스메르미아,창제의 탄환 판스메르미아,창제의 탄환 판스메르미아,,,buy,구매,4,7,70000,estimated,per_quantity,text,unknown,,active,needs_review,needs_review,"가격 단위 추정, 배송비 포함 여부 미확정, 복수 수량 총액 · 카드 1장 가격 아님",estimated,no,no,창제의 탄환 판스메르미아 4장 7에 삽니다
54585ee95c19ecd51376d431,vg,뱅가드,2026-08,2026-08-13T16:54:53+09:00,known,c93d2cc8026cdd71a6830806,54585ee95c19ecd51376d431,582978,https://m.dcinside.com/board/vg/582978,일d 브랜트 에너지 사이클 삽니다,seller-028260fc88773d74e20e1a66,노라,guest,창제의 탄환 판스메르미아,창제의 탄환 판스메르미아,창제의 탄환 판스메르미아,,,buy,구매,4,7,70000,estimated,per_quantity,text,unknown,,active,needs_review,needs_review,"가격 단위 추정, 배송비 포함 여부 미확정, 복수 수량 총액 · 카드 1장 가격 아님",estimated,no,no,창제의 탄환 판스메르미아 4장 7에 삽니다
5fb409df50d0502c3fc2bcf5,vg,뱅가드,2026-08,2026-08-13T16:54:53+09:00,known,7e361a05e0049d6b2dedeadf,5fb409df50d0502c3fc2bcf5,582978,https://m.dcinside.com/board/vg/582978,일d 브랜트 에너지 사이클 삽니다,seller-241728716ac6cba5ea311ce7,노라,guest,창제의 탄환 판스메르미아,창제의 탄환 판스메르미아,창제의 탄환 판스메르미아,,,buy,구매,4,7,70000,estimated,per_quantity,text,unknown,,active,needs_review,needs_review,"가격 단위 추정, 배송비 포함 여부 미확정, 복수 수량 총액 · 카드 1장 가격 아님",estimated,no,no,창제의 탄환 판스메르미아 4장 7에 삽니다
7d8920143b03ad760fcd37fc,vg,뱅가드,2026-08,2026-08-13T16:54:53+09:00,known,ec5b783aeaccca76aab419af,7d8920143b03ad760fcd37fc,582978,https://m.dcinside.com/board/vg/582978,일d 브랜트 에너지 사이클 삽니다,seller-ae92a4a62b595ea090da0094,노라,guest,창제의 탄환 판스메르미아,창제의 탄환 판스메르미아,창제의 탄환 판스메르미아,,,buy,구매,4,7,70000,estimated,per_quantity,text,unknown,,active,needs_review,needs_review,"가격 단위 추정, 배송비 포함 여부 미확정, 복수 수량 총액 · 카드 1장 가격 아님",estimated,no,no,창제의 탄환 판스메르미아 4장 7에 삽니다
7ef79aa3d14a3802f4a4a067,vg,뱅가드,2026-08,2026-08-13T16:54:53+09:00,known,e5ca9759023ae1f6b8746cc4,7ef79aa3d14a3802f4a4a067,582978,https://m.dcinside.com/board/vg/582978,일d 브랜트 에너지 사이클 삽니다,seller-23dd21b29f55ef34fe033547,노라,guest,창제의 탄환 판스메르미아,창제의 탄환 판스메르미아,창제의 탄환 판스메르미아,,,buy,구매,4,7,70000,estimated,per_quantity,text,unknown,,active,needs_review,needs_review,"가격 단위 추정, 배송비 포함 여부 미확정, 복수 수량 총액 · 카드 1장 가격 아님",estimated,no,no,창제의 탄환 판스메르미아 4장 7에 삽니다
ed4a42496bb7e00bbd627816,vg,뱅가드,2026-08,2026-08-13T16:54:53+09:00,known,4c2c6ef175b78ff19063f097,ed4a42496bb7e00bbd627816,582978,https://m.dcinside.com/board/vg/582978,일d 브랜트 에너지 사이클 삽니다,seller-356b3d9cf1f53efa190666b0,노라,guest,창제의 탄환 판스메르미아,창제의 탄환 판스메르미아,창제의 탄환 판스메르미아,,,buy,구매,4,7,70000,estimated,per_quantity,text,unknown,,active,needs_review,needs_review,"가격 단위 추정, 배송비 포함 여부 미확정, 복수 수량 총액 · 카드 1장 가격 아님",estimated,no,no,창제의 탄환 판스메르미아 4장 7에 삽니다
