observation_id,game_id,game_name,year_month,posted_at,date_quality,source_id,row_id,post_id,post_url,post_title,seller_id,seller_name,author_type,card_key,card_name,card_name_raw,card_code,rarity,listing_type,listing_type_label,quantity,raw_price,price_krw_observed,price_status,price_scope,price_origin,shipping_included,shipping_price_krw,post_status,analysis_status,review_status,review_reason,price_confidence,price_candidate,include_in_price_stats,raw_line
99708814b0f0dec25c349d6c,onepiececardgame,원피스 카드게임,2026-08,2026-08-01T01:05:13+09:00,known,213e41e852bbe933573f4df4,99708814b0f0dec25c349d6c,104828,https://m.dcinside.com/board/onepiececardgame/104828,1코 페로나 구매합니당 녹조로 덱소스도 사요!,seller-68988ba756eda72d3903219c,꿀깅이,guest,페로나 에,페로나 에,페로나 에,,,buy,구매,4,5.8,58000,estimated,per_quantity,text,unknown,,active,needs_review,needs_review,"가격 단위 추정, 배송비 포함 여부 미확정, 복수 수량 총액 · 카드 1장 가격 아님",estimated,no,no,페로나 4장에 5.8에 구합니다ㅏ
9c6cb68f8659bc0c730b856a,onepiececardgame,원피스 카드게임,2026-08,2026-08-01T01:05:13+09:00,known,87c3721c1d867d87eaf90d6c,9c6cb68f8659bc0c730b856a,104828,https://m.dcinside.com/board/onepiececardgame/104828,1코 페로나 구매합니당 녹조로 덱소스도 사요!,seller-1542887ead59181372fbf4e4,꿀깅이,guest,페로나 에,페로나 에,페로나 에,,,buy,구매,4,5.8,58000,estimated,per_quantity,text,unknown,,active,needs_review,needs_review,"가격 단위 추정, 배송비 포함 여부 미확정, 복수 수량 총액 · 카드 1장 가격 아님",estimated,no,no,페로나 4장에 5.8에 구합니다ㅏ
fab2290e2c21e1963141cde7,onepiececardgame,원피스 카드게임,2026-08,2026-08-01T01:05:13+09:00,known,ee597c7eaac1cc005556ccc3,fab2290e2c21e1963141cde7,104828,https://m.dcinside.com/board/onepiececardgame/104828,1코 페로나 구매합니당 녹조로 덱소스도 사요!,seller-773beaaf222decc99b7f4ef6,꿀깅이,guest,페로나 에,페로나 에,페로나 에,,,buy,구매,4,5.8,58000,estimated,per_quantity,text,unknown,,active,needs_review,needs_review,"가격 단위 추정, 배송비 포함 여부 미확정, 복수 수량 총액 · 카드 1장 가격 아님",estimated,no,no,페로나 4장에 5.8에 구합니다ㅏ
3137dfc98903bfbcd3606191,onepiececardgame,원피스 카드게임,2026-08,2026-08-01T03:36:30+09:00,known,2ab369a36f649360bcf35051,3137dfc98903bfbcd3606191,104839,https://m.dcinside.com/board/onepiececardgame/104839,적자우타 리페 구매합니다. 구완,seller-0557e18184598a83f39f1806,ㅇㅇ,guest,적자우타 리페 . 구완,적자우타 리페 . 구완,적자우타 리페 . 구완,,,buy,구매,1,,,missing,unknown,unknown,unknown,,active,needs_review,needs_review,희망가 미기재,missing,no,no,적자우타 리페 구매합니다. 구완
75eacead076f556b1af35a80,onepiececardgame,원피스 카드게임,2026-08,2026-08-01T03:36:30+09:00,known,6addf0f65a4dcea4ff8620cb,75eacead076f556b1af35a80,104839,https://m.dcinside.com/board/onepiececardgame/104839,적자우타 리페 구매합니다. 구완,seller-280ac7cc57389c226b4b5417,ㅇㅇ,guest,적자우타 리페 . 구완,적자우타 리페 . 구완,적자우타 리페 . 구완,,,buy,구매,1,,,missing,unknown,unknown,unknown,,active,needs_review,needs_review,희망가 미기재,missing,no,no,적자우타 리페 구매합니다. 구완
c52ac556a9f1336556a46b8e,onepiececardgame,원피스 카드게임,2026-08,2026-08-01T03:36:30+09:00,known,f8eab68edf505b3c2c7674bf,c52ac556a9f1336556a46b8e,104839,https://m.dcinside.com/board/onepiececardgame/104839,적자우타 리페 구매합니다. 구완,seller-849db7fb0420b70ceaa03446,ㅇㅇ,guest,적자우타 리페 . 구완,적자우타 리페 . 구완,적자우타 리페 . 구완,,,buy,구매,1,,,missing,unknown,unknown,unknown,,active,needs_review,needs_review,희망가 미기재,missing,no,no,적자우타 리페 구매합니다. 구완
3087b0c88c6c3a35f820cf31,onepiececardgame,원피스 카드게임,2026-08,2026-08-01T11:28:27+09:00,known,8bb951141e21be5f7d041334,3087b0c88c6c3a35f820cf31,104861,https://m.dcinside.com/board/onepiececardgame/104861,일요일 킨들샵 스탠 직으로 구합니다,seller-6a0d1fc93ae8f9c473c9326f,검정별,registered,자카타 리페,자카타 리페,자카타 리페,,,buy,구매,1,1.5,15000,estimated,per_card,text,unknown,,active,needs_review,needs_review,"가격 단위 추정, 배송비 포함 여부 미확정",estimated,yes,candidate_estimated,자카타 리페 1.5
79f7edea18487ca4225d9ac4,onepiececardgame,원피스 카드게임,2026-08,2026-08-01T11:28:27+09:00,known,8bb951141e21be5f7d041334,79f7edea18487ca4225d9ac4,104861,https://m.dcinside.com/board/onepiececardgame/104861,일요일 킨들샵 스탠 직으로 구합니다,seller-6a0d1fc93ae8f9c473c9326f,검정별,registered,히로인즈 4코R 푸딩,히로인즈 4코R 푸딩,히로인즈 4코R 푸딩 장당,,,buy,구매,2,0.1,1000,estimated,per_card,text,unknown,,active,needs_review,needs_review,"가격 단위 추정, 배송비 포함 여부 미확정",estimated,yes,candidate_estimated,히로인즈 4코R 푸딩 2장 장당 0.1
8dc2ae3f290884adf3f94d76,onepiececardgame,원피스 카드게임,2026-08,2026-08-01T11:28:27+09:00,known,977b7a48ee20eb6f0da1b9c5,8dc2ae3f290884adf3f94d76,104861,https://m.dcinside.com/board/onepiececardgame/104861,일요일 킨들샵 스탠 직으로 구합니다,seller-6a0d1fc93ae8f9c473c9326f,검정별,registered,자카타 리페,자카타 리페,자카타 리페,,,buy,구매,1,1.5,15000,estimated,per_card,text,unknown,,active,needs_review,needs_review,"가격 단위 추정, 배송비 포함 여부 미확정",estimated,yes,candidate_estimated,자카타 리페 1.5
a37de60b2a41a0fed6f1b09f,onepiececardgame,원피스 카드게임,2026-08,2026-08-01T11:28:27+09:00,known,90808ee28c59f45f8532f9fc,a37de60b2a41a0fed6f1b09f,104861,https://m.dcinside.com/board/onepiececardgame/104861,일요일 킨들샵 스탠 직으로 구합니다,seller-6a0d1fc93ae8f9c473c9326f,검정별,registered,히로인즈 4코R 푸딩,히로인즈 4코R 푸딩,히로인즈 4코R 푸딩 장당,,,buy,구매,2,0.1,1000,estimated,per_card,text,unknown,,active,needs_review,needs_review,"가격 단위 추정, 배송비 포함 여부 미확정",estimated,yes,candidate_estimated,히로인즈 4코R 푸딩 2장 장당 0.1
bbca030b5afeb960c3e8a4b8,onepiececardgame,원피스 카드게임,2026-08,2026-08-01T11:28:27+09:00,known,90808ee28c59f45f8532f9fc,bbca030b5afeb960c3e8a4b8,104861,https://m.dcinside.com/board/onepiececardgame/104861,일요일 킨들샵 스탠 직으로 구합니다,seller-6a0d1fc93ae8f9c473c9326f,검정별,registered,자카타 리페,자카타 리페,자카타 리페,,,buy,구매,1,1.5,15000,estimated,per_card,text,unknown,,active,needs_review,needs_review,"가격 단위 추정, 배송비 포함 여부 미확정",estimated,yes,candidate_estimated,자카타 리페 1.5
e0e2554cfb189655952bcecd,onepiececardgame,원피스 카드게임,2026-08,2026-08-01T11:28:27+09:00,known,977b7a48ee20eb6f0da1b9c5,e0e2554cfb189655952bcecd,104861,https://m.dcinside.com/board/onepiececardgame/104861,일요일 킨들샵 스탠 직으로 구합니다,seller-6a0d1fc93ae8f9c473c9326f,검정별,registered,7코 푸딩,7코 푸딩,7코 푸딩 장당,,,buy,구매,3,0.1,1000,estimated,per_card,text,unknown,,active,needs_review,needs_review,"가격 단위 추정, 배송비 포함 여부 미확정",estimated,yes,candidate_estimated,7코 푸딩 3장 장당0.1
e5a5a7f9ffbe1800af6dd45e,onepiececardgame,원피스 카드게임,2026-08,2026-08-01T11:28:27+09:00,known,90808ee28c59f45f8532f9fc,e5a5a7f9ffbe1800af6dd45e,104861,https://m.dcinside.com/board/onepiececardgame/104861,일요일 킨들샵 스탠 직으로 구합니다,seller-6a0d1fc93ae8f9c473c9326f,검정별,registered,7코 푸딩,7코 푸딩,7코 푸딩 장당,,,buy,구매,3,0.1,1000,estimated,per_card,text,unknown,,active,needs_review,needs_review,"가격 단위 추정, 배송비 포함 여부 미확정",estimated,yes,candidate_estimated,7코 푸딩 3장 장당0.1
f5d589f86a80c726256b4a39,onepiececardgame,원피스 카드게임,2026-08,2026-08-01T11:28:27+09:00,known,8bb951141e21be5f7d041334,f5d589f86a80c726256b4a39,104861,https://m.dcinside.com/board/onepiececardgame/104861,일요일 킨들샵 스탠 직으로 구합니다,seller-6a0d1fc93ae8f9c473c9326f,검정별,registered,7코 푸딩,7코 푸딩,7코 푸딩 장당,,,buy,구매,3,0.1,1000,estimated,per_card,text,unknown,,active,needs_review,needs_review,"가격 단위 추정, 배송비 포함 여부 미확정",estimated,yes,candidate_estimated,7코 푸딩 3장 장당0.1
fdfe5436fb5337fa2a51a93b,onepiececardgame,원피스 카드게임,2026-08,2026-08-01T11:28:27+09:00,known,977b7a48ee20eb6f0da1b9c5,fdfe5436fb5337fa2a51a93b,104861,https://m.dcinside.com/board/onepiececardgame/104861,일요일 킨들샵 스탠 직으로 구합니다,seller-6a0d1fc93ae8f9c473c9326f,검정별,registered,히로인즈 4코R 푸딩,히로인즈 4코R 푸딩,히로인즈 4코R 푸딩 장당,,,buy,구매,2,0.1,1000,estimated,per_card,text,unknown,,active,needs_review,needs_review,"가격 단위 추정, 배송비 포함 여부 미확정",estimated,yes,candidate_estimated,히로인즈 4코R 푸딩 2장 장당 0.1
4cb16bf6a804dfd9026209b5,onepiececardgame,원피스 카드게임,2026-08,2026-08-01T12:07:45+09:00,known,7dc208457b48bc1eedf3e904,4cb16bf6a804dfd9026209b5,104867,https://m.dcinside.com/board/onepiececardgame/104867,청쿠잔덱 반텍포 3.2 구합니다,seller-ebcdb47dd32d1d6ea2275787,ㅇㅇ,guest,청쿠잔덱 반텍포,청쿠잔덱 반텍포,청쿠잔덱 반텍포 3.2,,,buy,구매,1,,,missing,unknown,unknown,unknown,,active,needs_review,needs_review,희망가 미기재,missing,no,no,청쿠잔덱 반텍포 3.2 구합니다
b841c794bbf4dc577224be4a,onepiececardgame,원피스 카드게임,2026-08,2026-08-01T12:07:45+09:00,known,873f0423666546b8d94ced40,b841c794bbf4dc577224be4a,104867,https://m.dcinside.com/board/onepiececardgame/104867,청쿠잔덱 반텍포 3.2 구합니다,seller-8a2271d9ab6437697ffa0963,ㅇㅇ,guest,청쿠잔덱 반텍포,청쿠잔덱 반텍포,청쿠잔덱 반텍포 3.2,,,buy,구매,1,,,missing,unknown,unknown,unknown,,active,needs_review,needs_review,희망가 미기재,missing,no,no,청쿠잔덱 반텍포 3.2 구합니다
ccc64e5cb7a01f0c84cbc216,onepiececardgame,원피스 카드게임,2026-08,2026-08-01T12:07:45+09:00,known,be1a048fba5058d636d02902,ccc64e5cb7a01f0c84cbc216,104867,https://m.dcinside.com/board/onepiececardgame/104867,청쿠잔덱 반텍포 3.2 구합니다,seller-408b82e4ce445f2a60c4c8da,ㅇㅇ,guest,청쿠잔덱 반텍포,청쿠잔덱 반텍포,청쿠잔덱 반텍포 3.2,,,buy,구매,1,,,missing,unknown,unknown,unknown,,active,needs_review,needs_review,희망가 미기재,missing,no,no,청쿠잔덱 반텍포 3.2 구합니다
09a168b715cb6d220a6f0df2,onepiececardgame,원피스 카드게임,2026-08,2026-08-01T12:28:53+09:00,known,ce38e4ce21b15bcfcc848e4f,09a168b715cb6d220a6f0df2,104871,https://m.dcinside.com/board/onepiececardgame/104871,마곡직 나미 10수염 삽니다,seller-3c277318377c3853be116ca4,ㅇㅇ,guest,DOM 삽입 헬퍼 현재 스크립트 위치 기준,DOM 삽입 헬퍼 현재 스크립트 위치 기준,// ---- DOM 삽입 헬퍼 (현재 스크립트 위치 기준,,,buy,구매,1,1,10000,estimated,bundle,text,unknown,,active,needs_review,needs_review,"가격 단위 추정, 복수 카드 가격, 배송비 포함 여부 미확정, 묶음·세트 총액 · 개별 카드 가격 아님",estimated,no,no,// ---- DOM 삽입 헬퍼 (현재 스크립트 위치 기준1)
450d86876aa76289e692eff6,onepiececardgame,원피스 카드게임,2026-08,2026-08-01T12:28:53+09:00,known,76b314f774b23780dc9a282f,450d86876aa76289e692eff6,104871,https://m.dcinside.com/board/onepiececardgame/104871,마곡직 나미 10수염 삽니다,seller-7ec793704acaaebf0038fcf2,ㅇㅇ,guest,var safe = window.dcAd && window.dcAd.safe ==,var safe = window.dcAd && window.dcAd.safe ==,var safe = (window.dcAd && window.dcAd.safe ==,,,buy,구매,1,1,10000,estimated,bundle,text,unknown,,active,needs_review,needs_review,"가격 단위 추정, 복수 카드 가격, 배송비 포함 여부 미확정, 묶음·세트 총액 · 개별 카드 가격 아님",estimated,no,no,var safe = (window.dcAd && window.dcAd.safe == 1)
4ee3ea3e3fe4b3c203d2970c,onepiececardgame,원피스 카드게임,2026-08,2026-08-01T12:28:53+09:00,known,36b346db6b5be059166b5d61,4ee3ea3e3fe4b3c203d2970c,104871,https://m.dcinside.com/board/onepiececardgame/104871,마곡직 나미 10수염 삽니다,seller-db6ed93285a88910a0752a18,ㅇㅇ,guest,loadScript 'https pagead,loadScript 'https pagead,loadScript('https://pagead,,,buy,구매,1,2,20000,estimated,bundle,text,unknown,,active,needs_review,needs_review,"가격 단위 추정, 복수 카드 가격, 배송비 포함 여부 미확정, 묶음·세트 총액 · 개별 카드 가격 아님",estimated,no,no,"loadScript('https://pagead2.googlesyndication.com/pagead/js/adsbygoogle_direct.js?client=ca-pub-8171468792791627', true, 'anonymous');"
5c07a0a83d1ee86270b3fe8e,onepiececardgame,원피스 카드게임,2026-08,2026-08-01T12:28:53+09:00,known,76b314f774b23780dc9a282f,5c07a0a83d1ee86270b3fe8e,104871,https://m.dcinside.com/board/onepiececardgame/104871,마곡직 나미 10수염 삽니다,seller-7ec793704acaaebf0038fcf2,ㅇㅇ,guest,EB03 5코스트 황나미 장,EB03 5코스트 황나미 장,EB03 5코스트 황나미 장,,,buy,구매,1,1.5,15000,estimated,per_card,text,unknown,,active,needs_review,needs_review,"가격 단위 추정, 배송비 포함 여부 미확정",estimated,yes,candidate_estimated,EB03 5코스트 황나미 장 1.5
6ebc92930e947fdad9f23ace,onepiececardgame,원피스 카드게임,2026-08,2026-08-01T12:28:53+09:00,known,36b346db6b5be059166b5d61,6ebc92930e947fdad9f23ace,104871,https://m.dcinside.com/board/onepiececardgame/104871,마곡직 나미 10수염 삽니다,seller-db6ed93285a88910a0752a18,ㅇㅇ,guest,DOM 삽입 헬퍼 현재 스크립트 위치 기준,DOM 삽입 헬퍼 현재 스크립트 위치 기준,// ---- DOM 삽입 헬퍼 (현재 스크립트 위치 기준,,,buy,구매,1,1,10000,estimated,bundle,text,unknown,,active,needs_review,needs_review,"가격 단위 추정, 복수 카드 가격, 배송비 포함 여부 미확정, 묶음·세트 총액 · 개별 카드 가격 아님",estimated,no,no,// ---- DOM 삽입 헬퍼 (현재 스크립트 위치 기준1)
6f7206966640f2a2a367d922,onepiececardgame,원피스 카드게임,2026-08,2026-08-01T12:28:53+09:00,known,36b346db6b5be059166b5d61,6f7206966640f2a2a367d922,104871,https://m.dcinside.com/board/onepiececardgame/104871,마곡직 나미 10수염 삽니다,seller-db6ed93285a88910a0752a18,ㅇㅇ,guest,10수염 장,10수염 장,10수염 장 .,,,buy,구매,1,6,60000,estimated,per_card,text,unknown,,active,needs_review,needs_review,"가격 단위 추정, 배송비 포함 여부 미확정",estimated,yes,candidate_estimated,10수염 장 .6
738795e961e8f2ec3223ad89,onepiececardgame,원피스 카드게임,2026-08,2026-08-01T12:28:53+09:00,known,36b346db6b5be059166b5d61,738795e961e8f2ec3223ad89,104871,https://m.dcinside.com/board/onepiececardgame/104871,마곡직 나미 10수염 삽니다,seller-db6ed93285a88910a0752a18,ㅇㅇ,guest,EB03 5코스트 황나미 장,EB03 5코스트 황나미 장,EB03 5코스트 황나미 장,,,buy,구매,1,1.5,15000,estimated,per_card,text,unknown,,active,needs_review,needs_review,"가격 단위 추정, 배송비 포함 여부 미확정",estimated,yes,candidate_estimated,EB03 5코스트 황나미 장 1.5
7bbd0f5a3eaba37cf96257c8,onepiececardgame,원피스 카드게임,2026-08,2026-08-01T12:28:53+09:00,known,ce38e4ce21b15bcfcc848e4f,7bbd0f5a3eaba37cf96257c8,104871,https://m.dcinside.com/board/onepiececardgame/104871,마곡직 나미 10수염 삽니다,seller-3c277318377c3853be116ca4,ㅇㅇ,guest,EB03 5코스트 황나미 장,EB03 5코스트 황나미 장,EB03 5코스트 황나미 장,,,buy,구매,1,1.5,15000,estimated,per_card,text,unknown,,active,needs_review,needs_review,"가격 단위 추정, 배송비 포함 여부 미확정",estimated,yes,candidate_estimated,EB03 5코스트 황나미 장 1.5
7fdb275cf122bb4c6b63a16f,onepiececardgame,원피스 카드게임,2026-08,2026-08-01T12:28:53+09:00,known,ce38e4ce21b15bcfcc848e4f,7fdb275cf122bb4c6b63a16f,104871,https://m.dcinside.com/board/onepiececardgame/104871,마곡직 나미 10수염 삽니다,seller-3c277318377c3853be116ca4,ㅇㅇ,guest,var safe = window.dcAd && window.dcAd.safe ==,var safe = window.dcAd && window.dcAd.safe ==,var safe = (window.dcAd && window.dcAd.safe ==,,,buy,구매,1,1,10000,estimated,bundle,text,unknown,,active,needs_review,needs_review,"가격 단위 추정, 복수 카드 가격, 배송비 포함 여부 미확정, 묶음·세트 총액 · 개별 카드 가격 아님",estimated,no,no,var safe = (window.dcAd && window.dcAd.safe == 1)
86aab339eacb43329ef637e0,onepiececardgame,원피스 카드게임,2026-08,2026-08-01T12:28:53+09:00,known,76b314f774b23780dc9a282f,86aab339eacb43329ef637e0,104871,https://m.dcinside.com/board/onepiececardgame/104871,마곡직 나미 10수염 삽니다,seller-7ec793704acaaebf0038fcf2,ㅇㅇ,guest,loadScript 'https pagead,loadScript 'https pagead,loadScript('https://pagead,,,buy,구매,1,2,20000,estimated,bundle,text,unknown,,active,needs_review,needs_review,"가격 단위 추정, 복수 카드 가격, 배송비 포함 여부 미확정, 묶음·세트 총액 · 개별 카드 가격 아님",estimated,no,no,"loadScript('https://pagead2.googlesyndication.com/pagead/js/adsbygoogle_direct.js?client=ca-pub-8171468792791627', true, 'anonymous');"
a406c6c1f96b7e6def3d3eca,onepiececardgame,원피스 카드게임,2026-08,2026-08-01T12:28:53+09:00,known,ce38e4ce21b15bcfcc848e4f,a406c6c1f96b7e6def3d3eca,104871,https://m.dcinside.com/board/onepiececardgame/104871,마곡직 나미 10수염 삽니다,seller-3c277318377c3853be116ca4,ㅇㅇ,guest,loadScript ' t,loadScript ' t,loadScript('//t,,,buy,구매,1,1,10000,estimated,bundle,text,unknown,,active,needs_review,needs_review,"가격 단위 추정, 복수 카드 가격, 배송비 포함 여부 미확정, 묶음·세트 총액 · 개별 카드 가격 아님",estimated,no,no,"loadScript('//t1.kakaocdn.net/kas/static/ba.min.js', true);"
abccc53166625c350696f4b2,onepiececardgame,원피스 카드게임,2026-08,2026-08-01T12:28:53+09:00,known,76b314f774b23780dc9a282f,abccc53166625c350696f4b2,104871,https://m.dcinside.com/board/onepiececardgame/104871,마곡직 나미 10수염 삽니다,seller-7ec793704acaaebf0038fcf2,ㅇㅇ,guest,loadScript ' t,loadScript ' t,loadScript('//t,,,buy,구매,1,1,10000,estimated,bundle,text,unknown,,active,needs_review,needs_review,"가격 단위 추정, 복수 카드 가격, 배송비 포함 여부 미확정, 묶음·세트 총액 · 개별 카드 가격 아님",estimated,no,no,"loadScript('//t1.kakaocdn.net/kas/static/ba.min.js', true);"
c1e050420f6e5acf4a31d433,onepiececardgame,원피스 카드게임,2026-08,2026-08-01T12:28:53+09:00,known,ce38e4ce21b15bcfcc848e4f,c1e050420f6e5acf4a31d433,104871,https://m.dcinside.com/board/onepiececardgame/104871,마곡직 나미 10수염 삽니다,seller-3c277318377c3853be116ca4,ㅇㅇ,guest,10수염 장,10수염 장,10수염 장 .,,,buy,구매,1,6,60000,estimated,per_card,text,unknown,,active,needs_review,needs_review,"가격 단위 추정, 배송비 포함 여부 미확정",estimated,yes,candidate_estimated,10수염 장 .6
c40b4e8d5390131cd94bda75,onepiececardgame,원피스 카드게임,2026-08,2026-08-01T12:28:53+09:00,known,ce38e4ce21b15bcfcc848e4f,c40b4e8d5390131cd94bda75,104871,https://m.dcinside.com/board/onepiececardgame/104871,마곡직 나미 10수염 삽니다,seller-3c277318377c3853be116ca4,ㅇㅇ,guest,loadScript 'https pagead,loadScript 'https pagead,loadScript('https://pagead,,,buy,구매,1,2,20000,estimated,bundle,text,unknown,,active,needs_review,needs_review,"가격 단위 추정, 복수 카드 가격, 배송비 포함 여부 미확정, 묶음·세트 총액 · 개별 카드 가격 아님",estimated,no,no,"loadScript('https://pagead2.googlesyndication.com/pagead/js/adsbygoogle_direct.js?client=ca-pub-8171468792791627', true, 'anonymous');"
cd10027918864f6c5f3e6d50,onepiececardgame,원피스 카드게임,2026-08,2026-08-01T12:28:53+09:00,known,36b346db6b5be059166b5d61,cd10027918864f6c5f3e6d50,104871,https://m.dcinside.com/board/onepiececardgame/104871,마곡직 나미 10수염 삽니다,seller-db6ed93285a88910a0752a18,ㅇㅇ,guest,loadScript ' t,loadScript ' t,loadScript('//t,,,buy,구매,1,1,10000,estimated,bundle,text,unknown,,active,needs_review,needs_review,"가격 단위 추정, 복수 카드 가격, 배송비 포함 여부 미확정, 묶음·세트 총액 · 개별 카드 가격 아님",estimated,no,no,"loadScript('//t1.kakaocdn.net/kas/static/ba.min.js', true);"
da6cfa611b4886ebf2934bed,onepiececardgame,원피스 카드게임,2026-08,2026-08-01T12:28:53+09:00,known,76b314f774b23780dc9a282f,da6cfa611b4886ebf2934bed,104871,https://m.dcinside.com/board/onepiececardgame/104871,마곡직 나미 10수염 삽니다,seller-7ec793704acaaebf0038fcf2,ㅇㅇ,guest,DOM 삽입 헬퍼 현재 스크립트 위치 기준,DOM 삽입 헬퍼 현재 스크립트 위치 기준,// ---- DOM 삽입 헬퍼 (현재 스크립트 위치 기준,,,buy,구매,1,1,10000,estimated,bundle,text,unknown,,active,needs_review,needs_review,"가격 단위 추정, 복수 카드 가격, 배송비 포함 여부 미확정, 묶음·세트 총액 · 개별 카드 가격 아님",estimated,no,no,// ---- DOM 삽입 헬퍼 (현재 스크립트 위치 기준1)
e5b0cefd42e9b130a2137a55,onepiececardgame,원피스 카드게임,2026-08,2026-08-01T12:28:53+09:00,known,36b346db6b5be059166b5d61,e5b0cefd42e9b130a2137a55,104871,https://m.dcinside.com/board/onepiececardgame/104871,마곡직 나미 10수염 삽니다,seller-db6ed93285a88910a0752a18,ㅇㅇ,guest,var safe = window.dcAd && window.dcAd.safe ==,var safe = window.dcAd && window.dcAd.safe ==,var safe = (window.dcAd && window.dcAd.safe ==,,,buy,구매,1,1,10000,estimated,bundle,text,unknown,,active,needs_review,needs_review,"가격 단위 추정, 복수 카드 가격, 배송비 포함 여부 미확정, 묶음·세트 총액 · 개별 카드 가격 아님",estimated,no,no,var safe = (window.dcAd && window.dcAd.safe == 1)
f67901a12499dea4e2a19220,onepiececardgame,원피스 카드게임,2026-08,2026-08-01T12:28:53+09:00,known,76b314f774b23780dc9a282f,f67901a12499dea4e2a19220,104871,https://m.dcinside.com/board/onepiececardgame/104871,마곡직 나미 10수염 삽니다,seller-7ec793704acaaebf0038fcf2,ㅇㅇ,guest,10수염 장,10수염 장,10수염 장 .,,,buy,구매,1,6,60000,estimated,per_card,text,unknown,,active,needs_review,needs_review,"가격 단위 추정, 배송비 포함 여부 미확정",estimated,yes,candidate_estimated,10수염 장 .6
0d155ea293554d99df1e8d3d,onepiececardgame,원피스 카드게임,2026-08,2026-08-01T13:10:35+09:00,known,03cc7a8e6bb9a09acd56f6f0,0d155ea293554d99df1e8d3d,104882,https://m.dcinside.com/board/onepiececardgame/104882?page=58,캐번디시 없는 녹조로 완덱 구해요!!,seller-c38ca5209cb1ce508ea09ed7,꿀깅이,registered,캐번디시없는 완덱 !,캐번디시없는 완덱 !,캐번디시없는 완덱 구합니다!,,,buy,구매,1,11,110000,estimated,bundle,text,unknown,,active,needs_review,needs_review,"가격 단위 추정, 배송비 포함 여부 미확정, 묶음·세트 총액 · 개별 카드 가격 아님",estimated,no,no,캐번디시없는 완덱 구합니다! 11
945b78a8f2c2465b8b68dfdb,onepiececardgame,원피스 카드게임,2026-08,2026-08-01T13:10:35+09:00,known,00e93e7422d7ae010d396260,945b78a8f2c2465b8b68dfdb,104882,https://m.dcinside.com/board/onepiececardgame/104882,캐번디시 없는 녹조로 완덱 구해요!!,seller-2f5275e2ede9ea82fa33e37c,꿀깅이,guest,캐번디시없는 완덱 !,캐번디시없는 완덱 !,캐번디시없는 완덱 구합니다!,,,buy,구매,1,11,110000,estimated,bundle,text,unknown,,active,needs_review,needs_review,"가격 단위 추정, 배송비 포함 여부 미확정, 묶음·세트 총액 · 개별 카드 가격 아님",estimated,no,no,캐번디시없는 완덱 구합니다! 11
b794a5fd95fe9f2620198922,onepiececardgame,원피스 카드게임,2026-08,2026-08-01T13:10:35+09:00,known,6308c253f39c7da8adc9b0b0,b794a5fd95fe9f2620198922,104882,https://m.dcinside.com/board/onepiececardgame/104882,캐번디시 없는 녹조로 완덱 구해요!!,seller-8b3d41acf857a2a1e4a1d4a1,꿀깅이,guest,캐번디시없는 완덱 !,캐번디시없는 완덱 !,캐번디시없는 완덱 구합니다!,,,buy,구매,1,11,110000,estimated,bundle,text,unknown,,active,needs_review,needs_review,"가격 단위 추정, 배송비 포함 여부 미확정, 묶음·세트 총액 · 개별 카드 가격 아님",estimated,no,no,캐번디시없는 완덱 구합니다! 11
1fa02adfb9e50089737e32a2,onepiececardgame,원피스 카드게임,2026-08,2026-08-01T13:35:12+09:00,known,4a199aa64c4287a2ec675194,1fa02adfb9e50089737e32a2,104886,https://m.dcinside.com/board/onepiececardgame/104886,쿠마 시크 1장 구매합니다,seller-8ad10b55fa52911e796a44cf,원딱러,registered,에,에,에,,,buy,구매,1,3.5,35000,estimated,per_card,text,unknown,,active,needs_review,needs_review,"가격 단위 추정, 배송비 포함 여부 미확정, 카드명 확인 필요",estimated,yes,candidate_estimated,1장에 3.5에 구매합니다
ad954990263783624addebe9,onepiececardgame,원피스 카드게임,2026-08,2026-08-01T13:35:12+09:00,known,a08919d1692f73bc96c68107,ad954990263783624addebe9,104886,https://m.dcinside.com/board/onepiececardgame/104886,쿠마 시크 1장 구매합니다,seller-8ad10b55fa52911e796a44cf,원딱러,registered,에,에,에,,,buy,구매,1,3.5,35000,estimated,per_card,text,unknown,,active,needs_review,needs_review,"가격 단위 추정, 배송비 포함 여부 미확정, 카드명 확인 필요",estimated,yes,candidate_estimated,1장에 3.5에 구매합니다
fbd5dff64d9b6b2844667d42,onepiececardgame,원피스 카드게임,2026-08,2026-08-01T13:35:12+09:00,known,59b1974f7fe99fd01640c751,fbd5dff64d9b6b2844667d42,104886,https://m.dcinside.com/board/onepiececardgame/104886?page=58,쿠마 시크 1장 구매합니다,seller-8ad10b55fa52911e796a44cf,원딱러,registered,에,에,에,,,buy,구매,1,3.5,35000,estimated,per_card,text,unknown,,active,needs_review,needs_review,"가격 단위 추정, 배송비 포함 여부 미확정, 카드명 확인 필요",estimated,yes,candidate_estimated,1장에 3.5에 구매합니다
236bdcff31f2e6b2182501a0,onepiececardgame,원피스 카드게임,2026-08,2026-08-01T13:35:56+09:00,known,d0881b4e6e84bdc69cd17636,236bdcff31f2e6b2182501a0,104887,https://m.dcinside.com/board/onepiececardgame/104887,일요일 12시 송내직으로 링링 r 두장 만원에 삽니다,seller-8ad10b55fa52911e796a44cf,원딱러,registered,일요일 12시 송내직으로 링링 r 두장 만원에,일요일 12시 송내직으로 링링 r 두장 만원에,일요일 12시 송내직으로 링링 r 두장 만원에,,,buy,구매,1,,,missing,unknown,unknown,unknown,,active,needs_review,needs_review,희망가 미기재,missing,no,no,일요일 12시 송내직으로 링링 r 두장 만원에 삽니다
351e867370afa75a3191346d,onepiececardgame,원피스 카드게임,2026-08,2026-08-01T13:35:56+09:00,known,a97be660869a1dd528bf33e2,351e867370afa75a3191346d,104887,https://m.dcinside.com/board/onepiececardgame/104887,일요일 12시 송내직으로 링링 r 두장 만원에 삽니다,seller-8ad10b55fa52911e796a44cf,원딱러,registered,일요일 12시 송내직으로 링링 r 두장 만원에,일요일 12시 송내직으로 링링 r 두장 만원에,일요일 12시 송내직으로 링링 r 두장 만원에,,,buy,구매,1,,,missing,unknown,unknown,unknown,,active,needs_review,needs_review,희망가 미기재,missing,no,no,일요일 12시 송내직으로 링링 r 두장 만원에 삽니다
d79e5827d15f8824a770b567,onepiececardgame,원피스 카드게임,2026-08,2026-08-01T13:35:56+09:00,known,8009bd40ba4f36b288696374,d79e5827d15f8824a770b567,104887,https://m.dcinside.com/board/onepiececardgame/104887?page=58,일요일 12시 송내직으로 링링 r 두장 만원에 삽니다,seller-8ad10b55fa52911e796a44cf,원딱러,registered,일요일 12시 송내직으로 링링 r 두장 만원에,일요일 12시 송내직으로 링링 r 두장 만원에,일요일 12시 송내직으로 링링 r 두장 만원에,,,buy,구매,1,,,missing,unknown,unknown,unknown,,active,needs_review,needs_review,희망가 미기재,missing,no,no,일요일 12시 송내직으로 링링 r 두장 만원에 삽니다
737258b8763ab289bd4174fa,onepiececardgame,원피스 카드게임,2026-08,2026-08-01T14:02:00+09:00,known,abe9116bb3c00669f8fd2a1d,737258b8763ab289bd4174fa,104889,https://m.dcinside.com/board/onepiececardgame/104889,녹황 야마토 덱 소스 구매합니다!!,seller-8ad10b55fa52911e796a44cf,원딱러,registered,녹황 야마토 리더페레,녹황 야마토 리더페레,녹황 야마토 리더페레,,,buy,구매,1,3,30000,estimated,per_card,text,unknown,,active,needs_review,needs_review,"가격 단위 추정, 배송비 포함 여부 미확정",estimated,yes,candidate_estimated,녹황 야마토 리더페레 3
a0115468630deaa4d94f91d3,onepiececardgame,원피스 카드게임,2026-08,2026-08-01T14:02:00+09:00,known,35adbf70dd98cb6ca645ac1e,a0115468630deaa4d94f91d3,104889,https://m.dcinside.com/board/onepiececardgame/104889,녹황 야마토 덱 소스 구매합니다!!,seller-8ad10b55fa52911e796a44cf,원딱러,registered,녹황 야마토 리더페레,녹황 야마토 리더페레,녹황 야마토 리더페레,,,buy,구매,1,3,30000,estimated,per_card,text,unknown,,active,needs_review,needs_review,"가격 단위 추정, 배송비 포함 여부 미확정",estimated,yes,candidate_estimated,녹황 야마토 리더페레 3
b749ee7bb2891d8dc80bd19d,onepiececardgame,원피스 카드게임,2026-08,2026-08-01T14:02:00+09:00,known,6b7d1ad4254e5edda97f7c83,b749ee7bb2891d8dc80bd19d,104889,https://m.dcinside.com/board/onepiececardgame/104889?page=58,녹황 야마토 덱 소스 구매합니다!!,seller-8ad10b55fa52911e796a44cf,원딱러,registered,녹황 야마토 리더페레,녹황 야마토 리더페레,녹황 야마토 리더페레,,,buy,구매,1,3,30000,estimated,per_card,text,unknown,,active,needs_review,needs_review,"가격 단위 추정, 배송비 포함 여부 미확정",estimated,yes,candidate_estimated,녹황 야마토 리더페레 3
4d03aa70892cf71781c3994f,onepiececardgame,원피스 카드게임,2026-08,2026-08-01T14:03:11+09:00,known,9a16f9fb3af301cb60dc6c40,4d03aa70892cf71781c3994f,104891,https://m.dcinside.com/board/onepiececardgame/104891,적흑 코비 덱 소스 구매합니다!,seller-8ad10b55fa52911e796a44cf,원딱러,registered,적흑 코비 리더페레,적흑 코비 리더페레,적흑 코비 리더페레,,,buy,구매,1,1.5,15000,estimated,per_card,text,unknown,,active,needs_review,needs_review,"가격 단위 추정, 배송비 포함 여부 미확정",estimated,yes,candidate_estimated,적흑 코비 리더페레 1.5
87683b9c255c785198a50f11,onepiececardgame,원피스 카드게임,2026-08,2026-08-01T14:03:11+09:00,known,31e632efbd874590baef805c,87683b9c255c785198a50f11,104891,https://m.dcinside.com/board/onepiececardgame/104891,적흑 코비 덱 소스 구매합니다!,seller-8ad10b55fa52911e796a44cf,원딱러,registered,적흑 코비 리더페레,적흑 코비 리더페레,적흑 코비 리더페레,,,buy,구매,1,1.5,15000,estimated,per_card,text,unknown,,active,needs_review,needs_review,"가격 단위 추정, 배송비 포함 여부 미확정",estimated,yes,candidate_estimated,적흑 코비 리더페레 1.5
c59bd94805a994822e310995,onepiececardgame,원피스 카드게임,2026-08,2026-08-01T14:03:11+09:00,known,4ca702a63d3b097cbc5d882e,c59bd94805a994822e310995,104891,https://m.dcinside.com/board/onepiececardgame/104891,적흑 코비 덱 소스 구매합니다!,seller-8ad10b55fa52911e796a44cf,원딱러,registered,적흑 코비 리더페레,적흑 코비 리더페레,적흑 코비 리더페레,,,buy,구매,1,1.5,15000,estimated,per_card,text,unknown,,active,needs_review,needs_review,"가격 단위 추정, 배송비 포함 여부 미확정",estimated,yes,candidate_estimated,적흑 코비 리더페레 1.5
0aa1dd72d2824eaee50f0d05,onepiececardgame,원피스 카드게임,2026-08,2026-08-01T14:04:47+09:00,known,3a23c388cca3cd79fcce287f,0aa1dd72d2824eaee50f0d05,104892,https://m.dcinside.com/board/onepiececardgame/104892,"7푸딩 페레, 1코 녹 나미 페레 삽니다",seller-c88f3e279d6a2493df528f6b,ㅇㅇ,guest,loadScript 'https pagead,loadScript 'https pagead,loadScript('https://pagead,,,buy,구매,1,2,20000,estimated,bundle,text,unknown,,active,needs_review,needs_review,"가격 단위 추정, 복수 카드 가격, 배송비 포함 여부 미확정, 묶음·세트 총액 · 개별 카드 가격 아님",estimated,no,no,"loadScript('https://pagead2.googlesyndication.com/pagead/js/adsbygoogle_direct.js?client=ca-pub-8171468792791627', true, 'anonymous');"
189bc3e7932bdea5680ea346,onepiececardgame,원피스 카드게임,2026-08,2026-08-01T14:04:47+09:00,known,4811015c857f2f96f9b81c83,189bc3e7932bdea5680ea346,104892,https://m.dcinside.com/board/onepiececardgame/104892,"7푸딩 페레, 1코 녹 나미 페레 삽니다",seller-8584ada8563322a99ae69150,ㅇㅇ,guest,var safe = window.dcAd && window.dcAd.safe ==,var safe = window.dcAd && window.dcAd.safe ==,var safe = (window.dcAd && window.dcAd.safe ==,,,buy,구매,1,1,10000,estimated,bundle,text,unknown,,active,needs_review,needs_review,"가격 단위 추정, 복수 카드 가격, 배송비 포함 여부 미확정, 묶음·세트 총액 · 개별 카드 가격 아님",estimated,no,no,var safe = (window.dcAd && window.dcAd.safe == 1)
18e2b017274e08e9bf6b5e56,onepiececardgame,원피스 카드게임,2026-08,2026-08-01T14:04:47+09:00,known,28b7df2e6592c95e0f5240f8,18e2b017274e08e9bf6b5e56,104892,https://m.dcinside.com/board/onepiececardgame/104892,"7푸딩 페레, 1코 녹 나미 페레 삽니다",seller-4dffb140b2260f49ea86f59d,ㅇㅇ,guest,DOM 삽입 헬퍼 현재 스크립트 위치 기준,DOM 삽입 헬퍼 현재 스크립트 위치 기준,// ---- DOM 삽입 헬퍼 (현재 스크립트 위치 기준,,,buy,구매,1,1,10000,estimated,bundle,text,unknown,,active,needs_review,needs_review,"가격 단위 추정, 복수 카드 가격, 배송비 포함 여부 미확정, 묶음·세트 총액 · 개별 카드 가격 아님",estimated,no,no,// ---- DOM 삽입 헬퍼 (현재 스크립트 위치 기준1)
1bad2b0247cac130f0a0fe8e,onepiececardgame,원피스 카드게임,2026-08,2026-08-01T14:04:47+09:00,known,3a23c388cca3cd79fcce287f,1bad2b0247cac130f0a0fe8e,104892,https://m.dcinside.com/board/onepiececardgame/104892,"7푸딩 페레, 1코 녹 나미 페레 삽니다",seller-c88f3e279d6a2493df528f6b,ㅇㅇ,guest,loadScript ' t,loadScript ' t,loadScript('//t,,,buy,구매,1,1,10000,estimated,bundle,text,unknown,,active,needs_review,needs_review,"가격 단위 추정, 복수 카드 가격, 배송비 포함 여부 미확정, 묶음·세트 총액 · 개별 카드 가격 아님",estimated,no,no,"loadScript('//t1.kakaocdn.net/kas/static/ba.min.js', true);"
29669238850d699620974c8f,onepiececardgame,원피스 카드게임,2026-08,2026-08-01T14:04:47+09:00,known,3a23c388cca3cd79fcce287f,29669238850d699620974c8f,104892,https://m.dcinside.com/board/onepiececardgame/104892,"7푸딩 페레, 1코 녹 나미 페레 삽니다",seller-c88f3e279d6a2493df528f6b,ㅇㅇ,guest,var safe = window.dcAd && window.dcAd.safe ==,var safe = window.dcAd && window.dcAd.safe ==,var safe = (window.dcAd && window.dcAd.safe ==,,,buy,구매,1,1,10000,estimated,bundle,text,unknown,,active,needs_review,needs_review,"가격 단위 추정, 복수 카드 가격, 배송비 포함 여부 미확정, 묶음·세트 총액 · 개별 카드 가격 아님",estimated,no,no,var safe = (window.dcAd && window.dcAd.safe == 1)
2b33cd9b2444cfa8fda15fb0,onepiececardgame,원피스 카드게임,2026-08,2026-08-01T14:04:47+09:00,known,4811015c857f2f96f9b81c83,2b33cd9b2444cfa8fda15fb0,104892,https://m.dcinside.com/board/onepiececardgame/104892,"7푸딩 페레, 1코 녹 나미 페레 삽니다",seller-8584ada8563322a99ae69150,ㅇㅇ,guest,loadScript 'https pagead,loadScript 'https pagead,loadScript('https://pagead,,,buy,구매,1,2,20000,estimated,bundle,text,unknown,,active,needs_review,needs_review,"가격 단위 추정, 복수 카드 가격, 배송비 포함 여부 미확정, 묶음·세트 총액 · 개별 카드 가격 아님",estimated,no,no,"loadScript('https://pagead2.googlesyndication.com/pagead/js/adsbygoogle_direct.js?client=ca-pub-8171468792791627', true, 'anonymous');"
2b47a3e3dfd25572f5ddf66a,onepiececardgame,원피스 카드게임,2026-08,2026-08-01T14:04:47+09:00,known,28b7df2e6592c95e0f5240f8,2b47a3e3dfd25572f5ddf66a,104892,https://m.dcinside.com/board/onepiececardgame/104892,"7푸딩 페레, 1코 녹 나미 페레 삽니다",seller-4dffb140b2260f49ea86f59d,ㅇㅇ,guest,푸딩 페레,푸딩 페레,푸딩 페레,,,buy,구매,1,2.4,24000,estimated,per_card,text,unknown,,active,needs_review,needs_review,"가격 단위 추정, 배송비 포함 여부 미확정",estimated,yes,candidate_estimated,푸딩 페레 2.4에 1장(구매 완)
2d774def38e3f92a388d0f0d,onepiececardgame,원피스 카드게임,2026-08,2026-08-01T14:04:47+09:00,known,4811015c857f2f96f9b81c83,2d774def38e3f92a388d0f0d,104892,https://m.dcinside.com/board/onepiececardgame/104892,"7푸딩 페레, 1코 녹 나미 페레 삽니다",seller-8584ada8563322a99ae69150,ㅇㅇ,guest,푸딩 페레,푸딩 페레,푸딩 페레,,,buy,구매,1,2.4,24000,estimated,per_card,text,unknown,,active,needs_review,needs_review,"가격 단위 추정, 배송비 포함 여부 미확정",estimated,yes,candidate_estimated,푸딩 페레 2.4에 1장(구매 완)
4293e255a5c0eb6b47b35d09,onepiececardgame,원피스 카드게임,2026-08,2026-08-01T14:04:47+09:00,known,3a23c388cca3cd79fcce287f,4293e255a5c0eb6b47b35d09,104892,https://m.dcinside.com/board/onepiececardgame/104892,"7푸딩 페레, 1코 녹 나미 페레 삽니다",seller-c88f3e279d6a2493df528f6b,ㅇㅇ,guest,DOM 삽입 헬퍼 현재 스크립트 위치 기준,DOM 삽입 헬퍼 현재 스크립트 위치 기준,// ---- DOM 삽입 헬퍼 (현재 스크립트 위치 기준,,,buy,구매,1,1,10000,estimated,bundle,text,unknown,,active,needs_review,needs_review,"가격 단위 추정, 복수 카드 가격, 배송비 포함 여부 미확정, 묶음·세트 총액 · 개별 카드 가격 아님",estimated,no,no,// ---- DOM 삽입 헬퍼 (현재 스크립트 위치 기준1)
449d610279b3841ed392a534,onepiececardgame,원피스 카드게임,2026-08,2026-08-01T14:04:47+09:00,known,28b7df2e6592c95e0f5240f8,449d610279b3841ed392a534,104892,https://m.dcinside.com/board/onepiececardgame/104892,"7푸딩 페레, 1코 녹 나미 페레 삽니다",seller-4dffb140b2260f49ea86f59d,ㅇㅇ,guest,var safe = window.dcAd && window.dcAd.safe ==,var safe = window.dcAd && window.dcAd.safe ==,var safe = (window.dcAd && window.dcAd.safe ==,,,buy,구매,1,1,10000,estimated,bundle,text,unknown,,active,needs_review,needs_review,"가격 단위 추정, 복수 카드 가격, 배송비 포함 여부 미확정, 묶음·세트 총액 · 개별 카드 가격 아님",estimated,no,no,var safe = (window.dcAd && window.dcAd.safe == 1)
4e9ad10a2d5cf045fbc68eef,onepiececardgame,원피스 카드게임,2026-08,2026-08-01T14:04:47+09:00,known,3a23c388cca3cd79fcce287f,4e9ad10a2d5cf045fbc68eef,104892,https://m.dcinside.com/board/onepiececardgame/104892,"7푸딩 페레, 1코 녹 나미 페레 삽니다",seller-c88f3e279d6a2493df528f6b,ㅇㅇ,guest,나미 페레,나미 페레,나미 페레 장당,,,buy,구매,1,2,20000,estimated,per_card,text,unknown,,active,needs_review,needs_review,"가격 단위 추정, 배송비 포함 여부 미확정",estimated,yes,candidate_estimated,나미 페레 장당 2에 4장까지 삽니다
643e011088bea53e36baa084,onepiececardgame,원피스 카드게임,2026-08,2026-08-01T14:04:47+09:00,known,28b7df2e6592c95e0f5240f8,643e011088bea53e36baa084,104892,https://m.dcinside.com/board/onepiececardgame/104892,"7푸딩 페레, 1코 녹 나미 페레 삽니다",seller-4dffb140b2260f49ea86f59d,ㅇㅇ,guest,loadScript ' t,loadScript ' t,loadScript('//t,,,buy,구매,1,1,10000,estimated,bundle,text,unknown,,active,needs_review,needs_review,"가격 단위 추정, 복수 카드 가격, 배송비 포함 여부 미확정, 묶음·세트 총액 · 개별 카드 가격 아님",estimated,no,no,"loadScript('//t1.kakaocdn.net/kas/static/ba.min.js', true);"
7035b582d8bf6b10678d297c,onepiececardgame,원피스 카드게임,2026-08,2026-08-01T14:04:47+09:00,known,3a23c388cca3cd79fcce287f,7035b582d8bf6b10678d297c,104892,https://m.dcinside.com/board/onepiececardgame/104892,"7푸딩 페레, 1코 녹 나미 페레 삽니다",seller-c88f3e279d6a2493df528f6b,ㅇㅇ,guest,푸딩 페레,푸딩 페레,푸딩 페레,,,buy,구매,1,2.4,24000,estimated,per_card,text,unknown,,active,needs_review,needs_review,"가격 단위 추정, 배송비 포함 여부 미확정",estimated,yes,candidate_estimated,푸딩 페레 2.4에 1장(구매 완)
7c11634b6742044866a9beb7,onepiececardgame,원피스 카드게임,2026-08,2026-08-01T14:04:47+09:00,known,4811015c857f2f96f9b81c83,7c11634b6742044866a9beb7,104892,https://m.dcinside.com/board/onepiececardgame/104892,"7푸딩 페레, 1코 녹 나미 페레 삽니다",seller-8584ada8563322a99ae69150,ㅇㅇ,guest,DOM 삽입 헬퍼 현재 스크립트 위치 기준,DOM 삽입 헬퍼 현재 스크립트 위치 기준,// ---- DOM 삽입 헬퍼 (현재 스크립트 위치 기준,,,buy,구매,1,1,10000,estimated,bundle,text,unknown,,active,needs_review,needs_review,"가격 단위 추정, 복수 카드 가격, 배송비 포함 여부 미확정, 묶음·세트 총액 · 개별 카드 가격 아님",estimated,no,no,// ---- DOM 삽입 헬퍼 (현재 스크립트 위치 기준1)
863bf0a08057edbd2a808e55,onepiececardgame,원피스 카드게임,2026-08,2026-08-01T14:04:47+09:00,known,4811015c857f2f96f9b81c83,863bf0a08057edbd2a808e55,104892,https://m.dcinside.com/board/onepiececardgame/104892,"7푸딩 페레, 1코 녹 나미 페레 삽니다",seller-8584ada8563322a99ae69150,ㅇㅇ,guest,loadScript ' t,loadScript ' t,loadScript('//t,,,buy,구매,1,1,10000,estimated,bundle,text,unknown,,active,needs_review,needs_review,"가격 단위 추정, 복수 카드 가격, 배송비 포함 여부 미확정, 묶음·세트 총액 · 개별 카드 가격 아님",estimated,no,no,"loadScript('//t1.kakaocdn.net/kas/static/ba.min.js', true);"
edf76f34580261272b67038c,onepiececardgame,원피스 카드게임,2026-08,2026-08-01T14:04:47+09:00,known,4811015c857f2f96f9b81c83,edf76f34580261272b67038c,104892,https://m.dcinside.com/board/onepiececardgame/104892,"7푸딩 페레, 1코 녹 나미 페레 삽니다",seller-8584ada8563322a99ae69150,ㅇㅇ,guest,나미 페레,나미 페레,나미 페레 장당,,,buy,구매,1,2,20000,estimated,per_card,text,unknown,,active,needs_review,needs_review,"가격 단위 추정, 배송비 포함 여부 미확정",estimated,yes,candidate_estimated,나미 페레 장당 2에 4장까지 삽니다
ef9547b52824b20f9a0b4421,onepiececardgame,원피스 카드게임,2026-08,2026-08-01T14:04:47+09:00,known,28b7df2e6592c95e0f5240f8,ef9547b52824b20f9a0b4421,104892,https://m.dcinside.com/board/onepiececardgame/104892,"7푸딩 페레, 1코 녹 나미 페레 삽니다",seller-4dffb140b2260f49ea86f59d,ㅇㅇ,guest,loadScript 'https pagead,loadScript 'https pagead,loadScript('https://pagead,,,buy,구매,1,2,20000,estimated,bundle,text,unknown,,active,needs_review,needs_review,"가격 단위 추정, 복수 카드 가격, 배송비 포함 여부 미확정, 묶음·세트 총액 · 개별 카드 가격 아님",estimated,no,no,"loadScript('https://pagead2.googlesyndication.com/pagead/js/adsbygoogle_direct.js?client=ca-pub-8171468792791627', true, 'anonymous');"
f7f48d9afff6e84872e5ea1e,onepiececardgame,원피스 카드게임,2026-08,2026-08-01T14:04:47+09:00,known,28b7df2e6592c95e0f5240f8,f7f48d9afff6e84872e5ea1e,104892,https://m.dcinside.com/board/onepiececardgame/104892,"7푸딩 페레, 1코 녹 나미 페레 삽니다",seller-4dffb140b2260f49ea86f59d,ㅇㅇ,guest,나미 페레,나미 페레,나미 페레 장당,,,buy,구매,1,2,20000,estimated,per_card,text,unknown,,active,needs_review,needs_review,"가격 단위 추정, 배송비 포함 여부 미확정",estimated,yes,candidate_estimated,나미 페레 장당 2에 4장까지 삽니다
19c1d2f69c12c6cacf72b07a,onepiececardgame,원피스 카드게임,2026-08,2026-08-01T14:28:34+09:00,known,61e587c2f8bef89fb40d9db2,19c1d2f69c12c6cacf72b07a,104898,https://m.dcinside.com/board/onepiececardgame/104898,우타망가 구매합니다,seller-e241955a73038aeafa70a8f6,붕붕붕,guest,우타망가,우타망가,우타망가,,,buy,구매,1,,,missing,unknown,unknown,unknown,,active,needs_review,needs_review,희망가 미기재,missing,no,no,우타망가 구매합니다
bcfdf2d5a1b61a00c1139139,onepiececardgame,원피스 카드게임,2026-08,2026-08-01T14:28:34+09:00,known,dee08214e2404f68bcbb1f73,bcfdf2d5a1b61a00c1139139,104898,https://m.dcinside.com/board/onepiececardgame/104898,우타망가 구매합니다,seller-70b166c55beb29176f93ec58,붕붕붕,guest,우타망가,우타망가,우타망가,,,buy,구매,1,,,missing,unknown,unknown,unknown,,active,needs_review,needs_review,희망가 미기재,missing,no,no,우타망가 구매합니다
dfb2339cd86d7fb622fa2736,onepiececardgame,원피스 카드게임,2026-08,2026-08-01T14:28:34+09:00,known,60cfe8def15d49b1e03016b0,dfb2339cd86d7fb622fa2736,104898,https://m.dcinside.com/board/onepiececardgame/104898,우타망가 구매합니다,seller-53b3034d9696c118af5d96b0,붕붕붕,guest,우타망가,우타망가,우타망가,,,buy,구매,1,,,missing,unknown,unknown,unknown,,active,needs_review,needs_review,희망가 미기재,missing,no,no,우타망가 구매합니다
15d7d7a6fc39256cb0a15d3a,onepiececardgame,원피스 카드게임,2026-08,2026-08-01T17:32:06+09:00,known,d72f0bc8f19d8760a704dc43,15d7d7a6fc39256cb0a15d3a,104929,https://m.dcinside.com/board/onepiececardgame/104929,코비랑 야마토 리페랑 망자의 장난 구매해요 ㅠㅠㅠ,seller-8ad10b55fa52911e796a44cf,원딱러,registered,녹황 야마토 리페,녹황 야마토 리페,녹황 야마토 리페,,,buy,구매,1,2.5,25000,estimated,per_card,text,unknown,,active,needs_review,needs_review,"가격 단위 추정, 배송비 포함 여부 미확정",estimated,yes,candidate_estimated,녹황 야마토 리페 2.5
1772dc07894a84b0e4530131,onepiececardgame,원피스 카드게임,2026-08,2026-08-01T17:32:06+09:00,known,a24ed4b77fe95a7be6617abc,1772dc07894a84b0e4530131,104929,https://m.dcinside.com/board/onepiececardgame/104929,코비랑 야마토 리페랑 망자의 장난 구매해요 ㅠㅠㅠ,seller-8ad10b55fa52911e796a44cf,원딱러,registered,적흑 코비 리페,적흑 코비 리페,적흑 코비 리페,,,buy,구매,1,1.5,15000,estimated,per_card,text,unknown,,active,needs_review,needs_review,"가격 단위 추정, 배송비 포함 여부 미확정",estimated,yes,candidate_estimated,적흑 코비 리페 1.5
37bb0b72a471d24c9214931f,onepiececardgame,원피스 카드게임,2026-08,2026-08-01T17:32:06+09:00,known,d72f0bc8f19d8760a704dc43,37bb0b72a471d24c9214931f,104929,https://m.dcinside.com/board/onepiececardgame/104929,코비랑 야마토 리페랑 망자의 장난 구매해요 ㅠㅠㅠ,seller-8ad10b55fa52911e796a44cf,원딱러,registered,적흑 코비 리페,적흑 코비 리페,적흑 코비 리페,,,buy,구매,1,1.5,15000,estimated,per_card,text,unknown,,active,needs_review,needs_review,"가격 단위 추정, 배송비 포함 여부 미확정",estimated,yes,candidate_estimated,적흑 코비 리페 1.5
71d3e7c2cf96fee5abe54370,onepiececardgame,원피스 카드게임,2026-08,2026-08-01T17:32:06+09:00,known,a5a864013aa4e554ad6a253b,71d3e7c2cf96fee5abe54370,104929,https://m.dcinside.com/board/onepiececardgame/104929,코비랑 야마토 리페랑 망자의 장난 구매해요 ㅠㅠㅠ,seller-8ad10b55fa52911e796a44cf,원딱러,registered,적흑 코비 리페,적흑 코비 리페,적흑 코비 리페,,,buy,구매,1,1.5,15000,estimated,per_card,text,unknown,,active,needs_review,needs_review,"가격 단위 추정, 배송비 포함 여부 미확정",estimated,yes,candidate_estimated,적흑 코비 리페 1.5
9225fb52f33ddc19cdb9b001,onepiececardgame,원피스 카드게임,2026-08,2026-08-01T17:32:06+09:00,known,a5a864013aa4e554ad6a253b,9225fb52f33ddc19cdb9b001,104929,https://m.dcinside.com/board/onepiececardgame/104929,코비랑 야마토 리페랑 망자의 장난 구매해요 ㅠㅠㅠ,seller-8ad10b55fa52911e796a44cf,원딱러,registered,녹황 야마토 리페,녹황 야마토 리페,녹황 야마토 리페,,,buy,구매,1,2.5,25000,estimated,per_card,text,unknown,,active,needs_review,needs_review,"가격 단위 추정, 배송비 포함 여부 미확정",estimated,yes,candidate_estimated,녹황 야마토 리페 2.5
c835c9e021b47eb6e2ede236,onepiececardgame,원피스 카드게임,2026-08,2026-08-01T17:32:06+09:00,known,a24ed4b77fe95a7be6617abc,c835c9e021b47eb6e2ede236,104929,https://m.dcinside.com/board/onepiececardgame/104929,코비랑 야마토 리페랑 망자의 장난 구매해요 ㅠㅠㅠ,seller-8ad10b55fa52911e796a44cf,원딱러,registered,녹황 야마토 리페,녹황 야마토 리페,녹황 야마토 리페,,,buy,구매,1,2.5,25000,estimated,per_card,text,unknown,,active,needs_review,needs_review,"가격 단위 추정, 배송비 포함 여부 미확정",estimated,yes,candidate_estimated,녹황 야마토 리페 2.5
224be80bb5c06af35254bb77,onepiececardgame,원피스 카드게임,2026-08,2026-08-01T17:48:47+09:00,known,59c106f5e132c3ee73801590,224be80bb5c06af35254bb77,104933,https://m.dcinside.com/board/onepiececardgame/104933,"적색 3조로, 2상디 구매합니다",seller-8ad10b55fa52911e796a44cf,원딱러,registered,loadScript 'https pagead,loadScript 'https pagead,loadScript('https://pagead,,,buy,구매,1,2,20000,estimated,bundle,text,unknown,,active,needs_review,needs_review,"가격 단위 추정, 복수 카드 가격, 배송비 포함 여부 미확정, 묶음·세트 총액 · 개별 카드 가격 아님",estimated,no,no,"loadScript('https://pagead2.googlesyndication.com/pagead/js/adsbygoogle_direct.js?client=ca-pub-8171468792791627', true, 'anonymous');"
2c931d3a394e72c7990f5d30,onepiececardgame,원피스 카드게임,2026-08,2026-08-01T17:48:47+09:00,known,59c106f5e132c3ee73801590,2c931d3a394e72c7990f5d30,104933,https://m.dcinside.com/board/onepiececardgame/104933,"적색 3조로, 2상디 구매합니다",seller-8ad10b55fa52911e796a44cf,원딱러,registered,조로 상디,조로 상디,조로 상디 준등포,,,buy,구매,4,1.3,13000,estimated,per_quantity,text,unknown,,active,needs_review,needs_review,"가격 단위 추정, 배송비 포함 여부 미확정, 복수 수량 총액 · 카드 1장 가격 아님",estimated,no,no,조로 4장 상디6장 준등포1.3으로 구매합니다
5050baf976b906d09c467907,onepiececardgame,원피스 카드게임,2026-08,2026-08-01T17:48:47+09:00,known,59c106f5e132c3ee73801590,5050baf976b906d09c467907,104933,https://m.dcinside.com/board/onepiececardgame/104933,"적색 3조로, 2상디 구매합니다",seller-8ad10b55fa52911e796a44cf,원딱러,registered,loadScript ' t,loadScript ' t,loadScript('//t,,,buy,구매,1,1,10000,estimated,bundle,text,unknown,,active,needs_review,needs_review,"가격 단위 추정, 복수 카드 가격, 배송비 포함 여부 미확정, 묶음·세트 총액 · 개별 카드 가격 아님",estimated,no,no,"loadScript('//t1.kakaocdn.net/kas/static/ba.min.js', true);"
66aedd5c82e282f1377ca737,onepiececardgame,원피스 카드게임,2026-08,2026-08-01T17:48:47+09:00,known,7effae27480f9255088fe3fb,66aedd5c82e282f1377ca737,104933,https://m.dcinside.com/board/onepiececardgame/104933,"적색 3조로, 2상디 구매합니다",seller-8ad10b55fa52911e796a44cf,원딱러,registered,조로 상디,조로 상디,조로 상디 준등포,,,buy,구매,4,1.3,13000,estimated,per_quantity,text,unknown,,active,needs_review,needs_review,"가격 단위 추정, 배송비 포함 여부 미확정, 복수 수량 총액 · 카드 1장 가격 아님",estimated,no,no,조로 4장 상디6장 준등포1.3으로 구매합니다
78b7be16ad618a187789353d,onepiececardgame,원피스 카드게임,2026-08,2026-08-01T17:48:47+09:00,known,3225442353bbd04a7134daef,78b7be16ad618a187789353d,104933,https://m.dcinside.com/board/onepiececardgame/104933,"적색 3조로, 2상디 구매합니다",seller-8ad10b55fa52911e796a44cf,원딱러,registered,조로 상디,조로 상디,조로 상디 준등포,,,buy,구매,4,1.3,13000,estimated,per_quantity,text,unknown,,active,needs_review,needs_review,"가격 단위 추정, 배송비 포함 여부 미확정, 복수 수량 총액 · 카드 1장 가격 아님",estimated,no,no,조로 4장 상디6장 준등포1.3으로 구매합니다
79fdb159ced88ed740935329,onepiececardgame,원피스 카드게임,2026-08,2026-08-01T17:48:47+09:00,known,7effae27480f9255088fe3fb,79fdb159ced88ed740935329,104933,https://m.dcinside.com/board/onepiececardgame/104933,"적색 3조로, 2상디 구매합니다",seller-8ad10b55fa52911e796a44cf,원딱러,registered,loadScript 'https pagead,loadScript 'https pagead,loadScript('https://pagead,,,buy,구매,1,2,20000,estimated,bundle,text,unknown,,active,needs_review,needs_review,"가격 단위 추정, 복수 카드 가격, 배송비 포함 여부 미확정, 묶음·세트 총액 · 개별 카드 가격 아님",estimated,no,no,"loadScript('https://pagead2.googlesyndication.com/pagead/js/adsbygoogle_direct.js?client=ca-pub-8171468792791627', true, 'anonymous');"
7cffec9cb04146076a1e715e,onepiececardgame,원피스 카드게임,2026-08,2026-08-01T17:48:47+09:00,known,3225442353bbd04a7134daef,7cffec9cb04146076a1e715e,104933,https://m.dcinside.com/board/onepiececardgame/104933,"적색 3조로, 2상디 구매합니다",seller-8ad10b55fa52911e796a44cf,원딱러,registered,DOM 삽입 헬퍼 현재 스크립트 위치 기준,DOM 삽입 헬퍼 현재 스크립트 위치 기준,// ---- DOM 삽입 헬퍼 (현재 스크립트 위치 기준,,,buy,구매,1,1,10000,estimated,bundle,text,unknown,,active,needs_review,needs_review,"가격 단위 추정, 복수 카드 가격, 배송비 포함 여부 미확정, 묶음·세트 총액 · 개별 카드 가격 아님",estimated,no,no,// ---- DOM 삽입 헬퍼 (현재 스크립트 위치 기준1)
9bb3cbd00d4af857951f915e,onepiececardgame,원피스 카드게임,2026-08,2026-08-01T17:48:47+09:00,known,3225442353bbd04a7134daef,9bb3cbd00d4af857951f915e,104933,https://m.dcinside.com/board/onepiececardgame/104933,"적색 3조로, 2상디 구매합니다",seller-8ad10b55fa52911e796a44cf,원딱러,registered,loadScript 'https pagead,loadScript 'https pagead,loadScript('https://pagead,,,buy,구매,1,2,20000,estimated,bundle,text,unknown,,active,needs_review,needs_review,"가격 단위 추정, 복수 카드 가격, 배송비 포함 여부 미확정, 묶음·세트 총액 · 개별 카드 가격 아님",estimated,no,no,"loadScript('https://pagead2.googlesyndication.com/pagead/js/adsbygoogle_direct.js?client=ca-pub-8171468792791627', true, 'anonymous');"
be2dcd91f020ceb77cabbd55,onepiececardgame,원피스 카드게임,2026-08,2026-08-01T17:48:47+09:00,known,7effae27480f9255088fe3fb,be2dcd91f020ceb77cabbd55,104933,https://m.dcinside.com/board/onepiececardgame/104933,"적색 3조로, 2상디 구매합니다",seller-8ad10b55fa52911e796a44cf,원딱러,registered,DOM 삽입 헬퍼 현재 스크립트 위치 기준,DOM 삽입 헬퍼 현재 스크립트 위치 기준,// ---- DOM 삽입 헬퍼 (현재 스크립트 위치 기준,,,buy,구매,1,1,10000,estimated,bundle,text,unknown,,active,needs_review,needs_review,"가격 단위 추정, 복수 카드 가격, 배송비 포함 여부 미확정, 묶음·세트 총액 · 개별 카드 가격 아님",estimated,no,no,// ---- DOM 삽입 헬퍼 (현재 스크립트 위치 기준1)
d1a32d2b3ebfa705a1682596,onepiececardgame,원피스 카드게임,2026-08,2026-08-01T17:48:47+09:00,known,7effae27480f9255088fe3fb,d1a32d2b3ebfa705a1682596,104933,https://m.dcinside.com/board/onepiececardgame/104933,"적색 3조로, 2상디 구매합니다",seller-8ad10b55fa52911e796a44cf,원딱러,registered,var safe = window.dcAd && window.dcAd.safe ==,var safe = window.dcAd && window.dcAd.safe ==,var safe = (window.dcAd && window.dcAd.safe ==,,,buy,구매,1,1,10000,estimated,bundle,text,unknown,,active,needs_review,needs_review,"가격 단위 추정, 복수 카드 가격, 배송비 포함 여부 미확정, 묶음·세트 총액 · 개별 카드 가격 아님",estimated,no,no,var safe = (window.dcAd && window.dcAd.safe == 1)
d8f1f6551fd348bd626092b4,onepiececardgame,원피스 카드게임,2026-08,2026-08-01T17:48:47+09:00,known,3225442353bbd04a7134daef,d8f1f6551fd348bd626092b4,104933,https://m.dcinside.com/board/onepiececardgame/104933,"적색 3조로, 2상디 구매합니다",seller-8ad10b55fa52911e796a44cf,원딱러,registered,loadScript ' t,loadScript ' t,loadScript('//t,,,buy,구매,1,1,10000,estimated,bundle,text,unknown,,active,needs_review,needs_review,"가격 단위 추정, 복수 카드 가격, 배송비 포함 여부 미확정, 묶음·세트 총액 · 개별 카드 가격 아님",estimated,no,no,"loadScript('//t1.kakaocdn.net/kas/static/ba.min.js', true);"
dc99c83898cae2ba5646e6ef,onepiececardgame,원피스 카드게임,2026-08,2026-08-01T17:48:47+09:00,known,7effae27480f9255088fe3fb,dc99c83898cae2ba5646e6ef,104933,https://m.dcinside.com/board/onepiececardgame/104933,"적색 3조로, 2상디 구매합니다",seller-8ad10b55fa52911e796a44cf,원딱러,registered,loadScript ' t,loadScript ' t,loadScript('//t,,,buy,구매,1,1,10000,estimated,bundle,text,unknown,,active,needs_review,needs_review,"가격 단위 추정, 복수 카드 가격, 배송비 포함 여부 미확정, 묶음·세트 총액 · 개별 카드 가격 아님",estimated,no,no,"loadScript('//t1.kakaocdn.net/kas/static/ba.min.js', true);"
e1bd0ac712bf4835e978f01f,onepiececardgame,원피스 카드게임,2026-08,2026-08-01T17:48:47+09:00,known,3225442353bbd04a7134daef,e1bd0ac712bf4835e978f01f,104933,https://m.dcinside.com/board/onepiececardgame/104933,"적색 3조로, 2상디 구매합니다",seller-8ad10b55fa52911e796a44cf,원딱러,registered,var safe = window.dcAd && window.dcAd.safe ==,var safe = window.dcAd && window.dcAd.safe ==,var safe = (window.dcAd && window.dcAd.safe ==,,,buy,구매,1,1,10000,estimated,bundle,text,unknown,,active,needs_review,needs_review,"가격 단위 추정, 복수 카드 가격, 배송비 포함 여부 미확정, 묶음·세트 총액 · 개별 카드 가격 아님",estimated,no,no,var safe = (window.dcAd && window.dcAd.safe == 1)
e98f1ff74c894f13c8c2d930,onepiececardgame,원피스 카드게임,2026-08,2026-08-01T17:48:47+09:00,known,59c106f5e132c3ee73801590,e98f1ff74c894f13c8c2d930,104933,https://m.dcinside.com/board/onepiececardgame/104933,"적색 3조로, 2상디 구매합니다",seller-8ad10b55fa52911e796a44cf,원딱러,registered,var safe = window.dcAd && window.dcAd.safe ==,var safe = window.dcAd && window.dcAd.safe ==,var safe = (window.dcAd && window.dcAd.safe ==,,,buy,구매,1,1,10000,estimated,bundle,text,unknown,,active,needs_review,needs_review,"가격 단위 추정, 복수 카드 가격, 배송비 포함 여부 미확정, 묶음·세트 총액 · 개별 카드 가격 아님",estimated,no,no,var safe = (window.dcAd && window.dcAd.safe == 1)
ec6050d6b2b0616612c7a3d5,onepiececardgame,원피스 카드게임,2026-08,2026-08-01T17:48:47+09:00,known,59c106f5e132c3ee73801590,ec6050d6b2b0616612c7a3d5,104933,https://m.dcinside.com/board/onepiececardgame/104933,"적색 3조로, 2상디 구매합니다",seller-8ad10b55fa52911e796a44cf,원딱러,registered,DOM 삽입 헬퍼 현재 스크립트 위치 기준,DOM 삽입 헬퍼 현재 스크립트 위치 기준,// ---- DOM 삽입 헬퍼 (현재 스크립트 위치 기준,,,buy,구매,1,1,10000,estimated,bundle,text,unknown,,active,needs_review,needs_review,"가격 단위 추정, 복수 카드 가격, 배송비 포함 여부 미확정, 묶음·세트 총액 · 개별 카드 가격 아님",estimated,no,no,// ---- DOM 삽입 헬퍼 (현재 스크립트 위치 기준1)
0004d01057693c13fd6cda28,onepiececardgame,원피스 카드게임,2026-08,2026-08-01T18:03:12+09:00,known,4fbf6922aa0e15a511661d59,0004d01057693c13fd6cda28,104938,https://m.dcinside.com/board/onepiececardgame/104938,1코 페로나 페레 4코 루피 페레 구매합니다,seller-40c260bbc22a84526796c0c2,메탈네코냥냥펀..,registered,,장당,장당,,,buy,구매,1,13.0,130000,estimated,per_card,text,unknown,,active,needs_review,needs_review,"가격 단위 추정, 배송비 포함 여부 미확정",estimated,yes,candidate_estimated,장당 13.0에 구매합니다
0dcb13c23f79540d8157d3d3,onepiececardgame,원피스 카드게임,2026-08,2026-08-01T18:03:12+09:00,known,4fbf6922aa0e15a511661d59,0dcb13c23f79540d8157d3d3,104938,https://m.dcinside.com/board/onepiececardgame/104938,1코 페로나 페레 4코 루피 페레 구매합니다,seller-40c260bbc22a84526796c0c2,메탈네코냥냥펀..,registered,이상시,이상시,이상시,,,buy,구매,2,14.0,140000,estimated,per_quantity,text,unknown,,active,needs_review,needs_review,"가격 단위 추정, 배송비 포함 여부 미확정, 복수 수량 총액 · 카드 1장 가격 아님",estimated,no,no,2장 이상시 14.0 구매합니다
4e5bd4434b61c25f5abc6884,onepiececardgame,원피스 카드게임,2026-08,2026-08-01T18:03:12+09:00,known,4fbf6922aa0e15a511661d59,4e5bd4434b61c25f5abc6884,104938,https://m.dcinside.com/board/onepiececardgame/104938,1코 페로나 페레 4코 루피 페레 구매합니다,seller-40c260bbc22a84526796c0c2,메탈네코냥냥펀..,registered,,장당,장당,,,buy,구매,1,1.0,10000,estimated,per_card,text,unknown,,active,needs_review,needs_review,"가격 단위 추정, 배송비 포함 여부 미확정",estimated,yes,candidate_estimated,장당 1.0에 구매합니다
78b5262e18a035b466f89eab,onepiececardgame,원피스 카드게임,2026-08,2026-08-01T18:03:12+09:00,known,0cbe2ff9d7b168c9ab858b4a,78b5262e18a035b466f89eab,104938,https://m.dcinside.com/board/onepiececardgame/104938,1코 페로나 페레 4코 루피 페레 구매합니다,seller-40c260bbc22a84526796c0c2,메탈네코냥냥펀..,registered,이상시,이상시,이상시,,,buy,구매,2,14.0,140000,estimated,per_quantity,text,unknown,,active,needs_review,needs_review,"가격 단위 추정, 배송비 포함 여부 미확정, 복수 수량 총액 · 카드 1장 가격 아님",estimated,no,no,2장 이상시 14.0 구매합니다
795ddccc27c9478fcdffa63a,onepiececardgame,원피스 카드게임,2026-08,2026-08-01T18:03:12+09:00,known,0cbe2ff9d7b168c9ab858b4a,795ddccc27c9478fcdffa63a,104938,https://m.dcinside.com/board/onepiececardgame/104938,1코 페로나 페레 4코 루피 페레 구매합니다,seller-40c260bbc22a84526796c0c2,메탈네코냥냥펀..,registered,,장당,장당,,,buy,구매,1,13.0,130000,estimated,per_card,text,unknown,,active,needs_review,needs_review,"가격 단위 추정, 배송비 포함 여부 미확정",estimated,yes,candidate_estimated,장당 13.0에 구매합니다
95af3f631c2f5e32ab937948,onepiececardgame,원피스 카드게임,2026-08,2026-08-01T18:03:12+09:00,known,d20cdfc907880a296f53f92e,95af3f631c2f5e32ab937948,104938,https://m.dcinside.com/board/onepiececardgame/104938,1코 페로나 페레 4코 루피 페레 구매합니다,seller-40c260bbc22a84526796c0c2,메탈네코냥냥펀..,registered,,장당,장당,,,buy,구매,1,1.0,10000,estimated,per_card,text,unknown,,active,needs_review,needs_review,"가격 단위 추정, 배송비 포함 여부 미확정",estimated,yes,candidate_estimated,장당 1.0에 구매합니다
96abd3e907249102bb804de7,onepiececardgame,원피스 카드게임,2026-08,2026-08-01T18:03:12+09:00,known,0cbe2ff9d7b168c9ab858b4a,96abd3e907249102bb804de7,104938,https://m.dcinside.com/board/onepiececardgame/104938,1코 페로나 페레 4코 루피 페레 구매합니다,seller-40c260bbc22a84526796c0c2,메탈네코냥냥펀..,registered,,장당,장당,,,buy,구매,1,1.0,10000,estimated,per_card,text,unknown,,active,needs_review,needs_review,"가격 단위 추정, 배송비 포함 여부 미확정",estimated,yes,candidate_estimated,장당 1.0에 구매합니다
d1f742a3cb4d89108aa3ca71,onepiececardgame,원피스 카드게임,2026-08,2026-08-01T18:03:12+09:00,known,d20cdfc907880a296f53f92e,d1f742a3cb4d89108aa3ca71,104938,https://m.dcinside.com/board/onepiececardgame/104938,1코 페로나 페레 4코 루피 페레 구매합니다,seller-40c260bbc22a84526796c0c2,메탈네코냥냥펀..,registered,,장당,장당,,,buy,구매,1,13.0,130000,estimated,per_card,text,unknown,,active,needs_review,needs_review,"가격 단위 추정, 배송비 포함 여부 미확정",estimated,yes,candidate_estimated,장당 13.0에 구매합니다
e09ea8070ebdd7104a5be400,onepiececardgame,원피스 카드게임,2026-08,2026-08-01T18:03:12+09:00,known,d20cdfc907880a296f53f92e,e09ea8070ebdd7104a5be400,104938,https://m.dcinside.com/board/onepiececardgame/104938,1코 페로나 페레 4코 루피 페레 구매합니다,seller-40c260bbc22a84526796c0c2,메탈네코냥냥펀..,registered,이상시,이상시,이상시,,,buy,구매,2,14.0,140000,estimated,per_quantity,text,unknown,,active,needs_review,needs_review,"가격 단위 추정, 배송비 포함 여부 미확정, 복수 수량 총액 · 카드 1장 가격 아님",estimated,no,no,2장 이상시 14.0 구매합니다
012d44f5514b97d8da754432,onepiececardgame,원피스 카드게임,2026-08,2026-08-01T20:56:04+09:00,known,c635ec0260d726578e4c6822,012d44f5514b97d8da754432,104980,https://m.dcinside.com/board/onepiececardgame/104980,"이번 홀대회 매칭배틀 팩, 둥 구매합니다!",seller-8ad10b55fa52911e796a44cf,원딱러,registered,팩 둥,팩 둥,팩 2.0 둥,,,buy,구매,1,1.0,10000,estimated,per_card,text,unknown,,active,needs_review,needs_review,"가격 단위 추정, 배송비 포함 여부 미확정",estimated,yes,candidate_estimated,팩 2.0 둥 1.0 구매합니다!
6e26cff7caaff8ea194905bc,onepiececardgame,원피스 카드게임,2026-08,2026-08-01T20:56:04+09:00,known,3fb01cc8d89e30009849cd5e,6e26cff7caaff8ea194905bc,104980,https://m.dcinside.com/board/onepiececardgame/104980,"이번 홀대회 매칭배틀 팩, 둥 구매합니다!",seller-8ad10b55fa52911e796a44cf,원딱러,registered,팩 둥,팩 둥,팩 2.0 둥,,,buy,구매,1,1.0,10000,estimated,per_card,text,unknown,,active,needs_review,needs_review,"가격 단위 추정, 배송비 포함 여부 미확정",estimated,yes,candidate_estimated,팩 2.0 둥 1.0 구매합니다!
ef1f48891d18a6f95475ce68,onepiececardgame,원피스 카드게임,2026-08,2026-08-01T20:56:04+09:00,known,b8a1e00dd7cd16ed901451e1,ef1f48891d18a6f95475ce68,104980,https://m.dcinside.com/board/onepiececardgame/104980,"이번 홀대회 매칭배틀 팩, 둥 구매합니다!",seller-8ad10b55fa52911e796a44cf,원딱러,registered,팩 둥,팩 둥,팩 2.0 둥,,,buy,구매,1,1.0,10000,estimated,per_card,text,unknown,,active,needs_review,needs_review,"가격 단위 추정, 배송비 포함 여부 미확정",estimated,yes,candidate_estimated,팩 2.0 둥 1.0 구매합니다!
09f5d26a8e7a5359d8cd5503,onepiececardgame,원피스 카드게임,2026-08,2026-08-01T21:38:46+09:00,known,66b5e6356ce0db600f655338,09f5d26a8e7a5359d8cd5503,104986,https://m.dcinside.com/board/onepiececardgame/104986,내일 역곡직 5나미 10수염 구해봅니다,seller-c5dd663aa5b23ac5529c5841,ㅇㅇ,guest,EB03 5코 나미,EB03 5코 나미,EB03 5코 나미,,,buy,구매,1,1.5,15000,estimated,per_card,text,unknown,,active,needs_review,needs_review,"가격 단위 추정, 배송비 포함 여부 미확정",estimated,yes,candidate_estimated,EB03 5코 나미 1장 1.5
2a872a50e8d27fd2c3c7f8a6,onepiececardgame,원피스 카드게임,2026-08,2026-08-01T21:38:46+09:00,known,e909ae2a206595eb67986782,2a872a50e8d27fd2c3c7f8a6,104986,https://m.dcinside.com/board/onepiececardgame/104986,내일 역곡직 5나미 10수염 구해봅니다,seller-b28d40556a0525f6615a1dc7,ㅇㅇ,guest,EB03 5코 나미,EB03 5코 나미,EB03 5코 나미,,,buy,구매,1,1.5,15000,estimated,per_card,text,unknown,,active,needs_review,needs_review,"가격 단위 추정, 배송비 포함 여부 미확정",estimated,yes,candidate_estimated,EB03 5코 나미 1장 1.5
2f36c5e377f2a28a40bb732e,onepiececardgame,원피스 카드게임,2026-08,2026-08-01T21:38:46+09:00,known,decbb7b80f0badb2ab08082c,2f36c5e377f2a28a40bb732e,104986,https://m.dcinside.com/board/onepiececardgame/104986,내일 역곡직 5나미 10수염 구해봅니다,seller-0597955d4ce7e6bcbc166d97,ㅇㅇ,guest,베이비5,베이비5,베이비5 .,,,buy,구매,1,5,50000,estimated,per_card,text,unknown,,active,needs_review,needs_review,"가격 단위 추정, 배송비 포함 여부 미확정",estimated,yes,candidate_estimated,베이비5 1장 .5
453939651483afecaf812f38,onepiececardgame,원피스 카드게임,2026-08,2026-08-01T21:38:46+09:00,known,66b5e6356ce0db600f655338,453939651483afecaf812f38,104986,https://m.dcinside.com/board/onepiececardgame/104986,내일 역곡직 5나미 10수염 구해봅니다,seller-c5dd663aa5b23ac5529c5841,ㅇㅇ,guest,10코흰수염 장,10코흰수염 장,10코흰수염 장 .,,,buy,구매,1,8,80000,estimated,per_card,text,unknown,,active,needs_review,needs_review,"가격 단위 추정, 배송비 포함 여부 미확정",estimated,yes,candidate_estimated,10코흰수염 장 .8
7a115ae60d8cb9d3c1949a34,onepiececardgame,원피스 카드게임,2026-08,2026-08-01T21:38:46+09:00,known,decbb7b80f0badb2ab08082c,7a115ae60d8cb9d3c1949a34,104986,https://m.dcinside.com/board/onepiececardgame/104986,내일 역곡직 5나미 10수염 구해봅니다,seller-0597955d4ce7e6bcbc166d97,ㅇㅇ,guest,EB03 5코 나미,EB03 5코 나미,EB03 5코 나미,,,buy,구매,1,1.5,15000,estimated,per_card,text,unknown,,active,needs_review,needs_review,"가격 단위 추정, 배송비 포함 여부 미확정",estimated,yes,candidate_estimated,EB03 5코 나미 1장 1.5
82f340aa0f181c2da46db79f,onepiececardgame,원피스 카드게임,2026-08,2026-08-01T21:38:46+09:00,known,66b5e6356ce0db600f655338,82f340aa0f181c2da46db79f,104986,https://m.dcinside.com/board/onepiececardgame/104986,내일 역곡직 5나미 10수염 구해봅니다,seller-c5dd663aa5b23ac5529c5841,ㅇㅇ,guest,베이비5,베이비5,베이비5 .,,,buy,구매,1,5,50000,estimated,per_card,text,unknown,,active,needs_review,needs_review,"가격 단위 추정, 배송비 포함 여부 미확정",estimated,yes,candidate_estimated,베이비5 1장 .5
867bf178cdb17564fc37fa0a,onepiececardgame,원피스 카드게임,2026-08,2026-08-01T21:38:46+09:00,known,decbb7b80f0badb2ab08082c,867bf178cdb17564fc37fa0a,104986,https://m.dcinside.com/board/onepiececardgame/104986,내일 역곡직 5나미 10수염 구해봅니다,seller-0597955d4ce7e6bcbc166d97,ㅇㅇ,guest,10코흰수염 장,10코흰수염 장,10코흰수염 장 .,,,buy,구매,1,8,80000,estimated,per_card,text,unknown,,active,needs_review,needs_review,"가격 단위 추정, 배송비 포함 여부 미확정",estimated,yes,candidate_estimated,10코흰수염 장 .8
bd98d0232347ecc5d7f6e83a,onepiececardgame,원피스 카드게임,2026-08,2026-08-01T21:38:46+09:00,known,e909ae2a206595eb67986782,bd98d0232347ecc5d7f6e83a,104986,https://m.dcinside.com/board/onepiececardgame/104986,내일 역곡직 5나미 10수염 구해봅니다,seller-b28d40556a0525f6615a1dc7,ㅇㅇ,guest,10코흰수염 장,10코흰수염 장,10코흰수염 장 .,,,buy,구매,1,8,80000,estimated,per_card,text,unknown,,active,needs_review,needs_review,"가격 단위 추정, 배송비 포함 여부 미확정",estimated,yes,candidate_estimated,10코흰수염 장 .8
e55347355f36279707136b1b,onepiececardgame,원피스 카드게임,2026-08,2026-08-01T21:38:46+09:00,known,e909ae2a206595eb67986782,e55347355f36279707136b1b,104986,https://m.dcinside.com/board/onepiececardgame/104986,내일 역곡직 5나미 10수염 구해봅니다,seller-b28d40556a0525f6615a1dc7,ㅇㅇ,guest,베이비5,베이비5,베이비5 .,,,buy,구매,1,5,50000,estimated,per_card,text,unknown,,active,needs_review,needs_review,"가격 단위 추정, 배송비 포함 여부 미확정",estimated,yes,candidate_estimated,베이비5 1장 .5
0cc068650ae2e8d22b36e941,onepiececardgame,원피스 카드게임,2026-08,2026-08-02T00:39:56+09:00,known,ad8d74191ee9063a5c4ffd38,0cc068650ae2e8d22b36e941,105021,https://m.dcinside.com/board/onepiececardgame/105021,야마토 코비 리더 카드 구해요!!,seller-0ddbfd42e3c38afc23e4527d,いわ,registered,적흑 코비,적흑 코비,적흑 코비,,,buy,구매,1,1.5,15000,estimated,per_card,text,unknown,,active,needs_review,needs_review,"가격 단위 추정, 배송비 포함 여부 미확정",estimated,yes,candidate_estimated,적흑 코비 1.5
0e79244f8f49213b7756530d,onepiececardgame,원피스 카드게임,2026-08,2026-08-02T00:39:56+09:00,known,891fcaf92d5b7e09f446f95e,0e79244f8f49213b7756530d,105021,https://m.dcinside.com/board/onepiececardgame/105021,야마토 코비 리더 카드 구해요!!,seller-0ddbfd42e3c38afc23e4527d,いわ,registered,적흑 코비,적흑 코비,적흑 코비,,,buy,구매,1,1.5,15000,estimated,per_card,text,unknown,,active,needs_review,needs_review,"가격 단위 추정, 배송비 포함 여부 미확정",estimated,yes,candidate_estimated,적흑 코비 1.5
b1f30bf5472548c159fd64dd,onepiececardgame,원피스 카드게임,2026-08,2026-08-02T00:39:56+09:00,known,063d544b0a578aa555a99579,b1f30bf5472548c159fd64dd,105021,https://m.dcinside.com/board/onepiececardgame/105021,야마토 코비 리더 카드 구해요!!,seller-0ddbfd42e3c38afc23e4527d,いわ,registered,적흑 코비,적흑 코비,적흑 코비,,,buy,구매,1,1.5,15000,estimated,per_card,text,unknown,,active,needs_review,needs_review,"가격 단위 추정, 배송비 포함 여부 미확정",estimated,yes,candidate_estimated,적흑 코비 1.5
c2bb4e37f78bbdb2dd360192,onepiececardgame,원피스 카드게임,2026-08,2026-08-02T00:39:56+09:00,known,ad8d74191ee9063a5c4ffd38,c2bb4e37f78bbdb2dd360192,105021,https://m.dcinside.com/board/onepiececardgame/105021,야마토 코비 리더 카드 구해요!!,seller-0ddbfd42e3c38afc23e4527d,いわ,registered,녹황 야마토 리더,녹황 야마토 리더,녹황 야마토 리더,,,buy,구매,1,2.5,25000,estimated,per_card,text,unknown,,active,needs_review,needs_review,"가격 단위 추정, 배송비 포함 여부 미확정",estimated,yes,candidate_estimated,녹황 야마토 리더 2.5
e25ccb11ff748473543dcf40,onepiececardgame,원피스 카드게임,2026-08,2026-08-02T00:39:56+09:00,known,891fcaf92d5b7e09f446f95e,e25ccb11ff748473543dcf40,105021,https://m.dcinside.com/board/onepiececardgame/105021,야마토 코비 리더 카드 구해요!!,seller-0ddbfd42e3c38afc23e4527d,いわ,registered,녹황 야마토 리더,녹황 야마토 리더,녹황 야마토 리더,,,buy,구매,1,2.5,25000,estimated,per_card,text,unknown,,active,needs_review,needs_review,"가격 단위 추정, 배송비 포함 여부 미확정",estimated,yes,candidate_estimated,녹황 야마토 리더 2.5
ebbf0dd1feb3786ad3a399be,onepiececardgame,원피스 카드게임,2026-08,2026-08-02T00:39:56+09:00,known,063d544b0a578aa555a99579,ebbf0dd1feb3786ad3a399be,105021,https://m.dcinside.com/board/onepiececardgame/105021,야마토 코비 리더 카드 구해요!!,seller-0ddbfd42e3c38afc23e4527d,いわ,registered,녹황 야마토 리더,녹황 야마토 리더,녹황 야마토 리더,,,buy,구매,1,2.5,25000,estimated,per_card,text,unknown,,active,needs_review,needs_review,"가격 단위 추정, 배송비 포함 여부 미확정",estimated,yes,candidate_estimated,녹황 야마토 리더 2.5
2652c47d1cc28bbe65b66b89,onepiececardgame,원피스 카드게임,2026-08,2026-08-02T00:40:15+09:00,known,58efb863fc894f5c20f16952,2652c47d1cc28bbe65b66b89,105022,https://m.dcinside.com/board/onepiececardgame/105022,이무 리더페레 구합니다,seller-b1e4a65549ec8c2d3fc23b1a,qewrt,registered,이무 리더페레,이무 리더페레,이무 리더페레,,,buy,구매,1,,,missing,unknown,unknown,unknown,,active,needs_review,needs_review,희망가 미기재,missing,no,no,이무 리더페레 구합니다
60c92b4ad30599baa2ffe318,onepiececardgame,원피스 카드게임,2026-08,2026-08-02T00:40:15+09:00,known,a30aae36142cc9b2314e0f03,60c92b4ad30599baa2ffe318,105022,https://m.dcinside.com/board/onepiececardgame/105022,이무 리더페레 구합니다,seller-b1e4a65549ec8c2d3fc23b1a,qewrt,registered,이무 리더페레,이무 리더페레,이무 리더페레,,,buy,구매,1,,,missing,unknown,unknown,unknown,,active,needs_review,needs_review,희망가 미기재,missing,no,no,이무 리더페레 구합니다
bb52aa721892ad713e734e1a,onepiececardgame,원피스 카드게임,2026-08,2026-08-02T00:40:15+09:00,known,c9cf6ac288e473457ba6a87d,bb52aa721892ad713e734e1a,105022,https://m.dcinside.com/board/onepiececardgame/105022,이무 리더페레 구합니다,seller-b1e4a65549ec8c2d3fc23b1a,qewrt,registered,이무 리더페레,이무 리더페레,이무 리더페레,,,buy,구매,1,,,missing,unknown,unknown,unknown,,active,needs_review,needs_review,희망가 미기재,missing,no,no,이무 리더페레 구합니다
a5f0dfbb522db70577a04ec5,onepiececardgame,원피스 카드게임,2026-08,2026-08-02T00:52:47+09:00,known,fccc71ce873887efabf0f996,a5f0dfbb522db70577a04ec5,105023,https://m.dcinside.com/board/onepiececardgame/105023,10로저 1장 삽니다,seller-a7d967d6e483414ba01ef989,더우루1016,guest,10로저,10로저,10로저 1장,,,buy,구매,1,,,missing,unknown,unknown,unknown,,active,needs_review,needs_review,희망가 미기재,missing,no,no,10로저 1장 삽니다
e134845d812c8c9d34a482c9,onepiececardgame,원피스 카드게임,2026-08,2026-08-02T00:52:47+09:00,known,19c124cd6334c07fff6c8d2d,e134845d812c8c9d34a482c9,105023,https://m.dcinside.com/board/onepiececardgame/105023,10로저 1장 삽니다,seller-d863f6941415bbe11321b689,더우루1016,guest,10로저,10로저,10로저 1장,,,buy,구매,1,,,missing,unknown,unknown,unknown,,active,needs_review,needs_review,희망가 미기재,missing,no,no,10로저 1장 삽니다
f70dc4b902350f50c9635ab9,onepiececardgame,원피스 카드게임,2026-08,2026-08-02T00:52:47+09:00,known,3f7c025dd0d760c277919fb6,f70dc4b902350f50c9635ab9,105023,https://m.dcinside.com/board/onepiececardgame/105023,10로저 1장 삽니다,seller-df0670d71ebd6f7ea709c657,더우루1016,guest,10로저,10로저,10로저 1장,,,buy,구매,1,,,missing,unknown,unknown,unknown,,active,needs_review,needs_review,희망가 미기재,missing,no,no,10로저 1장 삽니다
0b2df4529185d7181bcb5ec0,onepiececardgame,원피스 카드게임,2026-08,2026-08-02T01:23:27+09:00,known,99deb93a77f04b637bf2a93e,0b2df4529185d7181bcb5ec0,105026,https://m.dcinside.com/board/onepiececardgame/105026,"로저 시크 (적), 8코 드래곤 등 적흑사보 소스 구합니다",seller-30d128a86897e5536cef1636,ㅇㅇ,guest,OP09-118 10코 적 로저,OP09-118 10코 적 로저,OP09-118 10코 적 로저,,,buy,구매,1,2,20000,estimated,per_card,text,unknown,,active,needs_review,needs_review,"가격 단위 추정, 배송비 포함 여부 미확정",estimated,yes,candidate_estimated,OP09-118 10코 적 로저 1장 - 2
0db90df8e4282fd3bbc8259e,onepiececardgame,원피스 카드게임,2026-08,2026-08-02T01:23:27+09:00,known,9004233a33bb92d5a0c42d79,0db90df8e4282fd3bbc8259e,105026,https://m.dcinside.com/board/onepiececardgame/105026,"로저 시크 (적), 8코 드래곤 등 적흑사보 소스 구합니다",seller-d386076af78f4c21a5fa3a07,ㅇㅇ,guest,OP05-005 4코 적 카라스,OP05-005 4코 적 카라스,OP05-005 4코 적 카라스 - 장당,,,buy,구매,2,0.02,200,estimated,per_card,text,unknown,,active,needs_review,needs_review,"가격 단위 추정, 배송비 포함 여부 미확정",estimated,yes,candidate_estimated,OP05-005 4코 적 카라스 2장 - 장당 0.02
13a7a5f2abf6d3837507266b,onepiececardgame,원피스 카드게임,2026-08,2026-08-02T01:23:27+09:00,known,3bc795314086feba120582ac,13a7a5f2abf6d3837507266b,105026,https://m.dcinside.com/board/onepiececardgame/105026,"로저 시크 (적), 8코 드래곤 등 적흑사보 소스 구합니다",seller-53501d32d8dd859189b2d7b6,ㅇㅇ,guest,OP09-118 10코 적 로저,OP09-118 10코 적 로저,OP09-118 10코 적 로저,,,buy,구매,1,2,20000,estimated,per_card,text,unknown,,active,needs_review,needs_review,"가격 단위 추정, 배송비 포함 여부 미확정",estimated,yes,candidate_estimated,OP09-118 10코 적 로저 1장 - 2
14e5f4c9129ce2483647f0cf,onepiececardgame,원피스 카드게임,2026-08,2026-08-02T01:23:27+09:00,known,99deb93a77f04b637bf2a93e,14e5f4c9129ce2483647f0cf,105026,https://m.dcinside.com/board/onepiececardgame/105026,"로저 시크 (적), 8코 드래곤 등 적흑사보 소스 구합니다",seller-30d128a86897e5536cef1636,ㅇㅇ,guest,OP12-098 1코 흑 잔털처리권,OP12-098 1코 흑 잔털처리권,OP12-098 1코 흑 잔털처리권,,,buy,구매,1,0.02,200,estimated,per_card,text,unknown,,active,needs_review,needs_review,"가격 단위 추정, 배송비 포함 여부 미확정",estimated,yes,candidate_estimated,OP12-098 1코 흑 잔털처리권 1장 - 0.02
1501f591a1caad8528af91eb,onepiececardgame,원피스 카드게임,2026-08,2026-08-02T01:23:27+09:00,known,99deb93a77f04b637bf2a93e,1501f591a1caad8528af91eb,105026,https://m.dcinside.com/board/onepiececardgame/105026,"로저 시크 (적), 8코 드래곤 등 적흑사보 소스 구합니다",seller-30d128a86897e5536cef1636,ㅇㅇ,guest,OP07-015 8코 적 드래곤,OP07-015 8코 적 드래곤,OP07-015 8코 적 드래곤,,,buy,구매,1,0.2,2000,estimated,per_card,text,unknown,,active,needs_review,needs_review,"가격 단위 추정, 배송비 포함 여부 미확정",estimated,yes,candidate_estimated,OP07-015 8코 적 드래곤 1장 - 0.2
1ace48c547e2681e8e2927b2,onepiececardgame,원피스 카드게임,2026-08,2026-08-02T01:23:27+09:00,known,9004233a33bb92d5a0c42d79,1ace48c547e2681e8e2927b2,105026,https://m.dcinside.com/board/onepiececardgame/105026,"로저 시크 (적), 8코 드래곤 등 적흑사보 소스 구합니다",seller-d386076af78f4c21a5fa3a07,ㅇㅇ,guest,OP07-002 7코 적 아인,OP07-002 7코 적 아인,OP07-002 7코 적 아인 - 장당,,,buy,구매,2,0.05,500,estimated,per_card,text,unknown,,active,needs_review,needs_review,"가격 단위 추정, 배송비 포함 여부 미확정",estimated,yes,candidate_estimated,OP07-002 7코 적 아인 2장 - 장당 0.05
1ccac2443ba68f876f0881af,onepiececardgame,원피스 카드게임,2026-08,2026-08-02T01:23:27+09:00,known,3bc795314086feba120582ac,1ccac2443ba68f876f0881af,105026,https://m.dcinside.com/board/onepiececardgame/105026,"로저 시크 (적), 8코 드래곤 등 적흑사보 소스 구합니다",seller-53501d32d8dd859189b2d7b6,ㅇㅇ,guest,OP07-015 8코 적 드래곤,OP07-015 8코 적 드래곤,OP07-015 8코 적 드래곤,,,buy,구매,1,0.2,2000,estimated,per_card,text,unknown,,active,needs_review,needs_review,"가격 단위 추정, 배송비 포함 여부 미확정",estimated,yes,candidate_estimated,OP07-015 8코 적 드래곤 1장 - 0.2
2186f0b718383acdf9728981,onepiececardgame,원피스 카드게임,2026-08,2026-08-02T01:23:27+09:00,known,9004233a33bb92d5a0c42d79,2186f0b718383acdf9728981,105026,https://m.dcinside.com/board/onepiececardgame/105026,"로저 시크 (적), 8코 드래곤 등 적흑사보 소스 구합니다",seller-d386076af78f4c21a5fa3a07,ㅇㅇ,guest,OP04-016 0코 적 안티매너킥코스,OP04-016 0코 적 안티매너킥코스,OP04-016 0코 적 안티매너킥코스 - 장당,,,buy,구매,4,0.05,500,estimated,per_card,text,unknown,,active,needs_review,needs_review,"가격 단위 추정, 배송비 포함 여부 미확정",estimated,yes,candidate_estimated,OP04-016 0코 적 안티매너킥코스 4장 - 장당 0.05
2a333eac58ab7ebc2f033c6d,onepiececardgame,원피스 카드게임,2026-08,2026-08-02T01:23:27+09:00,known,99deb93a77f04b637bf2a93e,2a333eac58ab7ebc2f033c6d,105026,https://m.dcinside.com/board/onepiececardgame/105026,"로저 시크 (적), 8코 드래곤 등 적흑사보 소스 구합니다",seller-30d128a86897e5536cef1636,ㅇㅇ,guest,OP04-016 0코 적 안티매너킥코스,OP04-016 0코 적 안티매너킥코스,OP04-016 0코 적 안티매너킥코스 - 장당,,,buy,구매,4,0.05,500,estimated,per_card,text,unknown,,active,needs_review,needs_review,"가격 단위 추정, 배송비 포함 여부 미확정",estimated,yes,candidate_estimated,OP04-016 0코 적 안티매너킥코스 4장 - 장당 0.05
2a7e0783b2281b9a1c04ccee,onepiececardgame,원피스 카드게임,2026-08,2026-08-02T01:23:27+09:00,known,9004233a33bb92d5a0c42d79,2a7e0783b2281b9a1c04ccee,105026,https://m.dcinside.com/board/onepiececardgame/105026,"로저 시크 (적), 8코 드래곤 등 적흑사보 소스 구합니다",seller-d386076af78f4c21a5fa3a07,ㅇㅇ,guest,OP12-098 1코 흑 잔털처리권,OP12-098 1코 흑 잔털처리권,OP12-098 1코 흑 잔털처리권,,,buy,구매,1,0.02,200,estimated,per_card,text,unknown,,active,needs_review,needs_review,"가격 단위 추정, 배송비 포함 여부 미확정",estimated,yes,candidate_estimated,OP12-098 1코 흑 잔털처리권 1장 - 0.02
35bef9c41f48d41ddb10cc31,onepiececardgame,원피스 카드게임,2026-08,2026-08-02T01:23:27+09:00,known,9004233a33bb92d5a0c42d79,35bef9c41f48d41ddb10cc31,105026,https://m.dcinside.com/board/onepiececardgame/105026,"로저 시크 (적), 8코 드래곤 등 적흑사보 소스 구합니다",seller-d386076af78f4c21a5fa3a07,ㅇㅇ,guest,OP07-015 8코 적 드래곤,OP07-015 8코 적 드래곤,OP07-015 8코 적 드래곤,,,buy,구매,1,0.2,2000,estimated,per_card,text,unknown,,active,needs_review,needs_review,"가격 단위 추정, 배송비 포함 여부 미확정",estimated,yes,candidate_estimated,OP07-015 8코 적 드래곤 1장 - 0.2
436ead243c9a3711dba58d15,onepiececardgame,원피스 카드게임,2026-08,2026-08-02T01:23:27+09:00,known,99deb93a77f04b637bf2a93e,436ead243c9a3711dba58d15,105026,https://m.dcinside.com/board/onepiececardgame/105026,"로저 시크 (적), 8코 드래곤 등 적흑사보 소스 구합니다",seller-30d128a86897e5536cef1636,ㅇㅇ,guest,OP05-005 4코 적 카라스,OP05-005 4코 적 카라스,OP05-005 4코 적 카라스 - 장당,,,buy,구매,2,0.02,200,estimated,per_card,text,unknown,,active,needs_review,needs_review,"가격 단위 추정, 배송비 포함 여부 미확정",estimated,yes,candidate_estimated,OP05-005 4코 적 카라스 2장 - 장당 0.02
62c96782f9ddc40a43702191,onepiececardgame,원피스 카드게임,2026-08,2026-08-02T01:23:27+09:00,known,9004233a33bb92d5a0c42d79,62c96782f9ddc40a43702191,105026,https://m.dcinside.com/board/onepiececardgame/105026,"로저 시크 (적), 8코 드래곤 등 적흑사보 소스 구합니다",seller-d386076af78f4c21a5fa3a07,ㅇㅇ,guest,OP05-006 2코 적 코알라,OP05-006 2코 적 코알라,OP05-006 2코 적 코알라 - 장당,,,buy,구매,3,0.07,700,estimated,per_card,text,unknown,,active,needs_review,needs_review,"가격 단위 추정, 배송비 포함 여부 미확정",estimated,yes,candidate_estimated,OP05-006 2코 적 코알라 3장 - 장당 0.07
67132027aff4d658b5b4b570,onepiececardgame,원피스 카드게임,2026-08,2026-08-02T01:23:27+09:00,known,3bc795314086feba120582ac,67132027aff4d658b5b4b570,105026,https://m.dcinside.com/board/onepiececardgame/105026,"로저 시크 (적), 8코 드래곤 등 적흑사보 소스 구합니다",seller-53501d32d8dd859189b2d7b6,ㅇㅇ,guest,OP05-005 4코 적 카라스,OP05-005 4코 적 카라스,OP05-005 4코 적 카라스 - 장당,,,buy,구매,2,0.02,200,estimated,per_card,text,unknown,,active,needs_review,needs_review,"가격 단위 추정, 배송비 포함 여부 미확정",estimated,yes,candidate_estimated,OP05-005 4코 적 카라스 2장 - 장당 0.02
675bb3c7f2625757394a12bf,onepiececardgame,원피스 카드게임,2026-08,2026-08-02T01:23:27+09:00,known,99deb93a77f04b637bf2a93e,675bb3c7f2625757394a12bf,105026,https://m.dcinside.com/board/onepiececardgame/105026,"로저 시크 (적), 8코 드래곤 등 적흑사보 소스 구합니다",seller-30d128a86897e5536cef1636,ㅇㅇ,guest,OP07-002 7코 적 아인,OP07-002 7코 적 아인,OP07-002 7코 적 아인 - 장당,,,buy,구매,2,0.05,500,estimated,per_card,text,unknown,,active,needs_review,needs_review,"가격 단위 추정, 배송비 포함 여부 미확정",estimated,yes,candidate_estimated,OP07-002 7코 적 아인 2장 - 장당 0.05
68e792d12600e789f33c3864,onepiececardgame,원피스 카드게임,2026-08,2026-08-02T01:23:27+09:00,known,3bc795314086feba120582ac,68e792d12600e789f33c3864,105026,https://m.dcinside.com/board/onepiececardgame/105026,"로저 시크 (적), 8코 드래곤 등 적흑사보 소스 구합니다",seller-53501d32d8dd859189b2d7b6,ㅇㅇ,guest,OP04-016 0코 적 안티매너킥코스,OP04-016 0코 적 안티매너킥코스,OP04-016 0코 적 안티매너킥코스 - 장당,,,buy,구매,4,0.05,500,estimated,per_card,text,unknown,,active,needs_review,needs_review,"가격 단위 추정, 배송비 포함 여부 미확정",estimated,yes,candidate_estimated,OP04-016 0코 적 안티매너킥코스 4장 - 장당 0.05
6e359ddd07db851c759b8850,onepiececardgame,원피스 카드게임,2026-08,2026-08-02T01:23:27+09:00,known,3bc795314086feba120582ac,6e359ddd07db851c759b8850,105026,https://m.dcinside.com/board/onepiececardgame/105026,"로저 시크 (적), 8코 드래곤 등 적흑사보 소스 구합니다",seller-53501d32d8dd859189b2d7b6,ㅇㅇ,guest,OP07-002 7코 적 아인,OP07-002 7코 적 아인,OP07-002 7코 적 아인 - 장당,,,buy,구매,2,0.05,500,estimated,per_card,text,unknown,,active,needs_review,needs_review,"가격 단위 추정, 배송비 포함 여부 미확정",estimated,yes,candidate_estimated,OP07-002 7코 적 아인 2장 - 장당 0.05
c17a77748b0dd54f9b828027,onepiececardgame,원피스 카드게임,2026-08,2026-08-02T01:23:27+09:00,known,3bc795314086feba120582ac,c17a77748b0dd54f9b828027,105026,https://m.dcinside.com/board/onepiececardgame/105026,"로저 시크 (적), 8코 드래곤 등 적흑사보 소스 구합니다",seller-53501d32d8dd859189b2d7b6,ㅇㅇ,guest,OP05-006 2코 적 코알라,OP05-006 2코 적 코알라,OP05-006 2코 적 코알라 - 장당,,,buy,구매,3,0.07,700,estimated,per_card,text,unknown,,active,needs_review,needs_review,"가격 단위 추정, 배송비 포함 여부 미확정",estimated,yes,candidate_estimated,OP05-006 2코 적 코알라 3장 - 장당 0.07
ccbe599364565813a140314f,onepiececardgame,원피스 카드게임,2026-08,2026-08-02T01:23:27+09:00,known,3bc795314086feba120582ac,ccbe599364565813a140314f,105026,https://m.dcinside.com/board/onepiececardgame/105026,"로저 시크 (적), 8코 드래곤 등 적흑사보 소스 구합니다",seller-53501d32d8dd859189b2d7b6,ㅇㅇ,guest,OP12-098 1코 흑 잔털처리권,OP12-098 1코 흑 잔털처리권,OP12-098 1코 흑 잔털처리권,,,buy,구매,1,0.02,200,estimated,per_card,text,unknown,,active,needs_review,needs_review,"가격 단위 추정, 배송비 포함 여부 미확정",estimated,yes,candidate_estimated,OP12-098 1코 흑 잔털처리권 1장 - 0.02
f25bc2f2575d90c5c04194e3,onepiececardgame,원피스 카드게임,2026-08,2026-08-02T01:23:27+09:00,known,9004233a33bb92d5a0c42d79,f25bc2f2575d90c5c04194e3,105026,https://m.dcinside.com/board/onepiececardgame/105026,"로저 시크 (적), 8코 드래곤 등 적흑사보 소스 구합니다",seller-d386076af78f4c21a5fa3a07,ㅇㅇ,guest,OP09-118 10코 적 로저,OP09-118 10코 적 로저,OP09-118 10코 적 로저,,,buy,구매,1,2,20000,estimated,per_card,text,unknown,,active,needs_review,needs_review,"가격 단위 추정, 배송비 포함 여부 미확정",estimated,yes,candidate_estimated,OP09-118 10코 적 로저 1장 - 2
fd0935dd68fd0ae785d8fe9b,onepiececardgame,원피스 카드게임,2026-08,2026-08-02T01:23:27+09:00,known,99deb93a77f04b637bf2a93e,fd0935dd68fd0ae785d8fe9b,105026,https://m.dcinside.com/board/onepiececardgame/105026,"로저 시크 (적), 8코 드래곤 등 적흑사보 소스 구합니다",seller-30d128a86897e5536cef1636,ㅇㅇ,guest,OP05-006 2코 적 코알라,OP05-006 2코 적 코알라,OP05-006 2코 적 코알라 - 장당,,,buy,구매,3,0.07,700,estimated,per_card,text,unknown,,active,needs_review,needs_review,"가격 단위 추정, 배송비 포함 여부 미확정",estimated,yes,candidate_estimated,OP05-006 2코 적 코알라 3장 - 장당 0.07
168622c5ad1d67cf15e242d0,onepiececardgame,원피스 카드게임,2026-08,2026-08-02T05:00:05+09:00,known,38e5bf19bd31877ecd0db7b8,168622c5ad1d67cf15e242d0,105034,https://m.dcinside.com/board/onepiececardgame/105034,"로, 나미 구합니다",seller-c9674642a6d1d370102543ba,ㅇㅇ,guest,로 나미,로 나미,"로, 나미",,,buy,구매,3,,,missing,unknown,unknown,unknown,,active,needs_review,needs_review,희망가 미기재,missing,no,no,"로, 나미 구합니다"
793c9622c6e1c71ba2e1fc5d,onepiececardgame,원피스 카드게임,2026-08,2026-08-02T05:00:05+09:00,known,e17f7b6979cf5a41833b5d05,793c9622c6e1c71ba2e1fc5d,105034,https://m.dcinside.com/board/onepiececardgame/105034,"로, 나미 구합니다",seller-02698e5196463841311d28f5,ㅇㅇ,guest,로 나미,로 나미,"로, 나미",,,buy,구매,3,,,missing,unknown,unknown,unknown,,active,needs_review,needs_review,희망가 미기재,missing,no,no,"로, 나미 구합니다"
ff75f006be4ec0301adc6c75,onepiececardgame,원피스 카드게임,2026-08,2026-08-02T05:00:05+09:00,known,a4460c72be5df68a79c89297,ff75f006be4ec0301adc6c75,105034,https://m.dcinside.com/board/onepiececardgame/105034,"로, 나미 구합니다",seller-ad198fa2c679db2cb5f39e67,ㅇㅇ,guest,로 나미,로 나미,"로, 나미",,,buy,구매,3,,,missing,unknown,unknown,unknown,,active,needs_review,needs_review,희망가 미기재,missing,no,no,"로, 나미 구합니다"
13df29c3ba080472ec9a2112,onepiececardgame,원피스 카드게임,2026-08,2026-08-02T08:01:25+09:00,known,e3aa86d9ae3b6afafc509251,13df29c3ba080472ec9a2112,105037,https://m.dcinside.com/board/onepiececardgame/105037,eb3 나미 페레 4장 구매합니다.,seller-09ef1afe8f7559250656d730,힐기사,registered,,장당,장당,,,buy,구매,1,8,80000,estimated,per_card,text,unknown,,active,needs_review,needs_review,"가격 단위 추정, 배송비 포함 여부 미확정",estimated,yes,candidate_estimated,장당 8에 구해봅니다.
69ff3d2744afccccc2e96cab,onepiececardgame,원피스 카드게임,2026-08,2026-08-02T08:01:25+09:00,known,b4cb899613996e964a8f51b3,69ff3d2744afccccc2e96cab,105037,https://m.dcinside.com/board/onepiececardgame/105037,eb3 나미 페레 4장 구매합니다.,seller-09ef1afe8f7559250656d730,힐기사,registered,,장당,장당,,,buy,구매,1,8,80000,estimated,per_card,text,unknown,,active,needs_review,needs_review,"가격 단위 추정, 배송비 포함 여부 미확정",estimated,yes,candidate_estimated,장당 8에 구해봅니다.
f2d4e961d2986e906d5a8dae,onepiececardgame,원피스 카드게임,2026-08,2026-08-02T08:01:25+09:00,known,24029c6b69d0bf8f87440515,f2d4e961d2986e906d5a8dae,105037,https://m.dcinside.com/board/onepiececardgame/105037,eb3 나미 페레 4장 구매합니다.,seller-09ef1afe8f7559250656d730,힐기사,registered,,장당,장당,,,buy,구매,1,8,80000,estimated,per_card,text,unknown,,active,needs_review,needs_review,"가격 단위 추정, 배송비 포함 여부 미확정",estimated,yes,candidate_estimated,장당 8에 구해봅니다.
fd9d9766988e8c0bf7c4e7c7,onepiececardgame,원피스 카드게임,2026-08,2026-08-02T08:01:25+09:00,known,c4168e28157ccc0d87f241e8,fd9d9766988e8c0bf7c4e7c7,105037,https://m.dcinside.com/board/onepiececardgame/105037,eb3 나미 페레 4장 구매합니다.,seller-09ef1afe8f7559250656d730,힐기사,registered,,장당,장당,,,buy,구매,1,8,80000,estimated,per_card,text,unknown,,active,needs_review,needs_review,"가격 단위 추정, 배송비 포함 여부 미확정",estimated,yes,candidate_estimated,장당 8에 구해봅니다.
15c203db22845d1ae154aecc,onepiececardgame,원피스 카드게임,2026-08,2026-08-02T09:14:27+09:00,known,cb5c6a85686e8255f6277c11,15c203db22845d1ae154aecc,105042,https://m.dcinside.com/board/onepiececardgame/105042,[삽니다] 챔쉽 매칭배틀 둥 8장까지 !,seller-8ad10b55fa52911e796a44cf,원딱러,registered,챔쉽 매칭배틀 둥 8장까지 !,챔쉽 매칭배틀 둥 8장까지 !,챔쉽 매칭배틀 둥 8장까지 !,,,buy,구매,8,,,missing,unknown,unknown,unknown,,active,needs_review,needs_review,희망가 미기재,missing,no,no,[삽니다] 챔쉽 매칭배틀 둥 8장까지 !
33a4db4afcc12a2a8f8724a4,onepiececardgame,원피스 카드게임,2026-08,2026-08-02T09:14:27+09:00,known,643f7d54936e43e925daaecb,33a4db4afcc12a2a8f8724a4,105042,https://m.dcinside.com/board/onepiececardgame/105042,[삽니다] 챔쉽 매칭배틀 둥 8장까지 !,seller-8ad10b55fa52911e796a44cf,원딱러,registered,챔쉽 매칭배틀 둥 8장까지 !,챔쉽 매칭배틀 둥 8장까지 !,챔쉽 매칭배틀 둥 8장까지 !,,,buy,구매,8,,,missing,unknown,unknown,unknown,,active,needs_review,needs_review,희망가 미기재,missing,no,no,[삽니다] 챔쉽 매칭배틀 둥 8장까지 !
a394aa014aad72835cf2bdce,onepiececardgame,원피스 카드게임,2026-08,2026-08-02T09:14:27+09:00,known,d354f8cdfe789f73a835cb84,a394aa014aad72835cf2bdce,105042,https://m.dcinside.com/board/onepiececardgame/105042,[삽니다] 챔쉽 매칭배틀 둥 8장까지 !,seller-8ad10b55fa52911e796a44cf,원딱러,registered,챔쉽 매칭배틀 둥 8장까지 !,챔쉽 매칭배틀 둥 8장까지 !,챔쉽 매칭배틀 둥 8장까지 !,,,buy,구매,8,,,missing,unknown,unknown,unknown,,active,needs_review,needs_review,희망가 미기재,missing,no,no,[삽니다] 챔쉽 매칭배틀 둥 8장까지 !
13709323f508e1b86ba7699f,onepiececardgame,원피스 카드게임,2026-08,2026-08-02T09:14:59+09:00,known,ec46761108a2efe4d19ed28e,13709323f508e1b86ba7699f,105043,https://m.dcinside.com/board/onepiececardgame/105043,오늘 킨들샵 직거래로 구합니다,seller-5c6a103f24c4448867a037b6,검정별,guest,PRB 7코 푸딩,PRB 7코 푸딩,PRB 7코 푸딩 장당,,,buy,구매,4,0.1,1000,estimated,per_card,text,unknown,,active,needs_review,needs_review,"가격 단위 추정, 배송비 포함 여부 미확정",estimated,yes,candidate_estimated,PRB 7코 푸딩 4장 장당 0.1에 구합니다
2489087b4c1c1d41917ae281,onepiececardgame,원피스 카드게임,2026-08,2026-08-02T09:14:59+09:00,known,87680018cf594b57080b8f36,2489087b4c1c1d41917ae281,105043,https://m.dcinside.com/board/onepiececardgame/105043,오늘 킨들샵 직거래로 구합니다,seller-f7cadfc22d4dc579b6116a3f,검정별,guest,자 카타쿠리 리페,자 카타쿠리 리페,자 카타쿠리 리페,,,buy,구매,1,1.5,15000,estimated,per_card,text,unknown,,active,needs_review,needs_review,"가격 단위 추정, 배송비 포함 여부 미확정",estimated,yes,candidate_estimated,자 카타쿠리 리페 1.5
445fc87fbd37b199d9efe745,onepiececardgame,원피스 카드게임,2026-08,2026-08-02T09:14:59+09:00,known,7cef9fd8efcf6ef64a3360bd,445fc87fbd37b199d9efe745,105043,https://m.dcinside.com/board/onepiececardgame/105043,오늘 킨들샵 직거래로 구합니다,seller-68b91602a8cd514e45302e2e,검정별,guest,PRB 7코 푸딩,PRB 7코 푸딩,PRB 7코 푸딩 장당,,,buy,구매,4,0.1,1000,estimated,per_card,text,unknown,,active,needs_review,needs_review,"가격 단위 추정, 배송비 포함 여부 미확정",estimated,yes,candidate_estimated,PRB 7코 푸딩 4장 장당 0.1에 구합니다
51d605433dabf5a812a8af01,onepiececardgame,원피스 카드게임,2026-08,2026-08-02T09:14:59+09:00,known,ec46761108a2efe4d19ed28e,51d605433dabf5a812a8af01,105043,https://m.dcinside.com/board/onepiececardgame/105043,오늘 킨들샵 직거래로 구합니다,seller-5c6a103f24c4448867a037b6,검정별,guest,자 카타쿠리 리페,자 카타쿠리 리페,자 카타쿠리 리페,,,buy,구매,1,1.5,15000,estimated,per_card,text,unknown,,active,needs_review,needs_review,"가격 단위 추정, 배송비 포함 여부 미확정",estimated,yes,candidate_estimated,자 카타쿠리 리페 1.5
603a945b52b0ffec80cb4865,onepiececardgame,원피스 카드게임,2026-08,2026-08-02T09:14:59+09:00,known,7cef9fd8efcf6ef64a3360bd,603a945b52b0ffec80cb4865,105043,https://m.dcinside.com/board/onepiececardgame/105043,오늘 킨들샵 직거래로 구합니다,seller-68b91602a8cd514e45302e2e,검정별,guest,자 카타쿠리 리페,자 카타쿠리 리페,자 카타쿠리 리페,,,buy,구매,1,1.5,15000,estimated,per_card,text,unknown,,active,needs_review,needs_review,"가격 단위 추정, 배송비 포함 여부 미확정",estimated,yes,candidate_estimated,자 카타쿠리 리페 1.5
f875f4522a6d0ee1a669a345,onepiececardgame,원피스 카드게임,2026-08,2026-08-02T09:14:59+09:00,known,87680018cf594b57080b8f36,f875f4522a6d0ee1a669a345,105043,https://m.dcinside.com/board/onepiececardgame/105043,오늘 킨들샵 직거래로 구합니다,seller-f7cadfc22d4dc579b6116a3f,검정별,guest,PRB 7코 푸딩,PRB 7코 푸딩,PRB 7코 푸딩 장당,,,buy,구매,4,0.1,1000,estimated,per_card,text,unknown,,active,needs_review,needs_review,"가격 단위 추정, 배송비 포함 여부 미확정",estimated,yes,candidate_estimated,PRB 7코 푸딩 4장 장당 0.1에 구합니다
378872f8d80b6c2707c2ab8e,onepiececardgame,원피스 카드게임,2026-08,2026-08-02T11:50:08+09:00,known,4d5edd80004c26965e2e7287,378872f8d80b6c2707c2ab8e,105058,https://m.dcinside.com/board/onepiececardgame/105058,op05 흑 시라호시 3장 구합니다.,seller-9754ae6816459f8a818b6646,qpwrou,guest,,,,,,buy,구매,3,1.0,10000,estimated,per_quantity,text,unknown,,active,needs_review,needs_review,"가격 단위 추정, 배송비 포함 여부 미확정, 카드명 확인 필요, 복수 수량 총액 · 카드 1장 가격 아님",estimated,no,no,3장 1.0 구해봅니다
5d5bd7f8f36a30b0132df7a5,onepiececardgame,원피스 카드게임,2026-08,2026-08-02T11:50:08+09:00,known,43ebd2ebd7923ca72f83d82a,5d5bd7f8f36a30b0132df7a5,105058,https://m.dcinside.com/board/onepiececardgame/105058,op05 흑 시라호시 3장 구합니다.,seller-9e05918eb3e95ee74e733862,qpwrou,guest,,,,,,buy,구매,3,1.0,10000,estimated,per_quantity,text,unknown,,active,needs_review,needs_review,"가격 단위 추정, 배송비 포함 여부 미확정, 카드명 확인 필요, 복수 수량 총액 · 카드 1장 가격 아님",estimated,no,no,3장 1.0 구해봅니다
e5c9e85dd96e7f515502be52,onepiececardgame,원피스 카드게임,2026-08,2026-08-02T11:50:08+09:00,known,d404f6d5679adfb13c25372c,e5c9e85dd96e7f515502be52,105058,https://m.dcinside.com/board/onepiececardgame/105058,op05 흑 시라호시 3장 구합니다.,seller-d5cfc97f34b3652429f0763e,qpwrou,guest,,,,,,buy,구매,3,1.0,10000,estimated,per_quantity,text,unknown,,active,needs_review,needs_review,"가격 단위 추정, 배송비 포함 여부 미확정, 카드명 확인 필요, 복수 수량 총액 · 카드 1장 가격 아님",estimated,no,no,3장 1.0 구해봅니다
1856e2831b48d04fa993dc35,onepiececardgame,원피스 카드게임,2026-08,2026-08-02T12:04:13+09:00,known,ce28d00bc1afdc762160ea3d,1856e2831b48d04fa993dc35,105061,https://m.dcinside.com/board/onepiececardgame/105061,수내직 13탄 6코 트라팔가 로 구매합니다,seller-3a0ce1d38c7f97b4e001b691,915,guest,,,,,,buy,구매,3,0.2,2000,estimated,per_quantity,text,unknown,,active,needs_review,needs_review,"가격 단위 추정, 배송비 포함 여부 미확정, 카드명 확인 필요, 복수 수량 총액 · 카드 1장 가격 아님",estimated,no,no,3장 0.2에 구매합니다
25c846b76fe5fb48efd1a27b,onepiececardgame,원피스 카드게임,2026-08,2026-08-02T12:04:13+09:00,known,8e5fa18d25edabbe8056ca5f,25c846b76fe5fb48efd1a27b,105061,https://m.dcinside.com/board/onepiececardgame/105061,수내직 13탄 6코 트라팔가 로 구매합니다,seller-94b5ddb9b68a3aedbd0cd41a,915,guest,,,,,,buy,구매,3,0.2,2000,estimated,per_quantity,text,unknown,,active,needs_review,needs_review,"가격 단위 추정, 배송비 포함 여부 미확정, 카드명 확인 필요, 복수 수량 총액 · 카드 1장 가격 아님",estimated,no,no,3장 0.2에 구매합니다
74db07b4878834a7b5fe20b1,onepiececardgame,원피스 카드게임,2026-08,2026-08-02T12:04:13+09:00,known,4dab05a3277e8f1c3362f13d,74db07b4878834a7b5fe20b1,105061,https://m.dcinside.com/board/onepiececardgame/105061,수내직 13탄 6코 트라팔가 로 구매합니다,seller-34957019610623ba222520f9,915,guest,,,,,,buy,구매,3,0.2,2000,estimated,per_quantity,text,unknown,,active,needs_review,needs_review,"가격 단위 추정, 배송비 포함 여부 미확정, 카드명 확인 필요, 복수 수량 총액 · 카드 1장 가격 아님",estimated,no,no,3장 0.2에 구매합니다
120d79802acc210d3813b7ea,onepiececardgame,원피스 카드게임,2026-08,2026-08-02T12:53:38+09:00,known,471bb1d84467f3b03084f2ab,120d79802acc210d3813b7ea,105068,https://m.dcinside.com/board/onepiececardgame/105068,9수염 2장 / 타시기SP 2장 구매합니다,seller-227a271c23d903e728399d54,보수.,registered,9수염 두장,9수염 두장,9수염 두장 준등포,,,buy,구매,1,1.0,10000,estimated,per_card,text,unknown,,active,needs_review,needs_review,"가격 단위 추정, 배송비 포함 여부 미확정",estimated,yes,candidate_estimated,9수염 두장 준등포- 1.0
53bda2f276dc7a645b95dc11,onepiececardgame,원피스 카드게임,2026-08,2026-08-02T12:53:38+09:00,known,421e4084f35b200c87689958,53bda2f276dc7a645b95dc11,105068,https://m.dcinside.com/board/onepiececardgame/105068,9수염 2장 / 타시기SP 2장 구매합니다,seller-227a271c23d903e728399d54,보수.,registered,9수염 두장,9수염 두장,9수염 두장 준등포,,,buy,구매,1,1.0,10000,estimated,per_card,text,unknown,,active,needs_review,needs_review,"가격 단위 추정, 배송비 포함 여부 미확정",estimated,yes,candidate_estimated,9수염 두장 준등포- 1.0
55efefd15aceff3e1d9b61a8,onepiececardgame,원피스 카드게임,2026-08,2026-08-02T12:53:38+09:00,known,66b5ae2c55d50ba69a26ea72,55efefd15aceff3e1d9b61a8,105068,https://m.dcinside.com/board/onepiececardgame/105068,9수염 2장 / 타시기SP 2장 구매합니다,seller-227a271c23d903e728399d54,보수.,registered,9수염 두장,9수염 두장,9수염 두장 준등포,,,buy,구매,1,1.0,10000,estimated,per_card,text,unknown,,active,needs_review,needs_review,"가격 단위 추정, 배송비 포함 여부 미확정",estimated,yes,candidate_estimated,9수염 두장 준등포- 1.0
83c00c484e06074dbf06b534,onepiececardgame,원피스 카드게임,2026-08,2026-08-02T12:53:38+09:00,known,471bb1d84467f3b03084f2ab,83c00c484e06074dbf06b534,105068,https://m.dcinside.com/board/onepiececardgame/105068,9수염 2장 / 타시기SP 2장 구매합니다,seller-227a271c23d903e728399d54,보수.,registered,12탄 청색 1코 타시기 SP,12탄 청색 1코 타시기 SP,12탄 청색 1코 타시기 SP,,,buy,구매,1,3.5,35000,estimated,per_card,text,unknown,,active,needs_review,needs_review,"가격 단위 추정, 배송비 포함 여부 미확정",estimated,yes,candidate_estimated,12탄 청색 1코 타시기 SP - 3.5
9ce7912508d2f50a06bc2314,onepiececardgame,원피스 카드게임,2026-08,2026-08-02T12:53:38+09:00,known,66b5ae2c55d50ba69a26ea72,9ce7912508d2f50a06bc2314,105068,https://m.dcinside.com/board/onepiececardgame/105068,9수염 2장 / 타시기SP 2장 구매합니다,seller-227a271c23d903e728399d54,보수.,registered,12탄 청색 1코 타시기 SP,12탄 청색 1코 타시기 SP,12탄 청색 1코 타시기 SP,,,buy,구매,1,3.5,35000,estimated,per_card,text,unknown,,active,needs_review,needs_review,"가격 단위 추정, 배송비 포함 여부 미확정",estimated,yes,candidate_estimated,12탄 청색 1코 타시기 SP - 3.5
bb83955e9108222dee2dd21f,onepiececardgame,원피스 카드게임,2026-08,2026-08-02T12:53:38+09:00,known,421e4084f35b200c87689958,bb83955e9108222dee2dd21f,105068,https://m.dcinside.com/board/onepiececardgame/105068,9수염 2장 / 타시기SP 2장 구매합니다,seller-227a271c23d903e728399d54,보수.,registered,12탄 청색 1코 타시기 SP,12탄 청색 1코 타시기 SP,12탄 청색 1코 타시기 SP,,,buy,구매,1,3.5,35000,estimated,per_card,text,unknown,,active,needs_review,needs_review,"가격 단위 추정, 배송비 포함 여부 미확정",estimated,yes,candidate_estimated,12탄 청색 1코 타시기 SP - 3.5
8e8c2f3ec320262447c10adc,onepiececardgame,원피스 카드게임,2026-08,2026-08-02T12:56:36+09:00,known,635f27ad47df708a2e472737,8e8c2f3ec320262447c10adc,105069,https://m.dcinside.com/board/onepiececardgame/105069,행콕 sp삽니다,seller-2e0d1d73c77d764dadb3e1ae,ㅇㅇ,guest,행콕 sp,행콕 sp,행콕 sp,,,buy,구매,1,,,missing,unknown,unknown,unknown,,active,needs_review,needs_review,희망가 미기재,missing,no,no,행콕 sp삽니다
a82a1fa7a8bea625cef7fcb5,onepiececardgame,원피스 카드게임,2026-08,2026-08-02T12:56:36+09:00,known,6ce7bb41d3125a1f3cbd54c4,a82a1fa7a8bea625cef7fcb5,105069,https://m.dcinside.com/board/onepiececardgame/105069,행콕 sp삽니다,seller-420715d59924d075b533f1d0,ㅇㅇ,guest,행콕 sp,행콕 sp,행콕 sp,,,buy,구매,1,,,missing,unknown,unknown,unknown,,active,needs_review,needs_review,희망가 미기재,missing,no,no,행콕 sp삽니다
d42aacc530ea3fc6ce28b0d8,onepiececardgame,원피스 카드게임,2026-08,2026-08-02T12:56:36+09:00,known,8ae5099803076d686d2ad8c2,d42aacc530ea3fc6ce28b0d8,105069,https://m.dcinside.com/board/onepiececardgame/105069,행콕 sp삽니다,seller-d56c596214b9628cce5c38f2,ㅇㅇ,guest,행콕 sp,행콕 sp,행콕 sp,,,buy,구매,1,,,missing,unknown,unknown,unknown,,active,needs_review,needs_review,희망가 미기재,missing,no,no,행콕 sp삽니다
5844ba6be151b6b612462884,onepiececardgame,원피스 카드게임,2026-08,2026-08-02T18:20:12+09:00,known,fbca08014a08b77f26284dbe,5844ba6be151b6b612462884,105115,https://m.dcinside.com/board/onepiececardgame/105115,13탄 시크 루피 삼,seller-1d7ecbecfbff6046d4832201,멤버즈,guest,13탄 시크 루피 삼,13탄 시크 루피 삼,13탄 시크 루피 삼,,,buy,구매,2,,,missing,unknown,unknown,unknown,,active,needs_review,needs_review,희망가 미기재,missing,no,no,13탄 시크 루피 삼
5aa09ce0073c62e801482ce8,onepiececardgame,원피스 카드게임,2026-08,2026-08-02T18:20:12+09:00,known,1ea31a16670c8d9528d3e876,5aa09ce0073c62e801482ce8,105115,https://m.dcinside.com/board/onepiececardgame/105115,13탄 시크 루피 삼,seller-b35ce9eab6023d7f43d22056,멤버즈,guest,13탄 시크 루피 삼,13탄 시크 루피 삼,13탄 시크 루피 삼,,,buy,구매,2,,,missing,unknown,unknown,unknown,,active,needs_review,needs_review,희망가 미기재,missing,no,no,13탄 시크 루피 삼
70af34549326231d6f56ded9,onepiececardgame,원피스 카드게임,2026-08,2026-08-02T18:20:12+09:00,known,3a44d17cd861fed7df6b269a,70af34549326231d6f56ded9,105115,https://m.dcinside.com/board/onepiececardgame/105115,13탄 시크 루피 삼,seller-0581966feff9ddb0b3a8d421,멤버즈,guest,13탄 시크 루피 삼,13탄 시크 루피 삼,13탄 시크 루피 삼,,,buy,구매,2,,,missing,unknown,unknown,unknown,,active,needs_review,needs_review,희망가 미기재,missing,no,no,13탄 시크 루피 삼
1e554781d717f6858350fd9d,onepiececardgame,원피스 카드게임,2026-08,2026-08-02T22:16:52+09:00,known,d005bcd7f138c340543270cc,1e554781d717f6858350fd9d,105167,https://m.dcinside.com/board/onepiececardgame/105167,EB03 우타시크 페레 구합니다,seller-8ad10b55fa52911e796a44cf,원딱러,registered,EB03 우타시크 페레,EB03 우타시크 페레,EB03 우타시크 페레 삽니다 장당,,,buy,구매,3,1.5,15000,estimated,per_card,text,unknown,,active,needs_review,needs_review,"가격 단위 추정, 배송비 포함 여부 미확정",estimated,yes,candidate_estimated,EB03 우타시크 페레 3장 삽니다 장당 1.5
89d068bcf4cf3f31e5cc54fe,onepiececardgame,원피스 카드게임,2026-08,2026-08-02T22:16:52+09:00,known,f021bcb58ce56a9d7c093939,89d068bcf4cf3f31e5cc54fe,105167,https://m.dcinside.com/board/onepiececardgame/105167,EB03 우타시크 페레 구합니다,seller-8ad10b55fa52911e796a44cf,원딱러,registered,EB03 우타시크 페레,EB03 우타시크 페레,EB03 우타시크 페레 삽니다 장당,,,buy,구매,3,1.5,15000,estimated,per_card,text,unknown,,active,needs_review,needs_review,"가격 단위 추정, 배송비 포함 여부 미확정",estimated,yes,candidate_estimated,EB03 우타시크 페레 3장 삽니다 장당 1.5
9e233473bb8821f61b145cbc,onepiececardgame,원피스 카드게임,2026-08,2026-08-02T22:16:52+09:00,known,7f612bd73d1fd82d9e0c4362,9e233473bb8821f61b145cbc,105167,https://m.dcinside.com/board/onepiececardgame/105167,EB03 우타시크 페레 구합니다,seller-8ad10b55fa52911e796a44cf,원딱러,registered,EB03 우타시크 페레,EB03 우타시크 페레,EB03 우타시크 페레 삽니다 장당,,,buy,구매,3,1.5,15000,estimated,per_card,text,unknown,,active,needs_review,needs_review,"가격 단위 추정, 배송비 포함 여부 미확정",estimated,yes,candidate_estimated,EB03 우타시크 페레 3장 삽니다 장당 1.5
10adcabbc2949e4bbb2894e7,onepiececardgame,원피스 카드게임,2026-08,2026-08-02T23:23:43+09:00,known,16e00dbb251c482390444634,10adcabbc2949e4bbb2894e7,105187,https://m.dcinside.com/board/onepiececardgame/105187,적레일리 완덱 삽니다,seller-f16cb8e37450f41aa7e3d9ed,ㅇㅇ,guest,적레일리 완덱,적레일리 완덱,적레일리 완덱,,,buy,구매,1,,,missing,unknown,unknown,unknown,,active,needs_review,needs_review,희망가 미기재,missing,no,no,적레일리 완덱 삽니다
4bd94e30b7095ff8583efc6f,onepiececardgame,원피스 카드게임,2026-08,2026-08-02T23:23:43+09:00,known,ed6726fec689589b22de9d13,4bd94e30b7095ff8583efc6f,105187,https://m.dcinside.com/board/onepiececardgame/105187,적레일리 완덱 삽니다,seller-76ae023514f63c93747f5365,ㅇㅇ,guest,적레일리 완덱,적레일리 완덱,적레일리 완덱,,,buy,구매,1,,,missing,unknown,unknown,unknown,,active,needs_review,needs_review,희망가 미기재,missing,no,no,적레일리 완덱 삽니다
bfb0fc8f82e01ea1afae765c,onepiececardgame,원피스 카드게임,2026-08,2026-08-02T23:23:43+09:00,known,6b8e331dc5f6e805f3ab99bb,bfb0fc8f82e01ea1afae765c,105187,https://m.dcinside.com/board/onepiececardgame/105187,적레일리 완덱 삽니다,seller-79f2ec3b488cde210826be9c,ㅇㅇ,guest,적레일리 완덱,적레일리 완덱,적레일리 완덱,,,buy,구매,1,,,missing,unknown,unknown,unknown,,active,needs_review,needs_review,희망가 미기재,missing,no,no,적레일리 완덱 삽니다
5121cf29fbca57b327e790a4,onepiececardgame,원피스 카드게임,2026-08,2026-08-03T08:47:12+09:00,known,cf6dc2172d5ff2c55a7d94cc,5121cf29fbca57b327e790a4,105233,https://m.dcinside.com/board/onepiececardgame/105233,"13탄 카무사리 페레, 12탄 레이주 페레 삽니다.",seller-8ad10b55fa52911e796a44cf,원딱러,registered,13탄 카무사리 페레,13탄 카무사리 페레,13탄 카무사리 페레 장당,,,buy,구매,1,10,100000,estimated,per_card,text,unknown,,active,needs_review,needs_review,"가격 단위 추정, 배송비 포함 여부 미확정",estimated,yes,candidate_estimated,13탄 카무사리 페레 장당 10에 2장까지 삽니다.
5718092da818b29a52d1e309,onepiececardgame,원피스 카드게임,2026-08,2026-08-03T08:47:12+09:00,known,cf6dc2172d5ff2c55a7d94cc,5718092da818b29a52d1e309,105233,https://m.dcinside.com/board/onepiececardgame/105233,"13탄 카무사리 페레, 12탄 레이주 페레 삽니다.",seller-8ad10b55fa52911e796a44cf,원딱러,registered,12탄 레이주 페레,12탄 레이주 페레,12탄 레이주 페레 장당,,,buy,구매,1,4,40000,estimated,per_card,text,unknown,,active,needs_review,needs_review,"가격 단위 추정, 배송비 포함 여부 미확정",estimated,yes,candidate_estimated,12탄 레이주 페레 장당 4에 4장까지 삽니다.
8687b4d1f98dfd09424a8769,onepiececardgame,원피스 카드게임,2026-08,2026-08-03T08:47:12+09:00,known,ec45aea01392f8ea07c315b8,8687b4d1f98dfd09424a8769,105233,https://m.dcinside.com/board/onepiececardgame/105233,"13탄 카무사리 페레, 12탄 레이주 페레 삽니다.",seller-8ad10b55fa52911e796a44cf,원딱러,registered,12탄 레이주 페레,12탄 레이주 페레,12탄 레이주 페레 장당,,,buy,구매,1,4,40000,estimated,per_card,text,unknown,,active,needs_review,needs_review,"가격 단위 추정, 배송비 포함 여부 미확정",estimated,yes,candidate_estimated,12탄 레이주 페레 장당 4에 4장까지 삽니다.
b8917cd344df35ba219babb9,onepiececardgame,원피스 카드게임,2026-08,2026-08-03T08:47:12+09:00,known,0e5a7ee716fb9f4602ae4d4d,b8917cd344df35ba219babb9,105233,https://m.dcinside.com/board/onepiececardgame/105233,"13탄 카무사리 페레, 12탄 레이주 페레 삽니다.",seller-8ad10b55fa52911e796a44cf,원딱러,registered,12탄 레이주 페레,12탄 레이주 페레,12탄 레이주 페레 장당,,,buy,구매,1,4,40000,estimated,per_card,text,unknown,,active,needs_review,needs_review,"가격 단위 추정, 배송비 포함 여부 미확정",estimated,yes,candidate_estimated,12탄 레이주 페레 장당 4에 4장까지 삽니다.
eee56d6980102ca60202eeb8,onepiececardgame,원피스 카드게임,2026-08,2026-08-03T08:47:12+09:00,known,0e5a7ee716fb9f4602ae4d4d,eee56d6980102ca60202eeb8,105233,https://m.dcinside.com/board/onepiececardgame/105233,"13탄 카무사리 페레, 12탄 레이주 페레 삽니다.",seller-8ad10b55fa52911e796a44cf,원딱러,registered,13탄 카무사리 페레,13탄 카무사리 페레,13탄 카무사리 페레 장당,,,buy,구매,1,10,100000,estimated,per_card,text,unknown,,active,needs_review,needs_review,"가격 단위 추정, 배송비 포함 여부 미확정",estimated,yes,candidate_estimated,13탄 카무사리 페레 장당 10에 2장까지 삽니다.
f50c01decc7c488445c3b29a,onepiececardgame,원피스 카드게임,2026-08,2026-08-03T08:47:12+09:00,known,ec45aea01392f8ea07c315b8,f50c01decc7c488445c3b29a,105233,https://m.dcinside.com/board/onepiececardgame/105233,"13탄 카무사리 페레, 12탄 레이주 페레 삽니다.",seller-8ad10b55fa52911e796a44cf,원딱러,registered,13탄 카무사리 페레,13탄 카무사리 페레,13탄 카무사리 페레 장당,,,buy,구매,1,10,100000,estimated,per_card,text,unknown,,active,needs_review,needs_review,"가격 단위 추정, 배송비 포함 여부 미확정",estimated,yes,candidate_estimated,13탄 카무사리 페레 장당 10에 2장까지 삽니다.
10151f0add6bfcc6ff09eef7,onepiececardgame,원피스 카드게임,2026-08,2026-08-03T09:16:26+09:00,known,ae99619651077e5169a041c5,10151f0add6bfcc6ff09eef7,105237,https://m.dcinside.com/board/onepiececardgame/105237,우소하치SP 4장으로 페로나 페레 4장 구합니다.,seller-8ad10b55fa52911e796a44cf,원딱러,registered,우소하치SP 4장으로 페로나 페레,우소하치SP 4장으로 페로나 페레,우소하치SP 4장으로 페로나 페레 4장 .,,,buy,구매,4,,,missing,unknown,unknown,unknown,,active,needs_review,needs_review,희망가 미기재,missing,no,no,우소하치SP 4장으로 페로나 페레 4장 구합니다.
a285e21cb0a6103e60b7886b,onepiececardgame,원피스 카드게임,2026-08,2026-08-03T09:16:26+09:00,known,8a26f95c6ff2e90f643bb72b,a285e21cb0a6103e60b7886b,105237,https://m.dcinside.com/board/onepiececardgame/105237,우소하치SP 4장으로 페로나 페레 4장 구합니다.,seller-8ad10b55fa52911e796a44cf,원딱러,registered,우소하치SP 4장으로 페로나 페레,우소하치SP 4장으로 페로나 페레,우소하치SP 4장으로 페로나 페레 4장 .,,,buy,구매,4,,,missing,unknown,unknown,unknown,,active,needs_review,needs_review,희망가 미기재,missing,no,no,우소하치SP 4장으로 페로나 페레 4장 구합니다.
e4f1ec664bb9df24fe7b6568,onepiececardgame,원피스 카드게임,2026-08,2026-08-03T09:16:26+09:00,known,3582350ff150cf73be8dfe6a,e4f1ec664bb9df24fe7b6568,105237,https://m.dcinside.com/board/onepiececardgame/105237,우소하치SP 4장으로 페로나 페레 4장 구합니다.,seller-8ad10b55fa52911e796a44cf,원딱러,registered,우소하치SP 4장으로 페로나 페레,우소하치SP 4장으로 페로나 페레,우소하치SP 4장으로 페로나 페레 4장 .,,,buy,구매,4,,,missing,unknown,unknown,unknown,,active,needs_review,needs_review,희망가 미기재,missing,no,no,우소하치SP 4장으로 페로나 페레 4장 구합니다.
178b5a5a290d85cc4977c799,onepiececardgame,원피스 카드게임,2026-08,2026-08-03T09:48:57+09:00,known,5c7dbc3d995f2c6b40633c5e,178b5a5a290d85cc4977c799,105240,https://m.dcinside.com/board/onepiececardgame/105240,플십 조로 삽니다.,seller-e69c1fa433dbd1c7581bffed,카무사리999,guest,플십 조로,플십 조로,플십 조로 .,,,buy,구매,1,,,missing,unknown,unknown,unknown,,active,needs_review,needs_review,희망가 미기재,missing,no,no,플십 조로 삽니다.
4742c5a64f254d7e4acd7611,onepiececardgame,원피스 카드게임,2026-08,2026-08-03T09:48:57+09:00,known,69b72aa6138b928008f607de,4742c5a64f254d7e4acd7611,105240,https://m.dcinside.com/board/onepiececardgame/105240,플십 조로 삽니다.,seller-9f32045cdc4f59ebbaa99305,카무사리999,guest,플십 조로,플십 조로,플십 조로 .,,,buy,구매,1,,,missing,unknown,unknown,unknown,,active,needs_review,needs_review,희망가 미기재,missing,no,no,플십 조로 삽니다.
e21cbdf033b5f9446c089615,onepiececardgame,원피스 카드게임,2026-08,2026-08-03T09:48:57+09:00,known,0813d24a440c1f5521dfbde3,e21cbdf033b5f9446c089615,105240,https://m.dcinside.com/board/onepiececardgame/105240,플십 조로 삽니다.,seller-e684083d40292b8137aeadae,카무사리999,guest,플십 조로,플십 조로,플십 조로 .,,,buy,구매,1,,,missing,unknown,unknown,unknown,,active,needs_review,needs_review,희망가 미기재,missing,no,no,플십 조로 삽니다.
18711bfd32d405ca3bde30c1,onepiececardgame,원피스 카드게임,2026-08,2026-08-03T12:10:17+09:00,known,e6c4c2a9163fafcddd92a56f,18711bfd32d405ca3bde30c1,105260,https://m.dcinside.com/board/onepiececardgame/105260,eb3 나미sr 구합니다(구완),seller-26fd2967ce89a786c1558241,오뎅,guest,eb3 나미sr 구완,eb3 나미sr 구완,eb3 나미sr (구완,,,buy,구매,2,,,missing,unknown,unknown,unknown,,active,needs_review,needs_review,희망가 미기재,missing,no,no,eb3 나미sr 구합니다(구완)
5246ee6c52bd8d0b4af9df38,onepiececardgame,원피스 카드게임,2026-08,2026-08-03T12:10:17+09:00,known,e1b7b11f26fe80c50d6e7b9c,5246ee6c52bd8d0b4af9df38,105260,https://m.dcinside.com/board/onepiececardgame/105260,eb3 나미sr 구합니다(구완),seller-5e4b6e90ab1c83cf1898281c,오뎅,guest,eb3 나미sr 구완,eb3 나미sr 구완,eb3 나미sr (구완,,,buy,구매,2,,,missing,unknown,unknown,unknown,,active,needs_review,needs_review,희망가 미기재,missing,no,no,eb3 나미sr 구합니다(구완)
7e528bc0a59bd7c3e0c963ef,onepiececardgame,원피스 카드게임,2026-08,2026-08-03T12:10:17+09:00,known,93d4594b23bf553a6b4c8398,7e528bc0a59bd7c3e0c963ef,105260,https://m.dcinside.com/board/onepiececardgame/105260,eb3 나미sr 구합니다(구완),seller-936f803884e5797863e966db,오뎅,guest,eb3 나미sr 구완,eb3 나미sr 구완,eb3 나미sr (구완,,,buy,구매,2,,,missing,unknown,unknown,unknown,,active,needs_review,needs_review,희망가 미기재,missing,no,no,eb3 나미sr 구합니다(구완)
28f354ad801ddbc5892ab70b,onepiececardgame,원피스 카드게임,2026-08,2026-08-03T12:37:38+09:00,known,8ccc85696af503c6cc3fc560,28f354ad801ddbc5892ab70b,105264,https://m.dcinside.com/board/onepiececardgame/105264,슈거 리페 완덱 구매합니다,seller-81fbf6723708436fc8561b55,검정별,guest,슈거 리페 완덱,슈거 리페 완덱,슈거 리페 완덱,,,buy,구매,1,,,missing,unknown,unknown,unknown,,active,needs_review,needs_review,희망가 미기재,missing,no,no,슈거 리페 완덱 구매합니다
72071112747101675e33c65e,onepiececardgame,원피스 카드게임,2026-08,2026-08-03T12:37:38+09:00,known,474e77df09f7df8bbcc9d88c,72071112747101675e33c65e,105264,https://m.dcinside.com/board/onepiececardgame/105264,슈거 리페 완덱 구매합니다,seller-68f37702fcf831435a6325b5,검정별,guest,슈거 리페 완덱,슈거 리페 완덱,슈거 리페 완덱,,,buy,구매,1,,,missing,unknown,unknown,unknown,,active,needs_review,needs_review,희망가 미기재,missing,no,no,슈거 리페 완덱 구매합니다
ccf1cc9d28b9d9d79f596639,onepiececardgame,원피스 카드게임,2026-08,2026-08-03T12:37:38+09:00,known,1af676058811554bb13d7e11,ccf1cc9d28b9d9d79f596639,105264,https://m.dcinside.com/board/onepiececardgame/105264,슈거 리페 완덱 구매합니다,seller-3c94b3c1d9e20abcc256fa3f,검정별,guest,슈거 리페 완덱,슈거 리페 완덱,슈거 리페 완덱,,,buy,구매,1,,,missing,unknown,unknown,unknown,,active,needs_review,needs_review,희망가 미기재,missing,no,no,슈거 리페 완덱 구매합니다
302644db3c8b9b4d866896bb,onepiececardgame,원피스 카드게임,2026-08,2026-08-03T14:12:45+09:00,known,ba65e0c8cbfe95a2b3746668,302644db3c8b9b4d866896bb,105279,https://m.dcinside.com/board/onepiececardgame/105279,히로인즈 나미 1.5에 삽니다,seller-8ad10b55fa52911e796a44cf,원딱러,registered,나미 sr,나미 sr,나미 sr,,,buy,구매,1,1.5,15000,estimated,per_card,text,unknown,,active,needs_review,needs_review,"가격 단위 추정, 배송비 포함 여부 미확정",estimated,yes,candidate_estimated,나미 sr 1.5에 4장 구매합니다. 낱장도 괜찮아요
73b36cfd80cb0ff008de84bf,onepiececardgame,원피스 카드게임,2026-08,2026-08-03T14:12:45+09:00,known,6ff975bb718aa13134016a52,73b36cfd80cb0ff008de84bf,105279,https://m.dcinside.com/board/onepiececardgame/105279,히로인즈 나미 1.5에 삽니다,seller-8ad10b55fa52911e796a44cf,원딱러,registered,나미 sr,나미 sr,나미 sr,,,buy,구매,1,1.5,15000,estimated,per_card,text,unknown,,active,needs_review,needs_review,"가격 단위 추정, 배송비 포함 여부 미확정",estimated,yes,candidate_estimated,나미 sr 1.5에 4장 구매합니다. 낱장도 괜찮아요
8b6951e5a6ed9773dcec925d,onepiececardgame,원피스 카드게임,2026-08,2026-08-03T14:12:45+09:00,known,8676dcdfe58c657f63fffcc6,8b6951e5a6ed9773dcec925d,105279,https://m.dcinside.com/board/onepiececardgame/105279,히로인즈 나미 1.5에 삽니다,seller-8ad10b55fa52911e796a44cf,원딱러,registered,나미 sr,나미 sr,나미 sr,,,buy,구매,1,1.5,15000,estimated,per_card,text,unknown,,active,needs_review,needs_review,"가격 단위 추정, 배송비 포함 여부 미확정",estimated,yes,candidate_estimated,나미 sr 1.5에 4장 구매합니다. 낱장도 괜찮아요
245a5cecf3db29323e5666ad,onepiececardgame,원피스 카드게임,2026-08,2026-08-03T14:58:47+09:00,known,5e576d8374efec780e59b247,245a5cecf3db29323e5666ad,105292,https://m.dcinside.com/board/onepiececardgame/105292,op12-063 레이주sr 4장 구매합니다,seller-61f1b4e7af210e35938f6a60,ㅇㅇ,guest,,장당,장당,,,buy,구매,1,0.8,8000,estimated,per_card,text,unknown,,active,needs_review,needs_review,"가격 단위 추정, 배송비 포함 여부 미확정",estimated,yes,candidate_estimated,장당 0.8에 4장 구매합니다
778fd0dad950c4ad6056a171,onepiececardgame,원피스 카드게임,2026-08,2026-08-03T14:58:47+09:00,known,e98e8693621586abc351d5af,778fd0dad950c4ad6056a171,105292,https://m.dcinside.com/board/onepiececardgame/105292,op12-063 레이주sr 4장 구매합니다,seller-32b2d7e5d02c91cb30eef61b,ㅇㅇ,guest,,장당,장당,,,buy,구매,1,0.8,8000,estimated,per_card,text,unknown,,active,needs_review,needs_review,"가격 단위 추정, 배송비 포함 여부 미확정",estimated,yes,candidate_estimated,장당 0.8에 4장 구매합니다
f779afb3ab5904cdb0a58637,onepiececardgame,원피스 카드게임,2026-08,2026-08-03T14:58:47+09:00,known,c2d6b697d5f884daf3991f08,f779afb3ab5904cdb0a58637,105292,https://m.dcinside.com/board/onepiececardgame/105292,op12-063 레이주sr 4장 구매합니다,seller-9b202e902a3a60c49f28a661,ㅇㅇ,guest,,장당,장당,,,buy,구매,1,0.8,8000,estimated,per_card,text,unknown,,active,needs_review,needs_review,"가격 단위 추정, 배송비 포함 여부 미확정",estimated,yes,candidate_estimated,장당 0.8에 4장 구매합니다
1e0a3f331c7852c68664df79,onepiececardgame,원피스 카드게임,2026-08,2026-08-03T15:17:05+09:00,known,b63dbb560ed4d521c6cdcdbb,1e0a3f331c7852c68664df79,105296,https://m.dcinside.com/board/onepiececardgame/105296,자흑루피 완덱 구매합니다(구매완료),seller-dd65ed94d25f0da10c7e83eb,위너즈,guest,자흑루피 완덱 완료,자흑루피 완덱 완료,자흑루피 완덱 (완료,,,buy,구매,1,,,removed,unknown,unknown,unknown,,completed,context_only,needs_review,"희망가 미기재, 거래 완료 글 · 현재 매물 제외, 가격 삭제 추정",removed,no,no,자흑루피 완덱 구매합니다(구매완료)
bd436b39e4d85c0b1f0530ae,onepiececardgame,원피스 카드게임,2026-08,2026-08-03T15:17:05+09:00,known,6e215618dd97c787ffef03e3,bd436b39e4d85c0b1f0530ae,105296,https://m.dcinside.com/board/onepiececardgame/105296,자흑루피 완덱 구매합니다(구매완료),seller-2ac9c2c133b51d5ffa6446de,위너즈,guest,자흑루피 완덱 완료,자흑루피 완덱 완료,자흑루피 완덱 (완료,,,buy,구매,1,,,removed,unknown,unknown,unknown,,completed,context_only,needs_review,"희망가 미기재, 거래 완료 글 · 현재 매물 제외, 가격 삭제 추정",removed,no,no,자흑루피 완덱 구매합니다(구매완료)
ee62f9868edddc53f65c890b,onepiececardgame,원피스 카드게임,2026-08,2026-08-03T15:17:05+09:00,known,32fa896ed8f3d17dc57945e6,ee62f9868edddc53f65c890b,105296,https://m.dcinside.com/board/onepiececardgame/105296,자흑루피 완덱 구매합니다(구매완료),seller-88539aa55a490b572d872fdb,위너즈,guest,자흑루피 완덱 완료,자흑루피 완덱 완료,자흑루피 완덱 (완료,,,buy,구매,1,,,removed,unknown,unknown,unknown,,completed,context_only,needs_review,"희망가 미기재, 거래 완료 글 · 현재 매물 제외, 가격 삭제 추정",removed,no,no,자흑루피 완덱 구매합니다(구매완료)
25163a3245027cd63f2f072c,onepiececardgame,원피스 카드게임,2026-08,2026-08-03T15:33:19+09:00,known,b6b093c936fbd1badc182ae7,25163a3245027cd63f2f072c,105299,https://m.dcinside.com/board/onepiececardgame/105299,이무 완덱 구매 (구매완),seller-8ad10b55fa52911e796a44cf,원딱러,registered,이무 완덱 완,이무 완덱 완,이무 완덱 (완,,,buy,구매,1,,,missing,unknown,unknown,unknown,,active,needs_review,needs_review,희망가 미기재,missing,no,no,이무 완덱 구매 (구매완)
83d2361e98747820231b3462,onepiececardgame,원피스 카드게임,2026-08,2026-08-03T15:33:19+09:00,known,c4046b12e0cc7039a1a0f712,83d2361e98747820231b3462,105299,https://m.dcinside.com/board/onepiececardgame/105299,이무 완덱 구매 (구매완),seller-8ad10b55fa52911e796a44cf,원딱러,registered,이무 완덱 완,이무 완덱 완,이무 완덱 (완,,,buy,구매,1,,,missing,unknown,unknown,unknown,,active,needs_review,needs_review,희망가 미기재,missing,no,no,이무 완덱 구매 (구매완)
f4cd1124e42110863f615cf8,onepiececardgame,원피스 카드게임,2026-08,2026-08-03T15:33:19+09:00,known,0187850d59f61e4eb360d2ad,f4cd1124e42110863f615cf8,105299,https://m.dcinside.com/board/onepiececardgame/105299,이무 완덱 구매 (구매완),seller-8ad10b55fa52911e796a44cf,원딱러,registered,이무 완덱 완,이무 완덱 완,이무 완덱 (완,,,buy,구매,1,,,missing,unknown,unknown,unknown,,active,needs_review,needs_review,희망가 미기재,missing,no,no,이무 완덱 구매 (구매완)
4bdcb158afcf6bf1599f4bee,onepiececardgame,원피스 카드게임,2026-08,2026-08-03T16:38:49+09:00,known,fd75efe3954482b898b7ab90,4bdcb158afcf6bf1599f4bee,105316,https://m.dcinside.com/board/onepiececardgame/105316,EB03 우타시크페레 구해봅니다,seller-8ad10b55fa52911e796a44cf,원딱러,registered,EB03 우타 시크페레,EB03 우타 시크페레,EB03 우타 시크페레 구해요 장당,,,buy,구매,3,1.5,15000,estimated,per_card,text,unknown,,active,needs_review,needs_review,"가격 단위 추정, 배송비 포함 여부 미확정",estimated,yes,candidate_estimated,EB03 우타 시크페레 3장 구해요 장당 1.5
5f30ad21f086c31fd581e43a,onepiececardgame,원피스 카드게임,2026-08,2026-08-03T16:38:49+09:00,known,31da376dcb4e8c2463cbcf7c,5f30ad21f086c31fd581e43a,105316,https://m.dcinside.com/board/onepiececardgame/105316,EB03 우타시크페레 구해봅니다,seller-8ad10b55fa52911e796a44cf,원딱러,registered,EB03 우타 시크페레,EB03 우타 시크페레,EB03 우타 시크페레 구해요 장당,,,buy,구매,3,1.5,15000,estimated,per_card,text,unknown,,active,needs_review,needs_review,"가격 단위 추정, 배송비 포함 여부 미확정",estimated,yes,candidate_estimated,EB03 우타 시크페레 3장 구해요 장당 1.5
fb47b8aaac5e79c28cd7b332,onepiececardgame,원피스 카드게임,2026-08,2026-08-03T16:38:49+09:00,known,9f9f4f5e1543ca9a2cb1a46b,fb47b8aaac5e79c28cd7b332,105316,https://m.dcinside.com/board/onepiececardgame/105316,EB03 우타시크페레 구해봅니다,seller-8ad10b55fa52911e796a44cf,원딱러,registered,EB03 우타 시크페레,EB03 우타 시크페레,EB03 우타 시크페레 구해요 장당,,,buy,구매,3,1.5,15000,estimated,per_card,text,unknown,,active,needs_review,needs_review,"가격 단위 추정, 배송비 포함 여부 미확정",estimated,yes,candidate_estimated,EB03 우타 시크페레 3장 구해요 장당 1.5
2ef6f12921a97372471b9d3f,onepiececardgame,원피스 카드게임,2026-08,2026-08-03T16:48:41+09:00,known,de264a4df0ff327dcc5b1c7d,2ef6f12921a97372471b9d3f,105321,https://m.dcinside.com/board/onepiececardgame/105321,Prb조로 3장 구합니다,seller-3ff733856cc33ea322f248f9,ㅇㅇ,guest,상관없이,상관없이,", 상관없이 장당",,,buy,구매,3,0.4,4000,estimated,bundle,text,unknown,,active,needs_review,needs_review,"가격 단위 추정, 복수 카드 가격, 배송비 포함 여부 미확정, 묶음·세트 총액 · 개별 카드 가격 아님",estimated,no,no,"3장, 4장 상관없이 장당 0.4에 구매합니다"
4edb729449cd226e1aa6c7f8,onepiececardgame,원피스 카드게임,2026-08,2026-08-03T16:48:41+09:00,known,e473e214fdfc86aed21a4c09,4edb729449cd226e1aa6c7f8,105321,https://m.dcinside.com/board/onepiececardgame/105321,Prb조로 3장 구합니다,seller-6cec379af29ae31a7aaf361a,ㅇㅇ,guest,상관없이,상관없이,", 상관없이 장당",,,buy,구매,3,0.4,4000,estimated,bundle,text,unknown,,active,needs_review,needs_review,"가격 단위 추정, 복수 카드 가격, 배송비 포함 여부 미확정, 묶음·세트 총액 · 개별 카드 가격 아님",estimated,no,no,"3장, 4장 상관없이 장당 0.4에 구매합니다"
d3e3874b97bfc96c9b824282,onepiececardgame,원피스 카드게임,2026-08,2026-08-03T16:48:41+09:00,known,74806fccc9760a32a4dc34c7,d3e3874b97bfc96c9b824282,105321,https://m.dcinside.com/board/onepiececardgame/105321,Prb조로 3장 구합니다,seller-a670c4f5a7f7bb68718fbe54,ㅇㅇ,guest,상관없이,상관없이,", 상관없이 장당",,,buy,구매,3,0.4,4000,estimated,bundle,text,unknown,,active,needs_review,needs_review,"가격 단위 추정, 복수 카드 가격, 배송비 포함 여부 미확정, 묶음·세트 총액 · 개별 카드 가격 아님",estimated,no,no,"3장, 4장 상관없이 장당 0.4에 구매합니다"
271b192563d59a4b751a1a65,onepiececardgame,원피스 카드게임,2026-08,2026-08-03T17:03:17+09:00,known,ea80aee852e01bf7fdce8e6c,271b192563d59a4b751a1a65,105329,https://m.dcinside.com/board/onepiececardgame/105329,장한평 직거래로 ER03 나미 SR 2장 구합니다.,seller-6b9bcec834196c4bd06884cd,ㅇㅇ,guest,,장당,장당,,,buy,구매,1,1.5,15000,estimated,per_card,text,unknown,,completed,context_only,needs_review,"가격 단위 추정, 배송비 포함 여부 미확정, 거래 완료 글 · 현재 매물 제외",estimated,no,no,장당 1.5 구매합니다.
ebf07a56e42f106fd43c1ce6,onepiececardgame,원피스 카드게임,2026-08,2026-08-03T17:03:17+09:00,known,481619af82e730564cc320ae,ebf07a56e42f106fd43c1ce6,105329,https://m.dcinside.com/board/onepiececardgame/105329,장한평 직거래로 ER03 나미 SR 2장 구합니다.,seller-fb34040348055fdf592040d0,ㅇㅇ,guest,,장당,장당,,,buy,구매,1,1.5,15000,estimated,per_card,text,unknown,,completed,context_only,needs_review,"가격 단위 추정, 배송비 포함 여부 미확정, 거래 완료 글 · 현재 매물 제외",estimated,no,no,장당 1.5 구매합니다.
ec7c9be6c007ee813d0982c1,onepiececardgame,원피스 카드게임,2026-08,2026-08-03T17:03:17+09:00,known,55bf2d6c937b19814c9e6a35,ec7c9be6c007ee813d0982c1,105329,https://m.dcinside.com/board/onepiececardgame/105329,장한평 직거래로 ER03 나미 SR 2장 구합니다.,seller-2ea057848e30a26db223a8cd,ㅇㅇ,guest,,장당,장당,,,buy,구매,1,1.5,15000,estimated,per_card,text,unknown,,completed,context_only,needs_review,"가격 단위 추정, 배송비 포함 여부 미확정, 거래 완료 글 · 현재 매물 제외",estimated,no,no,장당 1.5 구매합니다.
3bd7fe2baeecf2e141b04760,onepiececardgame,원피스 카드게임,2026-08,2026-08-03T17:35:40+09:00,known,1b4c92a8716176bc4a8b1c22,3bd7fe2baeecf2e141b04760,105336,https://m.dcinside.com/board/onepiececardgame/105336,eb03 나미 sr 2장 구매해봅니다,seller-85e46a47cec391eb3ce4734d,ㅇㅇ,guest,,,,,,buy,구매,2,3,30000,estimated,per_quantity,text,unknown,,active,needs_review,needs_review,"가격 단위 추정, 배송비 포함 여부 미확정, 카드명 확인 필요, 복수 수량 총액 · 카드 1장 가격 아님",estimated,no,no,2장 3에 사봅니다
bdbbd8bf03a7e521cc770b8e,onepiececardgame,원피스 카드게임,2026-08,2026-08-03T17:35:40+09:00,known,ca61caa36eddfeea603fdb78,bdbbd8bf03a7e521cc770b8e,105336,https://m.dcinside.com/board/onepiececardgame/105336,eb03 나미 sr 2장 구매해봅니다,seller-f769eb2094565a877e52cc45,ㅇㅇ,guest,,,,,,buy,구매,2,3,30000,estimated,per_quantity,text,unknown,,active,needs_review,needs_review,"가격 단위 추정, 배송비 포함 여부 미확정, 카드명 확인 필요, 복수 수량 총액 · 카드 1장 가격 아님",estimated,no,no,2장 3에 사봅니다
f9dad4f97638622b0780c12c,onepiececardgame,원피스 카드게임,2026-08,2026-08-03T17:35:40+09:00,known,92200adcc00a0e6d3809ee01,f9dad4f97638622b0780c12c,105336,https://m.dcinside.com/board/onepiececardgame/105336,eb03 나미 sr 2장 구매해봅니다,seller-9866c037041ce114d95b0264,ㅇㅇ,guest,,,,,,buy,구매,2,3,30000,estimated,per_quantity,text,unknown,,active,needs_review,needs_review,"가격 단위 추정, 배송비 포함 여부 미확정, 카드명 확인 필요, 복수 수량 총액 · 카드 1장 가격 아님",estimated,no,no,2장 3에 사봅니다
004f0b2d314cf82863ebd45b,onepiececardgame,원피스 카드게임,2026-08,2026-08-03T17:37:53+09:00,known,fd55b49191ca4549a873f17f,004f0b2d314cf82863ebd45b,105337,https://m.dcinside.com/board/onepiececardgame/105337,13탄 히로인즈 판다이온,seller-eed518f84b89c67441112c5f,붕붕,guest,임 리페 뒷면하자,임 리페 뒷면하자,임 리페 4 (뒷면하자) (,,,buy,구매,1,1,10000,estimated,per_card,text,unknown,,active,needs_review,needs_review,"가격 단위 추정, 배송비 포함 여부 미확정",estimated,yes,candidate_estimated,임 리페 4 (뒷면하자) (1)
01a1c2d2567ae628d95d7136,onepiececardgame,원피스 카드게임,2026-08,2026-08-03T17:37:53+09:00,known,fd55b49191ca4549a873f17f,01a1c2d2567ae628d95d7136,105337,https://m.dcinside.com/board/onepiececardgame/105337,13탄 히로인즈 판다이온,seller-eed518f84b89c67441112c5f,붕붕,guest,우타 sr,우타 sr,우타 sr 0.1 (,,,buy,구매,1,3,30000,estimated,per_card,text,unknown,,active,needs_review,needs_review,"가격 단위 추정, 배송비 포함 여부 미확정",estimated,yes,candidate_estimated,우타 sr 0.1 (3)
03e711c9dcc42fab9d99c9d6,onepiececardgame,원피스 카드게임,2026-08,2026-08-03T17:37:53+09:00,known,fd55b49191ca4549a873f17f,03e711c9dcc42fab9d99c9d6,105337,https://m.dcinside.com/board/onepiececardgame/105337,13탄 히로인즈 판다이온,seller-eed518f84b89c67441112c5f,붕붕,guest,페로나 sr,페로나 sr,페로나 sr 0.1 (,,,buy,구매,1,2,20000,estimated,per_card,text,unknown,,active,needs_review,needs_review,"가격 단위 추정, 배송비 포함 여부 미확정",estimated,yes,candidate_estimated,페로나 sr 0.1 (2)
03f4f22308e39ef54f312c06,onepiececardgame,원피스 카드게임,2026-08,2026-08-03T17:37:53+09:00,known,ef713dbd2a89861f8458da0a,03f4f22308e39ef54f312c06,105337,https://m.dcinside.com/board/onepiececardgame/105337,13탄 히로인즈 판다이온,seller-31f3ec61ebe02a38ff337d47,붕붕,guest,징베 레페,징베 레페,징베 레페 1 (,,,buy,구매,1,1,10000,estimated,per_card,text,unknown,,active,needs_review,needs_review,"가격 단위 추정, 배송비 포함 여부 미확정",estimated,yes,candidate_estimated,징베 레페 1 (1)
04c11583c75a6b163e0e3388,onepiececardgame,원피스 카드게임,2026-08,2026-08-03T17:37:53+09:00,known,fd55b49191ca4549a873f17f,04c11583c75a6b163e0e3388,105337,https://m.dcinside.com/board/onepiececardgame/105337,13탄 히로인즈 판다이온,seller-eed518f84b89c67441112c5f,붕붕,guest,이상 바람 준등 일택,이상 바람 준등 일택,1.5 이상 구매 바람 준등 0.2 일택,,,buy,구매,1,0.4,4000,estimated,per_card,text,unknown,,active,needs_review,needs_review,"가격 단위 추정, 배송비 포함 여부 미확정",estimated,yes,candidate_estimated,1.5 이상 구매 바람 준등 0.2 일택 0.4
06deea86908bb1f9c640fde9,onepiececardgame,원피스 카드게임,2026-08,2026-08-03T17:37:53+09:00,known,ef713dbd2a89861f8458da0a,06deea86908bb1f9c640fde9,105337,https://m.dcinside.com/board/onepiececardgame/105337,13탄 히로인즈 판다이온,seller-31f3ec61ebe02a38ff337d47,붕붕,guest,임 리페,임 리페,임 리페 5 (,,,buy,구매,1,1,10000,estimated,per_card,text,unknown,,active,needs_review,needs_review,"가격 단위 추정, 배송비 포함 여부 미확정",estimated,yes,candidate_estimated,임 리페 5 (1)
07998e0a951878358d27f8c4,onepiececardgame,원피스 카드게임,2026-08,2026-08-03T17:37:53+09:00,known,6ed6bbebba4acf886d6c6a2e,07998e0a951878358d27f8c4,105337,https://m.dcinside.com/board/onepiececardgame/105337,13탄 히로인즈 판다이온,seller-7bd7c00b9b59c0884615102e,붕붕,guest,코알라 sr,코알라 sr,코알라 sr 0.1 (,,,buy,구매,1,2,20000,estimated,per_card,text,unknown,,active,needs_review,needs_review,"가격 단위 추정, 배송비 포함 여부 미확정",estimated,yes,candidate_estimated,코알라 sr 0.1 (2)
0dbe0a8174a25ab821cfee02,onepiececardgame,원피스 카드게임,2026-08,2026-08-03T17:37:53+09:00,known,fd55b49191ca4549a873f17f,0dbe0a8174a25ab821cfee02,105337,https://m.dcinside.com/board/onepiececardgame/105337,13탄 히로인즈 판다이온,seller-eed518f84b89c67441112c5f,붕붕,guest,타시기 페레,타시기 페레,타시기 페레 0.5 (,,,buy,구매,1,1,10000,estimated,per_card,text,unknown,,active,needs_review,needs_review,"가격 단위 추정, 배송비 포함 여부 미확정",estimated,yes,candidate_estimated,타시기 페레 0.5 (1)
1b5bb8fd0e74294b3d6798e3,onepiececardgame,원피스 카드게임,2026-08,2026-08-03T17:37:53+09:00,known,fd55b49191ca4549a873f17f,1b5bb8fd0e74294b3d6798e3,105337,https://m.dcinside.com/board/onepiececardgame/105337,13탄 히로인즈 판다이온,seller-eed518f84b89c67441112c5f,붕붕,guest,비비 sr,비비 sr,비비 sr 0.1 (,,,buy,구매,1,1,10000,estimated,per_card,text,unknown,,active,needs_review,needs_review,"가격 단위 추정, 배송비 포함 여부 미확정",estimated,yes,candidate_estimated,비비 sr 0.1 (1)
1ed53edfae623a9c560b4d1d,onepiececardgame,원피스 카드게임,2026-08,2026-08-03T17:37:53+09:00,known,fd55b49191ca4549a873f17f,1ed53edfae623a9c560b4d1d,105337,https://m.dcinside.com/board/onepiececardgame/105337,13탄 히로인즈 판다이온,seller-eed518f84b89c67441112c5f,붕붕,guest,럭키 루 페레,럭키 루 페레,럭키 루 페레 0.5 (,,,buy,구매,1,2,20000,estimated,per_card,text,unknown,,active,needs_review,needs_review,"가격 단위 추정, 배송비 포함 여부 미확정",estimated,yes,candidate_estimated,럭키 루 페레 0.5 (2)
23c4eb7069bbbd3eb7b77476,onepiececardgame,원피스 카드게임,2026-08,2026-08-03T17:37:53+09:00,known,ef713dbd2a89861f8458da0a,23c4eb7069bbbd3eb7b77476,105337,https://m.dcinside.com/board/onepiececardgame/105337,13탄 히로인즈 판다이온,seller-31f3ec61ebe02a38ff337d47,붕붕,guest,로빈 sr,로빈 sr,로빈 sr 1.5 (,,,buy,구매,1,2,20000,estimated,per_card,text,unknown,,active,needs_review,needs_review,"가격 단위 추정, 배송비 포함 여부 미확정",estimated,yes,candidate_estimated,로빈 sr 1.5 (2)
337f51e2331703f0d63ae545,onepiececardgame,원피스 카드게임,2026-08,2026-08-03T17:37:53+09:00,known,6ed6bbebba4acf886d6c6a2e,337f51e2331703f0d63ae545,105337,https://m.dcinside.com/board/onepiececardgame/105337,13탄 히로인즈 판다이온,seller-7bd7c00b9b59c0884615102e,붕붕,guest,에사보 SR,에사보 SR,에사보 SR 0.4 (,,,buy,구매,1,1,10000,estimated,per_card,text,unknown,,active,needs_review,needs_review,"가격 단위 추정, 배송비 포함 여부 미확정",estimated,yes,candidate_estimated,에사보 SR 0.4 (1)
48e472b8da8828673b3f5619,onepiececardgame,원피스 카드게임,2026-08,2026-08-03T17:37:53+09:00,known,fd55b49191ca4549a873f17f,48e472b8da8828673b3f5619,105337,https://m.dcinside.com/board/onepiececardgame/105337,13탄 히로인즈 판다이온,seller-eed518f84b89c67441112c5f,붕붕,guest,우타 페레,우타 페레,우타 페레 1.0 (,,,buy,구매,1,1,10000,estimated,per_card,text,unknown,,active,needs_review,needs_review,"가격 단위 추정, 배송비 포함 여부 미확정",estimated,yes,candidate_estimated,우타 페레 1.0 (1)
52a18b0faeed68e3e33bdebe,onepiececardgame,원피스 카드게임,2026-08,2026-08-03T17:37:53+09:00,known,ef713dbd2a89861f8458da0a,52a18b0faeed68e3e33bdebe,105337,https://m.dcinside.com/board/onepiececardgame/105337,13탄 히로인즈 판다이온,seller-31f3ec61ebe02a38ff337d47,붕붕,guest,임 리페 뒷면하자,임 리페 뒷면하자,임 리페 4 (뒷면하자) (,,,buy,구매,1,1,10000,estimated,per_card,text,unknown,,active,needs_review,needs_review,"가격 단위 추정, 배송비 포함 여부 미확정",estimated,yes,candidate_estimated,임 리페 4 (뒷면하자) (1)
53b272a2644915c34465df55,onepiececardgame,원피스 카드게임,2026-08,2026-08-03T17:37:53+09:00,known,ef713dbd2a89861f8458da0a,53b272a2644915c34465df55,105337,https://m.dcinside.com/board/onepiececardgame/105337,13탄 히로인즈 판다이온,seller-31f3ec61ebe02a38ff337d47,붕붕,guest,우타 페레,우타 페레,우타 페레 1.0 (,,,buy,구매,1,1,10000,estimated,per_card,text,unknown,,active,needs_review,needs_review,"가격 단위 추정, 배송비 포함 여부 미확정",estimated,yes,candidate_estimated,우타 페레 1.0 (1)
573026572ebb0b2a4da5a41c,onepiececardgame,원피스 카드게임,2026-08,2026-08-03T17:37:53+09:00,known,ef713dbd2a89861f8458da0a,573026572ebb0b2a4da5a41c,105337,https://m.dcinside.com/board/onepiececardgame/105337,13탄 히로인즈 판다이온,seller-31f3ec61ebe02a38ff337d47,붕붕,guest,페로나 sr,페로나 sr,페로나 sr 0.1 (,,,buy,구매,1,2,20000,estimated,per_card,text,unknown,,active,needs_review,needs_review,"가격 단위 추정, 배송비 포함 여부 미확정",estimated,yes,candidate_estimated,페로나 sr 0.1 (2)
5ee497d9808dfe35f26069b3,onepiececardgame,원피스 카드게임,2026-08,2026-08-03T17:37:53+09:00,known,ef713dbd2a89861f8458da0a,5ee497d9808dfe35f26069b3,105337,https://m.dcinside.com/board/onepiececardgame/105337,13탄 히로인즈 판다이온,seller-31f3ec61ebe02a38ff337d47,붕붕,guest,우타 sr,우타 sr,우타 sr 0.1 (,,,buy,구매,1,3,30000,estimated,per_card,text,unknown,,active,needs_review,needs_review,"가격 단위 추정, 배송비 포함 여부 미확정",estimated,yes,candidate_estimated,우타 sr 0.1 (3)
6240df488652f38089db7220,onepiececardgame,원피스 카드게임,2026-08,2026-08-03T17:37:53+09:00,known,6ed6bbebba4acf886d6c6a2e,6240df488652f38089db7220,105337,https://m.dcinside.com/board/onepiececardgame/105337,13탄 히로인즈 판다이온,seller-7bd7c00b9b59c0884615102e,붕붕,guest,우타 페레,우타 페레,우타 페레 1.0 (,,,buy,구매,1,1,10000,estimated,per_card,text,unknown,,active,needs_review,needs_review,"가격 단위 추정, 배송비 포함 여부 미확정",estimated,yes,candidate_estimated,우타 페레 1.0 (1)
64528e16b07bff816edc6a9f,onepiececardgame,원피스 카드게임,2026-08,2026-08-03T17:37:53+09:00,known,6ed6bbebba4acf886d6c6a2e,64528e16b07bff816edc6a9f,105337,https://m.dcinside.com/board/onepiececardgame/105337,13탄 히로인즈 판다이온,seller-7bd7c00b9b59c0884615102e,붕붕,guest,비비 sr,비비 sr,비비 sr 0.1 (,,,buy,구매,1,1,10000,estimated,per_card,text,unknown,,active,needs_review,needs_review,"가격 단위 추정, 배송비 포함 여부 미확정",estimated,yes,candidate_estimated,비비 sr 0.1 (1)
6bc7e7e225e807312f9f48a1,onepiececardgame,원피스 카드게임,2026-08,2026-08-03T17:37:53+09:00,known,ef713dbd2a89861f8458da0a,6bc7e7e225e807312f9f48a1,105337,https://m.dcinside.com/board/onepiececardgame/105337,13탄 히로인즈 판다이온,seller-31f3ec61ebe02a38ff337d47,붕붕,guest,야마토 SR,야마토 SR,야마토 SR 0.5 (,,,buy,구매,1,1,10000,estimated,per_card,text,unknown,,active,needs_review,needs_review,"가격 단위 추정, 배송비 포함 여부 미확정",estimated,yes,candidate_estimated,야마토 SR 0.5 (1)
751cb2ccb3ff4ed4567972aa,onepiececardgame,원피스 카드게임,2026-08,2026-08-03T17:37:53+09:00,known,ef713dbd2a89861f8458da0a,751cb2ccb3ff4ed4567972aa,105337,https://m.dcinside.com/board/onepiececardgame/105337,13탄 히로인즈 판다이온,seller-31f3ec61ebe02a38ff337d47,붕붕,guest,비비 sr,비비 sr,비비 sr 0.1 (,,,buy,구매,1,1,10000,estimated,per_card,text,unknown,,active,needs_review,needs_review,"가격 단위 추정, 배송비 포함 여부 미확정",estimated,yes,candidate_estimated,비비 sr 0.1 (1)
790e966251e53d9661844672,onepiececardgame,원피스 카드게임,2026-08,2026-08-03T17:37:53+09:00,known,fd55b49191ca4549a873f17f,790e966251e53d9661844672,105337,https://m.dcinside.com/board/onepiececardgame/105337,13탄 히로인즈 판다이온,seller-eed518f84b89c67441112c5f,붕붕,guest,우타 금둥,우타 금둥,우타 금둥 8 (,,,buy,구매,1,1,10000,estimated,per_card,text,unknown,,active,needs_review,needs_review,"가격 단위 추정, 배송비 포함 여부 미확정",estimated,yes,candidate_estimated,우타 금둥 8 (1)
81890b934d464ebfb6385f1a,onepiececardgame,원피스 카드게임,2026-08,2026-08-03T17:37:53+09:00,known,fd55b49191ca4549a873f17f,81890b934d464ebfb6385f1a,105337,https://m.dcinside.com/board/onepiececardgame/105337,13탄 히로인즈 판다이온,seller-eed518f84b89c67441112c5f,붕붕,guest,에사보 SR,에사보 SR,에사보 SR 0.4 (,,,buy,구매,1,1,10000,estimated,per_card,text,unknown,,active,needs_review,needs_review,"가격 단위 추정, 배송비 포함 여부 미확정",estimated,yes,candidate_estimated,에사보 SR 0.4 (1)
855c8e8af49995cfcf598f90,onepiececardgame,원피스 카드게임,2026-08,2026-08-03T17:37:53+09:00,known,6ed6bbebba4acf886d6c6a2e,855c8e8af49995cfcf598f90,105337,https://m.dcinside.com/board/onepiececardgame/105337,13탄 히로인즈 판다이온,seller-7bd7c00b9b59c0884615102e,붕붕,guest,이상 바람 준등 일택,이상 바람 준등 일택,1.5 이상 구매 바람 준등 0.2 일택,,,buy,구매,1,0.4,4000,estimated,per_card,text,unknown,,active,needs_review,needs_review,"가격 단위 추정, 배송비 포함 여부 미확정",estimated,yes,candidate_estimated,1.5 이상 구매 바람 준등 0.2 일택 0.4
85eed2fb0ad8dfb9fe6d9ab8,onepiececardgame,원피스 카드게임,2026-08,2026-08-03T17:37:53+09:00,known,6ed6bbebba4acf886d6c6a2e,85eed2fb0ad8dfb9fe6d9ab8,105337,https://m.dcinside.com/board/onepiececardgame/105337,13탄 히로인즈 판다이온,seller-7bd7c00b9b59c0884615102e,붕붕,guest,우타 금둥,우타 금둥,우타 금둥 8 (,,,buy,구매,1,1,10000,estimated,per_card,text,unknown,,active,needs_review,needs_review,"가격 단위 추정, 배송비 포함 여부 미확정",estimated,yes,candidate_estimated,우타 금둥 8 (1)
9186fdddc28196837fc6b9ae,onepiececardgame,원피스 카드게임,2026-08,2026-08-03T17:37:53+09:00,known,ef713dbd2a89861f8458da0a,9186fdddc28196837fc6b9ae,105337,https://m.dcinside.com/board/onepiececardgame/105337,13탄 히로인즈 판다이온,seller-31f3ec61ebe02a38ff337d47,붕붕,guest,샹크스 레페,샹크스 레페,샹크스 레페 2 (,,,buy,구매,1,1,10000,estimated,per_card,text,unknown,,active,needs_review,needs_review,"가격 단위 추정, 배송비 포함 여부 미확정",estimated,yes,candidate_estimated,샹크스 레페 2 (1)
9285dcba249fb9b9113de3df,onepiececardgame,원피스 카드게임,2026-08,2026-08-03T17:37:53+09:00,known,6ed6bbebba4acf886d6c6a2e,9285dcba249fb9b9113de3df,105337,https://m.dcinside.com/board/onepiececardgame/105337,13탄 히로인즈 판다이온,seller-7bd7c00b9b59c0884615102e,붕붕,guest,샹크스 레페,샹크스 레페,샹크스 레페 2 (,,,buy,구매,1,1,10000,estimated,per_card,text,unknown,,active,needs_review,needs_review,"가격 단위 추정, 배송비 포함 여부 미확정",estimated,yes,candidate_estimated,샹크스 레페 2 (1)
94c665513b700e82e1b88b44,onepiececardgame,원피스 카드게임,2026-08,2026-08-03T17:37:53+09:00,known,6ed6bbebba4acf886d6c6a2e,94c665513b700e82e1b88b44,105337,https://m.dcinside.com/board/onepiececardgame/105337,13탄 히로인즈 판다이온,seller-7bd7c00b9b59c0884615102e,붕붕,guest,우타 sr,우타 sr,우타 sr 0.1 (,,,buy,구매,1,3,30000,estimated,per_card,text,unknown,,active,needs_review,needs_review,"가격 단위 추정, 배송비 포함 여부 미확정",estimated,yes,candidate_estimated,우타 sr 0.1 (3)
9ca19e67850620a5301ed946,onepiececardgame,원피스 카드게임,2026-08,2026-08-03T17:37:53+09:00,known,6ed6bbebba4acf886d6c6a2e,9ca19e67850620a5301ed946,105337,https://m.dcinside.com/board/onepiececardgame/105337,13탄 히로인즈 판다이온,seller-7bd7c00b9b59c0884615102e,붕붕,guest,임 리페,임 리페,임 리페 5 (,,,buy,구매,1,1,10000,estimated,per_card,text,unknown,,active,needs_review,needs_review,"가격 단위 추정, 배송비 포함 여부 미확정",estimated,yes,candidate_estimated,임 리페 5 (1)
a926eef690ba66ef7b18c14f,onepiececardgame,원피스 카드게임,2026-08,2026-08-03T17:37:53+09:00,known,fd55b49191ca4549a873f17f,a926eef690ba66ef7b18c14f,105337,https://m.dcinside.com/board/onepiececardgame/105337,13탄 히로인즈 판다이온,seller-eed518f84b89c67441112c5f,붕붕,guest,야마토 SR,야마토 SR,야마토 SR 0.5 (,,,buy,구매,1,1,10000,estimated,per_card,text,unknown,,active,needs_review,needs_review,"가격 단위 추정, 배송비 포함 여부 미확정",estimated,yes,candidate_estimated,야마토 SR 0.5 (1)
aca67462008e16d7eac799c5,onepiececardgame,원피스 카드게임,2026-08,2026-08-03T17:37:53+09:00,known,ef713dbd2a89861f8458da0a,aca67462008e16d7eac799c5,105337,https://m.dcinside.com/board/onepiececardgame/105337,13탄 히로인즈 판다이온,seller-31f3ec61ebe02a38ff337d47,붕붕,guest,이상 바람 준등 일택,이상 바람 준등 일택,1.5 이상 구매 바람 준등 0.2 일택,,,buy,구매,1,0.4,4000,estimated,per_card,text,unknown,,active,needs_review,needs_review,"가격 단위 추정, 배송비 포함 여부 미확정",estimated,yes,candidate_estimated,1.5 이상 구매 바람 준등 0.2 일택 0.4
b2929bbd411c684eeacc22b7,onepiececardgame,원피스 카드게임,2026-08,2026-08-03T17:37:53+09:00,known,ef713dbd2a89861f8458da0a,b2929bbd411c684eeacc22b7,105337,https://m.dcinside.com/board/onepiececardgame/105337,13탄 히로인즈 판다이온,seller-31f3ec61ebe02a38ff337d47,붕붕,guest,우타 금둥,우타 금둥,우타 금둥 8 (,,,buy,구매,1,1,10000,estimated,per_card,text,unknown,,active,needs_review,needs_review,"가격 단위 추정, 배송비 포함 여부 미확정",estimated,yes,candidate_estimated,우타 금둥 8 (1)
b4a3e17055b490074b3521e7,onepiececardgame,원피스 카드게임,2026-08,2026-08-03T17:37:53+09:00,known,fd55b49191ca4549a873f17f,b4a3e17055b490074b3521e7,105337,https://m.dcinside.com/board/onepiececardgame/105337,13탄 히로인즈 판다이온,seller-eed518f84b89c67441112c5f,붕붕,guest,징베 레페,징베 레페,징베 레페 1 (,,,buy,구매,1,1,10000,estimated,per_card,text,unknown,,active,needs_review,needs_review,"가격 단위 추정, 배송비 포함 여부 미확정",estimated,yes,candidate_estimated,징베 레페 1 (1)
b5a1a0961bbf80980dc74b01,onepiececardgame,원피스 카드게임,2026-08,2026-08-03T17:37:53+09:00,known,6ed6bbebba4acf886d6c6a2e,b5a1a0961bbf80980dc74b01,105337,https://m.dcinside.com/board/onepiececardgame/105337,13탄 히로인즈 판다이온,seller-7bd7c00b9b59c0884615102e,붕붕,guest,타시기 페레,타시기 페레,타시기 페레 0.5 (,,,buy,구매,1,1,10000,estimated,per_card,text,unknown,,active,needs_review,needs_review,"가격 단위 추정, 배송비 포함 여부 미확정",estimated,yes,candidate_estimated,타시기 페레 0.5 (1)
ba9f1de575787bfa4c49604e,onepiececardgame,원피스 카드게임,2026-08,2026-08-03T17:37:53+09:00,known,fd55b49191ca4549a873f17f,ba9f1de575787bfa4c49604e,105337,https://m.dcinside.com/board/onepiececardgame/105337,13탄 히로인즈 판다이온,seller-eed518f84b89c67441112c5f,붕붕,guest,샹크스 레페,샹크스 레페,샹크스 레페 2 (,,,buy,구매,1,1,10000,estimated,per_card,text,unknown,,active,needs_review,needs_review,"가격 단위 추정, 배송비 포함 여부 미확정",estimated,yes,candidate_estimated,샹크스 레페 2 (1)
baf16c904358372b59e7a045,onepiececardgame,원피스 카드게임,2026-08,2026-08-03T17:37:53+09:00,known,ef713dbd2a89861f8458da0a,baf16c904358372b59e7a045,105337,https://m.dcinside.com/board/onepiececardgame/105337,13탄 히로인즈 판다이온,seller-31f3ec61ebe02a38ff337d47,붕붕,guest,타시기 페레,타시기 페레,타시기 페레 0.5 (,,,buy,구매,1,1,10000,estimated,per_card,text,unknown,,active,needs_review,needs_review,"가격 단위 추정, 배송비 포함 여부 미확정",estimated,yes,candidate_estimated,타시기 페레 0.5 (1)
c47759fc4bb22562fc13cf7d,onepiececardgame,원피스 카드게임,2026-08,2026-08-03T17:37:53+09:00,known,ef713dbd2a89861f8458da0a,c47759fc4bb22562fc13cf7d,105337,https://m.dcinside.com/board/onepiececardgame/105337,13탄 히로인즈 판다이온,seller-31f3ec61ebe02a38ff337d47,붕붕,guest,럭키 루 페레,럭키 루 페레,럭키 루 페레 0.5 (,,,buy,구매,1,2,20000,estimated,per_card,text,unknown,,active,needs_review,needs_review,"가격 단위 추정, 배송비 포함 여부 미확정",estimated,yes,candidate_estimated,럭키 루 페레 0.5 (2)
c5d7e96ca6afbb9ca6b37a40,onepiececardgame,원피스 카드게임,2026-08,2026-08-03T17:37:53+09:00,known,fd55b49191ca4549a873f17f,c5d7e96ca6afbb9ca6b37a40,105337,https://m.dcinside.com/board/onepiececardgame/105337,13탄 히로인즈 판다이온,seller-eed518f84b89c67441112c5f,붕붕,guest,임 리페,임 리페,임 리페 5 (,,,buy,구매,1,1,10000,estimated,per_card,text,unknown,,active,needs_review,needs_review,"가격 단위 추정, 배송비 포함 여부 미확정",estimated,yes,candidate_estimated,임 리페 5 (1)
c75ad92ac78b0a3f22388d5e,onepiececardgame,원피스 카드게임,2026-08,2026-08-03T17:37:53+09:00,known,6ed6bbebba4acf886d6c6a2e,c75ad92ac78b0a3f22388d5e,105337,https://m.dcinside.com/board/onepiececardgame/105337,13탄 히로인즈 판다이온,seller-7bd7c00b9b59c0884615102e,붕붕,guest,로빈 sr,로빈 sr,로빈 sr 1.5 (,,,buy,구매,1,2,20000,estimated,per_card,text,unknown,,active,needs_review,needs_review,"가격 단위 추정, 배송비 포함 여부 미확정",estimated,yes,candidate_estimated,로빈 sr 1.5 (2)
d001154e1faaa0d18f725982,onepiececardgame,원피스 카드게임,2026-08,2026-08-03T17:37:53+09:00,known,ef713dbd2a89861f8458da0a,d001154e1faaa0d18f725982,105337,https://m.dcinside.com/board/onepiececardgame/105337,13탄 히로인즈 판다이온,seller-31f3ec61ebe02a38ff337d47,붕붕,guest,행콕 sr,행콕 sr,행콕 sr 0.1 (,,,buy,구매,1,3,30000,estimated,per_card,text,unknown,,active,needs_review,needs_review,"가격 단위 추정, 배송비 포함 여부 미확정",estimated,yes,candidate_estimated,행콕 sr 0.1 (3)
ddb1bd36d90595b3f93c4d3b,onepiececardgame,원피스 카드게임,2026-08,2026-08-03T17:37:53+09:00,known,6ed6bbebba4acf886d6c6a2e,ddb1bd36d90595b3f93c4d3b,105337,https://m.dcinside.com/board/onepiececardgame/105337,13탄 히로인즈 판다이온,seller-7bd7c00b9b59c0884615102e,붕붕,guest,행콕 sr,행콕 sr,행콕 sr 0.1 (,,,buy,구매,1,3,30000,estimated,per_card,text,unknown,,active,needs_review,needs_review,"가격 단위 추정, 배송비 포함 여부 미확정",estimated,yes,candidate_estimated,행콕 sr 0.1 (3)
e107c15f45f5c02294255375,onepiececardgame,원피스 카드게임,2026-08,2026-08-03T17:37:53+09:00,known,ef713dbd2a89861f8458da0a,e107c15f45f5c02294255375,105337,https://m.dcinside.com/board/onepiececardgame/105337,13탄 히로인즈 판다이온,seller-31f3ec61ebe02a38ff337d47,붕붕,guest,코알라 sr,코알라 sr,코알라 sr 0.1 (,,,buy,구매,1,2,20000,estimated,per_card,text,unknown,,active,needs_review,needs_review,"가격 단위 추정, 배송비 포함 여부 미확정",estimated,yes,candidate_estimated,코알라 sr 0.1 (2)
e4bcaa96136eaa1a87711fe5,onepiececardgame,원피스 카드게임,2026-08,2026-08-03T17:37:53+09:00,known,6ed6bbebba4acf886d6c6a2e,e4bcaa96136eaa1a87711fe5,105337,https://m.dcinside.com/board/onepiececardgame/105337,13탄 히로인즈 판다이온,seller-7bd7c00b9b59c0884615102e,붕붕,guest,임 리페 뒷면하자,임 리페 뒷면하자,임 리페 4 (뒷면하자) (,,,buy,구매,1,1,10000,estimated,per_card,text,unknown,,active,needs_review,needs_review,"가격 단위 추정, 배송비 포함 여부 미확정",estimated,yes,candidate_estimated,임 리페 4 (뒷면하자) (1)
e8aacb695fee62feacf48f03,onepiececardgame,원피스 카드게임,2026-08,2026-08-03T17:37:53+09:00,known,ef713dbd2a89861f8458da0a,e8aacb695fee62feacf48f03,105337,https://m.dcinside.com/board/onepiececardgame/105337,13탄 히로인즈 판다이온,seller-31f3ec61ebe02a38ff337d47,붕붕,guest,에사보 SR,에사보 SR,에사보 SR 0.4 (,,,buy,구매,1,1,10000,estimated,per_card,text,unknown,,active,needs_review,needs_review,"가격 단위 추정, 배송비 포함 여부 미확정",estimated,yes,candidate_estimated,에사보 SR 0.4 (1)
e90d5f190f6e55da1da1ace5,onepiececardgame,원피스 카드게임,2026-08,2026-08-03T17:37:53+09:00,known,fd55b49191ca4549a873f17f,e90d5f190f6e55da1da1ace5,105337,https://m.dcinside.com/board/onepiececardgame/105337,13탄 히로인즈 판다이온,seller-eed518f84b89c67441112c5f,붕붕,guest,로빈 sr,로빈 sr,로빈 sr 1.5 (,,,buy,구매,1,2,20000,estimated,per_card,text,unknown,,active,needs_review,needs_review,"가격 단위 추정, 배송비 포함 여부 미확정",estimated,yes,candidate_estimated,로빈 sr 1.5 (2)
ed331e7ddfc81997332f676e,onepiececardgame,원피스 카드게임,2026-08,2026-08-03T17:37:53+09:00,known,6ed6bbebba4acf886d6c6a2e,ed331e7ddfc81997332f676e,105337,https://m.dcinside.com/board/onepiececardgame/105337,13탄 히로인즈 판다이온,seller-7bd7c00b9b59c0884615102e,붕붕,guest,페로나 sr,페로나 sr,페로나 sr 0.1 (,,,buy,구매,1,2,20000,estimated,per_card,text,unknown,,active,needs_review,needs_review,"가격 단위 추정, 배송비 포함 여부 미확정",estimated,yes,candidate_estimated,페로나 sr 0.1 (2)
ee3826d520aed5e11212f1e5,onepiececardgame,원피스 카드게임,2026-08,2026-08-03T17:37:53+09:00,known,6ed6bbebba4acf886d6c6a2e,ee3826d520aed5e11212f1e5,105337,https://m.dcinside.com/board/onepiececardgame/105337,13탄 히로인즈 판다이온,seller-7bd7c00b9b59c0884615102e,붕붕,guest,징베 레페,징베 레페,징베 레페 1 (,,,buy,구매,1,1,10000,estimated,per_card,text,unknown,,active,needs_review,needs_review,"가격 단위 추정, 배송비 포함 여부 미확정",estimated,yes,candidate_estimated,징베 레페 1 (1)
f4831e5dadb49f91ebae398d,onepiececardgame,원피스 카드게임,2026-08,2026-08-03T17:37:53+09:00,known,fd55b49191ca4549a873f17f,f4831e5dadb49f91ebae398d,105337,https://m.dcinside.com/board/onepiececardgame/105337,13탄 히로인즈 판다이온,seller-eed518f84b89c67441112c5f,붕붕,guest,행콕 sr,행콕 sr,행콕 sr 0.1 (,,,buy,구매,1,3,30000,estimated,per_card,text,unknown,,active,needs_review,needs_review,"가격 단위 추정, 배송비 포함 여부 미확정",estimated,yes,candidate_estimated,행콕 sr 0.1 (3)
f9002f65d29e15df08bba2e9,onepiececardgame,원피스 카드게임,2026-08,2026-08-03T17:37:53+09:00,known,6ed6bbebba4acf886d6c6a2e,f9002f65d29e15df08bba2e9,105337,https://m.dcinside.com/board/onepiececardgame/105337,13탄 히로인즈 판다이온,seller-7bd7c00b9b59c0884615102e,붕붕,guest,럭키 루 페레,럭키 루 페레,럭키 루 페레 0.5 (,,,buy,구매,1,2,20000,estimated,per_card,text,unknown,,active,needs_review,needs_review,"가격 단위 추정, 배송비 포함 여부 미확정",estimated,yes,candidate_estimated,럭키 루 페레 0.5 (2)
f912145f230df1b6a14cd120,onepiececardgame,원피스 카드게임,2026-08,2026-08-03T17:37:53+09:00,known,fd55b49191ca4549a873f17f,f912145f230df1b6a14cd120,105337,https://m.dcinside.com/board/onepiececardgame/105337,13탄 히로인즈 판다이온,seller-eed518f84b89c67441112c5f,붕붕,guest,코알라 sr,코알라 sr,코알라 sr 0.1 (,,,buy,구매,1,2,20000,estimated,per_card,text,unknown,,active,needs_review,needs_review,"가격 단위 추정, 배송비 포함 여부 미확정",estimated,yes,candidate_estimated,코알라 sr 0.1 (2)
fb4faef8b635e17117fda6ce,onepiececardgame,원피스 카드게임,2026-08,2026-08-03T17:37:53+09:00,known,6ed6bbebba4acf886d6c6a2e,fb4faef8b635e17117fda6ce,105337,https://m.dcinside.com/board/onepiececardgame/105337,13탄 히로인즈 판다이온,seller-7bd7c00b9b59c0884615102e,붕붕,guest,야마토 SR,야마토 SR,야마토 SR 0.5 (,,,buy,구매,1,1,10000,estimated,per_card,text,unknown,,active,needs_review,needs_review,"가격 단위 추정, 배송비 포함 여부 미확정",estimated,yes,candidate_estimated,야마토 SR 0.5 (1)
3c8d1c1fa1f57943bf3806a9,onepiececardgame,원피스 카드게임,2026-08,2026-08-03T17:54:10+09:00,known,34350822d6132b69f9545424,3c8d1c1fa1f57943bf3806a9,105341,https://m.dcinside.com/board/onepiececardgame/105341,1코 페로나 3장 4.7에 구매합니다!!,seller-877a0b42dc1f1d35d34c6ee6,ShooTar,guest,1코 페로나,1코 페로나,1코 페로나,,,buy,구매,3,4.7,47000,estimated,per_quantity,text,unknown,,active,needs_review,needs_review,"가격 단위 추정, 배송비 포함 여부 미확정, 복수 수량 총액 · 카드 1장 가격 아님",estimated,no,no,1코 페로나 3장 4.7에 구매합니다!!
47cdb5b2596fce134d32bfe5,onepiececardgame,원피스 카드게임,2026-08,2026-08-03T17:54:10+09:00,known,6bdcf06308336475e9d038eb,47cdb5b2596fce134d32bfe5,105341,https://m.dcinside.com/board/onepiececardgame/105341,1코 페로나 3장 4.7에 구매합니다!!,seller-5ca1834394f6d966b9dd1ea2,ShooTar,guest,1코 페로나,1코 페로나,1코 페로나,,,buy,구매,3,4.7,47000,estimated,per_quantity,text,unknown,,active,needs_review,needs_review,"가격 단위 추정, 배송비 포함 여부 미확정, 복수 수량 총액 · 카드 1장 가격 아님",estimated,no,no,1코 페로나 3장 4.7에 구매합니다!!
f403e97dae4271a390d91310,onepiececardgame,원피스 카드게임,2026-08,2026-08-03T17:54:10+09:00,known,be3b3df4f1f551f4f53d3111,f403e97dae4271a390d91310,105341,https://m.dcinside.com/board/onepiececardgame/105341,1코 페로나 3장 4.7에 구매합니다!!,seller-6225c449ba8b36f63d2897ce,ShooTar,guest,1코 페로나,1코 페로나,1코 페로나,,,buy,구매,3,4.7,47000,estimated,per_quantity,text,unknown,,active,needs_review,needs_review,"가격 단위 추정, 배송비 포함 여부 미확정, 복수 수량 총액 · 카드 1장 가격 아님",estimated,no,no,1코 페로나 3장 4.7에 구매합니다!!
26356ae05e615c3186325173,onepiececardgame,원피스 카드게임,2026-08,2026-08-03T18:17:09+09:00,known,01fe7061a71b7323112f490d,26356ae05e615c3186325173,105350,https://m.dcinside.com/board/onepiececardgame/105350,13탄 릴리스페레 구매합니다,seller-79fb7c839b595b36f971aa94,준마,registered,,,,,,buy,구매,2,2.4,24000,estimated,per_quantity,text,unknown,,active,needs_review,needs_review,"가격 단위 추정, 배송비 포함 여부 미확정, 카드명 확인 필요, 복수 수량 총액 · 카드 1장 가격 아님",estimated,no,no,2장 2.4에 구매합니다
67ddab9624d11dd8cd7f0c37,onepiececardgame,원피스 카드게임,2026-08,2026-08-03T18:17:09+09:00,known,f3797243ef976692d67eecda,67ddab9624d11dd8cd7f0c37,105350,https://m.dcinside.com/board/onepiececardgame/105350,13탄 릴리스페레 구매합니다,seller-79fb7c839b595b36f971aa94,준마,registered,,,,,,buy,구매,2,2.4,24000,estimated,per_quantity,text,unknown,,active,needs_review,needs_review,"가격 단위 추정, 배송비 포함 여부 미확정, 카드명 확인 필요, 복수 수량 총액 · 카드 1장 가격 아님",estimated,no,no,2장 2.4에 구매합니다
7d3b6a7597cd9f23a6ae4661,onepiececardgame,원피스 카드게임,2026-08,2026-08-03T18:17:09+09:00,known,01fe7061a71b7323112f490d,7d3b6a7597cd9f23a6ae4661,105350,https://m.dcinside.com/board/onepiececardgame/105350,13탄 릴리스페레 구매합니다,seller-79fb7c839b595b36f971aa94,준마,registered,,장당,장당,,,buy,구매,1,1.0,10000,estimated,per_card,text,unknown,,active,needs_review,needs_review,"가격 단위 추정, 배송비 포함 여부 미확정",estimated,yes,candidate_estimated,장당1.0
7fda21cdacaca3b56450e879,onepiececardgame,원피스 카드게임,2026-08,2026-08-03T18:17:09+09:00,known,97e9919b0c81a0c0f3b19388,7fda21cdacaca3b56450e879,105350,https://m.dcinside.com/board/onepiececardgame/105350,13탄 릴리스페레 구매합니다,seller-79fb7c839b595b36f971aa94,준마,registered,,장당,장당,,,buy,구매,1,1.0,10000,estimated,per_card,text,unknown,,active,needs_review,needs_review,"가격 단위 추정, 배송비 포함 여부 미확정",estimated,yes,candidate_estimated,장당1.0
d42473553d2d3e97ca439cd8,onepiececardgame,원피스 카드게임,2026-08,2026-08-03T18:17:09+09:00,known,f3797243ef976692d67eecda,d42473553d2d3e97ca439cd8,105350,https://m.dcinside.com/board/onepiececardgame/105350,13탄 릴리스페레 구매합니다,seller-79fb7c839b595b36f971aa94,준마,registered,,장당,장당,,,buy,구매,1,1.0,10000,estimated,per_card,text,unknown,,active,needs_review,needs_review,"가격 단위 추정, 배송비 포함 여부 미확정",estimated,yes,candidate_estimated,장당1.0
d54e66a3f7d6066ff8d50523,onepiececardgame,원피스 카드게임,2026-08,2026-08-03T18:17:09+09:00,known,97e9919b0c81a0c0f3b19388,d54e66a3f7d6066ff8d50523,105350,https://m.dcinside.com/board/onepiececardgame/105350,13탄 릴리스페레 구매합니다,seller-79fb7c839b595b36f971aa94,준마,registered,,,,,,buy,구매,2,2.4,24000,estimated,per_quantity,text,unknown,,active,needs_review,needs_review,"가격 단위 추정, 배송비 포함 여부 미확정, 카드명 확인 필요, 복수 수량 총액 · 카드 1장 가격 아님",estimated,no,no,2장 2.4에 구매합니다
566680083d37e50359de99ee,onepiececardgame,원피스 카드게임,2026-08,2026-08-03T18:54:48+09:00,known,f820ba2cc3c7fc82d122419e,566680083d37e50359de99ee,105358,https://m.dcinside.com/board/onepiececardgame/105358,녹조로 완덱 삽니다,seller-8ad10b55fa52911e796a44cf,원딱러,registered,녹조로 완덱,녹조로 완덱,녹조로 완덱,,,buy,구매,1,,,missing,unknown,unknown,unknown,,active,needs_review,needs_review,희망가 미기재,missing,no,no,녹조로 완덱 삽니다
580d263f6554a93542bbb9f7,onepiececardgame,원피스 카드게임,2026-08,2026-08-03T18:54:48+09:00,known,bc74ca17a09bc2c9118c238f,580d263f6554a93542bbb9f7,105358,https://m.dcinside.com/board/onepiececardgame/105358,녹조로 완덱 삽니다,seller-8ad10b55fa52911e796a44cf,원딱러,registered,녹조로 완덱,녹조로 완덱,녹조로 완덱,,,buy,구매,1,,,missing,unknown,unknown,unknown,,active,needs_review,needs_review,희망가 미기재,missing,no,no,녹조로 완덱 삽니다
b4e6149ed84bab9519afee1a,onepiececardgame,원피스 카드게임,2026-08,2026-08-03T18:54:48+09:00,known,e4313749c8593fa9d3c1a859,b4e6149ed84bab9519afee1a,105358,https://m.dcinside.com/board/onepiececardgame/105358,녹조로 완덱 삽니다,seller-8ad10b55fa52911e796a44cf,원딱러,registered,녹조로 완덱,녹조로 완덱,녹조로 완덱,,,buy,구매,1,,,missing,unknown,unknown,unknown,,active,needs_review,needs_review,희망가 미기재,missing,no,no,녹조로 완덱 삽니다
8780adc0f7e3ea4170202677,onepiececardgame,원피스 카드게임,2026-08,2026-08-03T19:53:35+09:00,known,133c2cc041efda720a698c8b,8780adc0f7e3ea4170202677,105370,https://m.dcinside.com/board/onepiececardgame/105370,망자의 장난 구해요,seller-9a2c74fa6603c316044d55cd,ㅇㅇ3,registered,망자의 장난,망자의 장난,망자의 장난,,,buy,구매,1,,,missing,unknown,unknown,unknown,,active,needs_review,needs_review,희망가 미기재,missing,no,no,망자의 장난 구해요
8853c15c03980367f1514150,onepiececardgame,원피스 카드게임,2026-08,2026-08-03T19:53:35+09:00,known,20070d5efb34c3caebb62b5d,8853c15c03980367f1514150,105370,https://m.dcinside.com/board/onepiececardgame/105370,망자의 장난 구해요,seller-9a2c74fa6603c316044d55cd,ㅇㅇ3,registered,망자의 장난,망자의 장난,망자의 장난,,,buy,구매,1,,,missing,unknown,unknown,unknown,,active,needs_review,needs_review,희망가 미기재,missing,no,no,망자의 장난 구해요
c80c214f30dbe25dcadbcf02,onepiececardgame,원피스 카드게임,2026-08,2026-08-03T19:53:35+09:00,known,608e3cd778e2ed34c8c87125,c80c214f30dbe25dcadbcf02,105370,https://m.dcinside.com/board/onepiececardgame/105370,망자의 장난 구해요,seller-9a2c74fa6603c316044d55cd,ㅇㅇ3,registered,망자의 장난,망자의 장난,망자의 장난,,,buy,구매,1,,,missing,unknown,unknown,unknown,,active,needs_review,needs_review,희망가 미기재,missing,no,no,망자의 장난 구해요
157548b815be3507b4ecd0f9,onepiececardgame,원피스 카드게임,2026-08,2026-08-03T19:58:09+09:00,known,51b94d91056f48a8534050c1,157548b815be3507b4ecd0f9,105372,https://m.dcinside.com/board/onepiececardgame/105372,14탄 행콕 준비물 삽니다!!,seller-417ed952b1bdd2887921e981,규카츠폭격기,registered,슬레이브 애로우 OP07,슬레이브 애로우 OP07,슬레이브 애로우(OP07,,,buy,구매,1,056,560000,estimated,per_card,text,unknown,,active,needs_review,needs_review,"가격 단위 추정, 배송비 포함 여부 미확정",estimated,yes,candidate_estimated,슬레이브 애로우(OP07-056) 장당 0.2 3장까지
20b56287e1c0c3ed687c0a66,onepiececardgame,원피스 카드게임,2026-08,2026-08-03T19:58:09+09:00,known,51b94d91056f48a8534050c1,20b56287e1c0c3ed687c0a66,105372,https://m.dcinside.com/board/onepiececardgame/105372,14탄 행콕 준비물 삽니다!!,seller-417ed952b1bdd2887921e981,규카츠폭격기,registered,보아 핸콕 ST17,보아 핸콕 ST17,보아 핸콕(ST17,,,buy,구매,1,004,40000,estimated,per_card,text,unknown,,active,needs_review,needs_review,"가격 단위 추정, 배송비 포함 여부 미확정",estimated,yes,candidate_estimated,보아 핸콕(ST17-004) 장당0.2 4장까지 완
38123985c6f98c8259da6fbe,onepiececardgame,원피스 카드게임,2026-08,2026-08-03T19:58:09+09:00,known,51b94d91056f48a8534050c1,38123985c6f98c8259da6fbe,105372,https://m.dcinside.com/board/onepiececardgame/105372,14탄 행콕 준비물 삽니다!!,seller-417ed952b1bdd2887921e981,규카츠폭격기,registered,퍼퓸 피머 OP07,퍼퓸 피머 OP07,퍼퓸 피머(OP07,,,buy,구매,1,057,570000,estimated,per_card,text,unknown,,active,needs_review,needs_review,"가격 단위 추정, 배송비 포함 여부 미확정",estimated,yes,candidate_estimated,퍼퓸 피머(OP07-057) 4장 0.2완
441707608684d1b677bc0770,onepiececardgame,원피스 카드게임,2026-08,2026-08-03T19:58:09+09:00,known,82221aaf26d6158d3cfe7007,441707608684d1b677bc0770,105372,https://m.dcinside.com/board/onepiececardgame/105372,14탄 행콕 준비물 삽니다!!,seller-417ed952b1bdd2887921e981,규카츠폭격기,registered,네가 꺼져라 OP06,네가 꺼져라 OP06,네가 꺼져라(OP06,,,buy,구매,1,115,1150000,estimated,per_card,text,unknown,,active,needs_review,needs_review,"가격 단위 추정, 배송비 포함 여부 미확정",estimated,yes,candidate_estimated,네가 꺼져라(OP06-115) 장당 0.1 3장까지
4657f1534b2dad2eec66116e,onepiececardgame,원피스 카드게임,2026-08,2026-08-03T19:58:09+09:00,known,5abe0202b9b5ce84d7f9f35a,4657f1534b2dad2eec66116e,105372,https://m.dcinside.com/board/onepiececardgame/105372,14탄 행콕 준비물 삽니다!!,seller-417ed952b1bdd2887921e981,규카츠폭격기,registered,보아 핸콕 ST17,보아 핸콕 ST17,보아 핸콕(ST17,,,buy,구매,1,004,40000,estimated,per_card,text,unknown,,active,needs_review,needs_review,"가격 단위 추정, 배송비 포함 여부 미확정",estimated,yes,candidate_estimated,보아 핸콕(ST17-004) 장당0.2 4장까지 완
610eaebdaf89dc5b31c883f4,onepiececardgame,원피스 카드게임,2026-08,2026-08-03T19:58:09+09:00,known,51b94d91056f48a8534050c1,610eaebdaf89dc5b31c883f4,105372,https://m.dcinside.com/board/onepiececardgame/105372,14탄 행콕 준비물 삽니다!!,seller-417ed952b1bdd2887921e981,규카츠폭격기,registered,네가 꺼져라 OP06,네가 꺼져라 OP06,네가 꺼져라(OP06,,,buy,구매,1,115,1150000,estimated,per_card,text,unknown,,active,needs_review,needs_review,"가격 단위 추정, 배송비 포함 여부 미확정",estimated,yes,candidate_estimated,네가 꺼져라(OP06-115) 장당 0.1 3장까지
634ccd6bb3b9cc5ad06e38d6,onepiececardgame,원피스 카드게임,2026-08,2026-08-03T19:58:09+09:00,known,5abe0202b9b5ce84d7f9f35a,634ccd6bb3b9cc5ad06e38d6,105372,https://m.dcinside.com/board/onepiececardgame/105372,14탄 행콕 준비물 삽니다!!,seller-417ed952b1bdd2887921e981,규카츠폭격기,registered,슬레이브 애로우 OP07,슬레이브 애로우 OP07,슬레이브 애로우(OP07,,,buy,구매,1,056,560000,estimated,per_card,text,unknown,,active,needs_review,needs_review,"가격 단위 추정, 배송비 포함 여부 미확정",estimated,yes,candidate_estimated,슬레이브 애로우(OP07-056) 장당 0.2 3장까지
6549625bcdb8f0ff536d8402,onepiececardgame,원피스 카드게임,2026-08,2026-08-03T19:58:09+09:00,known,5abe0202b9b5ce84d7f9f35a,6549625bcdb8f0ff536d8402,105372,https://m.dcinside.com/board/onepiececardgame/105372,14탄 행콕 준비물 삽니다!!,seller-417ed952b1bdd2887921e981,규카츠폭격기,registered,네가 꺼져라 OP06,네가 꺼져라 OP06,네가 꺼져라(OP06,,,buy,구매,1,115,1150000,estimated,per_card,text,unknown,,active,needs_review,needs_review,"가격 단위 추정, 배송비 포함 여부 미확정",estimated,yes,candidate_estimated,네가 꺼져라(OP06-115) 장당 0.1 3장까지
917be93993b3c8f4f049dabc,onepiececardgame,원피스 카드게임,2026-08,2026-08-03T19:58:09+09:00,known,82221aaf26d6158d3cfe7007,917be93993b3c8f4f049dabc,105372,https://m.dcinside.com/board/onepiececardgame/105372,14탄 행콕 준비물 삽니다!!,seller-417ed952b1bdd2887921e981,규카츠폭격기,registered,보아 핸콕 ST17,보아 핸콕 ST17,보아 핸콕(ST17,,,buy,구매,1,004,40000,estimated,per_card,text,unknown,,active,needs_review,needs_review,"가격 단위 추정, 배송비 포함 여부 미확정",estimated,yes,candidate_estimated,보아 핸콕(ST17-004) 장당0.2 4장까지 완
9a2318fe8fa911f9c3e847d9,onepiececardgame,원피스 카드게임,2026-08,2026-08-03T19:58:09+09:00,known,82221aaf26d6158d3cfe7007,9a2318fe8fa911f9c3e847d9,105372,https://m.dcinside.com/board/onepiececardgame/105372,14탄 행콕 준비물 삽니다!!,seller-417ed952b1bdd2887921e981,규카츠폭격기,registered,슬레이브 애로우 OP07,슬레이브 애로우 OP07,슬레이브 애로우(OP07,,,buy,구매,1,056,560000,estimated,per_card,text,unknown,,active,needs_review,needs_review,"가격 단위 추정, 배송비 포함 여부 미확정",estimated,yes,candidate_estimated,슬레이브 애로우(OP07-056) 장당 0.2 3장까지
aa29b7f5815492546f015685,onepiececardgame,원피스 카드게임,2026-08,2026-08-03T19:58:09+09:00,known,82221aaf26d6158d3cfe7007,aa29b7f5815492546f015685,105372,https://m.dcinside.com/board/onepiececardgame/105372,14탄 행콕 준비물 삽니다!!,seller-417ed952b1bdd2887921e981,규카츠폭격기,registered,퍼퓸 피머 OP07,퍼퓸 피머 OP07,퍼퓸 피머(OP07,,,buy,구매,1,057,570000,estimated,per_card,text,unknown,,active,needs_review,needs_review,"가격 단위 추정, 배송비 포함 여부 미확정",estimated,yes,candidate_estimated,퍼퓸 피머(OP07-057) 4장 0.2완
ad6cc26b0d0b85d3290e26de,onepiececardgame,원피스 카드게임,2026-08,2026-08-03T19:58:09+09:00,known,5abe0202b9b5ce84d7f9f35a,ad6cc26b0d0b85d3290e26de,105372,https://m.dcinside.com/board/onepiececardgame/105372,14탄 행콕 준비물 삽니다!!,seller-417ed952b1bdd2887921e981,규카츠폭격기,registered,퍼퓸 피머 OP07,퍼퓸 피머 OP07,퍼퓸 피머(OP07,,,buy,구매,1,057,570000,estimated,per_card,text,unknown,,active,needs_review,needs_review,"가격 단위 추정, 배송비 포함 여부 미확정",estimated,yes,candidate_estimated,퍼퓸 피머(OP07-057) 4장 0.2완
01c68a4a8f1d5b7cebb2bbae,onepiececardgame,원피스 카드게임,2026-08,2026-08-03T20:39:09+09:00,known,f93651c21fe410083f8404e4,01c68a4a8f1d5b7cebb2bbae,105383,https://m.dcinside.com/board/onepiececardgame/105383,자황로시 카드 구합니다~!,seller-8ad10b55fa52911e796a44cf,원딱러,registered,황 sec로 OP10-119,황 sec로 OP10-119,황 sec로 OP10-119,,,buy,구매,4,3,30000,estimated,per_quantity,text,unknown,,active,needs_review,needs_review,"가격 단위 추정, 배송비 포함 여부 미확정, 복수 수량 총액 · 카드 1장 가격 아님",estimated,no,no,황 sec로 OP10-119 4장 3
1a37be04f31e04a2d92868cb,onepiececardgame,원피스 카드게임,2026-08,2026-08-03T20:39:09+09:00,known,f93651c21fe410083f8404e4,1a37be04f31e04a2d92868cb,105383,https://m.dcinside.com/board/onepiececardgame/105383,자황로시 카드 구합니다~!,seller-8ad10b55fa52911e796a44cf,원딱러,registered,엑부3 나미 EB03-053,엑부3 나미 EB03-053,엑부3 나미 EB03-053,,,buy,구매,1,1.5,15000,estimated,per_card,text,unknown,,active,needs_review,needs_review,"가격 단위 추정, 배송비 포함 여부 미확정",estimated,yes,candidate_estimated,엑부3 나미 EB03-053 1장 1.5
1bc5d5c4c4c5e10d8f5b9124,onepiececardgame,원피스 카드게임,2026-08,2026-08-03T20:39:09+09:00,known,3ab40236286a76c0a711b5e1,1bc5d5c4c4c5e10d8f5b9124,105383,https://m.dcinside.com/board/onepiececardgame/105383,자황로시 카드 구합니다~!,seller-8ad10b55fa52911e796a44cf,원딱러,registered,황 베이비5 OP12-112,황 베이비5 OP12-112,황 베이비5 OP12-112,,,buy,구매,1,0.5,5000,estimated,per_card,text,unknown,,active,needs_review,needs_review,"가격 단위 추정, 배송비 포함 여부 미확정",estimated,yes,candidate_estimated,황 베이비5 OP12-112 1장 0.5
5b92997b0f493091c753442a,onepiececardgame,원피스 카드게임,2026-08,2026-08-03T20:39:09+09:00,known,3ab40236286a76c0a711b5e1,5b92997b0f493091c753442a,105383,https://m.dcinside.com/board/onepiececardgame/105383,자황로시 카드 구합니다~!,seller-8ad10b55fa52911e796a44cf,원딱러,registered,황 sec로 OP10-119,황 sec로 OP10-119,황 sec로 OP10-119,,,buy,구매,4,3,30000,estimated,per_quantity,text,unknown,,active,needs_review,needs_review,"가격 단위 추정, 배송비 포함 여부 미확정, 복수 수량 총액 · 카드 1장 가격 아님",estimated,no,no,황 sec로 OP10-119 4장 3
72249e4d4a7a459f7f405758,onepiececardgame,원피스 카드게임,2026-08,2026-08-03T20:39:09+09:00,known,4136e0cd75e57c461281dc95,72249e4d4a7a459f7f405758,105383,https://m.dcinside.com/board/onepiececardgame/105383,자황로시 카드 구합니다~!,seller-8ad10b55fa52911e796a44cf,원딱러,registered,황 베이비5 OP12-112,황 베이비5 OP12-112,황 베이비5 OP12-112,,,buy,구매,1,0.5,5000,estimated,per_card,text,unknown,,active,needs_review,needs_review,"가격 단위 추정, 배송비 포함 여부 미확정",estimated,yes,candidate_estimated,황 베이비5 OP12-112 1장 0.5
7302e73687ebdb8d9ec6e23c,onepiececardgame,원피스 카드게임,2026-08,2026-08-03T20:39:09+09:00,known,f93651c21fe410083f8404e4,7302e73687ebdb8d9ec6e23c,105383,https://m.dcinside.com/board/onepiececardgame/105383,자황로시 카드 구합니다~!,seller-8ad10b55fa52911e796a44cf,원딱러,registered,황 베이비5 OP12-112,황 베이비5 OP12-112,황 베이비5 OP12-112,,,buy,구매,1,0.5,5000,estimated,per_card,text,unknown,,active,needs_review,needs_review,"가격 단위 추정, 배송비 포함 여부 미확정",estimated,yes,candidate_estimated,황 베이비5 OP12-112 1장 0.5
92496a1f3dbfd010a3e896e2,onepiececardgame,원피스 카드게임,2026-08,2026-08-03T20:39:09+09:00,known,f93651c21fe410083f8404e4,92496a1f3dbfd010a3e896e2,105383,https://m.dcinside.com/board/onepiececardgame/105383,자황로시 카드 구합니다~!,seller-8ad10b55fa52911e796a44cf,원딱러,registered,프로모 로 P-088,프로모 로 P-088,프로모 로 P-088,,,buy,구매,2,2.5,25000,estimated,per_quantity,text,unknown,,active,needs_review,needs_review,"가격 단위 추정, 배송비 포함 여부 미확정, 복수 수량 총액 · 카드 1장 가격 아님",estimated,no,no,프로모 로 P-088 2장 2.5
b1b031b7663ce7781511d5c9,onepiececardgame,원피스 카드게임,2026-08,2026-08-03T20:39:09+09:00,known,4136e0cd75e57c461281dc95,b1b031b7663ce7781511d5c9,105383,https://m.dcinside.com/board/onepiececardgame/105383,자황로시 카드 구합니다~!,seller-8ad10b55fa52911e796a44cf,원딱러,registered,황 sec로 OP10-119,황 sec로 OP10-119,황 sec로 OP10-119,,,buy,구매,4,3,30000,estimated,per_quantity,text,unknown,,active,needs_review,needs_review,"가격 단위 추정, 배송비 포함 여부 미확정, 복수 수량 총액 · 카드 1장 가격 아님",estimated,no,no,황 sec로 OP10-119 4장 3
b8ebebfd9c0648228754f9f8,onepiececardgame,원피스 카드게임,2026-08,2026-08-03T20:39:09+09:00,known,4136e0cd75e57c461281dc95,b8ebebfd9c0648228754f9f8,105383,https://m.dcinside.com/board/onepiececardgame/105383,자황로시 카드 구합니다~!,seller-8ad10b55fa52911e796a44cf,원딱러,registered,프로모 로 P-088,프로모 로 P-088,프로모 로 P-088,,,buy,구매,2,2.5,25000,estimated,per_quantity,text,unknown,,active,needs_review,needs_review,"가격 단위 추정, 배송비 포함 여부 미확정, 복수 수량 총액 · 카드 1장 가격 아님",estimated,no,no,프로모 로 P-088 2장 2.5
c7f5d7c5964deb5fba02af69,onepiececardgame,원피스 카드게임,2026-08,2026-08-03T20:39:09+09:00,known,3ab40236286a76c0a711b5e1,c7f5d7c5964deb5fba02af69,105383,https://m.dcinside.com/board/onepiececardgame/105383,자황로시 카드 구합니다~!,seller-8ad10b55fa52911e796a44cf,원딱러,registered,프로모 로 P-088,프로모 로 P-088,프로모 로 P-088,,,buy,구매,2,2.5,25000,estimated,per_quantity,text,unknown,,active,needs_review,needs_review,"가격 단위 추정, 배송비 포함 여부 미확정, 복수 수량 총액 · 카드 1장 가격 아님",estimated,no,no,프로모 로 P-088 2장 2.5
d7643f3e6e3c15a43159667f,onepiececardgame,원피스 카드게임,2026-08,2026-08-03T20:39:09+09:00,known,4136e0cd75e57c461281dc95,d7643f3e6e3c15a43159667f,105383,https://m.dcinside.com/board/onepiececardgame/105383,자황로시 카드 구합니다~!,seller-8ad10b55fa52911e796a44cf,원딱러,registered,엑부3 나미 EB03-053,엑부3 나미 EB03-053,엑부3 나미 EB03-053,,,buy,구매,1,1.5,15000,estimated,per_card,text,unknown,,active,needs_review,needs_review,"가격 단위 추정, 배송비 포함 여부 미확정",estimated,yes,candidate_estimated,엑부3 나미 EB03-053 1장 1.5
da907304b52e25dab9182b9b,onepiececardgame,원피스 카드게임,2026-08,2026-08-03T20:39:09+09:00,known,3ab40236286a76c0a711b5e1,da907304b52e25dab9182b9b,105383,https://m.dcinside.com/board/onepiececardgame/105383,자황로시 카드 구합니다~!,seller-8ad10b55fa52911e796a44cf,원딱러,registered,엑부3 나미 EB03-053,엑부3 나미 EB03-053,엑부3 나미 EB03-053,,,buy,구매,1,1.5,15000,estimated,per_card,text,unknown,,active,needs_review,needs_review,"가격 단위 추정, 배송비 포함 여부 미확정",estimated,yes,candidate_estimated,엑부3 나미 EB03-053 1장 1.5
27a1bbf8ea2265a6cd2b9c21,onepiececardgame,원피스 카드게임,2026-08,2026-08-03T23:01:43+09:00,known,c2a58f76d2fa91a257968e4b,27a1bbf8ea2265a6cd2b9c21,105423,https://m.dcinside.com/board/onepiececardgame/105423,12탄 레이주 히로인즈 레이주 페레 구매합니다,seller-8ad10b55fa52911e796a44cf,원딱러,registered,히로인즈 레이주 페레,히로인즈 레이주 페레,히로인즈 레이주 페레,,,buy,구매,1,1.0,10000,estimated,per_card,text,unknown,,active,needs_review,needs_review,"가격 단위 추정, 배송비 포함 여부 미확정",estimated,yes,candidate_estimated,히로인즈 레이주 페레 1장 1.0
2ee81bb7cc5324afcc5ff339,onepiececardgame,원피스 카드게임,2026-08,2026-08-03T23:01:43+09:00,known,c2a58f76d2fa91a257968e4b,2ee81bb7cc5324afcc5ff339,105423,https://m.dcinside.com/board/onepiececardgame/105423,12탄 레이주 히로인즈 레이주 페레 구매합니다,seller-8ad10b55fa52911e796a44cf,원딱러,registered,12탄 4코 블록커 레이주페레,12탄 4코 블록커 레이주페레,12탄 4코 블록커 레이주페레,,,buy,구매,1,4.5,45000,estimated,per_card,text,unknown,,active,needs_review,needs_review,"가격 단위 추정, 배송비 포함 여부 미확정",estimated,yes,candidate_estimated,12탄 4코 블록커 레이주페레 1장 4.5
3a4d806632109d5df699f819,onepiececardgame,원피스 카드게임,2026-08,2026-08-03T23:01:43+09:00,known,e28b2496a8e86ba532becece,3a4d806632109d5df699f819,105423,https://m.dcinside.com/board/onepiececardgame/105423,12탄 레이주 히로인즈 레이주 페레 구매합니다,seller-8ad10b55fa52911e796a44cf,원딱러,registered,히로인즈 레이주 페레,히로인즈 레이주 페레,히로인즈 레이주 페레,,,buy,구매,1,1.0,10000,estimated,per_card,text,unknown,,active,needs_review,needs_review,"가격 단위 추정, 배송비 포함 여부 미확정",estimated,yes,candidate_estimated,히로인즈 레이주 페레 1장 1.0
8d777200019e77cd76a786e4,onepiececardgame,원피스 카드게임,2026-08,2026-08-03T23:01:43+09:00,known,e28b2496a8e86ba532becece,8d777200019e77cd76a786e4,105423,https://m.dcinside.com/board/onepiececardgame/105423,12탄 레이주 히로인즈 레이주 페레 구매합니다,seller-8ad10b55fa52911e796a44cf,원딱러,registered,12탄 4코 블록커 레이주페레,12탄 4코 블록커 레이주페레,12탄 4코 블록커 레이주페레,,,buy,구매,1,4.5,45000,estimated,per_card,text,unknown,,active,needs_review,needs_review,"가격 단위 추정, 배송비 포함 여부 미확정",estimated,yes,candidate_estimated,12탄 4코 블록커 레이주페레 1장 4.5
98e8148ce16ed7b354ea07ab,onepiececardgame,원피스 카드게임,2026-08,2026-08-03T23:01:43+09:00,known,19a7af69be0a4db963f4450a,98e8148ce16ed7b354ea07ab,105423,https://m.dcinside.com/board/onepiececardgame/105423,12탄 레이주 히로인즈 레이주 페레 구매합니다,seller-8ad10b55fa52911e796a44cf,원딱러,registered,12탄 4코 블록커 레이주페레,12탄 4코 블록커 레이주페레,12탄 4코 블록커 레이주페레,,,buy,구매,1,4.5,45000,estimated,per_card,text,unknown,,active,needs_review,needs_review,"가격 단위 추정, 배송비 포함 여부 미확정",estimated,yes,candidate_estimated,12탄 4코 블록커 레이주페레 1장 4.5
a3063ccbb4eaa208fcfa4023,onepiececardgame,원피스 카드게임,2026-08,2026-08-03T23:01:43+09:00,known,19a7af69be0a4db963f4450a,a3063ccbb4eaa208fcfa4023,105423,https://m.dcinside.com/board/onepiececardgame/105423,12탄 레이주 히로인즈 레이주 페레 구매합니다,seller-8ad10b55fa52911e796a44cf,원딱러,registered,히로인즈 레이주 페레,히로인즈 레이주 페레,히로인즈 레이주 페레,,,buy,구매,1,1.0,10000,estimated,per_card,text,unknown,,active,needs_review,needs_review,"가격 단위 추정, 배송비 포함 여부 미확정",estimated,yes,candidate_estimated,히로인즈 레이주 페레 1장 1.0
cae96ede75ccf24a361b02b8,onepiececardgame,원피스 카드게임,2026-08,2026-08-03T23:18:31+09:00,known,1a5fc472b26b646cd7e77ed7,cae96ede75ccf24a361b02b8,105426,https://m.dcinside.com/board/onepiececardgame/105426,Prb 6로우 페레 4장 삽니다,seller-d1b9cd7e85212b5e7bb90aa8,ㅇㅇ,guest,,,,,,buy,구매,4,3.2,32000,estimated,per_quantity,text,unknown,,active,needs_review,needs_review,"가격 단위 추정, 배송비 포함 여부 미확정, 카드명 확인 필요, 복수 수량 총액 · 카드 1장 가격 아님",estimated,no,no,4장 3.2에 사봅니다
d3562df00d2363d04df096b2,onepiececardgame,원피스 카드게임,2026-08,2026-08-03T23:18:31+09:00,known,86feb59dd3212dc07be4b168,d3562df00d2363d04df096b2,105426,https://m.dcinside.com/board/onepiececardgame/105426,Prb 6로우 페레 4장 삽니다,seller-ce2b281db10f337262e32d61,ㅇㅇ,guest,,,,,,buy,구매,4,3.2,32000,estimated,per_quantity,text,unknown,,active,needs_review,needs_review,"가격 단위 추정, 배송비 포함 여부 미확정, 카드명 확인 필요, 복수 수량 총액 · 카드 1장 가격 아님",estimated,no,no,4장 3.2에 사봅니다
e8fa30cfb7610cdf84d39952,onepiececardgame,원피스 카드게임,2026-08,2026-08-03T23:18:31+09:00,known,accdab1cf4dcf4519c22e483,e8fa30cfb7610cdf84d39952,105426,https://m.dcinside.com/board/onepiececardgame/105426,Prb 6로우 페레 4장 삽니다,seller-4864a83418dbeeb64a111836,ㅇㅇ,guest,,,,,,buy,구매,4,3.2,32000,estimated,per_quantity,text,unknown,,active,needs_review,needs_review,"가격 단위 추정, 배송비 포함 여부 미확정, 카드명 확인 필요, 복수 수량 총액 · 카드 1장 가격 아님",estimated,no,no,4장 3.2에 사봅니다
2e0af1c0b09476c306a2bdbc,onepiececardgame,원피스 카드게임,2026-08,2026-08-03T23:30:28+09:00,known,97c9e6599131f6366f158e35,2e0af1c0b09476c306a2bdbc,105428,https://m.dcinside.com/board/onepiececardgame/105428,히로인즈 단체 일반둥 삽니다,seller-9a2c74fa6603c316044d55cd,ㅇㅇ3,registered,히로인즈 단체 일반둥,히로인즈 단체 일반둥,히로인즈 단체 일반둥,,,buy,구매,1,,,missing,unknown,unknown,unknown,,active,needs_review,needs_review,희망가 미기재,missing,no,no,히로인즈 단체 일반둥 삽니다
976cda8f8e4e6543668a2203,onepiececardgame,원피스 카드게임,2026-08,2026-08-03T23:30:28+09:00,known,8be25dac701a0c10a66119ce,976cda8f8e4e6543668a2203,105428,https://m.dcinside.com/board/onepiececardgame/105428,히로인즈 단체 일반둥 삽니다,seller-9a2c74fa6603c316044d55cd,ㅇㅇ3,registered,히로인즈 단체 일반둥,히로인즈 단체 일반둥,히로인즈 단체 일반둥,,,buy,구매,1,,,missing,unknown,unknown,unknown,,active,needs_review,needs_review,희망가 미기재,missing,no,no,히로인즈 단체 일반둥 삽니다
c9f62aae2cfada43f280c6bb,onepiececardgame,원피스 카드게임,2026-08,2026-08-03T23:30:28+09:00,known,d1eec0fe24c4b613bf81c77b,c9f62aae2cfada43f280c6bb,105428,https://m.dcinside.com/board/onepiececardgame/105428,히로인즈 단체 일반둥 삽니다,seller-9a2c74fa6603c316044d55cd,ㅇㅇ3,registered,히로인즈 단체 일반둥,히로인즈 단체 일반둥,히로인즈 단체 일반둥,,,buy,구매,1,,,missing,unknown,unknown,unknown,,active,needs_review,needs_review,희망가 미기재,missing,no,no,히로인즈 단체 일반둥 삽니다
1f5856b9d0cf70bbfc89c221,onepiececardgame,원피스 카드게임,2026-08,2026-08-04T00:58:17+09:00,known,1411f0b7b79c23e2022f0877,1f5856b9d0cf70bbfc89c221,105441,https://m.dcinside.com/board/onepiececardgame/105441,녹보니 완덱 삽니다~!,seller-8ad10b55fa52911e796a44cf,원딱러,registered,녹보니 완덱 ~!,녹보니 완덱 ~!,녹보니 완덱 ~!,,,buy,구매,1,,,missing,unknown,unknown,unknown,,active,needs_review,needs_review,희망가 미기재,missing,no,no,녹보니 완덱 삽니다~!
6356e6373953b2fce44d7205,onepiececardgame,원피스 카드게임,2026-08,2026-08-04T00:58:17+09:00,known,f7d986b1794a5327596d4c68,6356e6373953b2fce44d7205,105441,https://m.dcinside.com/board/onepiececardgame/105441,녹보니 완덱 삽니다~!,seller-8ad10b55fa52911e796a44cf,원딱러,registered,녹보니 완덱 ~!,녹보니 완덱 ~!,녹보니 완덱 ~!,,,buy,구매,1,,,missing,unknown,unknown,unknown,,active,needs_review,needs_review,희망가 미기재,missing,no,no,녹보니 완덱 삽니다~!
98b09e5bb6177efedf7c043f,onepiececardgame,원피스 카드게임,2026-08,2026-08-04T00:58:17+09:00,known,337a1d463ad754fba345959d,98b09e5bb6177efedf7c043f,105441,https://m.dcinside.com/board/onepiececardgame/105441,녹보니 완덱 삽니다~!,seller-8ad10b55fa52911e796a44cf,원딱러,registered,녹보니 완덱 ~!,녹보니 완덱 ~!,녹보니 완덱 ~!,,,buy,구매,1,,,missing,unknown,unknown,unknown,,active,needs_review,needs_review,희망가 미기재,missing,no,no,녹보니 완덱 삽니다~!
304b1ba81d004f573a89c896,onepiececardgame,원피스 카드게임,2026-08,2026-08-04T01:11:03+09:00,known,1faadd5c37bed8b2120c5b2b,304b1ba81d004f573a89c896,105444,https://m.dcinside.com/board/onepiececardgame/105444,페레 구매합니다,seller-8ad10b55fa52911e796a44cf,원딱러,registered,히로인즈 로빈 페레,히로인즈 로빈 페레,히로인즈 로빈 페레,,,buy,구매,1,5.0,50000,estimated,per_card,text,unknown,,active,needs_review,needs_review,"가격 단위 추정, 배송비 포함 여부 미확정",estimated,yes,candidate_estimated,히로인즈 로빈 페레 5.0
55c7109c82a0230a4298d261,onepiececardgame,원피스 카드게임,2026-08,2026-08-04T01:11:03+09:00,known,c8639ca9d38b8fdfc2b8fab8,55c7109c82a0230a4298d261,105444,https://m.dcinside.com/board/onepiececardgame/105444,페레 구매합니다,seller-8ad10b55fa52911e796a44cf,원딱러,registered,12탄 4코 블록커 레이쥬,12탄 4코 블록커 레이쥬,12탄 4코 블록커 레이쥬,,,buy,구매,1,4.5,45000,estimated,per_card,text,unknown,,active,needs_review,needs_review,"가격 단위 추정, 배송비 포함 여부 미확정",estimated,yes,candidate_estimated,12탄 4코 블록커 레이쥬4.5
94e46a05908d0baace9585ea,onepiececardgame,원피스 카드게임,2026-08,2026-08-04T01:11:03+09:00,known,8e0649df70f6f89ccf3dce14,94e46a05908d0baace9585ea,105444,https://m.dcinside.com/board/onepiececardgame/105444,페레 구매합니다,seller-8ad10b55fa52911e796a44cf,원딱러,registered,12탄 4코 블록커 레이쥬,12탄 4코 블록커 레이쥬,12탄 4코 블록커 레이쥬,,,buy,구매,1,4.5,45000,estimated,per_card,text,unknown,,active,needs_review,needs_review,"가격 단위 추정, 배송비 포함 여부 미확정",estimated,yes,candidate_estimated,12탄 4코 블록커 레이쥬4.5
98619d86a7449305650b3f93,onepiececardgame,원피스 카드게임,2026-08,2026-08-04T01:11:03+09:00,known,8e0649df70f6f89ccf3dce14,98619d86a7449305650b3f93,105444,https://m.dcinside.com/board/onepiececardgame/105444,페레 구매합니다,seller-8ad10b55fa52911e796a44cf,원딱러,registered,히로인즈 로빈 페레,히로인즈 로빈 페레,히로인즈 로빈 페레,,,buy,구매,1,5.0,50000,estimated,per_card,text,unknown,,active,needs_review,needs_review,"가격 단위 추정, 배송비 포함 여부 미확정",estimated,yes,candidate_estimated,히로인즈 로빈 페레 5.0
bbebbc810ce8a84d38ff2292,onepiececardgame,원피스 카드게임,2026-08,2026-08-04T01:11:03+09:00,known,c8639ca9d38b8fdfc2b8fab8,bbebbc810ce8a84d38ff2292,105444,https://m.dcinside.com/board/onepiececardgame/105444,페레 구매합니다,seller-8ad10b55fa52911e796a44cf,원딱러,registered,히로인즈 로빈 페레,히로인즈 로빈 페레,히로인즈 로빈 페레,,,buy,구매,1,5.0,50000,estimated,per_card,text,unknown,,active,needs_review,needs_review,"가격 단위 추정, 배송비 포함 여부 미확정",estimated,yes,candidate_estimated,히로인즈 로빈 페레 5.0
ca9d506fb487ee416e2f9445,onepiececardgame,원피스 카드게임,2026-08,2026-08-04T01:11:03+09:00,known,1faadd5c37bed8b2120c5b2b,ca9d506fb487ee416e2f9445,105444,https://m.dcinside.com/board/onepiececardgame/105444,페레 구매합니다,seller-8ad10b55fa52911e796a44cf,원딱러,registered,12탄 4코 블록커 레이쥬,12탄 4코 블록커 레이쥬,12탄 4코 블록커 레이쥬,,,buy,구매,1,4.5,45000,estimated,per_card,text,unknown,,active,needs_review,needs_review,"가격 단위 추정, 배송비 포함 여부 미확정",estimated,yes,candidate_estimated,12탄 4코 블록커 레이쥬4.5
4215e60e4713224cbe76075d,onepiececardgame,원피스 카드게임,2026-08,2026-08-04T10:26:22+09:00,known,239fc6230290d3541b60881b,4215e60e4713224cbe76075d,105466,https://m.dcinside.com/board/onepiececardgame/105466,마르코 2장 삽니다,seller-951d9488aaf6e2b657f7c010,ㅇㅇㅇ,guest,마르코,마르코,마르코 2장,,,buy,구매,2,,,missing,unknown,unknown,unknown,,active,needs_review,needs_review,희망가 미기재,missing,no,no,마르코 2장 삽니다
9a53f84407f2f3671ce55ed3,onepiececardgame,원피스 카드게임,2026-08,2026-08-04T10:26:22+09:00,known,b50ed6d42a45429c38c06b6b,9a53f84407f2f3671ce55ed3,105466,https://m.dcinside.com/board/onepiececardgame/105466,마르코 2장 삽니다,seller-5c834ec4397e13ba52f20b4b,ㅇㅇㅇ,guest,마르코,마르코,마르코 2장,,,buy,구매,2,,,missing,unknown,unknown,unknown,,active,needs_review,needs_review,희망가 미기재,missing,no,no,마르코 2장 삽니다
d0959aa780fddf9fba083501,onepiececardgame,원피스 카드게임,2026-08,2026-08-04T10:26:22+09:00,known,0daee8fd3a0645211fbae335,d0959aa780fddf9fba083501,105466,https://m.dcinside.com/board/onepiececardgame/105466,마르코 2장 삽니다,seller-ec642239d2b9bd5da27430db,ㅇㅇㅇ,guest,마르코,마르코,마르코 2장,,,buy,구매,2,,,missing,unknown,unknown,unknown,,active,needs_review,needs_review,희망가 미기재,missing,no,no,마르코 2장 삽니다
5ba79b672c5b1b0691834800,onepiececardgame,원피스 카드게임,2026-08,2026-08-04T12:48:22+09:00,known,8bf3714709a0e289cae9f3de,5ba79b672c5b1b0691834800,105490,https://m.dcinside.com/board/onepiececardgame/105490,에이스덱 삽니다(구매완),seller-4dd5aeebb0c5544ff1d95554,배드랜드,registered,에이스덱,에이스덱,에이스덱,,,buy,구매,1,24,240000,estimated,bundle,text,unknown,,active,needs_review,needs_review,"가격 단위 추정, 배송비 포함 여부 미확정, 묶음·세트 총액 · 개별 카드 가격 아님",estimated,no,no,에이스덱 24에 삽니다.
8fde2a24ba13a27cf9fd08cb,onepiececardgame,원피스 카드게임,2026-08,2026-08-04T12:48:22+09:00,known,911ac75fa18368eb09da5882,8fde2a24ba13a27cf9fd08cb,105490,https://m.dcinside.com/board/onepiececardgame/105490,에이스덱 삽니다(구매완),seller-4dd5aeebb0c5544ff1d95554,배드랜드,registered,에이스덱,에이스덱,에이스덱,,,buy,구매,1,24,240000,estimated,bundle,text,unknown,,active,needs_review,needs_review,"가격 단위 추정, 배송비 포함 여부 미확정, 묶음·세트 총액 · 개별 카드 가격 아님",estimated,no,no,에이스덱 24에 삽니다.
cfaea5e84376c2f780f16c0a,onepiececardgame,원피스 카드게임,2026-08,2026-08-04T12:48:22+09:00,known,dc397eaada8763b6cebed54c,cfaea5e84376c2f780f16c0a,105490,https://m.dcinside.com/board/onepiececardgame/105490,에이스덱 삽니다(구매완),seller-4dd5aeebb0c5544ff1d95554,배드랜드,registered,에이스덱,에이스덱,에이스덱,,,buy,구매,1,24,240000,estimated,bundle,text,unknown,,active,needs_review,needs_review,"가격 단위 추정, 배송비 포함 여부 미확정, 묶음·세트 총액 · 개별 카드 가격 아님",estimated,no,no,에이스덱 24에 삽니다.
138da46be42e0c649d591058,onepiececardgame,원피스 카드게임,2026-08,2026-08-04T13:31:54+09:00,known,6c5fcbf61a2d910c237adffe,138da46be42e0c649d591058,105494,https://m.dcinside.com/board/onepiececardgame/105494,[장한평 직 or 택배/등기] ER03 나미 SR 2장 구합니다.,seller-58cf69f2129529406fabebae,ㅇㅇ,guest,,장당,장당,,,buy,구매,1,1.5,15000,estimated,per_card,text,unknown,,active,needs_review,needs_review,"가격 단위 추정, 배송비 포함 여부 미확정",estimated,yes,candidate_estimated,장당 1.5 구매합니다.
3e49766e50fb88c580824ef8,onepiececardgame,원피스 카드게임,2026-08,2026-08-04T13:31:54+09:00,known,ea6fa74d4c0dbd241de13505,3e49766e50fb88c580824ef8,105494,https://m.dcinside.com/board/onepiececardgame/105494,[장한평 직 or 택배/등기] ER03 나미 SR 2장 구합니다.,seller-4d9487522122ddd39f7dc1f9,ㅇㅇ,guest,,장당,장당,,,buy,구매,1,1.5,15000,estimated,per_card,text,unknown,,active,needs_review,needs_review,"가격 단위 추정, 배송비 포함 여부 미확정",estimated,yes,candidate_estimated,장당 1.5 구매합니다.
d0bcc2c1255407522f864ea9,onepiececardgame,원피스 카드게임,2026-08,2026-08-04T13:31:54+09:00,known,6945abb0dfdf122c2128e01f,d0bcc2c1255407522f864ea9,105494,https://m.dcinside.com/board/onepiececardgame/105494,[장한평 직 or 택배/등기] ER03 나미 SR 2장 구합니다.,seller-18a6b2292f5974baf83f295c,ㅇㅇ,guest,,장당,장당,,,buy,구매,1,1.5,15000,estimated,per_card,text,unknown,,active,needs_review,needs_review,"가격 단위 추정, 배송비 포함 여부 미확정",estimated,yes,candidate_estimated,장당 1.5 구매합니다.
22dd8a3f6698c067b53fda93,onepiececardgame,원피스 카드게임,2026-08,2026-08-04T17:13:33+09:00,known,902495f584a1b37ba03ab59f,22dd8a3f6698c067b53fda93,105536,https://m.dcinside.com/board/onepiececardgame/105536,13탄 흰수염 sr 3장 구매합니다,seller-0d06882085adf267d7e26b0e,유동닉,guest,,장당,장당,,,buy,구매,3,0.9,9000,estimated,per_card,text,unknown,,active,needs_review,needs_review,"가격 단위 추정, 배송비 포함 여부 미확정",estimated,yes,candidate_estimated,3장 장당 0.9에 구합니다
5d9fa554d3990c145f57689d,onepiececardgame,원피스 카드게임,2026-08,2026-08-04T17:13:33+09:00,known,bec2309c4c43b7d864462aeb,5d9fa554d3990c145f57689d,105536,https://m.dcinside.com/board/onepiececardgame/105536,13탄 흰수염 sr 3장 구매합니다,seller-9807f916ca0f2089fa5262e1,유동닉,guest,,장당,장당,,,buy,구매,3,0.9,9000,estimated,per_card,text,unknown,,active,needs_review,needs_review,"가격 단위 추정, 배송비 포함 여부 미확정",estimated,yes,candidate_estimated,3장 장당 0.9에 구합니다
d8783bab1df8221567f327c2,onepiececardgame,원피스 카드게임,2026-08,2026-08-04T17:13:33+09:00,known,7a24f163de0f771a5f9115bb,d8783bab1df8221567f327c2,105536,https://m.dcinside.com/board/onepiececardgame/105536,13탄 흰수염 sr 3장 구매합니다,seller-83d822747174e83d521c6c49,유동닉,guest,,장당,장당,,,buy,구매,3,0.9,9000,estimated,per_card,text,unknown,,active,needs_review,needs_review,"가격 단위 추정, 배송비 포함 여부 미확정",estimated,yes,candidate_estimated,3장 장당 0.9에 구합니다
27db714d34624ac453655339,onepiececardgame,원피스 카드게임,2026-08,2026-08-04T17:22:56+09:00,known,32893a67a63cde70b613e310,27db714d34624ac453655339,105540,https://m.dcinside.com/board/onepiececardgame/105540,12탄 PRB 적색 6코 로우 페레 4장 6에 ㅅㅅ,seller-2a0a01ccc47e8acf78b29b03,ㅇㅇ,guest,,,,,,buy,구매,4,6,60000,estimated,per_quantity,text,unknown,,active,needs_review,needs_review,"가격 단위 추정, 배송비 포함 여부 미확정, 카드명 확인 필요, 복수 수량 총액 · 카드 1장 가격 아님",estimated,no,no,4장 6에 삽니다
f2397efb76d55d2f14de09c2,onepiececardgame,원피스 카드게임,2026-08,2026-08-04T17:22:56+09:00,known,63f31e8959d56b2b66001668,f2397efb76d55d2f14de09c2,105540,https://m.dcinside.com/board/onepiececardgame/105540,12탄 PRB 적색 6코 로우 페레 4장 6에 ㅅㅅ,seller-ee84002842e5d057877ebc4d,ㅇㅇ,guest,,,,,,buy,구매,4,6,60000,estimated,per_quantity,text,unknown,,active,needs_review,needs_review,"가격 단위 추정, 배송비 포함 여부 미확정, 카드명 확인 필요, 복수 수량 총액 · 카드 1장 가격 아님",estimated,no,no,4장 6에 삽니다
f3796c1872c4dee26f2b0497,onepiececardgame,원피스 카드게임,2026-08,2026-08-04T17:22:56+09:00,known,55471a21bc25edca5c6f76a2,f3796c1872c4dee26f2b0497,105540,https://m.dcinside.com/board/onepiececardgame/105540,12탄 PRB 적색 6코 로우 페레 4장 6에 ㅅㅅ,seller-498b919908646498c67616f1,ㅇㅇ,guest,,,,,,buy,구매,4,6,60000,estimated,per_quantity,text,unknown,,active,needs_review,needs_review,"가격 단위 추정, 배송비 포함 여부 미확정, 카드명 확인 필요, 복수 수량 총액 · 카드 1장 가격 아님",estimated,no,no,4장 6에 삽니다
4fddea93c54a2641ac18a31f,onepiececardgame,원피스 카드게임,2026-08,2026-08-04T17:46:32+09:00,known,621ebdf93e3b66668fa90294,4fddea93c54a2641ac18a31f,105542,https://m.dcinside.com/board/onepiececardgame/105542,1코 페로나 1장 구합니다,seller-8ad10b55fa52911e796a44cf,원딱러,registered,1코 페로나,1코 페로나,1코 페로나 1장,,,buy,구매,1,,,missing,unknown,unknown,unknown,,active,needs_review,needs_review,희망가 미기재,missing,no,no,1코 페로나 1장 구합니다
da8a2aecc583de42b370082f,onepiececardgame,원피스 카드게임,2026-08,2026-08-04T17:46:32+09:00,known,ba56dd9473998cf796aff4a3,da8a2aecc583de42b370082f,105542,https://m.dcinside.com/board/onepiececardgame/105542,1코 페로나 1장 구합니다,seller-8ad10b55fa52911e796a44cf,원딱러,registered,1코 페로나,1코 페로나,1코 페로나 1장,,,buy,구매,1,,,missing,unknown,unknown,unknown,,active,needs_review,needs_review,희망가 미기재,missing,no,no,1코 페로나 1장 구합니다
f1afe6117bd350086851ae2d,onepiececardgame,원피스 카드게임,2026-08,2026-08-04T17:46:32+09:00,known,2d46a5c7d1801fa5b9502ee7,f1afe6117bd350086851ae2d,105542,https://m.dcinside.com/board/onepiececardgame/105542,1코 페로나 1장 구합니다,seller-8ad10b55fa52911e796a44cf,원딱러,registered,1코 페로나,1코 페로나,1코 페로나 1장,,,buy,구매,1,,,missing,unknown,unknown,unknown,,active,needs_review,needs_review,희망가 미기재,missing,no,no,1코 페로나 1장 구합니다
173717c663ec6b8f3428a9a6,onepiececardgame,원피스 카드게임,2026-08,2026-08-04T18:50:44+09:00,known,2d9d4457dd53297af84924a9,173717c663ec6b8f3428a9a6,105553,https://m.dcinside.com/board/onepiececardgame/105553,13탄 루피 시크페레 삽니다,seller-8ad10b55fa52911e796a44cf,원딱러,registered,루피 시크페레 두장,루피 시크페레 두장,루피 시크페레 두장 장당,,,buy,구매,1,4.0,40000,estimated,per_card,text,unknown,,active,needs_review,needs_review,"가격 단위 추정, 배송비 포함 여부 미확정",estimated,yes,candidate_estimated,루피 시크페레 두장 장당 4.0 구매희망합니다
215e6b38033e2aa6fd4db1d9,onepiececardgame,원피스 카드게임,2026-08,2026-08-04T18:50:44+09:00,known,a49c7a7bd246447ed0186d51,215e6b38033e2aa6fd4db1d9,105553,https://m.dcinside.com/board/onepiececardgame/105553,13탄 루피 시크페레 삽니다,seller-8ad10b55fa52911e796a44cf,원딱러,registered,루피 시크페레 두장,루피 시크페레 두장,루피 시크페레 두장 장당,,,buy,구매,1,4.0,40000,estimated,per_card,text,unknown,,active,needs_review,needs_review,"가격 단위 추정, 배송비 포함 여부 미확정",estimated,yes,candidate_estimated,루피 시크페레 두장 장당 4.0 구매희망합니다
2fc5f8845b60dae87169bbdc,onepiececardgame,원피스 카드게임,2026-08,2026-08-04T18:50:44+09:00,known,8a5e4c60024641ae53c0583b,2fc5f8845b60dae87169bbdc,105553,https://m.dcinside.com/board/onepiececardgame/105553,13탄 루피 시크페레 삽니다,seller-8ad10b55fa52911e796a44cf,원딱러,registered,루피 시크페레 두장,루피 시크페레 두장,루피 시크페레 두장 장당,,,buy,구매,1,4.0,40000,estimated,per_card,text,unknown,,active,needs_review,needs_review,"가격 단위 추정, 배송비 포함 여부 미확정",estimated,yes,candidate_estimated,루피 시크페레 두장 장당 4.0 구매희망합니다
1ca2057e05909dbd59062934,onepiececardgame,원피스 카드게임,2026-08,2026-08-04T20:19:36+09:00,known,8c10db2249cabe24bc841111,1ca2057e05909dbd59062934,105566,https://m.dcinside.com/board/onepiececardgame/105566,녹보니 소스 삽니다,seller-4dd5aeebb0c5544ff1d95554,배드랜드,registered,녹보니 소스,녹보니 소스,녹보니 소스,,,buy,구매,1,7.0,70000,estimated,bundle,text,unknown,,active,needs_review,needs_review,"가격 단위 추정, 배송비 포함 여부 미확정, 묶음·세트 총액 · 개별 카드 가격 아님",estimated,no,no,녹보니 소스 7.0에 삽니다
2763f0f726ef37f7d4ca54a9,onepiececardgame,원피스 카드게임,2026-08,2026-08-04T20:19:36+09:00,known,dff778f62d2977e1d23f6216,2763f0f726ef37f7d4ca54a9,105566,https://m.dcinside.com/board/onepiececardgame/105566,녹보니 소스 삽니다,seller-4dd5aeebb0c5544ff1d95554,배드랜드,registered,녹보니 소스,녹보니 소스,녹보니 소스,,,buy,구매,1,7.0,70000,estimated,bundle,text,unknown,,active,needs_review,needs_review,"가격 단위 추정, 배송비 포함 여부 미확정, 묶음·세트 총액 · 개별 카드 가격 아님",estimated,no,no,녹보니 소스 7.0에 삽니다
e6c389690c460b5874808f1c,onepiececardgame,원피스 카드게임,2026-08,2026-08-04T20:19:36+09:00,known,5ebfbbf4a6013f92f93323b2,e6c389690c460b5874808f1c,105566,https://m.dcinside.com/board/onepiececardgame/105566,녹보니 소스 삽니다,seller-4dd5aeebb0c5544ff1d95554,배드랜드,registered,녹보니 소스,녹보니 소스,녹보니 소스,,,buy,구매,1,7.0,70000,estimated,bundle,text,unknown,,active,needs_review,needs_review,"가격 단위 추정, 배송비 포함 여부 미확정, 묶음·세트 총액 · 개별 카드 가격 아님",estimated,no,no,녹보니 소스 7.0에 삽니다
1ad9da83a42ebfe053ab0fb4,onepiececardgame,원피스 카드게임,2026-08,2026-08-04T21:01:12+09:00,known,c44ccd33d3caad811d7034ed,1ad9da83a42ebfe053ab0fb4,105573,https://m.dcinside.com/board/onepiececardgame/105573,히로인즈 둥 하나씩 4장 구해요,seller-8ad10b55fa52911e796a44cf,원딱러,registered,나미 로빈 우타 행콕 둥 하나씩해서,나미 로빈 우타 행콕 둥 하나씩해서,나미 로빈 우타 행콕 둥 하나씩해서,,,buy,구매,4,1.0,10000,estimated,per_quantity,text,unknown,,active,needs_review,needs_review,"가격 단위 추정, 배송비 포함 여부 미확정, 복수 수량 총액 · 카드 1장 가격 아님",estimated,no,no,나미 로빈 우타 행콕 둥 하나씩해서 4장 1.0에 준등기나 반택으로 삽니다
1da1668529beccdb9d1cf122,onepiececardgame,원피스 카드게임,2026-08,2026-08-04T21:01:12+09:00,known,28e96a18a5d3a64caedc21f1,1da1668529beccdb9d1cf122,105573,https://m.dcinside.com/board/onepiececardgame/105573,히로인즈 둥 하나씩 4장 구해요,seller-8ad10b55fa52911e796a44cf,원딱러,registered,나미 로빈 우타 행콕 둥 하나씩해서,나미 로빈 우타 행콕 둥 하나씩해서,나미 로빈 우타 행콕 둥 하나씩해서,,,buy,구매,4,1.0,10000,estimated,per_quantity,text,unknown,,active,needs_review,needs_review,"가격 단위 추정, 배송비 포함 여부 미확정, 복수 수량 총액 · 카드 1장 가격 아님",estimated,no,no,나미 로빈 우타 행콕 둥 하나씩해서 4장 1.0에 준등기나 반택으로 삽니다
b4ca43cf30540c58782cc785,onepiececardgame,원피스 카드게임,2026-08,2026-08-04T21:01:12+09:00,known,c7c962ebce5258c098fa3522,b4ca43cf30540c58782cc785,105573,https://m.dcinside.com/board/onepiececardgame/105573,히로인즈 둥 하나씩 4장 구해요,seller-8ad10b55fa52911e796a44cf,원딱러,registered,나미 로빈 우타 행콕 둥 하나씩해서,나미 로빈 우타 행콕 둥 하나씩해서,나미 로빈 우타 행콕 둥 하나씩해서,,,buy,구매,4,1.0,10000,estimated,per_quantity,text,unknown,,active,needs_review,needs_review,"가격 단위 추정, 배송비 포함 여부 미확정, 복수 수량 총액 · 카드 1장 가격 아님",estimated,no,no,나미 로빈 우타 행콕 둥 하나씩해서 4장 1.0에 준등기나 반택으로 삽니다
0d2e6c0ef72e972712808aa7,onepiececardgame,원피스 카드게임,2026-08,2026-08-05T03:24:14+09:00,known,fa6eab510593036fa57a98f7,0d2e6c0ef72e972712808aa7,105611,https://m.dcinside.com/board/onepiececardgame/105611,아트모스 2장 구매합니다!,seller-8ad10b55fa52911e796a44cf,원딱러,registered,,장당,장당,,,buy,구매,1,0.3,3000,estimated,per_card,text,unknown,,active,needs_review,needs_review,"가격 단위 추정, 배송비 포함 여부 미확정",estimated,yes,candidate_estimated,장당 0.3 구매합니다!
4ae8823e1c71487b742eb1ef,onepiececardgame,원피스 카드게임,2026-08,2026-08-05T03:24:14+09:00,known,dd4be62d6580d9015e6a5fbf,4ae8823e1c71487b742eb1ef,105611,https://m.dcinside.com/board/onepiececardgame/105611,아트모스 2장 구매합니다!,seller-8ad10b55fa52911e796a44cf,원딱러,registered,,장당,장당,,,buy,구매,1,0.3,3000,estimated,per_card,text,unknown,,active,needs_review,needs_review,"가격 단위 추정, 배송비 포함 여부 미확정",estimated,yes,candidate_estimated,장당 0.3 구매합니다!
84234c8c99625dc705741221,onepiececardgame,원피스 카드게임,2026-08,2026-08-05T03:24:14+09:00,known,4709a197136c6b8f9991e42d,84234c8c99625dc705741221,105611,https://m.dcinside.com/board/onepiececardgame/105611,아트모스 2장 구매합니다!,seller-8ad10b55fa52911e796a44cf,원딱러,registered,,장당,장당,,,buy,구매,1,0.3,3000,estimated,per_card,text,unknown,,active,needs_review,needs_review,"가격 단위 추정, 배송비 포함 여부 미확정",estimated,yes,candidate_estimated,장당 0.3 구매합니다!
1d994eceac67fbd4590fc25d,onepiececardgame,원피스 카드게임,2026-08,2026-08-05T09:20:51+09:00,known,558639c14a895494c7e6c0b9,1d994eceac67fbd4590fc25d,105618,https://m.dcinside.com/board/onepiececardgame/105618,13탄 뉴게이트 3장 삽니다,seller-6cf26f9c3e5f941888cdcf0c,ㅇㅇ,guest,13탄 뉴게이트,13탄 뉴게이트,13탄 뉴게이트 3장,,,buy,구매,1,,,missing,unknown,unknown,unknown,,active,needs_review,needs_review,희망가 미기재,missing,no,no,13탄 뉴게이트 3장 삽니다
789397d02463766cd7f82f29,onepiececardgame,원피스 카드게임,2026-08,2026-08-05T09:20:51+09:00,known,4854f7323b3489f073a2d421,789397d02463766cd7f82f29,105618,https://m.dcinside.com/board/onepiececardgame/105618,13탄 뉴게이트 3장 삽니다,seller-87090ce53009b62e2cb43ed3,ㅇㅇ,guest,13탄 뉴게이트,13탄 뉴게이트,13탄 뉴게이트 3장,,,buy,구매,1,,,missing,unknown,unknown,unknown,,active,needs_review,needs_review,희망가 미기재,missing,no,no,13탄 뉴게이트 3장 삽니다
7e7ce172f4009b1b6e3151c9,onepiececardgame,원피스 카드게임,2026-08,2026-08-05T09:20:51+09:00,known,ac8c61a156a2bc75ebfbb179,7e7ce172f4009b1b6e3151c9,105618,https://m.dcinside.com/board/onepiececardgame/105618,13탄 뉴게이트 3장 삽니다,seller-e564764645a7fb622a9b67ed,ㅇㅇ,guest,13탄 뉴게이트,13탄 뉴게이트,13탄 뉴게이트 3장,,,buy,구매,1,,,missing,unknown,unknown,unknown,,active,needs_review,needs_review,희망가 미기재,missing,no,no,13탄 뉴게이트 3장 삽니다
52e54bfa5be071d28e175ea0,onepiececardgame,원피스 카드게임,2026-08,2026-08-05T13:09:03+09:00,known,3612fd26467715ab1d124900,52e54bfa5be071d28e175ea0,105646,https://m.dcinside.com/board/onepiececardgame/105646,7탄 행콕구합니다,seller-b258d6fe907259f7d9d61002,xal,guest,7탄 행콕,7탄 행콕,7탄 행콕,,,buy,구매,5,,,missing,unknown,unknown,unknown,,active,needs_review,needs_review,희망가 미기재,missing,no,no,7탄 행콕구합니다
bf08f5fc407cfd344031953a,onepiececardgame,원피스 카드게임,2026-08,2026-08-05T13:09:03+09:00,known,a3ef653da7156b428e0582fd,bf08f5fc407cfd344031953a,105646,https://m.dcinside.com/board/onepiececardgame/105646,7탄 행콕구합니다,seller-42981b12784045ce1a168c08,xal,guest,7탄 행콕,7탄 행콕,7탄 행콕,,,buy,구매,5,,,missing,unknown,unknown,unknown,,active,needs_review,needs_review,희망가 미기재,missing,no,no,7탄 행콕구합니다
e81b6ce5108c2063b4bb950f,onepiececardgame,원피스 카드게임,2026-08,2026-08-05T13:09:03+09:00,known,892abb7bc065a471bb4eb599,e81b6ce5108c2063b4bb950f,105646,https://m.dcinside.com/board/onepiececardgame/105646,7탄 행콕구합니다,seller-0de81d3342efb48f5c468a6c,xal,guest,7탄 행콕,7탄 행콕,7탄 행콕,,,buy,구매,5,,,missing,unknown,unknown,unknown,,active,needs_review,needs_review,희망가 미기재,missing,no,no,7탄 행콕구합니다
4d112c99deb8d402841b6356,onepiececardgame,원피스 카드게임,2026-08,2026-08-05T14:06:49+09:00,known,0bd05f3d5b12f46ede51db40,4d112c99deb8d402841b6356,105653,https://m.dcinside.com/board/onepiececardgame/105653,(구완)오늘 아현 카드킹덤 리미티드에서 13탄 서치비비 4장 삽니다,seller-f74f2cf4ea87b50b52e0d48f,ㅇㅇ,guest,,,,,,buy,구매,4,0.3,3000,estimated,per_quantity,text,unknown,,active,needs_review,needs_review,"가격 단위 추정, 배송비 포함 여부 미확정, 카드명 확인 필요, 복수 수량 총액 · 카드 1장 가격 아님",estimated,no,no,4장 0.3에 구매합니다
603b819cb596598d1f968a9e,onepiececardgame,원피스 카드게임,2026-08,2026-08-05T14:06:49+09:00,known,73e7eff4fffeafa08f515e30,603b819cb596598d1f968a9e,105653,https://m.dcinside.com/board/onepiececardgame/105653,(구완)오늘 아현 카드킹덤 리미티드에서 13탄 서치비비 4장 삽니다,seller-3b86952c052e2b5527570800,ㅇㅇ,guest,,,,,,buy,구매,4,0.3,3000,estimated,per_quantity,text,unknown,,active,needs_review,needs_review,"가격 단위 추정, 배송비 포함 여부 미확정, 카드명 확인 필요, 복수 수량 총액 · 카드 1장 가격 아님",estimated,no,no,4장 0.3에 구매합니다
a2f116276733db2345b2e7aa,onepiececardgame,원피스 카드게임,2026-08,2026-08-05T14:06:49+09:00,known,026d13f7bae135ad745c74ce,a2f116276733db2345b2e7aa,105653,https://m.dcinside.com/board/onepiececardgame/105653,(구완)오늘 아현 카드킹덤 리미티드에서 13탄 서치비비 4장 삽니다,seller-f6214b925c415b4ad155645b,ㅇㅇ,guest,,,,,,buy,구매,4,0.3,3000,estimated,per_quantity,text,unknown,,active,needs_review,needs_review,"가격 단위 추정, 배송비 포함 여부 미확정, 카드명 확인 필요, 복수 수량 총액 · 카드 1장 가격 아님",estimated,no,no,4장 0.3에 구매합니다
269741591af3e1790f41bb82,onepiececardgame,원피스 카드게임,2026-08,2026-08-05T15:45:44+09:00,known,c6c098696c437a8da6be50d2,269741591af3e1790f41bb82,105672,https://m.dcinside.com/board/onepiececardgame/105672,13탄 6코 로우 삽니다,seller-464f213cb70c1d3f5501bf7c,배고파,registered,,장당,장당,,,buy,구매,1,0.15,1500,estimated,per_card,text,unknown,,active,needs_review,needs_review,"가격 단위 추정, 배송비 포함 여부 미확정",estimated,yes,candidate_estimated,장당 0.15에 3장 사봅니다
326aee579bde68bff38fed8d,onepiececardgame,원피스 카드게임,2026-08,2026-08-05T15:45:44+09:00,known,612c018f991ab87344b07947,326aee579bde68bff38fed8d,105672,https://m.dcinside.com/board/onepiececardgame/105672,13탄 6코 로우 삽니다,seller-464f213cb70c1d3f5501bf7c,배고파,registered,,장당,장당,,,buy,구매,1,0.15,1500,estimated,per_card,text,unknown,,active,needs_review,needs_review,"가격 단위 추정, 배송비 포함 여부 미확정",estimated,yes,candidate_estimated,장당 0.15에 3장 사봅니다
9a8d8254f718ee6fb10fb9ad,onepiececardgame,원피스 카드게임,2026-08,2026-08-05T15:45:44+09:00,known,19bf8e8de3b3b5a8c383f797,9a8d8254f718ee6fb10fb9ad,105672,https://m.dcinside.com/board/onepiececardgame/105672,13탄 6코 로우 삽니다,seller-464f213cb70c1d3f5501bf7c,배고파,registered,,장당,장당,,,buy,구매,1,0.15,1500,estimated,per_card,text,unknown,,active,needs_review,needs_review,"가격 단위 추정, 배송비 포함 여부 미확정",estimated,yes,candidate_estimated,장당 0.15에 3장 사봅니다
fbf7690233062c9a00ab8932,onepiececardgame,원피스 카드게임,2026-08,2026-08-05T15:45:44+09:00,known,aa0e1b866b5a3998405e9296,fbf7690233062c9a00ab8932,105672,https://m.dcinside.com/board/onepiececardgame/105672,13탄 6코 로우 삽니다,seller-464f213cb70c1d3f5501bf7c,배고파,registered,,장당,장당,,,buy,구매,1,0.15,1500,estimated,per_card,text,unknown,,active,needs_review,needs_review,"가격 단위 추정, 배송비 포함 여부 미확정",estimated,yes,candidate_estimated,장당 0.15에 3장 사봅니다
5bc064794d987087d5199bfc,onepiececardgame,원피스 카드게임,2026-08,2026-08-05T16:07:59+09:00,known,4bd97edfbbb8ac2fbf191a99,5bc064794d987087d5199bfc,105680,https://m.dcinside.com/board/onepiececardgame/105680,"청자 리페 , 나미 페레, 마르코 삽니다!",seller-8827ad02e6bd919cd77fd19f,ㅇㅇㅇ,guest,청5나미 페레,청5나미 페레,청5나미 페레,,,buy,구매,1,3.0,30000,estimated,per_card,text,unknown,,active,needs_review,needs_review,"가격 단위 추정, 배송비 포함 여부 미확정",estimated,yes,candidate_estimated,청5나미 페레 3.0
8d4a08482cd1f5afe3452afe,onepiececardgame,원피스 카드게임,2026-08,2026-08-05T16:07:59+09:00,known,81fcfa856495f8ad86b8385d,8d4a08482cd1f5afe3452afe,105680,https://m.dcinside.com/board/onepiececardgame/105680,"청자 리페 , 나미 페레, 마르코 삽니다!",seller-feb7460c56c061f23deee360,ㅇㅇㅇ,guest,마르코 *,마르코 *,마르코 * 2,,,buy,구매,1,4.5,45000,estimated,per_card,text,unknown,,active,needs_review,needs_review,"가격 단위 추정, 배송비 포함 여부 미확정",estimated,yes,candidate_estimated,마르코 * 2 4.5
a5c4bb8e264d42d2fa73a2aa,onepiececardgame,원피스 카드게임,2026-08,2026-08-05T16:07:59+09:00,known,81fcfa856495f8ad86b8385d,a5c4bb8e264d42d2fa73a2aa,105680,https://m.dcinside.com/board/onepiececardgame/105680,"청자 리페 , 나미 페레, 마르코 삽니다!",seller-feb7460c56c061f23deee360,ㅇㅇㅇ,guest,청5나미 페레,청5나미 페레,청5나미 페레,,,buy,구매,1,3.0,30000,estimated,per_card,text,unknown,,active,needs_review,needs_review,"가격 단위 추정, 배송비 포함 여부 미확정",estimated,yes,candidate_estimated,청5나미 페레 3.0
aa8feeb835ef293c9783891e,onepiececardgame,원피스 카드게임,2026-08,2026-08-05T16:07:59+09:00,known,2b95f95fc2c2660f94f24a15,aa8feeb835ef293c9783891e,105680,https://m.dcinside.com/board/onepiececardgame/105680,"청자 리페 , 나미 페레, 마르코 삽니다!",seller-a02550005cea22b41fa5305e,ㅇㅇㅇ,guest,청5나미 페레,청5나미 페레,청5나미 페레,,,buy,구매,1,3.0,30000,estimated,per_card,text,unknown,,active,needs_review,needs_review,"가격 단위 추정, 배송비 포함 여부 미확정",estimated,yes,candidate_estimated,청5나미 페레 3.0
d5ddf4ea31d8ddd36b02bbc3,onepiececardgame,원피스 카드게임,2026-08,2026-08-05T16:07:59+09:00,known,2b95f95fc2c2660f94f24a15,d5ddf4ea31d8ddd36b02bbc3,105680,https://m.dcinside.com/board/onepiececardgame/105680,"청자 리페 , 나미 페레, 마르코 삽니다!",seller-a02550005cea22b41fa5305e,ㅇㅇㅇ,guest,마르코 *,마르코 *,마르코 * 2,,,buy,구매,1,4.5,45000,estimated,per_card,text,unknown,,active,needs_review,needs_review,"가격 단위 추정, 배송비 포함 여부 미확정",estimated,yes,candidate_estimated,마르코 * 2 4.5
dd9df547557ce2ec24622d43,onepiececardgame,원피스 카드게임,2026-08,2026-08-05T16:07:59+09:00,known,4bd97edfbbb8ac2fbf191a99,dd9df547557ce2ec24622d43,105680,https://m.dcinside.com/board/onepiececardgame/105680,"청자 리페 , 나미 페레, 마르코 삽니다!",seller-8827ad02e6bd919cd77fd19f,ㅇㅇㅇ,guest,마르코 *,마르코 *,마르코 * 2,,,buy,구매,1,4.5,45000,estimated,per_card,text,unknown,,active,needs_review,needs_review,"가격 단위 추정, 배송비 포함 여부 미확정",estimated,yes,candidate_estimated,마르코 * 2 4.5
5e9b390d85ad83abdc92133f,onepiececardgame,원피스 카드게임,2026-08,2026-08-05T16:18:46+09:00,known,c3f7195250e9ea35ac92cd73,5e9b390d85ad83abdc92133f,105682,https://m.dcinside.com/board/onepiececardgame/105682,코비 리페 에사보 망자의장난 돌 페레 삽니다!!!!,seller-0ddbfd42e3c38afc23e4527d,いわ,registered,코비 리페,코비 리페,코비 리페,,,buy,구매,1,1.5,15000,estimated,per_card,text,unknown,,active,needs_review,needs_review,"가격 단위 추정, 배송비 포함 여부 미확정",estimated,yes,candidate_estimated,코비 리페 1.5
6bedccf2a14e42d1e9766b39,onepiececardgame,원피스 카드게임,2026-08,2026-08-05T16:18:46+09:00,known,301fb805cf6f8fcc4fdc8524,6bedccf2a14e42d1e9766b39,105682,https://m.dcinside.com/board/onepiececardgame/105682,코비 리페 에사보 망자의장난 돌 페레 삽니다!!!!,seller-0ddbfd42e3c38afc23e4527d,いわ,registered,코비 리페,코비 리페,코비 리페,,,buy,구매,1,1.5,15000,estimated,per_card,text,unknown,,active,needs_review,needs_review,"가격 단위 추정, 배송비 포함 여부 미확정",estimated,yes,candidate_estimated,코비 리페 1.5
ed0b2218ec8fe42b3e1adf80,onepiececardgame,원피스 카드게임,2026-08,2026-08-05T16:18:46+09:00,known,7945ff6616e7ed880b0e8214,ed0b2218ec8fe42b3e1adf80,105682,https://m.dcinside.com/board/onepiececardgame/105682,코비 리페 에사보 망자의장난 돌 페레 삽니다!!!!,seller-0ddbfd42e3c38afc23e4527d,いわ,registered,코비 리페,코비 리페,코비 리페,,,buy,구매,1,1.5,15000,estimated,per_card,text,unknown,,active,needs_review,needs_review,"가격 단위 추정, 배송비 포함 여부 미확정",estimated,yes,candidate_estimated,코비 리페 1.5
67b382e2b09d4e990133da92,onepiececardgame,원피스 카드게임,2026-08,2026-08-05T16:40:01+09:00,known,9b447c53082e51bef29f13f9,67b382e2b09d4e990133da92,105686,https://m.dcinside.com/board/onepiececardgame/105686,eb02 나미 페레 구매합니다.,seller-8ad10b55fa52911e796a44cf,원딱러,registered,,장당,장당,,,buy,구매,1,2.0,20000,estimated,per_card,text,unknown,,active,needs_review,needs_review,"가격 단위 추정, 배송비 포함 여부 미확정",estimated,yes,candidate_estimated,장당 2.0에 4장 구매합니다. 흥정 가능합니다.
8159a0d8ae2e68f22437b286,onepiececardgame,원피스 카드게임,2026-08,2026-08-05T16:40:01+09:00,known,926c903065a435c88fb5ef5d,8159a0d8ae2e68f22437b286,105686,https://m.dcinside.com/board/onepiececardgame/105686,eb02 나미 페레 구매합니다.,seller-8ad10b55fa52911e796a44cf,원딱러,registered,,장당,장당,,,buy,구매,1,2.0,20000,estimated,per_card,text,unknown,,active,needs_review,needs_review,"가격 단위 추정, 배송비 포함 여부 미확정",estimated,yes,candidate_estimated,장당 2.0에 4장 구매합니다. 흥정 가능합니다.
d4b78935f7d4d3fee9e23766,onepiececardgame,원피스 카드게임,2026-08,2026-08-05T16:40:01+09:00,known,0470d38174a93f6213998819,d4b78935f7d4d3fee9e23766,105686,https://m.dcinside.com/board/onepiececardgame/105686,eb02 나미 페레 구매합니다.,seller-8ad10b55fa52911e796a44cf,원딱러,registered,,장당,장당,,,buy,구매,1,2.0,20000,estimated,per_card,text,unknown,,active,needs_review,needs_review,"가격 단위 추정, 배송비 포함 여부 미확정",estimated,yes,candidate_estimated,장당 2.0에 4장 구매합니다. 흥정 가능합니다.
150223f6c4e93797b9f1c3fa,onepiececardgame,원피스 카드게임,2026-08,2026-08-05T16:53:19+09:00,known,f02ac93fa5a1d613cd6fc952,150223f6c4e93797b9f1c3fa,105689,https://m.dcinside.com/board/onepiececardgame/105689,황소스(나미 2장) 삽니다,seller-c9fa576884851bf345815a27,그레이트다간g..,guest,시크 쿠마,시크 쿠마,시크 쿠마 장당,,,buy,구매,1,3.5,35000,estimated,per_card,text,unknown,,active,needs_review,needs_review,"가격 단위 추정, 배송비 포함 여부 미확정",estimated,yes,candidate_estimated,시크 쿠마 장당 3.5
15967cb88ee193d2c68273ff,onepiececardgame,원피스 카드게임,2026-08,2026-08-05T16:53:19+09:00,known,1406df585b65e33407a0969f,15967cb88ee193d2c68273ff,105689,https://m.dcinside.com/board/onepiececardgame/105689,황소스(나미 2장) 삽니다,seller-62f17fb14a08ff832e50274d,그레이트다간g..,guest,히요리,히요리,히요리 장당,,,buy,구매,1,1.5,15000,estimated,per_card,text,unknown,,active,needs_review,needs_review,"가격 단위 추정, 배송비 포함 여부 미확정",estimated,yes,candidate_estimated,히요리 장당 1.5 거래중
2a875308f6263e9bcd89f4b3,onepiececardgame,원피스 카드게임,2026-08,2026-08-05T16:53:19+09:00,known,3807a350d4a4733dd4dffcca,2a875308f6263e9bcd89f4b3,105689,https://m.dcinside.com/board/onepiececardgame/105689,황소스(나미 2장) 삽니다,seller-7255b4180fd60ec5a67f8989,그레이트다간g..,guest,시크 쿠마,시크 쿠마,시크 쿠마 장당,,,buy,구매,1,3.5,35000,estimated,per_card,text,unknown,,active,needs_review,needs_review,"가격 단위 추정, 배송비 포함 여부 미확정",estimated,yes,candidate_estimated,시크 쿠마 장당 3.5
34de4d853f34d5f425a5d1ab,onepiececardgame,원피스 카드게임,2026-08,2026-08-05T16:53:19+09:00,known,1406df585b65e33407a0969f,34de4d853f34d5f425a5d1ab,105689,https://m.dcinside.com/board/onepiececardgame/105689,황소스(나미 2장) 삽니다,seller-62f17fb14a08ff832e50274d,그레이트다간g..,guest,시크 쿠마,시크 쿠마,시크 쿠마 장당,,,buy,구매,1,3.5,35000,estimated,per_card,text,unknown,,active,needs_review,needs_review,"가격 단위 추정, 배송비 포함 여부 미확정",estimated,yes,candidate_estimated,시크 쿠마 장당 3.5
8bce6391e51b665919fb2bc5,onepiececardgame,원피스 카드게임,2026-08,2026-08-05T16:53:19+09:00,known,3807a350d4a4733dd4dffcca,8bce6391e51b665919fb2bc5,105689,https://m.dcinside.com/board/onepiececardgame/105689,황소스(나미 2장) 삽니다,seller-7255b4180fd60ec5a67f8989,그레이트다간g..,guest,히요리,히요리,히요리 장당,,,buy,구매,1,1.5,15000,estimated,per_card,text,unknown,,active,needs_review,needs_review,"가격 단위 추정, 배송비 포함 여부 미확정",estimated,yes,candidate_estimated,히요리 장당 1.5 거래중
b1cee114bd493879ea52b2ad,onepiececardgame,원피스 카드게임,2026-08,2026-08-05T16:53:19+09:00,known,f02ac93fa5a1d613cd6fc952,b1cee114bd493879ea52b2ad,105689,https://m.dcinside.com/board/onepiececardgame/105689,황소스(나미 2장) 삽니다,seller-c9fa576884851bf345815a27,그레이트다간g..,guest,히요리,히요리,히요리 장당,,,buy,구매,1,1.5,15000,estimated,per_card,text,unknown,,active,needs_review,needs_review,"가격 단위 추정, 배송비 포함 여부 미확정",estimated,yes,candidate_estimated,히요리 장당 1.5 거래중
402bf03846113674a9a5ad33,onepiececardgame,원피스 카드게임,2026-08,2026-08-05T17:04:03+09:00,known,700534f7b9760f222b3699f5,402bf03846113674a9a5ad33,105693,https://m.dcinside.com/board/onepiececardgame/105693,청황행콕 덱 소스 구매 합니다!,seller-8ad10b55fa52911e796a44cf,원딱러,registered,ST03-015 모래폭풍,ST03-015 모래폭풍,ST03-015 모래폭풍,,,buy,구매,2,0.1,1000,estimated,per_quantity,text,unknown,,active,needs_review,needs_review,"가격 단위 추정, 배송비 포함 여부 미확정, 복수 수량 총액 · 카드 1장 가격 아님",estimated,no,no,ST03-015 모래폭풍 2장 0.1
5545cef738a9402e87042fc1,onepiececardgame,원피스 카드게임,2026-08,2026-08-05T17:04:03+09:00,known,771fefe4d90a21983d787a06,5545cef738a9402e87042fc1,105693,https://m.dcinside.com/board/onepiececardgame/105693,청황행콕 덱 소스 구매 합니다!,seller-8ad10b55fa52911e796a44cf,원딱러,registered,ST03-015 모래폭풍,ST03-015 모래폭풍,ST03-015 모래폭풍,,,buy,구매,2,0.1,1000,estimated,per_quantity,text,unknown,,active,needs_review,needs_review,"가격 단위 추정, 배송비 포함 여부 미확정, 복수 수량 총액 · 카드 1장 가격 아님",estimated,no,no,ST03-015 모래폭풍 2장 0.1
c1cec8c40115a3da18289dbe,onepiececardgame,원피스 카드게임,2026-08,2026-08-05T17:04:03+09:00,known,c6899575d301be916184309c,c1cec8c40115a3da18289dbe,105693,https://m.dcinside.com/board/onepiececardgame/105693,청황행콕 덱 소스 구매 합니다!,seller-8ad10b55fa52911e796a44cf,원딱러,registered,ST03-015 모래폭풍,ST03-015 모래폭풍,ST03-015 모래폭풍,,,buy,구매,2,0.1,1000,estimated,per_quantity,text,unknown,,active,needs_review,needs_review,"가격 단위 추정, 배송비 포함 여부 미확정, 복수 수량 총액 · 카드 1장 가격 아님",estimated,no,no,ST03-015 모래폭풍 2장 0.1
42ee8372eda09a949e95b171,onepiececardgame,원피스 카드게임,2026-08,2026-08-05T22:19:17+09:00,known,1c1f436e5263abd22c50265c,42ee8372eda09a949e95b171,105738,https://m.dcinside.com/board/onepiececardgame/105738,내일 마포나 봉천직으로 5나미 10수염 삽니다,seller-648f32e51697f6433336c6a4,ㅇㅇ,guest,Eb03 5나미,Eb03 5나미,Eb03 5나미,,,buy,구매,1,1.5,15000,estimated,per_card,text,unknown,,active,needs_review,needs_review,"가격 단위 추정, 배송비 포함 여부 미확정",estimated,yes,candidate_estimated,Eb03 5나미 1장 1.5
9584dcd57943f68901e1b5e7,onepiececardgame,원피스 카드게임,2026-08,2026-08-05T22:19:17+09:00,known,a6b049e4f09dd867901dd557,9584dcd57943f68901e1b5e7,105738,https://m.dcinside.com/board/onepiececardgame/105738,내일 마포나 봉천직으로 5나미 10수염 삽니다,seller-dd4a4d9b711885eb121593f2,ㅇㅇ,guest,Eb03 5나미,Eb03 5나미,Eb03 5나미,,,buy,구매,1,1.5,15000,estimated,per_card,text,unknown,,active,needs_review,needs_review,"가격 단위 추정, 배송비 포함 여부 미확정",estimated,yes,candidate_estimated,Eb03 5나미 1장 1.5
eeabe48daf453286e16f7b72,onepiececardgame,원피스 카드게임,2026-08,2026-08-05T22:19:17+09:00,known,eb9ed4373459e4f706498ee3,eeabe48daf453286e16f7b72,105738,https://m.dcinside.com/board/onepiececardgame/105738,내일 마포나 봉천직으로 5나미 10수염 삽니다,seller-d99c93c637008e25cfd41434,ㅇㅇ,guest,Eb03 5나미,Eb03 5나미,Eb03 5나미,,,buy,구매,1,1.5,15000,estimated,per_card,text,unknown,,active,needs_review,needs_review,"가격 단위 추정, 배송비 포함 여부 미확정",estimated,yes,candidate_estimated,Eb03 5나미 1장 1.5
0c9d77eff99d7c9b581b00e8,onepiececardgame,원피스 카드게임,2026-08,2026-08-05T22:42:38+09:00,known,80e1de7428ea2012eafc58c9,0c9d77eff99d7c9b581b00e8,105748,https://m.dcinside.com/board/onepiececardgame/105748,핸콕 슬리브 구합니다!!,seller-417ed952b1bdd2887921e981,규카츠폭격기,registered,핸콕 슬리브 !!,핸콕 슬리브 !!,핸콕 슬리브 !!,,,buy,구매,1,,,missing,unknown,unknown,unknown,,active,needs_review,needs_review,희망가 미기재,missing,no,no,핸콕 슬리브 구합니다!!
75792ccd3a7292d3d6098f6e,onepiececardgame,원피스 카드게임,2026-08,2026-08-05T22:42:38+09:00,known,7610b9a8279e404bee09109d,75792ccd3a7292d3d6098f6e,105748,https://m.dcinside.com/board/onepiececardgame/105748,핸콕 슬리브 구합니다!!,seller-417ed952b1bdd2887921e981,규카츠폭격기,registered,핸콕 슬리브 !!,핸콕 슬리브 !!,핸콕 슬리브 !!,,,buy,구매,1,,,missing,unknown,unknown,unknown,,active,needs_review,needs_review,희망가 미기재,missing,no,no,핸콕 슬리브 구합니다!!
8c18d965407628814e86e4d7,onepiececardgame,원피스 카드게임,2026-08,2026-08-05T22:42:38+09:00,known,085e4bab65900fbf7f8aca5a,8c18d965407628814e86e4d7,105748,https://m.dcinside.com/board/onepiececardgame/105748,핸콕 슬리브 구합니다!!,seller-417ed952b1bdd2887921e981,규카츠폭격기,registered,핸콕 슬리브 !!,핸콕 슬리브 !!,핸콕 슬리브 !!,,,buy,구매,1,,,missing,unknown,unknown,unknown,,active,needs_review,needs_review,희망가 미기재,missing,no,no,핸콕 슬리브 구합니다!!
567ce7802d8af9a034c5f164,onepiececardgame,원피스 카드게임,2026-08,2026-08-06T08:37:12+09:00,known,512af359b4038e93b0fc9460,567ce7802d8af9a034c5f164,105820,https://m.dcinside.com/board/onepiececardgame/105820,13탄 10수염 페레로 거프 2장 구함,seller-8ad10b55fa52911e796a44cf,원딱러,registered,13탄 10수염 페레로 거프,13탄 10수염 페레로 거프,13탄 10수염 페레로 거프 2장,,,buy,구매,2,,,missing,unknown,unknown,unknown,,active,needs_review,needs_review,희망가 미기재,missing,no,no,13탄 10수염 페레로 거프 2장 구함
77efe457561eed67b854a492,onepiececardgame,원피스 카드게임,2026-08,2026-08-06T08:37:12+09:00,known,17dea3f0f0847137dfb6f81a,77efe457561eed67b854a492,105820,https://m.dcinside.com/board/onepiececardgame/105820,13탄 10수염 페레로 거프 2장 구함,seller-8ad10b55fa52911e796a44cf,원딱러,registered,13탄 10수염 페레로 거프,13탄 10수염 페레로 거프,13탄 10수염 페레로 거프 2장,,,buy,구매,2,,,missing,unknown,unknown,unknown,,active,needs_review,needs_review,희망가 미기재,missing,no,no,13탄 10수염 페레로 거프 2장 구함
97f9bf59ea4ae2113c33a518,onepiececardgame,원피스 카드게임,2026-08,2026-08-06T08:37:12+09:00,known,7368f4fd28d340fea39c676c,97f9bf59ea4ae2113c33a518,105820,https://m.dcinside.com/board/onepiececardgame/105820,13탄 10수염 페레로 거프 2장 구함,seller-8ad10b55fa52911e796a44cf,원딱러,registered,13탄 10수염 페레로 거프,13탄 10수염 페레로 거프,13탄 10수염 페레로 거프 2장,,,buy,구매,2,,,missing,unknown,unknown,unknown,,active,needs_review,needs_review,희망가 미기재,missing,no,no,13탄 10수염 페레로 거프 2장 구함
ef201bdf5ff6c1728c9ef40f,onepiececardgame,원피스 카드게임,2026-08,2026-08-06T08:37:12+09:00,known,c83e2aa3c0eb8f5b58778e23,ef201bdf5ff6c1728c9ef40f,105820,https://m.dcinside.com/board/onepiececardgame/105820,13탄 10수염 페레로 거프 2장 구함,seller-8ad10b55fa52911e796a44cf,원딱러,registered,13탄 10수염 페레로 거프,13탄 10수염 페레로 거프,13탄 10수염 페레로 거프 2장,,,buy,구매,2,,,missing,unknown,unknown,unknown,,active,needs_review,needs_review,희망가 미기재,missing,no,no,13탄 10수염 페레로 거프 2장 구함
2d82db863fbd50f43739ec45,onepiececardgame,원피스 카드게임,2026-08,2026-08-06T11:59:50+09:00,known,3dd6132da58d306323d2d3bf,2d82db863fbd50f43739ec45,105833,https://m.dcinside.com/board/onepiececardgame/105833,적자로저 구합니다.,seller-8ad10b55fa52911e796a44cf,원딱러,registered,적자로저,적자로저,적자로저 .,,,buy,구매,1,,,missing,unknown,unknown,unknown,,active,needs_review,needs_review,희망가 미기재,missing,no,no,적자로저 구합니다.
9b71fbb9995e43ab6f8862aa,onepiececardgame,원피스 카드게임,2026-08,2026-08-06T11:59:50+09:00,known,f0177bf9d060bfb30e71c12c,9b71fbb9995e43ab6f8862aa,105833,https://m.dcinside.com/board/onepiececardgame/105833,적자로저 구합니다.,seller-8ad10b55fa52911e796a44cf,원딱러,registered,적자로저,적자로저,적자로저 .,,,buy,구매,1,,,missing,unknown,unknown,unknown,,active,needs_review,needs_review,희망가 미기재,missing,no,no,적자로저 구합니다.
b04b46e232f6a22a0b17d5c8,onepiececardgame,원피스 카드게임,2026-08,2026-08-06T11:59:50+09:00,known,7f6db13cf2dd4b7763777358,b04b46e232f6a22a0b17d5c8,105833,https://m.dcinside.com/board/onepiececardgame/105833,적자로저 구합니다.,seller-8ad10b55fa52911e796a44cf,원딱러,registered,적자로저,적자로저,적자로저 .,,,buy,구매,1,,,missing,unknown,unknown,unknown,,active,needs_review,needs_review,희망가 미기재,missing,no,no,적자로저 구합니다.
eb97d7bd67e19d5be839b9db,onepiececardgame,원피스 카드게임,2026-08,2026-08-06T11:59:50+09:00,known,5a5e63e741e0b10cc1ec3107,eb97d7bd67e19d5be839b9db,105833,https://m.dcinside.com/board/onepiececardgame/105833,적자로저 구합니다.,seller-8ad10b55fa52911e796a44cf,원딱러,registered,적자로저,적자로저,적자로저 .,,,buy,구매,1,,,missing,unknown,unknown,unknown,,active,needs_review,needs_review,희망가 미기재,missing,no,no,적자로저 구합니다.
0f507af4253aa4a0014b8c4f,onepiececardgame,원피스 카드게임,2026-08,2026-08-06T14:34:02+09:00,known,877a9ee1fedec25508ad0412,0f507af4253aa4a0014b8c4f,105846,https://m.dcinside.com/board/onepiececardgame/105846,"홀대회 매칭매틀 둥, 프로모팩 구매합니다",seller-8ad10b55fa52911e796a44cf,원딱러,registered,홀대회 매칭매틀 둥 프로모팩,홀대회 매칭매틀 둥 프로모팩,"홀대회 매칭매틀 둥, 프로모팩",,,buy,구매,10,,,missing,unknown,unknown,unknown,,active,needs_review,needs_review,희망가 미기재,missing,no,no,"홀대회 매칭매틀 둥, 프로모팩 구매합니다"
6abfec463eb09442734ffe54,onepiececardgame,원피스 카드게임,2026-08,2026-08-06T14:34:02+09:00,known,26d81c3f549a6fc601e63da0,6abfec463eb09442734ffe54,105846,https://m.dcinside.com/board/onepiececardgame/105846,"홀대회 매칭매틀 둥, 프로모팩 구매합니다",seller-8ad10b55fa52911e796a44cf,원딱러,registered,홀대회 매칭매틀 둥 프로모팩,홀대회 매칭매틀 둥 프로모팩,"홀대회 매칭매틀 둥, 프로모팩",,,buy,구매,10,,,missing,unknown,unknown,unknown,,active,needs_review,needs_review,희망가 미기재,missing,no,no,"홀대회 매칭매틀 둥, 프로모팩 구매합니다"
7f82d87d1c93388c57079de1,onepiececardgame,원피스 카드게임,2026-08,2026-08-06T14:34:02+09:00,known,fdbbeba8af6b55690298f1a6,7f82d87d1c93388c57079de1,105846,https://m.dcinside.com/board/onepiececardgame/105846,"홀대회 매칭매틀 둥, 프로모팩 구매합니다",seller-8ad10b55fa52911e796a44cf,원딱러,registered,홀대회 매칭매틀 둥 프로모팩,홀대회 매칭매틀 둥 프로모팩,"홀대회 매칭매틀 둥, 프로모팩",,,buy,구매,10,,,missing,unknown,unknown,unknown,,active,needs_review,needs_review,희망가 미기재,missing,no,no,"홀대회 매칭매틀 둥, 프로모팩 구매합니다"
86cfc59815d967676aabe524,onepiececardgame,원피스 카드게임,2026-08,2026-08-06T14:34:02+09:00,known,e7c39f7e1acf06d923b18cba,86cfc59815d967676aabe524,105846,https://m.dcinside.com/board/onepiececardgame/105846,"홀대회 매칭매틀 둥, 프로모팩 구매합니다",seller-8ad10b55fa52911e796a44cf,원딱러,registered,홀대회 매칭매틀 둥 프로모팩,홀대회 매칭매틀 둥 프로모팩,"홀대회 매칭매틀 둥, 프로모팩",,,buy,구매,10,,,missing,unknown,unknown,unknown,,active,needs_review,needs_review,희망가 미기재,missing,no,no,"홀대회 매칭매틀 둥, 프로모팩 구매합니다"
6ceccba6266c9ec3e4e241b5,onepiececardgame,원피스 카드게임,2026-08,2026-08-06T14:43:13+09:00,known,51045840cd52123c5690cdf2,6ceccba6266c9ec3e4e241b5,105848,https://m.dcinside.com/board/onepiececardgame/105848,"소녀, 로 구매합니다",seller-8ad10b55fa52911e796a44cf,원딱러,registered,소녀 로,소녀 로,"소녀, 로",,,buy,구매,4,,,removed,unknown,unknown,unknown,,completed,context_only,needs_review,"희망가 미기재, 거래 완료 글 · 현재 매물 제외, 가격 삭제 추정",removed,no,no,"소녀, 로 구매합니다"
71538c989a35767793283a61,onepiececardgame,원피스 카드게임,2026-08,2026-08-06T14:43:13+09:00,known,36b0243bdee7088664b14ee2,71538c989a35767793283a61,105848,https://m.dcinside.com/board/onepiececardgame/105848,"소녀, 로 구매합니다",seller-8ad10b55fa52911e796a44cf,원딱러,registered,소녀 로,소녀 로,"소녀, 로",,,buy,구매,4,,,removed,unknown,unknown,unknown,,completed,context_only,needs_review,"희망가 미기재, 거래 완료 글 · 현재 매물 제외, 가격 삭제 추정",removed,no,no,"소녀, 로 구매합니다"
72f885b64db60b7b56c28e40,onepiececardgame,원피스 카드게임,2026-08,2026-08-06T14:43:13+09:00,known,818c64643a2c78fca6dc49e9,72f885b64db60b7b56c28e40,105848,https://m.dcinside.com/board/onepiececardgame/105848,"소녀, 로 구매합니다",seller-8ad10b55fa52911e796a44cf,원딱러,registered,소녀 로,소녀 로,"소녀, 로",,,buy,구매,4,,,removed,unknown,unknown,unknown,,completed,context_only,needs_review,"희망가 미기재, 거래 완료 글 · 현재 매물 제외, 가격 삭제 추정",removed,no,no,"소녀, 로 구매합니다"
7506f85c53ee926390301db4,onepiececardgame,원피스 카드게임,2026-08,2026-08-06T14:43:13+09:00,known,15503a660ff7bce10af4cd4f,7506f85c53ee926390301db4,105848,https://m.dcinside.com/board/onepiececardgame/105848,"소녀, 로 구매합니다",seller-8ad10b55fa52911e796a44cf,원딱러,registered,소녀 로,소녀 로,"소녀, 로",,,buy,구매,4,,,removed,unknown,unknown,unknown,,completed,context_only,needs_review,"희망가 미기재, 거래 완료 글 · 현재 매물 제외, 가격 삭제 추정",removed,no,no,"소녀, 로 구매합니다"
05dc904267cfb7356b045dd2,onepiececardgame,원피스 카드게임,2026-08,2026-08-06T14:47:46+09:00,known,07f520713e2e6bd09578563d,05dc904267cfb7356b045dd2,105852,https://m.dcinside.com/board/onepiececardgame/105852,플쉽 조로 미호크 로우 구합니다,seller-8ad10b55fa52911e796a44cf,원딱러,registered,플쉽 조로 미호크 로우,플쉽 조로 미호크 로우,플쉽 조로 미호크 로우,,,buy,구매,1,,,missing,unknown,unknown,unknown,,active,needs_review,needs_review,희망가 미기재,missing,no,no,플쉽 조로 미호크 로우 구합니다
25af534cf53471567c8e60eb,onepiececardgame,원피스 카드게임,2026-08,2026-08-06T14:47:46+09:00,known,2d1f44ebb7fa47c543a180a9,25af534cf53471567c8e60eb,105852,https://m.dcinside.com/board/onepiececardgame/105852,플쉽 조로 미호크 로우 구합니다,seller-8ad10b55fa52911e796a44cf,원딱러,registered,플쉽 조로 미호크 로우,플쉽 조로 미호크 로우,플쉽 조로 미호크 로우,,,buy,구매,1,,,missing,unknown,unknown,unknown,,active,needs_review,needs_review,희망가 미기재,missing,no,no,플쉽 조로 미호크 로우 구합니다
9b1940731bcd5624ca37c403,onepiececardgame,원피스 카드게임,2026-08,2026-08-06T14:47:46+09:00,known,9f80d4dcd79c18c9c72d3435,9b1940731bcd5624ca37c403,105852,https://m.dcinside.com/board/onepiececardgame/105852,플쉽 조로 미호크 로우 구합니다,seller-8ad10b55fa52911e796a44cf,원딱러,registered,플쉽 조로 미호크 로우,플쉽 조로 미호크 로우,플쉽 조로 미호크 로우,,,buy,구매,1,,,missing,unknown,unknown,unknown,,active,needs_review,needs_review,희망가 미기재,missing,no,no,플쉽 조로 미호크 로우 구합니다
b638db0d98820abcefc5cc84,onepiececardgame,원피스 카드게임,2026-08,2026-08-06T14:47:46+09:00,known,8ca90536a958a4e828b2699d,b638db0d98820abcefc5cc84,105852,https://m.dcinside.com/board/onepiececardgame/105852,플쉽 조로 미호크 로우 구합니다,seller-8ad10b55fa52911e796a44cf,원딱러,registered,플쉽 조로 미호크 로우,플쉽 조로 미호크 로우,플쉽 조로 미호크 로우,,,buy,구매,1,,,missing,unknown,unknown,unknown,,active,needs_review,needs_review,희망가 미기재,missing,no,no,플쉽 조로 미호크 로우 구합니다
747f07545527a87c5d1864d8,onepiececardgame,원피스 카드게임,2026-08,2026-08-06T14:58:59+09:00,known,7bebb286698689af0a9a2ef6,747f07545527a87c5d1864d8,105855,https://m.dcinside.com/board/onepiececardgame/105855,적자로저 구해요,seller-bd4776908b122034e6a8f7dc,가을고등어,registered,봉쿠레 제외하고,봉쿠레 제외하고,봉쿠레 제외하고,,,buy,구매,1,13,130000,estimated,per_card,text,unknown,,active,needs_review,needs_review,"가격 단위 추정, 배송비 포함 여부 미확정",estimated,yes,candidate_estimated,봉쿠레 제외하고 13정도에 구해봅니다 저레어도 선호해요
95bf105023e74ce23efc25fe,onepiececardgame,원피스 카드게임,2026-08,2026-08-06T14:58:59+09:00,known,ef8958639af2d2d1ee67a1f7,95bf105023e74ce23efc25fe,105855,https://m.dcinside.com/board/onepiececardgame/105855,적자로저 구해요,seller-bd4776908b122034e6a8f7dc,가을고등어,registered,봉쿠레 제외하고,봉쿠레 제외하고,봉쿠레 제외하고,,,buy,구매,1,13,130000,estimated,per_card,text,unknown,,active,needs_review,needs_review,"가격 단위 추정, 배송비 포함 여부 미확정",estimated,yes,candidate_estimated,봉쿠레 제외하고 13정도에 구해봅니다 저레어도 선호해요
c9b4afd0d578ab94687f96cb,onepiececardgame,원피스 카드게임,2026-08,2026-08-06T14:58:59+09:00,known,1768395b4946401059ef61e3,c9b4afd0d578ab94687f96cb,105855,https://m.dcinside.com/board/onepiececardgame/105855,적자로저 구해요,seller-bd4776908b122034e6a8f7dc,가을고등어,registered,봉쿠레 제외하고,봉쿠레 제외하고,봉쿠레 제외하고,,,buy,구매,1,13,130000,estimated,per_card,text,unknown,,active,needs_review,needs_review,"가격 단위 추정, 배송비 포함 여부 미확정",estimated,yes,candidate_estimated,봉쿠레 제외하고 13정도에 구해봅니다 저레어도 선호해요
e6571fc8443394ab44afdbaf,onepiececardgame,원피스 카드게임,2026-08,2026-08-06T14:58:59+09:00,known,f73ef5ccaaea2b21bcc4edfd,e6571fc8443394ab44afdbaf,105855,https://m.dcinside.com/board/onepiececardgame/105855,적자로저 구해요,seller-bd4776908b122034e6a8f7dc,가을고등어,registered,봉쿠레 제외하고,봉쿠레 제외하고,봉쿠레 제외하고,,,buy,구매,1,13,130000,estimated,per_card,text,unknown,,active,needs_review,needs_review,"가격 단위 추정, 배송비 포함 여부 미확정",estimated,yes,candidate_estimated,봉쿠레 제외하고 13정도에 구해봅니다 저레어도 선호해요
9486e55c916427e37cfd2643,onepiececardgame,원피스 카드게임,2026-08,2026-08-06T18:08:26+09:00,known,773245222d1f4dd5d678dfc8,9486e55c916427e37cfd2643,105895,https://m.dcinside.com/board/onepiececardgame/105895,자흑 루피 완덱 구함함,seller-1ed9c878cf1160a8b3e4632e,바니타스,guest,자흑 루피 리페 포함 완덱,자흑 루피 리페 포함 완덱,자흑 루피 리페 포함 완덱,,,buy,구매,1,15,150000,estimated,bundle,text,unknown,,active,needs_review,needs_review,"가격 단위 추정, 배송비 포함 여부 미확정, 묶음·세트 총액 · 개별 카드 가격 아님",estimated,no,no,자흑 루피 리페 포함 완덱 15에 구해봄.
ab1e95df8d13f07a1a091956,onepiececardgame,원피스 카드게임,2026-08,2026-08-06T18:08:26+09:00,known,451f4ac5793eab07a4ba3adf,ab1e95df8d13f07a1a091956,105895,https://m.dcinside.com/board/onepiececardgame/105895,자흑 루피 완덱 구함함,seller-c0d0f0c6cd77d65744315fe0,바니타스,guest,자흑 루피 리페 포함 완덱,자흑 루피 리페 포함 완덱,자흑 루피 리페 포함 완덱,,,buy,구매,1,15,150000,estimated,bundle,text,unknown,,active,needs_review,needs_review,"가격 단위 추정, 배송비 포함 여부 미확정, 묶음·세트 총액 · 개별 카드 가격 아님",estimated,no,no,자흑 루피 리페 포함 완덱 15에 구해봄.
ad2b58ae3ab8a006141be603,onepiececardgame,원피스 카드게임,2026-08,2026-08-06T18:08:26+09:00,known,9e7c9e9a140591eb35079546,ad2b58ae3ab8a006141be603,105895,https://m.dcinside.com/board/onepiececardgame/105895,자흑 루피 완덱 구함함,seller-3cd781d739f980ee1517d37f,바니타스,guest,자흑 루피 리페 포함 완덱,자흑 루피 리페 포함 완덱,자흑 루피 리페 포함 완덱,,,buy,구매,1,15,150000,estimated,bundle,text,unknown,,active,needs_review,needs_review,"가격 단위 추정, 배송비 포함 여부 미확정, 묶음·세트 총액 · 개별 카드 가격 아님",estimated,no,no,자흑 루피 리페 포함 완덱 15에 구해봄.
e6b19a9de979e4e79994c9ed,onepiececardgame,원피스 카드게임,2026-08,2026-08-06T18:08:26+09:00,known,b881da247f9b7a499845e977,e6b19a9de979e4e79994c9ed,105895,https://m.dcinside.com/board/onepiececardgame/105895,자흑 루피 완덱 구함함,seller-4c0c70b781f9d2dbad8e17dc,바니타스,guest,자흑 루피 리페 포함 완덱,자흑 루피 리페 포함 완덱,자흑 루피 리페 포함 완덱,,,buy,구매,1,15,150000,estimated,bundle,text,unknown,,active,needs_review,needs_review,"가격 단위 추정, 배송비 포함 여부 미확정, 묶음·세트 총액 · 개별 카드 가격 아님",estimated,no,no,자흑 루피 리페 포함 완덱 15에 구해봄.
14fbc5aaf1258d2389480689,onepiececardgame,원피스 카드게임,2026-08,2026-08-06T18:09:54+09:00,known,05ad35f7b7a8c33175810e3a,14fbc5aaf1258d2389480689,105896,https://m.dcinside.com/board/onepiececardgame/105896,로빈덱 또는 파츠 구합니다,seller-34a6989137d8f6da1f4462eb,915,guest,로빈덱 또는 파츠,로빈덱 또는 파츠,로빈덱 또는 파츠,,,buy,구매,1,,,missing,unknown,unknown,unknown,,active,needs_review,needs_review,희망가 미기재,missing,no,no,로빈덱 또는 파츠 구합니다
3da228265fba6d1bc7cb37a7,onepiececardgame,원피스 카드게임,2026-08,2026-08-06T18:09:54+09:00,known,0cbc940bb78ab8f077878e15,3da228265fba6d1bc7cb37a7,105896,https://m.dcinside.com/board/onepiececardgame/105896,로빈덱 또는 파츠 구합니다,seller-69e62a1c016e3ec9b2fd55c1,915,guest,로빈덱 또는 파츠,로빈덱 또는 파츠,로빈덱 또는 파츠,,,buy,구매,1,,,missing,unknown,unknown,unknown,,active,needs_review,needs_review,희망가 미기재,missing,no,no,로빈덱 또는 파츠 구합니다
82c2fc0a7c8f558b187cf922,onepiececardgame,원피스 카드게임,2026-08,2026-08-06T18:09:54+09:00,known,7e4879cbeb8b5ea7e91a45a4,82c2fc0a7c8f558b187cf922,105896,https://m.dcinside.com/board/onepiececardgame/105896,로빈덱 또는 파츠 구합니다,seller-176f7112c40f94bd39a74469,915,guest,로빈덱 또는 파츠,로빈덱 또는 파츠,로빈덱 또는 파츠,,,buy,구매,1,,,missing,unknown,unknown,unknown,,active,needs_review,needs_review,희망가 미기재,missing,no,no,로빈덱 또는 파츠 구합니다
bbedfaa3d6ab296293fd278c,onepiececardgame,원피스 카드게임,2026-08,2026-08-06T18:09:54+09:00,known,8910b0e86920f5aca6dc98da,bbedfaa3d6ab296293fd278c,105896,https://m.dcinside.com/board/onepiececardgame/105896,로빈덱 또는 파츠 구합니다,seller-16fc80076deada0e184a29c7,915,guest,로빈덱 또는 파츠,로빈덱 또는 파츠,로빈덱 또는 파츠,,,buy,구매,1,,,missing,unknown,unknown,unknown,,active,needs_review,needs_review,희망가 미기재,missing,no,no,로빈덱 또는 파츠 구합니다
04035cfc1d67e3de5244da40,onepiececardgame,원피스 카드게임,2026-08,2026-08-06T18:42:42+09:00,known,0afc3303130435535af79fa3,04035cfc1d67e3de5244da40,105901,https://m.dcinside.com/board/onepiececardgame/105901,7코 황색 로 시크 1장 구합니다,seller-8ad10b55fa52911e796a44cf,원딱러,registered,7코 황색 로 시크 !!,7코 황색 로 시크 !!,7코 황색 로 시크 구합니다!!,,,buy,구매,1,1.0,10000,estimated,per_card,text,unknown,,active,needs_review,needs_review,"가격 단위 추정, 배송비 포함 여부 미확정",estimated,yes,candidate_estimated,7코 황색 로 시크 1장 구합니다!! 1.0에 구해봐요 구매완
8b257cfd28031b2ac9f77448,onepiececardgame,원피스 카드게임,2026-08,2026-08-06T18:42:42+09:00,known,f1de339094793edd0c024a35,8b257cfd28031b2ac9f77448,105901,https://m.dcinside.com/board/onepiececardgame/105901,7코 황색 로 시크 1장 구합니다,seller-8ad10b55fa52911e796a44cf,원딱러,registered,7코 황색 로 시크 !!,7코 황색 로 시크 !!,7코 황색 로 시크 구합니다!!,,,buy,구매,1,1.0,10000,estimated,per_card,text,unknown,,active,needs_review,needs_review,"가격 단위 추정, 배송비 포함 여부 미확정",estimated,yes,candidate_estimated,7코 황색 로 시크 1장 구합니다!! 1.0에 구해봐요 구매완
8c2a706f860bb012a95402fc,onepiececardgame,원피스 카드게임,2026-08,2026-08-06T18:42:42+09:00,known,428682fe3e28321ade25afdb,8c2a706f860bb012a95402fc,105901,https://m.dcinside.com/board/onepiececardgame/105901,7코 황색 로 시크 1장 구합니다,seller-8ad10b55fa52911e796a44cf,원딱러,registered,7코 황색 로 시크 !!,7코 황색 로 시크 !!,7코 황색 로 시크 구합니다!!,,,buy,구매,1,1.0,10000,estimated,per_card,text,unknown,,active,needs_review,needs_review,"가격 단위 추정, 배송비 포함 여부 미확정",estimated,yes,candidate_estimated,7코 황색 로 시크 1장 구합니다!! 1.0에 구해봐요 구매완
f12ca48497724656663bbd56,onepiececardgame,원피스 카드게임,2026-08,2026-08-06T18:42:42+09:00,known,4fe7cc943f0d07453a44018f,f12ca48497724656663bbd56,105901,https://m.dcinside.com/board/onepiececardgame/105901,7코 황색 로 시크 1장 구합니다,seller-8ad10b55fa52911e796a44cf,원딱러,registered,7코 황색 로 시크 !!,7코 황색 로 시크 !!,7코 황색 로 시크 구합니다!!,,,buy,구매,1,1.0,10000,estimated,per_card,text,unknown,,active,needs_review,needs_review,"가격 단위 추정, 배송비 포함 여부 미확정",estimated,yes,candidate_estimated,7코 황색 로 시크 1장 구합니다!! 1.0에 구해봐요 구매완
f62a2461c7d6aa9340b4aa3a,onepiececardgame,원피스 카드게임,2026-08,2026-08-06T18:42:42+09:00,known,6514e280b2b88ff19049c443,f62a2461c7d6aa9340b4aa3a,105901,https://m.dcinside.com/board/onepiececardgame/105901,7코 황색 로 시크 1장 구합니다,seller-8ad10b55fa52911e796a44cf,원딱러,registered,7코 황색 로 시크 !!,7코 황색 로 시크 !!,7코 황색 로 시크 구합니다!!,,,buy,구매,1,1.0,10000,estimated,per_card,text,unknown,,active,needs_review,needs_review,"가격 단위 추정, 배송비 포함 여부 미확정",estimated,yes,candidate_estimated,7코 황색 로 시크 1장 구합니다!! 1.0에 구해봐요 구매완
5289ddb57e3e9f54a53053df,onepiececardgame,원피스 카드게임,2026-08,2026-08-06T19:52:24+09:00,known,bdcbfed1a2b6464288d7f6da,5289ddb57e3e9f54a53053df,105917,https://m.dcinside.com/board/onepiececardgame/105917,우타 망가 구매합니다,seller-65cb0ac34a0e8954d7db1e1a,붕붕붕,guest,우타 망가,우타 망가,우타 망가,,,buy,구매,1,,,missing,unknown,unknown,unknown,,active,needs_review,needs_review,희망가 미기재,missing,no,no,우타 망가 구매합니다
8dc122603d02e685b4647234,onepiececardgame,원피스 카드게임,2026-08,2026-08-06T19:52:24+09:00,known,85d6c13ab4508348fc43ca9d,8dc122603d02e685b4647234,105917,https://m.dcinside.com/board/onepiececardgame/105917,우타 망가 구매합니다,seller-93156f8ed2b37743c308e08c,붕붕붕,guest,우타 망가,우타 망가,우타 망가,,,buy,구매,1,,,missing,unknown,unknown,unknown,,active,needs_review,needs_review,희망가 미기재,missing,no,no,우타 망가 구매합니다
d3194247cbb1b4d7770d1b7f,onepiececardgame,원피스 카드게임,2026-08,2026-08-06T19:52:24+09:00,known,9902587dfc745352c52d4030,d3194247cbb1b4d7770d1b7f,105917,https://m.dcinside.com/board/onepiececardgame/105917,우타 망가 구매합니다,seller-f8aa555439eb56477d30ab5f,붕붕붕,guest,우타 망가,우타 망가,우타 망가,,,buy,구매,1,,,missing,unknown,unknown,unknown,,active,needs_review,needs_review,희망가 미기재,missing,no,no,우타 망가 구매합니다
f2088d7f49e69e46d09544c3,onepiececardgame,원피스 카드게임,2026-08,2026-08-06T19:52:24+09:00,known,989798ce1cfb7c7034314d4c,f2088d7f49e69e46d09544c3,105917,https://m.dcinside.com/board/onepiececardgame/105917,우타 망가 구매합니다,seller-1c5d9285b0f4183eefb6f105,붕붕붕,guest,우타 망가,우타 망가,우타 망가,,,buy,구매,1,,,missing,unknown,unknown,unknown,,active,needs_review,needs_review,희망가 미기재,missing,no,no,우타 망가 구매합니다
130795f75a10800d29cceca9,onepiececardgame,원피스 카드게임,2026-08,2026-08-06T21:40:00+09:00,known,23cd9dc28f5282d189306206,130795f75a10800d29cceca9,105930,https://m.dcinside.com/board/onepiececardgame/105930,시크보니 두장 구해요,seller-d244bcf1e6613a68a9e61b7d,아야가넘어지면..,registered,,장당,장당,,,buy,구매,1,2.5,25000,estimated,per_card,text,unknown,,active,needs_review,needs_review,"가격 단위 추정, 배송비 포함 여부 미확정",estimated,yes,candidate_estimated,장당 2.5에 구해봅니다 댓글주세용
ba832428fcea18ab2515a47f,onepiececardgame,원피스 카드게임,2026-08,2026-08-06T21:40:00+09:00,known,5ebdef8579ae1d1e2629e160,ba832428fcea18ab2515a47f,105930,https://m.dcinside.com/board/onepiececardgame/105930,시크보니 두장 구해요,seller-d244bcf1e6613a68a9e61b7d,아야가넘어지면..,registered,,장당,장당,,,buy,구매,1,2.5,25000,estimated,per_card,text,unknown,,active,needs_review,needs_review,"가격 단위 추정, 배송비 포함 여부 미확정",estimated,yes,candidate_estimated,장당 2.5에 구해봅니다 댓글주세용
c724e2d8b963cb80dde23a43,onepiececardgame,원피스 카드게임,2026-08,2026-08-06T21:40:00+09:00,known,cfc493bd3f8b14ab6ac44772,c724e2d8b963cb80dde23a43,105930,https://m.dcinside.com/board/onepiececardgame/105930,시크보니 두장 구해요,seller-d244bcf1e6613a68a9e61b7d,아야가넘어지면..,registered,,장당,장당,,,buy,구매,1,2.5,25000,estimated,per_card,text,unknown,,active,needs_review,needs_review,"가격 단위 추정, 배송비 포함 여부 미확정",estimated,yes,candidate_estimated,장당 2.5에 구해봅니다 댓글주세용
fa6f3d45a415808c312f3de1,onepiececardgame,원피스 카드게임,2026-08,2026-08-06T21:40:00+09:00,known,de5329560a89f03e8318f0e2,fa6f3d45a415808c312f3de1,105930,https://m.dcinside.com/board/onepiececardgame/105930,시크보니 두장 구해요,seller-d244bcf1e6613a68a9e61b7d,아야가넘어지면..,registered,,장당,장당,,,buy,구매,1,2.5,25000,estimated,per_card,text,unknown,,active,needs_review,needs_review,"가격 단위 추정, 배송비 포함 여부 미확정",estimated,yes,candidate_estimated,장당 2.5에 구해봅니다 댓글주세용
315be8eaeb3e39e151212540,onepiececardgame,원피스 카드게임,2026-08,2026-08-07T01:20:00+09:00,known,d62464c60653d694e0565080,315be8eaeb3e39e151212540,105973,https://m.dcinside.com/board/onepiececardgame/105973,녹 5스모커 페레 구매합니다,seller-8ad10b55fa52911e796a44cf,원딱러,registered,녹 5스모커 페레,녹 5스모커 페레,녹 5스모커 페레,,,buy,구매,4,5,50000,estimated,per_quantity,text,unknown,,active,needs_review,needs_review,"가격 단위 추정, 배송비 포함 여부 미확정, 복수 수량 총액 · 카드 1장 가격 아님",estimated,no,no,녹 5스모커 페레 4장 5에 구매해봅니다
acdaa0afcfbba78beceb1eea,onepiececardgame,원피스 카드게임,2026-08,2026-08-07T01:20:00+09:00,known,f5814a204a13afdf9ded7abd,acdaa0afcfbba78beceb1eea,105973,https://m.dcinside.com/board/onepiececardgame/105973,녹 5스모커 페레 구매합니다,seller-8ad10b55fa52911e796a44cf,원딱러,registered,녹 5스모커 페레,녹 5스모커 페레,녹 5스모커 페레,,,buy,구매,4,5,50000,estimated,per_quantity,text,unknown,,active,needs_review,needs_review,"가격 단위 추정, 배송비 포함 여부 미확정, 복수 수량 총액 · 카드 1장 가격 아님",estimated,no,no,녹 5스모커 페레 4장 5에 구매해봅니다
ce372bb7e49ca4ebd9473812,onepiececardgame,원피스 카드게임,2026-08,2026-08-07T01:20:00+09:00,known,2ab211c47ce06e32fd331c34,ce372bb7e49ca4ebd9473812,105973,https://m.dcinside.com/board/onepiececardgame/105973,녹 5스모커 페레 구매합니다,seller-8ad10b55fa52911e796a44cf,원딱러,registered,녹 5스모커 페레,녹 5스모커 페레,녹 5스모커 페레,,,buy,구매,4,5,50000,estimated,per_quantity,text,unknown,,active,needs_review,needs_review,"가격 단위 추정, 배송비 포함 여부 미확정, 복수 수량 총액 · 카드 1장 가격 아님",estimated,no,no,녹 5스모커 페레 4장 5에 구매해봅니다
cedb5202ab28f1c4f3b6c661,onepiececardgame,원피스 카드게임,2026-08,2026-08-07T01:20:00+09:00,known,e862a5af74d22bda8d4bb21f,cedb5202ab28f1c4f3b6c661,105973,https://m.dcinside.com/board/onepiececardgame/105973,녹 5스모커 페레 구매합니다,seller-8ad10b55fa52911e796a44cf,원딱러,registered,녹 5스모커 페레,녹 5스모커 페레,녹 5스모커 페레,,,buy,구매,4,5,50000,estimated,per_quantity,text,unknown,,active,needs_review,needs_review,"가격 단위 추정, 배송비 포함 여부 미확정, 복수 수량 총액 · 카드 1장 가격 아님",estimated,no,no,녹 5스모커 페레 4장 5에 구매해봅니다
227028ee8a7775d1e478cc33,onepiececardgame,원피스 카드게임,2026-08,2026-08-07T01:56:05+09:00,known,55177bfb237215836e766c7b,227028ee8a7775d1e478cc33,105980,https://m.dcinside.com/board/onepiececardgame/105980,녹색 5코 캐럿 페레 5코 보니 페레 구합니다,seller-40c260bbc22a84526796c0c2,메탈네코냥냥펀..,registered,녹 5코 보니 페레,녹 5코 보니 페레,녹 5코 보니 페레 (,,,buy,구매,1,2.0,20000,estimated,per_card,text,unknown,,active,needs_review,needs_review,"가격 단위 추정, 배송비 포함 여부 미확정",estimated,yes,candidate_estimated,녹 5코 보니 페레 (2.0) 2장까지
37157422ac07e6d5c09c8277,onepiececardgame,원피스 카드게임,2026-08,2026-08-07T01:56:05+09:00,known,7530026bf58e0616a645128b,37157422ac07e6d5c09c8277,105980,https://m.dcinside.com/board/onepiececardgame/105980,녹색 5코 캐럿 페레 5코 보니 페레 구합니다,seller-40c260bbc22a84526796c0c2,메탈네코냥냥펀..,registered,녹 5코 시크보니 페레,녹 5코 시크보니 페레,녹 5코 시크보니 페레 (,,,buy,구매,1,3.5,35000,estimated,per_card,text,unknown,,active,needs_review,needs_review,"가격 단위 추정, 배송비 포함 여부 미확정",estimated,yes,candidate_estimated,녹 5코 시크보니 페레 (3.5) 2장까지
4d837005bdcc3c3bca5dbb93,onepiececardgame,원피스 카드게임,2026-08,2026-08-07T01:56:05+09:00,known,2424d8b580a803e03c3d3e80,4d837005bdcc3c3bca5dbb93,105980,https://m.dcinside.com/board/onepiececardgame/105980,녹색 5코 캐럿 페레 5코 보니 페레 구합니다,seller-40c260bbc22a84526796c0c2,메탈네코냥냥펀..,registered,녹 5코 보니 페레,녹 5코 보니 페레,녹 5코 보니 페레 (,,,buy,구매,1,2.0,20000,estimated,per_card,text,unknown,,active,needs_review,needs_review,"가격 단위 추정, 배송비 포함 여부 미확정",estimated,yes,candidate_estimated,녹 5코 보니 페레 (2.0) 2장까지
6e665061ebc5e760e4813a5f,onepiececardgame,원피스 카드게임,2026-08,2026-08-07T01:56:05+09:00,known,7530026bf58e0616a645128b,6e665061ebc5e760e4813a5f,105980,https://m.dcinside.com/board/onepiececardgame/105980,녹색 5코 캐럿 페레 5코 보니 페레 구합니다,seller-40c260bbc22a84526796c0c2,메탈네코냥냥펀..,registered,녹 5코 캐럿 페레,녹 5코 캐럿 페레,녹 5코 캐럿 페레 (,,,buy,구매,1,2.0,20000,estimated,per_card,text,unknown,,active,needs_review,needs_review,"가격 단위 추정, 배송비 포함 여부 미확정",estimated,yes,candidate_estimated,녹 5코 캐럿 페레 (2.0) 4장까지
7b6c13d012c79fbfc5a2d6fd,onepiececardgame,원피스 카드게임,2026-08,2026-08-07T01:56:05+09:00,known,7530026bf58e0616a645128b,7b6c13d012c79fbfc5a2d6fd,105980,https://m.dcinside.com/board/onepiececardgame/105980,녹색 5코 캐럿 페레 5코 보니 페레 구합니다,seller-40c260bbc22a84526796c0c2,메탈네코냥냥펀..,registered,녹 5코 보니 페레,녹 5코 보니 페레,녹 5코 보니 페레 (,,,buy,구매,1,2.0,20000,estimated,per_card,text,unknown,,active,needs_review,needs_review,"가격 단위 추정, 배송비 포함 여부 미확정",estimated,yes,candidate_estimated,녹 5코 보니 페레 (2.0) 2장까지
7e32a9a46223dc99a6e54b61,onepiececardgame,원피스 카드게임,2026-08,2026-08-07T01:56:05+09:00,known,55177bfb237215836e766c7b,7e32a9a46223dc99a6e54b61,105980,https://m.dcinside.com/board/onepiececardgame/105980,녹색 5코 캐럿 페레 5코 보니 페레 구합니다,seller-40c260bbc22a84526796c0c2,메탈네코냥냥펀..,registered,녹 5코 시크보니 페레,녹 5코 시크보니 페레,녹 5코 시크보니 페레 (,,,buy,구매,1,3.5,35000,estimated,per_card,text,unknown,,active,needs_review,needs_review,"가격 단위 추정, 배송비 포함 여부 미확정",estimated,yes,candidate_estimated,녹 5코 시크보니 페레 (3.5) 2장까지
a76aa41e6845bfecfe36b8dd,onepiececardgame,원피스 카드게임,2026-08,2026-08-07T01:56:05+09:00,known,2424d8b580a803e03c3d3e80,a76aa41e6845bfecfe36b8dd,105980,https://m.dcinside.com/board/onepiececardgame/105980,녹색 5코 캐럿 페레 5코 보니 페레 구합니다,seller-40c260bbc22a84526796c0c2,메탈네코냥냥펀..,registered,녹 5코 캐럿 페레,녹 5코 캐럿 페레,녹 5코 캐럿 페레 (,,,buy,구매,1,2.0,20000,estimated,per_card,text,unknown,,active,needs_review,needs_review,"가격 단위 추정, 배송비 포함 여부 미확정",estimated,yes,candidate_estimated,녹 5코 캐럿 페레 (2.0) 4장까지
b353f9730a766911a67c9378,onepiececardgame,원피스 카드게임,2026-08,2026-08-07T01:56:05+09:00,known,5bb32760bf799d8d4051e817,b353f9730a766911a67c9378,105980,https://m.dcinside.com/board/onepiececardgame/105980,녹색 5코 캐럿 페레 5코 보니 페레 구합니다,seller-40c260bbc22a84526796c0c2,메탈네코냥냥펀..,registered,녹 5코 보니 페레,녹 5코 보니 페레,녹 5코 보니 페레 (,,,buy,구매,1,2.0,20000,estimated,per_card,text,unknown,,active,needs_review,needs_review,"가격 단위 추정, 배송비 포함 여부 미확정",estimated,yes,candidate_estimated,녹 5코 보니 페레 (2.0) 2장까지
d9bc954374a47b18749662f8,onepiececardgame,원피스 카드게임,2026-08,2026-08-07T01:56:05+09:00,known,2424d8b580a803e03c3d3e80,d9bc954374a47b18749662f8,105980,https://m.dcinside.com/board/onepiececardgame/105980,녹색 5코 캐럿 페레 5코 보니 페레 구합니다,seller-40c260bbc22a84526796c0c2,메탈네코냥냥펀..,registered,녹 5코 시크보니 페레,녹 5코 시크보니 페레,녹 5코 시크보니 페레 (,,,buy,구매,1,3.5,35000,estimated,per_card,text,unknown,,active,needs_review,needs_review,"가격 단위 추정, 배송비 포함 여부 미확정",estimated,yes,candidate_estimated,녹 5코 시크보니 페레 (3.5) 2장까지
e06f56a56d109180b34628b6,onepiececardgame,원피스 카드게임,2026-08,2026-08-07T01:56:05+09:00,known,5bb32760bf799d8d4051e817,e06f56a56d109180b34628b6,105980,https://m.dcinside.com/board/onepiececardgame/105980,녹색 5코 캐럿 페레 5코 보니 페레 구합니다,seller-40c260bbc22a84526796c0c2,메탈네코냥냥펀..,registered,녹 5코 캐럿 페레,녹 5코 캐럿 페레,녹 5코 캐럿 페레 (,,,buy,구매,1,2.0,20000,estimated,per_card,text,unknown,,active,needs_review,needs_review,"가격 단위 추정, 배송비 포함 여부 미확정",estimated,yes,candidate_estimated,녹 5코 캐럿 페레 (2.0) 4장까지
f559c11b97659fda70f0bf5e,onepiececardgame,원피스 카드게임,2026-08,2026-08-07T01:56:05+09:00,known,55177bfb237215836e766c7b,f559c11b97659fda70f0bf5e,105980,https://m.dcinside.com/board/onepiececardgame/105980,녹색 5코 캐럿 페레 5코 보니 페레 구합니다,seller-40c260bbc22a84526796c0c2,메탈네코냥냥펀..,registered,녹 5코 캐럿 페레,녹 5코 캐럿 페레,녹 5코 캐럿 페레 (,,,buy,구매,1,2.0,20000,estimated,per_card,text,unknown,,active,needs_review,needs_review,"가격 단위 추정, 배송비 포함 여부 미확정",estimated,yes,candidate_estimated,녹 5코 캐럿 페레 (2.0) 4장까지
fb6113180eaaff033398c20e,onepiececardgame,원피스 카드게임,2026-08,2026-08-07T01:56:05+09:00,known,5bb32760bf799d8d4051e817,fb6113180eaaff033398c20e,105980,https://m.dcinside.com/board/onepiececardgame/105980,녹색 5코 캐럿 페레 5코 보니 페레 구합니다,seller-40c260bbc22a84526796c0c2,메탈네코냥냥펀..,registered,녹 5코 시크보니 페레,녹 5코 시크보니 페레,녹 5코 시크보니 페레 (,,,buy,구매,1,3.5,35000,estimated,per_card,text,unknown,,active,needs_review,needs_review,"가격 단위 추정, 배송비 포함 여부 미확정",estimated,yes,candidate_estimated,녹 5코 시크보니 페레 (3.5) 2장까지
028d6d41eb442aace6e50be3,onepiececardgame,원피스 카드게임,2026-08,2026-08-07T08:55:02+09:00,known,aa66165b1f60a42f9993041e,028d6d41eb442aace6e50be3,105995,https://m.dcinside.com/board/onepiececardgame/105995,적녹루피 리페 삽니다,seller-d05a4d57e6352967f0885993,네넹면,registered,4코 루피 시크,4코 루피 시크,4코 루피 시크 장당,,,buy,구매,1,1,10000,estimated,per_card,text,unknown,,active,needs_review,needs_review,"가격 단위 추정, 배송비 포함 여부 미확정",estimated,yes,candidate_estimated,4코 루피 시크 장당 1에 4장
34084ce23b7c95d4d847f778,onepiececardgame,원피스 카드게임,2026-08,2026-08-07T08:55:02+09:00,known,aa66165b1f60a42f9993041e,34084ce23b7c95d4d847f778,105995,https://m.dcinside.com/board/onepiececardgame/105995,적녹루피 리페 삽니다,seller-d05a4d57e6352967f0885993,네넹면,registered,2코 상디 있음,2코 상디 있음,2코 상디 있음 장당,,,buy,구매,1,0.2,2000,estimated,per_card,text,unknown,,active,needs_review,needs_review,"가격 단위 추정, 배송비 포함 여부 미확정",estimated,yes,candidate_estimated,2코 상디 있음 장당 0.2에 4장 구해요
3ee5a97ca6b897b2883c9977,onepiececardgame,원피스 카드게임,2026-08,2026-08-07T08:55:02+09:00,known,6bdd2d9903ae8e18155e6dee,3ee5a97ca6b897b2883c9977,105995,https://m.dcinside.com/board/onepiececardgame/105995,적녹루피 리페 삽니다,seller-d05a4d57e6352967f0885993,네넹면,registered,2코 상디 있음,2코 상디 있음,2코 상디 있음 장당,,,buy,구매,1,0.2,2000,estimated,per_card,text,unknown,,active,needs_review,needs_review,"가격 단위 추정, 배송비 포함 여부 미확정",estimated,yes,candidate_estimated,2코 상디 있음 장당 0.2에 4장 구해요
542a14945d4aaff103524e4e,onepiececardgame,원피스 카드게임,2026-08,2026-08-07T08:55:02+09:00,known,6b89a1dd2b26e7285cef2563,542a14945d4aaff103524e4e,105995,https://m.dcinside.com/board/onepiececardgame/105995,적녹루피 리페 삽니다,seller-d05a4d57e6352967f0885993,네넹면,registered,4코 루피 시크,4코 루피 시크,4코 루피 시크 장당,,,buy,구매,1,1,10000,estimated,per_card,text,unknown,,active,needs_review,needs_review,"가격 단위 추정, 배송비 포함 여부 미확정",estimated,yes,candidate_estimated,4코 루피 시크 장당 1에 4장
61c3b26b30872a2f87beaf46,onepiececardgame,원피스 카드게임,2026-08,2026-08-07T08:55:02+09:00,known,e39755b8020f1829bb8841b7,61c3b26b30872a2f87beaf46,105995,https://m.dcinside.com/board/onepiececardgame/105995,적녹루피 리페 삽니다,seller-d05a4d57e6352967f0885993,네넹면,registered,2코 상디 있음,2코 상디 있음,2코 상디 있음 장당,,,buy,구매,1,0.2,2000,estimated,per_card,text,unknown,,active,needs_review,needs_review,"가격 단위 추정, 배송비 포함 여부 미확정",estimated,yes,candidate_estimated,2코 상디 있음 장당 0.2에 4장 구해요
86b851feefc14e8ecaaebe1b,onepiececardgame,원피스 카드게임,2026-08,2026-08-07T08:55:02+09:00,known,6bdd2d9903ae8e18155e6dee,86b851feefc14e8ecaaebe1b,105995,https://m.dcinside.com/board/onepiececardgame/105995,적녹루피 리페 삽니다,seller-d05a4d57e6352967f0885993,네넹면,registered,4코 루피 시크,4코 루피 시크,4코 루피 시크 장당,,,buy,구매,1,1,10000,estimated,per_card,text,unknown,,active,needs_review,needs_review,"가격 단위 추정, 배송비 포함 여부 미확정",estimated,yes,candidate_estimated,4코 루피 시크 장당 1에 4장
8b38d93c47da697994c1e89c,onepiececardgame,원피스 카드게임,2026-08,2026-08-07T08:55:02+09:00,known,e39755b8020f1829bb8841b7,8b38d93c47da697994c1e89c,105995,https://m.dcinside.com/board/onepiececardgame/105995,적녹루피 리페 삽니다,seller-d05a4d57e6352967f0885993,네넹면,registered,4코 루피 시크,4코 루피 시크,4코 루피 시크 장당,,,buy,구매,1,1,10000,estimated,per_card,text,unknown,,active,needs_review,needs_review,"가격 단위 추정, 배송비 포함 여부 미확정",estimated,yes,candidate_estimated,4코 루피 시크 장당 1에 4장
f763330c7c56565d81402ae2,onepiececardgame,원피스 카드게임,2026-08,2026-08-07T08:55:02+09:00,known,6b89a1dd2b26e7285cef2563,f763330c7c56565d81402ae2,105995,https://m.dcinside.com/board/onepiececardgame/105995,적녹루피 리페 삽니다,seller-d05a4d57e6352967f0885993,네넹면,registered,2코 상디 있음,2코 상디 있음,2코 상디 있음 장당,,,buy,구매,1,0.2,2000,estimated,per_card,text,unknown,,active,needs_review,needs_review,"가격 단위 추정, 배송비 포함 여부 미확정",estimated,yes,candidate_estimated,2코 상디 있음 장당 0.2에 4장 구해요
2510ffc84dba713f403a417c,onepiececardgame,원피스 카드게임,2026-08,2026-08-07T10:30:46+09:00,known,56dc9b4734a059f6868d9c20,2510ffc84dba713f403a417c,106006,https://m.dcinside.com/board/onepiececardgame/106006,시라호시 리페 삽니다,seller-cc7df956534523c1a8e466f7,ㅇㅇ,guest,시라호시 리페,시라호시 리페,시라호시 리페,,,buy,구매,1,,,missing,unknown,unknown,unknown,,active,needs_review,needs_review,희망가 미기재,missing,no,no,시라호시 리페 삽니다
30a8634912743c5cc53f3b0b,onepiececardgame,원피스 카드게임,2026-08,2026-08-07T10:30:46+09:00,known,5683917737a80135ea03e0cc,30a8634912743c5cc53f3b0b,106006,https://m.dcinside.com/board/onepiececardgame/106006,시라호시 리페 삽니다,seller-ae65de5e64939a2f5264804f,ㅇㅇ,guest,시라호시 리페,시라호시 리페,시라호시 리페,,,buy,구매,1,,,missing,unknown,unknown,unknown,,active,needs_review,needs_review,희망가 미기재,missing,no,no,시라호시 리페 삽니다
e429dc08217fbdbce4129335,onepiececardgame,원피스 카드게임,2026-08,2026-08-07T10:30:46+09:00,known,0b292eb170226a011144d32a,e429dc08217fbdbce4129335,106006,https://m.dcinside.com/board/onepiececardgame/106006,시라호시 리페 삽니다,seller-a5e49ec3d8e0d2851c61caf6,ㅇㅇ,guest,시라호시 리페,시라호시 리페,시라호시 리페,,,buy,구매,1,,,missing,unknown,unknown,unknown,,active,needs_review,needs_review,희망가 미기재,missing,no,no,시라호시 리페 삽니다
f13ef0e07bb72b54fc52911e,onepiececardgame,원피스 카드게임,2026-08,2026-08-07T10:30:46+09:00,known,a276a24bcb91d46e5420b63f,f13ef0e07bb72b54fc52911e,106006,https://m.dcinside.com/board/onepiececardgame/106006,시라호시 리페 삽니다,seller-526f1158f27abc06d1d4d0b6,ㅇㅇ,guest,시라호시 리페,시라호시 리페,시라호시 리페,,,buy,구매,1,,,missing,unknown,unknown,unknown,,active,needs_review,needs_review,희망가 미기재,missing,no,no,시라호시 리페 삽니다
17b70df3fb8f535c5eec8316,onepiececardgame,원피스 카드게임,2026-08,2026-08-07T11:56:44+09:00,known,2a50ce78d6196181ea1c665d,17b70df3fb8f535c5eec8316,106016,https://m.dcinside.com/board/onepiececardgame/106016,히요리 SR 1장 구매해 봅니다,seller-8ad10b55fa52911e796a44cf,원딱러,registered,포함,포함,준등기 포함,,,buy,구매,1,1.2,12000,estimated,per_card,text,unknown,,active,needs_review,needs_review,"가격 단위 추정, 배송비 포함 여부 미확정",estimated,yes,candidate_estimated,준등기 포함 1.2에 1장 구해봅니다!
5a73baec44a0c3b1e8997730,onepiececardgame,원피스 카드게임,2026-08,2026-08-07T11:56:44+09:00,known,362165d7df176bcd539b4805,5a73baec44a0c3b1e8997730,106016,https://m.dcinside.com/board/onepiececardgame/106016,히요리 SR 1장 구매해 봅니다,seller-8ad10b55fa52911e796a44cf,원딱러,registered,포함,포함,준등기 포함,,,buy,구매,1,1.2,12000,estimated,per_card,text,unknown,,active,needs_review,needs_review,"가격 단위 추정, 배송비 포함 여부 미확정",estimated,yes,candidate_estimated,준등기 포함 1.2에 1장 구해봅니다!
6ec2eade28f89bf17a8e434e,onepiececardgame,원피스 카드게임,2026-08,2026-08-07T11:56:44+09:00,known,50c041ccbec87a4a06c99012,6ec2eade28f89bf17a8e434e,106016,https://m.dcinside.com/board/onepiececardgame/106016,히요리 SR 1장 구매해 봅니다,seller-8ad10b55fa52911e796a44cf,원딱러,registered,포함,포함,준등기 포함,,,buy,구매,1,1.2,12000,estimated,per_card,text,unknown,,active,needs_review,needs_review,"가격 단위 추정, 배송비 포함 여부 미확정",estimated,yes,candidate_estimated,준등기 포함 1.2에 1장 구해봅니다!
f2d9bdb51e38edfd780c1575,onepiececardgame,원피스 카드게임,2026-08,2026-08-07T11:56:44+09:00,known,68f6395b3cc2f84437a12732,f2d9bdb51e38edfd780c1575,106016,https://m.dcinside.com/board/onepiececardgame/106016,히요리 SR 1장 구매해 봅니다,seller-8ad10b55fa52911e796a44cf,원딱러,registered,포함,포함,준등기 포함,,,buy,구매,1,1.2,12000,estimated,per_card,text,unknown,,active,needs_review,needs_review,"가격 단위 추정, 배송비 포함 여부 미확정",estimated,yes,candidate_estimated,준등기 포함 1.2에 1장 구해봅니다!
2933b1005e33a995b0e47ed5,onepiececardgame,원피스 카드게임,2026-08,2026-08-07T11:57:26+09:00,known,043fc4696a78cabdba8d97e6,2933b1005e33a995b0e47ed5,106017,https://m.dcinside.com/board/onepiececardgame/106017,히요리 sr 1장 구매해 봅니다,seller-9fdfc6d6c3b2ce7200495b51,세기,guest,포함,포함,준등기 포함,,,buy,구매,1,1.2,12000,estimated,per_card,text,unknown,,active,needs_review,needs_review,"가격 단위 추정, 배송비 포함 여부 미확정",estimated,yes,candidate_estimated,준등기 포함 1.2에 1장 구해봅니다!
3afedb7fed3c8182ee813df0,onepiececardgame,원피스 카드게임,2026-08,2026-08-07T11:57:26+09:00,known,6e51210b2129d92972684d53,3afedb7fed3c8182ee813df0,106017,https://m.dcinside.com/board/onepiececardgame/106017,히요리 sr 1장 구매해 봅니다,seller-d8152171d45724c4570af2ec,세기,guest,포함,포함,준등기 포함,,,buy,구매,1,1.2,12000,estimated,per_card,text,unknown,,active,needs_review,needs_review,"가격 단위 추정, 배송비 포함 여부 미확정",estimated,yes,candidate_estimated,준등기 포함 1.2에 1장 구해봅니다!
673f6830c6ca4dd2d5849c72,onepiececardgame,원피스 카드게임,2026-08,2026-08-07T11:57:26+09:00,known,f61152926c1b22b852b53de7,673f6830c6ca4dd2d5849c72,106017,https://m.dcinside.com/board/onepiececardgame/106017,히요리 sr 1장 구매해 봅니다,seller-cba0bc0bd78548cdf47191f3,세기,guest,포함,포함,준등기 포함,,,buy,구매,1,1.2,12000,estimated,per_card,text,unknown,,active,needs_review,needs_review,"가격 단위 추정, 배송비 포함 여부 미확정",estimated,yes,candidate_estimated,준등기 포함 1.2에 1장 구해봅니다!
df20451d16527c9cc93c0429,onepiececardgame,원피스 카드게임,2026-08,2026-08-07T11:57:26+09:00,known,8de5448ff00a088057052d12,df20451d16527c9cc93c0429,106017,https://m.dcinside.com/board/onepiececardgame/106017,히요리 sr 1장 구매해 봅니다,seller-882dceca7e09035470ce27c6,세기,guest,포함,포함,준등기 포함,,,buy,구매,1,1.2,12000,estimated,per_card,text,unknown,,active,needs_review,needs_review,"가격 단위 추정, 배송비 포함 여부 미확정",estimated,yes,candidate_estimated,준등기 포함 1.2에 1장 구해봅니다!
08614e3f38e51ed38434483f,onepiececardgame,원피스 카드게임,2026-08,2026-08-07T12:02:15+09:00,known,39109db9282676359557312a,08614e3f38e51ed38434483f,106018,https://m.dcinside.com/board/onepiececardgame/106018,"페로나, 타시기, 보니 구매합니다",seller-59670b2c89808dce9949742c,르시야,guest,OP12-034 페로나,OP12-034 페로나,OP12-034 페로나 장당,,,buy,구매,3,2.0,20000,estimated,per_card,text,unknown,,active,needs_review,needs_review,"가격 단위 추정, 배송비 포함 여부 미확정",estimated,yes,candidate_estimated,OP12-034 페로나 3장 장당 2.0
19b1ec815fb175c04aba0957,onepiececardgame,원피스 카드게임,2026-08,2026-08-07T12:02:15+09:00,known,3c69af08daf79ed3582ee49c,19b1ec815fb175c04aba0957,106018,https://m.dcinside.com/board/onepiececardgame/106018,"페로나, 타시기, 보니 구매합니다",seller-dde3193646c775d22bc1b254,르시야,guest,OP12-118 쥬얼리 보니,OP12-118 쥬얼리 보니,OP12-118 쥬얼리 보니 장당,,,buy,구매,2,2.8,28000,estimated,per_card,text,unknown,,active,needs_review,needs_review,"가격 단위 추정, 배송비 포함 여부 미확정",estimated,yes,candidate_estimated,OP12-118 쥬얼리 보니 2장 장당 2.8
201fe60c946a45c473aa1d0c,onepiececardgame,원피스 카드게임,2026-08,2026-08-07T12:02:15+09:00,known,057ea7cd55ffd3c41142b14e,201fe60c946a45c473aa1d0c,106018,https://m.dcinside.com/board/onepiececardgame/106018,"페로나, 타시기, 보니 구매합니다",seller-0c68601b8379e83db1768ba6,르시야,guest,OP12-034 페로나,OP12-034 페로나,OP12-034 페로나 장당,,,buy,구매,3,2.0,20000,estimated,per_card,text,unknown,,active,needs_review,needs_review,"가격 단위 추정, 배송비 포함 여부 미확정",estimated,yes,candidate_estimated,OP12-034 페로나 3장 장당 2.0
3038d7e2cb6a4d346997e70b,onepiececardgame,원피스 카드게임,2026-08,2026-08-07T12:02:15+09:00,known,3c69af08daf79ed3582ee49c,3038d7e2cb6a4d346997e70b,106018,https://m.dcinside.com/board/onepiececardgame/106018,"페로나, 타시기, 보니 구매합니다",seller-dde3193646c775d22bc1b254,르시야,guest,OP10-032 타시기,OP10-032 타시기,OP10-032 타시기 장당,,,buy,구매,2,1.8,18000,estimated,per_card,text,unknown,,active,needs_review,needs_review,"가격 단위 추정, 배송비 포함 여부 미확정",estimated,yes,candidate_estimated,OP10-032 타시기 2장 장당 1.8
4bfb47bdb393d133ddba52d1,onepiececardgame,원피스 카드게임,2026-08,2026-08-07T12:02:15+09:00,known,3c69af08daf79ed3582ee49c,4bfb47bdb393d133ddba52d1,106018,https://m.dcinside.com/board/onepiececardgame/106018,"페로나, 타시기, 보니 구매합니다",seller-dde3193646c775d22bc1b254,르시야,guest,OP12-034 페로나,OP12-034 페로나,OP12-034 페로나 장당,,,buy,구매,3,2.0,20000,estimated,per_card,text,unknown,,active,needs_review,needs_review,"가격 단위 추정, 배송비 포함 여부 미확정",estimated,yes,candidate_estimated,OP12-034 페로나 3장 장당 2.0
6181b397a0397b81ed4233e7,onepiececardgame,원피스 카드게임,2026-08,2026-08-07T12:02:15+09:00,known,057ea7cd55ffd3c41142b14e,6181b397a0397b81ed4233e7,106018,https://m.dcinside.com/board/onepiececardgame/106018,"페로나, 타시기, 보니 구매합니다",seller-0c68601b8379e83db1768ba6,르시야,guest,OP10-032 타시기,OP10-032 타시기,OP10-032 타시기 장당,,,buy,구매,2,1.8,18000,estimated,per_card,text,unknown,,active,needs_review,needs_review,"가격 단위 추정, 배송비 포함 여부 미확정",estimated,yes,candidate_estimated,OP10-032 타시기 2장 장당 1.8
70f82f6369a081d483e35e04,onepiececardgame,원피스 카드게임,2026-08,2026-08-07T12:02:15+09:00,known,057ea7cd55ffd3c41142b14e,70f82f6369a081d483e35e04,106018,https://m.dcinside.com/board/onepiececardgame/106018,"페로나, 타시기, 보니 구매합니다",seller-0c68601b8379e83db1768ba6,르시야,guest,OP12-118 쥬얼리 보니,OP12-118 쥬얼리 보니,OP12-118 쥬얼리 보니 장당,,,buy,구매,2,2.8,28000,estimated,per_card,text,unknown,,active,needs_review,needs_review,"가격 단위 추정, 배송비 포함 여부 미확정",estimated,yes,candidate_estimated,OP12-118 쥬얼리 보니 2장 장당 2.8
7450d1cf0ff207c25be74785,onepiececardgame,원피스 카드게임,2026-08,2026-08-07T12:02:15+09:00,known,23e34724cad6bf20039af71e,7450d1cf0ff207c25be74785,106018,https://m.dcinside.com/board/onepiececardgame/106018,"페로나, 타시기, 보니 구매합니다",seller-95e427ae8837a66e37d6ea77,르시야,guest,OP12-034 페로나,OP12-034 페로나,OP12-034 페로나 장당,,,buy,구매,3,2.0,20000,estimated,per_card,text,unknown,,active,needs_review,needs_review,"가격 단위 추정, 배송비 포함 여부 미확정",estimated,yes,candidate_estimated,OP12-034 페로나 3장 장당 2.0
7f90232ca5432205e4098fc9,onepiececardgame,원피스 카드게임,2026-08,2026-08-07T12:02:15+09:00,known,39109db9282676359557312a,7f90232ca5432205e4098fc9,106018,https://m.dcinside.com/board/onepiececardgame/106018,"페로나, 타시기, 보니 구매합니다",seller-59670b2c89808dce9949742c,르시야,guest,OP10-032 타시기,OP10-032 타시기,OP10-032 타시기 장당,,,buy,구매,2,1.8,18000,estimated,per_card,text,unknown,,active,needs_review,needs_review,"가격 단위 추정, 배송비 포함 여부 미확정",estimated,yes,candidate_estimated,OP10-032 타시기 2장 장당 1.8
9071738bd68ebe80ad5297ea,onepiececardgame,원피스 카드게임,2026-08,2026-08-07T12:02:15+09:00,known,39109db9282676359557312a,9071738bd68ebe80ad5297ea,106018,https://m.dcinside.com/board/onepiececardgame/106018,"페로나, 타시기, 보니 구매합니다",seller-59670b2c89808dce9949742c,르시야,guest,OP12-118 쥬얼리 보니,OP12-118 쥬얼리 보니,OP12-118 쥬얼리 보니 장당,,,buy,구매,2,2.8,28000,estimated,per_card,text,unknown,,active,needs_review,needs_review,"가격 단위 추정, 배송비 포함 여부 미확정",estimated,yes,candidate_estimated,OP12-118 쥬얼리 보니 2장 장당 2.8
e07519d132f90b3d05e87e2e,onepiececardgame,원피스 카드게임,2026-08,2026-08-07T12:02:15+09:00,known,23e34724cad6bf20039af71e,e07519d132f90b3d05e87e2e,106018,https://m.dcinside.com/board/onepiececardgame/106018,"페로나, 타시기, 보니 구매합니다",seller-95e427ae8837a66e37d6ea77,르시야,guest,OP12-118 쥬얼리 보니,OP12-118 쥬얼리 보니,OP12-118 쥬얼리 보니 장당,,,buy,구매,2,2.8,28000,estimated,per_card,text,unknown,,active,needs_review,needs_review,"가격 단위 추정, 배송비 포함 여부 미확정",estimated,yes,candidate_estimated,OP12-118 쥬얼리 보니 2장 장당 2.8
faefbaf739e627972c3750cc,onepiececardgame,원피스 카드게임,2026-08,2026-08-07T12:02:15+09:00,known,23e34724cad6bf20039af71e,faefbaf739e627972c3750cc,106018,https://m.dcinside.com/board/onepiececardgame/106018,"페로나, 타시기, 보니 구매합니다",seller-95e427ae8837a66e37d6ea77,르시야,guest,OP10-032 타시기,OP10-032 타시기,OP10-032 타시기 장당,,,buy,구매,2,1.8,18000,estimated,per_card,text,unknown,,active,needs_review,needs_review,"가격 단위 추정, 배송비 포함 여부 미확정",estimated,yes,candidate_estimated,OP10-032 타시기 2장 장당 1.8
2d5f5350402b476478eec035,onepiececardgame,원피스 카드게임,2026-08,2026-08-07T15:59:09+09:00,known,abcd6a0c813f25df84cafeec,2d5f5350402b476478eec035,106042,https://m.dcinside.com/board/onepiececardgame/106042,op07 오타마 페레 삽니다,seller-8ad10b55fa52911e796a44cf,원딱러,registered,op07 오타마 페레,op07 오타마 페레,op07 오타마 페레,,,buy,구매,8,,,missing,unknown,unknown,unknown,,active,needs_review,needs_review,희망가 미기재,missing,no,no,op07 오타마 페레 삽니다
73f7af5cd6343b95920b04c8,onepiececardgame,원피스 카드게임,2026-08,2026-08-07T15:59:09+09:00,known,7be7ce123a1e1b0020cc691d,73f7af5cd6343b95920b04c8,106042,https://m.dcinside.com/board/onepiececardgame/106042,op07 오타마 페레 삽니다,seller-8ad10b55fa52911e796a44cf,원딱러,registered,op07 오타마 페레,op07 오타마 페레,op07 오타마 페레,,,buy,구매,8,,,missing,unknown,unknown,unknown,,active,needs_review,needs_review,희망가 미기재,missing,no,no,op07 오타마 페레 삽니다
e12b187931a54e228312a3dd,onepiececardgame,원피스 카드게임,2026-08,2026-08-07T15:59:09+09:00,known,4726a7a8f2aec7d8e7e603ab,e12b187931a54e228312a3dd,106042,https://m.dcinside.com/board/onepiececardgame/106042,op07 오타마 페레 삽니다,seller-8ad10b55fa52911e796a44cf,원딱러,registered,op07 오타마 페레,op07 오타마 페레,op07 오타마 페레,,,buy,구매,8,,,missing,unknown,unknown,unknown,,active,needs_review,needs_review,희망가 미기재,missing,no,no,op07 오타마 페레 삽니다
ffbbb2a04ca84e2bdce1a62d,onepiececardgame,원피스 카드게임,2026-08,2026-08-07T15:59:09+09:00,known,6a11a1b17d2de15c2134ad73,ffbbb2a04ca84e2bdce1a62d,106042,https://m.dcinside.com/board/onepiececardgame/106042,op07 오타마 페레 삽니다,seller-8ad10b55fa52911e796a44cf,원딱러,registered,op07 오타마 페레,op07 오타마 페레,op07 오타마 페레,,,buy,구매,8,,,missing,unknown,unknown,unknown,,active,needs_review,needs_review,희망가 미기재,missing,no,no,op07 오타마 페레 삽니다
0c27fe38f830ae9edd8aacc5,onepiececardgame,원피스 카드게임,2026-08,2026-08-07T17:42:41+09:00,known,faa3b543290a8dddefbe6263,0c27fe38f830ae9edd8aacc5,106063,https://m.dcinside.com/board/onepiececardgame/106063,사보덱 ㅅㅅ,seller-f07a1a5630bb6022232889cb,옥춘로스,guest,사보덱 ㅅㅅ,사보덱 ㅅㅅ,사보덱 ㅅㅅ,,,buy,구매,1,,,missing,unknown,unknown,unknown,,active,needs_review,needs_review,희망가 미기재,missing,no,no,사보덱 ㅅㅅ
338342912a808b05404738f2,onepiececardgame,원피스 카드게임,2026-08,2026-08-07T17:42:41+09:00,known,7e971c2ad5f1d204c328ed9c,338342912a808b05404738f2,106063,https://m.dcinside.com/board/onepiececardgame/106063,사보덱 ㅅㅅ,seller-5e30f9c57dc2f92111cf0f7e,옥춘로스,guest,사보덱 ㅅㅅ,사보덱 ㅅㅅ,사보덱 ㅅㅅ,,,buy,구매,1,,,missing,unknown,unknown,unknown,,active,needs_review,needs_review,희망가 미기재,missing,no,no,사보덱 ㅅㅅ
6ffafd0ece7ee5f361d083d7,onepiececardgame,원피스 카드게임,2026-08,2026-08-07T17:42:41+09:00,known,e1733cbe25ff12ca827507fb,6ffafd0ece7ee5f361d083d7,106063,https://m.dcinside.com/board/onepiececardgame/106063,사보덱 ㅅㅅ,seller-b347e597b98adc8fb7165639,옥춘로스,guest,사보덱 ㅅㅅ,사보덱 ㅅㅅ,사보덱 ㅅㅅ,,,buy,구매,1,,,missing,unknown,unknown,unknown,,active,needs_review,needs_review,희망가 미기재,missing,no,no,사보덱 ㅅㅅ
98ce6c30e54c7811375e937a,onepiececardgame,원피스 카드게임,2026-08,2026-08-07T17:42:41+09:00,known,f57404dbfce84b23c6271ab0,98ce6c30e54c7811375e937a,106063,https://m.dcinside.com/board/onepiececardgame/106063,사보덱 ㅅㅅ,seller-6226d9ffa0b13873610af549,옥춘로스,guest,사보덱 ㅅㅅ,사보덱 ㅅㅅ,사보덱 ㅅㅅ,,,buy,구매,1,,,missing,unknown,unknown,unknown,,active,needs_review,needs_review,희망가 미기재,missing,no,no,사보덱 ㅅㅅ
4d5d4c65a31228949fe5a282,onepiececardgame,원피스 카드게임,2026-08,2026-08-07T20:11:56+09:00,known,626bd68249ba429ac2bf1f60,4d5d4c65a31228949fe5a282,106083,https://m.dcinside.com/board/onepiececardgame/106083,마즈성 오로성 페레 구합니다,seller-077012aebe0dc0484d738d37,유동닉,guest,마즈성 페레,마즈성 페레,마즈성 페레,,,buy,구매,1,2.5,25000,estimated,per_card,text,unknown,,active,needs_review,needs_review,"가격 단위 추정, 배송비 포함 여부 미확정",estimated,yes,candidate_estimated,마즈성 페레 2.5
5ad66bf60fc7317b5fca31be,onepiececardgame,원피스 카드게임,2026-08,2026-08-07T20:11:56+09:00,known,6e6206fbe51b9445b798cb24,5ad66bf60fc7317b5fca31be,106083,https://m.dcinside.com/board/onepiececardgame/106083,마즈성 오로성 페레 구합니다,seller-bab87e9d183ea24e9d0e97e3,유동닉,guest,마즈성 페레,마즈성 페레,마즈성 페레,,,buy,구매,1,2.5,25000,estimated,per_card,text,unknown,,active,needs_review,needs_review,"가격 단위 추정, 배송비 포함 여부 미확정",estimated,yes,candidate_estimated,마즈성 페레 2.5
732ca66d5181771c06aa3f56,onepiececardgame,원피스 카드게임,2026-08,2026-08-07T20:11:56+09:00,known,626bd68249ba429ac2bf1f60,732ca66d5181771c06aa3f56,106083,https://m.dcinside.com/board/onepiececardgame/106083,마즈성 오로성 페레 구합니다,seller-077012aebe0dc0484d738d37,유동닉,guest,오로성 페레,오로성 페레,오로성 페레,,,buy,구매,1,3.5,35000,estimated,per_card,text,unknown,,active,needs_review,needs_review,"가격 단위 추정, 배송비 포함 여부 미확정",estimated,yes,candidate_estimated,오로성 페레 3.5
75024a6c93245596bd222764,onepiececardgame,원피스 카드게임,2026-08,2026-08-07T20:11:56+09:00,known,ad672d7c6c113e7df3da18f9,75024a6c93245596bd222764,106083,https://m.dcinside.com/board/onepiececardgame/106083,마즈성 오로성 페레 구합니다,seller-537d79e70620b2aae39913fc,유동닉,guest,오로성 페레,오로성 페레,오로성 페레,,,buy,구매,1,3.5,35000,estimated,per_card,text,unknown,,active,needs_review,needs_review,"가격 단위 추정, 배송비 포함 여부 미확정",estimated,yes,candidate_estimated,오로성 페레 3.5
8f7db4f3fad7382023b3d8de,onepiececardgame,원피스 카드게임,2026-08,2026-08-07T20:11:56+09:00,known,6e6206fbe51b9445b798cb24,8f7db4f3fad7382023b3d8de,106083,https://m.dcinside.com/board/onepiececardgame/106083,마즈성 오로성 페레 구합니다,seller-bab87e9d183ea24e9d0e97e3,유동닉,guest,오로성 페레,오로성 페레,오로성 페레,,,buy,구매,1,3.5,35000,estimated,per_card,text,unknown,,active,needs_review,needs_review,"가격 단위 추정, 배송비 포함 여부 미확정",estimated,yes,candidate_estimated,오로성 페레 3.5
e008ec8c8b17b00b512c1b01,onepiececardgame,원피스 카드게임,2026-08,2026-08-07T20:11:56+09:00,known,6cdc7dd78b99324bc26bcccf,e008ec8c8b17b00b512c1b01,106083,https://m.dcinside.com/board/onepiececardgame/106083,마즈성 오로성 페레 구합니다,seller-95cc6e34c6390d967c23862f,유동닉,guest,오로성 페레,오로성 페레,오로성 페레,,,buy,구매,1,3.5,35000,estimated,per_card,text,unknown,,active,needs_review,needs_review,"가격 단위 추정, 배송비 포함 여부 미확정",estimated,yes,candidate_estimated,오로성 페레 3.5
f939659e925cee0856fad553,onepiececardgame,원피스 카드게임,2026-08,2026-08-07T20:11:56+09:00,known,6cdc7dd78b99324bc26bcccf,f939659e925cee0856fad553,106083,https://m.dcinside.com/board/onepiececardgame/106083,마즈성 오로성 페레 구합니다,seller-95cc6e34c6390d967c23862f,유동닉,guest,마즈성 페레,마즈성 페레,마즈성 페레,,,buy,구매,1,2.5,25000,estimated,per_card,text,unknown,,active,needs_review,needs_review,"가격 단위 추정, 배송비 포함 여부 미확정",estimated,yes,candidate_estimated,마즈성 페레 2.5
fa905a66aef79683722336ea,onepiececardgame,원피스 카드게임,2026-08,2026-08-07T20:11:56+09:00,known,ad672d7c6c113e7df3da18f9,fa905a66aef79683722336ea,106083,https://m.dcinside.com/board/onepiececardgame/106083,마즈성 오로성 페레 구합니다,seller-537d79e70620b2aae39913fc,유동닉,guest,마즈성 페레,마즈성 페레,마즈성 페레,,,buy,구매,1,2.5,25000,estimated,per_card,text,unknown,,active,needs_review,needs_review,"가격 단위 추정, 배송비 포함 여부 미확정",estimated,yes,candidate_estimated,마즈성 페레 2.5
114055e5f088c900f7866ea1,onepiececardgame,원피스 카드게임,2026-08,2026-08-07T20:25:35+09:00,known,4d0ae8e308ab4e1e0057a0de,114055e5f088c900f7866ea1,106088,https://m.dcinside.com/board/onepiececardgame/106088,6루피 9조로 외 덱소스들 구합니다,seller-d05a4d57e6352967f0885993,네넹면,registered,st21 2코 적 상디,st21 2코 적 상디,st21 2코 적 상디,,,buy,구매,1,0.2,2000,estimated,per_card,text,unknown,,active,needs_review,needs_review,"가격 단위 추정, 배송비 포함 여부 미확정",estimated,yes,candidate_estimated,st21 2코 적 상디 0.2에 4장
19c5ebb3f3e597987c80c591,onepiececardgame,원피스 카드게임,2026-08,2026-08-07T20:25:35+09:00,known,d8a0c05b1ec3f92c4818de87,19c5ebb3f3e597987c80c591,106088,https://m.dcinside.com/board/onepiececardgame/106088,6루피 9조로 외 덱소스들 구합니다,seller-d05a4d57e6352967f0885993,네넹면,registered,st21 2코 적 상디,st21 2코 적 상디,st21 2코 적 상디,,,buy,구매,1,0.2,2000,estimated,per_card,text,unknown,,active,needs_review,needs_review,"가격 단위 추정, 배송비 포함 여부 미확정",estimated,yes,candidate_estimated,st21 2코 적 상디 0.2에 4장
20db70cc511591a55d51a371,onepiececardgame,원피스 카드게임,2026-08,2026-08-07T20:25:35+09:00,known,78cdceffa5d42e993c0e0e4a,20db70cc511591a55d51a371,106088,https://m.dcinside.com/board/onepiececardgame/106088,6루피 9조로 외 덱소스들 구합니다,seller-d05a4d57e6352967f0885993,네넹면,registered,eb02 나미 페레,eb02 나미 페레,eb02 나미 페레,,,buy,구매,1,2,20000,estimated,per_card,text,unknown,,active,needs_review,needs_review,"가격 단위 추정, 배송비 포함 여부 미확정",estimated,yes,candidate_estimated,eb02 나미 페레 2에 4장
21789e6a006180903b839431,onepiececardgame,원피스 카드게임,2026-08,2026-08-07T20:25:35+09:00,known,3af6a19c94d6a26b7b6b9220,21789e6a006180903b839431,106088,https://m.dcinside.com/board/onepiececardgame/106088,6루피 9조로 외 덱소스들 구합니다,seller-d05a4d57e6352967f0885993,네넹면,registered,st21 2코 적 상디,st21 2코 적 상디,st21 2코 적 상디,,,buy,구매,1,0.2,2000,estimated,per_card,text,unknown,,active,needs_review,needs_review,"가격 단위 추정, 배송비 포함 여부 미확정",estimated,yes,candidate_estimated,st21 2코 적 상디 0.2에 4장
2a51ec860ee5c66261543c62,onepiececardgame,원피스 카드게임,2026-08,2026-08-07T20:25:35+09:00,known,3af6a19c94d6a26b7b6b9220,2a51ec860ee5c66261543c62,106088,https://m.dcinside.com/board/onepiececardgame/106088,6루피 9조로 외 덱소스들 구합니다,seller-d05a4d57e6352967f0885993,네넹면,registered,13탄 5코 상디 페레,13탄 5코 상디 페레,13탄 5코 상디 페레,,,buy,구매,1,2,20000,estimated,per_card,text,unknown,,active,needs_review,needs_review,"가격 단위 추정, 배송비 포함 여부 미확정",estimated,yes,candidate_estimated,13탄 5코 상디 페레 2에 4장
31c29c2a37f517df0607fa71,onepiececardgame,원피스 카드게임,2026-08,2026-08-07T20:25:35+09:00,known,d8a0c05b1ec3f92c4818de87,31c29c2a37f517df0607fa71,106088,https://m.dcinside.com/board/onepiececardgame/106088,6루피 9조로 외 덱소스들 구합니다,seller-d05a4d57e6352967f0885993,네넹면,registered,13탄 6루피 시크,13탄 6루피 시크,13탄 6루피 시크 장당,,,buy,구매,1,1,10000,estimated,per_card,text,unknown,,active,needs_review,needs_review,"가격 단위 추정, 배송비 포함 여부 미확정",estimated,yes,candidate_estimated,13탄 6루피 시크 장당 1에 3장
33baa0198f3a1669bceb9835,onepiececardgame,원피스 카드게임,2026-08,2026-08-07T20:25:35+09:00,known,78cdceffa5d42e993c0e0e4a,33baa0198f3a1669bceb9835,106088,https://m.dcinside.com/board/onepiececardgame/106088,6루피 9조로 외 덱소스들 구합니다,seller-d05a4d57e6352967f0885993,네넹면,registered,st21 2코 적 상디,st21 2코 적 상디,st21 2코 적 상디,,,buy,구매,1,0.2,2000,estimated,per_card,text,unknown,,active,needs_review,needs_review,"가격 단위 추정, 배송비 포함 여부 미확정",estimated,yes,candidate_estimated,st21 2코 적 상디 0.2에 4장
3e5a9c7ebe679dc4528b1684,onepiececardgame,원피스 카드게임,2026-08,2026-08-07T20:25:35+09:00,known,4d0ae8e308ab4e1e0057a0de,3e5a9c7ebe679dc4528b1684,106088,https://m.dcinside.com/board/onepiececardgame/106088,6루피 9조로 외 덱소스들 구합니다,seller-d05a4d57e6352967f0885993,네넹면,registered,13탄 6루피 시크,13탄 6루피 시크,13탄 6루피 시크 장당,,,buy,구매,1,1,10000,estimated,per_card,text,unknown,,active,needs_review,needs_review,"가격 단위 추정, 배송비 포함 여부 미확정",estimated,yes,candidate_estimated,13탄 6루피 시크 장당 1에 3장
48af31bbbdaf0cc46171b009,onepiececardgame,원피스 카드게임,2026-08,2026-08-07T20:25:35+09:00,known,4d0ae8e308ab4e1e0057a0de,48af31bbbdaf0cc46171b009,106088,https://m.dcinside.com/board/onepiececardgame/106088,6루피 9조로 외 덱소스들 구합니다,seller-d05a4d57e6352967f0885993,네넹면,registered,6탄 9조로 시크,6탄 9조로 시크,6탄 9조로 시크 장당,,,buy,구매,1,1,10000,estimated,per_card,text,unknown,,active,needs_review,needs_review,"가격 단위 추정, 배송비 포함 여부 미확정",estimated,yes,candidate_estimated,6탄 9조로 시크 장당 1에 2장
557c3189595ec4a9af3832f7,onepiececardgame,원피스 카드게임,2026-08,2026-08-07T20:25:35+09:00,known,d8a0c05b1ec3f92c4818de87,557c3189595ec4a9af3832f7,106088,https://m.dcinside.com/board/onepiececardgame/106088,6루피 9조로 외 덱소스들 구합니다,seller-d05a4d57e6352967f0885993,네넹면,registered,eb02 나미 페레,eb02 나미 페레,eb02 나미 페레,,,buy,구매,1,2,20000,estimated,per_card,text,unknown,,active,needs_review,needs_review,"가격 단위 추정, 배송비 포함 여부 미확정",estimated,yes,candidate_estimated,eb02 나미 페레 2에 4장
6e4a39af9bc603b8d09c1494,onepiececardgame,원피스 카드게임,2026-08,2026-08-07T20:25:35+09:00,known,3af6a19c94d6a26b7b6b9220,6e4a39af9bc603b8d09c1494,106088,https://m.dcinside.com/board/onepiececardgame/106088,6루피 9조로 외 덱소스들 구합니다,seller-d05a4d57e6352967f0885993,네넹면,registered,6탄 9조로 시크,6탄 9조로 시크,6탄 9조로 시크 장당,,,buy,구매,1,1,10000,estimated,per_card,text,unknown,,active,needs_review,needs_review,"가격 단위 추정, 배송비 포함 여부 미확정",estimated,yes,candidate_estimated,6탄 9조로 시크 장당 1에 2장
7475f03cc9c3d985f5e9cdf6,onepiececardgame,원피스 카드게임,2026-08,2026-08-07T20:25:35+09:00,known,4d0ae8e308ab4e1e0057a0de,7475f03cc9c3d985f5e9cdf6,106088,https://m.dcinside.com/board/onepiececardgame/106088,6루피 9조로 외 덱소스들 구합니다,seller-d05a4d57e6352967f0885993,네넹면,registered,13탄 5코 상디 페레,13탄 5코 상디 페레,13탄 5코 상디 페레,,,buy,구매,1,2,20000,estimated,per_card,text,unknown,,active,needs_review,needs_review,"가격 단위 추정, 배송비 포함 여부 미확정",estimated,yes,candidate_estimated,13탄 5코 상디 페레 2에 4장
841ee6b37f68ad8c9e7478de,onepiececardgame,원피스 카드게임,2026-08,2026-08-07T20:25:35+09:00,known,d8a0c05b1ec3f92c4818de87,841ee6b37f68ad8c9e7478de,106088,https://m.dcinside.com/board/onepiececardgame/106088,6루피 9조로 외 덱소스들 구합니다,seller-d05a4d57e6352967f0885993,네넹면,registered,13탄 5코 상디 페레,13탄 5코 상디 페레,13탄 5코 상디 페레,,,buy,구매,1,2,20000,estimated,per_card,text,unknown,,active,needs_review,needs_review,"가격 단위 추정, 배송비 포함 여부 미확정",estimated,yes,candidate_estimated,13탄 5코 상디 페레 2에 4장
8d4b79756ba9011a793179ac,onepiececardgame,원피스 카드게임,2026-08,2026-08-07T20:25:35+09:00,known,78cdceffa5d42e993c0e0e4a,8d4b79756ba9011a793179ac,106088,https://m.dcinside.com/board/onepiececardgame/106088,6루피 9조로 외 덱소스들 구합니다,seller-d05a4d57e6352967f0885993,네넹면,registered,6탄 9조로 시크,6탄 9조로 시크,6탄 9조로 시크 장당,,,buy,구매,1,1,10000,estimated,per_card,text,unknown,,active,needs_review,needs_review,"가격 단위 추정, 배송비 포함 여부 미확정",estimated,yes,candidate_estimated,6탄 9조로 시크 장당 1에 2장
921b22923c5c74d5739a4534,onepiececardgame,원피스 카드게임,2026-08,2026-08-07T20:25:35+09:00,known,3af6a19c94d6a26b7b6b9220,921b22923c5c74d5739a4534,106088,https://m.dcinside.com/board/onepiececardgame/106088,6루피 9조로 외 덱소스들 구합니다,seller-d05a4d57e6352967f0885993,네넹면,registered,13탄 6루피 시크,13탄 6루피 시크,13탄 6루피 시크 장당,,,buy,구매,1,1,10000,estimated,per_card,text,unknown,,active,needs_review,needs_review,"가격 단위 추정, 배송비 포함 여부 미확정",estimated,yes,candidate_estimated,13탄 6루피 시크 장당 1에 3장
b1c3834b05aa96dfc1d93a2a,onepiececardgame,원피스 카드게임,2026-08,2026-08-07T20:25:35+09:00,known,4d0ae8e308ab4e1e0057a0de,b1c3834b05aa96dfc1d93a2a,106088,https://m.dcinside.com/board/onepiececardgame/106088,6루피 9조로 외 덱소스들 구합니다,seller-d05a4d57e6352967f0885993,네넹면,registered,eb02 나미 페레,eb02 나미 페레,eb02 나미 페레,,,buy,구매,1,2,20000,estimated,per_card,text,unknown,,active,needs_review,needs_review,"가격 단위 추정, 배송비 포함 여부 미확정",estimated,yes,candidate_estimated,eb02 나미 페레 2에 4장
bfd3d1a835225e6bdf335f14,onepiececardgame,원피스 카드게임,2026-08,2026-08-07T20:25:35+09:00,known,d8a0c05b1ec3f92c4818de87,bfd3d1a835225e6bdf335f14,106088,https://m.dcinside.com/board/onepiececardgame/106088,6루피 9조로 외 덱소스들 구합니다,seller-d05a4d57e6352967f0885993,네넹면,registered,6탄 9조로 시크,6탄 9조로 시크,6탄 9조로 시크 장당,,,buy,구매,1,1,10000,estimated,per_card,text,unknown,,active,needs_review,needs_review,"가격 단위 추정, 배송비 포함 여부 미확정",estimated,yes,candidate_estimated,6탄 9조로 시크 장당 1에 2장
da2ed622987961313773e7bd,onepiececardgame,원피스 카드게임,2026-08,2026-08-07T20:25:35+09:00,known,3af6a19c94d6a26b7b6b9220,da2ed622987961313773e7bd,106088,https://m.dcinside.com/board/onepiececardgame/106088,6루피 9조로 외 덱소스들 구합니다,seller-d05a4d57e6352967f0885993,네넹면,registered,eb02 나미 페레,eb02 나미 페레,eb02 나미 페레,,,buy,구매,1,2,20000,estimated,per_card,text,unknown,,active,needs_review,needs_review,"가격 단위 추정, 배송비 포함 여부 미확정",estimated,yes,candidate_estimated,eb02 나미 페레 2에 4장
dd86db759e0d1a3b1e7874b8,onepiececardgame,원피스 카드게임,2026-08,2026-08-07T20:25:35+09:00,known,78cdceffa5d42e993c0e0e4a,dd86db759e0d1a3b1e7874b8,106088,https://m.dcinside.com/board/onepiececardgame/106088,6루피 9조로 외 덱소스들 구합니다,seller-d05a4d57e6352967f0885993,네넹면,registered,13탄 6루피 시크,13탄 6루피 시크,13탄 6루피 시크 장당,,,buy,구매,1,1,10000,estimated,per_card,text,unknown,,active,needs_review,needs_review,"가격 단위 추정, 배송비 포함 여부 미확정",estimated,yes,candidate_estimated,13탄 6루피 시크 장당 1에 3장
e0181dd76a510d438d22d382,onepiececardgame,원피스 카드게임,2026-08,2026-08-07T20:25:35+09:00,known,78cdceffa5d42e993c0e0e4a,e0181dd76a510d438d22d382,106088,https://m.dcinside.com/board/onepiececardgame/106088,6루피 9조로 외 덱소스들 구합니다,seller-d05a4d57e6352967f0885993,네넹면,registered,13탄 5코 상디 페레,13탄 5코 상디 페레,13탄 5코 상디 페레,,,buy,구매,1,2,20000,estimated,per_card,text,unknown,,active,needs_review,needs_review,"가격 단위 추정, 배송비 포함 여부 미확정",estimated,yes,candidate_estimated,13탄 5코 상디 페레 2에 4장
60565c105afcbb693d4698e4,onepiececardgame,원피스 카드게임,2026-08,2026-08-07T20:51:40+09:00,known,cac647d3f507326559fa17f2,60565c105afcbb693d4698e4,106092,https://m.dcinside.com/board/onepiececardgame/106092,어니스티 임팩트 2장 삽니다,seller-8ad10b55fa52911e796a44cf,원딱러,registered,,장당,장당,,,buy,구매,1,2.5,25000,estimated,bundle,text,unknown,,active,needs_review,needs_review,"가격 단위 추정, 배송비 포함 여부 미확정, 묶음·세트 총액 · 개별 카드 가격 아님",estimated,no,no,"장당 2.5 , 2장이면 장당 3.0 해서 6.0 삽니다"
6cc7c4195c6f4e4a70619658,onepiececardgame,원피스 카드게임,2026-08,2026-08-07T20:51:40+09:00,known,b030739a2ca3f1ce196241af,6cc7c4195c6f4e4a70619658,106092,https://m.dcinside.com/board/onepiececardgame/106092,어니스티 임팩트 2장 삽니다,seller-8ad10b55fa52911e796a44cf,원딱러,registered,,장당,장당,,,buy,구매,1,2.5,25000,estimated,bundle,text,unknown,,active,needs_review,needs_review,"가격 단위 추정, 배송비 포함 여부 미확정, 묶음·세트 총액 · 개별 카드 가격 아님",estimated,no,no,"장당 2.5 , 2장이면 장당 3.0 해서 6.0 삽니다"
aef7e6f7c211aa9388fc40f9,onepiececardgame,원피스 카드게임,2026-08,2026-08-07T20:51:40+09:00,known,514e24b5172b685832cdf9b7,aef7e6f7c211aa9388fc40f9,106092,https://m.dcinside.com/board/onepiececardgame/106092,어니스티 임팩트 2장 삽니다,seller-8ad10b55fa52911e796a44cf,원딱러,registered,,장당,장당,,,buy,구매,1,2.5,25000,estimated,bundle,text,unknown,,active,needs_review,needs_review,"가격 단위 추정, 배송비 포함 여부 미확정, 묶음·세트 총액 · 개별 카드 가격 아님",estimated,no,no,"장당 2.5 , 2장이면 장당 3.0 해서 6.0 삽니다"
f8a640cdf32e413c99b26f08,onepiececardgame,원피스 카드게임,2026-08,2026-08-07T20:51:40+09:00,known,8ff7bbc60c5438a29caff5f4,f8a640cdf32e413c99b26f08,106092,https://m.dcinside.com/board/onepiececardgame/106092,어니스티 임팩트 2장 삽니다,seller-8ad10b55fa52911e796a44cf,원딱러,registered,,장당,장당,,,buy,구매,1,2.5,25000,estimated,bundle,text,unknown,,active,needs_review,needs_review,"가격 단위 추정, 배송비 포함 여부 미확정, 묶음·세트 총액 · 개별 카드 가격 아님",estimated,no,no,"장당 2.5 , 2장이면 장당 3.0 해서 6.0 삽니다"
0a3f795d148edadb23aa11e6,onepiececardgame,원피스 카드게임,2026-08,2026-08-07T20:53:28+09:00,known,5b59df36458d72f43a2619e2,0a3f795d148edadb23aa11e6,106093,https://m.dcinside.com/board/onepiececardgame/106093,녹 5코 캐럿 5코 보니 페레구매합니다,seller-40c260bbc22a84526796c0c2,메탈네코냥냥펀..,registered,녹 5코 시크보니 페레,녹 5코 시크보니 페레,녹 5코 시크보니 페레 (,,,buy,구매,1,3.5,35000,estimated,per_card,text,unknown,,active,needs_review,needs_review,"가격 단위 추정, 배송비 포함 여부 미확정",estimated,yes,candidate_estimated,녹 5코 시크보니 페레 (3.5) 1장까지
221d882fe893c014bc387307,onepiececardgame,원피스 카드게임,2026-08,2026-08-07T20:53:28+09:00,known,2a336d4cb1dae80d788611c7,221d882fe893c014bc387307,106093,https://m.dcinside.com/board/onepiececardgame/106093,녹 5코 캐럿 5코 보니 페레구매합니다,seller-40c260bbc22a84526796c0c2,메탈네코냥냥펀..,registered,녹 5코 시크보니 페레,녹 5코 시크보니 페레,녹 5코 시크보니 페레 (,,,buy,구매,1,3.5,35000,estimated,per_card,text,unknown,,active,needs_review,needs_review,"가격 단위 추정, 배송비 포함 여부 미확정",estimated,yes,candidate_estimated,녹 5코 시크보니 페레 (3.5) 1장까지
3257da7c84d741fb2d23f232,onepiececardgame,원피스 카드게임,2026-08,2026-08-07T20:53:28+09:00,known,5b59df36458d72f43a2619e2,3257da7c84d741fb2d23f232,106093,https://m.dcinside.com/board/onepiececardgame/106093,녹 5코 캐럿 5코 보니 페레구매합니다,seller-40c260bbc22a84526796c0c2,메탈네코냥냥펀..,registered,녹 5코 캐럿 페레,녹 5코 캐럿 페레,녹 5코 캐럿 페레 (,,,buy,구매,1,2.0,20000,estimated,per_card,text,unknown,,active,needs_review,needs_review,"가격 단위 추정, 배송비 포함 여부 미확정",estimated,yes,candidate_estimated,녹 5코 캐럿 페레 (2.0) 1장까지
489d2daf04b278a5059f0169,onepiececardgame,원피스 카드게임,2026-08,2026-08-07T20:53:28+09:00,known,4f8677370a0922636b513f61,489d2daf04b278a5059f0169,106093,https://m.dcinside.com/board/onepiececardgame/106093,녹 5코 캐럿 5코 보니 페레구매합니다,seller-40c260bbc22a84526796c0c2,메탈네코냥냥펀..,registered,녹 5코 보니 페레,녹 5코 보니 페레,녹 5코 보니 페레 (,,,buy,구매,1,2.0,20000,estimated,per_card,text,unknown,,active,needs_review,needs_review,"가격 단위 추정, 배송비 포함 여부 미확정",estimated,yes,candidate_estimated,녹 5코 보니 페레 (2.0) 1장까지
61d379ab208088235df7c45b,onepiececardgame,원피스 카드게임,2026-08,2026-08-07T20:53:28+09:00,known,4f8677370a0922636b513f61,61d379ab208088235df7c45b,106093,https://m.dcinside.com/board/onepiececardgame/106093,녹 5코 캐럿 5코 보니 페레구매합니다,seller-40c260bbc22a84526796c0c2,메탈네코냥냥펀..,registered,녹 5코 캐럿 페레,녹 5코 캐럿 페레,녹 5코 캐럿 페레 (,,,buy,구매,1,2.0,20000,estimated,per_card,text,unknown,,active,needs_review,needs_review,"가격 단위 추정, 배송비 포함 여부 미확정",estimated,yes,candidate_estimated,녹 5코 캐럿 페레 (2.0) 1장까지
6ab8a0b6d5736c2f4b400c1c,onepiececardgame,원피스 카드게임,2026-08,2026-08-07T20:53:28+09:00,known,2a336d4cb1dae80d788611c7,6ab8a0b6d5736c2f4b400c1c,106093,https://m.dcinside.com/board/onepiececardgame/106093,녹 5코 캐럿 5코 보니 페레구매합니다,seller-40c260bbc22a84526796c0c2,메탈네코냥냥펀..,registered,녹 5코 보니 페레,녹 5코 보니 페레,녹 5코 보니 페레 (,,,buy,구매,1,2.0,20000,estimated,per_card,text,unknown,,active,needs_review,needs_review,"가격 단위 추정, 배송비 포함 여부 미확정",estimated,yes,candidate_estimated,녹 5코 보니 페레 (2.0) 1장까지
7ed4649c12ba8e3d5c1ef2c6,onepiececardgame,원피스 카드게임,2026-08,2026-08-07T20:53:28+09:00,known,35d2f054d68c40695853c86d,7ed4649c12ba8e3d5c1ef2c6,106093,https://m.dcinside.com/board/onepiececardgame/106093,녹 5코 캐럿 5코 보니 페레구매합니다,seller-40c260bbc22a84526796c0c2,메탈네코냥냥펀..,registered,녹 5코 보니 페레,녹 5코 보니 페레,녹 5코 보니 페레 (,,,buy,구매,1,2.0,20000,estimated,per_card,text,unknown,,active,needs_review,needs_review,"가격 단위 추정, 배송비 포함 여부 미확정",estimated,yes,candidate_estimated,녹 5코 보니 페레 (2.0) 1장까지
a0eb8d056c15eaadff2b79bc,onepiececardgame,원피스 카드게임,2026-08,2026-08-07T20:53:28+09:00,known,35d2f054d68c40695853c86d,a0eb8d056c15eaadff2b79bc,106093,https://m.dcinside.com/board/onepiececardgame/106093,녹 5코 캐럿 5코 보니 페레구매합니다,seller-40c260bbc22a84526796c0c2,메탈네코냥냥펀..,registered,녹 5코 캐럿 페레,녹 5코 캐럿 페레,녹 5코 캐럿 페레 (,,,buy,구매,1,2.0,20000,estimated,per_card,text,unknown,,active,needs_review,needs_review,"가격 단위 추정, 배송비 포함 여부 미확정",estimated,yes,candidate_estimated,녹 5코 캐럿 페레 (2.0) 1장까지
a52deff7448dffda416b1874,onepiececardgame,원피스 카드게임,2026-08,2026-08-07T20:53:28+09:00,known,5b59df36458d72f43a2619e2,a52deff7448dffda416b1874,106093,https://m.dcinside.com/board/onepiececardgame/106093,녹 5코 캐럿 5코 보니 페레구매합니다,seller-40c260bbc22a84526796c0c2,메탈네코냥냥펀..,registered,녹 5코 보니 페레,녹 5코 보니 페레,녹 5코 보니 페레 (,,,buy,구매,1,2.0,20000,estimated,per_card,text,unknown,,active,needs_review,needs_review,"가격 단위 추정, 배송비 포함 여부 미확정",estimated,yes,candidate_estimated,녹 5코 보니 페레 (2.0) 1장까지
aac2c5e7b0c4fff1ec7f7ce0,onepiececardgame,원피스 카드게임,2026-08,2026-08-07T20:53:28+09:00,known,2a336d4cb1dae80d788611c7,aac2c5e7b0c4fff1ec7f7ce0,106093,https://m.dcinside.com/board/onepiececardgame/106093,녹 5코 캐럿 5코 보니 페레구매합니다,seller-40c260bbc22a84526796c0c2,메탈네코냥냥펀..,registered,녹 5코 캐럿 페레,녹 5코 캐럿 페레,녹 5코 캐럿 페레 (,,,buy,구매,1,2.0,20000,estimated,per_card,text,unknown,,active,needs_review,needs_review,"가격 단위 추정, 배송비 포함 여부 미확정",estimated,yes,candidate_estimated,녹 5코 캐럿 페레 (2.0) 1장까지
df662fa02b9db6affbc6e3b7,onepiececardgame,원피스 카드게임,2026-08,2026-08-07T20:53:28+09:00,known,4f8677370a0922636b513f61,df662fa02b9db6affbc6e3b7,106093,https://m.dcinside.com/board/onepiececardgame/106093,녹 5코 캐럿 5코 보니 페레구매합니다,seller-40c260bbc22a84526796c0c2,메탈네코냥냥펀..,registered,녹 5코 시크보니 페레,녹 5코 시크보니 페레,녹 5코 시크보니 페레 (,,,buy,구매,1,3.5,35000,estimated,per_card,text,unknown,,active,needs_review,needs_review,"가격 단위 추정, 배송비 포함 여부 미확정",estimated,yes,candidate_estimated,녹 5코 시크보니 페레 (3.5) 1장까지
ed28037571e9c13075e03422,onepiececardgame,원피스 카드게임,2026-08,2026-08-07T20:53:28+09:00,known,35d2f054d68c40695853c86d,ed28037571e9c13075e03422,106093,https://m.dcinside.com/board/onepiececardgame/106093,녹 5코 캐럿 5코 보니 페레구매합니다,seller-40c260bbc22a84526796c0c2,메탈네코냥냥펀..,registered,녹 5코 시크보니 페레,녹 5코 시크보니 페레,녹 5코 시크보니 페레 (,,,buy,구매,1,3.5,35000,estimated,per_card,text,unknown,,active,needs_review,needs_review,"가격 단위 추정, 배송비 포함 여부 미확정",estimated,yes,candidate_estimated,녹 5코 시크보니 페레 (3.5) 1장까지
02e9f2cd68a87304033bd3c1,onepiececardgame,원피스 카드게임,2026-08,2026-08-07T21:31:12+09:00,known,c1cc78638ddf3bc52c33d48c,02e9f2cd68a87304033bd3c1,106101,https://m.dcinside.com/board/onepiececardgame/106101,나미페레 구매합니다,seller-144705cf266894939f429f0a,너누구,guest,,장당 준등포,장당 준등포,,,buy,구매,1,3,30000,estimated,per_card,text,unknown,,active,needs_review,needs_review,"가격 단위 추정, 배송비 포함 여부 미확정",estimated,yes,candidate_estimated,장당 준등포 3에 2장까지 ㅅㅅ
1635cac83ba9ba1e4affc612,onepiececardgame,원피스 카드게임,2026-08,2026-08-07T21:31:12+09:00,known,d5af4a501a7eaec1e26b166d,1635cac83ba9ba1e4affc612,106101,https://m.dcinside.com/board/onepiececardgame/106101,나미페레 구매합니다,seller-7bdcee6c39af63734a3da6d7,너누구,guest,,장당 준등포,장당 준등포,,,buy,구매,1,3,30000,estimated,per_card,text,unknown,,active,needs_review,needs_review,"가격 단위 추정, 배송비 포함 여부 미확정",estimated,yes,candidate_estimated,장당 준등포 3에 2장까지 ㅅㅅ
22dca83cfca9ead3d481f962,onepiececardgame,원피스 카드게임,2026-08,2026-08-07T21:31:12+09:00,known,9d04bf088f76274726a57cfd,22dca83cfca9ead3d481f962,106101,https://m.dcinside.com/board/onepiececardgame/106101,나미페레 구매합니다,seller-50df547728b23fa103bae9e4,너누구,guest,,장당 준등포,장당 준등포,,,buy,구매,1,3,30000,estimated,per_card,text,unknown,,active,needs_review,needs_review,"가격 단위 추정, 배송비 포함 여부 미확정",estimated,yes,candidate_estimated,장당 준등포 3에 2장까지 ㅅㅅ
cbec066813165cade2ad029d,onepiececardgame,원피스 카드게임,2026-08,2026-08-07T21:31:12+09:00,known,4dca4c894e62f36bfa2312e5,cbec066813165cade2ad029d,106101,https://m.dcinside.com/board/onepiececardgame/106101,나미페레 구매합니다,seller-4e19c1e45e2ccd85d4503aa9,너누구,guest,,장당 준등포,장당 준등포,,,buy,구매,1,3,30000,estimated,per_card,text,unknown,,active,needs_review,needs_review,"가격 단위 추정, 배송비 포함 여부 미확정",estimated,yes,candidate_estimated,장당 준등포 3에 2장까지 ㅅㅅ
52f3a64dac54031d1a275a4e,onepiececardgame,원피스 카드게임,2026-08,2026-08-07T22:56:32+09:00,known,fa628689f226eda1eec3e826,52f3a64dac54031d1a275a4e,106112,https://m.dcinside.com/board/onepiececardgame/106112,레이주 페레 구해요!!,seller-b729a2d48fce4b37245b3fe6,꿀깅이,guest,레이주 페레 !!,레이주 페레 !!,레이주 페레 !!,,,buy,구매,4,,,missing,unknown,unknown,unknown,,active,needs_review,needs_review,희망가 미기재,missing,no,no,레이주 페레 구해요!!
589f97ca254fcddcce029d60,onepiececardgame,원피스 카드게임,2026-08,2026-08-07T22:56:32+09:00,known,c18b2fb568181a93fde1ad0c,589f97ca254fcddcce029d60,106112,https://m.dcinside.com/board/onepiececardgame/106112,레이주 페레 구해요!!,seller-781ee219aef9bcf732d8780c,꿀깅이,guest,레이주 페레 !!,레이주 페레 !!,레이주 페레 !!,,,buy,구매,4,,,missing,unknown,unknown,unknown,,active,needs_review,needs_review,희망가 미기재,missing,no,no,레이주 페레 구해요!!
dd99d9b698f19de477be0760,onepiececardgame,원피스 카드게임,2026-08,2026-08-07T22:56:32+09:00,known,a06c8e42b7a28052ef46ba66,dd99d9b698f19de477be0760,106112,https://m.dcinside.com/board/onepiececardgame/106112,레이주 페레 구해요!!,seller-ad82d3e96ac755cabd0c43ea,꿀깅이,guest,레이주 페레 !!,레이주 페레 !!,레이주 페레 !!,,,buy,구매,4,,,missing,unknown,unknown,unknown,,active,needs_review,needs_review,희망가 미기재,missing,no,no,레이주 페레 구해요!!
e8df4240afda7bf57404673d,onepiececardgame,원피스 카드게임,2026-08,2026-08-07T22:56:32+09:00,known,8bdff49dfb4ab216673b7132,e8df4240afda7bf57404673d,106112,https://m.dcinside.com/board/onepiececardgame/106112,레이주 페레 구해요!!,seller-538eb77fa74426b980f6800d,꿀깅이,guest,레이주 페레 !!,레이주 페레 !!,레이주 페레 !!,,,buy,구매,4,,,missing,unknown,unknown,unknown,,active,needs_review,needs_review,희망가 미기재,missing,no,no,레이주 페레 구해요!!
5c8de25f34579d2d79d308bd,onepiececardgame,원피스 카드게임,2026-08,2026-08-08T00:34:17+09:00,known,95d040b87b019563d109bdc1,5c8de25f34579d2d79d308bd,106129,https://m.dcinside.com/board/onepiececardgame/106129,청/황 카드 몇 가지 구매합니다. ㄱㅇ,seller-8ad10b55fa52911e796a44cf,원딱러,registered,청 황 카드 몇 가지 . ㄱㅇ,청 황 카드 몇 가지 . ㄱㅇ,청/황 카드 몇 가지 . ㄱㅇ,,,buy,구매,4,,,missing,unknown,unknown,unknown,,active,needs_review,needs_review,희망가 미기재,missing,no,no,청/황 카드 몇 가지 구매합니다. ㄱㅇ
5e06f65721f5d86292b834b1,onepiececardgame,원피스 카드게임,2026-08,2026-08-08T00:34:17+09:00,known,481e979ebbafb5e0ef6218ef,5e06f65721f5d86292b834b1,106129,https://m.dcinside.com/board/onepiececardgame/106129,청/황 카드 몇 가지 구매합니다. ㄱㅇ,seller-8ad10b55fa52911e796a44cf,원딱러,registered,청 황 카드 몇 가지 . ㄱㅇ,청 황 카드 몇 가지 . ㄱㅇ,청/황 카드 몇 가지 . ㄱㅇ,,,buy,구매,4,,,missing,unknown,unknown,unknown,,active,needs_review,needs_review,희망가 미기재,missing,no,no,청/황 카드 몇 가지 구매합니다. ㄱㅇ
ed2188a136ee07f3fa151cae,onepiececardgame,원피스 카드게임,2026-08,2026-08-08T00:34:17+09:00,known,949053f4216971ceafd62d92,ed2188a136ee07f3fa151cae,106129,https://m.dcinside.com/board/onepiececardgame/106129,청/황 카드 몇 가지 구매합니다. ㄱㅇ,seller-8ad10b55fa52911e796a44cf,원딱러,registered,청 황 카드 몇 가지 . ㄱㅇ,청 황 카드 몇 가지 . ㄱㅇ,청/황 카드 몇 가지 . ㄱㅇ,,,buy,구매,4,,,missing,unknown,unknown,unknown,,active,needs_review,needs_review,희망가 미기재,missing,no,no,청/황 카드 몇 가지 구매합니다. ㄱㅇ
ff7db99d5f61d1c7339e9356,onepiececardgame,원피스 카드게임,2026-08,2026-08-08T00:34:17+09:00,known,f69bc431e9688964888fb961,ff7db99d5f61d1c7339e9356,106129,https://m.dcinside.com/board/onepiececardgame/106129,청/황 카드 몇 가지 구매합니다. ㄱㅇ,seller-8ad10b55fa52911e796a44cf,원딱러,registered,청 황 카드 몇 가지 . ㄱㅇ,청 황 카드 몇 가지 . ㄱㅇ,청/황 카드 몇 가지 . ㄱㅇ,,,buy,구매,4,,,missing,unknown,unknown,unknown,,active,needs_review,needs_review,희망가 미기재,missing,no,no,청/황 카드 몇 가지 구매합니다. ㄱㅇ
07891d8439ffccd7cdb100cd,onepiececardgame,원피스 카드게임,2026-08,2026-08-08T01:11:39+09:00,known,54f1739b50790c01ab532568,07891d8439ffccd7cdb100cd,106133,https://m.dcinside.com/board/onepiececardgame/106133,적청비비 완덱 삽니다,seller-443dd23f30f1822b02218273,과미르껍질,registered,적청비비 완덱,적청비비 완덱,적청비비 완덱,,,buy,구매,1,,,missing,unknown,unknown,unknown,,active,needs_review,needs_review,희망가 미기재,missing,no,no,적청비비 완덱 삽니다
13b35abf2734b9c8d07f2793,onepiececardgame,원피스 카드게임,2026-08,2026-08-08T01:11:39+09:00,known,1b67a346ad6b049171df2f6f,13b35abf2734b9c8d07f2793,106133,https://m.dcinside.com/board/onepiececardgame/106133,적청비비 완덱 삽니다,seller-443dd23f30f1822b02218273,과미르껍질,registered,적청비비 완덱,적청비비 완덱,적청비비 완덱,,,buy,구매,1,,,missing,unknown,unknown,unknown,,active,needs_review,needs_review,희망가 미기재,missing,no,no,적청비비 완덱 삽니다
3748d230485051664807a654,onepiececardgame,원피스 카드게임,2026-08,2026-08-08T01:11:39+09:00,known,04561b8be1231cc1d039e446,3748d230485051664807a654,106133,https://m.dcinside.com/board/onepiececardgame/106133,적청비비 완덱 삽니다,seller-443dd23f30f1822b02218273,과미르껍질,registered,적청비비 완덱,적청비비 완덱,적청비비 완덱,,,buy,구매,1,,,missing,unknown,unknown,unknown,,active,needs_review,needs_review,희망가 미기재,missing,no,no,적청비비 완덱 삽니다
7f7f64838342f3161b2bc8d2,onepiececardgame,원피스 카드게임,2026-08,2026-08-08T01:11:39+09:00,known,385a13cef3086b487f86ac39,7f7f64838342f3161b2bc8d2,106133,https://m.dcinside.com/board/onepiececardgame/106133,적청비비 완덱 삽니다,seller-443dd23f30f1822b02218273,과미르껍질,registered,적청비비 완덱,적청비비 완덱,적청비비 완덱,,,buy,구매,1,,,missing,unknown,unknown,unknown,,active,needs_review,needs_review,희망가 미기재,missing,no,no,적청비비 완덱 삽니다
40ebcbda0cd299b70e3a7a8c,onepiececardgame,원피스 카드게임,2026-08,2026-08-08T08:35:47+09:00,known,83060e49516d604983b1397c,40ebcbda0cd299b70e3a7a8c,106150,https://m.dcinside.com/board/onepiececardgame/106150,13탄 루피 시크페레 삽니다,seller-8ad10b55fa52911e796a44cf,원딱러,registered,루피 시크페레 두장까지,루피 시크페레 두장까지,루피 시크페레 두장까지 장당,,,buy,구매,1,4.0,40000,estimated,per_card,text,unknown,,active,needs_review,needs_review,"가격 단위 추정, 배송비 포함 여부 미확정",estimated,yes,candidate_estimated,루피 시크페레 두장까지 장당 4.0 구매합니다
68a52eeb029616f115d41269,onepiececardgame,원피스 카드게임,2026-08,2026-08-08T08:35:47+09:00,known,9ee2848170ce096217c2f9d4,68a52eeb029616f115d41269,106150,https://m.dcinside.com/board/onepiececardgame/106150,13탄 루피 시크페레 삽니다,seller-8ad10b55fa52911e796a44cf,원딱러,registered,루피 시크페레 두장까지,루피 시크페레 두장까지,루피 시크페레 두장까지 장당,,,buy,구매,1,4.0,40000,estimated,per_card,text,unknown,,active,needs_review,needs_review,"가격 단위 추정, 배송비 포함 여부 미확정",estimated,yes,candidate_estimated,루피 시크페레 두장까지 장당 4.0 구매합니다
9f1eaa121cfe664c3ae14eaf,onepiececardgame,원피스 카드게임,2026-08,2026-08-08T08:35:47+09:00,known,223fbdef539964595013e8c7,9f1eaa121cfe664c3ae14eaf,106150,https://m.dcinside.com/board/onepiececardgame/106150,13탄 루피 시크페레 삽니다,seller-8ad10b55fa52911e796a44cf,원딱러,registered,루피 시크페레 두장까지,루피 시크페레 두장까지,루피 시크페레 두장까지 장당,,,buy,구매,1,4.0,40000,estimated,per_card,text,unknown,,active,needs_review,needs_review,"가격 단위 추정, 배송비 포함 여부 미확정",estimated,yes,candidate_estimated,루피 시크페레 두장까지 장당 4.0 구매합니다
b2ed70bbbcef75be42dc9646,onepiececardgame,원피스 카드게임,2026-08,2026-08-08T08:35:47+09:00,known,333ccb5c5d30b053fd68fa56,b2ed70bbbcef75be42dc9646,106150,https://m.dcinside.com/board/onepiececardgame/106150,13탄 루피 시크페레 삽니다,seller-8ad10b55fa52911e796a44cf,원딱러,registered,루피 시크페레 두장까지,루피 시크페레 두장까지,루피 시크페레 두장까지 장당,,,buy,구매,1,4.0,40000,estimated,per_card,text,unknown,,active,needs_review,needs_review,"가격 단위 추정, 배송비 포함 여부 미확정",estimated,yes,candidate_estimated,루피 시크페레 두장까지 장당 4.0 구매합니다
011bf939487916c79d9046bc,onepiececardgame,원피스 카드게임,2026-08,2026-08-08T11:41:08+09:00,known,cf77ff3fdffc26c14a7b735b,011bf939487916c79d9046bc,106170,https://m.dcinside.com/board/onepiececardgame/106170,레이주 페레 구해요!,seller-7042daa9dd2c3a743508b148,꿀깅이,guest,,장당,장당,,,buy,구매,1,6,60000,estimated,per_card,text,unknown,,active,needs_review,needs_review,"가격 단위 추정, 배송비 포함 여부 미확정",estimated,yes,candidate_estimated,장당 6에 2장까지 구해요!
1a2708009b0d54a2912bdcf9,onepiececardgame,원피스 카드게임,2026-08,2026-08-08T11:41:08+09:00,known,3f1916f1a4897a828df67455,1a2708009b0d54a2912bdcf9,106170,https://m.dcinside.com/board/onepiececardgame/106170,레이주 페레 구해요!,seller-63e1ead259a6989250c9855e,꿀깅이,guest,,장당,장당,,,buy,구매,1,6,60000,estimated,per_card,text,unknown,,active,needs_review,needs_review,"가격 단위 추정, 배송비 포함 여부 미확정",estimated,yes,candidate_estimated,장당 6에 2장까지 구해요!
2bf1a8320c1fdf536f89c0c3,onepiececardgame,원피스 카드게임,2026-08,2026-08-08T11:41:08+09:00,known,fd77a60411862eef5ea35209,2bf1a8320c1fdf536f89c0c3,106170,https://m.dcinside.com/board/onepiececardgame/106170,레이주 페레 구해요!,seller-3abbcedbc86dad3b2560a466,꿀깅이,guest,,장당,장당,,,buy,구매,1,6,60000,estimated,per_card,text,unknown,,active,needs_review,needs_review,"가격 단위 추정, 배송비 포함 여부 미확정",estimated,yes,candidate_estimated,장당 6에 2장까지 구해요!
70c2ef27694a863da5ae7408,onepiececardgame,원피스 카드게임,2026-08,2026-08-08T11:41:08+09:00,known,d284b0e73ecdc6303cd44b13,70c2ef27694a863da5ae7408,106170,https://m.dcinside.com/board/onepiececardgame/106170,레이주 페레 구해요!,seller-f4a919d6581a8b16851bfd43,꿀깅이,guest,,장당,장당,,,buy,구매,1,6,60000,estimated,per_card,text,unknown,,active,needs_review,needs_review,"가격 단위 추정, 배송비 포함 여부 미확정",estimated,yes,candidate_estimated,장당 6에 2장까지 구해요!
1725de189016608cf6edc484,onepiececardgame,원피스 카드게임,2026-08,2026-08-08T12:02:01+09:00,known,449541c09a30f4441be2ceb0,1725de189016608cf6edc484,106174,https://m.dcinside.com/board/onepiececardgame/106174,오늘 당산직으로 5나미 10수염삽니다,seller-e54d8365b2bf72a141df61c4,ㅇㅇ,guest,Eb03 5나미,Eb03 5나미,Eb03 5나미,,,buy,구매,1,1.5,15000,estimated,per_card,text,unknown,,active,needs_review,needs_review,"가격 단위 추정, 배송비 포함 여부 미확정",estimated,yes,candidate_estimated,Eb03 5나미 1.5
17935fd8589c512d7caaa980,onepiececardgame,원피스 카드게임,2026-08,2026-08-08T12:02:01+09:00,known,610f7f425e8187165bad51dc,17935fd8589c512d7caaa980,106174,https://m.dcinside.com/board/onepiececardgame/106174,오늘 당산직으로 5나미 10수염삽니다,seller-e40c2dfaf518490cb18c0fea,ㅇㅇ,guest,Eb03 5나미,Eb03 5나미,Eb03 5나미,,,buy,구매,1,1.5,15000,estimated,per_card,text,unknown,,active,needs_review,needs_review,"가격 단위 추정, 배송비 포함 여부 미확정",estimated,yes,candidate_estimated,Eb03 5나미 1.5
23f083ec50a4ab7446ef69a3,onepiececardgame,원피스 카드게임,2026-08,2026-08-08T12:02:01+09:00,known,610f7f425e8187165bad51dc,23f083ec50a4ab7446ef69a3,106174,https://m.dcinside.com/board/onepiececardgame/106174,오늘 당산직으로 5나미 10수염삽니다,seller-e40c2dfaf518490cb18c0fea,ㅇㅇ,guest,10코 청색 흰수염,10코 청색 흰수염,10코 청색 흰수염 장당.,,,buy,구매,1,8,80000,estimated,per_card,text,unknown,,active,needs_review,needs_review,"가격 단위 추정, 배송비 포함 여부 미확정",estimated,yes,candidate_estimated,10코 청색 흰수염 장당.8
38831436f707134defb2c61a,onepiececardgame,원피스 카드게임,2026-08,2026-08-08T12:02:01+09:00,known,449541c09a30f4441be2ceb0,38831436f707134defb2c61a,106174,https://m.dcinside.com/board/onepiececardgame/106174,오늘 당산직으로 5나미 10수염삽니다,seller-e54d8365b2bf72a141df61c4,ㅇㅇ,guest,4코 블로커 마르코,4코 블로커 마르코,4코 블로커 마르코,,,buy,구매,1,2.2,22000,estimated,per_card,text,unknown,,active,needs_review,needs_review,"가격 단위 추정, 배송비 포함 여부 미확정",estimated,yes,candidate_estimated,4코 블로커 마르코 1장 2.2
51bade270e9eae6a1558258a,onepiececardgame,원피스 카드게임,2026-08,2026-08-08T12:02:01+09:00,known,97cc8d2edcdb1d051ce7f738,51bade270e9eae6a1558258a,106174,https://m.dcinside.com/board/onepiececardgame/106174,오늘 당산직으로 5나미 10수염삽니다,seller-6bf5b4cb0fbbcfa6c11a2f85,ㅇㅇ,guest,4코 블로커 마르코,4코 블로커 마르코,4코 블로커 마르코,,,buy,구매,1,2.2,22000,estimated,per_card,text,unknown,,active,needs_review,needs_review,"가격 단위 추정, 배송비 포함 여부 미확정",estimated,yes,candidate_estimated,4코 블로커 마르코 1장 2.2
7a37bbeaae72d8e7d3650d20,onepiececardgame,원피스 카드게임,2026-08,2026-08-08T12:02:01+09:00,known,449541c09a30f4441be2ceb0,7a37bbeaae72d8e7d3650d20,106174,https://m.dcinside.com/board/onepiececardgame/106174,오늘 당산직으로 5나미 10수염삽니다,seller-e54d8365b2bf72a141df61c4,ㅇㅇ,guest,10코 청색 흰수염,10코 청색 흰수염,10코 청색 흰수염 장당.,,,buy,구매,1,8,80000,estimated,per_card,text,unknown,,active,needs_review,needs_review,"가격 단위 추정, 배송비 포함 여부 미확정",estimated,yes,candidate_estimated,10코 청색 흰수염 장당.8
874ef467d6b8d63c2f875dce,onepiececardgame,원피스 카드게임,2026-08,2026-08-08T12:02:01+09:00,known,97cc8d2edcdb1d051ce7f738,874ef467d6b8d63c2f875dce,106174,https://m.dcinside.com/board/onepiececardgame/106174,오늘 당산직으로 5나미 10수염삽니다,seller-6bf5b4cb0fbbcfa6c11a2f85,ㅇㅇ,guest,Eb03 5나미,Eb03 5나미,Eb03 5나미,,,buy,구매,1,1.5,15000,estimated,per_card,text,unknown,,active,needs_review,needs_review,"가격 단위 추정, 배송비 포함 여부 미확정",estimated,yes,candidate_estimated,Eb03 5나미 1.5
a78a85aa44b7b3a9144be31d,onepiececardgame,원피스 카드게임,2026-08,2026-08-08T12:02:01+09:00,known,1259f9c57ce8d6538517b184,a78a85aa44b7b3a9144be31d,106174,https://m.dcinside.com/board/onepiececardgame/106174,오늘 당산직으로 5나미 10수염삽니다,seller-79a1ab2b0cbc26a7c3bff210,ㅇㅇ,guest,Eb03 5나미,Eb03 5나미,Eb03 5나미,,,buy,구매,1,1.5,15000,estimated,per_card,text,unknown,,active,needs_review,needs_review,"가격 단위 추정, 배송비 포함 여부 미확정",estimated,yes,candidate_estimated,Eb03 5나미 1.5
b7e60a4eebee906929f0eeb6,onepiececardgame,원피스 카드게임,2026-08,2026-08-08T12:02:01+09:00,known,97cc8d2edcdb1d051ce7f738,b7e60a4eebee906929f0eeb6,106174,https://m.dcinside.com/board/onepiececardgame/106174,오늘 당산직으로 5나미 10수염삽니다,seller-6bf5b4cb0fbbcfa6c11a2f85,ㅇㅇ,guest,10코 청색 흰수염,10코 청색 흰수염,10코 청색 흰수염 장당.,,,buy,구매,1,8,80000,estimated,per_card,text,unknown,,active,needs_review,needs_review,"가격 단위 추정, 배송비 포함 여부 미확정",estimated,yes,candidate_estimated,10코 청색 흰수염 장당.8
b967e01aa3cc0f6562f6f060,onepiececardgame,원피스 카드게임,2026-08,2026-08-08T12:02:01+09:00,known,1259f9c57ce8d6538517b184,b967e01aa3cc0f6562f6f060,106174,https://m.dcinside.com/board/onepiececardgame/106174,오늘 당산직으로 5나미 10수염삽니다,seller-79a1ab2b0cbc26a7c3bff210,ㅇㅇ,guest,10코 청색 흰수염,10코 청색 흰수염,10코 청색 흰수염 장당.,,,buy,구매,1,8,80000,estimated,per_card,text,unknown,,active,needs_review,needs_review,"가격 단위 추정, 배송비 포함 여부 미확정",estimated,yes,candidate_estimated,10코 청색 흰수염 장당.8
c322bc8b3be70dddfb023796,onepiececardgame,원피스 카드게임,2026-08,2026-08-08T12:02:01+09:00,known,610f7f425e8187165bad51dc,c322bc8b3be70dddfb023796,106174,https://m.dcinside.com/board/onepiececardgame/106174,오늘 당산직으로 5나미 10수염삽니다,seller-e40c2dfaf518490cb18c0fea,ㅇㅇ,guest,4코 블로커 마르코,4코 블로커 마르코,4코 블로커 마르코,,,buy,구매,1,2.2,22000,estimated,per_card,text,unknown,,active,needs_review,needs_review,"가격 단위 추정, 배송비 포함 여부 미확정",estimated,yes,candidate_estimated,4코 블로커 마르코 1장 2.2
c7989fad1822f36e8475560a,onepiececardgame,원피스 카드게임,2026-08,2026-08-08T12:02:01+09:00,known,1259f9c57ce8d6538517b184,c7989fad1822f36e8475560a,106174,https://m.dcinside.com/board/onepiececardgame/106174,오늘 당산직으로 5나미 10수염삽니다,seller-79a1ab2b0cbc26a7c3bff210,ㅇㅇ,guest,4코 블로커 마르코,4코 블로커 마르코,4코 블로커 마르코,,,buy,구매,1,2.2,22000,estimated,per_card,text,unknown,,active,needs_review,needs_review,"가격 단위 추정, 배송비 포함 여부 미확정",estimated,yes,candidate_estimated,4코 블로커 마르코 1장 2.2
0e53100a26498e310991dcc6,onepiececardgame,원피스 카드게임,2026-08,2026-08-08T12:20:19+09:00,known,a0cd7eae1f5242846af858be,0e53100a26498e310991dcc6,106176,https://m.dcinside.com/board/onepiececardgame/106176,마포직으로 13페레구합니다,seller-6a75850d7db06121d85836c7,유동닉,guest,마즈성 페레,마즈성 페레,마즈성 페레,,,buy,구매,1,2.5,25000,estimated,per_card,text,unknown,,active,needs_review,needs_review,"가격 단위 추정, 배송비 포함 여부 미확정",estimated,yes,candidate_estimated,마즈성 페레 2.5
36de0b67c79d448b29312fb4,onepiececardgame,원피스 카드게임,2026-08,2026-08-08T12:20:19+09:00,known,808fa8faf3a0e641d45734f8,36de0b67c79d448b29312fb4,106176,https://m.dcinside.com/board/onepiececardgame/106176,마포직으로 13페레구합니다,seller-9ae84f841a35fe8b1413d55e,유동닉,guest,마즈성 페레,마즈성 페레,마즈성 페레,,,buy,구매,1,2.5,25000,estimated,per_card,text,unknown,,active,needs_review,needs_review,"가격 단위 추정, 배송비 포함 여부 미확정",estimated,yes,candidate_estimated,마즈성 페레 2.5
60a15ed4c389b9247132ab8b,onepiececardgame,원피스 카드게임,2026-08,2026-08-08T12:20:19+09:00,known,a68cd14059a09cceb052dd88,60a15ed4c389b9247132ab8b,106176,https://m.dcinside.com/board/onepiececardgame/106176,마포직으로 13페레구합니다,seller-87d05a461d206cd883d83858,유동닉,guest,오로성 페레,오로성 페레,오로성 페레,,,buy,구매,1,3.5,35000,estimated,per_card,text,unknown,,active,needs_review,needs_review,"가격 단위 추정, 배송비 포함 여부 미확정",estimated,yes,candidate_estimated,오로성 페레 3.5
bdb8981ab8ee9f39e84b7e27,onepiececardgame,원피스 카드게임,2026-08,2026-08-08T12:20:19+09:00,known,60ecf52050b644b89b6c0ea7,bdb8981ab8ee9f39e84b7e27,106176,https://m.dcinside.com/board/onepiececardgame/106176,마포직으로 13페레구합니다,seller-02cd7dcaaf8893c12902e842,유동닉,guest,오로성 페레,오로성 페레,오로성 페레,,,buy,구매,1,3.5,35000,estimated,per_card,text,unknown,,active,needs_review,needs_review,"가격 단위 추정, 배송비 포함 여부 미확정",estimated,yes,candidate_estimated,오로성 페레 3.5
c6ba3266ec7d1795c59b5488,onepiececardgame,원피스 카드게임,2026-08,2026-08-08T12:20:19+09:00,known,a0cd7eae1f5242846af858be,c6ba3266ec7d1795c59b5488,106176,https://m.dcinside.com/board/onepiececardgame/106176,마포직으로 13페레구합니다,seller-6a75850d7db06121d85836c7,유동닉,guest,오로성 페레,오로성 페레,오로성 페레,,,buy,구매,1,3.5,35000,estimated,per_card,text,unknown,,active,needs_review,needs_review,"가격 단위 추정, 배송비 포함 여부 미확정",estimated,yes,candidate_estimated,오로성 페레 3.5
d24a7780a5b602c6f4c7149f,onepiececardgame,원피스 카드게임,2026-08,2026-08-08T12:20:19+09:00,known,a68cd14059a09cceb052dd88,d24a7780a5b602c6f4c7149f,106176,https://m.dcinside.com/board/onepiececardgame/106176,마포직으로 13페레구합니다,seller-87d05a461d206cd883d83858,유동닉,guest,마즈성 페레,마즈성 페레,마즈성 페레,,,buy,구매,1,2.5,25000,estimated,per_card,text,unknown,,active,needs_review,needs_review,"가격 단위 추정, 배송비 포함 여부 미확정",estimated,yes,candidate_estimated,마즈성 페레 2.5
d7d3571e4e7a04939bc877a9,onepiececardgame,원피스 카드게임,2026-08,2026-08-08T12:20:19+09:00,known,60ecf52050b644b89b6c0ea7,d7d3571e4e7a04939bc877a9,106176,https://m.dcinside.com/board/onepiececardgame/106176,마포직으로 13페레구합니다,seller-02cd7dcaaf8893c12902e842,유동닉,guest,마즈성 페레,마즈성 페레,마즈성 페레,,,buy,구매,1,2.5,25000,estimated,per_card,text,unknown,,active,needs_review,needs_review,"가격 단위 추정, 배송비 포함 여부 미확정",estimated,yes,candidate_estimated,마즈성 페레 2.5
fc388bac0794886a68e80e9c,onepiececardgame,원피스 카드게임,2026-08,2026-08-08T12:20:19+09:00,known,808fa8faf3a0e641d45734f8,fc388bac0794886a68e80e9c,106176,https://m.dcinside.com/board/onepiececardgame/106176,마포직으로 13페레구합니다,seller-9ae84f841a35fe8b1413d55e,유동닉,guest,오로성 페레,오로성 페레,오로성 페레,,,buy,구매,1,3.5,35000,estimated,per_card,text,unknown,,active,needs_review,needs_review,"가격 단위 추정, 배송비 포함 여부 미확정",estimated,yes,candidate_estimated,오로성 페레 3.5
7be2104b9b63ce27d14f6e76,onepiececardgame,원피스 카드게임,2026-08,2026-08-08T12:34:16+09:00,known,ed37c1a497cbae771261bfae,7be2104b9b63ce27d14f6e76,106179,https://m.dcinside.com/board/onepiececardgame/106179,자흑루피(니카) 리페 구합니다,seller-ccf7dbc99843f00e4db50631,단순적색,guest,자흑루피 니카 리페,자흑루피 니카 리페,자흑루피(니카) 리페,,,buy,구매,1,,,missing,unknown,unknown,unknown,,active,needs_review,needs_review,희망가 미기재,missing,no,no,자흑루피(니카) 리페 구합니다
d460ed3a7fbc7688ae992964,onepiececardgame,원피스 카드게임,2026-08,2026-08-08T12:34:16+09:00,known,289d448e36a3d93f9fe215ee,d460ed3a7fbc7688ae992964,106179,https://m.dcinside.com/board/onepiececardgame/106179,자흑루피(니카) 리페 구합니다,seller-3be4b038560ae42e94f79135,단순적색,guest,자흑루피 니카 리페,자흑루피 니카 리페,자흑루피(니카) 리페,,,buy,구매,1,,,missing,unknown,unknown,unknown,,active,needs_review,needs_review,희망가 미기재,missing,no,no,자흑루피(니카) 리페 구합니다
d8a6b92221a2568a9bedbeef,onepiececardgame,원피스 카드게임,2026-08,2026-08-08T12:34:16+09:00,known,64b5c135a6fc2b644b7a6106,d8a6b92221a2568a9bedbeef,106179,https://m.dcinside.com/board/onepiececardgame/106179,자흑루피(니카) 리페 구합니다,seller-334521fdcda063242fd5dd6b,단순적색,guest,자흑루피 니카 리페,자흑루피 니카 리페,자흑루피(니카) 리페,,,buy,구매,1,,,missing,unknown,unknown,unknown,,active,needs_review,needs_review,희망가 미기재,missing,no,no,자흑루피(니카) 리페 구합니다
e32654b90665e0f8b065da74,onepiececardgame,원피스 카드게임,2026-08,2026-08-08T12:34:16+09:00,known,48f2751fd85579a0718f4022,e32654b90665e0f8b065da74,106179,https://m.dcinside.com/board/onepiececardgame/106179,자흑루피(니카) 리페 구합니다,seller-21db8136f6bac8680c04639f,단순적색,guest,자흑루피 니카 리페,자흑루피 니카 리페,자흑루피(니카) 리페,,,buy,구매,1,,,missing,unknown,unknown,unknown,,active,needs_review,needs_review,희망가 미기재,missing,no,no,자흑루피(니카) 리페 구합니다
2c7911953c992ae5a896e005,onepiececardgame,원피스 카드게임,2026-08,2026-08-08T12:57:20+09:00,known,5fc1c45cc2dab72ed5cb47a7,2c7911953c992ae5a896e005,106186,https://m.dcinside.com/board/onepiececardgame/106186,녹 시크보니 페레 1장 녹 5코 캐럿 페레 1장 구매합니다,seller-40c260bbc22a84526796c0c2,메탈네코냥냥펀..,registered,녹 시크보니 페레 녹 5코 캐럿 페레,녹 시크보니 페레 녹 5코 캐럿 페레,녹 시크보니 페레 1장 녹 5코 캐럿 페레 1장,,,buy,구매,1,,,missing,unknown,unknown,unknown,,active,needs_review,needs_review,희망가 미기재,missing,no,no,녹 시크보니 페레 1장 녹 5코 캐럿 페레 1장 구매합니다
33a2eaa62b915fcdc457a824,onepiececardgame,원피스 카드게임,2026-08,2026-08-08T12:57:20+09:00,known,26a98f9373cb6aa4513f2fb5,33a2eaa62b915fcdc457a824,106186,https://m.dcinside.com/board/onepiececardgame/106186,녹 시크보니 페레 1장 녹 5코 캐럿 페레 1장 구매합니다,seller-40c260bbc22a84526796c0c2,메탈네코냥냥펀..,registered,녹 시크보니 페레 녹 5코 캐럿 페레,녹 시크보니 페레 녹 5코 캐럿 페레,녹 시크보니 페레 1장 녹 5코 캐럿 페레 1장,,,buy,구매,1,,,missing,unknown,unknown,unknown,,active,needs_review,needs_review,희망가 미기재,missing,no,no,녹 시크보니 페레 1장 녹 5코 캐럿 페레 1장 구매합니다
abd346fa84d9780e1f1f85cb,onepiececardgame,원피스 카드게임,2026-08,2026-08-08T12:57:20+09:00,known,9033636227ae1226b40319ea,abd346fa84d9780e1f1f85cb,106186,https://m.dcinside.com/board/onepiececardgame/106186,녹 시크보니 페레 1장 녹 5코 캐럿 페레 1장 구매합니다,seller-40c260bbc22a84526796c0c2,메탈네코냥냥펀..,registered,녹 시크보니 페레 녹 5코 캐럿 페레,녹 시크보니 페레 녹 5코 캐럿 페레,녹 시크보니 페레 1장 녹 5코 캐럿 페레 1장,,,buy,구매,1,,,missing,unknown,unknown,unknown,,active,needs_review,needs_review,희망가 미기재,missing,no,no,녹 시크보니 페레 1장 녹 5코 캐럿 페레 1장 구매합니다
cb39bfb1558e2224de6638b2,onepiececardgame,원피스 카드게임,2026-08,2026-08-08T12:57:20+09:00,known,63ca981df7ee5b645e49c67b,cb39bfb1558e2224de6638b2,106186,https://m.dcinside.com/board/onepiececardgame/106186,녹 시크보니 페레 1장 녹 5코 캐럿 페레 1장 구매합니다,seller-40c260bbc22a84526796c0c2,메탈네코냥냥펀..,registered,녹 시크보니 페레 녹 5코 캐럿 페레,녹 시크보니 페레 녹 5코 캐럿 페레,녹 시크보니 페레 1장 녹 5코 캐럿 페레 1장,,,buy,구매,1,,,missing,unknown,unknown,unknown,,active,needs_review,needs_review,희망가 미기재,missing,no,no,녹 시크보니 페레 1장 녹 5코 캐럿 페레 1장 구매합니다
a9e39a6cf913261ac1758156,onepiececardgame,원피스 카드게임,2026-08,2026-08-08T13:15:32+09:00,known,6fcb1d3d16de687de432d004,a9e39a6cf913261ac1758156,106188,https://m.dcinside.com/board/onepiececardgame/106188,코비 페레소스 나미 구해요,seller-38aaf74106b021fe396b706c,cHO,registered,코비 리페,코비 리페,코비 리페,,,buy,구매,1,1.5,15000,estimated,per_card,text,unknown,,active,needs_review,needs_review,"가격 단위 추정, 배송비 포함 여부 미확정",estimated,yes,candidate_estimated,코비 리페 1.5
ab3a8403ae668c0a6e44bce0,onepiececardgame,원피스 카드게임,2026-08,2026-08-08T13:15:32+09:00,known,f7e9b8648595f8e30bb52e13,ab3a8403ae668c0a6e44bce0,106188,https://m.dcinside.com/board/onepiececardgame/106188,코비 페레소스 나미 구해요,seller-38aaf74106b021fe396b706c,cHO,registered,코비 리페,코비 리페,코비 리페,,,buy,구매,1,1.5,15000,estimated,per_card,text,unknown,,active,needs_review,needs_review,"가격 단위 추정, 배송비 포함 여부 미확정",estimated,yes,candidate_estimated,코비 리페 1.5
d8f45fcf50d8ddabf53fcca7,onepiececardgame,원피스 카드게임,2026-08,2026-08-08T13:15:32+09:00,known,1fb5dcdb84613d6ad1b7f379,d8f45fcf50d8ddabf53fcca7,106188,https://m.dcinside.com/board/onepiececardgame/106188,코비 페레소스 나미 구해요,seller-38aaf74106b021fe396b706c,cHO,registered,코비 리페,코비 리페,코비 리페,,,buy,구매,1,1.5,15000,estimated,per_card,text,unknown,,active,needs_review,needs_review,"가격 단위 추정, 배송비 포함 여부 미확정",estimated,yes,candidate_estimated,코비 리페 1.5
ec86005694ff0f2d85126ec7,onepiececardgame,원피스 카드게임,2026-08,2026-08-08T13:15:32+09:00,known,adf0f5c2cab46ffabc1dd129,ec86005694ff0f2d85126ec7,106188,https://m.dcinside.com/board/onepiececardgame/106188,코비 페레소스 나미 구해요,seller-38aaf74106b021fe396b706c,cHO,registered,코비 리페,코비 리페,코비 리페,,,buy,구매,1,1.5,15000,estimated,per_card,text,unknown,,active,needs_review,needs_review,"가격 단위 추정, 배송비 포함 여부 미확정",estimated,yes,candidate_estimated,코비 리페 1.5
332e0a4d542e572bb470be32,onepiececardgame,원피스 카드게임,2026-08,2026-08-08T14:14:05+09:00,known,6fc71a7b61a6154ef88045c5,332e0a4d542e572bb470be32,106193,https://m.dcinside.com/board/onepiececardgame/106193,eb3 잡카 삽니다,seller-8ad10b55fa52911e796a44cf,원딱러,registered,시크우타,시크우타,시크우타,,,buy,구매,1,0.3,3000,estimated,per_card,text,unknown,,active,needs_review,needs_review,"가격 단위 추정, 배송비 포함 여부 미확정",estimated,yes,candidate_estimated,시크우타 0.3
a2b447abcfbcbca6e5a1292d,onepiececardgame,원피스 카드게임,2026-08,2026-08-08T14:14:05+09:00,known,d4b53a514cc26f51084e77ce,a2b447abcfbcbca6e5a1292d,106193,https://m.dcinside.com/board/onepiececardgame/106193,eb3 잡카 삽니다,seller-8ad10b55fa52911e796a44cf,원딱러,registered,시크우타,시크우타,시크우타,,,buy,구매,1,0.3,3000,estimated,per_card,text,unknown,,active,needs_review,needs_review,"가격 단위 추정, 배송비 포함 여부 미확정",estimated,yes,candidate_estimated,시크우타 0.3
a70e1a0a7c629f5ff1c3cc37,onepiececardgame,원피스 카드게임,2026-08,2026-08-08T14:14:05+09:00,known,675d97349379fa29d7424f53,a70e1a0a7c629f5ff1c3cc37,106193,https://m.dcinside.com/board/onepiececardgame/106193,eb3 잡카 삽니다,seller-8ad10b55fa52911e796a44cf,원딱러,registered,시크우타,시크우타,시크우타,,,buy,구매,1,0.3,3000,estimated,per_card,text,unknown,,active,needs_review,needs_review,"가격 단위 추정, 배송비 포함 여부 미확정",estimated,yes,candidate_estimated,시크우타 0.3
c32674055e0f663ff51d0000,onepiececardgame,원피스 카드게임,2026-08,2026-08-08T14:14:05+09:00,known,62184a034293446f4b3de3ed,c32674055e0f663ff51d0000,106193,https://m.dcinside.com/board/onepiececardgame/106193,eb3 잡카 삽니다,seller-8ad10b55fa52911e796a44cf,원딱러,registered,시크우타,시크우타,시크우타,,,buy,구매,1,0.3,3000,estimated,per_card,text,unknown,,active,needs_review,needs_review,"가격 단위 추정, 배송비 포함 여부 미확정",estimated,yes,candidate_estimated,시크우타 0.3
0b631e8e6206ba2731657785,onepiececardgame,원피스 카드게임,2026-08,2026-08-08T15:21:14+09:00,known,c721db81e9560eebe1061ab0,0b631e8e6206ba2731657785,106200,https://m.dcinside.com/board/onepiececardgame/106200,스튜시 sp 1장 가프 페레 두장 삽니다,seller-89d08656f6ed9c0197b33833,Alphamo..,registered,가프,가프,가프 장당,,,buy,구매,1,3.5,35000,estimated,per_card,text,unknown,,active,needs_review,needs_review,"가격 단위 추정, 배송비 포함 여부 미확정",estimated,yes,candidate_estimated,가프 장당 3.5에 두장
1e39be1acadc55469ee2a8b9,onepiececardgame,원피스 카드게임,2026-08,2026-08-08T15:21:14+09:00,known,f19fc6f4296872487b445de3,1e39be1acadc55469ee2a8b9,106200,https://m.dcinside.com/board/onepiececardgame/106200,스튜시 sp 1장 가프 페레 두장 삽니다,seller-89d08656f6ed9c0197b33833,Alphamo..,registered,가프,가프,가프 장당,,,buy,구매,1,3.5,35000,estimated,per_card,text,unknown,,active,needs_review,needs_review,"가격 단위 추정, 배송비 포함 여부 미확정",estimated,yes,candidate_estimated,가프 장당 3.5에 두장
99a5cc04b978da917299710c,onepiececardgame,원피스 카드게임,2026-08,2026-08-08T15:21:14+09:00,known,5607f7b4b548d6026570153d,99a5cc04b978da917299710c,106200,https://m.dcinside.com/board/onepiececardgame/106200,스튜시 sp 1장 가프 페레 두장 삽니다,seller-89d08656f6ed9c0197b33833,Alphamo..,registered,가프,가프,가프 장당,,,buy,구매,1,3.5,35000,estimated,per_card,text,unknown,,active,needs_review,needs_review,"가격 단위 추정, 배송비 포함 여부 미확정",estimated,yes,candidate_estimated,가프 장당 3.5에 두장
9c44bd5d6515720c1fc3d266,onepiececardgame,원피스 카드게임,2026-08,2026-08-08T15:21:14+09:00,known,39ceba47fbffa9a69f8178ec,9c44bd5d6515720c1fc3d266,106200,https://m.dcinside.com/board/onepiececardgame/106200,스튜시 sp 1장 가프 페레 두장 삽니다,seller-89d08656f6ed9c0197b33833,Alphamo..,registered,가프,가프,가프 장당,,,buy,구매,1,3.5,35000,estimated,per_card,text,unknown,,active,needs_review,needs_review,"가격 단위 추정, 배송비 포함 여부 미확정",estimated,yes,candidate_estimated,가프 장당 3.5에 두장
4637f617d2f00602ebb93334,onepiececardgame,원피스 카드게임,2026-08,2026-08-08T17:04:50+09:00,known,3fbd110ee3192329b22f35d0,4637f617d2f00602ebb93334,106209,https://m.dcinside.com/board/onepiececardgame/106209,10 흰수 페레로 가프 페레 2장 구함,seller-8ad10b55fa52911e796a44cf,원딱러,registered,흰수 페레로 가프 페레,흰수 페레로 가프 페레,10 흰수 페레로 가프 페레 2장,,,buy,구매,2,,,missing,unknown,unknown,unknown,,active,needs_review,needs_review,희망가 미기재,missing,no,no,10 흰수 페레로 가프 페레 2장 구함
4ee1cb625e6255592cd4d033,onepiececardgame,원피스 카드게임,2026-08,2026-08-08T17:04:50+09:00,known,2ef75a5e63f8d38bd6e7ac1b,4ee1cb625e6255592cd4d033,106209,https://m.dcinside.com/board/onepiececardgame/106209,10 흰수 페레로 가프 페레 2장 구함,seller-8ad10b55fa52911e796a44cf,원딱러,registered,흰수 페레로 가프 페레,흰수 페레로 가프 페레,10 흰수 페레로 가프 페레 2장,,,buy,구매,2,,,missing,unknown,unknown,unknown,,active,needs_review,needs_review,희망가 미기재,missing,no,no,10 흰수 페레로 가프 페레 2장 구함
c50025b8cb3720862006abca,onepiececardgame,원피스 카드게임,2026-08,2026-08-08T17:04:50+09:00,known,e7e401f29210773dbd97957d,c50025b8cb3720862006abca,106209,https://m.dcinside.com/board/onepiececardgame/106209,10 흰수 페레로 가프 페레 2장 구함,seller-8ad10b55fa52911e796a44cf,원딱러,registered,흰수 페레로 가프 페레,흰수 페레로 가프 페레,10 흰수 페레로 가프 페레 2장,,,buy,구매,2,,,missing,unknown,unknown,unknown,,active,needs_review,needs_review,희망가 미기재,missing,no,no,10 흰수 페레로 가프 페레 2장 구함
c847db605514874d552a95a4,onepiececardgame,원피스 카드게임,2026-08,2026-08-08T17:04:50+09:00,known,cefeab11c5aa8535816b6511,c847db605514874d552a95a4,106209,https://m.dcinside.com/board/onepiececardgame/106209,10 흰수 페레로 가프 페레 2장 구함,seller-8ad10b55fa52911e796a44cf,원딱러,registered,흰수 페레로 가프 페레,흰수 페레로 가프 페레,10 흰수 페레로 가프 페레 2장,,,buy,구매,2,,,missing,unknown,unknown,unknown,,active,needs_review,needs_review,희망가 미기재,missing,no,no,10 흰수 페레로 가프 페레 2장 구함
1c585ef4cd1520857e8c13b9,onepiececardgame,원피스 카드게임,2026-08,2026-08-08T17:31:14+09:00,known,a17c986d0b4b53af171d0b66,1c585ef4cd1520857e8c13b9,106216,https://m.dcinside.com/board/onepiececardgame/106216,에넬 슬리브 구해보아요 (완),seller-8ad10b55fa52911e796a44cf,원딱러,registered,에넬 슬리브 구해보아요 완,에넬 슬리브 구해보아요 완,에넬 슬리브 구해보아요 (완,,,buy,구매,1,,,missing,unknown,unknown,unknown,,active,needs_review,needs_review,희망가 미기재,missing,no,no,에넬 슬리브 구해보아요 (완)
4c5bee3744143520c32a0443,onepiececardgame,원피스 카드게임,2026-08,2026-08-08T17:31:14+09:00,known,07e74cd64aa481b11cc8ac99,4c5bee3744143520c32a0443,106216,https://m.dcinside.com/board/onepiececardgame/106216,에넬 슬리브 구해보아요 (완),seller-8ad10b55fa52911e796a44cf,원딱러,registered,에넬 슬리브 구해보아요 완,에넬 슬리브 구해보아요 완,에넬 슬리브 구해보아요 (완,,,buy,구매,1,,,missing,unknown,unknown,unknown,,active,needs_review,needs_review,희망가 미기재,missing,no,no,에넬 슬리브 구해보아요 (완)
93e49a0ce5ec3255e60d9072,onepiececardgame,원피스 카드게임,2026-08,2026-08-08T17:31:14+09:00,known,ea40b110dfcbd4dabd30799e,93e49a0ce5ec3255e60d9072,106216,https://m.dcinside.com/board/onepiececardgame/106216,에넬 슬리브 구해보아요 (완),seller-8ad10b55fa52911e796a44cf,원딱러,registered,에넬 슬리브 구해보아요 완,에넬 슬리브 구해보아요 완,에넬 슬리브 구해보아요 (완,,,buy,구매,1,,,missing,unknown,unknown,unknown,,active,needs_review,needs_review,희망가 미기재,missing,no,no,에넬 슬리브 구해보아요 (완)
99bee328870315cfd32ed35a,onepiececardgame,원피스 카드게임,2026-08,2026-08-08T17:31:14+09:00,known,524443372525dd82abeec0b9,99bee328870315cfd32ed35a,106216,https://m.dcinside.com/board/onepiececardgame/106216,에넬 슬리브 구해보아요 (완),seller-8ad10b55fa52911e796a44cf,원딱러,registered,에넬 슬리브 구해보아요 완,에넬 슬리브 구해보아요 완,에넬 슬리브 구해보아요 (완,,,buy,구매,1,,,missing,unknown,unknown,unknown,,active,needs_review,needs_review,희망가 미기재,missing,no,no,에넬 슬리브 구해보아요 (완)
51300e445c0f30cfb5a863ad,onepiececardgame,원피스 카드게임,2026-08,2026-08-09T00:57:21+09:00,known,3530db534a3e94aebc9cc773,51300e445c0f30cfb5a863ad,106298,https://m.dcinside.com/board/onepiececardgame/106298,오늘 수내직 녹 10 샹크스 페레 구매함,seller-8ad10b55fa52911e796a44cf,원딱러,registered,오늘 수내직 녹 샹크스 페레 함,오늘 수내직 녹 샹크스 페레 함,오늘 수내직 녹 10 샹크스 페레 함,,,buy,구매,1,,,missing,unknown,unknown,unknown,,active,needs_review,needs_review,희망가 미기재,missing,no,no,오늘 수내직 녹 10 샹크스 페레 구매함
b1fc4d70dc066a88a9ed8f39,onepiececardgame,원피스 카드게임,2026-08,2026-08-09T00:57:21+09:00,known,04467070a7da2537f5c85eef,b1fc4d70dc066a88a9ed8f39,106298,https://m.dcinside.com/board/onepiececardgame/106298,오늘 수내직 녹 10 샹크스 페레 구매함,seller-8ad10b55fa52911e796a44cf,원딱러,registered,오늘 수내직 녹 샹크스 페레 함,오늘 수내직 녹 샹크스 페레 함,오늘 수내직 녹 10 샹크스 페레 함,,,buy,구매,1,,,missing,unknown,unknown,unknown,,active,needs_review,needs_review,희망가 미기재,missing,no,no,오늘 수내직 녹 10 샹크스 페레 구매함
d1ef35af2126fee7e955d292,onepiececardgame,원피스 카드게임,2026-08,2026-08-09T00:57:21+09:00,known,0ced545ddb14643306003677,d1ef35af2126fee7e955d292,106298,https://m.dcinside.com/board/onepiececardgame/106298,오늘 수내직 녹 10 샹크스 페레 구매함,seller-8ad10b55fa52911e796a44cf,원딱러,registered,오늘 수내직 녹 샹크스 페레 함,오늘 수내직 녹 샹크스 페레 함,오늘 수내직 녹 10 샹크스 페레 함,,,buy,구매,1,,,missing,unknown,unknown,unknown,,active,needs_review,needs_review,희망가 미기재,missing,no,no,오늘 수내직 녹 10 샹크스 페레 구매함
f1d363e22de3f85f84b55a05,onepiececardgame,원피스 카드게임,2026-08,2026-08-09T00:57:21+09:00,known,17777ffd86fc3bf6cc19e363,f1d363e22de3f85f84b55a05,106298,https://m.dcinside.com/board/onepiececardgame/106298,오늘 수내직 녹 10 샹크스 페레 구매함,seller-8ad10b55fa52911e796a44cf,원딱러,registered,오늘 수내직 녹 샹크스 페레 함,오늘 수내직 녹 샹크스 페레 함,오늘 수내직 녹 10 샹크스 페레 함,,,buy,구매,1,,,missing,unknown,unknown,unknown,,active,needs_review,needs_review,희망가 미기재,missing,no,no,오늘 수내직 녹 10 샹크스 페레 구매함
0632bb50f238e9a79b2d6e17,onepiececardgame,원피스 카드게임,2026-08,2026-08-09T01:01:39+09:00,known,c58d22db28e7989d1826501a,0632bb50f238e9a79b2d6e17,106301,https://m.dcinside.com/board/onepiececardgame/106301,우타 sp 및 히로인즈 13탄 ㅍㅍ,seller-f549f7ffaaa7faa31011b79a,붕붕,guest,페로나 sr,페로나 sr,페로나 sr 0.1 (,,,buy,구매,1,2,20000,estimated,per_card,text,unknown,,active,needs_review,needs_review,"가격 단위 추정, 배송비 포함 여부 미확정",estimated,yes,candidate_estimated,페로나 sr 0.1 (2)
188ec7be36c3aec08ab462d7,onepiececardgame,원피스 카드게임,2026-08,2026-08-09T01:01:39+09:00,known,c58d22db28e7989d1826501a,188ec7be36c3aec08ab462d7,106301,https://m.dcinside.com/board/onepiececardgame/106301,우타 sp 및 히로인즈 13탄 ㅍㅍ,seller-f549f7ffaaa7faa31011b79a,붕붕,guest,우타 페레,우타 페레,우타 페레 1.0 (,,,buy,구매,1,1,10000,estimated,per_card,text,unknown,,active,needs_review,needs_review,"가격 단위 추정, 배송비 포함 여부 미확정",estimated,yes,candidate_estimated,우타 페레 1.0 (1)
362b26d12cdf0d8941425a51,onepiececardgame,원피스 카드게임,2026-08,2026-08-09T01:01:39+09:00,known,c58d22db28e7989d1826501a,362b26d12cdf0d8941425a51,106301,https://m.dcinside.com/board/onepiececardgame/106301,우타 sp 및 히로인즈 13탄 ㅍㅍ,seller-f549f7ffaaa7faa31011b79a,붕붕,guest,우타 금둥,우타 금둥,우타 금둥 8 (,,,buy,구매,1,1,10000,estimated,per_card,text,unknown,,active,needs_review,needs_review,"가격 단위 추정, 배송비 포함 여부 미확정",estimated,yes,candidate_estimated,우타 금둥 8 (1)
59fffe3368121cb9ffee5ef2,onepiececardgame,원피스 카드게임,2026-08,2026-08-09T01:01:39+09:00,known,c58d22db28e7989d1826501a,59fffe3368121cb9ffee5ef2,106301,https://m.dcinside.com/board/onepiececardgame/106301,우타 sp 및 히로인즈 13탄 ㅍㅍ,seller-f549f7ffaaa7faa31011b79a,붕붕,guest,우타sp,우타sp,우타sp 20 (,,,buy,구매,1,1,10000,estimated,per_card,text,unknown,,active,needs_review,needs_review,"가격 단위 추정, 배송비 포함 여부 미확정",estimated,yes,candidate_estimated,우타sp 20 (1)
6769964c5732da6b0681922d,onepiececardgame,원피스 카드게임,2026-08,2026-08-09T01:01:39+09:00,known,c58d22db28e7989d1826501a,6769964c5732da6b0681922d,106301,https://m.dcinside.com/board/onepiececardgame/106301,우타 sp 및 히로인즈 13탄 ㅍㅍ,seller-f549f7ffaaa7faa31011b79a,붕붕,guest,야마토 SR,야마토 SR,야마토 SR 0.5 (,,,buy,구매,1,1,10000,estimated,per_card,text,unknown,,active,needs_review,needs_review,"가격 단위 추정, 배송비 포함 여부 미확정",estimated,yes,candidate_estimated,야마토 SR 0.5 (1)
6f3de4ed42f31e540a72822c,onepiececardgame,원피스 카드게임,2026-08,2026-08-09T01:01:39+09:00,known,c58d22db28e7989d1826501a,6f3de4ed42f31e540a72822c,106301,https://m.dcinside.com/board/onepiececardgame/106301,우타 sp 및 히로인즈 13탄 ㅍㅍ,seller-f549f7ffaaa7faa31011b79a,붕붕,guest,로빈 sr,로빈 sr,로빈 sr 1.5 (,,,buy,구매,1,3,30000,estimated,per_card,text,unknown,,active,needs_review,needs_review,"가격 단위 추정, 배송비 포함 여부 미확정",estimated,yes,candidate_estimated,로빈 sr 1.5 (3)
7020e9967e211047a9c52938,onepiececardgame,원피스 카드게임,2026-08,2026-08-09T01:01:39+09:00,known,c58d22db28e7989d1826501a,7020e9967e211047a9c52938,106301,https://m.dcinside.com/board/onepiececardgame/106301,우타 sp 및 히로인즈 13탄 ㅍㅍ,seller-f549f7ffaaa7faa31011b79a,붕붕,guest,코알라 sr,코알라 sr,코알라 sr 0.1 (,,,buy,구매,1,3,30000,estimated,per_card,text,unknown,,active,needs_review,needs_review,"가격 단위 추정, 배송비 포함 여부 미확정",estimated,yes,candidate_estimated,코알라 sr 0.1 (3)
89a3719e1edc0653dbd2ed8e,onepiececardgame,원피스 카드게임,2026-08,2026-08-09T01:01:39+09:00,known,c58d22db28e7989d1826501a,89a3719e1edc0653dbd2ed8e,106301,https://m.dcinside.com/board/onepiececardgame/106301,우타 sp 및 히로인즈 13탄 ㅍㅍ,seller-f549f7ffaaa7faa31011b79a,붕붕,guest,우타 sr,우타 sr,우타 sr 0.1 (,,,buy,구매,1,4,40000,estimated,per_card,text,unknown,,active,needs_review,needs_review,"가격 단위 추정, 배송비 포함 여부 미확정",estimated,yes,candidate_estimated,우타 sr 0.1 (4)
8b63d825cd00748ceed67dfa,onepiececardgame,원피스 카드게임,2026-08,2026-08-09T01:01:39+09:00,known,c58d22db28e7989d1826501a,8b63d825cd00748ceed67dfa,106301,https://m.dcinside.com/board/onepiececardgame/106301,우타 sp 및 히로인즈 13탄 ㅍㅍ,seller-f549f7ffaaa7faa31011b79a,붕붕,guest,타시기 페레,타시기 페레,타시기 페레 0.5 (,,,buy,구매,1,1,10000,estimated,per_card,text,unknown,,active,needs_review,needs_review,"가격 단위 추정, 배송비 포함 여부 미확정",estimated,yes,candidate_estimated,타시기 페레 0.5 (1)
8e2582eac3b497fda60387a7,onepiececardgame,원피스 카드게임,2026-08,2026-08-09T01:01:39+09:00,known,c58d22db28e7989d1826501a,8e2582eac3b497fda60387a7,106301,https://m.dcinside.com/board/onepiececardgame/106301,우타 sp 및 히로인즈 13탄 ㅍㅍ,seller-f549f7ffaaa7faa31011b79a,붕붕,guest,임 리페 뒷면하자,임 리페 뒷면하자,임 리페 4 (뒷면하자) (,,,buy,구매,1,1,10000,estimated,per_card,text,unknown,,active,needs_review,needs_review,"가격 단위 추정, 배송비 포함 여부 미확정",estimated,yes,candidate_estimated,임 리페 4 (뒷면하자) (1)
929f21ad2ab44a6047a737a2,onepiececardgame,원피스 카드게임,2026-08,2026-08-09T01:01:39+09:00,known,c58d22db28e7989d1826501a,929f21ad2ab44a6047a737a2,106301,https://m.dcinside.com/board/onepiececardgame/106301,우타 sp 및 히로인즈 13탄 ㅍㅍ,seller-f549f7ffaaa7faa31011b79a,붕붕,guest,샹크스 레페,샹크스 레페,샹크스 레페 2 (,,,buy,구매,1,1,10000,estimated,per_card,text,unknown,,active,needs_review,needs_review,"가격 단위 추정, 배송비 포함 여부 미확정",estimated,yes,candidate_estimated,샹크스 레페 2 (1)
aae410dbe81145b3e865959b,onepiececardgame,원피스 카드게임,2026-08,2026-08-09T01:01:39+09:00,known,c58d22db28e7989d1826501a,aae410dbe81145b3e865959b,106301,https://m.dcinside.com/board/onepiececardgame/106301,우타 sp 및 히로인즈 13탄 ㅍㅍ,seller-f549f7ffaaa7faa31011b79a,붕붕,guest,링링 페레,링링 페레,링링 페레 1.3 (,,,buy,구매,1,1,10000,estimated,per_card,text,unknown,,active,needs_review,needs_review,"가격 단위 추정, 배송비 포함 여부 미확정",estimated,yes,candidate_estimated,링링 페레 1.3 (1)
ae40b059999952e970ab9169,onepiececardgame,원피스 카드게임,2026-08,2026-08-09T01:01:39+09:00,known,c58d22db28e7989d1826501a,ae40b059999952e970ab9169,106301,https://m.dcinside.com/board/onepiececardgame/106301,우타 sp 및 히로인즈 13탄 ㅍㅍ,seller-f549f7ffaaa7faa31011b79a,붕붕,guest,임 리페,임 리페,임 리페 5 (,,,buy,구매,1,1,10000,estimated,per_card,text,unknown,,active,needs_review,needs_review,"가격 단위 추정, 배송비 포함 여부 미확정",estimated,yes,candidate_estimated,임 리페 5 (1)
c153b71c077687d1502a1653,onepiececardgame,원피스 카드게임,2026-08,2026-08-09T01:01:39+09:00,known,c58d22db28e7989d1826501a,c153b71c077687d1502a1653,106301,https://m.dcinside.com/board/onepiececardgame/106301,우타 sp 및 히로인즈 13탄 ㅍㅍ,seller-f549f7ffaaa7faa31011b79a,붕붕,guest,행콕 sr,행콕 sr,행콕 sr 0.1 (,,,buy,구매,1,3,30000,estimated,per_card,text,unknown,,active,needs_review,needs_review,"가격 단위 추정, 배송비 포함 여부 미확정",estimated,yes,candidate_estimated,행콕 sr 0.1 (3)
c6ae91be503064dc38071337,onepiececardgame,원피스 카드게임,2026-08,2026-08-09T01:01:39+09:00,known,c58d22db28e7989d1826501a,c6ae91be503064dc38071337,106301,https://m.dcinside.com/board/onepiececardgame/106301,우타 sp 및 히로인즈 13탄 ㅍㅍ,seller-f549f7ffaaa7faa31011b79a,붕붕,guest,럭키 루 페레,럭키 루 페레,럭키 루 페레 0.5 (,,,buy,구매,1,2,20000,estimated,per_card,text,unknown,,active,needs_review,needs_review,"가격 단위 추정, 배송비 포함 여부 미확정",estimated,yes,candidate_estimated,럭키 루 페레 0.5 (2)
c91692da29e31ed0b75993d6,onepiececardgame,원피스 카드게임,2026-08,2026-08-09T01:01:39+09:00,known,c58d22db28e7989d1826501a,c91692da29e31ed0b75993d6,106301,https://m.dcinside.com/board/onepiececardgame/106301,우타 sp 및 히로인즈 13탄 ㅍㅍ,seller-f549f7ffaaa7faa31011b79a,붕붕,guest,비비 sr,비비 sr,비비 sr 0.1 (,,,buy,구매,1,1,10000,estimated,per_card,text,unknown,,active,needs_review,needs_review,"가격 단위 추정, 배송비 포함 여부 미확정",estimated,yes,candidate_estimated,비비 sr 0.1 (1)
d44d7a3256bd4f4b0afe3d4d,onepiececardgame,원피스 카드게임,2026-08,2026-08-09T01:01:39+09:00,known,c58d22db28e7989d1826501a,d44d7a3256bd4f4b0afe3d4d,106301,https://m.dcinside.com/board/onepiececardgame/106301,우타 sp 및 히로인즈 13탄 ㅍㅍ,seller-f549f7ffaaa7faa31011b79a,붕붕,guest,우타 일반둥,우타 일반둥,우타 일반둥 0.2(,,,buy,구매,1,1,10000,estimated,per_card,text,unknown,,active,needs_review,needs_review,"가격 단위 추정, 배송비 포함 여부 미확정",estimated,yes,candidate_estimated,우타 일반둥 0.2(1)
daada4c078420e3855a4ab36,onepiececardgame,원피스 카드게임,2026-08,2026-08-09T01:01:39+09:00,known,c58d22db28e7989d1826501a,daada4c078420e3855a4ab36,106301,https://m.dcinside.com/board/onepiececardgame/106301,우타 sp 및 히로인즈 13탄 ㅍㅍ,seller-f549f7ffaaa7faa31011b79a,붕붕,guest,에사보 SR,에사보 SR,에사보 SR 0.4 (,,,buy,구매,1,1,10000,estimated,per_card,text,unknown,,active,needs_review,needs_review,"가격 단위 추정, 배송비 포함 여부 미확정",estimated,yes,candidate_estimated,에사보 SR 0.4 (1)
f748aacefc8becd44be00596,onepiececardgame,원피스 카드게임,2026-08,2026-08-09T01:01:39+09:00,known,c58d22db28e7989d1826501a,f748aacefc8becd44be00596,106301,https://m.dcinside.com/board/onepiececardgame/106301,우타 sp 및 히로인즈 13탄 ㅍㅍ,seller-f549f7ffaaa7faa31011b79a,붕붕,guest,이상 바람 준등 일택,이상 바람 준등 일택,1.5 이상 구매 바람 준등 0.2 일택,,,buy,구매,1,0.4,4000,estimated,per_card,text,unknown,,active,needs_review,needs_review,"가격 단위 추정, 배송비 포함 여부 미확정",estimated,yes,candidate_estimated,1.5 이상 구매 바람 준등 0.2 일택 0.4
ff4d5e8f43c5b7cde37e996c,onepiececardgame,원피스 카드게임,2026-08,2026-08-09T01:01:39+09:00,known,c58d22db28e7989d1826501a,ff4d5e8f43c5b7cde37e996c,106301,https://m.dcinside.com/board/onepiececardgame/106301,우타 sp 및 히로인즈 13탄 ㅍㅍ,seller-f549f7ffaaa7faa31011b79a,붕붕,guest,징베 레페,징베 레페,징베 레페 1 (,,,buy,구매,1,1,10000,estimated,per_card,text,unknown,,active,needs_review,needs_review,"가격 단위 추정, 배송비 포함 여부 미확정",estimated,yes,candidate_estimated,징베 레페 1 (1)
0210744f1a7e74094848f6e5,onepiececardgame,원피스 카드게임,2026-08,2026-08-09T09:35:47+09:00,known,ab42edd9c03e15d2fc27af41,0210744f1a7e74094848f6e5,106319,https://m.dcinside.com/board/onepiececardgame/106319,오늘 영통직 소녀 나미 수몀삽니다,seller-154515dac4de652ad1fb66c3,ㅇㅇ,guest,10수염 장,10수염 장,10수염 장 .,,,buy,구매,1,8,80000,estimated,per_card,text,unknown,,active,needs_review,needs_review,"가격 단위 추정, 배송비 포함 여부 미확정",estimated,yes,candidate_estimated,10수염 장 .8
0c05cc0af6a0471973e8ed8a,onepiececardgame,원피스 카드게임,2026-08,2026-08-09T09:35:47+09:00,known,8f3cfe7bd2bf5e177185665f,0c05cc0af6a0471973e8ed8a,106319,https://m.dcinside.com/board/onepiececardgame/106319,오늘 영통직 소녀 나미 수몀삽니다,seller-49defa542623e74249c76d66,ㅇㅇ,guest,Eb03 5나미 장,Eb03 5나미 장,Eb03 5나미 장,,,buy,구매,1,1.5,15000,estimated,per_card,text,unknown,,active,needs_review,needs_review,"가격 단위 추정, 배송비 포함 여부 미확정",estimated,yes,candidate_estimated,Eb03 5나미 장 1.5
1a8aa6ac835bcb3e85a715a8,onepiececardgame,원피스 카드게임,2026-08,2026-08-09T09:35:47+09:00,known,ddbcf183fa1824a1ceb958ef,1a8aa6ac835bcb3e85a715a8,106319,https://m.dcinside.com/board/onepiececardgame/106319,오늘 영통직 소녀 나미 수몀삽니다,seller-fb0c32a87fa05508b7a265b5,ㅇㅇ,guest,소녀 장,소녀 장,소녀 장,,,buy,구매,1,1,10000,estimated,per_card,text,unknown,,active,needs_review,needs_review,"가격 단위 추정, 배송비 포함 여부 미확정",estimated,yes,candidate_estimated,소녀 장1에 구해봅니다
1ddac8283240e3579f6a67d9,onepiececardgame,원피스 카드게임,2026-08,2026-08-09T09:35:47+09:00,known,04f5572e431ef759b92d7217,1ddac8283240e3579f6a67d9,106319,https://m.dcinside.com/board/onepiececardgame/106319,오늘 영통직 소녀 나미 수몀삽니다,seller-f8561421247668c956b8e324,ㅇㅇ,guest,소녀 장,소녀 장,소녀 장,,,buy,구매,1,1,10000,estimated,per_card,text,unknown,,active,needs_review,needs_review,"가격 단위 추정, 배송비 포함 여부 미확정",estimated,yes,candidate_estimated,소녀 장1에 구해봅니다
396c81462d86cc80afa8a14a,onepiececardgame,원피스 카드게임,2026-08,2026-08-09T09:35:47+09:00,known,8f3cfe7bd2bf5e177185665f,396c81462d86cc80afa8a14a,106319,https://m.dcinside.com/board/onepiececardgame/106319,오늘 영통직 소녀 나미 수몀삽니다,seller-49defa542623e74249c76d66,ㅇㅇ,guest,소녀 장,소녀 장,소녀 장,,,buy,구매,1,1,10000,estimated,per_card,text,unknown,,active,needs_review,needs_review,"가격 단위 추정, 배송비 포함 여부 미확정",estimated,yes,candidate_estimated,소녀 장1에 구해봅니다
4297fffc198e7f92c02c8804,onepiececardgame,원피스 카드게임,2026-08,2026-08-09T09:35:47+09:00,known,ab42edd9c03e15d2fc27af41,4297fffc198e7f92c02c8804,106319,https://m.dcinside.com/board/onepiececardgame/106319,오늘 영통직 소녀 나미 수몀삽니다,seller-154515dac4de652ad1fb66c3,ㅇㅇ,guest,Eb03 5나미 장,Eb03 5나미 장,Eb03 5나미 장,,,buy,구매,1,1.5,15000,estimated,per_card,text,unknown,,active,needs_review,needs_review,"가격 단위 추정, 배송비 포함 여부 미확정",estimated,yes,candidate_estimated,Eb03 5나미 장 1.5
60ab67599f07521d5a45ef43,onepiececardgame,원피스 카드게임,2026-08,2026-08-09T09:35:47+09:00,known,04f5572e431ef759b92d7217,60ab67599f07521d5a45ef43,106319,https://m.dcinside.com/board/onepiececardgame/106319,오늘 영통직 소녀 나미 수몀삽니다,seller-f8561421247668c956b8e324,ㅇㅇ,guest,10수염 장,10수염 장,10수염 장 .,,,buy,구매,1,8,80000,estimated,per_card,text,unknown,,active,needs_review,needs_review,"가격 단위 추정, 배송비 포함 여부 미확정",estimated,yes,candidate_estimated,10수염 장 .8
9305cb38ae1492b2cbd1eb76,onepiececardgame,원피스 카드게임,2026-08,2026-08-09T09:35:47+09:00,known,ddbcf183fa1824a1ceb958ef,9305cb38ae1492b2cbd1eb76,106319,https://m.dcinside.com/board/onepiececardgame/106319,오늘 영통직 소녀 나미 수몀삽니다,seller-fb0c32a87fa05508b7a265b5,ㅇㅇ,guest,Eb03 5나미 장,Eb03 5나미 장,Eb03 5나미 장,,,buy,구매,1,1.5,15000,estimated,per_card,text,unknown,,active,needs_review,needs_review,"가격 단위 추정, 배송비 포함 여부 미확정",estimated,yes,candidate_estimated,Eb03 5나미 장 1.5
96227b3dac4e113ae7007a48,onepiececardgame,원피스 카드게임,2026-08,2026-08-09T09:35:47+09:00,known,ddbcf183fa1824a1ceb958ef,96227b3dac4e113ae7007a48,106319,https://m.dcinside.com/board/onepiececardgame/106319,오늘 영통직 소녀 나미 수몀삽니다,seller-fb0c32a87fa05508b7a265b5,ㅇㅇ,guest,10수염 장,10수염 장,10수염 장 .,,,buy,구매,1,8,80000,estimated,per_card,text,unknown,,active,needs_review,needs_review,"가격 단위 추정, 배송비 포함 여부 미확정",estimated,yes,candidate_estimated,10수염 장 .8
9ca094e41540de322a6d3361,onepiececardgame,원피스 카드게임,2026-08,2026-08-09T09:35:47+09:00,known,8f3cfe7bd2bf5e177185665f,9ca094e41540de322a6d3361,106319,https://m.dcinside.com/board/onepiececardgame/106319,오늘 영통직 소녀 나미 수몀삽니다,seller-49defa542623e74249c76d66,ㅇㅇ,guest,10수염 장,10수염 장,10수염 장 .,,,buy,구매,1,8,80000,estimated,per_card,text,unknown,,active,needs_review,needs_review,"가격 단위 추정, 배송비 포함 여부 미확정",estimated,yes,candidate_estimated,10수염 장 .8
d2501122881c5e455157357b,onepiececardgame,원피스 카드게임,2026-08,2026-08-09T09:35:47+09:00,known,ab42edd9c03e15d2fc27af41,d2501122881c5e455157357b,106319,https://m.dcinside.com/board/onepiececardgame/106319,오늘 영통직 소녀 나미 수몀삽니다,seller-154515dac4de652ad1fb66c3,ㅇㅇ,guest,소녀 장,소녀 장,소녀 장,,,buy,구매,1,1,10000,estimated,per_card,text,unknown,,active,needs_review,needs_review,"가격 단위 추정, 배송비 포함 여부 미확정",estimated,yes,candidate_estimated,소녀 장1에 구해봅니다
f6b3a43e1ce3a25063d0099c,onepiececardgame,원피스 카드게임,2026-08,2026-08-09T09:35:47+09:00,known,04f5572e431ef759b92d7217,f6b3a43e1ce3a25063d0099c,106319,https://m.dcinside.com/board/onepiececardgame/106319,오늘 영통직 소녀 나미 수몀삽니다,seller-f8561421247668c956b8e324,ㅇㅇ,guest,Eb03 5나미 장,Eb03 5나미 장,Eb03 5나미 장,,,buy,구매,1,1.5,15000,estimated,per_card,text,unknown,,active,needs_review,needs_review,"가격 단위 추정, 배송비 포함 여부 미확정",estimated,yes,candidate_estimated,Eb03 5나미 장 1.5
0352e6d47a2dd01349d16882,onepiececardgame,원피스 카드게임,2026-08,2026-08-09T11:01:55+09:00,known,30d19df169b6f3a76496a9c9,0352e6d47a2dd01349d16882,106327,https://m.dcinside.com/board/onepiececardgame/106327,금샹 은샹 아무거나 구함,seller-3a848f8c89001597a54087b8,ㅇㅇ,guest,금샹,금샹,금샹,,,buy,구매,1,50,500000,estimated,per_card,text,unknown,,active,needs_review,needs_review,"가격 단위 추정, 배송비 포함 여부 미확정",estimated,yes,candidate_estimated,금샹 50
14f1a394b587ccf280a72a11,onepiececardgame,원피스 카드게임,2026-08,2026-08-09T11:01:55+09:00,known,30d19df169b6f3a76496a9c9,14f1a394b587ccf280a72a11,106327,https://m.dcinside.com/board/onepiececardgame/106327,금샹 은샹 아무거나 구함,seller-3a848f8c89001597a54087b8,ㅇㅇ,guest,은샹,은샹,은샹,,,buy,구매,1,20,200000,estimated,per_card,text,unknown,,active,needs_review,needs_review,"가격 단위 추정, 배송비 포함 여부 미확정",estimated,yes,candidate_estimated,은샹 20
175fa8b626336689b88b6a72,onepiececardgame,원피스 카드게임,2026-08,2026-08-09T11:01:55+09:00,known,92b799fdd435565f71a3a3eb,175fa8b626336689b88b6a72,106327,https://m.dcinside.com/board/onepiececardgame/106327,금샹 은샹 아무거나 구함,seller-8ee0515a1c5be36d0a46a37b,ㅇㅇ,guest,은샹,은샹,은샹,,,buy,구매,1,20,200000,estimated,per_card,text,unknown,,active,needs_review,needs_review,"가격 단위 추정, 배송비 포함 여부 미확정",estimated,yes,candidate_estimated,은샹 20
4368d655e6d9b9deb56db7a9,onepiececardgame,원피스 카드게임,2026-08,2026-08-09T11:01:55+09:00,known,081cef6885b0fd584d8fc923,4368d655e6d9b9deb56db7a9,106327,https://m.dcinside.com/board/onepiececardgame/106327,금샹 은샹 아무거나 구함,seller-ef201a7b9399b8791b777693,ㅇㅇ,guest,금샹,금샹,금샹,,,buy,구매,1,50,500000,estimated,per_card,text,unknown,,active,needs_review,needs_review,"가격 단위 추정, 배송비 포함 여부 미확정",estimated,yes,candidate_estimated,금샹 50
5a53684555ea568e06b25c07,onepiececardgame,원피스 카드게임,2026-08,2026-08-09T11:01:55+09:00,known,631b48c24fd0f3a390bba0cc,5a53684555ea568e06b25c07,106327,https://m.dcinside.com/board/onepiececardgame/106327,금샹 은샹 아무거나 구함,seller-7fc4833bb618e137a58157e9,ㅇㅇ,guest,은샹,은샹,은샹,,,buy,구매,1,20,200000,estimated,per_card,text,unknown,,active,needs_review,needs_review,"가격 단위 추정, 배송비 포함 여부 미확정",estimated,yes,candidate_estimated,은샹 20
7d455b21fe69cd384496a66d,onepiececardgame,원피스 카드게임,2026-08,2026-08-09T11:01:55+09:00,known,631b48c24fd0f3a390bba0cc,7d455b21fe69cd384496a66d,106327,https://m.dcinside.com/board/onepiececardgame/106327,금샹 은샹 아무거나 구함,seller-7fc4833bb618e137a58157e9,ㅇㅇ,guest,금샹,금샹,금샹,,,buy,구매,1,50,500000,estimated,per_card,text,unknown,,active,needs_review,needs_review,"가격 단위 추정, 배송비 포함 여부 미확정",estimated,yes,candidate_estimated,금샹 50
9f4e28784bef84d1ccac4679,onepiececardgame,원피스 카드게임,2026-08,2026-08-09T11:01:55+09:00,known,081cef6885b0fd584d8fc923,9f4e28784bef84d1ccac4679,106327,https://m.dcinside.com/board/onepiececardgame/106327,금샹 은샹 아무거나 구함,seller-ef201a7b9399b8791b777693,ㅇㅇ,guest,은샹,은샹,은샹,,,buy,구매,1,20,200000,estimated,per_card,text,unknown,,active,needs_review,needs_review,"가격 단위 추정, 배송비 포함 여부 미확정",estimated,yes,candidate_estimated,은샹 20
c920261132400c8177d28582,onepiececardgame,원피스 카드게임,2026-08,2026-08-09T11:01:55+09:00,known,92b799fdd435565f71a3a3eb,c920261132400c8177d28582,106327,https://m.dcinside.com/board/onepiececardgame/106327,금샹 은샹 아무거나 구함,seller-8ee0515a1c5be36d0a46a37b,ㅇㅇ,guest,금샹,금샹,금샹,,,buy,구매,1,50,500000,estimated,per_card,text,unknown,,active,needs_review,needs_review,"가격 단위 추정, 배송비 포함 여부 미확정",estimated,yes,candidate_estimated,금샹 50
199940a97ad304fafab8c000,onepiececardgame,원피스 카드게임,2026-08,2026-08-09T13:07:58+09:00,known,07a00d4339b342f76a67ff85,199940a97ad304fafab8c000,106343,https://m.dcinside.com/board/onepiececardgame/106343,13탄 루피 시크 페레 구매합니다.,seller-8ad10b55fa52911e796a44cf,원딱러,registered,,장당,장당,,,buy,구매,1,6.0,60000,estimated,per_card,text,unknown,,active,needs_review,needs_review,"가격 단위 추정, 배송비 포함 여부 미확정",estimated,yes,candidate_estimated,장당 6.0에 두장 구매합니다.
8389c683ab7958c6028b2675,onepiececardgame,원피스 카드게임,2026-08,2026-08-09T13:07:58+09:00,known,9663fa805ea9301e36c39201,8389c683ab7958c6028b2675,106343,https://m.dcinside.com/board/onepiececardgame/106343,13탄 루피 시크 페레 구매합니다.,seller-8ad10b55fa52911e796a44cf,원딱러,registered,,장당,장당,,,buy,구매,1,6.0,60000,estimated,per_card,text,unknown,,active,needs_review,needs_review,"가격 단위 추정, 배송비 포함 여부 미확정",estimated,yes,candidate_estimated,장당 6.0에 두장 구매합니다.
9611c7128c8b29a63884adc3,onepiececardgame,원피스 카드게임,2026-08,2026-08-09T13:07:58+09:00,known,de7952d1b1d31ede58357cce,9611c7128c8b29a63884adc3,106343,https://m.dcinside.com/board/onepiececardgame/106343,13탄 루피 시크 페레 구매합니다.,seller-8ad10b55fa52911e796a44cf,원딱러,registered,,장당,장당,,,buy,구매,1,6.0,60000,estimated,per_card,text,unknown,,active,needs_review,needs_review,"가격 단위 추정, 배송비 포함 여부 미확정",estimated,yes,candidate_estimated,장당 6.0에 두장 구매합니다.
cb4f21365bc7119f3c065ca2,onepiececardgame,원피스 카드게임,2026-08,2026-08-09T13:07:58+09:00,known,c2bfc7c8a3be5b7000d2beda,cb4f21365bc7119f3c065ca2,106343,https://m.dcinside.com/board/onepiececardgame/106343,13탄 루피 시크 페레 구매합니다.,seller-8ad10b55fa52911e796a44cf,원딱러,registered,,장당,장당,,,buy,구매,1,6.0,60000,estimated,per_card,text,unknown,,active,needs_review,needs_review,"가격 단위 추정, 배송비 포함 여부 미확정",estimated,yes,candidate_estimated,장당 6.0에 두장 구매합니다.
109618d175776df8a457eeb8,onepiececardgame,원피스 카드게임,2026-08,2026-08-09T16:35:56+09:00,known,5e899372038d20524645cb9d,109618d175776df8a457eeb8,106364,https://m.dcinside.com/board/onepiececardgame/106364,스튜시sp2장 코알라sp1장 구합니다,seller-0d306a1cb858e39faa5605d5,샬럿초이,guest,코알라sp,코알라sp,코알라sp 장당,,,buy,구매,1,7.5,75000,estimated,per_card,text,unknown,,reserved,context_only,needs_review,"가격 단위 추정, 배송비 포함 여부 미확정, 예약·홀딩 글 · 현재 매물 제외",estimated,no,no,코알라sp1장 장당 7.5에 구합니다 (예약중)
5ce8c547c4f9f4d8c8116232,onepiececardgame,원피스 카드게임,2026-08,2026-08-09T16:35:56+09:00,known,168f4c429777dbb05d27ae98,5ce8c547c4f9f4d8c8116232,106364,https://m.dcinside.com/board/onepiececardgame/106364,스튜시sp2장 코알라sp1장 구합니다,seller-80a00b26ae3d211b2004f153,샬럿초이,guest,스튜시sp,스튜시sp,스튜시sp 장당,,,buy,구매,2,8.0,80000,estimated,per_card,text,unknown,,reserved,context_only,needs_review,"가격 단위 추정, 배송비 포함 여부 미확정, 예약·홀딩 글 · 현재 매물 제외",estimated,no,no,스튜시sp2장 장당 8.0
8a697d30821cf54463b35ae0,onepiececardgame,원피스 카드게임,2026-08,2026-08-09T16:35:56+09:00,known,b41685b436a4a50a8f932dc9,8a697d30821cf54463b35ae0,106364,https://m.dcinside.com/board/onepiececardgame/106364,스튜시sp2장 코알라sp1장 구합니다,seller-8ae97734c93c97f03d94b8f2,샬럿초이,guest,코알라sp,코알라sp,코알라sp 장당,,,buy,구매,1,7.5,75000,estimated,per_card,text,unknown,,reserved,context_only,needs_review,"가격 단위 추정, 배송비 포함 여부 미확정, 예약·홀딩 글 · 현재 매물 제외",estimated,no,no,코알라sp1장 장당 7.5에 구합니다 (예약중)
9c2232693b33088bf7350b8d,onepiececardgame,원피스 카드게임,2026-08,2026-08-09T16:35:56+09:00,known,168f4c429777dbb05d27ae98,9c2232693b33088bf7350b8d,106364,https://m.dcinside.com/board/onepiececardgame/106364,스튜시sp2장 코알라sp1장 구합니다,seller-80a00b26ae3d211b2004f153,샬럿초이,guest,코알라sp,코알라sp,코알라sp 장당,,,buy,구매,1,7.5,75000,estimated,per_card,text,unknown,,reserved,context_only,needs_review,"가격 단위 추정, 배송비 포함 여부 미확정, 예약·홀딩 글 · 현재 매물 제외",estimated,no,no,코알라sp1장 장당 7.5에 구합니다 (예약중)
da160de000df9bca935e56dd,onepiececardgame,원피스 카드게임,2026-08,2026-08-09T16:35:56+09:00,known,b41685b436a4a50a8f932dc9,da160de000df9bca935e56dd,106364,https://m.dcinside.com/board/onepiececardgame/106364,스튜시sp2장 코알라sp1장 구합니다,seller-8ae97734c93c97f03d94b8f2,샬럿초이,guest,스튜시sp,스튜시sp,스튜시sp 장당,,,buy,구매,2,8.0,80000,estimated,per_card,text,unknown,,reserved,context_only,needs_review,"가격 단위 추정, 배송비 포함 여부 미확정, 예약·홀딩 글 · 현재 매물 제외",estimated,no,no,스튜시sp2장 장당 8.0
dec4ef7c1729afa6b7f73848,onepiececardgame,원피스 카드게임,2026-08,2026-08-09T16:35:56+09:00,known,5e899372038d20524645cb9d,dec4ef7c1729afa6b7f73848,106364,https://m.dcinside.com/board/onepiececardgame/106364,스튜시sp2장 코알라sp1장 구합니다,seller-0d306a1cb858e39faa5605d5,샬럿초이,guest,스튜시sp,스튜시sp,스튜시sp 장당,,,buy,구매,2,8.0,80000,estimated,per_card,text,unknown,,reserved,context_only,needs_review,"가격 단위 추정, 배송비 포함 여부 미확정, 예약·홀딩 글 · 현재 매물 제외",estimated,no,no,스튜시sp2장 장당 8.0
c1e242fd463ace5d6f3fec85,onepiececardgame,원피스 카드게임,2026-08,2026-08-09T17:34:06+09:00,known,5c704231cd9e2458237895ad,c1e242fd463ace5d6f3fec85,106372,https://m.dcinside.com/board/onepiececardgame/106372,1코 페로나 4장 6.5에 구합니다,seller-8ad10b55fa52911e796a44cf,원딱러,registered,1코 페로나,1코 페로나,1코 페로나,,,buy,구매,4,6.5,65000,estimated,per_quantity,text,unknown,,active,needs_review,needs_review,"가격 단위 추정, 배송비 포함 여부 미확정, 복수 수량 총액 · 카드 1장 가격 아님",estimated,no,no,1코 페로나 4장 6.5에 구합니다
daf546630688b819fade5af5,onepiececardgame,원피스 카드게임,2026-08,2026-08-09T17:34:06+09:00,known,d3b28cb3b733dc6a1189984d,daf546630688b819fade5af5,106372,https://m.dcinside.com/board/onepiececardgame/106372,1코 페로나 4장 6.5에 구합니다,seller-8ad10b55fa52911e796a44cf,원딱러,registered,1코 페로나,1코 페로나,1코 페로나,,,buy,구매,4,6.5,65000,estimated,per_quantity,text,unknown,,active,needs_review,needs_review,"가격 단위 추정, 배송비 포함 여부 미확정, 복수 수량 총액 · 카드 1장 가격 아님",estimated,no,no,1코 페로나 4장 6.5에 구합니다
f266c7fd515f346412bfd54f,onepiececardgame,원피스 카드게임,2026-08,2026-08-09T17:34:06+09:00,known,2c89aaf16ecb35977ac8950f,f266c7fd515f346412bfd54f,106372,https://m.dcinside.com/board/onepiececardgame/106372,1코 페로나 4장 6.5에 구합니다,seller-8ad10b55fa52911e796a44cf,원딱러,registered,1코 페로나,1코 페로나,1코 페로나,,,buy,구매,4,6.5,65000,estimated,per_quantity,text,unknown,,active,needs_review,needs_review,"가격 단위 추정, 배송비 포함 여부 미확정, 복수 수량 총액 · 카드 1장 가격 아님",estimated,no,no,1코 페로나 4장 6.5에 구합니다
106104bb743c7baece56a5e4,onepiececardgame,원피스 카드게임,2026-08,2026-08-09T21:38:36+09:00,known,af08b50732dff096265b65b4,106104bb743c7baece56a5e4,106406,https://m.dcinside.com/board/onepiececardgame/106406,챔피언십 챔쉽 조로 카드 구합니다,seller-0e645080822a9b8b1911e51c,롤로,registered,미개봉 기준,미개봉 기준,미개봉 기준,,,buy,구매,1,400,4000000,estimated,per_card,text,unknown,,active,needs_review,needs_review,"가격 단위 추정, 배송비 포함 여부 미확정",estimated,yes,candidate_estimated,미개봉 기준 400
42db0ff9b6245db0f8323abd,onepiececardgame,원피스 카드게임,2026-08,2026-08-09T21:38:36+09:00,known,0e4e32a166e32087a4080a5f,42db0ff9b6245db0f8323abd,106406,https://m.dcinside.com/board/onepiececardgame/106406,챔피언십 챔쉽 조로 카드 구합니다,seller-0e645080822a9b8b1911e51c,롤로,registered,미개봉 기준,미개봉 기준,미개봉 기준,,,buy,구매,1,400,4000000,estimated,per_card,text,unknown,,active,needs_review,needs_review,"가격 단위 추정, 배송비 포함 여부 미확정",estimated,yes,candidate_estimated,미개봉 기준 400
43183e56450e57da8557ee38,onepiececardgame,원피스 카드게임,2026-08,2026-08-09T21:38:36+09:00,known,0481f917f20db3029ac574a7,43183e56450e57da8557ee38,106406,https://m.dcinside.com/board/onepiececardgame/106406,챔피언십 챔쉽 조로 카드 구합니다,seller-0e645080822a9b8b1911e51c,롤로,registered,미개봉 기준,미개봉 기준,미개봉 기준,,,buy,구매,1,400,4000000,estimated,per_card,text,unknown,,active,needs_review,needs_review,"가격 단위 추정, 배송비 포함 여부 미확정",estimated,yes,candidate_estimated,미개봉 기준 400
6fa00f11b15fe36f957f9373,onepiececardgame,원피스 카드게임,2026-08,2026-08-09T21:38:36+09:00,known,8981f6d02b22e88dc7667028,6fa00f11b15fe36f957f9373,106406,https://m.dcinside.com/board/onepiececardgame/106406,챔피언십 챔쉽 조로 카드 구합니다,seller-0e645080822a9b8b1911e51c,롤로,registered,미개봉 기준,미개봉 기준,미개봉 기준,,,buy,구매,1,400,4000000,estimated,per_card,text,unknown,,active,needs_review,needs_review,"가격 단위 추정, 배송비 포함 여부 미확정",estimated,yes,candidate_estimated,미개봉 기준 400
1a2efef23bc24c36873f37ee,onepiececardgame,원피스 카드게임,2026-08,2026-08-09T22:57:21+09:00,known,bab63dac0f60e93c96f6b72c,1a2efef23bc24c36873f37ee,106414,https://m.dcinside.com/board/onepiececardgame/106414,5스모커 4장 삽니다,seller-7d628f57b0f48c4d704f3eda,ㅇㅇ,guest,5스모커,5스모커,5스모커 4장,,,buy,구매,1,,,missing,unknown,unknown,unknown,,active,needs_review,needs_review,희망가 미기재,missing,no,no,5스모커 4장 삽니다
a39dbd7243d3787928e86271,onepiececardgame,원피스 카드게임,2026-08,2026-08-09T22:57:21+09:00,known,fe254a016b57968a5edc15c3,a39dbd7243d3787928e86271,106414,https://m.dcinside.com/board/onepiececardgame/106414,5스모커 4장 삽니다,seller-240ffe9becde24d944f89aa8,ㅇㅇ,guest,5스모커,5스모커,5스모커 4장,,,buy,구매,1,,,missing,unknown,unknown,unknown,,active,needs_review,needs_review,희망가 미기재,missing,no,no,5스모커 4장 삽니다
cb25168f43a8b308318fc002,onepiececardgame,원피스 카드게임,2026-08,2026-08-09T22:57:21+09:00,known,fe4c7d7941572378cc17d5a6,cb25168f43a8b308318fc002,106414,https://m.dcinside.com/board/onepiececardgame/106414,5스모커 4장 삽니다,seller-8c62000e77e4ac7c7a96c792,ㅇㅇ,guest,5스모커,5스모커,5스모커 4장,,,buy,구매,1,,,missing,unknown,unknown,unknown,,active,needs_review,needs_review,희망가 미기재,missing,no,no,5스모커 4장 삽니다
f0dcd2b233229b769b34ac80,onepiececardgame,원피스 카드게임,2026-08,2026-08-09T22:57:21+09:00,known,659b16dcaa96b8968a92947f,f0dcd2b233229b769b34ac80,106414,https://m.dcinside.com/board/onepiececardgame/106414,5스모커 4장 삽니다,seller-b4df7ae0118857ff9b0accae,ㅇㅇ,guest,5스모커,5스모커,5스모커 4장,,,buy,구매,1,,,missing,unknown,unknown,unknown,,active,needs_review,needs_review,희망가 미기재,missing,no,no,5스모커 4장 삽니다
0a2c1401d2a1e0865130d6b8,onepiececardgame,원피스 카드게임,2026-08,2026-08-09T23:49:11+09:00,known,5b6004c90ae356042e61819a,0a2c1401d2a1e0865130d6b8,106424,https://m.dcinside.com/board/onepiececardgame/106424,OP13 레일리 페레 삽니다,seller-8ad10b55fa52911e796a44cf,원딱러,registered,,,,,,buy,구매,1,0.8,8000,estimated,per_card,text,unknown,,completed,context_only,needs_review,"가격 단위 추정, 배송비 포함 여부 미확정, 카드명 확인 필요, 거래 완료 글 · 현재 매물 제외",estimated,no,no,1장 0.8에 삽니다.
33b2a461eb3061e84b93398e,onepiececardgame,원피스 카드게임,2026-08,2026-08-09T23:49:11+09:00,known,ff6e99dfb010c253f3e88863,33b2a461eb3061e84b93398e,106424,https://m.dcinside.com/board/onepiececardgame/106424,OP13 레일리 페레 삽니다,seller-8ad10b55fa52911e796a44cf,원딱러,registered,,,,,,buy,구매,1,0.8,8000,estimated,per_card,text,unknown,,completed,context_only,needs_review,"가격 단위 추정, 배송비 포함 여부 미확정, 카드명 확인 필요, 거래 완료 글 · 현재 매물 제외",estimated,no,no,1장 0.8에 삽니다.
58cc9bf6dd24ac6b1a4aa978,onepiececardgame,원피스 카드게임,2026-08,2026-08-09T23:49:11+09:00,known,bf3e3c14c486e2f744bc5d89,58cc9bf6dd24ac6b1a4aa978,106424,https://m.dcinside.com/board/onepiececardgame/106424,OP13 레일리 페레 삽니다,seller-8ad10b55fa52911e796a44cf,원딱러,registered,,,,,,buy,구매,1,0.8,8000,estimated,per_card,text,unknown,,completed,context_only,needs_review,"가격 단위 추정, 배송비 포함 여부 미확정, 카드명 확인 필요, 거래 완료 글 · 현재 매물 제외",estimated,no,no,1장 0.8에 삽니다.
b0d9012c560c5d43f28cd244,onepiececardgame,원피스 카드게임,2026-08,2026-08-09T23:49:11+09:00,known,fa1942911364ea5fa3136301,b0d9012c560c5d43f28cd244,106424,https://m.dcinside.com/board/onepiececardgame/106424,OP13 레일리 페레 삽니다,seller-8ad10b55fa52911e796a44cf,원딱러,registered,,,,,,buy,구매,1,0.8,8000,estimated,per_card,text,unknown,,completed,context_only,needs_review,"가격 단위 추정, 배송비 포함 여부 미확정, 카드명 확인 필요, 거래 완료 글 · 현재 매물 제외",estimated,no,no,1장 0.8에 삽니다.
0111c5d224989803664cd385,onepiececardgame,원피스 카드게임,2026-08,2026-08-10T00:29:00+09:00,known,9dabeae725b8979488a52cec,0111c5d224989803664cd385,106429,https://m.dcinside.com/board/onepiececardgame/106429,우소하치 4장 2.0삽니다,seller-8ad10b55fa52911e796a44cf,원딱러,registered,우소하치,우소하치,우소하치 4장 2.0,,,buy,구매,1,,,missing,unknown,unknown,unknown,,active,needs_review,needs_review,희망가 미기재,missing,no,no,우소하치 4장 2.0삽니다
05ab2cc602ed151def6c2dfe,onepiececardgame,원피스 카드게임,2026-08,2026-08-10T00:29:00+09:00,known,e70343debf00e27f65ca7c80,05ab2cc602ed151def6c2dfe,106429,https://m.dcinside.com/board/onepiececardgame/106429,우소하치 4장 2.0삽니다,seller-8ad10b55fa52911e796a44cf,원딱러,registered,우소하치,우소하치,우소하치 4장 2.0,,,buy,구매,1,,,missing,unknown,unknown,unknown,,active,needs_review,needs_review,희망가 미기재,missing,no,no,우소하치 4장 2.0삽니다
d238453ff980915e7f5348d7,onepiececardgame,원피스 카드게임,2026-08,2026-08-10T00:29:00+09:00,known,fcabc3dad82e29de717b628f,d238453ff980915e7f5348d7,106429,https://m.dcinside.com/board/onepiececardgame/106429,우소하치 4장 2.0삽니다,seller-8ad10b55fa52911e796a44cf,원딱러,registered,우소하치,우소하치,우소하치 4장 2.0,,,buy,구매,1,,,missing,unknown,unknown,unknown,,active,needs_review,needs_review,희망가 미기재,missing,no,no,우소하치 4장 2.0삽니다
de477ffa17555ef030148f59,onepiececardgame,원피스 카드게임,2026-08,2026-08-10T00:29:00+09:00,known,3500077fd2f40c81dbc1de79,de477ffa17555ef030148f59,106429,https://m.dcinside.com/board/onepiececardgame/106429,우소하치 4장 2.0삽니다,seller-8ad10b55fa52911e796a44cf,원딱러,registered,우소하치,우소하치,우소하치 4장 2.0,,,buy,구매,1,,,missing,unknown,unknown,unknown,,active,needs_review,needs_review,희망가 미기재,missing,no,no,우소하치 4장 2.0삽니다
93bf2fb0db4753fe79047524,onepiececardgame,원피스 카드게임,2026-08,2026-08-10T01:23:48+09:00,known,1be788594c69521fe3068fa4,93bf2fb0db4753fe79047524,106434,https://m.dcinside.com/board/onepiececardgame/106434,청색 황색 카드 낱장 삽니다,seller-2b47cd5d219b5f5536241250,dd,guest,,준등포,준등포,,,buy,구매,1,2.0,20000,estimated,per_card,text,unknown,,active,needs_review,needs_review,"가격 단위 추정, 배송비 포함 여부 미확정",estimated,yes,candidate_estimated,준등포 2.0에 삽니다
c111730e1a76facf0764c55a,onepiececardgame,원피스 카드게임,2026-08,2026-08-10T01:23:48+09:00,known,1ae0be50db7d2c28ba8fcef7,c111730e1a76facf0764c55a,106434,https://m.dcinside.com/board/onepiececardgame/106434,청색 황색 카드 낱장 삽니다,seller-c38a914df06320791031d071,dd,guest,,준등포,준등포,,,buy,구매,1,2.0,20000,estimated,per_card,text,unknown,,active,needs_review,needs_review,"가격 단위 추정, 배송비 포함 여부 미확정",estimated,yes,candidate_estimated,준등포 2.0에 삽니다
cd1f25bf10faa825eb939d3d,onepiececardgame,원피스 카드게임,2026-08,2026-08-10T01:23:48+09:00,known,258ab2f57d855f719a7f55a6,cd1f25bf10faa825eb939d3d,106434,https://m.dcinside.com/board/onepiececardgame/106434,청색 황색 카드 낱장 삽니다,seller-ee4778b1689453b210a332a1,dd,guest,,준등포,준등포,,,buy,구매,1,2.0,20000,estimated,per_card,text,unknown,,active,needs_review,needs_review,"가격 단위 추정, 배송비 포함 여부 미확정",estimated,yes,candidate_estimated,준등포 2.0에 삽니다
cfe41ddfcf7fe61fa92d9425,onepiececardgame,원피스 카드게임,2026-08,2026-08-10T01:23:48+09:00,known,e8f1591aee6f75afc754282e,cfe41ddfcf7fe61fa92d9425,106434,https://m.dcinside.com/board/onepiececardgame/106434,청색 황색 카드 낱장 삽니다,seller-0f3bcba65e48d0be04e5909f,dd,guest,,준등포,준등포,,,buy,구매,1,2.0,20000,estimated,per_card,text,unknown,,active,needs_review,needs_review,"가격 단위 추정, 배송비 포함 여부 미확정",estimated,yes,candidate_estimated,준등포 2.0에 삽니다
1a6caefeb4741fb05f149843,onepiececardgame,원피스 카드게임,2026-08,2026-08-10T01:30:28+09:00,known,231e3c4f6f616639604568bb,1a6caefeb4741fb05f149843,106437,https://m.dcinside.com/board/onepiececardgame/106437,내일 홍대 롤링다이스 직으로 카드 구합니다,seller-42936320c6cdaa84350c2c5a,yda6,guest,청색 6코 시크 에이스,청색 6코 시크 에이스,청색 6코 시크 에이스,,,buy,구매,3,1.0,10000,estimated,per_quantity,text,unknown,,active,needs_review,needs_review,"가격 단위 추정, 배송비 포함 여부 미확정, 복수 수량 총액 · 카드 1장 가격 아님",estimated,no,no,청색 6코 시크 에이스 3장 1.0
3d71b4e76c2cbc31bca5f9d1,onepiececardgame,원피스 카드게임,2026-08,2026-08-10T01:30:28+09:00,known,e41bee86448fe1bce3240de9,3d71b4e76c2cbc31bca5f9d1,106437,https://m.dcinside.com/board/onepiececardgame/106437,내일 홍대 롤링다이스 직으로 카드 구합니다,seller-b106f352bc56f23165c270fa,yda6,guest,황색 2코 레어 제우스,황색 2코 레어 제우스,황색 2코 레어 제우스,,,buy,구매,4,1.0,10000,estimated,per_quantity,text,unknown,,active,needs_review,needs_review,"가격 단위 추정, 배송비 포함 여부 미확정, 복수 수량 총액 · 카드 1장 가격 아님",estimated,no,no,황색 2코 레어 제우스 4장 1.0
97579e53f47e72e82a79dbb3,onepiececardgame,원피스 카드게임,2026-08,2026-08-10T01:30:28+09:00,known,231e3c4f6f616639604568bb,97579e53f47e72e82a79dbb3,106437,https://m.dcinside.com/board/onepiececardgame/106437,내일 홍대 롤링다이스 직으로 카드 구합니다,seller-42936320c6cdaa84350c2c5a,yda6,guest,황색 2코 레어 제우스,황색 2코 레어 제우스,황색 2코 레어 제우스,,,buy,구매,4,1.0,10000,estimated,per_quantity,text,unknown,,active,needs_review,needs_review,"가격 단위 추정, 배송비 포함 여부 미확정, 복수 수량 총액 · 카드 1장 가격 아님",estimated,no,no,황색 2코 레어 제우스 4장 1.0
a85e8a5c86a37a15a2dc13aa,onepiececardgame,원피스 카드게임,2026-08,2026-08-10T01:30:28+09:00,known,cc3ff4c971754851e866218a,a85e8a5c86a37a15a2dc13aa,106437,https://m.dcinside.com/board/onepiececardgame/106437,내일 홍대 롤링다이스 직으로 카드 구합니다,seller-cc73300b18e1be508e7150d7,yda6,guest,황색 2코 레어 제우스,황색 2코 레어 제우스,황색 2코 레어 제우스,,,buy,구매,4,1.0,10000,estimated,per_quantity,text,unknown,,active,needs_review,needs_review,"가격 단위 추정, 배송비 포함 여부 미확정, 복수 수량 총액 · 카드 1장 가격 아님",estimated,no,no,황색 2코 레어 제우스 4장 1.0
d7586b3c753001b133547f1b,onepiececardgame,원피스 카드게임,2026-08,2026-08-10T01:30:28+09:00,known,e41bee86448fe1bce3240de9,d7586b3c753001b133547f1b,106437,https://m.dcinside.com/board/onepiececardgame/106437,내일 홍대 롤링다이스 직으로 카드 구합니다,seller-b106f352bc56f23165c270fa,yda6,guest,청색 6코 시크 에이스,청색 6코 시크 에이스,청색 6코 시크 에이스,,,buy,구매,3,1.0,10000,estimated,per_quantity,text,unknown,,active,needs_review,needs_review,"가격 단위 추정, 배송비 포함 여부 미확정, 복수 수량 총액 · 카드 1장 가격 아님",estimated,no,no,청색 6코 시크 에이스 3장 1.0
e21e851a6b3554917f95bc6a,onepiececardgame,원피스 카드게임,2026-08,2026-08-10T01:30:28+09:00,known,cc3ff4c971754851e866218a,e21e851a6b3554917f95bc6a,106437,https://m.dcinside.com/board/onepiececardgame/106437,내일 홍대 롤링다이스 직으로 카드 구합니다,seller-cc73300b18e1be508e7150d7,yda6,guest,청색 6코 시크 에이스,청색 6코 시크 에이스,청색 6코 시크 에이스,,,buy,구매,3,1.0,10000,estimated,per_quantity,text,unknown,,active,needs_review,needs_review,"가격 단위 추정, 배송비 포함 여부 미확정, 복수 수량 총액 · 카드 1장 가격 아님",estimated,no,no,청색 6코 시크 에이스 3장 1.0
e9ed3b5d4557c928e9d3b175,onepiececardgame,원피스 카드게임,2026-08,2026-08-10T01:30:28+09:00,known,f80379ca6ad284ae664b6d87,e9ed3b5d4557c928e9d3b175,106437,https://m.dcinside.com/board/onepiececardgame/106437,내일 홍대 롤링다이스 직으로 카드 구합니다,seller-f468f26e06c07144c08f6aec,yda6,guest,청색 6코 시크 에이스,청색 6코 시크 에이스,청색 6코 시크 에이스,,,buy,구매,3,1.0,10000,estimated,per_quantity,text,unknown,,active,needs_review,needs_review,"가격 단위 추정, 배송비 포함 여부 미확정, 복수 수량 총액 · 카드 1장 가격 아님",estimated,no,no,청색 6코 시크 에이스 3장 1.0
f848b38fc2920f3de6f21d8e,onepiececardgame,원피스 카드게임,2026-08,2026-08-10T01:30:28+09:00,known,f80379ca6ad284ae664b6d87,f848b38fc2920f3de6f21d8e,106437,https://m.dcinside.com/board/onepiececardgame/106437,내일 홍대 롤링다이스 직으로 카드 구합니다,seller-f468f26e06c07144c08f6aec,yda6,guest,황색 2코 레어 제우스,황색 2코 레어 제우스,황색 2코 레어 제우스,,,buy,구매,4,1.0,10000,estimated,per_quantity,text,unknown,,active,needs_review,needs_review,"가격 단위 추정, 배송비 포함 여부 미확정, 복수 수량 총액 · 카드 1장 가격 아님",estimated,no,no,황색 2코 레어 제우스 4장 1.0
0aac48e483a5fcf60b69fa1d,onepiececardgame,원피스 카드게임,2026-08,2026-08-10T02:10:31+09:00,known,281f27a4e0f35cadb374770c,0aac48e483a5fcf60b69fa1d,106439,https://m.dcinside.com/board/onepiececardgame/106439,적녹루피덱 소스 구매해봅니다,seller-8ad10b55fa52911e796a44cf,원딱러,registered,리더페레,리더페레,리더페레,,,buy,구매,1,4.0,40000,estimated,per_card,text,unknown,,active,needs_review,needs_review,"가격 단위 추정, 배송비 포함 여부 미확정",estimated,yes,candidate_estimated,리더페레 4.0
0e84b27601a7ee160c25bfc2,onepiececardgame,원피스 카드게임,2026-08,2026-08-10T02:10:31+09:00,known,ed8037934d44e5d3024bd255,0e84b27601a7ee160c25bfc2,106439,https://m.dcinside.com/board/onepiececardgame/106439,적녹루피덱 소스 구매해봅니다,seller-8ad10b55fa52911e796a44cf,원딱러,registered,var safe = window.dcAd && window.dcAd.safe ==,var safe = window.dcAd && window.dcAd.safe ==,var safe = (window.dcAd && window.dcAd.safe ==,,,buy,구매,1,1,10000,estimated,bundle,text,unknown,,active,needs_review,needs_review,"가격 단위 추정, 복수 카드 가격, 배송비 포함 여부 미확정, 묶음·세트 총액 · 개별 카드 가격 아님",estimated,no,no,var safe = (window.dcAd && window.dcAd.safe == 1)
0f5483b225aab1af80c95ec8,onepiececardgame,원피스 카드게임,2026-08,2026-08-10T02:10:31+09:00,known,5094490e6b50fd5cb3b7e63d,0f5483b225aab1af80c95ec8,106439,https://m.dcinside.com/board/onepiececardgame/106439,적녹루피덱 소스 구매해봅니다,seller-8ad10b55fa52911e796a44cf,원딱러,registered,리더페레,리더페레,리더페레,,,buy,구매,1,4.0,40000,estimated,per_card,text,unknown,,active,needs_review,needs_review,"가격 단위 추정, 배송비 포함 여부 미확정",estimated,yes,candidate_estimated,리더페레 4.0
1c679872bef19022a0bcca37,onepiececardgame,원피스 카드게임,2026-08,2026-08-10T02:10:31+09:00,known,76c8ffedd07f162c8717894f,1c679872bef19022a0bcca37,106439,https://m.dcinside.com/board/onepiececardgame/106439,적녹루피덱 소스 구매해봅니다,seller-8ad10b55fa52911e796a44cf,원딱러,registered,loadScript 'https pagead,loadScript 'https pagead,loadScript('https://pagead,,,buy,구매,1,2,20000,estimated,bundle,text,unknown,,active,needs_review,needs_review,"가격 단위 추정, 복수 카드 가격, 배송비 포함 여부 미확정, 묶음·세트 총액 · 개별 카드 가격 아님",estimated,no,no,"loadScript('https://pagead2.googlesyndication.com/pagead/js/adsbygoogle_direct.js?client=ca-pub-8171468792791627', true, 'anonymous');"
2f99547ddc233ebfb2449a41,onepiececardgame,원피스 카드게임,2026-08,2026-08-10T02:10:31+09:00,known,ed8037934d44e5d3024bd255,2f99547ddc233ebfb2449a41,106439,https://m.dcinside.com/board/onepiececardgame/106439,적녹루피덱 소스 구매해봅니다,seller-8ad10b55fa52911e796a44cf,원딱러,registered,loadScript ' t,loadScript ' t,loadScript('//t,,,buy,구매,1,1,10000,estimated,bundle,text,unknown,,active,needs_review,needs_review,"가격 단위 추정, 복수 카드 가격, 배송비 포함 여부 미확정, 묶음·세트 총액 · 개별 카드 가격 아님",estimated,no,no,"loadScript('//t1.kakaocdn.net/kas/static/ba.min.js', true);"
3fd8e18f19846192a7d69374,onepiececardgame,원피스 카드게임,2026-08,2026-08-10T02:10:31+09:00,known,5094490e6b50fd5cb3b7e63d,3fd8e18f19846192a7d69374,106439,https://m.dcinside.com/board/onepiececardgame/106439,적녹루피덱 소스 구매해봅니다,seller-8ad10b55fa52911e796a44cf,원딱러,registered,DOM 삽입 헬퍼 현재 스크립트 위치 기준,DOM 삽입 헬퍼 현재 스크립트 위치 기준,// ---- DOM 삽입 헬퍼 (현재 스크립트 위치 기준,,,buy,구매,1,1,10000,estimated,bundle,text,unknown,,active,needs_review,needs_review,"가격 단위 추정, 복수 카드 가격, 배송비 포함 여부 미확정, 묶음·세트 총액 · 개별 카드 가격 아님",estimated,no,no,// ---- DOM 삽입 헬퍼 (현재 스크립트 위치 기준1)
520d3520ddf8825f88d14a9c,onepiececardgame,원피스 카드게임,2026-08,2026-08-10T02:10:31+09:00,known,281f27a4e0f35cadb374770c,520d3520ddf8825f88d14a9c,106439,https://m.dcinside.com/board/onepiececardgame/106439,적녹루피덱 소스 구매해봅니다,seller-8ad10b55fa52911e796a44cf,원딱러,registered,DOM 삽입 헬퍼 현재 스크립트 위치 기준,DOM 삽입 헬퍼 현재 스크립트 위치 기준,// ---- DOM 삽입 헬퍼 (현재 스크립트 위치 기준,,,buy,구매,1,1,10000,estimated,bundle,text,unknown,,active,needs_review,needs_review,"가격 단위 추정, 복수 카드 가격, 배송비 포함 여부 미확정, 묶음·세트 총액 · 개별 카드 가격 아님",estimated,no,no,// ---- DOM 삽입 헬퍼 (현재 스크립트 위치 기준1)
544329d6433abd7477f75c20,onepiececardgame,원피스 카드게임,2026-08,2026-08-10T02:10:31+09:00,known,281f27a4e0f35cadb374770c,544329d6433abd7477f75c20,106439,https://m.dcinside.com/board/onepiececardgame/106439,적녹루피덱 소스 구매해봅니다,seller-8ad10b55fa52911e796a44cf,원딱러,registered,loadScript ' t,loadScript ' t,loadScript('//t,,,buy,구매,1,1,10000,estimated,bundle,text,unknown,,active,needs_review,needs_review,"가격 단위 추정, 복수 카드 가격, 배송비 포함 여부 미확정, 묶음·세트 총액 · 개별 카드 가격 아님",estimated,no,no,"loadScript('//t1.kakaocdn.net/kas/static/ba.min.js', true);"
58f129ab39b6f4f665e767aa,onepiececardgame,원피스 카드게임,2026-08,2026-08-10T02:10:31+09:00,known,ed8037934d44e5d3024bd255,58f129ab39b6f4f665e767aa,106439,https://m.dcinside.com/board/onepiececardgame/106439,적녹루피덱 소스 구매해봅니다,seller-8ad10b55fa52911e796a44cf,원딱러,registered,DOM 삽입 헬퍼 현재 스크립트 위치 기준,DOM 삽입 헬퍼 현재 스크립트 위치 기준,// ---- DOM 삽입 헬퍼 (현재 스크립트 위치 기준,,,buy,구매,1,1,10000,estimated,bundle,text,unknown,,active,needs_review,needs_review,"가격 단위 추정, 복수 카드 가격, 배송비 포함 여부 미확정, 묶음·세트 총액 · 개별 카드 가격 아님",estimated,no,no,// ---- DOM 삽입 헬퍼 (현재 스크립트 위치 기준1)
6fa80e84b4e3cd076d296f24,onepiececardgame,원피스 카드게임,2026-08,2026-08-10T02:10:31+09:00,known,76c8ffedd07f162c8717894f,6fa80e84b4e3cd076d296f24,106439,https://m.dcinside.com/board/onepiececardgame/106439,적녹루피덱 소스 구매해봅니다,seller-8ad10b55fa52911e796a44cf,원딱러,registered,loadScript ' t,loadScript ' t,loadScript('//t,,,buy,구매,1,1,10000,estimated,bundle,text,unknown,,active,needs_review,needs_review,"가격 단위 추정, 복수 카드 가격, 배송비 포함 여부 미확정, 묶음·세트 총액 · 개별 카드 가격 아님",estimated,no,no,"loadScript('//t1.kakaocdn.net/kas/static/ba.min.js', true);"
78d2500da48db31b83a0206d,onepiececardgame,원피스 카드게임,2026-08,2026-08-10T02:10:31+09:00,known,5094490e6b50fd5cb3b7e63d,78d2500da48db31b83a0206d,106439,https://m.dcinside.com/board/onepiececardgame/106439,적녹루피덱 소스 구매해봅니다,seller-8ad10b55fa52911e796a44cf,원딱러,registered,loadScript ' t,loadScript ' t,loadScript('//t,,,buy,구매,1,1,10000,estimated,bundle,text,unknown,,active,needs_review,needs_review,"가격 단위 추정, 복수 카드 가격, 배송비 포함 여부 미확정, 묶음·세트 총액 · 개별 카드 가격 아님",estimated,no,no,"loadScript('//t1.kakaocdn.net/kas/static/ba.min.js', true);"
83a09be9af920f5f0c1c101b,onepiececardgame,원피스 카드게임,2026-08,2026-08-10T02:10:31+09:00,known,76c8ffedd07f162c8717894f,83a09be9af920f5f0c1c101b,106439,https://m.dcinside.com/board/onepiececardgame/106439,적녹루피덱 소스 구매해봅니다,seller-8ad10b55fa52911e796a44cf,원딱러,registered,DOM 삽입 헬퍼 현재 스크립트 위치 기준,DOM 삽입 헬퍼 현재 스크립트 위치 기준,// ---- DOM 삽입 헬퍼 (현재 스크립트 위치 기준,,,buy,구매,1,1,10000,estimated,bundle,text,unknown,,active,needs_review,needs_review,"가격 단위 추정, 복수 카드 가격, 배송비 포함 여부 미확정, 묶음·세트 총액 · 개별 카드 가격 아님",estimated,no,no,// ---- DOM 삽입 헬퍼 (현재 스크립트 위치 기준1)
8f47ed89ae649509cb1b123a,onepiececardgame,원피스 카드게임,2026-08,2026-08-10T02:10:31+09:00,known,ed8037934d44e5d3024bd255,8f47ed89ae649509cb1b123a,106439,https://m.dcinside.com/board/onepiececardgame/106439,적녹루피덱 소스 구매해봅니다,seller-8ad10b55fa52911e796a44cf,원딱러,registered,loadScript 'https pagead,loadScript 'https pagead,loadScript('https://pagead,,,buy,구매,1,2,20000,estimated,bundle,text,unknown,,active,needs_review,needs_review,"가격 단위 추정, 복수 카드 가격, 배송비 포함 여부 미확정, 묶음·세트 총액 · 개별 카드 가격 아님",estimated,no,no,"loadScript('https://pagead2.googlesyndication.com/pagead/js/adsbygoogle_direct.js?client=ca-pub-8171468792791627', true, 'anonymous');"
c6172f91f05e4c69ed44cef1,onepiececardgame,원피스 카드게임,2026-08,2026-08-10T02:10:31+09:00,known,76c8ffedd07f162c8717894f,c6172f91f05e4c69ed44cef1,106439,https://m.dcinside.com/board/onepiececardgame/106439,적녹루피덱 소스 구매해봅니다,seller-8ad10b55fa52911e796a44cf,원딱러,registered,리더페레,리더페레,리더페레,,,buy,구매,1,4.0,40000,estimated,per_card,text,unknown,,active,needs_review,needs_review,"가격 단위 추정, 배송비 포함 여부 미확정",estimated,yes,candidate_estimated,리더페레 4.0
cc894c5e5fa6d1154d5921c8,onepiececardgame,원피스 카드게임,2026-08,2026-08-10T02:10:31+09:00,known,281f27a4e0f35cadb374770c,cc894c5e5fa6d1154d5921c8,106439,https://m.dcinside.com/board/onepiececardgame/106439,적녹루피덱 소스 구매해봅니다,seller-8ad10b55fa52911e796a44cf,원딱러,registered,var safe = window.dcAd && window.dcAd.safe ==,var safe = window.dcAd && window.dcAd.safe ==,var safe = (window.dcAd && window.dcAd.safe ==,,,buy,구매,1,1,10000,estimated,bundle,text,unknown,,active,needs_review,needs_review,"가격 단위 추정, 복수 카드 가격, 배송비 포함 여부 미확정, 묶음·세트 총액 · 개별 카드 가격 아님",estimated,no,no,var safe = (window.dcAd && window.dcAd.safe == 1)
d02226ade90b4a162feb2307,onepiececardgame,원피스 카드게임,2026-08,2026-08-10T02:10:31+09:00,known,5094490e6b50fd5cb3b7e63d,d02226ade90b4a162feb2307,106439,https://m.dcinside.com/board/onepiececardgame/106439,적녹루피덱 소스 구매해봅니다,seller-8ad10b55fa52911e796a44cf,원딱러,registered,loadScript 'https pagead,loadScript 'https pagead,loadScript('https://pagead,,,buy,구매,1,2,20000,estimated,bundle,text,unknown,,active,needs_review,needs_review,"가격 단위 추정, 복수 카드 가격, 배송비 포함 여부 미확정, 묶음·세트 총액 · 개별 카드 가격 아님",estimated,no,no,"loadScript('https://pagead2.googlesyndication.com/pagead/js/adsbygoogle_direct.js?client=ca-pub-8171468792791627', true, 'anonymous');"
db587429da9b6dac0b58a4f0,onepiececardgame,원피스 카드게임,2026-08,2026-08-10T02:10:31+09:00,known,ed8037934d44e5d3024bd255,db587429da9b6dac0b58a4f0,106439,https://m.dcinside.com/board/onepiececardgame/106439,적녹루피덱 소스 구매해봅니다,seller-8ad10b55fa52911e796a44cf,원딱러,registered,리더페레,리더페레,리더페레,,,buy,구매,1,4.0,40000,estimated,per_card,text,unknown,,active,needs_review,needs_review,"가격 단위 추정, 배송비 포함 여부 미확정",estimated,yes,candidate_estimated,리더페레 4.0
dbb28c15e4ea61bef131cca5,onepiececardgame,원피스 카드게임,2026-08,2026-08-10T02:10:31+09:00,known,5094490e6b50fd5cb3b7e63d,dbb28c15e4ea61bef131cca5,106439,https://m.dcinside.com/board/onepiececardgame/106439,적녹루피덱 소스 구매해봅니다,seller-8ad10b55fa52911e796a44cf,원딱러,registered,var safe = window.dcAd && window.dcAd.safe ==,var safe = window.dcAd && window.dcAd.safe ==,var safe = (window.dcAd && window.dcAd.safe ==,,,buy,구매,1,1,10000,estimated,bundle,text,unknown,,active,needs_review,needs_review,"가격 단위 추정, 복수 카드 가격, 배송비 포함 여부 미확정, 묶음·세트 총액 · 개별 카드 가격 아님",estimated,no,no,var safe = (window.dcAd && window.dcAd.safe == 1)
e28c56f257c797088ddf28a5,onepiececardgame,원피스 카드게임,2026-08,2026-08-10T02:10:31+09:00,known,76c8ffedd07f162c8717894f,e28c56f257c797088ddf28a5,106439,https://m.dcinside.com/board/onepiececardgame/106439,적녹루피덱 소스 구매해봅니다,seller-8ad10b55fa52911e796a44cf,원딱러,registered,var safe = window.dcAd && window.dcAd.safe ==,var safe = window.dcAd && window.dcAd.safe ==,var safe = (window.dcAd && window.dcAd.safe ==,,,buy,구매,1,1,10000,estimated,bundle,text,unknown,,active,needs_review,needs_review,"가격 단위 추정, 복수 카드 가격, 배송비 포함 여부 미확정, 묶음·세트 총액 · 개별 카드 가격 아님",estimated,no,no,var safe = (window.dcAd && window.dcAd.safe == 1)
f094250993cbab1588e2a7c4,onepiececardgame,원피스 카드게임,2026-08,2026-08-10T02:10:31+09:00,known,281f27a4e0f35cadb374770c,f094250993cbab1588e2a7c4,106439,https://m.dcinside.com/board/onepiececardgame/106439,적녹루피덱 소스 구매해봅니다,seller-8ad10b55fa52911e796a44cf,원딱러,registered,loadScript 'https pagead,loadScript 'https pagead,loadScript('https://pagead,,,buy,구매,1,2,20000,estimated,bundle,text,unknown,,active,needs_review,needs_review,"가격 단위 추정, 복수 카드 가격, 배송비 포함 여부 미확정, 묶음·세트 총액 · 개별 카드 가격 아님",estimated,no,no,"loadScript('https://pagead2.googlesyndication.com/pagead/js/adsbygoogle_direct.js?client=ca-pub-8171468792791627', true, 'anonymous');"
202c7a8f04385a6cab679e3b,onepiececardgame,원피스 카드게임,2026-08,2026-08-10T08:26:26+09:00,known,a096783cf8a341f4c3e8b256,202c7a8f04385a6cab679e3b,106447,https://m.dcinside.com/board/onepiececardgame/106447,13탄 및 히로인즈 판다이온,seller-66d42df1f8c2920f24cc0fd5,붕붕,guest,로빈 sr,로빈 sr,로빈 sr 1 (,,,buy,구매,1,3,30000,estimated,per_card,text,unknown,,active,needs_review,needs_review,"가격 단위 추정, 배송비 포함 여부 미확정",estimated,yes,candidate_estimated,로빈 sr 1 (3)
3d83636a2aa1a97c42c39135,onepiececardgame,원피스 카드게임,2026-08,2026-08-10T08:26:26+09:00,known,a096783cf8a341f4c3e8b256,3d83636a2aa1a97c42c39135,106447,https://m.dcinside.com/board/onepiececardgame/106447,13탄 및 히로인즈 판다이온,seller-66d42df1f8c2920f24cc0fd5,붕붕,guest,코알라 sr,코알라 sr,코알라 sr 0.1 (,,,buy,구매,1,3,30000,estimated,per_card,text,unknown,,active,needs_review,needs_review,"가격 단위 추정, 배송비 포함 여부 미확정",estimated,yes,candidate_estimated,코알라 sr 0.1 (3)
3ee0fb8f475beecf70b9c39a,onepiececardgame,원피스 카드게임,2026-08,2026-08-10T08:26:26+09:00,known,a096783cf8a341f4c3e8b256,3ee0fb8f475beecf70b9c39a,106447,https://m.dcinside.com/board/onepiececardgame/106447,13탄 및 히로인즈 판다이온,seller-66d42df1f8c2920f24cc0fd5,붕붕,guest,임 리페,임 리페,임 리페 4.5 (,,,buy,구매,1,1,10000,estimated,per_card,text,unknown,,active,needs_review,needs_review,"가격 단위 추정, 배송비 포함 여부 미확정",estimated,yes,candidate_estimated,임 리페 4.5 (1)
3f623cc9c17582fbfbd53b8f,onepiececardgame,원피스 카드게임,2026-08,2026-08-10T08:26:26+09:00,known,a096783cf8a341f4c3e8b256,3f623cc9c17582fbfbd53b8f,106447,https://m.dcinside.com/board/onepiececardgame/106447,13탄 및 히로인즈 판다이온,seller-66d42df1f8c2920f24cc0fd5,붕붕,guest,행콕 sr,행콕 sr,행콕 sr 0.1 (,,,buy,구매,1,3,30000,estimated,per_card,text,unknown,,active,needs_review,needs_review,"가격 단위 추정, 배송비 포함 여부 미확정",estimated,yes,candidate_estimated,행콕 sr 0.1 (3)
42b6e8cd32a6ff2beaffa971,onepiececardgame,원피스 카드게임,2026-08,2026-08-10T08:26:26+09:00,known,a096783cf8a341f4c3e8b256,42b6e8cd32a6ff2beaffa971,106447,https://m.dcinside.com/board/onepiececardgame/106447,13탄 및 히로인즈 판다이온,seller-66d42df1f8c2920f24cc0fd5,붕붕,guest,비비 sr,비비 sr,비비 sr 0.1 (,,,buy,구매,1,1,10000,estimated,per_card,text,unknown,,active,needs_review,needs_review,"가격 단위 추정, 배송비 포함 여부 미확정",estimated,yes,candidate_estimated,비비 sr 0.1 (1)
4a70e90b067c89312765b666,onepiececardgame,원피스 카드게임,2026-08,2026-08-10T08:26:26+09:00,known,a096783cf8a341f4c3e8b256,4a70e90b067c89312765b666,106447,https://m.dcinside.com/board/onepiececardgame/106447,13탄 및 히로인즈 판다이온,seller-66d42df1f8c2920f24cc0fd5,붕붕,guest,우타 sr,우타 sr,우타 sr 0.1 (,,,buy,구매,1,4,40000,estimated,per_card,text,unknown,,active,needs_review,needs_review,"가격 단위 추정, 배송비 포함 여부 미확정",estimated,yes,candidate_estimated,우타 sr 0.1 (4)
4fc484d5e2e0f20a09f6f394,onepiececardgame,원피스 카드게임,2026-08,2026-08-10T08:26:26+09:00,known,a096783cf8a341f4c3e8b256,4fc484d5e2e0f20a09f6f394,106447,https://m.dcinside.com/board/onepiececardgame/106447,13탄 및 히로인즈 판다이온,seller-66d42df1f8c2920f24cc0fd5,붕붕,guest,우타 금둥,우타 금둥,우타 금둥 5 (,,,buy,구매,1,1,10000,estimated,per_card,text,unknown,,active,needs_review,needs_review,"가격 단위 추정, 배송비 포함 여부 미확정",estimated,yes,candidate_estimated,우타 금둥 5 (1) ㅍㅇ
669bdaddf7d017fd0bdbb389,onepiececardgame,원피스 카드게임,2026-08,2026-08-10T08:26:26+09:00,known,a096783cf8a341f4c3e8b256,669bdaddf7d017fd0bdbb389,106447,https://m.dcinside.com/board/onepiececardgame/106447,13탄 및 히로인즈 판다이온,seller-66d42df1f8c2920f24cc0fd5,붕붕,guest,에사보 SR,에사보 SR,에사보 SR 0.4 (,,,buy,구매,1,1,10000,estimated,per_card,text,unknown,,active,needs_review,needs_review,"가격 단위 추정, 배송비 포함 여부 미확정",estimated,yes,candidate_estimated,에사보 SR 0.4 (1)
6a2fef6a8d92b24711152625,onepiececardgame,원피스 카드게임,2026-08,2026-08-10T08:26:26+09:00,known,a096783cf8a341f4c3e8b256,6a2fef6a8d92b24711152625,106447,https://m.dcinside.com/board/onepiececardgame/106447,13탄 및 히로인즈 판다이온,seller-66d42df1f8c2920f24cc0fd5,붕붕,guest,우타 일반둥,우타 일반둥,우타 일반둥 0.2(,,,buy,구매,1,1,10000,estimated,per_card,text,unknown,,active,needs_review,needs_review,"가격 단위 추정, 배송비 포함 여부 미확정",estimated,yes,candidate_estimated,우타 일반둥 0.2(1)
7e2f76a6fb7223d92b16a6e9,onepiececardgame,원피스 카드게임,2026-08,2026-08-10T08:26:26+09:00,known,a096783cf8a341f4c3e8b256,7e2f76a6fb7223d92b16a6e9,106447,https://m.dcinside.com/board/onepiececardgame/106447,13탄 및 히로인즈 판다이온,seller-66d42df1f8c2920f24cc0fd5,붕붕,guest,임 리페 뒷면하자,임 리페 뒷면하자,임 리페 3.5 (뒷면하자) (,,,buy,구매,1,1,10000,estimated,per_card,text,unknown,,active,needs_review,needs_review,"가격 단위 추정, 배송비 포함 여부 미확정",estimated,yes,candidate_estimated,임 리페 3.5 (뒷면하자) (1)
7e9ec95268485fb7129c09c0,onepiececardgame,원피스 카드게임,2026-08,2026-08-10T08:26:26+09:00,known,a096783cf8a341f4c3e8b256,7e9ec95268485fb7129c09c0,106447,https://m.dcinside.com/board/onepiececardgame/106447,13탄 및 히로인즈 판다이온,seller-66d42df1f8c2920f24cc0fd5,붕붕,guest,럭키 루 페레,럭키 루 페레,럭키 루 페레 0.5 (,,,buy,구매,1,2,20000,estimated,per_card,text,unknown,,active,needs_review,needs_review,"가격 단위 추정, 배송비 포함 여부 미확정",estimated,yes,candidate_estimated,럭키 루 페레 0.5 (2)
91cd0252338338f8f4d411c5,onepiececardgame,원피스 카드게임,2026-08,2026-08-10T08:26:26+09:00,known,a096783cf8a341f4c3e8b256,91cd0252338338f8f4d411c5,106447,https://m.dcinside.com/board/onepiececardgame/106447,13탄 및 히로인즈 판다이온,seller-66d42df1f8c2920f24cc0fd5,붕붕,guest,이상 바람 준등 일택,이상 바람 준등 일택,1.5 이상 구매 바람 준등 0.2 일택,,,buy,구매,1,0.4,4000,estimated,per_card,text,unknown,,active,needs_review,needs_review,"가격 단위 추정, 배송비 포함 여부 미확정",estimated,yes,candidate_estimated,1.5 이상 구매 바람 준등 0.2 일택 0.4
988cdbeefbfafc4b83f02402,onepiececardgame,원피스 카드게임,2026-08,2026-08-10T08:26:26+09:00,known,a096783cf8a341f4c3e8b256,988cdbeefbfafc4b83f02402,106447,https://m.dcinside.com/board/onepiececardgame/106447,13탄 및 히로인즈 판다이온,seller-66d42df1f8c2920f24cc0fd5,붕붕,guest,페로나 sr,페로나 sr,페로나 sr 0.1 (,,,buy,구매,1,2,20000,estimated,per_card,text,unknown,,active,needs_review,needs_review,"가격 단위 추정, 배송비 포함 여부 미확정",estimated,yes,candidate_estimated,페로나 sr 0.1 (2)
a4e21c4a4eaf1b3050bd1d0b,onepiececardgame,원피스 카드게임,2026-08,2026-08-10T08:26:26+09:00,known,a096783cf8a341f4c3e8b256,a4e21c4a4eaf1b3050bd1d0b,106447,https://m.dcinside.com/board/onepiececardgame/106447,13탄 및 히로인즈 판다이온,seller-66d42df1f8c2920f24cc0fd5,붕붕,guest,징베 레페,징베 레페,징베 레페 1 (,,,buy,구매,1,1,10000,estimated,per_card,text,unknown,,active,needs_review,needs_review,"가격 단위 추정, 배송비 포함 여부 미확정",estimated,yes,candidate_estimated,징베 레페 1 (1)
a9508d9c25ce42be76fc81e9,onepiececardgame,원피스 카드게임,2026-08,2026-08-10T08:26:26+09:00,known,a096783cf8a341f4c3e8b256,a9508d9c25ce42be76fc81e9,106447,https://m.dcinside.com/board/onepiececardgame/106447,13탄 및 히로인즈 판다이온,seller-66d42df1f8c2920f24cc0fd5,붕붕,guest,야마토 SR,야마토 SR,야마토 SR 0.5 (,,,buy,구매,1,1,10000,estimated,per_card,text,unknown,,active,needs_review,needs_review,"가격 단위 추정, 배송비 포함 여부 미확정",estimated,yes,candidate_estimated,야마토 SR 0.5 (1)
aebfef8510417886fc99c177,onepiececardgame,원피스 카드게임,2026-08,2026-08-10T08:26:26+09:00,known,a096783cf8a341f4c3e8b256,aebfef8510417886fc99c177,106447,https://m.dcinside.com/board/onepiececardgame/106447,13탄 및 히로인즈 판다이온,seller-66d42df1f8c2920f24cc0fd5,붕붕,guest,링링 페레,링링 페레,링링 페레 1.0 (,,,buy,구매,1,1,10000,estimated,per_card,text,unknown,,active,needs_review,needs_review,"가격 단위 추정, 배송비 포함 여부 미확정",estimated,yes,candidate_estimated,링링 페레 1.0 (1)
b1d2c13a90f6d9d8065e71e4,onepiececardgame,원피스 카드게임,2026-08,2026-08-10T08:26:26+09:00,known,a096783cf8a341f4c3e8b256,b1d2c13a90f6d9d8065e71e4,106447,https://m.dcinside.com/board/onepiececardgame/106447,13탄 및 히로인즈 판다이온,seller-66d42df1f8c2920f24cc0fd5,붕붕,guest,샹크스 레페,샹크스 레페,샹크스 레페 2 (,,,buy,구매,1,1,10000,estimated,per_card,text,unknown,,active,needs_review,needs_review,"가격 단위 추정, 배송비 포함 여부 미확정",estimated,yes,candidate_estimated,샹크스 레페 2 (1)
d19e67520da364e6ac22ce96,onepiececardgame,원피스 카드게임,2026-08,2026-08-10T08:26:26+09:00,known,a096783cf8a341f4c3e8b256,d19e67520da364e6ac22ce96,106447,https://m.dcinside.com/board/onepiececardgame/106447,13탄 및 히로인즈 판다이온,seller-66d42df1f8c2920f24cc0fd5,붕붕,guest,우타 페레,우타 페레,우타 페레 1.0 (,,,buy,구매,1,1,10000,estimated,per_card,text,unknown,,active,needs_review,needs_review,"가격 단위 추정, 배송비 포함 여부 미확정",estimated,yes,candidate_estimated,우타 페레 1.0 (1)
dc6c5f0412cfcde200316786,onepiececardgame,원피스 카드게임,2026-08,2026-08-10T08:26:26+09:00,known,a096783cf8a341f4c3e8b256,dc6c5f0412cfcde200316786,106447,https://m.dcinside.com/board/onepiececardgame/106447,13탄 및 히로인즈 판다이온,seller-66d42df1f8c2920f24cc0fd5,붕붕,guest,타시기 페레,타시기 페레,타시기 페레 0.5 (,,,buy,구매,1,1,10000,estimated,per_card,text,unknown,,active,needs_review,needs_review,"가격 단위 추정, 배송비 포함 여부 미확정",estimated,yes,candidate_estimated,타시기 페레 0.5 (1)
3aad50a018a81590400f987f,onepiececardgame,원피스 카드게임,2026-08,2026-08-10T09:29:31+09:00,known,49aea6b3b33e32afb0c45757,3aad50a018a81590400f987f,106451,https://m.dcinside.com/board/onepiececardgame/106451,1코 페로나 및 아수라발검 삽니다,seller-8ad10b55fa52911e796a44cf,원딱러,registered,아수라발검,아수라발검,아수라발검,,,buy,구매,4,2,20000,estimated,per_quantity,text,unknown,,active,needs_review,needs_review,"가격 단위 추정, 배송비 포함 여부 미확정, 복수 수량 총액 · 카드 1장 가격 아님",estimated,no,no,아수라발검 4장 2
5747f530aef930d76fbf63a1,onepiececardgame,원피스 카드게임,2026-08,2026-08-10T09:29:31+09:00,known,977182b9003f72962f979182,5747f530aef930d76fbf63a1,106451,https://m.dcinside.com/board/onepiececardgame/106451,1코 페로나 및 아수라발검 삽니다,seller-8ad10b55fa52911e796a44cf,원딱러,registered,1코 페로나,1코 페로나,1코 페로나,,,buy,구매,4,6.5,65000,estimated,per_quantity,text,unknown,,active,needs_review,needs_review,"가격 단위 추정, 배송비 포함 여부 미확정, 복수 수량 총액 · 카드 1장 가격 아님",estimated,no,no,1코 페로나 4장 6.5
61a68a82455ae51960b05b5e,onepiececardgame,원피스 카드게임,2026-08,2026-08-10T09:29:31+09:00,known,732211d29b5af12d99a09183,61a68a82455ae51960b05b5e,106451,https://m.dcinside.com/board/onepiececardgame/106451,1코 페로나 및 아수라발검 삽니다,seller-8ad10b55fa52911e796a44cf,원딱러,registered,1코 페로나,1코 페로나,1코 페로나,,,buy,구매,4,6.5,65000,estimated,per_quantity,text,unknown,,active,needs_review,needs_review,"가격 단위 추정, 배송비 포함 여부 미확정, 복수 수량 총액 · 카드 1장 가격 아님",estimated,no,no,1코 페로나 4장 6.5
901b4d578662bdbf295d9006,onepiececardgame,원피스 카드게임,2026-08,2026-08-10T09:29:31+09:00,known,49aea6b3b33e32afb0c45757,901b4d578662bdbf295d9006,106451,https://m.dcinside.com/board/onepiececardgame/106451,1코 페로나 및 아수라발검 삽니다,seller-8ad10b55fa52911e796a44cf,원딱러,registered,1코 페로나,1코 페로나,1코 페로나,,,buy,구매,4,6.5,65000,estimated,per_quantity,text,unknown,,active,needs_review,needs_review,"가격 단위 추정, 배송비 포함 여부 미확정, 복수 수량 총액 · 카드 1장 가격 아님",estimated,no,no,1코 페로나 4장 6.5
a343ae91db6be0de4dfaaff6,onepiececardgame,원피스 카드게임,2026-08,2026-08-10T09:29:31+09:00,known,afb9ac69851883456f210978,a343ae91db6be0de4dfaaff6,106451,https://m.dcinside.com/board/onepiececardgame/106451,1코 페로나 및 아수라발검 삽니다,seller-8ad10b55fa52911e796a44cf,원딱러,registered,1코 페로나,1코 페로나,1코 페로나,,,buy,구매,4,6.5,65000,estimated,per_quantity,text,unknown,,active,needs_review,needs_review,"가격 단위 추정, 배송비 포함 여부 미확정, 복수 수량 총액 · 카드 1장 가격 아님",estimated,no,no,1코 페로나 4장 6.5
a4bd94b9ddc392178b076a78,onepiececardgame,원피스 카드게임,2026-08,2026-08-10T09:29:31+09:00,known,732211d29b5af12d99a09183,a4bd94b9ddc392178b076a78,106451,https://m.dcinside.com/board/onepiececardgame/106451,1코 페로나 및 아수라발검 삽니다,seller-8ad10b55fa52911e796a44cf,원딱러,registered,아수라발검,아수라발검,아수라발검,,,buy,구매,4,2,20000,estimated,per_quantity,text,unknown,,active,needs_review,needs_review,"가격 단위 추정, 배송비 포함 여부 미확정, 복수 수량 총액 · 카드 1장 가격 아님",estimated,no,no,아수라발검 4장 2
b6b610284264ee15ea9f8747,onepiececardgame,원피스 카드게임,2026-08,2026-08-10T09:29:31+09:00,known,afb9ac69851883456f210978,b6b610284264ee15ea9f8747,106451,https://m.dcinside.com/board/onepiececardgame/106451,1코 페로나 및 아수라발검 삽니다,seller-8ad10b55fa52911e796a44cf,원딱러,registered,아수라발검,아수라발검,아수라발검,,,buy,구매,4,2,20000,estimated,per_quantity,text,unknown,,active,needs_review,needs_review,"가격 단위 추정, 배송비 포함 여부 미확정, 복수 수량 총액 · 카드 1장 가격 아님",estimated,no,no,아수라발검 4장 2
cf97ff2a413300895a919c6f,onepiececardgame,원피스 카드게임,2026-08,2026-08-10T09:29:31+09:00,known,977182b9003f72962f979182,cf97ff2a413300895a919c6f,106451,https://m.dcinside.com/board/onepiececardgame/106451,1코 페로나 및 아수라발검 삽니다,seller-8ad10b55fa52911e796a44cf,원딱러,registered,아수라발검,아수라발검,아수라발검,,,buy,구매,4,2,20000,estimated,per_quantity,text,unknown,,active,needs_review,needs_review,"가격 단위 추정, 배송비 포함 여부 미확정, 복수 수량 총액 · 카드 1장 가격 아님",estimated,no,no,아수라발검 4장 2
1c2ec7c6d2a9a19b89848de0,onepiececardgame,원피스 카드게임,2026-08,2026-08-10T09:33:02+09:00,known,488cafe3a5164bf0d9c1267c,1c2ec7c6d2a9a19b89848de0,106452,https://m.dcinside.com/board/onepiececardgame/106452,"히로인즈,13탄 이것저것 팝니당",seller-f66248a0f05817ec1ea637ea,드볼디지몬최고,guest,에이스,에이스,에이스,,시크,buy,구매,1,0.5,5000,estimated,per_card,text,unknown,,active,needs_review,needs_review,"가격 단위 추정, 배송비 포함 여부 미확정",estimated,yes,candidate_estimated,에이스 시크 0.5
2bd62f14c9123c0974cce37e,onepiececardgame,원피스 카드게임,2026-08,2026-08-10T09:33:02+09:00,known,488cafe3a5164bf0d9c1267c,2bd62f14c9123c0974cce37e,106452,https://m.dcinside.com/board/onepiececardgame/106452,"히로인즈,13탄 이것저것 팝니당",seller-f66248a0f05817ec1ea637ea,드볼디지몬최고,guest,로저 리페,로저 리페,로저 리페,,,buy,구매,1,1.5,15000,estimated,per_card,text,unknown,,active,needs_review,needs_review,"가격 단위 추정, 배송비 포함 여부 미확정",estimated,yes,candidate_estimated,로저 리페 1.5
34e7b55a1d48481b35cec85d,onepiececardgame,원피스 카드게임,2026-08,2026-08-10T09:33:02+09:00,known,488cafe3a5164bf0d9c1267c,34e7b55a1d48481b35cec85d,106452,https://m.dcinside.com/board/onepiececardgame/106452,"히로인즈,13탄 이것저것 팝니당",seller-f66248a0f05817ec1ea637ea,드볼디지몬최고,guest,var safe = window.dcAd && window.dcAd.safe ==,var safe = window.dcAd && window.dcAd.safe ==,var safe = (window.dcAd && window.dcAd.safe ==,,,buy,구매,1,1,10000,estimated,bundle,text,unknown,,active,needs_review,needs_review,"가격 단위 추정, 복수 카드 가격, 배송비 포함 여부 미확정, 묶음·세트 총액 · 개별 카드 가격 아님",estimated,no,no,var safe = (window.dcAd && window.dcAd.safe == 1)
600dd175212fe2fce5ee87ad,onepiececardgame,원피스 카드게임,2026-08,2026-08-10T09:33:02+09:00,known,488cafe3a5164bf0d9c1267c,600dd175212fe2fce5ee87ad,106452,https://m.dcinside.com/board/onepiececardgame/106452,"히로인즈,13탄 이것저것 팝니당",seller-f66248a0f05817ec1ea637ea,드볼디지몬최고,guest,샬롯 링링 페레,샬롯 링링 페레,샬롯 링링 페레,,,buy,구매,1,1.0,10000,estimated,per_card,text,unknown,,active,needs_review,needs_review,"가격 단위 추정, 배송비 포함 여부 미확정",estimated,yes,candidate_estimated,샬롯 링링 페레 1.0
68ecbffecf275fc1cdeafca2,onepiececardgame,원피스 카드게임,2026-08,2026-08-10T09:33:02+09:00,known,488cafe3a5164bf0d9c1267c,68ecbffecf275fc1cdeafca2,106452,https://m.dcinside.com/board/onepiececardgame/106452,"히로인즈,13탄 이것저것 팝니당",seller-f66248a0f05817ec1ea637ea,드볼디지몬최고,guest,럭키루 페레,럭키루 페레,럭키루 페레,,,buy,구매,1,0.3,3000,estimated,per_card,text,unknown,,active,needs_review,needs_review,"가격 단위 추정, 배송비 포함 여부 미확정",estimated,yes,candidate_estimated,럭키루 페레 0.3
8f530990924489ab28b4704d,onepiececardgame,원피스 카드게임,2026-08,2026-08-10T09:33:02+09:00,known,488cafe3a5164bf0d9c1267c,8f530990924489ab28b4704d,106452,https://m.dcinside.com/board/onepiececardgame/106452,"히로인즈,13탄 이것저것 팝니당",seller-f66248a0f05817ec1ea637ea,드볼디지몬최고,guest,loadScript ' t,loadScript ' t,loadScript('//t,,,buy,구매,1,1,10000,estimated,bundle,text,unknown,,active,needs_review,needs_review,"가격 단위 추정, 복수 카드 가격, 배송비 포함 여부 미확정, 묶음·세트 총액 · 개별 카드 가격 아님",estimated,no,no,"loadScript('//t1.kakaocdn.net/kas/static/ba.min.js', true);"
b09394b0159897eafa0761df,onepiececardgame,원피스 카드게임,2026-08,2026-08-10T09:33:02+09:00,known,488cafe3a5164bf0d9c1267c,b09394b0159897eafa0761df,106452,https://m.dcinside.com/board/onepiececardgame/106452,"히로인즈,13탄 이것저것 팝니당",seller-f66248a0f05817ec1ea637ea,드볼디지몬최고,guest,비비 리페,비비 리페,비비 리페,,,buy,구매,1,1.0,10000,estimated,per_card,text,unknown,,active,needs_review,needs_review,"가격 단위 추정, 배송비 포함 여부 미확정",estimated,yes,candidate_estimated,비비 리페 1.0
bc5ab5687402aa93dde1c96d,onepiececardgame,원피스 카드게임,2026-08,2026-08-10T09:33:02+09:00,known,488cafe3a5164bf0d9c1267c,bc5ab5687402aa93dde1c96d,106452,https://m.dcinside.com/board/onepiececardgame/106452,"히로인즈,13탄 이것저것 팝니당",seller-f66248a0f05817ec1ea637ea,드볼디지몬최고,guest,야마토 페레,야마토 페레,야마토 페레,,,buy,구매,1,1.0,10000,estimated,per_card,text,unknown,,active,needs_review,needs_review,"가격 단위 추정, 배송비 포함 여부 미확정",estimated,yes,candidate_estimated,야마토 페레 1.0
bf67a45d8610497523cc4d6f,onepiececardgame,원피스 카드게임,2026-08,2026-08-10T09:33:02+09:00,known,488cafe3a5164bf0d9c1267c,bf67a45d8610497523cc4d6f,106452,https://m.dcinside.com/board/onepiececardgame/106452,"히로인즈,13탄 이것저것 팝니당",seller-f66248a0f05817ec1ea637ea,드볼디지몬최고,guest,loadScript 'https pagead,loadScript 'https pagead,loadScript('https://pagead,,,buy,구매,1,2,20000,estimated,bundle,text,unknown,,active,needs_review,needs_review,"가격 단위 추정, 복수 카드 가격, 배송비 포함 여부 미확정, 묶음·세트 총액 · 개별 카드 가격 아님",estimated,no,no,"loadScript('https://pagead2.googlesyndication.com/pagead/js/adsbygoogle_direct.js?client=ca-pub-8171468792791627', true, 'anonymous');"
d48f3d10edba8b1124b8d4e8,onepiececardgame,원피스 카드게임,2026-08,2026-08-10T09:33:02+09:00,known,488cafe3a5164bf0d9c1267c,d48f3d10edba8b1124b8d4e8,106452,https://m.dcinside.com/board/onepiececardgame/106452,"히로인즈,13탄 이것저것 팝니당",seller-f66248a0f05817ec1ea637ea,드볼디지몬최고,guest,로빈 금둥,로빈 금둥,로빈 금둥,,,buy,구매,1,4.0,40000,estimated,per_card,text,unknown,,active,needs_review,needs_review,"가격 단위 추정, 배송비 포함 여부 미확정",estimated,yes,candidate_estimated,로빈 금둥 4.0
d4af1d7ab9b17057ad3da460,onepiececardgame,원피스 카드게임,2026-08,2026-08-10T09:33:02+09:00,known,488cafe3a5164bf0d9c1267c,d4af1d7ab9b17057ad3da460,106452,https://m.dcinside.com/board/onepiececardgame/106452,"히로인즈,13탄 이것저것 팝니당",seller-f66248a0f05817ec1ea637ea,드볼디지몬최고,guest,DOM 삽입 헬퍼 현재 스크립트 위치 기준,DOM 삽입 헬퍼 현재 스크립트 위치 기준,// ---- DOM 삽입 헬퍼 (현재 스크립트 위치 기준,,,buy,구매,1,1,10000,estimated,bundle,text,unknown,,active,needs_review,needs_review,"가격 단위 추정, 복수 카드 가격, 배송비 포함 여부 미확정, 묶음·세트 총액 · 개별 카드 가격 아님",estimated,no,no,// ---- DOM 삽입 헬퍼 (현재 스크립트 위치 기준1)
e07d27442b21a6c7bd11e7f1,onepiececardgame,원피스 카드게임,2026-08,2026-08-10T09:33:02+09:00,known,488cafe3a5164bf0d9c1267c,e07d27442b21a6c7bd11e7f1,106452,https://m.dcinside.com/board/onepiececardgame/106452,"히로인즈,13탄 이것저것 팝니당",seller-f66248a0f05817ec1ea637ea,드볼디지몬최고,guest,나스쥬로 페레,나스쥬로 페레,나스쥬로 페레,,,buy,구매,1,1.5,15000,estimated,per_card,text,unknown,,active,needs_review,needs_review,"가격 단위 추정, 배송비 포함 여부 미확정",estimated,yes,candidate_estimated,나스쥬로 페레 1.5
03afc1206db47cfc6498f025,onepiececardgame,원피스 카드게임,2026-08,2026-08-10T09:53:27+09:00,known,a8fd9baf1672aa6c89284108,03afc1206db47cfc6498f025,106455,https://m.dcinside.com/board/onepiececardgame/106455,코비 페레 소스 구해요,seller-8ad10b55fa52911e796a44cf,원딱러,registered,DOM 삽입 헬퍼 현재 스크립트 위치 기준,DOM 삽입 헬퍼 현재 스크립트 위치 기준,// ---- DOM 삽입 헬퍼 (현재 스크립트 위치 기준,,,buy,구매,1,1,10000,estimated,bundle,text,unknown,,active,needs_review,needs_review,"가격 단위 추정, 복수 카드 가격, 배송비 포함 여부 미확정, 묶음·세트 총액 · 개별 카드 가격 아님",estimated,no,no,// ---- DOM 삽입 헬퍼 (현재 스크립트 위치 기준1)
125a8657a8ebf6d8a9f9fd5c,onepiececardgame,원피스 카드게임,2026-08,2026-08-10T09:53:27+09:00,known,ea5b73cb0410f47262568b71,125a8657a8ebf6d8a9f9fd5c,106455,https://m.dcinside.com/board/onepiececardgame/106455,코비 페레 소스 구해요,seller-8ad10b55fa52911e796a44cf,원딱러,registered,어니스티 임팩트,어니스티 임팩트,어니스티 임팩트 장당,,,buy,구매,1,4,40000,estimated,per_card,text,unknown,,active,needs_review,needs_review,"가격 단위 추정, 배송비 포함 여부 미확정",estimated,yes,candidate_estimated,어니스티 임팩트 장당 4에 2장 구해요
1ba6a8ea66c56fe5f825ea9d,onepiececardgame,원피스 카드게임,2026-08,2026-08-10T09:53:27+09:00,known,a8fd9baf1672aa6c89284108,1ba6a8ea66c56fe5f825ea9d,106455,https://m.dcinside.com/board/onepiececardgame/106455,코비 페레 소스 구해요,seller-8ad10b55fa52911e796a44cf,원딱러,registered,loadScript ' t,loadScript ' t,loadScript('//t,,,buy,구매,1,1,10000,estimated,bundle,text,unknown,,active,needs_review,needs_review,"가격 단위 추정, 복수 카드 가격, 배송비 포함 여부 미확정, 묶음·세트 총액 · 개별 카드 가격 아님",estimated,no,no,"loadScript('//t1.kakaocdn.net/kas/static/ba.min.js', true);"
213ac4db001bc0e884045cdf,onepiececardgame,원피스 카드게임,2026-08,2026-08-10T09:53:27+09:00,known,ea5b73cb0410f47262568b71,213ac4db001bc0e884045cdf,106455,https://m.dcinside.com/board/onepiececardgame/106455,코비 페레 소스 구해요,seller-8ad10b55fa52911e796a44cf,원딱러,registered,DOM 삽입 헬퍼 현재 스크립트 위치 기준,DOM 삽입 헬퍼 현재 스크립트 위치 기준,// ---- DOM 삽입 헬퍼 (현재 스크립트 위치 기준,,,buy,구매,1,1,10000,estimated,bundle,text,unknown,,active,needs_review,needs_review,"가격 단위 추정, 복수 카드 가격, 배송비 포함 여부 미확정, 묶음·세트 총액 · 개별 카드 가격 아님",estimated,no,no,// ---- DOM 삽입 헬퍼 (현재 스크립트 위치 기준1)
252eecd5cdd6276d09415d6f,onepiececardgame,원피스 카드게임,2026-08,2026-08-10T09:53:27+09:00,known,bf4b1dc3e76eef88f1d3bb66,252eecd5cdd6276d09415d6f,106455,https://m.dcinside.com/board/onepiececardgame/106455,코비 페레 소스 구해요,seller-8ad10b55fa52911e796a44cf,원딱러,registered,어니스티 임팩트,어니스티 임팩트,어니스티 임팩트 장당,,,buy,구매,1,4,40000,estimated,per_card,text,unknown,,active,needs_review,needs_review,"가격 단위 추정, 배송비 포함 여부 미확정",estimated,yes,candidate_estimated,어니스티 임팩트 장당 4에 2장 구해요
25f95969f9e86def68a1bba1,onepiececardgame,원피스 카드게임,2026-08,2026-08-10T09:53:27+09:00,known,a8fd9baf1672aa6c89284108,25f95969f9e86def68a1bba1,106455,https://m.dcinside.com/board/onepiececardgame/106455,코비 페레 소스 구해요,seller-8ad10b55fa52911e796a44cf,원딱러,registered,PRB02-당,PRB02-당,PRB02-당,,,buy,구매,1,1.5,15000,estimated,per_card,text,unknown,,active,needs_review,needs_review,"가격 단위 추정, 배송비 포함 여부 미확정",estimated,yes,candidate_estimated,PRB02-001 장당 1.5에 3장
47288bb5562a1d1d23be1100,onepiececardgame,원피스 카드게임,2026-08,2026-08-10T09:53:27+09:00,known,bf4b1dc3e76eef88f1d3bb66,47288bb5562a1d1d23be1100,106455,https://m.dcinside.com/board/onepiececardgame/106455,코비 페레 소스 구해요,seller-8ad10b55fa52911e796a44cf,원딱러,registered,DOM 삽입 헬퍼 현재 스크립트 위치 기준,DOM 삽입 헬퍼 현재 스크립트 위치 기준,// ---- DOM 삽입 헬퍼 (현재 스크립트 위치 기준,,,buy,구매,1,1,10000,estimated,bundle,text,unknown,,active,needs_review,needs_review,"가격 단위 추정, 복수 카드 가격, 배송비 포함 여부 미확정, 묶음·세트 총액 · 개별 카드 가격 아님",estimated,no,no,// ---- DOM 삽입 헬퍼 (현재 스크립트 위치 기준1)
561790b60a988c284c1189c8,onepiececardgame,원피스 카드게임,2026-08,2026-08-10T09:53:27+09:00,known,bf4b1dc3e76eef88f1d3bb66,561790b60a988c284c1189c8,106455,https://m.dcinside.com/board/onepiececardgame/106455,코비 페레 소스 구해요,seller-8ad10b55fa52911e796a44cf,원딱러,registered,loadScript ' t,loadScript ' t,loadScript('//t,,,buy,구매,1,1,10000,estimated,bundle,text,unknown,,active,needs_review,needs_review,"가격 단위 추정, 복수 카드 가격, 배송비 포함 여부 미확정, 묶음·세트 총액 · 개별 카드 가격 아님",estimated,no,no,"loadScript('//t1.kakaocdn.net/kas/static/ba.min.js', true);"
5caa4601c77c18dd219b246c,onepiececardgame,원피스 카드게임,2026-08,2026-08-10T09:53:27+09:00,known,bf4b1dc3e76eef88f1d3bb66,5caa4601c77c18dd219b246c,106455,https://m.dcinside.com/board/onepiececardgame/106455,코비 페레 소스 구해요,seller-8ad10b55fa52911e796a44cf,원딱러,registered,PRB02-당,PRB02-당,PRB02-당,,,buy,구매,1,1.5,15000,estimated,per_card,text,unknown,,active,needs_review,needs_review,"가격 단위 추정, 배송비 포함 여부 미확정",estimated,yes,candidate_estimated,PRB02-001 장당 1.5에 3장
67f32ae1abae779f4d893687,onepiececardgame,원피스 카드게임,2026-08,2026-08-10T09:53:27+09:00,known,bf4b1dc3e76eef88f1d3bb66,67f32ae1abae779f4d893687,106455,https://m.dcinside.com/board/onepiececardgame/106455,코비 페레 소스 구해요,seller-8ad10b55fa52911e796a44cf,원딱러,registered,loadScript 'https pagead,loadScript 'https pagead,loadScript('https://pagead,,,buy,구매,1,2,20000,estimated,bundle,text,unknown,,active,needs_review,needs_review,"가격 단위 추정, 복수 카드 가격, 배송비 포함 여부 미확정, 묶음·세트 총액 · 개별 카드 가격 아님",estimated,no,no,"loadScript('https://pagead2.googlesyndication.com/pagead/js/adsbygoogle_direct.js?client=ca-pub-8171468792791627', true, 'anonymous');"
84d528f88a94c0dd22f88f1a,onepiececardgame,원피스 카드게임,2026-08,2026-08-10T09:53:27+09:00,known,3a0407d92d697ffb0a1062aa,84d528f88a94c0dd22f88f1a,106455,https://m.dcinside.com/board/onepiececardgame/106455,코비 페레 소스 구해요,seller-8ad10b55fa52911e796a44cf,원딱러,registered,var safe = window.dcAd && window.dcAd.safe ==,var safe = window.dcAd && window.dcAd.safe ==,var safe = (window.dcAd && window.dcAd.safe ==,,,buy,구매,1,1,10000,estimated,bundle,text,unknown,,active,needs_review,needs_review,"가격 단위 추정, 복수 카드 가격, 배송비 포함 여부 미확정, 묶음·세트 총액 · 개별 카드 가격 아님",estimated,no,no,var safe = (window.dcAd && window.dcAd.safe == 1)
8eca212a6dfbe6539a225f36,onepiececardgame,원피스 카드게임,2026-08,2026-08-10T09:53:27+09:00,known,ea5b73cb0410f47262568b71,8eca212a6dfbe6539a225f36,106455,https://m.dcinside.com/board/onepiececardgame/106455,코비 페레 소스 구해요,seller-8ad10b55fa52911e796a44cf,원딱러,registered,PRB02-당,PRB02-당,PRB02-당,,,buy,구매,1,1.5,15000,estimated,per_card,text,unknown,,active,needs_review,needs_review,"가격 단위 추정, 배송비 포함 여부 미확정",estimated,yes,candidate_estimated,PRB02-001 장당 1.5에 3장
92e663d96d7e969afef10e63,onepiececardgame,원피스 카드게임,2026-08,2026-08-10T09:53:27+09:00,known,ea5b73cb0410f47262568b71,92e663d96d7e969afef10e63,106455,https://m.dcinside.com/board/onepiececardgame/106455,코비 페레 소스 구해요,seller-8ad10b55fa52911e796a44cf,원딱러,registered,var safe = window.dcAd && window.dcAd.safe ==,var safe = window.dcAd && window.dcAd.safe ==,var safe = (window.dcAd && window.dcAd.safe ==,,,buy,구매,1,1,10000,estimated,bundle,text,unknown,,active,needs_review,needs_review,"가격 단위 추정, 복수 카드 가격, 배송비 포함 여부 미확정, 묶음·세트 총액 · 개별 카드 가격 아님",estimated,no,no,var safe = (window.dcAd && window.dcAd.safe == 1)
9a4205ceea8edc9acac4518b,onepiececardgame,원피스 카드게임,2026-08,2026-08-10T09:53:27+09:00,known,bf4b1dc3e76eef88f1d3bb66,9a4205ceea8edc9acac4518b,106455,https://m.dcinside.com/board/onepiececardgame/106455,코비 페레 소스 구해요,seller-8ad10b55fa52911e796a44cf,원딱러,registered,var safe = window.dcAd && window.dcAd.safe ==,var safe = window.dcAd && window.dcAd.safe ==,var safe = (window.dcAd && window.dcAd.safe ==,,,buy,구매,1,1,10000,estimated,bundle,text,unknown,,active,needs_review,needs_review,"가격 단위 추정, 복수 카드 가격, 배송비 포함 여부 미확정, 묶음·세트 총액 · 개별 카드 가격 아님",estimated,no,no,var safe = (window.dcAd && window.dcAd.safe == 1)
9d034ac74606c3b4386014c4,onepiececardgame,원피스 카드게임,2026-08,2026-08-10T09:53:27+09:00,known,3a0407d92d697ffb0a1062aa,9d034ac74606c3b4386014c4,106455,https://m.dcinside.com/board/onepiececardgame/106455,코비 페레 소스 구해요,seller-8ad10b55fa52911e796a44cf,원딱러,registered,loadScript ' t,loadScript ' t,loadScript('//t,,,buy,구매,1,1,10000,estimated,bundle,text,unknown,,active,needs_review,needs_review,"가격 단위 추정, 복수 카드 가격, 배송비 포함 여부 미확정, 묶음·세트 총액 · 개별 카드 가격 아님",estimated,no,no,"loadScript('//t1.kakaocdn.net/kas/static/ba.min.js', true);"
a2db6f16e50a8cda85ce1829,onepiececardgame,원피스 카드게임,2026-08,2026-08-10T09:53:27+09:00,known,3a0407d92d697ffb0a1062aa,a2db6f16e50a8cda85ce1829,106455,https://m.dcinside.com/board/onepiececardgame/106455,코비 페레 소스 구해요,seller-8ad10b55fa52911e796a44cf,원딱러,registered,loadScript 'https pagead,loadScript 'https pagead,loadScript('https://pagead,,,buy,구매,1,2,20000,estimated,bundle,text,unknown,,active,needs_review,needs_review,"가격 단위 추정, 복수 카드 가격, 배송비 포함 여부 미확정, 묶음·세트 총액 · 개별 카드 가격 아님",estimated,no,no,"loadScript('https://pagead2.googlesyndication.com/pagead/js/adsbygoogle_direct.js?client=ca-pub-8171468792791627', true, 'anonymous');"
a588ef56af8b44b083816e4f,onepiececardgame,원피스 카드게임,2026-08,2026-08-10T09:53:27+09:00,known,a8fd9baf1672aa6c89284108,a588ef56af8b44b083816e4f,106455,https://m.dcinside.com/board/onepiececardgame/106455,코비 페레 소스 구해요,seller-8ad10b55fa52911e796a44cf,원딱러,registered,어니스티 임팩트,어니스티 임팩트,어니스티 임팩트 장당,,,buy,구매,1,4,40000,estimated,per_card,text,unknown,,active,needs_review,needs_review,"가격 단위 추정, 배송비 포함 여부 미확정",estimated,yes,candidate_estimated,어니스티 임팩트 장당 4에 2장 구해요
c5adfc9d8181e279169bd485,onepiececardgame,원피스 카드게임,2026-08,2026-08-10T09:53:27+09:00,known,3a0407d92d697ffb0a1062aa,c5adfc9d8181e279169bd485,106455,https://m.dcinside.com/board/onepiececardgame/106455,코비 페레 소스 구해요,seller-8ad10b55fa52911e796a44cf,원딱러,registered,PRB02-당,PRB02-당,PRB02-당,,,buy,구매,1,1.5,15000,estimated,per_card,text,unknown,,active,needs_review,needs_review,"가격 단위 추정, 배송비 포함 여부 미확정",estimated,yes,candidate_estimated,PRB02-001 장당 1.5에 3장
d3ebce9c3ac047c8b87b8cce,onepiececardgame,원피스 카드게임,2026-08,2026-08-10T09:53:27+09:00,known,3a0407d92d697ffb0a1062aa,d3ebce9c3ac047c8b87b8cce,106455,https://m.dcinside.com/board/onepiececardgame/106455,코비 페레 소스 구해요,seller-8ad10b55fa52911e796a44cf,원딱러,registered,DOM 삽입 헬퍼 현재 스크립트 위치 기준,DOM 삽입 헬퍼 현재 스크립트 위치 기준,// ---- DOM 삽입 헬퍼 (현재 스크립트 위치 기준,,,buy,구매,1,1,10000,estimated,bundle,text,unknown,,active,needs_review,needs_review,"가격 단위 추정, 복수 카드 가격, 배송비 포함 여부 미확정, 묶음·세트 총액 · 개별 카드 가격 아님",estimated,no,no,// ---- DOM 삽입 헬퍼 (현재 스크립트 위치 기준1)
d52333e8b785d9ec1ea1a982,onepiececardgame,원피스 카드게임,2026-08,2026-08-10T09:53:27+09:00,known,a8fd9baf1672aa6c89284108,d52333e8b785d9ec1ea1a982,106455,https://m.dcinside.com/board/onepiececardgame/106455,코비 페레 소스 구해요,seller-8ad10b55fa52911e796a44cf,원딱러,registered,var safe = window.dcAd && window.dcAd.safe ==,var safe = window.dcAd && window.dcAd.safe ==,var safe = (window.dcAd && window.dcAd.safe ==,,,buy,구매,1,1,10000,estimated,bundle,text,unknown,,active,needs_review,needs_review,"가격 단위 추정, 복수 카드 가격, 배송비 포함 여부 미확정, 묶음·세트 총액 · 개별 카드 가격 아님",estimated,no,no,var safe = (window.dcAd && window.dcAd.safe == 1)
e6323d9930714859fd866348,onepiececardgame,원피스 카드게임,2026-08,2026-08-10T09:53:27+09:00,known,ea5b73cb0410f47262568b71,e6323d9930714859fd866348,106455,https://m.dcinside.com/board/onepiececardgame/106455,코비 페레 소스 구해요,seller-8ad10b55fa52911e796a44cf,원딱러,registered,loadScript 'https pagead,loadScript 'https pagead,loadScript('https://pagead,,,buy,구매,1,2,20000,estimated,bundle,text,unknown,,active,needs_review,needs_review,"가격 단위 추정, 복수 카드 가격, 배송비 포함 여부 미확정, 묶음·세트 총액 · 개별 카드 가격 아님",estimated,no,no,"loadScript('https://pagead2.googlesyndication.com/pagead/js/adsbygoogle_direct.js?client=ca-pub-8171468792791627', true, 'anonymous');"
ecbccb14e6d0f7dca45dc5f9,onepiececardgame,원피스 카드게임,2026-08,2026-08-10T09:53:27+09:00,known,ea5b73cb0410f47262568b71,ecbccb14e6d0f7dca45dc5f9,106455,https://m.dcinside.com/board/onepiececardgame/106455,코비 페레 소스 구해요,seller-8ad10b55fa52911e796a44cf,원딱러,registered,loadScript ' t,loadScript ' t,loadScript('//t,,,buy,구매,1,1,10000,estimated,bundle,text,unknown,,active,needs_review,needs_review,"가격 단위 추정, 복수 카드 가격, 배송비 포함 여부 미확정, 묶음·세트 총액 · 개별 카드 가격 아님",estimated,no,no,"loadScript('//t1.kakaocdn.net/kas/static/ba.min.js', true);"
f00eca85493d0cf7901fab4d,onepiececardgame,원피스 카드게임,2026-08,2026-08-10T09:53:27+09:00,known,a8fd9baf1672aa6c89284108,f00eca85493d0cf7901fab4d,106455,https://m.dcinside.com/board/onepiececardgame/106455,코비 페레 소스 구해요,seller-8ad10b55fa52911e796a44cf,원딱러,registered,loadScript 'https pagead,loadScript 'https pagead,loadScript('https://pagead,,,buy,구매,1,2,20000,estimated,bundle,text,unknown,,active,needs_review,needs_review,"가격 단위 추정, 복수 카드 가격, 배송비 포함 여부 미확정, 묶음·세트 총액 · 개별 카드 가격 아님",estimated,no,no,"loadScript('https://pagead2.googlesyndication.com/pagead/js/adsbygoogle_direct.js?client=ca-pub-8171468792791627', true, 'anonymous');"
ffa21e72f34cb70f48ea11d8,onepiececardgame,원피스 카드게임,2026-08,2026-08-10T09:53:27+09:00,known,3a0407d92d697ffb0a1062aa,ffa21e72f34cb70f48ea11d8,106455,https://m.dcinside.com/board/onepiececardgame/106455,코비 페레 소스 구해요,seller-8ad10b55fa52911e796a44cf,원딱러,registered,어니스티 임팩트,어니스티 임팩트,어니스티 임팩트 장당,,,buy,구매,1,4,40000,estimated,per_card,text,unknown,,active,needs_review,needs_review,"가격 단위 추정, 배송비 포함 여부 미확정",estimated,yes,candidate_estimated,어니스티 임팩트 장당 4에 2장 구해요
7a73941d5c2bf1399660bc52,onepiececardgame,원피스 카드게임,2026-08,2026-08-10T11:25:42+09:00,known,fc43eb002d502d69431a64e7,7a73941d5c2bf1399660bc52,106464,https://m.dcinside.com/board/onepiececardgame/106464,우타 리페 구해요,seller-b8369656baa2ee2fe0fc84b3,ㅇㅇ,guest,우타 리페,우타 리페,우타 리페,,,buy,구매,1,,,missing,unknown,unknown,unknown,,active,needs_review,needs_review,희망가 미기재,missing,no,no,우타 리페 구해요
e9154a28183d35898ed95319,onepiececardgame,원피스 카드게임,2026-08,2026-08-10T11:25:42+09:00,known,5a3f0d3c4ed43f96beeebde0,e9154a28183d35898ed95319,106464,https://m.dcinside.com/board/onepiececardgame/106464,우타 리페 구해요,seller-ab876c9fed37adb98fc68e25,ㅇㅇ,guest,우타 리페,우타 리페,우타 리페,,,buy,구매,1,,,missing,unknown,unknown,unknown,,active,needs_review,needs_review,희망가 미기재,missing,no,no,우타 리페 구해요
e9cf094dac799587ea32e13f,onepiececardgame,원피스 카드게임,2026-08,2026-08-10T11:25:42+09:00,known,513a4c67f1faae8a227e590c,e9cf094dac799587ea32e13f,106464,https://m.dcinside.com/board/onepiececardgame/106464,우타 리페 구해요,seller-8d5a1ad24a0736373d8a394a,ㅇㅇ,guest,우타 리페,우타 리페,우타 리페,,,buy,구매,1,,,missing,unknown,unknown,unknown,,active,needs_review,needs_review,희망가 미기재,missing,no,no,우타 리페 구해요
f259af2cfd4d32542b165faf,onepiececardgame,원피스 카드게임,2026-08,2026-08-10T11:25:42+09:00,known,cabd337da61ab0b3676c9ecc,f259af2cfd4d32542b165faf,106464,https://m.dcinside.com/board/onepiececardgame/106464,우타 리페 구해요,seller-d87d5e496e3dae436564ae15,ㅇㅇ,guest,우타 리페,우타 리페,우타 리페,,,buy,구매,1,,,missing,unknown,unknown,unknown,,active,needs_review,needs_review,희망가 미기재,missing,no,no,우타 리페 구해요
1a4f8e3e3a5f4c8cb6ae184b,onepiececardgame,원피스 카드게임,2026-08,2026-08-10T12:41:50+09:00,known,08b0739e01c52d9cca9af947,1a4f8e3e3a5f4c8cb6ae184b,106474,https://m.dcinside.com/board/onepiececardgame/106474,플쉽 조로 타시기 등등 삽니다,seller-766082bbcaecd5264d8fb53f,ㅇㅇ,guest,플쉽 타시기,플쉽 타시기,플쉽 타시기,,,buy,구매,1,3.0,30000,estimated,per_card,text,unknown,,active,needs_review,needs_review,"가격 단위 추정, 배송비 포함 여부 미확정",estimated,yes,candidate_estimated,플쉽 타시기 3.0
240a39926e565c9311d75345,onepiececardgame,원피스 카드게임,2026-08,2026-08-10T12:41:50+09:00,known,6611c81416cc68e4dbe1fb34,240a39926e565c9311d75345,106474,https://m.dcinside.com/board/onepiececardgame/106474,플쉽 조로 타시기 등등 삽니다,seller-f5e5542dd289ee92526e71c4,ㅇㅇ,guest,플쉽 푸딩,플쉽 푸딩,플쉽 푸딩,,,buy,구매,1,2.0,20000,estimated,per_card,text,unknown,,active,needs_review,needs_review,"가격 단위 추정, 배송비 포함 여부 미확정",estimated,yes,candidate_estimated,플쉽 푸딩 2.0
28ed46db9f5416c4aaf91c57,onepiececardgame,원피스 카드게임,2026-08,2026-08-10T12:41:50+09:00,known,1307746a7f63e2b3b935be3a,28ed46db9f5416c4aaf91c57,106474,https://m.dcinside.com/board/onepiececardgame/106474,플쉽 조로 타시기 등등 삽니다,seller-71dc59535854d9fea85f2992,ㅇㅇ,guest,플쉽 조로,플쉽 조로,플쉽 조로,,,buy,구매,1,5.5,55000,estimated,per_card,text,unknown,,active,needs_review,needs_review,"가격 단위 추정, 배송비 포함 여부 미확정",estimated,yes,candidate_estimated,플쉽 조로 5.5
544b74b76a04ecdcd2a5be7e,onepiececardgame,원피스 카드게임,2026-08,2026-08-10T12:41:50+09:00,known,19f2e349f511fd029cb5e6d3,544b74b76a04ecdcd2a5be7e,106474,https://m.dcinside.com/board/onepiececardgame/106474,플쉽 조로 타시기 등등 삽니다,seller-29676a31f238ece3bca8c5e7,ㅇㅇ,guest,플쉽 타시기,플쉽 타시기,플쉽 타시기,,,buy,구매,1,3.0,30000,estimated,per_card,text,unknown,,active,needs_review,needs_review,"가격 단위 추정, 배송비 포함 여부 미확정",estimated,yes,candidate_estimated,플쉽 타시기 3.0
6c1db86b9df54c51e925a18f,onepiececardgame,원피스 카드게임,2026-08,2026-08-10T12:41:50+09:00,known,6611c81416cc68e4dbe1fb34,6c1db86b9df54c51e925a18f,106474,https://m.dcinside.com/board/onepiececardgame/106474,플쉽 조로 타시기 등등 삽니다,seller-f5e5542dd289ee92526e71c4,ㅇㅇ,guest,플쉽 타시기,플쉽 타시기,플쉽 타시기,,,buy,구매,1,3.0,30000,estimated,per_card,text,unknown,,active,needs_review,needs_review,"가격 단위 추정, 배송비 포함 여부 미확정",estimated,yes,candidate_estimated,플쉽 타시기 3.0
8b023185266892bcbe7cdba1,onepiececardgame,원피스 카드게임,2026-08,2026-08-10T12:41:50+09:00,known,19f2e349f511fd029cb5e6d3,8b023185266892bcbe7cdba1,106474,https://m.dcinside.com/board/onepiececardgame/106474,플쉽 조로 타시기 등등 삽니다,seller-29676a31f238ece3bca8c5e7,ㅇㅇ,guest,플쉽 조로,플쉽 조로,플쉽 조로,,,buy,구매,1,5.5,55000,estimated,per_card,text,unknown,,active,needs_review,needs_review,"가격 단위 추정, 배송비 포함 여부 미확정",estimated,yes,candidate_estimated,플쉽 조로 5.5
a93536b58f367f87fc0928eb,onepiececardgame,원피스 카드게임,2026-08,2026-08-10T12:41:50+09:00,known,1307746a7f63e2b3b935be3a,a93536b58f367f87fc0928eb,106474,https://m.dcinside.com/board/onepiececardgame/106474,플쉽 조로 타시기 등등 삽니다,seller-71dc59535854d9fea85f2992,ㅇㅇ,guest,플쉽 푸딩,플쉽 푸딩,플쉽 푸딩,,,buy,구매,1,2.0,20000,estimated,per_card,text,unknown,,active,needs_review,needs_review,"가격 단위 추정, 배송비 포함 여부 미확정",estimated,yes,candidate_estimated,플쉽 푸딩 2.0
bad428a19cde70d048123c49,onepiececardgame,원피스 카드게임,2026-08,2026-08-10T12:41:50+09:00,known,08b0739e01c52d9cca9af947,bad428a19cde70d048123c49,106474,https://m.dcinside.com/board/onepiececardgame/106474,플쉽 조로 타시기 등등 삽니다,seller-766082bbcaecd5264d8fb53f,ㅇㅇ,guest,플쉽 푸딩,플쉽 푸딩,플쉽 푸딩,,,buy,구매,1,2.0,20000,estimated,per_card,text,unknown,,active,needs_review,needs_review,"가격 단위 추정, 배송비 포함 여부 미확정",estimated,yes,candidate_estimated,플쉽 푸딩 2.0
d173d2a30dfec826d9ae0f01,onepiececardgame,원피스 카드게임,2026-08,2026-08-10T12:41:50+09:00,known,1307746a7f63e2b3b935be3a,d173d2a30dfec826d9ae0f01,106474,https://m.dcinside.com/board/onepiececardgame/106474,플쉽 조로 타시기 등등 삽니다,seller-71dc59535854d9fea85f2992,ㅇㅇ,guest,플쉽 타시기,플쉽 타시기,플쉽 타시기,,,buy,구매,1,3.0,30000,estimated,per_card,text,unknown,,active,needs_review,needs_review,"가격 단위 추정, 배송비 포함 여부 미확정",estimated,yes,candidate_estimated,플쉽 타시기 3.0
e3507c0fb70ba172d0d87335,onepiececardgame,원피스 카드게임,2026-08,2026-08-10T12:41:50+09:00,known,19f2e349f511fd029cb5e6d3,e3507c0fb70ba172d0d87335,106474,https://m.dcinside.com/board/onepiececardgame/106474,플쉽 조로 타시기 등등 삽니다,seller-29676a31f238ece3bca8c5e7,ㅇㅇ,guest,플쉽 푸딩,플쉽 푸딩,플쉽 푸딩,,,buy,구매,1,2.0,20000,estimated,per_card,text,unknown,,active,needs_review,needs_review,"가격 단위 추정, 배송비 포함 여부 미확정",estimated,yes,candidate_estimated,플쉽 푸딩 2.0
f6f2e8034dee990e4c262473,onepiececardgame,원피스 카드게임,2026-08,2026-08-10T12:41:50+09:00,known,08b0739e01c52d9cca9af947,f6f2e8034dee990e4c262473,106474,https://m.dcinside.com/board/onepiececardgame/106474,플쉽 조로 타시기 등등 삽니다,seller-766082bbcaecd5264d8fb53f,ㅇㅇ,guest,플쉽 조로,플쉽 조로,플쉽 조로,,,buy,구매,1,5.5,55000,estimated,per_card,text,unknown,,active,needs_review,needs_review,"가격 단위 추정, 배송비 포함 여부 미확정",estimated,yes,candidate_estimated,플쉽 조로 5.5
fee5a24de02e4e60c4a78bcb,onepiececardgame,원피스 카드게임,2026-08,2026-08-10T12:41:50+09:00,known,6611c81416cc68e4dbe1fb34,fee5a24de02e4e60c4a78bcb,106474,https://m.dcinside.com/board/onepiececardgame/106474,플쉽 조로 타시기 등등 삽니다,seller-f5e5542dd289ee92526e71c4,ㅇㅇ,guest,플쉽 조로,플쉽 조로,플쉽 조로,,,buy,구매,1,5.5,55000,estimated,per_card,text,unknown,,active,needs_review,needs_review,"가격 단위 추정, 배송비 포함 여부 미확정",estimated,yes,candidate_estimated,플쉽 조로 5.5
395cf3818e103ae1e7485d4e,onepiececardgame,원피스 카드게임,2026-08,2026-08-10T12:43:33+09:00,known,59809b1bbe83e7195a3e05e6,395cf3818e103ae1e7485d4e,106475,https://m.dcinside.com/board/onepiececardgame/106475,마곡 신사황 프로모 샹크스 구매합니다,seller-8ad10b55fa52911e796a44cf,원딱러,registered,,장당,장당,,,buy,구매,1,2.0,20000,estimated,per_card,text,unknown,,active,needs_review,needs_review,"가격 단위 추정, 배송비 포함 여부 미확정",estimated,yes,candidate_estimated,장당 2.0 구매합니다
6aa02608e8210652dfd94c88,onepiececardgame,원피스 카드게임,2026-08,2026-08-10T12:43:33+09:00,known,510ba07a77e7ce5fe0027286,6aa02608e8210652dfd94c88,106475,https://m.dcinside.com/board/onepiececardgame/106475,마곡 신사황 프로모 샹크스 구매합니다,seller-8ad10b55fa52911e796a44cf,원딱러,registered,,장당,장당,,,buy,구매,1,2.0,20000,estimated,per_card,text,unknown,,active,needs_review,needs_review,"가격 단위 추정, 배송비 포함 여부 미확정",estimated,yes,candidate_estimated,장당 2.0 구매합니다
b65f6bd7c2180a2b8dcf978f,onepiececardgame,원피스 카드게임,2026-08,2026-08-10T12:43:33+09:00,known,75a621a8b394dd7bb2b265c4,b65f6bd7c2180a2b8dcf978f,106475,https://m.dcinside.com/board/onepiececardgame/106475,마곡 신사황 프로모 샹크스 구매합니다,seller-8ad10b55fa52911e796a44cf,원딱러,registered,,장당,장당,,,buy,구매,1,2.0,20000,estimated,per_card,text,unknown,,active,needs_review,needs_review,"가격 단위 추정, 배송비 포함 여부 미확정",estimated,yes,candidate_estimated,장당 2.0 구매합니다
ccbcce331c3c72eb76af9051,onepiececardgame,원피스 카드게임,2026-08,2026-08-10T12:43:33+09:00,known,778e42b3e1520c7e6f314531,ccbcce331c3c72eb76af9051,106475,https://m.dcinside.com/board/onepiececardgame/106475,마곡 신사황 프로모 샹크스 구매합니다,seller-8ad10b55fa52911e796a44cf,원딱러,registered,,장당,장당,,,buy,구매,1,2.0,20000,estimated,per_card,text,unknown,,active,needs_review,needs_review,"가격 단위 추정, 배송비 포함 여부 미확정",estimated,yes,candidate_estimated,장당 2.0 구매합니다
1556d1fd23b4fa3429eb29b1,onepiececardgame,원피스 카드게임,2026-08,2026-08-10T16:09:14+09:00,known,4445b9d4c4bb7295caf9dad7,1556d1fd23b4fa3429eb29b1,106507,https://m.dcinside.com/board/onepiececardgame/106507,녹자루피 리페 삽니다,seller-6c5219905e9642b959d9d48e,ㅇㅇ,guest,녹자루피 리페,녹자루피 리페,녹자루피 리페,,,buy,구매,1,,,missing,unknown,unknown,unknown,,active,needs_review,needs_review,희망가 미기재,missing,no,no,녹자루피 리페 삽니다
6c703dfc164d1db0c9644af3,onepiececardgame,원피스 카드게임,2026-08,2026-08-10T16:09:14+09:00,known,609dcd856f812eafb83b28e9,6c703dfc164d1db0c9644af3,106507,https://m.dcinside.com/board/onepiececardgame/106507,녹자루피 리페 삽니다,seller-43240d638e3293434734862c,ㅇㅇ,guest,녹자루피 리페,녹자루피 리페,녹자루피 리페,,,buy,구매,1,,,missing,unknown,unknown,unknown,,active,needs_review,needs_review,희망가 미기재,missing,no,no,녹자루피 리페 삽니다
9e253fd4c42fe1ca29aa0c79,onepiececardgame,원피스 카드게임,2026-08,2026-08-10T16:09:14+09:00,known,740f073b2a7d6d9b0e2dd58d,9e253fd4c42fe1ca29aa0c79,106507,https://m.dcinside.com/board/onepiececardgame/106507,녹자루피 리페 삽니다,seller-ce0236f85857657fb4a71d31,ㅇㅇ,guest,녹자루피 리페,녹자루피 리페,녹자루피 리페,,,buy,구매,1,,,missing,unknown,unknown,unknown,,active,needs_review,needs_review,희망가 미기재,missing,no,no,녹자루피 리페 삽니다
fca0f085b4fb551b86126663,onepiececardgame,원피스 카드게임,2026-08,2026-08-10T16:09:14+09:00,known,d2abf7a63d4d51daa1a7a966,fca0f085b4fb551b86126663,106507,https://m.dcinside.com/board/onepiececardgame/106507,녹자루피 리페 삽니다,seller-7d06d5878370d1af55bf72d5,ㅇㅇ,guest,녹자루피 리페,녹자루피 리페,녹자루피 리페,,,buy,구매,1,,,missing,unknown,unknown,unknown,,active,needs_review,needs_review,희망가 미기재,missing,no,no,녹자루피 리페 삽니다
0bbb35ec98aab6392b980e16,onepiececardgame,원피스 카드게임,2026-08,2026-08-10T21:51:53+09:00,known,4bb7514ead29b2decc1ecd2c,0bbb35ec98aab6392b980e16,106590,https://m.dcinside.com/board/onepiececardgame/106590,송내 맡김거래로 청색 로우 삽니다,seller-ce003f29e6bd771e47d6b0f2,ㅇㅇ,guest,송내 맡김거래로 청색 로우,송내 맡김거래로 청색 로우,송내 맡김거래로 청색 로우,,,buy,구매,4,,,missing,unknown,unknown,unknown,,active,needs_review,needs_review,희망가 미기재,missing,no,no,송내 맡김거래로 청색 로우 삽니다
32c7bbdff018e50242bdf5f1,onepiececardgame,원피스 카드게임,2026-08,2026-08-10T21:51:53+09:00,known,07a6a65f41aff063a404913c,32c7bbdff018e50242bdf5f1,106590,https://m.dcinside.com/board/onepiececardgame/106590,송내 맡김거래로 청색 로우 삽니다,seller-5c06b33ac43c87c4619e6a97,ㅇㅇ,guest,송내 맡김거래로 청색 로우,송내 맡김거래로 청색 로우,송내 맡김거래로 청색 로우,,,buy,구매,4,,,missing,unknown,unknown,unknown,,active,needs_review,needs_review,희망가 미기재,missing,no,no,송내 맡김거래로 청색 로우 삽니다
3697134b62b952cd68289912,onepiececardgame,원피스 카드게임,2026-08,2026-08-10T21:51:53+09:00,known,22a796e56340e9fc9c5ddf62,3697134b62b952cd68289912,106590,https://m.dcinside.com/board/onepiececardgame/106590,송내 맡김거래로 청색 로우 삽니다,seller-c76b1ddb0f32d66bda54d19a,ㅇㅇ,guest,송내 맡김거래로 청색 로우,송내 맡김거래로 청색 로우,송내 맡김거래로 청색 로우,,,buy,구매,4,,,missing,unknown,unknown,unknown,,active,needs_review,needs_review,희망가 미기재,missing,no,no,송내 맡김거래로 청색 로우 삽니다
cffa63fcc036d779abb31779,onepiececardgame,원피스 카드게임,2026-08,2026-08-10T21:51:53+09:00,known,0c7ce22cb037729f947cab1a,cffa63fcc036d779abb31779,106590,https://m.dcinside.com/board/onepiececardgame/106590,송내 맡김거래로 청색 로우 삽니다,seller-241bc9a12c964319256a363a,ㅇㅇ,guest,송내 맡김거래로 청색 로우,송내 맡김거래로 청색 로우,송내 맡김거래로 청색 로우,,,buy,구매,4,,,missing,unknown,unknown,unknown,,active,needs_review,needs_review,희망가 미기재,missing,no,no,송내 맡김거래로 청색 로우 삽니다
3c6403346d9f494f0193469a,onepiececardgame,원피스 카드게임,2026-08,2026-08-10T21:54:48+09:00,known,e85ff72090a0d673b5da489e,3c6403346d9f494f0193469a,106591,https://m.dcinside.com/board/onepiececardgame/106591,드래곤실드 슬레이트 구매해요,seller-8ad10b55fa52911e796a44cf,원딱러,registered,드래곤실드 슬레이트 해요,드래곤실드 슬레이트 해요,드래곤실드 슬레이트 해요,,,buy,구매,1,,,missing,unknown,unknown,unknown,,active,needs_review,needs_review,희망가 미기재,missing,no,no,드래곤실드 슬레이트 구매해요
8a2106f549f4790df6558151,onepiececardgame,원피스 카드게임,2026-08,2026-08-10T21:54:48+09:00,known,f3e2d5f4ecc6459a5bfd586b,8a2106f549f4790df6558151,106591,https://m.dcinside.com/board/onepiececardgame/106591,드래곤실드 슬레이트 구매해요,seller-8ad10b55fa52911e796a44cf,원딱러,registered,드래곤실드 슬레이트 해요,드래곤실드 슬레이트 해요,드래곤실드 슬레이트 해요,,,buy,구매,1,,,missing,unknown,unknown,unknown,,active,needs_review,needs_review,희망가 미기재,missing,no,no,드래곤실드 슬레이트 구매해요
de26bb6e94a73fe54634c948,onepiececardgame,원피스 카드게임,2026-08,2026-08-10T21:54:48+09:00,known,8290d08f37fcc3d00b4e2966,de26bb6e94a73fe54634c948,106591,https://m.dcinside.com/board/onepiececardgame/106591,드래곤실드 슬레이트 구매해요,seller-8ad10b55fa52911e796a44cf,원딱러,registered,드래곤실드 슬레이트 해요,드래곤실드 슬레이트 해요,드래곤실드 슬레이트 해요,,,buy,구매,1,,,missing,unknown,unknown,unknown,,active,needs_review,needs_review,희망가 미기재,missing,no,no,드래곤실드 슬레이트 구매해요
f8d4dd1db383d6a73cb088d4,onepiececardgame,원피스 카드게임,2026-08,2026-08-10T21:54:48+09:00,known,1a9c5d190dfd65617717afdb,f8d4dd1db383d6a73cb088d4,106591,https://m.dcinside.com/board/onepiececardgame/106591,드래곤실드 슬레이트 구매해요,seller-8ad10b55fa52911e796a44cf,원딱러,registered,드래곤실드 슬레이트 해요,드래곤실드 슬레이트 해요,드래곤실드 슬레이트 해요,,,buy,구매,1,,,missing,unknown,unknown,unknown,,active,needs_review,needs_review,희망가 미기재,missing,no,no,드래곤실드 슬레이트 구매해요
07d1ad655b7a81f03d3473de,onepiececardgame,원피스 카드게임,2026-08,2026-08-10T23:15:41+09:00,known,983ffb1a7c56dac53e1d074e,07d1ad655b7a81f03d3473de,106605,https://m.dcinside.com/board/onepiececardgame/106605,"녹색,황색 카드 몇장 구해요",seller-d61f9cc662c14b54047f11a2,까마까치,registered,5코 나미,5코 나미,5코 나미,,,buy,구매,1,1.3,13000,estimated,per_card,text,unknown,,active,needs_review,needs_review,"가격 단위 추정, 배송비 포함 여부 미확정",estimated,yes,candidate_estimated,5코 나미 1.3
0b3dfbc76a6e3bc017030644,onepiececardgame,원피스 카드게임,2026-08,2026-08-10T23:15:41+09:00,known,23ac575554ec86d25f335df6,0b3dfbc76a6e3bc017030644,106605,https://m.dcinside.com/board/onepiececardgame/106605,"녹색,황색 카드 몇장 구해요",seller-d61f9cc662c14b54047f11a2,까마까치,registered,5코 나미,5코 나미,5코 나미,,,buy,구매,1,1.3,13000,estimated,per_card,text,unknown,,active,needs_review,needs_review,"가격 단위 추정, 배송비 포함 여부 미확정",estimated,yes,candidate_estimated,5코 나미 1.3
12b2319a7000e086f606b539,onepiececardgame,원피스 카드게임,2026-08,2026-08-10T23:15:41+09:00,known,9c439863d88dbd007bfd05bc,12b2319a7000e086f606b539,106605,https://m.dcinside.com/board/onepiececardgame/106605,"녹색,황색 카드 몇장 구해요",seller-d61f9cc662c14b54047f11a2,까마까치,registered,1코 페로나,1코 페로나,1코 페로나,,,buy,구매,1,1.5,15000,estimated,per_card,text,unknown,,active,needs_review,needs_review,"가격 단위 추정, 배송비 포함 여부 미확정",estimated,yes,candidate_estimated,1코 페로나 1.5
20402492f0f5dd35e1f76548,onepiececardgame,원피스 카드게임,2026-08,2026-08-10T23:15:41+09:00,known,23ac575554ec86d25f335df6,20402492f0f5dd35e1f76548,106605,https://m.dcinside.com/board/onepiececardgame/106605,"녹색,황색 카드 몇장 구해요",seller-d61f9cc662c14b54047f11a2,까마까치,registered,5코 보니,5코 보니,5코 보니,,,buy,구매,1,2.0,20000,estimated,per_card,text,unknown,,active,needs_review,needs_review,"가격 단위 추정, 배송비 포함 여부 미확정",estimated,yes,candidate_estimated,5코 보니 2.0
2d68b14278abec59df159e9f,onepiececardgame,원피스 카드게임,2026-08,2026-08-10T23:15:41+09:00,known,12ce4375cc1112777c83ba1b,2d68b14278abec59df159e9f,106605,https://m.dcinside.com/board/onepiececardgame/106605,"녹색,황색 카드 몇장 구해요",seller-d61f9cc662c14b54047f11a2,까마까치,registered,1코 페로나,1코 페로나,1코 페로나,,,buy,구매,1,1.5,15000,estimated,per_card,text,unknown,,active,needs_review,needs_review,"가격 단위 추정, 배송비 포함 여부 미확정",estimated,yes,candidate_estimated,1코 페로나 1.5
3190fac8bed5a34d0bdcad8b,onepiececardgame,원피스 카드게임,2026-08,2026-08-10T23:15:41+09:00,known,12ce4375cc1112777c83ba1b,3190fac8bed5a34d0bdcad8b,106605,https://m.dcinside.com/board/onepiececardgame/106605,"녹색,황색 카드 몇장 구해요",seller-d61f9cc662c14b54047f11a2,까마까치,registered,5코 나미,5코 나미,5코 나미,,,buy,구매,1,1.3,13000,estimated,per_card,text,unknown,,active,needs_review,needs_review,"가격 단위 추정, 배송비 포함 여부 미확정",estimated,yes,candidate_estimated,5코 나미 1.3
36a9de707762dbcc6aca2194,onepiececardgame,원피스 카드게임,2026-08,2026-08-10T23:15:41+09:00,known,12ce4375cc1112777c83ba1b,36a9de707762dbcc6aca2194,106605,https://m.dcinside.com/board/onepiececardgame/106605,"녹색,황색 카드 몇장 구해요",seller-d61f9cc662c14b54047f11a2,까마까치,registered,5코 스모커,5코 스모커,5코 스모커,,,buy,구매,1,0.5,5000,estimated,per_card,text,unknown,,active,needs_review,needs_review,"가격 단위 추정, 배송비 포함 여부 미확정",estimated,yes,candidate_estimated,5코 스모커 0.5
3f36333e25a675d0e11102b5,onepiececardgame,원피스 카드게임,2026-08,2026-08-10T23:15:41+09:00,known,983ffb1a7c56dac53e1d074e,3f36333e25a675d0e11102b5,106605,https://m.dcinside.com/board/onepiececardgame/106605,"녹색,황색 카드 몇장 구해요",seller-d61f9cc662c14b54047f11a2,까마까치,registered,1코 페로나,1코 페로나,1코 페로나,,,buy,구매,1,1.5,15000,estimated,per_card,text,unknown,,active,needs_review,needs_review,"가격 단위 추정, 배송비 포함 여부 미확정",estimated,yes,candidate_estimated,1코 페로나 1.5
4d07f66c13e5e3061e76e295,onepiececardgame,원피스 카드게임,2026-08,2026-08-10T23:15:41+09:00,known,12ce4375cc1112777c83ba1b,4d07f66c13e5e3061e76e295,106605,https://m.dcinside.com/board/onepiececardgame/106605,"녹색,황색 카드 몇장 구해요",seller-d61f9cc662c14b54047f11a2,까마까치,registered,2코 히요리,2코 히요리,2코 히요리,,,buy,구매,1,1.1,11000,estimated,per_card,text,unknown,,active,needs_review,needs_review,"가격 단위 추정, 배송비 포함 여부 미확정",estimated,yes,candidate_estimated,2코 히요리 1.1
501b54a64a4a032997b70f4c,onepiececardgame,원피스 카드게임,2026-08,2026-08-10T23:15:41+09:00,known,9c439863d88dbd007bfd05bc,501b54a64a4a032997b70f4c,106605,https://m.dcinside.com/board/onepiececardgame/106605,"녹색,황색 카드 몇장 구해요",seller-d61f9cc662c14b54047f11a2,까마까치,registered,2코 히요리,2코 히요리,2코 히요리,,,buy,구매,1,1.1,11000,estimated,per_card,text,unknown,,active,needs_review,needs_review,"가격 단위 추정, 배송비 포함 여부 미확정",estimated,yes,candidate_estimated,2코 히요리 1.1
62faf8c1c4d4d23ffae23ffd,onepiececardgame,원피스 카드게임,2026-08,2026-08-10T23:15:41+09:00,known,983ffb1a7c56dac53e1d074e,62faf8c1c4d4d23ffae23ffd,106605,https://m.dcinside.com/board/onepiececardgame/106605,"녹색,황색 카드 몇장 구해요",seller-d61f9cc662c14b54047f11a2,까마까치,registered,2코 히요리,2코 히요리,2코 히요리,,,buy,구매,1,1.1,11000,estimated,per_card,text,unknown,,active,needs_review,needs_review,"가격 단위 추정, 배송비 포함 여부 미확정",estimated,yes,candidate_estimated,2코 히요리 1.1
869b57831d4c73d56f4f157f,onepiececardgame,원피스 카드게임,2026-08,2026-08-10T23:15:41+09:00,known,9c439863d88dbd007bfd05bc,869b57831d4c73d56f4f157f,106605,https://m.dcinside.com/board/onepiececardgame/106605,"녹색,황색 카드 몇장 구해요",seller-d61f9cc662c14b54047f11a2,까마까치,registered,5코 나미,5코 나미,5코 나미,,,buy,구매,1,1.3,13000,estimated,per_card,text,unknown,,active,needs_review,needs_review,"가격 단위 추정, 배송비 포함 여부 미확정",estimated,yes,candidate_estimated,5코 나미 1.3
899f301f8f8b8bb2e0c6e7bd,onepiececardgame,원피스 카드게임,2026-08,2026-08-10T23:15:41+09:00,known,23ac575554ec86d25f335df6,899f301f8f8b8bb2e0c6e7bd,106605,https://m.dcinside.com/board/onepiececardgame/106605,"녹색,황색 카드 몇장 구해요",seller-d61f9cc662c14b54047f11a2,까마까치,registered,5코 스모커,5코 스모커,5코 스모커,,,buy,구매,1,0.5,5000,estimated,per_card,text,unknown,,active,needs_review,needs_review,"가격 단위 추정, 배송비 포함 여부 미확정",estimated,yes,candidate_estimated,5코 스모커 0.5
95fdeebd9d15f3b029b1bcb8,onepiececardgame,원피스 카드게임,2026-08,2026-08-10T23:15:41+09:00,known,12ce4375cc1112777c83ba1b,95fdeebd9d15f3b029b1bcb8,106605,https://m.dcinside.com/board/onepiececardgame/106605,"녹색,황색 카드 몇장 구해요",seller-d61f9cc662c14b54047f11a2,까마까치,registered,5코 보니,5코 보니,5코 보니,,,buy,구매,1,2.0,20000,estimated,per_card,text,unknown,,active,needs_review,needs_review,"가격 단위 추정, 배송비 포함 여부 미확정",estimated,yes,candidate_estimated,5코 보니 2.0
9af1f7e190559990d48662d3,onepiececardgame,원피스 카드게임,2026-08,2026-08-10T23:15:41+09:00,known,23ac575554ec86d25f335df6,9af1f7e190559990d48662d3,106605,https://m.dcinside.com/board/onepiececardgame/106605,"녹색,황색 카드 몇장 구해요",seller-d61f9cc662c14b54047f11a2,까마까치,registered,2코 히요리,2코 히요리,2코 히요리,,,buy,구매,1,1.1,11000,estimated,per_card,text,unknown,,active,needs_review,needs_review,"가격 단위 추정, 배송비 포함 여부 미확정",estimated,yes,candidate_estimated,2코 히요리 1.1
a3e81359f9e309184309dddb,onepiececardgame,원피스 카드게임,2026-08,2026-08-10T23:15:41+09:00,known,9c439863d88dbd007bfd05bc,a3e81359f9e309184309dddb,106605,https://m.dcinside.com/board/onepiececardgame/106605,"녹색,황색 카드 몇장 구해요",seller-d61f9cc662c14b54047f11a2,까마까치,registered,5코 보니,5코 보니,5코 보니,,,buy,구매,1,2.0,20000,estimated,per_card,text,unknown,,active,needs_review,needs_review,"가격 단위 추정, 배송비 포함 여부 미확정",estimated,yes,candidate_estimated,5코 보니 2.0
b623ee2da9511d038de947e1,onepiececardgame,원피스 카드게임,2026-08,2026-08-10T23:15:41+09:00,known,23ac575554ec86d25f335df6,b623ee2da9511d038de947e1,106605,https://m.dcinside.com/board/onepiececardgame/106605,"녹색,황색 카드 몇장 구해요",seller-d61f9cc662c14b54047f11a2,까마까치,registered,1코 페로나,1코 페로나,1코 페로나,,,buy,구매,1,1.5,15000,estimated,per_card,text,unknown,,active,needs_review,needs_review,"가격 단위 추정, 배송비 포함 여부 미확정",estimated,yes,candidate_estimated,1코 페로나 1.5
bded2264de30fbaf79a8ab99,onepiececardgame,원피스 카드게임,2026-08,2026-08-10T23:15:41+09:00,known,983ffb1a7c56dac53e1d074e,bded2264de30fbaf79a8ab99,106605,https://m.dcinside.com/board/onepiececardgame/106605,"녹색,황색 카드 몇장 구해요",seller-d61f9cc662c14b54047f11a2,까마까치,registered,5코 스모커,5코 스모커,5코 스모커,,,buy,구매,1,0.5,5000,estimated,per_card,text,unknown,,active,needs_review,needs_review,"가격 단위 추정, 배송비 포함 여부 미확정",estimated,yes,candidate_estimated,5코 스모커 0.5
c057eae00db610449378c073,onepiececardgame,원피스 카드게임,2026-08,2026-08-10T23:15:41+09:00,known,983ffb1a7c56dac53e1d074e,c057eae00db610449378c073,106605,https://m.dcinside.com/board/onepiececardgame/106605,"녹색,황색 카드 몇장 구해요",seller-d61f9cc662c14b54047f11a2,까마까치,registered,5코 보니,5코 보니,5코 보니,,,buy,구매,1,2.0,20000,estimated,per_card,text,unknown,,active,needs_review,needs_review,"가격 단위 추정, 배송비 포함 여부 미확정",estimated,yes,candidate_estimated,5코 보니 2.0
e413b0e735965ff53c7e775e,onepiececardgame,원피스 카드게임,2026-08,2026-08-10T23:15:41+09:00,known,9c439863d88dbd007bfd05bc,e413b0e735965ff53c7e775e,106605,https://m.dcinside.com/board/onepiececardgame/106605,"녹색,황색 카드 몇장 구해요",seller-d61f9cc662c14b54047f11a2,까마까치,registered,5코 스모커,5코 스모커,5코 스모커,,,buy,구매,1,0.5,5000,estimated,per_card,text,unknown,,active,needs_review,needs_review,"가격 단위 추정, 배송비 포함 여부 미확정",estimated,yes,candidate_estimated,5코 스모커 0.5
23d9b061b7a1704c16fc8cd5,onepiececardgame,원피스 카드게임,2026-08,2026-08-10T23:18:59+09:00,known,a6e5b30d38ce550caab78a6a,23d9b061b7a1704c16fc8cd5,106606,https://m.dcinside.com/board/onepiececardgame/106606,코알라 sp 10에 삽니다,seller-73577984edc612b4601c423f,치카치,guest,코알라 sp 10에,코알라 sp 10에,코알라 sp 10에,,,buy,구매,1,,,missing,unknown,unknown,unknown,,active,needs_review,needs_review,희망가 미기재,missing,no,no,코알라 sp 10에 삽니다
49151f3f05fc5f47c381c36c,onepiececardgame,원피스 카드게임,2026-08,2026-08-10T23:18:59+09:00,known,6bfade79914b535d60792a30,49151f3f05fc5f47c381c36c,106606,https://m.dcinside.com/board/onepiececardgame/106606,코알라 sp 10에 삽니다,seller-3248bde2f3e4e612b6e01f43,치카치,guest,코알라 sp 10에,코알라 sp 10에,코알라 sp 10에,,,buy,구매,1,,,missing,unknown,unknown,unknown,,active,needs_review,needs_review,희망가 미기재,missing,no,no,코알라 sp 10에 삽니다
5df264a378d8af04bfa8cf87,onepiececardgame,원피스 카드게임,2026-08,2026-08-10T23:18:59+09:00,known,cf31da6c468a44ea75234d2b,5df264a378d8af04bfa8cf87,106606,https://m.dcinside.com/board/onepiececardgame/106606,코알라 sp 10에 삽니다,seller-1f89cddb7d02652622bb867b,치카치,guest,코알라 sp 10에,코알라 sp 10에,코알라 sp 10에,,,buy,구매,1,,,missing,unknown,unknown,unknown,,active,needs_review,needs_review,희망가 미기재,missing,no,no,코알라 sp 10에 삽니다
d28c2225afc27d49587b06b6,onepiececardgame,원피스 카드게임,2026-08,2026-08-10T23:18:59+09:00,known,509be4332d9576bed0226c9f,d28c2225afc27d49587b06b6,106606,https://m.dcinside.com/board/onepiececardgame/106606,코알라 sp 10에 삽니다,seller-e290157c8b6cc582b2072b2a,치카치,guest,코알라 sp 10에,코알라 sp 10에,코알라 sp 10에,,,buy,구매,1,,,missing,unknown,unknown,unknown,,active,needs_review,needs_review,희망가 미기재,missing,no,no,코알라 sp 10에 삽니다
3bfa54a40c466ef636b6e4e1,onepiececardgame,원피스 카드게임,2026-08,2026-08-10T23:27:35+09:00,known,72a80c2cfb1fe5224a5527df,3bfa54a40c466ef636b6e4e1,106614,https://m.dcinside.com/board/onepiececardgame/106614,코비덱,seller-25c962d8e971a624ef2c3a22,zqw,registered,수내직으로,수내직으로,수내직으로,,,buy,구매,1,5,50000,estimated,per_card,text,unknown,,active,needs_review,needs_review,"가격 단위 추정, 배송비 포함 여부 미확정",estimated,yes,candidate_estimated,수내직으로 5에 구합니다
4d55882a85498ad4c1994904,onepiececardgame,원피스 카드게임,2026-08,2026-08-10T23:27:35+09:00,known,dbb5a88448a9ab5bab9823d9,4d55882a85498ad4c1994904,106614,https://m.dcinside.com/board/onepiececardgame/106614,코비덱,seller-25c962d8e971a624ef2c3a22,zqw,registered,수내직으로,수내직으로,수내직으로,,,buy,구매,1,5,50000,estimated,per_card,text,unknown,,active,needs_review,needs_review,"가격 단위 추정, 배송비 포함 여부 미확정",estimated,yes,candidate_estimated,수내직으로 5에 구합니다
ac9f5655ef09f603154c74c5,onepiececardgame,원피스 카드게임,2026-08,2026-08-10T23:27:35+09:00,known,9fa4364e84c8cfab7d8edec7,ac9f5655ef09f603154c74c5,106614,https://m.dcinside.com/board/onepiececardgame/106614,코비덱,seller-25c962d8e971a624ef2c3a22,zqw,registered,수내직으로,수내직으로,수내직으로,,,buy,구매,1,5,50000,estimated,per_card,text,unknown,,active,needs_review,needs_review,"가격 단위 추정, 배송비 포함 여부 미확정",estimated,yes,candidate_estimated,수내직으로 5에 구합니다
e1e6b0dc6c9f54a26861c718,onepiececardgame,원피스 카드게임,2026-08,2026-08-10T23:27:35+09:00,known,88d943bdc0ad6c779597915f,e1e6b0dc6c9f54a26861c718,106614,https://m.dcinside.com/board/onepiececardgame/106614,코비덱,seller-25c962d8e971a624ef2c3a22,zqw,registered,수내직으로,수내직으로,수내직으로,,,buy,구매,1,5,50000,estimated,per_card,text,unknown,,active,needs_review,needs_review,"가격 단위 추정, 배송비 포함 여부 미확정",estimated,yes,candidate_estimated,수내직으로 5에 구합니다
05aa73b6d38e9f35631be3c4,onepiececardgame,원피스 카드게임,2026-08,2026-08-10T23:49:27+09:00,known,df9b998994dc668babfe9d29,05aa73b6d38e9f35631be3c4,106615,https://m.dcinside.com/board/onepiececardgame/106615,"EB03,13탄 / 02~12탄까지 SR SP 페레 여러가지 임리페",seller-8ad10b55fa52911e796a44cf,원딱러,registered,OP07-064 상디 SR,OP07-064 상디 SR,OP07-064 / 상디 / SR,,,buy,구매,1,8.000,8000,exact,bundle,text,unknown,,active,needs_review,needs_review,"복수 카드 가격, 배송비 포함 여부 미확정, 묶음·세트 총액 · 개별 카드 가격 아님",exact,no,no,"OP07-064 / 상디 / SR - 8,000원"
060b0f5065acbcead89de017,onepiececardgame,원피스 카드게임,2026-08,2026-08-10T23:49:27+09:00,known,df9b998994dc668babfe9d29,060b0f5065acbcead89de017,106615,https://m.dcinside.com/board/onepiececardgame/106615,"EB03,13탄 / 02~12탄까지 SR SP 페레 여러가지 임리페",seller-8ad10b55fa52911e796a44cf,원딱러,registered,OP13-089 토프먼 워큐리 성 R,OP13-089 토프먼 워큐리 성 R,OP13-089 / 토프먼 워큐리 성 / R,,,buy,구매,1,1.000,1000,exact,bundle,text,unknown,,active,needs_review,needs_review,"복수 카드 가격, 배송비 포함 여부 미확정, 묶음·세트 총액 · 개별 카드 가격 아님",exact,no,no,"OP13-089 / 토프먼 워큐리 성 / R - 1,000원"
1cf4f295765bef7ab1ba8562,onepiececardgame,원피스 카드게임,2026-08,2026-08-10T23:49:27+09:00,known,df9b998994dc668babfe9d29,1cf4f295765bef7ab1ba8562,106615,https://m.dcinside.com/board/onepiececardgame/106615,"EB03,13탄 / 02~12탄까지 SR SP 페레 여러가지 임리페",seller-8ad10b55fa52911e796a44cf,원딱러,registered,OP06-069 빈스모크 레이주 SR★,OP06-069 빈스모크 레이주 SR★,OP06-069 / 빈스모크 레이주 / SR★,,,buy,구매,1,25.000,25000,exact,bundle,text,unknown,,active,needs_review,needs_review,"복수 카드 가격, 배송비 포함 여부 미확정, 묶음·세트 총액 · 개별 카드 가격 아님",exact,no,no,"OP06-069 / 빈스모크 레이주 / SR★ - 25,000원"
2d217a2c208f9a6c94cc7247,onepiececardgame,원피스 카드게임,2026-08,2026-08-10T23:49:27+09:00,known,df9b998994dc668babfe9d29,2d217a2c208f9a6c94cc7247,106615,https://m.dcinside.com/board/onepiececardgame/106615,"EB03,13탄 / 02~12탄까지 SR SP 페레 여러가지 임리페",seller-8ad10b55fa52911e796a44cf,원딱러,registered,OP02-017 마스크드 듀스 SR★,OP02-017 마스크드 듀스 SR★,OP02-017 / 마스크드 듀스 / SR★,,,buy,구매,1,3.000,3000,exact,bundle,text,unknown,,active,needs_review,needs_review,"복수 카드 가격, 배송비 포함 여부 미확정, 묶음·세트 총액 · 개별 카드 가격 아님",exact,no,no,"OP02-017 / 마스크드 듀스 / SR★ - 3,000원"
2e49d2b70dda754babfed24d,onepiececardgame,원피스 카드게임,2026-08,2026-08-10T23:49:27+09:00,known,df9b998994dc668babfe9d29,2e49d2b70dda754babfed24d,106615,https://m.dcinside.com/board/onepiececardgame/106615,"EB03,13탄 / 02~12탄까지 SR SP 페레 여러가지 임리페",seller-8ad10b55fa52911e796a44cf,원딱러,registered,EB03-055 니코 로빈 ★SR,EB03-055 니코 로빈 ★SR,EB03-055 / 니코 로빈 / ★SR,,,buy,구매,1,62.000,62000,exact,bundle,text,unknown,,active,needs_review,needs_review,"복수 카드 가격, 배송비 포함 여부 미확정, 묶음·세트 총액 · 개별 카드 가격 아님",exact,no,no,"EB03-055 / 니코 로빈 / ★SR - 62,000원"
32fdf1ab6277384ae46fac17,onepiececardgame,원피스 카드게임,2026-08,2026-08-10T23:49:27+09:00,known,df9b998994dc668babfe9d29,32fdf1ab6277384ae46fac17,106615,https://m.dcinside.com/board/onepiececardgame/106615,"EB03,13탄 / 02~12탄까지 SR SP 페레 여러가지 임리페",seller-8ad10b55fa52911e796a44cf,원딱러,registered,PRB02-010 샬롯 푸딩 ★SR,PRB02-010 샬롯 푸딩 ★SR,PRB02-010 / 샬롯 푸딩 / ★SR,,,buy,구매,1,26.000,26000,exact,bundle,text,unknown,,active,needs_review,needs_review,"복수 카드 가격, 배송비 포함 여부 미확정, 묶음·세트 총액 · 개별 카드 가격 아님",exact,no,no,"PRB02-010 / 샬롯 푸딩 / ★SR - 26,000원"
391904d46284803d7a4ed753,onepiececardgame,원피스 카드게임,2026-08,2026-08-10T23:49:27+09:00,known,df9b998994dc668babfe9d29,391904d46284803d7a4ed753,106615,https://m.dcinside.com/board/onepiececardgame/106615,"EB03,13탄 / 02~12탄까지 SR SP 페레 여러가지 임리페",seller-8ad10b55fa52911e796a44cf,원딱러,registered,OP08-069 샬롯 링링 SR,OP08-069 샬롯 링링 SR,OP08-069 / 샬롯 링링 / SR,,,buy,구매,1,15.000,15000,exact,bundle,text,unknown,,active,needs_review,needs_review,"복수 카드 가격, 배송비 포함 여부 미확정, 묶음·세트 총액 · 개별 카드 가격 아님",exact,no,no,"OP08-069 / 샬롯 링링 / SR - 15,000원"
3bcfd316a5dbbe97fee41b79,onepiececardgame,원피스 카드게임,2026-08,2026-08-10T23:49:27+09:00,known,df9b998994dc668babfe9d29,3bcfd316a5dbbe97fee41b79,106615,https://m.dcinside.com/board/onepiececardgame/106615,"EB03,13탄 / 02~12탄까지 SR SP 페레 여러가지 임리페",seller-8ad10b55fa52911e796a44cf,원딱러,registered,OP13-082 오로성 ★SR,OP13-082 오로성 ★SR,OP13-082 / 오로성 / ★SR,,,buy,구매,1,55.000,55000,exact,bundle,text,unknown,,active,needs_review,needs_review,"복수 카드 가격, 배송비 포함 여부 미확정, 묶음·세트 총액 · 개별 카드 가격 아님",exact,no,no,"OP13-082 / 오로성 / ★SR - 55,000원"
3f17cb3482c7c006f3caa207,onepiececardgame,원피스 카드게임,2026-08,2026-08-10T23:49:27+09:00,known,df9b998994dc668babfe9d29,3f17cb3482c7c006f3caa207,106615,https://m.dcinside.com/board/onepiececardgame/106615,"EB03,13탄 / 02~12탄까지 SR SP 페레 여러가지 임리페",seller-8ad10b55fa52911e796a44cf,원딱러,registered,EB02-056 베가펑크 SR,EB02-056 베가펑크 SR,EB02-056 / 베가펑크 / SR,,,buy,구매,1,3.000,3000,exact,bundle,text,unknown,,active,needs_review,needs_review,"복수 카드 가격, 배송비 포함 여부 미확정, 묶음·세트 총액 · 개별 카드 가격 아님",exact,no,no,"EB02-056 / 베가펑크 / SR - 3,000원"
4702fbedb38fc6d8fefa12a4,onepiececardgame,원피스 카드게임,2026-08,2026-08-10T23:49:27+09:00,known,df9b998994dc668babfe9d29,4702fbedb38fc6d8fefa12a4,106615,https://m.dcinside.com/board/onepiececardgame/106615,"EB03,13탄 / 02~12탄까지 SR SP 페레 여러가지 임리페",seller-8ad10b55fa52911e796a44cf,원딱러,registered,OP13-084 셰퍼드 주. 피터 성 ★R,OP13-084 셰퍼드 주. 피터 성 ★R,OP13-084 / 셰퍼드 주. 피터 성 / ★R,,,buy,구매,1,33.000,33000,exact,bundle,text,unknown,,active,needs_review,needs_review,"복수 카드 가격, 배송비 포함 여부 미확정, 묶음·세트 총액 · 개별 카드 가격 아님",exact,no,no,"OP13-084 / 셰퍼드 주. 피터 성 / ★R - 33,000원"
4a86a1cf293bfaeb84dd15dd,onepiececardgame,원피스 카드게임,2026-08,2026-08-10T23:49:27+09:00,known,df9b998994dc668babfe9d29,4a86a1cf293bfaeb84dd15dd,106615,https://m.dcinside.com/board/onepiececardgame/106615,"EB03,13탄 / 02~12탄까지 SR SP 페레 여러가지 임리페",seller-8ad10b55fa52911e796a44cf,원딱러,registered,OP05-074 유스타스 키드 SR,OP05-074 유스타스 키드 SR,OP05-074 / 유스타스 키드 / SR,,,buy,구매,1,12.000,12000,exact,bundle,text,unknown,,active,needs_review,needs_review,"복수 카드 가격, 배송비 포함 여부 미확정, 묶음·세트 총액 · 개별 카드 가격 아님",exact,no,no,"OP05-074 / 유스타스 키드 / SR - 12,000원"
58c76c489569854badec9133,onepiececardgame,원피스 카드게임,2026-08,2026-08-10T23:49:27+09:00,known,df9b998994dc668babfe9d29,58c76c489569854badec9133,106615,https://m.dcinside.com/board/onepiececardgame/106615,"EB03,13탄 / 02~12탄까지 SR SP 페레 여러가지 임리페",seller-8ad10b55fa52911e796a44cf,원딱러,registered,EB02-006 야마토 SR,EB02-006 야마토 SR,EB02-006 / 야마토 / SR,,,buy,구매,1,3.000,3000,exact,bundle,text,unknown,,active,needs_review,needs_review,"복수 카드 가격, 배송비 포함 여부 미확정, 묶음·세트 총액 · 개별 카드 가격 아님",exact,no,no,"EB02-006 / 야마토 / SR - 3,000원"
676d7d960ad902fba3ea9a27,onepiececardgame,원피스 카드게임,2026-08,2026-08-10T23:49:27+09:00,known,df9b998994dc668babfe9d29,676d7d960ad902fba3ea9a27,106615,https://m.dcinside.com/board/onepiececardgame/106615,"EB03,13탄 / 02~12탄까지 SR SP 페레 여러가지 임리페",seller-8ad10b55fa52911e796a44cf,원딱러,registered,PRB02-013 겟코 모리아 ★R,PRB02-013 겟코 모리아 ★R,PRB02-013 / 겟코 모리아 / ★R,,,buy,구매,1,10.000,10000,exact,bundle,text,unknown,,active,needs_review,needs_review,"복수 카드 가격, 배송비 포함 여부 미확정, 묶음·세트 총액 · 개별 카드 가격 아님",exact,no,no,"PRB02-013 / 겟코 모리아 / ★R - 10,000원"
67f3bff6f6d4f44890e5bf77,onepiececardgame,원피스 카드게임,2026-08,2026-08-10T23:49:27+09:00,known,df9b998994dc668babfe9d29,67f3bff6f6d4f44890e5bf77,106615,https://m.dcinside.com/board/onepiececardgame/106615,"EB03,13탄 / 02~12탄까지 SR SP 페레 여러가지 임리페",seller-8ad10b55fa52911e796a44cf,원딱러,registered,OP09-046 크로커다일 SR,OP09-046 크로커다일 SR,OP09-046 / 크로커다일 / SR,,,buy,구매,1,2.000,2000,exact,bundle,text,unknown,,active,needs_review,needs_review,"복수 카드 가격, 배송비 포함 여부 미확정, 묶음·세트 총액 · 개별 카드 가격 아님",exact,no,no,"OP09-046 / 크로커다일 / SR - 2,000원"
6dff5968e0b950f8eef2f702,onepiececardgame,원피스 카드게임,2026-08,2026-08-10T23:49:27+09:00,known,df9b998994dc668babfe9d29,6dff5968e0b950f8eef2f702,106615,https://m.dcinside.com/board/onepiececardgame/106615,"EB03,13탄 / 02~12탄까지 SR SP 페레 여러가지 임리페",seller-8ad10b55fa52911e796a44cf,원딱러,registered,OP13-080 에단바론 V. 나스쥬로 성 R,OP13-080 에단바론 V. 나스쥬로 성 R,OP13-080 / 에단바론 V. 나스쥬로 성 / R,,,buy,구매,1,1.000,1000,exact,bundle,text,unknown,,active,needs_review,needs_review,"복수 카드 가격, 배송비 포함 여부 미확정, 묶음·세트 총액 · 개별 카드 가격 아님",exact,no,no,"OP13-080 / 에단바론 V. 나스쥬로 성 / R - 1,000원"
6eda0f32fbf31dde83f779e1,onepiececardgame,원피스 카드게임,2026-08,2026-08-10T23:49:27+09:00,known,df9b998994dc668babfe9d29,6eda0f32fbf31dde83f779e1,106615,https://m.dcinside.com/board/onepiececardgame/106615,"EB03,13탄 / 02~12탄까지 SR SP 페레 여러가지 임리페",seller-8ad10b55fa52911e796a44cf,원딱러,registered,OP09-048 쥬라큘 미호크 SR,OP09-048 쥬라큘 미호크 SR,OP09-048 / 쥬라큘 미호크 / SR,,,buy,구매,1,2.000,2000,exact,bundle,text,unknown,,active,needs_review,needs_review,"복수 카드 가격, 배송비 포함 여부 미확정, 묶음·세트 총액 · 개별 카드 가격 아님",exact,no,no,"OP09-048 / 쥬라큘 미호크 / SR - 2,000원"
8163879918b640fdf35bcdfd,onepiececardgame,원피스 카드게임,2026-08,2026-08-10T23:49:27+09:00,known,df9b998994dc668babfe9d29,8163879918b640fdf35bcdfd,106615,https://m.dcinside.com/board/onepiececardgame/106615,"EB03,13탄 / 02~12탄까지 SR SP 페레 여러가지 임리페",seller-8ad10b55fa52911e796a44cf,원딱러,registered,OP13-108 쥬얼리 보니 SR,OP13-108 쥬얼리 보니 SR,OP13-108 / 쥬얼리 보니 / SR,,,buy,구매,1,2.000,2000,exact,bundle,text,unknown,,active,needs_review,needs_review,"복수 카드 가격, 배송비 포함 여부 미확정, 묶음·세트 총액 · 개별 카드 가격 아님",exact,no,no,"OP13-108 / 쥬얼리 보니 / SR 2,000원"
89a91d45ac74d3213d63830a,onepiececardgame,원피스 카드게임,2026-08,2026-08-10T23:49:27+09:00,known,df9b998994dc668babfe9d29,89a91d45ac74d3213d63830a,106615,https://m.dcinside.com/board/onepiececardgame/106615,"EB03,13탄 / 02~12탄까지 SR SP 페레 여러가지 임리페",seller-8ad10b55fa52911e796a44cf,원딱러,registered,PRB02-012 나미 R,PRB02-012 나미 R,PRB02-012 / 나미 / R,,,buy,구매,1,8.000,8000,exact,bundle,text,unknown,,active,needs_review,needs_review,"복수 카드 가격, 배송비 포함 여부 미확정, 묶음·세트 총액 · 개별 카드 가격 아님",exact,no,no,"PRB02-012 / 나미 / R - 8,000원"
8d70ae79bdb96d8160af2fa1,onepiececardgame,원피스 카드게임,2026-08,2026-08-10T23:49:27+09:00,known,df9b998994dc668babfe9d29,8d70ae79bdb96d8160af2fa1,106615,https://m.dcinside.com/board/onepiececardgame/106615,"EB03,13탄 / 02~12탄까지 SR SP 페레 여러가지 임리페",seller-8ad10b55fa52911e796a44cf,원딱러,registered,OP09-119 루피 SEC,OP09-119 루피 SEC,OP09-119 / 루피 / SEC,,,buy,구매,1,20.000,20000,exact,bundle,text,unknown,,active,needs_review,needs_review,"복수 카드 가격, 배송비 포함 여부 미확정, 묶음·세트 총액 · 개별 카드 가격 아님",exact,no,no,"OP09-119 / 루피 / SEC - 20,000원"
98cf82f9d91c88f85b1d7bcb,onepiececardgame,원피스 카드게임,2026-08,2026-08-10T23:49:27+09:00,known,df9b998994dc668babfe9d29,98cf82f9d91c88f85b1d7bcb,106615,https://m.dcinside.com/board/onepiececardgame/106615,"EB03,13탄 / 02~12탄까지 SR SP 페레 여러가지 임리페",seller-8ad10b55fa52911e796a44cf,원딱러,registered,EB03-062 트라팔가 로 ★SEC,EB03-062 트라팔가 로 ★SEC,EB03-062 / 트라팔가 로 / ★SEC,,,buy,구매,1,35.000,35000,exact,bundle,text,unknown,,active,needs_review,needs_review,"복수 카드 가격, 배송비 포함 여부 미확정, 묶음·세트 총액 · 개별 카드 가격 아님",exact,no,no,"EB03-062 / 트라팔가 로 / ★SEC - 35,000원"
ab1fe7246ddfa89f0e1ea863,onepiececardgame,원피스 카드게임,2026-08,2026-08-10T23:49:27+09:00,known,df9b998994dc668babfe9d29,ab1fe7246ddfa89f0e1ea863,106615,https://m.dcinside.com/board/onepiececardgame/106615,"EB03,13탄 / 02~12탄까지 SR SP 페레 여러가지 임리페",seller-8ad10b55fa52911e796a44cf,원딱러,registered,OP12-056 몽키 D. 가프 SR,OP12-056 몽키 D. 가프 SR,OP12-056 / 몽키 D. 가프 / SR,,,buy,구매,1,1.000,1000,exact,bundle,text,unknown,,active,needs_review,needs_review,"복수 카드 가격, 배송비 포함 여부 미확정, 묶음·세트 총액 · 개별 카드 가격 아님",exact,no,no,"OP12-056 / 몽키 D. 가프 / SR - 1,000원"
ad9aeade42158da60c9327d6,onepiececardgame,원피스 카드게임,2026-08,2026-08-10T23:49:27+09:00,known,df9b998994dc668babfe9d29,ad9aeade42158da60c9327d6,106615,https://m.dcinside.com/board/onepiececardgame/106615,"EB03,13탄 / 02~12탄까지 SR SP 페레 여러가지 임리페",seller-8ad10b55fa52911e796a44cf,원딱러,registered,OP09-072 프랑키 SR,OP09-072 프랑키 SR,OP09-072 / 프랑키 / SR,,,buy,구매,1,2.000,2000,exact,bundle,text,unknown,,active,needs_review,needs_review,"복수 카드 가격, 배송비 포함 여부 미확정, 묶음·세트 총액 · 개별 카드 가격 아님",exact,no,no,"OP09-072 / 프랑키 / SR - 2,000원"
b1c820a8e856e39bd2add614,onepiececardgame,원피스 카드게임,2026-08,2026-08-10T23:49:27+09:00,known,df9b998994dc668babfe9d29,b1c820a8e856e39bd2add614,106615,https://m.dcinside.com/board/onepiececardgame/106615,"EB03,13탄 / 02~12탄까지 SR SP 페레 여러가지 임리페",seller-8ad10b55fa52911e796a44cf,원딱러,registered,OP07-072 포르체 SR,OP07-072 포르체 SR,OP07-072 / 포르체 / SR,,,buy,구매,1,2.000,2000,exact,bundle,text,unknown,,active,needs_review,needs_review,"복수 카드 가격, 배송비 포함 여부 미확정, 묶음·세트 총액 · 개별 카드 가격 아님",exact,no,no,"OP07-072 / 포르체 / SR - 2,000원"
b63bade42c1433efc50b2310,onepiececardgame,원피스 카드게임,2026-08,2026-08-10T23:49:27+09:00,known,df9b998994dc668babfe9d29,b63bade42c1433efc50b2310,106615,https://m.dcinside.com/board/onepiececardgame/106615,"EB03,13탄 / 02~12탄까지 SR SP 페레 여러가지 임리페",seller-8ad10b55fa52911e796a44cf,원딱러,registered,OP13-091 마커스 마즈 성 R,OP13-091 마커스 마즈 성 R,OP13-091 / 마커스 마즈 성 / R,,,buy,구매,1,1.000,1000,exact,bundle,text,unknown,,active,needs_review,needs_review,"복수 카드 가격, 배송비 포함 여부 미확정, 묶음·세트 총액 · 개별 카드 가격 아님",exact,no,no,"OP13-091 / 마커스 마즈 성 / R - 1,000원"
b9ccf7448f95e69e4c5782d7,onepiececardgame,원피스 카드게임,2026-08,2026-08-10T23:49:27+09:00,known,df9b998994dc668babfe9d29,b9ccf7448f95e69e4c5782d7,106615,https://m.dcinside.com/board/onepiececardgame/106615,"EB03,13탄 / 02~12탄까지 SR SP 페레 여러가지 임리페",seller-8ad10b55fa52911e796a44cf,원딱러,registered,OP02-036 나미 SR,OP02-036 나미 SR,OP02-036 / 나미 / SR,,,buy,구매,1,5.000,5000,exact,bundle,text,unknown,,active,needs_review,needs_review,"복수 카드 가격, 배송비 포함 여부 미확정, 묶음·세트 총액 · 개별 카드 가격 아님",exact,no,no,"OP02-036 / 나미 / SR - 5,000원"
c6e4ae3d06721cd0a2e3c0ff,onepiececardgame,원피스 카드게임,2026-08,2026-08-10T23:49:27+09:00,known,df9b998994dc668babfe9d29,c6e4ae3d06721cd0a2e3c0ff,106615,https://m.dcinside.com/board/onepiececardgame/106615,"EB03,13탄 / 02~12탄까지 SR SP 페레 여러가지 임리페",seller-8ad10b55fa52911e796a44cf,원딱러,registered,ST-01-012 루피 ★SR,ST-01-012 루피 ★SR,ST-01-012 / 루피 / ★SR,,,buy,구매,1,82.000,82000,exact,bundle,text,unknown,,active,needs_review,needs_review,"복수 카드 가격, 배송비 포함 여부 미확정, 묶음·세트 총액 · 개별 카드 가격 아님",exact,no,no,"ST-01-012 / 루피 / ★SR - 82,000원"
c78a1fba6ee4b0fbb82fdca4,onepiececardgame,원피스 카드게임,2026-08,2026-08-10T23:49:27+09:00,known,df9b998994dc668babfe9d29,c78a1fba6ee4b0fbb82fdca4,106615,https://m.dcinside.com/board/onepiececardgame/106615,"EB03,13탄 / 02~12탄까지 SR SP 페레 여러가지 임리페",seller-8ad10b55fa52911e796a44cf,원딱러,registered,OP03-041 우솝 SR,OP03-041 우솝 SR,OP03-041 / 우솝 / SR,,,buy,구매,1,1.000,1000,exact,bundle,text,unknown,,active,needs_review,needs_review,"복수 카드 가격, 배송비 포함 여부 미확정, 묶음·세트 총액 · 개별 카드 가격 아님",exact,no,no,"OP03-041 / 우솝 / SR - 1,000원"
c7f20ced8ba02b4a0272e48e,onepiececardgame,원피스 카드게임,2026-08,2026-08-10T23:49:27+09:00,known,df9b998994dc668babfe9d29,c7f20ced8ba02b4a0272e48e,106615,https://m.dcinside.com/board/onepiececardgame/106615,"EB03,13탄 / 02~12탄까지 SR SP 페레 여러가지 임리페",seller-8ad10b55fa52911e796a44cf,원딱러,registered,OP13-084 셰퍼드 주. 피터 성 R,OP13-084 셰퍼드 주. 피터 성 R,OP13-084 / 셰퍼드 주. 피터 성 / R,,,buy,구매,1,1.000,1000,exact,bundle,text,unknown,,active,needs_review,needs_review,"복수 카드 가격, 배송비 포함 여부 미확정, 묶음·세트 총액 · 개별 카드 가격 아님",exact,no,no,"OP13-084 / 셰퍼드 주. 피터 성 / R - 1,000원"
caf1903cb7fc97188f0119ec,onepiececardgame,원피스 카드게임,2026-08,2026-08-10T23:49:27+09:00,known,df9b998994dc668babfe9d29,caf1903cb7fc97188f0119ec,106615,https://m.dcinside.com/board/onepiececardgame/106615,"EB03,13탄 / 02~12탄까지 SR SP 페레 여러가지 임리페",seller-8ad10b55fa52911e796a44cf,원딱러,registered,OP11-092 헤르메포 SR,OP11-092 헤르메포 SR,OP11-092 / 헤르메포 / SR,,,buy,구매,1,2.000,2000,exact,bundle,text,unknown,,active,needs_review,needs_review,"복수 카드 가격, 배송비 포함 여부 미확정, 묶음·세트 총액 · 개별 카드 가격 아님",exact,no,no,"OP11-092 / 헤르메포 / SR - 2,000원"
d2f8f3e59ff8f4fa589735fc,onepiececardgame,원피스 카드게임,2026-08,2026-08-10T23:49:27+09:00,known,df9b998994dc668babfe9d29,d2f8f3e59ff8f4fa589735fc,106615,https://m.dcinside.com/board/onepiececardgame/106615,"EB03,13탄 / 02~12탄까지 SR SP 페레 여러가지 임리페",seller-8ad10b55fa52911e796a44cf,원딱러,registered,OP12-063 빈스모크 레이주 SR,OP12-063 빈스모크 레이주 SR,OP12-063 / 빈스모크 레이주 / SR,,,buy,구매,1,13.000,13000,exact,bundle,text,unknown,,active,needs_review,needs_review,"복수 카드 가격, 배송비 포함 여부 미확정, 묶음·세트 총액 · 개별 카드 가격 아님",exact,no,no,"OP12-063 / 빈스모크 레이주 / SR - 13,000원"
d507660fc2570ac5ba31320c,onepiececardgame,원피스 카드게임,2026-08,2026-08-10T23:49:27+09:00,known,df9b998994dc668babfe9d29,d507660fc2570ac5ba31320c,106615,https://m.dcinside.com/board/onepiececardgame/106615,"EB03,13탄 / 02~12탄까지 SR SP 페레 여러가지 임리페",seller-8ad10b55fa52911e796a44cf,원딱러,registered,OP12-030 쥬라큘 미호크 SR,OP12-030 쥬라큘 미호크 SR,OP12-030 / 쥬라큘 미호크 / SR,,,buy,구매,1,7.000,7000,exact,bundle,text,unknown,,active,needs_review,needs_review,"복수 카드 가격, 배송비 포함 여부 미확정, 묶음·세트 총액 · 개별 카드 가격 아님",exact,no,no,"OP12-030 / 쥬라큘 미호크 / SR - 7,000원"
da80a03e97977bead2da1a23,onepiececardgame,원피스 카드게임,2026-08,2026-08-10T23:49:27+09:00,known,df9b998994dc668babfe9d29,da80a03e97977bead2da1a23,106615,https://m.dcinside.com/board/onepiececardgame/106615,"EB03,13탄 / 02~12탄까지 SR SP 페레 여러가지 임리페",seller-8ad10b55fa52911e796a44cf,원딱러,registered,OP13-079 임 ★L,OP13-079 임 ★L,OP13-079 / 임 / ★L,,,buy,구매,1,55.000,55000,exact,bundle,text,unknown,,active,needs_review,needs_review,"복수 카드 가격, 배송비 포함 여부 미확정, 묶음·세트 총액 · 개별 카드 가격 아님",exact,no,no,"OP13-079 / 임 / ★L - 55,000원"
ddbf1aa1c4b37a103677eb86,onepiececardgame,원피스 카드게임,2026-08,2026-08-10T23:49:27+09:00,known,df9b998994dc668babfe9d29,ddbf1aa1c4b37a103677eb86,106615,https://m.dcinside.com/board/onepiececardgame/106615,"EB03,13탄 / 02~12탄까지 SR SP 페레 여러가지 임리페",seller-8ad10b55fa52911e796a44cf,원딱러,registered,OP11-031 징베 SR,OP11-031 징베 SR,OP11-031 / 징베 / SR,,,buy,구매,1,2.000,2000,exact,bundle,text,unknown,,active,needs_review,needs_review,"복수 카드 가격, 배송비 포함 여부 미확정, 묶음·세트 총액 · 개별 카드 가격 아님",exact,no,no,"OP11-031 / 징베 / SR - 2,000원"
edc3cfc510869c6406ea9918,onepiececardgame,원피스 카드게임,2026-08,2026-08-10T23:49:27+09:00,known,df9b998994dc668babfe9d29,edc3cfc510869c6406ea9918,106615,https://m.dcinside.com/board/onepiececardgame/106615,"EB03,13탄 / 02~12탄까지 SR SP 페레 여러가지 임리페",seller-8ad10b55fa52911e796a44cf,원딱러,registered,EB03-031 빈스모크 레이주 ★SR,EB03-031 빈스모크 레이주 ★SR,EB03-031 / 빈스모크 레이주 / ★SR,,,buy,구매,1,19.000,19000,exact,bundle,text,unknown,,active,needs_review,needs_review,"복수 카드 가격, 배송비 포함 여부 미확정, 묶음·세트 총액 · 개별 카드 가격 아님",exact,no,no,"EB03-031 / 빈스모크 레이주 / ★SR - 19,000원"
f82a564e025a64af68aa03f3,onepiececardgame,원피스 카드게임,2026-08,2026-08-10T23:49:27+09:00,known,df9b998994dc668babfe9d29,f82a564e025a64af68aa03f3,106615,https://m.dcinside.com/board/onepiececardgame/106615,"EB03,13탄 / 02~12탄까지 SR SP 페레 여러가지 임리페",seller-8ad10b55fa52911e796a44cf,원딱러,registered,OP13-083 제이가르시아 새턴 성 R,OP13-083 제이가르시아 새턴 성 R,OP13-083 / 제이가르시아 새턴 성 / R,,,buy,구매,1,1.000,1000,exact,bundle,text,unknown,,active,needs_review,needs_review,"복수 카드 가격, 배송비 포함 여부 미확정, 묶음·세트 총액 · 개별 카드 가격 아님",exact,no,no,"OP13-083 / 제이가르시아 새턴 성 / R - 1,000원"
fa82fbec247b6c41a8614c57,onepiececardgame,원피스 카드게임,2026-08,2026-08-10T23:49:27+09:00,known,df9b998994dc668babfe9d29,fa82fbec247b6c41a8614c57,106615,https://m.dcinside.com/board/onepiececardgame/106615,"EB03,13탄 / 02~12탄까지 SR SP 페레 여러가지 임리페",seller-8ad10b55fa52911e796a44cf,원딱러,registered,OP11-119 코비 SEC,OP11-119 코비 SEC,OP11-119 / 코비 / SEC,,,buy,구매,1,10.000,10000,exact,bundle,text,unknown,,active,needs_review,needs_review,"복수 카드 가격, 배송비 포함 여부 미확정, 묶음·세트 총액 · 개별 카드 가격 아님",exact,no,no,"OP11-119 / 코비 / SEC - 10,000원"
5050fb5af3289825791203a1,onepiececardgame,원피스 카드게임,2026-08,2026-08-11T00:32:33+09:00,known,bcddfbf55ffd0be9376098a9,5050fb5af3289825791203a1,106619,https://m.dcinside.com/board/onepiececardgame/106619,페로나 들어가는 덱 삽니다,seller-8ad10b55fa52911e796a44cf,원딱러,registered,페로나 들어가는 덱,페로나 들어가는 덱,페로나 들어가는 덱,,,buy,구매,1,,,missing,unknown,unknown,unknown,,active,needs_review,needs_review,희망가 미기재,missing,no,no,페로나 들어가는 덱 삽니다
9d2df872e62605710e617b95,onepiececardgame,원피스 카드게임,2026-08,2026-08-11T00:32:33+09:00,known,07593a7a69a3285d81b4ed94,9d2df872e62605710e617b95,106619,https://m.dcinside.com/board/onepiececardgame/106619,페로나 들어가는 덱 삽니다,seller-8ad10b55fa52911e796a44cf,원딱러,registered,페로나 들어가는 덱,페로나 들어가는 덱,페로나 들어가는 덱,,,buy,구매,1,,,missing,unknown,unknown,unknown,,active,needs_review,needs_review,희망가 미기재,missing,no,no,페로나 들어가는 덱 삽니다
e62496e6e3011bb61d63e53b,onepiececardgame,원피스 카드게임,2026-08,2026-08-11T00:32:33+09:00,known,2408591da91679e54134f7a6,e62496e6e3011bb61d63e53b,106619,https://m.dcinside.com/board/onepiececardgame/106619,페로나 들어가는 덱 삽니다,seller-8ad10b55fa52911e796a44cf,원딱러,registered,페로나 들어가는 덱,페로나 들어가는 덱,페로나 들어가는 덱,,,buy,구매,1,,,missing,unknown,unknown,unknown,,active,needs_review,needs_review,희망가 미기재,missing,no,no,페로나 들어가는 덱 삽니다
f34bcd24e6e4bb2a0b87c3ca,onepiececardgame,원피스 카드게임,2026-08,2026-08-11T00:32:33+09:00,known,12f94728dc79a9980243d2ed,f34bcd24e6e4bb2a0b87c3ca,106619,https://m.dcinside.com/board/onepiececardgame/106619,페로나 들어가는 덱 삽니다,seller-8ad10b55fa52911e796a44cf,원딱러,registered,페로나 들어가는 덱,페로나 들어가는 덱,페로나 들어가는 덱,,,buy,구매,1,,,missing,unknown,unknown,unknown,,active,needs_review,needs_review,희망가 미기재,missing,no,no,페로나 들어가는 덱 삽니다
0e5092a6636492176b8758d8,onepiececardgame,원피스 카드게임,2026-08,2026-08-11T01:02:16+09:00,known,10845ac09252fde71dc8eaf9,0e5092a6636492176b8758d8,106625,https://m.dcinside.com/board/onepiececardgame/106625,페레 몇가지 구합니다,seller-966a51fa1907daefd9ecb551,915,guest,op07-107 프랑키 페레,op07-107 프랑키 페레,op07-107 프랑키 페레,,,buy,구매,1,0.7,7000,estimated,per_card,text,unknown,,active,needs_review,needs_review,"가격 단위 추정, 배송비 포함 여부 미확정",estimated,yes,candidate_estimated,op07-107 프랑키 페레 0.7
1f7972f9f7bc41dcf210afb0,onepiececardgame,원피스 카드게임,2026-08,2026-08-11T01:02:16+09:00,known,10845ac09252fde71dc8eaf9,1f7972f9f7bc41dcf210afb0,106625,https://m.dcinside.com/board/onepiececardgame/106625,페레 몇가지 구합니다,seller-966a51fa1907daefd9ecb551,915,guest,op09-107 로빈 페레,op09-107 로빈 페레,op09-107 로빈 페레,,,buy,구매,1,0.7,7000,estimated,per_card,text,unknown,,active,needs_review,needs_review,"가격 단위 추정, 배송비 포함 여부 미확정",estimated,yes,candidate_estimated,op09-107 로빈 페레 0.7
457ea166ef1f81091aaba5d0,onepiececardgame,원피스 카드게임,2026-08,2026-08-11T01:02:16+09:00,known,10845ac09252fde71dc8eaf9,457ea166ef1f81091aaba5d0,106625,https://m.dcinside.com/board/onepiececardgame/106625,페레 몇가지 구합니다,seller-966a51fa1907daefd9ecb551,915,guest,eb03-055 로빈 페레,eb03-055 로빈 페레,eb03-055 로빈 페레,,,buy,구매,1,5.0,50000,estimated,per_card,text,unknown,,active,needs_review,needs_review,"가격 단위 추정, 배송비 포함 여부 미확정",estimated,yes,candidate_estimated,eb03-055 로빈 페레 5.0
469543e89396e34d15ef5d6b,onepiececardgame,원피스 카드게임,2026-08,2026-08-11T01:02:16+09:00,known,f5ca7936ff5a2b24baad403e,469543e89396e34d15ef5d6b,106625,https://m.dcinside.com/board/onepiececardgame/106625,페레 몇가지 구합니다,seller-8fe88cc23b8d96cf09b675eb,915,guest,eb03-055 로빈 페레,eb03-055 로빈 페레,eb03-055 로빈 페레,,,buy,구매,1,5.0,50000,estimated,per_card,text,unknown,,active,needs_review,needs_review,"가격 단위 추정, 배송비 포함 여부 미확정",estimated,yes,candidate_estimated,eb03-055 로빈 페레 5.0
5063a77defff1653ae0bc44b,onepiececardgame,원피스 카드게임,2026-08,2026-08-11T01:02:16+09:00,known,256c0a8a104dfb7ed2bb2fd7,5063a77defff1653ae0bc44b,106625,https://m.dcinside.com/board/onepiececardgame/106625,페레 몇가지 구합니다,seller-c3848f5d366ebf4aa28d638b,915,guest,op07-107 프랑키 페레,op07-107 프랑키 페레,op07-107 프랑키 페레,,,buy,구매,1,0.7,7000,estimated,per_card,text,unknown,,active,needs_review,needs_review,"가격 단위 추정, 배송비 포함 여부 미확정",estimated,yes,candidate_estimated,op07-107 프랑키 페레 0.7
749ccab79665d77ec96b7f14,onepiececardgame,원피스 카드게임,2026-08,2026-08-11T01:02:16+09:00,known,925a26225a5d5d90a7fc739c,749ccab79665d77ec96b7f14,106625,https://m.dcinside.com/board/onepiececardgame/106625,페레 몇가지 구합니다,seller-8df7e92e523afec5b9e452de,915,guest,eb03-055 로빈 페레,eb03-055 로빈 페레,eb03-055 로빈 페레,,,buy,구매,1,5.0,50000,estimated,per_card,text,unknown,,active,needs_review,needs_review,"가격 단위 추정, 배송비 포함 여부 미확정",estimated,yes,candidate_estimated,eb03-055 로빈 페레 5.0
7f744ac9444e944ee94aabd7,onepiececardgame,원피스 카드게임,2026-08,2026-08-11T01:02:16+09:00,known,f5ca7936ff5a2b24baad403e,7f744ac9444e944ee94aabd7,106625,https://m.dcinside.com/board/onepiececardgame/106625,페레 몇가지 구합니다,seller-8fe88cc23b8d96cf09b675eb,915,guest,op07-107 프랑키 페레,op07-107 프랑키 페레,op07-107 프랑키 페레,,,buy,구매,1,0.7,7000,estimated,per_card,text,unknown,,active,needs_review,needs_review,"가격 단위 추정, 배송비 포함 여부 미확정",estimated,yes,candidate_estimated,op07-107 프랑키 페레 0.7
95708bd739cc328c8a688c0c,onepiececardgame,원피스 카드게임,2026-08,2026-08-11T01:02:16+09:00,known,256c0a8a104dfb7ed2bb2fd7,95708bd739cc328c8a688c0c,106625,https://m.dcinside.com/board/onepiececardgame/106625,페레 몇가지 구합니다,seller-c3848f5d366ebf4aa28d638b,915,guest,op09-107 로빈 페레,op09-107 로빈 페레,op09-107 로빈 페레,,,buy,구매,1,0.7,7000,estimated,per_card,text,unknown,,active,needs_review,needs_review,"가격 단위 추정, 배송비 포함 여부 미확정",estimated,yes,candidate_estimated,op09-107 로빈 페레 0.7
c284b110da1b956ab01fac7a,onepiececardgame,원피스 카드게임,2026-08,2026-08-11T01:02:16+09:00,known,256c0a8a104dfb7ed2bb2fd7,c284b110da1b956ab01fac7a,106625,https://m.dcinside.com/board/onepiececardgame/106625,페레 몇가지 구합니다,seller-c3848f5d366ebf4aa28d638b,915,guest,eb03-055 로빈 페레,eb03-055 로빈 페레,eb03-055 로빈 페레,,,buy,구매,1,5.0,50000,estimated,per_card,text,unknown,,active,needs_review,needs_review,"가격 단위 추정, 배송비 포함 여부 미확정",estimated,yes,candidate_estimated,eb03-055 로빈 페레 5.0
c8510aa31da2f4d74624cb35,onepiececardgame,원피스 카드게임,2026-08,2026-08-11T01:02:16+09:00,known,925a26225a5d5d90a7fc739c,c8510aa31da2f4d74624cb35,106625,https://m.dcinside.com/board/onepiececardgame/106625,페레 몇가지 구합니다,seller-8df7e92e523afec5b9e452de,915,guest,op09-107 로빈 페레,op09-107 로빈 페레,op09-107 로빈 페레,,,buy,구매,1,0.7,7000,estimated,per_card,text,unknown,,active,needs_review,needs_review,"가격 단위 추정, 배송비 포함 여부 미확정",estimated,yes,candidate_estimated,op09-107 로빈 페레 0.7
d6020802de6c8b4e16806926,onepiececardgame,원피스 카드게임,2026-08,2026-08-11T01:02:16+09:00,known,f5ca7936ff5a2b24baad403e,d6020802de6c8b4e16806926,106625,https://m.dcinside.com/board/onepiececardgame/106625,페레 몇가지 구합니다,seller-8fe88cc23b8d96cf09b675eb,915,guest,op09-107 로빈 페레,op09-107 로빈 페레,op09-107 로빈 페레,,,buy,구매,1,0.7,7000,estimated,per_card,text,unknown,,active,needs_review,needs_review,"가격 단위 추정, 배송비 포함 여부 미확정",estimated,yes,candidate_estimated,op09-107 로빈 페레 0.7
f2481935097fc5e4d0a5c20b,onepiececardgame,원피스 카드게임,2026-08,2026-08-11T01:02:16+09:00,known,925a26225a5d5d90a7fc739c,f2481935097fc5e4d0a5c20b,106625,https://m.dcinside.com/board/onepiececardgame/106625,페레 몇가지 구합니다,seller-8df7e92e523afec5b9e452de,915,guest,op07-107 프랑키 페레,op07-107 프랑키 페레,op07-107 프랑키 페레,,,buy,구매,1,0.7,7000,estimated,per_card,text,unknown,,active,needs_review,needs_review,"가격 단위 추정, 배송비 포함 여부 미확정",estimated,yes,candidate_estimated,op07-107 프랑키 페레 0.7
11c33f18661c537d03c31402,onepiececardgame,원피스 카드게임,2026-08,2026-08-11T01:22:19+09:00,known,3afe09ec6fd49a292fd650a9,11c33f18661c537d03c31402,106631,https://m.dcinside.com/board/onepiececardgame/106631,"(구매완료) 자8카타,우소하치,봉쿠레,자황 푸딩 리페 구매 ㅅㅅ",seller-8ad10b55fa52911e796a44cf,원딱러,registered,푸딩 리페,푸딩 리페,푸딩 리페,,,buy,구매,1,2,20000,estimated,per_card,text,unknown,,completed,context_only,needs_review,"배송비 포함 여부 미확정, 거래 완료 글 · 현재 매물 제외",estimated,no,no,푸딩 리페 1장 2만
4ae62850f1799bda7a05c9ef,onepiececardgame,원피스 카드게임,2026-08,2026-08-11T01:22:19+09:00,known,0c1cf3251229080b4b774bd8,4ae62850f1799bda7a05c9ef,106631,https://m.dcinside.com/board/onepiececardgame/106631,"(구매완료) 자8카타,우소하치,봉쿠레,자황 푸딩 리페 구매 ㅅㅅ",seller-8ad10b55fa52911e796a44cf,원딱러,registered,푸딩 리페,푸딩 리페,푸딩 리페,,,buy,구매,1,2,20000,estimated,per_card,text,unknown,,completed,context_only,needs_review,"배송비 포함 여부 미확정, 거래 완료 글 · 현재 매물 제외",estimated,no,no,푸딩 리페 1장 2만
55c7cd11f10eb0f7b6d363f4,onepiececardgame,원피스 카드게임,2026-08,2026-08-11T01:22:19+09:00,known,7c628bed755cc90c5885a0e2,55c7cd11f10eb0f7b6d363f4,106631,https://m.dcinside.com/board/onepiececardgame/106631,"(구매완료) 자8카타,우소하치,봉쿠레,자황 푸딩 리페 구매 ㅅㅅ",seller-8ad10b55fa52911e796a44cf,원딱러,registered,카타 op11-067,카타 op11-067,카타 op11-067,,,buy,구매,4,4,40000,estimated,per_quantity,text,unknown,,completed,context_only,needs_review,"배송비 포함 여부 미확정, 거래 완료 글 · 현재 매물 제외, 복수 수량 총액 · 카드 1장 가격 아님",estimated,no,no,카타 op11-067 4장 4만 구매완
712841a4aa76f2854b444aa8,onepiececardgame,원피스 카드게임,2026-08,2026-08-11T01:22:19+09:00,known,25151deba7f8279395185e75,712841a4aa76f2854b444aa8,106631,https://m.dcinside.com/board/onepiececardgame/106631,"(구매완료) 자8카타,우소하치,봉쿠레,자황 푸딩 리페 구매 ㅅㅅ",seller-8ad10b55fa52911e796a44cf,원딱러,registered,푸딩 리페,푸딩 리페,푸딩 리페,,,buy,구매,1,2,20000,estimated,per_card,text,unknown,,completed,context_only,needs_review,"배송비 포함 여부 미확정, 거래 완료 글 · 현재 매물 제외",estimated,no,no,푸딩 리페 1장 2만
7e7547c738eade7b81692084,onepiececardgame,원피스 카드게임,2026-08,2026-08-11T01:22:19+09:00,known,0c1cf3251229080b4b774bd8,7e7547c738eade7b81692084,106631,https://m.dcinside.com/board/onepiececardgame/106631,"(구매완료) 자8카타,우소하치,봉쿠레,자황 푸딩 리페 구매 ㅅㅅ",seller-8ad10b55fa52911e796a44cf,원딱러,registered,카타 op11-067,카타 op11-067,카타 op11-067,,,buy,구매,4,4,40000,estimated,per_quantity,text,unknown,,completed,context_only,needs_review,"배송비 포함 여부 미확정, 거래 완료 글 · 현재 매물 제외, 복수 수량 총액 · 카드 1장 가격 아님",estimated,no,no,카타 op11-067 4장 4만 구매완
a1af34ab5d330e4a82ceab18,onepiececardgame,원피스 카드게임,2026-08,2026-08-11T01:22:19+09:00,known,7c628bed755cc90c5885a0e2,a1af34ab5d330e4a82ceab18,106631,https://m.dcinside.com/board/onepiececardgame/106631,"(구매완료) 자8카타,우소하치,봉쿠레,자황 푸딩 리페 구매 ㅅㅅ",seller-8ad10b55fa52911e796a44cf,원딱러,registered,푸딩 리페,푸딩 리페,푸딩 리페,,,buy,구매,1,2,20000,estimated,per_card,text,unknown,,completed,context_only,needs_review,"배송비 포함 여부 미확정, 거래 완료 글 · 현재 매물 제외",estimated,no,no,푸딩 리페 1장 2만
dbd9d2dae79eee2f587c3f31,onepiececardgame,원피스 카드게임,2026-08,2026-08-11T01:22:19+09:00,known,3afe09ec6fd49a292fd650a9,dbd9d2dae79eee2f587c3f31,106631,https://m.dcinside.com/board/onepiececardgame/106631,"(구매완료) 자8카타,우소하치,봉쿠레,자황 푸딩 리페 구매 ㅅㅅ",seller-8ad10b55fa52911e796a44cf,원딱러,registered,카타 op11-067,카타 op11-067,카타 op11-067,,,buy,구매,4,4,40000,estimated,per_quantity,text,unknown,,completed,context_only,needs_review,"배송비 포함 여부 미확정, 거래 완료 글 · 현재 매물 제외, 복수 수량 총액 · 카드 1장 가격 아님",estimated,no,no,카타 op11-067 4장 4만 구매완
e07a2fa299e55ae6ea0a290d,onepiececardgame,원피스 카드게임,2026-08,2026-08-11T01:22:19+09:00,known,25151deba7f8279395185e75,e07a2fa299e55ae6ea0a290d,106631,https://m.dcinside.com/board/onepiececardgame/106631,"(구매완료) 자8카타,우소하치,봉쿠레,자황 푸딩 리페 구매 ㅅㅅ",seller-8ad10b55fa52911e796a44cf,원딱러,registered,카타 op11-067,카타 op11-067,카타 op11-067,,,buy,구매,4,4,40000,estimated,per_quantity,text,unknown,,completed,context_only,needs_review,"배송비 포함 여부 미확정, 거래 완료 글 · 현재 매물 제외, 복수 수량 총액 · 카드 1장 가격 아님",estimated,no,no,카타 op11-067 4장 4만 구매완
2f589103a228b6dab85e992d,onepiececardgame,원피스 카드게임,2026-08,2026-08-11T02:31:07+09:00,known,6a2d2c83b6f17fce0e9dee68,2f589103a228b6dab85e992d,106637,https://m.dcinside.com/board/onepiececardgame/106637,7탄 녹오타마 패레 구매해요,seller-d701b495e6f04ceaedfb5266,부떡,registered,7탄 녹오타마 패레 해요,7탄 녹오타마 패레 해요,7탄 녹오타마 패레 해요,,,buy,구매,1,,,missing,unknown,unknown,unknown,,active,needs_review,needs_review,희망가 미기재,missing,no,no,7탄 녹오타마 패레 구매해요
83db8b3f650400ec5454fb3c,onepiececardgame,원피스 카드게임,2026-08,2026-08-11T02:31:07+09:00,known,4da5546fc6382a0985bbfa5d,83db8b3f650400ec5454fb3c,106637,https://m.dcinside.com/board/onepiececardgame/106637,7탄 녹오타마 패레 구매해요,seller-d701b495e6f04ceaedfb5266,부떡,registered,7탄 녹오타마 패레 해요,7탄 녹오타마 패레 해요,7탄 녹오타마 패레 해요,,,buy,구매,1,,,missing,unknown,unknown,unknown,,active,needs_review,needs_review,희망가 미기재,missing,no,no,7탄 녹오타마 패레 구매해요
858535811c296ea7b70ac38f,onepiececardgame,원피스 카드게임,2026-08,2026-08-11T02:31:07+09:00,known,94bf4d9c492d76d70b1db64b,858535811c296ea7b70ac38f,106637,https://m.dcinside.com/board/onepiececardgame/106637,7탄 녹오타마 패레 구매해요,seller-d701b495e6f04ceaedfb5266,부떡,registered,7탄 녹오타마 패레 해요,7탄 녹오타마 패레 해요,7탄 녹오타마 패레 해요,,,buy,구매,1,,,missing,unknown,unknown,unknown,,active,needs_review,needs_review,희망가 미기재,missing,no,no,7탄 녹오타마 패레 구매해요
9ece98195c6441fa7484c0d3,onepiececardgame,원피스 카드게임,2026-08,2026-08-11T02:31:07+09:00,known,c516350edb705bedfbf2b9de,9ece98195c6441fa7484c0d3,106637,https://m.dcinside.com/board/onepiececardgame/106637,7탄 녹오타마 패레 구매해요,seller-d701b495e6f04ceaedfb5266,부떡,registered,7탄 녹오타마 패레 해요,7탄 녹오타마 패레 해요,7탄 녹오타마 패레 해요,,,buy,구매,1,,,missing,unknown,unknown,unknown,,active,needs_review,needs_review,희망가 미기재,missing,no,no,7탄 녹오타마 패레 구매해요
f70e6beb3a78433dc90e8e6c,onepiececardgame,원피스 카드게임,2026-08,2026-08-11T02:31:07+09:00,known,a99d4822e6e8dbf400e75b75,f70e6beb3a78433dc90e8e6c,106637,https://m.dcinside.com/board/onepiececardgame/106637,7탄 녹오타마 패레 구매해요,seller-d701b495e6f04ceaedfb5266,부떡,registered,7탄 녹오타마 패레 해요,7탄 녹오타마 패레 해요,7탄 녹오타마 패레 해요,,,buy,구매,1,,,missing,unknown,unknown,unknown,,active,needs_review,needs_review,희망가 미기재,missing,no,no,7탄 녹오타마 패레 구매해요
61d40d5253041f0098cb38e3,onepiececardgame,원피스 카드게임,2026-08,2026-08-11T10:28:50+09:00,known,68bee2bd60f3fbdcbb5e51bb,61d40d5253041f0098cb38e3,106663,https://m.dcinside.com/board/onepiececardgame/106663,"시크레일리, 4청캐번 ㅅㅅ",seller-b6034b02f68474d89456033c,ㅇㅇ,guest,청캐번,청캐번,청캐번,,,buy,구매,1,0.5,5000,estimated,per_card,text,unknown,,active,needs_review,needs_review,"가격 단위 추정, 배송비 포함 여부 미확정",estimated,yes,candidate_estimated,청캐번 0.5
7396653c4a2e54394f23edd0,onepiececardgame,원피스 카드게임,2026-08,2026-08-11T10:28:50+09:00,known,6c75c3f2ced49600374cb2fb,7396653c4a2e54394f23edd0,106663,https://m.dcinside.com/board/onepiececardgame/106663,"시크레일리, 4청캐번 ㅅㅅ",seller-cd089fec2288e4abc10f9991,ㅇㅇ,guest,청캐번,청캐번,청캐번,,,buy,구매,1,0.5,5000,estimated,per_card,text,unknown,,active,needs_review,needs_review,"가격 단위 추정, 배송비 포함 여부 미확정",estimated,yes,candidate_estimated,청캐번 0.5
7c82ea1c6add584803f8306e,onepiececardgame,원피스 카드게임,2026-08,2026-08-11T10:28:50+09:00,known,c92d7a7beff74733295f39c9,7c82ea1c6add584803f8306e,106663,https://m.dcinside.com/board/onepiececardgame/106663,"시크레일리, 4청캐번 ㅅㅅ",seller-9686716993b32fe775a08acb,ㅇㅇ,guest,청캐번,청캐번,청캐번,,,buy,구매,1,0.5,5000,estimated,per_card,text,unknown,,active,needs_review,needs_review,"가격 단위 추정, 배송비 포함 여부 미확정",estimated,yes,candidate_estimated,청캐번 0.5
cdba6becc353a85d3bba3c57,onepiececardgame,원피스 카드게임,2026-08,2026-08-11T10:28:50+09:00,known,5319f88b450ef118243e6bc6,cdba6becc353a85d3bba3c57,106663,https://m.dcinside.com/board/onepiececardgame/106663,"시크레일리, 4청캐번 ㅅㅅ",seller-5c05ac5a01947b5c5d88939d,ㅇㅇ,guest,청캐번,청캐번,청캐번,,,buy,구매,1,0.5,5000,estimated,per_card,text,unknown,,active,needs_review,needs_review,"가격 단위 추정, 배송비 포함 여부 미확정",estimated,yes,candidate_estimated,청캐번 0.5
6a1c3720834534e47c6402ee,onepiececardgame,원피스 카드게임,2026-08,2026-08-11T10:59:02+09:00,known,c1d7c4e5e688fd8b5d9b9eba,6a1c3720834534e47c6402ee,106671,https://m.dcinside.com/board/onepiececardgame/106671,오늘 로이쿠지 직으로 2탄 2000카 조즈 2장 삽니다,seller-ae24d981f46848d5cd64b0d7,ㅇㅇ,guest,,장당,장당,,,buy,구매,1,0.15,1500,estimated,per_card,text,unknown,,active,needs_review,needs_review,"가격 단위 추정, 배송비 포함 여부 미확정",estimated,yes,candidate_estimated,"장당 0.15, 총합 0.3에 2장 구매합니다"
71453cfa7336141d871e8647,onepiececardgame,원피스 카드게임,2026-08,2026-08-11T10:59:02+09:00,known,85b7e710930256cf89d89e13,71453cfa7336141d871e8647,106671,https://m.dcinside.com/board/onepiececardgame/106671,오늘 로이쿠지 직으로 2탄 2000카 조즈 2장 삽니다,seller-c1f52dfd30b60da27e107057,ㅇㅇ,guest,,장당,장당,,,buy,구매,1,0.15,1500,estimated,per_card,text,unknown,,active,needs_review,needs_review,"가격 단위 추정, 배송비 포함 여부 미확정",estimated,yes,candidate_estimated,"장당 0.15, 총합 0.3에 2장 구매합니다"
b4cb768f7a0e491af8339d82,onepiececardgame,원피스 카드게임,2026-08,2026-08-11T10:59:02+09:00,known,27ed4c26a08d83dbc9aa6728,b4cb768f7a0e491af8339d82,106671,https://m.dcinside.com/board/onepiececardgame/106671,오늘 로이쿠지 직으로 2탄 2000카 조즈 2장 삽니다,seller-c59915989cc9d2396564c3c0,ㅇㅇ,guest,,장당,장당,,,buy,구매,1,0.15,1500,estimated,per_card,text,unknown,,active,needs_review,needs_review,"가격 단위 추정, 배송비 포함 여부 미확정",estimated,yes,candidate_estimated,"장당 0.15, 총합 0.3에 2장 구매합니다"
bad994a1042e1d74cf851959,onepiececardgame,원피스 카드게임,2026-08,2026-08-11T10:59:02+09:00,known,0abec038c4af43d13bdfe181,bad994a1042e1d74cf851959,106671,https://m.dcinside.com/board/onepiececardgame/106671,오늘 로이쿠지 직으로 2탄 2000카 조즈 2장 삽니다,seller-41e135e6071f58dc87c5d828,ㅇㅇ,guest,,장당,장당,,,buy,구매,1,0.15,1500,estimated,per_card,text,unknown,,active,needs_review,needs_review,"가격 단위 추정, 배송비 포함 여부 미확정",estimated,yes,candidate_estimated,"장당 0.15, 총합 0.3에 2장 구매합니다"
6cb4f052e57af5b32258206e,onepiececardgame,원피스 카드게임,2026-08,2026-08-11T13:32:55+09:00,known,93de7de4f80aa8dd015f40e4,6cb4f052e57af5b32258206e,106700,https://m.dcinside.com/board/onepiececardgame/106700,자색 소스 삽니다!,seller-8ad10b55fa52911e796a44cf,원딱러,registered,자색 소스 !,자색 소스 !,자색 소스 !,,,buy,구매,4,,,missing,unknown,unknown,unknown,,active,needs_review,needs_review,희망가 미기재,missing,no,no,자색 소스 삽니다!
9bb672fd422ba6bb83795008,onepiececardgame,원피스 카드게임,2026-08,2026-08-11T13:32:55+09:00,known,81f0b3ca4958432df0f01668,9bb672fd422ba6bb83795008,106700,https://m.dcinside.com/board/onepiececardgame/106700,자색 소스 삽니다!,seller-8ad10b55fa52911e796a44cf,원딱러,registered,자색 소스 !,자색 소스 !,자색 소스 !,,,buy,구매,4,,,missing,unknown,unknown,unknown,,active,needs_review,needs_review,희망가 미기재,missing,no,no,자색 소스 삽니다!
bb0f7ba34473a15792b0892e,onepiececardgame,원피스 카드게임,2026-08,2026-08-11T13:32:55+09:00,known,ae972e5dfa6c7d5f8aebc61e,bb0f7ba34473a15792b0892e,106700,https://m.dcinside.com/board/onepiececardgame/106700,자색 소스 삽니다!,seller-8ad10b55fa52911e796a44cf,원딱러,registered,자색 소스 !,자색 소스 !,자색 소스 !,,,buy,구매,4,,,missing,unknown,unknown,unknown,,active,needs_review,needs_review,희망가 미기재,missing,no,no,자색 소스 삽니다!
e1b9116c8ff3d901f6a460b7,onepiececardgame,원피스 카드게임,2026-08,2026-08-11T13:32:55+09:00,known,6b7d208f99482eb8666952e9,e1b9116c8ff3d901f6a460b7,106700,https://m.dcinside.com/board/onepiececardgame/106700,자색 소스 삽니다!,seller-8ad10b55fa52911e796a44cf,원딱러,registered,자색 소스 !,자색 소스 !,자색 소스 !,,,buy,구매,4,,,missing,unknown,unknown,unknown,,active,needs_review,needs_review,희망가 미기재,missing,no,no,자색 소스 삽니다!
05aaa01985d4189e0e3e1d7e,onepiececardgame,원피스 카드게임,2026-08,2026-08-11T16:31:08+09:00,known,f5f9ad9329d7c11fe2af6561,05aaa01985d4189e0e3e1d7e,106728,https://m.dcinside.com/board/onepiececardgame/106728,12탕 1코 페로나 페레 한장 구매합니다,seller-8ad10b55fa52911e796a44cf,원딱러,registered,12탕 1코 페로나 페레,12탕 1코 페로나 페레,12탕 1코 페로나 페레 한장,,,buy,구매,1,,,missing,unknown,unknown,unknown,,active,needs_review,needs_review,희망가 미기재,missing,no,no,12탕 1코 페로나 페레 한장 구매합니다
61dd17321ebb376a37d1d4db,onepiececardgame,원피스 카드게임,2026-08,2026-08-11T16:31:08+09:00,known,fb4294b2fb6095f7111d5126,61dd17321ebb376a37d1d4db,106728,https://m.dcinside.com/board/onepiececardgame/106728,12탕 1코 페로나 페레 한장 구매합니다,seller-8ad10b55fa52911e796a44cf,원딱러,registered,12탕 1코 페로나 페레,12탕 1코 페로나 페레,12탕 1코 페로나 페레 한장,,,buy,구매,1,,,missing,unknown,unknown,unknown,,active,needs_review,needs_review,희망가 미기재,missing,no,no,12탕 1코 페로나 페레 한장 구매합니다
c22eeefa2846e41f9a304c41,onepiececardgame,원피스 카드게임,2026-08,2026-08-11T16:31:08+09:00,known,5b162d9dff7b635c9cdcae4c,c22eeefa2846e41f9a304c41,106728,https://m.dcinside.com/board/onepiececardgame/106728,12탕 1코 페로나 페레 한장 구매합니다,seller-8ad10b55fa52911e796a44cf,원딱러,registered,12탕 1코 페로나 페레,12탕 1코 페로나 페레,12탕 1코 페로나 페레 한장,,,buy,구매,1,,,missing,unknown,unknown,unknown,,active,needs_review,needs_review,희망가 미기재,missing,no,no,12탕 1코 페로나 페레 한장 구매합니다
cd044aaf9e171d7f6e8e7fa4,onepiececardgame,원피스 카드게임,2026-08,2026-08-11T16:31:08+09:00,known,b7178cbaaf9781e60d5365dc,cd044aaf9e171d7f6e8e7fa4,106728,https://m.dcinside.com/board/onepiececardgame/106728,12탕 1코 페로나 페레 한장 구매합니다,seller-8ad10b55fa52911e796a44cf,원딱러,registered,12탕 1코 페로나 페레,12탕 1코 페로나 페레,12탕 1코 페로나 페레 한장,,,buy,구매,1,,,missing,unknown,unknown,unknown,,active,needs_review,needs_review,희망가 미기재,missing,no,no,12탕 1코 페로나 페레 한장 구매합니다
069877c8c5ca25df872206a4,onepiececardgame,원피스 카드게임,2026-08,2026-08-11T16:39:45+09:00,known,a0466fdadc68a8e6a091f3ff,069877c8c5ca25df872206a4,106729,https://m.dcinside.com/board/onepiececardgame/106729,자폭시 덱 삽니다,seller-2b217afedf5191c7cd2ba743,00,guest,자폭시덱,자폭시덱,자폭시덱,,,buy,구매,1,8.0,80000,estimated,bundle,text,unknown,,active,needs_review,needs_review,"가격 단위 추정, 배송비 포함 여부 미확정, 묶음·세트 총액 · 개별 카드 가격 아님",estimated,no,no,자폭시덱 8.0 에 삽니다
084464a2b186c548eb40d6bf,onepiececardgame,원피스 카드게임,2026-08,2026-08-11T16:39:45+09:00,known,b80e21e1a2bef68b13172678,084464a2b186c548eb40d6bf,106729,https://m.dcinside.com/board/onepiececardgame/106729,자폭시 덱 삽니다,seller-d473b9cb1548137c4b93660a,00,guest,자폭시덱,자폭시덱,자폭시덱,,,buy,구매,1,8.0,80000,estimated,bundle,text,unknown,,active,needs_review,needs_review,"가격 단위 추정, 배송비 포함 여부 미확정, 묶음·세트 총액 · 개별 카드 가격 아님",estimated,no,no,자폭시덱 8.0 에 삽니다
a86892e8a4efdf37ca22e2d5,onepiececardgame,원피스 카드게임,2026-08,2026-08-11T16:39:45+09:00,known,629d46d1a2f15bd620e4e119,a86892e8a4efdf37ca22e2d5,106729,https://m.dcinside.com/board/onepiececardgame/106729,자폭시 덱 삽니다,seller-cbbff71c76c5f373f6666296,00,guest,자폭시덱,자폭시덱,자폭시덱,,,buy,구매,1,8.0,80000,estimated,bundle,text,unknown,,active,needs_review,needs_review,"가격 단위 추정, 배송비 포함 여부 미확정, 묶음·세트 총액 · 개별 카드 가격 아님",estimated,no,no,자폭시덱 8.0 에 삽니다
abeae333d138485c581c05fe,onepiececardgame,원피스 카드게임,2026-08,2026-08-11T16:39:45+09:00,known,39d6d3a7c587ff397e385d80,abeae333d138485c581c05fe,106729,https://m.dcinside.com/board/onepiececardgame/106729,자폭시 덱 삽니다,seller-d52af154dfde56332dd13f73,00,guest,자폭시덱,자폭시덱,자폭시덱,,,buy,구매,1,8.0,80000,estimated,bundle,text,unknown,,active,needs_review,needs_review,"가격 단위 추정, 배송비 포함 여부 미확정, 묶음·세트 총액 · 개별 카드 가격 아님",estimated,no,no,자폭시덱 8.0 에 삽니다
e5de7b74daca8802db17344f,onepiececardgame,원피스 카드게임,2026-08,2026-08-11T16:39:45+09:00,known,8710484b9bfcf8c91b449928,e5de7b74daca8802db17344f,106729,https://m.dcinside.com/board/onepiececardgame/106729,자폭시 덱 삽니다,seller-6f1e7df43dbe7d969719dd0e,00,guest,자폭시덱,자폭시덱,자폭시덱,,,buy,구매,1,8.0,80000,estimated,bundle,text,unknown,,active,needs_review,needs_review,"가격 단위 추정, 배송비 포함 여부 미확정, 묶음·세트 총액 · 개별 카드 가격 아님",estimated,no,no,자폭시덱 8.0 에 삽니다
c8298e19e9af39d0feef6d71,onepiececardgame,원피스 카드게임,2026-08,2026-08-11T18:09:39+09:00,known,b8721e2fb0b6c2b85c7f12e7,c8298e19e9af39d0feef6d71,106744,https://m.dcinside.com/board/onepiececardgame/106744,녹색 페레 구합니다,seller-2490fc96b0ed870c2df05a4f,14만원돌려주..,registered,녹색 페레,녹색 페레,녹색 페레,,,buy,구매,3,,,missing,unknown,unknown,unknown,,active,needs_review,needs_review,희망가 미기재,missing,no,no,녹색 페레 구합니다
e0741de126d87248b7303fc3,onepiececardgame,원피스 카드게임,2026-08,2026-08-11T18:09:39+09:00,known,0e4b92c6d30586354d9b3d2f,e0741de126d87248b7303fc3,106744,https://m.dcinside.com/board/onepiececardgame/106744,녹색 페레 구합니다,seller-2490fc96b0ed870c2df05a4f,14만원돌려주..,registered,녹색 페레,녹색 페레,녹색 페레,,,buy,구매,3,,,missing,unknown,unknown,unknown,,active,needs_review,needs_review,희망가 미기재,missing,no,no,녹색 페레 구합니다
e4f7b0f2dbfa9958dc072797,onepiececardgame,원피스 카드게임,2026-08,2026-08-11T18:09:39+09:00,known,957a63a0f9eb31951d7eb04c,e4f7b0f2dbfa9958dc072797,106744,https://m.dcinside.com/board/onepiececardgame/106744,녹색 페레 구합니다,seller-2490fc96b0ed870c2df05a4f,14만원돌려주..,registered,녹색 페레,녹색 페레,녹색 페레,,,buy,구매,3,,,missing,unknown,unknown,unknown,,active,needs_review,needs_review,희망가 미기재,missing,no,no,녹색 페레 구합니다
ea497225a380e6ad7618e7dc,onepiececardgame,원피스 카드게임,2026-08,2026-08-11T18:09:39+09:00,known,de6fc140d5bd86305fd6259d,ea497225a380e6ad7618e7dc,106744,https://m.dcinside.com/board/onepiececardgame/106744,녹색 페레 구합니다,seller-2490fc96b0ed870c2df05a4f,14만원돌려주..,registered,녹색 페레,녹색 페레,녹색 페레,,,buy,구매,3,,,missing,unknown,unknown,unknown,,active,needs_review,needs_review,희망가 미기재,missing,no,no,녹색 페레 구합니다
fe96e246150ae36dd75d455b,onepiececardgame,원피스 카드게임,2026-08,2026-08-11T18:09:39+09:00,known,60df06ff30b69ae42eaaa4fa,fe96e246150ae36dd75d455b,106744,https://m.dcinside.com/board/onepiececardgame/106744,녹색 페레 구합니다,seller-2490fc96b0ed870c2df05a4f,14만원돌려주..,registered,녹색 페레,녹색 페레,녹색 페레,,,buy,구매,3,,,missing,unknown,unknown,unknown,,active,needs_review,needs_review,희망가 미기재,missing,no,no,녹색 페레 구합니다
6e0149f79b84b932c0f8c8ee,onepiececardgame,원피스 카드게임,2026-08,2026-08-11T19:06:26+09:00,known,984b2a918bfaa9eb5d121a07,6e0149f79b84b932c0f8c8ee,106756,https://m.dcinside.com/board/onepiececardgame/106756,OP10-045 캐번 OP02-008 빨조즈 삽니다,seller-8ad10b55fa52911e796a44cf,원딱러,registered,OP10-045 캐번 OP02-008 빨조즈,OP10-045 캐번 OP02-008 빨조즈,OP10-045 캐번 OP02-008 빨조즈,,,buy,구매,1,,,missing,unknown,unknown,unknown,,active,needs_review,needs_review,희망가 미기재,missing,no,no,OP10-045 캐번 OP02-008 빨조즈 삽니다
6f657ace54ce0c580f8770db,onepiececardgame,원피스 카드게임,2026-08,2026-08-11T19:06:26+09:00,known,14eb766e6cfbac6bc668ccec,6f657ace54ce0c580f8770db,106756,https://m.dcinside.com/board/onepiececardgame/106756,OP10-045 캐번 OP02-008 빨조즈 삽니다,seller-8ad10b55fa52911e796a44cf,원딱러,registered,OP10-045 캐번 OP02-008 빨조즈,OP10-045 캐번 OP02-008 빨조즈,OP10-045 캐번 OP02-008 빨조즈,,,buy,구매,1,,,missing,unknown,unknown,unknown,,active,needs_review,needs_review,희망가 미기재,missing,no,no,OP10-045 캐번 OP02-008 빨조즈 삽니다
a97804de80874b24c2fef01f,onepiececardgame,원피스 카드게임,2026-08,2026-08-11T19:06:26+09:00,known,ee90ad3251cdefdf49743da1,a97804de80874b24c2fef01f,106756,https://m.dcinside.com/board/onepiececardgame/106756,OP10-045 캐번 OP02-008 빨조즈 삽니다,seller-8ad10b55fa52911e796a44cf,원딱러,registered,OP10-045 캐번 OP02-008 빨조즈,OP10-045 캐번 OP02-008 빨조즈,OP10-045 캐번 OP02-008 빨조즈,,,buy,구매,1,,,missing,unknown,unknown,unknown,,active,needs_review,needs_review,희망가 미기재,missing,no,no,OP10-045 캐번 OP02-008 빨조즈 삽니다
c4b0355b04d10149d7ed17cc,onepiececardgame,원피스 카드게임,2026-08,2026-08-11T19:06:26+09:00,known,86534b9de3c7e47c525cb4cc,c4b0355b04d10149d7ed17cc,106756,https://m.dcinside.com/board/onepiececardgame/106756,OP10-045 캐번 OP02-008 빨조즈 삽니다,seller-8ad10b55fa52911e796a44cf,원딱러,registered,OP10-045 캐번 OP02-008 빨조즈,OP10-045 캐번 OP02-008 빨조즈,OP10-045 캐번 OP02-008 빨조즈,,,buy,구매,1,,,missing,unknown,unknown,unknown,,active,needs_review,needs_review,희망가 미기재,missing,no,no,OP10-045 캐번 OP02-008 빨조즈 삽니다
cee8e9e106a652428c099a90,onepiececardgame,원피스 카드게임,2026-08,2026-08-11T19:06:26+09:00,known,e7b72a4f95a5c1450826948b,cee8e9e106a652428c099a90,106756,https://m.dcinside.com/board/onepiececardgame/106756,OP10-045 캐번 OP02-008 빨조즈 삽니다,seller-8ad10b55fa52911e796a44cf,원딱러,registered,OP10-045 캐번 OP02-008 빨조즈,OP10-045 캐번 OP02-008 빨조즈,OP10-045 캐번 OP02-008 빨조즈,,,buy,구매,1,,,missing,unknown,unknown,unknown,,active,needs_review,needs_review,희망가 미기재,missing,no,no,OP10-045 캐번 OP02-008 빨조즈 삽니다
008f2ba23189d8ac4ead7c32,onepiececardgame,원피스 카드게임,2026-08,2026-08-11T19:37:49+09:00,known,20578545124a3b96a682beed,008f2ba23189d8ac4ead7c32,106765,https://m.dcinside.com/board/onepiececardgame/106765,청황 핸콕 소스 삽니다,seller-1834e0a8fff8f418a6f997e3,ㅇㅇ,guest,퍼퓸 피머 OP07,퍼퓸 피머 OP07,퍼퓸 피머(OP07,,,buy,구매,1,057,570000,estimated,per_card,text,unknown,,active,needs_review,needs_review,"가격 단위 추정, 배송비 포함 여부 미확정",estimated,yes,candidate_estimated,퍼퓸 피머(OP07-057) 0.2 2장
0a4a2634e4720212dd456d91,onepiececardgame,원피스 카드게임,2026-08,2026-08-11T19:37:49+09:00,known,20578545124a3b96a682beed,0a4a2634e4720212dd456d91,106765,https://m.dcinside.com/board/onepiececardgame/106765,청황 핸콕 소스 삽니다,seller-1834e0a8fff8f418a6f997e3,ㅇㅇ,guest,네가 꺼져라 OP06,네가 꺼져라 OP06,네가 꺼져라(OP06,,,buy,구매,1,115,1150000,estimated,per_card,text,unknown,,active,needs_review,needs_review,"가격 단위 추정, 배송비 포함 여부 미확정",estimated,yes,candidate_estimated,네가 꺼져라(OP06-115) 장당 0.1 2장
0dd9cd100e9badcf6c414164,onepiececardgame,원피스 카드게임,2026-08,2026-08-11T19:37:49+09:00,known,6aaa80e1355b0f68a35af2dc,0dd9cd100e9badcf6c414164,106765,https://m.dcinside.com/board/onepiececardgame/106765,청황 핸콕 소스 삽니다,seller-d3bef6e1b8f4af3a6ca9a15c,ㅇㅇ,guest,슬레이브 애로우 OP07,슬레이브 애로우 OP07,슬레이브 애로우(OP07,,,buy,구매,1,056,560000,estimated,per_card,text,unknown,,active,needs_review,needs_review,"가격 단위 추정, 배송비 포함 여부 미확정",estimated,yes,candidate_estimated,슬레이브 애로우(OP07-056) 장당 0.2 3장
1723ed7b9631f35bb5abc84e,onepiececardgame,원피스 카드게임,2026-08,2026-08-11T19:37:49+09:00,known,224165c75dc07c8abd57f887,1723ed7b9631f35bb5abc84e,106765,https://m.dcinside.com/board/onepiececardgame/106765,청황 핸콕 소스 삽니다,seller-9b3f0986ea15b3cf36d4afe0,ㅇㅇ,guest,보아 핸콕 ST17,보아 핸콕 ST17,보아 핸콕(ST17,,,buy,구매,1,004,40000,estimated,per_card,text,unknown,,active,needs_review,needs_review,"가격 단위 추정, 배송비 포함 여부 미확정",estimated,yes,candidate_estimated,보아 핸콕(ST17-004) 장당0.2 4장
25311b717894644287296e1f,onepiececardgame,원피스 카드게임,2026-08,2026-08-11T19:37:49+09:00,known,a859d30f4ff63092eaa3b50e,25311b717894644287296e1f,106765,https://m.dcinside.com/board/onepiececardgame/106765,청황 핸콕 소스 삽니다,seller-0f150f59d28cf4ba3970d340,ㅇㅇ,guest,슬레이브 애로우 OP07,슬레이브 애로우 OP07,슬레이브 애로우(OP07,,,buy,구매,1,056,560000,estimated,per_card,text,unknown,,active,needs_review,needs_review,"가격 단위 추정, 배송비 포함 여부 미확정",estimated,yes,candidate_estimated,슬레이브 애로우(OP07-056) 장당 0.2 3장
2e859377abb0b2605f6dedc1,onepiececardgame,원피스 카드게임,2026-08,2026-08-11T19:37:49+09:00,known,fa61528061dbe0f6211d8e4e,2e859377abb0b2605f6dedc1,106765,https://m.dcinside.com/board/onepiececardgame/106765,청황 핸콕 소스 삽니다,seller-389031c8b87d4b72e1dba8bc,ㅇㅇ,guest,슬레이브 애로우 OP07,슬레이브 애로우 OP07,슬레이브 애로우(OP07,,,buy,구매,1,056,560000,estimated,per_card,text,unknown,,active,needs_review,needs_review,"가격 단위 추정, 배송비 포함 여부 미확정",estimated,yes,candidate_estimated,슬레이브 애로우(OP07-056) 장당 0.2 3장
3e4d122fa1a7c1ab7d520e63,onepiececardgame,원피스 카드게임,2026-08,2026-08-11T19:37:49+09:00,known,6aaa80e1355b0f68a35af2dc,3e4d122fa1a7c1ab7d520e63,106765,https://m.dcinside.com/board/onepiececardgame/106765,청황 핸콕 소스 삽니다,seller-d3bef6e1b8f4af3a6ca9a15c,ㅇㅇ,guest,보아 핸콕 ST17,보아 핸콕 ST17,보아 핸콕(ST17,,,buy,구매,1,004,40000,estimated,per_card,text,unknown,,active,needs_review,needs_review,"가격 단위 추정, 배송비 포함 여부 미확정",estimated,yes,candidate_estimated,보아 핸콕(ST17-004) 장당0.2 4장
4b8b1e87e79acc70969ec028,onepiececardgame,원피스 카드게임,2026-08,2026-08-11T19:37:49+09:00,known,224165c75dc07c8abd57f887,4b8b1e87e79acc70969ec028,106765,https://m.dcinside.com/board/onepiececardgame/106765,청황 핸콕 소스 삽니다,seller-9b3f0986ea15b3cf36d4afe0,ㅇㅇ,guest,퍼퓸 피머 OP07,퍼퓸 피머 OP07,퍼퓸 피머(OP07,,,buy,구매,1,057,570000,estimated,per_card,text,unknown,,active,needs_review,needs_review,"가격 단위 추정, 배송비 포함 여부 미확정",estimated,yes,candidate_estimated,퍼퓸 피머(OP07-057) 0.2 2장
4e102c4347570203a5a771a0,onepiececardgame,원피스 카드게임,2026-08,2026-08-11T19:37:49+09:00,known,a859d30f4ff63092eaa3b50e,4e102c4347570203a5a771a0,106765,https://m.dcinside.com/board/onepiececardgame/106765,청황 핸콕 소스 삽니다,seller-0f150f59d28cf4ba3970d340,ㅇㅇ,guest,네가 꺼져라 OP06,네가 꺼져라 OP06,네가 꺼져라(OP06,,,buy,구매,1,115,1150000,estimated,per_card,text,unknown,,active,needs_review,needs_review,"가격 단위 추정, 배송비 포함 여부 미확정",estimated,yes,candidate_estimated,네가 꺼져라(OP06-115) 장당 0.1 2장
4f1721aff6d2bf973cd36360,onepiececardgame,원피스 카드게임,2026-08,2026-08-11T19:37:49+09:00,known,20578545124a3b96a682beed,4f1721aff6d2bf973cd36360,106765,https://m.dcinside.com/board/onepiececardgame/106765,청황 핸콕 소스 삽니다,seller-1834e0a8fff8f418a6f997e3,ㅇㅇ,guest,슬레이브 애로우 OP07,슬레이브 애로우 OP07,슬레이브 애로우(OP07,,,buy,구매,1,056,560000,estimated,per_card,text,unknown,,active,needs_review,needs_review,"가격 단위 추정, 배송비 포함 여부 미확정",estimated,yes,candidate_estimated,슬레이브 애로우(OP07-056) 장당 0.2 3장
6fee50abba5d38d2e260ee47,onepiececardgame,원피스 카드게임,2026-08,2026-08-11T19:37:49+09:00,known,fa61528061dbe0f6211d8e4e,6fee50abba5d38d2e260ee47,106765,https://m.dcinside.com/board/onepiececardgame/106765,청황 핸콕 소스 삽니다,seller-389031c8b87d4b72e1dba8bc,ㅇㅇ,guest,보아 핸콕 ST17,보아 핸콕 ST17,보아 핸콕(ST17,,,buy,구매,1,004,40000,estimated,per_card,text,unknown,,active,needs_review,needs_review,"가격 단위 추정, 배송비 포함 여부 미확정",estimated,yes,candidate_estimated,보아 핸콕(ST17-004) 장당0.2 4장
8c081562f8b6f710f6fa3596,onepiececardgame,원피스 카드게임,2026-08,2026-08-11T19:37:49+09:00,known,a859d30f4ff63092eaa3b50e,8c081562f8b6f710f6fa3596,106765,https://m.dcinside.com/board/onepiececardgame/106765,청황 핸콕 소스 삽니다,seller-0f150f59d28cf4ba3970d340,ㅇㅇ,guest,보아 핸콕 ST17,보아 핸콕 ST17,보아 핸콕(ST17,,,buy,구매,1,004,40000,estimated,per_card,text,unknown,,active,needs_review,needs_review,"가격 단위 추정, 배송비 포함 여부 미확정",estimated,yes,candidate_estimated,보아 핸콕(ST17-004) 장당0.2 4장
9d112c7dbaf3a682785b3638,onepiececardgame,원피스 카드게임,2026-08,2026-08-11T19:37:49+09:00,known,20578545124a3b96a682beed,9d112c7dbaf3a682785b3638,106765,https://m.dcinside.com/board/onepiececardgame/106765,청황 핸콕 소스 삽니다,seller-1834e0a8fff8f418a6f997e3,ㅇㅇ,guest,보아 핸콕 ST17,보아 핸콕 ST17,보아 핸콕(ST17,,,buy,구매,1,004,40000,estimated,per_card,text,unknown,,active,needs_review,needs_review,"가격 단위 추정, 배송비 포함 여부 미확정",estimated,yes,candidate_estimated,보아 핸콕(ST17-004) 장당0.2 4장
a206cfa825523cfb393a68ae,onepiececardgame,원피스 카드게임,2026-08,2026-08-11T19:37:49+09:00,known,a859d30f4ff63092eaa3b50e,a206cfa825523cfb393a68ae,106765,https://m.dcinside.com/board/onepiececardgame/106765,청황 핸콕 소스 삽니다,seller-0f150f59d28cf4ba3970d340,ㅇㅇ,guest,퍼퓸 피머 OP07,퍼퓸 피머 OP07,퍼퓸 피머(OP07,,,buy,구매,1,057,570000,estimated,per_card,text,unknown,,active,needs_review,needs_review,"가격 단위 추정, 배송비 포함 여부 미확정",estimated,yes,candidate_estimated,퍼퓸 피머(OP07-057) 0.2 2장
a2b5633058a47cbcb62f9f5b,onepiececardgame,원피스 카드게임,2026-08,2026-08-11T19:37:49+09:00,known,224165c75dc07c8abd57f887,a2b5633058a47cbcb62f9f5b,106765,https://m.dcinside.com/board/onepiececardgame/106765,청황 핸콕 소스 삽니다,seller-9b3f0986ea15b3cf36d4afe0,ㅇㅇ,guest,네가 꺼져라 OP06,네가 꺼져라 OP06,네가 꺼져라(OP06,,,buy,구매,1,115,1150000,estimated,per_card,text,unknown,,active,needs_review,needs_review,"가격 단위 추정, 배송비 포함 여부 미확정",estimated,yes,candidate_estimated,네가 꺼져라(OP06-115) 장당 0.1 2장
a71039584acf7c7973ef8bca,onepiececardgame,원피스 카드게임,2026-08,2026-08-11T19:37:49+09:00,known,fa61528061dbe0f6211d8e4e,a71039584acf7c7973ef8bca,106765,https://m.dcinside.com/board/onepiececardgame/106765,청황 핸콕 소스 삽니다,seller-389031c8b87d4b72e1dba8bc,ㅇㅇ,guest,네가 꺼져라 OP06,네가 꺼져라 OP06,네가 꺼져라(OP06,,,buy,구매,1,115,1150000,estimated,per_card,text,unknown,,active,needs_review,needs_review,"가격 단위 추정, 배송비 포함 여부 미확정",estimated,yes,candidate_estimated,네가 꺼져라(OP06-115) 장당 0.1 2장
aae4cc8a8558682fcb4d6c87,onepiececardgame,원피스 카드게임,2026-08,2026-08-11T19:37:49+09:00,known,224165c75dc07c8abd57f887,aae4cc8a8558682fcb4d6c87,106765,https://m.dcinside.com/board/onepiececardgame/106765,청황 핸콕 소스 삽니다,seller-9b3f0986ea15b3cf36d4afe0,ㅇㅇ,guest,슬레이브 애로우 OP07,슬레이브 애로우 OP07,슬레이브 애로우(OP07,,,buy,구매,1,056,560000,estimated,per_card,text,unknown,,active,needs_review,needs_review,"가격 단위 추정, 배송비 포함 여부 미확정",estimated,yes,candidate_estimated,슬레이브 애로우(OP07-056) 장당 0.2 3장
c65b7553e53827aa3d8e0aa2,onepiececardgame,원피스 카드게임,2026-08,2026-08-11T19:37:49+09:00,known,6aaa80e1355b0f68a35af2dc,c65b7553e53827aa3d8e0aa2,106765,https://m.dcinside.com/board/onepiececardgame/106765,청황 핸콕 소스 삽니다,seller-d3bef6e1b8f4af3a6ca9a15c,ㅇㅇ,guest,네가 꺼져라 OP06,네가 꺼져라 OP06,네가 꺼져라(OP06,,,buy,구매,1,115,1150000,estimated,per_card,text,unknown,,active,needs_review,needs_review,"가격 단위 추정, 배송비 포함 여부 미확정",estimated,yes,candidate_estimated,네가 꺼져라(OP06-115) 장당 0.1 2장
cf3c6c72d439e2d6dcadce78,onepiececardgame,원피스 카드게임,2026-08,2026-08-11T19:37:49+09:00,known,6aaa80e1355b0f68a35af2dc,cf3c6c72d439e2d6dcadce78,106765,https://m.dcinside.com/board/onepiececardgame/106765,청황 핸콕 소스 삽니다,seller-d3bef6e1b8f4af3a6ca9a15c,ㅇㅇ,guest,퍼퓸 피머 OP07,퍼퓸 피머 OP07,퍼퓸 피머(OP07,,,buy,구매,1,057,570000,estimated,per_card,text,unknown,,active,needs_review,needs_review,"가격 단위 추정, 배송비 포함 여부 미확정",estimated,yes,candidate_estimated,퍼퓸 피머(OP07-057) 0.2 2장
ef479afd17903fbeb010c26a,onepiececardgame,원피스 카드게임,2026-08,2026-08-11T19:37:49+09:00,known,fa61528061dbe0f6211d8e4e,ef479afd17903fbeb010c26a,106765,https://m.dcinside.com/board/onepiececardgame/106765,청황 핸콕 소스 삽니다,seller-389031c8b87d4b72e1dba8bc,ㅇㅇ,guest,퍼퓸 피머 OP07,퍼퓸 피머 OP07,퍼퓸 피머(OP07,,,buy,구매,1,057,570000,estimated,per_card,text,unknown,,active,needs_review,needs_review,"가격 단위 추정, 배송비 포함 여부 미확정",estimated,yes,candidate_estimated,퍼퓸 피머(OP07-057) 0.2 2장
23aea3adb086b86e8263c6ab,onepiececardgame,원피스 카드게임,2026-08,2026-08-11T20:09:47+09:00,known,183fddb0f26e5fcf6487ca25,23aea3adb086b86e8263c6ab,106771,https://m.dcinside.com/board/onepiececardgame/106771,2024 스탠 프로모 팩 삽니다,seller-8ad10b55fa52911e796a44cf,원딱러,registered,스탠 프로모 팩,스탠 프로모 팩,2024 스탠 프로모 팩,,,buy,구매,10,,,missing,unknown,unknown,unknown,,active,needs_review,needs_review,희망가 미기재,missing,no,no,2024 스탠 프로모 팩 삽니다
53c20ae53165dec57fb8af6f,onepiececardgame,원피스 카드게임,2026-08,2026-08-11T20:09:47+09:00,known,0ac2b5807e212f0a1029b67e,53c20ae53165dec57fb8af6f,106771,https://m.dcinside.com/board/onepiececardgame/106771,2024 스탠 프로모 팩 삽니다,seller-8ad10b55fa52911e796a44cf,원딱러,registered,스탠 프로모 팩,스탠 프로모 팩,2024 스탠 프로모 팩,,,buy,구매,10,,,missing,unknown,unknown,unknown,,active,needs_review,needs_review,희망가 미기재,missing,no,no,2024 스탠 프로모 팩 삽니다
609d10e98d245729c414a85f,onepiececardgame,원피스 카드게임,2026-08,2026-08-11T20:09:47+09:00,known,6bb6f8dca5c5a5c834c92e5b,609d10e98d245729c414a85f,106771,https://m.dcinside.com/board/onepiececardgame/106771,2024 스탠 프로모 팩 삽니다,seller-8ad10b55fa52911e796a44cf,원딱러,registered,스탠 프로모 팩,스탠 프로모 팩,2024 스탠 프로모 팩,,,buy,구매,10,,,missing,unknown,unknown,unknown,,active,needs_review,needs_review,희망가 미기재,missing,no,no,2024 스탠 프로모 팩 삽니다
9240b0fa9b3d58608417b194,onepiececardgame,원피스 카드게임,2026-08,2026-08-11T20:09:47+09:00,known,fe71e7fdd63a7aa62fa19d08,9240b0fa9b3d58608417b194,106771,https://m.dcinside.com/board/onepiececardgame/106771,2024 스탠 프로모 팩 삽니다,seller-8ad10b55fa52911e796a44cf,원딱러,registered,스탠 프로모 팩,스탠 프로모 팩,2024 스탠 프로모 팩,,,buy,구매,10,,,missing,unknown,unknown,unknown,,active,needs_review,needs_review,희망가 미기재,missing,no,no,2024 스탠 프로모 팩 삽니다
ef96b69ccaf88138eb44f06b,onepiececardgame,원피스 카드게임,2026-08,2026-08-11T20:09:47+09:00,known,9114b3cc28c08b87d4be2ec4,ef96b69ccaf88138eb44f06b,106771,https://m.dcinside.com/board/onepiececardgame/106771,2024 스탠 프로모 팩 삽니다,seller-8ad10b55fa52911e796a44cf,원딱러,registered,스탠 프로모 팩,스탠 프로모 팩,2024 스탠 프로모 팩,,,buy,구매,10,,,missing,unknown,unknown,unknown,,active,needs_review,needs_review,희망가 미기재,missing,no,no,2024 스탠 프로모 팩 삽니다
1048cf4d1f228faf557a8560,onepiececardgame,원피스 카드게임,2026-08,2026-08-11T20:24:33+09:00,known,98ef8b5d16071749766e544e,1048cf4d1f228faf557a8560,106773,https://m.dcinside.com/board/onepiececardgame/106773,비비완덱 구합니다!,seller-9e9c4aac6c84820ccb09427e,꿀깅이,guest,완덱,완덱,완덱,,,buy,구매,1,8.5,85000,estimated,bundle,text,unknown,,active,needs_review,needs_review,"가격 단위 추정, 배송비 포함 여부 미확정, 묶음·세트 총액 · 개별 카드 가격 아님",estimated,no,no,완덱 8.5에 구해요!
2b4ada5c91c26c8785a71aa6,onepiececardgame,원피스 카드게임,2026-08,2026-08-11T20:24:33+09:00,known,7fa14ab0d2de1891e197ed1e,2b4ada5c91c26c8785a71aa6,106773,https://m.dcinside.com/board/onepiececardgame/106773,비비완덱 구합니다!,seller-3757b76519c873dba36fb427,꿀깅이,guest,완덱,완덱,완덱,,,buy,구매,1,8.5,85000,estimated,bundle,text,unknown,,active,needs_review,needs_review,"가격 단위 추정, 배송비 포함 여부 미확정, 묶음·세트 총액 · 개별 카드 가격 아님",estimated,no,no,완덱 8.5에 구해요!
4bbd90d470349aa4baeaf2c0,onepiececardgame,원피스 카드게임,2026-08,2026-08-11T20:24:33+09:00,known,586371ac70e6d01adf7f9e07,4bbd90d470349aa4baeaf2c0,106773,https://m.dcinside.com/board/onepiececardgame/106773,비비완덱 구합니다!,seller-fd7b031588308fb7295f43f4,꿀깅이,guest,완덱,완덱,완덱,,,buy,구매,1,8.5,85000,estimated,bundle,text,unknown,,active,needs_review,needs_review,"가격 단위 추정, 배송비 포함 여부 미확정, 묶음·세트 총액 · 개별 카드 가격 아님",estimated,no,no,완덱 8.5에 구해요!
95bab8ff6444e1cf3728037c,onepiececardgame,원피스 카드게임,2026-08,2026-08-11T20:24:33+09:00,known,76d5835725dde45d417869ad,95bab8ff6444e1cf3728037c,106773,https://m.dcinside.com/board/onepiececardgame/106773,비비완덱 구합니다!,seller-c0ee7037283688d998617ab3,꿀깅이,guest,완덱,완덱,완덱,,,buy,구매,1,8.5,85000,estimated,bundle,text,unknown,,active,needs_review,needs_review,"가격 단위 추정, 배송비 포함 여부 미확정, 묶음·세트 총액 · 개별 카드 가격 아님",estimated,no,no,완덱 8.5에 구해요!
986235982d9a1060437d9cf8,onepiececardgame,원피스 카드게임,2026-08,2026-08-11T20:24:33+09:00,known,fe1551ca13e4d61233e2243d,986235982d9a1060437d9cf8,106773,https://m.dcinside.com/board/onepiececardgame/106773,비비완덱 구합니다!,seller-a80a8174b8f59210816dc457,꿀깅이,guest,완덱,완덱,완덱,,,buy,구매,1,8.5,85000,estimated,bundle,text,unknown,,active,needs_review,needs_review,"가격 단위 추정, 배송비 포함 여부 미확정, 묶음·세트 총액 · 개별 카드 가격 아님",estimated,no,no,완덱 8.5에 구해요!
009038722a2989e73a1f4060,onepiececardgame,원피스 카드게임,2026-08,2026-08-11T20:42:21+09:00,known,8323d2f55abc3d62dea92ff0,009038722a2989e73a1f4060,106774,https://m.dcinside.com/board/onepiececardgame/106774,레베카sp 외 삽니다,seller-49e118139619dbe5471a6b91,게우밥,guest,DOM 삽입 헬퍼 현재 스크립트 위치 기준,DOM 삽입 헬퍼 현재 스크립트 위치 기준,// ---- DOM 삽입 헬퍼 (현재 스크립트 위치 기준,,,buy,구매,1,1,10000,estimated,bundle,text,unknown,,active,needs_review,needs_review,"가격 단위 추정, 복수 카드 가격, 배송비 포함 여부 미확정, 묶음·세트 총액 · 개별 카드 가격 아님",estimated,no,no,// ---- DOM 삽입 헬퍼 (현재 스크립트 위치 기준1)
00b73bd78444117fbb56a24e,onepiececardgame,원피스 카드게임,2026-08,2026-08-11T20:42:21+09:00,known,56070f36e8bdbb8241c2fde1,00b73bd78444117fbb56a24e,106774,https://m.dcinside.com/board/onepiececardgame/106774,레베카sp 외 삽니다,seller-fbaadab12af6204d65574970,게우밥,guest,eb02비비 페레,eb02비비 페레,eb02비비 페레 장당,,,buy,구매,1,0.7,7000,estimated,per_card,text,unknown,,active,needs_review,needs_review,"가격 단위 추정, 배송비 포함 여부 미확정",estimated,yes,candidate_estimated,eb02비비 페레 장당 0.7에 1장
040893be6c60f09821c14624,onepiececardgame,원피스 카드게임,2026-08,2026-08-11T20:42:21+09:00,known,a3624517f3af56bb3e9a3460,040893be6c60f09821c14624,106774,https://m.dcinside.com/board/onepiececardgame/106774,레베카sp 외 삽니다,seller-7b2a9578e85a166227602d3f,게우밥,guest,플랑페 페레,플랑페 페레,플랑페 페레 장당,,,buy,구매,1,2.0,20000,estimated,per_card,text,unknown,,active,needs_review,needs_review,"가격 단위 추정, 배송비 포함 여부 미확정",estimated,yes,candidate_estimated,플랑페 페레 장당 2.0에 1장
0da629697a6364d54f198562,onepiececardgame,원피스 카드게임,2026-08,2026-08-11T20:42:21+09:00,known,62bf1c7c8a34ee771e538b1c,0da629697a6364d54f198562,106774,https://m.dcinside.com/board/onepiececardgame/106774,레베카sp 외 삽니다,seller-acf81a3321e1e4d5e9fc8a13,게우밥,guest,DOM 삽입 헬퍼 현재 스크립트 위치 기준,DOM 삽입 헬퍼 현재 스크립트 위치 기준,// ---- DOM 삽입 헬퍼 (현재 스크립트 위치 기준,,,buy,구매,1,1,10000,estimated,bundle,text,unknown,,active,needs_review,needs_review,"가격 단위 추정, 복수 카드 가격, 배송비 포함 여부 미확정, 묶음·세트 총액 · 개별 카드 가격 아님",estimated,no,no,// ---- DOM 삽입 헬퍼 (현재 스크립트 위치 기준1)
155b4056ff8100bc818ce8c6,onepiececardgame,원피스 카드게임,2026-08,2026-08-11T20:42:21+09:00,known,8323d2f55abc3d62dea92ff0,155b4056ff8100bc818ce8c6,106774,https://m.dcinside.com/board/onepiececardgame/106774,레베카sp 외 삽니다,seller-49e118139619dbe5471a6b91,게우밥,guest,레베카sp,레베카sp,레베카sp 장당,,,buy,구매,1,4.5,45000,estimated,per_card,text,unknown,,active,needs_review,needs_review,"가격 단위 추정, 배송비 포함 여부 미확정",estimated,yes,candidate_estimated,레베카sp 장당 4.5에 2장
157d27db15c80768fa93f26b,onepiececardgame,원피스 카드게임,2026-08,2026-08-11T20:42:21+09:00,known,8323d2f55abc3d62dea92ff0,157d27db15c80768fa93f26b,106774,https://m.dcinside.com/board/onepiececardgame/106774,레베카sp 외 삽니다,seller-49e118139619dbe5471a6b91,게우밥,guest,플랑페 페레,플랑페 페레,플랑페 페레 장당,,,buy,구매,1,2.0,20000,estimated,per_card,text,unknown,,active,needs_review,needs_review,"가격 단위 추정, 배송비 포함 여부 미확정",estimated,yes,candidate_estimated,플랑페 페레 장당 2.0에 1장
1aa0531bd28ced53505bc01c,onepiececardgame,원피스 카드게임,2026-08,2026-08-11T20:42:21+09:00,known,a3624517f3af56bb3e9a3460,1aa0531bd28ced53505bc01c,106774,https://m.dcinside.com/board/onepiececardgame/106774,레베카sp 외 삽니다,seller-7b2a9578e85a166227602d3f,게우밥,guest,레베카sp,레베카sp,레베카sp 장당,,,buy,구매,1,4.5,45000,estimated,per_card,text,unknown,,active,needs_review,needs_review,"가격 단위 추정, 배송비 포함 여부 미확정",estimated,yes,candidate_estimated,레베카sp 장당 4.5에 2장
1de4024f97527fb4d198577d,onepiececardgame,원피스 카드게임,2026-08,2026-08-11T20:42:21+09:00,known,56070f36e8bdbb8241c2fde1,1de4024f97527fb4d198577d,106774,https://m.dcinside.com/board/onepiececardgame/106774,레베카sp 외 삽니다,seller-fbaadab12af6204d65574970,게우밥,guest,플랑페 페레,플랑페 페레,플랑페 페레 장당,,,buy,구매,1,2.0,20000,estimated,per_card,text,unknown,,active,needs_review,needs_review,"가격 단위 추정, 배송비 포함 여부 미확정",estimated,yes,candidate_estimated,플랑페 페레 장당 2.0에 1장
2492757829f975fe51eafa9e,onepiececardgame,원피스 카드게임,2026-08,2026-08-11T20:42:21+09:00,known,8323d2f55abc3d62dea92ff0,2492757829f975fe51eafa9e,106774,https://m.dcinside.com/board/onepiececardgame/106774,레베카sp 외 삽니다,seller-49e118139619dbe5471a6b91,게우밥,guest,var safe = window.dcAd && window.dcAd.safe ==,var safe = window.dcAd && window.dcAd.safe ==,var safe = (window.dcAd && window.dcAd.safe ==,,,buy,구매,1,1,10000,estimated,bundle,text,unknown,,active,needs_review,needs_review,"가격 단위 추정, 복수 카드 가격, 배송비 포함 여부 미확정, 묶음·세트 총액 · 개별 카드 가격 아님",estimated,no,no,var safe = (window.dcAd && window.dcAd.safe == 1)
251ae70719f8393b2219ee1d,onepiececardgame,원피스 카드게임,2026-08,2026-08-11T20:42:21+09:00,known,56070f36e8bdbb8241c2fde1,251ae70719f8393b2219ee1d,106774,https://m.dcinside.com/board/onepiececardgame/106774,레베카sp 외 삽니다,seller-fbaadab12af6204d65574970,게우밥,guest,DOM 삽입 헬퍼 현재 스크립트 위치 기준,DOM 삽입 헬퍼 현재 스크립트 위치 기준,// ---- DOM 삽입 헬퍼 (현재 스크립트 위치 기준,,,buy,구매,1,1,10000,estimated,bundle,text,unknown,,active,needs_review,needs_review,"가격 단위 추정, 복수 카드 가격, 배송비 포함 여부 미확정, 묶음·세트 총액 · 개별 카드 가격 아님",estimated,no,no,// ---- DOM 삽입 헬퍼 (현재 스크립트 위치 기준1)
26c541d437df13ccc2300956,onepiececardgame,원피스 카드게임,2026-08,2026-08-11T20:42:21+09:00,known,62bf1c7c8a34ee771e538b1c,26c541d437df13ccc2300956,106774,https://m.dcinside.com/board/onepiececardgame/106774,레베카sp 외 삽니다,seller-acf81a3321e1e4d5e9fc8a13,게우밥,guest,var safe = window.dcAd && window.dcAd.safe ==,var safe = window.dcAd && window.dcAd.safe ==,var safe = (window.dcAd && window.dcAd.safe ==,,,buy,구매,1,1,10000,estimated,bundle,text,unknown,,active,needs_review,needs_review,"가격 단위 추정, 복수 카드 가격, 배송비 포함 여부 미확정, 묶음·세트 총액 · 개별 카드 가격 아님",estimated,no,no,var safe = (window.dcAd && window.dcAd.safe == 1)
37ec62514a61ba6a74e6d0b2,onepiececardgame,원피스 카드게임,2026-08,2026-08-11T20:42:21+09:00,known,a3624517f3af56bb3e9a3460,37ec62514a61ba6a74e6d0b2,106774,https://m.dcinside.com/board/onepiececardgame/106774,레베카sp 외 삽니다,seller-7b2a9578e85a166227602d3f,게우밥,guest,loadScript 'https pagead,loadScript 'https pagead,loadScript('https://pagead,,,buy,구매,1,2,20000,estimated,bundle,text,unknown,,active,needs_review,needs_review,"가격 단위 추정, 복수 카드 가격, 배송비 포함 여부 미확정, 묶음·세트 총액 · 개별 카드 가격 아님",estimated,no,no,"loadScript('https://pagead2.googlesyndication.com/pagead/js/adsbygoogle_direct.js?client=ca-pub-8171468792791627', true, 'anonymous');"
3c838444db0ec2691972632e,onepiececardgame,원피스 카드게임,2026-08,2026-08-11T20:42:21+09:00,known,d3cb3a1970e5e3293bd77e26,3c838444db0ec2691972632e,106774,https://m.dcinside.com/board/onepiececardgame/106774,레베카sp 외 삽니다,seller-1ec55ea6e31c7ed466fad2d9,게우밥,guest,레베카sp,레베카sp,레베카sp 장당,,,buy,구매,1,4.5,45000,estimated,per_card,text,unknown,,active,needs_review,needs_review,"가격 단위 추정, 배송비 포함 여부 미확정",estimated,yes,candidate_estimated,레베카sp 장당 4.5에 2장
48738d5eb4816153ed9237db,onepiececardgame,원피스 카드게임,2026-08,2026-08-11T20:42:21+09:00,known,62bf1c7c8a34ee771e538b1c,48738d5eb4816153ed9237db,106774,https://m.dcinside.com/board/onepiececardgame/106774,레베카sp 외 삽니다,seller-acf81a3321e1e4d5e9fc8a13,게우밥,guest,loadScript ' t,loadScript ' t,loadScript('//t,,,buy,구매,1,1,10000,estimated,bundle,text,unknown,,active,needs_review,needs_review,"가격 단위 추정, 복수 카드 가격, 배송비 포함 여부 미확정, 묶음·세트 총액 · 개별 카드 가격 아님",estimated,no,no,"loadScript('//t1.kakaocdn.net/kas/static/ba.min.js', true);"
49201f63e36f6bd4177cde71,onepiececardgame,원피스 카드게임,2026-08,2026-08-11T20:42:21+09:00,known,56070f36e8bdbb8241c2fde1,49201f63e36f6bd4177cde71,106774,https://m.dcinside.com/board/onepiececardgame/106774,레베카sp 외 삽니다,seller-fbaadab12af6204d65574970,게우밥,guest,loadScript 'https pagead,loadScript 'https pagead,loadScript('https://pagead,,,buy,구매,1,2,20000,estimated,bundle,text,unknown,,active,needs_review,needs_review,"가격 단위 추정, 복수 카드 가격, 배송비 포함 여부 미확정, 묶음·세트 총액 · 개별 카드 가격 아님",estimated,no,no,"loadScript('https://pagead2.googlesyndication.com/pagead/js/adsbygoogle_direct.js?client=ca-pub-8171468792791627', true, 'anonymous');"
4ea5709e9e0e646df229085e,onepiececardgame,원피스 카드게임,2026-08,2026-08-11T20:42:21+09:00,known,62bf1c7c8a34ee771e538b1c,4ea5709e9e0e646df229085e,106774,https://m.dcinside.com/board/onepiececardgame/106774,레베카sp 외 삽니다,seller-acf81a3321e1e4d5e9fc8a13,게우밥,guest,eb02비비 페레,eb02비비 페레,eb02비비 페레 장당,,,buy,구매,1,0.7,7000,estimated,per_card,text,unknown,,active,needs_review,needs_review,"가격 단위 추정, 배송비 포함 여부 미확정",estimated,yes,candidate_estimated,eb02비비 페레 장당 0.7에 1장
4f3cbd8d143d76c60768ab4f,onepiececardgame,원피스 카드게임,2026-08,2026-08-11T20:42:21+09:00,known,a3624517f3af56bb3e9a3460,4f3cbd8d143d76c60768ab4f,106774,https://m.dcinside.com/board/onepiececardgame/106774,레베카sp 외 삽니다,seller-7b2a9578e85a166227602d3f,게우밥,guest,eb02비비 페레,eb02비비 페레,eb02비비 페레 장당,,,buy,구매,1,0.7,7000,estimated,per_card,text,unknown,,active,needs_review,needs_review,"가격 단위 추정, 배송비 포함 여부 미확정",estimated,yes,candidate_estimated,eb02비비 페레 장당 0.7에 1장
4f52eb57035cd06a8d1ef614,onepiececardgame,원피스 카드게임,2026-08,2026-08-11T20:42:21+09:00,known,d3cb3a1970e5e3293bd77e26,4f52eb57035cd06a8d1ef614,106774,https://m.dcinside.com/board/onepiececardgame/106774,레베카sp 외 삽니다,seller-1ec55ea6e31c7ed466fad2d9,게우밥,guest,var safe = window.dcAd && window.dcAd.safe ==,var safe = window.dcAd && window.dcAd.safe ==,var safe = (window.dcAd && window.dcAd.safe ==,,,buy,구매,1,1,10000,estimated,bundle,text,unknown,,active,needs_review,needs_review,"가격 단위 추정, 복수 카드 가격, 배송비 포함 여부 미확정, 묶음·세트 총액 · 개별 카드 가격 아님",estimated,no,no,var safe = (window.dcAd && window.dcAd.safe == 1)
5edafc8874747144fac07a35,onepiececardgame,원피스 카드게임,2026-08,2026-08-11T20:42:21+09:00,known,a3624517f3af56bb3e9a3460,5edafc8874747144fac07a35,106774,https://m.dcinside.com/board/onepiececardgame/106774,레베카sp 외 삽니다,seller-7b2a9578e85a166227602d3f,게우밥,guest,loadScript ' t,loadScript ' t,loadScript('//t,,,buy,구매,1,1,10000,estimated,bundle,text,unknown,,active,needs_review,needs_review,"가격 단위 추정, 복수 카드 가격, 배송비 포함 여부 미확정, 묶음·세트 총액 · 개별 카드 가격 아님",estimated,no,no,"loadScript('//t1.kakaocdn.net/kas/static/ba.min.js', true);"
7b837ec6702b5df5812a1390,onepiececardgame,원피스 카드게임,2026-08,2026-08-11T20:42:21+09:00,known,8323d2f55abc3d62dea92ff0,7b837ec6702b5df5812a1390,106774,https://m.dcinside.com/board/onepiececardgame/106774,레베카sp 외 삽니다,seller-49e118139619dbe5471a6b91,게우밥,guest,loadScript ' t,loadScript ' t,loadScript('//t,,,buy,구매,1,1,10000,estimated,bundle,text,unknown,,active,needs_review,needs_review,"가격 단위 추정, 복수 카드 가격, 배송비 포함 여부 미확정, 묶음·세트 총액 · 개별 카드 가격 아님",estimated,no,no,"loadScript('//t1.kakaocdn.net/kas/static/ba.min.js', true);"
811b4bcb47de5e4f55c11d70,onepiececardgame,원피스 카드게임,2026-08,2026-08-11T20:42:21+09:00,known,a3624517f3af56bb3e9a3460,811b4bcb47de5e4f55c11d70,106774,https://m.dcinside.com/board/onepiececardgame/106774,레베카sp 외 삽니다,seller-7b2a9578e85a166227602d3f,게우밥,guest,DOM 삽입 헬퍼 현재 스크립트 위치 기준,DOM 삽입 헬퍼 현재 스크립트 위치 기준,// ---- DOM 삽입 헬퍼 (현재 스크립트 위치 기준,,,buy,구매,1,1,10000,estimated,bundle,text,unknown,,active,needs_review,needs_review,"가격 단위 추정, 복수 카드 가격, 배송비 포함 여부 미확정, 묶음·세트 총액 · 개별 카드 가격 아님",estimated,no,no,// ---- DOM 삽입 헬퍼 (현재 스크립트 위치 기준1)
81a8152db2db6f34dc1dec84,onepiececardgame,원피스 카드게임,2026-08,2026-08-11T20:42:21+09:00,known,62bf1c7c8a34ee771e538b1c,81a8152db2db6f34dc1dec84,106774,https://m.dcinside.com/board/onepiececardgame/106774,레베카sp 외 삽니다,seller-acf81a3321e1e4d5e9fc8a13,게우밥,guest,레베카sp,레베카sp,레베카sp 장당,,,buy,구매,1,4.5,45000,estimated,per_card,text,unknown,,active,needs_review,needs_review,"가격 단위 추정, 배송비 포함 여부 미확정",estimated,yes,candidate_estimated,레베카sp 장당 4.5에 2장
890a1a6ea627802f02866351,onepiececardgame,원피스 카드게임,2026-08,2026-08-11T20:42:21+09:00,known,62bf1c7c8a34ee771e538b1c,890a1a6ea627802f02866351,106774,https://m.dcinside.com/board/onepiececardgame/106774,레베카sp 외 삽니다,seller-acf81a3321e1e4d5e9fc8a13,게우밥,guest,플랑페 페레,플랑페 페레,플랑페 페레 장당,,,buy,구매,1,2.0,20000,estimated,per_card,text,unknown,,active,needs_review,needs_review,"가격 단위 추정, 배송비 포함 여부 미확정",estimated,yes,candidate_estimated,플랑페 페레 장당 2.0에 1장
8c9490059ff3b3900a16ea31,onepiececardgame,원피스 카드게임,2026-08,2026-08-11T20:42:21+09:00,known,d3cb3a1970e5e3293bd77e26,8c9490059ff3b3900a16ea31,106774,https://m.dcinside.com/board/onepiececardgame/106774,레베카sp 외 삽니다,seller-1ec55ea6e31c7ed466fad2d9,게우밥,guest,플랑페 페레,플랑페 페레,플랑페 페레 장당,,,buy,구매,1,2.0,20000,estimated,per_card,text,unknown,,active,needs_review,needs_review,"가격 단위 추정, 배송비 포함 여부 미확정",estimated,yes,candidate_estimated,플랑페 페레 장당 2.0에 1장
8dc1e38fd5b420bb9ae4ab05,onepiececardgame,원피스 카드게임,2026-08,2026-08-11T20:42:21+09:00,known,8323d2f55abc3d62dea92ff0,8dc1e38fd5b420bb9ae4ab05,106774,https://m.dcinside.com/board/onepiececardgame/106774,레베카sp 외 삽니다,seller-49e118139619dbe5471a6b91,게우밥,guest,loadScript 'https pagead,loadScript 'https pagead,loadScript('https://pagead,,,buy,구매,1,2,20000,estimated,bundle,text,unknown,,active,needs_review,needs_review,"가격 단위 추정, 복수 카드 가격, 배송비 포함 여부 미확정, 묶음·세트 총액 · 개별 카드 가격 아님",estimated,no,no,"loadScript('https://pagead2.googlesyndication.com/pagead/js/adsbygoogle_direct.js?client=ca-pub-8171468792791627', true, 'anonymous');"
9085d1cca6a7b63bf5c6cd62,onepiececardgame,원피스 카드게임,2026-08,2026-08-11T20:42:21+09:00,known,d3cb3a1970e5e3293bd77e26,9085d1cca6a7b63bf5c6cd62,106774,https://m.dcinside.com/board/onepiececardgame/106774,레베카sp 외 삽니다,seller-1ec55ea6e31c7ed466fad2d9,게우밥,guest,loadScript ' t,loadScript ' t,loadScript('//t,,,buy,구매,1,1,10000,estimated,bundle,text,unknown,,active,needs_review,needs_review,"가격 단위 추정, 복수 카드 가격, 배송비 포함 여부 미확정, 묶음·세트 총액 · 개별 카드 가격 아님",estimated,no,no,"loadScript('//t1.kakaocdn.net/kas/static/ba.min.js', true);"
a80379732d5836797fece124,onepiececardgame,원피스 카드게임,2026-08,2026-08-11T20:42:21+09:00,known,d3cb3a1970e5e3293bd77e26,a80379732d5836797fece124,106774,https://m.dcinside.com/board/onepiececardgame/106774,레베카sp 외 삽니다,seller-1ec55ea6e31c7ed466fad2d9,게우밥,guest,loadScript 'https pagead,loadScript 'https pagead,loadScript('https://pagead,,,buy,구매,1,2,20000,estimated,bundle,text,unknown,,active,needs_review,needs_review,"가격 단위 추정, 복수 카드 가격, 배송비 포함 여부 미확정, 묶음·세트 총액 · 개별 카드 가격 아님",estimated,no,no,"loadScript('https://pagead2.googlesyndication.com/pagead/js/adsbygoogle_direct.js?client=ca-pub-8171468792791627', true, 'anonymous');"
a9053ada18a38345565853a0,onepiececardgame,원피스 카드게임,2026-08,2026-08-11T20:42:21+09:00,known,62bf1c7c8a34ee771e538b1c,a9053ada18a38345565853a0,106774,https://m.dcinside.com/board/onepiececardgame/106774,레베카sp 외 삽니다,seller-acf81a3321e1e4d5e9fc8a13,게우밥,guest,loadScript 'https pagead,loadScript 'https pagead,loadScript('https://pagead,,,buy,구매,1,2,20000,estimated,bundle,text,unknown,,active,needs_review,needs_review,"가격 단위 추정, 복수 카드 가격, 배송비 포함 여부 미확정, 묶음·세트 총액 · 개별 카드 가격 아님",estimated,no,no,"loadScript('https://pagead2.googlesyndication.com/pagead/js/adsbygoogle_direct.js?client=ca-pub-8171468792791627', true, 'anonymous');"
a91cf36b1f27e672b688775b,onepiececardgame,원피스 카드게임,2026-08,2026-08-11T20:42:21+09:00,known,d3cb3a1970e5e3293bd77e26,a91cf36b1f27e672b688775b,106774,https://m.dcinside.com/board/onepiececardgame/106774,레베카sp 외 삽니다,seller-1ec55ea6e31c7ed466fad2d9,게우밥,guest,DOM 삽입 헬퍼 현재 스크립트 위치 기준,DOM 삽입 헬퍼 현재 스크립트 위치 기준,// ---- DOM 삽입 헬퍼 (현재 스크립트 위치 기준,,,buy,구매,1,1,10000,estimated,bundle,text,unknown,,active,needs_review,needs_review,"가격 단위 추정, 복수 카드 가격, 배송비 포함 여부 미확정, 묶음·세트 총액 · 개별 카드 가격 아님",estimated,no,no,// ---- DOM 삽입 헬퍼 (현재 스크립트 위치 기준1)
b72a0ca3277e4646184891b4,onepiececardgame,원피스 카드게임,2026-08,2026-08-11T20:42:21+09:00,known,d3cb3a1970e5e3293bd77e26,b72a0ca3277e4646184891b4,106774,https://m.dcinside.com/board/onepiececardgame/106774,레베카sp 외 삽니다,seller-1ec55ea6e31c7ed466fad2d9,게우밥,guest,eb02비비 페레,eb02비비 페레,eb02비비 페레 장당,,,buy,구매,1,0.7,7000,estimated,per_card,text,unknown,,active,needs_review,needs_review,"가격 단위 추정, 배송비 포함 여부 미확정",estimated,yes,candidate_estimated,eb02비비 페레 장당 0.7에 1장
c41e1a1aaf517b8037b6db9a,onepiececardgame,원피스 카드게임,2026-08,2026-08-11T20:42:21+09:00,known,56070f36e8bdbb8241c2fde1,c41e1a1aaf517b8037b6db9a,106774,https://m.dcinside.com/board/onepiececardgame/106774,레베카sp 외 삽니다,seller-fbaadab12af6204d65574970,게우밥,guest,레베카sp,레베카sp,레베카sp 장당,,,buy,구매,1,4.5,45000,estimated,per_card,text,unknown,,active,needs_review,needs_review,"가격 단위 추정, 배송비 포함 여부 미확정",estimated,yes,candidate_estimated,레베카sp 장당 4.5에 2장
c85ffb669faaa032526b36bf,onepiececardgame,원피스 카드게임,2026-08,2026-08-11T20:42:21+09:00,known,56070f36e8bdbb8241c2fde1,c85ffb669faaa032526b36bf,106774,https://m.dcinside.com/board/onepiececardgame/106774,레베카sp 외 삽니다,seller-fbaadab12af6204d65574970,게우밥,guest,var safe = window.dcAd && window.dcAd.safe ==,var safe = window.dcAd && window.dcAd.safe ==,var safe = (window.dcAd && window.dcAd.safe ==,,,buy,구매,1,1,10000,estimated,bundle,text,unknown,,active,needs_review,needs_review,"가격 단위 추정, 복수 카드 가격, 배송비 포함 여부 미확정, 묶음·세트 총액 · 개별 카드 가격 아님",estimated,no,no,var safe = (window.dcAd && window.dcAd.safe == 1)
d9cd8d64e095acf2676cf513,onepiececardgame,원피스 카드게임,2026-08,2026-08-11T20:42:21+09:00,known,8323d2f55abc3d62dea92ff0,d9cd8d64e095acf2676cf513,106774,https://m.dcinside.com/board/onepiececardgame/106774,레베카sp 외 삽니다,seller-49e118139619dbe5471a6b91,게우밥,guest,eb02비비 페레,eb02비비 페레,eb02비비 페레 장당,,,buy,구매,1,0.7,7000,estimated,per_card,text,unknown,,active,needs_review,needs_review,"가격 단위 추정, 배송비 포함 여부 미확정",estimated,yes,candidate_estimated,eb02비비 페레 장당 0.7에 1장
e2031c9ca14517d74248d8ea,onepiececardgame,원피스 카드게임,2026-08,2026-08-11T20:42:21+09:00,known,56070f36e8bdbb8241c2fde1,e2031c9ca14517d74248d8ea,106774,https://m.dcinside.com/board/onepiececardgame/106774,레베카sp 외 삽니다,seller-fbaadab12af6204d65574970,게우밥,guest,loadScript ' t,loadScript ' t,loadScript('//t,,,buy,구매,1,1,10000,estimated,bundle,text,unknown,,active,needs_review,needs_review,"가격 단위 추정, 복수 카드 가격, 배송비 포함 여부 미확정, 묶음·세트 총액 · 개별 카드 가격 아님",estimated,no,no,"loadScript('//t1.kakaocdn.net/kas/static/ba.min.js', true);"
f9c310e288b23e0590d567de,onepiececardgame,원피스 카드게임,2026-08,2026-08-11T20:42:21+09:00,known,a3624517f3af56bb3e9a3460,f9c310e288b23e0590d567de,106774,https://m.dcinside.com/board/onepiececardgame/106774,레베카sp 외 삽니다,seller-7b2a9578e85a166227602d3f,게우밥,guest,var safe = window.dcAd && window.dcAd.safe ==,var safe = window.dcAd && window.dcAd.safe ==,var safe = (window.dcAd && window.dcAd.safe ==,,,buy,구매,1,1,10000,estimated,bundle,text,unknown,,active,needs_review,needs_review,"가격 단위 추정, 복수 카드 가격, 배송비 포함 여부 미확정, 묶음·세트 총액 · 개별 카드 가격 아님",estimated,no,no,var safe = (window.dcAd && window.dcAd.safe == 1)
6694d81588ce322f8b5784be,onepiececardgame,원피스 카드게임,2026-08,2026-08-11T21:49:16+09:00,known,273673706a443e2d3319fd3b,6694d81588ce322f8b5784be,106799,https://m.dcinside.com/board/onepiececardgame/106799,뉴비 게임하고싶어요 ㅠ 내일 카드숲 노지코 구합니다,seller-8ad10b55fa52911e796a44cf,원딱러,registered,Op03,Op03,Op03,,,buy,구매,1,048,480000,estimated,per_card,text,unknown,,active,needs_review,needs_review,"가격 단위 추정, 배송비 포함 여부 미확정",estimated,yes,candidate_estimated,Op03-048
70767b304b5e05bc43d5e86d,onepiececardgame,원피스 카드게임,2026-08,2026-08-11T21:49:16+09:00,known,4d4e4f467a00d5572aae8e1f,70767b304b5e05bc43d5e86d,106799,https://m.dcinside.com/board/onepiececardgame/106799,뉴비 게임하고싶어요 ㅠ 내일 카드숲 노지코 구합니다,seller-8ad10b55fa52911e796a44cf,원딱러,registered,Op03,Op03,Op03,,,buy,구매,1,048,480000,estimated,per_card,text,unknown,,active,needs_review,needs_review,"가격 단위 추정, 배송비 포함 여부 미확정",estimated,yes,candidate_estimated,Op03-048
7134923e7f1390b3536f3aab,onepiececardgame,원피스 카드게임,2026-08,2026-08-11T21:49:16+09:00,known,1b4af289ab74b799befe9dac,7134923e7f1390b3536f3aab,106799,https://m.dcinside.com/board/onepiececardgame/106799,뉴비 게임하고싶어요 ㅠ 내일 카드숲 노지코 구합니다,seller-8ad10b55fa52911e796a44cf,원딱러,registered,Op03,Op03,Op03,,,buy,구매,1,048,480000,estimated,per_card,text,unknown,,active,needs_review,needs_review,"가격 단위 추정, 배송비 포함 여부 미확정",estimated,yes,candidate_estimated,Op03-048
87bdde21133b7c9dbcd00d95,onepiececardgame,원피스 카드게임,2026-08,2026-08-11T21:49:16+09:00,known,a2a92b3c55425c75cd69ce9b,87bdde21133b7c9dbcd00d95,106799,https://m.dcinside.com/board/onepiececardgame/106799,뉴비 게임하고싶어요 ㅠ 내일 카드숲 노지코 구합니다,seller-8ad10b55fa52911e796a44cf,원딱러,registered,Op03,Op03,Op03,,,buy,구매,1,048,480000,estimated,per_card,text,unknown,,active,needs_review,needs_review,"가격 단위 추정, 배송비 포함 여부 미확정",estimated,yes,candidate_estimated,Op03-048
dfe64c86ba39ee751bd99b08,onepiececardgame,원피스 카드게임,2026-08,2026-08-11T21:49:16+09:00,known,4be8585a5ee63253eccc8f8b,dfe64c86ba39ee751bd99b08,106799,https://m.dcinside.com/board/onepiececardgame/106799,뉴비 게임하고싶어요 ㅠ 내일 카드숲 노지코 구합니다,seller-8ad10b55fa52911e796a44cf,원딱러,registered,Op03,Op03,Op03,,,buy,구매,1,048,480000,estimated,per_card,text,unknown,,active,needs_review,needs_review,"가격 단위 추정, 배송비 포함 여부 미확정",estimated,yes,candidate_estimated,Op03-048
22d8fc8a4b5d041170975766,onepiececardgame,원피스 카드게임,2026-08,2026-08-11T23:36:35+09:00,known,1261b324a7660342bc584133,22d8fc8a4b5d041170975766,106823,https://m.dcinside.com/board/onepiececardgame/106823,13탄 레일리 페레 1장구매합니다,seller-f6c31f83e2e56982f2b92d25,915,guest,13탄 레일리 페레,13탄 레일리 페레,13탄 레일리 페레 1장,,,buy,구매,1,,,missing,unknown,unknown,unknown,,active,needs_review,needs_review,희망가 미기재,missing,no,no,13탄 레일리 페레 1장구매합니다
68b44fd7a4d8b2490002bd9f,onepiececardgame,원피스 카드게임,2026-08,2026-08-11T23:36:35+09:00,known,d89c454f532979483b0bbe52,68b44fd7a4d8b2490002bd9f,106823,https://m.dcinside.com/board/onepiececardgame/106823,13탄 레일리 페레 1장구매합니다,seller-a0049cc1f65ff01b1c79c2a7,915,guest,13탄 레일리 페레,13탄 레일리 페레,13탄 레일리 페레 1장,,,buy,구매,1,,,missing,unknown,unknown,unknown,,active,needs_review,needs_review,희망가 미기재,missing,no,no,13탄 레일리 페레 1장구매합니다
75eab841d92106a0e56b8add,onepiececardgame,원피스 카드게임,2026-08,2026-08-11T23:36:35+09:00,known,e8dd85feb27b84edefb77784,75eab841d92106a0e56b8add,106823,https://m.dcinside.com/board/onepiececardgame/106823,13탄 레일리 페레 1장구매합니다,seller-2ad577bc91c853c7c95da37f,915,guest,13탄 레일리 페레,13탄 레일리 페레,13탄 레일리 페레 1장,,,buy,구매,1,,,missing,unknown,unknown,unknown,,active,needs_review,needs_review,희망가 미기재,missing,no,no,13탄 레일리 페레 1장구매합니다
d1fa9bdcc7b4baf8f95acbf2,onepiececardgame,원피스 카드게임,2026-08,2026-08-11T23:36:35+09:00,known,a009c1e57612c20950ee840e,d1fa9bdcc7b4baf8f95acbf2,106823,https://m.dcinside.com/board/onepiececardgame/106823,13탄 레일리 페레 1장구매합니다,seller-93187ae416b9256edb5398bf,915,guest,13탄 레일리 페레,13탄 레일리 페레,13탄 레일리 페레 1장,,,buy,구매,1,,,missing,unknown,unknown,unknown,,active,needs_review,needs_review,희망가 미기재,missing,no,no,13탄 레일리 페레 1장구매합니다
e7bd9f6e0c6f3102d6c1fd91,onepiececardgame,원피스 카드게임,2026-08,2026-08-11T23:36:35+09:00,known,46cd1ea9b8acd48956ec5f3c,e7bd9f6e0c6f3102d6c1fd91,106823,https://m.dcinside.com/board/onepiececardgame/106823,13탄 레일리 페레 1장구매합니다,seller-27163d050bcb3d5be2fe292f,915,guest,13탄 레일리 페레,13탄 레일리 페레,13탄 레일리 페레 1장,,,buy,구매,1,,,missing,unknown,unknown,unknown,,active,needs_review,needs_review,희망가 미기재,missing,no,no,13탄 레일리 페레 1장구매합니다
069e5c57be03fc25d851d963,onepiececardgame,원피스 카드게임,2026-08,2026-08-11T23:38:45+09:00,known,fe95527ec83171e923673755,069e5c57be03fc25d851d963,106824,https://m.dcinside.com/board/onepiececardgame/106824,OP12-063 레이주 sr 구매,seller-8ad10b55fa52911e796a44cf,원딱러,registered,OP12-063 레이주 sr,OP12-063 레이주 sr,OP12-063 레이주 sr,,,buy,구매,3,,,missing,unknown,unknown,unknown,,active,needs_review,needs_review,희망가 미기재,missing,no,no,OP12-063 레이주 sr 구매
2e32302c16b5ec2cf9909dd7,onepiececardgame,원피스 카드게임,2026-08,2026-08-11T23:38:45+09:00,known,0c9922c5d188d0bb8e62f968,2e32302c16b5ec2cf9909dd7,106824,https://m.dcinside.com/board/onepiececardgame/106824,OP12-063 레이주 sr 구매,seller-8ad10b55fa52911e796a44cf,원딱러,registered,OP12-063 레이주 sr,OP12-063 레이주 sr,OP12-063 레이주 sr,,,buy,구매,3,,,missing,unknown,unknown,unknown,,active,needs_review,needs_review,희망가 미기재,missing,no,no,OP12-063 레이주 sr 구매
371555ad011e6e5145acad9a,onepiececardgame,원피스 카드게임,2026-08,2026-08-11T23:38:45+09:00,known,b43df93b69d034d92781991f,371555ad011e6e5145acad9a,106824,https://m.dcinside.com/board/onepiececardgame/106824,OP12-063 레이주 sr 구매,seller-8ad10b55fa52911e796a44cf,원딱러,registered,OP12-063 레이주 sr,OP12-063 레이주 sr,OP12-063 레이주 sr,,,buy,구매,3,,,missing,unknown,unknown,unknown,,active,needs_review,needs_review,희망가 미기재,missing,no,no,OP12-063 레이주 sr 구매
3ee227b55048ed92b482cd2b,onepiececardgame,원피스 카드게임,2026-08,2026-08-11T23:38:45+09:00,known,de3ebdbf9ffb6c87f7d92e75,3ee227b55048ed92b482cd2b,106824,https://m.dcinside.com/board/onepiececardgame/106824,OP12-063 레이주 sr 구매,seller-8ad10b55fa52911e796a44cf,원딱러,registered,OP12-063 레이주 sr,OP12-063 레이주 sr,OP12-063 레이주 sr,,,buy,구매,3,,,missing,unknown,unknown,unknown,,active,needs_review,needs_review,희망가 미기재,missing,no,no,OP12-063 레이주 sr 구매
7cc6a94aa2b9f687c7659a33,onepiececardgame,원피스 카드게임,2026-08,2026-08-11T23:38:45+09:00,known,ce39a6e0e72512004c86b52f,7cc6a94aa2b9f687c7659a33,106824,https://m.dcinside.com/board/onepiececardgame/106824,OP12-063 레이주 sr 구매,seller-8ad10b55fa52911e796a44cf,원딱러,registered,OP12-063 레이주 sr,OP12-063 레이주 sr,OP12-063 레이주 sr,,,buy,구매,3,,,missing,unknown,unknown,unknown,,active,needs_review,needs_review,희망가 미기재,missing,no,no,OP12-063 레이주 sr 구매
294c4195e03f7d68def4a75b,onepiececardgame,원피스 카드게임,2026-08,2026-08-11T23:46:43+09:00,known,83f81bb5d87b771bf83e17e3,294c4195e03f7d68def4a75b,106826,https://m.dcinside.com/board/onepiececardgame/106826,Op12-034 페로나 페레 구매합니다,seller-8ad10b55fa52911e796a44cf,원딱러,registered,Op12-034 페로나 페레,Op12-034 페로나 페레,Op12-034 페로나 페레,,,buy,구매,1,,,missing,unknown,unknown,unknown,,active,needs_review,needs_review,희망가 미기재,missing,no,no,Op12-034 페로나 페레 구매합니다
325bf1d2546ec3a50e65984b,onepiececardgame,원피스 카드게임,2026-08,2026-08-11T23:46:43+09:00,known,6766443dfb38d8e8670941da,325bf1d2546ec3a50e65984b,106826,https://m.dcinside.com/board/onepiececardgame/106826,Op12-034 페로나 페레 구매합니다,seller-8ad10b55fa52911e796a44cf,원딱러,registered,Op12-034 페로나 페레,Op12-034 페로나 페레,Op12-034 페로나 페레,,,buy,구매,1,,,missing,unknown,unknown,unknown,,active,needs_review,needs_review,희망가 미기재,missing,no,no,Op12-034 페로나 페레 구매합니다
72d35aa25581b9b2642e8061,onepiececardgame,원피스 카드게임,2026-08,2026-08-11T23:46:43+09:00,known,b95e26be67a0f352b096e3bc,72d35aa25581b9b2642e8061,106826,https://m.dcinside.com/board/onepiececardgame/106826,Op12-034 페로나 페레 구매합니다,seller-8ad10b55fa52911e796a44cf,원딱러,registered,Op12-034 페로나 페레,Op12-034 페로나 페레,Op12-034 페로나 페레,,,buy,구매,1,,,missing,unknown,unknown,unknown,,active,needs_review,needs_review,희망가 미기재,missing,no,no,Op12-034 페로나 페레 구매합니다
82d3627eae57beccc58aaf5f,onepiececardgame,원피스 카드게임,2026-08,2026-08-11T23:46:43+09:00,known,75dc0d05f1c4e6ce2e40047d,82d3627eae57beccc58aaf5f,106826,https://m.dcinside.com/board/onepiececardgame/106826,Op12-034 페로나 페레 구매합니다,seller-8ad10b55fa52911e796a44cf,원딱러,registered,Op12-034 페로나 페레,Op12-034 페로나 페레,Op12-034 페로나 페레,,,buy,구매,1,,,missing,unknown,unknown,unknown,,active,needs_review,needs_review,희망가 미기재,missing,no,no,Op12-034 페로나 페레 구매합니다
a883b18f66938c76a8e68502,onepiececardgame,원피스 카드게임,2026-08,2026-08-11T23:46:43+09:00,known,9c0d161bdce86786d2acba98,a883b18f66938c76a8e68502,106826,https://m.dcinside.com/board/onepiececardgame/106826,Op12-034 페로나 페레 구매합니다,seller-8ad10b55fa52911e796a44cf,원딱러,registered,Op12-034 페로나 페레,Op12-034 페로나 페레,Op12-034 페로나 페레,,,buy,구매,1,,,missing,unknown,unknown,unknown,,active,needs_review,needs_review,희망가 미기재,missing,no,no,Op12-034 페로나 페레 구매합니다
d2ce383b883dcf0cbb59ff57,onepiececardgame,원피스 카드게임,2026-08,2026-08-11T23:46:43+09:00,known,e92a160fffb6a06697def2d3,d2ce383b883dcf0cbb59ff57,106826,https://m.dcinside.com/board/onepiececardgame/106826,Op12-034 페로나 페레 구매합니다,seller-8ad10b55fa52911e796a44cf,원딱러,registered,Op12-034 페로나 페레,Op12-034 페로나 페레,Op12-034 페로나 페레,,,buy,구매,1,,,missing,unknown,unknown,unknown,,active,needs_review,needs_review,희망가 미기재,missing,no,no,Op12-034 페로나 페레 구매합니다
089b683a45961922bffe3829,onepiececardgame,원피스 카드게임,2026-08,2026-08-12T03:13:03+09:00,known,dc5e63697a9fa6cd4e070c2f,089b683a45961922bffe3829,106843,https://m.dcinside.com/board/onepiececardgame/106843,늅늅이 8코 키드 구해봅니다,seller-e092dc3c7bbfb372b3063565,GWM7711,guest,8코 키드,8코 키드,8코 키드,,,buy,구매,4,2.0,20000,estimated,per_quantity,text,unknown,,active,needs_review,needs_review,"가격 단위 추정, 배송비 포함 여부 미확정, 복수 수량 총액 · 카드 1장 가격 아님",estimated,no,no,8코 키드 4장 2.0에 구매합니다
6643dcf3c94dc124b37bedf2,onepiececardgame,원피스 카드게임,2026-08,2026-08-12T03:13:03+09:00,known,fd68bcfb03e0381534e37be8,6643dcf3c94dc124b37bedf2,106843,https://m.dcinside.com/board/onepiececardgame/106843,늅늅이 8코 키드 구해봅니다,seller-950478103deccb685cf51361,GWM7711,guest,8코 키드,8코 키드,8코 키드,,,buy,구매,4,2.0,20000,estimated,per_quantity,text,unknown,,active,needs_review,needs_review,"가격 단위 추정, 배송비 포함 여부 미확정, 복수 수량 총액 · 카드 1장 가격 아님",estimated,no,no,8코 키드 4장 2.0에 구매합니다
9566f641fb54c18f038b67fe,onepiececardgame,원피스 카드게임,2026-08,2026-08-12T03:13:03+09:00,known,baa79ebd9d71f01ff2b8aa41,9566f641fb54c18f038b67fe,106843,https://m.dcinside.com/board/onepiececardgame/106843,늅늅이 8코 키드 구해봅니다,seller-b8fdc1e2411a13c9f112653a,GWM7711,guest,8코 키드,8코 키드,8코 키드,,,buy,구매,4,2.0,20000,estimated,per_quantity,text,unknown,,active,needs_review,needs_review,"가격 단위 추정, 배송비 포함 여부 미확정, 복수 수량 총액 · 카드 1장 가격 아님",estimated,no,no,8코 키드 4장 2.0에 구매합니다
b5eceba9973eb1ca69645c97,onepiececardgame,원피스 카드게임,2026-08,2026-08-12T03:13:03+09:00,known,1ee1f6693a0b2627f72872e1,b5eceba9973eb1ca69645c97,106843,https://m.dcinside.com/board/onepiececardgame/106843,늅늅이 8코 키드 구해봅니다,seller-91f3fe5a7de832cc829cbd22,GWM7711,guest,8코 키드,8코 키드,8코 키드,,,buy,구매,4,2.0,20000,estimated,per_quantity,text,unknown,,active,needs_review,needs_review,"가격 단위 추정, 배송비 포함 여부 미확정, 복수 수량 총액 · 카드 1장 가격 아님",estimated,no,no,8코 키드 4장 2.0에 구매합니다
c16f6633d5c7d80f543445da,onepiececardgame,원피스 카드게임,2026-08,2026-08-12T03:13:03+09:00,known,24d2339f9454e7bd0bf78640,c16f6633d5c7d80f543445da,106843,https://m.dcinside.com/board/onepiececardgame/106843,늅늅이 8코 키드 구해봅니다,seller-a4361f1f7c52919b5408de2d,GWM7711,guest,8코 키드,8코 키드,8코 키드,,,buy,구매,4,2.0,20000,estimated,per_quantity,text,unknown,,active,needs_review,needs_review,"가격 단위 추정, 배송비 포함 여부 미확정, 복수 수량 총액 · 카드 1장 가격 아님",estimated,no,no,8코 키드 4장 2.0에 구매합니다
f5cdd2f7b419460b1d3a52cc,onepiececardgame,원피스 카드게임,2026-08,2026-08-12T03:13:03+09:00,known,623a44ea9d268eb45fac9d04,f5cdd2f7b419460b1d3a52cc,106843,https://m.dcinside.com/board/onepiececardgame/106843,늅늅이 8코 키드 구해봅니다,seller-038df18351cc5f3df00730a2,GWM7711,guest,8코 키드,8코 키드,8코 키드,,,buy,구매,4,2.0,20000,estimated,per_quantity,text,unknown,,active,needs_review,needs_review,"가격 단위 추정, 배송비 포함 여부 미확정, 복수 수량 총액 · 카드 1장 가격 아님",estimated,no,no,8코 키드 4장 2.0에 구매합니다
30e0ceabdfbbf8205457270c,onepiececardgame,원피스 카드게임,2026-08,2026-08-12T04:34:11+09:00,known,05316a04ce8335553ac87a76,30e0ceabdfbbf8205457270c,106846,https://m.dcinside.com/board/onepiececardgame/106846,우소하치 3장 1.5에 구합니다,seller-8ad10b55fa52911e796a44cf,원딱러,registered,우소하치 .5에,우소하치 .5에,우소하치 3장 1.5에,,,buy,구매,1,,,missing,unknown,unknown,unknown,,active,needs_review,needs_review,희망가 미기재,missing,no,no,우소하치 3장 1.5에 구합니다
bc8e7a62bc462f34d928b0fa,onepiececardgame,원피스 카드게임,2026-08,2026-08-12T04:34:11+09:00,known,e75d192300e333cf99551ac9,bc8e7a62bc462f34d928b0fa,106846,https://m.dcinside.com/board/onepiececardgame/106846,우소하치 3장 1.5에 구합니다,seller-8ad10b55fa52911e796a44cf,원딱러,registered,우소하치 .5에,우소하치 .5에,우소하치 3장 1.5에,,,buy,구매,1,,,missing,unknown,unknown,unknown,,active,needs_review,needs_review,희망가 미기재,missing,no,no,우소하치 3장 1.5에 구합니다
c4819c3dfb2e331f81b3aca8,onepiececardgame,원피스 카드게임,2026-08,2026-08-12T04:34:11+09:00,known,f74cc7f9b2d77cbecc1bcf4c,c4819c3dfb2e331f81b3aca8,106846,https://m.dcinside.com/board/onepiececardgame/106846,우소하치 3장 1.5에 구합니다,seller-8ad10b55fa52911e796a44cf,원딱러,registered,우소하치 .5에,우소하치 .5에,우소하치 3장 1.5에,,,buy,구매,1,,,missing,unknown,unknown,unknown,,active,needs_review,needs_review,희망가 미기재,missing,no,no,우소하치 3장 1.5에 구합니다
dfc62269e1a1100bcf234ddf,onepiececardgame,원피스 카드게임,2026-08,2026-08-12T04:34:11+09:00,known,a8253d1c61185649bda467c2,dfc62269e1a1100bcf234ddf,106846,https://m.dcinside.com/board/onepiececardgame/106846,우소하치 3장 1.5에 구합니다,seller-8ad10b55fa52911e796a44cf,원딱러,registered,우소하치 .5에,우소하치 .5에,우소하치 3장 1.5에,,,buy,구매,1,,,missing,unknown,unknown,unknown,,active,needs_review,needs_review,희망가 미기재,missing,no,no,우소하치 3장 1.5에 구합니다
ec67d01982ef41cd7b37b4ca,onepiececardgame,원피스 카드게임,2026-08,2026-08-12T04:34:11+09:00,known,0dcdafde02de6f1d2da27f3a,ec67d01982ef41cd7b37b4ca,106846,https://m.dcinside.com/board/onepiececardgame/106846,우소하치 3장 1.5에 구합니다,seller-8ad10b55fa52911e796a44cf,원딱러,registered,우소하치 .5에,우소하치 .5에,우소하치 3장 1.5에,,,buy,구매,1,,,missing,unknown,unknown,unknown,,active,needs_review,needs_review,희망가 미기재,missing,no,no,우소하치 3장 1.5에 구합니다
f54ccd2aa54556024815ab64,onepiececardgame,원피스 카드게임,2026-08,2026-08-12T04:34:11+09:00,known,80d1e7508eda6196b289c4fd,f54ccd2aa54556024815ab64,106846,https://m.dcinside.com/board/onepiececardgame/106846,우소하치 3장 1.5에 구합니다,seller-8ad10b55fa52911e796a44cf,원딱러,registered,우소하치 .5에,우소하치 .5에,우소하치 3장 1.5에,,,buy,구매,1,,,missing,unknown,unknown,unknown,,active,needs_review,needs_review,희망가 미기재,missing,no,no,우소하치 3장 1.5에 구합니다
621719914a22ba226fe667a1,onepiececardgame,원피스 카드게임,2026-08,2026-08-12T09:16:28+09:00,known,70e8cd07f4a8745b5ff73140,621719914a22ba226fe667a1,106853,https://m.dcinside.com/board/onepiececardgame/106853,7탄 녹5코보니 페레 구매하고싶습니다,seller-33dbd60ec6b9a0fe9e825643,삼신,registered,op07-026 5코보니 페레 찾고있습니다,op07-026 5코보니 페레 찾고있습니다,op07-026 5코보니 페레 찾고있습니다.. 장당,,,buy,구매,2,3,30000,estimated,per_card,text,unknown,,active,needs_review,needs_review,"가격 단위 추정, 배송비 포함 여부 미확정",estimated,yes,candidate_estimated,op07-026 5코보니 페레 2장 찾고있습니다.. 장당3
82df2d0196b1e8bfe7c9b879,onepiececardgame,원피스 카드게임,2026-08,2026-08-12T09:16:28+09:00,known,9b9912e4e4966c9616dbb5ee,82df2d0196b1e8bfe7c9b879,106853,https://m.dcinside.com/board/onepiececardgame/106853,7탄 녹5코보니 페레 구매하고싶습니다,seller-33dbd60ec6b9a0fe9e825643,삼신,registered,op07-026 5코보니 페레 찾고있습니다,op07-026 5코보니 페레 찾고있습니다,op07-026 5코보니 페레 찾고있습니다.. 장당,,,buy,구매,2,3,30000,estimated,per_card,text,unknown,,active,needs_review,needs_review,"가격 단위 추정, 배송비 포함 여부 미확정",estimated,yes,candidate_estimated,op07-026 5코보니 페레 2장 찾고있습니다.. 장당3
8af07015140311e437c4b31d,onepiececardgame,원피스 카드게임,2026-08,2026-08-12T09:16:28+09:00,known,1524d22a5668abf858c154b5,8af07015140311e437c4b31d,106853,https://m.dcinside.com/board/onepiececardgame/106853,7탄 녹5코보니 페레 구매하고싶습니다,seller-33dbd60ec6b9a0fe9e825643,삼신,registered,op07-026 5코보니 페레 찾고있습니다,op07-026 5코보니 페레 찾고있습니다,op07-026 5코보니 페레 찾고있습니다.. 장당,,,buy,구매,2,3,30000,estimated,per_card,text,unknown,,active,needs_review,needs_review,"가격 단위 추정, 배송비 포함 여부 미확정",estimated,yes,candidate_estimated,op07-026 5코보니 페레 2장 찾고있습니다.. 장당3
90a81418f34487377c03b4a7,onepiececardgame,원피스 카드게임,2026-08,2026-08-12T09:16:28+09:00,known,cd07e9fbf448051aeaac20cc,90a81418f34487377c03b4a7,106853,https://m.dcinside.com/board/onepiececardgame/106853,7탄 녹5코보니 페레 구매하고싶습니다,seller-33dbd60ec6b9a0fe9e825643,삼신,registered,op07-026 5코보니 페레 찾고있습니다,op07-026 5코보니 페레 찾고있습니다,op07-026 5코보니 페레 찾고있습니다.. 장당,,,buy,구매,2,3,30000,estimated,per_card,text,unknown,,active,needs_review,needs_review,"가격 단위 추정, 배송비 포함 여부 미확정",estimated,yes,candidate_estimated,op07-026 5코보니 페레 2장 찾고있습니다.. 장당3
96aaa2ee904511caa8f0214b,onepiececardgame,원피스 카드게임,2026-08,2026-08-12T09:16:28+09:00,known,dcba42a28d811e023c39e484,96aaa2ee904511caa8f0214b,106853,https://m.dcinside.com/board/onepiececardgame/106853,7탄 녹5코보니 페레 구매하고싶습니다,seller-33dbd60ec6b9a0fe9e825643,삼신,registered,op07-026 5코보니 페레 찾고있습니다,op07-026 5코보니 페레 찾고있습니다,op07-026 5코보니 페레 찾고있습니다.. 장당,,,buy,구매,2,3,30000,estimated,per_card,text,unknown,,active,needs_review,needs_review,"가격 단위 추정, 배송비 포함 여부 미확정",estimated,yes,candidate_estimated,op07-026 5코보니 페레 2장 찾고있습니다.. 장당3
cd405806c5cfb8401f941274,onepiececardgame,원피스 카드게임,2026-08,2026-08-12T09:16:28+09:00,known,e6be0246d2a60deda91e3187,cd405806c5cfb8401f941274,106853,https://m.dcinside.com/board/onepiececardgame/106853,7탄 녹5코보니 페레 구매하고싶습니다,seller-33dbd60ec6b9a0fe9e825643,삼신,registered,op07-026 5코보니 페레 찾고있습니다,op07-026 5코보니 페레 찾고있습니다,op07-026 5코보니 페레 찾고있습니다.. 장당,,,buy,구매,2,3,30000,estimated,per_card,text,unknown,,active,needs_review,needs_review,"가격 단위 추정, 배송비 포함 여부 미확정",estimated,yes,candidate_estimated,op07-026 5코보니 페레 2장 찾고있습니다.. 장당3
17c19afc764cbd24a18a38a1,onepiececardgame,원피스 카드게임,2026-08,2026-08-12T11:18:05+09:00,known,c88f718d1fd3c284a7a66920,17c19afc764cbd24a18a38a1,106861,https://m.dcinside.com/board/onepiececardgame/106861,청황 핸콕 소스 삽니다,seller-bd1501ebc538a44d58a2d8aa,ㅇㅇ,guest,슬레이브 애로우 OP07,슬레이브 애로우 OP07,슬레이브 애로우(OP07,,,buy,구매,1,056,560000,estimated,per_card,text,unknown,,active,needs_review,needs_review,"가격 단위 추정, 배송비 포함 여부 미확정",estimated,yes,candidate_estimated,슬레이브 애로우(OP07-056) 장당 0.2 3장
46b613c3b827bcb2144dfbce,onepiececardgame,원피스 카드게임,2026-08,2026-08-12T11:18:05+09:00,known,47651439f36059b7abb63a5b,46b613c3b827bcb2144dfbce,106861,https://m.dcinside.com/board/onepiececardgame/106861,청황 핸콕 소스 삽니다,seller-1448ba6572984fbbb6fdf270,ㅇㅇ,guest,슬레이브 애로우 OP07,슬레이브 애로우 OP07,슬레이브 애로우(OP07,,,buy,구매,1,056,560000,estimated,per_card,text,unknown,,active,needs_review,needs_review,"가격 단위 추정, 배송비 포함 여부 미확정",estimated,yes,candidate_estimated,슬레이브 애로우(OP07-056) 장당 0.2 3장
5b80ee307148a698fa808264,onepiececardgame,원피스 카드게임,2026-08,2026-08-12T11:18:05+09:00,known,29006b401d3c040f01c7fb1a,5b80ee307148a698fa808264,106861,https://m.dcinside.com/board/onepiececardgame/106861,청황 핸콕 소스 삽니다,seller-75df5091b6061d48064a01db,ㅇㅇ,guest,슬레이브 애로우 OP07,슬레이브 애로우 OP07,슬레이브 애로우(OP07,,,buy,구매,1,056,560000,estimated,per_card,text,unknown,,active,needs_review,needs_review,"가격 단위 추정, 배송비 포함 여부 미확정",estimated,yes,candidate_estimated,슬레이브 애로우(OP07-056) 장당 0.2 3장
5c43171fa51df2223a6e9fc8,onepiececardgame,원피스 카드게임,2026-08,2026-08-12T11:18:05+09:00,known,29006b401d3c040f01c7fb1a,5c43171fa51df2223a6e9fc8,106861,https://m.dcinside.com/board/onepiececardgame/106861,청황 핸콕 소스 삽니다,seller-75df5091b6061d48064a01db,ㅇㅇ,guest,네가 꺼져라 OP06,네가 꺼져라 OP06,네가 꺼져라(OP06,,,buy,구매,1,115,1150000,estimated,per_card,text,unknown,,active,needs_review,needs_review,"가격 단위 추정, 배송비 포함 여부 미확정",estimated,yes,candidate_estimated,네가 꺼져라(OP06-115) 장당 0.1 2장
5f011dc0a5c593d0ce26bc80,onepiececardgame,원피스 카드게임,2026-08,2026-08-12T11:18:05+09:00,known,47651439f36059b7abb63a5b,5f011dc0a5c593d0ce26bc80,106861,https://m.dcinside.com/board/onepiececardgame/106861,청황 핸콕 소스 삽니다,seller-1448ba6572984fbbb6fdf270,ㅇㅇ,guest,네가 꺼져라 OP06,네가 꺼져라 OP06,네가 꺼져라(OP06,,,buy,구매,1,115,1150000,estimated,per_card,text,unknown,,active,needs_review,needs_review,"가격 단위 추정, 배송비 포함 여부 미확정",estimated,yes,candidate_estimated,네가 꺼져라(OP06-115) 장당 0.1 2장
88f6bd775e9ec86e4396f527,onepiececardgame,원피스 카드게임,2026-08,2026-08-12T11:18:05+09:00,known,05d697fd0555237a592b220a,88f6bd775e9ec86e4396f527,106861,https://m.dcinside.com/board/onepiececardgame/106861,청황 핸콕 소스 삽니다,seller-42fac41cdb4fd69a68501f85,ㅇㅇ,guest,슬레이브 애로우 OP07,슬레이브 애로우 OP07,슬레이브 애로우(OP07,,,buy,구매,1,056,560000,estimated,per_card,text,unknown,,active,needs_review,needs_review,"가격 단위 추정, 배송비 포함 여부 미확정",estimated,yes,candidate_estimated,슬레이브 애로우(OP07-056) 장당 0.2 3장
8edf57ed05536284a28ad9cf,onepiececardgame,원피스 카드게임,2026-08,2026-08-12T11:18:05+09:00,known,c6754436bb798d0bd682bbb5,8edf57ed05536284a28ad9cf,106861,https://m.dcinside.com/board/onepiececardgame/106861,청황 핸콕 소스 삽니다,seller-f4e1793f6f56774a268dabf7,ㅇㅇ,guest,네가 꺼져라 OP06,네가 꺼져라 OP06,네가 꺼져라(OP06,,,buy,구매,1,115,1150000,estimated,per_card,text,unknown,,active,needs_review,needs_review,"가격 단위 추정, 배송비 포함 여부 미확정",estimated,yes,candidate_estimated,네가 꺼져라(OP06-115) 장당 0.1 2장
8ee20417824b5422bad98bcc,onepiececardgame,원피스 카드게임,2026-08,2026-08-12T11:18:05+09:00,known,40115f21470e294ebf061b17,8ee20417824b5422bad98bcc,106861,https://m.dcinside.com/board/onepiececardgame/106861,청황 핸콕 소스 삽니다,seller-69573162a60555a4633d38ec,ㅇㅇ,guest,네가 꺼져라 OP06,네가 꺼져라 OP06,네가 꺼져라(OP06,,,buy,구매,1,115,1150000,estimated,per_card,text,unknown,,active,needs_review,needs_review,"가격 단위 추정, 배송비 포함 여부 미확정",estimated,yes,candidate_estimated,네가 꺼져라(OP06-115) 장당 0.1 2장
92f31604fc45f1b9beadabaf,onepiececardgame,원피스 카드게임,2026-08,2026-08-12T11:18:05+09:00,known,c6754436bb798d0bd682bbb5,92f31604fc45f1b9beadabaf,106861,https://m.dcinside.com/board/onepiececardgame/106861,청황 핸콕 소스 삽니다,seller-f4e1793f6f56774a268dabf7,ㅇㅇ,guest,슬레이브 애로우 OP07,슬레이브 애로우 OP07,슬레이브 애로우(OP07,,,buy,구매,1,056,560000,estimated,per_card,text,unknown,,active,needs_review,needs_review,"가격 단위 추정, 배송비 포함 여부 미확정",estimated,yes,candidate_estimated,슬레이브 애로우(OP07-056) 장당 0.2 3장
c3342b4b6ff7e518c9f2668a,onepiececardgame,원피스 카드게임,2026-08,2026-08-12T11:18:05+09:00,known,05d697fd0555237a592b220a,c3342b4b6ff7e518c9f2668a,106861,https://m.dcinside.com/board/onepiececardgame/106861,청황 핸콕 소스 삽니다,seller-42fac41cdb4fd69a68501f85,ㅇㅇ,guest,네가 꺼져라 OP06,네가 꺼져라 OP06,네가 꺼져라(OP06,,,buy,구매,1,115,1150000,estimated,per_card,text,unknown,,active,needs_review,needs_review,"가격 단위 추정, 배송비 포함 여부 미확정",estimated,yes,candidate_estimated,네가 꺼져라(OP06-115) 장당 0.1 2장
d01563e1ae860c5fcc592a9f,onepiececardgame,원피스 카드게임,2026-08,2026-08-12T11:18:05+09:00,known,c88f718d1fd3c284a7a66920,d01563e1ae860c5fcc592a9f,106861,https://m.dcinside.com/board/onepiececardgame/106861,청황 핸콕 소스 삽니다,seller-bd1501ebc538a44d58a2d8aa,ㅇㅇ,guest,네가 꺼져라 OP06,네가 꺼져라 OP06,네가 꺼져라(OP06,,,buy,구매,1,115,1150000,estimated,per_card,text,unknown,,active,needs_review,needs_review,"가격 단위 추정, 배송비 포함 여부 미확정",estimated,yes,candidate_estimated,네가 꺼져라(OP06-115) 장당 0.1 2장
f279ace6c2bbe320e561895e,onepiececardgame,원피스 카드게임,2026-08,2026-08-12T11:18:05+09:00,known,40115f21470e294ebf061b17,f279ace6c2bbe320e561895e,106861,https://m.dcinside.com/board/onepiececardgame/106861,청황 핸콕 소스 삽니다,seller-69573162a60555a4633d38ec,ㅇㅇ,guest,슬레이브 애로우 OP07,슬레이브 애로우 OP07,슬레이브 애로우(OP07,,,buy,구매,1,056,560000,estimated,per_card,text,unknown,,active,needs_review,needs_review,"가격 단위 추정, 배송비 포함 여부 미확정",estimated,yes,candidate_estimated,슬레이브 애로우(OP07-056) 장당 0.2 3장
03b534d35cd45d387802a61b,onepiececardgame,원피스 카드게임,2026-08,2026-08-12T12:43:11+09:00,known,1ccff98e382630fb79a3c178,03b534d35cd45d387802a61b,106871,https://m.dcinside.com/board/onepiececardgame/106871,샹크스 페레 소스 구매합니다,seller-8ad10b55fa52911e796a44cf,원딱러,registered,샹크스 페레 소스,샹크스 페레 소스,샹크스 페레 소스,,,buy,구매,1,,,missing,unknown,unknown,unknown,,active,needs_review,needs_review,희망가 미기재,missing,no,no,샹크스 페레 소스 구매합니다
b58fce7777cc73114058b87e,onepiececardgame,원피스 카드게임,2026-08,2026-08-12T12:43:11+09:00,known,2ee731816ab2043c37529332,b58fce7777cc73114058b87e,106871,https://m.dcinside.com/board/onepiececardgame/106871,샹크스 페레 소스 구매합니다,seller-8ad10b55fa52911e796a44cf,원딱러,registered,샹크스 페레 소스,샹크스 페레 소스,샹크스 페레 소스,,,buy,구매,1,,,missing,unknown,unknown,unknown,,active,needs_review,needs_review,희망가 미기재,missing,no,no,샹크스 페레 소스 구매합니다
bbc61b91ef97cd0472ed4006,onepiececardgame,원피스 카드게임,2026-08,2026-08-12T12:43:11+09:00,known,71d45b6f19868d598ba27cb3,bbc61b91ef97cd0472ed4006,106871,https://m.dcinside.com/board/onepiececardgame/106871,샹크스 페레 소스 구매합니다,seller-8ad10b55fa52911e796a44cf,원딱러,registered,샹크스 페레 소스,샹크스 페레 소스,샹크스 페레 소스,,,buy,구매,1,,,missing,unknown,unknown,unknown,,active,needs_review,needs_review,희망가 미기재,missing,no,no,샹크스 페레 소스 구매합니다
dd5f5c5c3ae2283c8ac1af1e,onepiececardgame,원피스 카드게임,2026-08,2026-08-12T12:43:11+09:00,known,ccf24ea5ba62f180ddf89c99,dd5f5c5c3ae2283c8ac1af1e,106871,https://m.dcinside.com/board/onepiececardgame/106871,샹크스 페레 소스 구매합니다,seller-8ad10b55fa52911e796a44cf,원딱러,registered,샹크스 페레 소스,샹크스 페레 소스,샹크스 페레 소스,,,buy,구매,1,,,missing,unknown,unknown,unknown,,active,needs_review,needs_review,희망가 미기재,missing,no,no,샹크스 페레 소스 구매합니다
e1fced25e8216f74d250ed43,onepiececardgame,원피스 카드게임,2026-08,2026-08-12T12:43:11+09:00,known,6b5bbd1689659d06f12c7456,e1fced25e8216f74d250ed43,106871,https://m.dcinside.com/board/onepiececardgame/106871,샹크스 페레 소스 구매합니다,seller-8ad10b55fa52911e796a44cf,원딱러,registered,샹크스 페레 소스,샹크스 페레 소스,샹크스 페레 소스,,,buy,구매,1,,,missing,unknown,unknown,unknown,,active,needs_review,needs_review,희망가 미기재,missing,no,no,샹크스 페레 소스 구매합니다
f3ab44f91d637af7440dbea9,onepiececardgame,원피스 카드게임,2026-08,2026-08-12T12:43:11+09:00,known,63d820119e2598cbb5b05722,f3ab44f91d637af7440dbea9,106871,https://m.dcinside.com/board/onepiececardgame/106871,샹크스 페레 소스 구매합니다,seller-8ad10b55fa52911e796a44cf,원딱러,registered,샹크스 페레 소스,샹크스 페레 소스,샹크스 페레 소스,,,buy,구매,1,,,missing,unknown,unknown,unknown,,active,needs_review,needs_review,희망가 미기재,missing,no,no,샹크스 페레 소스 구매합니다
0c67075995f5b6059e81c9fa,onepiececardgame,원피스 카드게임,2026-08,2026-08-12T12:51:42+09:00,known,5ba6d615158adbea364c0968,0c67075995f5b6059e81c9fa,106873,https://m.dcinside.com/board/onepiececardgame/106873,1코 페로나 & 아수라 발검 삽니다,seller-8ad10b55fa52911e796a44cf,원딱러,registered,1코 페로나,1코 페로나,1코 페로나,,,buy,구매,4,6.5,65000,estimated,per_quantity,text,unknown,,active,needs_review,needs_review,"가격 단위 추정, 배송비 포함 여부 미확정, 복수 수량 총액 · 카드 1장 가격 아님",estimated,no,no,1코 페로나 4장 6.5
1826fac043ebc86ecd526d1b,onepiececardgame,원피스 카드게임,2026-08,2026-08-12T12:51:42+09:00,known,1f186af3851e4bc2a2f16964,1826fac043ebc86ecd526d1b,106873,https://m.dcinside.com/board/onepiececardgame/106873,1코 페로나 & 아수라 발검 삽니다,seller-8ad10b55fa52911e796a44cf,원딱러,registered,1코 페로나,1코 페로나,1코 페로나,,,buy,구매,4,6.5,65000,estimated,per_quantity,text,unknown,,active,needs_review,needs_review,"가격 단위 추정, 배송비 포함 여부 미확정, 복수 수량 총액 · 카드 1장 가격 아님",estimated,no,no,1코 페로나 4장 6.5
2cc934f74f7d2d546747a592,onepiececardgame,원피스 카드게임,2026-08,2026-08-12T12:51:42+09:00,known,ac94c1529b1c1984bde8ea47,2cc934f74f7d2d546747a592,106873,https://m.dcinside.com/board/onepiececardgame/106873,1코 페로나 & 아수라 발검 삽니다,seller-8ad10b55fa52911e796a44cf,원딱러,registered,1코 페로나,1코 페로나,1코 페로나,,,buy,구매,4,6.5,65000,estimated,per_quantity,text,unknown,,active,needs_review,needs_review,"가격 단위 추정, 배송비 포함 여부 미확정, 복수 수량 총액 · 카드 1장 가격 아님",estimated,no,no,1코 페로나 4장 6.5
46f2261d669723c5dfe8ab25,onepiececardgame,원피스 카드게임,2026-08,2026-08-12T12:51:42+09:00,known,e952b4252ebe4526d6af3b8a,46f2261d669723c5dfe8ab25,106873,https://m.dcinside.com/board/onepiececardgame/106873,1코 페로나 & 아수라 발검 삽니다,seller-8ad10b55fa52911e796a44cf,원딱러,registered,1코 페로나,1코 페로나,1코 페로나,,,buy,구매,4,6.5,65000,estimated,per_quantity,text,unknown,,active,needs_review,needs_review,"가격 단위 추정, 배송비 포함 여부 미확정, 복수 수량 총액 · 카드 1장 가격 아님",estimated,no,no,1코 페로나 4장 6.5
4747a2dedc3d4f05281710c0,onepiececardgame,원피스 카드게임,2026-08,2026-08-12T12:51:42+09:00,known,1f186af3851e4bc2a2f16964,4747a2dedc3d4f05281710c0,106873,https://m.dcinside.com/board/onepiececardgame/106873,1코 페로나 & 아수라 발검 삽니다,seller-8ad10b55fa52911e796a44cf,원딱러,registered,아수라발검,아수라발검,아수라발검,,,buy,구매,4,2,20000,estimated,per_quantity,text,unknown,,active,needs_review,needs_review,"가격 단위 추정, 배송비 포함 여부 미확정, 복수 수량 총액 · 카드 1장 가격 아님",estimated,no,no,아수라발검 4장 2
4ab0409d870dadc053175a26,onepiececardgame,원피스 카드게임,2026-08,2026-08-12T12:51:42+09:00,known,ac94c1529b1c1984bde8ea47,4ab0409d870dadc053175a26,106873,https://m.dcinside.com/board/onepiececardgame/106873,1코 페로나 & 아수라 발검 삽니다,seller-8ad10b55fa52911e796a44cf,원딱러,registered,아수라발검,아수라발검,아수라발검,,,buy,구매,4,2,20000,estimated,per_quantity,text,unknown,,active,needs_review,needs_review,"가격 단위 추정, 배송비 포함 여부 미확정, 복수 수량 총액 · 카드 1장 가격 아님",estimated,no,no,아수라발검 4장 2
5227499ba17cb3bbe6640b6d,onepiececardgame,원피스 카드게임,2026-08,2026-08-12T12:51:42+09:00,known,5ba6d615158adbea364c0968,5227499ba17cb3bbe6640b6d,106873,https://m.dcinside.com/board/onepiececardgame/106873,1코 페로나 & 아수라 발검 삽니다,seller-8ad10b55fa52911e796a44cf,원딱러,registered,아수라발검,아수라발검,아수라발검,,,buy,구매,4,2,20000,estimated,per_quantity,text,unknown,,active,needs_review,needs_review,"가격 단위 추정, 배송비 포함 여부 미확정, 복수 수량 총액 · 카드 1장 가격 아님",estimated,no,no,아수라발검 4장 2
616a7cf82837e7020b9aa00e,onepiececardgame,원피스 카드게임,2026-08,2026-08-12T12:51:42+09:00,known,b65cc026f13f4a8132490739,616a7cf82837e7020b9aa00e,106873,https://m.dcinside.com/board/onepiececardgame/106873,1코 페로나 & 아수라 발검 삽니다,seller-8ad10b55fa52911e796a44cf,원딱러,registered,아수라발검,아수라발검,아수라발검,,,buy,구매,4,2,20000,estimated,per_quantity,text,unknown,,active,needs_review,needs_review,"가격 단위 추정, 배송비 포함 여부 미확정, 복수 수량 총액 · 카드 1장 가격 아님",estimated,no,no,아수라발검 4장 2
9610ada15519a9400be2fd73,onepiececardgame,원피스 카드게임,2026-08,2026-08-12T12:51:42+09:00,known,b65cc026f13f4a8132490739,9610ada15519a9400be2fd73,106873,https://m.dcinside.com/board/onepiececardgame/106873,1코 페로나 & 아수라 발검 삽니다,seller-8ad10b55fa52911e796a44cf,원딱러,registered,1코 페로나,1코 페로나,1코 페로나,,,buy,구매,4,6.5,65000,estimated,per_quantity,text,unknown,,active,needs_review,needs_review,"가격 단위 추정, 배송비 포함 여부 미확정, 복수 수량 총액 · 카드 1장 가격 아님",estimated,no,no,1코 페로나 4장 6.5
b647c28644e891def6f824ab,onepiececardgame,원피스 카드게임,2026-08,2026-08-12T12:51:42+09:00,known,e952b4252ebe4526d6af3b8a,b647c28644e891def6f824ab,106873,https://m.dcinside.com/board/onepiececardgame/106873,1코 페로나 & 아수라 발검 삽니다,seller-8ad10b55fa52911e796a44cf,원딱러,registered,아수라발검,아수라발검,아수라발검,,,buy,구매,4,2,20000,estimated,per_quantity,text,unknown,,active,needs_review,needs_review,"가격 단위 추정, 배송비 포함 여부 미확정, 복수 수량 총액 · 카드 1장 가격 아님",estimated,no,no,아수라발검 4장 2
eecfd7c3ee2508c02a4a6c3f,onepiececardgame,원피스 카드게임,2026-08,2026-08-12T12:51:42+09:00,known,df2e955c7aa16c29d030505f,eecfd7c3ee2508c02a4a6c3f,106873,https://m.dcinside.com/board/onepiececardgame/106873,1코 페로나 & 아수라 발검 삽니다,seller-8ad10b55fa52911e796a44cf,원딱러,registered,아수라발검,아수라발검,아수라발검,,,buy,구매,4,2,20000,estimated,per_quantity,text,unknown,,active,needs_review,needs_review,"가격 단위 추정, 배송비 포함 여부 미확정, 복수 수량 총액 · 카드 1장 가격 아님",estimated,no,no,아수라발검 4장 2
f6e5e7fdb1d65e3d862ae210,onepiececardgame,원피스 카드게임,2026-08,2026-08-12T12:51:42+09:00,known,df2e955c7aa16c29d030505f,f6e5e7fdb1d65e3d862ae210,106873,https://m.dcinside.com/board/onepiececardgame/106873,1코 페로나 & 아수라 발검 삽니다,seller-8ad10b55fa52911e796a44cf,원딱러,registered,1코 페로나,1코 페로나,1코 페로나,,,buy,구매,4,6.5,65000,estimated,per_quantity,text,unknown,,active,needs_review,needs_review,"가격 단위 추정, 배송비 포함 여부 미확정, 복수 수량 총액 · 카드 1장 가격 아님",estimated,no,no,1코 페로나 4장 6.5
10c69383c072ae5b93d2b13a,onepiececardgame,원피스 카드게임,2026-08,2026-08-12T13:09:42+09:00,known,55d36de028aff8bb61d5b592,10c69383c072ae5b93d2b13a,106877,https://m.dcinside.com/board/onepiececardgame/106877,1코 페로나 페레 15 구매합니다,seller-8ad10b55fa52911e796a44cf,원딱러,registered,1코 페로나 페레,1코 페로나 페레,1코 페로나 페레 15,,,buy,구매,1,,,missing,unknown,unknown,unknown,,active,needs_review,needs_review,희망가 미기재,missing,no,no,1코 페로나 페레 15 구매합니다
58146c9deb2cb4aa9cc69b94,onepiececardgame,원피스 카드게임,2026-08,2026-08-12T13:09:42+09:00,known,c4f3ea2a19f4629475fbf91b,58146c9deb2cb4aa9cc69b94,106877,https://m.dcinside.com/board/onepiececardgame/106877,1코 페로나 페레 15 구매합니다,seller-8ad10b55fa52911e796a44cf,원딱러,registered,1코 페로나 페레,1코 페로나 페레,1코 페로나 페레 15,,,buy,구매,1,,,missing,unknown,unknown,unknown,,active,needs_review,needs_review,희망가 미기재,missing,no,no,1코 페로나 페레 15 구매합니다
5cfc055035dd7f0a2b1d2b78,onepiececardgame,원피스 카드게임,2026-08,2026-08-12T13:09:42+09:00,known,5263a28f0840d5c38a86b2cf,5cfc055035dd7f0a2b1d2b78,106877,https://m.dcinside.com/board/onepiececardgame/106877,1코 페로나 페레 15 구매합니다,seller-8ad10b55fa52911e796a44cf,원딱러,registered,1코 페로나 페레,1코 페로나 페레,1코 페로나 페레 15,,,buy,구매,1,,,missing,unknown,unknown,unknown,,active,needs_review,needs_review,희망가 미기재,missing,no,no,1코 페로나 페레 15 구매합니다
5de6a71523baa13286e4bd9b,onepiececardgame,원피스 카드게임,2026-08,2026-08-12T13:09:42+09:00,known,ee55d09dace14ddaa8bfc7c0,5de6a71523baa13286e4bd9b,106877,https://m.dcinside.com/board/onepiececardgame/106877,1코 페로나 페레 15 구매합니다,seller-8ad10b55fa52911e796a44cf,원딱러,registered,1코 페로나 페레,1코 페로나 페레,1코 페로나 페레 15,,,buy,구매,1,,,missing,unknown,unknown,unknown,,active,needs_review,needs_review,희망가 미기재,missing,no,no,1코 페로나 페레 15 구매합니다
c5d556dcb36102993436ca96,onepiececardgame,원피스 카드게임,2026-08,2026-08-12T13:09:42+09:00,known,37dd0f84bd35173678de903f,c5d556dcb36102993436ca96,106877,https://m.dcinside.com/board/onepiececardgame/106877,1코 페로나 페레 15 구매합니다,seller-8ad10b55fa52911e796a44cf,원딱러,registered,1코 페로나 페레,1코 페로나 페레,1코 페로나 페레 15,,,buy,구매,1,,,missing,unknown,unknown,unknown,,active,needs_review,needs_review,희망가 미기재,missing,no,no,1코 페로나 페레 15 구매합니다
ff993a04aabda6a0f8b2bfdf,onepiececardgame,원피스 카드게임,2026-08,2026-08-12T13:09:42+09:00,known,253cabe5dea5acc33dbf2c25,ff993a04aabda6a0f8b2bfdf,106877,https://m.dcinside.com/board/onepiececardgame/106877,1코 페로나 페레 15 구매합니다,seller-8ad10b55fa52911e796a44cf,원딱러,registered,1코 페로나 페레,1코 페로나 페레,1코 페로나 페레 15,,,buy,구매,1,,,missing,unknown,unknown,unknown,,active,needs_review,needs_review,희망가 미기재,missing,no,no,1코 페로나 페레 15 구매합니다
1cbc875544b9072ac3d529dd,onepiececardgame,원피스 카드게임,2026-08,2026-08-12T15:29:34+09:00,known,0a78245228431cb732083c70,1cbc875544b9072ac3d529dd,106903,https://m.dcinside.com/board/onepiececardgame/106903,로빈 SP 구매합니다,seller-8ad10b55fa52911e796a44cf,원딱러,registered,로빈 SP,로빈 SP,로빈 SP,,,buy,구매,1,,,missing,unknown,unknown,unknown,,active,needs_review,needs_review,희망가 미기재,missing,no,no,로빈 SP 구매합니다
7cf4a3c91d0da5191671724b,onepiececardgame,원피스 카드게임,2026-08,2026-08-12T15:29:34+09:00,known,46889bc03bcace16b03a62ca,7cf4a3c91d0da5191671724b,106903,https://m.dcinside.com/board/onepiececardgame/106903,로빈 SP 구매합니다,seller-8ad10b55fa52911e796a44cf,원딱러,registered,로빈 SP,로빈 SP,로빈 SP,,,buy,구매,1,,,missing,unknown,unknown,unknown,,active,needs_review,needs_review,희망가 미기재,missing,no,no,로빈 SP 구매합니다
925754184b339244ad75b377,onepiececardgame,원피스 카드게임,2026-08,2026-08-12T15:29:34+09:00,known,f4bccc3cdad0832531b39843,925754184b339244ad75b377,106903,https://m.dcinside.com/board/onepiececardgame/106903,로빈 SP 구매합니다,seller-8ad10b55fa52911e796a44cf,원딱러,registered,로빈 SP,로빈 SP,로빈 SP,,,buy,구매,1,,,missing,unknown,unknown,unknown,,active,needs_review,needs_review,희망가 미기재,missing,no,no,로빈 SP 구매합니다
b6721c29ecd2fc1ef92f89db,onepiececardgame,원피스 카드게임,2026-08,2026-08-12T15:29:34+09:00,known,f152702407b9b1202648c007,b6721c29ecd2fc1ef92f89db,106903,https://m.dcinside.com/board/onepiececardgame/106903,로빈 SP 구매합니다,seller-8ad10b55fa52911e796a44cf,원딱러,registered,로빈 SP,로빈 SP,로빈 SP,,,buy,구매,1,,,missing,unknown,unknown,unknown,,active,needs_review,needs_review,희망가 미기재,missing,no,no,로빈 SP 구매합니다
dbd46ccf904228f7714e0622,onepiececardgame,원피스 카드게임,2026-08,2026-08-12T15:29:34+09:00,known,e9ba7b2ed93b538cb29e09c3,dbd46ccf904228f7714e0622,106903,https://m.dcinside.com/board/onepiececardgame/106903,로빈 SP 구매합니다,seller-8ad10b55fa52911e796a44cf,원딱러,registered,로빈 SP,로빈 SP,로빈 SP,,,buy,구매,1,,,missing,unknown,unknown,unknown,,active,needs_review,needs_review,희망가 미기재,missing,no,no,로빈 SP 구매합니다
459f2d51c9a40b159149ee8b,onepiececardgame,원피스 카드게임,2026-08,2026-08-12T15:48:04+09:00,known,abfc693863c4c3c93a45e38d,459f2d51c9a40b159149ee8b,106905,https://m.dcinside.com/board/onepiececardgame/106905,op13 상디 페레 장당 2에 3장 ㅅㅅㅅ,seller-d05a4d57e6352967f0885993,네넹면,registered,op13 상디 페레 2에 ㅅㅅㅅ,op13 상디 페레 2에 ㅅㅅㅅ,op13 상디 페레 장당 2에 3장 ㅅㅅㅅ,,,buy,구매,1,,,missing,unknown,unknown,unknown,,active,needs_review,needs_review,희망가 미기재,missing,no,no,op13 상디 페레 장당 2에 3장 ㅅㅅㅅ
814102d0a7364c607e67ef30,onepiececardgame,원피스 카드게임,2026-08,2026-08-12T15:48:04+09:00,known,b6609426e1a03906fc62eadf,814102d0a7364c607e67ef30,106905,https://m.dcinside.com/board/onepiececardgame/106905,op13 상디 페레 장당 2에 3장 ㅅㅅㅅ,seller-d05a4d57e6352967f0885993,네넹면,registered,op13 상디 페레 2에 ㅅㅅㅅ,op13 상디 페레 2에 ㅅㅅㅅ,op13 상디 페레 장당 2에 3장 ㅅㅅㅅ,,,buy,구매,1,,,missing,unknown,unknown,unknown,,active,needs_review,needs_review,희망가 미기재,missing,no,no,op13 상디 페레 장당 2에 3장 ㅅㅅㅅ
c759017f48d6db82981f30b8,onepiececardgame,원피스 카드게임,2026-08,2026-08-12T15:48:04+09:00,known,58479d33dfd58566e457a9ae,c759017f48d6db82981f30b8,106905,https://m.dcinside.com/board/onepiececardgame/106905,op13 상디 페레 장당 2에 3장 ㅅㅅㅅ,seller-d05a4d57e6352967f0885993,네넹면,registered,op13 상디 페레 2에 ㅅㅅㅅ,op13 상디 페레 2에 ㅅㅅㅅ,op13 상디 페레 장당 2에 3장 ㅅㅅㅅ,,,buy,구매,1,,,missing,unknown,unknown,unknown,,active,needs_review,needs_review,희망가 미기재,missing,no,no,op13 상디 페레 장당 2에 3장 ㅅㅅㅅ
cb3101ea42f8c5bf65a0e564,onepiececardgame,원피스 카드게임,2026-08,2026-08-12T15:48:04+09:00,known,243a5bd51dac525257301e00,cb3101ea42f8c5bf65a0e564,106905,https://m.dcinside.com/board/onepiececardgame/106905,op13 상디 페레 장당 2에 3장 ㅅㅅㅅ,seller-d05a4d57e6352967f0885993,네넹면,registered,op13 상디 페레 2에 ㅅㅅㅅ,op13 상디 페레 2에 ㅅㅅㅅ,op13 상디 페레 장당 2에 3장 ㅅㅅㅅ,,,buy,구매,1,,,missing,unknown,unknown,unknown,,active,needs_review,needs_review,희망가 미기재,missing,no,no,op13 상디 페레 장당 2에 3장 ㅅㅅㅅ
e46d19ee7878b31809df3cc9,onepiececardgame,원피스 카드게임,2026-08,2026-08-12T15:48:04+09:00,known,0b95d9d8cb5904579b2cb7c6,e46d19ee7878b31809df3cc9,106905,https://m.dcinside.com/board/onepiececardgame/106905,op13 상디 페레 장당 2에 3장 ㅅㅅㅅ,seller-d05a4d57e6352967f0885993,네넹면,registered,op13 상디 페레 2에 ㅅㅅㅅ,op13 상디 페레 2에 ㅅㅅㅅ,op13 상디 페레 장당 2에 3장 ㅅㅅㅅ,,,buy,구매,1,,,missing,unknown,unknown,unknown,,active,needs_review,needs_review,희망가 미기재,missing,no,no,op13 상디 페레 장당 2에 3장 ㅅㅅㅅ
ea4e7d0cdb433271fda7b556,onepiececardgame,원피스 카드게임,2026-08,2026-08-12T15:48:04+09:00,known,2322f755af9cb0225746d96c,ea4e7d0cdb433271fda7b556,106905,https://m.dcinside.com/board/onepiececardgame/106905,op13 상디 페레 장당 2에 3장 ㅅㅅㅅ,seller-d05a4d57e6352967f0885993,네넹면,registered,op13 상디 페레 2에 ㅅㅅㅅ,op13 상디 페레 2에 ㅅㅅㅅ,op13 상디 페레 장당 2에 3장 ㅅㅅㅅ,,,buy,구매,1,,,missing,unknown,unknown,unknown,,active,needs_review,needs_review,희망가 미기재,missing,no,no,op13 상디 페레 장당 2에 3장 ㅅㅅㅅ
1a16c38f84cc38965e501043,onepiececardgame,원피스 카드게임,2026-08,2026-08-12T16:11:54+09:00,known,4ad87408725493af952b195a,1a16c38f84cc38965e501043,106910,https://m.dcinside.com/board/onepiececardgame/106910,Prb마르코 4장 삽니다,seller-fc0311311a5d1cb6c28f9344,ㅇㅇ,guest,Prb마르코,Prb마르코,Prb마르코 4장,,,buy,구매,1,,,missing,unknown,unknown,unknown,,active,needs_review,needs_review,희망가 미기재,missing,no,no,Prb마르코 4장 삽니다
36ea19d9bd0b260761544da4,onepiececardgame,원피스 카드게임,2026-08,2026-08-12T16:11:54+09:00,known,08d1310ed5516873f189c65a,36ea19d9bd0b260761544da4,106910,https://m.dcinside.com/board/onepiececardgame/106910,Prb마르코 4장 삽니다,seller-becca53e08178a904307dae9,ㅇㅇ,guest,Prb마르코,Prb마르코,Prb마르코 4장,,,buy,구매,1,,,missing,unknown,unknown,unknown,,active,needs_review,needs_review,희망가 미기재,missing,no,no,Prb마르코 4장 삽니다
54c5339e4b0626d91b373478,onepiececardgame,원피스 카드게임,2026-08,2026-08-12T16:11:54+09:00,known,0f3e2a114e7a1348e653ef96,54c5339e4b0626d91b373478,106910,https://m.dcinside.com/board/onepiececardgame/106910,Prb마르코 4장 삽니다,seller-1b8a6b90d9f255fc173553e5,ㅇㅇ,guest,Prb마르코,Prb마르코,Prb마르코 4장,,,buy,구매,1,,,missing,unknown,unknown,unknown,,active,needs_review,needs_review,희망가 미기재,missing,no,no,Prb마르코 4장 삽니다
920313923dd687948fa766e3,onepiececardgame,원피스 카드게임,2026-08,2026-08-12T16:11:54+09:00,known,e3fd05c0091fdee8dbb27bee,920313923dd687948fa766e3,106910,https://m.dcinside.com/board/onepiececardgame/106910,Prb마르코 4장 삽니다,seller-f7b5a68a677f1d7645bc2417,ㅇㅇ,guest,Prb마르코,Prb마르코,Prb마르코 4장,,,buy,구매,1,,,missing,unknown,unknown,unknown,,active,needs_review,needs_review,희망가 미기재,missing,no,no,Prb마르코 4장 삽니다
c9b81748ffa3b420767b4f50,onepiececardgame,원피스 카드게임,2026-08,2026-08-12T16:11:54+09:00,known,1e2e77a99afe79790ef31df4,c9b81748ffa3b420767b4f50,106910,https://m.dcinside.com/board/onepiececardgame/106910,Prb마르코 4장 삽니다,seller-d39a0bab36c1703b195fa85e,ㅇㅇ,guest,Prb마르코,Prb마르코,Prb마르코 4장,,,buy,구매,1,,,missing,unknown,unknown,unknown,,active,needs_review,needs_review,희망가 미기재,missing,no,no,Prb마르코 4장 삽니다
ef532c4eaa4aad7c35c4345e,onepiececardgame,원피스 카드게임,2026-08,2026-08-12T16:11:54+09:00,known,fff9c00923c79ed8713d6648,ef532c4eaa4aad7c35c4345e,106910,https://m.dcinside.com/board/onepiececardgame/106910,Prb마르코 4장 삽니다,seller-850dfc6954869e8c7a5515a6,ㅇㅇ,guest,Prb마르코,Prb마르코,Prb마르코 4장,,,buy,구매,1,,,missing,unknown,unknown,unknown,,active,needs_review,needs_review,희망가 미기재,missing,no,no,Prb마르코 4장 삽니다
17085d38f2c34a968c4ee11d,onepiececardgame,원피스 카드게임,2026-08,2026-08-12T17:01:11+09:00,known,310cdd7963c27fe7c4dbe9bc,17085d38f2c34a968c4ee11d,106924,https://m.dcinside.com/board/onepiececardgame/106924,5코 스모커 4장 2.2 구매합니다!,seller-ff7780120671881d575b034e,ShooTar,guest,5코 스모커 !,5코 스모커 !,5코 스모커 4장 2.2 !,,,buy,구매,1,,,missing,unknown,unknown,unknown,,active,needs_review,needs_review,희망가 미기재,missing,no,no,5코 스모커 4장 2.2 구매합니다!
661e5d7601bf9336dcf6aa49,onepiececardgame,원피스 카드게임,2026-08,2026-08-12T17:01:11+09:00,known,91e0ee91a49e4898b0f455e1,661e5d7601bf9336dcf6aa49,106924,https://m.dcinside.com/board/onepiececardgame/106924,5코 스모커 4장 2.2 구매합니다!,seller-b03121e10adaa72276726423,ShooTar,guest,5코 스모커 !,5코 스모커 !,5코 스모커 4장 2.2 !,,,buy,구매,1,,,missing,unknown,unknown,unknown,,active,needs_review,needs_review,희망가 미기재,missing,no,no,5코 스모커 4장 2.2 구매합니다!
694f469b898b028c32b35279,onepiececardgame,원피스 카드게임,2026-08,2026-08-12T17:01:11+09:00,known,d6af68cd1aaf3f232c91f9b1,694f469b898b028c32b35279,106924,https://m.dcinside.com/board/onepiececardgame/106924,5코 스모커 4장 2.2 구매합니다!,seller-e5b7c8eae57d55f3eb1fe926,ShooTar,guest,5코 스모커 !,5코 스모커 !,5코 스모커 4장 2.2 !,,,buy,구매,1,,,missing,unknown,unknown,unknown,,active,needs_review,needs_review,희망가 미기재,missing,no,no,5코 스모커 4장 2.2 구매합니다!
a602d1e196eb8d951c8a2975,onepiececardgame,원피스 카드게임,2026-08,2026-08-12T17:01:11+09:00,known,4a345fe989412ae7ad0921ac,a602d1e196eb8d951c8a2975,106924,https://m.dcinside.com/board/onepiececardgame/106924,5코 스모커 4장 2.2 구매합니다!,seller-f2c4050eadf3966036fcefd6,ShooTar,guest,5코 스모커 !,5코 스모커 !,5코 스모커 4장 2.2 !,,,buy,구매,1,,,missing,unknown,unknown,unknown,,active,needs_review,needs_review,희망가 미기재,missing,no,no,5코 스모커 4장 2.2 구매합니다!
cbdd291113b710497141e777,onepiececardgame,원피스 카드게임,2026-08,2026-08-12T17:01:11+09:00,known,5deb1c7b4ecd6d7a727941b9,cbdd291113b710497141e777,106924,https://m.dcinside.com/board/onepiececardgame/106924,5코 스모커 4장 2.2 구매합니다!,seller-6814968d2b060b86dd755881,ShooTar,guest,5코 스모커 !,5코 스모커 !,5코 스모커 4장 2.2 !,,,buy,구매,1,,,missing,unknown,unknown,unknown,,active,needs_review,needs_review,희망가 미기재,missing,no,no,5코 스모커 4장 2.2 구매합니다!
d6bf0e14fa8ce0a1242951d0,onepiececardgame,원피스 카드게임,2026-08,2026-08-12T17:01:11+09:00,known,4dac85b1b5069d8c94329253,d6bf0e14fa8ce0a1242951d0,106924,https://m.dcinside.com/board/onepiececardgame/106924,5코 스모커 4장 2.2 구매합니다!,seller-cecf94e78e406e5790c11bc2,ShooTar,guest,5코 스모커 !,5코 스모커 !,5코 스모커 4장 2.2 !,,,buy,구매,1,,,missing,unknown,unknown,unknown,,active,needs_review,needs_review,희망가 미기재,missing,no,no,5코 스모커 4장 2.2 구매합니다!
3050cd0f675869fd9546c527,onepiececardgame,원피스 카드게임,2026-08,2026-08-12T17:50:59+09:00,known,79da8b4ba18727e887448a21,3050cd0f675869fd9546c527,106938,https://m.dcinside.com/board/onepiececardgame/106938,13탄 적청 에이스 리페 2.0에 구매합니다,seller-6345c42cdc48017ee70740c0,ㅇㅇ,guest,13탄 적청 에이스 리페 .0에,13탄 적청 에이스 리페 .0에,13탄 적청 에이스 리페 2.0에,,,buy,구매,1,,,missing,unknown,unknown,unknown,,active,needs_review,needs_review,희망가 미기재,missing,no,no,13탄 적청 에이스 리페 2.0에 구매합니다
74c17f503cfff0863d156027,onepiececardgame,원피스 카드게임,2026-08,2026-08-12T17:50:59+09:00,known,3d69c5744c171b47b49f9827,74c17f503cfff0863d156027,106938,https://m.dcinside.com/board/onepiececardgame/106938,13탄 적청 에이스 리페 2.0에 구매합니다,seller-7fe737cd5ef11904052d59b4,ㅇㅇ,guest,13탄 적청 에이스 리페 .0에,13탄 적청 에이스 리페 .0에,13탄 적청 에이스 리페 2.0에,,,buy,구매,1,,,missing,unknown,unknown,unknown,,active,needs_review,needs_review,희망가 미기재,missing,no,no,13탄 적청 에이스 리페 2.0에 구매합니다
940b2e11f872da48ac2bc245,onepiececardgame,원피스 카드게임,2026-08,2026-08-12T17:50:59+09:00,known,bf2ee443ebc673524a3fdccb,940b2e11f872da48ac2bc245,106938,https://m.dcinside.com/board/onepiececardgame/106938,13탄 적청 에이스 리페 2.0에 구매합니다,seller-93afdd7d4ec0ac11cc3cb233,ㅇㅇ,guest,13탄 적청 에이스 리페 .0에,13탄 적청 에이스 리페 .0에,13탄 적청 에이스 리페 2.0에,,,buy,구매,1,,,missing,unknown,unknown,unknown,,active,needs_review,needs_review,희망가 미기재,missing,no,no,13탄 적청 에이스 리페 2.0에 구매합니다
9bb4e5cc2451b881227f1be1,onepiececardgame,원피스 카드게임,2026-08,2026-08-12T17:50:59+09:00,known,d9cfc93cff99de6c2110560b,9bb4e5cc2451b881227f1be1,106938,https://m.dcinside.com/board/onepiececardgame/106938,13탄 적청 에이스 리페 2.0에 구매합니다,seller-2e854ea25cd7c69b37721d83,ㅇㅇ,guest,13탄 적청 에이스 리페 .0에,13탄 적청 에이스 리페 .0에,13탄 적청 에이스 리페 2.0에,,,buy,구매,1,,,missing,unknown,unknown,unknown,,active,needs_review,needs_review,희망가 미기재,missing,no,no,13탄 적청 에이스 리페 2.0에 구매합니다
c7cf8c195b26ff869edb4af0,onepiececardgame,원피스 카드게임,2026-08,2026-08-12T17:50:59+09:00,known,3664d18dd27542d08e6ff79f,c7cf8c195b26ff869edb4af0,106938,https://m.dcinside.com/board/onepiececardgame/106938,13탄 적청 에이스 리페 2.0에 구매합니다,seller-24643c559982fca4382efbae,ㅇㅇ,guest,13탄 적청 에이스 리페 .0에,13탄 적청 에이스 리페 .0에,13탄 적청 에이스 리페 2.0에,,,buy,구매,1,,,missing,unknown,unknown,unknown,,active,needs_review,needs_review,희망가 미기재,missing,no,no,13탄 적청 에이스 리페 2.0에 구매합니다
cbcff50d998a7610a17b7ad3,onepiececardgame,원피스 카드게임,2026-08,2026-08-12T17:50:59+09:00,known,19be09fea679261252e4a495,cbcff50d998a7610a17b7ad3,106938,https://m.dcinside.com/board/onepiececardgame/106938,13탄 적청 에이스 리페 2.0에 구매합니다,seller-dcb746a37705d376b8870913,ㅇㅇ,guest,13탄 적청 에이스 리페 .0에,13탄 적청 에이스 리페 .0에,13탄 적청 에이스 리페 2.0에,,,buy,구매,1,,,missing,unknown,unknown,unknown,,active,needs_review,needs_review,희망가 미기재,missing,no,no,13탄 적청 에이스 리페 2.0에 구매합니다
2da659c6860b9ee357e2dc21,onepiececardgame,원피스 카드게임,2026-08,2026-08-12T18:06:21+09:00,known,f16a50e44510594f5d970abd,2da659c6860b9ee357e2dc21,106941,https://m.dcinside.com/board/onepiececardgame/106941,자색 소스 삽니다! 푸딩 프랑키 레이주 상디,seller-8ad10b55fa52911e796a44cf,원딱러,registered,자색 소스 ! 푸딩 프랑키 레이주 상디,자색 소스 ! 푸딩 프랑키 레이주 상디,자색 소스 ! 푸딩 프랑키 레이주 상디,,,buy,구매,2,,,missing,unknown,unknown,unknown,,active,needs_review,needs_review,희망가 미기재,missing,no,no,자색 소스 삽니다! 푸딩 프랑키 레이주 상디
366e31aa48450aed97f94f9a,onepiececardgame,원피스 카드게임,2026-08,2026-08-12T18:06:21+09:00,known,3adc4549497da925b97b8319,366e31aa48450aed97f94f9a,106941,https://m.dcinside.com/board/onepiececardgame/106941,자색 소스 삽니다! 푸딩 프랑키 레이주 상디,seller-8ad10b55fa52911e796a44cf,원딱러,registered,자색 소스 ! 푸딩 프랑키 레이주 상디,자색 소스 ! 푸딩 프랑키 레이주 상디,자색 소스 ! 푸딩 프랑키 레이주 상디,,,buy,구매,2,,,missing,unknown,unknown,unknown,,active,needs_review,needs_review,희망가 미기재,missing,no,no,자색 소스 삽니다! 푸딩 프랑키 레이주 상디
559cbaed76e416ce881bd8b6,onepiececardgame,원피스 카드게임,2026-08,2026-08-12T18:06:21+09:00,known,1565c06977018ec800baabca,559cbaed76e416ce881bd8b6,106941,https://m.dcinside.com/board/onepiececardgame/106941,자색 소스 삽니다! 푸딩 프랑키 레이주 상디,seller-8ad10b55fa52911e796a44cf,원딱러,registered,자색 소스 ! 푸딩 프랑키 레이주 상디,자색 소스 ! 푸딩 프랑키 레이주 상디,자색 소스 ! 푸딩 프랑키 레이주 상디,,,buy,구매,2,,,missing,unknown,unknown,unknown,,active,needs_review,needs_review,희망가 미기재,missing,no,no,자색 소스 삽니다! 푸딩 프랑키 레이주 상디
81c5743aa5b5e59950ae334d,onepiececardgame,원피스 카드게임,2026-08,2026-08-12T18:06:21+09:00,known,bf7ee9363b20ec64d0552c50,81c5743aa5b5e59950ae334d,106941,https://m.dcinside.com/board/onepiececardgame/106941,자색 소스 삽니다! 푸딩 프랑키 레이주 상디,seller-8ad10b55fa52911e796a44cf,원딱러,registered,자색 소스 ! 푸딩 프랑키 레이주 상디,자색 소스 ! 푸딩 프랑키 레이주 상디,자색 소스 ! 푸딩 프랑키 레이주 상디,,,buy,구매,2,,,missing,unknown,unknown,unknown,,active,needs_review,needs_review,희망가 미기재,missing,no,no,자색 소스 삽니다! 푸딩 프랑키 레이주 상디
aea6540641dca9cc34e49950,onepiececardgame,원피스 카드게임,2026-08,2026-08-12T18:06:21+09:00,known,475f0d78d475f4fe09d8c97f,aea6540641dca9cc34e49950,106941,https://m.dcinside.com/board/onepiececardgame/106941,자색 소스 삽니다! 푸딩 프랑키 레이주 상디,seller-8ad10b55fa52911e796a44cf,원딱러,registered,자색 소스 ! 푸딩 프랑키 레이주 상디,자색 소스 ! 푸딩 프랑키 레이주 상디,자색 소스 ! 푸딩 프랑키 레이주 상디,,,buy,구매,2,,,missing,unknown,unknown,unknown,,active,needs_review,needs_review,희망가 미기재,missing,no,no,자색 소스 삽니다! 푸딩 프랑키 레이주 상디
c158c8a4a6a533f1c5963345,onepiececardgame,원피스 카드게임,2026-08,2026-08-12T18:06:21+09:00,known,49b95915f96d1041c514044d,c158c8a4a6a533f1c5963345,106941,https://m.dcinside.com/board/onepiececardgame/106941,자색 소스 삽니다! 푸딩 프랑키 레이주 상디,seller-8ad10b55fa52911e796a44cf,원딱러,registered,자색 소스 ! 푸딩 프랑키 레이주 상디,자색 소스 ! 푸딩 프랑키 레이주 상디,자색 소스 ! 푸딩 프랑키 레이주 상디,,,buy,구매,2,,,missing,unknown,unknown,unknown,,active,needs_review,needs_review,희망가 미기재,missing,no,no,자색 소스 삽니다! 푸딩 프랑키 레이주 상디
00abc00767703938c8410d04,onepiececardgame,원피스 카드게임,2026-08,2026-08-12T18:51:32+09:00,known,56abb5499215ce4abf55d5df,00abc00767703938c8410d04,106947,https://m.dcinside.com/board/onepiececardgame/106947,미개봉 플쉽 조로 구매합니다.,seller-8ad10b55fa52911e796a44cf,원딱러,registered,택미포,택미포,택미포,,,buy,구매,1,8,80000,estimated,per_card,text,unknown,,active,needs_review,needs_review,"가격 단위 추정, 배송비 포함 여부 미확정",estimated,yes,candidate_estimated,택미포 8에 구매합니다.
4ebabe462e3b700ecaf9b839,onepiececardgame,원피스 카드게임,2026-08,2026-08-12T18:51:32+09:00,known,ff12a5ca74d54e15091e7b92,4ebabe462e3b700ecaf9b839,106947,https://m.dcinside.com/board/onepiececardgame/106947,미개봉 플쉽 조로 구매합니다.,seller-8ad10b55fa52911e796a44cf,원딱러,registered,택미포,택미포,택미포,,,buy,구매,1,8,80000,estimated,per_card,text,unknown,,active,needs_review,needs_review,"가격 단위 추정, 배송비 포함 여부 미확정",estimated,yes,candidate_estimated,택미포 8에 구매합니다.
64db51c3800a79fdba8d105b,onepiececardgame,원피스 카드게임,2026-08,2026-08-12T18:51:32+09:00,known,73a6ff93b8fbc91ab0278f37,64db51c3800a79fdba8d105b,106947,https://m.dcinside.com/board/onepiececardgame/106947,미개봉 플쉽 조로 구매합니다.,seller-8ad10b55fa52911e796a44cf,원딱러,registered,택미포,택미포,택미포,,,buy,구매,1,8,80000,estimated,per_card,text,unknown,,active,needs_review,needs_review,"가격 단위 추정, 배송비 포함 여부 미확정",estimated,yes,candidate_estimated,택미포 8에 구매합니다.
7430e2c63f6b6ec4341a24fd,onepiececardgame,원피스 카드게임,2026-08,2026-08-12T18:51:32+09:00,known,b045a0a12967a4bbd15866ad,7430e2c63f6b6ec4341a24fd,106947,https://m.dcinside.com/board/onepiececardgame/106947,미개봉 플쉽 조로 구매합니다.,seller-8ad10b55fa52911e796a44cf,원딱러,registered,택미포,택미포,택미포,,,buy,구매,1,8,80000,estimated,per_card,text,unknown,,active,needs_review,needs_review,"가격 단위 추정, 배송비 포함 여부 미확정",estimated,yes,candidate_estimated,택미포 8에 구매합니다.
74cf60523c93081cbd849650,onepiececardgame,원피스 카드게임,2026-08,2026-08-12T18:51:32+09:00,known,ca73e6a0992f78c78dc8404b,74cf60523c93081cbd849650,106947,https://m.dcinside.com/board/onepiececardgame/106947,미개봉 플쉽 조로 구매합니다.,seller-8ad10b55fa52911e796a44cf,원딱러,registered,택미포,택미포,택미포,,,buy,구매,1,8,80000,estimated,per_card,text,unknown,,active,needs_review,needs_review,"가격 단위 추정, 배송비 포함 여부 미확정",estimated,yes,candidate_estimated,택미포 8에 구매합니다.
a3300157f07256825ab0de09,onepiececardgame,원피스 카드게임,2026-08,2026-08-12T18:51:32+09:00,known,ac273424aabd1c5f99c07adb,a3300157f07256825ab0de09,106947,https://m.dcinside.com/board/onepiececardgame/106947,미개봉 플쉽 조로 구매합니다.,seller-8ad10b55fa52911e796a44cf,원딱러,registered,택미포,택미포,택미포,,,buy,구매,1,8,80000,estimated,per_card,text,unknown,,active,needs_review,needs_review,"가격 단위 추정, 배송비 포함 여부 미확정",estimated,yes,candidate_estimated,택미포 8에 구매합니다.
312e45505407dfe217cfb3d9,onepiececardgame,원피스 카드게임,2026-08,2026-08-12T20:19:17+09:00,known,3b24dce35914867ee053b646,312e45505407dfe217cfb3d9,106966,https://m.dcinside.com/board/onepiececardgame/106966,스탠 팩 vol 9 & 10 삽니다,seller-8ad10b55fa52911e796a44cf,원딱러,registered,스탠 팩 vol &,스탠 팩 vol &,스탠 팩 vol 9 & 10,,,buy,구매,20,,,missing,unknown,unknown,unknown,,active,needs_review,needs_review,희망가 미기재,missing,no,no,스탠 팩 vol 9 & 10 삽니다
4e80a51b81853e7bbc19def0,onepiececardgame,원피스 카드게임,2026-08,2026-08-12T20:19:17+09:00,known,70067a18ac38d4768d8caa21,4e80a51b81853e7bbc19def0,106966,https://m.dcinside.com/board/onepiececardgame/106966,스탠 팩 vol 9 & 10 삽니다,seller-8ad10b55fa52911e796a44cf,원딱러,registered,스탠 팩 vol &,스탠 팩 vol &,스탠 팩 vol 9 & 10,,,buy,구매,20,,,missing,unknown,unknown,unknown,,active,needs_review,needs_review,희망가 미기재,missing,no,no,스탠 팩 vol 9 & 10 삽니다
5c45732ae90b172c3ebf4644,onepiececardgame,원피스 카드게임,2026-08,2026-08-12T20:19:17+09:00,known,d880bce21693504328f44092,5c45732ae90b172c3ebf4644,106966,https://m.dcinside.com/board/onepiececardgame/106966,스탠 팩 vol 9 & 10 삽니다,seller-8ad10b55fa52911e796a44cf,원딱러,registered,스탠 팩 vol &,스탠 팩 vol &,스탠 팩 vol 9 & 10,,,buy,구매,20,,,missing,unknown,unknown,unknown,,active,needs_review,needs_review,희망가 미기재,missing,no,no,스탠 팩 vol 9 & 10 삽니다
86527472f882984c94de76b7,onepiececardgame,원피스 카드게임,2026-08,2026-08-12T20:19:17+09:00,known,2d11e6773dfd223198485cc6,86527472f882984c94de76b7,106966,https://m.dcinside.com/board/onepiececardgame/106966,스탠 팩 vol 9 & 10 삽니다,seller-8ad10b55fa52911e796a44cf,원딱러,registered,스탠 팩 vol &,스탠 팩 vol &,스탠 팩 vol 9 & 10,,,buy,구매,20,,,missing,unknown,unknown,unknown,,active,needs_review,needs_review,희망가 미기재,missing,no,no,스탠 팩 vol 9 & 10 삽니다
94ceebde5c585bc298f3933e,onepiececardgame,원피스 카드게임,2026-08,2026-08-12T20:19:17+09:00,known,d06c6dbf4ca9851d8ad1546d,94ceebde5c585bc298f3933e,106966,https://m.dcinside.com/board/onepiececardgame/106966,스탠 팩 vol 9 & 10 삽니다,seller-8ad10b55fa52911e796a44cf,원딱러,registered,스탠 팩 vol &,스탠 팩 vol &,스탠 팩 vol 9 & 10,,,buy,구매,20,,,missing,unknown,unknown,unknown,,active,needs_review,needs_review,희망가 미기재,missing,no,no,스탠 팩 vol 9 & 10 삽니다
eb23fb322a141c6f62a28670,onepiececardgame,원피스 카드게임,2026-08,2026-08-12T20:19:17+09:00,known,675b7c6e0506fb16261543ae,eb23fb322a141c6f62a28670,106966,https://m.dcinside.com/board/onepiececardgame/106966,스탠 팩 vol 9 & 10 삽니다,seller-8ad10b55fa52911e796a44cf,원딱러,registered,스탠 팩 vol &,스탠 팩 vol &,스탠 팩 vol 9 & 10,,,buy,구매,20,,,missing,unknown,unknown,unknown,,active,needs_review,needs_review,희망가 미기재,missing,no,no,스탠 팩 vol 9 & 10 삽니다
0cce0f6f282906f2ab9bf0f9,onepiececardgame,원피스 카드게임,2026-08,2026-08-12T22:13:43+09:00,known,b1f081553f0b63cd97f420a0,0cce0f6f282906f2ab9bf0f9,106987,https://m.dcinside.com/board/onepiececardgame/106987,이무 완덱 직으로 삽니다,seller-fbcbc3dd8eb1a324985cdb91,ㅇㅇ,guest,프텍+둥포함,프텍+둥포함,프텍+둥포함,,,buy,구매,1,6,60000,estimated,bundle,text,unknown,,active,needs_review,needs_review,"가격 단위 추정, 복수 카드 가격, 배송비 포함 여부 미확정, 묶음·세트 총액 · 개별 카드 가격 아님",estimated,no,no,프텍+둥포함 6정도에 삽니다
2687babbfadeae76afd38055,onepiececardgame,원피스 카드게임,2026-08,2026-08-12T22:13:43+09:00,known,56f3d92cb88f128ec067d8c3,2687babbfadeae76afd38055,106987,https://m.dcinside.com/board/onepiececardgame/106987,이무 완덱 직으로 삽니다,seller-65e1ad3686e5bda80d14358f,ㅇㅇ,guest,프텍+둥포함,프텍+둥포함,프텍+둥포함,,,buy,구매,1,6,60000,estimated,bundle,text,unknown,,active,needs_review,needs_review,"가격 단위 추정, 복수 카드 가격, 배송비 포함 여부 미확정, 묶음·세트 총액 · 개별 카드 가격 아님",estimated,no,no,프텍+둥포함 6정도에 삽니다
4a6430c73b38169ac2bd8c01,onepiececardgame,원피스 카드게임,2026-08,2026-08-12T22:13:43+09:00,known,6ee93b25229897ddfaf2fe68,4a6430c73b38169ac2bd8c01,106987,https://m.dcinside.com/board/onepiececardgame/106987,이무 완덱 직으로 삽니다,seller-49a93a3255e085ab1a83b2d2,ㅇㅇ,guest,프텍+둥포함,프텍+둥포함,프텍+둥포함,,,buy,구매,1,6,60000,estimated,bundle,text,unknown,,active,needs_review,needs_review,"가격 단위 추정, 복수 카드 가격, 배송비 포함 여부 미확정, 묶음·세트 총액 · 개별 카드 가격 아님",estimated,no,no,프텍+둥포함 6정도에 삽니다
921f3c4dd7c251520e47dba2,onepiececardgame,원피스 카드게임,2026-08,2026-08-12T22:13:43+09:00,known,a6e806c54e8a5f08e14d2cd0,921f3c4dd7c251520e47dba2,106987,https://m.dcinside.com/board/onepiececardgame/106987,이무 완덱 직으로 삽니다,seller-12d29ef6af5e411c0896dd4e,ㅇㅇ,guest,프텍+둥포함,프텍+둥포함,프텍+둥포함,,,buy,구매,1,6,60000,estimated,bundle,text,unknown,,active,needs_review,needs_review,"가격 단위 추정, 복수 카드 가격, 배송비 포함 여부 미확정, 묶음·세트 총액 · 개별 카드 가격 아님",estimated,no,no,프텍+둥포함 6정도에 삽니다
aa7d746ca42bce125cace5fb,onepiececardgame,원피스 카드게임,2026-08,2026-08-12T22:13:43+09:00,known,2ee0625e5e21634258c3c84f,aa7d746ca42bce125cace5fb,106987,https://m.dcinside.com/board/onepiececardgame/106987,이무 완덱 직으로 삽니다,seller-a8cb2c7351b712dbc60a9ccc,ㅇㅇ,guest,프텍+둥포함,프텍+둥포함,프텍+둥포함,,,buy,구매,1,6,60000,estimated,bundle,text,unknown,,active,needs_review,needs_review,"가격 단위 추정, 복수 카드 가격, 배송비 포함 여부 미확정, 묶음·세트 총액 · 개별 카드 가격 아님",estimated,no,no,프텍+둥포함 6정도에 삽니다
e161a1c5d6c78b4b9cd3a2a9,onepiececardgame,원피스 카드게임,2026-08,2026-08-12T22:13:43+09:00,known,6b4d339ee2ffaea8146e7f2b,e161a1c5d6c78b4b9cd3a2a9,106987,https://m.dcinside.com/board/onepiececardgame/106987,이무 완덱 직으로 삽니다,seller-0060933a3d4cc542acb17fe3,ㅇㅇ,guest,프텍+둥포함,프텍+둥포함,프텍+둥포함,,,buy,구매,1,6,60000,estimated,bundle,text,unknown,,active,needs_review,needs_review,"가격 단위 추정, 복수 카드 가격, 배송비 포함 여부 미확정, 묶음·세트 총액 · 개별 카드 가격 아님",estimated,no,no,프텍+둥포함 6정도에 삽니다
e891708e7837ab3da7a3358f,onepiececardgame,원피스 카드게임,2026-08,2026-08-12T22:13:43+09:00,known,0e0cb911cfd4e7ea72f3ae8f,e891708e7837ab3da7a3358f,106987,https://m.dcinside.com/board/onepiececardgame/106987,이무 완덱 직으로 삽니다,seller-fe60e9ea16719650957d1c00,ㅇㅇ,guest,프텍+둥포함,프텍+둥포함,프텍+둥포함,,,buy,구매,1,6,60000,estimated,bundle,text,unknown,,active,needs_review,needs_review,"가격 단위 추정, 복수 카드 가격, 배송비 포함 여부 미확정, 묶음·세트 총액 · 개별 카드 가격 아님",estimated,no,no,프텍+둥포함 6정도에 삽니다
0701280940547fbaf3494a16,onepiececardgame,원피스 카드게임,2026-08,2026-08-12T22:14:58+09:00,known,04e54b48aa3d5ab2dd8a4754,0701280940547fbaf3494a16,106988,https://m.dcinside.com/board/onepiececardgame/106988,13탄 및 히로인즈 소소하게 팔아봅니다,seller-8ad10b55fa52911e796a44cf,원딱러,registered,var safe = window.dcAd && window.dcAd.safe ==,var safe = window.dcAd && window.dcAd.safe ==,var safe = (window.dcAd && window.dcAd.safe ==,,,buy,구매,1,1,10000,estimated,bundle,text,unknown,,active,needs_review,needs_review,"가격 단위 추정, 복수 카드 가격, 배송비 포함 여부 미확정, 묶음·세트 총액 · 개별 카드 가격 아님",estimated,no,no,var safe = (window.dcAd && window.dcAd.safe == 1)
0af6b3d52baf55760e106ebf,onepiececardgame,원피스 카드게임,2026-08,2026-08-12T22:14:58+09:00,known,0f29ce79095ca3101be6a714,0af6b3d52baf55760e106ebf,106988,https://m.dcinside.com/board/onepiececardgame/106988,13탄 및 히로인즈 소소하게 팔아봅니다,seller-8ad10b55fa52911e796a44cf,원딱러,registered,녹 니카 프로모,녹 니카 프로모,녹 니카 프로모,,,buy,구매,1,0.4,4000,estimated,per_card,text,unknown,,active,needs_review,needs_review,"가격 단위 추정, 배송비 포함 여부 미확정",estimated,yes,candidate_estimated,녹 니카 프로모 0.4
15a51246283708e86ef7c67b,onepiececardgame,원피스 카드게임,2026-08,2026-08-12T22:14:58+09:00,known,0f29ce79095ca3101be6a714,15a51246283708e86ef7c67b,106988,https://m.dcinside.com/board/onepiececardgame/106988,13탄 및 히로인즈 소소하게 팔아봅니다,seller-8ad10b55fa52911e796a44cf,원딱러,registered,loadScript 'https pagead,loadScript 'https pagead,loadScript('https://pagead,,,buy,구매,1,2,20000,estimated,bundle,text,unknown,,active,needs_review,needs_review,"가격 단위 추정, 복수 카드 가격, 배송비 포함 여부 미확정, 묶음·세트 총액 · 개별 카드 가격 아님",estimated,no,no,"loadScript('https://pagead2.googlesyndication.com/pagead/js/adsbygoogle_direct.js?client=ca-pub-8171468792791627', true, 'anonymous');"
16a8d4aa552284f4da09d00d,onepiececardgame,원피스 카드게임,2026-08,2026-08-12T22:14:58+09:00,known,0f29ce79095ca3101be6a714,16a8d4aa552284f4da09d00d,106988,https://m.dcinside.com/board/onepiececardgame/106988,13탄 및 히로인즈 소소하게 팔아봅니다,seller-8ad10b55fa52911e796a44cf,원딱러,registered,히로인즈 우타,히로인즈 우타,히로인즈 우타,,시크,buy,구매,1,0.7,7000,estimated,per_card,text,unknown,,active,needs_review,needs_review,"가격 단위 추정, 배송비 포함 여부 미확정",estimated,yes,candidate_estimated,히로인즈 우타 시크 0.7
1dcd42b50b0411e0cb6b1cd3,onepiececardgame,원피스 카드게임,2026-08,2026-08-12T22:14:58+09:00,known,04e54b48aa3d5ab2dd8a4754,1dcd42b50b0411e0cb6b1cd3,106988,https://m.dcinside.com/board/onepiececardgame/106988,13탄 및 히로인즈 소소하게 팔아봅니다,seller-8ad10b55fa52911e796a44cf,원딱러,registered,loadScript ' t,loadScript ' t,loadScript('//t,,,buy,구매,1,1,10000,estimated,bundle,text,unknown,,active,needs_review,needs_review,"가격 단위 추정, 복수 카드 가격, 배송비 포함 여부 미확정, 묶음·세트 총액 · 개별 카드 가격 아님",estimated,no,no,"loadScript('//t1.kakaocdn.net/kas/static/ba.min.js', true);"
22ffae9476428b3e98ab913d,onepiececardgame,원피스 카드게임,2026-08,2026-08-12T22:14:58+09:00,known,04e54b48aa3d5ab2dd8a4754,22ffae9476428b3e98ab913d,106988,https://m.dcinside.com/board/onepiececardgame/106988,13탄 및 히로인즈 소소하게 팔아봅니다,seller-8ad10b55fa52911e796a44cf,원딱러,registered,11탄 루피,11탄 루피,11탄 루피,,시크,buy,구매,1,0.5,5000,estimated,per_card,text,unknown,,active,needs_review,needs_review,"가격 단위 추정, 배송비 포함 여부 미확정",estimated,yes,candidate_estimated,11탄 루피 시크 0.5
2a7b93624027b8fc5491b570,onepiececardgame,원피스 카드게임,2026-08,2026-08-12T22:14:58+09:00,known,04e54b48aa3d5ab2dd8a4754,2a7b93624027b8fc5491b570,106988,https://m.dcinside.com/board/onepiececardgame/106988,13탄 및 히로인즈 소소하게 팔아봅니다,seller-8ad10b55fa52911e796a44cf,원딱러,registered,히로인즈 로빈 sr,히로인즈 로빈 sr,히로인즈 로빈 sr,,,buy,구매,1,0.8,8000,estimated,per_card,text,unknown,,active,needs_review,needs_review,"가격 단위 추정, 배송비 포함 여부 미확정",estimated,yes,candidate_estimated,히로인즈 로빈 sr 0.8
2af27631b1fadba913b23362,onepiececardgame,원피스 카드게임,2026-08,2026-08-12T22:14:58+09:00,known,04e54b48aa3d5ab2dd8a4754,2af27631b1fadba913b23362,106988,https://m.dcinside.com/board/onepiececardgame/106988,13탄 및 히로인즈 소소하게 팔아봅니다,seller-8ad10b55fa52911e796a44cf,원딱러,registered,13탄 행콕 페레,13탄 행콕 페레,13탄 행콕 페레,,,buy,구매,1,2.5,25000,estimated,per_card,text,unknown,,active,needs_review,needs_review,"가격 단위 추정, 배송비 포함 여부 미확정",estimated,yes,candidate_estimated,13탄 행콕 페레 2.5
319a510c7303a48aa429dd67,onepiececardgame,원피스 카드게임,2026-08,2026-08-12T22:14:58+09:00,known,0f29ce79095ca3101be6a714,319a510c7303a48aa429dd67,106988,https://m.dcinside.com/board/onepiececardgame/106988,13탄 및 히로인즈 소소하게 팔아봅니다,seller-8ad10b55fa52911e796a44cf,원딱러,registered,loadScript ' t,loadScript ' t,loadScript('//t,,,buy,구매,1,1,10000,estimated,bundle,text,unknown,,active,needs_review,needs_review,"가격 단위 추정, 복수 카드 가격, 배송비 포함 여부 미확정, 묶음·세트 총액 · 개별 카드 가격 아님",estimated,no,no,"loadScript('//t1.kakaocdn.net/kas/static/ba.min.js', true);"
39909cf55a214bb56b588869,onepiececardgame,원피스 카드게임,2026-08,2026-08-12T22:14:58+09:00,known,0f29ce79095ca3101be6a714,39909cf55a214bb56b588869,106988,https://m.dcinside.com/board/onepiececardgame/106988,13탄 및 히로인즈 소소하게 팔아봅니다,seller-8ad10b55fa52911e796a44cf,원딱러,registered,DOM 삽입 헬퍼 현재 스크립트 위치 기준,DOM 삽입 헬퍼 현재 스크립트 위치 기준,// ---- DOM 삽입 헬퍼 (현재 스크립트 위치 기준,,,buy,구매,1,1,10000,estimated,bundle,text,unknown,,active,needs_review,needs_review,"가격 단위 추정, 복수 카드 가격, 배송비 포함 여부 미확정, 묶음·세트 총액 · 개별 카드 가격 아님",estimated,no,no,// ---- DOM 삽입 헬퍼 (현재 스크립트 위치 기준1)
44896c0e590002b8139785f2,onepiececardgame,원피스 카드게임,2026-08,2026-08-12T22:14:58+09:00,known,04e54b48aa3d5ab2dd8a4754,44896c0e590002b8139785f2,106988,https://m.dcinside.com/board/onepiececardgame/106988,13탄 및 히로인즈 소소하게 팔아봅니다,seller-8ad10b55fa52911e796a44cf,원딱러,registered,적 샹크스 프로모,적 샹크스 프로모,적 샹크스 프로모,,,buy,구매,1,0.3,3000,estimated,per_card,text,unknown,,active,needs_review,needs_review,"가격 단위 추정, 배송비 포함 여부 미확정",estimated,yes,candidate_estimated,적 샹크스 프로모 0.3
63da2ee98316ea781085a0a6,onepiececardgame,원피스 카드게임,2026-08,2026-08-12T22:14:58+09:00,known,04e54b48aa3d5ab2dd8a4754,63da2ee98316ea781085a0a6,106988,https://m.dcinside.com/board/onepiececardgame/106988,13탄 및 히로인즈 소소하게 팔아봅니다,seller-8ad10b55fa52911e796a44cf,원딱러,registered,히로인즈 행콕 페레,히로인즈 행콕 페레,히로인즈 행콕 페레,,,buy,구매,1,2.5,25000,estimated,per_card,text,unknown,,active,needs_review,needs_review,"가격 단위 추정, 배송비 포함 여부 미확정",estimated,yes,candidate_estimated,히로인즈 행콕 페레 2.5
65dd947c6697b6f1e56f54b2,onepiececardgame,원피스 카드게임,2026-08,2026-08-12T22:14:58+09:00,known,0f29ce79095ca3101be6a714,65dd947c6697b6f1e56f54b2,106988,https://m.dcinside.com/board/onepiececardgame/106988,13탄 및 히로인즈 소소하게 팔아봅니다,seller-8ad10b55fa52911e796a44cf,원딱러,registered,13탄 샹크스 페레,13탄 샹크스 페레,13탄 샹크스 페레,,,buy,구매,1,0.8,8000,estimated,per_card,text,unknown,,active,needs_review,needs_review,"가격 단위 추정, 배송비 포함 여부 미확정",estimated,yes,candidate_estimated,13탄 샹크스 페레 0.8
79dfb1854388c231d45d822c,onepiececardgame,원피스 카드게임,2026-08,2026-08-12T22:14:58+09:00,known,04e54b48aa3d5ab2dd8a4754,79dfb1854388c231d45d822c,106988,https://m.dcinside.com/board/onepiececardgame/106988,13탄 및 히로인즈 소소하게 팔아봅니다,seller-8ad10b55fa52911e796a44cf,원딱러,registered,각,각,각,,,buy,구매,1,0.1,1000,estimated,per_card,text,unknown,,active,needs_review,needs_review,"가격 단위 추정, 배송비 포함 여부 미확정, 카드명 확인 필요",estimated,yes,candidate_estimated,각 0.1
7d0f2c5813ea55bd76ebd5c7,onepiececardgame,원피스 카드게임,2026-08,2026-08-12T22:14:58+09:00,known,04e54b48aa3d5ab2dd8a4754,7d0f2c5813ea55bd76ebd5c7,106988,https://m.dcinside.com/board/onepiececardgame/106988,13탄 및 히로인즈 소소하게 팔아봅니다,seller-8ad10b55fa52911e796a44cf,원딱러,registered,녹 니카 프로모,녹 니카 프로모,녹 니카 프로모,,,buy,구매,1,0.4,4000,estimated,per_card,text,unknown,,active,needs_review,needs_review,"가격 단위 추정, 배송비 포함 여부 미확정",estimated,yes,candidate_estimated,녹 니카 프로모 0.4
8af26edbfcb1167365c64f82,onepiececardgame,원피스 카드게임,2026-08,2026-08-12T22:14:58+09:00,known,04e54b48aa3d5ab2dd8a4754,8af26edbfcb1167365c64f82,106988,https://m.dcinside.com/board/onepiececardgame/106988,13탄 및 히로인즈 소소하게 팔아봅니다,seller-8ad10b55fa52911e796a44cf,원딱러,registered,각,각,각,,,buy,구매,1,0.05,500,estimated,per_card,text,unknown,,active,needs_review,needs_review,"가격 단위 추정, 배송비 포함 여부 미확정, 카드명 확인 필요",estimated,yes,candidate_estimated,각 0.05
94f65a2149fb0695224aa6d1,onepiececardgame,원피스 카드게임,2026-08,2026-08-12T22:14:58+09:00,known,0f29ce79095ca3101be6a714,94f65a2149fb0695224aa6d1,106988,https://m.dcinside.com/board/onepiececardgame/106988,13탄 및 히로인즈 소소하게 팔아봅니다,seller-8ad10b55fa52911e796a44cf,원딱러,registered,각,각,각,,,buy,구매,1,0.05,500,estimated,per_card,text,unknown,,active,needs_review,needs_review,"가격 단위 추정, 배송비 포함 여부 미확정, 카드명 확인 필요",estimated,yes,candidate_estimated,각 0.05
95b427a54fe34a06d12844eb,onepiececardgame,원피스 카드게임,2026-08,2026-08-12T22:14:58+09:00,known,0f29ce79095ca3101be6a714,95b427a54fe34a06d12844eb,106988,https://m.dcinside.com/board/onepiececardgame/106988,13탄 및 히로인즈 소소하게 팔아봅니다,seller-8ad10b55fa52911e796a44cf,원딱러,registered,var safe = window.dcAd && window.dcAd.safe ==,var safe = window.dcAd && window.dcAd.safe ==,var safe = (window.dcAd && window.dcAd.safe ==,,,buy,구매,1,1,10000,estimated,bundle,text,unknown,,active,needs_review,needs_review,"가격 단위 추정, 복수 카드 가격, 배송비 포함 여부 미확정, 묶음·세트 총액 · 개별 카드 가격 아님",estimated,no,no,var safe = (window.dcAd && window.dcAd.safe == 1)
a17ef9dfeddf8c42d44af4eb,onepiececardgame,원피스 카드게임,2026-08,2026-08-12T22:14:58+09:00,known,04e54b48aa3d5ab2dd8a4754,a17ef9dfeddf8c42d44af4eb,106988,https://m.dcinside.com/board/onepiececardgame/106988,13탄 및 히로인즈 소소하게 팔아봅니다,seller-8ad10b55fa52911e796a44cf,원딱러,registered,DOM 삽입 헬퍼 현재 스크립트 위치 기준,DOM 삽입 헬퍼 현재 스크립트 위치 기준,// ---- DOM 삽입 헬퍼 (현재 스크립트 위치 기준,,,buy,구매,1,1,10000,estimated,bundle,text,unknown,,active,needs_review,needs_review,"가격 단위 추정, 복수 카드 가격, 배송비 포함 여부 미확정, 묶음·세트 총액 · 개별 카드 가격 아님",estimated,no,no,// ---- DOM 삽입 헬퍼 (현재 스크립트 위치 기준1)
aa0adb4b1d523b5e3c6a0c18,onepiececardgame,원피스 카드게임,2026-08,2026-08-12T22:14:58+09:00,known,0f29ce79095ca3101be6a714,aa0adb4b1d523b5e3c6a0c18,106988,https://m.dcinside.com/board/onepiececardgame/106988,13탄 및 히로인즈 소소하게 팔아봅니다,seller-8ad10b55fa52911e796a44cf,원딱러,registered,히로인즈 행콕 페레,히로인즈 행콕 페레,히로인즈 행콕 페레,,,buy,구매,1,2.5,25000,estimated,per_card,text,unknown,,active,needs_review,needs_review,"가격 단위 추정, 배송비 포함 여부 미확정",estimated,yes,candidate_estimated,히로인즈 행콕 페레 2.5
ad46e2db2bc373c2572eb36c,onepiececardgame,원피스 카드게임,2026-08,2026-08-12T22:14:58+09:00,known,04e54b48aa3d5ab2dd8a4754,ad46e2db2bc373c2572eb36c,106988,https://m.dcinside.com/board/onepiececardgame/106988,13탄 및 히로인즈 소소하게 팔아봅니다,seller-8ad10b55fa52911e796a44cf,원딱러,registered,13탄 흰수염 sr,13탄 흰수염 sr,13탄 흰수염 sr,,,buy,구매,1,0.5,5000,estimated,per_card,text,unknown,,active,needs_review,needs_review,"가격 단위 추정, 배송비 포함 여부 미확정",estimated,yes,candidate_estimated,13탄 흰수염 sr 0.5
add7dc4d89031e9fa55752f3,onepiececardgame,원피스 카드게임,2026-08,2026-08-12T22:14:58+09:00,known,0f29ce79095ca3101be6a714,add7dc4d89031e9fa55752f3,106988,https://m.dcinside.com/board/onepiececardgame/106988,13탄 및 히로인즈 소소하게 팔아봅니다,seller-8ad10b55fa52911e796a44cf,원딱러,registered,히로인즈 나미 sr,히로인즈 나미 sr,히로인즈 나미 sr,,,buy,구매,1,0.9,9000,estimated,per_card,text,unknown,,active,needs_review,needs_review,"가격 단위 추정, 배송비 포함 여부 미확정",estimated,yes,candidate_estimated,히로인즈 나미 sr 0.9
aed503f85cdf3c9ec30f61d7,onepiececardgame,원피스 카드게임,2026-08,2026-08-12T22:14:58+09:00,known,04e54b48aa3d5ab2dd8a4754,aed503f85cdf3c9ec30f61d7,106988,https://m.dcinside.com/board/onepiececardgame/106988,13탄 및 히로인즈 소소하게 팔아봅니다,seller-8ad10b55fa52911e796a44cf,원딱러,registered,히로인즈 페로나 페레,히로인즈 페로나 페레,히로인즈 페로나 페레,,,buy,구매,1,1.0,10000,estimated,per_card,text,unknown,,active,needs_review,needs_review,"가격 단위 추정, 배송비 포함 여부 미확정",estimated,yes,candidate_estimated,히로인즈 페로나 페레 1.0
b28e9333f142ff681ccb765a,onepiececardgame,원피스 카드게임,2026-08,2026-08-12T22:14:58+09:00,known,04e54b48aa3d5ab2dd8a4754,b28e9333f142ff681ccb765a,106988,https://m.dcinside.com/board/onepiececardgame/106988,13탄 및 히로인즈 소소하게 팔아봅니다,seller-8ad10b55fa52911e796a44cf,원딱러,registered,히로인즈 나미 sr,히로인즈 나미 sr,히로인즈 나미 sr,,,buy,구매,1,0.9,9000,estimated,per_card,text,unknown,,active,needs_review,needs_review,"가격 단위 추정, 배송비 포함 여부 미확정",estimated,yes,candidate_estimated,히로인즈 나미 sr 0.9
d320d27e2946684905ff43f8,onepiececardgame,원피스 카드게임,2026-08,2026-08-12T22:14:58+09:00,known,04e54b48aa3d5ab2dd8a4754,d320d27e2946684905ff43f8,106988,https://m.dcinside.com/board/onepiececardgame/106988,13탄 및 히로인즈 소소하게 팔아봅니다,seller-8ad10b55fa52911e796a44cf,원딱러,registered,히로인즈 우타,히로인즈 우타,히로인즈 우타,,시크,buy,구매,1,0.7,7000,estimated,per_card,text,unknown,,active,needs_review,needs_review,"가격 단위 추정, 배송비 포함 여부 미확정",estimated,yes,candidate_estimated,히로인즈 우타 시크 0.7
dfbe559dbd0e79841503ed8a,onepiececardgame,원피스 카드게임,2026-08,2026-08-12T22:14:58+09:00,known,04e54b48aa3d5ab2dd8a4754,dfbe559dbd0e79841503ed8a,106988,https://m.dcinside.com/board/onepiececardgame/106988,13탄 및 히로인즈 소소하게 팔아봅니다,seller-8ad10b55fa52911e796a44cf,원딱러,registered,loadScript 'https pagead,loadScript 'https pagead,loadScript('https://pagead,,,buy,구매,1,2,20000,estimated,bundle,text,unknown,,active,needs_review,needs_review,"가격 단위 추정, 복수 카드 가격, 배송비 포함 여부 미확정, 묶음·세트 총액 · 개별 카드 가격 아님",estimated,no,no,"loadScript('https://pagead2.googlesyndication.com/pagead/js/adsbygoogle_direct.js?client=ca-pub-8171468792791627', true, 'anonymous');"
e01a8406327ab5fd484e413e,onepiececardgame,원피스 카드게임,2026-08,2026-08-12T22:14:58+09:00,known,0f29ce79095ca3101be6a714,e01a8406327ab5fd484e413e,106988,https://m.dcinside.com/board/onepiececardgame/106988,13탄 및 히로인즈 소소하게 팔아봅니다,seller-8ad10b55fa52911e796a44cf,원딱러,registered,각,각,각,,,buy,구매,1,0.1,1000,estimated,per_card,text,unknown,,active,needs_review,needs_review,"가격 단위 추정, 배송비 포함 여부 미확정, 카드명 확인 필요",estimated,yes,candidate_estimated,각 0.1
e3d6bb6aecf9e9bd47046df2,onepiececardgame,원피스 카드게임,2026-08,2026-08-12T22:14:58+09:00,known,0f29ce79095ca3101be6a714,e3d6bb6aecf9e9bd47046df2,106988,https://m.dcinside.com/board/onepiececardgame/106988,13탄 및 히로인즈 소소하게 팔아봅니다,seller-8ad10b55fa52911e796a44cf,원딱러,registered,11탄 루피,11탄 루피,11탄 루피,,시크,buy,구매,1,0.5,5000,estimated,per_card,text,unknown,,active,needs_review,needs_review,"가격 단위 추정, 배송비 포함 여부 미확정",estimated,yes,candidate_estimated,11탄 루피 시크 0.5
e59ee9f2b16d8ccd7e4432f1,onepiececardgame,원피스 카드게임,2026-08,2026-08-12T22:14:58+09:00,known,0f29ce79095ca3101be6a714,e59ee9f2b16d8ccd7e4432f1,106988,https://m.dcinside.com/board/onepiececardgame/106988,13탄 및 히로인즈 소소하게 팔아봅니다,seller-8ad10b55fa52911e796a44cf,원딱러,registered,13탄 행콕 페레,13탄 행콕 페레,13탄 행콕 페레,,,buy,구매,1,2.5,25000,estimated,per_card,text,unknown,,active,needs_review,needs_review,"가격 단위 추정, 배송비 포함 여부 미확정",estimated,yes,candidate_estimated,13탄 행콕 페레 2.5
efe346b5daf52453ba15e05a,onepiececardgame,원피스 카드게임,2026-08,2026-08-12T22:14:58+09:00,known,0f29ce79095ca3101be6a714,efe346b5daf52453ba15e05a,106988,https://m.dcinside.com/board/onepiececardgame/106988,13탄 및 히로인즈 소소하게 팔아봅니다,seller-8ad10b55fa52911e796a44cf,원딱러,registered,13탄 흰수염 sr,13탄 흰수염 sr,13탄 흰수염 sr,,,buy,구매,1,0.5,5000,estimated,per_card,text,unknown,,active,needs_review,needs_review,"가격 단위 추정, 배송비 포함 여부 미확정",estimated,yes,candidate_estimated,13탄 흰수염 sr 0.5
f6990f3916792039b4ec697c,onepiececardgame,원피스 카드게임,2026-08,2026-08-12T22:14:58+09:00,known,0f29ce79095ca3101be6a714,f6990f3916792039b4ec697c,106988,https://m.dcinside.com/board/onepiececardgame/106988,13탄 및 히로인즈 소소하게 팔아봅니다,seller-8ad10b55fa52911e796a44cf,원딱러,registered,히로인즈 페로나 페레,히로인즈 페로나 페레,히로인즈 페로나 페레,,,buy,구매,1,1.0,10000,estimated,per_card,text,unknown,,active,needs_review,needs_review,"가격 단위 추정, 배송비 포함 여부 미확정",estimated,yes,candidate_estimated,히로인즈 페로나 페레 1.0
f9f2d9b04539729f870b2dde,onepiececardgame,원피스 카드게임,2026-08,2026-08-12T22:14:58+09:00,known,04e54b48aa3d5ab2dd8a4754,f9f2d9b04539729f870b2dde,106988,https://m.dcinside.com/board/onepiececardgame/106988,13탄 및 히로인즈 소소하게 팔아봅니다,seller-8ad10b55fa52911e796a44cf,원딱러,registered,13탄 샹크스 페레,13탄 샹크스 페레,13탄 샹크스 페레,,,buy,구매,1,0.8,8000,estimated,per_card,text,unknown,,active,needs_review,needs_review,"가격 단위 추정, 배송비 포함 여부 미확정",estimated,yes,candidate_estimated,13탄 샹크스 페레 0.8
fc43f6f71004e4f1600a7522,onepiececardgame,원피스 카드게임,2026-08,2026-08-12T22:14:58+09:00,known,0f29ce79095ca3101be6a714,fc43f6f71004e4f1600a7522,106988,https://m.dcinside.com/board/onepiececardgame/106988,13탄 및 히로인즈 소소하게 팔아봅니다,seller-8ad10b55fa52911e796a44cf,원딱러,registered,적 샹크스 프로모,적 샹크스 프로모,적 샹크스 프로모,,,buy,구매,1,0.3,3000,estimated,per_card,text,unknown,,active,needs_review,needs_review,"가격 단위 추정, 배송비 포함 여부 미확정",estimated,yes,candidate_estimated,적 샹크스 프로모 0.3
fd2d16908f556b0ab4364b11,onepiececardgame,원피스 카드게임,2026-08,2026-08-12T22:14:58+09:00,known,0f29ce79095ca3101be6a714,fd2d16908f556b0ab4364b11,106988,https://m.dcinside.com/board/onepiececardgame/106988,13탄 및 히로인즈 소소하게 팔아봅니다,seller-8ad10b55fa52911e796a44cf,원딱러,registered,히로인즈 로빈 sr,히로인즈 로빈 sr,히로인즈 로빈 sr,,,buy,구매,1,0.8,8000,estimated,per_card,text,unknown,,active,needs_review,needs_review,"가격 단위 추정, 배송비 포함 여부 미확정",estimated,yes,candidate_estimated,히로인즈 로빈 sr 0.8
012a2c0821f3696586384d8c,onepiececardgame,원피스 카드게임,2026-08,2026-08-12T22:24:22+09:00,known,1f1dcf05334bd8c17945a4df,012a2c0821f3696586384d8c,106990,https://m.dcinside.com/board/onepiececardgame/106990,루피 및 각종 페레 삽니다,seller-8ad10b55fa52911e796a44cf,원딱러,registered,op13-001 루피,op13-001 루피,op13-001 루피,,,buy,구매,1,3.5,35000,estimated,per_card,text,unknown,,active,needs_review,needs_review,"가격 단위 추정, 배송비 포함 여부 미확정",estimated,yes,candidate_estimated,op13-001 루피 3.5
01e4db2fbd9f8333d0e75ba8,onepiececardgame,원피스 카드게임,2026-08,2026-08-12T22:24:22+09:00,known,ff4c1cdabb97abba593cd019,01e4db2fbd9f8333d0e75ba8,106990,https://m.dcinside.com/board/onepiececardgame/106990,루피 및 각종 페레 삽니다,seller-8ad10b55fa52911e796a44cf,원딱러,registered,op11-040 루피,op11-040 루피,op11-040 루피,,,buy,구매,1,3.5,35000,estimated,per_card,text,unknown,,active,needs_review,needs_review,"가격 단위 추정, 배송비 포함 여부 미확정",estimated,yes,candidate_estimated,op11-040 루피 3.5
03b88d4f2d2e260448fe85f9,onepiececardgame,원피스 카드게임,2026-08,2026-08-12T22:24:22+09:00,known,1f1dcf05334bd8c17945a4df,03b88d4f2d2e260448fe85f9,106990,https://m.dcinside.com/board/onepiececardgame/106990,루피 및 각종 페레 삽니다,seller-8ad10b55fa52911e796a44cf,원딱러,registered,op10-118 루피,op10-118 루피,op10-118 루피,,시크페레,buy,구매,1,1.5,15000,estimated,per_card,text,unknown,,active,needs_review,needs_review,"가격 단위 추정, 배송비 포함 여부 미확정",estimated,yes,candidate_estimated,op10-118 루피 시크페레 1.5
04b5b66757fe832a0e4893ba,onepiececardgame,원피스 카드게임,2026-08,2026-08-12T22:24:22+09:00,known,dfd97392ef19242fd3c96975,04b5b66757fe832a0e4893ba,106990,https://m.dcinside.com/board/onepiececardgame/106990,루피 및 각종 페레 삽니다,seller-8ad10b55fa52911e796a44cf,원딱러,registered,op11-041 나미,op11-041 나미,op11-041 나미,,,buy,구매,1,3.5,35000,estimated,per_card,text,unknown,,active,needs_review,needs_review,"가격 단위 추정, 배송비 포함 여부 미확정",estimated,yes,candidate_estimated,op11-041 나미 3.5
0c377c3e85bab19e110d9034,onepiececardgame,원피스 카드게임,2026-08,2026-08-12T22:24:22+09:00,known,dfd97392ef19242fd3c96975,0c377c3e85bab19e110d9034,106990,https://m.dcinside.com/board/onepiececardgame/106990,루피 및 각종 페레 삽니다,seller-8ad10b55fa52911e796a44cf,원딱러,registered,op01-060 도플라밍고,op01-060 도플라밍고,op01-060 도플라밍고,,,buy,구매,1,1.5,15000,estimated,per_card,text,unknown,,active,needs_review,needs_review,"가격 단위 추정, 배송비 포함 여부 미확정",estimated,yes,candidate_estimated,op01-060 도플라밍고 1.5
0c877082d3b1ea3d41e23835,onepiececardgame,원피스 카드게임,2026-08,2026-08-12T22:24:22+09:00,known,527658a89bd189476f4ead0d,0c877082d3b1ea3d41e23835,106990,https://m.dcinside.com/board/onepiececardgame/106990,루피 및 각종 페레 삽니다,seller-8ad10b55fa52911e796a44cf,원딱러,registered,op13,op13,op13,,,buy,구매,1,002,20000,estimated,per_card,text,unknown,,active,needs_review,needs_review,"가격 단위 추정, 배송비 포함 여부 미확정",estimated,yes,candidate_estimated,op13-002 에이스 3.3
0d0b916f8e468936a73d1609,onepiececardgame,원피스 카드게임,2026-08,2026-08-12T22:24:22+09:00,known,3d8af7d593cbef6f3635a4dd,0d0b916f8e468936a73d1609,106990,https://m.dcinside.com/board/onepiececardgame/106990,루피 및 각종 페레 삽니다,seller-8ad10b55fa52911e796a44cf,원딱러,registered,op13-091 마즈 성 페레,op13-091 마즈 성 페레,op13-091 마즈 성 페레,,,buy,구매,1,1.5,15000,estimated,per_card,text,unknown,,active,needs_review,needs_review,"가격 단위 추정, 배송비 포함 여부 미확정",estimated,yes,candidate_estimated,op13-091 마즈 성 페레 - 1.5
13a185af876a540dec488f2a,onepiececardgame,원피스 카드게임,2026-08,2026-08-12T22:24:22+09:00,known,b09b47b075be18e8d78170cf,13a185af876a540dec488f2a,106990,https://m.dcinside.com/board/onepiececardgame/106990,루피 및 각종 페레 삽니다,seller-8ad10b55fa52911e796a44cf,원딱러,registered,op10-118 루피,op10-118 루피,op10-118 루피,,시크페레,buy,구매,1,1.5,15000,estimated,per_card,text,unknown,,active,needs_review,needs_review,"가격 단위 추정, 배송비 포함 여부 미확정",estimated,yes,candidate_estimated,op10-118 루피 시크페레 1.5
1a27d8c56407f89e058baedc,onepiececardgame,원피스 카드게임,2026-08,2026-08-12T22:24:22+09:00,known,ff4c1cdabb97abba593cd019,1a27d8c56407f89e058baedc,106990,https://m.dcinside.com/board/onepiececardgame/106990,루피 및 각종 페레 삽니다,seller-8ad10b55fa52911e796a44cf,원딱러,registered,op11-062 카타쿠리,op11-062 카타쿠리,op11-062 카타쿠리,,,buy,구매,1,1.5,15000,estimated,per_card,text,unknown,,active,needs_review,needs_review,"가격 단위 추정, 배송비 포함 여부 미확정",estimated,yes,candidate_estimated,op11-062 카타쿠리 1.5
1a9f71f62ad48b781aa5d4ac,onepiececardgame,원피스 카드게임,2026-08,2026-08-12T22:24:22+09:00,known,1f1dcf05334bd8c17945a4df,1a9f71f62ad48b781aa5d4ac,106990,https://m.dcinside.com/board/onepiececardgame/106990,루피 및 각종 페레 삽니다,seller-8ad10b55fa52911e796a44cf,원딱러,registered,op09-042 버기,op09-042 버기,op09-042 버기,,,buy,구매,1,1.2,12000,estimated,per_card,text,unknown,,active,needs_review,needs_review,"가격 단위 추정, 배송비 포함 여부 미확정",estimated,yes,candidate_estimated,op09-042 버기 1.2
246a4b4ef05ff8398aab794b,onepiececardgame,원피스 카드게임,2026-08,2026-08-12T22:24:22+09:00,known,dfd97392ef19242fd3c96975,246a4b4ef05ff8398aab794b,106990,https://m.dcinside.com/board/onepiececardgame/106990,루피 및 각종 페레 삽니다,seller-8ad10b55fa52911e796a44cf,원딱러,registered,op09-001 샹크스,op09-001 샹크스,op09-001 샹크스,,,buy,구매,1,1.8,18000,estimated,per_card,text,unknown,,active,needs_review,needs_review,"가격 단위 추정, 배송비 포함 여부 미확정",estimated,yes,candidate_estimated,op09-001 샹크스 1.8
2c453a7b6b72ef4e6169cb9b,onepiececardgame,원피스 카드게임,2026-08,2026-08-12T22:24:22+09:00,known,b09b47b075be18e8d78170cf,2c453a7b6b72ef4e6169cb9b,106990,https://m.dcinside.com/board/onepiececardgame/106990,루피 및 각종 페레 삽니다,seller-8ad10b55fa52911e796a44cf,원딱러,registered,op09-001 샹크스,op09-001 샹크스,op09-001 샹크스,,,buy,구매,1,1.8,18000,estimated,per_card,text,unknown,,active,needs_review,needs_review,"가격 단위 추정, 배송비 포함 여부 미확정",estimated,yes,candidate_estimated,op09-001 샹크스 1.8
2d2177ad36242133b7ed1555,onepiececardgame,원피스 카드게임,2026-08,2026-08-12T22:24:22+09:00,known,527658a89bd189476f4ead0d,2d2177ad36242133b7ed1555,106990,https://m.dcinside.com/board/onepiececardgame/106990,루피 및 각종 페레 삽니다,seller-8ad10b55fa52911e796a44cf,원딱러,registered,op09-001 샹크스,op09-001 샹크스,op09-001 샹크스,,,buy,구매,1,1.8,18000,estimated,per_card,text,unknown,,active,needs_review,needs_review,"가격 단위 추정, 배송비 포함 여부 미확정",estimated,yes,candidate_estimated,op09-001 샹크스 1.8
2d6cbbf424e200d3f5fccdc9,onepiececardgame,원피스 카드게임,2026-08,2026-08-12T22:24:22+09:00,known,1f1dcf05334bd8c17945a4df,2d6cbbf424e200d3f5fccdc9,106990,https://m.dcinside.com/board/onepiececardgame/106990,루피 및 각종 페레 삽니다,seller-8ad10b55fa52911e796a44cf,원딱러,registered,op04-090 루피 sr페레,op04-090 루피 sr페레,op04-090 루피 sr페레,,,buy,구매,1,1.0,10000,estimated,per_card,text,unknown,,active,needs_review,needs_review,"가격 단위 추정, 배송비 포함 여부 미확정",estimated,yes,candidate_estimated,op04-090 루피 sr페레 1.0
2f0e2bc8af3394ca63b1245f,onepiececardgame,원피스 카드게임,2026-08,2026-08-12T22:24:22+09:00,known,3d8af7d593cbef6f3635a4dd,2f0e2bc8af3394ca63b1245f,106990,https://m.dcinside.com/board/onepiececardgame/106990,루피 및 각종 페레 삽니다,seller-8ad10b55fa52911e796a44cf,원딱러,registered,op13-001 루피,op13-001 루피,op13-001 루피,,,buy,구매,1,3.5,35000,estimated,per_card,text,unknown,,active,needs_review,needs_review,"가격 단위 추정, 배송비 포함 여부 미확정",estimated,yes,candidate_estimated,op13-001 루피 3.5
2fad0d313f64fff1248d71c0,onepiececardgame,원피스 카드게임,2026-08,2026-08-12T22:24:22+09:00,known,527658a89bd189476f4ead0d,2fad0d313f64fff1248d71c0,106990,https://m.dcinside.com/board/onepiececardgame/106990,루피 및 각종 페레 삽니다,seller-8ad10b55fa52911e796a44cf,원딱러,registered,op06-001 우타,op06-001 우타,op06-001 우타,,,buy,구매,1,2.8,28000,estimated,per_card,text,unknown,,active,needs_review,needs_review,"가격 단위 추정, 배송비 포함 여부 미확정",estimated,yes,candidate_estimated,op06-001 우타 2.8
2fcc38507ee7b0d3549828b7,onepiececardgame,원피스 카드게임,2026-08,2026-08-12T22:24:22+09:00,known,ff4c1cdabb97abba593cd019,2fcc38507ee7b0d3549828b7,106990,https://m.dcinside.com/board/onepiececardgame/106990,루피 및 각종 페레 삽니다,seller-8ad10b55fa52911e796a44cf,원딱러,registered,op11-022 시라호시,op11-022 시라호시,op11-022 시라호시,,,buy,구매,1,1.8,18000,estimated,per_card,text,unknown,,active,needs_review,needs_review,"가격 단위 추정, 배송비 포함 여부 미확정",estimated,yes,candidate_estimated,op11-022 시라호시 1.8
32763ecfef28514811ae25b8,onepiececardgame,원피스 카드게임,2026-08,2026-08-12T22:24:22+09:00,known,ff4c1cdabb97abba593cd019,32763ecfef28514811ae25b8,106990,https://m.dcinside.com/board/onepiececardgame/106990,루피 및 각종 페레 삽니다,seller-8ad10b55fa52911e796a44cf,원딱러,registered,eb02-061 루피 시크 페레,eb02-061 루피 시크 페레,eb02-061 루피 시크 페레,,,buy,구매,1,3.5,35000,estimated,per_card,text,unknown,,active,needs_review,needs_review,"가격 단위 추정, 배송비 포함 여부 미확정",estimated,yes,candidate_estimated,eb02-061 루피 시크 페레 3.5
32820e96859a0a9dc3f73040,onepiececardgame,원피스 카드게임,2026-08,2026-08-12T22:24:22+09:00,known,1f1dcf05334bd8c17945a4df,32820e96859a0a9dc3f73040,106990,https://m.dcinside.com/board/onepiececardgame/106990,루피 및 각종 페레 삽니다,seller-8ad10b55fa52911e796a44cf,원딱러,registered,eb02-061 루피,eb02-061 루피,eb02-061 루피,,시크,buy,구매,1,1.5,15000,estimated,per_card,text,unknown,,active,needs_review,needs_review,"가격 단위 추정, 배송비 포함 여부 미확정",estimated,yes,candidate_estimated,eb02-061 루피 시크 1.5
33d818d6e204bd8359f308f2,onepiececardgame,원피스 카드게임,2026-08,2026-08-12T22:24:22+09:00,known,b09b47b075be18e8d78170cf,33d818d6e204bd8359f308f2,106990,https://m.dcinside.com/board/onepiececardgame/106990,루피 및 각종 페레 삽니다,seller-8ad10b55fa52911e796a44cf,원딱러,registered,op11-041 나미,op11-041 나미,op11-041 나미,,,buy,구매,1,3.5,35000,estimated,per_card,text,unknown,,active,needs_review,needs_review,"가격 단위 추정, 배송비 포함 여부 미확정",estimated,yes,candidate_estimated,op11-041 나미 3.5
37546403cb7a934d9e209773,onepiececardgame,원피스 카드게임,2026-08,2026-08-12T22:24:22+09:00,known,3d8af7d593cbef6f3635a4dd,37546403cb7a934d9e209773,106990,https://m.dcinside.com/board/onepiececardgame/106990,루피 및 각종 페레 삽니다,seller-8ad10b55fa52911e796a44cf,원딱러,registered,op11-041 나미,op11-041 나미,op11-041 나미,,,buy,구매,1,3.5,35000,estimated,per_card,text,unknown,,active,needs_review,needs_review,"가격 단위 추정, 배송비 포함 여부 미확정",estimated,yes,candidate_estimated,op11-041 나미 3.5
38a32d69359031d1d9163011,onepiececardgame,원피스 카드게임,2026-08,2026-08-12T22:24:22+09:00,known,3d8af7d593cbef6f3635a4dd,38a32d69359031d1d9163011,106990,https://m.dcinside.com/board/onepiececardgame/106990,루피 및 각종 페레 삽니다,seller-8ad10b55fa52911e796a44cf,원딱러,registered,op11-062 카타쿠리,op11-062 카타쿠리,op11-062 카타쿠리,,,buy,구매,1,1.5,15000,estimated,per_card,text,unknown,,active,needs_review,needs_review,"가격 단위 추정, 배송비 포함 여부 미확정",estimated,yes,candidate_estimated,op11-062 카타쿠리 1.5
3d78b09a6aa2738cadb5b44b,onepiececardgame,원피스 카드게임,2026-08,2026-08-12T22:24:22+09:00,known,dfd97392ef19242fd3c96975,3d78b09a6aa2738cadb5b44b,106990,https://m.dcinside.com/board/onepiececardgame/106990,루피 및 각종 페레 삽니다,seller-8ad10b55fa52911e796a44cf,원딱러,registered,op11-040 루피,op11-040 루피,op11-040 루피,,,buy,구매,1,3.5,35000,estimated,per_card,text,unknown,,active,needs_review,needs_review,"가격 단위 추정, 배송비 포함 여부 미확정",estimated,yes,candidate_estimated,op11-040 루피 3.5
3d8b45db74c5a1a6ae0ec8e9,onepiececardgame,원피스 카드게임,2026-08,2026-08-12T22:24:22+09:00,known,ff4c1cdabb97abba593cd019,3d8b45db74c5a1a6ae0ec8e9,106990,https://m.dcinside.com/board/onepiececardgame/106990,루피 및 각종 페레 삽니다,seller-8ad10b55fa52911e796a44cf,원딱러,registered,op13-084 피터 성 페레,op13-084 피터 성 페레,op13-084 피터 성 페레,,,buy,구매,1,1.5,15000,estimated,per_card,text,unknown,,active,needs_review,needs_review,"가격 단위 추정, 배송비 포함 여부 미확정",estimated,yes,candidate_estimated,op13-084 피터 성 페레 - 1.5
3e1d8301783dc93af0f969cb,onepiececardgame,원피스 카드게임,2026-08,2026-08-12T22:24:22+09:00,known,ff4c1cdabb97abba593cd019,3e1d8301783dc93af0f969cb,106990,https://m.dcinside.com/board/onepiececardgame/106990,루피 및 각종 페레 삽니다,seller-8ad10b55fa52911e796a44cf,원딱러,registered,eb02-061 루피,eb02-061 루피,eb02-061 루피,,시크,buy,구매,1,1.5,15000,estimated,per_card,text,unknown,,active,needs_review,needs_review,"가격 단위 추정, 배송비 포함 여부 미확정",estimated,yes,candidate_estimated,eb02-061 루피 시크 1.5
3ea1c73e77120a15076a6eda,onepiececardgame,원피스 카드게임,2026-08,2026-08-12T22:24:22+09:00,known,527658a89bd189476f4ead0d,3ea1c73e77120a15076a6eda,106990,https://m.dcinside.com/board/onepiececardgame/106990,루피 및 각종 페레 삽니다,seller-8ad10b55fa52911e796a44cf,원딱러,registered,op09-081 티치,op09-081 티치,op09-081 티치,,,buy,구매,1,1.2,12000,estimated,per_card,text,unknown,,active,needs_review,needs_review,"가격 단위 추정, 배송비 포함 여부 미확정",estimated,yes,candidate_estimated,op09-081 티치 1.2
44ff27ac47caf5d8690aeef1,onepiececardgame,원피스 카드게임,2026-08,2026-08-12T22:24:22+09:00,known,b09b47b075be18e8d78170cf,44ff27ac47caf5d8690aeef1,106990,https://m.dcinside.com/board/onepiececardgame/106990,루피 및 각종 페레 삽니다,seller-8ad10b55fa52911e796a44cf,원딱러,registered,op13-091 마즈 성 페레,op13-091 마즈 성 페레,op13-091 마즈 성 페레,,,buy,구매,1,1.5,15000,estimated,per_card,text,unknown,,active,needs_review,needs_review,"가격 단위 추정, 배송비 포함 여부 미확정",estimated,yes,candidate_estimated,op13-091 마즈 성 페레 - 1.5
47234bf7fac5aa1af3272ddf,onepiececardgame,원피스 카드게임,2026-08,2026-08-12T22:24:22+09:00,known,527658a89bd189476f4ead0d,47234bf7fac5aa1af3272ddf,106990,https://m.dcinside.com/board/onepiececardgame/106990,루피 및 각종 페레 삽니다,seller-8ad10b55fa52911e796a44cf,원딱러,registered,op04-090 루피 sr페레,op04-090 루피 sr페레,op04-090 루피 sr페레,,,buy,구매,1,1.0,10000,estimated,per_card,text,unknown,,active,needs_review,needs_review,"가격 단위 추정, 배송비 포함 여부 미확정",estimated,yes,candidate_estimated,op04-090 루피 sr페레 1.0
4994ebaa512f598cfbf36a6a,onepiececardgame,원피스 카드게임,2026-08,2026-08-12T22:24:22+09:00,known,1f1dcf05334bd8c17945a4df,4994ebaa512f598cfbf36a6a,106990,https://m.dcinside.com/board/onepiececardgame/106990,루피 및 각종 페레 삽니다,seller-8ad10b55fa52911e796a44cf,원딱러,registered,op11-040 루피,op11-040 루피,op11-040 루피,,,buy,구매,1,3.5,35000,estimated,per_card,text,unknown,,active,needs_review,needs_review,"가격 단위 추정, 배송비 포함 여부 미확정",estimated,yes,candidate_estimated,op11-040 루피 3.5
4b16a60f6cfecd007f729ad5,onepiececardgame,원피스 카드게임,2026-08,2026-08-12T22:24:22+09:00,known,dfd97392ef19242fd3c96975,4b16a60f6cfecd007f729ad5,106990,https://m.dcinside.com/board/onepiececardgame/106990,루피 및 각종 페레 삽니다,seller-8ad10b55fa52911e796a44cf,원딱러,registered,op10-118 루피,op10-118 루피,op10-118 루피,,시크페레,buy,구매,1,1.5,15000,estimated,per_card,text,unknown,,active,needs_review,needs_review,"가격 단위 추정, 배송비 포함 여부 미확정",estimated,yes,candidate_estimated,op10-118 루피 시크페레 1.5
4db7562a12050c95ca6b45c7,onepiececardgame,원피스 카드게임,2026-08,2026-08-12T22:24:22+09:00,known,b09b47b075be18e8d78170cf,4db7562a12050c95ca6b45c7,106990,https://m.dcinside.com/board/onepiececardgame/106990,루피 및 각종 페레 삽니다,seller-8ad10b55fa52911e796a44cf,원딱러,registered,op11-040 루피,op11-040 루피,op11-040 루피,,,buy,구매,1,3.5,35000,estimated,per_card,text,unknown,,active,needs_review,needs_review,"가격 단위 추정, 배송비 포함 여부 미확정",estimated,yes,candidate_estimated,op11-040 루피 3.5
4ddf1ad54711e9c7d0d5dfde,onepiececardgame,원피스 카드게임,2026-08,2026-08-12T22:24:22+09:00,known,ff4c1cdabb97abba593cd019,4ddf1ad54711e9c7d0d5dfde,106990,https://m.dcinside.com/board/onepiececardgame/106990,루피 및 각종 페레 삽니다,seller-8ad10b55fa52911e796a44cf,원딱러,registered,op13,op13,op13,,,buy,구매,1,002,20000,estimated,per_card,text,unknown,,active,needs_review,needs_review,"가격 단위 추정, 배송비 포함 여부 미확정",estimated,yes,candidate_estimated,op13-002 에이스 3.3
4ec90018e1957ff91d78484d,onepiececardgame,원피스 카드게임,2026-08,2026-08-12T22:24:22+09:00,known,527658a89bd189476f4ead0d,4ec90018e1957ff91d78484d,106990,https://m.dcinside.com/board/onepiececardgame/106990,루피 및 각종 페레 삽니다,seller-8ad10b55fa52911e796a44cf,원딱러,registered,op11-022 시라호시,op11-022 시라호시,op11-022 시라호시,,,buy,구매,1,1.8,18000,estimated,per_card,text,unknown,,active,needs_review,needs_review,"가격 단위 추정, 배송비 포함 여부 미확정",estimated,yes,candidate_estimated,op11-022 시라호시 1.8
513742ecde83a569d60fcdb9,onepiececardgame,원피스 카드게임,2026-08,2026-08-12T22:24:22+09:00,known,1f1dcf05334bd8c17945a4df,513742ecde83a569d60fcdb9,106990,https://m.dcinside.com/board/onepiececardgame/106990,루피 및 각종 페레 삽니다,seller-8ad10b55fa52911e796a44cf,원딱러,registered,op13-084 피터 성 페레,op13-084 피터 성 페레,op13-084 피터 성 페레,,,buy,구매,1,1.5,15000,estimated,per_card,text,unknown,,active,needs_review,needs_review,"가격 단위 추정, 배송비 포함 여부 미확정",estimated,yes,candidate_estimated,op13-084 피터 성 페레 - 1.5
5301746fa2fcba70edf53bfe,onepiececardgame,원피스 카드게임,2026-08,2026-08-12T22:24:22+09:00,known,3d8af7d593cbef6f3635a4dd,5301746fa2fcba70edf53bfe,106990,https://m.dcinside.com/board/onepiececardgame/106990,루피 및 각종 페레 삽니다,seller-8ad10b55fa52911e796a44cf,원딱러,registered,op11-040 루피,op11-040 루피,op11-040 루피,,,buy,구매,1,3.5,35000,estimated,per_card,text,unknown,,active,needs_review,needs_review,"가격 단위 추정, 배송비 포함 여부 미확정",estimated,yes,candidate_estimated,op11-040 루피 3.5
567e1310395c66a362837ee4,onepiececardgame,원피스 카드게임,2026-08,2026-08-12T22:24:22+09:00,known,b09b47b075be18e8d78170cf,567e1310395c66a362837ee4,106990,https://m.dcinside.com/board/onepiececardgame/106990,루피 및 각종 페레 삽니다,seller-8ad10b55fa52911e796a44cf,원딱러,registered,op13-084 피터 성 페레,op13-084 피터 성 페레,op13-084 피터 성 페레,,,buy,구매,1,1.5,15000,estimated,per_card,text,unknown,,active,needs_review,needs_review,"가격 단위 추정, 배송비 포함 여부 미확정",estimated,yes,candidate_estimated,op13-084 피터 성 페레 - 1.5
57740022f3c3983275416ad9,onepiececardgame,원피스 카드게임,2026-08,2026-08-12T22:24:22+09:00,known,ff4c1cdabb97abba593cd019,57740022f3c3983275416ad9,106990,https://m.dcinside.com/board/onepiececardgame/106990,루피 및 각종 페레 삽니다,seller-8ad10b55fa52911e796a44cf,원딱러,registered,op13-091 마즈 성 페레,op13-091 마즈 성 페레,op13-091 마즈 성 페레,,,buy,구매,1,1.5,15000,estimated,per_card,text,unknown,,active,needs_review,needs_review,"가격 단위 추정, 배송비 포함 여부 미확정",estimated,yes,candidate_estimated,op13-091 마즈 성 페레 - 1.5
588b83a1568c1e0396c0bab8,onepiececardgame,원피스 카드게임,2026-08,2026-08-12T22:24:22+09:00,known,b09b47b075be18e8d78170cf,588b83a1568c1e0396c0bab8,106990,https://m.dcinside.com/board/onepiececardgame/106990,루피 및 각종 페레 삽니다,seller-8ad10b55fa52911e796a44cf,원딱러,registered,eb02-061 루피 시크 페레,eb02-061 루피 시크 페레,eb02-061 루피 시크 페레,,,buy,구매,1,3.5,35000,estimated,per_card,text,unknown,,active,needs_review,needs_review,"가격 단위 추정, 배송비 포함 여부 미확정",estimated,yes,candidate_estimated,eb02-061 루피 시크 페레 3.5
588fc018abc86a2fa522b2a7,onepiececardgame,원피스 카드게임,2026-08,2026-08-12T22:24:22+09:00,known,3d8af7d593cbef6f3635a4dd,588fc018abc86a2fa522b2a7,106990,https://m.dcinside.com/board/onepiececardgame/106990,루피 및 각종 페레 삽니다,seller-8ad10b55fa52911e796a44cf,원딱러,registered,op06-001 우타,op06-001 우타,op06-001 우타,,,buy,구매,1,2.8,28000,estimated,per_card,text,unknown,,active,needs_review,needs_review,"가격 단위 추정, 배송비 포함 여부 미확정",estimated,yes,candidate_estimated,op06-001 우타 2.8
5a13ce76b024dfcafaedea72,onepiececardgame,원피스 카드게임,2026-08,2026-08-12T22:24:22+09:00,known,b09b47b075be18e8d78170cf,5a13ce76b024dfcafaedea72,106990,https://m.dcinside.com/board/onepiececardgame/106990,루피 및 각종 페레 삽니다,seller-8ad10b55fa52911e796a44cf,원딱러,registered,op11-062 카타쿠리,op11-062 카타쿠리,op11-062 카타쿠리,,,buy,구매,1,1.5,15000,estimated,per_card,text,unknown,,active,needs_review,needs_review,"가격 단위 추정, 배송비 포함 여부 미확정",estimated,yes,candidate_estimated,op11-062 카타쿠리 1.5
6103a54e0fafc41518e7fd73,onepiececardgame,원피스 카드게임,2026-08,2026-08-12T22:24:22+09:00,known,dfd97392ef19242fd3c96975,6103a54e0fafc41518e7fd73,106990,https://m.dcinside.com/board/onepiececardgame/106990,루피 및 각종 페레 삽니다,seller-8ad10b55fa52911e796a44cf,원딱러,registered,eb02-061 루피 시크 페레,eb02-061 루피 시크 페레,eb02-061 루피 시크 페레,,,buy,구매,1,3.5,35000,estimated,per_card,text,unknown,,active,needs_review,needs_review,"가격 단위 추정, 배송비 포함 여부 미확정",estimated,yes,candidate_estimated,eb02-061 루피 시크 페레 3.5
6616f7825be0fddc453e8aeb,onepiececardgame,원피스 카드게임,2026-08,2026-08-12T22:24:22+09:00,known,3d8af7d593cbef6f3635a4dd,6616f7825be0fddc453e8aeb,106990,https://m.dcinside.com/board/onepiececardgame/106990,루피 및 각종 페레 삽니다,seller-8ad10b55fa52911e796a44cf,원딱러,registered,op13,op13,op13,,,buy,구매,1,002,20000,estimated,per_card,text,unknown,,active,needs_review,needs_review,"가격 단위 추정, 배송비 포함 여부 미확정",estimated,yes,candidate_estimated,op13-002 에이스 3.3
682253f8777aad24a1a6c25a,onepiececardgame,원피스 카드게임,2026-08,2026-08-12T22:24:22+09:00,known,527658a89bd189476f4ead0d,682253f8777aad24a1a6c25a,106990,https://m.dcinside.com/board/onepiececardgame/106990,루피 및 각종 페레 삽니다,seller-8ad10b55fa52911e796a44cf,원딱러,registered,op01-060 도플라밍고,op01-060 도플라밍고,op01-060 도플라밍고,,,buy,구매,1,1.5,15000,estimated,per_card,text,unknown,,active,needs_review,needs_review,"가격 단위 추정, 배송비 포함 여부 미확정",estimated,yes,candidate_estimated,op01-060 도플라밍고 1.5
6a5dfb43a24f343b9a141639,onepiececardgame,원피스 카드게임,2026-08,2026-08-12T22:24:22+09:00,known,3d8af7d593cbef6f3635a4dd,6a5dfb43a24f343b9a141639,106990,https://m.dcinside.com/board/onepiececardgame/106990,루피 및 각종 페레 삽니다,seller-8ad10b55fa52911e796a44cf,원딱러,registered,op09-081 티치,op09-081 티치,op09-081 티치,,,buy,구매,1,1.2,12000,estimated,per_card,text,unknown,,active,needs_review,needs_review,"가격 단위 추정, 배송비 포함 여부 미확정",estimated,yes,candidate_estimated,op09-081 티치 1.2
6cc571059800b9ba9a4ef0fb,onepiececardgame,원피스 카드게임,2026-08,2026-08-12T22:24:22+09:00,known,dfd97392ef19242fd3c96975,6cc571059800b9ba9a4ef0fb,106990,https://m.dcinside.com/board/onepiececardgame/106990,루피 및 각종 페레 삽니다,seller-8ad10b55fa52911e796a44cf,원딱러,registered,op11-022 시라호시,op11-022 시라호시,op11-022 시라호시,,,buy,구매,1,1.8,18000,estimated,per_card,text,unknown,,active,needs_review,needs_review,"가격 단위 추정, 배송비 포함 여부 미확정",estimated,yes,candidate_estimated,op11-022 시라호시 1.8
719bea3081a6e5f133e65f6c,onepiececardgame,원피스 카드게임,2026-08,2026-08-12T22:24:22+09:00,known,1f1dcf05334bd8c17945a4df,719bea3081a6e5f133e65f6c,106990,https://m.dcinside.com/board/onepiececardgame/106990,루피 및 각종 페레 삽니다,seller-8ad10b55fa52911e796a44cf,원딱러,registered,op09-001 샹크스,op09-001 샹크스,op09-001 샹크스,,,buy,구매,1,1.8,18000,estimated,per_card,text,unknown,,active,needs_review,needs_review,"가격 단위 추정, 배송비 포함 여부 미확정",estimated,yes,candidate_estimated,op09-001 샹크스 1.8
721ecdcea6bc0310c160695f,onepiececardgame,원피스 카드게임,2026-08,2026-08-12T22:24:22+09:00,known,ff4c1cdabb97abba593cd019,721ecdcea6bc0310c160695f,106990,https://m.dcinside.com/board/onepiececardgame/106990,루피 및 각종 페레 삽니다,seller-8ad10b55fa52911e796a44cf,원딱러,registered,op10-118 루피,op10-118 루피,op10-118 루피,,시크페레,buy,구매,1,1.5,15000,estimated,per_card,text,unknown,,active,needs_review,needs_review,"가격 단위 추정, 배송비 포함 여부 미확정",estimated,yes,candidate_estimated,op10-118 루피 시크페레 1.5
72234bd20eac34044bf6ff84,onepiececardgame,원피스 카드게임,2026-08,2026-08-12T22:24:22+09:00,known,3d8af7d593cbef6f3635a4dd,72234bd20eac34044bf6ff84,106990,https://m.dcinside.com/board/onepiececardgame/106990,루피 및 각종 페레 삽니다,seller-8ad10b55fa52911e796a44cf,원딱러,registered,op01-060 도플라밍고,op01-060 도플라밍고,op01-060 도플라밍고,,,buy,구매,1,1.5,15000,estimated,per_card,text,unknown,,active,needs_review,needs_review,"가격 단위 추정, 배송비 포함 여부 미확정",estimated,yes,candidate_estimated,op01-060 도플라밍고 1.5
738bea2c82a9fe6d45fea1dc,onepiececardgame,원피스 카드게임,2026-08,2026-08-12T22:24:22+09:00,known,3d8af7d593cbef6f3635a4dd,738bea2c82a9fe6d45fea1dc,106990,https://m.dcinside.com/board/onepiececardgame/106990,루피 및 각종 페레 삽니다,seller-8ad10b55fa52911e796a44cf,원딱러,registered,op04-090 루피 sr페레,op04-090 루피 sr페레,op04-090 루피 sr페레,,,buy,구매,1,1.0,10000,estimated,per_card,text,unknown,,active,needs_review,needs_review,"가격 단위 추정, 배송비 포함 여부 미확정",estimated,yes,candidate_estimated,op04-090 루피 sr페레 1.0
740e583e2fdf6f6e3f335412,onepiececardgame,원피스 카드게임,2026-08,2026-08-12T22:24:22+09:00,known,b09b47b075be18e8d78170cf,740e583e2fdf6f6e3f335412,106990,https://m.dcinside.com/board/onepiececardgame/106990,루피 및 각종 페레 삽니다,seller-8ad10b55fa52911e796a44cf,원딱러,registered,eb02-061 루피,eb02-061 루피,eb02-061 루피,,시크,buy,구매,1,1.5,15000,estimated,per_card,text,unknown,,active,needs_review,needs_review,"가격 단위 추정, 배송비 포함 여부 미확정",estimated,yes,candidate_estimated,eb02-061 루피 시크 1.5
76320eb8f6d3161266635705,onepiececardgame,원피스 카드게임,2026-08,2026-08-12T22:24:22+09:00,known,1f1dcf05334bd8c17945a4df,76320eb8f6d3161266635705,106990,https://m.dcinside.com/board/onepiececardgame/106990,루피 및 각종 페레 삽니다,seller-8ad10b55fa52911e796a44cf,원딱러,registered,op11-022 시라호시,op11-022 시라호시,op11-022 시라호시,,,buy,구매,1,1.8,18000,estimated,per_card,text,unknown,,active,needs_review,needs_review,"가격 단위 추정, 배송비 포함 여부 미확정",estimated,yes,candidate_estimated,op11-022 시라호시 1.8
76cad98d4d1967b8d1ec607b,onepiececardgame,원피스 카드게임,2026-08,2026-08-12T22:24:22+09:00,known,b09b47b075be18e8d78170cf,76cad98d4d1967b8d1ec607b,106990,https://m.dcinside.com/board/onepiececardgame/106990,루피 및 각종 페레 삽니다,seller-8ad10b55fa52911e796a44cf,원딱러,registered,op11-022 시라호시,op11-022 시라호시,op11-022 시라호시,,,buy,구매,1,1.8,18000,estimated,per_card,text,unknown,,active,needs_review,needs_review,"가격 단위 추정, 배송비 포함 여부 미확정",estimated,yes,candidate_estimated,op11-022 시라호시 1.8
778a9f0fcef784deda7f5cf9,onepiececardgame,원피스 카드게임,2026-08,2026-08-12T22:24:22+09:00,known,ff4c1cdabb97abba593cd019,778a9f0fcef784deda7f5cf9,106990,https://m.dcinside.com/board/onepiececardgame/106990,루피 및 각종 페레 삽니다,seller-8ad10b55fa52911e796a44cf,원딱러,registered,op09-001 샹크스,op09-001 샹크스,op09-001 샹크스,,,buy,구매,1,1.8,18000,estimated,per_card,text,unknown,,active,needs_review,needs_review,"가격 단위 추정, 배송비 포함 여부 미확정",estimated,yes,candidate_estimated,op09-001 샹크스 1.8
7bcde7b14768e4b5fb430401,onepiececardgame,원피스 카드게임,2026-08,2026-08-12T22:24:22+09:00,known,1f1dcf05334bd8c17945a4df,7bcde7b14768e4b5fb430401,106990,https://m.dcinside.com/board/onepiececardgame/106990,루피 및 각종 페레 삽니다,seller-8ad10b55fa52911e796a44cf,원딱러,registered,op13-091 마즈 성 페레,op13-091 마즈 성 페레,op13-091 마즈 성 페레,,,buy,구매,1,1.5,15000,estimated,per_card,text,unknown,,active,needs_review,needs_review,"가격 단위 추정, 배송비 포함 여부 미확정",estimated,yes,candidate_estimated,op13-091 마즈 성 페레 - 1.5
7dc3121e5a80a7c4a2d9f030,onepiececardgame,원피스 카드게임,2026-08,2026-08-12T22:24:22+09:00,known,1f1dcf05334bd8c17945a4df,7dc3121e5a80a7c4a2d9f030,106990,https://m.dcinside.com/board/onepiececardgame/106990,루피 및 각종 페레 삽니다,seller-8ad10b55fa52911e796a44cf,원딱러,registered,op09-081 티치,op09-081 티치,op09-081 티치,,,buy,구매,1,1.2,12000,estimated,per_card,text,unknown,,active,needs_review,needs_review,"가격 단위 추정, 배송비 포함 여부 미확정",estimated,yes,candidate_estimated,op09-081 티치 1.2
80f3eda9a5f31aea8b271d81,onepiececardgame,원피스 카드게임,2026-08,2026-08-12T22:24:22+09:00,known,1f1dcf05334bd8c17945a4df,80f3eda9a5f31aea8b271d81,106990,https://m.dcinside.com/board/onepiececardgame/106990,루피 및 각종 페레 삽니다,seller-8ad10b55fa52911e796a44cf,원딱러,registered,eb02-061 루피 시크 페레,eb02-061 루피 시크 페레,eb02-061 루피 시크 페레,,,buy,구매,1,3.5,35000,estimated,per_card,text,unknown,,active,needs_review,needs_review,"가격 단위 추정, 배송비 포함 여부 미확정",estimated,yes,candidate_estimated,eb02-061 루피 시크 페레 3.5
85593c4464886f1c505dd5dd,onepiececardgame,원피스 카드게임,2026-08,2026-08-12T22:24:22+09:00,known,b09b47b075be18e8d78170cf,85593c4464886f1c505dd5dd,106990,https://m.dcinside.com/board/onepiececardgame/106990,루피 및 각종 페레 삽니다,seller-8ad10b55fa52911e796a44cf,원딱러,registered,op13,op13,op13,,,buy,구매,1,002,20000,estimated,per_card,text,unknown,,active,needs_review,needs_review,"가격 단위 추정, 배송비 포함 여부 미확정",estimated,yes,candidate_estimated,op13-002 에이스 3.3
855cbf2317172999098e2b5f,onepiececardgame,원피스 카드게임,2026-08,2026-08-12T22:24:22+09:00,known,ff4c1cdabb97abba593cd019,855cbf2317172999098e2b5f,106990,https://m.dcinside.com/board/onepiececardgame/106990,루피 및 각종 페레 삽니다,seller-8ad10b55fa52911e796a44cf,원딱러,registered,op13-001 루피,op13-001 루피,op13-001 루피,,,buy,구매,1,3.5,35000,estimated,per_card,text,unknown,,active,needs_review,needs_review,"가격 단위 추정, 배송비 포함 여부 미확정",estimated,yes,candidate_estimated,op13-001 루피 3.5
8fa4b6e562f8cbc042d4808c,onepiececardgame,원피스 카드게임,2026-08,2026-08-12T22:24:22+09:00,known,1f1dcf05334bd8c17945a4df,8fa4b6e562f8cbc042d4808c,106990,https://m.dcinside.com/board/onepiececardgame/106990,루피 및 각종 페레 삽니다,seller-8ad10b55fa52911e796a44cf,원딱러,registered,op13,op13,op13,,,buy,구매,1,002,20000,estimated,per_card,text,unknown,,active,needs_review,needs_review,"가격 단위 추정, 배송비 포함 여부 미확정",estimated,yes,candidate_estimated,op13-002 에이스 3.3
936c76f79fa4d4017422deef,onepiececardgame,원피스 카드게임,2026-08,2026-08-12T22:24:22+09:00,known,dfd97392ef19242fd3c96975,936c76f79fa4d4017422deef,106990,https://m.dcinside.com/board/onepiececardgame/106990,루피 및 각종 페레 삽니다,seller-8ad10b55fa52911e796a44cf,원딱러,registered,op04-090 루피 sr페레,op04-090 루피 sr페레,op04-090 루피 sr페레,,,buy,구매,1,1.0,10000,estimated,per_card,text,unknown,,active,needs_review,needs_review,"가격 단위 추정, 배송비 포함 여부 미확정",estimated,yes,candidate_estimated,op04-090 루피 sr페레 1.0
9431a6b10608db025fdadbaa,onepiececardgame,원피스 카드게임,2026-08,2026-08-12T22:24:22+09:00,known,dfd97392ef19242fd3c96975,9431a6b10608db025fdadbaa,106990,https://m.dcinside.com/board/onepiececardgame/106990,루피 및 각종 페레 삽니다,seller-8ad10b55fa52911e796a44cf,원딱러,registered,op06-001 우타,op06-001 우타,op06-001 우타,,,buy,구매,1,2.8,28000,estimated,per_card,text,unknown,,active,needs_review,needs_review,"가격 단위 추정, 배송비 포함 여부 미확정",estimated,yes,candidate_estimated,op06-001 우타 2.8
99962ebe3fcd56d7efd0bc85,onepiececardgame,원피스 카드게임,2026-08,2026-08-12T22:24:22+09:00,known,dfd97392ef19242fd3c96975,99962ebe3fcd56d7efd0bc85,106990,https://m.dcinside.com/board/onepiececardgame/106990,루피 및 각종 페레 삽니다,seller-8ad10b55fa52911e796a44cf,원딱러,registered,op13-091 마즈 성 페레,op13-091 마즈 성 페레,op13-091 마즈 성 페레,,,buy,구매,1,1.5,15000,estimated,per_card,text,unknown,,active,needs_review,needs_review,"가격 단위 추정, 배송비 포함 여부 미확정",estimated,yes,candidate_estimated,op13-091 마즈 성 페레 - 1.5
9d529b01a98496701496e33b,onepiececardgame,원피스 카드게임,2026-08,2026-08-12T22:24:22+09:00,known,527658a89bd189476f4ead0d,9d529b01a98496701496e33b,106990,https://m.dcinside.com/board/onepiececardgame/106990,루피 및 각종 페레 삽니다,seller-8ad10b55fa52911e796a44cf,원딱러,registered,op11-040 루피,op11-040 루피,op11-040 루피,,,buy,구매,1,3.5,35000,estimated,per_card,text,unknown,,active,needs_review,needs_review,"가격 단위 추정, 배송비 포함 여부 미확정",estimated,yes,candidate_estimated,op11-040 루피 3.5
9e957b43d98db427fae532ad,onepiececardgame,원피스 카드게임,2026-08,2026-08-12T22:24:22+09:00,known,527658a89bd189476f4ead0d,9e957b43d98db427fae532ad,106990,https://m.dcinside.com/board/onepiececardgame/106990,루피 및 각종 페레 삽니다,seller-8ad10b55fa52911e796a44cf,원딱러,registered,op13-001 루피,op13-001 루피,op13-001 루피,,,buy,구매,1,3.5,35000,estimated,per_card,text,unknown,,active,needs_review,needs_review,"가격 단위 추정, 배송비 포함 여부 미확정",estimated,yes,candidate_estimated,op13-001 루피 3.5
a103f6a999f2b514ce3d753f,onepiececardgame,원피스 카드게임,2026-08,2026-08-12T22:24:22+09:00,known,1f1dcf05334bd8c17945a4df,a103f6a999f2b514ce3d753f,106990,https://m.dcinside.com/board/onepiececardgame/106990,루피 및 각종 페레 삽니다,seller-8ad10b55fa52911e796a44cf,원딱러,registered,op11-041 나미,op11-041 나미,op11-041 나미,,,buy,구매,1,3.5,35000,estimated,per_card,text,unknown,,active,needs_review,needs_review,"가격 단위 추정, 배송비 포함 여부 미확정",estimated,yes,candidate_estimated,op11-041 나미 3.5
a156ba0ec426e26457d28408,onepiececardgame,원피스 카드게임,2026-08,2026-08-12T22:24:22+09:00,known,dfd97392ef19242fd3c96975,a156ba0ec426e26457d28408,106990,https://m.dcinside.com/board/onepiececardgame/106990,루피 및 각종 페레 삽니다,seller-8ad10b55fa52911e796a44cf,원딱러,registered,op11-062 카타쿠리,op11-062 카타쿠리,op11-062 카타쿠리,,,buy,구매,1,1.5,15000,estimated,per_card,text,unknown,,active,needs_review,needs_review,"가격 단위 추정, 배송비 포함 여부 미확정",estimated,yes,candidate_estimated,op11-062 카타쿠리 1.5
a2ea70936f8d96772d3c86ac,onepiececardgame,원피스 카드게임,2026-08,2026-08-12T22:24:22+09:00,known,1f1dcf05334bd8c17945a4df,a2ea70936f8d96772d3c86ac,106990,https://m.dcinside.com/board/onepiececardgame/106990,루피 및 각종 페레 삽니다,seller-8ad10b55fa52911e796a44cf,원딱러,registered,op11-062 카타쿠리,op11-062 카타쿠리,op11-062 카타쿠리,,,buy,구매,1,1.5,15000,estimated,per_card,text,unknown,,active,needs_review,needs_review,"가격 단위 추정, 배송비 포함 여부 미확정",estimated,yes,candidate_estimated,op11-062 카타쿠리 1.5
a3859eef3c1acfc16a2e831f,onepiececardgame,원피스 카드게임,2026-08,2026-08-12T22:24:22+09:00,known,3d8af7d593cbef6f3635a4dd,a3859eef3c1acfc16a2e831f,106990,https://m.dcinside.com/board/onepiececardgame/106990,루피 및 각종 페레 삽니다,seller-8ad10b55fa52911e796a44cf,원딱러,registered,eb02-061 루피 시크 페레,eb02-061 루피 시크 페레,eb02-061 루피 시크 페레,,,buy,구매,1,3.5,35000,estimated,per_card,text,unknown,,active,needs_review,needs_review,"가격 단위 추정, 배송비 포함 여부 미확정",estimated,yes,candidate_estimated,eb02-061 루피 시크 페레 3.5
a40304c8518f421f97d42a19,onepiececardgame,원피스 카드게임,2026-08,2026-08-12T22:24:22+09:00,known,b09b47b075be18e8d78170cf,a40304c8518f421f97d42a19,106990,https://m.dcinside.com/board/onepiececardgame/106990,루피 및 각종 페레 삽니다,seller-8ad10b55fa52911e796a44cf,원딱러,registered,op09-081 티치,op09-081 티치,op09-081 티치,,,buy,구매,1,1.2,12000,estimated,per_card,text,unknown,,active,needs_review,needs_review,"가격 단위 추정, 배송비 포함 여부 미확정",estimated,yes,candidate_estimated,op09-081 티치 1.2
a60d40a14418146de90acf36,onepiececardgame,원피스 카드게임,2026-08,2026-08-12T22:24:22+09:00,known,b09b47b075be18e8d78170cf,a60d40a14418146de90acf36,106990,https://m.dcinside.com/board/onepiececardgame/106990,루피 및 각종 페레 삽니다,seller-8ad10b55fa52911e796a44cf,원딱러,registered,op04-090 루피 sr페레,op04-090 루피 sr페레,op04-090 루피 sr페레,,,buy,구매,1,1.0,10000,estimated,per_card,text,unknown,,active,needs_review,needs_review,"가격 단위 추정, 배송비 포함 여부 미확정",estimated,yes,candidate_estimated,op04-090 루피 sr페레 1.0
a8069cbe99a2c29a5fffc60f,onepiececardgame,원피스 카드게임,2026-08,2026-08-12T22:24:22+09:00,known,b09b47b075be18e8d78170cf,a8069cbe99a2c29a5fffc60f,106990,https://m.dcinside.com/board/onepiececardgame/106990,루피 및 각종 페레 삽니다,seller-8ad10b55fa52911e796a44cf,원딱러,registered,op13-001 루피,op13-001 루피,op13-001 루피,,,buy,구매,1,3.5,35000,estimated,per_card,text,unknown,,active,needs_review,needs_review,"가격 단위 추정, 배송비 포함 여부 미확정",estimated,yes,candidate_estimated,op13-001 루피 3.5
ad88396e0177191eea57ba07,onepiececardgame,원피스 카드게임,2026-08,2026-08-12T22:24:22+09:00,known,3d8af7d593cbef6f3635a4dd,ad88396e0177191eea57ba07,106990,https://m.dcinside.com/board/onepiececardgame/106990,루피 및 각종 페레 삽니다,seller-8ad10b55fa52911e796a44cf,원딱러,registered,op09-042 버기,op09-042 버기,op09-042 버기,,,buy,구매,1,1.2,12000,estimated,per_card,text,unknown,,active,needs_review,needs_review,"가격 단위 추정, 배송비 포함 여부 미확정",estimated,yes,candidate_estimated,op09-042 버기 1.2
b2c4d25a8e21b7d4e4312aed,onepiececardgame,원피스 카드게임,2026-08,2026-08-12T22:24:22+09:00,known,527658a89bd189476f4ead0d,b2c4d25a8e21b7d4e4312aed,106990,https://m.dcinside.com/board/onepiececardgame/106990,루피 및 각종 페레 삽니다,seller-8ad10b55fa52911e796a44cf,원딱러,registered,op13-091 마즈 성 페레,op13-091 마즈 성 페레,op13-091 마즈 성 페레,,,buy,구매,1,1.5,15000,estimated,per_card,text,unknown,,active,needs_review,needs_review,"가격 단위 추정, 배송비 포함 여부 미확정",estimated,yes,candidate_estimated,op13-091 마즈 성 페레 - 1.5
b4a9f2418a55070f78e2cb97,onepiececardgame,원피스 카드게임,2026-08,2026-08-12T22:24:22+09:00,known,ff4c1cdabb97abba593cd019,b4a9f2418a55070f78e2cb97,106990,https://m.dcinside.com/board/onepiececardgame/106990,루피 및 각종 페레 삽니다,seller-8ad10b55fa52911e796a44cf,원딱러,registered,op04-090 루피 sr페레,op04-090 루피 sr페레,op04-090 루피 sr페레,,,buy,구매,1,1.0,10000,estimated,per_card,text,unknown,,active,needs_review,needs_review,"가격 단위 추정, 배송비 포함 여부 미확정",estimated,yes,candidate_estimated,op04-090 루피 sr페레 1.0
b5216866eb7f4c64bd1e1a12,onepiececardgame,원피스 카드게임,2026-08,2026-08-12T22:24:22+09:00,known,b09b47b075be18e8d78170cf,b5216866eb7f4c64bd1e1a12,106990,https://m.dcinside.com/board/onepiececardgame/106990,루피 및 각종 페레 삽니다,seller-8ad10b55fa52911e796a44cf,원딱러,registered,op01-060 도플라밍고,op01-060 도플라밍고,op01-060 도플라밍고,,,buy,구매,1,1.5,15000,estimated,per_card,text,unknown,,active,needs_review,needs_review,"가격 단위 추정, 배송비 포함 여부 미확정",estimated,yes,candidate_estimated,op01-060 도플라밍고 1.5
b8310b3b98d0aa7aaec33a65,onepiececardgame,원피스 카드게임,2026-08,2026-08-12T22:24:22+09:00,known,dfd97392ef19242fd3c96975,b8310b3b98d0aa7aaec33a65,106990,https://m.dcinside.com/board/onepiececardgame/106990,루피 및 각종 페레 삽니다,seller-8ad10b55fa52911e796a44cf,원딱러,registered,op13,op13,op13,,,buy,구매,1,002,20000,estimated,per_card,text,unknown,,active,needs_review,needs_review,"가격 단위 추정, 배송비 포함 여부 미확정",estimated,yes,candidate_estimated,op13-002 에이스 3.3
bb999ee02025bfc086afe973,onepiececardgame,원피스 카드게임,2026-08,2026-08-12T22:24:22+09:00,known,527658a89bd189476f4ead0d,bb999ee02025bfc086afe973,106990,https://m.dcinside.com/board/onepiececardgame/106990,루피 및 각종 페레 삽니다,seller-8ad10b55fa52911e796a44cf,원딱러,registered,eb02-061 루피 시크 페레,eb02-061 루피 시크 페레,eb02-061 루피 시크 페레,,,buy,구매,1,3.5,35000,estimated,per_card,text,unknown,,active,needs_review,needs_review,"가격 단위 추정, 배송비 포함 여부 미확정",estimated,yes,candidate_estimated,eb02-061 루피 시크 페레 3.5
bc665c5a3f76d2639a6a00f8,onepiececardgame,원피스 카드게임,2026-08,2026-08-12T22:24:22+09:00,known,527658a89bd189476f4ead0d,bc665c5a3f76d2639a6a00f8,106990,https://m.dcinside.com/board/onepiececardgame/106990,루피 및 각종 페레 삽니다,seller-8ad10b55fa52911e796a44cf,원딱러,registered,op11-062 카타쿠리,op11-062 카타쿠리,op11-062 카타쿠리,,,buy,구매,1,1.5,15000,estimated,per_card,text,unknown,,active,needs_review,needs_review,"가격 단위 추정, 배송비 포함 여부 미확정",estimated,yes,candidate_estimated,op11-062 카타쿠리 1.5
bd227fe1b2cfc7d6667dede6,onepiececardgame,원피스 카드게임,2026-08,2026-08-12T22:24:22+09:00,known,dfd97392ef19242fd3c96975,bd227fe1b2cfc7d6667dede6,106990,https://m.dcinside.com/board/onepiececardgame/106990,루피 및 각종 페레 삽니다,seller-8ad10b55fa52911e796a44cf,원딱러,registered,op09-042 버기,op09-042 버기,op09-042 버기,,,buy,구매,1,1.2,12000,estimated,per_card,text,unknown,,active,needs_review,needs_review,"가격 단위 추정, 배송비 포함 여부 미확정",estimated,yes,candidate_estimated,op09-042 버기 1.2
be9e641d931a12dae0540d1d,onepiececardgame,원피스 카드게임,2026-08,2026-08-12T22:24:22+09:00,known,1f1dcf05334bd8c17945a4df,be9e641d931a12dae0540d1d,106990,https://m.dcinside.com/board/onepiececardgame/106990,루피 및 각종 페레 삽니다,seller-8ad10b55fa52911e796a44cf,원딱러,registered,op01-060 도플라밍고,op01-060 도플라밍고,op01-060 도플라밍고,,,buy,구매,1,1.5,15000,estimated,per_card,text,unknown,,active,needs_review,needs_review,"가격 단위 추정, 배송비 포함 여부 미확정",estimated,yes,candidate_estimated,op01-060 도플라밍고 1.5
bebf6f9a256903082c2f45ae,onepiececardgame,원피스 카드게임,2026-08,2026-08-12T22:24:22+09:00,known,ff4c1cdabb97abba593cd019,bebf6f9a256903082c2f45ae,106990,https://m.dcinside.com/board/onepiececardgame/106990,루피 및 각종 페레 삽니다,seller-8ad10b55fa52911e796a44cf,원딱러,registered,op11-041 나미,op11-041 나미,op11-041 나미,,,buy,구매,1,3.5,35000,estimated,per_card,text,unknown,,active,needs_review,needs_review,"가격 단위 추정, 배송비 포함 여부 미확정",estimated,yes,candidate_estimated,op11-041 나미 3.5
c1188f7e8649877043349058,onepiececardgame,원피스 카드게임,2026-08,2026-08-12T22:24:22+09:00,known,b09b47b075be18e8d78170cf,c1188f7e8649877043349058,106990,https://m.dcinside.com/board/onepiececardgame/106990,루피 및 각종 페레 삽니다,seller-8ad10b55fa52911e796a44cf,원딱러,registered,op06-001 우타,op06-001 우타,op06-001 우타,,,buy,구매,1,2.8,28000,estimated,per_card,text,unknown,,active,needs_review,needs_review,"가격 단위 추정, 배송비 포함 여부 미확정",estimated,yes,candidate_estimated,op06-001 우타 2.8
c44ca591e4cf23d4c1b9b510,onepiececardgame,원피스 카드게임,2026-08,2026-08-12T22:24:22+09:00,known,ff4c1cdabb97abba593cd019,c44ca591e4cf23d4c1b9b510,106990,https://m.dcinside.com/board/onepiececardgame/106990,루피 및 각종 페레 삽니다,seller-8ad10b55fa52911e796a44cf,원딱러,registered,op09-042 버기,op09-042 버기,op09-042 버기,,,buy,구매,1,1.2,12000,estimated,per_card,text,unknown,,active,needs_review,needs_review,"가격 단위 추정, 배송비 포함 여부 미확정",estimated,yes,candidate_estimated,op09-042 버기 1.2
c5e6f3c861cc57a8780b0350,onepiececardgame,원피스 카드게임,2026-08,2026-08-12T22:24:22+09:00,known,3d8af7d593cbef6f3635a4dd,c5e6f3c861cc57a8780b0350,106990,https://m.dcinside.com/board/onepiececardgame/106990,루피 및 각종 페레 삽니다,seller-8ad10b55fa52911e796a44cf,원딱러,registered,op11-022 시라호시,op11-022 시라호시,op11-022 시라호시,,,buy,구매,1,1.8,18000,estimated,per_card,text,unknown,,active,needs_review,needs_review,"가격 단위 추정, 배송비 포함 여부 미확정",estimated,yes,candidate_estimated,op11-022 시라호시 1.8
ced4e73283210d421421f7e4,onepiececardgame,원피스 카드게임,2026-08,2026-08-12T22:24:22+09:00,known,3d8af7d593cbef6f3635a4dd,ced4e73283210d421421f7e4,106990,https://m.dcinside.com/board/onepiececardgame/106990,루피 및 각종 페레 삽니다,seller-8ad10b55fa52911e796a44cf,원딱러,registered,eb02-061 루피,eb02-061 루피,eb02-061 루피,,시크,buy,구매,1,1.5,15000,estimated,per_card,text,unknown,,active,needs_review,needs_review,"가격 단위 추정, 배송비 포함 여부 미확정",estimated,yes,candidate_estimated,eb02-061 루피 시크 1.5
cf37dcada3da0e23528af1d9,onepiececardgame,원피스 카드게임,2026-08,2026-08-12T22:24:22+09:00,known,dfd97392ef19242fd3c96975,cf37dcada3da0e23528af1d9,106990,https://m.dcinside.com/board/onepiececardgame/106990,루피 및 각종 페레 삽니다,seller-8ad10b55fa52911e796a44cf,원딱러,registered,eb02-061 루피,eb02-061 루피,eb02-061 루피,,시크,buy,구매,1,1.5,15000,estimated,per_card,text,unknown,,active,needs_review,needs_review,"가격 단위 추정, 배송비 포함 여부 미확정",estimated,yes,candidate_estimated,eb02-061 루피 시크 1.5
d2aeb35456a8c04fc1860729,onepiececardgame,원피스 카드게임,2026-08,2026-08-12T22:24:22+09:00,known,dfd97392ef19242fd3c96975,d2aeb35456a8c04fc1860729,106990,https://m.dcinside.com/board/onepiececardgame/106990,루피 및 각종 페레 삽니다,seller-8ad10b55fa52911e796a44cf,원딱러,registered,op09-081 티치,op09-081 티치,op09-081 티치,,,buy,구매,1,1.2,12000,estimated,per_card,text,unknown,,active,needs_review,needs_review,"가격 단위 추정, 배송비 포함 여부 미확정",estimated,yes,candidate_estimated,op09-081 티치 1.2
d55349e17245df5914485043,onepiececardgame,원피스 카드게임,2026-08,2026-08-12T22:24:22+09:00,known,527658a89bd189476f4ead0d,d55349e17245df5914485043,106990,https://m.dcinside.com/board/onepiececardgame/106990,루피 및 각종 페레 삽니다,seller-8ad10b55fa52911e796a44cf,원딱러,registered,op09-042 버기,op09-042 버기,op09-042 버기,,,buy,구매,1,1.2,12000,estimated,per_card,text,unknown,,active,needs_review,needs_review,"가격 단위 추정, 배송비 포함 여부 미확정",estimated,yes,candidate_estimated,op09-042 버기 1.2
d5976c319a04c4aebb0584e6,onepiececardgame,원피스 카드게임,2026-08,2026-08-12T22:24:22+09:00,known,527658a89bd189476f4ead0d,d5976c319a04c4aebb0584e6,106990,https://m.dcinside.com/board/onepiececardgame/106990,루피 및 각종 페레 삽니다,seller-8ad10b55fa52911e796a44cf,원딱러,registered,op10-118 루피,op10-118 루피,op10-118 루피,,시크페레,buy,구매,1,1.5,15000,estimated,per_card,text,unknown,,active,needs_review,needs_review,"가격 단위 추정, 배송비 포함 여부 미확정",estimated,yes,candidate_estimated,op10-118 루피 시크페레 1.5
d987bd8ed5cea16a71428f2d,onepiececardgame,원피스 카드게임,2026-08,2026-08-12T22:24:22+09:00,known,527658a89bd189476f4ead0d,d987bd8ed5cea16a71428f2d,106990,https://m.dcinside.com/board/onepiececardgame/106990,루피 및 각종 페레 삽니다,seller-8ad10b55fa52911e796a44cf,원딱러,registered,op11-041 나미,op11-041 나미,op11-041 나미,,,buy,구매,1,3.5,35000,estimated,per_card,text,unknown,,active,needs_review,needs_review,"가격 단위 추정, 배송비 포함 여부 미확정",estimated,yes,candidate_estimated,op11-041 나미 3.5
da6d1d31cfdad8a1bce853ab,onepiececardgame,원피스 카드게임,2026-08,2026-08-12T22:24:22+09:00,known,ff4c1cdabb97abba593cd019,da6d1d31cfdad8a1bce853ab,106990,https://m.dcinside.com/board/onepiececardgame/106990,루피 및 각종 페레 삽니다,seller-8ad10b55fa52911e796a44cf,원딱러,registered,op09-081 티치,op09-081 티치,op09-081 티치,,,buy,구매,1,1.2,12000,estimated,per_card,text,unknown,,active,needs_review,needs_review,"가격 단위 추정, 배송비 포함 여부 미확정",estimated,yes,candidate_estimated,op09-081 티치 1.2
e67d85885ab6cb41c381a710,onepiececardgame,원피스 카드게임,2026-08,2026-08-12T22:24:22+09:00,known,527658a89bd189476f4ead0d,e67d85885ab6cb41c381a710,106990,https://m.dcinside.com/board/onepiececardgame/106990,루피 및 각종 페레 삽니다,seller-8ad10b55fa52911e796a44cf,원딱러,registered,op13-084 피터 성 페레,op13-084 피터 성 페레,op13-084 피터 성 페레,,,buy,구매,1,1.5,15000,estimated,per_card,text,unknown,,active,needs_review,needs_review,"가격 단위 추정, 배송비 포함 여부 미확정",estimated,yes,candidate_estimated,op13-084 피터 성 페레 - 1.5
e7890cb8db4a760342a6b401,onepiececardgame,원피스 카드게임,2026-08,2026-08-12T22:24:22+09:00,known,ff4c1cdabb97abba593cd019,e7890cb8db4a760342a6b401,106990,https://m.dcinside.com/board/onepiececardgame/106990,루피 및 각종 페레 삽니다,seller-8ad10b55fa52911e796a44cf,원딱러,registered,op06-001 우타,op06-001 우타,op06-001 우타,,,buy,구매,1,2.8,28000,estimated,per_card,text,unknown,,active,needs_review,needs_review,"가격 단위 추정, 배송비 포함 여부 미확정",estimated,yes,candidate_estimated,op06-001 우타 2.8
ea54c35cc7e3c898bcc7774a,onepiececardgame,원피스 카드게임,2026-08,2026-08-12T22:24:22+09:00,known,b09b47b075be18e8d78170cf,ea54c35cc7e3c898bcc7774a,106990,https://m.dcinside.com/board/onepiececardgame/106990,루피 및 각종 페레 삽니다,seller-8ad10b55fa52911e796a44cf,원딱러,registered,op09-042 버기,op09-042 버기,op09-042 버기,,,buy,구매,1,1.2,12000,estimated,per_card,text,unknown,,active,needs_review,needs_review,"가격 단위 추정, 배송비 포함 여부 미확정",estimated,yes,candidate_estimated,op09-042 버기 1.2
ea8f4a393ec4d93d92c8cfa5,onepiececardgame,원피스 카드게임,2026-08,2026-08-12T22:24:22+09:00,known,3d8af7d593cbef6f3635a4dd,ea8f4a393ec4d93d92c8cfa5,106990,https://m.dcinside.com/board/onepiececardgame/106990,루피 및 각종 페레 삽니다,seller-8ad10b55fa52911e796a44cf,원딱러,registered,op09-001 샹크스,op09-001 샹크스,op09-001 샹크스,,,buy,구매,1,1.8,18000,estimated,per_card,text,unknown,,active,needs_review,needs_review,"가격 단위 추정, 배송비 포함 여부 미확정",estimated,yes,candidate_estimated,op09-001 샹크스 1.8
eae740dba1d7596ceb9d1c2e,onepiececardgame,원피스 카드게임,2026-08,2026-08-12T22:24:22+09:00,known,3d8af7d593cbef6f3635a4dd,eae740dba1d7596ceb9d1c2e,106990,https://m.dcinside.com/board/onepiececardgame/106990,루피 및 각종 페레 삽니다,seller-8ad10b55fa52911e796a44cf,원딱러,registered,op13-084 피터 성 페레,op13-084 피터 성 페레,op13-084 피터 성 페레,,,buy,구매,1,1.5,15000,estimated,per_card,text,unknown,,active,needs_review,needs_review,"가격 단위 추정, 배송비 포함 여부 미확정",estimated,yes,candidate_estimated,op13-084 피터 성 페레 - 1.5
ef184a96b747e00cb7dde857,onepiececardgame,원피스 카드게임,2026-08,2026-08-12T22:24:22+09:00,known,ff4c1cdabb97abba593cd019,ef184a96b747e00cb7dde857,106990,https://m.dcinside.com/board/onepiececardgame/106990,루피 및 각종 페레 삽니다,seller-8ad10b55fa52911e796a44cf,원딱러,registered,op01-060 도플라밍고,op01-060 도플라밍고,op01-060 도플라밍고,,,buy,구매,1,1.5,15000,estimated,per_card,text,unknown,,active,needs_review,needs_review,"가격 단위 추정, 배송비 포함 여부 미확정",estimated,yes,candidate_estimated,op01-060 도플라밍고 1.5
f59c51cd474fd57a8673359b,onepiececardgame,원피스 카드게임,2026-08,2026-08-12T22:24:22+09:00,known,3d8af7d593cbef6f3635a4dd,f59c51cd474fd57a8673359b,106990,https://m.dcinside.com/board/onepiececardgame/106990,루피 및 각종 페레 삽니다,seller-8ad10b55fa52911e796a44cf,원딱러,registered,op10-118 루피,op10-118 루피,op10-118 루피,,시크페레,buy,구매,1,1.5,15000,estimated,per_card,text,unknown,,active,needs_review,needs_review,"가격 단위 추정, 배송비 포함 여부 미확정",estimated,yes,candidate_estimated,op10-118 루피 시크페레 1.5
f92dfc10bccc6ccd470e1824,onepiececardgame,원피스 카드게임,2026-08,2026-08-12T22:24:22+09:00,known,dfd97392ef19242fd3c96975,f92dfc10bccc6ccd470e1824,106990,https://m.dcinside.com/board/onepiececardgame/106990,루피 및 각종 페레 삽니다,seller-8ad10b55fa52911e796a44cf,원딱러,registered,op13-001 루피,op13-001 루피,op13-001 루피,,,buy,구매,1,3.5,35000,estimated,per_card,text,unknown,,active,needs_review,needs_review,"가격 단위 추정, 배송비 포함 여부 미확정",estimated,yes,candidate_estimated,op13-001 루피 3.5
f95b42d40e257d2d526eb437,onepiececardgame,원피스 카드게임,2026-08,2026-08-12T22:24:22+09:00,known,1f1dcf05334bd8c17945a4df,f95b42d40e257d2d526eb437,106990,https://m.dcinside.com/board/onepiececardgame/106990,루피 및 각종 페레 삽니다,seller-8ad10b55fa52911e796a44cf,원딱러,registered,op06-001 우타,op06-001 우타,op06-001 우타,,,buy,구매,1,2.8,28000,estimated,per_card,text,unknown,,active,needs_review,needs_review,"가격 단위 추정, 배송비 포함 여부 미확정",estimated,yes,candidate_estimated,op06-001 우타 2.8
fbe7bc7152da2db3b1d2b99f,onepiececardgame,원피스 카드게임,2026-08,2026-08-12T22:24:22+09:00,known,dfd97392ef19242fd3c96975,fbe7bc7152da2db3b1d2b99f,106990,https://m.dcinside.com/board/onepiececardgame/106990,루피 및 각종 페레 삽니다,seller-8ad10b55fa52911e796a44cf,원딱러,registered,op13-084 피터 성 페레,op13-084 피터 성 페레,op13-084 피터 성 페레,,,buy,구매,1,1.5,15000,estimated,per_card,text,unknown,,active,needs_review,needs_review,"가격 단위 추정, 배송비 포함 여부 미확정",estimated,yes,candidate_estimated,op13-084 피터 성 페레 - 1.5
fd8f28fc6423e241b2668b63,onepiececardgame,원피스 카드게임,2026-08,2026-08-12T22:24:22+09:00,known,527658a89bd189476f4ead0d,fd8f28fc6423e241b2668b63,106990,https://m.dcinside.com/board/onepiececardgame/106990,루피 및 각종 페레 삽니다,seller-8ad10b55fa52911e796a44cf,원딱러,registered,eb02-061 루피,eb02-061 루피,eb02-061 루피,,시크,buy,구매,1,1.5,15000,estimated,per_card,text,unknown,,active,needs_review,needs_review,"가격 단위 추정, 배송비 포함 여부 미확정",estimated,yes,candidate_estimated,eb02-061 루피 시크 1.5
1b6725cc654bc4b96311ee07,onepiececardgame,원피스 카드게임,2026-08,2026-08-13T01:12:01+09:00,known,986832f9c6b7dca0afa127c5,1b6725cc654bc4b96311ee07,107006,https://m.dcinside.com/board/onepiececardgame/107006,망자의 장난 에사보 코비 리더페레 구매해요!,seller-8ad10b55fa52911e796a44cf,원딱러,registered,에사보,에사보,에사보,,,buy,구매,1,0.2,2000,estimated,per_card,text,unknown,,active,needs_review,needs_review,"가격 단위 추정, 배송비 포함 여부 미확정",estimated,yes,candidate_estimated,에사보 1장 0.2
20da7fd718a97d6c79e83c82,onepiececardgame,원피스 카드게임,2026-08,2026-08-13T01:12:01+09:00,known,f0f8b4858028f57c37d709b1,20da7fd718a97d6c79e83c82,107006,https://m.dcinside.com/board/onepiececardgame/107006,망자의 장난 에사보 코비 리더페레 구매해요!,seller-8ad10b55fa52911e796a44cf,원딱러,registered,코비 리더페레,코비 리더페레,코비 리더페레,,,buy,구매,1,1.5,15000,estimated,per_card,text,unknown,,active,needs_review,needs_review,"가격 단위 추정, 배송비 포함 여부 미확정",estimated,yes,candidate_estimated,코비 리더페레 1.5 구매 원해요!
239090d03872f9c09b1b84b0,onepiececardgame,원피스 카드게임,2026-08,2026-08-13T01:12:01+09:00,known,4b252e48c4714d09e6accd42,239090d03872f9c09b1b84b0,107006,https://m.dcinside.com/board/onepiececardgame/107006,망자의 장난 에사보 코비 리더페레 구매해요!,seller-8ad10b55fa52911e796a44cf,원딱러,registered,에사보,에사보,에사보,,,buy,구매,1,0.2,2000,estimated,per_card,text,unknown,,active,needs_review,needs_review,"가격 단위 추정, 배송비 포함 여부 미확정",estimated,yes,candidate_estimated,에사보 1장 0.2
265ac36c3635b7398361ca70,onepiececardgame,원피스 카드게임,2026-08,2026-08-13T01:12:01+09:00,known,6e90ea197411196197bb4276,265ac36c3635b7398361ca70,107006,https://m.dcinside.com/board/onepiececardgame/107006,망자의 장난 에사보 코비 리더페레 구매해요!,seller-8ad10b55fa52911e796a44cf,원딱러,registered,에사보,에사보,에사보,,,buy,구매,1,0.2,2000,estimated,per_card,text,unknown,,active,needs_review,needs_review,"가격 단위 추정, 배송비 포함 여부 미확정",estimated,yes,candidate_estimated,에사보 1장 0.2
4864f8d96d61c8bc254c65d2,onepiececardgame,원피스 카드게임,2026-08,2026-08-13T01:12:01+09:00,known,22fe6ab089e2d8e7f4527a02,4864f8d96d61c8bc254c65d2,107006,https://m.dcinside.com/board/onepiececardgame/107006,망자의 장난 에사보 코비 리더페레 구매해요!,seller-8ad10b55fa52911e796a44cf,원딱러,registered,코비 리더페레,코비 리더페레,코비 리더페레,,,buy,구매,1,1.5,15000,estimated,per_card,text,unknown,,active,needs_review,needs_review,"가격 단위 추정, 배송비 포함 여부 미확정",estimated,yes,candidate_estimated,코비 리더페레 1.5 구매 원해요!
50bb7966c85e3ae08f320197,onepiececardgame,원피스 카드게임,2026-08,2026-08-13T01:12:01+09:00,known,6e90ea197411196197bb4276,50bb7966c85e3ae08f320197,107006,https://m.dcinside.com/board/onepiececardgame/107006,망자의 장난 에사보 코비 리더페레 구매해요!,seller-8ad10b55fa52911e796a44cf,원딱러,registered,코비 리더페레,코비 리더페레,코비 리더페레,,,buy,구매,1,1.5,15000,estimated,per_card,text,unknown,,active,needs_review,needs_review,"가격 단위 추정, 배송비 포함 여부 미확정",estimated,yes,candidate_estimated,코비 리더페레 1.5 구매 원해요!
5368fb453f1c683ab160c4f8,onepiececardgame,원피스 카드게임,2026-08,2026-08-13T01:12:01+09:00,known,986832f9c6b7dca0afa127c5,5368fb453f1c683ab160c4f8,107006,https://m.dcinside.com/board/onepiececardgame/107006,망자의 장난 에사보 코비 리더페레 구매해요!,seller-8ad10b55fa52911e796a44cf,원딱러,registered,코비 리더페레,코비 리더페레,코비 리더페레,,,buy,구매,1,1.5,15000,estimated,per_card,text,unknown,,active,needs_review,needs_review,"가격 단위 추정, 배송비 포함 여부 미확정",estimated,yes,candidate_estimated,코비 리더페레 1.5 구매 원해요!
6be7451457768057675ff10d,onepiececardgame,원피스 카드게임,2026-08,2026-08-13T01:12:01+09:00,known,22fe6ab089e2d8e7f4527a02,6be7451457768057675ff10d,107006,https://m.dcinside.com/board/onepiececardgame/107006,망자의 장난 에사보 코비 리더페레 구매해요!,seller-8ad10b55fa52911e796a44cf,원딱러,registered,에사보,에사보,에사보,,,buy,구매,1,0.2,2000,estimated,per_card,text,unknown,,active,needs_review,needs_review,"가격 단위 추정, 배송비 포함 여부 미확정",estimated,yes,candidate_estimated,에사보 1장 0.2
740071a5e238b75887189d35,onepiececardgame,원피스 카드게임,2026-08,2026-08-13T01:12:01+09:00,known,4b252e48c4714d09e6accd42,740071a5e238b75887189d35,107006,https://m.dcinside.com/board/onepiececardgame/107006,망자의 장난 에사보 코비 리더페레 구매해요!,seller-8ad10b55fa52911e796a44cf,원딱러,registered,코비 리더페레,코비 리더페레,코비 리더페레,,,buy,구매,1,1.5,15000,estimated,per_card,text,unknown,,active,needs_review,needs_review,"가격 단위 추정, 배송비 포함 여부 미확정",estimated,yes,candidate_estimated,코비 리더페레 1.5 구매 원해요!
8cda189df946f9750fa1fc88,onepiececardgame,원피스 카드게임,2026-08,2026-08-13T01:12:01+09:00,known,f0ebcdfbaeda651ebba6d5aa,8cda189df946f9750fa1fc88,107006,https://m.dcinside.com/board/onepiececardgame/107006,망자의 장난 에사보 코비 리더페레 구매해요!,seller-8ad10b55fa52911e796a44cf,원딱러,registered,에사보,에사보,에사보,,,buy,구매,1,0.2,2000,estimated,per_card,text,unknown,,active,needs_review,needs_review,"가격 단위 추정, 배송비 포함 여부 미확정",estimated,yes,candidate_estimated,에사보 1장 0.2
c9c9c128ce814b6fdca4b13e,onepiececardgame,원피스 카드게임,2026-08,2026-08-13T01:12:01+09:00,known,f0ebcdfbaeda651ebba6d5aa,c9c9c128ce814b6fdca4b13e,107006,https://m.dcinside.com/board/onepiececardgame/107006,망자의 장난 에사보 코비 리더페레 구매해요!,seller-8ad10b55fa52911e796a44cf,원딱러,registered,코비 리더페레,코비 리더페레,코비 리더페레,,,buy,구매,1,1.5,15000,estimated,per_card,text,unknown,,active,needs_review,needs_review,"가격 단위 추정, 배송비 포함 여부 미확정",estimated,yes,candidate_estimated,코비 리더페레 1.5 구매 원해요!
d5de20e4d0fe7ea9d32a6c85,onepiececardgame,원피스 카드게임,2026-08,2026-08-13T01:12:01+09:00,known,f0f8b4858028f57c37d709b1,d5de20e4d0fe7ea9d32a6c85,107006,https://m.dcinside.com/board/onepiececardgame/107006,망자의 장난 에사보 코비 리더페레 구매해요!,seller-8ad10b55fa52911e796a44cf,원딱러,registered,에사보,에사보,에사보,,,buy,구매,1,0.2,2000,estimated,per_card,text,unknown,,active,needs_review,needs_review,"가격 단위 추정, 배송비 포함 여부 미확정",estimated,yes,candidate_estimated,에사보 1장 0.2
3de679c9966ea56a9d274249,onepiececardgame,원피스 카드게임,2026-08,2026-08-13T01:53:15+09:00,known,2468ab692c79d6e8fd2830fe,3de679c9966ea56a9d274249,107012,https://m.dcinside.com/board/onepiececardgame/107012,"1코 sr 페로나, 이벤트 망자 구합니다!",seller-8ad10b55fa52911e796a44cf,원딱러,registered,페로나 각,페로나 각,페로나 각,,,buy,구매,2,1.5,15000,estimated,per_quantity,text,unknown,,active,needs_review,needs_review,"가격 단위 추정, 배송비 포함 여부 미확정, 복수 수량 총액 · 카드 1장 가격 아님",estimated,no,no,페로나 2장 각 1.5 구매완
46f500a3ae981489ba1195bc,onepiececardgame,원피스 카드게임,2026-08,2026-08-13T01:53:15+09:00,known,afd9e4cb34a70b5fc7ae2242,46f500a3ae981489ba1195bc,107012,https://m.dcinside.com/board/onepiececardgame/107012,"1코 sr 페로나, 이벤트 망자 구합니다!",seller-8ad10b55fa52911e796a44cf,원딱러,registered,망자 각,망자 각,망자 각,,,buy,구매,4,0.5,5000,estimated,per_quantity,text,unknown,,active,needs_review,needs_review,"가격 단위 추정, 배송비 포함 여부 미확정, 복수 수량 총액 · 카드 1장 가격 아님",estimated,no,no,망자 4장 각 0.5
667e30365ec4449f05f7632a,onepiececardgame,원피스 카드게임,2026-08,2026-08-13T01:53:15+09:00,known,16e3489cbf78017e48ec5a99,667e30365ec4449f05f7632a,107012,https://m.dcinside.com/board/onepiececardgame/107012,"1코 sr 페로나, 이벤트 망자 구합니다!",seller-8ad10b55fa52911e796a44cf,원딱러,registered,페로나 각,페로나 각,페로나 각,,,buy,구매,2,1.5,15000,estimated,per_quantity,text,unknown,,active,needs_review,needs_review,"가격 단위 추정, 배송비 포함 여부 미확정, 복수 수량 총액 · 카드 1장 가격 아님",estimated,no,no,페로나 2장 각 1.5 구매완
895bdf3fab78f6c476852104,onepiececardgame,원피스 카드게임,2026-08,2026-08-13T01:53:15+09:00,known,eea62bcacbaf261baad46ff3,895bdf3fab78f6c476852104,107012,https://m.dcinside.com/board/onepiececardgame/107012,"1코 sr 페로나, 이벤트 망자 구합니다!",seller-8ad10b55fa52911e796a44cf,원딱러,registered,페로나 각,페로나 각,페로나 각,,,buy,구매,2,1.5,15000,estimated,per_quantity,text,unknown,,active,needs_review,needs_review,"가격 단위 추정, 배송비 포함 여부 미확정, 복수 수량 총액 · 카드 1장 가격 아님",estimated,no,no,페로나 2장 각 1.5 구매완
b62ef19ae73aff101e97264a,onepiececardgame,원피스 카드게임,2026-08,2026-08-13T01:53:15+09:00,known,1b25b6994ae9a41dc1065349,b62ef19ae73aff101e97264a,107012,https://m.dcinside.com/board/onepiececardgame/107012,"1코 sr 페로나, 이벤트 망자 구합니다!",seller-8ad10b55fa52911e796a44cf,원딱러,registered,망자 각,망자 각,망자 각,,,buy,구매,4,0.5,5000,estimated,per_quantity,text,unknown,,active,needs_review,needs_review,"가격 단위 추정, 배송비 포함 여부 미확정, 복수 수량 총액 · 카드 1장 가격 아님",estimated,no,no,망자 4장 각 0.5
bec5e378ac112e55e26778c3,onepiececardgame,원피스 카드게임,2026-08,2026-08-13T01:53:15+09:00,known,1b25b6994ae9a41dc1065349,bec5e378ac112e55e26778c3,107012,https://m.dcinside.com/board/onepiececardgame/107012,"1코 sr 페로나, 이벤트 망자 구합니다!",seller-8ad10b55fa52911e796a44cf,원딱러,registered,페로나 각,페로나 각,페로나 각,,,buy,구매,2,1.5,15000,estimated,per_quantity,text,unknown,,active,needs_review,needs_review,"가격 단위 추정, 배송비 포함 여부 미확정, 복수 수량 총액 · 카드 1장 가격 아님",estimated,no,no,페로나 2장 각 1.5 구매완
c0cea09c8b4cc51c9f49bcb5,onepiececardgame,원피스 카드게임,2026-08,2026-08-13T01:53:15+09:00,known,eea62bcacbaf261baad46ff3,c0cea09c8b4cc51c9f49bcb5,107012,https://m.dcinside.com/board/onepiececardgame/107012,"1코 sr 페로나, 이벤트 망자 구합니다!",seller-8ad10b55fa52911e796a44cf,원딱러,registered,망자 각,망자 각,망자 각,,,buy,구매,4,0.5,5000,estimated,per_quantity,text,unknown,,active,needs_review,needs_review,"가격 단위 추정, 배송비 포함 여부 미확정, 복수 수량 총액 · 카드 1장 가격 아님",estimated,no,no,망자 4장 각 0.5
c700c9897e83922c1c389b39,onepiececardgame,원피스 카드게임,2026-08,2026-08-13T01:53:15+09:00,known,afd9e4cb34a70b5fc7ae2242,c700c9897e83922c1c389b39,107012,https://m.dcinside.com/board/onepiececardgame/107012,"1코 sr 페로나, 이벤트 망자 구합니다!",seller-8ad10b55fa52911e796a44cf,원딱러,registered,페로나 각,페로나 각,페로나 각,,,buy,구매,2,1.5,15000,estimated,per_quantity,text,unknown,,active,needs_review,needs_review,"가격 단위 추정, 배송비 포함 여부 미확정, 복수 수량 총액 · 카드 1장 가격 아님",estimated,no,no,페로나 2장 각 1.5 구매완
c90256eefea35d02be38fc8f,onepiececardgame,원피스 카드게임,2026-08,2026-08-13T01:53:15+09:00,known,2468ab692c79d6e8fd2830fe,c90256eefea35d02be38fc8f,107012,https://m.dcinside.com/board/onepiececardgame/107012,"1코 sr 페로나, 이벤트 망자 구합니다!",seller-8ad10b55fa52911e796a44cf,원딱러,registered,망자 각,망자 각,망자 각,,,buy,구매,4,0.5,5000,estimated,per_quantity,text,unknown,,active,needs_review,needs_review,"가격 단위 추정, 배송비 포함 여부 미확정, 복수 수량 총액 · 카드 1장 가격 아님",estimated,no,no,망자 4장 각 0.5
d1ee0e430dae9b56632e008d,onepiececardgame,원피스 카드게임,2026-08,2026-08-13T01:53:15+09:00,known,942ad8698b765acf02f5ca49,d1ee0e430dae9b56632e008d,107012,https://m.dcinside.com/board/onepiececardgame/107012,"1코 sr 페로나, 이벤트 망자 구합니다!",seller-8ad10b55fa52911e796a44cf,원딱러,registered,망자 각,망자 각,망자 각,,,buy,구매,4,0.5,5000,estimated,per_quantity,text,unknown,,active,needs_review,needs_review,"가격 단위 추정, 배송비 포함 여부 미확정, 복수 수량 총액 · 카드 1장 가격 아님",estimated,no,no,망자 4장 각 0.5
e6df4846792b6b84ed4942ae,onepiececardgame,원피스 카드게임,2026-08,2026-08-13T01:53:15+09:00,known,942ad8698b765acf02f5ca49,e6df4846792b6b84ed4942ae,107012,https://m.dcinside.com/board/onepiececardgame/107012,"1코 sr 페로나, 이벤트 망자 구합니다!",seller-8ad10b55fa52911e796a44cf,원딱러,registered,페로나 각,페로나 각,페로나 각,,,buy,구매,2,1.5,15000,estimated,per_quantity,text,unknown,,active,needs_review,needs_review,"가격 단위 추정, 배송비 포함 여부 미확정, 복수 수량 총액 · 카드 1장 가격 아님",estimated,no,no,페로나 2장 각 1.5 구매완
f6e11eb9053c656a286af606,onepiececardgame,원피스 카드게임,2026-08,2026-08-13T01:53:15+09:00,known,16e3489cbf78017e48ec5a99,f6e11eb9053c656a286af606,107012,https://m.dcinside.com/board/onepiececardgame/107012,"1코 sr 페로나, 이벤트 망자 구합니다!",seller-8ad10b55fa52911e796a44cf,원딱러,registered,망자 각,망자 각,망자 각,,,buy,구매,4,0.5,5000,estimated,per_quantity,text,unknown,,active,needs_review,needs_review,"가격 단위 추정, 배송비 포함 여부 미확정, 복수 수량 총액 · 카드 1장 가격 아님",estimated,no,no,망자 4장 각 0.5
1f0e4d543166b72dc3cada98,onepiececardgame,원피스 카드게임,2026-08,2026-08-13T04:24:45+09:00,known,392f7e93c7011e8f6641af37,1f0e4d543166b72dc3cada98,107020,https://m.dcinside.com/board/onepiececardgame/107020,오늘(목요일) 저녁 롤다 직으로 낱장 몇가지 구매합니다,seller-227a271c23d903e728399d54,보수.,registered,var safe = window.dcAd && window.dcAd.safe ==,var safe = window.dcAd && window.dcAd.safe ==,var safe = (window.dcAd && window.dcAd.safe ==,,,buy,구매,1,1,10000,estimated,bundle,text,unknown,,active,needs_review,needs_review,"가격 단위 추정, 복수 카드 가격, 배송비 포함 여부 미확정, 묶음·세트 총액 · 개별 카드 가격 아님",estimated,no,no,var safe = (window.dcAd && window.dcAd.safe == 1)
220ea6d6b7ff69657445851c,onepiececardgame,원피스 카드게임,2026-08,2026-08-13T04:24:45+09:00,known,81e8193d9b3e1d51f4667e23,220ea6d6b7ff69657445851c,107020,https://m.dcinside.com/board/onepiececardgame/107020,오늘(목요일) 저녁 롤다 직으로 낱장 몇가지 구매합니다,seller-227a271c23d903e728399d54,보수.,registered,loadScript ' t,loadScript ' t,loadScript('//t,,,buy,구매,1,1,10000,estimated,bundle,text,unknown,,active,needs_review,needs_review,"가격 단위 추정, 복수 카드 가격, 배송비 포함 여부 미확정, 묶음·세트 총액 · 개별 카드 가격 아님",estimated,no,no,"loadScript('//t1.kakaocdn.net/kas/static/ba.min.js', true);"
258640c43118b1503a46e28a,onepiececardgame,원피스 카드게임,2026-08,2026-08-13T04:24:45+09:00,known,81e8193d9b3e1d51f4667e23,258640c43118b1503a46e28a,107020,https://m.dcinside.com/board/onepiececardgame/107020,오늘(목요일) 저녁 롤다 직으로 낱장 몇가지 구매합니다,seller-227a271c23d903e728399d54,보수.,registered,DOM 삽입 헬퍼 현재 스크립트 위치 기준,DOM 삽입 헬퍼 현재 스크립트 위치 기준,// ---- DOM 삽입 헬퍼 (현재 스크립트 위치 기준,,,buy,구매,1,1,10000,estimated,bundle,text,unknown,,active,needs_review,needs_review,"가격 단위 추정, 복수 카드 가격, 배송비 포함 여부 미확정, 묶음·세트 총액 · 개별 카드 가격 아님",estimated,no,no,// ---- DOM 삽입 헬퍼 (현재 스크립트 위치 기준1)
2dee2a3a259d881a2453a4c8,onepiececardgame,원피스 카드게임,2026-08,2026-08-13T04:24:45+09:00,known,28a7fd960ad4b23d46777c12,2dee2a3a259d881a2453a4c8,107020,https://m.dcinside.com/board/onepiececardgame/107020,오늘(목요일) 저녁 롤다 직으로 낱장 몇가지 구매합니다,seller-227a271c23d903e728399d54,보수.,registered,loadScript ' t,loadScript ' t,loadScript('//t,,,buy,구매,1,1,10000,estimated,bundle,text,unknown,,active,needs_review,needs_review,"가격 단위 추정, 복수 카드 가격, 배송비 포함 여부 미확정, 묶음·세트 총액 · 개별 카드 가격 아님",estimated,no,no,"loadScript('//t1.kakaocdn.net/kas/static/ba.min.js', true);"
31d26c69e70d60cc4193cf28,onepiececardgame,원피스 카드게임,2026-08,2026-08-13T04:24:45+09:00,known,1fb632a8a6e16750e36d9828,31d26c69e70d60cc4193cf28,107020,https://m.dcinside.com/board/onepiececardgame/107020,오늘(목요일) 저녁 롤다 직으로 낱장 몇가지 구매합니다,seller-227a271c23d903e728399d54,보수.,registered,var safe = window.dcAd && window.dcAd.safe ==,var safe = window.dcAd && window.dcAd.safe ==,var safe = (window.dcAd && window.dcAd.safe ==,,,buy,구매,1,1,10000,estimated,bundle,text,unknown,,active,needs_review,needs_review,"가격 단위 추정, 복수 카드 가격, 배송비 포함 여부 미확정, 묶음·세트 총액 · 개별 카드 가격 아님",estimated,no,no,var safe = (window.dcAd && window.dcAd.safe == 1)
35184497402111b4260766d7,onepiececardgame,원피스 카드게임,2026-08,2026-08-13T04:24:45+09:00,known,28a7fd960ad4b23d46777c12,35184497402111b4260766d7,107020,https://m.dcinside.com/board/onepiececardgame/107020,오늘(목요일) 저녁 롤다 직으로 낱장 몇가지 구매합니다,seller-227a271c23d903e728399d54,보수.,registered,var safe = window.dcAd && window.dcAd.safe ==,var safe = window.dcAd && window.dcAd.safe ==,var safe = (window.dcAd && window.dcAd.safe ==,,,buy,구매,1,1,10000,estimated,bundle,text,unknown,,active,needs_review,needs_review,"가격 단위 추정, 복수 카드 가격, 배송비 포함 여부 미확정, 묶음·세트 총액 · 개별 카드 가격 아님",estimated,no,no,var safe = (window.dcAd && window.dcAd.safe == 1)
3cced5d825d065869b688634,onepiececardgame,원피스 카드게임,2026-08,2026-08-13T04:24:45+09:00,known,81e8193d9b3e1d51f4667e23,3cced5d825d065869b688634,107020,https://m.dcinside.com/board/onepiececardgame/107020,오늘(목요일) 저녁 롤다 직으로 낱장 몇가지 구매합니다,seller-227a271c23d903e728399d54,보수.,registered,loadScript 'https pagead,loadScript 'https pagead,loadScript('https://pagead,,,buy,구매,1,2,20000,estimated,bundle,text,unknown,,active,needs_review,needs_review,"가격 단위 추정, 복수 카드 가격, 배송비 포함 여부 미확정, 묶음·세트 총액 · 개별 카드 가격 아님",estimated,no,no,"loadScript('https://pagead2.googlesyndication.com/pagead/js/adsbygoogle_direct.js?client=ca-pub-8171468792791627', true, 'anonymous');"
406b4aa876f1e7eebfc38e97,onepiececardgame,원피스 카드게임,2026-08,2026-08-13T04:24:45+09:00,known,29560b0f06db284ddf52e977,406b4aa876f1e7eebfc38e97,107020,https://m.dcinside.com/board/onepiececardgame/107020,오늘(목요일) 저녁 롤다 직으로 낱장 몇가지 구매합니다,seller-227a271c23d903e728399d54,보수.,registered,DOM 삽입 헬퍼 현재 스크립트 위치 기준,DOM 삽입 헬퍼 현재 스크립트 위치 기준,// ---- DOM 삽입 헬퍼 (현재 스크립트 위치 기준,,,buy,구매,1,1,10000,estimated,bundle,text,unknown,,active,needs_review,needs_review,"가격 단위 추정, 복수 카드 가격, 배송비 포함 여부 미확정, 묶음·세트 총액 · 개별 카드 가격 아님",estimated,no,no,// ---- DOM 삽입 헬퍼 (현재 스크립트 위치 기준1)
45a552f6d7dba9f4ca86e24b,onepiececardgame,원피스 카드게임,2026-08,2026-08-13T04:24:45+09:00,known,81e8193d9b3e1d51f4667e23,45a552f6d7dba9f4ca86e24b,107020,https://m.dcinside.com/board/onepiececardgame/107020,오늘(목요일) 저녁 롤다 직으로 낱장 몇가지 구매합니다,seller-227a271c23d903e728399d54,보수.,registered,*세뇨르 핑크 - 까지 한번에 팔아주시면,*세뇨르 핑크 - 까지 한번에 팔아주시면,"*세뇨르 핑크 1.2 - 까지 , 한번에 팔아주시면 장당",,,buy,구매,4,1.5,15000,estimated,bundle,text,unknown,,active,needs_review,needs_review,"가격 단위 추정, 복수 카드 가격, 배송비 포함 여부 미확정, 묶음·세트 총액 · 개별 카드 가격 아님",estimated,no,no,"*세뇨르 핑크 1.2 - 4장까지 , 4장 한번에 팔아주시면 장당 1.5"
5887845542c2a8f165ffe3fb,onepiececardgame,원피스 카드게임,2026-08,2026-08-13T04:24:45+09:00,known,1fb632a8a6e16750e36d9828,5887845542c2a8f165ffe3fb,107020,https://m.dcinside.com/board/onepiececardgame/107020,오늘(목요일) 저녁 롤다 직으로 낱장 몇가지 구매합니다,seller-227a271c23d903e728399d54,보수.,registered,DOM 삽입 헬퍼 현재 스크립트 위치 기준,DOM 삽입 헬퍼 현재 스크립트 위치 기준,// ---- DOM 삽입 헬퍼 (현재 스크립트 위치 기준,,,buy,구매,1,1,10000,estimated,bundle,text,unknown,,active,needs_review,needs_review,"가격 단위 추정, 복수 카드 가격, 배송비 포함 여부 미확정, 묶음·세트 총액 · 개별 카드 가격 아님",estimated,no,no,// ---- DOM 삽입 헬퍼 (현재 스크립트 위치 기준1)
5c6f577857694d918c816647,onepiececardgame,원피스 카드게임,2026-08,2026-08-13T04:24:45+09:00,known,1fb632a8a6e16750e36d9828,5c6f577857694d918c816647,107020,https://m.dcinside.com/board/onepiececardgame/107020,오늘(목요일) 저녁 롤다 직으로 낱장 몇가지 구매합니다,seller-227a271c23d903e728399d54,보수.,registered,loadScript 'https pagead,loadScript 'https pagead,loadScript('https://pagead,,,buy,구매,1,2,20000,estimated,bundle,text,unknown,,active,needs_review,needs_review,"가격 단위 추정, 복수 카드 가격, 배송비 포함 여부 미확정, 묶음·세트 총액 · 개별 카드 가격 아님",estimated,no,no,"loadScript('https://pagead2.googlesyndication.com/pagead/js/adsbygoogle_direct.js?client=ca-pub-8171468792791627', true, 'anonymous');"
86417e29fe9d3d1469a867f2,onepiececardgame,원피스 카드게임,2026-08,2026-08-13T04:24:45+09:00,known,28a7fd960ad4b23d46777c12,86417e29fe9d3d1469a867f2,107020,https://m.dcinside.com/board/onepiececardgame/107020,오늘(목요일) 저녁 롤다 직으로 낱장 몇가지 구매합니다,seller-227a271c23d903e728399d54,보수.,registered,loadScript 'https pagead,loadScript 'https pagead,loadScript('https://pagead,,,buy,구매,1,2,20000,estimated,bundle,text,unknown,,active,needs_review,needs_review,"가격 단위 추정, 복수 카드 가격, 배송비 포함 여부 미확정, 묶음·세트 총액 · 개별 카드 가격 아님",estimated,no,no,"loadScript('https://pagead2.googlesyndication.com/pagead/js/adsbygoogle_direct.js?client=ca-pub-8171468792791627', true, 'anonymous');"
8facf8834b9e00622e6a4598,onepiececardgame,원피스 카드게임,2026-08,2026-08-13T04:24:45+09:00,known,392f7e93c7011e8f6641af37,8facf8834b9e00622e6a4598,107020,https://m.dcinside.com/board/onepiececardgame/107020,오늘(목요일) 저녁 롤다 직으로 낱장 몇가지 구매합니다,seller-227a271c23d903e728399d54,보수.,registered,loadScript ' t,loadScript ' t,loadScript('//t,,,buy,구매,1,1,10000,estimated,bundle,text,unknown,,active,needs_review,needs_review,"가격 단위 추정, 복수 카드 가격, 배송비 포함 여부 미확정, 묶음·세트 총액 · 개별 카드 가격 아님",estimated,no,no,"loadScript('//t1.kakaocdn.net/kas/static/ba.min.js', true);"
a32f18a43ade2b84dc23988d,onepiececardgame,원피스 카드게임,2026-08,2026-08-13T04:24:45+09:00,known,28a7fd960ad4b23d46777c12,a32f18a43ade2b84dc23988d,107020,https://m.dcinside.com/board/onepiececardgame/107020,오늘(목요일) 저녁 롤다 직으로 낱장 몇가지 구매합니다,seller-227a271c23d903e728399d54,보수.,registered,DOM 삽입 헬퍼 현재 스크립트 위치 기준,DOM 삽입 헬퍼 현재 스크립트 위치 기준,// ---- DOM 삽입 헬퍼 (현재 스크립트 위치 기준,,,buy,구매,1,1,10000,estimated,bundle,text,unknown,,active,needs_review,needs_review,"가격 단위 추정, 복수 카드 가격, 배송비 포함 여부 미확정, 묶음·세트 총액 · 개별 카드 가격 아님",estimated,no,no,// ---- DOM 삽입 헬퍼 (현재 스크립트 위치 기준1)
a51b60a65aae51b168070b62,onepiececardgame,원피스 카드게임,2026-08,2026-08-13T04:24:45+09:00,known,29560b0f06db284ddf52e977,a51b60a65aae51b168070b62,107020,https://m.dcinside.com/board/onepiececardgame/107020,오늘(목요일) 저녁 롤다 직으로 낱장 몇가지 구매합니다,seller-227a271c23d903e728399d54,보수.,registered,var safe = window.dcAd && window.dcAd.safe ==,var safe = window.dcAd && window.dcAd.safe ==,var safe = (window.dcAd && window.dcAd.safe ==,,,buy,구매,1,1,10000,estimated,bundle,text,unknown,,active,needs_review,needs_review,"가격 단위 추정, 복수 카드 가격, 배송비 포함 여부 미확정, 묶음·세트 총액 · 개별 카드 가격 아님",estimated,no,no,var safe = (window.dcAd && window.dcAd.safe == 1)
ae5f3f958be18bebb1ee4cf3,onepiececardgame,원피스 카드게임,2026-08,2026-08-13T04:24:45+09:00,known,29560b0f06db284ddf52e977,ae5f3f958be18bebb1ee4cf3,107020,https://m.dcinside.com/board/onepiececardgame/107020,오늘(목요일) 저녁 롤다 직으로 낱장 몇가지 구매합니다,seller-227a271c23d903e728399d54,보수.,registered,*세뇨르 핑크 - 까지 한번에 팔아주시면,*세뇨르 핑크 - 까지 한번에 팔아주시면,"*세뇨르 핑크 1.2 - 까지 , 한번에 팔아주시면 장당",,,buy,구매,4,1.5,15000,estimated,bundle,text,unknown,,active,needs_review,needs_review,"가격 단위 추정, 복수 카드 가격, 배송비 포함 여부 미확정, 묶음·세트 총액 · 개별 카드 가격 아님",estimated,no,no,"*세뇨르 핑크 1.2 - 4장까지 , 4장 한번에 팔아주시면 장당 1.5"
b2aa68625dc6d686c2c81199,onepiececardgame,원피스 카드게임,2026-08,2026-08-13T04:24:45+09:00,known,1fb632a8a6e16750e36d9828,b2aa68625dc6d686c2c81199,107020,https://m.dcinside.com/board/onepiececardgame/107020,오늘(목요일) 저녁 롤다 직으로 낱장 몇가지 구매합니다,seller-227a271c23d903e728399d54,보수.,registered,loadScript ' t,loadScript ' t,loadScript('//t,,,buy,구매,1,1,10000,estimated,bundle,text,unknown,,active,needs_review,needs_review,"가격 단위 추정, 복수 카드 가격, 배송비 포함 여부 미확정, 묶음·세트 총액 · 개별 카드 가격 아님",estimated,no,no,"loadScript('//t1.kakaocdn.net/kas/static/ba.min.js', true);"
b598e3ec40a7d88e1be7b06d,onepiececardgame,원피스 카드게임,2026-08,2026-08-13T04:24:45+09:00,known,f8fabf0ca830b235c219a142,b598e3ec40a7d88e1be7b06d,107020,https://m.dcinside.com/board/onepiececardgame/107020,오늘(목요일) 저녁 롤다 직으로 낱장 몇가지 구매합니다,seller-227a271c23d903e728399d54,보수.,registered,*세뇨르 핑크 - 까지 한번에 팔아주시면,*세뇨르 핑크 - 까지 한번에 팔아주시면,"*세뇨르 핑크 1.2 - 까지 , 한번에 팔아주시면 장당",,,buy,구매,4,1.5,15000,estimated,bundle,text,unknown,,active,needs_review,needs_review,"가격 단위 추정, 복수 카드 가격, 배송비 포함 여부 미확정, 묶음·세트 총액 · 개별 카드 가격 아님",estimated,no,no,"*세뇨르 핑크 1.2 - 4장까지 , 4장 한번에 팔아주시면 장당 1.5"
b631bba70abc28d4152c2858,onepiececardgame,원피스 카드게임,2026-08,2026-08-13T04:24:45+09:00,known,28a7fd960ad4b23d46777c12,b631bba70abc28d4152c2858,107020,https://m.dcinside.com/board/onepiececardgame/107020,오늘(목요일) 저녁 롤다 직으로 낱장 몇가지 구매합니다,seller-227a271c23d903e728399d54,보수.,registered,*세뇨르 핑크 - 까지 한번에 팔아주시면,*세뇨르 핑크 - 까지 한번에 팔아주시면,"*세뇨르 핑크 1.2 - 까지 , 한번에 팔아주시면 장당",,,buy,구매,4,1.5,15000,estimated,bundle,text,unknown,,active,needs_review,needs_review,"가격 단위 추정, 복수 카드 가격, 배송비 포함 여부 미확정, 묶음·세트 총액 · 개별 카드 가격 아님",estimated,no,no,"*세뇨르 핑크 1.2 - 4장까지 , 4장 한번에 팔아주시면 장당 1.5"
b8356fccc1bbba44555b45eb,onepiececardgame,원피스 카드게임,2026-08,2026-08-13T04:24:45+09:00,known,392f7e93c7011e8f6641af37,b8356fccc1bbba44555b45eb,107020,https://m.dcinside.com/board/onepiececardgame/107020,오늘(목요일) 저녁 롤다 직으로 낱장 몇가지 구매합니다,seller-227a271c23d903e728399d54,보수.,registered,loadScript 'https pagead,loadScript 'https pagead,loadScript('https://pagead,,,buy,구매,1,2,20000,estimated,bundle,text,unknown,,active,needs_review,needs_review,"가격 단위 추정, 복수 카드 가격, 배송비 포함 여부 미확정, 묶음·세트 총액 · 개별 카드 가격 아님",estimated,no,no,"loadScript('https://pagead2.googlesyndication.com/pagead/js/adsbygoogle_direct.js?client=ca-pub-8171468792791627', true, 'anonymous');"
c1b9d396dc27916937e2b173,onepiececardgame,원피스 카드게임,2026-08,2026-08-13T04:24:45+09:00,known,81e8193d9b3e1d51f4667e23,c1b9d396dc27916937e2b173,107020,https://m.dcinside.com/board/onepiececardgame/107020,오늘(목요일) 저녁 롤다 직으로 낱장 몇가지 구매합니다,seller-227a271c23d903e728399d54,보수.,registered,var safe = window.dcAd && window.dcAd.safe ==,var safe = window.dcAd && window.dcAd.safe ==,var safe = (window.dcAd && window.dcAd.safe ==,,,buy,구매,1,1,10000,estimated,bundle,text,unknown,,active,needs_review,needs_review,"가격 단위 추정, 복수 카드 가격, 배송비 포함 여부 미확정, 묶음·세트 총액 · 개별 카드 가격 아님",estimated,no,no,var safe = (window.dcAd && window.dcAd.safe == 1)
c52c3dd72d18c1163b5a6634,onepiececardgame,원피스 카드게임,2026-08,2026-08-13T04:24:45+09:00,known,29560b0f06db284ddf52e977,c52c3dd72d18c1163b5a6634,107020,https://m.dcinside.com/board/onepiececardgame/107020,오늘(목요일) 저녁 롤다 직으로 낱장 몇가지 구매합니다,seller-227a271c23d903e728399d54,보수.,registered,loadScript ' t,loadScript ' t,loadScript('//t,,,buy,구매,1,1,10000,estimated,bundle,text,unknown,,active,needs_review,needs_review,"가격 단위 추정, 복수 카드 가격, 배송비 포함 여부 미확정, 묶음·세트 총액 · 개별 카드 가격 아님",estimated,no,no,"loadScript('//t1.kakaocdn.net/kas/static/ba.min.js', true);"
cef59a6166cd478d75a544eb,onepiececardgame,원피스 카드게임,2026-08,2026-08-13T04:24:45+09:00,known,f8fabf0ca830b235c219a142,cef59a6166cd478d75a544eb,107020,https://m.dcinside.com/board/onepiececardgame/107020,오늘(목요일) 저녁 롤다 직으로 낱장 몇가지 구매합니다,seller-227a271c23d903e728399d54,보수.,registered,loadScript ' t,loadScript ' t,loadScript('//t,,,buy,구매,1,1,10000,estimated,bundle,text,unknown,,active,needs_review,needs_review,"가격 단위 추정, 복수 카드 가격, 배송비 포함 여부 미확정, 묶음·세트 총액 · 개별 카드 가격 아님",estimated,no,no,"loadScript('//t1.kakaocdn.net/kas/static/ba.min.js', true);"
d76fd1399c2b00de17c02f2b,onepiececardgame,원피스 카드게임,2026-08,2026-08-13T04:24:45+09:00,known,1fb632a8a6e16750e36d9828,d76fd1399c2b00de17c02f2b,107020,https://m.dcinside.com/board/onepiececardgame/107020,오늘(목요일) 저녁 롤다 직으로 낱장 몇가지 구매합니다,seller-227a271c23d903e728399d54,보수.,registered,*세뇨르 핑크 - 까지 한번에 팔아주시면,*세뇨르 핑크 - 까지 한번에 팔아주시면,"*세뇨르 핑크 1.2 - 까지 , 한번에 팔아주시면 장당",,,buy,구매,4,1.5,15000,estimated,bundle,text,unknown,,active,needs_review,needs_review,"가격 단위 추정, 복수 카드 가격, 배송비 포함 여부 미확정, 묶음·세트 총액 · 개별 카드 가격 아님",estimated,no,no,"*세뇨르 핑크 1.2 - 4장까지 , 4장 한번에 팔아주시면 장당 1.5"
d7a1d5b5a1f3af0e06295e25,onepiececardgame,원피스 카드게임,2026-08,2026-08-13T04:24:45+09:00,known,f8fabf0ca830b235c219a142,d7a1d5b5a1f3af0e06295e25,107020,https://m.dcinside.com/board/onepiececardgame/107020,오늘(목요일) 저녁 롤다 직으로 낱장 몇가지 구매합니다,seller-227a271c23d903e728399d54,보수.,registered,DOM 삽입 헬퍼 현재 스크립트 위치 기준,DOM 삽입 헬퍼 현재 스크립트 위치 기준,// ---- DOM 삽입 헬퍼 (현재 스크립트 위치 기준,,,buy,구매,1,1,10000,estimated,bundle,text,unknown,,active,needs_review,needs_review,"가격 단위 추정, 복수 카드 가격, 배송비 포함 여부 미확정, 묶음·세트 총액 · 개별 카드 가격 아님",estimated,no,no,// ---- DOM 삽입 헬퍼 (현재 스크립트 위치 기준1)
e4afcfdab94e18f663203dc6,onepiececardgame,원피스 카드게임,2026-08,2026-08-13T04:24:45+09:00,known,392f7e93c7011e8f6641af37,e4afcfdab94e18f663203dc6,107020,https://m.dcinside.com/board/onepiececardgame/107020,오늘(목요일) 저녁 롤다 직으로 낱장 몇가지 구매합니다,seller-227a271c23d903e728399d54,보수.,registered,DOM 삽입 헬퍼 현재 스크립트 위치 기준,DOM 삽입 헬퍼 현재 스크립트 위치 기준,// ---- DOM 삽입 헬퍼 (현재 스크립트 위치 기준,,,buy,구매,1,1,10000,estimated,bundle,text,unknown,,active,needs_review,needs_review,"가격 단위 추정, 복수 카드 가격, 배송비 포함 여부 미확정, 묶음·세트 총액 · 개별 카드 가격 아님",estimated,no,no,// ---- DOM 삽입 헬퍼 (현재 스크립트 위치 기준1)
eb7b8a9460674b37f609f6b6,onepiececardgame,원피스 카드게임,2026-08,2026-08-13T04:24:45+09:00,known,392f7e93c7011e8f6641af37,eb7b8a9460674b37f609f6b6,107020,https://m.dcinside.com/board/onepiececardgame/107020,오늘(목요일) 저녁 롤다 직으로 낱장 몇가지 구매합니다,seller-227a271c23d903e728399d54,보수.,registered,*세뇨르 핑크 - 까지 한번에 팔아주시면,*세뇨르 핑크 - 까지 한번에 팔아주시면,"*세뇨르 핑크 1.2 - 까지 , 한번에 팔아주시면 장당",,,buy,구매,4,1.5,15000,estimated,bundle,text,unknown,,active,needs_review,needs_review,"가격 단위 추정, 복수 카드 가격, 배송비 포함 여부 미확정, 묶음·세트 총액 · 개별 카드 가격 아님",estimated,no,no,"*세뇨르 핑크 1.2 - 4장까지 , 4장 한번에 팔아주시면 장당 1.5"
f560e86942637004508fa387,onepiececardgame,원피스 카드게임,2026-08,2026-08-13T04:24:45+09:00,known,f8fabf0ca830b235c219a142,f560e86942637004508fa387,107020,https://m.dcinside.com/board/onepiececardgame/107020,오늘(목요일) 저녁 롤다 직으로 낱장 몇가지 구매합니다,seller-227a271c23d903e728399d54,보수.,registered,loadScript 'https pagead,loadScript 'https pagead,loadScript('https://pagead,,,buy,구매,1,2,20000,estimated,bundle,text,unknown,,active,needs_review,needs_review,"가격 단위 추정, 복수 카드 가격, 배송비 포함 여부 미확정, 묶음·세트 총액 · 개별 카드 가격 아님",estimated,no,no,"loadScript('https://pagead2.googlesyndication.com/pagead/js/adsbygoogle_direct.js?client=ca-pub-8171468792791627', true, 'anonymous');"
f96689081393847a450f3166,onepiececardgame,원피스 카드게임,2026-08,2026-08-13T04:24:45+09:00,known,f8fabf0ca830b235c219a142,f96689081393847a450f3166,107020,https://m.dcinside.com/board/onepiececardgame/107020,오늘(목요일) 저녁 롤다 직으로 낱장 몇가지 구매합니다,seller-227a271c23d903e728399d54,보수.,registered,var safe = window.dcAd && window.dcAd.safe ==,var safe = window.dcAd && window.dcAd.safe ==,var safe = (window.dcAd && window.dcAd.safe ==,,,buy,구매,1,1,10000,estimated,bundle,text,unknown,,active,needs_review,needs_review,"가격 단위 추정, 복수 카드 가격, 배송비 포함 여부 미확정, 묶음·세트 총액 · 개별 카드 가격 아님",estimated,no,no,var safe = (window.dcAd && window.dcAd.safe == 1)
fe86c9556caeedb7e9feb2e3,onepiececardgame,원피스 카드게임,2026-08,2026-08-13T04:24:45+09:00,known,29560b0f06db284ddf52e977,fe86c9556caeedb7e9feb2e3,107020,https://m.dcinside.com/board/onepiececardgame/107020,오늘(목요일) 저녁 롤다 직으로 낱장 몇가지 구매합니다,seller-227a271c23d903e728399d54,보수.,registered,loadScript 'https pagead,loadScript 'https pagead,loadScript('https://pagead,,,buy,구매,1,2,20000,estimated,bundle,text,unknown,,active,needs_review,needs_review,"가격 단위 추정, 복수 카드 가격, 배송비 포함 여부 미확정, 묶음·세트 총액 · 개별 카드 가격 아님",estimated,no,no,"loadScript('https://pagead2.googlesyndication.com/pagead/js/adsbygoogle_direct.js?client=ca-pub-8171468792791627', true, 'anonymous');"
1dc26c37e06a8f2a5e71f601,onepiececardgame,원피스 카드게임,2026-08,2026-08-13T08:57:27+09:00,known,41e787bfaeebb63c02e5119e,1dc26c37e06a8f2a5e71f601,107025,https://m.dcinside.com/board/onepiececardgame/107025,적청 소스 + 8코 황키드 삽니다,seller-8ad10b55fa52911e796a44cf,원딱러,registered,씨유반택 +,씨유반택 +,씨유반택 +,,,buy,구매,1,0.2,2000,estimated,bundle,text,unknown,,active,needs_review,needs_review,"가격 단위 추정, 복수 카드 가격, 배송비 포함 여부 미확정, 묶음·세트 총액 · 개별 카드 가격 아님",estimated,no,no,씨유반택 +0.2
4c8f9b9bfeccab36222e09d0,onepiececardgame,원피스 카드게임,2026-08,2026-08-13T08:57:27+09:00,known,fbe4a58b6e77f50e844532af,4c8f9b9bfeccab36222e09d0,107025,https://m.dcinside.com/board/onepiececardgame/107025,적청 소스 + 8코 황키드 삽니다,seller-8ad10b55fa52911e796a44cf,원딱러,registered,씨유반택 +,씨유반택 +,씨유반택 +,,,buy,구매,1,0.2,2000,estimated,bundle,text,unknown,,active,needs_review,needs_review,"가격 단위 추정, 복수 카드 가격, 배송비 포함 여부 미확정, 묶음·세트 총액 · 개별 카드 가격 아님",estimated,no,no,씨유반택 +0.2
97bf2fb3934befa4d4206538,onepiececardgame,원피스 카드게임,2026-08,2026-08-13T08:57:27+09:00,known,256dfbcbc7bc932eab287b4b,97bf2fb3934befa4d4206538,107025,https://m.dcinside.com/board/onepiececardgame/107025,적청 소스 + 8코 황키드 삽니다,seller-8ad10b55fa52911e796a44cf,원딱러,registered,씨유반택 +,씨유반택 +,씨유반택 +,,,buy,구매,1,0.2,2000,estimated,bundle,text,unknown,,active,needs_review,needs_review,"가격 단위 추정, 복수 카드 가격, 배송비 포함 여부 미확정, 묶음·세트 총액 · 개별 카드 가격 아님",estimated,no,no,씨유반택 +0.2
bb159f895065a11e81c09142,onepiececardgame,원피스 카드게임,2026-08,2026-08-13T08:57:27+09:00,known,177685122f5c4b5b84a615aa,bb159f895065a11e81c09142,107025,https://m.dcinside.com/board/onepiececardgame/107025,적청 소스 + 8코 황키드 삽니다,seller-8ad10b55fa52911e796a44cf,원딱러,registered,씨유반택 +,씨유반택 +,씨유반택 +,,,buy,구매,1,0.2,2000,estimated,bundle,text,unknown,,active,needs_review,needs_review,"가격 단위 추정, 복수 카드 가격, 배송비 포함 여부 미확정, 묶음·세트 총액 · 개별 카드 가격 아님",estimated,no,no,씨유반택 +0.2
d2f3f15549ae980bd8c89506,onepiececardgame,원피스 카드게임,2026-08,2026-08-13T08:57:27+09:00,known,502f3c17cf4ded9c8bfd9c3c,d2f3f15549ae980bd8c89506,107025,https://m.dcinside.com/board/onepiececardgame/107025,적청 소스 + 8코 황키드 삽니다,seller-8ad10b55fa52911e796a44cf,원딱러,registered,씨유반택 +,씨유반택 +,씨유반택 +,,,buy,구매,1,0.2,2000,estimated,bundle,text,unknown,,active,needs_review,needs_review,"가격 단위 추정, 복수 카드 가격, 배송비 포함 여부 미확정, 묶음·세트 총액 · 개별 카드 가격 아님",estimated,no,no,씨유반택 +0.2
ed5297567321eb5a994da027,onepiececardgame,원피스 카드게임,2026-08,2026-08-13T08:57:27+09:00,known,9f74bcaea453c470730dd1b8,ed5297567321eb5a994da027,107025,https://m.dcinside.com/board/onepiececardgame/107025,적청 소스 + 8코 황키드 삽니다,seller-8ad10b55fa52911e796a44cf,원딱러,registered,씨유반택 +,씨유반택 +,씨유반택 +,,,buy,구매,1,0.2,2000,estimated,bundle,text,unknown,,active,needs_review,needs_review,"가격 단위 추정, 복수 카드 가격, 배송비 포함 여부 미확정, 묶음·세트 총액 · 개별 카드 가격 아님",estimated,no,no,씨유반택 +0.2
1eb20a4ea63b25f978298775,onepiececardgame,원피스 카드게임,2026-08,2026-08-13T11:30:37+09:00,known,21ab502bf1f661d078385aa1,1eb20a4ea63b25f978298775,107046,https://m.dcinside.com/board/onepiececardgame/107046,10코 시크로저 삽니다,seller-8ad10b55fa52911e796a44cf,원딱러,registered,,,,,,buy,구매,2,3,30000,estimated,per_quantity,text,unknown,,active,needs_review,needs_review,"가격 단위 추정, 배송비 포함 여부 미확정, 카드명 확인 필요, 복수 수량 총액 · 카드 1장 가격 아님",estimated,no,no,2장 3에구해봅니다
4feb11c7a19f90cf22bc1c2c,onepiececardgame,원피스 카드게임,2026-08,2026-08-13T11:30:37+09:00,known,78081009decf873783dd6308,4feb11c7a19f90cf22bc1c2c,107046,https://m.dcinside.com/board/onepiececardgame/107046,10코 시크로저 삽니다,seller-8ad10b55fa52911e796a44cf,원딱러,registered,,,,,,buy,구매,2,3,30000,estimated,per_quantity,text,unknown,,active,needs_review,needs_review,"가격 단위 추정, 배송비 포함 여부 미확정, 카드명 확인 필요, 복수 수량 총액 · 카드 1장 가격 아님",estimated,no,no,2장 3에구해봅니다
8b06509e00740b4d89a96304,onepiececardgame,원피스 카드게임,2026-08,2026-08-13T11:30:37+09:00,known,823510e08fc920ae85c656fd,8b06509e00740b4d89a96304,107046,https://m.dcinside.com/board/onepiececardgame/107046,10코 시크로저 삽니다,seller-8ad10b55fa52911e796a44cf,원딱러,registered,,,,,,buy,구매,2,3,30000,estimated,per_quantity,text,unknown,,active,needs_review,needs_review,"가격 단위 추정, 배송비 포함 여부 미확정, 카드명 확인 필요, 복수 수량 총액 · 카드 1장 가격 아님",estimated,no,no,2장 3에구해봅니다
d79e52181bb41e3cf9e739fe,onepiececardgame,원피스 카드게임,2026-08,2026-08-13T11:30:37+09:00,known,69cda0c23440cbb59f347efe,d79e52181bb41e3cf9e739fe,107046,https://m.dcinside.com/board/onepiececardgame/107046,10코 시크로저 삽니다,seller-8ad10b55fa52911e796a44cf,원딱러,registered,,,,,,buy,구매,2,3,30000,estimated,per_quantity,text,unknown,,active,needs_review,needs_review,"가격 단위 추정, 배송비 포함 여부 미확정, 카드명 확인 필요, 복수 수량 총액 · 카드 1장 가격 아님",estimated,no,no,2장 3에구해봅니다
f2245195f5132b42e8955da8,onepiececardgame,원피스 카드게임,2026-08,2026-08-13T11:30:37+09:00,known,39ee34f5184e34dce64db38d,f2245195f5132b42e8955da8,107046,https://m.dcinside.com/board/onepiececardgame/107046,10코 시크로저 삽니다,seller-8ad10b55fa52911e796a44cf,원딱러,registered,,,,,,buy,구매,2,3,30000,estimated,per_quantity,text,unknown,,active,needs_review,needs_review,"가격 단위 추정, 배송비 포함 여부 미확정, 카드명 확인 필요, 복수 수량 총액 · 카드 1장 가격 아님",estimated,no,no,2장 3에구해봅니다
f5a8bafe1931d6fe569a13b7,onepiececardgame,원피스 카드게임,2026-08,2026-08-13T11:30:37+09:00,known,084a16fe017b07e9d6c82229,f5a8bafe1931d6fe569a13b7,107046,https://m.dcinside.com/board/onepiececardgame/107046,10코 시크로저 삽니다,seller-8ad10b55fa52911e796a44cf,원딱러,registered,,,,,,buy,구매,2,3,30000,estimated,per_quantity,text,unknown,,active,needs_review,needs_review,"가격 단위 추정, 배송비 포함 여부 미확정, 카드명 확인 필요, 복수 수량 총액 · 카드 1장 가격 아님",estimated,no,no,2장 3에구해봅니다
08e638ea5e6d7dc0dbcaa3b5,onepiececardgame,원피스 카드게임,2026-08,2026-08-13T12:52:26+09:00,known,235a99a082a98df343e62b3e,08e638ea5e6d7dc0dbcaa3b5,107059,https://m.dcinside.com/board/onepiececardgame/107059,12탄 레이쥬 sr 구매희망합니다,seller-52eb925cb70defc0272ab6fd,ㅇㅇ,guest,,,,,,buy,구매,3,2.3,23000,estimated,per_quantity,text,unknown,,active,needs_review,needs_review,"가격 단위 추정, 배송비 포함 여부 미확정, 카드명 확인 필요, 복수 수량 총액 · 카드 1장 가격 아님",estimated,no,no,3장 2.3
109cb132ef6f057122bd15a2,onepiececardgame,원피스 카드게임,2026-08,2026-08-13T12:52:26+09:00,known,9732bad31bb763ce0d0aeb29,109cb132ef6f057122bd15a2,107059,https://m.dcinside.com/board/onepiececardgame/107059,12탄 레이쥬 sr 구매희망합니다,seller-f2476523626d315ef71137e6,ㅇㅇ,guest,,,,,,buy,구매,4,3.2,32000,estimated,per_quantity,text,unknown,,active,needs_review,needs_review,"가격 단위 추정, 배송비 포함 여부 미확정, 카드명 확인 필요, 복수 수량 총액 · 카드 1장 가격 아님",estimated,no,no,4장 3.2
1c23c04609fbf07c52fa110a,onepiececardgame,원피스 카드게임,2026-08,2026-08-13T12:52:26+09:00,known,e8e455326baea052c626f772,1c23c04609fbf07c52fa110a,107059,https://m.dcinside.com/board/onepiececardgame/107059,12탄 레이쥬 sr 구매희망합니다,seller-35e1c48cd1b47d04b9dee558,ㅇㅇ,guest,,,,,,buy,구매,2,1.5,15000,estimated,per_quantity,text,unknown,,active,needs_review,needs_review,"가격 단위 추정, 배송비 포함 여부 미확정, 카드명 확인 필요, 복수 수량 총액 · 카드 1장 가격 아님",estimated,no,no,2장 1.5
390867576b154e69670705d7,onepiececardgame,원피스 카드게임,2026-08,2026-08-13T12:52:26+09:00,known,40ec4c1ddde2a7e769cade25,390867576b154e69670705d7,107059,https://m.dcinside.com/board/onepiececardgame/107059,12탄 레이쥬 sr 구매희망합니다,seller-c64b0f82a064d6fba9fb26de,ㅇㅇ,guest,,,,,,buy,구매,4,3.2,32000,estimated,per_quantity,text,unknown,,active,needs_review,needs_review,"가격 단위 추정, 배송비 포함 여부 미확정, 카드명 확인 필요, 복수 수량 총액 · 카드 1장 가격 아님",estimated,no,no,4장 3.2
411041efcd872a50826a5eb7,onepiececardgame,원피스 카드게임,2026-08,2026-08-13T12:52:26+09:00,known,ab072740c4ab22e7f9e672ce,411041efcd872a50826a5eb7,107059,https://m.dcinside.com/board/onepiececardgame/107059,12탄 레이쥬 sr 구매희망합니다,seller-2183bf03872daabce315fdb9,ㅇㅇ,guest,,,,,,buy,구매,3,2.3,23000,estimated,per_quantity,text,unknown,,active,needs_review,needs_review,"가격 단위 추정, 배송비 포함 여부 미확정, 카드명 확인 필요, 복수 수량 총액 · 카드 1장 가격 아님",estimated,no,no,3장 2.3
427118ccd1135cc9a2ae850b,onepiececardgame,원피스 카드게임,2026-08,2026-08-13T12:52:26+09:00,known,b515c7351444c416a88f08cc,427118ccd1135cc9a2ae850b,107059,https://m.dcinside.com/board/onepiececardgame/107059,12탄 레이쥬 sr 구매희망합니다,seller-827314a2dd905666ac8d2538,ㅇㅇ,guest,,,,,,buy,구매,3,2.3,23000,estimated,per_quantity,text,unknown,,active,needs_review,needs_review,"가격 단위 추정, 배송비 포함 여부 미확정, 카드명 확인 필요, 복수 수량 총액 · 카드 1장 가격 아님",estimated,no,no,3장 2.3
64bfe930134d3b025430f566,onepiececardgame,원피스 카드게임,2026-08,2026-08-13T12:52:26+09:00,known,235a99a082a98df343e62b3e,64bfe930134d3b025430f566,107059,https://m.dcinside.com/board/onepiececardgame/107059,12탄 레이쥬 sr 구매희망합니다,seller-52eb925cb70defc0272ab6fd,ㅇㅇ,guest,,,,,,buy,구매,4,3.2,32000,estimated,per_quantity,text,unknown,,active,needs_review,needs_review,"가격 단위 추정, 배송비 포함 여부 미확정, 카드명 확인 필요, 복수 수량 총액 · 카드 1장 가격 아님",estimated,no,no,4장 3.2
7ce01271292c5fd298ec064b,onepiececardgame,원피스 카드게임,2026-08,2026-08-13T12:52:26+09:00,known,e8e455326baea052c626f772,7ce01271292c5fd298ec064b,107059,https://m.dcinside.com/board/onepiececardgame/107059,12탄 레이쥬 sr 구매희망합니다,seller-35e1c48cd1b47d04b9dee558,ㅇㅇ,guest,,,,,,buy,구매,3,2.3,23000,estimated,per_quantity,text,unknown,,active,needs_review,needs_review,"가격 단위 추정, 배송비 포함 여부 미확정, 카드명 확인 필요, 복수 수량 총액 · 카드 1장 가격 아님",estimated,no,no,3장 2.3
8053f15b4044a20730981043,onepiececardgame,원피스 카드게임,2026-08,2026-08-13T12:52:26+09:00,known,235a99a082a98df343e62b3e,8053f15b4044a20730981043,107059,https://m.dcinside.com/board/onepiececardgame/107059,12탄 레이쥬 sr 구매희망합니다,seller-52eb925cb70defc0272ab6fd,ㅇㅇ,guest,,,,,,buy,구매,2,1.5,15000,estimated,per_quantity,text,unknown,,active,needs_review,needs_review,"가격 단위 추정, 배송비 포함 여부 미확정, 카드명 확인 필요, 복수 수량 총액 · 카드 1장 가격 아님",estimated,no,no,2장 1.5
846c917763b7d1e655d6afd9,onepiececardgame,원피스 카드게임,2026-08,2026-08-13T12:52:26+09:00,known,9732bad31bb763ce0d0aeb29,846c917763b7d1e655d6afd9,107059,https://m.dcinside.com/board/onepiececardgame/107059,12탄 레이쥬 sr 구매희망합니다,seller-f2476523626d315ef71137e6,ㅇㅇ,guest,,,,,,buy,구매,3,2.3,23000,estimated,per_quantity,text,unknown,,active,needs_review,needs_review,"가격 단위 추정, 배송비 포함 여부 미확정, 카드명 확인 필요, 복수 수량 총액 · 카드 1장 가격 아님",estimated,no,no,3장 2.3
9170150ba35017687b9c1117,onepiececardgame,원피스 카드게임,2026-08,2026-08-13T12:52:26+09:00,known,e60e296fa1c4e2351e9ab161,9170150ba35017687b9c1117,107059,https://m.dcinside.com/board/onepiececardgame/107059,12탄 레이쥬 sr 구매희망합니다,seller-7cf3b604351a3a0789d3703f,ㅇㅇ,guest,,,,,,buy,구매,4,3.2,32000,estimated,per_quantity,text,unknown,,active,needs_review,needs_review,"가격 단위 추정, 배송비 포함 여부 미확정, 카드명 확인 필요, 복수 수량 총액 · 카드 1장 가격 아님",estimated,no,no,4장 3.2
999f4acbe2c585c349988b5e,onepiececardgame,원피스 카드게임,2026-08,2026-08-13T12:52:26+09:00,known,b515c7351444c416a88f08cc,999f4acbe2c585c349988b5e,107059,https://m.dcinside.com/board/onepiececardgame/107059,12탄 레이쥬 sr 구매희망합니다,seller-827314a2dd905666ac8d2538,ㅇㅇ,guest,,,,,,buy,구매,4,3.2,32000,estimated,per_quantity,text,unknown,,active,needs_review,needs_review,"가격 단위 추정, 배송비 포함 여부 미확정, 카드명 확인 필요, 복수 수량 총액 · 카드 1장 가격 아님",estimated,no,no,4장 3.2
9d17302d2551d9b99c0bcc88,onepiececardgame,원피스 카드게임,2026-08,2026-08-13T12:52:26+09:00,known,9732bad31bb763ce0d0aeb29,9d17302d2551d9b99c0bcc88,107059,https://m.dcinside.com/board/onepiececardgame/107059,12탄 레이쥬 sr 구매희망합니다,seller-f2476523626d315ef71137e6,ㅇㅇ,guest,,,,,,buy,구매,2,1.5,15000,estimated,per_quantity,text,unknown,,active,needs_review,needs_review,"가격 단위 추정, 배송비 포함 여부 미확정, 카드명 확인 필요, 복수 수량 총액 · 카드 1장 가격 아님",estimated,no,no,2장 1.5
b32b9580cbafa1b0361602e9,onepiececardgame,원피스 카드게임,2026-08,2026-08-13T12:52:26+09:00,known,b515c7351444c416a88f08cc,b32b9580cbafa1b0361602e9,107059,https://m.dcinside.com/board/onepiececardgame/107059,12탄 레이쥬 sr 구매희망합니다,seller-827314a2dd905666ac8d2538,ㅇㅇ,guest,,,,,,buy,구매,2,1.5,15000,estimated,per_quantity,text,unknown,,active,needs_review,needs_review,"가격 단위 추정, 배송비 포함 여부 미확정, 카드명 확인 필요, 복수 수량 총액 · 카드 1장 가격 아님",estimated,no,no,2장 1.5
c7a516287a7392534eec08dc,onepiececardgame,원피스 카드게임,2026-08,2026-08-13T12:52:26+09:00,known,40ec4c1ddde2a7e769cade25,c7a516287a7392534eec08dc,107059,https://m.dcinside.com/board/onepiececardgame/107059,12탄 레이쥬 sr 구매희망합니다,seller-c64b0f82a064d6fba9fb26de,ㅇㅇ,guest,,,,,,buy,구매,2,1.5,15000,estimated,per_quantity,text,unknown,,active,needs_review,needs_review,"가격 단위 추정, 배송비 포함 여부 미확정, 카드명 확인 필요, 복수 수량 총액 · 카드 1장 가격 아님",estimated,no,no,2장 1.5
d74e1284fc4e3837010af3c1,onepiececardgame,원피스 카드게임,2026-08,2026-08-13T12:52:26+09:00,known,ab072740c4ab22e7f9e672ce,d74e1284fc4e3837010af3c1,107059,https://m.dcinside.com/board/onepiececardgame/107059,12탄 레이쥬 sr 구매희망합니다,seller-2183bf03872daabce315fdb9,ㅇㅇ,guest,,,,,,buy,구매,4,3.2,32000,estimated,per_quantity,text,unknown,,active,needs_review,needs_review,"가격 단위 추정, 배송비 포함 여부 미확정, 카드명 확인 필요, 복수 수량 총액 · 카드 1장 가격 아님",estimated,no,no,4장 3.2
dd399e1062a9803380037ef9,onepiececardgame,원피스 카드게임,2026-08,2026-08-13T12:52:26+09:00,known,e60e296fa1c4e2351e9ab161,dd399e1062a9803380037ef9,107059,https://m.dcinside.com/board/onepiececardgame/107059,12탄 레이쥬 sr 구매희망합니다,seller-7cf3b604351a3a0789d3703f,ㅇㅇ,guest,,,,,,buy,구매,2,1.5,15000,estimated,per_quantity,text,unknown,,active,needs_review,needs_review,"가격 단위 추정, 배송비 포함 여부 미확정, 카드명 확인 필요, 복수 수량 총액 · 카드 1장 가격 아님",estimated,no,no,2장 1.5
e8912f22e236ed46a9ced7bd,onepiececardgame,원피스 카드게임,2026-08,2026-08-13T12:52:26+09:00,known,ab072740c4ab22e7f9e672ce,e8912f22e236ed46a9ced7bd,107059,https://m.dcinside.com/board/onepiececardgame/107059,12탄 레이쥬 sr 구매희망합니다,seller-2183bf03872daabce315fdb9,ㅇㅇ,guest,,,,,,buy,구매,2,1.5,15000,estimated,per_quantity,text,unknown,,active,needs_review,needs_review,"가격 단위 추정, 배송비 포함 여부 미확정, 카드명 확인 필요, 복수 수량 총액 · 카드 1장 가격 아님",estimated,no,no,2장 1.5
ef3b98ebe08444fd9608e723,onepiececardgame,원피스 카드게임,2026-08,2026-08-13T12:52:26+09:00,known,40ec4c1ddde2a7e769cade25,ef3b98ebe08444fd9608e723,107059,https://m.dcinside.com/board/onepiececardgame/107059,12탄 레이쥬 sr 구매희망합니다,seller-c64b0f82a064d6fba9fb26de,ㅇㅇ,guest,,,,,,buy,구매,3,2.3,23000,estimated,per_quantity,text,unknown,,active,needs_review,needs_review,"가격 단위 추정, 배송비 포함 여부 미확정, 카드명 확인 필요, 복수 수량 총액 · 카드 1장 가격 아님",estimated,no,no,3장 2.3
f062c80356f40e8838d60696,onepiececardgame,원피스 카드게임,2026-08,2026-08-13T12:52:26+09:00,known,e8e455326baea052c626f772,f062c80356f40e8838d60696,107059,https://m.dcinside.com/board/onepiececardgame/107059,12탄 레이쥬 sr 구매희망합니다,seller-35e1c48cd1b47d04b9dee558,ㅇㅇ,guest,,,,,,buy,구매,4,3.2,32000,estimated,per_quantity,text,unknown,,active,needs_review,needs_review,"가격 단위 추정, 배송비 포함 여부 미확정, 카드명 확인 필요, 복수 수량 총액 · 카드 1장 가격 아님",estimated,no,no,4장 3.2
fb43225eea7ccb3ba7b13c27,onepiececardgame,원피스 카드게임,2026-08,2026-08-13T12:52:26+09:00,known,e60e296fa1c4e2351e9ab161,fb43225eea7ccb3ba7b13c27,107059,https://m.dcinside.com/board/onepiececardgame/107059,12탄 레이쥬 sr 구매희망합니다,seller-7cf3b604351a3a0789d3703f,ㅇㅇ,guest,,,,,,buy,구매,3,2.3,23000,estimated,per_quantity,text,unknown,,active,needs_review,needs_review,"가격 단위 추정, 배송비 포함 여부 미확정, 카드명 확인 필요, 복수 수량 총액 · 카드 1장 가격 아님",estimated,no,no,3장 2.3
0191074468135050566eef39,onepiececardgame,원피스 카드게임,2026-08,2026-08-13T14:09:35+09:00,known,91c5c8f8c4da876ba66bb6bb,0191074468135050566eef39,107069,https://m.dcinside.com/board/onepiececardgame/107069,10코 시크 쿠잔 2장 삽니다,seller-881752821a1610b1d4e6544d,ㅇㅇ,guest,,장당,장당,,,buy,구매,1,0.8,8000,estimated,per_card,text,unknown,,active,needs_review,needs_review,"가격 단위 추정, 배송비 포함 여부 미확정",estimated,yes,candidate_estimated,장당 0.8에 구합니다
0e0baa8f61d0e83b259841bd,onepiececardgame,원피스 카드게임,2026-08,2026-08-13T14:09:35+09:00,known,3abaf83abd8f68178d53da3f,0e0baa8f61d0e83b259841bd,107069,https://m.dcinside.com/board/onepiececardgame/107069,10코 시크 쿠잔 2장 삽니다,seller-a791e156166b99edbf8972e9,ㅇㅇ,guest,,장당,장당,,,buy,구매,1,0.8,8000,estimated,per_card,text,unknown,,active,needs_review,needs_review,"가격 단위 추정, 배송비 포함 여부 미확정",estimated,yes,candidate_estimated,장당 0.8에 구합니다
2d62f25ff7b7a96f3dc6296f,onepiececardgame,원피스 카드게임,2026-08,2026-08-13T14:09:35+09:00,known,32e23cd1cc9467b4175dd82f,2d62f25ff7b7a96f3dc6296f,107069,https://m.dcinside.com/board/onepiececardgame/107069,10코 시크 쿠잔 2장 삽니다,seller-1fb4e590a074f0089701d21b,ㅇㅇ,guest,,장당,장당,,,buy,구매,1,0.8,8000,estimated,per_card,text,unknown,,active,needs_review,needs_review,"가격 단위 추정, 배송비 포함 여부 미확정",estimated,yes,candidate_estimated,장당 0.8에 구합니다
52a48b8af6e6437a17ffdba5,onepiececardgame,원피스 카드게임,2026-08,2026-08-13T14:09:35+09:00,known,8f1cf0386fa948b341488bc9,52a48b8af6e6437a17ffdba5,107069,https://m.dcinside.com/board/onepiececardgame/107069,10코 시크 쿠잔 2장 삽니다,seller-d63fd02f52644a6be429f261,ㅇㅇ,guest,,장당,장당,,,buy,구매,1,0.8,8000,estimated,per_card,text,unknown,,active,needs_review,needs_review,"가격 단위 추정, 배송비 포함 여부 미확정",estimated,yes,candidate_estimated,장당 0.8에 구합니다
91895a5400507718dc4c63ed,onepiececardgame,원피스 카드게임,2026-08,2026-08-13T14:09:35+09:00,known,07a1d86663664a88e553944b,91895a5400507718dc4c63ed,107069,https://m.dcinside.com/board/onepiececardgame/107069,10코 시크 쿠잔 2장 삽니다,seller-2face5256848f46c148305ef,ㅇㅇ,guest,,장당,장당,,,buy,구매,1,0.8,8000,estimated,per_card,text,unknown,,active,needs_review,needs_review,"가격 단위 추정, 배송비 포함 여부 미확정",estimated,yes,candidate_estimated,장당 0.8에 구합니다
c1d006f6c619489f025bce64,onepiececardgame,원피스 카드게임,2026-08,2026-08-13T14:09:35+09:00,known,cd2a5ae28da5d617ccbda596,c1d006f6c619489f025bce64,107069,https://m.dcinside.com/board/onepiececardgame/107069,10코 시크 쿠잔 2장 삽니다,seller-b1c5d84587c698b18b15920d,ㅇㅇ,guest,,장당,장당,,,buy,구매,1,0.8,8000,estimated,per_card,text,unknown,,active,needs_review,needs_review,"가격 단위 추정, 배송비 포함 여부 미확정",estimated,yes,candidate_estimated,장당 0.8에 구합니다
d804f3a728b55efc20c0dd10,onepiececardgame,원피스 카드게임,2026-08,2026-08-13T14:09:35+09:00,known,623c46088f405033342e9016,d804f3a728b55efc20c0dd10,107069,https://m.dcinside.com/board/onepiececardgame/107069,10코 시크 쿠잔 2장 삽니다,seller-b7ac8f8aa812400aa34881f9,ㅇㅇ,guest,,장당,장당,,,buy,구매,1,0.8,8000,estimated,per_card,text,unknown,,active,needs_review,needs_review,"가격 단위 추정, 배송비 포함 여부 미확정",estimated,yes,candidate_estimated,장당 0.8에 구합니다
fe2cf82047ff5e7c89928001,onepiececardgame,원피스 카드게임,2026-08,2026-08-13T14:09:35+09:00,known,d0da69a6639b9a3ce858142d,fe2cf82047ff5e7c89928001,107069,https://m.dcinside.com/board/onepiececardgame/107069,10코 시크 쿠잔 2장 삽니다,seller-81f589139a06a8ceede682de,ㅇㅇ,guest,,장당,장당,,,buy,구매,1,0.8,8000,estimated,per_card,text,unknown,,active,needs_review,needs_review,"가격 단위 추정, 배송비 포함 여부 미확정",estimated,yes,candidate_estimated,장당 0.8에 구합니다
00532dcab78c2edc4a827719,onepiececardgame,원피스 카드게임,2026-08,2026-08-13T14:45:27+09:00,known,332b3ce9d4b5bdcbf9f58621,00532dcab78c2edc4a827719,107075,https://m.dcinside.com/board/onepiececardgame/107075,"EB03,13탄 / 02~12탄까지 SR SP 페레 여러가지 임리페",seller-8ad10b55fa52911e796a44cf,원딱러,registered,OP09-046 크로커다일 SR,OP09-046 크로커다일 SR,OP09-046 / 크로커다일 / SR,,,buy,구매,1,2.000,2000,exact,bundle,text,unknown,,active,needs_review,needs_review,"복수 카드 가격, 배송비 포함 여부 미확정, 묶음·세트 총액 · 개별 카드 가격 아님",exact,no,no,"OP09-046 / 크로커다일 / SR - 2,000원"
00e7dc4289403135aaef0eab,onepiececardgame,원피스 카드게임,2026-08,2026-08-13T14:45:27+09:00,known,112efc2f27ad8e700a5ca268,00e7dc4289403135aaef0eab,107075,https://m.dcinside.com/board/onepiececardgame/107075,"EB03,13탄 / 02~12탄까지 SR SP 페레 여러가지 임리페",seller-8ad10b55fa52911e796a44cf,원딱러,registered,PRB02-012 나미 R,PRB02-012 나미 R,PRB02-012 / 나미 / R,,,buy,구매,1,8.000,8000,exact,bundle,text,unknown,,active,needs_review,needs_review,"복수 카드 가격, 배송비 포함 여부 미확정, 묶음·세트 총액 · 개별 카드 가격 아님",exact,no,no,"PRB02-012 / 나미 / R - 8,000원"
0272d33687f72782a3c1e168,onepiececardgame,원피스 카드게임,2026-08,2026-08-13T14:45:27+09:00,known,c6f21ac4b86f4644d8075440,0272d33687f72782a3c1e168,107075,https://m.dcinside.com/board/onepiececardgame/107075,"EB03,13탄 / 02~12탄까지 SR SP 페레 여러가지 임리페",seller-8ad10b55fa52911e796a44cf,원딱러,registered,EB03-062 트라팔가 로 ★SEC,EB03-062 트라팔가 로 ★SEC,EB03-062 / 트라팔가 로 / ★SEC,,,buy,구매,1,32.000,32000,exact,bundle,text,unknown,,active,needs_review,needs_review,"복수 카드 가격, 배송비 포함 여부 미확정, 묶음·세트 총액 · 개별 카드 가격 아님",exact,no,no,"EB03-062 / 트라팔가 로 / ★SEC - 32,000원"
047e8e209a2a1d2e36d62d52,onepiececardgame,원피스 카드게임,2026-08,2026-08-13T14:45:27+09:00,known,941ead00176960a7ea0f65bf,047e8e209a2a1d2e36d62d52,107075,https://m.dcinside.com/board/onepiececardgame/107075,"EB03,13탄 / 02~12탄까지 SR SP 페레 여러가지 임리페",seller-8ad10b55fa52911e796a44cf,원딱러,registered,OP13-079 임 ★L,OP13-079 임 ★L,OP13-079 / 임 / ★L,,,buy,구매,1,55.000,55000,exact,bundle,text,unknown,,active,needs_review,needs_review,"복수 카드 가격, 배송비 포함 여부 미확정, 묶음·세트 총액 · 개별 카드 가격 아님",exact,no,no,"OP13-079 / 임 / ★L - 55,000원"
050abb5dc0bd289262b55941,onepiececardgame,원피스 카드게임,2026-08,2026-08-13T14:45:27+09:00,known,941ead00176960a7ea0f65bf,050abb5dc0bd289262b55941,107075,https://m.dcinside.com/board/onepiececardgame/107075,"EB03,13탄 / 02~12탄까지 SR SP 페레 여러가지 임리페",seller-8ad10b55fa52911e796a44cf,원딱러,registered,EB03-031 빈스모크 레이주 ★SR,EB03-031 빈스모크 레이주 ★SR,EB03-031 / 빈스모크 레이주 / ★SR,,,buy,구매,1,18.000,18000,exact,bundle,text,unknown,,active,needs_review,needs_review,"복수 카드 가격, 배송비 포함 여부 미확정, 묶음·세트 총액 · 개별 카드 가격 아님",exact,no,no,"EB03-031 / 빈스모크 레이주 / ★SR - 18,000원"
05210957a79caa94654b3550,onepiececardgame,원피스 카드게임,2026-08,2026-08-13T14:45:27+09:00,known,f242051c7edee049c053135d,05210957a79caa94654b3550,107075,https://m.dcinside.com/board/onepiececardgame/107075,"EB03,13탄 / 02~12탄까지 SR SP 페레 여러가지 임리페",seller-8ad10b55fa52911e796a44cf,원딱러,registered,OP13-080 에단바론 V. 나스쥬로 성 R,OP13-080 에단바론 V. 나스쥬로 성 R,OP13-080 / 에단바론 V. 나스쥬로 성 / R,,,buy,구매,1,1.000,1000,exact,bundle,text,unknown,,active,needs_review,needs_review,"복수 카드 가격, 배송비 포함 여부 미확정, 묶음·세트 총액 · 개별 카드 가격 아님",exact,no,no,"OP13-080 / 에단바론 V. 나스쥬로 성 / R - 1,000원"
0745de5c63fcc5d270a6d010,onepiececardgame,원피스 카드게임,2026-08,2026-08-13T14:45:27+09:00,known,112efc2f27ad8e700a5ca268,0745de5c63fcc5d270a6d010,107075,https://m.dcinside.com/board/onepiececardgame/107075,"EB03,13탄 / 02~12탄까지 SR SP 페레 여러가지 임리페",seller-8ad10b55fa52911e796a44cf,원딱러,registered,OP07-064 상디 SR,OP07-064 상디 SR,OP07-064 / 상디 / SR,,,buy,구매,1,8.000,8000,exact,bundle,text,unknown,,active,needs_review,needs_review,"복수 카드 가격, 배송비 포함 여부 미확정, 묶음·세트 총액 · 개별 카드 가격 아님",exact,no,no,"OP07-064 / 상디 / SR - 8,000원"
083d19a701380fcb34d0538b,onepiececardgame,원피스 카드게임,2026-08,2026-08-13T14:45:27+09:00,known,332b3ce9d4b5bdcbf9f58621,083d19a701380fcb34d0538b,107075,https://m.dcinside.com/board/onepiececardgame/107075,"EB03,13탄 / 02~12탄까지 SR SP 페레 여러가지 임리페",seller-8ad10b55fa52911e796a44cf,원딱러,registered,PRB02-012 나미 R,PRB02-012 나미 R,PRB02-012 / 나미 / R,,,buy,구매,1,8.000,8000,exact,bundle,text,unknown,,active,needs_review,needs_review,"복수 카드 가격, 배송비 포함 여부 미확정, 묶음·세트 총액 · 개별 카드 가격 아님",exact,no,no,"PRB02-012 / 나미 / R - 8,000원"
0a16b1f15dc8571ae4057ade,onepiececardgame,원피스 카드게임,2026-08,2026-08-13T14:45:27+09:00,known,8bd5744f0406635ae896a97b,0a16b1f15dc8571ae4057ade,107075,https://m.dcinside.com/board/onepiececardgame/107075,"EB03,13탄 / 02~12탄까지 SR SP 페레 여러가지 임리페",seller-8ad10b55fa52911e796a44cf,원딱러,registered,OP13-089 토프먼 워큐리 성 R,OP13-089 토프먼 워큐리 성 R,OP13-089 / 토프먼 워큐리 성 / R,,,buy,구매,1,1.000,1000,exact,bundle,text,unknown,,active,needs_review,needs_review,"복수 카드 가격, 배송비 포함 여부 미확정, 묶음·세트 총액 · 개별 카드 가격 아님",exact,no,no,"OP13-089 / 토프먼 워큐리 성 / R - 1,000원"
0d2a7d7f70f0204f50bf22d1,onepiececardgame,원피스 카드게임,2026-08,2026-08-13T14:45:27+09:00,known,5db0adc0d27938f45393f016,0d2a7d7f70f0204f50bf22d1,107075,https://m.dcinside.com/board/onepiececardgame/107075,"EB03,13탄 / 02~12탄까지 SR SP 페레 여러가지 임리페",seller-8ad10b55fa52911e796a44cf,원딱러,registered,OP13-082 오로성 ★SR,OP13-082 오로성 ★SR,OP13-082 / 오로성 / ★SR,,,buy,구매,1,55.000,55000,exact,bundle,text,unknown,,active,needs_review,needs_review,"복수 카드 가격, 배송비 포함 여부 미확정, 묶음·세트 총액 · 개별 카드 가격 아님",exact,no,no,"OP13-082 / 오로성 / ★SR - 55,000원"
0d66c728215bc67c0cca0b8b,onepiececardgame,원피스 카드게임,2026-08,2026-08-13T14:45:27+09:00,known,c6f21ac4b86f4644d8075440,0d66c728215bc67c0cca0b8b,107075,https://m.dcinside.com/board/onepiececardgame/107075,"EB03,13탄 / 02~12탄까지 SR SP 페레 여러가지 임리페",seller-8ad10b55fa52911e796a44cf,원딱러,registered,EB03-031 빈스모크 레이주 ★SR,EB03-031 빈스모크 레이주 ★SR,EB03-031 / 빈스모크 레이주 / ★SR,,,buy,구매,1,18.000,18000,exact,bundle,text,unknown,,active,needs_review,needs_review,"복수 카드 가격, 배송비 포함 여부 미확정, 묶음·세트 총액 · 개별 카드 가격 아님",exact,no,no,"EB03-031 / 빈스모크 레이주 / ★SR - 18,000원"
1009ec589c3b15fbcfd63b07,onepiececardgame,원피스 카드게임,2026-08,2026-08-13T14:45:27+09:00,known,c6f21ac4b86f4644d8075440,1009ec589c3b15fbcfd63b07,107075,https://m.dcinside.com/board/onepiececardgame/107075,"EB03,13탄 / 02~12탄까지 SR SP 페레 여러가지 임리페",seller-8ad10b55fa52911e796a44cf,원딱러,registered,OP09-119 루피 SEC,OP09-119 루피 SEC,OP09-119 / 루피 / SEC,,,buy,구매,1,20.000,20000,exact,bundle,text,unknown,,active,needs_review,needs_review,"복수 카드 가격, 배송비 포함 여부 미확정, 묶음·세트 총액 · 개별 카드 가격 아님",exact,no,no,"OP09-119 / 루피 / SEC - 20,000원"
10eca147d297d80de18bb090,onepiececardgame,원피스 카드게임,2026-08,2026-08-13T14:45:27+09:00,known,5db0adc0d27938f45393f016,10eca147d297d80de18bb090,107075,https://m.dcinside.com/board/onepiececardgame/107075,"EB03,13탄 / 02~12탄까지 SR SP 페레 여러가지 임리페",seller-8ad10b55fa52911e796a44cf,원딱러,registered,PRB02-013 겟코 모리아 ★R,PRB02-013 겟코 모리아 ★R,PRB02-013 / 겟코 모리아 / ★R,,,buy,구매,1,10.000,10000,exact,bundle,text,unknown,,active,needs_review,needs_review,"복수 카드 가격, 배송비 포함 여부 미확정, 묶음·세트 총액 · 개별 카드 가격 아님",exact,no,no,"PRB02-013 / 겟코 모리아 / ★R - 10,000원"
11019da4c92c40b0374e121e,onepiececardgame,원피스 카드게임,2026-08,2026-08-13T14:45:27+09:00,known,5db0adc0d27938f45393f016,11019da4c92c40b0374e121e,107075,https://m.dcinside.com/board/onepiececardgame/107075,"EB03,13탄 / 02~12탄까지 SR SP 페레 여러가지 임리페",seller-8ad10b55fa52911e796a44cf,원딱러,registered,OP09-119 루피 SEC,OP09-119 루피 SEC,OP09-119 / 루피 / SEC,,,buy,구매,1,20.000,20000,exact,bundle,text,unknown,,active,needs_review,needs_review,"복수 카드 가격, 배송비 포함 여부 미확정, 묶음·세트 총액 · 개별 카드 가격 아님",exact,no,no,"OP09-119 / 루피 / SEC - 20,000원"
1122bdadcde17c9fbc0f1fe1,onepiececardgame,원피스 카드게임,2026-08,2026-08-13T14:45:27+09:00,known,8bd5744f0406635ae896a97b,1122bdadcde17c9fbc0f1fe1,107075,https://m.dcinside.com/board/onepiececardgame/107075,"EB03,13탄 / 02~12탄까지 SR SP 페레 여러가지 임리페",seller-8ad10b55fa52911e796a44cf,원딱러,registered,EB03-031 빈스모크 레이주 ★SR,EB03-031 빈스모크 레이주 ★SR,EB03-031 / 빈스모크 레이주 / ★SR,,,buy,구매,1,18.000,18000,exact,bundle,text,unknown,,active,needs_review,needs_review,"복수 카드 가격, 배송비 포함 여부 미확정, 묶음·세트 총액 · 개별 카드 가격 아님",exact,no,no,"EB03-031 / 빈스모크 레이주 / ★SR - 18,000원"
11b4140992d234ef98c16abb,onepiececardgame,원피스 카드게임,2026-08,2026-08-13T14:45:27+09:00,known,5db0adc0d27938f45393f016,11b4140992d234ef98c16abb,107075,https://m.dcinside.com/board/onepiececardgame/107075,"EB03,13탄 / 02~12탄까지 SR SP 페레 여러가지 임리페",seller-8ad10b55fa52911e796a44cf,원딱러,registered,ST-01-012 루피 ★SR,ST-01-012 루피 ★SR,ST-01-012 / 루피 / ★SR,,,buy,구매,1,82.000,82000,exact,bundle,text,unknown,,active,needs_review,needs_review,"복수 카드 가격, 배송비 포함 여부 미확정, 묶음·세트 총액 · 개별 카드 가격 아님",exact,no,no,"ST-01-012 / 루피 / ★SR - 82,000원"
1213d3f76fce4766d7f091d9,onepiececardgame,원피스 카드게임,2026-08,2026-08-13T14:45:27+09:00,known,c6f21ac4b86f4644d8075440,1213d3f76fce4766d7f091d9,107075,https://m.dcinside.com/board/onepiececardgame/107075,"EB03,13탄 / 02~12탄까지 SR SP 페레 여러가지 임리페",seller-8ad10b55fa52911e796a44cf,원딱러,registered,OP09-048 쥬라큘 미호크 SR,OP09-048 쥬라큘 미호크 SR,OP09-048 / 쥬라큘 미호크 / SR,,,buy,구매,1,2.000,2000,exact,bundle,text,unknown,,active,needs_review,needs_review,"복수 카드 가격, 배송비 포함 여부 미확정, 묶음·세트 총액 · 개별 카드 가격 아님",exact,no,no,"OP09-048 / 쥬라큘 미호크 / SR - 2,000원"
1315d2a5d9e7ba6fa987caab,onepiececardgame,원피스 카드게임,2026-08,2026-08-13T14:45:27+09:00,known,c6f21ac4b86f4644d8075440,1315d2a5d9e7ba6fa987caab,107075,https://m.dcinside.com/board/onepiececardgame/107075,"EB03,13탄 / 02~12탄까지 SR SP 페레 여러가지 임리페",seller-8ad10b55fa52911e796a44cf,원딱러,registered,OP12-056 몽키 D. 가프 SR,OP12-056 몽키 D. 가프 SR,OP12-056 / 몽키 D. 가프 / SR,,,buy,구매,1,1.000,1000,exact,bundle,text,unknown,,active,needs_review,needs_review,"복수 카드 가격, 배송비 포함 여부 미확정, 묶음·세트 총액 · 개별 카드 가격 아님",exact,no,no,"OP12-056 / 몽키 D. 가프 / SR - 1,000원"
15f1b679fb1eb35271b0c4f9,onepiececardgame,원피스 카드게임,2026-08,2026-08-13T14:45:27+09:00,known,5db0adc0d27938f45393f016,15f1b679fb1eb35271b0c4f9,107075,https://m.dcinside.com/board/onepiececardgame/107075,"EB03,13탄 / 02~12탄까지 SR SP 페레 여러가지 임리페",seller-8ad10b55fa52911e796a44cf,원딱러,registered,OP12-056 몽키 D. 가프 SR,OP12-056 몽키 D. 가프 SR,OP12-056 / 몽키 D. 가프 / SR,,,buy,구매,1,1.000,1000,exact,bundle,text,unknown,,active,needs_review,needs_review,"복수 카드 가격, 배송비 포함 여부 미확정, 묶음·세트 총액 · 개별 카드 가격 아님",exact,no,no,"OP12-056 / 몽키 D. 가프 / SR - 1,000원"
161d7652864f6eda96be169f,onepiececardgame,원피스 카드게임,2026-08,2026-08-13T14:45:27+09:00,known,c6f21ac4b86f4644d8075440,161d7652864f6eda96be169f,107075,https://m.dcinside.com/board/onepiececardgame/107075,"EB03,13탄 / 02~12탄까지 SR SP 페레 여러가지 임리페",seller-8ad10b55fa52911e796a44cf,원딱러,registered,PRB02-013 겟코 모리아 ★R,PRB02-013 겟코 모리아 ★R,PRB02-013 / 겟코 모리아 / ★R,,,buy,구매,1,10.000,10000,exact,bundle,text,unknown,,active,needs_review,needs_review,"복수 카드 가격, 배송비 포함 여부 미확정, 묶음·세트 총액 · 개별 카드 가격 아님",exact,no,no,"PRB02-013 / 겟코 모리아 / ★R - 10,000원"
16452e0e63c0319ba41714c5,onepiececardgame,원피스 카드게임,2026-08,2026-08-13T14:45:27+09:00,known,332b3ce9d4b5bdcbf9f58621,16452e0e63c0319ba41714c5,107075,https://m.dcinside.com/board/onepiececardgame/107075,"EB03,13탄 / 02~12탄까지 SR SP 페레 여러가지 임리페",seller-8ad10b55fa52911e796a44cf,원딱러,registered,OP13-084 셰퍼드 주. 피터 성 ★R,OP13-084 셰퍼드 주. 피터 성 ★R,OP13-084 / 셰퍼드 주. 피터 성 / ★R,,,buy,구매,1,33.000,33000,exact,bundle,text,unknown,,active,needs_review,needs_review,"복수 카드 가격, 배송비 포함 여부 미확정, 묶음·세트 총액 · 개별 카드 가격 아님",exact,no,no,"OP13-084 / 셰퍼드 주. 피터 성 / ★R - 33,000원"
17bb95d44b75589b0f553d81,onepiececardgame,원피스 카드게임,2026-08,2026-08-13T14:45:27+09:00,known,1301dae1389aa829e4d5f6a2,17bb95d44b75589b0f553d81,107075,https://m.dcinside.com/board/onepiececardgame/107075,"EB03,13탄 / 02~12탄까지 SR SP 페레 여러가지 임리페",seller-8ad10b55fa52911e796a44cf,원딱러,registered,OP02-017 마스크드 듀스 SR★,OP02-017 마스크드 듀스 SR★,OP02-017 / 마스크드 듀스 / SR★,,,buy,구매,1,3.000,3000,exact,bundle,text,unknown,,active,needs_review,needs_review,"복수 카드 가격, 배송비 포함 여부 미확정, 묶음·세트 총액 · 개별 카드 가격 아님",exact,no,no,"OP02-017 / 마스크드 듀스 / SR★ - 3,000원"
1853ae0de53eacd77b7b184f,onepiececardgame,원피스 카드게임,2026-08,2026-08-13T14:45:27+09:00,known,941ead00176960a7ea0f65bf,1853ae0de53eacd77b7b184f,107075,https://m.dcinside.com/board/onepiececardgame/107075,"EB03,13탄 / 02~12탄까지 SR SP 페레 여러가지 임리페",seller-8ad10b55fa52911e796a44cf,원딱러,registered,OP13-119 포트거스 D. 에이스 SEC,OP13-119 포트거스 D. 에이스 SEC,OP13-119 / 포트거스 D. 에이스 / SEC,,,buy,구매,1,11.000,11000,exact,bundle,text,unknown,,active,needs_review,needs_review,"복수 카드 가격, 배송비 포함 여부 미확정, 묶음·세트 총액 · 개별 카드 가격 아님",exact,no,no,"OP13-119 / 포트거스 D. 에이스 / SEC - 11,000원"
1854acbc2415a4be318040de,onepiececardgame,원피스 카드게임,2026-08,2026-08-13T14:45:27+09:00,known,f242051c7edee049c053135d,1854acbc2415a4be318040de,107075,https://m.dcinside.com/board/onepiececardgame/107075,"EB03,13탄 / 02~12탄까지 SR SP 페레 여러가지 임리페",seller-8ad10b55fa52911e796a44cf,원딱러,registered,EB03-055 니코 로빈 ★SR,EB03-055 니코 로빈 ★SR,EB03-055 / 니코 로빈 / ★SR,,,buy,구매,1,59.000,59000,exact,bundle,text,unknown,,active,needs_review,needs_review,"복수 카드 가격, 배송비 포함 여부 미확정, 묶음·세트 총액 · 개별 카드 가격 아님",exact,no,no,"EB03-055 / 니코 로빈 / ★SR - 59,000원"
189c7303859468c11eff59da,onepiececardgame,원피스 카드게임,2026-08,2026-08-13T14:45:27+09:00,known,f242051c7edee049c053135d,189c7303859468c11eff59da,107075,https://m.dcinside.com/board/onepiececardgame/107075,"EB03,13탄 / 02~12탄까지 SR SP 페레 여러가지 임리페",seller-8ad10b55fa52911e796a44cf,원딱러,registered,OP06-069 빈스모크 레이주 SR★,OP06-069 빈스모크 레이주 SR★,OP06-069 / 빈스모크 레이주 / SR★,,,buy,구매,1,23.000,23000,exact,bundle,text,unknown,,active,needs_review,needs_review,"복수 카드 가격, 배송비 포함 여부 미확정, 묶음·세트 총액 · 개별 카드 가격 아님",exact,no,no,"OP06-069 / 빈스모크 레이주 / SR★ - 23,000원"
18b325f969361ead30897371,onepiececardgame,원피스 카드게임,2026-08,2026-08-13T14:45:27+09:00,known,8bd5744f0406635ae896a97b,18b325f969361ead30897371,107075,https://m.dcinside.com/board/onepiececardgame/107075,"EB03,13탄 / 02~12탄까지 SR SP 페레 여러가지 임리페",seller-8ad10b55fa52911e796a44cf,원딱러,registered,OP13-084 셰퍼드 주. 피터 성 ★R,OP13-084 셰퍼드 주. 피터 성 ★R,OP13-084 / 셰퍼드 주. 피터 성 / ★R,,,buy,구매,1,33.000,33000,exact,bundle,text,unknown,,active,needs_review,needs_review,"복수 카드 가격, 배송비 포함 여부 미확정, 묶음·세트 총액 · 개별 카드 가격 아님",exact,no,no,"OP13-084 / 셰퍼드 주. 피터 성 / ★R - 33,000원"
1913cc0da87a31a6a6f2e6e8,onepiececardgame,원피스 카드게임,2026-08,2026-08-13T14:45:27+09:00,known,c6f21ac4b86f4644d8075440,1913cc0da87a31a6a6f2e6e8,107075,https://m.dcinside.com/board/onepiececardgame/107075,"EB03,13탄 / 02~12탄까지 SR SP 페레 여러가지 임리페",seller-8ad10b55fa52911e796a44cf,원딱러,registered,OP13-080 에단바론 V. 나스쥬로 성 R,OP13-080 에단바론 V. 나스쥬로 성 R,OP13-080 / 에단바론 V. 나스쥬로 성 / R,,,buy,구매,1,1.000,1000,exact,bundle,text,unknown,,active,needs_review,needs_review,"복수 카드 가격, 배송비 포함 여부 미확정, 묶음·세트 총액 · 개별 카드 가격 아님",exact,no,no,"OP13-080 / 에단바론 V. 나스쥬로 성 / R - 1,000원"
19457da4c3251fbef5ba08b9,onepiececardgame,원피스 카드게임,2026-08,2026-08-13T14:45:27+09:00,known,c6f21ac4b86f4644d8075440,19457da4c3251fbef5ba08b9,107075,https://m.dcinside.com/board/onepiececardgame/107075,"EB03,13탄 / 02~12탄까지 SR SP 페레 여러가지 임리페",seller-8ad10b55fa52911e796a44cf,원딱러,registered,OP13-108 쥬얼리 보니 SR,OP13-108 쥬얼리 보니 SR,OP13-108 / 쥬얼리 보니 / SR,,,buy,구매,1,2.000,2000,exact,bundle,text,unknown,,active,needs_review,needs_review,"복수 카드 가격, 배송비 포함 여부 미확정, 묶음·세트 총액 · 개별 카드 가격 아님",exact,no,no,"OP13-108 / 쥬얼리 보니 / SR 2,000원"
19671505b0c9ae387446df1b,onepiececardgame,원피스 카드게임,2026-08,2026-08-13T14:45:27+09:00,known,112efc2f27ad8e700a5ca268,19671505b0c9ae387446df1b,107075,https://m.dcinside.com/board/onepiececardgame/107075,"EB03,13탄 / 02~12탄까지 SR SP 페레 여러가지 임리페",seller-8ad10b55fa52911e796a44cf,원딱러,registered,OP13-091 마커스 마즈 성 R,OP13-091 마커스 마즈 성 R,OP13-091 / 마커스 마즈 성 / R,,,buy,구매,1,1.000,1000,exact,bundle,text,unknown,,active,needs_review,needs_review,"복수 카드 가격, 배송비 포함 여부 미확정, 묶음·세트 총액 · 개별 카드 가격 아님",exact,no,no,"OP13-091 / 마커스 마즈 성 / R - 1,000원"
196fa3fd25db11dd5ced69f0,onepiececardgame,원피스 카드게임,2026-08,2026-08-13T14:45:27+09:00,known,112efc2f27ad8e700a5ca268,196fa3fd25db11dd5ced69f0,107075,https://m.dcinside.com/board/onepiececardgame/107075,"EB03,13탄 / 02~12탄까지 SR SP 페레 여러가지 임리페",seller-8ad10b55fa52911e796a44cf,원딱러,registered,OP08-069 샬롯 링링 SR,OP08-069 샬롯 링링 SR,OP08-069 / 샬롯 링링 / SR,,,buy,구매,1,15.000,15000,exact,bundle,text,unknown,,active,needs_review,needs_review,"복수 카드 가격, 배송비 포함 여부 미확정, 묶음·세트 총액 · 개별 카드 가격 아님",exact,no,no,"OP08-069 / 샬롯 링링 / SR - 15,000원"
1a8fd31a3e8041e01e947b38,onepiececardgame,원피스 카드게임,2026-08,2026-08-13T14:45:27+09:00,known,941ead00176960a7ea0f65bf,1a8fd31a3e8041e01e947b38,107075,https://m.dcinside.com/board/onepiececardgame/107075,"EB03,13탄 / 02~12탄까지 SR SP 페레 여러가지 임리페",seller-8ad10b55fa52911e796a44cf,원딱러,registered,OP13-084 셰퍼드 주. 피터 성 R,OP13-084 셰퍼드 주. 피터 성 R,OP13-084 / 셰퍼드 주. 피터 성 / R,,,buy,구매,1,1.000,1000,exact,bundle,text,unknown,,active,needs_review,needs_review,"복수 카드 가격, 배송비 포함 여부 미확정, 묶음·세트 총액 · 개별 카드 가격 아님",exact,no,no,"OP13-084 / 셰퍼드 주. 피터 성 / R - 1,000원"
1bf42e7850011d899162c854,onepiececardgame,원피스 카드게임,2026-08,2026-08-13T14:45:27+09:00,known,1301dae1389aa829e4d5f6a2,1bf42e7850011d899162c854,107075,https://m.dcinside.com/board/onepiececardgame/107075,"EB03,13탄 / 02~12탄까지 SR SP 페레 여러가지 임리페",seller-8ad10b55fa52911e796a44cf,원딱러,registered,EB03-062 트라팔가 로 ★SEC,EB03-062 트라팔가 로 ★SEC,EB03-062 / 트라팔가 로 / ★SEC,,,buy,구매,1,32.000,32000,exact,bundle,text,unknown,,active,needs_review,needs_review,"복수 카드 가격, 배송비 포함 여부 미확정, 묶음·세트 총액 · 개별 카드 가격 아님",exact,no,no,"EB03-062 / 트라팔가 로 / ★SEC - 32,000원"
1cd3b7801b857c29a969b73e,onepiececardgame,원피스 카드게임,2026-08,2026-08-13T14:45:27+09:00,known,f242051c7edee049c053135d,1cd3b7801b857c29a969b73e,107075,https://m.dcinside.com/board/onepiececardgame/107075,"EB03,13탄 / 02~12탄까지 SR SP 페레 여러가지 임리페",seller-8ad10b55fa52911e796a44cf,원딱러,registered,OP13-119 포트거스 D. 에이스 SEC,OP13-119 포트거스 D. 에이스 SEC,OP13-119 / 포트거스 D. 에이스 / SEC,,,buy,구매,1,11.000,11000,exact,bundle,text,unknown,,active,needs_review,needs_review,"복수 카드 가격, 배송비 포함 여부 미확정, 묶음·세트 총액 · 개별 카드 가격 아님",exact,no,no,"OP13-119 / 포트거스 D. 에이스 / SEC - 11,000원"
1d209e90d6236fed35b8aa8b,onepiececardgame,원피스 카드게임,2026-08,2026-08-13T14:45:27+09:00,known,1301dae1389aa829e4d5f6a2,1d209e90d6236fed35b8aa8b,107075,https://m.dcinside.com/board/onepiececardgame/107075,"EB03,13탄 / 02~12탄까지 SR SP 페레 여러가지 임리페",seller-8ad10b55fa52911e796a44cf,원딱러,registered,OP08-069 샬롯 링링 SR,OP08-069 샬롯 링링 SR,OP08-069 / 샬롯 링링 / SR,,,buy,구매,1,15.000,15000,exact,bundle,text,unknown,,active,needs_review,needs_review,"복수 카드 가격, 배송비 포함 여부 미확정, 묶음·세트 총액 · 개별 카드 가격 아님",exact,no,no,"OP08-069 / 샬롯 링링 / SR - 15,000원"
1e45ecc4898e9a3e6e2b526d,onepiececardgame,원피스 카드게임,2026-08,2026-08-13T14:45:27+09:00,known,332b3ce9d4b5bdcbf9f58621,1e45ecc4898e9a3e6e2b526d,107075,https://m.dcinside.com/board/onepiececardgame/107075,"EB03,13탄 / 02~12탄까지 SR SP 페레 여러가지 임리페",seller-8ad10b55fa52911e796a44cf,원딱러,registered,OP09-119 루피 SEC,OP09-119 루피 SEC,OP09-119 / 루피 / SEC,,,buy,구매,1,20.000,20000,exact,bundle,text,unknown,,active,needs_review,needs_review,"복수 카드 가격, 배송비 포함 여부 미확정, 묶음·세트 총액 · 개별 카드 가격 아님",exact,no,no,"OP09-119 / 루피 / SEC - 20,000원"
1f5557c7c2d5bdf36a2bd4cc,onepiececardgame,원피스 카드게임,2026-08,2026-08-13T14:45:27+09:00,known,1301dae1389aa829e4d5f6a2,1f5557c7c2d5bdf36a2bd4cc,107075,https://m.dcinside.com/board/onepiececardgame/107075,"EB03,13탄 / 02~12탄까지 SR SP 페레 여러가지 임리페",seller-8ad10b55fa52911e796a44cf,원딱러,registered,OP13-084 셰퍼드 주. 피터 성 R,OP13-084 셰퍼드 주. 피터 성 R,OP13-084 / 셰퍼드 주. 피터 성 / R,,,buy,구매,1,1.000,1000,exact,bundle,text,unknown,,active,needs_review,needs_review,"복수 카드 가격, 배송비 포함 여부 미확정, 묶음·세트 총액 · 개별 카드 가격 아님",exact,no,no,"OP13-084 / 셰퍼드 주. 피터 성 / R - 1,000원"
20610d1d985d8c9cf448d4a9,onepiececardgame,원피스 카드게임,2026-08,2026-08-13T14:45:27+09:00,known,941ead00176960a7ea0f65bf,20610d1d985d8c9cf448d4a9,107075,https://m.dcinside.com/board/onepiececardgame/107075,"EB03,13탄 / 02~12탄까지 SR SP 페레 여러가지 임리페",seller-8ad10b55fa52911e796a44cf,원딱러,registered,EB03-055 니코 로빈 ★SR,EB03-055 니코 로빈 ★SR,EB03-055 / 니코 로빈 / ★SR,,,buy,구매,1,59.000,59000,exact,bundle,text,unknown,,active,needs_review,needs_review,"복수 카드 가격, 배송비 포함 여부 미확정, 묶음·세트 총액 · 개별 카드 가격 아님",exact,no,no,"EB03-055 / 니코 로빈 / ★SR - 59,000원"
20c8ce4fd00c8434dd6aabd6,onepiececardgame,원피스 카드게임,2026-08,2026-08-13T14:45:27+09:00,known,112efc2f27ad8e700a5ca268,20c8ce4fd00c8434dd6aabd6,107075,https://m.dcinside.com/board/onepiececardgame/107075,"EB03,13탄 / 02~12탄까지 SR SP 페레 여러가지 임리페",seller-8ad10b55fa52911e796a44cf,원딱러,registered,OP13-083 제이가르시아 새턴 성 R,OP13-083 제이가르시아 새턴 성 R,OP13-083 / 제이가르시아 새턴 성 / R,,,buy,구매,1,1.000,1000,exact,bundle,text,unknown,,active,needs_review,needs_review,"복수 카드 가격, 배송비 포함 여부 미확정, 묶음·세트 총액 · 개별 카드 가격 아님",exact,no,no,"OP13-083 / 제이가르시아 새턴 성 / R - 1,000원"
215e677236b0770b46a49c69,onepiececardgame,원피스 카드게임,2026-08,2026-08-13T14:45:27+09:00,known,8bd5744f0406635ae896a97b,215e677236b0770b46a49c69,107075,https://m.dcinside.com/board/onepiececardgame/107075,"EB03,13탄 / 02~12탄까지 SR SP 페레 여러가지 임리페",seller-8ad10b55fa52911e796a44cf,원딱러,registered,OP03-041 우솝 SR,OP03-041 우솝 SR,OP03-041 / 우솝 / SR,,,buy,구매,1,1.000,1000,exact,bundle,text,unknown,,active,needs_review,needs_review,"복수 카드 가격, 배송비 포함 여부 미확정, 묶음·세트 총액 · 개별 카드 가격 아님",exact,no,no,"OP03-041 / 우솝 / SR - 1,000원"
237d04f2f59f2edb6f83629b,onepiececardgame,원피스 카드게임,2026-08,2026-08-13T14:45:27+09:00,known,8bd5744f0406635ae896a97b,237d04f2f59f2edb6f83629b,107075,https://m.dcinside.com/board/onepiececardgame/107075,"EB03,13탄 / 02~12탄까지 SR SP 페레 여러가지 임리페",seller-8ad10b55fa52911e796a44cf,원딱러,registered,OP11-092 헤르메포 SR,OP11-092 헤르메포 SR,OP11-092 / 헤르메포 / SR,,,buy,구매,1,2.000,2000,exact,bundle,text,unknown,,active,needs_review,needs_review,"복수 카드 가격, 배송비 포함 여부 미확정, 묶음·세트 총액 · 개별 카드 가격 아님",exact,no,no,"OP11-092 / 헤르메포 / SR - 2,000원"
239c3cdb1a3f33a1740b4d12,onepiececardgame,원피스 카드게임,2026-08,2026-08-13T14:45:27+09:00,known,112efc2f27ad8e700a5ca268,239c3cdb1a3f33a1740b4d12,107075,https://m.dcinside.com/board/onepiececardgame/107075,"EB03,13탄 / 02~12탄까지 SR SP 페레 여러가지 임리페",seller-8ad10b55fa52911e796a44cf,원딱러,registered,OP06-069 빈스모크 레이주 SR★,OP06-069 빈스모크 레이주 SR★,OP06-069 / 빈스모크 레이주 / SR★,,,buy,구매,1,23.000,23000,exact,bundle,text,unknown,,active,needs_review,needs_review,"복수 카드 가격, 배송비 포함 여부 미확정, 묶음·세트 총액 · 개별 카드 가격 아님",exact,no,no,"OP06-069 / 빈스모크 레이주 / SR★ - 23,000원"
23adfe6ce457fb27893ea626,onepiececardgame,원피스 카드게임,2026-08,2026-08-13T14:45:27+09:00,known,8bd5744f0406635ae896a97b,23adfe6ce457fb27893ea626,107075,https://m.dcinside.com/board/onepiececardgame/107075,"EB03,13탄 / 02~12탄까지 SR SP 페레 여러가지 임리페",seller-8ad10b55fa52911e796a44cf,원딱러,registered,ST-01-012 루피 ★SR,ST-01-012 루피 ★SR,ST-01-012 / 루피 / ★SR,,,buy,구매,1,82.000,82000,exact,bundle,text,unknown,,active,needs_review,needs_review,"복수 카드 가격, 배송비 포함 여부 미확정, 묶음·세트 총액 · 개별 카드 가격 아님",exact,no,no,"ST-01-012 / 루피 / ★SR - 82,000원"
23f0f0b0070967eefc4a23a6,onepiececardgame,원피스 카드게임,2026-08,2026-08-13T14:45:27+09:00,known,1301dae1389aa829e4d5f6a2,23f0f0b0070967eefc4a23a6,107075,https://m.dcinside.com/board/onepiececardgame/107075,"EB03,13탄 / 02~12탄까지 SR SP 페레 여러가지 임리페",seller-8ad10b55fa52911e796a44cf,원딱러,registered,OP11-092 헤르메포 SR,OP11-092 헤르메포 SR,OP11-092 / 헤르메포 / SR,,,buy,구매,1,2.000,2000,exact,bundle,text,unknown,,active,needs_review,needs_review,"복수 카드 가격, 배송비 포함 여부 미확정, 묶음·세트 총액 · 개별 카드 가격 아님",exact,no,no,"OP11-092 / 헤르메포 / SR - 2,000원"
249a008543eff905ce6f621f,onepiececardgame,원피스 카드게임,2026-08,2026-08-13T14:45:27+09:00,known,f242051c7edee049c053135d,249a008543eff905ce6f621f,107075,https://m.dcinside.com/board/onepiececardgame/107075,"EB03,13탄 / 02~12탄까지 SR SP 페레 여러가지 임리페",seller-8ad10b55fa52911e796a44cf,원딱러,registered,EB02-056 베가펑크 SR,EB02-056 베가펑크 SR,EB02-056 / 베가펑크 / SR,,,buy,구매,1,3.000,3000,exact,bundle,text,unknown,,active,needs_review,needs_review,"복수 카드 가격, 배송비 포함 여부 미확정, 묶음·세트 총액 · 개별 카드 가격 아님",exact,no,no,"EB02-056 / 베가펑크 / SR - 3,000원"
25e5e63032912d7205f3281b,onepiececardgame,원피스 카드게임,2026-08,2026-08-13T14:45:27+09:00,known,c6f21ac4b86f4644d8075440,25e5e63032912d7205f3281b,107075,https://m.dcinside.com/board/onepiececardgame/107075,"EB03,13탄 / 02~12탄까지 SR SP 페레 여러가지 임리페",seller-8ad10b55fa52911e796a44cf,원딱러,registered,OP12-030 쥬라큘 미호크 SR,OP12-030 쥬라큘 미호크 SR,OP12-030 / 쥬라큘 미호크 / SR,,,buy,구매,1,7.000,7000,exact,bundle,text,unknown,,active,needs_review,needs_review,"복수 카드 가격, 배송비 포함 여부 미확정, 묶음·세트 총액 · 개별 카드 가격 아님",exact,no,no,"OP12-030 / 쥬라큘 미호크 / SR - 7,000원"
2860a78316c71e37f4a8fac8,onepiececardgame,원피스 카드게임,2026-08,2026-08-13T14:45:27+09:00,known,1301dae1389aa829e4d5f6a2,2860a78316c71e37f4a8fac8,107075,https://m.dcinside.com/board/onepiececardgame/107075,"EB03,13탄 / 02~12탄까지 SR SP 페레 여러가지 임리페",seller-8ad10b55fa52911e796a44cf,원딱러,registered,OP12-063 빈스모크 레이주 SR,OP12-063 빈스모크 레이주 SR,OP12-063 / 빈스모크 레이주 / SR,,,buy,구매,1,13.000,13000,exact,bundle,text,unknown,,active,needs_review,needs_review,"복수 카드 가격, 배송비 포함 여부 미확정, 묶음·세트 총액 · 개별 카드 가격 아님",exact,no,no,"OP12-063 / 빈스모크 레이주 / SR - 13,000원"
28679c250a366120cdf70725,onepiececardgame,원피스 카드게임,2026-08,2026-08-13T14:45:27+09:00,known,941ead00176960a7ea0f65bf,28679c250a366120cdf70725,107075,https://m.dcinside.com/board/onepiececardgame/107075,"EB03,13탄 / 02~12탄까지 SR SP 페레 여러가지 임리페",seller-8ad10b55fa52911e796a44cf,원딱러,registered,OP12-030 쥬라큘 미호크 SR,OP12-030 쥬라큘 미호크 SR,OP12-030 / 쥬라큘 미호크 / SR,,,buy,구매,1,7.000,7000,exact,bundle,text,unknown,,active,needs_review,needs_review,"복수 카드 가격, 배송비 포함 여부 미확정, 묶음·세트 총액 · 개별 카드 가격 아님",exact,no,no,"OP12-030 / 쥬라큘 미호크 / SR - 7,000원"
28d7d0624a50519a9cde641c,onepiececardgame,원피스 카드게임,2026-08,2026-08-13T14:45:27+09:00,known,5db0adc0d27938f45393f016,28d7d0624a50519a9cde641c,107075,https://m.dcinside.com/board/onepiececardgame/107075,"EB03,13탄 / 02~12탄까지 SR SP 페레 여러가지 임리페",seller-8ad10b55fa52911e796a44cf,원딱러,registered,EB03-055 니코 로빈 ★SR,EB03-055 니코 로빈 ★SR,EB03-055 / 니코 로빈 / ★SR,,,buy,구매,1,59.000,59000,exact,bundle,text,unknown,,active,needs_review,needs_review,"복수 카드 가격, 배송비 포함 여부 미확정, 묶음·세트 총액 · 개별 카드 가격 아님",exact,no,no,"EB03-055 / 니코 로빈 / ★SR - 59,000원"
2b16302e7b10add2d666713b,onepiececardgame,원피스 카드게임,2026-08,2026-08-13T14:45:27+09:00,known,1301dae1389aa829e4d5f6a2,2b16302e7b10add2d666713b,107075,https://m.dcinside.com/board/onepiececardgame/107075,"EB03,13탄 / 02~12탄까지 SR SP 페레 여러가지 임리페",seller-8ad10b55fa52911e796a44cf,원딱러,registered,OP13-079 임 ★L,OP13-079 임 ★L,OP13-079 / 임 / ★L,,,buy,구매,1,55.000,55000,exact,bundle,text,unknown,,active,needs_review,needs_review,"복수 카드 가격, 배송비 포함 여부 미확정, 묶음·세트 총액 · 개별 카드 가격 아님",exact,no,no,"OP13-079 / 임 / ★L - 55,000원"
2b68d8aeac8f34cd2f49fa1e,onepiececardgame,원피스 카드게임,2026-08,2026-08-13T14:45:27+09:00,known,332b3ce9d4b5bdcbf9f58621,2b68d8aeac8f34cd2f49fa1e,107075,https://m.dcinside.com/board/onepiececardgame/107075,"EB03,13탄 / 02~12탄까지 SR SP 페레 여러가지 임리페",seller-8ad10b55fa52911e796a44cf,원딱러,registered,OP08-069 샬롯 링링 SR,OP08-069 샬롯 링링 SR,OP08-069 / 샬롯 링링 / SR,,,buy,구매,1,15.000,15000,exact,bundle,text,unknown,,active,needs_review,needs_review,"복수 카드 가격, 배송비 포함 여부 미확정, 묶음·세트 총액 · 개별 카드 가격 아님",exact,no,no,"OP08-069 / 샬롯 링링 / SR - 15,000원"
2c9218ee7b51071e9b01c829,onepiececardgame,원피스 카드게임,2026-08,2026-08-13T14:45:27+09:00,known,8bd5744f0406635ae896a97b,2c9218ee7b51071e9b01c829,107075,https://m.dcinside.com/board/onepiececardgame/107075,"EB03,13탄 / 02~12탄까지 SR SP 페레 여러가지 임리페",seller-8ad10b55fa52911e796a44cf,원딱러,registered,EB02-006 야마토 SR,EB02-006 야마토 SR,EB02-006 / 야마토 / SR,,,buy,구매,1,3.000,3000,exact,bundle,text,unknown,,active,needs_review,needs_review,"복수 카드 가격, 배송비 포함 여부 미확정, 묶음·세트 총액 · 개별 카드 가격 아님",exact,no,no,"EB02-006 / 야마토 / SR - 3,000원"
2cb5fd4545ea2ad0ae96615e,onepiececardgame,원피스 카드게임,2026-08,2026-08-13T14:45:27+09:00,known,c6f21ac4b86f4644d8075440,2cb5fd4545ea2ad0ae96615e,107075,https://m.dcinside.com/board/onepiececardgame/107075,"EB03,13탄 / 02~12탄까지 SR SP 페레 여러가지 임리페",seller-8ad10b55fa52911e796a44cf,원딱러,registered,OP13-091 마커스 마즈 성 R,OP13-091 마커스 마즈 성 R,OP13-091 / 마커스 마즈 성 / R,,,buy,구매,1,1.000,1000,exact,bundle,text,unknown,,active,needs_review,needs_review,"복수 카드 가격, 배송비 포함 여부 미확정, 묶음·세트 총액 · 개별 카드 가격 아님",exact,no,no,"OP13-091 / 마커스 마즈 성 / R - 1,000원"
2f1a5318bc53eb35f67b9800,onepiececardgame,원피스 카드게임,2026-08,2026-08-13T14:45:27+09:00,known,1301dae1389aa829e4d5f6a2,2f1a5318bc53eb35f67b9800,107075,https://m.dcinside.com/board/onepiececardgame/107075,"EB03,13탄 / 02~12탄까지 SR SP 페레 여러가지 임리페",seller-8ad10b55fa52911e796a44cf,원딱러,registered,OP11-031 징베 SR,OP11-031 징베 SR,OP11-031 / 징베 / SR,,,buy,구매,1,2.000,2000,exact,bundle,text,unknown,,active,needs_review,needs_review,"복수 카드 가격, 배송비 포함 여부 미확정, 묶음·세트 총액 · 개별 카드 가격 아님",exact,no,no,"OP11-031 / 징베 / SR - 2,000원"
3005558f982f1428116f432f,onepiececardgame,원피스 카드게임,2026-08,2026-08-13T14:45:27+09:00,known,f242051c7edee049c053135d,3005558f982f1428116f432f,107075,https://m.dcinside.com/board/onepiececardgame/107075,"EB03,13탄 / 02~12탄까지 SR SP 페레 여러가지 임리페",seller-8ad10b55fa52911e796a44cf,원딱러,registered,EB03-053 니코 로빈 SR,EB03-053 니코 로빈 SR,EB03-053 / 니코 로빈 / SR,,,buy,구매,1,10.000,10000,exact,bundle,text,unknown,,active,needs_review,needs_review,"복수 카드 가격, 배송비 포함 여부 미확정, 묶음·세트 총액 · 개별 카드 가격 아님",exact,no,no,"EB03-053 / 니코 로빈 / SR - 10,000원"
30717722743eeb35c50394c2,onepiececardgame,원피스 카드게임,2026-08,2026-08-13T14:45:27+09:00,known,c6f21ac4b86f4644d8075440,30717722743eeb35c50394c2,107075,https://m.dcinside.com/board/onepiececardgame/107075,"EB03,13탄 / 02~12탄까지 SR SP 페레 여러가지 임리페",seller-8ad10b55fa52911e796a44cf,원딱러,registered,OP09-046 크로커다일 SR,OP09-046 크로커다일 SR,OP09-046 / 크로커다일 / SR,,,buy,구매,1,2.000,2000,exact,bundle,text,unknown,,active,needs_review,needs_review,"복수 카드 가격, 배송비 포함 여부 미확정, 묶음·세트 총액 · 개별 카드 가격 아님",exact,no,no,"OP09-046 / 크로커다일 / SR - 2,000원"
309b472735d12970e0c78340,onepiececardgame,원피스 카드게임,2026-08,2026-08-13T14:45:27+09:00,known,5db0adc0d27938f45393f016,309b472735d12970e0c78340,107075,https://m.dcinside.com/board/onepiececardgame/107075,"EB03,13탄 / 02~12탄까지 SR SP 페레 여러가지 임리페",seller-8ad10b55fa52911e796a44cf,원딱러,registered,OP06-069 빈스모크 레이주 SR★,OP06-069 빈스모크 레이주 SR★,OP06-069 / 빈스모크 레이주 / SR★,,,buy,구매,1,23.000,23000,exact,bundle,text,unknown,,active,needs_review,needs_review,"복수 카드 가격, 배송비 포함 여부 미확정, 묶음·세트 총액 · 개별 카드 가격 아님",exact,no,no,"OP06-069 / 빈스모크 레이주 / SR★ - 23,000원"
309c9b155485a88ec3a01a60,onepiececardgame,원피스 카드게임,2026-08,2026-08-13T14:45:27+09:00,known,1301dae1389aa829e4d5f6a2,309c9b155485a88ec3a01a60,107075,https://m.dcinside.com/board/onepiececardgame/107075,"EB03,13탄 / 02~12탄까지 SR SP 페레 여러가지 임리페",seller-8ad10b55fa52911e796a44cf,원딱러,registered,PRB02-012 나미 R,PRB02-012 나미 R,PRB02-012 / 나미 / R,,,buy,구매,1,8.000,8000,exact,bundle,text,unknown,,active,needs_review,needs_review,"복수 카드 가격, 배송비 포함 여부 미확정, 묶음·세트 총액 · 개별 카드 가격 아님",exact,no,no,"PRB02-012 / 나미 / R - 8,000원"
3112ee7c1c383113b81f3137,onepiececardgame,원피스 카드게임,2026-08,2026-08-13T14:45:27+09:00,known,941ead00176960a7ea0f65bf,3112ee7c1c383113b81f3137,107075,https://m.dcinside.com/board/onepiececardgame/107075,"EB03,13탄 / 02~12탄까지 SR SP 페레 여러가지 임리페",seller-8ad10b55fa52911e796a44cf,원딱러,registered,EB02-006 야마토 SR,EB02-006 야마토 SR,EB02-006 / 야마토 / SR,,,buy,구매,1,3.000,3000,exact,bundle,text,unknown,,active,needs_review,needs_review,"복수 카드 가격, 배송비 포함 여부 미확정, 묶음·세트 총액 · 개별 카드 가격 아님",exact,no,no,"EB02-006 / 야마토 / SR - 3,000원"
312cf9e5e132c57656eaf281,onepiececardgame,원피스 카드게임,2026-08,2026-08-13T14:45:27+09:00,known,1301dae1389aa829e4d5f6a2,312cf9e5e132c57656eaf281,107075,https://m.dcinside.com/board/onepiececardgame/107075,"EB03,13탄 / 02~12탄까지 SR SP 페레 여러가지 임리페",seller-8ad10b55fa52911e796a44cf,원딱러,registered,OP13-080 에단바론 V. 나스쥬로 성 R,OP13-080 에단바론 V. 나스쥬로 성 R,OP13-080 / 에단바론 V. 나스쥬로 성 / R,,,buy,구매,1,1.000,1000,exact,bundle,text,unknown,,active,needs_review,needs_review,"복수 카드 가격, 배송비 포함 여부 미확정, 묶음·세트 총액 · 개별 카드 가격 아님",exact,no,no,"OP13-080 / 에단바론 V. 나스쥬로 성 / R - 1,000원"
3193ef2e438ed4dba71ada50,onepiececardgame,원피스 카드게임,2026-08,2026-08-13T14:45:27+09:00,known,f242051c7edee049c053135d,3193ef2e438ed4dba71ada50,107075,https://m.dcinside.com/board/onepiececardgame/107075,"EB03,13탄 / 02~12탄까지 SR SP 페레 여러가지 임리페",seller-8ad10b55fa52911e796a44cf,원딱러,registered,OP09-046 크로커다일 SR,OP09-046 크로커다일 SR,OP09-046 / 크로커다일 / SR,,,buy,구매,1,2.000,2000,exact,bundle,text,unknown,,active,needs_review,needs_review,"복수 카드 가격, 배송비 포함 여부 미확정, 묶음·세트 총액 · 개별 카드 가격 아님",exact,no,no,"OP09-046 / 크로커다일 / SR - 2,000원"
32c7d10fdb727e7534121ce8,onepiececardgame,원피스 카드게임,2026-08,2026-08-13T14:45:27+09:00,known,8bd5744f0406635ae896a97b,32c7d10fdb727e7534121ce8,107075,https://m.dcinside.com/board/onepiececardgame/107075,"EB03,13탄 / 02~12탄까지 SR SP 페레 여러가지 임리페",seller-8ad10b55fa52911e796a44cf,원딱러,registered,EB03-053 니코 로빈 SR,EB03-053 니코 로빈 SR,EB03-053 / 니코 로빈 / SR,,,buy,구매,1,10.000,10000,exact,bundle,text,unknown,,active,needs_review,needs_review,"복수 카드 가격, 배송비 포함 여부 미확정, 묶음·세트 총액 · 개별 카드 가격 아님",exact,no,no,"EB03-053 / 니코 로빈 / SR - 10,000원"
34ccbd108f99d07f88a58176,onepiececardgame,원피스 카드게임,2026-08,2026-08-13T14:45:27+09:00,known,8bd5744f0406635ae896a97b,34ccbd108f99d07f88a58176,107075,https://m.dcinside.com/board/onepiececardgame/107075,"EB03,13탄 / 02~12탄까지 SR SP 페레 여러가지 임리페",seller-8ad10b55fa52911e796a44cf,원딱러,registered,OP11-119 코비 SEC,OP11-119 코비 SEC,OP11-119 / 코비 / SEC,,,buy,구매,1,10.000,10000,exact,bundle,text,unknown,,active,needs_review,needs_review,"복수 카드 가격, 배송비 포함 여부 미확정, 묶음·세트 총액 · 개별 카드 가격 아님",exact,no,no,"OP11-119 / 코비 / SEC - 10,000원"
35976634a6a277c4b25215aa,onepiececardgame,원피스 카드게임,2026-08,2026-08-13T14:45:27+09:00,known,112efc2f27ad8e700a5ca268,35976634a6a277c4b25215aa,107075,https://m.dcinside.com/board/onepiececardgame/107075,"EB03,13탄 / 02~12탄까지 SR SP 페레 여러가지 임리페",seller-8ad10b55fa52911e796a44cf,원딱러,registered,OP13-084 셰퍼드 주. 피터 성 ★R,OP13-084 셰퍼드 주. 피터 성 ★R,OP13-084 / 셰퍼드 주. 피터 성 / ★R,,,buy,구매,1,33.000,33000,exact,bundle,text,unknown,,active,needs_review,needs_review,"복수 카드 가격, 배송비 포함 여부 미확정, 묶음·세트 총액 · 개별 카드 가격 아님",exact,no,no,"OP13-084 / 셰퍼드 주. 피터 성 / ★R - 33,000원"
35f126c3cbbe602fa64a24a7,onepiececardgame,원피스 카드게임,2026-08,2026-08-13T14:45:27+09:00,known,c6f21ac4b86f4644d8075440,35f126c3cbbe602fa64a24a7,107075,https://m.dcinside.com/board/onepiececardgame/107075,"EB03,13탄 / 02~12탄까지 SR SP 페레 여러가지 임리페",seller-8ad10b55fa52911e796a44cf,원딱러,registered,EB03-053 니코 로빈 SR,EB03-053 니코 로빈 SR,EB03-053 / 니코 로빈 / SR,,,buy,구매,1,10.000,10000,exact,bundle,text,unknown,,active,needs_review,needs_review,"복수 카드 가격, 배송비 포함 여부 미확정, 묶음·세트 총액 · 개별 카드 가격 아님",exact,no,no,"EB03-053 / 니코 로빈 / SR - 10,000원"
366c768301f90da8e3d63d6c,onepiececardgame,원피스 카드게임,2026-08,2026-08-13T14:45:27+09:00,known,8bd5744f0406635ae896a97b,366c768301f90da8e3d63d6c,107075,https://m.dcinside.com/board/onepiececardgame/107075,"EB03,13탄 / 02~12탄까지 SR SP 페레 여러가지 임리페",seller-8ad10b55fa52911e796a44cf,원딱러,registered,OP11-031 징베 SR,OP11-031 징베 SR,OP11-031 / 징베 / SR,,,buy,구매,1,2.000,2000,exact,bundle,text,unknown,,active,needs_review,needs_review,"복수 카드 가격, 배송비 포함 여부 미확정, 묶음·세트 총액 · 개별 카드 가격 아님",exact,no,no,"OP11-031 / 징베 / SR - 2,000원"
36aa7e21d5eb4993f7e2a0c1,onepiececardgame,원피스 카드게임,2026-08,2026-08-13T14:45:27+09:00,known,1301dae1389aa829e4d5f6a2,36aa7e21d5eb4993f7e2a0c1,107075,https://m.dcinside.com/board/onepiececardgame/107075,"EB03,13탄 / 02~12탄까지 SR SP 페레 여러가지 임리페",seller-8ad10b55fa52911e796a44cf,원딱러,registered,OP03-041 우솝 SR,OP03-041 우솝 SR,OP03-041 / 우솝 / SR,,,buy,구매,1,1.000,1000,exact,bundle,text,unknown,,active,needs_review,needs_review,"복수 카드 가격, 배송비 포함 여부 미확정, 묶음·세트 총액 · 개별 카드 가격 아님",exact,no,no,"OP03-041 / 우솝 / SR - 1,000원"
37b15e23ff22b28a82f9b5af,onepiececardgame,원피스 카드게임,2026-08,2026-08-13T14:45:27+09:00,known,112efc2f27ad8e700a5ca268,37b15e23ff22b28a82f9b5af,107075,https://m.dcinside.com/board/onepiececardgame/107075,"EB03,13탄 / 02~12탄까지 SR SP 페레 여러가지 임리페",seller-8ad10b55fa52911e796a44cf,원딱러,registered,EB02-006 야마토 SR,EB02-006 야마토 SR,EB02-006 / 야마토 / SR,,,buy,구매,1,3.000,3000,exact,bundle,text,unknown,,active,needs_review,needs_review,"복수 카드 가격, 배송비 포함 여부 미확정, 묶음·세트 총액 · 개별 카드 가격 아님",exact,no,no,"EB02-006 / 야마토 / SR - 3,000원"
37b25982ab20c1d807525f3c,onepiececardgame,원피스 카드게임,2026-08,2026-08-13T14:45:27+09:00,known,332b3ce9d4b5bdcbf9f58621,37b25982ab20c1d807525f3c,107075,https://m.dcinside.com/board/onepiececardgame/107075,"EB03,13탄 / 02~12탄까지 SR SP 페레 여러가지 임리페",seller-8ad10b55fa52911e796a44cf,원딱러,registered,EB03-053 니코 로빈 SR,EB03-053 니코 로빈 SR,EB03-053 / 니코 로빈 / SR,,,buy,구매,1,10.000,10000,exact,bundle,text,unknown,,active,needs_review,needs_review,"복수 카드 가격, 배송비 포함 여부 미확정, 묶음·세트 총액 · 개별 카드 가격 아님",exact,no,no,"EB03-053 / 니코 로빈 / SR - 10,000원"
38a944ecc3d46e14e47f297f,onepiececardgame,원피스 카드게임,2026-08,2026-08-13T14:45:27+09:00,known,5db0adc0d27938f45393f016,38a944ecc3d46e14e47f297f,107075,https://m.dcinside.com/board/onepiececardgame/107075,"EB03,13탄 / 02~12탄까지 SR SP 페레 여러가지 임리페",seller-8ad10b55fa52911e796a44cf,원딱러,registered,OP12-063 빈스모크 레이주 SR,OP12-063 빈스모크 레이주 SR,OP12-063 / 빈스모크 레이주 / SR,,,buy,구매,1,13.000,13000,exact,bundle,text,unknown,,active,needs_review,needs_review,"복수 카드 가격, 배송비 포함 여부 미확정, 묶음·세트 총액 · 개별 카드 가격 아님",exact,no,no,"OP12-063 / 빈스모크 레이주 / SR - 13,000원"
39941ab3a548d9958b2c6409,onepiececardgame,원피스 카드게임,2026-08,2026-08-13T14:45:27+09:00,known,112efc2f27ad8e700a5ca268,39941ab3a548d9958b2c6409,107075,https://m.dcinside.com/board/onepiececardgame/107075,"EB03,13탄 / 02~12탄까지 SR SP 페레 여러가지 임리페",seller-8ad10b55fa52911e796a44cf,원딱러,registered,OP13-084 셰퍼드 주. 피터 성 R,OP13-084 셰퍼드 주. 피터 성 R,OP13-084 / 셰퍼드 주. 피터 성 / R,,,buy,구매,1,1.000,1000,exact,bundle,text,unknown,,active,needs_review,needs_review,"복수 카드 가격, 배송비 포함 여부 미확정, 묶음·세트 총액 · 개별 카드 가격 아님",exact,no,no,"OP13-084 / 셰퍼드 주. 피터 성 / R - 1,000원"
3ad98813a8bbfe3a830879cf,onepiececardgame,원피스 카드게임,2026-08,2026-08-13T14:45:27+09:00,known,f242051c7edee049c053135d,3ad98813a8bbfe3a830879cf,107075,https://m.dcinside.com/board/onepiececardgame/107075,"EB03,13탄 / 02~12탄까지 SR SP 페레 여러가지 임리페",seller-8ad10b55fa52911e796a44cf,원딱러,registered,OP13-091 마커스 마즈 성 R,OP13-091 마커스 마즈 성 R,OP13-091 / 마커스 마즈 성 / R,,,buy,구매,1,1.000,1000,exact,bundle,text,unknown,,active,needs_review,needs_review,"복수 카드 가격, 배송비 포함 여부 미확정, 묶음·세트 총액 · 개별 카드 가격 아님",exact,no,no,"OP13-091 / 마커스 마즈 성 / R - 1,000원"
3ceca6713cef37f1296f3b2a,onepiececardgame,원피스 카드게임,2026-08,2026-08-13T14:45:27+09:00,known,8bd5744f0406635ae896a97b,3ceca6713cef37f1296f3b2a,107075,https://m.dcinside.com/board/onepiececardgame/107075,"EB03,13탄 / 02~12탄까지 SR SP 페레 여러가지 임리페",seller-8ad10b55fa52911e796a44cf,원딱러,registered,OP13-084 셰퍼드 주. 피터 성 R,OP13-084 셰퍼드 주. 피터 성 R,OP13-084 / 셰퍼드 주. 피터 성 / R,,,buy,구매,1,1.000,1000,exact,bundle,text,unknown,,active,needs_review,needs_review,"복수 카드 가격, 배송비 포함 여부 미확정, 묶음·세트 총액 · 개별 카드 가격 아님",exact,no,no,"OP13-084 / 셰퍼드 주. 피터 성 / R - 1,000원"
3e9ffb6add5835d1c02d2ac4,onepiececardgame,원피스 카드게임,2026-08,2026-08-13T14:45:27+09:00,known,c6f21ac4b86f4644d8075440,3e9ffb6add5835d1c02d2ac4,107075,https://m.dcinside.com/board/onepiececardgame/107075,"EB03,13탄 / 02~12탄까지 SR SP 페레 여러가지 임리페",seller-8ad10b55fa52911e796a44cf,원딱러,registered,EB03-055 니코 로빈 ★SR,EB03-055 니코 로빈 ★SR,EB03-055 / 니코 로빈 / ★SR,,,buy,구매,1,59.000,59000,exact,bundle,text,unknown,,active,needs_review,needs_review,"복수 카드 가격, 배송비 포함 여부 미확정, 묶음·세트 총액 · 개별 카드 가격 아님",exact,no,no,"EB03-055 / 니코 로빈 / ★SR - 59,000원"
3ed115747a69b8a3fe3f5404,onepiececardgame,원피스 카드게임,2026-08,2026-08-13T14:45:27+09:00,known,112efc2f27ad8e700a5ca268,3ed115747a69b8a3fe3f5404,107075,https://m.dcinside.com/board/onepiececardgame/107075,"EB03,13탄 / 02~12탄까지 SR SP 페레 여러가지 임리페",seller-8ad10b55fa52911e796a44cf,원딱러,registered,ST-01-012 루피 ★SR,ST-01-012 루피 ★SR,ST-01-012 / 루피 / ★SR,,,buy,구매,1,82.000,82000,exact,bundle,text,unknown,,active,needs_review,needs_review,"복수 카드 가격, 배송비 포함 여부 미확정, 묶음·세트 총액 · 개별 카드 가격 아님",exact,no,no,"ST-01-012 / 루피 / ★SR - 82,000원"
3f4396d52458970d2809a56f,onepiececardgame,원피스 카드게임,2026-08,2026-08-13T14:45:27+09:00,known,5db0adc0d27938f45393f016,3f4396d52458970d2809a56f,107075,https://m.dcinside.com/board/onepiececardgame/107075,"EB03,13탄 / 02~12탄까지 SR SP 페레 여러가지 임리페",seller-8ad10b55fa52911e796a44cf,원딱러,registered,OP09-046 크로커다일 SR,OP09-046 크로커다일 SR,OP09-046 / 크로커다일 / SR,,,buy,구매,1,2.000,2000,exact,bundle,text,unknown,,active,needs_review,needs_review,"복수 카드 가격, 배송비 포함 여부 미확정, 묶음·세트 총액 · 개별 카드 가격 아님",exact,no,no,"OP09-046 / 크로커다일 / SR - 2,000원"
3f50f39316588cb8caa514eb,onepiececardgame,원피스 카드게임,2026-08,2026-08-13T14:45:27+09:00,known,112efc2f27ad8e700a5ca268,3f50f39316588cb8caa514eb,107075,https://m.dcinside.com/board/onepiececardgame/107075,"EB03,13탄 / 02~12탄까지 SR SP 페레 여러가지 임리페",seller-8ad10b55fa52911e796a44cf,원딱러,registered,EB03-053 니코 로빈 SR,EB03-053 니코 로빈 SR,EB03-053 / 니코 로빈 / SR,,,buy,구매,1,10.000,10000,exact,bundle,text,unknown,,active,needs_review,needs_review,"복수 카드 가격, 배송비 포함 여부 미확정, 묶음·세트 총액 · 개별 카드 가격 아님",exact,no,no,"EB03-053 / 니코 로빈 / SR - 10,000원"
403ac8bba72bfdef7916635a,onepiececardgame,원피스 카드게임,2026-08,2026-08-13T14:45:27+09:00,known,5db0adc0d27938f45393f016,403ac8bba72bfdef7916635a,107075,https://m.dcinside.com/board/onepiececardgame/107075,"EB03,13탄 / 02~12탄까지 SR SP 페레 여러가지 임리페",seller-8ad10b55fa52911e796a44cf,원딱러,registered,EB03-031 빈스모크 레이주 ★SR,EB03-031 빈스모크 레이주 ★SR,EB03-031 / 빈스모크 레이주 / ★SR,,,buy,구매,1,18.000,18000,exact,bundle,text,unknown,,active,needs_review,needs_review,"복수 카드 가격, 배송비 포함 여부 미확정, 묶음·세트 총액 · 개별 카드 가격 아님",exact,no,no,"EB03-031 / 빈스모크 레이주 / ★SR - 18,000원"
414d9b0701f8434d5f71456f,onepiececardgame,원피스 카드게임,2026-08,2026-08-13T14:45:27+09:00,known,1301dae1389aa829e4d5f6a2,414d9b0701f8434d5f71456f,107075,https://m.dcinside.com/board/onepiececardgame/107075,"EB03,13탄 / 02~12탄까지 SR SP 페레 여러가지 임리페",seller-8ad10b55fa52911e796a44cf,원딱러,registered,OP13-083 제이가르시아 새턴 성 R,OP13-083 제이가르시아 새턴 성 R,OP13-083 / 제이가르시아 새턴 성 / R,,,buy,구매,1,1.000,1000,exact,bundle,text,unknown,,active,needs_review,needs_review,"복수 카드 가격, 배송비 포함 여부 미확정, 묶음·세트 총액 · 개별 카드 가격 아님",exact,no,no,"OP13-083 / 제이가르시아 새턴 성 / R - 1,000원"
41e953102f4bd0335138e5c6,onepiececardgame,원피스 카드게임,2026-08,2026-08-13T14:45:27+09:00,known,941ead00176960a7ea0f65bf,41e953102f4bd0335138e5c6,107075,https://m.dcinside.com/board/onepiececardgame/107075,"EB03,13탄 / 02~12탄까지 SR SP 페레 여러가지 임리페",seller-8ad10b55fa52911e796a44cf,원딱러,registered,OP02-036 나미 SR,OP02-036 나미 SR,OP02-036 / 나미 / SR,,,buy,구매,1,5.000,5000,exact,bundle,text,unknown,,active,needs_review,needs_review,"복수 카드 가격, 배송비 포함 여부 미확정, 묶음·세트 총액 · 개별 카드 가격 아님",exact,no,no,"OP02-036 / 나미 / SR - 5,000원"
42bd12de9eca83a83e397be9,onepiececardgame,원피스 카드게임,2026-08,2026-08-13T14:45:27+09:00,known,1301dae1389aa829e4d5f6a2,42bd12de9eca83a83e397be9,107075,https://m.dcinside.com/board/onepiececardgame/107075,"EB03,13탄 / 02~12탄까지 SR SP 페레 여러가지 임리페",seller-8ad10b55fa52911e796a44cf,원딱러,registered,OP09-072 프랑키 SR,OP09-072 프랑키 SR,OP09-072 / 프랑키 / SR,,,buy,구매,1,2.000,2000,exact,bundle,text,unknown,,active,needs_review,needs_review,"복수 카드 가격, 배송비 포함 여부 미확정, 묶음·세트 총액 · 개별 카드 가격 아님",exact,no,no,"OP09-072 / 프랑키 / SR - 2,000원"
42c171d29ce83d732c35ff29,onepiececardgame,원피스 카드게임,2026-08,2026-08-13T14:45:27+09:00,known,941ead00176960a7ea0f65bf,42c171d29ce83d732c35ff29,107075,https://m.dcinside.com/board/onepiececardgame/107075,"EB03,13탄 / 02~12탄까지 SR SP 페레 여러가지 임리페",seller-8ad10b55fa52911e796a44cf,원딱러,registered,OP07-064 상디 SR,OP07-064 상디 SR,OP07-064 / 상디 / SR,,,buy,구매,1,8.000,8000,exact,bundle,text,unknown,,active,needs_review,needs_review,"복수 카드 가격, 배송비 포함 여부 미확정, 묶음·세트 총액 · 개별 카드 가격 아님",exact,no,no,"OP07-064 / 상디 / SR - 8,000원"
43913c17b95348b2af11c220,onepiececardgame,원피스 카드게임,2026-08,2026-08-13T14:45:27+09:00,known,f242051c7edee049c053135d,43913c17b95348b2af11c220,107075,https://m.dcinside.com/board/onepiececardgame/107075,"EB03,13탄 / 02~12탄까지 SR SP 페레 여러가지 임리페",seller-8ad10b55fa52911e796a44cf,원딱러,registered,OP13-084 셰퍼드 주. 피터 성 R,OP13-084 셰퍼드 주. 피터 성 R,OP13-084 / 셰퍼드 주. 피터 성 / R,,,buy,구매,1,1.000,1000,exact,bundle,text,unknown,,active,needs_review,needs_review,"복수 카드 가격, 배송비 포함 여부 미확정, 묶음·세트 총액 · 개별 카드 가격 아님",exact,no,no,"OP13-084 / 셰퍼드 주. 피터 성 / R - 1,000원"
43c5ddd19bf5ace300e1de43,onepiececardgame,원피스 카드게임,2026-08,2026-08-13T14:45:27+09:00,known,5db0adc0d27938f45393f016,43c5ddd19bf5ace300e1de43,107075,https://m.dcinside.com/board/onepiececardgame/107075,"EB03,13탄 / 02~12탄까지 SR SP 페레 여러가지 임리페",seller-8ad10b55fa52911e796a44cf,원딱러,registered,OP09-048 쥬라큘 미호크 SR,OP09-048 쥬라큘 미호크 SR,OP09-048 / 쥬라큘 미호크 / SR,,,buy,구매,1,2.000,2000,exact,bundle,text,unknown,,active,needs_review,needs_review,"복수 카드 가격, 배송비 포함 여부 미확정, 묶음·세트 총액 · 개별 카드 가격 아님",exact,no,no,"OP09-048 / 쥬라큘 미호크 / SR - 2,000원"
43fc809d0eb54bb06e55f85a,onepiececardgame,원피스 카드게임,2026-08,2026-08-13T14:45:27+09:00,known,941ead00176960a7ea0f65bf,43fc809d0eb54bb06e55f85a,107075,https://m.dcinside.com/board/onepiececardgame/107075,"EB03,13탄 / 02~12탄까지 SR SP 페레 여러가지 임리페",seller-8ad10b55fa52911e796a44cf,원딱러,registered,OP05-074 유스타스 키드 SR,OP05-074 유스타스 키드 SR,OP05-074 / 유스타스 키드 / SR,,,buy,구매,1,12.000,12000,exact,bundle,text,unknown,,active,needs_review,needs_review,"복수 카드 가격, 배송비 포함 여부 미확정, 묶음·세트 총액 · 개별 카드 가격 아님",exact,no,no,"OP05-074 / 유스타스 키드 / SR - 12,000원"
449a05cb9d752fbd270242e2,onepiececardgame,원피스 카드게임,2026-08,2026-08-13T14:45:27+09:00,known,5db0adc0d27938f45393f016,449a05cb9d752fbd270242e2,107075,https://m.dcinside.com/board/onepiececardgame/107075,"EB03,13탄 / 02~12탄까지 SR SP 페레 여러가지 임리페",seller-8ad10b55fa52911e796a44cf,원딱러,registered,OP12-030 쥬라큘 미호크 SR,OP12-030 쥬라큘 미호크 SR,OP12-030 / 쥬라큘 미호크 / SR,,,buy,구매,1,7.000,7000,exact,bundle,text,unknown,,active,needs_review,needs_review,"복수 카드 가격, 배송비 포함 여부 미확정, 묶음·세트 총액 · 개별 카드 가격 아님",exact,no,no,"OP12-030 / 쥬라큘 미호크 / SR - 7,000원"
45cf67e1e1711926d5599ce7,onepiececardgame,원피스 카드게임,2026-08,2026-08-13T14:45:27+09:00,known,941ead00176960a7ea0f65bf,45cf67e1e1711926d5599ce7,107075,https://m.dcinside.com/board/onepiececardgame/107075,"EB03,13탄 / 02~12탄까지 SR SP 페레 여러가지 임리페",seller-8ad10b55fa52911e796a44cf,원딱러,registered,OP11-031 징베 SR,OP11-031 징베 SR,OP11-031 / 징베 / SR,,,buy,구매,1,2.000,2000,exact,bundle,text,unknown,,active,needs_review,needs_review,"복수 카드 가격, 배송비 포함 여부 미확정, 묶음·세트 총액 · 개별 카드 가격 아님",exact,no,no,"OP11-031 / 징베 / SR - 2,000원"
46dea2133164287ce0cc8695,onepiececardgame,원피스 카드게임,2026-08,2026-08-13T14:45:27+09:00,known,5db0adc0d27938f45393f016,46dea2133164287ce0cc8695,107075,https://m.dcinside.com/board/onepiececardgame/107075,"EB03,13탄 / 02~12탄까지 SR SP 페레 여러가지 임리페",seller-8ad10b55fa52911e796a44cf,원딱러,registered,OP07-064 상디 SR,OP07-064 상디 SR,OP07-064 / 상디 / SR,,,buy,구매,1,8.000,8000,exact,bundle,text,unknown,,active,needs_review,needs_review,"복수 카드 가격, 배송비 포함 여부 미확정, 묶음·세트 총액 · 개별 카드 가격 아님",exact,no,no,"OP07-064 / 상디 / SR - 8,000원"
4797ca042af0cb0c3092cdce,onepiececardgame,원피스 카드게임,2026-08,2026-08-13T14:45:27+09:00,known,941ead00176960a7ea0f65bf,4797ca042af0cb0c3092cdce,107075,https://m.dcinside.com/board/onepiececardgame/107075,"EB03,13탄 / 02~12탄까지 SR SP 페레 여러가지 임리페",seller-8ad10b55fa52911e796a44cf,원딱러,registered,OP08-069 샬롯 링링 SR,OP08-069 샬롯 링링 SR,OP08-069 / 샬롯 링링 / SR,,,buy,구매,1,15.000,15000,exact,bundle,text,unknown,,active,needs_review,needs_review,"복수 카드 가격, 배송비 포함 여부 미확정, 묶음·세트 총액 · 개별 카드 가격 아님",exact,no,no,"OP08-069 / 샬롯 링링 / SR - 15,000원"
48a1f662e432578684ccd65a,onepiececardgame,원피스 카드게임,2026-08,2026-08-13T14:45:27+09:00,known,941ead00176960a7ea0f65bf,48a1f662e432578684ccd65a,107075,https://m.dcinside.com/board/onepiececardgame/107075,"EB03,13탄 / 02~12탄까지 SR SP 페레 여러가지 임리페",seller-8ad10b55fa52911e796a44cf,원딱러,registered,OP13-084 셰퍼드 주. 피터 성 ★R,OP13-084 셰퍼드 주. 피터 성 ★R,OP13-084 / 셰퍼드 주. 피터 성 / ★R,,,buy,구매,1,33.000,33000,exact,bundle,text,unknown,,active,needs_review,needs_review,"복수 카드 가격, 배송비 포함 여부 미확정, 묶음·세트 총액 · 개별 카드 가격 아님",exact,no,no,"OP13-084 / 셰퍼드 주. 피터 성 / ★R - 33,000원"
48aacf297449b7bb600eb75b,onepiececardgame,원피스 카드게임,2026-08,2026-08-13T14:45:27+09:00,known,5db0adc0d27938f45393f016,48aacf297449b7bb600eb75b,107075,https://m.dcinside.com/board/onepiececardgame/107075,"EB03,13탄 / 02~12탄까지 SR SP 페레 여러가지 임리페",seller-8ad10b55fa52911e796a44cf,원딱러,registered,PRB02-012 나미 R,PRB02-012 나미 R,PRB02-012 / 나미 / R,,,buy,구매,1,8.000,8000,exact,bundle,text,unknown,,active,needs_review,needs_review,"복수 카드 가격, 배송비 포함 여부 미확정, 묶음·세트 총액 · 개별 카드 가격 아님",exact,no,no,"PRB02-012 / 나미 / R - 8,000원"
491c442b622dd5718f43f0e0,onepiececardgame,원피스 카드게임,2026-08,2026-08-13T14:45:27+09:00,known,8bd5744f0406635ae896a97b,491c442b622dd5718f43f0e0,107075,https://m.dcinside.com/board/onepiececardgame/107075,"EB03,13탄 / 02~12탄까지 SR SP 페레 여러가지 임리페",seller-8ad10b55fa52911e796a44cf,원딱러,registered,PRB02-010 샬롯 푸딩 ★SR,PRB02-010 샬롯 푸딩 ★SR,PRB02-010 / 샬롯 푸딩 / ★SR,,,buy,구매,1,26.000,26000,exact,bundle,text,unknown,,active,needs_review,needs_review,"복수 카드 가격, 배송비 포함 여부 미확정, 묶음·세트 총액 · 개별 카드 가격 아님",exact,no,no,"PRB02-010 / 샬롯 푸딩 / ★SR - 26,000원"
4a2a04ae9c0580b0c1210aee,onepiececardgame,원피스 카드게임,2026-08,2026-08-13T14:45:27+09:00,known,941ead00176960a7ea0f65bf,4a2a04ae9c0580b0c1210aee,107075,https://m.dcinside.com/board/onepiececardgame/107075,"EB03,13탄 / 02~12탄까지 SR SP 페레 여러가지 임리페",seller-8ad10b55fa52911e796a44cf,원딱러,registered,OP12-063 빈스모크 레이주 SR,OP12-063 빈스모크 레이주 SR,OP12-063 / 빈스모크 레이주 / SR,,,buy,구매,1,13.000,13000,exact,bundle,text,unknown,,active,needs_review,needs_review,"복수 카드 가격, 배송비 포함 여부 미확정, 묶음·세트 총액 · 개별 카드 가격 아님",exact,no,no,"OP12-063 / 빈스모크 레이주 / SR - 13,000원"
4a4f4b3950380fc7e10b4ede,onepiececardgame,원피스 카드게임,2026-08,2026-08-13T14:45:27+09:00,known,8bd5744f0406635ae896a97b,4a4f4b3950380fc7e10b4ede,107075,https://m.dcinside.com/board/onepiececardgame/107075,"EB03,13탄 / 02~12탄까지 SR SP 페레 여러가지 임리페",seller-8ad10b55fa52911e796a44cf,원딱러,registered,PRB02-013 겟코 모리아 ★R,PRB02-013 겟코 모리아 ★R,PRB02-013 / 겟코 모리아 / ★R,,,buy,구매,1,10.000,10000,exact,bundle,text,unknown,,active,needs_review,needs_review,"복수 카드 가격, 배송비 포함 여부 미확정, 묶음·세트 총액 · 개별 카드 가격 아님",exact,no,no,"PRB02-013 / 겟코 모리아 / ★R - 10,000원"
4a96e529461ce0e255c1fb9c,onepiececardgame,원피스 카드게임,2026-08,2026-08-13T14:45:27+09:00,known,941ead00176960a7ea0f65bf,4a96e529461ce0e255c1fb9c,107075,https://m.dcinside.com/board/onepiececardgame/107075,"EB03,13탄 / 02~12탄까지 SR SP 페레 여러가지 임리페",seller-8ad10b55fa52911e796a44cf,원딱러,registered,OP07-072 포르체 SR,OP07-072 포르체 SR,OP07-072 / 포르체 / SR,,,buy,구매,1,2.000,2000,exact,bundle,text,unknown,,active,needs_review,needs_review,"복수 카드 가격, 배송비 포함 여부 미확정, 묶음·세트 총액 · 개별 카드 가격 아님",exact,no,no,"OP07-072 / 포르체 / SR - 2,000원"
4c95bf62c31d7b928acc5c47,onepiececardgame,원피스 카드게임,2026-08,2026-08-13T14:45:27+09:00,known,5db0adc0d27938f45393f016,4c95bf62c31d7b928acc5c47,107075,https://m.dcinside.com/board/onepiececardgame/107075,"EB03,13탄 / 02~12탄까지 SR SP 페레 여러가지 임리페",seller-8ad10b55fa52911e796a44cf,원딱러,registered,OP08-069 샬롯 링링 SR,OP08-069 샬롯 링링 SR,OP08-069 / 샬롯 링링 / SR,,,buy,구매,1,15.000,15000,exact,bundle,text,unknown,,active,needs_review,needs_review,"복수 카드 가격, 배송비 포함 여부 미확정, 묶음·세트 총액 · 개별 카드 가격 아님",exact,no,no,"OP08-069 / 샬롯 링링 / SR - 15,000원"
4d9580ca4542de83368e5efb,onepiececardgame,원피스 카드게임,2026-08,2026-08-13T14:45:27+09:00,known,941ead00176960a7ea0f65bf,4d9580ca4542de83368e5efb,107075,https://m.dcinside.com/board/onepiececardgame/107075,"EB03,13탄 / 02~12탄까지 SR SP 페레 여러가지 임리페",seller-8ad10b55fa52911e796a44cf,원딱러,registered,EB03-062 트라팔가 로 ★SEC,EB03-062 트라팔가 로 ★SEC,EB03-062 / 트라팔가 로 / ★SEC,,,buy,구매,1,32.000,32000,exact,bundle,text,unknown,,active,needs_review,needs_review,"복수 카드 가격, 배송비 포함 여부 미확정, 묶음·세트 총액 · 개별 카드 가격 아님",exact,no,no,"EB03-062 / 트라팔가 로 / ★SEC - 32,000원"
4e24d7575cc72729ee1f0fed,onepiececardgame,원피스 카드게임,2026-08,2026-08-13T14:45:27+09:00,known,c6f21ac4b86f4644d8075440,4e24d7575cc72729ee1f0fed,107075,https://m.dcinside.com/board/onepiececardgame/107075,"EB03,13탄 / 02~12탄까지 SR SP 페레 여러가지 임리페",seller-8ad10b55fa52911e796a44cf,원딱러,registered,OP09-072 프랑키 SR,OP09-072 프랑키 SR,OP09-072 / 프랑키 / SR,,,buy,구매,1,2.000,2000,exact,bundle,text,unknown,,active,needs_review,needs_review,"복수 카드 가격, 배송비 포함 여부 미확정, 묶음·세트 총액 · 개별 카드 가격 아님",exact,no,no,"OP09-072 / 프랑키 / SR - 2,000원"
4f31d58cb7c55c214c0dd7ae,onepiececardgame,원피스 카드게임,2026-08,2026-08-13T14:45:27+09:00,known,1301dae1389aa829e4d5f6a2,4f31d58cb7c55c214c0dd7ae,107075,https://m.dcinside.com/board/onepiececardgame/107075,"EB03,13탄 / 02~12탄까지 SR SP 페레 여러가지 임리페",seller-8ad10b55fa52911e796a44cf,원딱러,registered,EB03-031 빈스모크 레이주 ★SR,EB03-031 빈스모크 레이주 ★SR,EB03-031 / 빈스모크 레이주 / ★SR,,,buy,구매,1,18.000,18000,exact,bundle,text,unknown,,active,needs_review,needs_review,"복수 카드 가격, 배송비 포함 여부 미확정, 묶음·세트 총액 · 개별 카드 가격 아님",exact,no,no,"EB03-031 / 빈스모크 레이주 / ★SR - 18,000원"
500da02ba2f11718ac263984,onepiececardgame,원피스 카드게임,2026-08,2026-08-13T14:45:27+09:00,known,332b3ce9d4b5bdcbf9f58621,500da02ba2f11718ac263984,107075,https://m.dcinside.com/board/onepiececardgame/107075,"EB03,13탄 / 02~12탄까지 SR SP 페레 여러가지 임리페",seller-8ad10b55fa52911e796a44cf,원딱러,registered,OP12-056 몽키 D. 가프 SR,OP12-056 몽키 D. 가프 SR,OP12-056 / 몽키 D. 가프 / SR,,,buy,구매,1,1.000,1000,exact,bundle,text,unknown,,active,needs_review,needs_review,"복수 카드 가격, 배송비 포함 여부 미확정, 묶음·세트 총액 · 개별 카드 가격 아님",exact,no,no,"OP12-056 / 몽키 D. 가프 / SR - 1,000원"
51cd2fbed21d4371b4f12f48,onepiececardgame,원피스 카드게임,2026-08,2026-08-13T14:45:27+09:00,known,8bd5744f0406635ae896a97b,51cd2fbed21d4371b4f12f48,107075,https://m.dcinside.com/board/onepiececardgame/107075,"EB03,13탄 / 02~12탄까지 SR SP 페레 여러가지 임리페",seller-8ad10b55fa52911e796a44cf,원딱러,registered,PRB02-012 나미 R,PRB02-012 나미 R,PRB02-012 / 나미 / R,,,buy,구매,1,8.000,8000,exact,bundle,text,unknown,,active,needs_review,needs_review,"복수 카드 가격, 배송비 포함 여부 미확정, 묶음·세트 총액 · 개별 카드 가격 아님",exact,no,no,"PRB02-012 / 나미 / R - 8,000원"
51fd35026a857cbd247e15a7,onepiececardgame,원피스 카드게임,2026-08,2026-08-13T14:45:27+09:00,known,f242051c7edee049c053135d,51fd35026a857cbd247e15a7,107075,https://m.dcinside.com/board/onepiececardgame/107075,"EB03,13탄 / 02~12탄까지 SR SP 페레 여러가지 임리페",seller-8ad10b55fa52911e796a44cf,원딱러,registered,OP13-089 토프먼 워큐리 성 R,OP13-089 토프먼 워큐리 성 R,OP13-089 / 토프먼 워큐리 성 / R,,,buy,구매,1,1.000,1000,exact,bundle,text,unknown,,active,needs_review,needs_review,"복수 카드 가격, 배송비 포함 여부 미확정, 묶음·세트 총액 · 개별 카드 가격 아님",exact,no,no,"OP13-089 / 토프먼 워큐리 성 / R - 1,000원"
53e12765466619c098596d83,onepiececardgame,원피스 카드게임,2026-08,2026-08-13T14:45:27+09:00,known,c6f21ac4b86f4644d8075440,53e12765466619c098596d83,107075,https://m.dcinside.com/board/onepiececardgame/107075,"EB03,13탄 / 02~12탄까지 SR SP 페레 여러가지 임리페",seller-8ad10b55fa52911e796a44cf,원딱러,registered,OP03-041 우솝 SR,OP03-041 우솝 SR,OP03-041 / 우솝 / SR,,,buy,구매,1,1.000,1000,exact,bundle,text,unknown,,active,needs_review,needs_review,"복수 카드 가격, 배송비 포함 여부 미확정, 묶음·세트 총액 · 개별 카드 가격 아님",exact,no,no,"OP03-041 / 우솝 / SR - 1,000원"
542608b19c9fab73244724e4,onepiececardgame,원피스 카드게임,2026-08,2026-08-13T14:45:27+09:00,known,332b3ce9d4b5bdcbf9f58621,542608b19c9fab73244724e4,107075,https://m.dcinside.com/board/onepiececardgame/107075,"EB03,13탄 / 02~12탄까지 SR SP 페레 여러가지 임리페",seller-8ad10b55fa52911e796a44cf,원딱러,registered,PRB02-010 샬롯 푸딩 ★SR,PRB02-010 샬롯 푸딩 ★SR,PRB02-010 / 샬롯 푸딩 / ★SR,,,buy,구매,1,26.000,26000,exact,bundle,text,unknown,,active,needs_review,needs_review,"복수 카드 가격, 배송비 포함 여부 미확정, 묶음·세트 총액 · 개별 카드 가격 아님",exact,no,no,"PRB02-010 / 샬롯 푸딩 / ★SR - 26,000원"
55483d62f256b498bc804ab5,onepiececardgame,원피스 카드게임,2026-08,2026-08-13T14:45:27+09:00,known,5db0adc0d27938f45393f016,55483d62f256b498bc804ab5,107075,https://m.dcinside.com/board/onepiececardgame/107075,"EB03,13탄 / 02~12탄까지 SR SP 페레 여러가지 임리페",seller-8ad10b55fa52911e796a44cf,원딱러,registered,EB02-006 야마토 SR,EB02-006 야마토 SR,EB02-006 / 야마토 / SR,,,buy,구매,1,3.000,3000,exact,bundle,text,unknown,,active,needs_review,needs_review,"복수 카드 가격, 배송비 포함 여부 미확정, 묶음·세트 총액 · 개별 카드 가격 아님",exact,no,no,"EB02-006 / 야마토 / SR - 3,000원"
56ab7c0c9e755ea979d810ab,onepiececardgame,원피스 카드게임,2026-08,2026-08-13T14:45:27+09:00,known,8bd5744f0406635ae896a97b,56ab7c0c9e755ea979d810ab,107075,https://m.dcinside.com/board/onepiececardgame/107075,"EB03,13탄 / 02~12탄까지 SR SP 페레 여러가지 임리페",seller-8ad10b55fa52911e796a44cf,원딱러,registered,OP12-063 빈스모크 레이주 SR,OP12-063 빈스모크 레이주 SR,OP12-063 / 빈스모크 레이주 / SR,,,buy,구매,1,13.000,13000,exact,bundle,text,unknown,,active,needs_review,needs_review,"복수 카드 가격, 배송비 포함 여부 미확정, 묶음·세트 총액 · 개별 카드 가격 아님",exact,no,no,"OP12-063 / 빈스모크 레이주 / SR - 13,000원"
5754ea3ab3ead3ee00cdf239,onepiececardgame,원피스 카드게임,2026-08,2026-08-13T14:45:27+09:00,known,c6f21ac4b86f4644d8075440,5754ea3ab3ead3ee00cdf239,107075,https://m.dcinside.com/board/onepiececardgame/107075,"EB03,13탄 / 02~12탄까지 SR SP 페레 여러가지 임리페",seller-8ad10b55fa52911e796a44cf,원딱러,registered,OP13-089 토프먼 워큐리 성 R,OP13-089 토프먼 워큐리 성 R,OP13-089 / 토프먼 워큐리 성 / R,,,buy,구매,1,1.000,1000,exact,bundle,text,unknown,,active,needs_review,needs_review,"복수 카드 가격, 배송비 포함 여부 미확정, 묶음·세트 총액 · 개별 카드 가격 아님",exact,no,no,"OP13-089 / 토프먼 워큐리 성 / R - 1,000원"
57ec913a49c0045e29b4c7eb,onepiececardgame,원피스 카드게임,2026-08,2026-08-13T14:45:27+09:00,known,1301dae1389aa829e4d5f6a2,57ec913a49c0045e29b4c7eb,107075,https://m.dcinside.com/board/onepiececardgame/107075,"EB03,13탄 / 02~12탄까지 SR SP 페레 여러가지 임리페",seller-8ad10b55fa52911e796a44cf,원딱러,registered,EB03-055 니코 로빈 ★SR,EB03-055 니코 로빈 ★SR,EB03-055 / 니코 로빈 / ★SR,,,buy,구매,1,59.000,59000,exact,bundle,text,unknown,,active,needs_review,needs_review,"복수 카드 가격, 배송비 포함 여부 미확정, 묶음·세트 총액 · 개별 카드 가격 아님",exact,no,no,"EB03-055 / 니코 로빈 / ★SR - 59,000원"
599660a9fab57e0c26164c64,onepiececardgame,원피스 카드게임,2026-08,2026-08-13T14:45:27+09:00,known,8bd5744f0406635ae896a97b,599660a9fab57e0c26164c64,107075,https://m.dcinside.com/board/onepiececardgame/107075,"EB03,13탄 / 02~12탄까지 SR SP 페레 여러가지 임리페",seller-8ad10b55fa52911e796a44cf,원딱러,registered,OP07-064 상디 SR,OP07-064 상디 SR,OP07-064 / 상디 / SR,,,buy,구매,1,8.000,8000,exact,bundle,text,unknown,,active,needs_review,needs_review,"복수 카드 가격, 배송비 포함 여부 미확정, 묶음·세트 총액 · 개별 카드 가격 아님",exact,no,no,"OP07-064 / 상디 / SR - 8,000원"
5a49fe636db69a136a73fcad,onepiececardgame,원피스 카드게임,2026-08,2026-08-13T14:45:27+09:00,known,941ead00176960a7ea0f65bf,5a49fe636db69a136a73fcad,107075,https://m.dcinside.com/board/onepiececardgame/107075,"EB03,13탄 / 02~12탄까지 SR SP 페레 여러가지 임리페",seller-8ad10b55fa52911e796a44cf,원딱러,registered,OP13-083 제이가르시아 새턴 성 R,OP13-083 제이가르시아 새턴 성 R,OP13-083 / 제이가르시아 새턴 성 / R,,,buy,구매,1,1.000,1000,exact,bundle,text,unknown,,active,needs_review,needs_review,"복수 카드 가격, 배송비 포함 여부 미확정, 묶음·세트 총액 · 개별 카드 가격 아님",exact,no,no,"OP13-083 / 제이가르시아 새턴 성 / R - 1,000원"
5a67ac816eecd45720919eaf,onepiececardgame,원피스 카드게임,2026-08,2026-08-13T14:45:27+09:00,known,f242051c7edee049c053135d,5a67ac816eecd45720919eaf,107075,https://m.dcinside.com/board/onepiececardgame/107075,"EB03,13탄 / 02~12탄까지 SR SP 페레 여러가지 임리페",seller-8ad10b55fa52911e796a44cf,원딱러,registered,OP13-082 오로성 ★SR,OP13-082 오로성 ★SR,OP13-082 / 오로성 / ★SR,,,buy,구매,1,55.000,55000,exact,bundle,text,unknown,,active,needs_review,needs_review,"복수 카드 가격, 배송비 포함 여부 미확정, 묶음·세트 총액 · 개별 카드 가격 아님",exact,no,no,"OP13-082 / 오로성 / ★SR - 55,000원"
5bd5802e43e71e45b5521c0f,onepiececardgame,원피스 카드게임,2026-08,2026-08-13T14:45:27+09:00,known,941ead00176960a7ea0f65bf,5bd5802e43e71e45b5521c0f,107075,https://m.dcinside.com/board/onepiececardgame/107075,"EB03,13탄 / 02~12탄까지 SR SP 페레 여러가지 임리페",seller-8ad10b55fa52911e796a44cf,원딱러,registered,OP09-072 프랑키 SR,OP09-072 프랑키 SR,OP09-072 / 프랑키 / SR,,,buy,구매,1,2.000,2000,exact,bundle,text,unknown,,active,needs_review,needs_review,"복수 카드 가격, 배송비 포함 여부 미확정, 묶음·세트 총액 · 개별 카드 가격 아님",exact,no,no,"OP09-072 / 프랑키 / SR - 2,000원"
5d478786b02d0b44e70c5ab1,onepiececardgame,원피스 카드게임,2026-08,2026-08-13T14:45:27+09:00,known,332b3ce9d4b5bdcbf9f58621,5d478786b02d0b44e70c5ab1,107075,https://m.dcinside.com/board/onepiececardgame/107075,"EB03,13탄 / 02~12탄까지 SR SP 페레 여러가지 임리페",seller-8ad10b55fa52911e796a44cf,원딱러,registered,OP06-069 빈스모크 레이주 SR★,OP06-069 빈스모크 레이주 SR★,OP06-069 / 빈스모크 레이주 / SR★,,,buy,구매,1,23.000,23000,exact,bundle,text,unknown,,active,needs_review,needs_review,"복수 카드 가격, 배송비 포함 여부 미확정, 묶음·세트 총액 · 개별 카드 가격 아님",exact,no,no,"OP06-069 / 빈스모크 레이주 / SR★ - 23,000원"
5e84a260d02d7336dbe15727,onepiececardgame,원피스 카드게임,2026-08,2026-08-13T14:45:27+09:00,known,1301dae1389aa829e4d5f6a2,5e84a260d02d7336dbe15727,107075,https://m.dcinside.com/board/onepiececardgame/107075,"EB03,13탄 / 02~12탄까지 SR SP 페레 여러가지 임리페",seller-8ad10b55fa52911e796a44cf,원딱러,registered,OP09-048 쥬라큘 미호크 SR,OP09-048 쥬라큘 미호크 SR,OP09-048 / 쥬라큘 미호크 / SR,,,buy,구매,1,2.000,2000,exact,bundle,text,unknown,,active,needs_review,needs_review,"복수 카드 가격, 배송비 포함 여부 미확정, 묶음·세트 총액 · 개별 카드 가격 아님",exact,no,no,"OP09-048 / 쥬라큘 미호크 / SR - 2,000원"
5ecbad05d28ff512d9054a77,onepiececardgame,원피스 카드게임,2026-08,2026-08-13T14:45:27+09:00,known,332b3ce9d4b5bdcbf9f58621,5ecbad05d28ff512d9054a77,107075,https://m.dcinside.com/board/onepiececardgame/107075,"EB03,13탄 / 02~12탄까지 SR SP 페레 여러가지 임리페",seller-8ad10b55fa52911e796a44cf,원딱러,registered,OP12-063 빈스모크 레이주 SR,OP12-063 빈스모크 레이주 SR,OP12-063 / 빈스모크 레이주 / SR,,,buy,구매,1,13.000,13000,exact,bundle,text,unknown,,active,needs_review,needs_review,"복수 카드 가격, 배송비 포함 여부 미확정, 묶음·세트 총액 · 개별 카드 가격 아님",exact,no,no,"OP12-063 / 빈스모크 레이주 / SR - 13,000원"
5f0443cecab368a9ead449cc,onepiececardgame,원피스 카드게임,2026-08,2026-08-13T14:45:27+09:00,known,112efc2f27ad8e700a5ca268,5f0443cecab368a9ead449cc,107075,https://m.dcinside.com/board/onepiececardgame/107075,"EB03,13탄 / 02~12탄까지 SR SP 페레 여러가지 임리페",seller-8ad10b55fa52911e796a44cf,원딱러,registered,OP03-041 우솝 SR,OP03-041 우솝 SR,OP03-041 / 우솝 / SR,,,buy,구매,1,1.000,1000,exact,bundle,text,unknown,,active,needs_review,needs_review,"복수 카드 가격, 배송비 포함 여부 미확정, 묶음·세트 총액 · 개별 카드 가격 아님",exact,no,no,"OP03-041 / 우솝 / SR - 1,000원"
5f46fc9a0b39ecd6f15caedc,onepiececardgame,원피스 카드게임,2026-08,2026-08-13T14:45:27+09:00,known,5db0adc0d27938f45393f016,5f46fc9a0b39ecd6f15caedc,107075,https://m.dcinside.com/board/onepiececardgame/107075,"EB03,13탄 / 02~12탄까지 SR SP 페레 여러가지 임리페",seller-8ad10b55fa52911e796a44cf,원딱러,registered,OP13-091 마커스 마즈 성 R,OP13-091 마커스 마즈 성 R,OP13-091 / 마커스 마즈 성 / R,,,buy,구매,1,1.000,1000,exact,bundle,text,unknown,,active,needs_review,needs_review,"복수 카드 가격, 배송비 포함 여부 미확정, 묶음·세트 총액 · 개별 카드 가격 아님",exact,no,no,"OP13-091 / 마커스 마즈 성 / R - 1,000원"
5f4b3c50758c4e3807f6e8b3,onepiececardgame,원피스 카드게임,2026-08,2026-08-13T14:45:27+09:00,known,332b3ce9d4b5bdcbf9f58621,5f4b3c50758c4e3807f6e8b3,107075,https://m.dcinside.com/board/onepiececardgame/107075,"EB03,13탄 / 02~12탄까지 SR SP 페레 여러가지 임리페",seller-8ad10b55fa52911e796a44cf,원딱러,registered,EB03-031 빈스모크 레이주 ★SR,EB03-031 빈스모크 레이주 ★SR,EB03-031 / 빈스모크 레이주 / ★SR,,,buy,구매,1,18.000,18000,exact,bundle,text,unknown,,active,needs_review,needs_review,"복수 카드 가격, 배송비 포함 여부 미확정, 묶음·세트 총액 · 개별 카드 가격 아님",exact,no,no,"EB03-031 / 빈스모크 레이주 / ★SR - 18,000원"
606635f8139ee8a21db9a13f,onepiececardgame,원피스 카드게임,2026-08,2026-08-13T14:45:27+09:00,known,941ead00176960a7ea0f65bf,606635f8139ee8a21db9a13f,107075,https://m.dcinside.com/board/onepiececardgame/107075,"EB03,13탄 / 02~12탄까지 SR SP 페레 여러가지 임리페",seller-8ad10b55fa52911e796a44cf,원딱러,registered,OP13-108 쥬얼리 보니 SR,OP13-108 쥬얼리 보니 SR,OP13-108 / 쥬얼리 보니 / SR,,,buy,구매,1,2.000,2000,exact,bundle,text,unknown,,active,needs_review,needs_review,"복수 카드 가격, 배송비 포함 여부 미확정, 묶음·세트 총액 · 개별 카드 가격 아님",exact,no,no,"OP13-108 / 쥬얼리 보니 / SR 2,000원"
61bcfa5f939adb077d2537b9,onepiececardgame,원피스 카드게임,2026-08,2026-08-13T14:45:27+09:00,known,1301dae1389aa829e4d5f6a2,61bcfa5f939adb077d2537b9,107075,https://m.dcinside.com/board/onepiececardgame/107075,"EB03,13탄 / 02~12탄까지 SR SP 페레 여러가지 임리페",seller-8ad10b55fa52911e796a44cf,원딱러,registered,OP13-108 쥬얼리 보니 SR,OP13-108 쥬얼리 보니 SR,OP13-108 / 쥬얼리 보니 / SR,,,buy,구매,1,2.000,2000,exact,bundle,text,unknown,,active,needs_review,needs_review,"복수 카드 가격, 배송비 포함 여부 미확정, 묶음·세트 총액 · 개별 카드 가격 아님",exact,no,no,"OP13-108 / 쥬얼리 보니 / SR 2,000원"
63bb414cc6159dc4200a4d02,onepiececardgame,원피스 카드게임,2026-08,2026-08-13T14:45:27+09:00,known,332b3ce9d4b5bdcbf9f58621,63bb414cc6159dc4200a4d02,107075,https://m.dcinside.com/board/onepiececardgame/107075,"EB03,13탄 / 02~12탄까지 SR SP 페레 여러가지 임리페",seller-8ad10b55fa52911e796a44cf,원딱러,registered,OP11-031 징베 SR,OP11-031 징베 SR,OP11-031 / 징베 / SR,,,buy,구매,1,2.000,2000,exact,bundle,text,unknown,,active,needs_review,needs_review,"복수 카드 가격, 배송비 포함 여부 미확정, 묶음·세트 총액 · 개별 카드 가격 아님",exact,no,no,"OP11-031 / 징베 / SR - 2,000원"
64e7c411d8d62922f35da1b8,onepiececardgame,원피스 카드게임,2026-08,2026-08-13T14:45:27+09:00,known,941ead00176960a7ea0f65bf,64e7c411d8d62922f35da1b8,107075,https://m.dcinside.com/board/onepiececardgame/107075,"EB03,13탄 / 02~12탄까지 SR SP 페레 여러가지 임리페",seller-8ad10b55fa52911e796a44cf,원딱러,registered,OP13-082 오로성 ★SR,OP13-082 오로성 ★SR,OP13-082 / 오로성 / ★SR,,,buy,구매,1,55.000,55000,exact,bundle,text,unknown,,active,needs_review,needs_review,"복수 카드 가격, 배송비 포함 여부 미확정, 묶음·세트 총액 · 개별 카드 가격 아님",exact,no,no,"OP13-082 / 오로성 / ★SR - 55,000원"
65d2d726fed01a59145a31b3,onepiececardgame,원피스 카드게임,2026-08,2026-08-13T14:45:27+09:00,known,f242051c7edee049c053135d,65d2d726fed01a59145a31b3,107075,https://m.dcinside.com/board/onepiececardgame/107075,"EB03,13탄 / 02~12탄까지 SR SP 페레 여러가지 임리페",seller-8ad10b55fa52911e796a44cf,원딱러,registered,ST-01-012 루피 ★SR,ST-01-012 루피 ★SR,ST-01-012 / 루피 / ★SR,,,buy,구매,1,82.000,82000,exact,bundle,text,unknown,,active,needs_review,needs_review,"복수 카드 가격, 배송비 포함 여부 미확정, 묶음·세트 총액 · 개별 카드 가격 아님",exact,no,no,"ST-01-012 / 루피 / ★SR - 82,000원"
66789660a890dae057b5a897,onepiececardgame,원피스 카드게임,2026-08,2026-08-13T14:45:27+09:00,known,1301dae1389aa829e4d5f6a2,66789660a890dae057b5a897,107075,https://m.dcinside.com/board/onepiececardgame/107075,"EB03,13탄 / 02~12탄까지 SR SP 페레 여러가지 임리페",seller-8ad10b55fa52911e796a44cf,원딱러,registered,OP13-089 토프먼 워큐리 성 R,OP13-089 토프먼 워큐리 성 R,OP13-089 / 토프먼 워큐리 성 / R,,,buy,구매,1,1.000,1000,exact,bundle,text,unknown,,active,needs_review,needs_review,"복수 카드 가격, 배송비 포함 여부 미확정, 묶음·세트 총액 · 개별 카드 가격 아님",exact,no,no,"OP13-089 / 토프먼 워큐리 성 / R - 1,000원"
667f1db090c20e74692b9d4b,onepiececardgame,원피스 카드게임,2026-08,2026-08-13T14:45:27+09:00,known,8bd5744f0406635ae896a97b,667f1db090c20e74692b9d4b,107075,https://m.dcinside.com/board/onepiececardgame/107075,"EB03,13탄 / 02~12탄까지 SR SP 페레 여러가지 임리페",seller-8ad10b55fa52911e796a44cf,원딱러,registered,OP13-083 제이가르시아 새턴 성 R,OP13-083 제이가르시아 새턴 성 R,OP13-083 / 제이가르시아 새턴 성 / R,,,buy,구매,1,1.000,1000,exact,bundle,text,unknown,,active,needs_review,needs_review,"복수 카드 가격, 배송비 포함 여부 미확정, 묶음·세트 총액 · 개별 카드 가격 아님",exact,no,no,"OP13-083 / 제이가르시아 새턴 성 / R - 1,000원"
678a7f3794bd271ce4330905,onepiececardgame,원피스 카드게임,2026-08,2026-08-13T14:45:27+09:00,known,941ead00176960a7ea0f65bf,678a7f3794bd271ce4330905,107075,https://m.dcinside.com/board/onepiececardgame/107075,"EB03,13탄 / 02~12탄까지 SR SP 페레 여러가지 임리페",seller-8ad10b55fa52911e796a44cf,원딱러,registered,OP11-119 코비 SEC,OP11-119 코비 SEC,OP11-119 / 코비 / SEC,,,buy,구매,1,10.000,10000,exact,bundle,text,unknown,,active,needs_review,needs_review,"복수 카드 가격, 배송비 포함 여부 미확정, 묶음·세트 총액 · 개별 카드 가격 아님",exact,no,no,"OP11-119 / 코비 / SEC - 10,000원"
683da4f417c56f32437e0ceb,onepiececardgame,원피스 카드게임,2026-08,2026-08-13T14:45:27+09:00,known,f242051c7edee049c053135d,683da4f417c56f32437e0ceb,107075,https://m.dcinside.com/board/onepiececardgame/107075,"EB03,13탄 / 02~12탄까지 SR SP 페레 여러가지 임리페",seller-8ad10b55fa52911e796a44cf,원딱러,registered,OP11-119 코비 SEC,OP11-119 코비 SEC,OP11-119 / 코비 / SEC,,,buy,구매,1,10.000,10000,exact,bundle,text,unknown,,active,needs_review,needs_review,"복수 카드 가격, 배송비 포함 여부 미확정, 묶음·세트 총액 · 개별 카드 가격 아님",exact,no,no,"OP11-119 / 코비 / SEC - 10,000원"
68742d3268a3c54a58d2a493,onepiececardgame,원피스 카드게임,2026-08,2026-08-13T14:45:27+09:00,known,5db0adc0d27938f45393f016,68742d3268a3c54a58d2a493,107075,https://m.dcinside.com/board/onepiececardgame/107075,"EB03,13탄 / 02~12탄까지 SR SP 페레 여러가지 임리페",seller-8ad10b55fa52911e796a44cf,원딱러,registered,EB03-062 트라팔가 로 ★SEC,EB03-062 트라팔가 로 ★SEC,EB03-062 / 트라팔가 로 / ★SEC,,,buy,구매,1,32.000,32000,exact,bundle,text,unknown,,active,needs_review,needs_review,"복수 카드 가격, 배송비 포함 여부 미확정, 묶음·세트 총액 · 개별 카드 가격 아님",exact,no,no,"EB03-062 / 트라팔가 로 / ★SEC - 32,000원"
68845f270ad597ba1cfb6e62,onepiececardgame,원피스 카드게임,2026-08,2026-08-13T14:45:27+09:00,known,112efc2f27ad8e700a5ca268,68845f270ad597ba1cfb6e62,107075,https://m.dcinside.com/board/onepiececardgame/107075,"EB03,13탄 / 02~12탄까지 SR SP 페레 여러가지 임리페",seller-8ad10b55fa52911e796a44cf,원딱러,registered,EB02-056 베가펑크 SR,EB02-056 베가펑크 SR,EB02-056 / 베가펑크 / SR,,,buy,구매,1,3.000,3000,exact,bundle,text,unknown,,active,needs_review,needs_review,"복수 카드 가격, 배송비 포함 여부 미확정, 묶음·세트 총액 · 개별 카드 가격 아님",exact,no,no,"EB02-056 / 베가펑크 / SR - 3,000원"
6a915c5e628105219fcb76f6,onepiececardgame,원피스 카드게임,2026-08,2026-08-13T14:45:27+09:00,known,c6f21ac4b86f4644d8075440,6a915c5e628105219fcb76f6,107075,https://m.dcinside.com/board/onepiececardgame/107075,"EB03,13탄 / 02~12탄까지 SR SP 페레 여러가지 임리페",seller-8ad10b55fa52911e796a44cf,원딱러,registered,EB02-056 베가펑크 SR,EB02-056 베가펑크 SR,EB02-056 / 베가펑크 / SR,,,buy,구매,1,3.000,3000,exact,bundle,text,unknown,,active,needs_review,needs_review,"복수 카드 가격, 배송비 포함 여부 미확정, 묶음·세트 총액 · 개별 카드 가격 아님",exact,no,no,"EB02-056 / 베가펑크 / SR - 3,000원"
6af7e2102bf7a9c5aa9ad770,onepiececardgame,원피스 카드게임,2026-08,2026-08-13T14:45:27+09:00,known,941ead00176960a7ea0f65bf,6af7e2102bf7a9c5aa9ad770,107075,https://m.dcinside.com/board/onepiececardgame/107075,"EB03,13탄 / 02~12탄까지 SR SP 페레 여러가지 임리페",seller-8ad10b55fa52911e796a44cf,원딱러,registered,OP13-080 에단바론 V. 나스쥬로 성 R,OP13-080 에단바론 V. 나스쥬로 성 R,OP13-080 / 에단바론 V. 나스쥬로 성 / R,,,buy,구매,1,1.000,1000,exact,bundle,text,unknown,,active,needs_review,needs_review,"복수 카드 가격, 배송비 포함 여부 미확정, 묶음·세트 총액 · 개별 카드 가격 아님",exact,no,no,"OP13-080 / 에단바론 V. 나스쥬로 성 / R - 1,000원"
6b2de3996d7820ecf33e9a7a,onepiececardgame,원피스 카드게임,2026-08,2026-08-13T14:45:27+09:00,known,332b3ce9d4b5bdcbf9f58621,6b2de3996d7820ecf33e9a7a,107075,https://m.dcinside.com/board/onepiececardgame/107075,"EB03,13탄 / 02~12탄까지 SR SP 페레 여러가지 임리페",seller-8ad10b55fa52911e796a44cf,원딱러,registered,PRB02-013 겟코 모리아 ★R,PRB02-013 겟코 모리아 ★R,PRB02-013 / 겟코 모리아 / ★R,,,buy,구매,1,10.000,10000,exact,bundle,text,unknown,,active,needs_review,needs_review,"복수 카드 가격, 배송비 포함 여부 미확정, 묶음·세트 총액 · 개별 카드 가격 아님",exact,no,no,"PRB02-013 / 겟코 모리아 / ★R - 10,000원"
6c905b5d14b3f8c7724028f6,onepiececardgame,원피스 카드게임,2026-08,2026-08-13T14:45:27+09:00,known,c6f21ac4b86f4644d8075440,6c905b5d14b3f8c7724028f6,107075,https://m.dcinside.com/board/onepiececardgame/107075,"EB03,13탄 / 02~12탄까지 SR SP 페레 여러가지 임리페",seller-8ad10b55fa52911e796a44cf,원딱러,registered,EB02-006 야마토 SR,EB02-006 야마토 SR,EB02-006 / 야마토 / SR,,,buy,구매,1,3.000,3000,exact,bundle,text,unknown,,active,needs_review,needs_review,"복수 카드 가격, 배송비 포함 여부 미확정, 묶음·세트 총액 · 개별 카드 가격 아님",exact,no,no,"EB02-006 / 야마토 / SR - 3,000원"
6d1a99feb56e6d82e356dd22,onepiececardgame,원피스 카드게임,2026-08,2026-08-13T14:45:27+09:00,known,941ead00176960a7ea0f65bf,6d1a99feb56e6d82e356dd22,107075,https://m.dcinside.com/board/onepiececardgame/107075,"EB03,13탄 / 02~12탄까지 SR SP 페레 여러가지 임리페",seller-8ad10b55fa52911e796a44cf,원딱러,registered,PRB02-010 샬롯 푸딩 ★SR,PRB02-010 샬롯 푸딩 ★SR,PRB02-010 / 샬롯 푸딩 / ★SR,,,buy,구매,1,26.000,26000,exact,bundle,text,unknown,,active,needs_review,needs_review,"복수 카드 가격, 배송비 포함 여부 미확정, 묶음·세트 총액 · 개별 카드 가격 아님",exact,no,no,"PRB02-010 / 샬롯 푸딩 / ★SR - 26,000원"
6e9451cbb9d5e57edbb17291,onepiececardgame,원피스 카드게임,2026-08,2026-08-13T14:45:27+09:00,known,332b3ce9d4b5bdcbf9f58621,6e9451cbb9d5e57edbb17291,107075,https://m.dcinside.com/board/onepiececardgame/107075,"EB03,13탄 / 02~12탄까지 SR SP 페레 여러가지 임리페",seller-8ad10b55fa52911e796a44cf,원딱러,registered,EB03-055 니코 로빈 ★SR,EB03-055 니코 로빈 ★SR,EB03-055 / 니코 로빈 / ★SR,,,buy,구매,1,59.000,59000,exact,bundle,text,unknown,,active,needs_review,needs_review,"복수 카드 가격, 배송비 포함 여부 미확정, 묶음·세트 총액 · 개별 카드 가격 아님",exact,no,no,"EB03-055 / 니코 로빈 / ★SR - 59,000원"
6febda56c2eff02ea1702976,onepiececardgame,원피스 카드게임,2026-08,2026-08-13T14:45:27+09:00,known,5db0adc0d27938f45393f016,6febda56c2eff02ea1702976,107075,https://m.dcinside.com/board/onepiececardgame/107075,"EB03,13탄 / 02~12탄까지 SR SP 페레 여러가지 임리페",seller-8ad10b55fa52911e796a44cf,원딱러,registered,EB02-056 베가펑크 SR,EB02-056 베가펑크 SR,EB02-056 / 베가펑크 / SR,,,buy,구매,1,3.000,3000,exact,bundle,text,unknown,,active,needs_review,needs_review,"복수 카드 가격, 배송비 포함 여부 미확정, 묶음·세트 총액 · 개별 카드 가격 아님",exact,no,no,"EB02-056 / 베가펑크 / SR - 3,000원"
707bb2fd6675234b7577d357,onepiececardgame,원피스 카드게임,2026-08,2026-08-13T14:45:27+09:00,known,112efc2f27ad8e700a5ca268,707bb2fd6675234b7577d357,107075,https://m.dcinside.com/board/onepiececardgame/107075,"EB03,13탄 / 02~12탄까지 SR SP 페레 여러가지 임리페",seller-8ad10b55fa52911e796a44cf,원딱러,registered,EB03-055 니코 로빈 ★SR,EB03-055 니코 로빈 ★SR,EB03-055 / 니코 로빈 / ★SR,,,buy,구매,1,59.000,59000,exact,bundle,text,unknown,,active,needs_review,needs_review,"복수 카드 가격, 배송비 포함 여부 미확정, 묶음·세트 총액 · 개별 카드 가격 아님",exact,no,no,"EB03-055 / 니코 로빈 / ★SR - 59,000원"
708f915c04c3cb4bf13d96f4,onepiececardgame,원피스 카드게임,2026-08,2026-08-13T14:45:27+09:00,known,8bd5744f0406635ae896a97b,708f915c04c3cb4bf13d96f4,107075,https://m.dcinside.com/board/onepiececardgame/107075,"EB03,13탄 / 02~12탄까지 SR SP 페레 여러가지 임리페",seller-8ad10b55fa52911e796a44cf,원딱러,registered,EB02-056 베가펑크 SR,EB02-056 베가펑크 SR,EB02-056 / 베가펑크 / SR,,,buy,구매,1,3.000,3000,exact,bundle,text,unknown,,active,needs_review,needs_review,"복수 카드 가격, 배송비 포함 여부 미확정, 묶음·세트 총액 · 개별 카드 가격 아님",exact,no,no,"EB02-056 / 베가펑크 / SR - 3,000원"
70b1c449d620405cedbdeac7,onepiececardgame,원피스 카드게임,2026-08,2026-08-13T14:45:27+09:00,known,8bd5744f0406635ae896a97b,70b1c449d620405cedbdeac7,107075,https://m.dcinside.com/board/onepiececardgame/107075,"EB03,13탄 / 02~12탄까지 SR SP 페레 여러가지 임리페",seller-8ad10b55fa52911e796a44cf,원딱러,registered,OP13-119 포트거스 D. 에이스 SEC,OP13-119 포트거스 D. 에이스 SEC,OP13-119 / 포트거스 D. 에이스 / SEC,,,buy,구매,1,11.000,11000,exact,bundle,text,unknown,,active,needs_review,needs_review,"복수 카드 가격, 배송비 포함 여부 미확정, 묶음·세트 총액 · 개별 카드 가격 아님",exact,no,no,"OP13-119 / 포트거스 D. 에이스 / SEC - 11,000원"
728977d4fe75c08dd29c35c5,onepiececardgame,원피스 카드게임,2026-08,2026-08-13T14:45:27+09:00,known,f242051c7edee049c053135d,728977d4fe75c08dd29c35c5,107075,https://m.dcinside.com/board/onepiececardgame/107075,"EB03,13탄 / 02~12탄까지 SR SP 페레 여러가지 임리페",seller-8ad10b55fa52911e796a44cf,원딱러,registered,OP03-041 우솝 SR,OP03-041 우솝 SR,OP03-041 / 우솝 / SR,,,buy,구매,1,1.000,1000,exact,bundle,text,unknown,,active,needs_review,needs_review,"복수 카드 가격, 배송비 포함 여부 미확정, 묶음·세트 총액 · 개별 카드 가격 아님",exact,no,no,"OP03-041 / 우솝 / SR - 1,000원"
72e25ca2037481c8d07512e6,onepiececardgame,원피스 카드게임,2026-08,2026-08-13T14:45:27+09:00,known,f242051c7edee049c053135d,72e25ca2037481c8d07512e6,107075,https://m.dcinside.com/board/onepiececardgame/107075,"EB03,13탄 / 02~12탄까지 SR SP 페레 여러가지 임리페",seller-8ad10b55fa52911e796a44cf,원딱러,registered,OP12-056 몽키 D. 가프 SR,OP12-056 몽키 D. 가프 SR,OP12-056 / 몽키 D. 가프 / SR,,,buy,구매,1,1.000,1000,exact,bundle,text,unknown,,active,needs_review,needs_review,"복수 카드 가격, 배송비 포함 여부 미확정, 묶음·세트 총액 · 개별 카드 가격 아님",exact,no,no,"OP12-056 / 몽키 D. 가프 / SR - 1,000원"
72f464b4c39eb7b53a8f2790,onepiececardgame,원피스 카드게임,2026-08,2026-08-13T14:45:27+09:00,known,5db0adc0d27938f45393f016,72f464b4c39eb7b53a8f2790,107075,https://m.dcinside.com/board/onepiececardgame/107075,"EB03,13탄 / 02~12탄까지 SR SP 페레 여러가지 임리페",seller-8ad10b55fa52911e796a44cf,원딱러,registered,OP13-119 포트거스 D. 에이스 SEC,OP13-119 포트거스 D. 에이스 SEC,OP13-119 / 포트거스 D. 에이스 / SEC,,,buy,구매,1,11.000,11000,exact,bundle,text,unknown,,active,needs_review,needs_review,"복수 카드 가격, 배송비 포함 여부 미확정, 묶음·세트 총액 · 개별 카드 가격 아님",exact,no,no,"OP13-119 / 포트거스 D. 에이스 / SEC - 11,000원"
731100344481aeb2be4b63c5,onepiececardgame,원피스 카드게임,2026-08,2026-08-13T14:45:27+09:00,known,332b3ce9d4b5bdcbf9f58621,731100344481aeb2be4b63c5,107075,https://m.dcinside.com/board/onepiececardgame/107075,"EB03,13탄 / 02~12탄까지 SR SP 페레 여러가지 임리페",seller-8ad10b55fa52911e796a44cf,원딱러,registered,OP11-119 코비 SEC,OP11-119 코비 SEC,OP11-119 / 코비 / SEC,,,buy,구매,1,10.000,10000,exact,bundle,text,unknown,,active,needs_review,needs_review,"복수 카드 가격, 배송비 포함 여부 미확정, 묶음·세트 총액 · 개별 카드 가격 아님",exact,no,no,"OP11-119 / 코비 / SEC - 10,000원"
738632c154f62d8460624396,onepiececardgame,원피스 카드게임,2026-08,2026-08-13T14:45:27+09:00,known,332b3ce9d4b5bdcbf9f58621,738632c154f62d8460624396,107075,https://m.dcinside.com/board/onepiececardgame/107075,"EB03,13탄 / 02~12탄까지 SR SP 페레 여러가지 임리페",seller-8ad10b55fa52911e796a44cf,원딱러,registered,OP13-084 셰퍼드 주. 피터 성 R,OP13-084 셰퍼드 주. 피터 성 R,OP13-084 / 셰퍼드 주. 피터 성 / R,,,buy,구매,1,1.000,1000,exact,bundle,text,unknown,,active,needs_review,needs_review,"복수 카드 가격, 배송비 포함 여부 미확정, 묶음·세트 총액 · 개별 카드 가격 아님",exact,no,no,"OP13-084 / 셰퍼드 주. 피터 성 / R - 1,000원"
73e960d9f4bd5e31b24ee7d8,onepiececardgame,원피스 카드게임,2026-08,2026-08-13T14:45:27+09:00,known,112efc2f27ad8e700a5ca268,73e960d9f4bd5e31b24ee7d8,107075,https://m.dcinside.com/board/onepiececardgame/107075,"EB03,13탄 / 02~12탄까지 SR SP 페레 여러가지 임리페",seller-8ad10b55fa52911e796a44cf,원딱러,registered,PRB02-010 샬롯 푸딩 ★SR,PRB02-010 샬롯 푸딩 ★SR,PRB02-010 / 샬롯 푸딩 / ★SR,,,buy,구매,1,26.000,26000,exact,bundle,text,unknown,,active,needs_review,needs_review,"복수 카드 가격, 배송비 포함 여부 미확정, 묶음·세트 총액 · 개별 카드 가격 아님",exact,no,no,"PRB02-010 / 샬롯 푸딩 / ★SR - 26,000원"
783fc2e7f981823ba23be4e7,onepiececardgame,원피스 카드게임,2026-08,2026-08-13T14:45:27+09:00,known,332b3ce9d4b5bdcbf9f58621,783fc2e7f981823ba23be4e7,107075,https://m.dcinside.com/board/onepiececardgame/107075,"EB03,13탄 / 02~12탄까지 SR SP 페레 여러가지 임리페",seller-8ad10b55fa52911e796a44cf,원딱러,registered,OP02-017 마스크드 듀스 SR★,OP02-017 마스크드 듀스 SR★,OP02-017 / 마스크드 듀스 / SR★,,,buy,구매,1,3.000,3000,exact,bundle,text,unknown,,active,needs_review,needs_review,"복수 카드 가격, 배송비 포함 여부 미확정, 묶음·세트 총액 · 개별 카드 가격 아님",exact,no,no,"OP02-017 / 마스크드 듀스 / SR★ - 3,000원"
78dd23857293525f19ce44dd,onepiececardgame,원피스 카드게임,2026-08,2026-08-13T14:45:27+09:00,known,c6f21ac4b86f4644d8075440,78dd23857293525f19ce44dd,107075,https://m.dcinside.com/board/onepiececardgame/107075,"EB03,13탄 / 02~12탄까지 SR SP 페레 여러가지 임리페",seller-8ad10b55fa52911e796a44cf,원딱러,registered,OP13-119 포트거스 D. 에이스 SEC,OP13-119 포트거스 D. 에이스 SEC,OP13-119 / 포트거스 D. 에이스 / SEC,,,buy,구매,1,11.000,11000,exact,bundle,text,unknown,,active,needs_review,needs_review,"복수 카드 가격, 배송비 포함 여부 미확정, 묶음·세트 총액 · 개별 카드 가격 아님",exact,no,no,"OP13-119 / 포트거스 D. 에이스 / SEC - 11,000원"
791c16ff9385083c62ef9983,onepiececardgame,원피스 카드게임,2026-08,2026-08-13T14:45:27+09:00,known,112efc2f27ad8e700a5ca268,791c16ff9385083c62ef9983,107075,https://m.dcinside.com/board/onepiececardgame/107075,"EB03,13탄 / 02~12탄까지 SR SP 페레 여러가지 임리페",seller-8ad10b55fa52911e796a44cf,원딱러,registered,EB03-062 트라팔가 로 ★SEC,EB03-062 트라팔가 로 ★SEC,EB03-062 / 트라팔가 로 / ★SEC,,,buy,구매,1,32.000,32000,exact,bundle,text,unknown,,active,needs_review,needs_review,"복수 카드 가격, 배송비 포함 여부 미확정, 묶음·세트 총액 · 개별 카드 가격 아님",exact,no,no,"EB03-062 / 트라팔가 로 / ★SEC - 32,000원"
79437f362f9a98760edd35d7,onepiececardgame,원피스 카드게임,2026-08,2026-08-13T14:45:27+09:00,known,332b3ce9d4b5bdcbf9f58621,79437f362f9a98760edd35d7,107075,https://m.dcinside.com/board/onepiececardgame/107075,"EB03,13탄 / 02~12탄까지 SR SP 페레 여러가지 임리페",seller-8ad10b55fa52911e796a44cf,원딱러,registered,OP07-072 포르체 SR,OP07-072 포르체 SR,OP07-072 / 포르체 / SR,,,buy,구매,1,2.000,2000,exact,bundle,text,unknown,,active,needs_review,needs_review,"복수 카드 가격, 배송비 포함 여부 미확정, 묶음·세트 총액 · 개별 카드 가격 아님",exact,no,no,"OP07-072 / 포르체 / SR - 2,000원"
799f8695ea663ad6431ae58d,onepiececardgame,원피스 카드게임,2026-08,2026-08-13T14:45:27+09:00,known,941ead00176960a7ea0f65bf,799f8695ea663ad6431ae58d,107075,https://m.dcinside.com/board/onepiececardgame/107075,"EB03,13탄 / 02~12탄까지 SR SP 페레 여러가지 임리페",seller-8ad10b55fa52911e796a44cf,원딱러,registered,PRB02-013 겟코 모리아 ★R,PRB02-013 겟코 모리아 ★R,PRB02-013 / 겟코 모리아 / ★R,,,buy,구매,1,10.000,10000,exact,bundle,text,unknown,,active,needs_review,needs_review,"복수 카드 가격, 배송비 포함 여부 미확정, 묶음·세트 총액 · 개별 카드 가격 아님",exact,no,no,"PRB02-013 / 겟코 모리아 / ★R - 10,000원"
79f7358b453510651f6dd3aa,onepiececardgame,원피스 카드게임,2026-08,2026-08-13T14:45:27+09:00,known,112efc2f27ad8e700a5ca268,79f7358b453510651f6dd3aa,107075,https://m.dcinside.com/board/onepiececardgame/107075,"EB03,13탄 / 02~12탄까지 SR SP 페레 여러가지 임리페",seller-8ad10b55fa52911e796a44cf,원딱러,registered,OP05-074 유스타스 키드 SR,OP05-074 유스타스 키드 SR,OP05-074 / 유스타스 키드 / SR,,,buy,구매,1,12.000,12000,exact,bundle,text,unknown,,active,needs_review,needs_review,"복수 카드 가격, 배송비 포함 여부 미확정, 묶음·세트 총액 · 개별 카드 가격 아님",exact,no,no,"OP05-074 / 유스타스 키드 / SR - 12,000원"
7d13e964e9e968c25091f42c,onepiececardgame,원피스 카드게임,2026-08,2026-08-13T14:45:27+09:00,known,1301dae1389aa829e4d5f6a2,7d13e964e9e968c25091f42c,107075,https://m.dcinside.com/board/onepiececardgame/107075,"EB03,13탄 / 02~12탄까지 SR SP 페레 여러가지 임리페",seller-8ad10b55fa52911e796a44cf,원딱러,registered,OP09-119 루피 SEC,OP09-119 루피 SEC,OP09-119 / 루피 / SEC,,,buy,구매,1,20.000,20000,exact,bundle,text,unknown,,active,needs_review,needs_review,"복수 카드 가격, 배송비 포함 여부 미확정, 묶음·세트 총액 · 개별 카드 가격 아님",exact,no,no,"OP09-119 / 루피 / SEC - 20,000원"
7e6cf1aab63ab7a8aabe9453,onepiececardgame,원피스 카드게임,2026-08,2026-08-13T14:45:27+09:00,known,941ead00176960a7ea0f65bf,7e6cf1aab63ab7a8aabe9453,107075,https://m.dcinside.com/board/onepiececardgame/107075,"EB03,13탄 / 02~12탄까지 SR SP 페레 여러가지 임리페",seller-8ad10b55fa52911e796a44cf,원딱러,registered,OP12-056 몽키 D. 가프 SR,OP12-056 몽키 D. 가프 SR,OP12-056 / 몽키 D. 가프 / SR,,,buy,구매,1,1.000,1000,exact,bundle,text,unknown,,active,needs_review,needs_review,"복수 카드 가격, 배송비 포함 여부 미확정, 묶음·세트 총액 · 개별 카드 가격 아님",exact,no,no,"OP12-056 / 몽키 D. 가프 / SR - 1,000원"
7e82b3d88819949e614d06ac,onepiececardgame,원피스 카드게임,2026-08,2026-08-13T14:45:27+09:00,known,1301dae1389aa829e4d5f6a2,7e82b3d88819949e614d06ac,107075,https://m.dcinside.com/board/onepiececardgame/107075,"EB03,13탄 / 02~12탄까지 SR SP 페레 여러가지 임리페",seller-8ad10b55fa52911e796a44cf,원딱러,registered,OP07-072 포르체 SR,OP07-072 포르체 SR,OP07-072 / 포르체 / SR,,,buy,구매,1,2.000,2000,exact,bundle,text,unknown,,active,needs_review,needs_review,"복수 카드 가격, 배송비 포함 여부 미확정, 묶음·세트 총액 · 개별 카드 가격 아님",exact,no,no,"OP07-072 / 포르체 / SR - 2,000원"
7eb0be9f3484074286c0d367,onepiececardgame,원피스 카드게임,2026-08,2026-08-13T14:45:27+09:00,known,332b3ce9d4b5bdcbf9f58621,7eb0be9f3484074286c0d367,107075,https://m.dcinside.com/board/onepiececardgame/107075,"EB03,13탄 / 02~12탄까지 SR SP 페레 여러가지 임리페",seller-8ad10b55fa52911e796a44cf,원딱러,registered,OP12-030 쥬라큘 미호크 SR,OP12-030 쥬라큘 미호크 SR,OP12-030 / 쥬라큘 미호크 / SR,,,buy,구매,1,7.000,7000,exact,bundle,text,unknown,,active,needs_review,needs_review,"복수 카드 가격, 배송비 포함 여부 미확정, 묶음·세트 총액 · 개별 카드 가격 아님",exact,no,no,"OP12-030 / 쥬라큘 미호크 / SR - 7,000원"
7ec83113b2089a9620d98a92,onepiececardgame,원피스 카드게임,2026-08,2026-08-13T14:45:27+09:00,known,f242051c7edee049c053135d,7ec83113b2089a9620d98a92,107075,https://m.dcinside.com/board/onepiececardgame/107075,"EB03,13탄 / 02~12탄까지 SR SP 페레 여러가지 임리페",seller-8ad10b55fa52911e796a44cf,원딱러,registered,OP11-031 징베 SR,OP11-031 징베 SR,OP11-031 / 징베 / SR,,,buy,구매,1,2.000,2000,exact,bundle,text,unknown,,active,needs_review,needs_review,"복수 카드 가격, 배송비 포함 여부 미확정, 묶음·세트 총액 · 개별 카드 가격 아님",exact,no,no,"OP11-031 / 징베 / SR - 2,000원"
802a6ce7e38128901672b790,onepiececardgame,원피스 카드게임,2026-08,2026-08-13T14:45:27+09:00,known,112efc2f27ad8e700a5ca268,802a6ce7e38128901672b790,107075,https://m.dcinside.com/board/onepiececardgame/107075,"EB03,13탄 / 02~12탄까지 SR SP 페레 여러가지 임리페",seller-8ad10b55fa52911e796a44cf,원딱러,registered,OP11-119 코비 SEC,OP11-119 코비 SEC,OP11-119 / 코비 / SEC,,,buy,구매,1,10.000,10000,exact,bundle,text,unknown,,active,needs_review,needs_review,"복수 카드 가격, 배송비 포함 여부 미확정, 묶음·세트 총액 · 개별 카드 가격 아님",exact,no,no,"OP11-119 / 코비 / SEC - 10,000원"
82468f8353ec062b809fdc66,onepiececardgame,원피스 카드게임,2026-08,2026-08-13T14:45:27+09:00,known,5db0adc0d27938f45393f016,82468f8353ec062b809fdc66,107075,https://m.dcinside.com/board/onepiececardgame/107075,"EB03,13탄 / 02~12탄까지 SR SP 페레 여러가지 임리페",seller-8ad10b55fa52911e796a44cf,원딱러,registered,OP05-074 유스타스 키드 SR,OP05-074 유스타스 키드 SR,OP05-074 / 유스타스 키드 / SR,,,buy,구매,1,12.000,12000,exact,bundle,text,unknown,,active,needs_review,needs_review,"복수 카드 가격, 배송비 포함 여부 미확정, 묶음·세트 총액 · 개별 카드 가격 아님",exact,no,no,"OP05-074 / 유스타스 키드 / SR - 12,000원"
82c07cceef40e1576d36fa23,onepiececardgame,원피스 카드게임,2026-08,2026-08-13T14:45:27+09:00,known,5db0adc0d27938f45393f016,82c07cceef40e1576d36fa23,107075,https://m.dcinside.com/board/onepiececardgame/107075,"EB03,13탄 / 02~12탄까지 SR SP 페레 여러가지 임리페",seller-8ad10b55fa52911e796a44cf,원딱러,registered,OP13-084 셰퍼드 주. 피터 성 R,OP13-084 셰퍼드 주. 피터 성 R,OP13-084 / 셰퍼드 주. 피터 성 / R,,,buy,구매,1,1.000,1000,exact,bundle,text,unknown,,active,needs_review,needs_review,"복수 카드 가격, 배송비 포함 여부 미확정, 묶음·세트 총액 · 개별 카드 가격 아님",exact,no,no,"OP13-084 / 셰퍼드 주. 피터 성 / R - 1,000원"
8309617a42a7b04256b0ed60,onepiececardgame,원피스 카드게임,2026-08,2026-08-13T14:45:27+09:00,known,1301dae1389aa829e4d5f6a2,8309617a42a7b04256b0ed60,107075,https://m.dcinside.com/board/onepiececardgame/107075,"EB03,13탄 / 02~12탄까지 SR SP 페레 여러가지 임리페",seller-8ad10b55fa52911e796a44cf,원딱러,registered,EB02-056 베가펑크 SR,EB02-056 베가펑크 SR,EB02-056 / 베가펑크 / SR,,,buy,구매,1,3.000,3000,exact,bundle,text,unknown,,active,needs_review,needs_review,"복수 카드 가격, 배송비 포함 여부 미확정, 묶음·세트 총액 · 개별 카드 가격 아님",exact,no,no,"EB02-056 / 베가펑크 / SR - 3,000원"
840fc39e49b9c5c6a7d3c3e4,onepiececardgame,원피스 카드게임,2026-08,2026-08-13T14:45:27+09:00,known,112efc2f27ad8e700a5ca268,840fc39e49b9c5c6a7d3c3e4,107075,https://m.dcinside.com/board/onepiececardgame/107075,"EB03,13탄 / 02~12탄까지 SR SP 페레 여러가지 임리페",seller-8ad10b55fa52911e796a44cf,원딱러,registered,OP11-092 헤르메포 SR,OP11-092 헤르메포 SR,OP11-092 / 헤르메포 / SR,,,buy,구매,1,2.000,2000,exact,bundle,text,unknown,,active,needs_review,needs_review,"복수 카드 가격, 배송비 포함 여부 미확정, 묶음·세트 총액 · 개별 카드 가격 아님",exact,no,no,"OP11-092 / 헤르메포 / SR - 2,000원"
851f02415f0d5964f8b6efb6,onepiececardgame,원피스 카드게임,2026-08,2026-08-13T14:45:27+09:00,known,5db0adc0d27938f45393f016,851f02415f0d5964f8b6efb6,107075,https://m.dcinside.com/board/onepiececardgame/107075,"EB03,13탄 / 02~12탄까지 SR SP 페레 여러가지 임리페",seller-8ad10b55fa52911e796a44cf,원딱러,registered,OP13-083 제이가르시아 새턴 성 R,OP13-083 제이가르시아 새턴 성 R,OP13-083 / 제이가르시아 새턴 성 / R,,,buy,구매,1,1.000,1000,exact,bundle,text,unknown,,active,needs_review,needs_review,"복수 카드 가격, 배송비 포함 여부 미확정, 묶음·세트 총액 · 개별 카드 가격 아님",exact,no,no,"OP13-083 / 제이가르시아 새턴 성 / R - 1,000원"
8540ae93087dd735ef84f71a,onepiececardgame,원피스 카드게임,2026-08,2026-08-13T14:45:27+09:00,known,941ead00176960a7ea0f65bf,8540ae93087dd735ef84f71a,107075,https://m.dcinside.com/board/onepiececardgame/107075,"EB03,13탄 / 02~12탄까지 SR SP 페레 여러가지 임리페",seller-8ad10b55fa52911e796a44cf,원딱러,registered,OP03-041 우솝 SR,OP03-041 우솝 SR,OP03-041 / 우솝 / SR,,,buy,구매,1,1.000,1000,exact,bundle,text,unknown,,active,needs_review,needs_review,"복수 카드 가격, 배송비 포함 여부 미확정, 묶음·세트 총액 · 개별 카드 가격 아님",exact,no,no,"OP03-041 / 우솝 / SR - 1,000원"
85a8b81b6b90b8edee377d38,onepiececardgame,원피스 카드게임,2026-08,2026-08-13T14:45:27+09:00,known,332b3ce9d4b5bdcbf9f58621,85a8b81b6b90b8edee377d38,107075,https://m.dcinside.com/board/onepiececardgame/107075,"EB03,13탄 / 02~12탄까지 SR SP 페레 여러가지 임리페",seller-8ad10b55fa52911e796a44cf,원딱러,registered,OP13-108 쥬얼리 보니 SR,OP13-108 쥬얼리 보니 SR,OP13-108 / 쥬얼리 보니 / SR,,,buy,구매,1,2.000,2000,exact,bundle,text,unknown,,active,needs_review,needs_review,"복수 카드 가격, 배송비 포함 여부 미확정, 묶음·세트 총액 · 개별 카드 가격 아님",exact,no,no,"OP13-108 / 쥬얼리 보니 / SR 2,000원"
85fe02b33d4a05abac59e98f,onepiececardgame,원피스 카드게임,2026-08,2026-08-13T14:45:27+09:00,known,5db0adc0d27938f45393f016,85fe02b33d4a05abac59e98f,107075,https://m.dcinside.com/board/onepiececardgame/107075,"EB03,13탄 / 02~12탄까지 SR SP 페레 여러가지 임리페",seller-8ad10b55fa52911e796a44cf,원딱러,registered,OP11-119 코비 SEC,OP11-119 코비 SEC,OP11-119 / 코비 / SEC,,,buy,구매,1,10.000,10000,exact,bundle,text,unknown,,active,needs_review,needs_review,"복수 카드 가격, 배송비 포함 여부 미확정, 묶음·세트 총액 · 개별 카드 가격 아님",exact,no,no,"OP11-119 / 코비 / SEC - 10,000원"
87f95ef9f3d7aa1791781081,onepiececardgame,원피스 카드게임,2026-08,2026-08-13T14:45:27+09:00,known,941ead00176960a7ea0f65bf,87f95ef9f3d7aa1791781081,107075,https://m.dcinside.com/board/onepiececardgame/107075,"EB03,13탄 / 02~12탄까지 SR SP 페레 여러가지 임리페",seller-8ad10b55fa52911e796a44cf,원딱러,registered,PRB02-012 나미 R,PRB02-012 나미 R,PRB02-012 / 나미 / R,,,buy,구매,1,8.000,8000,exact,bundle,text,unknown,,active,needs_review,needs_review,"복수 카드 가격, 배송비 포함 여부 미확정, 묶음·세트 총액 · 개별 카드 가격 아님",exact,no,no,"PRB02-012 / 나미 / R - 8,000원"
89de5f347261eaa68e9be5d8,onepiececardgame,원피스 카드게임,2026-08,2026-08-13T14:45:27+09:00,known,5db0adc0d27938f45393f016,89de5f347261eaa68e9be5d8,107075,https://m.dcinside.com/board/onepiececardgame/107075,"EB03,13탄 / 02~12탄까지 SR SP 페레 여러가지 임리페",seller-8ad10b55fa52911e796a44cf,원딱러,registered,OP03-041 우솝 SR,OP03-041 우솝 SR,OP03-041 / 우솝 / SR,,,buy,구매,1,1.000,1000,exact,bundle,text,unknown,,active,needs_review,needs_review,"복수 카드 가격, 배송비 포함 여부 미확정, 묶음·세트 총액 · 개별 카드 가격 아님",exact,no,no,"OP03-041 / 우솝 / SR - 1,000원"
8add71881b0f47ab85bc7ffe,onepiececardgame,원피스 카드게임,2026-08,2026-08-13T14:45:27+09:00,known,8bd5744f0406635ae896a97b,8add71881b0f47ab85bc7ffe,107075,https://m.dcinside.com/board/onepiececardgame/107075,"EB03,13탄 / 02~12탄까지 SR SP 페레 여러가지 임리페",seller-8ad10b55fa52911e796a44cf,원딱러,registered,OP06-069 빈스모크 레이주 SR★,OP06-069 빈스모크 레이주 SR★,OP06-069 / 빈스모크 레이주 / SR★,,,buy,구매,1,23.000,23000,exact,bundle,text,unknown,,active,needs_review,needs_review,"복수 카드 가격, 배송비 포함 여부 미확정, 묶음·세트 총액 · 개별 카드 가격 아님",exact,no,no,"OP06-069 / 빈스모크 레이주 / SR★ - 23,000원"
8b4ebdc84760022f693142e5,onepiececardgame,원피스 카드게임,2026-08,2026-08-13T14:45:27+09:00,known,112efc2f27ad8e700a5ca268,8b4ebdc84760022f693142e5,107075,https://m.dcinside.com/board/onepiececardgame/107075,"EB03,13탄 / 02~12탄까지 SR SP 페레 여러가지 임리페",seller-8ad10b55fa52911e796a44cf,원딱러,registered,OP13-108 쥬얼리 보니 SR,OP13-108 쥬얼리 보니 SR,OP13-108 / 쥬얼리 보니 / SR,,,buy,구매,1,2.000,2000,exact,bundle,text,unknown,,active,needs_review,needs_review,"복수 카드 가격, 배송비 포함 여부 미확정, 묶음·세트 총액 · 개별 카드 가격 아님",exact,no,no,"OP13-108 / 쥬얼리 보니 / SR 2,000원"
8ba897fc56625dbc55fd31d5,onepiececardgame,원피스 카드게임,2026-08,2026-08-13T14:45:27+09:00,known,941ead00176960a7ea0f65bf,8ba897fc56625dbc55fd31d5,107075,https://m.dcinside.com/board/onepiececardgame/107075,"EB03,13탄 / 02~12탄까지 SR SP 페레 여러가지 임리페",seller-8ad10b55fa52911e796a44cf,원딱러,registered,EB03-053 니코 로빈 SR,EB03-053 니코 로빈 SR,EB03-053 / 니코 로빈 / SR,,,buy,구매,1,10.000,10000,exact,bundle,text,unknown,,active,needs_review,needs_review,"복수 카드 가격, 배송비 포함 여부 미확정, 묶음·세트 총액 · 개별 카드 가격 아님",exact,no,no,"EB03-053 / 니코 로빈 / SR - 10,000원"
8be653cec98de614509ae153,onepiececardgame,원피스 카드게임,2026-08,2026-08-13T14:45:27+09:00,known,941ead00176960a7ea0f65bf,8be653cec98de614509ae153,107075,https://m.dcinside.com/board/onepiececardgame/107075,"EB03,13탄 / 02~12탄까지 SR SP 페레 여러가지 임리페",seller-8ad10b55fa52911e796a44cf,원딱러,registered,OP06-069 빈스모크 레이주 SR★,OP06-069 빈스모크 레이주 SR★,OP06-069 / 빈스모크 레이주 / SR★,,,buy,구매,1,23.000,23000,exact,bundle,text,unknown,,active,needs_review,needs_review,"복수 카드 가격, 배송비 포함 여부 미확정, 묶음·세트 총액 · 개별 카드 가격 아님",exact,no,no,"OP06-069 / 빈스모크 레이주 / SR★ - 23,000원"
8c3439a50ea7fee181ecfc1e,onepiececardgame,원피스 카드게임,2026-08,2026-08-13T14:45:27+09:00,known,941ead00176960a7ea0f65bf,8c3439a50ea7fee181ecfc1e,107075,https://m.dcinside.com/board/onepiececardgame/107075,"EB03,13탄 / 02~12탄까지 SR SP 페레 여러가지 임리페",seller-8ad10b55fa52911e796a44cf,원딱러,registered,OP09-048 쥬라큘 미호크 SR,OP09-048 쥬라큘 미호크 SR,OP09-048 / 쥬라큘 미호크 / SR,,,buy,구매,1,2.000,2000,exact,bundle,text,unknown,,active,needs_review,needs_review,"복수 카드 가격, 배송비 포함 여부 미확정, 묶음·세트 총액 · 개별 카드 가격 아님",exact,no,no,"OP09-048 / 쥬라큘 미호크 / SR - 2,000원"
8d6ed39a5677da8bd7610bcc,onepiececardgame,원피스 카드게임,2026-08,2026-08-13T14:45:27+09:00,known,332b3ce9d4b5bdcbf9f58621,8d6ed39a5677da8bd7610bcc,107075,https://m.dcinside.com/board/onepiececardgame/107075,"EB03,13탄 / 02~12탄까지 SR SP 페레 여러가지 임리페",seller-8ad10b55fa52911e796a44cf,원딱러,registered,OP02-036 나미 SR,OP02-036 나미 SR,OP02-036 / 나미 / SR,,,buy,구매,1,5.000,5000,exact,bundle,text,unknown,,active,needs_review,needs_review,"복수 카드 가격, 배송비 포함 여부 미확정, 묶음·세트 총액 · 개별 카드 가격 아님",exact,no,no,"OP02-036 / 나미 / SR - 5,000원"
8dc2ae64ee3c266c00e5d314,onepiececardgame,원피스 카드게임,2026-08,2026-08-13T14:45:27+09:00,known,112efc2f27ad8e700a5ca268,8dc2ae64ee3c266c00e5d314,107075,https://m.dcinside.com/board/onepiececardgame/107075,"EB03,13탄 / 02~12탄까지 SR SP 페레 여러가지 임리페",seller-8ad10b55fa52911e796a44cf,원딱러,registered,OP02-036 나미 SR,OP02-036 나미 SR,OP02-036 / 나미 / SR,,,buy,구매,1,5.000,5000,exact,bundle,text,unknown,,active,needs_review,needs_review,"복수 카드 가격, 배송비 포함 여부 미확정, 묶음·세트 총액 · 개별 카드 가격 아님",exact,no,no,"OP02-036 / 나미 / SR - 5,000원"
8de574f1ed185b3335071a06,onepiececardgame,원피스 카드게임,2026-08,2026-08-13T14:45:27+09:00,known,8bd5744f0406635ae896a97b,8de574f1ed185b3335071a06,107075,https://m.dcinside.com/board/onepiececardgame/107075,"EB03,13탄 / 02~12탄까지 SR SP 페레 여러가지 임리페",seller-8ad10b55fa52911e796a44cf,원딱러,registered,OP02-017 마스크드 듀스 SR★,OP02-017 마스크드 듀스 SR★,OP02-017 / 마스크드 듀스 / SR★,,,buy,구매,1,3.000,3000,exact,bundle,text,unknown,,active,needs_review,needs_review,"복수 카드 가격, 배송비 포함 여부 미확정, 묶음·세트 총액 · 개별 카드 가격 아님",exact,no,no,"OP02-017 / 마스크드 듀스 / SR★ - 3,000원"
8def0594dc1a6e8f4bf89ea0,onepiececardgame,원피스 카드게임,2026-08,2026-08-13T14:45:27+09:00,known,112efc2f27ad8e700a5ca268,8def0594dc1a6e8f4bf89ea0,107075,https://m.dcinside.com/board/onepiececardgame/107075,"EB03,13탄 / 02~12탄까지 SR SP 페레 여러가지 임리페",seller-8ad10b55fa52911e796a44cf,원딱러,registered,OP09-072 프랑키 SR,OP09-072 프랑키 SR,OP09-072 / 프랑키 / SR,,,buy,구매,1,2.000,2000,exact,bundle,text,unknown,,active,needs_review,needs_review,"복수 카드 가격, 배송비 포함 여부 미확정, 묶음·세트 총액 · 개별 카드 가격 아님",exact,no,no,"OP09-072 / 프랑키 / SR - 2,000원"
8e497f4d4672b717faab353f,onepiececardgame,원피스 카드게임,2026-08,2026-08-13T14:45:27+09:00,known,941ead00176960a7ea0f65bf,8e497f4d4672b717faab353f,107075,https://m.dcinside.com/board/onepiececardgame/107075,"EB03,13탄 / 02~12탄까지 SR SP 페레 여러가지 임리페",seller-8ad10b55fa52911e796a44cf,원딱러,registered,EB02-056 베가펑크 SR,EB02-056 베가펑크 SR,EB02-056 / 베가펑크 / SR,,,buy,구매,1,3.000,3000,exact,bundle,text,unknown,,active,needs_review,needs_review,"복수 카드 가격, 배송비 포함 여부 미확정, 묶음·세트 총액 · 개별 카드 가격 아님",exact,no,no,"EB02-056 / 베가펑크 / SR - 3,000원"
8f8163d44207f54f8d9730b0,onepiececardgame,원피스 카드게임,2026-08,2026-08-13T14:45:27+09:00,known,c6f21ac4b86f4644d8075440,8f8163d44207f54f8d9730b0,107075,https://m.dcinside.com/board/onepiececardgame/107075,"EB03,13탄 / 02~12탄까지 SR SP 페레 여러가지 임리페",seller-8ad10b55fa52911e796a44cf,원딱러,registered,OP11-092 헤르메포 SR,OP11-092 헤르메포 SR,OP11-092 / 헤르메포 / SR,,,buy,구매,1,2.000,2000,exact,bundle,text,unknown,,active,needs_review,needs_review,"복수 카드 가격, 배송비 포함 여부 미확정, 묶음·세트 총액 · 개별 카드 가격 아님",exact,no,no,"OP11-092 / 헤르메포 / SR - 2,000원"
9035a110ca30a01fa0117833,onepiececardgame,원피스 카드게임,2026-08,2026-08-13T14:45:27+09:00,known,5db0adc0d27938f45393f016,9035a110ca30a01fa0117833,107075,https://m.dcinside.com/board/onepiececardgame/107075,"EB03,13탄 / 02~12탄까지 SR SP 페레 여러가지 임리페",seller-8ad10b55fa52911e796a44cf,원딱러,registered,OP11-092 헤르메포 SR,OP11-092 헤르메포 SR,OP11-092 / 헤르메포 / SR,,,buy,구매,1,2.000,2000,exact,bundle,text,unknown,,active,needs_review,needs_review,"복수 카드 가격, 배송비 포함 여부 미확정, 묶음·세트 총액 · 개별 카드 가격 아님",exact,no,no,"OP11-092 / 헤르메포 / SR - 2,000원"
91081a570aaf23e576ccfb7d,onepiececardgame,원피스 카드게임,2026-08,2026-08-13T14:45:27+09:00,known,8bd5744f0406635ae896a97b,91081a570aaf23e576ccfb7d,107075,https://m.dcinside.com/board/onepiececardgame/107075,"EB03,13탄 / 02~12탄까지 SR SP 페레 여러가지 임리페",seller-8ad10b55fa52911e796a44cf,원딱러,registered,OP09-048 쥬라큘 미호크 SR,OP09-048 쥬라큘 미호크 SR,OP09-048 / 쥬라큘 미호크 / SR,,,buy,구매,1,2.000,2000,exact,bundle,text,unknown,,active,needs_review,needs_review,"복수 카드 가격, 배송비 포함 여부 미확정, 묶음·세트 총액 · 개별 카드 가격 아님",exact,no,no,"OP09-048 / 쥬라큘 미호크 / SR - 2,000원"
91252357d8381916a8bc8cc8,onepiececardgame,원피스 카드게임,2026-08,2026-08-13T14:45:27+09:00,known,c6f21ac4b86f4644d8075440,91252357d8381916a8bc8cc8,107075,https://m.dcinside.com/board/onepiececardgame/107075,"EB03,13탄 / 02~12탄까지 SR SP 페레 여러가지 임리페",seller-8ad10b55fa52911e796a44cf,원딱러,registered,OP11-031 징베 SR,OP11-031 징베 SR,OP11-031 / 징베 / SR,,,buy,구매,1,2.000,2000,exact,bundle,text,unknown,,active,needs_review,needs_review,"복수 카드 가격, 배송비 포함 여부 미확정, 묶음·세트 총액 · 개별 카드 가격 아님",exact,no,no,"OP11-031 / 징베 / SR - 2,000원"
91370fc8084b29f8d44bd04a,onepiececardgame,원피스 카드게임,2026-08,2026-08-13T14:45:27+09:00,known,8bd5744f0406635ae896a97b,91370fc8084b29f8d44bd04a,107075,https://m.dcinside.com/board/onepiececardgame/107075,"EB03,13탄 / 02~12탄까지 SR SP 페레 여러가지 임리페",seller-8ad10b55fa52911e796a44cf,원딱러,registered,OP05-074 유스타스 키드 SR,OP05-074 유스타스 키드 SR,OP05-074 / 유스타스 키드 / SR,,,buy,구매,1,12.000,12000,exact,bundle,text,unknown,,active,needs_review,needs_review,"복수 카드 가격, 배송비 포함 여부 미확정, 묶음·세트 총액 · 개별 카드 가격 아님",exact,no,no,"OP05-074 / 유스타스 키드 / SR - 12,000원"
91fab6ae0c10563d2aba0947,onepiececardgame,원피스 카드게임,2026-08,2026-08-13T14:45:27+09:00,known,112efc2f27ad8e700a5ca268,91fab6ae0c10563d2aba0947,107075,https://m.dcinside.com/board/onepiececardgame/107075,"EB03,13탄 / 02~12탄까지 SR SP 페레 여러가지 임리페",seller-8ad10b55fa52911e796a44cf,원딱러,registered,OP12-030 쥬라큘 미호크 SR,OP12-030 쥬라큘 미호크 SR,OP12-030 / 쥬라큘 미호크 / SR,,,buy,구매,1,7.000,7000,exact,bundle,text,unknown,,active,needs_review,needs_review,"복수 카드 가격, 배송비 포함 여부 미확정, 묶음·세트 총액 · 개별 카드 가격 아님",exact,no,no,"OP12-030 / 쥬라큘 미호크 / SR - 7,000원"
9245906de3a3fa1f89150215,onepiececardgame,원피스 카드게임,2026-08,2026-08-13T14:45:27+09:00,known,f242051c7edee049c053135d,9245906de3a3fa1f89150215,107075,https://m.dcinside.com/board/onepiececardgame/107075,"EB03,13탄 / 02~12탄까지 SR SP 페레 여러가지 임리페",seller-8ad10b55fa52911e796a44cf,원딱러,registered,OP13-083 제이가르시아 새턴 성 R,OP13-083 제이가르시아 새턴 성 R,OP13-083 / 제이가르시아 새턴 성 / R,,,buy,구매,1,1.000,1000,exact,bundle,text,unknown,,active,needs_review,needs_review,"복수 카드 가격, 배송비 포함 여부 미확정, 묶음·세트 총액 · 개별 카드 가격 아님",exact,no,no,"OP13-083 / 제이가르시아 새턴 성 / R - 1,000원"
928e18ec0a390ca5a6b1fef0,onepiececardgame,원피스 카드게임,2026-08,2026-08-13T14:45:27+09:00,known,1301dae1389aa829e4d5f6a2,928e18ec0a390ca5a6b1fef0,107075,https://m.dcinside.com/board/onepiececardgame/107075,"EB03,13탄 / 02~12탄까지 SR SP 페레 여러가지 임리페",seller-8ad10b55fa52911e796a44cf,원딱러,registered,OP11-119 코비 SEC,OP11-119 코비 SEC,OP11-119 / 코비 / SEC,,,buy,구매,1,10.000,10000,exact,bundle,text,unknown,,active,needs_review,needs_review,"복수 카드 가격, 배송비 포함 여부 미확정, 묶음·세트 총액 · 개별 카드 가격 아님",exact,no,no,"OP11-119 / 코비 / SEC - 10,000원"
929b3bd6119370e9532ee87a,onepiececardgame,원피스 카드게임,2026-08,2026-08-13T14:45:27+09:00,known,941ead00176960a7ea0f65bf,929b3bd6119370e9532ee87a,107075,https://m.dcinside.com/board/onepiececardgame/107075,"EB03,13탄 / 02~12탄까지 SR SP 페레 여러가지 임리페",seller-8ad10b55fa52911e796a44cf,원딱러,registered,OP09-119 루피 SEC,OP09-119 루피 SEC,OP09-119 / 루피 / SEC,,,buy,구매,1,20.000,20000,exact,bundle,text,unknown,,active,needs_review,needs_review,"복수 카드 가격, 배송비 포함 여부 미확정, 묶음·세트 총액 · 개별 카드 가격 아님",exact,no,no,"OP09-119 / 루피 / SEC - 20,000원"
9372eaeaf0cf6704e4c6bef1,onepiececardgame,원피스 카드게임,2026-08,2026-08-13T14:45:27+09:00,known,332b3ce9d4b5bdcbf9f58621,9372eaeaf0cf6704e4c6bef1,107075,https://m.dcinside.com/board/onepiececardgame/107075,"EB03,13탄 / 02~12탄까지 SR SP 페레 여러가지 임리페",seller-8ad10b55fa52911e796a44cf,원딱러,registered,EB02-006 야마토 SR,EB02-006 야마토 SR,EB02-006 / 야마토 / SR,,,buy,구매,1,3.000,3000,exact,bundle,text,unknown,,active,needs_review,needs_review,"복수 카드 가격, 배송비 포함 여부 미확정, 묶음·세트 총액 · 개별 카드 가격 아님",exact,no,no,"EB02-006 / 야마토 / SR - 3,000원"
93d89e206059d5adc0fa7a38,onepiececardgame,원피스 카드게임,2026-08,2026-08-13T14:45:27+09:00,known,112efc2f27ad8e700a5ca268,93d89e206059d5adc0fa7a38,107075,https://m.dcinside.com/board/onepiececardgame/107075,"EB03,13탄 / 02~12탄까지 SR SP 페레 여러가지 임리페",seller-8ad10b55fa52911e796a44cf,원딱러,registered,OP09-119 루피 SEC,OP09-119 루피 SEC,OP09-119 / 루피 / SEC,,,buy,구매,1,20.000,20000,exact,bundle,text,unknown,,active,needs_review,needs_review,"복수 카드 가격, 배송비 포함 여부 미확정, 묶음·세트 총액 · 개별 카드 가격 아님",exact,no,no,"OP09-119 / 루피 / SEC - 20,000원"
93ed62414fa88de8f5a345a0,onepiececardgame,원피스 카드게임,2026-08,2026-08-13T14:45:27+09:00,known,1301dae1389aa829e4d5f6a2,93ed62414fa88de8f5a345a0,107075,https://m.dcinside.com/board/onepiececardgame/107075,"EB03,13탄 / 02~12탄까지 SR SP 페레 여러가지 임리페",seller-8ad10b55fa52911e796a44cf,원딱러,registered,PRB02-013 겟코 모리아 ★R,PRB02-013 겟코 모리아 ★R,PRB02-013 / 겟코 모리아 / ★R,,,buy,구매,1,10.000,10000,exact,bundle,text,unknown,,active,needs_review,needs_review,"복수 카드 가격, 배송비 포함 여부 미확정, 묶음·세트 총액 · 개별 카드 가격 아님",exact,no,no,"PRB02-013 / 겟코 모리아 / ★R - 10,000원"
940c7e682b444acdb67a2d49,onepiececardgame,원피스 카드게임,2026-08,2026-08-13T14:45:27+09:00,known,112efc2f27ad8e700a5ca268,940c7e682b444acdb67a2d49,107075,https://m.dcinside.com/board/onepiececardgame/107075,"EB03,13탄 / 02~12탄까지 SR SP 페레 여러가지 임리페",seller-8ad10b55fa52911e796a44cf,원딱러,registered,OP02-017 마스크드 듀스 SR★,OP02-017 마스크드 듀스 SR★,OP02-017 / 마스크드 듀스 / SR★,,,buy,구매,1,3.000,3000,exact,bundle,text,unknown,,active,needs_review,needs_review,"복수 카드 가격, 배송비 포함 여부 미확정, 묶음·세트 총액 · 개별 카드 가격 아님",exact,no,no,"OP02-017 / 마스크드 듀스 / SR★ - 3,000원"
944f1bab43e1555bf743edd1,onepiececardgame,원피스 카드게임,2026-08,2026-08-13T14:45:27+09:00,known,f242051c7edee049c053135d,944f1bab43e1555bf743edd1,107075,https://m.dcinside.com/board/onepiececardgame/107075,"EB03,13탄 / 02~12탄까지 SR SP 페레 여러가지 임리페",seller-8ad10b55fa52911e796a44cf,원딱러,registered,EB02-006 야마토 SR,EB02-006 야마토 SR,EB02-006 / 야마토 / SR,,,buy,구매,1,3.000,3000,exact,bundle,text,unknown,,active,needs_review,needs_review,"복수 카드 가격, 배송비 포함 여부 미확정, 묶음·세트 총액 · 개별 카드 가격 아님",exact,no,no,"EB02-006 / 야마토 / SR - 3,000원"
954f00873bace56d6f47da68,onepiececardgame,원피스 카드게임,2026-08,2026-08-13T14:45:27+09:00,known,1301dae1389aa829e4d5f6a2,954f00873bace56d6f47da68,107075,https://m.dcinside.com/board/onepiececardgame/107075,"EB03,13탄 / 02~12탄까지 SR SP 페레 여러가지 임리페",seller-8ad10b55fa52911e796a44cf,원딱러,registered,OP13-091 마커스 마즈 성 R,OP13-091 마커스 마즈 성 R,OP13-091 / 마커스 마즈 성 / R,,,buy,구매,1,1.000,1000,exact,bundle,text,unknown,,active,needs_review,needs_review,"복수 카드 가격, 배송비 포함 여부 미확정, 묶음·세트 총액 · 개별 카드 가격 아님",exact,no,no,"OP13-091 / 마커스 마즈 성 / R - 1,000원"
960cfd1766362ff7906ff970,onepiececardgame,원피스 카드게임,2026-08,2026-08-13T14:45:27+09:00,known,f242051c7edee049c053135d,960cfd1766362ff7906ff970,107075,https://m.dcinside.com/board/onepiececardgame/107075,"EB03,13탄 / 02~12탄까지 SR SP 페레 여러가지 임리페",seller-8ad10b55fa52911e796a44cf,원딱러,registered,PRB02-012 나미 R,PRB02-012 나미 R,PRB02-012 / 나미 / R,,,buy,구매,1,8.000,8000,exact,bundle,text,unknown,,active,needs_review,needs_review,"복수 카드 가격, 배송비 포함 여부 미확정, 묶음·세트 총액 · 개별 카드 가격 아님",exact,no,no,"PRB02-012 / 나미 / R - 8,000원"
96f4eafada12bb0a38e0ed73,onepiececardgame,원피스 카드게임,2026-08,2026-08-13T14:45:27+09:00,known,332b3ce9d4b5bdcbf9f58621,96f4eafada12bb0a38e0ed73,107075,https://m.dcinside.com/board/onepiececardgame/107075,"EB03,13탄 / 02~12탄까지 SR SP 페레 여러가지 임리페",seller-8ad10b55fa52911e796a44cf,원딱러,registered,OP07-064 상디 SR,OP07-064 상디 SR,OP07-064 / 상디 / SR,,,buy,구매,1,8.000,8000,exact,bundle,text,unknown,,active,needs_review,needs_review,"복수 카드 가격, 배송비 포함 여부 미확정, 묶음·세트 총액 · 개별 카드 가격 아님",exact,no,no,"OP07-064 / 상디 / SR - 8,000원"
97bde61367342a341d8d2e9d,onepiececardgame,원피스 카드게임,2026-08,2026-08-13T14:45:27+09:00,known,f242051c7edee049c053135d,97bde61367342a341d8d2e9d,107075,https://m.dcinside.com/board/onepiececardgame/107075,"EB03,13탄 / 02~12탄까지 SR SP 페레 여러가지 임리페",seller-8ad10b55fa52911e796a44cf,원딱러,registered,OP09-048 쥬라큘 미호크 SR,OP09-048 쥬라큘 미호크 SR,OP09-048 / 쥬라큘 미호크 / SR,,,buy,구매,1,2.000,2000,exact,bundle,text,unknown,,active,needs_review,needs_review,"복수 카드 가격, 배송비 포함 여부 미확정, 묶음·세트 총액 · 개별 카드 가격 아님",exact,no,no,"OP09-048 / 쥬라큘 미호크 / SR - 2,000원"
97f0d40fccbebf9aa349f3ca,onepiececardgame,원피스 카드게임,2026-08,2026-08-13T14:45:27+09:00,known,112efc2f27ad8e700a5ca268,97f0d40fccbebf9aa349f3ca,107075,https://m.dcinside.com/board/onepiececardgame/107075,"EB03,13탄 / 02~12탄까지 SR SP 페레 여러가지 임리페",seller-8ad10b55fa52911e796a44cf,원딱러,registered,PRB02-013 겟코 모리아 ★R,PRB02-013 겟코 모리아 ★R,PRB02-013 / 겟코 모리아 / ★R,,,buy,구매,1,10.000,10000,exact,bundle,text,unknown,,active,needs_review,needs_review,"복수 카드 가격, 배송비 포함 여부 미확정, 묶음·세트 총액 · 개별 카드 가격 아님",exact,no,no,"PRB02-013 / 겟코 모리아 / ★R - 10,000원"
9883b5fb5a3f899ac8ce1198,onepiececardgame,원피스 카드게임,2026-08,2026-08-13T14:45:27+09:00,known,c6f21ac4b86f4644d8075440,9883b5fb5a3f899ac8ce1198,107075,https://m.dcinside.com/board/onepiececardgame/107075,"EB03,13탄 / 02~12탄까지 SR SP 페레 여러가지 임리페",seller-8ad10b55fa52911e796a44cf,원딱러,registered,PRB02-010 샬롯 푸딩 ★SR,PRB02-010 샬롯 푸딩 ★SR,PRB02-010 / 샬롯 푸딩 / ★SR,,,buy,구매,1,26.000,26000,exact,bundle,text,unknown,,active,needs_review,needs_review,"복수 카드 가격, 배송비 포함 여부 미확정, 묶음·세트 총액 · 개별 카드 가격 아님",exact,no,no,"PRB02-010 / 샬롯 푸딩 / ★SR - 26,000원"
9a1215919adea6b088298898,onepiececardgame,원피스 카드게임,2026-08,2026-08-13T14:45:27+09:00,known,5db0adc0d27938f45393f016,9a1215919adea6b088298898,107075,https://m.dcinside.com/board/onepiececardgame/107075,"EB03,13탄 / 02~12탄까지 SR SP 페레 여러가지 임리페",seller-8ad10b55fa52911e796a44cf,원딱러,registered,OP13-079 임 ★L,OP13-079 임 ★L,OP13-079 / 임 / ★L,,,buy,구매,1,55.000,55000,exact,bundle,text,unknown,,active,needs_review,needs_review,"복수 카드 가격, 배송비 포함 여부 미확정, 묶음·세트 총액 · 개별 카드 가격 아님",exact,no,no,"OP13-079 / 임 / ★L - 55,000원"
9c0bafae5f6857376cbbf112,onepiececardgame,원피스 카드게임,2026-08,2026-08-13T14:45:27+09:00,known,f242051c7edee049c053135d,9c0bafae5f6857376cbbf112,107075,https://m.dcinside.com/board/onepiececardgame/107075,"EB03,13탄 / 02~12탄까지 SR SP 페레 여러가지 임리페",seller-8ad10b55fa52911e796a44cf,원딱러,registered,OP05-074 유스타스 키드 SR,OP05-074 유스타스 키드 SR,OP05-074 / 유스타스 키드 / SR,,,buy,구매,1,12.000,12000,exact,bundle,text,unknown,,active,needs_review,needs_review,"복수 카드 가격, 배송비 포함 여부 미확정, 묶음·세트 총액 · 개별 카드 가격 아님",exact,no,no,"OP05-074 / 유스타스 키드 / SR - 12,000원"
9f683d80eb1893eb949b277c,onepiececardgame,원피스 카드게임,2026-08,2026-08-13T14:45:27+09:00,known,332b3ce9d4b5bdcbf9f58621,9f683d80eb1893eb949b277c,107075,https://m.dcinside.com/board/onepiececardgame/107075,"EB03,13탄 / 02~12탄까지 SR SP 페레 여러가지 임리페",seller-8ad10b55fa52911e796a44cf,원딱러,registered,EB02-056 베가펑크 SR,EB02-056 베가펑크 SR,EB02-056 / 베가펑크 / SR,,,buy,구매,1,3.000,3000,exact,bundle,text,unknown,,active,needs_review,needs_review,"복수 카드 가격, 배송비 포함 여부 미확정, 묶음·세트 총액 · 개별 카드 가격 아님",exact,no,no,"EB02-056 / 베가펑크 / SR - 3,000원"
9fda23181e9760d70fed2939,onepiececardgame,원피스 카드게임,2026-08,2026-08-13T14:45:27+09:00,known,f242051c7edee049c053135d,9fda23181e9760d70fed2939,107075,https://m.dcinside.com/board/onepiececardgame/107075,"EB03,13탄 / 02~12탄까지 SR SP 페레 여러가지 임리페",seller-8ad10b55fa52911e796a44cf,원딱러,registered,OP09-119 루피 SEC,OP09-119 루피 SEC,OP09-119 / 루피 / SEC,,,buy,구매,1,20.000,20000,exact,bundle,text,unknown,,active,needs_review,needs_review,"복수 카드 가격, 배송비 포함 여부 미확정, 묶음·세트 총액 · 개별 카드 가격 아님",exact,no,no,"OP09-119 / 루피 / SEC - 20,000원"
a008adbe3f98af078545a439,onepiececardgame,원피스 카드게임,2026-08,2026-08-13T14:45:27+09:00,known,112efc2f27ad8e700a5ca268,a008adbe3f98af078545a439,107075,https://m.dcinside.com/board/onepiececardgame/107075,"EB03,13탄 / 02~12탄까지 SR SP 페레 여러가지 임리페",seller-8ad10b55fa52911e796a44cf,원딱러,registered,OP13-082 오로성 ★SR,OP13-082 오로성 ★SR,OP13-082 / 오로성 / ★SR,,,buy,구매,1,55.000,55000,exact,bundle,text,unknown,,active,needs_review,needs_review,"복수 카드 가격, 배송비 포함 여부 미확정, 묶음·세트 총액 · 개별 카드 가격 아님",exact,no,no,"OP13-082 / 오로성 / ★SR - 55,000원"
a1963d72b5d15b6379753d3b,onepiececardgame,원피스 카드게임,2026-08,2026-08-13T14:45:27+09:00,known,112efc2f27ad8e700a5ca268,a1963d72b5d15b6379753d3b,107075,https://m.dcinside.com/board/onepiececardgame/107075,"EB03,13탄 / 02~12탄까지 SR SP 페레 여러가지 임리페",seller-8ad10b55fa52911e796a44cf,원딱러,registered,EB03-031 빈스모크 레이주 ★SR,EB03-031 빈스모크 레이주 ★SR,EB03-031 / 빈스모크 레이주 / ★SR,,,buy,구매,1,18.000,18000,exact,bundle,text,unknown,,active,needs_review,needs_review,"복수 카드 가격, 배송비 포함 여부 미확정, 묶음·세트 총액 · 개별 카드 가격 아님",exact,no,no,"EB03-031 / 빈스모크 레이주 / ★SR - 18,000원"
a1ba99c09d221c6099d86896,onepiececardgame,원피스 카드게임,2026-08,2026-08-13T14:45:27+09:00,known,f242051c7edee049c053135d,a1ba99c09d221c6099d86896,107075,https://m.dcinside.com/board/onepiececardgame/107075,"EB03,13탄 / 02~12탄까지 SR SP 페레 여러가지 임리페",seller-8ad10b55fa52911e796a44cf,원딱러,registered,EB03-031 빈스모크 레이주 ★SR,EB03-031 빈스모크 레이주 ★SR,EB03-031 / 빈스모크 레이주 / ★SR,,,buy,구매,1,18.000,18000,exact,bundle,text,unknown,,active,needs_review,needs_review,"복수 카드 가격, 배송비 포함 여부 미확정, 묶음·세트 총액 · 개별 카드 가격 아님",exact,no,no,"EB03-031 / 빈스모크 레이주 / ★SR - 18,000원"
a2e5ab9224874b46e07e17e1,onepiececardgame,원피스 카드게임,2026-08,2026-08-13T14:45:27+09:00,known,112efc2f27ad8e700a5ca268,a2e5ab9224874b46e07e17e1,107075,https://m.dcinside.com/board/onepiececardgame/107075,"EB03,13탄 / 02~12탄까지 SR SP 페레 여러가지 임리페",seller-8ad10b55fa52911e796a44cf,원딱러,registered,OP13-079 임 ★L,OP13-079 임 ★L,OP13-079 / 임 / ★L,,,buy,구매,1,55.000,55000,exact,bundle,text,unknown,,active,needs_review,needs_review,"복수 카드 가격, 배송비 포함 여부 미확정, 묶음·세트 총액 · 개별 카드 가격 아님",exact,no,no,"OP13-079 / 임 / ★L - 55,000원"
a516f3f241ac7fc8023a72a1,onepiececardgame,원피스 카드게임,2026-08,2026-08-13T14:45:27+09:00,known,5db0adc0d27938f45393f016,a516f3f241ac7fc8023a72a1,107075,https://m.dcinside.com/board/onepiececardgame/107075,"EB03,13탄 / 02~12탄까지 SR SP 페레 여러가지 임리페",seller-8ad10b55fa52911e796a44cf,원딱러,registered,OP07-072 포르체 SR,OP07-072 포르체 SR,OP07-072 / 포르체 / SR,,,buy,구매,1,2.000,2000,exact,bundle,text,unknown,,active,needs_review,needs_review,"복수 카드 가격, 배송비 포함 여부 미확정, 묶음·세트 총액 · 개별 카드 가격 아님",exact,no,no,"OP07-072 / 포르체 / SR - 2,000원"
a56fab72ab48fc0f2f8b4911,onepiececardgame,원피스 카드게임,2026-08,2026-08-13T14:45:27+09:00,known,332b3ce9d4b5bdcbf9f58621,a56fab72ab48fc0f2f8b4911,107075,https://m.dcinside.com/board/onepiececardgame/107075,"EB03,13탄 / 02~12탄까지 SR SP 페레 여러가지 임리페",seller-8ad10b55fa52911e796a44cf,원딱러,registered,OP09-048 쥬라큘 미호크 SR,OP09-048 쥬라큘 미호크 SR,OP09-048 / 쥬라큘 미호크 / SR,,,buy,구매,1,2.000,2000,exact,bundle,text,unknown,,active,needs_review,needs_review,"복수 카드 가격, 배송비 포함 여부 미확정, 묶음·세트 총액 · 개별 카드 가격 아님",exact,no,no,"OP09-048 / 쥬라큘 미호크 / SR - 2,000원"
a5d11f55b0c84ef18ed9a53d,onepiececardgame,원피스 카드게임,2026-08,2026-08-13T14:45:27+09:00,known,f242051c7edee049c053135d,a5d11f55b0c84ef18ed9a53d,107075,https://m.dcinside.com/board/onepiececardgame/107075,"EB03,13탄 / 02~12탄까지 SR SP 페레 여러가지 임리페",seller-8ad10b55fa52911e796a44cf,원딱러,registered,OP12-030 쥬라큘 미호크 SR,OP12-030 쥬라큘 미호크 SR,OP12-030 / 쥬라큘 미호크 / SR,,,buy,구매,1,7.000,7000,exact,bundle,text,unknown,,active,needs_review,needs_review,"복수 카드 가격, 배송비 포함 여부 미확정, 묶음·세트 총액 · 개별 카드 가격 아님",exact,no,no,"OP12-030 / 쥬라큘 미호크 / SR - 7,000원"
a6d6ab71fabcb3c751cb6091,onepiececardgame,원피스 카드게임,2026-08,2026-08-13T14:45:27+09:00,known,332b3ce9d4b5bdcbf9f58621,a6d6ab71fabcb3c751cb6091,107075,https://m.dcinside.com/board/onepiececardgame/107075,"EB03,13탄 / 02~12탄까지 SR SP 페레 여러가지 임리페",seller-8ad10b55fa52911e796a44cf,원딱러,registered,OP13-119 포트거스 D. 에이스 SEC,OP13-119 포트거스 D. 에이스 SEC,OP13-119 / 포트거스 D. 에이스 / SEC,,,buy,구매,1,11.000,11000,exact,bundle,text,unknown,,active,needs_review,needs_review,"복수 카드 가격, 배송비 포함 여부 미확정, 묶음·세트 총액 · 개별 카드 가격 아님",exact,no,no,"OP13-119 / 포트거스 D. 에이스 / SEC - 11,000원"
a9400f94fb2bff48f3635ef9,onepiececardgame,원피스 카드게임,2026-08,2026-08-13T14:45:27+09:00,known,c6f21ac4b86f4644d8075440,a9400f94fb2bff48f3635ef9,107075,https://m.dcinside.com/board/onepiececardgame/107075,"EB03,13탄 / 02~12탄까지 SR SP 페레 여러가지 임리페",seller-8ad10b55fa52911e796a44cf,원딱러,registered,OP13-084 셰퍼드 주. 피터 성 ★R,OP13-084 셰퍼드 주. 피터 성 ★R,OP13-084 / 셰퍼드 주. 피터 성 / ★R,,,buy,구매,1,33.000,33000,exact,bundle,text,unknown,,active,needs_review,needs_review,"복수 카드 가격, 배송비 포함 여부 미확정, 묶음·세트 총액 · 개별 카드 가격 아님",exact,no,no,"OP13-084 / 셰퍼드 주. 피터 성 / ★R - 33,000원"
a9b6152d777202540d5f4014,onepiececardgame,원피스 카드게임,2026-08,2026-08-13T14:45:27+09:00,known,112efc2f27ad8e700a5ca268,a9b6152d777202540d5f4014,107075,https://m.dcinside.com/board/onepiececardgame/107075,"EB03,13탄 / 02~12탄까지 SR SP 페레 여러가지 임리페",seller-8ad10b55fa52911e796a44cf,원딱러,registered,OP13-119 포트거스 D. 에이스 SEC,OP13-119 포트거스 D. 에이스 SEC,OP13-119 / 포트거스 D. 에이스 / SEC,,,buy,구매,1,11.000,11000,exact,bundle,text,unknown,,active,needs_review,needs_review,"복수 카드 가격, 배송비 포함 여부 미확정, 묶음·세트 총액 · 개별 카드 가격 아님",exact,no,no,"OP13-119 / 포트거스 D. 에이스 / SEC - 11,000원"
aa4bb459192b6d4eb35fe474,onepiececardgame,원피스 카드게임,2026-08,2026-08-13T14:45:27+09:00,known,5db0adc0d27938f45393f016,aa4bb459192b6d4eb35fe474,107075,https://m.dcinside.com/board/onepiececardgame/107075,"EB03,13탄 / 02~12탄까지 SR SP 페레 여러가지 임리페",seller-8ad10b55fa52911e796a44cf,원딱러,registered,EB03-053 니코 로빈 SR,EB03-053 니코 로빈 SR,EB03-053 / 니코 로빈 / SR,,,buy,구매,1,10.000,10000,exact,bundle,text,unknown,,active,needs_review,needs_review,"복수 카드 가격, 배송비 포함 여부 미확정, 묶음·세트 총액 · 개별 카드 가격 아님",exact,no,no,"EB03-053 / 니코 로빈 / SR - 10,000원"
aaa574f71bfa782f3b516beb,onepiececardgame,원피스 카드게임,2026-08,2026-08-13T14:45:27+09:00,known,8bd5744f0406635ae896a97b,aaa574f71bfa782f3b516beb,107075,https://m.dcinside.com/board/onepiececardgame/107075,"EB03,13탄 / 02~12탄까지 SR SP 페레 여러가지 임리페",seller-8ad10b55fa52911e796a44cf,원딱러,registered,EB03-062 트라팔가 로 ★SEC,EB03-062 트라팔가 로 ★SEC,EB03-062 / 트라팔가 로 / ★SEC,,,buy,구매,1,32.000,32000,exact,bundle,text,unknown,,active,needs_review,needs_review,"복수 카드 가격, 배송비 포함 여부 미확정, 묶음·세트 총액 · 개별 카드 가격 아님",exact,no,no,"EB03-062 / 트라팔가 로 / ★SEC - 32,000원"
ab55438f4e35efbaae9fae8e,onepiececardgame,원피스 카드게임,2026-08,2026-08-13T14:45:27+09:00,known,8bd5744f0406635ae896a97b,ab55438f4e35efbaae9fae8e,107075,https://m.dcinside.com/board/onepiececardgame/107075,"EB03,13탄 / 02~12탄까지 SR SP 페레 여러가지 임리페",seller-8ad10b55fa52911e796a44cf,원딱러,registered,OP09-119 루피 SEC,OP09-119 루피 SEC,OP09-119 / 루피 / SEC,,,buy,구매,1,20.000,20000,exact,bundle,text,unknown,,active,needs_review,needs_review,"복수 카드 가격, 배송비 포함 여부 미확정, 묶음·세트 총액 · 개별 카드 가격 아님",exact,no,no,"OP09-119 / 루피 / SEC - 20,000원"
ac49a1340e1ec5292d202e67,onepiececardgame,원피스 카드게임,2026-08,2026-08-13T14:45:27+09:00,known,f242051c7edee049c053135d,ac49a1340e1ec5292d202e67,107075,https://m.dcinside.com/board/onepiececardgame/107075,"EB03,13탄 / 02~12탄까지 SR SP 페레 여러가지 임리페",seller-8ad10b55fa52911e796a44cf,원딱러,registered,OP02-036 나미 SR,OP02-036 나미 SR,OP02-036 / 나미 / SR,,,buy,구매,1,5.000,5000,exact,bundle,text,unknown,,active,needs_review,needs_review,"복수 카드 가격, 배송비 포함 여부 미확정, 묶음·세트 총액 · 개별 카드 가격 아님",exact,no,no,"OP02-036 / 나미 / SR - 5,000원"
ac98ff1398bb53e28e2b85e5,onepiececardgame,원피스 카드게임,2026-08,2026-08-13T14:45:27+09:00,known,c6f21ac4b86f4644d8075440,ac98ff1398bb53e28e2b85e5,107075,https://m.dcinside.com/board/onepiececardgame/107075,"EB03,13탄 / 02~12탄까지 SR SP 페레 여러가지 임리페",seller-8ad10b55fa52911e796a44cf,원딱러,registered,OP08-069 샬롯 링링 SR,OP08-069 샬롯 링링 SR,OP08-069 / 샬롯 링링 / SR,,,buy,구매,1,15.000,15000,exact,bundle,text,unknown,,active,needs_review,needs_review,"복수 카드 가격, 배송비 포함 여부 미확정, 묶음·세트 총액 · 개별 카드 가격 아님",exact,no,no,"OP08-069 / 샬롯 링링 / SR - 15,000원"
acc2ae80d74d987ab1882223,onepiececardgame,원피스 카드게임,2026-08,2026-08-13T14:45:27+09:00,known,112efc2f27ad8e700a5ca268,acc2ae80d74d987ab1882223,107075,https://m.dcinside.com/board/onepiececardgame/107075,"EB03,13탄 / 02~12탄까지 SR SP 페레 여러가지 임리페",seller-8ad10b55fa52911e796a44cf,원딱러,registered,OP12-063 빈스모크 레이주 SR,OP12-063 빈스모크 레이주 SR,OP12-063 / 빈스모크 레이주 / SR,,,buy,구매,1,13.000,13000,exact,bundle,text,unknown,,active,needs_review,needs_review,"복수 카드 가격, 배송비 포함 여부 미확정, 묶음·세트 총액 · 개별 카드 가격 아님",exact,no,no,"OP12-063 / 빈스모크 레이주 / SR - 13,000원"
ad5b2f8bd1e18a85839fd2f6,onepiececardgame,원피스 카드게임,2026-08,2026-08-13T14:45:27+09:00,known,112efc2f27ad8e700a5ca268,ad5b2f8bd1e18a85839fd2f6,107075,https://m.dcinside.com/board/onepiececardgame/107075,"EB03,13탄 / 02~12탄까지 SR SP 페레 여러가지 임리페",seller-8ad10b55fa52911e796a44cf,원딱러,registered,OP11-031 징베 SR,OP11-031 징베 SR,OP11-031 / 징베 / SR,,,buy,구매,1,2.000,2000,exact,bundle,text,unknown,,active,needs_review,needs_review,"복수 카드 가격, 배송비 포함 여부 미확정, 묶음·세트 총액 · 개별 카드 가격 아님",exact,no,no,"OP11-031 / 징베 / SR - 2,000원"
af7a7b827677221fc7fefe6a,onepiececardgame,원피스 카드게임,2026-08,2026-08-13T14:45:27+09:00,known,5db0adc0d27938f45393f016,af7a7b827677221fc7fefe6a,107075,https://m.dcinside.com/board/onepiececardgame/107075,"EB03,13탄 / 02~12탄까지 SR SP 페레 여러가지 임리페",seller-8ad10b55fa52911e796a44cf,원딱러,registered,OP13-080 에단바론 V. 나스쥬로 성 R,OP13-080 에단바론 V. 나스쥬로 성 R,OP13-080 / 에단바론 V. 나스쥬로 성 / R,,,buy,구매,1,1.000,1000,exact,bundle,text,unknown,,active,needs_review,needs_review,"복수 카드 가격, 배송비 포함 여부 미확정, 묶음·세트 총액 · 개별 카드 가격 아님",exact,no,no,"OP13-080 / 에단바론 V. 나스쥬로 성 / R - 1,000원"
b009104d6d8b163eb01b0be9,onepiececardgame,원피스 카드게임,2026-08,2026-08-13T14:45:27+09:00,known,941ead00176960a7ea0f65bf,b009104d6d8b163eb01b0be9,107075,https://m.dcinside.com/board/onepiececardgame/107075,"EB03,13탄 / 02~12탄까지 SR SP 페레 여러가지 임리페",seller-8ad10b55fa52911e796a44cf,원딱러,registered,OP13-089 토프먼 워큐리 성 R,OP13-089 토프먼 워큐리 성 R,OP13-089 / 토프먼 워큐리 성 / R,,,buy,구매,1,1.000,1000,exact,bundle,text,unknown,,active,needs_review,needs_review,"복수 카드 가격, 배송비 포함 여부 미확정, 묶음·세트 총액 · 개별 카드 가격 아님",exact,no,no,"OP13-089 / 토프먼 워큐리 성 / R - 1,000원"
b3388074f4031ddfd638d79d,onepiececardgame,원피스 카드게임,2026-08,2026-08-13T14:45:27+09:00,known,c6f21ac4b86f4644d8075440,b3388074f4031ddfd638d79d,107075,https://m.dcinside.com/board/onepiececardgame/107075,"EB03,13탄 / 02~12탄까지 SR SP 페레 여러가지 임리페",seller-8ad10b55fa52911e796a44cf,원딱러,registered,OP02-036 나미 SR,OP02-036 나미 SR,OP02-036 / 나미 / SR,,,buy,구매,1,5.000,5000,exact,bundle,text,unknown,,active,needs_review,needs_review,"복수 카드 가격, 배송비 포함 여부 미확정, 묶음·세트 총액 · 개별 카드 가격 아님",exact,no,no,"OP02-036 / 나미 / SR - 5,000원"
b33e2b1ab05412dfc43a8755,onepiececardgame,원피스 카드게임,2026-08,2026-08-13T14:45:27+09:00,known,332b3ce9d4b5bdcbf9f58621,b33e2b1ab05412dfc43a8755,107075,https://m.dcinside.com/board/onepiececardgame/107075,"EB03,13탄 / 02~12탄까지 SR SP 페레 여러가지 임리페",seller-8ad10b55fa52911e796a44cf,원딱러,registered,OP09-072 프랑키 SR,OP09-072 프랑키 SR,OP09-072 / 프랑키 / SR,,,buy,구매,1,2.000,2000,exact,bundle,text,unknown,,active,needs_review,needs_review,"복수 카드 가격, 배송비 포함 여부 미확정, 묶음·세트 총액 · 개별 카드 가격 아님",exact,no,no,"OP09-072 / 프랑키 / SR - 2,000원"
b4d458f93a70bdeb9598dbeb,onepiececardgame,원피스 카드게임,2026-08,2026-08-13T14:45:27+09:00,known,c6f21ac4b86f4644d8075440,b4d458f93a70bdeb9598dbeb,107075,https://m.dcinside.com/board/onepiececardgame/107075,"EB03,13탄 / 02~12탄까지 SR SP 페레 여러가지 임리페",seller-8ad10b55fa52911e796a44cf,원딱러,registered,OP02-017 마스크드 듀스 SR★,OP02-017 마스크드 듀스 SR★,OP02-017 / 마스크드 듀스 / SR★,,,buy,구매,1,3.000,3000,exact,bundle,text,unknown,,active,needs_review,needs_review,"복수 카드 가격, 배송비 포함 여부 미확정, 묶음·세트 총액 · 개별 카드 가격 아님",exact,no,no,"OP02-017 / 마스크드 듀스 / SR★ - 3,000원"
b630c9eb5e1ea2ebb683b629,onepiececardgame,원피스 카드게임,2026-08,2026-08-13T14:45:27+09:00,known,8bd5744f0406635ae896a97b,b630c9eb5e1ea2ebb683b629,107075,https://m.dcinside.com/board/onepiececardgame/107075,"EB03,13탄 / 02~12탄까지 SR SP 페레 여러가지 임리페",seller-8ad10b55fa52911e796a44cf,원딱러,registered,OP12-056 몽키 D. 가프 SR,OP12-056 몽키 D. 가프 SR,OP12-056 / 몽키 D. 가프 / SR,,,buy,구매,1,1.000,1000,exact,bundle,text,unknown,,active,needs_review,needs_review,"복수 카드 가격, 배송비 포함 여부 미확정, 묶음·세트 총액 · 개별 카드 가격 아님",exact,no,no,"OP12-056 / 몽키 D. 가프 / SR - 1,000원"
b63c081126cc92835c97073d,onepiececardgame,원피스 카드게임,2026-08,2026-08-13T14:45:27+09:00,known,f242051c7edee049c053135d,b63c081126cc92835c97073d,107075,https://m.dcinside.com/board/onepiececardgame/107075,"EB03,13탄 / 02~12탄까지 SR SP 페레 여러가지 임리페",seller-8ad10b55fa52911e796a44cf,원딱러,registered,OP12-063 빈스모크 레이주 SR,OP12-063 빈스모크 레이주 SR,OP12-063 / 빈스모크 레이주 / SR,,,buy,구매,1,13.000,13000,exact,bundle,text,unknown,,active,needs_review,needs_review,"복수 카드 가격, 배송비 포함 여부 미확정, 묶음·세트 총액 · 개별 카드 가격 아님",exact,no,no,"OP12-063 / 빈스모크 레이주 / SR - 13,000원"
b655b62fc1fe803195edbef2,onepiececardgame,원피스 카드게임,2026-08,2026-08-13T14:45:27+09:00,known,5db0adc0d27938f45393f016,b655b62fc1fe803195edbef2,107075,https://m.dcinside.com/board/onepiececardgame/107075,"EB03,13탄 / 02~12탄까지 SR SP 페레 여러가지 임리페",seller-8ad10b55fa52911e796a44cf,원딱러,registered,OP13-084 셰퍼드 주. 피터 성 ★R,OP13-084 셰퍼드 주. 피터 성 ★R,OP13-084 / 셰퍼드 주. 피터 성 / ★R,,,buy,구매,1,33.000,33000,exact,bundle,text,unknown,,active,needs_review,needs_review,"복수 카드 가격, 배송비 포함 여부 미확정, 묶음·세트 총액 · 개별 카드 가격 아님",exact,no,no,"OP13-084 / 셰퍼드 주. 피터 성 / ★R - 33,000원"
b6b7059f367044d2d7011691,onepiececardgame,원피스 카드게임,2026-08,2026-08-13T14:45:27+09:00,known,c6f21ac4b86f4644d8075440,b6b7059f367044d2d7011691,107075,https://m.dcinside.com/board/onepiececardgame/107075,"EB03,13탄 / 02~12탄까지 SR SP 페레 여러가지 임리페",seller-8ad10b55fa52911e796a44cf,원딱러,registered,ST-01-012 루피 ★SR,ST-01-012 루피 ★SR,ST-01-012 / 루피 / ★SR,,,buy,구매,1,82.000,82000,exact,bundle,text,unknown,,active,needs_review,needs_review,"복수 카드 가격, 배송비 포함 여부 미확정, 묶음·세트 총액 · 개별 카드 가격 아님",exact,no,no,"ST-01-012 / 루피 / ★SR - 82,000원"
b6cfafdcf141f221975daaaf,onepiececardgame,원피스 카드게임,2026-08,2026-08-13T14:45:27+09:00,known,5db0adc0d27938f45393f016,b6cfafdcf141f221975daaaf,107075,https://m.dcinside.com/board/onepiececardgame/107075,"EB03,13탄 / 02~12탄까지 SR SP 페레 여러가지 임리페",seller-8ad10b55fa52911e796a44cf,원딱러,registered,OP09-072 프랑키 SR,OP09-072 프랑키 SR,OP09-072 / 프랑키 / SR,,,buy,구매,1,2.000,2000,exact,bundle,text,unknown,,active,needs_review,needs_review,"복수 카드 가격, 배송비 포함 여부 미확정, 묶음·세트 총액 · 개별 카드 가격 아님",exact,no,no,"OP09-072 / 프랑키 / SR - 2,000원"
b7938f7e42f63355e938406c,onepiececardgame,원피스 카드게임,2026-08,2026-08-13T14:45:27+09:00,known,332b3ce9d4b5bdcbf9f58621,b7938f7e42f63355e938406c,107075,https://m.dcinside.com/board/onepiececardgame/107075,"EB03,13탄 / 02~12탄까지 SR SP 페레 여러가지 임리페",seller-8ad10b55fa52911e796a44cf,원딱러,registered,OP13-079 임 ★L,OP13-079 임 ★L,OP13-079 / 임 / ★L,,,buy,구매,1,55.000,55000,exact,bundle,text,unknown,,active,needs_review,needs_review,"복수 카드 가격, 배송비 포함 여부 미확정, 묶음·세트 총액 · 개별 카드 가격 아님",exact,no,no,"OP13-079 / 임 / ★L - 55,000원"
b8620c205860053b4833e315,onepiececardgame,원피스 카드게임,2026-08,2026-08-13T14:45:27+09:00,known,112efc2f27ad8e700a5ca268,b8620c205860053b4833e315,107075,https://m.dcinside.com/board/onepiececardgame/107075,"EB03,13탄 / 02~12탄까지 SR SP 페레 여러가지 임리페",seller-8ad10b55fa52911e796a44cf,원딱러,registered,OP09-048 쥬라큘 미호크 SR,OP09-048 쥬라큘 미호크 SR,OP09-048 / 쥬라큘 미호크 / SR,,,buy,구매,1,2.000,2000,exact,bundle,text,unknown,,active,needs_review,needs_review,"복수 카드 가격, 배송비 포함 여부 미확정, 묶음·세트 총액 · 개별 카드 가격 아님",exact,no,no,"OP09-048 / 쥬라큘 미호크 / SR - 2,000원"
b86351249cc9d2db0f808752,onepiececardgame,원피스 카드게임,2026-08,2026-08-13T14:45:27+09:00,known,1301dae1389aa829e4d5f6a2,b86351249cc9d2db0f808752,107075,https://m.dcinside.com/board/onepiececardgame/107075,"EB03,13탄 / 02~12탄까지 SR SP 페레 여러가지 임리페",seller-8ad10b55fa52911e796a44cf,원딱러,registered,EB03-053 니코 로빈 SR,EB03-053 니코 로빈 SR,EB03-053 / 니코 로빈 / SR,,,buy,구매,1,10.000,10000,exact,bundle,text,unknown,,active,needs_review,needs_review,"복수 카드 가격, 배송비 포함 여부 미확정, 묶음·세트 총액 · 개별 카드 가격 아님",exact,no,no,"EB03-053 / 니코 로빈 / SR - 10,000원"
bb163b4c0579e40a92092a8b,onepiececardgame,원피스 카드게임,2026-08,2026-08-13T14:45:27+09:00,known,1301dae1389aa829e4d5f6a2,bb163b4c0579e40a92092a8b,107075,https://m.dcinside.com/board/onepiececardgame/107075,"EB03,13탄 / 02~12탄까지 SR SP 페레 여러가지 임리페",seller-8ad10b55fa52911e796a44cf,원딱러,registered,OP12-030 쥬라큘 미호크 SR,OP12-030 쥬라큘 미호크 SR,OP12-030 / 쥬라큘 미호크 / SR,,,buy,구매,1,7.000,7000,exact,bundle,text,unknown,,active,needs_review,needs_review,"복수 카드 가격, 배송비 포함 여부 미확정, 묶음·세트 총액 · 개별 카드 가격 아님",exact,no,no,"OP12-030 / 쥬라큘 미호크 / SR - 7,000원"
bb513fa5609a9d204218610a,onepiececardgame,원피스 카드게임,2026-08,2026-08-13T14:45:27+09:00,known,8bd5744f0406635ae896a97b,bb513fa5609a9d204218610a,107075,https://m.dcinside.com/board/onepiececardgame/107075,"EB03,13탄 / 02~12탄까지 SR SP 페레 여러가지 임리페",seller-8ad10b55fa52911e796a44cf,원딱러,registered,OP02-036 나미 SR,OP02-036 나미 SR,OP02-036 / 나미 / SR,,,buy,구매,1,5.000,5000,exact,bundle,text,unknown,,active,needs_review,needs_review,"복수 카드 가격, 배송비 포함 여부 미확정, 묶음·세트 총액 · 개별 카드 가격 아님",exact,no,no,"OP02-036 / 나미 / SR - 5,000원"
bc466d945be6978e9c7bd335,onepiececardgame,원피스 카드게임,2026-08,2026-08-13T14:45:27+09:00,known,5db0adc0d27938f45393f016,bc466d945be6978e9c7bd335,107075,https://m.dcinside.com/board/onepiececardgame/107075,"EB03,13탄 / 02~12탄까지 SR SP 페레 여러가지 임리페",seller-8ad10b55fa52911e796a44cf,원딱러,registered,OP02-036 나미 SR,OP02-036 나미 SR,OP02-036 / 나미 / SR,,,buy,구매,1,5.000,5000,exact,bundle,text,unknown,,active,needs_review,needs_review,"복수 카드 가격, 배송비 포함 여부 미확정, 묶음·세트 총액 · 개별 카드 가격 아님",exact,no,no,"OP02-036 / 나미 / SR - 5,000원"
bcd7ac508951631dfd2d98ca,onepiececardgame,원피스 카드게임,2026-08,2026-08-13T14:45:27+09:00,known,112efc2f27ad8e700a5ca268,bcd7ac508951631dfd2d98ca,107075,https://m.dcinside.com/board/onepiececardgame/107075,"EB03,13탄 / 02~12탄까지 SR SP 페레 여러가지 임리페",seller-8ad10b55fa52911e796a44cf,원딱러,registered,OP13-080 에단바론 V. 나스쥬로 성 R,OP13-080 에단바론 V. 나스쥬로 성 R,OP13-080 / 에단바론 V. 나스쥬로 성 / R,,,buy,구매,1,1.000,1000,exact,bundle,text,unknown,,active,needs_review,needs_review,"복수 카드 가격, 배송비 포함 여부 미확정, 묶음·세트 총액 · 개별 카드 가격 아님",exact,no,no,"OP13-080 / 에단바론 V. 나스쥬로 성 / R - 1,000원"
bcdeca9e703c92b3b5bee20f,onepiececardgame,원피스 카드게임,2026-08,2026-08-13T14:45:27+09:00,known,1301dae1389aa829e4d5f6a2,bcdeca9e703c92b3b5bee20f,107075,https://m.dcinside.com/board/onepiececardgame/107075,"EB03,13탄 / 02~12탄까지 SR SP 페레 여러가지 임리페",seller-8ad10b55fa52911e796a44cf,원딱러,registered,OP13-119 포트거스 D. 에이스 SEC,OP13-119 포트거스 D. 에이스 SEC,OP13-119 / 포트거스 D. 에이스 / SEC,,,buy,구매,1,11.000,11000,exact,bundle,text,unknown,,active,needs_review,needs_review,"복수 카드 가격, 배송비 포함 여부 미확정, 묶음·세트 총액 · 개별 카드 가격 아님",exact,no,no,"OP13-119 / 포트거스 D. 에이스 / SEC - 11,000원"
bd2cfd0b4bbdb0dcf18cdd4c,onepiececardgame,원피스 카드게임,2026-08,2026-08-13T14:45:27+09:00,known,f242051c7edee049c053135d,bd2cfd0b4bbdb0dcf18cdd4c,107075,https://m.dcinside.com/board/onepiececardgame/107075,"EB03,13탄 / 02~12탄까지 SR SP 페레 여러가지 임리페",seller-8ad10b55fa52911e796a44cf,원딱러,registered,OP11-092 헤르메포 SR,OP11-092 헤르메포 SR,OP11-092 / 헤르메포 / SR,,,buy,구매,1,2.000,2000,exact,bundle,text,unknown,,active,needs_review,needs_review,"복수 카드 가격, 배송비 포함 여부 미확정, 묶음·세트 총액 · 개별 카드 가격 아님",exact,no,no,"OP11-092 / 헤르메포 / SR - 2,000원"
be943c108b9c40128fc7b78b,onepiececardgame,원피스 카드게임,2026-08,2026-08-13T14:45:27+09:00,known,941ead00176960a7ea0f65bf,be943c108b9c40128fc7b78b,107075,https://m.dcinside.com/board/onepiececardgame/107075,"EB03,13탄 / 02~12탄까지 SR SP 페레 여러가지 임리페",seller-8ad10b55fa52911e796a44cf,원딱러,registered,OP02-017 마스크드 듀스 SR★,OP02-017 마스크드 듀스 SR★,OP02-017 / 마스크드 듀스 / SR★,,,buy,구매,1,3.000,3000,exact,bundle,text,unknown,,active,needs_review,needs_review,"복수 카드 가격, 배송비 포함 여부 미확정, 묶음·세트 총액 · 개별 카드 가격 아님",exact,no,no,"OP02-017 / 마스크드 듀스 / SR★ - 3,000원"
beecadc949c1a38194e12960,onepiececardgame,원피스 카드게임,2026-08,2026-08-13T14:45:27+09:00,known,332b3ce9d4b5bdcbf9f58621,beecadc949c1a38194e12960,107075,https://m.dcinside.com/board/onepiececardgame/107075,"EB03,13탄 / 02~12탄까지 SR SP 페레 여러가지 임리페",seller-8ad10b55fa52911e796a44cf,원딱러,registered,EB03-062 트라팔가 로 ★SEC,EB03-062 트라팔가 로 ★SEC,EB03-062 / 트라팔가 로 / ★SEC,,,buy,구매,1,32.000,32000,exact,bundle,text,unknown,,active,needs_review,needs_review,"복수 카드 가격, 배송비 포함 여부 미확정, 묶음·세트 총액 · 개별 카드 가격 아님",exact,no,no,"EB03-062 / 트라팔가 로 / ★SEC - 32,000원"
bf32bc0b3b73854266211b95,onepiececardgame,원피스 카드게임,2026-08,2026-08-13T14:45:27+09:00,known,c6f21ac4b86f4644d8075440,bf32bc0b3b73854266211b95,107075,https://m.dcinside.com/board/onepiececardgame/107075,"EB03,13탄 / 02~12탄까지 SR SP 페레 여러가지 임리페",seller-8ad10b55fa52911e796a44cf,원딱러,registered,OP12-063 빈스모크 레이주 SR,OP12-063 빈스모크 레이주 SR,OP12-063 / 빈스모크 레이주 / SR,,,buy,구매,1,13.000,13000,exact,bundle,text,unknown,,active,needs_review,needs_review,"복수 카드 가격, 배송비 포함 여부 미확정, 묶음·세트 총액 · 개별 카드 가격 아님",exact,no,no,"OP12-063 / 빈스모크 레이주 / SR - 13,000원"
bfda67244d188e10f463cecf,onepiececardgame,원피스 카드게임,2026-08,2026-08-13T14:45:27+09:00,known,332b3ce9d4b5bdcbf9f58621,bfda67244d188e10f463cecf,107075,https://m.dcinside.com/board/onepiececardgame/107075,"EB03,13탄 / 02~12탄까지 SR SP 페레 여러가지 임리페",seller-8ad10b55fa52911e796a44cf,원딱러,registered,OP13-089 토프먼 워큐리 성 R,OP13-089 토프먼 워큐리 성 R,OP13-089 / 토프먼 워큐리 성 / R,,,buy,구매,1,1.000,1000,exact,bundle,text,unknown,,active,needs_review,needs_review,"복수 카드 가격, 배송비 포함 여부 미확정, 묶음·세트 총액 · 개별 카드 가격 아님",exact,no,no,"OP13-089 / 토프먼 워큐리 성 / R - 1,000원"
c09eb9a7332845119d71fe66,onepiececardgame,원피스 카드게임,2026-08,2026-08-13T14:45:27+09:00,known,5db0adc0d27938f45393f016,c09eb9a7332845119d71fe66,107075,https://m.dcinside.com/board/onepiececardgame/107075,"EB03,13탄 / 02~12탄까지 SR SP 페레 여러가지 임리페",seller-8ad10b55fa52911e796a44cf,원딱러,registered,OP11-031 징베 SR,OP11-031 징베 SR,OP11-031 / 징베 / SR,,,buy,구매,1,2.000,2000,exact,bundle,text,unknown,,active,needs_review,needs_review,"복수 카드 가격, 배송비 포함 여부 미확정, 묶음·세트 총액 · 개별 카드 가격 아님",exact,no,no,"OP11-031 / 징베 / SR - 2,000원"
c1c3cb8ea97fb2f9411fb45f,onepiececardgame,원피스 카드게임,2026-08,2026-08-13T14:45:27+09:00,known,5db0adc0d27938f45393f016,c1c3cb8ea97fb2f9411fb45f,107075,https://m.dcinside.com/board/onepiececardgame/107075,"EB03,13탄 / 02~12탄까지 SR SP 페레 여러가지 임리페",seller-8ad10b55fa52911e796a44cf,원딱러,registered,PRB02-010 샬롯 푸딩 ★SR,PRB02-010 샬롯 푸딩 ★SR,PRB02-010 / 샬롯 푸딩 / ★SR,,,buy,구매,1,26.000,26000,exact,bundle,text,unknown,,active,needs_review,needs_review,"복수 카드 가격, 배송비 포함 여부 미확정, 묶음·세트 총액 · 개별 카드 가격 아님",exact,no,no,"PRB02-010 / 샬롯 푸딩 / ★SR - 26,000원"
c303819c475a9a875be4f2d5,onepiececardgame,원피스 카드게임,2026-08,2026-08-13T14:45:27+09:00,known,8bd5744f0406635ae896a97b,c303819c475a9a875be4f2d5,107075,https://m.dcinside.com/board/onepiececardgame/107075,"EB03,13탄 / 02~12탄까지 SR SP 페레 여러가지 임리페",seller-8ad10b55fa52911e796a44cf,원딱러,registered,OP09-046 크로커다일 SR,OP09-046 크로커다일 SR,OP09-046 / 크로커다일 / SR,,,buy,구매,1,2.000,2000,exact,bundle,text,unknown,,active,needs_review,needs_review,"복수 카드 가격, 배송비 포함 여부 미확정, 묶음·세트 총액 · 개별 카드 가격 아님",exact,no,no,"OP09-046 / 크로커다일 / SR - 2,000원"
c331f347e5fadb1312156778,onepiececardgame,원피스 카드게임,2026-08,2026-08-13T14:45:27+09:00,known,c6f21ac4b86f4644d8075440,c331f347e5fadb1312156778,107075,https://m.dcinside.com/board/onepiececardgame/107075,"EB03,13탄 / 02~12탄까지 SR SP 페레 여러가지 임리페",seller-8ad10b55fa52911e796a44cf,원딱러,registered,OP13-079 임 ★L,OP13-079 임 ★L,OP13-079 / 임 / ★L,,,buy,구매,1,55.000,55000,exact,bundle,text,unknown,,active,needs_review,needs_review,"복수 카드 가격, 배송비 포함 여부 미확정, 묶음·세트 총액 · 개별 카드 가격 아님",exact,no,no,"OP13-079 / 임 / ★L - 55,000원"
c3f76b8000be11d935ebb651,onepiececardgame,원피스 카드게임,2026-08,2026-08-13T14:45:27+09:00,known,112efc2f27ad8e700a5ca268,c3f76b8000be11d935ebb651,107075,https://m.dcinside.com/board/onepiececardgame/107075,"EB03,13탄 / 02~12탄까지 SR SP 페레 여러가지 임리페",seller-8ad10b55fa52911e796a44cf,원딱러,registered,OP09-046 크로커다일 SR,OP09-046 크로커다일 SR,OP09-046 / 크로커다일 / SR,,,buy,구매,1,2.000,2000,exact,bundle,text,unknown,,active,needs_review,needs_review,"복수 카드 가격, 배송비 포함 여부 미확정, 묶음·세트 총액 · 개별 카드 가격 아님",exact,no,no,"OP09-046 / 크로커다일 / SR - 2,000원"
c5a2e7990b03b0faa3f19910,onepiececardgame,원피스 카드게임,2026-08,2026-08-13T14:45:27+09:00,known,f242051c7edee049c053135d,c5a2e7990b03b0faa3f19910,107075,https://m.dcinside.com/board/onepiececardgame/107075,"EB03,13탄 / 02~12탄까지 SR SP 페레 여러가지 임리페",seller-8ad10b55fa52911e796a44cf,원딱러,registered,OP02-017 마스크드 듀스 SR★,OP02-017 마스크드 듀스 SR★,OP02-017 / 마스크드 듀스 / SR★,,,buy,구매,1,3.000,3000,exact,bundle,text,unknown,,active,needs_review,needs_review,"복수 카드 가격, 배송비 포함 여부 미확정, 묶음·세트 총액 · 개별 카드 가격 아님",exact,no,no,"OP02-017 / 마스크드 듀스 / SR★ - 3,000원"
c5ee5b9e885a732e9edb0e20,onepiececardgame,원피스 카드게임,2026-08,2026-08-13T14:45:27+09:00,known,112efc2f27ad8e700a5ca268,c5ee5b9e885a732e9edb0e20,107075,https://m.dcinside.com/board/onepiececardgame/107075,"EB03,13탄 / 02~12탄까지 SR SP 페레 여러가지 임리페",seller-8ad10b55fa52911e796a44cf,원딱러,registered,OP13-089 토프먼 워큐리 성 R,OP13-089 토프먼 워큐리 성 R,OP13-089 / 토프먼 워큐리 성 / R,,,buy,구매,1,1.000,1000,exact,bundle,text,unknown,,active,needs_review,needs_review,"복수 카드 가격, 배송비 포함 여부 미확정, 묶음·세트 총액 · 개별 카드 가격 아님",exact,no,no,"OP13-089 / 토프먼 워큐리 성 / R - 1,000원"
c68859b9738247003ff5a15d,onepiececardgame,원피스 카드게임,2026-08,2026-08-13T14:45:27+09:00,known,1301dae1389aa829e4d5f6a2,c68859b9738247003ff5a15d,107075,https://m.dcinside.com/board/onepiececardgame/107075,"EB03,13탄 / 02~12탄까지 SR SP 페레 여러가지 임리페",seller-8ad10b55fa52911e796a44cf,원딱러,registered,OP05-074 유스타스 키드 SR,OP05-074 유스타스 키드 SR,OP05-074 / 유스타스 키드 / SR,,,buy,구매,1,12.000,12000,exact,bundle,text,unknown,,active,needs_review,needs_review,"복수 카드 가격, 배송비 포함 여부 미확정, 묶음·세트 총액 · 개별 카드 가격 아님",exact,no,no,"OP05-074 / 유스타스 키드 / SR - 12,000원"
c85f39792079373e83cec15d,onepiececardgame,원피스 카드게임,2026-08,2026-08-13T14:45:27+09:00,known,1301dae1389aa829e4d5f6a2,c85f39792079373e83cec15d,107075,https://m.dcinside.com/board/onepiececardgame/107075,"EB03,13탄 / 02~12탄까지 SR SP 페레 여러가지 임리페",seller-8ad10b55fa52911e796a44cf,원딱러,registered,OP07-064 상디 SR,OP07-064 상디 SR,OP07-064 / 상디 / SR,,,buy,구매,1,8.000,8000,exact,bundle,text,unknown,,active,needs_review,needs_review,"복수 카드 가격, 배송비 포함 여부 미확정, 묶음·세트 총액 · 개별 카드 가격 아님",exact,no,no,"OP07-064 / 상디 / SR - 8,000원"
c8ddd5f85b48e0df653e5a38,onepiececardgame,원피스 카드게임,2026-08,2026-08-13T14:45:27+09:00,known,1301dae1389aa829e4d5f6a2,c8ddd5f85b48e0df653e5a38,107075,https://m.dcinside.com/board/onepiececardgame/107075,"EB03,13탄 / 02~12탄까지 SR SP 페레 여러가지 임리페",seller-8ad10b55fa52911e796a44cf,원딱러,registered,ST-01-012 루피 ★SR,ST-01-012 루피 ★SR,ST-01-012 / 루피 / ★SR,,,buy,구매,1,82.000,82000,exact,bundle,text,unknown,,active,needs_review,needs_review,"복수 카드 가격, 배송비 포함 여부 미확정, 묶음·세트 총액 · 개별 카드 가격 아님",exact,no,no,"ST-01-012 / 루피 / ★SR - 82,000원"
ca587a4cbcf23b2395960b0a,onepiececardgame,원피스 카드게임,2026-08,2026-08-13T14:45:27+09:00,known,8bd5744f0406635ae896a97b,ca587a4cbcf23b2395960b0a,107075,https://m.dcinside.com/board/onepiececardgame/107075,"EB03,13탄 / 02~12탄까지 SR SP 페레 여러가지 임리페",seller-8ad10b55fa52911e796a44cf,원딱러,registered,OP13-079 임 ★L,OP13-079 임 ★L,OP13-079 / 임 / ★L,,,buy,구매,1,55.000,55000,exact,bundle,text,unknown,,active,needs_review,needs_review,"복수 카드 가격, 배송비 포함 여부 미확정, 묶음·세트 총액 · 개별 카드 가격 아님",exact,no,no,"OP13-079 / 임 / ★L - 55,000원"
ca8e333b43cecfa91f0091d6,onepiececardgame,원피스 카드게임,2026-08,2026-08-13T14:45:27+09:00,known,f242051c7edee049c053135d,ca8e333b43cecfa91f0091d6,107075,https://m.dcinside.com/board/onepiececardgame/107075,"EB03,13탄 / 02~12탄까지 SR SP 페레 여러가지 임리페",seller-8ad10b55fa52911e796a44cf,원딱러,registered,OP13-084 셰퍼드 주. 피터 성 ★R,OP13-084 셰퍼드 주. 피터 성 ★R,OP13-084 / 셰퍼드 주. 피터 성 / ★R,,,buy,구매,1,33.000,33000,exact,bundle,text,unknown,,active,needs_review,needs_review,"복수 카드 가격, 배송비 포함 여부 미확정, 묶음·세트 총액 · 개별 카드 가격 아님",exact,no,no,"OP13-084 / 셰퍼드 주. 피터 성 / ★R - 33,000원"
ca929efd5e303d4501d31833,onepiececardgame,원피스 카드게임,2026-08,2026-08-13T14:45:27+09:00,known,112efc2f27ad8e700a5ca268,ca929efd5e303d4501d31833,107075,https://m.dcinside.com/board/onepiececardgame/107075,"EB03,13탄 / 02~12탄까지 SR SP 페레 여러가지 임리페",seller-8ad10b55fa52911e796a44cf,원딱러,registered,OP12-056 몽키 D. 가프 SR,OP12-056 몽키 D. 가프 SR,OP12-056 / 몽키 D. 가프 / SR,,,buy,구매,1,1.000,1000,exact,bundle,text,unknown,,active,needs_review,needs_review,"복수 카드 가격, 배송비 포함 여부 미확정, 묶음·세트 총액 · 개별 카드 가격 아님",exact,no,no,"OP12-056 / 몽키 D. 가프 / SR - 1,000원"
cb8942ce2e97b8f5086e7c17,onepiececardgame,원피스 카드게임,2026-08,2026-08-13T14:45:27+09:00,known,941ead00176960a7ea0f65bf,cb8942ce2e97b8f5086e7c17,107075,https://m.dcinside.com/board/onepiececardgame/107075,"EB03,13탄 / 02~12탄까지 SR SP 페레 여러가지 임리페",seller-8ad10b55fa52911e796a44cf,원딱러,registered,ST-01-012 루피 ★SR,ST-01-012 루피 ★SR,ST-01-012 / 루피 / ★SR,,,buy,구매,1,82.000,82000,exact,bundle,text,unknown,,active,needs_review,needs_review,"복수 카드 가격, 배송비 포함 여부 미확정, 묶음·세트 총액 · 개별 카드 가격 아님",exact,no,no,"ST-01-012 / 루피 / ★SR - 82,000원"
cd89b088d82e341a0d50c5a9,onepiececardgame,원피스 카드게임,2026-08,2026-08-13T14:45:27+09:00,known,5db0adc0d27938f45393f016,cd89b088d82e341a0d50c5a9,107075,https://m.dcinside.com/board/onepiececardgame/107075,"EB03,13탄 / 02~12탄까지 SR SP 페레 여러가지 임리페",seller-8ad10b55fa52911e796a44cf,원딱러,registered,OP13-089 토프먼 워큐리 성 R,OP13-089 토프먼 워큐리 성 R,OP13-089 / 토프먼 워큐리 성 / R,,,buy,구매,1,1.000,1000,exact,bundle,text,unknown,,active,needs_review,needs_review,"복수 카드 가격, 배송비 포함 여부 미확정, 묶음·세트 총액 · 개별 카드 가격 아님",exact,no,no,"OP13-089 / 토프먼 워큐리 성 / R - 1,000원"
ce10cdf2d87c1cdba7a56c8f,onepiececardgame,원피스 카드게임,2026-08,2026-08-13T14:45:27+09:00,known,332b3ce9d4b5bdcbf9f58621,ce10cdf2d87c1cdba7a56c8f,107075,https://m.dcinside.com/board/onepiececardgame/107075,"EB03,13탄 / 02~12탄까지 SR SP 페레 여러가지 임리페",seller-8ad10b55fa52911e796a44cf,원딱러,registered,OP11-092 헤르메포 SR,OP11-092 헤르메포 SR,OP11-092 / 헤르메포 / SR,,,buy,구매,1,2.000,2000,exact,bundle,text,unknown,,active,needs_review,needs_review,"복수 카드 가격, 배송비 포함 여부 미확정, 묶음·세트 총액 · 개별 카드 가격 아님",exact,no,no,"OP11-092 / 헤르메포 / SR - 2,000원"
ce5f52e8af1049b4e1c4686c,onepiececardgame,원피스 카드게임,2026-08,2026-08-13T14:45:27+09:00,known,c6f21ac4b86f4644d8075440,ce5f52e8af1049b4e1c4686c,107075,https://m.dcinside.com/board/onepiececardgame/107075,"EB03,13탄 / 02~12탄까지 SR SP 페레 여러가지 임리페",seller-8ad10b55fa52911e796a44cf,원딱러,registered,OP13-083 제이가르시아 새턴 성 R,OP13-083 제이가르시아 새턴 성 R,OP13-083 / 제이가르시아 새턴 성 / R,,,buy,구매,1,1.000,1000,exact,bundle,text,unknown,,active,needs_review,needs_review,"복수 카드 가격, 배송비 포함 여부 미확정, 묶음·세트 총액 · 개별 카드 가격 아님",exact,no,no,"OP13-083 / 제이가르시아 새턴 성 / R - 1,000원"
cfd4e2dd1b480f1e66bde14e,onepiececardgame,원피스 카드게임,2026-08,2026-08-13T14:45:27+09:00,known,c6f21ac4b86f4644d8075440,cfd4e2dd1b480f1e66bde14e,107075,https://m.dcinside.com/board/onepiececardgame/107075,"EB03,13탄 / 02~12탄까지 SR SP 페레 여러가지 임리페",seller-8ad10b55fa52911e796a44cf,원딱러,registered,OP05-074 유스타스 키드 SR,OP05-074 유스타스 키드 SR,OP05-074 / 유스타스 키드 / SR,,,buy,구매,1,12.000,12000,exact,bundle,text,unknown,,active,needs_review,needs_review,"복수 카드 가격, 배송비 포함 여부 미확정, 묶음·세트 총액 · 개별 카드 가격 아님",exact,no,no,"OP05-074 / 유스타스 키드 / SR - 12,000원"
d074265031b678425d07d2b3,onepiececardgame,원피스 카드게임,2026-08,2026-08-13T14:45:27+09:00,known,332b3ce9d4b5bdcbf9f58621,d074265031b678425d07d2b3,107075,https://m.dcinside.com/board/onepiececardgame/107075,"EB03,13탄 / 02~12탄까지 SR SP 페레 여러가지 임리페",seller-8ad10b55fa52911e796a44cf,원딱러,registered,OP13-080 에단바론 V. 나스쥬로 성 R,OP13-080 에단바론 V. 나스쥬로 성 R,OP13-080 / 에단바론 V. 나스쥬로 성 / R,,,buy,구매,1,1.000,1000,exact,bundle,text,unknown,,active,needs_review,needs_review,"복수 카드 가격, 배송비 포함 여부 미확정, 묶음·세트 총액 · 개별 카드 가격 아님",exact,no,no,"OP13-080 / 에단바론 V. 나스쥬로 성 / R - 1,000원"
d07f79906ea512a21fc84b43,onepiececardgame,원피스 카드게임,2026-08,2026-08-13T14:45:27+09:00,known,8bd5744f0406635ae896a97b,d07f79906ea512a21fc84b43,107075,https://m.dcinside.com/board/onepiececardgame/107075,"EB03,13탄 / 02~12탄까지 SR SP 페레 여러가지 임리페",seller-8ad10b55fa52911e796a44cf,원딱러,registered,OP13-091 마커스 마즈 성 R,OP13-091 마커스 마즈 성 R,OP13-091 / 마커스 마즈 성 / R,,,buy,구매,1,1.000,1000,exact,bundle,text,unknown,,active,needs_review,needs_review,"복수 카드 가격, 배송비 포함 여부 미확정, 묶음·세트 총액 · 개별 카드 가격 아님",exact,no,no,"OP13-091 / 마커스 마즈 성 / R - 1,000원"
d1593651b6f524cfe09a802c,onepiececardgame,원피스 카드게임,2026-08,2026-08-13T14:45:27+09:00,known,c6f21ac4b86f4644d8075440,d1593651b6f524cfe09a802c,107075,https://m.dcinside.com/board/onepiececardgame/107075,"EB03,13탄 / 02~12탄까지 SR SP 페레 여러가지 임리페",seller-8ad10b55fa52911e796a44cf,원딱러,registered,OP13-082 오로성 ★SR,OP13-082 오로성 ★SR,OP13-082 / 오로성 / ★SR,,,buy,구매,1,55.000,55000,exact,bundle,text,unknown,,active,needs_review,needs_review,"복수 카드 가격, 배송비 포함 여부 미확정, 묶음·세트 총액 · 개별 카드 가격 아님",exact,no,no,"OP13-082 / 오로성 / ★SR - 55,000원"
d1941eb91d03051062a64107,onepiececardgame,원피스 카드게임,2026-08,2026-08-13T14:45:27+09:00,known,8bd5744f0406635ae896a97b,d1941eb91d03051062a64107,107075,https://m.dcinside.com/board/onepiececardgame/107075,"EB03,13탄 / 02~12탄까지 SR SP 페레 여러가지 임리페",seller-8ad10b55fa52911e796a44cf,원딱러,registered,OP13-108 쥬얼리 보니 SR,OP13-108 쥬얼리 보니 SR,OP13-108 / 쥬얼리 보니 / SR,,,buy,구매,1,2.000,2000,exact,bundle,text,unknown,,active,needs_review,needs_review,"복수 카드 가격, 배송비 포함 여부 미확정, 묶음·세트 총액 · 개별 카드 가격 아님",exact,no,no,"OP13-108 / 쥬얼리 보니 / SR 2,000원"
d2163f93481e8b3efe05ac6a,onepiececardgame,원피스 카드게임,2026-08,2026-08-13T14:45:27+09:00,known,f242051c7edee049c053135d,d2163f93481e8b3efe05ac6a,107075,https://m.dcinside.com/board/onepiececardgame/107075,"EB03,13탄 / 02~12탄까지 SR SP 페레 여러가지 임리페",seller-8ad10b55fa52911e796a44cf,원딱러,registered,OP08-069 샬롯 링링 SR,OP08-069 샬롯 링링 SR,OP08-069 / 샬롯 링링 / SR,,,buy,구매,1,15.000,15000,exact,bundle,text,unknown,,active,needs_review,needs_review,"복수 카드 가격, 배송비 포함 여부 미확정, 묶음·세트 총액 · 개별 카드 가격 아님",exact,no,no,"OP08-069 / 샬롯 링링 / SR - 15,000원"
d492a7f65caaae3cfca2636b,onepiececardgame,원피스 카드게임,2026-08,2026-08-13T14:45:27+09:00,known,332b3ce9d4b5bdcbf9f58621,d492a7f65caaae3cfca2636b,107075,https://m.dcinside.com/board/onepiececardgame/107075,"EB03,13탄 / 02~12탄까지 SR SP 페레 여러가지 임리페",seller-8ad10b55fa52911e796a44cf,원딱러,registered,OP13-083 제이가르시아 새턴 성 R,OP13-083 제이가르시아 새턴 성 R,OP13-083 / 제이가르시아 새턴 성 / R,,,buy,구매,1,1.000,1000,exact,bundle,text,unknown,,active,needs_review,needs_review,"복수 카드 가격, 배송비 포함 여부 미확정, 묶음·세트 총액 · 개별 카드 가격 아님",exact,no,no,"OP13-083 / 제이가르시아 새턴 성 / R - 1,000원"
d4ced74d2353f940fa74b3fc,onepiececardgame,원피스 카드게임,2026-08,2026-08-13T14:45:27+09:00,known,1301dae1389aa829e4d5f6a2,d4ced74d2353f940fa74b3fc,107075,https://m.dcinside.com/board/onepiececardgame/107075,"EB03,13탄 / 02~12탄까지 SR SP 페레 여러가지 임리페",seller-8ad10b55fa52911e796a44cf,원딱러,registered,OP09-046 크로커다일 SR,OP09-046 크로커다일 SR,OP09-046 / 크로커다일 / SR,,,buy,구매,1,2.000,2000,exact,bundle,text,unknown,,active,needs_review,needs_review,"복수 카드 가격, 배송비 포함 여부 미확정, 묶음·세트 총액 · 개별 카드 가격 아님",exact,no,no,"OP09-046 / 크로커다일 / SR - 2,000원"
d543b522afd6e6093306010f,onepiececardgame,원피스 카드게임,2026-08,2026-08-13T14:45:27+09:00,known,f242051c7edee049c053135d,d543b522afd6e6093306010f,107075,https://m.dcinside.com/board/onepiececardgame/107075,"EB03,13탄 / 02~12탄까지 SR SP 페레 여러가지 임리페",seller-8ad10b55fa52911e796a44cf,원딱러,registered,EB03-062 트라팔가 로 ★SEC,EB03-062 트라팔가 로 ★SEC,EB03-062 / 트라팔가 로 / ★SEC,,,buy,구매,1,32.000,32000,exact,bundle,text,unknown,,active,needs_review,needs_review,"복수 카드 가격, 배송비 포함 여부 미확정, 묶음·세트 총액 · 개별 카드 가격 아님",exact,no,no,"EB03-062 / 트라팔가 로 / ★SEC - 32,000원"
d728e1144082a4f3c236be76,onepiececardgame,원피스 카드게임,2026-08,2026-08-13T14:45:27+09:00,known,112efc2f27ad8e700a5ca268,d728e1144082a4f3c236be76,107075,https://m.dcinside.com/board/onepiececardgame/107075,"EB03,13탄 / 02~12탄까지 SR SP 페레 여러가지 임리페",seller-8ad10b55fa52911e796a44cf,원딱러,registered,OP07-072 포르체 SR,OP07-072 포르체 SR,OP07-072 / 포르체 / SR,,,buy,구매,1,2.000,2000,exact,bundle,text,unknown,,active,needs_review,needs_review,"복수 카드 가격, 배송비 포함 여부 미확정, 묶음·세트 총액 · 개별 카드 가격 아님",exact,no,no,"OP07-072 / 포르체 / SR - 2,000원"
d7e5e15c94b9c7552c7cca4f,onepiececardgame,원피스 카드게임,2026-08,2026-08-13T14:45:27+09:00,known,f242051c7edee049c053135d,d7e5e15c94b9c7552c7cca4f,107075,https://m.dcinside.com/board/onepiececardgame/107075,"EB03,13탄 / 02~12탄까지 SR SP 페레 여러가지 임리페",seller-8ad10b55fa52911e796a44cf,원딱러,registered,OP09-072 프랑키 SR,OP09-072 프랑키 SR,OP09-072 / 프랑키 / SR,,,buy,구매,1,2.000,2000,exact,bundle,text,unknown,,active,needs_review,needs_review,"복수 카드 가격, 배송비 포함 여부 미확정, 묶음·세트 총액 · 개별 카드 가격 아님",exact,no,no,"OP09-072 / 프랑키 / SR - 2,000원"
d832e753251da35a85b867dc,onepiececardgame,원피스 카드게임,2026-08,2026-08-13T14:45:27+09:00,known,8bd5744f0406635ae896a97b,d832e753251da35a85b867dc,107075,https://m.dcinside.com/board/onepiececardgame/107075,"EB03,13탄 / 02~12탄까지 SR SP 페레 여러가지 임리페",seller-8ad10b55fa52911e796a44cf,원딱러,registered,OP13-082 오로성 ★SR,OP13-082 오로성 ★SR,OP13-082 / 오로성 / ★SR,,,buy,구매,1,55.000,55000,exact,bundle,text,unknown,,active,needs_review,needs_review,"복수 카드 가격, 배송비 포함 여부 미확정, 묶음·세트 총액 · 개별 카드 가격 아님",exact,no,no,"OP13-082 / 오로성 / ★SR - 55,000원"
d8b6320753df44ef7ba6f23f,onepiececardgame,원피스 카드게임,2026-08,2026-08-13T14:45:27+09:00,known,c6f21ac4b86f4644d8075440,d8b6320753df44ef7ba6f23f,107075,https://m.dcinside.com/board/onepiececardgame/107075,"EB03,13탄 / 02~12탄까지 SR SP 페레 여러가지 임리페",seller-8ad10b55fa52911e796a44cf,원딱러,registered,OP07-064 상디 SR,OP07-064 상디 SR,OP07-064 / 상디 / SR,,,buy,구매,1,8.000,8000,exact,bundle,text,unknown,,active,needs_review,needs_review,"복수 카드 가격, 배송비 포함 여부 미확정, 묶음·세트 총액 · 개별 카드 가격 아님",exact,no,no,"OP07-064 / 상디 / SR - 8,000원"
d8eab84174339a54d5b1ce75,onepiececardgame,원피스 카드게임,2026-08,2026-08-13T14:45:27+09:00,known,1301dae1389aa829e4d5f6a2,d8eab84174339a54d5b1ce75,107075,https://m.dcinside.com/board/onepiececardgame/107075,"EB03,13탄 / 02~12탄까지 SR SP 페레 여러가지 임리페",seller-8ad10b55fa52911e796a44cf,원딱러,registered,PRB02-010 샬롯 푸딩 ★SR,PRB02-010 샬롯 푸딩 ★SR,PRB02-010 / 샬롯 푸딩 / ★SR,,,buy,구매,1,26.000,26000,exact,bundle,text,unknown,,active,needs_review,needs_review,"복수 카드 가격, 배송비 포함 여부 미확정, 묶음·세트 총액 · 개별 카드 가격 아님",exact,no,no,"PRB02-010 / 샬롯 푸딩 / ★SR - 26,000원"
d9e0310f17e34283941c2ba7,onepiececardgame,원피스 카드게임,2026-08,2026-08-13T14:45:27+09:00,known,c6f21ac4b86f4644d8075440,d9e0310f17e34283941c2ba7,107075,https://m.dcinside.com/board/onepiececardgame/107075,"EB03,13탄 / 02~12탄까지 SR SP 페레 여러가지 임리페",seller-8ad10b55fa52911e796a44cf,원딱러,registered,OP06-069 빈스모크 레이주 SR★,OP06-069 빈스모크 레이주 SR★,OP06-069 / 빈스모크 레이주 / SR★,,,buy,구매,1,23.000,23000,exact,bundle,text,unknown,,active,needs_review,needs_review,"복수 카드 가격, 배송비 포함 여부 미확정, 묶음·세트 총액 · 개별 카드 가격 아님",exact,no,no,"OP06-069 / 빈스모크 레이주 / SR★ - 23,000원"
daf0110f1bdd442269c93886,onepiececardgame,원피스 카드게임,2026-08,2026-08-13T14:45:27+09:00,known,c6f21ac4b86f4644d8075440,daf0110f1bdd442269c93886,107075,https://m.dcinside.com/board/onepiececardgame/107075,"EB03,13탄 / 02~12탄까지 SR SP 페레 여러가지 임리페",seller-8ad10b55fa52911e796a44cf,원딱러,registered,OP11-119 코비 SEC,OP11-119 코비 SEC,OP11-119 / 코비 / SEC,,,buy,구매,1,10.000,10000,exact,bundle,text,unknown,,active,needs_review,needs_review,"복수 카드 가격, 배송비 포함 여부 미확정, 묶음·세트 총액 · 개별 카드 가격 아님",exact,no,no,"OP11-119 / 코비 / SEC - 10,000원"
df3eaf4417d34eec4833beec,onepiececardgame,원피스 카드게임,2026-08,2026-08-13T14:45:27+09:00,known,5db0adc0d27938f45393f016,df3eaf4417d34eec4833beec,107075,https://m.dcinside.com/board/onepiececardgame/107075,"EB03,13탄 / 02~12탄까지 SR SP 페레 여러가지 임리페",seller-8ad10b55fa52911e796a44cf,원딱러,registered,OP02-017 마스크드 듀스 SR★,OP02-017 마스크드 듀스 SR★,OP02-017 / 마스크드 듀스 / SR★,,,buy,구매,1,3.000,3000,exact,bundle,text,unknown,,active,needs_review,needs_review,"복수 카드 가격, 배송비 포함 여부 미확정, 묶음·세트 총액 · 개별 카드 가격 아님",exact,no,no,"OP02-017 / 마스크드 듀스 / SR★ - 3,000원"
dfd0e055cc3ca63bcb7806bb,onepiececardgame,원피스 카드게임,2026-08,2026-08-13T14:45:27+09:00,known,f242051c7edee049c053135d,dfd0e055cc3ca63bcb7806bb,107075,https://m.dcinside.com/board/onepiececardgame/107075,"EB03,13탄 / 02~12탄까지 SR SP 페레 여러가지 임리페",seller-8ad10b55fa52911e796a44cf,원딱러,registered,OP07-064 상디 SR,OP07-064 상디 SR,OP07-064 / 상디 / SR,,,buy,구매,1,8.000,8000,exact,bundle,text,unknown,,active,needs_review,needs_review,"복수 카드 가격, 배송비 포함 여부 미확정, 묶음·세트 총액 · 개별 카드 가격 아님",exact,no,no,"OP07-064 / 상디 / SR - 8,000원"
e21c706754641bf77a660813,onepiececardgame,원피스 카드게임,2026-08,2026-08-13T14:45:27+09:00,known,8bd5744f0406635ae896a97b,e21c706754641bf77a660813,107075,https://m.dcinside.com/board/onepiececardgame/107075,"EB03,13탄 / 02~12탄까지 SR SP 페레 여러가지 임리페",seller-8ad10b55fa52911e796a44cf,원딱러,registered,EB03-055 니코 로빈 ★SR,EB03-055 니코 로빈 ★SR,EB03-055 / 니코 로빈 / ★SR,,,buy,구매,1,59.000,59000,exact,bundle,text,unknown,,active,needs_review,needs_review,"복수 카드 가격, 배송비 포함 여부 미확정, 묶음·세트 총액 · 개별 카드 가격 아님",exact,no,no,"EB03-055 / 니코 로빈 / ★SR - 59,000원"
e25be3122a1d5f558084ac7a,onepiececardgame,원피스 카드게임,2026-08,2026-08-13T14:45:27+09:00,known,8bd5744f0406635ae896a97b,e25be3122a1d5f558084ac7a,107075,https://m.dcinside.com/board/onepiececardgame/107075,"EB03,13탄 / 02~12탄까지 SR SP 페레 여러가지 임리페",seller-8ad10b55fa52911e796a44cf,원딱러,registered,OP07-072 포르체 SR,OP07-072 포르체 SR,OP07-072 / 포르체 / SR,,,buy,구매,1,2.000,2000,exact,bundle,text,unknown,,active,needs_review,needs_review,"복수 카드 가격, 배송비 포함 여부 미확정, 묶음·세트 총액 · 개별 카드 가격 아님",exact,no,no,"OP07-072 / 포르체 / SR - 2,000원"
e2b82a0e320c11d98c7b0246,onepiececardgame,원피스 카드게임,2026-08,2026-08-13T14:45:27+09:00,known,8bd5744f0406635ae896a97b,e2b82a0e320c11d98c7b0246,107075,https://m.dcinside.com/board/onepiececardgame/107075,"EB03,13탄 / 02~12탄까지 SR SP 페레 여러가지 임리페",seller-8ad10b55fa52911e796a44cf,원딱러,registered,OP09-072 프랑키 SR,OP09-072 프랑키 SR,OP09-072 / 프랑키 / SR,,,buy,구매,1,2.000,2000,exact,bundle,text,unknown,,active,needs_review,needs_review,"복수 카드 가격, 배송비 포함 여부 미확정, 묶음·세트 총액 · 개별 카드 가격 아님",exact,no,no,"OP09-072 / 프랑키 / SR - 2,000원"
e39ed562abe8b06b7ad61d33,onepiececardgame,원피스 카드게임,2026-08,2026-08-13T14:45:27+09:00,known,941ead00176960a7ea0f65bf,e39ed562abe8b06b7ad61d33,107075,https://m.dcinside.com/board/onepiececardgame/107075,"EB03,13탄 / 02~12탄까지 SR SP 페레 여러가지 임리페",seller-8ad10b55fa52911e796a44cf,원딱러,registered,OP09-046 크로커다일 SR,OP09-046 크로커다일 SR,OP09-046 / 크로커다일 / SR,,,buy,구매,1,2.000,2000,exact,bundle,text,unknown,,active,needs_review,needs_review,"복수 카드 가격, 배송비 포함 여부 미확정, 묶음·세트 총액 · 개별 카드 가격 아님",exact,no,no,"OP09-046 / 크로커다일 / SR - 2,000원"
e447e21dd1c41335b3c21dd7,onepiececardgame,원피스 카드게임,2026-08,2026-08-13T14:45:27+09:00,known,c6f21ac4b86f4644d8075440,e447e21dd1c41335b3c21dd7,107075,https://m.dcinside.com/board/onepiececardgame/107075,"EB03,13탄 / 02~12탄까지 SR SP 페레 여러가지 임리페",seller-8ad10b55fa52911e796a44cf,원딱러,registered,OP13-084 셰퍼드 주. 피터 성 R,OP13-084 셰퍼드 주. 피터 성 R,OP13-084 / 셰퍼드 주. 피터 성 / R,,,buy,구매,1,1.000,1000,exact,bundle,text,unknown,,active,needs_review,needs_review,"복수 카드 가격, 배송비 포함 여부 미확정, 묶음·세트 총액 · 개별 카드 가격 아님",exact,no,no,"OP13-084 / 셰퍼드 주. 피터 성 / R - 1,000원"
e478c44935add3d08c168318,onepiececardgame,원피스 카드게임,2026-08,2026-08-13T14:45:27+09:00,known,c6f21ac4b86f4644d8075440,e478c44935add3d08c168318,107075,https://m.dcinside.com/board/onepiececardgame/107075,"EB03,13탄 / 02~12탄까지 SR SP 페레 여러가지 임리페",seller-8ad10b55fa52911e796a44cf,원딱러,registered,PRB02-012 나미 R,PRB02-012 나미 R,PRB02-012 / 나미 / R,,,buy,구매,1,8.000,8000,exact,bundle,text,unknown,,active,needs_review,needs_review,"복수 카드 가격, 배송비 포함 여부 미확정, 묶음·세트 총액 · 개별 카드 가격 아님",exact,no,no,"PRB02-012 / 나미 / R - 8,000원"
e54124acdfe11f5af5542ad8,onepiececardgame,원피스 카드게임,2026-08,2026-08-13T14:45:27+09:00,known,332b3ce9d4b5bdcbf9f58621,e54124acdfe11f5af5542ad8,107075,https://m.dcinside.com/board/onepiececardgame/107075,"EB03,13탄 / 02~12탄까지 SR SP 페레 여러가지 임리페",seller-8ad10b55fa52911e796a44cf,원딱러,registered,OP13-091 마커스 마즈 성 R,OP13-091 마커스 마즈 성 R,OP13-091 / 마커스 마즈 성 / R,,,buy,구매,1,1.000,1000,exact,bundle,text,unknown,,active,needs_review,needs_review,"복수 카드 가격, 배송비 포함 여부 미확정, 묶음·세트 총액 · 개별 카드 가격 아님",exact,no,no,"OP13-091 / 마커스 마즈 성 / R - 1,000원"
e6f92aa454d6aeff9a604164,onepiececardgame,원피스 카드게임,2026-08,2026-08-13T14:45:27+09:00,known,1301dae1389aa829e4d5f6a2,e6f92aa454d6aeff9a604164,107075,https://m.dcinside.com/board/onepiececardgame/107075,"EB03,13탄 / 02~12탄까지 SR SP 페레 여러가지 임리페",seller-8ad10b55fa52911e796a44cf,원딱러,registered,OP13-082 오로성 ★SR,OP13-082 오로성 ★SR,OP13-082 / 오로성 / ★SR,,,buy,구매,1,55.000,55000,exact,bundle,text,unknown,,active,needs_review,needs_review,"복수 카드 가격, 배송비 포함 여부 미확정, 묶음·세트 총액 · 개별 카드 가격 아님",exact,no,no,"OP13-082 / 오로성 / ★SR - 55,000원"
e71d1edd504e515395c237eb,onepiececardgame,원피스 카드게임,2026-08,2026-08-13T14:45:27+09:00,known,1301dae1389aa829e4d5f6a2,e71d1edd504e515395c237eb,107075,https://m.dcinside.com/board/onepiececardgame/107075,"EB03,13탄 / 02~12탄까지 SR SP 페레 여러가지 임리페",seller-8ad10b55fa52911e796a44cf,원딱러,registered,OP12-056 몽키 D. 가프 SR,OP12-056 몽키 D. 가프 SR,OP12-056 / 몽키 D. 가프 / SR,,,buy,구매,1,1.000,1000,exact,bundle,text,unknown,,active,needs_review,needs_review,"복수 카드 가격, 배송비 포함 여부 미확정, 묶음·세트 총액 · 개별 카드 가격 아님",exact,no,no,"OP12-056 / 몽키 D. 가프 / SR - 1,000원"
e76add7ebd8b3170815ee377,onepiececardgame,원피스 카드게임,2026-08,2026-08-13T14:45:27+09:00,known,332b3ce9d4b5bdcbf9f58621,e76add7ebd8b3170815ee377,107075,https://m.dcinside.com/board/onepiececardgame/107075,"EB03,13탄 / 02~12탄까지 SR SP 페레 여러가지 임리페",seller-8ad10b55fa52911e796a44cf,원딱러,registered,OP05-074 유스타스 키드 SR,OP05-074 유스타스 키드 SR,OP05-074 / 유스타스 키드 / SR,,,buy,구매,1,12.000,12000,exact,bundle,text,unknown,,active,needs_review,needs_review,"복수 카드 가격, 배송비 포함 여부 미확정, 묶음·세트 총액 · 개별 카드 가격 아님",exact,no,no,"OP05-074 / 유스타스 키드 / SR - 12,000원"
e770537035f7bde24d92f19d,onepiececardgame,원피스 카드게임,2026-08,2026-08-13T14:45:27+09:00,known,8bd5744f0406635ae896a97b,e770537035f7bde24d92f19d,107075,https://m.dcinside.com/board/onepiececardgame/107075,"EB03,13탄 / 02~12탄까지 SR SP 페레 여러가지 임리페",seller-8ad10b55fa52911e796a44cf,원딱러,registered,OP12-030 쥬라큘 미호크 SR,OP12-030 쥬라큘 미호크 SR,OP12-030 / 쥬라큘 미호크 / SR,,,buy,구매,1,7.000,7000,exact,bundle,text,unknown,,active,needs_review,needs_review,"복수 카드 가격, 배송비 포함 여부 미확정, 묶음·세트 총액 · 개별 카드 가격 아님",exact,no,no,"OP12-030 / 쥬라큘 미호크 / SR - 7,000원"
e7a5d857fd023d9af544cea3,onepiececardgame,원피스 카드게임,2026-08,2026-08-13T14:45:27+09:00,known,f242051c7edee049c053135d,e7a5d857fd023d9af544cea3,107075,https://m.dcinside.com/board/onepiececardgame/107075,"EB03,13탄 / 02~12탄까지 SR SP 페레 여러가지 임리페",seller-8ad10b55fa52911e796a44cf,원딱러,registered,OP13-079 임 ★L,OP13-079 임 ★L,OP13-079 / 임 / ★L,,,buy,구매,1,55.000,55000,exact,bundle,text,unknown,,active,needs_review,needs_review,"복수 카드 가격, 배송비 포함 여부 미확정, 묶음·세트 총액 · 개별 카드 가격 아님",exact,no,no,"OP13-079 / 임 / ★L - 55,000원"
e94cf5860fa0e9c56fa00d91,onepiececardgame,원피스 카드게임,2026-08,2026-08-13T14:45:27+09:00,known,332b3ce9d4b5bdcbf9f58621,e94cf5860fa0e9c56fa00d91,107075,https://m.dcinside.com/board/onepiececardgame/107075,"EB03,13탄 / 02~12탄까지 SR SP 페레 여러가지 임리페",seller-8ad10b55fa52911e796a44cf,원딱러,registered,OP03-041 우솝 SR,OP03-041 우솝 SR,OP03-041 / 우솝 / SR,,,buy,구매,1,1.000,1000,exact,bundle,text,unknown,,active,needs_review,needs_review,"복수 카드 가격, 배송비 포함 여부 미확정, 묶음·세트 총액 · 개별 카드 가격 아님",exact,no,no,"OP03-041 / 우솝 / SR - 1,000원"
e964c54a506272250a690be3,onepiececardgame,원피스 카드게임,2026-08,2026-08-13T14:45:27+09:00,known,332b3ce9d4b5bdcbf9f58621,e964c54a506272250a690be3,107075,https://m.dcinside.com/board/onepiececardgame/107075,"EB03,13탄 / 02~12탄까지 SR SP 페레 여러가지 임리페",seller-8ad10b55fa52911e796a44cf,원딱러,registered,OP13-082 오로성 ★SR,OP13-082 오로성 ★SR,OP13-082 / 오로성 / ★SR,,,buy,구매,1,55.000,55000,exact,bundle,text,unknown,,active,needs_review,needs_review,"복수 카드 가격, 배송비 포함 여부 미확정, 묶음·세트 총액 · 개별 카드 가격 아님",exact,no,no,"OP13-082 / 오로성 / ★SR - 55,000원"
e9771df4ddda95ce1e749c37,onepiececardgame,원피스 카드게임,2026-08,2026-08-13T14:45:27+09:00,known,941ead00176960a7ea0f65bf,e9771df4ddda95ce1e749c37,107075,https://m.dcinside.com/board/onepiececardgame/107075,"EB03,13탄 / 02~12탄까지 SR SP 페레 여러가지 임리페",seller-8ad10b55fa52911e796a44cf,원딱러,registered,OP11-092 헤르메포 SR,OP11-092 헤르메포 SR,OP11-092 / 헤르메포 / SR,,,buy,구매,1,2.000,2000,exact,bundle,text,unknown,,active,needs_review,needs_review,"복수 카드 가격, 배송비 포함 여부 미확정, 묶음·세트 총액 · 개별 카드 가격 아님",exact,no,no,"OP11-092 / 헤르메포 / SR - 2,000원"
ea339a1f2a1bb35e8e583039,onepiececardgame,원피스 카드게임,2026-08,2026-08-13T14:45:27+09:00,known,5db0adc0d27938f45393f016,ea339a1f2a1bb35e8e583039,107075,https://m.dcinside.com/board/onepiececardgame/107075,"EB03,13탄 / 02~12탄까지 SR SP 페레 여러가지 임리페",seller-8ad10b55fa52911e796a44cf,원딱러,registered,OP13-108 쥬얼리 보니 SR,OP13-108 쥬얼리 보니 SR,OP13-108 / 쥬얼리 보니 / SR,,,buy,구매,1,2.000,2000,exact,bundle,text,unknown,,active,needs_review,needs_review,"복수 카드 가격, 배송비 포함 여부 미확정, 묶음·세트 총액 · 개별 카드 가격 아님",exact,no,no,"OP13-108 / 쥬얼리 보니 / SR 2,000원"
eac1dab02af88d8119826971,onepiececardgame,원피스 카드게임,2026-08,2026-08-13T14:45:27+09:00,known,1301dae1389aa829e4d5f6a2,eac1dab02af88d8119826971,107075,https://m.dcinside.com/board/onepiececardgame/107075,"EB03,13탄 / 02~12탄까지 SR SP 페레 여러가지 임리페",seller-8ad10b55fa52911e796a44cf,원딱러,registered,OP06-069 빈스모크 레이주 SR★,OP06-069 빈스모크 레이주 SR★,OP06-069 / 빈스모크 레이주 / SR★,,,buy,구매,1,23.000,23000,exact,bundle,text,unknown,,active,needs_review,needs_review,"복수 카드 가격, 배송비 포함 여부 미확정, 묶음·세트 총액 · 개별 카드 가격 아님",exact,no,no,"OP06-069 / 빈스모크 레이주 / SR★ - 23,000원"
ec09648d0d877fe2fc0034f4,onepiececardgame,원피스 카드게임,2026-08,2026-08-13T14:45:27+09:00,known,f242051c7edee049c053135d,ec09648d0d877fe2fc0034f4,107075,https://m.dcinside.com/board/onepiececardgame/107075,"EB03,13탄 / 02~12탄까지 SR SP 페레 여러가지 임리페",seller-8ad10b55fa52911e796a44cf,원딱러,registered,PRB02-013 겟코 모리아 ★R,PRB02-013 겟코 모리아 ★R,PRB02-013 / 겟코 모리아 / ★R,,,buy,구매,1,10.000,10000,exact,bundle,text,unknown,,active,needs_review,needs_review,"복수 카드 가격, 배송비 포함 여부 미확정, 묶음·세트 총액 · 개별 카드 가격 아님",exact,no,no,"PRB02-013 / 겟코 모리아 / ★R - 10,000원"
f2497044384ed94cb7e5d3ac,onepiececardgame,원피스 카드게임,2026-08,2026-08-13T14:45:27+09:00,known,332b3ce9d4b5bdcbf9f58621,f2497044384ed94cb7e5d3ac,107075,https://m.dcinside.com/board/onepiececardgame/107075,"EB03,13탄 / 02~12탄까지 SR SP 페레 여러가지 임리페",seller-8ad10b55fa52911e796a44cf,원딱러,registered,ST-01-012 루피 ★SR,ST-01-012 루피 ★SR,ST-01-012 / 루피 / ★SR,,,buy,구매,1,82.000,82000,exact,bundle,text,unknown,,active,needs_review,needs_review,"복수 카드 가격, 배송비 포함 여부 미확정, 묶음·세트 총액 · 개별 카드 가격 아님",exact,no,no,"ST-01-012 / 루피 / ★SR - 82,000원"
f4460cb4925b2248b2c0d86e,onepiececardgame,원피스 카드게임,2026-08,2026-08-13T14:45:27+09:00,known,1301dae1389aa829e4d5f6a2,f4460cb4925b2248b2c0d86e,107075,https://m.dcinside.com/board/onepiececardgame/107075,"EB03,13탄 / 02~12탄까지 SR SP 페레 여러가지 임리페",seller-8ad10b55fa52911e796a44cf,원딱러,registered,EB02-006 야마토 SR,EB02-006 야마토 SR,EB02-006 / 야마토 / SR,,,buy,구매,1,3.000,3000,exact,bundle,text,unknown,,active,needs_review,needs_review,"복수 카드 가격, 배송비 포함 여부 미확정, 묶음·세트 총액 · 개별 카드 가격 아님",exact,no,no,"EB02-006 / 야마토 / SR - 3,000원"
f4be7e405018c8bd9d7ee1d1,onepiececardgame,원피스 카드게임,2026-08,2026-08-13T14:45:27+09:00,known,8bd5744f0406635ae896a97b,f4be7e405018c8bd9d7ee1d1,107075,https://m.dcinside.com/board/onepiececardgame/107075,"EB03,13탄 / 02~12탄까지 SR SP 페레 여러가지 임리페",seller-8ad10b55fa52911e796a44cf,원딱러,registered,OP08-069 샬롯 링링 SR,OP08-069 샬롯 링링 SR,OP08-069 / 샬롯 링링 / SR,,,buy,구매,1,15.000,15000,exact,bundle,text,unknown,,active,needs_review,needs_review,"복수 카드 가격, 배송비 포함 여부 미확정, 묶음·세트 총액 · 개별 카드 가격 아님",exact,no,no,"OP08-069 / 샬롯 링링 / SR - 15,000원"
f591c3c75a1d284fecf2a729,onepiececardgame,원피스 카드게임,2026-08,2026-08-13T14:45:27+09:00,known,f242051c7edee049c053135d,f591c3c75a1d284fecf2a729,107075,https://m.dcinside.com/board/onepiececardgame/107075,"EB03,13탄 / 02~12탄까지 SR SP 페레 여러가지 임리페",seller-8ad10b55fa52911e796a44cf,원딱러,registered,OP13-108 쥬얼리 보니 SR,OP13-108 쥬얼리 보니 SR,OP13-108 / 쥬얼리 보니 / SR,,,buy,구매,1,2.000,2000,exact,bundle,text,unknown,,active,needs_review,needs_review,"복수 카드 가격, 배송비 포함 여부 미확정, 묶음·세트 총액 · 개별 카드 가격 아님",exact,no,no,"OP13-108 / 쥬얼리 보니 / SR 2,000원"
f9f51921423aa78154bfda0a,onepiececardgame,원피스 카드게임,2026-08,2026-08-13T14:45:27+09:00,known,1301dae1389aa829e4d5f6a2,f9f51921423aa78154bfda0a,107075,https://m.dcinside.com/board/onepiececardgame/107075,"EB03,13탄 / 02~12탄까지 SR SP 페레 여러가지 임리페",seller-8ad10b55fa52911e796a44cf,원딱러,registered,OP02-036 나미 SR,OP02-036 나미 SR,OP02-036 / 나미 / SR,,,buy,구매,1,5.000,5000,exact,bundle,text,unknown,,active,needs_review,needs_review,"복수 카드 가격, 배송비 포함 여부 미확정, 묶음·세트 총액 · 개별 카드 가격 아님",exact,no,no,"OP02-036 / 나미 / SR - 5,000원"
fa1128eb41f046387493ea97,onepiececardgame,원피스 카드게임,2026-08,2026-08-13T14:45:27+09:00,known,f242051c7edee049c053135d,fa1128eb41f046387493ea97,107075,https://m.dcinside.com/board/onepiececardgame/107075,"EB03,13탄 / 02~12탄까지 SR SP 페레 여러가지 임리페",seller-8ad10b55fa52911e796a44cf,원딱러,registered,PRB02-010 샬롯 푸딩 ★SR,PRB02-010 샬롯 푸딩 ★SR,PRB02-010 / 샬롯 푸딩 / ★SR,,,buy,구매,1,26.000,26000,exact,bundle,text,unknown,,active,needs_review,needs_review,"복수 카드 가격, 배송비 포함 여부 미확정, 묶음·세트 총액 · 개별 카드 가격 아님",exact,no,no,"PRB02-010 / 샬롯 푸딩 / ★SR - 26,000원"
faba6d1c61b885b068462e06,onepiececardgame,원피스 카드게임,2026-08,2026-08-13T14:45:27+09:00,known,1301dae1389aa829e4d5f6a2,faba6d1c61b885b068462e06,107075,https://m.dcinside.com/board/onepiececardgame/107075,"EB03,13탄 / 02~12탄까지 SR SP 페레 여러가지 임리페",seller-8ad10b55fa52911e796a44cf,원딱러,registered,OP13-084 셰퍼드 주. 피터 성 ★R,OP13-084 셰퍼드 주. 피터 성 ★R,OP13-084 / 셰퍼드 주. 피터 성 / ★R,,,buy,구매,1,33.000,33000,exact,bundle,text,unknown,,active,needs_review,needs_review,"복수 카드 가격, 배송비 포함 여부 미확정, 묶음·세트 총액 · 개별 카드 가격 아님",exact,no,no,"OP13-084 / 셰퍼드 주. 피터 성 / ★R - 33,000원"
fb3178079a6d2e1906215099,onepiececardgame,원피스 카드게임,2026-08,2026-08-13T14:45:27+09:00,known,8bd5744f0406635ae896a97b,fb3178079a6d2e1906215099,107075,https://m.dcinside.com/board/onepiececardgame/107075,"EB03,13탄 / 02~12탄까지 SR SP 페레 여러가지 임리페",seller-8ad10b55fa52911e796a44cf,원딱러,registered,OP13-080 에단바론 V. 나스쥬로 성 R,OP13-080 에단바론 V. 나스쥬로 성 R,OP13-080 / 에단바론 V. 나스쥬로 성 / R,,,buy,구매,1,1.000,1000,exact,bundle,text,unknown,,active,needs_review,needs_review,"복수 카드 가격, 배송비 포함 여부 미확정, 묶음·세트 총액 · 개별 카드 가격 아님",exact,no,no,"OP13-080 / 에단바론 V. 나스쥬로 성 / R - 1,000원"
fb3bd3b8b74aff64d6978d09,onepiececardgame,원피스 카드게임,2026-08,2026-08-13T14:45:27+09:00,known,941ead00176960a7ea0f65bf,fb3bd3b8b74aff64d6978d09,107075,https://m.dcinside.com/board/onepiececardgame/107075,"EB03,13탄 / 02~12탄까지 SR SP 페레 여러가지 임리페",seller-8ad10b55fa52911e796a44cf,원딱러,registered,OP13-091 마커스 마즈 성 R,OP13-091 마커스 마즈 성 R,OP13-091 / 마커스 마즈 성 / R,,,buy,구매,1,1.000,1000,exact,bundle,text,unknown,,active,needs_review,needs_review,"복수 카드 가격, 배송비 포함 여부 미확정, 묶음·세트 총액 · 개별 카드 가격 아님",exact,no,no,"OP13-091 / 마커스 마즈 성 / R - 1,000원"
fd5795b63c4e1421c33b4100,onepiececardgame,원피스 카드게임,2026-08,2026-08-13T14:45:27+09:00,known,f242051c7edee049c053135d,fd5795b63c4e1421c33b4100,107075,https://m.dcinside.com/board/onepiececardgame/107075,"EB03,13탄 / 02~12탄까지 SR SP 페레 여러가지 임리페",seller-8ad10b55fa52911e796a44cf,원딱러,registered,OP07-072 포르체 SR,OP07-072 포르체 SR,OP07-072 / 포르체 / SR,,,buy,구매,1,2.000,2000,exact,bundle,text,unknown,,active,needs_review,needs_review,"복수 카드 가격, 배송비 포함 여부 미확정, 묶음·세트 총액 · 개별 카드 가격 아님",exact,no,no,"OP07-072 / 포르체 / SR - 2,000원"
ffcaae5e8999077f7415dba1,onepiececardgame,원피스 카드게임,2026-08,2026-08-13T14:45:27+09:00,known,c6f21ac4b86f4644d8075440,ffcaae5e8999077f7415dba1,107075,https://m.dcinside.com/board/onepiececardgame/107075,"EB03,13탄 / 02~12탄까지 SR SP 페레 여러가지 임리페",seller-8ad10b55fa52911e796a44cf,원딱러,registered,OP07-072 포르체 SR,OP07-072 포르체 SR,OP07-072 / 포르체 / SR,,,buy,구매,1,2.000,2000,exact,bundle,text,unknown,,active,needs_review,needs_review,"복수 카드 가격, 배송비 포함 여부 미확정, 묶음·세트 총액 · 개별 카드 가격 아님",exact,no,no,"OP07-072 / 포르체 / SR - 2,000원"
20a8216ea2594c84517fff68,onepiececardgame,원피스 카드게임,2026-08,2026-08-13T15:29:22+09:00,known,b05d3a775f78e7db550c6971,20a8216ea2594c84517fff68,107086,https://m.dcinside.com/board/onepiececardgame/107086,청버기 완덱 + 풀소스 구매합니다.,seller-8ad10b55fa52911e796a44cf,원딱러,registered,청버기 완덱 + 풀소스,청버기 완덱 + 풀소스,청버기 완덱 + 풀소스 .,,,buy,구매,1,,,missing,unknown,unknown,unknown,,active,needs_review,needs_review,희망가 미기재,missing,no,no,청버기 완덱 + 풀소스 구매합니다.
22c7be3199d6f74db686622e,onepiececardgame,원피스 카드게임,2026-08,2026-08-13T15:29:22+09:00,known,833a0601711bf2ab25156b8a,22c7be3199d6f74db686622e,107086,https://m.dcinside.com/board/onepiececardgame/107086,청버기 완덱 + 풀소스 구매합니다.,seller-8ad10b55fa52911e796a44cf,원딱러,registered,청버기 완덱 + 풀소스,청버기 완덱 + 풀소스,청버기 완덱 + 풀소스 .,,,buy,구매,1,,,missing,unknown,unknown,unknown,,active,needs_review,needs_review,희망가 미기재,missing,no,no,청버기 완덱 + 풀소스 구매합니다.
4d74ae794494a526bc44dbff,onepiececardgame,원피스 카드게임,2026-08,2026-08-13T15:29:22+09:00,known,62ac111d8cb968e717163b43,4d74ae794494a526bc44dbff,107086,https://m.dcinside.com/board/onepiececardgame/107086,청버기 완덱 + 풀소스 구매합니다.,seller-8ad10b55fa52911e796a44cf,원딱러,registered,청버기 완덱 + 풀소스,청버기 완덱 + 풀소스,청버기 완덱 + 풀소스 .,,,buy,구매,1,,,missing,unknown,unknown,unknown,,active,needs_review,needs_review,희망가 미기재,missing,no,no,청버기 완덱 + 풀소스 구매합니다.
5e114742d969f7ab80d9ed77,onepiececardgame,원피스 카드게임,2026-08,2026-08-13T15:29:22+09:00,known,721591d7db34ada57eeee4f6,5e114742d969f7ab80d9ed77,107086,https://m.dcinside.com/board/onepiececardgame/107086,청버기 완덱 + 풀소스 구매합니다.,seller-8ad10b55fa52911e796a44cf,원딱러,registered,청버기 완덱 + 풀소스,청버기 완덱 + 풀소스,청버기 완덱 + 풀소스 .,,,buy,구매,1,,,missing,unknown,unknown,unknown,,active,needs_review,needs_review,희망가 미기재,missing,no,no,청버기 완덱 + 풀소스 구매합니다.
6783592bb4d1cbf04f848086,onepiececardgame,원피스 카드게임,2026-08,2026-08-13T15:29:22+09:00,known,d2e3da77adfd8967ad6fffc9,6783592bb4d1cbf04f848086,107086,https://m.dcinside.com/board/onepiececardgame/107086,청버기 완덱 + 풀소스 구매합니다.,seller-8ad10b55fa52911e796a44cf,원딱러,registered,청버기 완덱 + 풀소스,청버기 완덱 + 풀소스,청버기 완덱 + 풀소스 .,,,buy,구매,1,,,missing,unknown,unknown,unknown,,active,needs_review,needs_review,희망가 미기재,missing,no,no,청버기 완덱 + 풀소스 구매합니다.
823bd7035e755cc15302eee8,onepiececardgame,원피스 카드게임,2026-08,2026-08-13T15:29:22+09:00,known,fdc1f8877f6dfb4ae2bdc29b,823bd7035e755cc15302eee8,107086,https://m.dcinside.com/board/onepiececardgame/107086,청버기 완덱 + 풀소스 구매합니다.,seller-8ad10b55fa52911e796a44cf,원딱러,registered,청버기 완덱 + 풀소스,청버기 완덱 + 풀소스,청버기 완덱 + 풀소스 .,,,buy,구매,1,,,missing,unknown,unknown,unknown,,active,needs_review,needs_review,희망가 미기재,missing,no,no,청버기 완덱 + 풀소스 구매합니다.
9d6203bf99f81c51d98a327b,onepiececardgame,원피스 카드게임,2026-08,2026-08-13T15:29:22+09:00,known,83b6aaa711ccef7959fd0916,9d6203bf99f81c51d98a327b,107086,https://m.dcinside.com/board/onepiececardgame/107086,청버기 완덱 + 풀소스 구매합니다.,seller-8ad10b55fa52911e796a44cf,원딱러,registered,청버기 완덱 + 풀소스,청버기 완덱 + 풀소스,청버기 완덱 + 풀소스 .,,,buy,구매,1,,,missing,unknown,unknown,unknown,,active,needs_review,needs_review,희망가 미기재,missing,no,no,청버기 완덱 + 풀소스 구매합니다.
eb886271cd910ca84f403142,onepiececardgame,원피스 카드게임,2026-08,2026-08-13T15:29:22+09:00,known,f1ca00874f7cc67acd18b222,eb886271cd910ca84f403142,107086,https://m.dcinside.com/board/onepiececardgame/107086,청버기 완덱 + 풀소스 구매합니다.,seller-8ad10b55fa52911e796a44cf,원딱러,registered,청버기 완덱 + 풀소스,청버기 완덱 + 풀소스,청버기 완덱 + 풀소스 .,,,buy,구매,1,,,missing,unknown,unknown,unknown,,active,needs_review,needs_review,희망가 미기재,missing,no,no,청버기 완덱 + 풀소스 구매합니다.
28d51646bc40122866365478,onepiececardgame,원피스 카드게임,2026-08,2026-08-13T15:34:11+09:00,known,2fefa0a1ffb7033e4259f3d3,28d51646bc40122866365478,107087,https://m.dcinside.com/board/onepiececardgame/107087,"8코키드, 적청 카드 삽니다",seller-8ad10b55fa52911e796a44cf,원딱러,registered,씨유반택 +,씨유반택 +,씨유반택 +,,,buy,구매,1,0.2,2000,estimated,bundle,text,unknown,,active,needs_review,needs_review,"가격 단위 추정, 복수 카드 가격, 배송비 포함 여부 미확정, 묶음·세트 총액 · 개별 카드 가격 아님",estimated,no,no,씨유반택 +0.2
310475d8cc97811d59a9a1b9,onepiececardgame,원피스 카드게임,2026-08,2026-08-13T15:34:11+09:00,known,3233975d776dc790674b1660,310475d8cc97811d59a9a1b9,107087,https://m.dcinside.com/board/onepiececardgame/107087,"8코키드, 적청 카드 삽니다",seller-8ad10b55fa52911e796a44cf,원딱러,registered,씨유반택 +,씨유반택 +,씨유반택 +,,,buy,구매,1,0.2,2000,estimated,bundle,text,unknown,,active,needs_review,needs_review,"가격 단위 추정, 복수 카드 가격, 배송비 포함 여부 미확정, 묶음·세트 총액 · 개별 카드 가격 아님",estimated,no,no,씨유반택 +0.2
527f682e1fe772c7655e66cb,onepiececardgame,원피스 카드게임,2026-08,2026-08-13T15:34:11+09:00,known,5739564639bcd3882a24bb4d,527f682e1fe772c7655e66cb,107087,https://m.dcinside.com/board/onepiececardgame/107087,"8코키드, 적청 카드 삽니다",seller-8ad10b55fa52911e796a44cf,원딱러,registered,씨유반택 +,씨유반택 +,씨유반택 +,,,buy,구매,1,0.2,2000,estimated,bundle,text,unknown,,active,needs_review,needs_review,"가격 단위 추정, 복수 카드 가격, 배송비 포함 여부 미확정, 묶음·세트 총액 · 개별 카드 가격 아님",estimated,no,no,씨유반택 +0.2
6eaaefbdc8e1fd0868094743,onepiececardgame,원피스 카드게임,2026-08,2026-08-13T15:34:11+09:00,known,4a9e56a8a54940cbe383d6b6,6eaaefbdc8e1fd0868094743,107087,https://m.dcinside.com/board/onepiececardgame/107087,"8코키드, 적청 카드 삽니다",seller-8ad10b55fa52911e796a44cf,원딱러,registered,씨유반택 +,씨유반택 +,씨유반택 +,,,buy,구매,1,0.2,2000,estimated,bundle,text,unknown,,active,needs_review,needs_review,"가격 단위 추정, 복수 카드 가격, 배송비 포함 여부 미확정, 묶음·세트 총액 · 개별 카드 가격 아님",estimated,no,no,씨유반택 +0.2
7ba12d2b07f51d7697eee137,onepiececardgame,원피스 카드게임,2026-08,2026-08-13T15:34:11+09:00,known,a712dc4742b4d545021943e6,7ba12d2b07f51d7697eee137,107087,https://m.dcinside.com/board/onepiececardgame/107087,"8코키드, 적청 카드 삽니다",seller-8ad10b55fa52911e796a44cf,원딱러,registered,씨유반택 +,씨유반택 +,씨유반택 +,,,buy,구매,1,0.2,2000,estimated,bundle,text,unknown,,active,needs_review,needs_review,"가격 단위 추정, 복수 카드 가격, 배송비 포함 여부 미확정, 묶음·세트 총액 · 개별 카드 가격 아님",estimated,no,no,씨유반택 +0.2
90f63659d9a931ca0d123712,onepiececardgame,원피스 카드게임,2026-08,2026-08-13T15:34:11+09:00,known,96c51dff8ef8f30f9775436b,90f63659d9a931ca0d123712,107087,https://m.dcinside.com/board/onepiececardgame/107087,"8코키드, 적청 카드 삽니다",seller-8ad10b55fa52911e796a44cf,원딱러,registered,씨유반택 +,씨유반택 +,씨유반택 +,,,buy,구매,1,0.2,2000,estimated,bundle,text,unknown,,active,needs_review,needs_review,"가격 단위 추정, 복수 카드 가격, 배송비 포함 여부 미확정, 묶음·세트 총액 · 개별 카드 가격 아님",estimated,no,no,씨유반택 +0.2
bb13a380d51e0e75aa523035,onepiececardgame,원피스 카드게임,2026-08,2026-08-13T15:34:11+09:00,known,1d333af509514310a532cb40,bb13a380d51e0e75aa523035,107087,https://m.dcinside.com/board/onepiececardgame/107087,"8코키드, 적청 카드 삽니다",seller-8ad10b55fa52911e796a44cf,원딱러,registered,씨유반택 +,씨유반택 +,씨유반택 +,,,buy,구매,1,0.2,2000,estimated,bundle,text,unknown,,active,needs_review,needs_review,"가격 단위 추정, 복수 카드 가격, 배송비 포함 여부 미확정, 묶음·세트 총액 · 개별 카드 가격 아님",estimated,no,no,씨유반택 +0.2
c1205b72524742e5256ed5e6,onepiececardgame,원피스 카드게임,2026-08,2026-08-13T15:34:11+09:00,known,798df700a19799466a58f5d7,c1205b72524742e5256ed5e6,107087,https://m.dcinside.com/board/onepiececardgame/107087,"8코키드, 적청 카드 삽니다",seller-8ad10b55fa52911e796a44cf,원딱러,registered,씨유반택 +,씨유반택 +,씨유반택 +,,,buy,구매,1,0.2,2000,estimated,bundle,text,unknown,,active,needs_review,needs_review,"가격 단위 추정, 복수 카드 가격, 배송비 포함 여부 미확정, 묶음·세트 총액 · 개별 카드 가격 아님",estimated,no,no,씨유반택 +0.2
06234892b4cc8dcb4b94a7a4,onepiececardgame,원피스 카드게임,2026-08,2026-08-13T16:58:03+09:00,known,1a75de1bfefa83ff616efda9,06234892b4cc8dcb4b94a7a4,107097,https://m.dcinside.com/board/onepiececardgame/107097,[구매] 자흑 니카에 들어가는 6 속공 루피 구합니다. (구매완료),seller-a8163dbea8004f716fef39ef,위너즈,guest,자흑 니카에 들어가는 속공 루피 . 완료,자흑 니카에 들어가는 속공 루피 . 완료,자흑 니카에 들어가는 6 속공 루피 . (완료,,,buy,구매,1,,,removed,unknown,unknown,unknown,,completed,context_only,needs_review,"희망가 미기재, 거래 완료 글 · 현재 매물 제외, 가격 삭제 추정",removed,no,no,[구매] 자흑 니카에 들어가는 6 속공 루피 구합니다. (구매완료)
12851b6b551d2f2f51caf51b,onepiececardgame,원피스 카드게임,2026-08,2026-08-13T16:58:03+09:00,known,bfc46df3657b75f0c1b8e282,12851b6b551d2f2f51caf51b,107097,https://m.dcinside.com/board/onepiececardgame/107097,[구매] 자흑 니카에 들어가는 6 속공 루피 구합니다. (구매완료),seller-adec4e0b5530503754f9cd3e,위너즈,guest,자흑 니카에 들어가는 속공 루피 . 완료,자흑 니카에 들어가는 속공 루피 . 완료,자흑 니카에 들어가는 6 속공 루피 . (완료,,,buy,구매,1,,,removed,unknown,unknown,unknown,,completed,context_only,needs_review,"희망가 미기재, 거래 완료 글 · 현재 매물 제외, 가격 삭제 추정",removed,no,no,[구매] 자흑 니카에 들어가는 6 속공 루피 구합니다. (구매완료)
2af6017f22d4964c8b0cf615,onepiececardgame,원피스 카드게임,2026-08,2026-08-13T16:58:03+09:00,known,c27f5cf5434732bc3eb0cf73,2af6017f22d4964c8b0cf615,107097,https://m.dcinside.com/board/onepiececardgame/107097,[구매] 자흑 니카에 들어가는 6 속공 루피 구합니다.,seller-896834e973563071801f7434,위너즈,guest,자흑 니카에 들어가는 속공 루피,자흑 니카에 들어가는 속공 루피,자흑 니카에 들어가는 6 속공 루피 .,,,buy,구매,1,,,missing,unknown,unknown,unknown,,active,needs_review,needs_review,희망가 미기재,missing,no,no,[구매] 자흑 니카에 들어가는 6 속공 루피 구합니다.
3438cabf2e47e3bcdfcf7243,onepiececardgame,원피스 카드게임,2026-08,2026-08-13T16:58:03+09:00,known,3dbe3c0247559d141c36c2ae,3438cabf2e47e3bcdfcf7243,107097,https://m.dcinside.com/board/onepiececardgame/107097,[구매] 자흑 니카에 들어가는 6 속공 루피 구합니다. (구매완료),seller-b9b76827cf57c8a24686301a,위너즈,guest,자흑 니카에 들어가는 속공 루피 . 완료,자흑 니카에 들어가는 속공 루피 . 완료,자흑 니카에 들어가는 6 속공 루피 . (완료,,,buy,구매,1,,,removed,unknown,unknown,unknown,,completed,context_only,needs_review,"희망가 미기재, 거래 완료 글 · 현재 매물 제외, 가격 삭제 추정",removed,no,no,[구매] 자흑 니카에 들어가는 6 속공 루피 구합니다. (구매완료)
84ea94dac06014797c558862,onepiececardgame,원피스 카드게임,2026-08,2026-08-13T16:58:03+09:00,known,02ce96c3e13859c11e92e65f,84ea94dac06014797c558862,107097,https://m.dcinside.com/board/onepiececardgame/107097,[구매] 자흑 니카에 들어가는 6 속공 루피 구합니다. (구매완료),seller-93aa9a1d1fcbc7bb6bd6e885,위너즈,guest,자흑 니카에 들어가는 속공 루피 . 완료,자흑 니카에 들어가는 속공 루피 . 완료,자흑 니카에 들어가는 6 속공 루피 . (완료,,,buy,구매,1,,,removed,unknown,unknown,unknown,,completed,context_only,needs_review,"희망가 미기재, 거래 완료 글 · 현재 매물 제외, 가격 삭제 추정",removed,no,no,[구매] 자흑 니카에 들어가는 6 속공 루피 구합니다. (구매완료)
911c34dacc5874cef72cb532,onepiececardgame,원피스 카드게임,2026-08,2026-08-13T16:58:03+09:00,known,e35cc26aa805c465b162a64a,911c34dacc5874cef72cb532,107097,https://m.dcinside.com/board/onepiececardgame/107097,[구매] 자흑 니카에 들어가는 6 속공 루피 구합니다. (구매완료),seller-f0b2ff3d7de480194fc8cbd0,위너즈,guest,자흑 니카에 들어가는 속공 루피 . 완료,자흑 니카에 들어가는 속공 루피 . 완료,자흑 니카에 들어가는 6 속공 루피 . (완료,,,buy,구매,1,,,removed,unknown,unknown,unknown,,completed,context_only,needs_review,"희망가 미기재, 거래 완료 글 · 현재 매물 제외, 가격 삭제 추정",removed,no,no,[구매] 자흑 니카에 들어가는 6 속공 루피 구합니다. (구매완료)
a372c6d8cc37e2fa865e07d3,onepiececardgame,원피스 카드게임,2026-08,2026-08-13T16:58:03+09:00,known,5d4ea0e7b494bd147066dc0b,a372c6d8cc37e2fa865e07d3,107097,https://m.dcinside.com/board/onepiececardgame/107097,[구매] 자흑 니카에 들어가는 6 속공 루피 구합니다. (구매완료),seller-b46521ee94f8ded861a71bf5,위너즈,guest,자흑 니카에 들어가는 속공 루피 . 완료,자흑 니카에 들어가는 속공 루피 . 완료,자흑 니카에 들어가는 6 속공 루피 . (완료,,,buy,구매,1,,,removed,unknown,unknown,unknown,,completed,context_only,needs_review,"희망가 미기재, 거래 완료 글 · 현재 매물 제외, 가격 삭제 추정",removed,no,no,[구매] 자흑 니카에 들어가는 6 속공 루피 구합니다. (구매완료)
e1640084951a9b6fe9e790ac,onepiececardgame,원피스 카드게임,2026-08,2026-08-13T16:58:03+09:00,known,07a1755b016deb5c0774f2af,e1640084951a9b6fe9e790ac,107097,https://m.dcinside.com/board/onepiececardgame/107097,[구매] 자흑 니카에 들어가는 6 속공 루피 구합니다. (구매완료),seller-7a8745c0d31d685049adb5a0,위너즈,guest,자흑 니카에 들어가는 속공 루피 . 완료,자흑 니카에 들어가는 속공 루피 . 완료,자흑 니카에 들어가는 6 속공 루피 . (완료,,,buy,구매,1,,,removed,unknown,unknown,unknown,,completed,context_only,needs_review,"희망가 미기재, 거래 완료 글 · 현재 매물 제외, 가격 삭제 추정",removed,no,no,[구매] 자흑 니카에 들어가는 6 속공 루피 구합니다. (구매완료)
