observation_id,game_id,game_name,year_month,posted_at,date_quality,source_id,row_id,post_id,post_url,post_title,seller_id,seller_name,author_type,card_key,card_name,card_name_raw,card_code,rarity,listing_type,listing_type_label,quantity,raw_price,price_krw_observed,price_status,price_scope,price_origin,shipping_included,shipping_price_krw,post_status,analysis_status,review_status,review_reason,price_confidence,price_candidate,include_in_price_stats,raw_line
584e15e7f251f2989f74257c,onepiececardgame,원피스 카드게임,2026-07,2026-07-12T18:11:39+09:00,known,8ffc85a288ff563bb90f5691,584e15e7f251f2989f74257c,100836,https://m.dcinside.com/board/onepiececardgame/100836,마르코 조즈 팝니다,seller-8ad10b55fa52911e796a44cf,원딱러,registered,전부 시,전부 시,전부 구매시,,,unknown,미분류,1,8.5,85000,estimated,bundle,text,unknown,,active,needs_review,needs_review,"가격 단위 추정, 일괄·세트 가격, 수량 확인 필요, 배송비 포함 여부 미확정, 묶음·세트 총액 · 개별 카드 가격 아님",estimated,no,no,전부 구매시 일괄 8.5
6390f352f62087f7b88e56d7,onepiececardgame,원피스 카드게임,2026-07,2026-07-12T18:11:39+09:00,known,8ffc85a288ff563bb90f5691,6390f352f62087f7b88e56d7,100836,https://m.dcinside.com/board/onepiececardgame/100836,마르코 조즈 팝니다,seller-8ad10b55fa52911e796a44cf,원딱러,registered,4블록 마르코 sr,4블록 마르코 sr,4블록 마르코 sr,,,unknown,미분류,12,,,missing,unknown,unknown,unknown,,active,needs_review,needs_review,수량 표기 감지 · 가격 미기재,missing,no,no,4블록 마르코 sr 4장 일괄8
d5c14b37f7b6c954739d7791,onepiececardgame,원피스 카드게임,2026-07,2026-07-12T18:11:39+09:00,known,8ffc85a288ff563bb90f5691,d5c14b37f7b6c954739d7791,100836,https://m.dcinside.com/board/onepiececardgame/100836,마르코 조즈 팝니다,seller-8ad10b55fa52911e796a44cf,원딱러,registered,6코 조즈,6코 조즈,6코 조즈,,,unknown,미분류,2,0.8,8000,estimated,bundle,text,unknown,,active,needs_review,needs_review,"가격 단위 추정, 수량 표기 감지, 일괄·세트 가격, 배송비 포함 여부 미확정, 묶음·세트 총액 · 개별 카드 가격 아님",estimated,no,no,6코 조즈 2장 일괄 0.8
bf9203f9f62aedd85f59e50a,onepiececardgame,원피스 카드게임,2026-07,2026-07-12T21:09:45+09:00,known,0fb8efcd42bde72d0e19bd0c,bf9203f9f62aedd85f59e50a,100859,https://m.dcinside.com/board/onepiececardgame/100859,12탄 황색로시 페레 삽니다,seller-29f0835235bcbd9db302ca05,gom8065..,guest,,장당,장당,,,unknown,미분류,1,0.8,8000,estimated,per_card,text,unknown,,active,excluded,needs_review,"가격 단위 추정, 배송비 포함 여부 미확정, 스크립트·광고 문구로 추정되는 오염 행",estimated,yes,no,장당0.8
e47e7ac0e8a1cd53b812962e,onepiececardgame,원피스 카드게임,2026-07,2026-07-12T21:09:45+09:00,known,0fb8efcd42bde72d0e19bd0c,e47e7ac0e8a1cd53b812962e,100859,https://m.dcinside.com/board/onepiececardgame/100859,12탄 황색로시 페레 삽니다,seller-29f0835235bcbd9db302ca05,gom8065..,guest,2에,2에,준등포2에 삽니다,,,unknown,미분류,2,,,missing,unknown,unknown,unknown,,active,needs_review,needs_review,수량 표기 감지 · 가격 미기재,missing,no,no,2장일괄 준등포2에 삽니다
a35e335ce43db33d2eadfa34,onepiececardgame,원피스 카드게임,2026-07,2026-07-12T23:24:23+09:00,known,6975af5380eb044ea81bdc90,a35e335ce43db33d2eadfa34,100884,https://m.dcinside.com/board/onepiececardgame/100884,OP12-034 페로나 4장 일괄로 삽니다,seller-8ad10b55fa52911e796a44cf,원딱러,registered,op12-034 서치 페로나 sr,op12-034 서치 페로나 sr,op12-034 서치 페로나 sr,,,unknown,미분류,1,5.0,50000,estimated,bundle,text,included,2000,active,needs_review,needs_review,"가격 단위 추정, 일괄·세트 가격, 묶음·세트 총액 · 개별 카드 가격 아님",estimated,no,no,op12-034 서치 페로나 sr 일괄 택포 5.0에 삽니다.
086dea39eba13a7c1ced1982,onepiececardgame,원피스 카드게임,2026-07,2026-07-13T03:19:02+09:00,known,c242942b132fae1a62a77434,086dea39eba13a7c1ced1982,100905,https://m.dcinside.com/board/onepiececardgame/100905,13탄 카드 몇장 판매 합니다,seller-8ad10b55fa52911e796a44cf,원딱러,registered,갤디노 페레,갤디노 페레,갤디노 페레,,,unknown,미분류,1,0.4,4000,estimated,per_card,text,unknown,,active,needs_review,needs_review,"가격 단위 추정, 배송비 포함 여부 미확정",estimated,yes,no,갤디노 페레 0.4
0a3cc1f1a0776250b87317eb,onepiececardgame,원피스 카드게임,2026-07,2026-07-13T03:19:02+09:00,known,c242942b132fae1a62a77434,0a3cc1f1a0776250b87317eb,100905,https://m.dcinside.com/board/onepiececardgame/100905,13탄 카드 몇장 판매 합니다,seller-8ad10b55fa52911e796a44cf,원딱러,registered,오로성 sr,오로성 sr,오로성 sr,,,unknown,미분류,1,2.0,20000,estimated,per_card,text,unknown,,active,needs_review,needs_review,"가격 단위 추정, 배송비 포함 여부 미확정",estimated,yes,no,오로성 sr 2.0
292d2825fb893adf35da8fd5,onepiececardgame,원피스 카드게임,2026-07,2026-07-13T03:19:02+09:00,known,c242942b132fae1a62a77434,292d2825fb893adf35da8fd5,100905,https://m.dcinside.com/board/onepiececardgame/100905,13탄 카드 몇장 판매 합니다,seller-8ad10b55fa52911e796a44cf,원딱러,registered,사보 리더페레,사보 리더페레,사보 리더페레,,,unknown,미분류,1,3.5,35000,estimated,per_card,text,unknown,,active,needs_review,needs_review,"가격 단위 추정, 배송비 포함 여부 미확정",estimated,yes,no,사보 리더페레 3.5
322e04e3e5059d8c9aaf4357,onepiececardgame,원피스 카드게임,2026-07,2026-07-13T03:19:02+09:00,known,c242942b132fae1a62a77434,322e04e3e5059d8c9aaf4357,100905,https://m.dcinside.com/board/onepiececardgame/100905,13탄 카드 몇장 판매 합니다,seller-8ad10b55fa52911e796a44cf,원딱러,registered,에이스,에이스,에이스,,시크,unknown,미분류,1,0.5,5000,estimated,per_card,text,unknown,,active,needs_review,needs_review,"가격 단위 추정, 배송비 포함 여부 미확정",estimated,yes,no,에이스 시크 0.5
63037dcfc4acacbcc613f312,onepiececardgame,원피스 카드게임,2026-07,2026-07-13T03:19:02+09:00,known,c242942b132fae1a62a77434,63037dcfc4acacbcc613f312,100905,https://m.dcinside.com/board/onepiececardgame/100905,13탄 카드 몇장 판매 합니다,seller-8ad10b55fa52911e796a44cf,원딱러,registered,사보 sr,사보 sr,사보 sr,,,unknown,미분류,1,0.2,2000,estimated,per_card,text,unknown,,active,needs_review,needs_review,"가격 단위 추정, 배송비 포함 여부 미확정",estimated,yes,no,사보 sr 0.2
7c070680aaffb14487158ff5,onepiececardgame,원피스 카드게임,2026-07,2026-07-13T03:19:02+09:00,known,c242942b132fae1a62a77434,7c070680aaffb14487158ff5,100905,https://m.dcinside.com/board/onepiececardgame/100905,13탄 카드 몇장 판매 합니다,seller-8ad10b55fa52911e796a44cf,원딱러,registered,푸딩 sr,푸딩 sr,푸딩 sr,,,unknown,미분류,1,0.1,1000,estimated,per_card,text,unknown,,active,needs_review,needs_review,"가격 단위 추정, 배송비 포함 여부 미확정",estimated,yes,no,푸딩 sr 0.1
7d0e1342c42fe3e720631a16,onepiececardgame,원피스 카드게임,2026-07,2026-07-13T03:19:02+09:00,known,c242942b132fae1a62a77434,7d0e1342c42fe3e720631a16,100905,https://m.dcinside.com/board/onepiececardgame/100905,13탄 카드 몇장 판매 합니다,seller-8ad10b55fa52911e796a44cf,원딱러,registered,우타 sr,우타 sr,우타 sr,,,unknown,미분류,1,0.1,1000,estimated,per_card,text,unknown,,active,needs_review,needs_review,"가격 단위 추정, 배송비 포함 여부 미확정",estimated,yes,no,우타 sr 0.1
9920953cb10fc666ca8b7693,onepiececardgame,원피스 카드게임,2026-07,2026-07-13T03:19:02+09:00,known,c242942b132fae1a62a77434,9920953cb10fc666ca8b7693,100905,https://m.dcinside.com/board/onepiececardgame/100905,13탄 카드 몇장 판매 합니다,seller-8ad10b55fa52911e796a44cf,원딱러,registered,레일리 sr,레일리 sr,레일리 sr,,,unknown,미분류,1,0.2,2000,estimated,per_card,text,unknown,,active,needs_review,needs_review,"가격 단위 추정, 배송비 포함 여부 미확정",estimated,yes,no,레일리 sr 0.2
9b96453fac095273435600a4,onepiececardgame,원피스 카드게임,2026-07,2026-07-13T03:19:02+09:00,known,c242942b132fae1a62a77434,9b96453fac095273435600a4,100905,https://m.dcinside.com/board/onepiececardgame/100905,13탄 카드 몇장 판매 합니다,seller-8ad10b55fa52911e796a44cf,원딱러,registered,로저 sr,로저 sr,로저 sr,,,unknown,미분류,1,0.1,1000,estimated,per_card,text,unknown,,active,needs_review,needs_review,"가격 단위 추정, 배송비 포함 여부 미확정",estimated,yes,no,로저 sr 0.1
a1ccff62ac4a2c9cccab11cb,onepiececardgame,원피스 카드게임,2026-07,2026-07-13T03:19:02+09:00,known,c242942b132fae1a62a77434,a1ccff62ac4a2c9cccab11cb,100905,https://m.dcinside.com/board/onepiececardgame/100905,13탄 카드 몇장 판매 합니다,seller-8ad10b55fa52911e796a44cf,원딱러,registered,일택 편택,일택 편택,일택 4.0 편택,,,unknown,미분류,1,0.2,2000,estimated,per_card,text,unknown,,active,needs_review,needs_review,"가격 단위 추정, 배송비 포함 여부 미확정",estimated,yes,no,일택 4.0 편택 0.2
bff9792bec8e2f5fd61c3fd3,onepiececardgame,원피스 카드게임,2026-07,2026-07-13T03:19:02+09:00,known,c242942b132fae1a62a77434,bff9792bec8e2f5fd61c3fd3,100905,https://m.dcinside.com/board/onepiececardgame/100905,13탄 카드 몇장 판매 합니다,seller-8ad10b55fa52911e796a44cf,원딱러,registered,로저금둥,로저금둥,로저금둥,,,unknown,미분류,1,1.0,10000,estimated,per_card,text,unknown,,active,needs_review,needs_review,"가격 단위 추정, 배송비 포함 여부 미확정",estimated,yes,no,로저금둥 1.0
cebcbb1b381cb621e28f8c6f,onepiececardgame,원피스 카드게임,2026-07,2026-07-13T03:19:02+09:00,known,c242942b132fae1a62a77434,cebcbb1b381cb621e28f8c6f,100905,https://m.dcinside.com/board/onepiececardgame/100905,13탄 카드 몇장 판매 합니다,seller-8ad10b55fa52911e796a44cf,원딱러,registered,일괄 시,일괄 시,일괄구매시,,,unknown,미분류,1,8.0,80000,estimated,bundle,text,included,2000,active,needs_review,needs_review,"가격 단위 추정, 일괄·세트 가격, 묶음·세트 총액 · 개별 카드 가격 아님",estimated,no,no,일괄구매시 8.0에 택포 해드립니다
47917caf647ab856a747c83b,onepiececardgame,원피스 카드게임,2026-07,2026-07-13T08:21:43+09:00,known,eb8096a4692b5f7a8bca8855,47917caf647ab856a747c83b,100913,https://m.dcinside.com/board/onepiececardgame/100913,2코스트 황히요리 4장 반택포 4에 구매합니다,seller-8ad10b55fa52911e796a44cf,원딱러,registered,반,반,반택포,,,unknown,미분류,4,4,40000,estimated,bundle,text,included,2000,active,excluded,needs_review,"가격 단위 추정, 수량 표기 감지, 일괄·세트 가격, 묶음·세트 총액 · 개별 카드 가격 아님, 스크립트·광고 문구로 추정되는 오염 행",estimated,no,no,4장 일괄 반택포 4에 구매합니다
8cacd43eff5de2610ccfb072,onepiececardgame,원피스 카드게임,2026-07,2026-07-13T09:47:31+09:00,known,6fa003e4b757157cf1463b73,8cacd43eff5de2610ccfb072,100917,https://m.dcinside.com/board/onepiececardgame/100917,prb2 4코 마르코 3장 구함,seller-4971872f3ab2eb16a54c56dc,ㅇㅇ,guest,,,,,,unknown,미분류,1,6,60000,estimated,bundle,text,unknown,,active,needs_review,needs_review,"일괄·세트 가격, 배송비 포함 여부 미확정, 카드명 확인 필요, 묶음·세트 총액 · 개별 카드 가격 아님",estimated,no,no,일괄 6만원에 구함
a3c848ba0668938b4aed5edd,onepiececardgame,원피스 카드게임,2026-07,2026-07-13T11:53:40+09:00,known,c59a69a237007cde90e98232,a3c848ba0668938b4aed5edd,100937,https://m.dcinside.com/board/onepiececardgame/100937,10탄 5로시난테 구해요,seller-d701b495e6f04ceaedfb5266,부떡,registered,반,반,반택포,,,unknown,미분류,3,1.0,10000,estimated,bundle,text,included,2000,active,excluded,needs_review,"가격 단위 추정, 수량 표기 감지, 일괄·세트 가격, 묶음·세트 총액 · 개별 카드 가격 아님, 스크립트·광고 문구로 추정되는 오염 행",estimated,no,no,3장 일괄 반택포 1.0 구매합니다
031a7b90b04318dde3a1eb8b,onepiececardgame,원피스 카드게임,2026-07,2026-07-13T12:04:43+09:00,known,15440cc3f4b1006b49bf0442,031a7b90b04318dde3a1eb8b,100941,https://m.dcinside.com/board/onepiececardgame/100941,"마르코 페레 4장, 9수염 sp 구매합니다",seller-8a48db8a13f323927f250a1c,ㅇㅇ,guest,DOM 삽입 헬퍼 현재 스크립트 위치 기준,DOM 삽입 헬퍼 현재 스크립트 위치 기준,// ---- DOM 삽입 헬퍼 (현재 스크립트 위치 기준,,,unknown,미분류,1,,,missing,unknown,unknown,unknown,,active,excluded,needs_review,"가격 후보 재검토 필요, 가격 미기재, 스크립트·광고 문구로 추정되는 오염 행",missing,no,no,// ---- DOM 삽입 헬퍼 (현재 스크립트 위치 기준1)
2fcf4bb0d8928854f17a34df,onepiececardgame,원피스 카드게임,2026-07,2026-07-13T12:04:43+09:00,known,15440cc3f4b1006b49bf0442,2fcf4bb0d8928854f17a34df,100941,https://m.dcinside.com/board/onepiececardgame/100941,"마르코 페레 4장, 9수염 sp 구매합니다",seller-8a48db8a13f323927f250a1c,ㅇㅇ,guest,9수염 sp,9수염 sp,9수염 sp 장당,,,unknown,미분류,1,4,40000,estimated,per_card,text,unknown,,active,needs_review,needs_review,"가격 단위 추정, 배송비 포함 여부 미확정",estimated,yes,no,"9수염 sp 장당 4, 2장까지"
405cc1c51a2a59b25a6ee8b8,onepiececardgame,원피스 카드게임,2026-07,2026-07-13T12:04:43+09:00,known,15440cc3f4b1006b49bf0442,405cc1c51a2a59b25a6ee8b8,100941,https://m.dcinside.com/board/onepiececardgame/100941,"마르코 페레 4장, 9수염 sp 구매합니다",seller-8a48db8a13f323927f250a1c,ㅇㅇ,guest,loadScript ' t,loadScript ' t,loadScript('//t,,,unknown,미분류,1,,,missing,unknown,unknown,unknown,,active,excluded,needs_review,"가격 후보 재검토 필요, 가격 미기재, 스크립트·광고 문구로 추정되는 오염 행",missing,no,no,"loadScript('//t1.kakaocdn.net/kas/static/ba.min.js', true);"
4f7f216cf54fc22ccb8d20a0,onepiececardgame,원피스 카드게임,2026-07,2026-07-13T12:04:43+09:00,known,15440cc3f4b1006b49bf0442,4f7f216cf54fc22ccb8d20a0,100941,https://m.dcinside.com/board/onepiececardgame/100941,"마르코 페레 4장, 9수염 sp 구매합니다",seller-8a48db8a13f323927f250a1c,ㅇㅇ,guest,마르코 페레,마르코 페레,마르코 페레,,,unknown,미분류,4,20,200000,estimated,bundle,text,unknown,,active,needs_review,needs_review,"가격 단위 추정, 수량 표기 감지, 일괄·세트 가격, 배송비 포함 여부 미확정, 묶음·세트 총액 · 개별 카드 가격 아님",estimated,no,no,마르코 페레 4장 일괄 20
81e1eed1cd18eeff6825e220,onepiececardgame,원피스 카드게임,2026-07,2026-07-13T12:04:43+09:00,known,15440cc3f4b1006b49bf0442,81e1eed1cd18eeff6825e220,100941,https://m.dcinside.com/board/onepiececardgame/100941,"마르코 페레 4장, 9수염 sp 구매합니다",seller-8a48db8a13f323927f250a1c,ㅇㅇ,guest,var safe = window.dcAd && window.dcAd.safe ==,var safe = window.dcAd && window.dcAd.safe ==,var safe = (window.dcAd && window.dcAd.safe ==,,,unknown,미분류,1,1,10000,estimated,bundle,text,unknown,,active,excluded,needs_review,"가격 단위 추정, 복수 카드 가격, 배송비 포함 여부 미확정, 묶음·세트 총액 · 개별 카드 가격 아님, 스크립트·광고 문구로 추정되는 오염 행",estimated,no,no,var safe = (window.dcAd && window.dcAd.safe == 1)
e010af0e759dbcbc9c1714c0,onepiececardgame,원피스 카드게임,2026-07,2026-07-13T12:04:43+09:00,known,15440cc3f4b1006b49bf0442,e010af0e759dbcbc9c1714c0,100941,https://m.dcinside.com/board/onepiececardgame/100941,"마르코 페레 4장, 9수염 sp 구매합니다",seller-8a48db8a13f323927f250a1c,ㅇㅇ,guest,loadScript 'https pagead,loadScript 'https pagead,loadScript('https://pagead,,,unknown,미분류,1,,,missing,unknown,unknown,unknown,,active,excluded,needs_review,"가격 후보 재검토 필요, 가격 미기재, 스크립트·광고 문구로 추정되는 오염 행",missing,no,no,"loadScript('https://pagead2.googlesyndication.com/pagead/js/adsbygoogle_direct.js?client=ca-pub-8171468792791627', true, 'anonymous');"
15ab89304e62a9bc66fd98d5,onepiececardgame,원피스 카드게임,2026-07,2026-07-13T14:44:07+09:00,known,58528aa44fd665a4ab4c8b82,15ab89304e62a9bc66fd98d5,100965,https://m.dcinside.com/board/onepiececardgame/100965,청황소스 삽니다!!,seller-8ad10b55fa52911e796a44cf,원딱러,registered,2코 베이비 OP12-112,2코 베이비 OP12-112,2코 베이비 OP12-112 - 0.33 (,,,unknown,미분류,8,1,10000,estimated,bundle,text,unknown,,active,needs_review,needs_review,"수량 표기 감지, 일괄·세트 가격, 배송비 포함 여부 미확정, 묶음·세트 총액 · 개별 카드 가격 아님",estimated,no,no,2코 베이비5 OP12-112 3장 - 0.33 (일괄 1만)
6433993eb2cd168b2d647d79,onepiececardgame,원피스 카드게임,2026-07,2026-07-13T14:44:07+09:00,known,58528aa44fd665a4ab4c8b82,6433993eb2cd168b2d647d79,100965,https://m.dcinside.com/board/onepiececardgame/100965,청황소스 삽니다!!,seller-8ad10b55fa52911e796a44cf,원딱러,registered,키드 OP10-112,키드 OP10-112,키드 OP10-112,,,unknown,미분류,3,0.5,5000,estimated,per_quantity,text,unknown,,active,needs_review,needs_review,"가격 단위 추정, 수량 표기 감지, 배송비 포함 여부 미확정, 복수 수량 총액 · 카드 1장 가격 아님",estimated,no,no,키드 3장 OP10-112- 0.5
6ddda440e029b7cd5aedeaff,onepiececardgame,원피스 카드게임,2026-07,2026-07-13T14:44:07+09:00,known,58528aa44fd665a4ab4c8b82,6ddda440e029b7cd5aedeaff,100965,https://m.dcinside.com/board/onepiececardgame/100965,청황소스 삽니다!!,seller-8ad10b55fa52911e796a44cf,원딱러,registered,히요리sr OP06-106,히요리sr OP06-106,히요리sr OP06-106,,,unknown,미분류,1,0.8,8000,estimated,per_card,text,unknown,,active,needs_review,needs_review,"가격 단위 추정, 수량 표기 감지, 배송비 포함 여부 미확정",estimated,yes,no,히요리sr OP06-106 1장 - 0.8
6fca5065092c94c23e70ec6a,onepiececardgame,원피스 카드게임,2026-07,2026-07-13T14:44:07+09:00,known,58528aa44fd665a4ab4c8b82,6fca5065092c94c23e70ec6a,100965,https://m.dcinside.com/board/onepiececardgame/100965,청황소스 삽니다!!,seller-8ad10b55fa52911e796a44cf,원딱러,registered,소녀,소녀,소녀,,,unknown,미분류,4,,,missing,unknown,unknown,unknown,,active,needs_review,needs_review,수량 표기 감지 · 가격 미기재,missing,no,no,소녀 1장 -3
07456ea793733b239bd64036,onepiececardgame,원피스 카드게임,2026-07,2026-07-13T15:26:28+09:00,known,1f3db152b3e259ea1f748787,07456ea793733b239bd64036,100973,https://m.dcinside.com/board/onepiececardgame/100973,[구매] 스탠 적 프랑키 2코 적루피 페레,seller-8ad10b55fa52911e796a44cf,원딱러,registered,var safe = window.dcAd && window.dcAd.safe ==,var safe = window.dcAd && window.dcAd.safe ==,var safe = (window.dcAd && window.dcAd.safe ==,,,unknown,미분류,1,1,10000,estimated,bundle,text,unknown,,active,excluded,needs_review,"가격 단위 추정, 복수 카드 가격, 배송비 포함 여부 미확정, 묶음·세트 총액 · 개별 카드 가격 아님, 스크립트·광고 문구로 추정되는 오염 행",estimated,no,no,var safe = (window.dcAd && window.dcAd.safe == 1)
6b8b907d7d0247254c3ed3f4,onepiececardgame,원피스 카드게임,2026-07,2026-07-13T15:26:28+09:00,known,1f3db152b3e259ea1f748787,6b8b907d7d0247254c3ed3f4,100973,https://m.dcinside.com/board/onepiececardgame/100973,[구매] 스탠 적 프랑키 2코 적루피 페레,seller-8ad10b55fa52911e796a44cf,원딱러,registered,DOM 삽입 헬퍼 현재 스크립트 위치 기준,DOM 삽입 헬퍼 현재 스크립트 위치 기준,// ---- DOM 삽입 헬퍼 (현재 스크립트 위치 기준,,,unknown,미분류,1,,,missing,unknown,unknown,unknown,,active,excluded,needs_review,"가격 후보 재검토 필요, 가격 미기재, 스크립트·광고 문구로 추정되는 오염 행",missing,no,no,// ---- DOM 삽입 헬퍼 (현재 스크립트 위치 기준1)
87135f2616b0b009f34ce9ac,onepiececardgame,원피스 카드게임,2026-07,2026-07-13T15:26:28+09:00,known,1f3db152b3e259ea1f748787,87135f2616b0b009f34ce9ac,100973,https://m.dcinside.com/board/onepiececardgame/100973,[구매] 스탠 적 프랑키 2코 적루피 페레,seller-8ad10b55fa52911e796a44cf,원딱러,registered,loadScript ' t,loadScript ' t,loadScript('//t,,,unknown,미분류,1,,,missing,unknown,unknown,unknown,,active,excluded,needs_review,"가격 후보 재검토 필요, 가격 미기재, 스크립트·광고 문구로 추정되는 오염 행",missing,no,no,"loadScript('//t1.kakaocdn.net/kas/static/ba.min.js', true);"
d4e60d9b577742dc63c09a46,onepiececardgame,원피스 카드게임,2026-07,2026-07-13T15:26:28+09:00,known,1f3db152b3e259ea1f748787,d4e60d9b577742dc63c09a46,100973,https://m.dcinside.com/board/onepiececardgame/100973,[구매] 스탠 적 프랑키 2코 적루피 페레,seller-8ad10b55fa52911e796a44cf,원딱러,registered,loadScript 'https pagead,loadScript 'https pagead,loadScript('https://pagead,,,unknown,미분류,1,,,missing,unknown,unknown,unknown,,active,excluded,needs_review,"가격 후보 재검토 필요, 가격 미기재, 스크립트·광고 문구로 추정되는 오염 행",missing,no,no,"loadScript('https://pagead2.googlesyndication.com/pagead/js/adsbygoogle_direct.js?client=ca-pub-8171468792791627', true, 'anonymous');"
80d2edabfcaf6ec7913c1bb5,onepiececardgame,원피스 카드게임,2026-07,2026-07-13T15:50:11+09:00,known,1135ec6555c2052dd2cd8bde,80d2edabfcaf6ec7913c1bb5,100975,https://m.dcinside.com/board/onepiececardgame/100975,청자상디 팝니다(판완),seller-54334f2098381f616f53b4c9,xal,guest,오늘내에 하시면,오늘내에 하시면,오늘내에 구매하시면,,,unknown,미분류,1,3.5,35000,estimated,per_card,text,unknown,,active,needs_review,needs_review,"가격 단위 추정, 배송비 포함 여부 미확정",estimated,yes,no,오늘내에 구매하시면 3.5에 드려요
2ad9ee28f6a7d88ee862af56,onepiececardgame,원피스 카드게임,2026-07,2026-07-13T16:55:30+09:00,known,6cc4633fe1436893fd63ef5f,2ad9ee28f6a7d88ee862af56,100994,https://m.dcinside.com/board/onepiececardgame/100994,사보리더페레등 13탄 카드몇장팝니다,seller-8ad10b55fa52911e796a44cf,원딱러,registered,일택 반택,일택 반택,일택 0.4 반택,,,unknown,미분류,1,0.2,2000,estimated,per_card,text,unknown,,active,needs_review,needs_review,"가격 단위 추정, 배송비 포함 여부 미확정",estimated,yes,no,일택 0.4 반택 0.2
4e7df9014c72037d19dd497c,onepiececardgame,원피스 카드게임,2026-07,2026-07-13T16:55:30+09:00,known,6cc4633fe1436893fd63ef5f,4e7df9014c72037d19dd497c,100994,https://m.dcinside.com/board/onepiececardgame/100994,사보리더페레등 13탄 카드몇장팝니다,seller-8ad10b55fa52911e796a44cf,원딱러,registered,푸딩 sr,푸딩 sr,푸딩 sr,,,unknown,미분류,1,0.1,1000,estimated,per_card,text,unknown,,active,needs_review,needs_review,"가격 단위 추정, 배송비 포함 여부 미확정",estimated,yes,no,푸딩 sr 0.1
5ced40ec0777279482f38be5,onepiececardgame,원피스 카드게임,2026-07,2026-07-13T16:55:30+09:00,known,6cc4633fe1436893fd63ef5f,5ced40ec0777279482f38be5,100994,https://m.dcinside.com/board/onepiececardgame/100994,사보리더페레등 13탄 카드몇장팝니다,seller-8ad10b55fa52911e796a44cf,원딱러,registered,오로성 sr,오로성 sr,오로성 sr,,,unknown,미분류,1,1.5,15000,estimated,per_card,text,unknown,,active,needs_review,needs_review,"가격 단위 추정, 배송비 포함 여부 미확정",estimated,yes,no,오로성 sr 1.5
86d245c8d143b3043ffbabac,onepiececardgame,원피스 카드게임,2026-07,2026-07-13T16:55:30+09:00,known,6cc4633fe1436893fd63ef5f,86d245c8d143b3043ffbabac,100994,https://m.dcinside.com/board/onepiececardgame/100994,사보리더페레등 13탄 카드몇장팝니다,seller-8ad10b55fa52911e796a44cf,원딱러,registered,사보 리더페레,사보 리더페레,사보 리더페레,,,unknown,미분류,1,3.0,30000,estimated,per_card,text,unknown,,active,needs_review,needs_review,"가격 단위 추정, 배송비 포함 여부 미확정",estimated,yes,no,사보 리더페레 3.0
88ccbbeb504d0316fc0d6c19,onepiececardgame,원피스 카드게임,2026-07,2026-07-13T16:55:30+09:00,known,6cc4633fe1436893fd63ef5f,88ccbbeb504d0316fc0d6c19,100994,https://m.dcinside.com/board/onepiececardgame/100994,사보리더페레등 13탄 카드몇장팝니다,seller-8ad10b55fa52911e796a44cf,원딱러,registered,사보 sr,사보 sr,사보 sr,,,unknown,미분류,1,0.2,2000,estimated,per_card,text,unknown,,active,needs_review,needs_review,"가격 단위 추정, 배송비 포함 여부 미확정",estimated,yes,no,사보 sr 0.2
b50343fdd92e22f2f4fa1108,onepiececardgame,원피스 카드게임,2026-07,2026-07-13T16:55:30+09:00,known,6cc4633fe1436893fd63ef5f,b50343fdd92e22f2f4fa1108,100994,https://m.dcinside.com/board/onepiececardgame/100994,사보리더페레등 13탄 카드몇장팝니다,seller-8ad10b55fa52911e796a44cf,원딱러,registered,레일리 sr,레일리 sr,레일리 sr,,,unknown,미분류,1,0.2,2000,estimated,per_card,text,unknown,,active,needs_review,needs_review,"가격 단위 추정, 배송비 포함 여부 미확정",estimated,yes,no,레일리 sr 0.2
b6124e4c21e2f6a9d8156cc9,onepiececardgame,원피스 카드게임,2026-07,2026-07-13T16:55:30+09:00,known,6cc4633fe1436893fd63ef5f,b6124e4c21e2f6a9d8156cc9,100994,https://m.dcinside.com/board/onepiececardgame/100994,사보리더페레등 13탄 카드몇장팝니다,seller-8ad10b55fa52911e796a44cf,원딱러,registered,로저 sr,로저 sr,로저 sr,,,unknown,미분류,1,0.1,1000,estimated,per_card,text,unknown,,active,needs_review,needs_review,"가격 단위 추정, 배송비 포함 여부 미확정",estimated,yes,no,로저 sr 0.1
c632731ce3d68d5c20c6a33f,onepiececardgame,원피스 카드게임,2026-07,2026-07-13T16:55:30+09:00,known,6cc4633fe1436893fd63ef5f,c632731ce3d68d5c20c6a33f,100994,https://m.dcinside.com/board/onepiececardgame/100994,사보리더페레등 13탄 카드몇장팝니다,seller-8ad10b55fa52911e796a44cf,원딱러,registered,로저금둥,로저금둥,로저금둥,,,unknown,미분류,1,1.0,10000,estimated,per_card,text,unknown,,active,needs_review,needs_review,"가격 단위 추정, 배송비 포함 여부 미확정",estimated,yes,no,로저금둥 1.0
c82bc199c3bad1dc02a57d64,onepiececardgame,원피스 카드게임,2026-07,2026-07-13T16:55:30+09:00,known,6cc4633fe1436893fd63ef5f,c82bc199c3bad1dc02a57d64,100994,https://m.dcinside.com/board/onepiececardgame/100994,사보리더페레등 13탄 카드몇장팝니다,seller-8ad10b55fa52911e796a44cf,원딱러,registered,에이스,에이스,에이스,,시크,unknown,미분류,1,0.5,5000,estimated,per_card,text,unknown,,active,needs_review,needs_review,"가격 단위 추정, 배송비 포함 여부 미확정",estimated,yes,no,에이스 시크 0.5
d2c229e1a402e355a3943758,onepiececardgame,원피스 카드게임,2026-07,2026-07-13T16:55:30+09:00,known,6cc4633fe1436893fd63ef5f,d2c229e1a402e355a3943758,100994,https://m.dcinside.com/board/onepiececardgame/100994,사보리더페레등 13탄 카드몇장팝니다,seller-8ad10b55fa52911e796a44cf,원딱러,registered,우타 sr,우타 sr,우타 sr,,,unknown,미분류,1,0.1,1000,estimated,per_card,text,unknown,,active,needs_review,needs_review,"가격 단위 추정, 배송비 포함 여부 미확정",estimated,yes,no,우타 sr 0.1
e5b7d9dec74ba85081fc7272,onepiececardgame,원피스 카드게임,2026-07,2026-07-13T16:55:30+09:00,known,6cc4633fe1436893fd63ef5f,e5b7d9dec74ba85081fc7272,100994,https://m.dcinside.com/board/onepiececardgame/100994,사보리더페레등 13탄 카드몇장팝니다,seller-8ad10b55fa52911e796a44cf,원딱러,registered,갤디노 페레,갤디노 페레,갤디노 페레,,,unknown,미분류,1,0.4,4000,estimated,per_card,text,unknown,,active,needs_review,needs_review,"가격 단위 추정, 배송비 포함 여부 미확정",estimated,yes,no,갤디노 페레 0.4
ff7760a2bb92d14d62cd20f9,onepiececardgame,원피스 카드게임,2026-07,2026-07-13T16:55:30+09:00,known,6cc4633fe1436893fd63ef5f,ff7760a2bb92d14d62cd20f9,100994,https://m.dcinside.com/board/onepiececardgame/100994,사보리더페레등 13탄 카드몇장팝니다,seller-8ad10b55fa52911e796a44cf,원딱러,registered,시,시,구매시,,,unknown,미분류,1,7.0,70000,estimated,bundle,text,included,2000,active,needs_review,needs_review,"가격 단위 추정, 일괄·세트 가격, 묶음·세트 총액 · 개별 카드 가격 아님",estimated,no,no,일괄 구매시 7.0에 택포해서 판매합니다
04ca0c869c53d03a943adcca,onepiececardgame,원피스 카드게임,2026-07,2026-07-13T17:19:58+09:00,known,9925cb64997658fd350162ef,04ca0c869c53d03a943adcca,100999,https://m.dcinside.com/board/onepiececardgame/100999,"여러가지 잡카드,적청에이스 소스약간 팝니다",seller-515a7c526110738e10385e1f,Cesario,registered,구도류 망자의 장난,구도류 망자의 장난,구도류 망자의 장난,,,unknown,미분류,1,0.3,3000,estimated,per_card,text,included,2000,active,needs_review,needs_review,가격 단위 추정,estimated,yes,no,구도류 망자의 장난 0.3
07e537bce7091f63ebb04703,onepiececardgame,원피스 카드게임,2026-07,2026-07-13T17:19:58+09:00,known,9925cb64997658fd350162ef,07e537bce7091f63ebb04703,100999,https://m.dcinside.com/board/onepiececardgame/100999,"여러가지 잡카드,적청에이스 소스약간 팝니다",seller-515a7c526110738e10385e1f,Cesario,registered,4코 라분sr,4코 라분sr,4코 라분sr,,,unknown,미분류,1,0.2,2000,estimated,per_card,text,included,2000,active,needs_review,needs_review,가격 단위 추정,estimated,yes,no,4코 라분sr 0.2
0e4c9efdcf5fd33255023fcd,onepiececardgame,원피스 카드게임,2026-07,2026-07-13T17:19:58+09:00,known,9925cb64997658fd350162ef,0e4c9efdcf5fd33255023fcd,100999,https://m.dcinside.com/board/onepiececardgame/100999,"여러가지 잡카드,적청에이스 소스약간 팝니다",seller-515a7c526110738e10385e1f,Cesario,registered,3코 포르체sr,3코 포르체sr,3코 포르체sr 장당,,,unknown,미분류,1,0.2,2000,estimated,per_card,text,included,2000,active,needs_review,needs_review,가격 단위 추정,estimated,yes,no,3코 포르체sr 장당 0.2
0fd7da47716c78a9ad42f2e9,onepiececardgame,원피스 카드게임,2026-07,2026-07-13T17:19:58+09:00,known,9925cb64997658fd350162ef,0fd7da47716c78a9ad42f2e9,100999,https://m.dcinside.com/board/onepiececardgame/100999,"여러가지 잡카드,적청에이스 소스약간 팝니다",seller-515a7c526110738e10385e1f,Cesario,registered,5코 베가펑크sr,5코 베가펑크sr,5코 베가펑크sr,,,unknown,미분류,1,0.3,3000,estimated,per_card,text,included,2000,active,needs_review,needs_review,가격 단위 추정,estimated,yes,no,5코 베가펑크sr 0.3
2cbdc53c99f5d4fa5ddd1cd5,onepiececardgame,원피스 카드게임,2026-07,2026-07-13T17:19:58+09:00,known,9925cb64997658fd350162ef,2cbdc53c99f5d4fa5ddd1cd5,100999,https://m.dcinside.com/board/onepiececardgame/100999,"여러가지 잡카드,적청에이스 소스약간 팝니다",seller-515a7c526110738e10385e1f,Cesario,registered,8코 도플라밍고sr,8코 도플라밍고sr,8코 도플라밍고sr 장당,,,unknown,미분류,1,0.1,1000,estimated,per_card,text,included,2000,active,needs_review,needs_review,가격 단위 추정,estimated,yes,no,8코 도플라밍고sr 장당 0.1
2d250d2287410dded5d6bdfd,onepiececardgame,원피스 카드게임,2026-07,2026-07-13T17:19:58+09:00,known,9925cb64997658fd350162ef,2d250d2287410dded5d6bdfd,100999,https://m.dcinside.com/board/onepiececardgame/100999,"여러가지 잡카드,적청에이스 소스약간 팝니다",seller-515a7c526110738e10385e1f,Cesario,registered,9코 스튜시 sr,9코 스튜시 sr,9코 스튜시 sr 장당,,,unknown,미분류,1,0.2,2000,estimated,per_card,text,included,2000,active,needs_review,needs_review,가격 단위 추정,estimated,yes,no,9코 스튜시 sr 장당 0.2
3085216639ee86073c8acf35,onepiececardgame,원피스 카드게임,2026-07,2026-07-13T17:19:58+09:00,known,9925cb64997658fd350162ef,3085216639ee86073c8acf35,100999,https://m.dcinside.com/board/onepiececardgame/100999,"여러가지 잡카드,적청에이스 소스약간 팝니다",seller-515a7c526110738e10385e1f,Cesario,registered,7코 스트 키드,7코 스트 키드,7코 스트 키드 장당,,,unknown,미분류,1,0.2,2000,estimated,per_card,text,included,2000,active,needs_review,needs_review,가격 단위 추정,estimated,yes,no,7코 스트 키드 장당 0.2
36aea57e531e99727f82962c,onepiececardgame,원피스 카드게임,2026-07,2026-07-13T17:19:58+09:00,known,9925cb64997658fd350162ef,36aea57e531e99727f82962c,100999,https://m.dcinside.com/board/onepiececardgame/100999,"여러가지 잡카드,적청에이스 소스약간 팝니다",seller-515a7c526110738e10385e1f,Cesario,registered,8코 미호크sr,8코 미호크sr,8코 미호크sr 장당,,,unknown,미분류,1,0.2,2000,estimated,per_card,text,included,2000,active,needs_review,needs_review,가격 단위 추정,estimated,yes,no,8코 미호크sr 장당 0.2
3720bc7586fc3044d2af2993,onepiececardgame,원피스 카드게임,2026-07,2026-07-13T17:19:58+09:00,known,9925cb64997658fd350162ef,3720bc7586fc3044d2af2993,100999,https://m.dcinside.com/board/onepiececardgame/100999,"여러가지 잡카드,적청에이스 소스약간 팝니다",seller-515a7c526110738e10385e1f,Cesario,registered,4코 로브루치sr,4코 로브루치sr,4코 로브루치sr 장당,,,unknown,미분류,1,0.1,1000,estimated,per_card,text,included,2000,active,needs_review,needs_review,가격 단위 추정,estimated,yes,no,4코 로브루치sr 장당 0.1
42fbf3e20fbf7f4a22e5f00d,onepiececardgame,원피스 카드게임,2026-07,2026-07-13T17:19:58+09:00,known,9925cb64997658fd350162ef,42fbf3e20fbf7f4a22e5f00d,100999,https://m.dcinside.com/board/onepiececardgame/100999,"여러가지 잡카드,적청에이스 소스약간 팝니다",seller-515a7c526110738e10385e1f,Cesario,registered,var safe = window.dcAd && window.dcAd.safe ==,var safe = window.dcAd && window.dcAd.safe ==,var safe = (window.dcAd && window.dcAd.safe ==,,,unknown,미분류,1,1,10000,estimated,bundle,text,included,2000,active,excluded,needs_review,"가격 단위 추정, 복수 카드 가격, 묶음·세트 총액 · 개별 카드 가격 아님, 스크립트·광고 문구로 추정되는 오염 행",estimated,no,no,var safe = (window.dcAd && window.dcAd.safe == 1)
4571cd31d4541fca72282f2a,onepiececardgame,원피스 카드게임,2026-07,2026-07-13T17:19:58+09:00,known,9925cb64997658fd350162ef,4571cd31d4541fca72282f2a,100999,https://m.dcinside.com/board/onepiececardgame/100999,"여러가지 잡카드,적청에이스 소스약간 팝니다",seller-515a7c526110738e10385e1f,Cesario,registered,3코 릴리스sr,3코 릴리스sr,3코 릴리스sr 장당,,,unknown,미분류,1,0.3,3000,estimated,per_card,text,included,2000,active,needs_review,needs_review,가격 단위 추정,estimated,yes,no,3코 릴리스sr 장당 0.3
5042bd9d3f2581edca323e60,onepiececardgame,원피스 카드게임,2026-07,2026-07-13T17:19:58+09:00,known,9925cb64997658fd350162ef,5042bd9d3f2581edca323e60,100999,https://m.dcinside.com/board/onepiececardgame/100999,"여러가지 잡카드,적청에이스 소스약간 팝니다",seller-515a7c526110738e10385e1f,Cesario,registered,8코 드래곤sr,8코 드래곤sr,8코 드래곤sr,,,unknown,미분류,1,0.3,3000,estimated,per_card,text,included,2000,active,needs_review,needs_review,가격 단위 추정,estimated,yes,no,8코 드래곤sr 0.3
52f0c540a6f3d0f24fbe4e42,onepiececardgame,원피스 카드게임,2026-07,2026-07-13T17:19:58+09:00,known,9925cb64997658fd350162ef,52f0c540a6f3d0f24fbe4e42,100999,https://m.dcinside.com/board/onepiececardgame/100999,"여러가지 잡카드,적청에이스 소스약간 팝니다",seller-515a7c526110738e10385e1f,Cesario,registered,8코 가프sr,8코 가프sr,8코 가프sr 장당,,,unknown,미분류,1,0.2,2000,estimated,per_card,text,included,2000,active,needs_review,needs_review,가격 단위 추정,estimated,yes,no,8코 가프sr 장당 0.2
577c4729f1496b9d7089138c,onepiececardgame,원피스 카드게임,2026-07,2026-07-13T17:19:58+09:00,known,9925cb64997658fd350162ef,577c4729f1496b9d7089138c,100999,https://m.dcinside.com/board/onepiececardgame/100999,"여러가지 잡카드,적청에이스 소스약간 팝니다",seller-515a7c526110738e10385e1f,Cesario,registered,loadScript 'https pagead,loadScript 'https pagead,loadScript('https://pagead,,,unknown,미분류,1,,,missing,unknown,unknown,included,2000,active,excluded,needs_review,"가격 후보 재검토 필요, 가격 미기재, 스크립트·광고 문구로 추정되는 오염 행",missing,no,no,"loadScript('https://pagead2.googlesyndication.com/pagead/js/adsbygoogle_direct.js?client=ca-pub-8171468792791627', true, 'anonymous');"
82664bf462bc7add18d0e21b,onepiececardgame,원피스 카드게임,2026-07,2026-07-13T17:19:58+09:00,known,9925cb64997658fd350162ef,82664bf462bc7add18d0e21b,100999,https://m.dcinside.com/board/onepiececardgame/100999,"여러가지 잡카드,적청에이스 소스약간 팝니다",seller-515a7c526110738e10385e1f,Cesario,registered,loadScript ' t,loadScript ' t,loadScript('//t,,,unknown,미분류,1,,,missing,unknown,unknown,included,2000,active,excluded,needs_review,"가격 후보 재검토 필요, 가격 미기재, 스크립트·광고 문구로 추정되는 오염 행",missing,no,no,"loadScript('//t1.kakaocdn.net/kas/static/ba.min.js', true);"
90513d64aa67bbd0b35f05e8,onepiececardgame,원피스 카드게임,2026-07,2026-07-13T17:19:58+09:00,known,9925cb64997658fd350162ef,90513d64aa67bbd0b35f05e8,100999,https://m.dcinside.com/board/onepiececardgame/100999,"여러가지 잡카드,적청에이스 소스약간 팝니다",seller-515a7c526110738e10385e1f,Cesario,registered,3코 브룩sr,3코 브룩sr,3코 브룩sr 장당,,,unknown,미분류,1,0.3,3000,estimated,per_card,text,included,2000,active,needs_review,needs_review,가격 단위 추정,estimated,yes,no,3코 브룩sr 장당 0.3
9a05d9ff91d263fd0a4746cf,onepiececardgame,원피스 카드게임,2026-07,2026-07-13T17:19:58+09:00,known,9925cb64997658fd350162ef,9a05d9ff91d263fd0a4746cf,100999,https://m.dcinside.com/board/onepiececardgame/100999,"여러가지 잡카드,적청에이스 소스약간 팝니다",seller-515a7c526110738e10385e1f,Cesario,registered,2탄 츠루uc,2탄 츠루uc,2탄 츠루uc 장당,,,unknown,미분류,1,0.15,1500,estimated,per_card,text,included,2000,active,needs_review,needs_review,가격 단위 추정,estimated,yes,no,2탄 츠루uc 장당 0.15
9d29fdea6dc0c1c6daa8bbca,onepiececardgame,원피스 카드게임,2026-07,2026-07-13T17:19:58+09:00,known,9925cb64997658fd350162ef,9d29fdea6dc0c1c6daa8bbca,100999,https://m.dcinside.com/board/onepiececardgame/100999,"여러가지 잡카드,적청에이스 소스약간 팝니다",seller-515a7c526110738e10385e1f,Cesario,registered,2코 행콕sr,2코 행콕sr,2코 행콕sr,,,unknown,미분류,1,0.2,2000,estimated,per_card,text,included,2000,active,needs_review,needs_review,가격 단위 추정,estimated,yes,no,2코 행콕sr 0.2
b43036a15e8b5d84acddad25,onepiececardgame,원피스 카드게임,2026-07,2026-07-13T17:19:58+09:00,known,9925cb64997658fd350162ef,b43036a15e8b5d84acddad25,100999,https://m.dcinside.com/board/onepiececardgame/100999,"여러가지 잡카드,적청에이스 소스약간 팝니다",seller-515a7c526110738e10385e1f,Cesario,registered,레이쥬 리페,레이쥬 리페,레이쥬 리페,,,unknown,미분류,1,2.0,20000,estimated,per_card,text,included,2000,active,needs_review,needs_review,가격 단위 추정,estimated,yes,no,레이쥬 리페 2.0
b433906f1946b1a4d77484d3,onepiececardgame,원피스 카드게임,2026-07,2026-07-13T17:19:58+09:00,known,9925cb64997658fd350162ef,b433906f1946b1a4d77484d3,100999,https://m.dcinside.com/board/onepiececardgame/100999,"여러가지 잡카드,적청에이스 소스약간 팝니다",seller-515a7c526110738e10385e1f,Cesario,registered,9코 미호크sr,9코 미호크sr,9코 미호크sr 장당,,,unknown,미분류,1,0.4,4000,estimated,per_card,text,included,2000,active,needs_review,needs_review,가격 단위 추정,estimated,yes,no,9코 미호크sr 장당 0.4
b4a6a8ae094ef30eb688b456,onepiececardgame,원피스 카드게임,2026-07,2026-07-13T17:19:58+09:00,known,9925cb64997658fd350162ef,b4a6a8ae094ef30eb688b456,100999,https://m.dcinside.com/board/onepiececardgame/100999,"여러가지 잡카드,적청에이스 소스약간 팝니다",seller-515a7c526110738e10385e1f,Cesario,registered,9코 보니sr,9코 보니sr,9코 보니sr,,,unknown,미분류,1,0.2,2000,estimated,per_card,text,included,2000,active,needs_review,needs_review,가격 단위 추정,estimated,yes,no,9코 보니sr 0.2
bd5a84de683f0fb3df20e468,onepiececardgame,원피스 카드게임,2026-07,2026-07-13T17:19:58+09:00,known,9925cb64997658fd350162ef,bd5a84de683f0fb3df20e468,100999,https://m.dcinside.com/board/onepiececardgame/100999,"여러가지 잡카드,적청에이스 소스약간 팝니다",seller-515a7c526110738e10385e1f,Cesario,registered,2코 시라호시sr,2코 시라호시sr,2코 시라호시sr,,,unknown,미분류,1,0.2,2000,estimated,per_card,text,included,2000,active,needs_review,needs_review,가격 단위 추정,estimated,yes,no,2코 시라호시sr 0.2
be863baaa834451a928a9eff,onepiececardgame,원피스 카드게임,2026-07,2026-07-13T17:19:58+09:00,known,9925cb64997658fd350162ef,be863baaa834451a928a9eff,100999,https://m.dcinside.com/board/onepiececardgame/100999,"여러가지 잡카드,적청에이스 소스약간 팝니다",seller-515a7c526110738e10385e1f,Cesario,registered,4코 스트 로,4코 스트 로,4코 스트 로,,,unknown,미분류,1,0.3,3000,estimated,per_card,text,included,2000,active,needs_review,needs_review,가격 단위 추정,estimated,yes,no,4코 스트 로 0.3
c2e67f54ebe0cc69b102bf38,onepiececardgame,원피스 카드게임,2026-07,2026-07-13T17:19:58+09:00,known,9925cb64997658fd350162ef,c2e67f54ebe0cc69b102bf38,100999,https://m.dcinside.com/board/onepiececardgame/100999,"여러가지 잡카드,적청에이스 소스약간 팝니다",seller-515a7c526110738e10385e1f,Cesario,registered,10코 카이도sr,10코 카이도sr,10코 카이도sr 장당,,,unknown,미분류,1,0.1,1000,estimated,per_card,text,included,2000,active,needs_review,needs_review,가격 단위 추정,estimated,yes,no,10코 카이도sr 장당 0.1
c33daff9394ca6cbcee6091c,onepiececardgame,원피스 카드게임,2026-07,2026-07-13T17:19:58+09:00,known,9925cb64997658fd350162ef,c33daff9394ca6cbcee6091c,100999,https://m.dcinside.com/board/onepiececardgame/100999,"여러가지 잡카드,적청에이스 소스약간 팝니다",seller-515a7c526110738e10385e1f,Cesario,registered,4코 레베카sr,4코 레베카sr,4코 레베카sr 장당,,,unknown,미분류,1,0.3,3000,estimated,per_card,text,included,2000,active,needs_review,needs_review,가격 단위 추정,estimated,yes,no,4코 레베카sr 장당 0.3
c496e5ef65438a2289036954,onepiececardgame,원피스 카드게임,2026-07,2026-07-13T17:19:58+09:00,known,9925cb64997658fd350162ef,c496e5ef65438a2289036954,100999,https://m.dcinside.com/board/onepiececardgame/100999,"여러가지 잡카드,적청에이스 소스약간 팝니다",seller-515a7c526110738e10385e1f,Cesario,registered,prb4코 루피sr,prb4코 루피sr,prb4코 루피sr,,,unknown,미분류,1,0.2,2000,estimated,per_card,text,included,2000,active,needs_review,needs_review,가격 단위 추정,estimated,yes,no,prb4코 루피sr 0.2
c4f68aa9f55a7fdbc6b9f452,onepiececardgame,원피스 카드게임,2026-07,2026-07-13T17:19:58+09:00,known,9925cb64997658fd350162ef,c4f68aa9f55a7fdbc6b9f452,100999,https://m.dcinside.com/board/onepiececardgame/100999,"여러가지 잡카드,적청에이스 소스약간 팝니다",seller-515a7c526110738e10385e1f,Cesario,registered,적청에이스소스,적청에이스소스,적청에이스소스,,,unknown,미분류,1,5.0,50000,estimated,bundle,text,included,2000,active,needs_review,needs_review,"가격 단위 추정, 묶음·세트 총액 · 개별 카드 가격 아님",estimated,no,no,적청에이스소스 5.0에 팔아봅니다
c9c11ec4567d5799b4b4b4eb,onepiececardgame,원피스 카드게임,2026-07,2026-07-13T17:19:58+09:00,known,9925cb64997658fd350162ef,c9c11ec4567d5799b4b4b4eb,100999,https://m.dcinside.com/board/onepiececardgame/100999,"여러가지 잡카드,적청에이스 소스약간 팝니다",seller-515a7c526110738e10385e1f,Cesario,registered,8코 루피sec,8코 루피sec,8코 루피sec,,,unknown,미분류,1,1.0,10000,estimated,per_card,text,included,2000,active,needs_review,needs_review,가격 단위 추정,estimated,yes,no,8코 루피sec 1.0
cdd2d63a855504e3092494e6,onepiececardgame,원피스 카드게임,2026-07,2026-07-13T17:19:58+09:00,known,9925cb64997658fd350162ef,cdd2d63a855504e3092494e6,100999,https://m.dcinside.com/board/onepiececardgame/100999,"여러가지 잡카드,적청에이스 소스약간 팝니다",seller-515a7c526110738e10385e1f,Cesario,registered,6코 호킨스sr,6코 호킨스sr,6코 호킨스sr 장당,,,unknown,미분류,1,0.1,1000,estimated,per_card,text,included,2000,active,needs_review,needs_review,가격 단위 추정,estimated,yes,no,6코 호킨스sr 장당 0.1
cecda88e31298b073d14c613,onepiececardgame,원피스 카드게임,2026-07,2026-07-13T17:19:58+09:00,known,9925cb64997658fd350162ef,cecda88e31298b073d14c613,100999,https://m.dcinside.com/board/onepiececardgame/100999,"여러가지 잡카드,적청에이스 소스약간 팝니다",seller-515a7c526110738e10385e1f,Cesario,registered,10코 도플라밍고sr,10코 도플라밍고sr,10코 도플라밍고sr 장당,,,unknown,미분류,1,0.2,2000,estimated,per_card,text,included,2000,active,needs_review,needs_review,가격 단위 추정,estimated,yes,no,10코 도플라밍고sr 장당 0.2
e463afa9e5689f8e6a16d574,onepiececardgame,원피스 카드게임,2026-07,2026-07-13T17:19:58+09:00,known,9925cb64997658fd350162ef,e463afa9e5689f8e6a16d574,100999,https://m.dcinside.com/board/onepiececardgame/100999,"여러가지 잡카드,적청에이스 소스약간 팝니다",seller-515a7c526110738e10385e1f,Cesario,registered,1탄 오타마uc,1탄 오타마uc,1탄 오타마uc 장당,,,unknown,미분류,1,0.2,2000,estimated,per_card,text,included,2000,active,needs_review,needs_review,가격 단위 추정,estimated,yes,no,1탄 오타마uc 장당 0.2
e6196dbf07975cb076c79169,onepiececardgame,원피스 카드게임,2026-07,2026-07-13T17:19:58+09:00,known,9925cb64997658fd350162ef,e6196dbf07975cb076c79169,100999,https://m.dcinside.com/board/onepiececardgame/100999,"여러가지 잡카드,적청에이스 소스약간 팝니다",seller-515a7c526110738e10385e1f,Cesario,registered,리미티드 로,리미티드 로,리미티드 로,,,unknown,미분류,1,1.0,10000,estimated,per_card,text,included,2000,active,needs_review,needs_review,가격 단위 추정,estimated,yes,no,리미티드 로 1.0
ea54e55419e83e92323abb94,onepiececardgame,원피스 카드게임,2026-07,2026-07-13T17:19:58+09:00,known,9925cb64997658fd350162ef,ea54e55419e83e92323abb94,100999,https://m.dcinside.com/board/onepiececardgame/100999,"여러가지 잡카드,적청에이스 소스약간 팝니다",seller-515a7c526110738e10385e1f,Cesario,registered,3코 리무sr,3코 리무sr,3코 리무sr 장당,,,unknown,미분류,1,0.1,1000,estimated,per_card,text,included,2000,active,needs_review,needs_review,가격 단위 추정,estimated,yes,no,3코 리무sr 장당 0.1
efbb99f67bda53886d112799,onepiececardgame,원피스 카드게임,2026-07,2026-07-13T17:19:58+09:00,known,9925cb64997658fd350162ef,efbb99f67bda53886d112799,100999,https://m.dcinside.com/board/onepiececardgame/100999,"여러가지 잡카드,적청에이스 소스약간 팝니다",seller-515a7c526110738e10385e1f,Cesario,registered,8코 로시난테sec,8코 로시난테sec,8코 로시난테sec,,,unknown,미분류,1,0.4,4000,estimated,per_card,text,included,2000,active,needs_review,needs_review,가격 단위 추정,estimated,yes,no,8코 로시난테sec 0.4
f5dfc63c2abf08b6e60c7283,onepiececardgame,원피스 카드게임,2026-07,2026-07-13T17:19:58+09:00,known,9925cb64997658fd350162ef,f5dfc63c2abf08b6e60c7283,100999,https://m.dcinside.com/board/onepiececardgame/100999,"여러가지 잡카드,적청에이스 소스약간 팝니다",seller-515a7c526110738e10385e1f,Cesario,registered,DOM 삽입 헬퍼 현재 스크립트 위치 기준,DOM 삽입 헬퍼 현재 스크립트 위치 기준,// ---- DOM 삽입 헬퍼 (현재 스크립트 위치 기준,,,unknown,미분류,1,,,missing,unknown,unknown,included,2000,active,excluded,needs_review,"가격 후보 재검토 필요, 가격 미기재, 스크립트·광고 문구로 추정되는 오염 행",missing,no,no,// ---- DOM 삽입 헬퍼 (현재 스크립트 위치 기준1)
f8b0082d1c10a37b7ff19c80,onepiececardgame,원피스 카드게임,2026-07,2026-07-13T17:19:58+09:00,known,9925cb64997658fd350162ef,f8b0082d1c10a37b7ff19c80,100999,https://m.dcinside.com/board/onepiececardgame/100999,"여러가지 잡카드,적청에이스 소스약간 팝니다",seller-515a7c526110738e10385e1f,Cesario,registered,5코 보니sr,5코 보니sr,5코 보니sr 장당,,,unknown,미분류,1,0.3,3000,estimated,per_card,text,included,2000,active,needs_review,needs_review,가격 단위 추정,estimated,yes,no,5코 보니sr 장당 0.3
fa9688a8c1b5a6ead332ac96,onepiececardgame,원피스 카드게임,2026-07,2026-07-13T17:19:58+09:00,known,9925cb64997658fd350162ef,fa9688a8c1b5a6ead332ac96,100999,https://m.dcinside.com/board/onepiececardgame/100999,"여러가지 잡카드,적청에이스 소스약간 팝니다",seller-515a7c526110738e10385e1f,Cesario,registered,6코 행콕 sr,6코 행콕 sr,6코 행콕 sr,,,unknown,미분류,1,0.3,3000,estimated,per_card,text,included,2000,active,needs_review,needs_review,가격 단위 추정,estimated,yes,no,6코 행콕 sr 0.3
93cf7fe3bf6b26d262fd813f,onepiececardgame,원피스 카드게임,2026-07,2026-07-13T17:31:01+09:00,known,e871c7795e14bd14464da970,93cf7fe3bf6b26d262fd813f,101001,https://m.dcinside.com/board/onepiececardgame/101001,청자 페레 소스 일괄로 구해봅니다(구매중지),seller-417ed952b1bdd2887921e981,규카츠폭격기,registered,일,일,일택포,,,unknown,미분류,1,23,230000,estimated,per_card,text,included,2000,active,needs_review,needs_review,가격 단위 추정,estimated,yes,no,일택포 23 에 구해봅니다! (구매중지)
1eac9817a017aff3946c2a38,onepiececardgame,원피스 카드게임,2026-07,2026-07-13T17:48:51+09:00,known,29fa6020ce299b4a40a3b876,1eac9817a017aff3946c2a38,101005,https://m.dcinside.com/board/onepiececardgame/101005,op12-118 보니시크 4장 삽니다,seller-8ad10b55fa52911e796a44cf,원딱러,registered,var safe = window.dcAd && window.dcAd.safe ==,var safe = window.dcAd && window.dcAd.safe ==,var safe = (window.dcAd && window.dcAd.safe ==,,,unknown,미분류,1,1,10000,estimated,bundle,text,unknown,,active,excluded,needs_review,"가격 단위 추정, 복수 카드 가격, 배송비 포함 여부 미확정, 묶음·세트 총액 · 개별 카드 가격 아님, 스크립트·광고 문구로 추정되는 오염 행",estimated,no,no,var safe = (window.dcAd && window.dcAd.safe == 1)
2bb714b1bb6b3d613e715557,onepiececardgame,원피스 카드게임,2026-07,2026-07-13T17:48:51+09:00,known,29fa6020ce299b4a40a3b876,2bb714b1bb6b3d613e715557,101005,https://m.dcinside.com/board/onepiececardgame/101005,op12-118 보니시크 4장 삽니다,seller-8ad10b55fa52911e796a44cf,원딱러,registered,op12-118 보니,op12-118 보니,op12-118 보니,,시크,unknown,미분류,4,7.0,70000,estimated,bundle,text,unknown,,active,needs_review,needs_review,"가격 단위 추정, 수량 표기 감지, 일괄·세트 가격, 배송비 포함 여부 미확정, 묶음·세트 총액 · 개별 카드 가격 아님",estimated,no,no,op12-118 보니시크 4장 일괄 7.0에 삽니다
970f3ee4eacacb3f1904b29f,onepiececardgame,원피스 카드게임,2026-07,2026-07-13T17:48:51+09:00,known,29fa6020ce299b4a40a3b876,970f3ee4eacacb3f1904b29f,101005,https://m.dcinside.com/board/onepiececardgame/101005,op12-118 보니시크 4장 삽니다,seller-8ad10b55fa52911e796a44cf,원딱러,registered,loadScript ' t,loadScript ' t,loadScript('//t,,,unknown,미분류,1,,,missing,unknown,unknown,unknown,,active,excluded,needs_review,"가격 후보 재검토 필요, 가격 미기재, 스크립트·광고 문구로 추정되는 오염 행",missing,no,no,"loadScript('//t1.kakaocdn.net/kas/static/ba.min.js', true);"
b87d971b2602916ce53011da,onepiececardgame,원피스 카드게임,2026-07,2026-07-13T17:48:51+09:00,known,29fa6020ce299b4a40a3b876,b87d971b2602916ce53011da,101005,https://m.dcinside.com/board/onepiececardgame/101005,op12-118 보니시크 4장 삽니다,seller-8ad10b55fa52911e796a44cf,원딱러,registered,DOM 삽입 헬퍼 현재 스크립트 위치 기준,DOM 삽입 헬퍼 현재 스크립트 위치 기준,// ---- DOM 삽입 헬퍼 (현재 스크립트 위치 기준,,,unknown,미분류,1,,,missing,unknown,unknown,unknown,,active,excluded,needs_review,"가격 후보 재검토 필요, 가격 미기재, 스크립트·광고 문구로 추정되는 오염 행",missing,no,no,// ---- DOM 삽입 헬퍼 (현재 스크립트 위치 기준1)
c923ca5b77d335e472340377,onepiececardgame,원피스 카드게임,2026-07,2026-07-13T17:48:51+09:00,known,29fa6020ce299b4a40a3b876,c923ca5b77d335e472340377,101005,https://m.dcinside.com/board/onepiececardgame/101005,op12-118 보니시크 4장 삽니다,seller-8ad10b55fa52911e796a44cf,원딱러,registered,loadScript 'https pagead,loadScript 'https pagead,loadScript('https://pagead,,,unknown,미분류,1,,,missing,unknown,unknown,unknown,,active,excluded,needs_review,"가격 후보 재검토 필요, 가격 미기재, 스크립트·광고 문구로 추정되는 오염 행",missing,no,no,"loadScript('https://pagead2.googlesyndication.com/pagead/js/adsbygoogle_direct.js?client=ca-pub-8171468792791627', true, 'anonymous');"
073fe71cb116d6a5b86b3094,onepiececardgame,원피스 카드게임,2026-07,2026-07-14T11:36:44+09:00,known,5d2c5f46113c0729ec7736eb,073fe71cb116d6a5b86b3094,101119,https://m.dcinside.com/board/onepiececardgame/101119,카드 판매합니다,seller-21645ed523939b748cd4ec1f,얀이에영,guest,브룩,브룩,브룩,,,unknown,미분류,1,0.3,3000,estimated,per_card,text,unknown,,active,needs_review,needs_review,"가격 단위 추정, 배송비 포함 여부 미확정",estimated,yes,no,브룩 0.3
0a6294947bd6b38f00806d35,onepiececardgame,원피스 카드게임,2026-07,2026-07-14T11:36:44+09:00,known,5d2c5f46113c0729ec7736eb,0a6294947bd6b38f00806d35,101119,https://m.dcinside.com/board/onepiececardgame/101119,카드 판매합니다,seller-21645ed523939b748cd4ec1f,얀이에영,guest,loadScript 'https pagead,loadScript 'https pagead,loadScript('https://pagead,,,unknown,미분류,1,,,missing,unknown,unknown,unknown,,active,excluded,needs_review,"가격 후보 재검토 필요, 가격 미기재, 스크립트·광고 문구로 추정되는 오염 행",missing,no,no,"loadScript('https://pagead2.googlesyndication.com/pagead/js/adsbygoogle_direct.js?client=ca-pub-8171468792791627', true, 'anonymous');"
1811f2d8a25c7b576f67a505,onepiececardgame,원피스 카드게임,2026-07,2026-07-14T11:36:44+09:00,known,5d2c5f46113c0729ec7736eb,1811f2d8a25c7b576f67a505,101119,https://m.dcinside.com/board/onepiececardgame/101119,카드 판매합니다,seller-21645ed523939b748cd4ec1f,얀이에영,guest,징베 페레,징베 페레,징베 페레,,,unknown,미분류,1,0.8,8000,estimated,per_card,text,unknown,,active,needs_review,needs_review,"가격 단위 추정, 배송비 포함 여부 미확정",estimated,yes,no,징베 페레 0.8
1b1e61b3398d4e0b9be9c9ec,onepiececardgame,원피스 카드게임,2026-07,2026-07-14T11:36:44+09:00,known,5d2c5f46113c0729ec7736eb,1b1e61b3398d4e0b9be9c9ec,101119,https://m.dcinside.com/board/onepiececardgame/101119,카드 판매합니다,seller-21645ed523939b748cd4ec1f,얀이에영,guest,스탠 로,스탠 로,스탠 로 장당,,,unknown,미분류,1,0.8,8000,estimated,per_card,text,unknown,,active,needs_review,needs_review,"가격 단위 추정, 배송비 포함 여부 미확정",estimated,yes,no,스탠 로 장당 0.8
35418393d5f6b8dc76b8fc9c,onepiececardgame,원피스 카드게임,2026-07,2026-07-14T11:36:44+09:00,known,5d2c5f46113c0729ec7736eb,35418393d5f6b8dc76b8fc9c,101119,https://m.dcinside.com/board/onepiececardgame/101119,카드 판매합니다,seller-21645ed523939b748cd4ec1f,얀이에영,guest,리미티드 로,리미티드 로,리미티드 로,,,unknown,미분류,1,1.3,13000,estimated,per_card,text,unknown,,active,needs_review,needs_review,"가격 단위 추정, 배송비 포함 여부 미확정",estimated,yes,no,리미티드 로 1.3
3d496c79e529c8ab30190ee9,onepiececardgame,원피스 카드게임,2026-07,2026-07-14T11:36:44+09:00,known,5d2c5f46113c0729ec7736eb,3d496c79e529c8ab30190ee9,101119,https://m.dcinside.com/board/onepiececardgame/101119,카드 판매합니다,seller-21645ed523939b748cd4ec1f,얀이에영,guest,우타 페레,우타 페레,우타 페레,,,unknown,미분류,1,2,20000,estimated,per_card,text,unknown,,active,needs_review,needs_review,"가격 단위 추정, 배송비 포함 여부 미확정",estimated,yes,no,우타 페레 2
52c81e578727876bfe130fb0,onepiececardgame,원피스 카드게임,2026-07,2026-07-14T11:36:44+09:00,known,5d2c5f46113c0729ec7736eb,52c81e578727876bfe130fb0,101119,https://m.dcinside.com/board/onepiececardgame/101119,카드 판매합니다,seller-21645ed523939b748cd4ec1f,얀이에영,guest,코비 페레,코비 페레,코비 페레,,,unknown,미분류,1,1,10000,estimated,per_card,text,unknown,,active,needs_review,needs_review,"가격 단위 추정, 배송비 포함 여부 미확정",estimated,yes,no,코비 페레 1
59d3db8d3cab7a4076ece43b,onepiececardgame,원피스 카드게임,2026-07,2026-07-14T11:36:44+09:00,known,5d2c5f46113c0729ec7736eb,59d3db8d3cab7a4076ece43b,101119,https://m.dcinside.com/board/onepiececardgame/101119,카드 판매합니다,seller-21645ed523939b748cd4ec1f,얀이에영,guest,루피 프로모,루피 프로모,루피 프로모 장당,,,unknown,미분류,1,0.5,5000,estimated,per_card,text,unknown,,active,needs_review,needs_review,"가격 단위 추정, 배송비 포함 여부 미확정",estimated,yes,no,루피 프로모 장당 0.5
69690b2f9e284c1284b95fda,onepiececardgame,원피스 카드게임,2026-07,2026-07-14T11:36:44+09:00,known,5d2c5f46113c0729ec7736eb,69690b2f9e284c1284b95fda,101119,https://m.dcinside.com/board/onepiececardgame/101119,카드 판매합니다,seller-21645ed523939b748cd4ec1f,얀이에영,guest,시라호시,시라호시,시라호시 장당,,,unknown,미분류,1,3000,3000,estimated,per_card,text,unknown,,active,needs_review,needs_review,"가격 단위 추정, 배송비 포함 여부 미확정",estimated,yes,no,시라호시 장당 3000
6c442cc841da14e3cbece8a9,onepiececardgame,원피스 카드게임,2026-07,2026-07-14T11:36:44+09:00,known,5d2c5f46113c0729ec7736eb,6c442cc841da14e3cbece8a9,101119,https://m.dcinside.com/board/onepiececardgame/101119,카드 판매합니다,seller-21645ed523939b748cd4ec1f,얀이에영,guest,코비,코비,코비,,시크,unknown,미분류,1,0.4,4000,estimated,per_card,text,unknown,,active,needs_review,needs_review,"가격 단위 추정, 배송비 포함 여부 미확정",estimated,yes,no,코비 시크 0.4
717f05d845ef911273f85a4f,onepiececardgame,원피스 카드게임,2026-07,2026-07-14T11:36:44+09:00,known,5d2c5f46113c0729ec7736eb,717f05d845ef911273f85a4f,101119,https://m.dcinside.com/board/onepiececardgame/101119,카드 판매합니다,seller-21645ed523939b748cd4ec1f,얀이에영,guest,샹크스,샹크스,샹크스,,,unknown,미분류,1,0.3,3000,estimated,per_card,text,unknown,,active,needs_review,needs_review,"가격 단위 추정, 배송비 포함 여부 미확정",estimated,yes,no,샹크스 0.3
783065459518d128d5603097,onepiececardgame,원피스 카드게임,2026-07,2026-07-14T11:36:44+09:00,known,5d2c5f46113c0729ec7736eb,783065459518d128d5603097,101119,https://m.dcinside.com/board/onepiececardgame/101119,카드 판매합니다,seller-21645ed523939b748cd4ec1f,얀이에영,guest,에이스,에이스,에이스,,,unknown,미분류,1,3,30000,estimated,bundle,text,unknown,,active,needs_review,needs_review,"가격 단위 추정, 일괄·세트 가격, 배송비 포함 여부 미확정, 묶음·세트 총액 · 개별 카드 가격 아님",estimated,no,no,에이스 일괄 3
85d99bc9e69f61cf5b154393,onepiececardgame,원피스 카드게임,2026-07,2026-07-14T11:36:44+09:00,known,5d2c5f46113c0729ec7736eb,85d99bc9e69f61cf5b154393,101119,https://m.dcinside.com/board/onepiececardgame/101119,카드 판매합니다,seller-21645ed523939b748cd4ec1f,얀이에영,guest,DOM 삽입 헬퍼 현재 스크립트 위치 기준,DOM 삽입 헬퍼 현재 스크립트 위치 기준,// ---- DOM 삽입 헬퍼 (현재 스크립트 위치 기준,,,unknown,미분류,1,,,missing,unknown,unknown,unknown,,active,excluded,needs_review,"가격 후보 재검토 필요, 가격 미기재, 스크립트·광고 문구로 추정되는 오염 행",missing,no,no,// ---- DOM 삽입 헬퍼 (현재 스크립트 위치 기준1)
8636e6811bb98eae76bf2d75,onepiececardgame,원피스 카드게임,2026-07,2026-07-14T11:36:44+09:00,known,5d2c5f46113c0729ec7736eb,8636e6811bb98eae76bf2d75,101119,https://m.dcinside.com/board/onepiececardgame/101119,카드 판매합니다,seller-21645ed523939b748cd4ec1f,얀이에영,guest,나머지,나머지,나머지 장당,,,unknown,미분류,1,0.1,1000,estimated,per_card,text,unknown,,active,needs_review,needs_review,"가격 단위 추정, 배송비 포함 여부 미확정",estimated,yes,no,나머지 장당 0.1
876fe4f6c53a0f44acb22033,onepiececardgame,원피스 카드게임,2026-07,2026-07-14T11:36:44+09:00,known,5d2c5f46113c0729ec7736eb,876fe4f6c53a0f44acb22033,101119,https://m.dcinside.com/board/onepiececardgame/101119,카드 판매합니다,seller-21645ed523939b748cd4ec1f,얀이에영,guest,로 페레,로 페레,로 페레,,,unknown,미분류,1,0.5,5000,estimated,per_card,text,unknown,,active,needs_review,needs_review,"가격 단위 추정, 배송비 포함 여부 미확정",estimated,yes,no,로 페레 0.5
8d66441b56549d1a9fbef091,onepiececardgame,원피스 카드게임,2026-07,2026-07-14T11:36:44+09:00,known,5d2c5f46113c0729ec7736eb,8d66441b56549d1a9fbef091,101119,https://m.dcinside.com/board/onepiececardgame/101119,카드 판매합니다,seller-21645ed523939b748cd4ec1f,얀이에영,guest,스탠 조로,스탠 조로,스탠 조로,,,unknown,미분류,1,1.0,10000,estimated,per_card,text,unknown,,active,needs_review,needs_review,"가격 단위 추정, 배송비 포함 여부 미확정",estimated,yes,no,스탠 조로 1.0
987651a86303df425faacfbe,onepiececardgame,원피스 카드게임,2026-07,2026-07-14T11:36:44+09:00,known,5d2c5f46113c0729ec7736eb,987651a86303df425faacfbe,101119,https://m.dcinside.com/board/onepiececardgame/101119,카드 판매합니다,seller-21645ed523939b748cd4ec1f,얀이에영,guest,loadScript ' t,loadScript ' t,loadScript('//t,,,unknown,미분류,1,,,missing,unknown,unknown,unknown,,active,excluded,needs_review,"가격 후보 재검토 필요, 가격 미기재, 스크립트·광고 문구로 추정되는 오염 행",missing,no,no,"loadScript('//t1.kakaocdn.net/kas/static/ba.min.js', true);"
aff883be0e3b98cef9ca5c41,onepiececardgame,원피스 카드게임,2026-07,2026-07-14T11:36:44+09:00,known,5d2c5f46113c0729ec7736eb,aff883be0e3b98cef9ca5c41,101119,https://m.dcinside.com/board/onepiececardgame/101119,카드 판매합니다,seller-21645ed523939b748cd4ec1f,얀이에영,guest,var safe = window.dcAd && window.dcAd.safe ==,var safe = window.dcAd && window.dcAd.safe ==,var safe = (window.dcAd && window.dcAd.safe ==,,,unknown,미분류,1,1,10000,estimated,bundle,text,unknown,,active,excluded,needs_review,"가격 단위 추정, 복수 카드 가격, 배송비 포함 여부 미확정, 묶음·세트 총액 · 개별 카드 가격 아님, 스크립트·광고 문구로 추정되는 오염 행",estimated,no,no,var safe = (window.dcAd && window.dcAd.safe == 1)
c63e9f115f9a9c3108fd7a8a,onepiececardgame,원피스 카드게임,2026-07,2026-07-14T11:36:44+09:00,known,5d2c5f46113c0729ec7736eb,c63e9f115f9a9c3108fd7a8a,101119,https://m.dcinside.com/board/onepiececardgame/101119,카드 판매합니다,seller-21645ed523939b748cd4ec1f,얀이에영,guest,루피 시크 페레,루피 시크 페레,루피 시크 페레,,,unknown,미분류,1,6,60000,estimated,per_card,text,unknown,,active,needs_review,needs_review,"가격 단위 추정, 배송비 포함 여부 미확정",estimated,yes,no,루피 시크 페레 6
d9d3c583de10040b7f132cc5,onepiececardgame,원피스 카드게임,2026-07,2026-07-14T11:36:44+09:00,known,5d2c5f46113c0729ec7736eb,d9d3c583de10040b7f132cc5,101119,https://m.dcinside.com/board/onepiececardgame/101119,카드 판매합니다,seller-21645ed523939b748cd4ec1f,얀이에영,guest,벤배크맨,벤배크맨,벤배크맨,,,unknown,미분류,2,0.5,5000,estimated,per_quantity,text,unknown,,active,needs_review,needs_review,"가격 단위 추정, 수량 표기 감지, 배송비 포함 여부 미확정, 복수 수량 총액 · 카드 1장 가격 아님",estimated,no,no,벤배크맨 2장 0.5
e3229b4cce1adda670d30f76,onepiececardgame,원피스 카드게임,2026-07,2026-07-14T11:36:44+09:00,known,5d2c5f46113c0729ec7736eb,e3229b4cce1adda670d30f76,101119,https://m.dcinside.com/board/onepiececardgame/101119,카드 판매합니다,seller-21645ed523939b748cd4ec1f,얀이에영,guest,루피타로 상디,루피타로 상디,"루피타로, 상디 장당",,,unknown,미분류,1,0.2,2000,estimated,bundle,text,unknown,,active,needs_review,needs_review,"가격 단위 추정, 복수 카드 가격, 배송비 포함 여부 미확정, 묶음·세트 총액 · 개별 카드 가격 아님",estimated,no,no,"루피타로, 상디 장당 0.2"
f6ac7d403392c9f57b2746a0,onepiececardgame,원피스 카드게임,2026-07,2026-07-14T11:36:44+09:00,known,5d2c5f46113c0729ec7736eb,f6ac7d403392c9f57b2746a0,101119,https://m.dcinside.com/board/onepiececardgame/101119,카드 판매합니다,seller-21645ed523939b748cd4ec1f,얀이에영,guest,교류회 로저,교류회 로저,교류회 로저,,,unknown,미분류,1,0.6,6000,estimated,per_card,text,unknown,,active,needs_review,needs_review,"가격 단위 추정, 배송비 포함 여부 미확정",estimated,yes,no,교류회 로저 0.6
e02acb03e4057065be667057,onepiececardgame,원피스 카드게임,2026-07,2026-07-14T15:32:24+09:00,known,02d6ebfb8f28e71fa539c876,e02acb03e4057065be667057,101164,https://m.dcinside.com/board/onepiececardgame/101164,마르코 페레 4장 일괄 23 삽니다,seller-e3ed007cf8645426cccc7e6b,ㅇㅇ,guest,마르코 페레,마르코 페레,마르코 페레,,,unknown,미분류,4,23,230000,estimated,bundle,text,unknown,,active,needs_review,needs_review,"가격 단위 추정, 수량 표기 감지, 일괄·세트 가격, 배송비 포함 여부 미확정, 묶음·세트 총액 · 개별 카드 가격 아님",estimated,no,no,마르코 페레 4장 일괄 23 구매합니다
1911aca029da40419ea78df3,onepiececardgame,원피스 카드게임,2026-07,2026-07-14T16:00:42+09:00,known,1c949a7c8e0a2045d57bd34f,1911aca029da40419ea78df3,101171,https://m.dcinside.com/board/onepiececardgame/101171,에이스 덱 풀패레 팝니다.,seller-893952e9be717f4fcc86808b,야돈밀수범,registered,마르코 *,마르코 *,마르코 7 *,,,unknown,미분류,4,28,280000,estimated,per_quantity,text,unknown,,active,needs_review,needs_review,"수량 표기 감지, 배송비 포함 여부 미확정, 복수 수량 총액 · 카드 1장 가격 아님",estimated,no,no,마르코 7 * 4 28만
3553206309a9cdc156875b47,onepiececardgame,원피스 카드게임,2026-07,2026-07-14T16:00:42+09:00,known,1c949a7c8e0a2045d57bd34f,3553206309a9cdc156875b47,101171,https://m.dcinside.com/board/onepiececardgame/101171,에이스 덱 풀패레 팝니다.,seller-893952e9be717f4fcc86808b,야돈밀수범,registered,아트모스,아트모스,아트모스,,,unknown,미분류,3,1,10000,estimated,per_quantity,text,unknown,,active,needs_review,needs_review,"수량 표기 감지, 배송비 포함 여부 미확정, 복수 수량 총액 · 카드 1장 가격 아님",estimated,no,no,아트모스 3 1만
39745f7f1037f126bc156ee1,onepiececardgame,원피스 카드게임,2026-07,2026-07-14T16:00:42+09:00,known,1c949a7c8e0a2045d57bd34f,39745f7f1037f126bc156ee1,101171,https://m.dcinside.com/board/onepiececardgame/101171,에이스 덱 풀패레 팝니다.,seller-893952e9be717f4fcc86808b,야돈밀수범,registered,가프 *,가프 *,가프 4 *,,,unknown,미분류,4,16,160000,estimated,per_quantity,text,unknown,,active,needs_review,needs_review,"수량 표기 감지, 배송비 포함 여부 미확정, 복수 수량 총액 · 카드 1장 가격 아님",estimated,no,no,가프 4 * 4 16만
57cc05fa7d17901b15bfa2d1,onepiececardgame,원피스 카드게임,2026-07,2026-07-14T16:00:42+09:00,known,1c949a7c8e0a2045d57bd34f,57cc05fa7d17901b15bfa2d1,101171,https://m.dcinside.com/board/onepiececardgame/101171,에이스 덱 풀패레 팝니다.,seller-893952e9be717f4fcc86808b,야돈밀수범,registered,위,위,위 154 ->,,,unknown,미분류,1,150,1500000,estimated,bundle,text,unknown,,active,needs_review,needs_review,"가격 단위 추정, 일괄·세트 가격, 배송비 포함 여부 미확정, 묶음·세트 총액 · 개별 카드 가격 아님",estimated,no,no,위 일괄 154 -> 150
a5ab98e4f7af285b3a4b118f,onepiececardgame,원피스 카드게임,2026-07,2026-07-14T16:00:42+09:00,known,1c949a7c8e0a2045d57bd34f,a5ab98e4f7af285b3a4b118f,101171,https://m.dcinside.com/board/onepiececardgame/101171,에이스 덱 풀패레 팝니다.,seller-893952e9be717f4fcc86808b,야돈밀수범,registered,로져 *,로져 *,로져 6 *,,,unknown,미분류,2,12,120000,estimated,per_quantity,text,unknown,,active,needs_review,needs_review,"수량 표기 감지, 배송비 포함 여부 미확정, 복수 수량 총액 · 카드 1장 가격 아님",estimated,no,no,로져 6 * 2 12만
b631f15562df4c055633fec1,onepiececardgame,원피스 카드게임,2026-07,2026-07-14T16:00:42+09:00,known,1c949a7c8e0a2045d57bd34f,b631f15562df4c055633fec1,101171,https://m.dcinside.com/board/onepiececardgame/101171,에이스 덱 풀패레 팝니다.,seller-893952e9be717f4fcc86808b,야돈밀수범,registered,캐번 까지,캐번 까지,캐번 까지 장당,,,unknown,미분류,4,0.5,5000,estimated,per_card,text,unknown,,active,needs_review,needs_review,"수량 표기 감지, 배송비 포함 여부 미확정",estimated,yes,no,캐번 4장까지 장당 0.5만
c75d56076d4e0fa1a0ea1573,onepiececardgame,원피스 카드게임,2026-07,2026-07-14T16:00:42+09:00,known,1c949a7c8e0a2045d57bd34f,c75d56076d4e0fa1a0ea1573,101171,https://m.dcinside.com/board/onepiececardgame/101171,에이스 덱 풀패레 팝니다.,seller-893952e9be717f4fcc86808b,야돈밀수범,registered,우타 까지,우타 까지,우타 까지 장당,,,unknown,미분류,4,1,10000,estimated,per_card,text,unknown,,active,needs_review,needs_review,"수량 표기 감지, 배송비 포함 여부 미확정",estimated,yes,no,우타 4장까지 장당 1만
d5c1a503e06e0333cf42859e,onepiececardgame,원피스 카드게임,2026-07,2026-07-14T16:00:42+09:00,known,1c949a7c8e0a2045d57bd34f,d5c1a503e06e0333cf42859e,101171,https://m.dcinside.com/board/onepiececardgame/101171,에이스 덱 풀패레 팝니다.,seller-893952e9be717f4fcc86808b,야돈밀수범,registered,죠즈,죠즈,죠즈,,,unknown,미분류,4,2,20000,estimated,per_quantity,text,unknown,,active,needs_review,needs_review,"수량 표기 감지, 배송비 포함 여부 미확정, 복수 수량 총액 · 카드 1장 가격 아님",estimated,no,no,죠즈 4 2만
dcf795f48fab0bfc7b62cda2,onepiececardgame,원피스 카드게임,2026-07,2026-07-14T16:00:42+09:00,known,1c949a7c8e0a2045d57bd34f,dcf795f48fab0bfc7b62cda2,101171,https://m.dcinside.com/board/onepiececardgame/101171,에이스 덱 풀패레 팝니다.,seller-893952e9be717f4fcc86808b,야돈밀수범,registered,야마토 *,야마토 *,야마토 9 *,,,unknown,미분류,4,36,360000,estimated,per_quantity,text,unknown,,active,needs_review,needs_review,"수량 표기 감지, 배송비 포함 여부 미확정, 복수 수량 총액 · 카드 1장 가격 아님",estimated,no,no,야마토 9 * 4 36만
e23261e4f18160c0155be7b8,onepiececardgame,원피스 카드게임,2026-07,2026-07-14T16:00:42+09:00,known,1c949a7c8e0a2045d57bd34f,e23261e4f18160c0155be7b8,101171,https://m.dcinside.com/board/onepiececardgame/101171,에이스 덱 풀패레 팝니다.,seller-893952e9be717f4fcc86808b,야돈밀수범,registered,이조 8이벤,이조 8이벤,"이조 4, 8이벤",,,unknown,미분류,4,2,20000,estimated,per_quantity,text,unknown,,active,needs_review,needs_review,"수량 표기 감지, 복수 카드 가격, 배송비 포함 여부 미확정, 복수 수량 총액 · 카드 1장 가격 아님",estimated,no,no,"이조 4, 8이벤 4 2만"
ebfbfdf5fe7c929e93cb9982,onepiececardgame,원피스 카드게임,2026-07,2026-07-14T16:00:42+09:00,known,1c949a7c8e0a2045d57bd34f,ebfbfdf5fe7c929e93cb9982,101171,https://m.dcinside.com/board/onepiececardgame/101171,에이스 덱 풀패레 팝니다.,seller-893952e9be717f4fcc86808b,야돈밀수범,registered,9수염SP *,9수염SP *,9수염SP 4 *,,,unknown,미분류,3,12,120000,estimated,per_quantity,text,unknown,,active,needs_review,needs_review,"수량 표기 감지, 배송비 포함 여부 미확정, 복수 수량 총액 · 카드 1장 가격 아님",estimated,no,no,9수염SP 4 * 3 12만
f06d80c3426428ef325f31e9,onepiececardgame,원피스 카드게임,2026-07,2026-07-14T16:00:42+09:00,known,1c949a7c8e0a2045d57bd34f,f06d80c3426428ef325f31e9,101171,https://m.dcinside.com/board/onepiececardgame/101171,에이스 덱 풀패레 팝니다.,seller-893952e9be717f4fcc86808b,야돈밀수범,registered,세금수염 *,세금수염 *,세금수염 1*,,,unknown,미분류,1,1,10000,estimated,per_card,text,unknown,,active,needs_review,needs_review,"수량 표기 감지, 배송비 포함 여부 미확정",estimated,yes,no,세금수염 1* 1 1만
f299ba519c78ca75a89cc180,onepiececardgame,원피스 카드게임,2026-07,2026-07-14T16:00:42+09:00,known,1c949a7c8e0a2045d57bd34f,f299ba519c78ca75a89cc180,101171,https://m.dcinside.com/board/onepiececardgame/101171,에이스 덱 풀패레 팝니다.,seller-893952e9be717f4fcc86808b,야돈밀수범,registered,10수염 *,10수염 *,10수염 9 *,,,unknown,미분류,4,36,360000,estimated,per_quantity,text,unknown,,active,needs_review,needs_review,"수량 표기 감지, 배송비 포함 여부 미확정, 복수 수량 총액 · 카드 1장 가격 아님",estimated,no,no,10수염 9 * 4 36만
f7b0922989b516dcac8d16f7,onepiececardgame,원피스 카드게임,2026-07,2026-07-14T16:00:42+09:00,known,1c949a7c8e0a2045d57bd34f,f7b0922989b516dcac8d16f7,101171,https://m.dcinside.com/board/onepiececardgame/101171,에이스 덱 풀패레 팝니다.,seller-893952e9be717f4fcc86808b,야돈밀수범,registered,리더,리더,리더,,,unknown,미분류,1,8,80000,estimated,per_card,text,unknown,,active,needs_review,needs_review,배송비 포함 여부 미확정,estimated,yes,no,리더 8만
00d04201e71a79ab68dba260,onepiececardgame,원피스 카드게임,2026-07,2026-07-14T18:35:48+09:00,known,4c7bebddaf7d7143db03495d,00d04201e71a79ab68dba260,101199,https://m.dcinside.com/board/onepiececardgame/101199,완덱 8개 + 낱장 판매합니다. (일부 수정),seller-1a36e94456027c5f033982a2,블라바츠키,guest,특이사항 +에이스 sp 뒷면에 화이트닝 존재 5에이스 sp 제외하고 시,특이사항 +에이스 sp 뒷면에 화이트닝 존재 5에이스 sp 제외하고 시,특이사항 : +에이스 sp : 3.5 ( 뒷면에 화이트닝 존재) / 5에이스 sp 제외하고 구매시,,,unknown,미분류,1,3.5,35000,estimated,bundle,text,unknown,,completed,context_only,needs_review,"가격 단위 추정, 수량 표기 감지, 복수 카드 가격, 배송비 포함 여부 미확정, 거래 완료 글 · 현재 매물 제외, 묶음·세트 총액 · 개별 카드 가격 아님",estimated,no,no,특이사항 : +에이스 sp 1장 : 3.5 ( 뒷면에 화이트닝 존재) / 5에이스 sp 제외하고 구매시 3.5
09989c6b622b5d32d8341bb1,onepiececardgame,원피스 카드게임,2026-07,2026-07-14T18:35:48+09:00,known,4c7bebddaf7d7143db03495d,09989c6b622b5d32d8341bb1,101199,https://m.dcinside.com/board/onepiececardgame/101199,완덱 8개 + 낱장 판매합니다. (일부 수정),seller-1a36e94456027c5f033982a2,블라바츠키,guest,가격책정 아론 리페 1케이미 패레 3아론 패레 6징베 패레 7아론 패레 7호디 4스네이크 패레 기타,가격책정 아론 리페 1케이미 패레 3아론 패레 6징베 패레 7아론 패레 7호디 4스네이크 패레 기타,"가격책정 : 아론 리페 0.5, 1케이미 패레 1.0, 3아론 패레 1.6, 6징베 패레 0.8, 7아론 패레 1.6, 7호디 0.8, 4스네이크 패레 1.0, 기타",,,unknown,미분류,19,0.2,2000,estimated,per_quantity,text,unknown,,completed,context_only,needs_review,"가격 단위 추정, 수량 표기 감지, 복수 카드 가격, 배송비 포함 여부 미확정, 거래 완료 글 · 현재 매물 제외, 복수 수량 총액 · 카드 1장 가격 아님",estimated,no,no,"가격책정 : 아론 리페 0.5, 1케이미 패레 4장 1.0, 3아론 패레 4장 1.6, 6징베 패레 2장 0.8, 7아론 패레 4장 1.6, 7호디 4장 0.8, 4스네이크 패레 1장 1.0, 기타 0.2"
5543fbede748fb886d39f790,onepiececardgame,원피스 카드게임,2026-07,2026-07-14T18:35:48+09:00,known,4c7bebddaf7d7143db03495d,5543fbede748fb886d39f790,101199,https://m.dcinside.com/board/onepiececardgame/101199,완덱 8개 + 낱장 판매합니다. (일부 수정),seller-1a36e94456027c5f033982a2,블라바츠키,guest,가격책정 스트 분 7호디 10도플 기타,가격책정 스트 분 7호디 10도플 기타,"가격책정 : 스트 분 1.8, 7호디 0.9, 10도플 0.9, 기타",,,unknown,미분류,8,0.4,4000,estimated,per_quantity,text,unknown,,completed,context_only,needs_review,"가격 단위 추정, 수량 표기 감지, 복수 카드 가격, 배송비 포함 여부 미확정, 거래 완료 글 · 현재 매물 제외, 복수 수량 총액 · 카드 1장 가격 아님",estimated,no,no,"가격책정 : 스트 2개분 1.8, 7호디 3장 0.9, 10도플 3장 0.9, 기타 0.4"
608b85103aeeb3870f851c81,onepiececardgame,원피스 카드게임,2026-07,2026-07-14T18:35:48+09:00,known,4c7bebddaf7d7143db03495d,608b85103aeeb3870f851c81,101199,https://m.dcinside.com/board/onepiececardgame/101199,완덱 8개 + 낱장 판매합니다. (일부 수정),seller-1a36e94456027c5f033982a2,블라바츠키,guest,DOM 삽입 헬퍼 현재 스크립트 위치 기준,DOM 삽입 헬퍼 현재 스크립트 위치 기준,// ---- DOM 삽입 헬퍼 (현재 스크립트 위치 기준,,,unknown,미분류,1,,,removed,unknown,unknown,unknown,,completed,context_only,needs_review,"가격 후보 재검토 필요, 거래 완료 글 · 현재 매물 제외, 가격 삭제 추정",removed,no,no,// ---- DOM 삽입 헬퍼 (현재 스크립트 위치 기준1)
63f812386a08db04b80d266a,onepiececardgame,원피스 카드게임,2026-07,2026-07-14T18:35:48+09:00,known,4c7bebddaf7d7143db03495d,63f812386a08db04b80d266a,101199,https://m.dcinside.com/board/onepiececardgame/101199,완덱 8개 + 낱장 판매합니다. (일부 수정),seller-1a36e94456027c5f033982a2,블라바츠키,guest,가격책정 코알라 리페 1코알라 패레 6쿠마 6로빈 8드래곤,가격책정 코알라 리페 1코알라 패레 6쿠마 6로빈 8드래곤,"가격책정 : 코알라 리페 1.0, 1코알라 패레 1.0, 6쿠마 9.0, 6로빈 1.0, 8드래곤",,,unknown,미분류,12,1.0,10000,estimated,per_quantity,text,unknown,,completed,context_only,needs_review,"가격 단위 추정, 수량 표기 감지, 복수 카드 가격, 배송비 포함 여부 미확정, 거래 완료 글 · 현재 매물 제외, 복수 수량 총액 · 카드 1장 가격 아님",estimated,no,no,"가격책정 : 코알라 리페 1.0, 1코알라 패레 1장 1.0, 6쿠마 3장 9.0, 6로빈 4장 1.0, 8드래곤 4장 1.0"
941da226965af95ece7825b4,onepiececardgame,원피스 카드게임,2026-07,2026-07-14T18:35:48+09:00,known,4c7bebddaf7d7143db03495d,941da226965af95ece7825b4,101199,https://m.dcinside.com/board/onepiececardgame/101199,완덱 8개 + 낱장 판매합니다. (일부 수정),seller-1a36e94456027c5f033982a2,블라바츠키,guest,혹은 금액 .0이상부터 +,혹은 금액 .0이상부터 +,혹은 판매금액 1.0이상부터 준등기 +,,,unknown,미분류,1,0.2,2000,estimated,bundle,text,unknown,,completed,context_only,needs_review,"가격 단위 추정, 복수 카드 가격, 배송비 포함 여부 미확정, 거래 완료 글 · 현재 매물 제외, 묶음·세트 총액 · 개별 카드 가격 아님",estimated,no,no,"혹은 판매금액 1.0이상부터 준등기 +0.2, 등기 +0.4로 판매 희망합니다."
9a839417ef5480cc1785dbb3,onepiececardgame,원피스 카드게임,2026-07,2026-07-14T18:35:48+09:00,known,4c7bebddaf7d7143db03495d,9a839417ef5480cc1785dbb3,101199,https://m.dcinside.com/board/onepiececardgame/101199,완덱 8개 + 낱장 판매합니다. (일부 수정),seller-1a36e94456027c5f033982a2,블라바츠키,guest,4코 봉쿠레 패레 10샹 8로저 10로저 9뉴게이트 3우소하치 기타,4코 봉쿠레 패레 10샹 8로저 10로저 9뉴게이트 3우소하치 기타,"4코 봉쿠레 패레 24.0, 10샹 1.2, 8로저 2.0, 10로저 3.0, 9뉴게이트 1.0 , 3우소하치 1.5, 기타",,,unknown,미분류,19,0.3,3000,estimated,bundle,text,unknown,,completed,context_only,needs_review,"가격 단위 추정, 수량 표기 감지, 복수 카드 가격, 배송비 포함 여부 미확정, 거래 완료 글 · 현재 매물 제외, 묶음·세트 총액 · 개별 카드 가격 아님",estimated,no,no,"4코 봉쿠레 패레 4장 24.0, 10샹 4장 1.2, 8로저 4장 2.0, 10로저 2장 3.0, 9뉴게이트 2장 1.0 , 3우소하치 3장 1.5, 기타 0.3"
ac883d58548cf5e7ce99ad2f,onepiececardgame,원피스 카드게임,2026-07,2026-07-14T18:35:48+09:00,known,4c7bebddaf7d7143db03495d,ac883d58548cf5e7ce99ad2f,101199,https://m.dcinside.com/board/onepiececardgame/101199,완덱 8개 + 낱장 판매합니다. (일부 수정),seller-1a36e94456027c5f033982a2,블라바츠키,guest,가격책정 6죠즈 6행콕 8루피 기타,가격책정 6죠즈 6행콕 8루피 기타,"가격책정 : 6죠즈 2.4, 6행콕 0.8, 8루피 1.5, 기타",,,unknown,미분류,11,0.3,3000,estimated,per_quantity,text,unknown,,completed,context_only,needs_review,"가격 단위 추정, 수량 표기 감지, 복수 카드 가격, 배송비 포함 여부 미확정, 거래 완료 글 · 현재 매물 제외, 복수 수량 총액 · 카드 1장 가격 아님",estimated,no,no," 가격책정 : 6죠즈 4장 2.4, 6행콕 4장 0.8, 8루피 3장 1.5, 기타 0.3"
c17fecb1558dcc8b45acf5ce,onepiececardgame,원피스 카드게임,2026-07,2026-07-14T18:35:48+09:00,known,4c7bebddaf7d7143db03495d,c17fecb1558dcc8b45acf5ce,101199,https://m.dcinside.com/board/onepiececardgame/101199,완덱 8개 + 낱장 판매합니다. (일부 수정),seller-1a36e94456027c5f033982a2,블라바츠키,guest,가격책정 적드래곤 금박리페 그냥 리페는 서비스 완료 1코 벨로베티 패레 사진에는 1코 벨로베티가 패레지만 시에는 벨로베티 r 등급으로 발송할 예정입니다. 빠른 시일 내에 사진을 변경하도록 하겠습니다. 4키드킬러 8드래곤 기타,가격책정 적드래곤 금박리페 그냥 리페는 서비스 완료 1코 벨로베티 패레 사진에는 1코 벨로베티가 패레지만 시에는 벨로베티 r 등급으로 발송할 예정입니다. 빠른 시일 내에 사진을 변경하도록 하겠습니다. 4키드킬러 8드래곤 기타,"가격책정 : 적드래곤 금박리페(그냥 리페는 서비스) 2.0 (판매완료) , 1코 벨로베티 패레 3.0(사진에는 1코 벨로베티가 패레지만, 판매시에는 벨로베티 r 등급으로 발송할 예정입니다. 빠른 시일 내에 사진을 변경하도록 하겠습니다.), 4키드킬러 6.0, 8드래곤 0.6 기타",,,unknown,미분류,10,0.9,9000,estimated,bundle,text,unknown,,completed,context_only,needs_review,"가격 단위 추정, 수량 표기 감지, 복수 카드 가격, 배송비 포함 여부 미확정, 거래 완료 글 · 현재 매물 제외, 묶음·세트 총액 · 개별 카드 가격 아님",estimated,no,no,"가격책정 : 적드래곤 금박리페(그냥 리페는 서비스) 2.0 (판매완료) , 1코 벨로베티 패레 3장 3.0(사진에는 1코 벨로베티가 패레지만, 판매시에는 벨로베티 r 등급으로 발송할 예정입니다. 빠른 시일 내에 사진을 변경하도록 하겠습니다.), 4키드킬러 4장 6.0, 8드래곤 3장 0.6 기타 0.9"
c4cb7198737b93bdb3152cf3,onepiececardgame,원피스 카드게임,2026-07,2026-07-14T18:35:48+09:00,known,4c7bebddaf7d7143db03495d,c4cb7198737b93bdb3152cf3,101199,https://m.dcinside.com/board/onepiececardgame/101199,완덱 8개 + 낱장 판매합니다. (일부 수정),seller-1a36e94456027c5f033982a2,블라바츠키,guest,var safe = window.dcAd && window.dcAd.safe ==,var safe = window.dcAd && window.dcAd.safe ==,var safe = (window.dcAd && window.dcAd.safe ==,,,unknown,미분류,1,1,10000,estimated,bundle,text,unknown,,completed,context_only,needs_review,"가격 단위 추정, 복수 카드 가격, 배송비 포함 여부 미확정, 거래 완료 글 · 현재 매물 제외, 묶음·세트 총액 · 개별 카드 가격 아님",estimated,no,no,var safe = (window.dcAd && window.dcAd.safe == 1)
c525c51f381ff1570af365c7,onepiececardgame,원피스 카드게임,2026-07,2026-07-14T18:35:48+09:00,known,4c7bebddaf7d7143db03495d,c525c51f381ff1570af365c7,101199,https://m.dcinside.com/board/onepiececardgame/101199,완덱 8개 + 낱장 판매합니다. (일부 수정),seller-1a36e94456027c5f033982a2,블라바츠키,guest,loadScript ' t,loadScript ' t,loadScript('//t,,,unknown,미분류,1,,,removed,unknown,unknown,unknown,,completed,context_only,needs_review,"가격 후보 재검토 필요, 거래 완료 글 · 현재 매물 제외, 가격 삭제 추정",removed,no,no,"loadScript('//t1.kakaocdn.net/kas/static/ba.min.js', true);"
cfbd8706313d57a0bab2c372,onepiececardgame,원피스 카드게임,2026-07,2026-07-14T18:35:48+09:00,known,4c7bebddaf7d7143db03495d,cfbd8706313d57a0bab2c372,101199,https://m.dcinside.com/board/onepiececardgame/101199,완덱 8개 + 낱장 판매합니다. (일부 수정),seller-1a36e94456027c5f033982a2,블라바츠키,guest,loadScript 'https pagead,loadScript 'https pagead,loadScript('https://pagead,,,unknown,미분류,1,,,removed,unknown,unknown,unknown,,completed,context_only,needs_review,"가격 후보 재검토 필요, 거래 완료 글 · 현재 매물 제외, 가격 삭제 추정",removed,no,no,"loadScript('https://pagead2.googlesyndication.com/pagead/js/adsbygoogle_direct.js?client=ca-pub-8171468792791627', true, 'anonymous');"
e6431c47aa2c67e577ecf10b,onepiececardgame,원피스 카드게임,2026-07,2026-07-14T18:35:48+09:00,known,4c7bebddaf7d7143db03495d,e6431c47aa2c67e577ecf10b,101199,https://m.dcinside.com/board/onepiececardgame/101199,완덱 8개 + 낱장 판매합니다. (일부 수정),seller-1a36e94456027c5f033982a2,블라바츠키,guest,특이사항 + 4봉쿠레 패레 일괄만 따로 하는 것도 가능 이 경우,특이사항 + 4봉쿠레 패레 일괄만 따로 하는 것도 가능 이 경우,"특이사항 : +(4봉쿠레 패레 일괄만 따로 구매하는 것도 가능, 이 경우",,,unknown,미분류,1,25.0,250000,estimated,bundle,text,unknown,,completed,context_only,needs_review,"가격 단위 추정, 일괄·세트 가격, 복수 카드 가격, 배송비 포함 여부 미확정, 거래 완료 글 · 현재 매물 제외, 묶음·세트 총액 · 개별 카드 가격 아님",estimated,no,no,"특이사항 : +(4봉쿠레 패레 일괄만 따로 구매하는 것도 가능, 이 경우 25.0)+ / 4봉쿠레 제외하고 구매시 10.0"
eced6d0f53790a963a3812df,onepiececardgame,원피스 카드게임,2026-07,2026-07-14T18:35:48+09:00,known,4c7bebddaf7d7143db03495d,eced6d0f53790a963a3812df,101199,https://m.dcinside.com/board/onepiececardgame/101199,완덱 8개 + 낱장 판매합니다. (일부 수정),seller-1a36e94456027c5f033982a2,블라바츠키,guest,특이사항 4키드 킬러 패레 따로 하는 것도 가능 이 경우,특이사항 4키드 킬러 패레 따로 하는 것도 가능 이 경우,"특이사항 : (4키드 킬러 패레 따로 구매하는 것도 가능, 이 경우",,,unknown,미분류,1,6.0,60000,estimated,bundle,text,unknown,,completed,context_only,needs_review,"가격 단위 추정, 일괄·세트 가격, 복수 카드 가격, 배송비 포함 여부 미확정, 거래 완료 글 · 현재 매물 제외, 묶음·세트 총액 · 개별 카드 가격 아님",estimated,no,no,"특이사항 : (4키드 킬러 패레 일괄 따로 구매하는 것도 가능, 이 경우 6.0) / 키드킬러 패레 제외하고 구매시 2.0"
e7a1d608cc9ad892dc67c6f4,onepiececardgame,원피스 카드게임,2026-07,2026-07-14T18:48:41+09:00,known,8993251d1c3ac16678108371,e7a1d608cc9ad892dc67c6f4,101203,https://m.dcinside.com/board/onepiececardgame/101203,"이무 리페, 야마토 sr 판매",seller-4947b6e278580866a6cf67f2,ㅇㅇ,guest,야마토,야마토,야마토,,,unknown,미분류,1,0.5,5000,estimated,per_card,text,unknown,,active,needs_review,needs_review,"가격 단위 추정, 배송비 포함 여부 미확정",estimated,yes,no,야마토 0.5
faef713161c7638912500763,onepiececardgame,원피스 카드게임,2026-07,2026-07-14T18:48:41+09:00,known,8993251d1c3ac16678108371,faef713161c7638912500763,101203,https://m.dcinside.com/board/onepiececardgame/101203,"이무 리페, 야마토 sr 판매",seller-4947b6e278580866a6cf67f2,ㅇㅇ,guest,임 리페,임 리페,임 리페,,,unknown,미분류,1,7,70000,estimated,per_card,text,unknown,,active,needs_review,needs_review,"가격 단위 추정, 배송비 포함 여부 미확정",estimated,yes,no,임 리페 7
3ee31175157dbe9d3277ea15,onepiececardgame,원피스 카드게임,2026-07,2026-07-14T19:23:12+09:00,known,e0a238d17e2a47d19e3f25bc,3ee31175157dbe9d3277ea15,101206,https://m.dcinside.com/board/onepiececardgame/101206,원피스 13탄 카드 몇장팝니다(사보 리더페레),seller-8ad10b55fa52911e796a44cf,원딱러,registered,로저금둥,로저금둥,로저금둥,,,unknown,미분류,1,1.0,10000,estimated,per_card,text,unknown,,active,needs_review,needs_review,"가격 단위 추정, 배송비 포함 여부 미확정",estimated,yes,no,로저금둥 1.0
5c5ebb5c528a405127992c61,onepiececardgame,원피스 카드게임,2026-07,2026-07-14T19:23:12+09:00,known,e0a238d17e2a47d19e3f25bc,5c5ebb5c528a405127992c61,101206,https://m.dcinside.com/board/onepiececardgame/101206,원피스 13탄 카드 몇장팝니다(사보 리더페레),seller-8ad10b55fa52911e796a44cf,원딱러,registered,로저 sr,로저 sr,로저 sr,,,unknown,미분류,1,0.1,1000,estimated,per_card,text,unknown,,active,needs_review,needs_review,"가격 단위 추정, 배송비 포함 여부 미확정",estimated,yes,no,로저 sr 0.1
79ce1078cad893d7fda848e0,onepiececardgame,원피스 카드게임,2026-07,2026-07-14T19:23:12+09:00,known,e0a238d17e2a47d19e3f25bc,79ce1078cad893d7fda848e0,101206,https://m.dcinside.com/board/onepiececardgame/101206,원피스 13탄 카드 몇장팝니다(사보 리더페레),seller-8ad10b55fa52911e796a44cf,원딱러,registered,우타 sr,우타 sr,우타 sr,,,unknown,미분류,1,0.1,1000,estimated,per_card,text,unknown,,active,needs_review,needs_review,"가격 단위 추정, 배송비 포함 여부 미확정",estimated,yes,no,우타 sr 0.1
7fa04e101e02f8d9f1541aa0,onepiececardgame,원피스 카드게임,2026-07,2026-07-14T19:23:12+09:00,known,e0a238d17e2a47d19e3f25bc,7fa04e101e02f8d9f1541aa0,101206,https://m.dcinside.com/board/onepiececardgame/101206,원피스 13탄 카드 몇장팝니다(사보 리더페레),seller-8ad10b55fa52911e796a44cf,원딱러,registered,시,시,구매시,,,unknown,미분류,1,6.5,65000,estimated,bundle,text,included,2000,active,needs_review,needs_review,"가격 단위 추정, 일괄·세트 가격, 묶음·세트 총액 · 개별 카드 가격 아님",estimated,no,no,일괄 구매시 6.5에 택포해서 판매합니다
88c01a8bb112beb3e1a7c645,onepiececardgame,원피스 카드게임,2026-07,2026-07-14T19:23:12+09:00,known,e0a238d17e2a47d19e3f25bc,88c01a8bb112beb3e1a7c645,101206,https://m.dcinside.com/board/onepiececardgame/101206,원피스 13탄 카드 몇장팝니다(사보 리더페레),seller-8ad10b55fa52911e796a44cf,원딱러,registered,푸딩 sr,푸딩 sr,푸딩 sr,,,unknown,미분류,1,0.1,1000,estimated,per_card,text,unknown,,active,needs_review,needs_review,"가격 단위 추정, 배송비 포함 여부 미확정",estimated,yes,no,푸딩 sr 0.1
8e00cc0604a4037e24c429f1,onepiececardgame,원피스 카드게임,2026-07,2026-07-14T19:23:12+09:00,known,e0a238d17e2a47d19e3f25bc,8e00cc0604a4037e24c429f1,101206,https://m.dcinside.com/board/onepiececardgame/101206,원피스 13탄 카드 몇장팝니다(사보 리더페레),seller-8ad10b55fa52911e796a44cf,원딱러,registered,오로성 sr,오로성 sr,오로성 sr,,,unknown,미분류,1,1.5,15000,estimated,per_card,text,unknown,,active,needs_review,needs_review,"가격 단위 추정, 배송비 포함 여부 미확정",estimated,yes,no,오로성 sr 1.5
bb6f91d954fc56b86438e737,onepiececardgame,원피스 카드게임,2026-07,2026-07-14T19:23:12+09:00,known,e0a238d17e2a47d19e3f25bc,bb6f91d954fc56b86438e737,101206,https://m.dcinside.com/board/onepiececardgame/101206,원피스 13탄 카드 몇장팝니다(사보 리더페레),seller-8ad10b55fa52911e796a44cf,원딱러,registered,사보 리더페레,사보 리더페레,사보 리더페레,,,unknown,미분류,1,3.0,30000,estimated,per_card,text,unknown,,active,needs_review,needs_review,"가격 단위 추정, 배송비 포함 여부 미확정",estimated,yes,no,사보 리더페레 3.0
c44eed2e5e4fd3d71088b022,onepiececardgame,원피스 카드게임,2026-07,2026-07-14T19:23:12+09:00,known,e0a238d17e2a47d19e3f25bc,c44eed2e5e4fd3d71088b022,101206,https://m.dcinside.com/board/onepiececardgame/101206,원피스 13탄 카드 몇장팝니다(사보 리더페레),seller-8ad10b55fa52911e796a44cf,원딱러,registered,레일리 sr,레일리 sr,레일리 sr,,,unknown,미분류,1,0.2,2000,estimated,per_card,text,unknown,,active,needs_review,needs_review,"가격 단위 추정, 배송비 포함 여부 미확정",estimated,yes,no,레일리 sr 0.2
c577e64e46afa398815cc627,onepiececardgame,원피스 카드게임,2026-07,2026-07-14T19:23:12+09:00,known,e0a238d17e2a47d19e3f25bc,c577e64e46afa398815cc627,101206,https://m.dcinside.com/board/onepiececardgame/101206,원피스 13탄 카드 몇장팝니다(사보 리더페레),seller-8ad10b55fa52911e796a44cf,원딱러,registered,에이스,에이스,에이스,,시크,unknown,미분류,1,0.5,5000,estimated,per_card,text,unknown,,active,needs_review,needs_review,"가격 단위 추정, 배송비 포함 여부 미확정",estimated,yes,no,에이스 시크 0.5
c589bfa446d2c9650d09d6d0,onepiececardgame,원피스 카드게임,2026-07,2026-07-14T19:23:12+09:00,known,e0a238d17e2a47d19e3f25bc,c589bfa446d2c9650d09d6d0,101206,https://m.dcinside.com/board/onepiececardgame/101206,원피스 13탄 카드 몇장팝니다(사보 리더페레),seller-8ad10b55fa52911e796a44cf,원딱러,registered,갤디노 페레,갤디노 페레,갤디노 페레,,,unknown,미분류,1,0.4,4000,estimated,per_card,text,unknown,,active,needs_review,needs_review,"가격 단위 추정, 배송비 포함 여부 미확정",estimated,yes,no,갤디노 페레 0.4
d375adfbbf1619eccda9344f,onepiececardgame,원피스 카드게임,2026-07,2026-07-14T19:23:12+09:00,known,e0a238d17e2a47d19e3f25bc,d375adfbbf1619eccda9344f,101206,https://m.dcinside.com/board/onepiececardgame/101206,원피스 13탄 카드 몇장팝니다(사보 리더페레),seller-8ad10b55fa52911e796a44cf,원딱러,registered,사보 sr,사보 sr,사보 sr,,,unknown,미분류,1,0.2,2000,estimated,per_card,text,unknown,,active,needs_review,needs_review,"가격 단위 추정, 배송비 포함 여부 미확정",estimated,yes,no,사보 sr 0.2
ee84e58a410d5fd668541fb2,onepiececardgame,원피스 카드게임,2026-07,2026-07-14T19:23:12+09:00,known,e0a238d17e2a47d19e3f25bc,ee84e58a410d5fd668541fb2,101206,https://m.dcinside.com/board/onepiececardgame/101206,원피스 13탄 카드 몇장팝니다(사보 리더페레),seller-8ad10b55fa52911e796a44cf,원딱러,registered,일택 반택,일택 반택,일택 0.4 반택,,,unknown,미분류,1,0.2,2000,estimated,per_card,text,unknown,,active,needs_review,needs_review,"가격 단위 추정, 배송비 포함 여부 미확정",estimated,yes,no,일택 0.4 반택 0.2
703f4b37aeb06f2b6a62e3a6,onepiececardgame,원피스 카드게임,2026-07,2026-07-14T23:48:06+09:00,known,a674e5f00e8049e5d0c336d1,703f4b37aeb06f2b6a62e3a6,101240,https://m.dcinside.com/board/onepiececardgame/101240,13탄 상디 페레 삽니다,seller-417ed952b1bdd2887921e981,규카츠폭격기,registered,상디 레어페레,상디 레어페레,상디 레어페레,,,unknown,미분류,4,7,70000,estimated,per_quantity,text,included,2000,active,needs_review,needs_review,"가격 단위 추정, 수량 표기 감지, 복수 수량 총액 · 카드 1장 가격 아님",estimated,no,no,상디 레어페레 4장 택포 7에 구해봅니다
0f98e53d9525b1a5f7b1cc97,onepiececardgame,원피스 카드게임,2026-07,2026-07-15T01:07:46+09:00,known,a50045491255a3759b53ecb9,0f98e53d9525b1a5f7b1cc97,101249,https://m.dcinside.com/board/onepiececardgame/101249,"1탄,2탄,9탄,10탄,11탄,12탄 소스 많이 구합니다",seller-8ad10b55fa52911e796a44cf,원딱러,registered,쿠자쿠 OP11-004 SR,쿠자쿠 OP11-004 SR,쿠자쿠 OP11-004 SR 장당,,,unknown,미분류,4,0.1,1000,estimated,per_card,text,unknown,,active,needs_review,needs_review,"가격 단위 추정, 수량 표기 감지, 배송비 포함 여부 미확정",estimated,yes,no,쿠자쿠 OP11-004 SR 4장 장당 0.1
137900b4154e5ee0506ca1d6,onepiececardgame,원피스 카드게임,2026-07,2026-07-15T01:07:46+09:00,known,a50045491255a3759b53ecb9,137900b4154e5ee0506ca1d6,101249,https://m.dcinside.com/board/onepiececardgame/101249,"1탄,2탄,9탄,10탄,11탄,12탄 소스 많이 구합니다",seller-8ad10b55fa52911e796a44cf,원딱러,registered,프랑키 OP09-072,프랑키 OP09-072,프랑키 OP09-072,,,unknown,미분류,1,0.1,1000,estimated,per_card,text,unknown,,active,needs_review,needs_review,"가격 단위 추정, 수량 표기 감지, 배송비 포함 여부 미확정",estimated,yes,no,프랑키 OP09-072 1장 0.1
26d140a1751a92f32970dd66,onepiececardgame,원피스 카드게임,2026-07,2026-07-15T01:07:46+09:00,known,a50045491255a3759b53ecb9,26d140a1751a92f32970dd66,101249,https://m.dcinside.com/board/onepiececardgame/101249,"1탄,2탄,9탄,10탄,11탄,12탄 소스 많이 구합니다",seller-8ad10b55fa52911e796a44cf,원딱러,registered,마샬 D. 티치 OP09-093,마샬 D. 티치 OP09-093,마샬 D. 티치 OP09-093 장당,,,unknown,미분류,4,0.15,1500,estimated,per_card,text,unknown,,active,needs_review,needs_review,"가격 단위 추정, 수량 표기 감지, 배송비 포함 여부 미확정",estimated,yes,no,마샬 D. 티치 OP09-093 4장 장당 0.15
55e979e19c7d5553237cbe5b,onepiececardgame,원피스 카드게임,2026-07,2026-07-15T01:07:46+09:00,known,a50045491255a3759b53ecb9,55e979e19c7d5553237cbe5b,101249,https://m.dcinside.com/board/onepiececardgame/101249,"1탄,2탄,9탄,10탄,11탄,12탄 소스 많이 구합니다",seller-8ad10b55fa52911e796a44cf,원딱러,registered,빈스모크 레이주 OP12-063,빈스모크 레이주 OP12-063,빈스모크 레이주 OP12-063,,,unknown,미분류,1,0.2,2000,estimated,per_card,text,unknown,,active,needs_review,needs_review,"가격 단위 추정, 수량 표기 감지, 배송비 포함 여부 미확정",estimated,yes,no,빈스모크 레이주 OP12-063 1장 0.2
7feb29fab17d277d241c4c7b,onepiececardgame,원피스 카드게임,2026-07,2026-07-15T01:07:46+09:00,known,a50045491255a3759b53ecb9,7feb29fab17d277d241c4c7b,101249,https://m.dcinside.com/board/onepiececardgame/101249,"1탄,2탄,9탄,10탄,11탄,12탄 소스 많이 구합니다",seller-8ad10b55fa52911e796a44cf,원딱러,registered,포트거스 D. 에이스 OP02-013,포트거스 D. 에이스 OP02-013,포트거스 D. 에이스 OP02-013 장당,,,unknown,미분류,2,0.2,2000,estimated,per_card,text,unknown,,active,needs_review,needs_review,"가격 단위 추정, 수량 표기 감지, 배송비 포함 여부 미확정",estimated,yes,no,포트거스 D. 에이스 OP02-013 2장 장당 0.2
936ea6c9eb3ed1b3295972b0,onepiececardgame,원피스 카드게임,2026-07,2026-07-15T01:07:46+09:00,known,a50045491255a3759b53ecb9,936ea6c9eb3ed1b3295972b0,101249,https://m.dcinside.com/board/onepiececardgame/101249,"1탄,2탄,9탄,10탄,11탄,12탄 소스 많이 구합니다",seller-8ad10b55fa52911e796a44cf,원딱러,registered,코비 PRB02-001 OP12,코비 PRB02-001 OP12,코비 PRB02-001(OP12) 장당,,,unknown,미분류,4,0.1,1000,estimated,per_card,text,unknown,,active,needs_review,needs_review,"가격 단위 추정, 수량 표기 감지, 배송비 포함 여부 미확정",estimated,yes,no,코비 PRB02-001(OP12) 4장 장당 0.1
938ab75d4a6c8356cead4bb1,onepiececardgame,원피스 카드게임,2026-07,2026-07-15T01:07:46+09:00,known,a50045491255a3759b53ecb9,938ab75d4a6c8356cead4bb1,101249,https://m.dcinside.com/board/onepiececardgame/101249,"1탄,2탄,9탄,10탄,11탄,12탄 소스 많이 구합니다",seller-8ad10b55fa52911e796a44cf,원딱러,registered,세뇨르 핑크 OP10-067,세뇨르 핑크 OP10-067,세뇨르 핑크 OP10-067,,,unknown,미분류,4,0.1,1000,estimated,bundle,text,unknown,,active,needs_review,needs_review,"가격 단위 추정, 수량 표기 감지, 일괄·세트 가격, 배송비 포함 여부 미확정, 묶음·세트 총액 · 개별 카드 가격 아님",estimated,no,no,세뇨르 핑크 OP10-067 4장 일괄 0.1
c5dd3f560da4d2e730f161c1,onepiececardgame,원피스 카드게임,2026-07,2026-07-15T01:07:46+09:00,known,a50045491255a3759b53ecb9,c5dd3f560da4d2e730f161c1,101249,https://m.dcinside.com/board/onepiececardgame/101249,"1탄,2탄,9탄,10탄,11탄,12탄 소스 많이 구합니다",seller-8ad10b55fa52911e796a44cf,원딱러,registered,지저스 바제스 OP09-086,지저스 바제스 OP09-086,지저스 바제스 OP09-086,,,unknown,미분류,4,0.2,2000,estimated,bundle,text,unknown,,active,needs_review,needs_review,"가격 단위 추정, 수량 표기 감지, 일괄·세트 가격, 배송비 포함 여부 미확정, 묶음·세트 총액 · 개별 카드 가격 아님",estimated,no,no,지저스 바제스 OP09-086 4장 일괄 0.2
eb3d87b18c3c5fd75fea218a,onepiececardgame,원피스 카드게임,2026-07,2026-07-15T01:07:46+09:00,known,a50045491255a3759b53ecb9,eb3d87b18c3c5fd75fea218a,101249,https://m.dcinside.com/board/onepiececardgame/101249,"1탄,2탄,9탄,10탄,11탄,12탄 소스 많이 구합니다",seller-8ad10b55fa52911e796a44cf,원딱러,registered,헤르메포 OP11-092,헤르메포 OP11-092,헤르메포 OP11-092 장당,,,unknown,미분류,4,0.1,1000,estimated,per_card,text,unknown,,active,needs_review,needs_review,"가격 단위 추정, 수량 표기 감지, 배송비 포함 여부 미확정",estimated,yes,no,헤르메포 OP11-092 4장 장당 0.1
fb882d481a9b47387dcef2fa,onepiececardgame,원피스 카드게임,2026-07,2026-07-15T01:07:46+09:00,known,a50045491255a3759b53ecb9,fb882d481a9b47387dcef2fa,101249,https://m.dcinside.com/board/onepiececardgame/101249,"1탄,2탄,9탄,10탄,11탄,12탄 소스 많이 구합니다",seller-8ad10b55fa52911e796a44cf,원딱러,registered,라운드 테이블 OP01- 당,라운드 테이블 OP01- 당,라운드 테이블 OP01- 당,,,unknown,미분류,27,0.05,500,estimated,per_card,text,unknown,,active,needs_review,needs_review,"가격 단위 추정, 수량 표기 감지, 배송비 포함 여부 미확정",estimated,yes,no,라운드 테이블 OP01-027 장당 0.05
ff34d24032f8c719cfbc3ac0,onepiececardgame,원피스 카드게임,2026-07,2026-07-15T01:07:46+09:00,known,a50045491255a3759b53ecb9,ff34d24032f8c719cfbc3ac0,101249,https://m.dcinside.com/board/onepiececardgame/101249,"1탄,2탄,9탄,10탄,11탄,12탄 소스 많이 구합니다",seller-8ad10b55fa52911e796a44cf,원딱러,registered,상디 OP10-005,상디 OP10-005,상디 OP10-005 장당,,,unknown,미분류,3,0.5,5000,estimated,per_card,text,unknown,,active,needs_review,needs_review,"가격 단위 추정, 수량 표기 감지, 배송비 포함 여부 미확정",estimated,yes,no,상디 OP10-005 3장 장당 0.5
a7380b5dd14845fb003eefae,onepiececardgame,원피스 카드게임,2026-07,2026-07-15T09:32:00+09:00,known,c72e2e1d4404812a8351da13,a7380b5dd14845fb003eefae,101273,https://m.dcinside.com/board/onepiececardgame/101273,녹조로 완덱 시크보니 삽니다,seller-f0c8a18fbd502ae2bf792524,cantion,registered,녹조로 완덱 시크보니,녹조로 완덱 시크보니,녹조로 완덱 13 시크보니,,,unknown,미분류,4,7,70000,estimated,bundle,text,separate,2000,active,needs_review,needs_review,"가격 단위 추정, 수량 표기 감지, 일괄·세트 가격, 묶음·세트 총액 · 개별 카드 가격 아님",estimated,no,no,녹조로 완덱 13 시크보니 4장 일괄 7
78bb06ad598116e70328859f,onepiececardgame,원피스 카드게임,2026-07,2026-07-15T17:24:19+09:00,known,a3374deb1075203b3a233a52,78bb06ad598116e70328859f,101377,https://m.dcinside.com/board/onepiececardgame/101377,"녹 1코 나미 페레, 녹 5코 상디 페레 4장씩 구해요",seller-fb501c12af79c9af589d218e,또르르르,guest,각 씩,각 씩,각 씩,,,unknown,미분류,4,6,60000,estimated,bundle,text,unknown,,active,needs_review,needs_review,"가격 단위 추정, 수량 표기 감지, 일괄·세트 가격, 배송비 포함 여부 미확정, 묶음·세트 총액 · 개별 카드 가격 아님",estimated,no,no,각 4장씩 일괄 6에 구해봐요
0208bc1cab138c18a8db5a03,onepiececardgame,원피스 카드게임,2026-07,2026-07-15T18:40:51+09:00,known,1fec1882f1f683e732c0aed8,0208bc1cab138c18a8db5a03,101385,https://m.dcinside.com/board/onepiececardgame/101385,"13탄 카드몇장팝니다(사보 리더페레,금둥,오로성)",seller-8ad10b55fa52911e796a44cf,원딱러,registered,사보 sr,사보 sr,사보 sr,,,unknown,미분류,1,0.2,2000,estimated,per_card,text,unknown,,active,needs_review,needs_review,"가격 단위 추정, 배송비 포함 여부 미확정",estimated,yes,no,사보 sr 0.2
11db9c17d41ba74b902a5b27,onepiececardgame,원피스 카드게임,2026-07,2026-07-15T18:40:51+09:00,known,1fec1882f1f683e732c0aed8,11db9c17d41ba74b902a5b27,101385,https://m.dcinside.com/board/onepiececardgame/101385,"13탄 카드몇장팝니다(사보 리더페레,금둥,오로성)",seller-8ad10b55fa52911e796a44cf,원딱러,registered,사보 리더페레,사보 리더페레,사보 리더페레,,,unknown,미분류,1,2.5,25000,estimated,per_card,text,unknown,,active,needs_review,needs_review,"가격 단위 추정, 배송비 포함 여부 미확정",estimated,yes,no,사보 리더페레 2.5
14059b95fec64f8ca859b320,onepiececardgame,원피스 카드게임,2026-07,2026-07-15T18:40:51+09:00,known,1fec1882f1f683e732c0aed8,14059b95fec64f8ca859b320,101385,https://m.dcinside.com/board/onepiececardgame/101385,"13탄 카드몇장팝니다(사보 리더페레,금둥,오로성)",seller-8ad10b55fa52911e796a44cf,원딱러,registered,오로성 sr,오로성 sr,오로성 sr,,,unknown,미분류,1,1.5,15000,estimated,per_card,text,unknown,,active,needs_review,needs_review,"가격 단위 추정, 배송비 포함 여부 미확정",estimated,yes,no,오로성 sr 1.5
2de439c0423779fd9f3ae7ea,onepiececardgame,원피스 카드게임,2026-07,2026-07-15T18:40:51+09:00,known,1fec1882f1f683e732c0aed8,2de439c0423779fd9f3ae7ea,101385,https://m.dcinside.com/board/onepiececardgame/101385,"13탄 카드몇장팝니다(사보 리더페레,금둥,오로성)",seller-8ad10b55fa52911e796a44cf,원딱러,registered,푸딩 sr,푸딩 sr,푸딩 sr,,,unknown,미분류,1,0.1,1000,estimated,per_card,text,unknown,,active,needs_review,needs_review,"가격 단위 추정, 배송비 포함 여부 미확정",estimated,yes,no,푸딩 sr 0.1
33f4aceca57374bddc9ea0d1,onepiececardgame,원피스 카드게임,2026-07,2026-07-15T18:40:51+09:00,known,1fec1882f1f683e732c0aed8,33f4aceca57374bddc9ea0d1,101385,https://m.dcinside.com/board/onepiececardgame/101385,"13탄 카드몇장팝니다(사보 리더페레,금둥,오로성)",seller-8ad10b55fa52911e796a44cf,원딱러,registered,우타 sr,우타 sr,우타 sr,,,unknown,미분류,1,0.1,1000,estimated,per_card,text,unknown,,active,needs_review,needs_review,"가격 단위 추정, 배송비 포함 여부 미확정",estimated,yes,no,우타 sr 0.1
3e1753a036580befa2f70f07,onepiececardgame,원피스 카드게임,2026-07,2026-07-15T18:40:51+09:00,known,1fec1882f1f683e732c0aed8,3e1753a036580befa2f70f07,101385,https://m.dcinside.com/board/onepiececardgame/101385,"13탄 카드몇장팝니다(사보 리더페레,금둥,오로성)",seller-8ad10b55fa52911e796a44cf,원딱러,registered,레일리 sr,레일리 sr,레일리 sr,,,unknown,미분류,1,0.2,2000,estimated,per_card,text,unknown,,active,needs_review,needs_review,"가격 단위 추정, 배송비 포함 여부 미확정",estimated,yes,no,레일리 sr 0.2
4e782a88c69b3f977fb7175b,onepiececardgame,원피스 카드게임,2026-07,2026-07-15T18:40:51+09:00,known,1fec1882f1f683e732c0aed8,4e782a88c69b3f977fb7175b,101385,https://m.dcinside.com/board/onepiececardgame/101385,"13탄 카드몇장팝니다(사보 리더페레,금둥,오로성)",seller-8ad10b55fa52911e796a44cf,원딱러,registered,갤디노 페레,갤디노 페레,갤디노 페레,,,unknown,미분류,1,0.4,4000,estimated,per_card,text,unknown,,active,needs_review,needs_review,"가격 단위 추정, 배송비 포함 여부 미확정",estimated,yes,no,갤디노 페레 0.4
58224017e6a5651e7f42cc29,onepiececardgame,원피스 카드게임,2026-07,2026-07-15T18:40:51+09:00,known,1fec1882f1f683e732c0aed8,58224017e6a5651e7f42cc29,101385,https://m.dcinside.com/board/onepiececardgame/101385,"13탄 카드몇장팝니다(사보 리더페레,금둥,오로성)",seller-8ad10b55fa52911e796a44cf,원딱러,registered,로저 sr,로저 sr,로저 sr,,,unknown,미분류,1,0.1,1000,estimated,per_card,text,unknown,,active,needs_review,needs_review,"가격 단위 추정, 배송비 포함 여부 미확정",estimated,yes,no,로저 sr 0.1
6f35b3ec9efafc5c2544b7e5,onepiececardgame,원피스 카드게임,2026-07,2026-07-15T18:40:51+09:00,known,1fec1882f1f683e732c0aed8,6f35b3ec9efafc5c2544b7e5,101385,https://m.dcinside.com/board/onepiececardgame/101385,"13탄 카드몇장팝니다(사보 리더페레,금둥,오로성)",seller-8ad10b55fa52911e796a44cf,원딱러,registered,시,시,구매시,,,unknown,미분류,1,6.0,60000,estimated,bundle,text,included,2000,active,needs_review,needs_review,"가격 단위 추정, 일괄·세트 가격, 묶음·세트 총액 · 개별 카드 가격 아님",estimated,no,no,일괄 구매시 6.0에 택포해서 판매합니다
aef1f7f2126509a101fa5e26,onepiececardgame,원피스 카드게임,2026-07,2026-07-15T18:40:51+09:00,known,1fec1882f1f683e732c0aed8,aef1f7f2126509a101fa5e26,101385,https://m.dcinside.com/board/onepiececardgame/101385,"13탄 카드몇장팝니다(사보 리더페레,금둥,오로성)",seller-8ad10b55fa52911e796a44cf,원딱러,registered,에이스,에이스,에이스,,시크,unknown,미분류,1,0.5,5000,estimated,per_card,text,unknown,,active,needs_review,needs_review,"가격 단위 추정, 배송비 포함 여부 미확정",estimated,yes,no,에이스 시크 0.5
ce0d7559c5ef894ecd20ea48,onepiececardgame,원피스 카드게임,2026-07,2026-07-15T18:40:51+09:00,known,1fec1882f1f683e732c0aed8,ce0d7559c5ef894ecd20ea48,101385,https://m.dcinside.com/board/onepiececardgame/101385,"13탄 카드몇장팝니다(사보 리더페레,금둥,오로성)",seller-8ad10b55fa52911e796a44cf,원딱러,registered,일택 반택,일택 반택,일택 0.4 반택,,,unknown,미분류,1,0.2,2000,estimated,per_card,text,unknown,,active,needs_review,needs_review,"가격 단위 추정, 배송비 포함 여부 미확정",estimated,yes,no,일택 0.4 반택 0.2
e025dd4f5f1e05d0506a24ca,onepiececardgame,원피스 카드게임,2026-07,2026-07-15T18:40:51+09:00,known,1fec1882f1f683e732c0aed8,e025dd4f5f1e05d0506a24ca,101385,https://m.dcinside.com/board/onepiececardgame/101385,"13탄 카드몇장팝니다(사보 리더페레,금둥,오로성)",seller-8ad10b55fa52911e796a44cf,원딱러,registered,로저금둥,로저금둥,로저금둥,,,unknown,미분류,1,1.0,10000,estimated,per_card,text,unknown,,active,needs_review,needs_review,"가격 단위 추정, 배송비 포함 여부 미확정",estimated,yes,no,로저금둥 1.0
679fc369614b3295ff578ed5,onepiececardgame,원피스 카드게임,2026-07,2026-07-15T21:25:24+09:00,known,64e04a0701ac85ca6b78b905,679fc369614b3295ff578ed5,101410,https://m.dcinside.com/board/onepiececardgame/101410,13탄 상디페레 삽니다,seller-417ed952b1bdd2887921e981,규카츠폭격기,registered,상디페레 까지 일괄시,상디페레 까지 일괄시,상디페레 장당 1.5 까지삽니다 일괄시,,,unknown,미분류,4,7,70000,estimated,bundle,text,unknown,,active,needs_review,needs_review,"가격 단위 추정, 수량 표기 감지, 일괄·세트 가격, 배송비 포함 여부 미확정, 묶음·세트 총액 · 개별 카드 가격 아님",estimated,no,no,상디페레 장당 1.5 4장까지삽니다 일괄시 7
9771eca76a9335558c444070,onepiececardgame,원피스 카드게임,2026-07,2026-07-15T23:41:55+09:00,known,1f10f632f71c99b5f67f1fd4,9771eca76a9335558c444070,101428,https://m.dcinside.com/board/onepiececardgame/101428,p-088 프로모 황 로우 구합니다.,seller-83fe382b4600b2d83e8588ce,qpwrou,guest,프로모 황로우,프로모 황로우,프로모 황로우 장당 1.7,,,unknown,미분류,4,7.0,70000,estimated,bundle,text,unknown,,active,needs_review,needs_review,"가격 단위 추정, 수량 표기 감지, 일괄·세트 가격, 배송비 포함 여부 미확정, 묶음·세트 총액 · 개별 카드 가격 아님",estimated,no,no,프로모 황로우 장당 1.7 4장 일괄 7.0에 구매합니다.
aa059e678a3f27a77321a5af,onepiececardgame,원피스 카드게임,2026-07,2026-07-16T02:09:05+09:00,known,853d090a44ce996454787557,aa059e678a3f27a77321a5af,101449,https://m.dcinside.com/board/onepiececardgame/101449,시크 쿠마 1장 택포 3.5에 구합니다(완),seller-7e1dd032b07045d064783432,jyjy909..,guest,시크 황 쿠마,시크 황 쿠마,시크 황 쿠마,,,unknown,미분류,1,3.5,35000,estimated,per_card,text,included,2000,active,needs_review,needs_review,"가격 단위 추정, 수량 표기 감지",estimated,yes,no,시크 황 쿠마 1장 택포 3.5에 구매합니다
54f1e8d66f04fe7402a167c5,onepiececardgame,원피스 카드게임,2026-07,2026-07-16T08:16:22+09:00,known,960f97376d4a59bd32adbbf6,54f1e8d66f04fe7402a167c5,101455,https://m.dcinside.com/board/onepiececardgame/101455,13탄 구매해봐요 일괄로 구매합니다(구매완),seller-04063d10b3c9c2c2a182e96b,라이자키,guest,루피,루피,루피,,시크,unknown,미분류,1,1,10000,estimated,per_card,text,separate,2000,active,needs_review,parsed,,estimated,yes,no,루피시크 1만
66ff8d6f026a64645948e1e7,onepiececardgame,원피스 카드게임,2026-07,2026-07-16T08:16:22+09:00,known,960f97376d4a59bd32adbbf6,66ff8d6f026a64645948e1e7,101455,https://m.dcinside.com/board/onepiececardgame/101455,13탄 구매해봐요 일괄로 구매합니다(구매완),seller-04063d10b3c9c2c2a182e96b,라이자키,guest,에이스,에이스,에이스,,시크페레,unknown,미분류,1,4,40000,estimated,per_card,text,separate,2000,active,needs_review,parsed,,estimated,yes,no,에이스 시크페레 4만
711cd24f70242e056513a035,onepiececardgame,원피스 카드게임,2026-07,2026-07-16T08:16:22+09:00,known,960f97376d4a59bd32adbbf6,711cd24f70242e056513a035,101455,https://m.dcinside.com/board/onepiececardgame/101455,13탄 구매해봐요 일괄로 구매합니다(구매완),seller-04063d10b3c9c2c2a182e96b,라이자키,guest,사보 리더페레,사보 리더페레,사보 리더페레,,,unknown,미분류,1,2.5,25000,estimated,per_card,text,separate,2000,active,needs_review,parsed,,estimated,yes,no,사보 리더페레 2.5만
082cdf501ccb358515474ad7,onepiececardgame,원피스 카드게임,2026-07,2026-07-16T10:26:19+09:00,known,5ac3bbbfef66a56be329da20,082cdf501ccb358515474ad7,101465,https://m.dcinside.com/board/onepiececardgame/101465,카드 판매합니다,seller-e026e2ad6d60280bff5b8a1d,얀이에영,guest,스탠 로,스탠 로,스탠 로 장당,,,unknown,미분류,1,0.8,8000,estimated,per_card,text,unknown,,active,needs_review,needs_review,"가격 단위 추정, 배송비 포함 여부 미확정",estimated,yes,no,스탠 로 장당 0.8
0b611d9f314707725764b10c,onepiececardgame,원피스 카드게임,2026-07,2026-07-16T10:26:19+09:00,known,5ac3bbbfef66a56be329da20,0b611d9f314707725764b10c,101465,https://m.dcinside.com/board/onepiececardgame/101465,카드 판매합니다,seller-e026e2ad6d60280bff5b8a1d,얀이에영,guest,loadScript ' t,loadScript ' t,loadScript('//t,,,unknown,미분류,1,,,missing,unknown,unknown,unknown,,active,excluded,needs_review,"가격 후보 재검토 필요, 가격 미기재, 스크립트·광고 문구로 추정되는 오염 행",missing,no,no,"loadScript('//t1.kakaocdn.net/kas/static/ba.min.js', true);"
19b57b65bb295dfecba689fe,onepiececardgame,원피스 카드게임,2026-07,2026-07-16T10:26:19+09:00,known,5ac3bbbfef66a56be329da20,19b57b65bb295dfecba689fe,101465,https://m.dcinside.com/board/onepiececardgame/101465,카드 판매합니다,seller-e026e2ad6d60280bff5b8a1d,얀이에영,guest,브룩,브룩,브룩,,,unknown,미분류,1,0.3,3000,estimated,per_card,text,unknown,,active,needs_review,needs_review,"가격 단위 추정, 배송비 포함 여부 미확정",estimated,yes,no,브룩 0.3
1fb5e138f126386858a3f819,onepiececardgame,원피스 카드게임,2026-07,2026-07-16T10:26:19+09:00,known,5ac3bbbfef66a56be329da20,1fb5e138f126386858a3f819,101465,https://m.dcinside.com/board/onepiececardgame/101465,카드 판매합니다,seller-e026e2ad6d60280bff5b8a1d,얀이에영,guest,루피 프로모,루피 프로모,루피 프로모 장당,,,unknown,미분류,1,0.5,5000,estimated,per_card,text,unknown,,active,needs_review,needs_review,"가격 단위 추정, 배송비 포함 여부 미확정",estimated,yes,no,루피 프로모 장당 0.5
23fb1fe0c949d1b1e98c1eee,onepiececardgame,원피스 카드게임,2026-07,2026-07-16T10:26:19+09:00,known,5ac3bbbfef66a56be329da20,23fb1fe0c949d1b1e98c1eee,101465,https://m.dcinside.com/board/onepiececardgame/101465,카드 판매합니다,seller-e026e2ad6d60280bff5b8a1d,얀이에영,guest,스탠 조로,스탠 조로,스탠 조로,,,unknown,미분류,1,1.0,10000,estimated,per_card,text,unknown,,active,needs_review,needs_review,"가격 단위 추정, 배송비 포함 여부 미확정",estimated,yes,no,스탠 조로 1.0
33f9ed38663fb7cb4a72a954,onepiececardgame,원피스 카드게임,2026-07,2026-07-16T10:26:19+09:00,known,5ac3bbbfef66a56be329da20,33f9ed38663fb7cb4a72a954,101465,https://m.dcinside.com/board/onepiececardgame/101465,카드 판매합니다,seller-e026e2ad6d60280bff5b8a1d,얀이에영,guest,DOM 삽입 헬퍼 현재 스크립트 위치 기준,DOM 삽입 헬퍼 현재 스크립트 위치 기준,// ---- DOM 삽입 헬퍼 (현재 스크립트 위치 기준,,,unknown,미분류,1,,,missing,unknown,unknown,unknown,,active,excluded,needs_review,"가격 후보 재검토 필요, 가격 미기재, 스크립트·광고 문구로 추정되는 오염 행",missing,no,no,// ---- DOM 삽입 헬퍼 (현재 스크립트 위치 기준1)
45f901ea00e626e84022d0c0,onepiececardgame,원피스 카드게임,2026-07,2026-07-16T10:26:19+09:00,known,5ac3bbbfef66a56be329da20,45f901ea00e626e84022d0c0,101465,https://m.dcinside.com/board/onepiececardgame/101465,카드 판매합니다,seller-e026e2ad6d60280bff5b8a1d,얀이에영,guest,샹크스,샹크스,샹크스,,,unknown,미분류,1,0.3,3000,estimated,per_card,text,unknown,,active,needs_review,needs_review,"가격 단위 추정, 배송비 포함 여부 미확정",estimated,yes,no,샹크스 0.3
5edc86b6daf8fea8c262e68f,onepiececardgame,원피스 카드게임,2026-07,2026-07-16T10:26:19+09:00,known,5ac3bbbfef66a56be329da20,5edc86b6daf8fea8c262e68f,101465,https://m.dcinside.com/board/onepiececardgame/101465,카드 판매합니다,seller-e026e2ad6d60280bff5b8a1d,얀이에영,guest,리미티드 로,리미티드 로,리미티드 로,,,unknown,미분류,1,1.3,13000,estimated,per_card,text,unknown,,active,needs_review,needs_review,"가격 단위 추정, 배송비 포함 여부 미확정",estimated,yes,no,리미티드 로 1.3
623adb720d9f6f7fd6b16736,onepiececardgame,원피스 카드게임,2026-07,2026-07-16T10:26:19+09:00,known,5ac3bbbfef66a56be329da20,623adb720d9f6f7fd6b16736,101465,https://m.dcinside.com/board/onepiececardgame/101465,카드 판매합니다,seller-e026e2ad6d60280bff5b8a1d,얀이에영,guest,벤배크맨,벤배크맨,벤배크맨,,,unknown,미분류,2,0.5,5000,estimated,per_quantity,text,unknown,,active,needs_review,needs_review,"가격 단위 추정, 수량 표기 감지, 배송비 포함 여부 미확정, 복수 수량 총액 · 카드 1장 가격 아님",estimated,no,no,벤배크맨 2장 0.5
6ac6f0a825f03bb726d12715,onepiececardgame,원피스 카드게임,2026-07,2026-07-16T10:26:19+09:00,known,5ac3bbbfef66a56be329da20,6ac6f0a825f03bb726d12715,101465,https://m.dcinside.com/board/onepiececardgame/101465,카드 판매합니다,seller-e026e2ad6d60280bff5b8a1d,얀이에영,guest,루피타로 상디 각,루피타로 상디 각,"루피타로, 상디 각",,,unknown,미분류,1,0.2,2000,estimated,bundle,text,unknown,,active,needs_review,needs_review,"가격 단위 추정, 복수 카드 가격, 배송비 포함 여부 미확정, 묶음·세트 총액 · 개별 카드 가격 아님",estimated,no,no,"루피타로, 상디 각 0.2"
8753267d5899497278e7d38b,onepiececardgame,원피스 카드게임,2026-07,2026-07-16T10:26:19+09:00,known,5ac3bbbfef66a56be329da20,8753267d5899497278e7d38b,101465,https://m.dcinside.com/board/onepiececardgame/101465,카드 판매합니다,seller-e026e2ad6d60280bff5b8a1d,얀이에영,guest,징베 페레,징베 페레,징베 페레,,,unknown,미분류,1,0.8,8000,estimated,per_card,text,unknown,,active,needs_review,needs_review,"가격 단위 추정, 배송비 포함 여부 미확정",estimated,yes,no,징베 페레 0.8
8fa787f4add8e082f6d4601d,onepiececardgame,원피스 카드게임,2026-07,2026-07-16T10:26:19+09:00,known,5ac3bbbfef66a56be329da20,8fa787f4add8e082f6d4601d,101465,https://m.dcinside.com/board/onepiececardgame/101465,카드 판매합니다,seller-e026e2ad6d60280bff5b8a1d,얀이에영,guest,나머지 각,나머지 각,나머지 각,,,unknown,미분류,1,0.1,1000,estimated,per_card,text,unknown,,active,needs_review,needs_review,"가격 단위 추정, 배송비 포함 여부 미확정",estimated,yes,no,나머지 각 0.1
97ad44c5daf6159505a740a2,onepiececardgame,원피스 카드게임,2026-07,2026-07-16T10:26:19+09:00,known,5ac3bbbfef66a56be329da20,97ad44c5daf6159505a740a2,101465,https://m.dcinside.com/board/onepiececardgame/101465,카드 판매합니다,seller-e026e2ad6d60280bff5b8a1d,얀이에영,guest,에이스,에이스,에이스,,,unknown,미분류,1,3,30000,estimated,bundle,text,unknown,,active,needs_review,needs_review,"가격 단위 추정, 일괄·세트 가격, 배송비 포함 여부 미확정, 묶음·세트 총액 · 개별 카드 가격 아님",estimated,no,no,에이스 일괄 3
a533779ca2939f6c4f9798bf,onepiececardgame,원피스 카드게임,2026-07,2026-07-16T10:26:19+09:00,known,5ac3bbbfef66a56be329da20,a533779ca2939f6c4f9798bf,101465,https://m.dcinside.com/board/onepiececardgame/101465,카드 판매합니다,seller-e026e2ad6d60280bff5b8a1d,얀이에영,guest,우타 페레,우타 페레,우타 페레,,,unknown,미분류,1,2,20000,estimated,per_card,text,unknown,,active,needs_review,needs_review,"가격 단위 추정, 배송비 포함 여부 미확정",estimated,yes,no,우타 페레 2
b6bac62cbc996fd459f917b5,onepiececardgame,원피스 카드게임,2026-07,2026-07-16T10:26:19+09:00,known,5ac3bbbfef66a56be329da20,b6bac62cbc996fd459f917b5,101465,https://m.dcinside.com/board/onepiececardgame/101465,카드 판매합니다,seller-e026e2ad6d60280bff5b8a1d,얀이에영,guest,loadScript 'https pagead,loadScript 'https pagead,loadScript('https://pagead,,,unknown,미분류,1,,,missing,unknown,unknown,unknown,,active,excluded,needs_review,"가격 후보 재검토 필요, 가격 미기재, 스크립트·광고 문구로 추정되는 오염 행",missing,no,no,"loadScript('https://pagead2.googlesyndication.com/pagead/js/adsbygoogle_direct.js?client=ca-pub-8171468792791627', true, 'anonymous');"
cebb23c32e0ecd37b7ccf9eb,onepiececardgame,원피스 카드게임,2026-07,2026-07-16T10:26:19+09:00,known,5ac3bbbfef66a56be329da20,cebb23c32e0ecd37b7ccf9eb,101465,https://m.dcinside.com/board/onepiececardgame/101465,카드 판매합니다,seller-e026e2ad6d60280bff5b8a1d,얀이에영,guest,로 페레,로 페레,로 페레,,,unknown,미분류,1,0.5,5000,estimated,per_card,text,unknown,,active,needs_review,needs_review,"가격 단위 추정, 배송비 포함 여부 미확정",estimated,yes,no,로 페레 0.5
d144f5ef24fdee463767f9a7,onepiececardgame,원피스 카드게임,2026-07,2026-07-16T10:26:19+09:00,known,5ac3bbbfef66a56be329da20,d144f5ef24fdee463767f9a7,101465,https://m.dcinside.com/board/onepiececardgame/101465,카드 판매합니다,seller-e026e2ad6d60280bff5b8a1d,얀이에영,guest,교류회 로저,교류회 로저,교류회 로저,,,unknown,미분류,1,0.6,6000,estimated,per_card,text,unknown,,active,needs_review,needs_review,"가격 단위 추정, 배송비 포함 여부 미확정",estimated,yes,no,교류회 로저 0.6
d643bd802c0ddefe101a77cb,onepiececardgame,원피스 카드게임,2026-07,2026-07-16T10:26:19+09:00,known,5ac3bbbfef66a56be329da20,d643bd802c0ddefe101a77cb,101465,https://m.dcinside.com/board/onepiececardgame/101465,카드 판매합니다,seller-e026e2ad6d60280bff5b8a1d,얀이에영,guest,코비 페레,코비 페레,코비 페레,,,unknown,미분류,1,1,10000,estimated,per_card,text,unknown,,active,needs_review,needs_review,"가격 단위 추정, 배송비 포함 여부 미확정",estimated,yes,no,코비 페레 1
e141db187c631833cfadcbf6,onepiececardgame,원피스 카드게임,2026-07,2026-07-16T10:26:19+09:00,known,5ac3bbbfef66a56be329da20,e141db187c631833cfadcbf6,101465,https://m.dcinside.com/board/onepiececardgame/101465,카드 판매합니다,seller-e026e2ad6d60280bff5b8a1d,얀이에영,guest,시라호시,시라호시,시라호시 장당,,,unknown,미분류,1,3000,3000,estimated,per_card,text,unknown,,active,needs_review,needs_review,"가격 단위 추정, 배송비 포함 여부 미확정",estimated,yes,no,시라호시 장당 3000
e565fba168d5746da5c20af1,onepiececardgame,원피스 카드게임,2026-07,2026-07-16T10:26:19+09:00,known,5ac3bbbfef66a56be329da20,e565fba168d5746da5c20af1,101465,https://m.dcinside.com/board/onepiececardgame/101465,카드 판매합니다,seller-e026e2ad6d60280bff5b8a1d,얀이에영,guest,코비,코비,코비,,시크,unknown,미분류,1,0.4,4000,estimated,per_card,text,unknown,,active,needs_review,needs_review,"가격 단위 추정, 배송비 포함 여부 미확정",estimated,yes,no,코비 시크 0.4
efb4752c0c2fde2cd92658c1,onepiececardgame,원피스 카드게임,2026-07,2026-07-16T10:26:19+09:00,known,5ac3bbbfef66a56be329da20,efb4752c0c2fde2cd92658c1,101465,https://m.dcinside.com/board/onepiececardgame/101465,카드 판매합니다,seller-e026e2ad6d60280bff5b8a1d,얀이에영,guest,var safe = window.dcAd && window.dcAd.safe ==,var safe = window.dcAd && window.dcAd.safe ==,var safe = (window.dcAd && window.dcAd.safe ==,,,unknown,미분류,1,1,10000,estimated,bundle,text,unknown,,active,excluded,needs_review,"가격 단위 추정, 복수 카드 가격, 배송비 포함 여부 미확정, 묶음·세트 총액 · 개별 카드 가격 아님, 스크립트·광고 문구로 추정되는 오염 행",estimated,no,no,var safe = (window.dcAd && window.dcAd.safe == 1)
6da5dd0c1a4fb1a05d29c16c,onepiececardgame,원피스 카드게임,2026-07,2026-07-16T11:36:22+09:00,known,b09218cfd793b91bc4a7d389,6da5dd0c1a4fb1a05d29c16c,101472,https://m.dcinside.com/board/onepiececardgame/101472,황 베이비5 4장 삽니다.,seller-8ad10b55fa52911e796a44cf,원딱러,registered,,,,,,unknown,미분류,1,2.0,20000,estimated,bundle,text,unknown,,active,needs_review,needs_review,"가격 단위 추정, 일괄·세트 가격, 배송비 포함 여부 미확정, 카드명 확인 필요, 묶음·세트 총액 · 개별 카드 가격 아님",estimated,no,no,일괄 2.0에 삽니다.
606776e5873b20db312c42fa,onepiececardgame,원피스 카드게임,2026-07,2026-07-16T15:15:44+09:00,known,8f13e822dc84144b92960198,606776e5873b20db312c42fa,101498,https://m.dcinside.com/board/onepiececardgame/101498,prb마르코 2장 구합니다.,seller-8ad10b55fa52911e796a44cf,원딱러,registered,마르코 두장,마르코 두장,마르코 두장,,,unknown,미분류,1,3,30000,estimated,bundle,text,unknown,,active,needs_review,needs_review,"가격 단위 추정, 일괄·세트 가격, 배송비 포함 여부 미확정, 묶음·세트 총액 · 개별 카드 가격 아님",estimated,no,no,마르코 두장 일괄 3에 구해봅니다..
0d11f35c6692ae674defd4ea,onepiececardgame,원피스 카드게임,2026-07,2026-07-16T16:50:18+09:00,known,981db1d107ec333a46b0bb1f,0d11f35c6692ae674defd4ea,101510,https://m.dcinside.com/board/onepiececardgame/101510,"1코 서치 페로나, 6시크 쿠마 등 삽니다",seller-a21edb8f1a61fa2e42495d1f,정한슬시호,guest,미호크,미호크,9 미호크,,,unknown,미분류,3,0.8,8000,estimated,bundle,text,unknown,,active,needs_review,needs_review,"가격 단위 추정, 수량 표기 감지, 일괄·세트 가격, 배송비 포함 여부 미확정, 묶음·세트 총액 · 개별 카드 가격 아님",estimated,no,no,9 미호크 3장 일괄 0.8
25794450662cb30904f8755f,onepiececardgame,원피스 카드게임,2026-07,2026-07-16T16:50:18+09:00,known,981db1d107ec333a46b0bb1f,25794450662cb30904f8755f,101510,https://m.dcinside.com/board/onepiececardgame/101510,"1코 서치 페로나, 6시크 쿠마 등 삽니다",seller-a21edb8f1a61fa2e42495d1f,정한슬시호,guest,시크쿠마,시크쿠마,6 시크쿠마,,,unknown,미분류,3,9.5,95000,estimated,bundle,text,unknown,,active,needs_review,needs_review,"가격 단위 추정, 수량 표기 감지, 일괄·세트 가격, 배송비 포함 여부 미확정, 묶음·세트 총액 · 개별 카드 가격 아님",estimated,no,no,6 시크쿠마 3장 일괄 9.5
307448d6b64bab7e140fee23,onepiececardgame,원피스 카드게임,2026-07,2026-07-16T16:50:18+09:00,known,981db1d107ec333a46b0bb1f,307448d6b64bab7e140fee23,101510,https://m.dcinside.com/board/onepiececardgame/101510,"1코 서치 페로나, 6시크 쿠마 등 삽니다",seller-a21edb8f1a61fa2e42495d1f,정한슬시호,guest,리미티드 오나미,리미티드 오나미,리미티드 오나미,,,unknown,미분류,1,4,40000,estimated,per_card,text,unknown,,active,needs_review,needs_review,"가격 단위 추정, 수량 표기 감지, 배송비 포함 여부 미확정",estimated,yes,no,리미티드 오나미 1장 4에 판매도 합니다
6f51a5f577096eea90254475,onepiececardgame,원피스 카드게임,2026-07,2026-07-16T16:50:18+09:00,known,981db1d107ec333a46b0bb1f,6f51a5f577096eea90254475,101510,https://m.dcinside.com/board/onepiececardgame/101510,"1코 서치 페로나, 6시크 쿠마 등 삽니다",seller-a21edb8f1a61fa2e42495d1f,정한슬시호,guest,녹 서치페로나,녹 서치페로나,1 녹 서치페로나,,,unknown,미분류,4,5,50000,estimated,bundle,text,unknown,,active,needs_review,needs_review,"가격 단위 추정, 수량 표기 감지, 일괄·세트 가격, 배송비 포함 여부 미확정, 묶음·세트 총액 · 개별 카드 가격 아님",estimated,no,no,1 녹 서치페로나 4장 일괄 5
c6c4d090c216d55eba98d679,onepiececardgame,원피스 카드게임,2026-07,2026-07-16T16:50:18+09:00,known,981db1d107ec333a46b0bb1f,c6c4d090c216d55eba98d679,101510,https://m.dcinside.com/board/onepiececardgame/101510,"1코 서치 페로나, 6시크 쿠마 등 삽니다",seller-a21edb8f1a61fa2e42495d1f,정한슬시호,guest,흰수염,흰수염,10 흰수염,,,unknown,미분류,1,1.2,12000,estimated,per_card,text,unknown,,active,needs_review,needs_review,"가격 단위 추정, 수량 표기 감지, 배송비 포함 여부 미확정",estimated,yes,no,10 흰수염 1장 1.2
fd6ed8d5e24d9d6a1da905dc,onepiececardgame,원피스 카드게임,2026-07,2026-07-16T16:50:18+09:00,known,981db1d107ec333a46b0bb1f,fd6ed8d5e24d9d6a1da905dc,101510,https://m.dcinside.com/board/onepiececardgame/101510,"1코 서치 페로나, 6시크 쿠마 등 삽니다",seller-a21edb8f1a61fa2e42495d1f,정한슬시호,guest,op13 로우 피1이하블로커됨,op13 로우 피1이하블로커됨,6 op13 로우(피1이하블로커됨),,,unknown,미분류,4,0.7,7000,estimated,bundle,text,unknown,,active,needs_review,needs_review,"가격 단위 추정, 수량 표기 감지, 일괄·세트 가격, 배송비 포함 여부 미확정, 묶음·세트 총액 · 개별 카드 가격 아님",estimated,no,no,6 op13 로우(피1이하블로커됨) 4장 일괄 0.7
78f056de0419759af3a427d9,onepiececardgame,원피스 카드게임,2026-07,2026-07-17T05:16:35+09:00,known,1740aa27b28f4c9660eb81ce,78f056de0419759af3a427d9,101644,https://m.dcinside.com/board/onepiececardgame/101644,망자의 장난 삽니다,seller-131da16dc14a049872d2e341,ㅇㅇ,guest,일괄로,일괄로,일괄로,,,unknown,미분류,4,1.6,16000,estimated,bundle,text,unknown,,active,needs_review,needs_review,"가격 단위 추정, 수량 표기 감지, 일괄·세트 가격, 배송비 포함 여부 미확정, 묶음·세트 총액 · 개별 카드 가격 아님",estimated,no,no,4장 일괄로 1.6
b4b717cbfe6ebd4d43f26f98,onepiececardgame,원피스 카드게임,2026-07,2026-07-17T10:48:13+09:00,known,b519cef19800c0099d3db2ee,b4b717cbfe6ebd4d43f26f98,101667,https://m.dcinside.com/board/onepiececardgame/101667,"OP12 레이주, 루나 구합니다",seller-52b05a222c8d87e7491ca1bc,dezasna,registered,일렉트리컬 루나,일렉트리컬 루나,일렉트리컬 루나,,,unknown,미분류,3,1.0,10000,estimated,bundle,text,unknown,,active,needs_review,needs_review,"가격 단위 추정, 수량 표기 감지, 일괄·세트 가격, 배송비 포함 여부 미확정, 묶음·세트 총액 · 개별 카드 가격 아님",estimated,no,no,일렉트리컬 루나 3장 일괄 1.0
d13ac0b2a5bf5eaba54c6d8a,onepiececardgame,원피스 카드게임,2026-07,2026-07-17T10:48:13+09:00,known,b519cef19800c0099d3db2ee,d13ac0b2a5bf5eaba54c6d8a,101667,https://m.dcinside.com/board/onepiececardgame/101667,"OP12 레이주, 루나 구합니다",seller-52b05a222c8d87e7491ca1bc,dezasna,registered,OP12 레이주 패레 까지,OP12 레이주 패레 까지,OP12 레이주 패레 까지 장당,,,unknown,미분류,2,4.5,45000,estimated,per_card,text,unknown,,active,needs_review,needs_review,"가격 단위 추정, 수량 표기 감지, 배송비 포함 여부 미확정",estimated,yes,no,OP12 레이주 패레 2장까지 장당 4.5
9433ba167f7a052d5bc4e96a,onepiececardgame,원피스 카드게임,2026-07,2026-07-17T11:40:29+09:00,known,bd35a09b27a783b4b244dc16,9433ba167f7a052d5bc4e96a,101680,https://m.dcinside.com/board/onepiececardgame/101680,op12 시크 5보니 4장 일괄 구매합니다,seller-db59bdc666c27621d0e818be,S&P..,registered,,장당,장당,,,unknown,미분류,1,1.3,13000,estimated,per_card,text,unknown,,active,excluded,needs_review,"가격 단위 추정, 배송비 포함 여부 미확정, 스크립트·광고 문구로 추정되는 오염 행",estimated,yes,no,장당 1.3으로 구해봅니다
1f5e98b042b3135cb83b6c17,onepiececardgame,원피스 카드게임,2026-07,2026-07-17T12:33:54+09:00,known,fef0264d6a1d830e09f5fff1,1f5e98b042b3135cb83b6c17,101692,https://m.dcinside.com/board/onepiececardgame/101692,황보니 소스랑 리페들 몇장 구합니다.,seller-30f59e4614159d6eac2ba844,아카조나에,guest,8카타,8카타,8카타,,시크,unknown,미분류,1,0.8,8000,estimated,per_card,text,unknown,,active,needs_review,needs_review,"가격 단위 추정, 수량 표기 감지, 배송비 포함 여부 미확정",estimated,yes,no,8카타 시크 1장 0.8
46e757b317e32280077eeb65,onepiececardgame,원피스 카드게임,2026-07,2026-07-17T12:33:54+09:00,known,fef0264d6a1d830e09f5fff1,46e757b317e32280077eeb65,101692,https://m.dcinside.com/board/onepiececardgame/101692,황보니 소스랑 리페들 몇장 구합니다.,seller-30f59e4614159d6eac2ba844,아카조나에,guest,검수,검수,검수,,,unknown,미분류,1,2,20000,estimated,per_card,text,unknown,,active,needs_review,needs_review,"가격 단위 추정, 배송비 포함 여부 미확정",estimated,yes,no,검수 2
6a93ea3dfa6d9b22deb9327c,onepiececardgame,원피스 카드게임,2026-07,2026-07-17T12:33:54+09:00,known,fef0264d6a1d830e09f5fff1,6a93ea3dfa6d9b22deb9327c,101692,https://m.dcinside.com/board/onepiececardgame/101692,황보니 소스랑 리페들 몇장 구합니다.,seller-30f59e4614159d6eac2ba844,아카조나에,guest,위카드들 일괄로 반,위카드들 일괄로 반,위카드들 일괄로 반택포,,,unknown,미분류,1,,,missing,unknown,unknown,included,2000,active,needs_review,needs_review,"가격 후보 재검토 필요, 가격 미기재",missing,no,no,위카드들 일괄로 반택포3에 구해봅니다..가격안맞거나 한두장 부족해도 연락주세요
79071d76f822941a9e0ab7fd,onepiececardgame,원피스 카드게임,2026-07,2026-07-17T12:33:54+09:00,known,fef0264d6a1d830e09f5fff1,79071d76f822941a9e0ab7fd,101692,https://m.dcinside.com/board/onepiececardgame/101692,황보니 소스랑 리페들 몇장 구합니다.,seller-30f59e4614159d6eac2ba844,아카조나에,guest,자9루피 세크,자9루피 세크,자9루피 세크,,,unknown,미분류,2,1.5,15000,estimated,bundle,text,unknown,,active,needs_review,needs_review,"가격 단위 추정, 수량 표기 감지, 일괄·세트 가격, 배송비 포함 여부 미확정, 묶음·세트 총액 · 개별 카드 가격 아님",estimated,no,no,자9루피 세크 2장 일괄 1.5
80d140b87adc1f2d54207b0f,onepiececardgame,원피스 카드게임,2026-07,2026-07-17T12:33:54+09:00,known,fef0264d6a1d830e09f5fff1,80d140b87adc1f2d54207b0f,101692,https://m.dcinside.com/board/onepiececardgame/101692,황보니 소스랑 리페들 몇장 구합니다.,seller-30f59e4614159d6eac2ba844,아카조나에,guest,자6루피,자6루피,자6루피,,시크,unknown,미분류,1,1,10000,estimated,per_card,text,unknown,,active,needs_review,needs_review,"가격 단위 추정, 수량 표기 감지, 배송비 포함 여부 미확정",estimated,yes,no,자6루피 시크 1장 1
8a709b64f379f9679a3a8269,onepiececardgame,원피스 카드게임,2026-07,2026-07-17T12:33:54+09:00,known,fef0264d6a1d830e09f5fff1,8a709b64f379f9679a3a8269,101692,https://m.dcinside.com/board/onepiececardgame/101692,황보니 소스랑 리페들 몇장 구합니다.,seller-30f59e4614159d6eac2ba844,아카조나에,guest,리무,리무,리무,,,unknown,미분류,1,1,10000,estimated,per_card,text,unknown,,active,needs_review,needs_review,"가격 단위 추정, 배송비 포함 여부 미확정",estimated,yes,no,리무 1
c7aa44989fb6d8d8bd1691c6,onepiececardgame,원피스 카드게임,2026-07,2026-07-17T17:46:08+09:00,known,89eece3392ed057e3262f577,c7aa44989fb6d8d8bd1691c6,101722,https://m.dcinside.com/board/onepiececardgame/101722,13탄 prb 에이스 페레 4장 구매합니더,seller-439b307ed8b9d3a10100f6d9,ㅇㅇ,guest,일괄시,일괄시,"장당 0.7, 일괄시",,,unknown,미분류,4,3.0,30000,estimated,bundle,text,unknown,,active,needs_review,needs_review,"가격 단위 추정, 수량 표기 감지, 일괄·세트 가격, 복수 카드 가격, 배송비 포함 여부 미확정, 묶음·세트 총액 · 개별 카드 가격 아님",estimated,no,no,"장당 0.7, 4장일괄시 3.0"
25c32c28cf52ecde9e56f315,onepiececardgame,원피스 카드게임,2026-07,2026-07-17T18:53:34+09:00,known,eb8027c34f60c13a059d0fc5,25c32c28cf52ecde9e56f315,101735,https://m.dcinside.com/board/onepiececardgame/101735,OP12 레이주랑 루나 구합니다,seller-52b05a222c8d87e7491ca1bc,dezasna,registered,OP12 레이주 패레 까지,OP12 레이주 패레 까지,OP12 레이주 패레 까지 장당,,,unknown,미분류,2,4.5,45000,estimated,per_card,text,unknown,,active,needs_review,needs_review,"가격 단위 추정, 수량 표기 감지, 배송비 포함 여부 미확정",estimated,yes,no,OP12 레이주 패레 2장까지 장당 4.5
cf81d0b23ca2fd929ccf388e,onepiececardgame,원피스 카드게임,2026-07,2026-07-17T18:53:34+09:00,known,eb8027c34f60c13a059d0fc5,cf81d0b23ca2fd929ccf388e,101735,https://m.dcinside.com/board/onepiececardgame/101735,OP12 레이주랑 루나 구합니다,seller-52b05a222c8d87e7491ca1bc,dezasna,registered,일렉트리컬 루나,일렉트리컬 루나,일렉트리컬 루나,,,unknown,미분류,3,1.0,10000,estimated,bundle,text,unknown,,active,needs_review,needs_review,"가격 단위 추정, 수량 표기 감지, 일괄·세트 가격, 배송비 포함 여부 미확정, 묶음·세트 총액 · 개별 카드 가격 아님",estimated,no,no,일렉트리컬 루나 3장 일괄 1.0
46e4adf17dd450c64cffb192,onepiececardgame,원피스 카드게임,2026-07,2026-07-18T00:54:51+09:00,known,677f5397b8fa9421494130ac,46e4adf17dd450c64cffb192,101790,https://m.dcinside.com/board/onepiececardgame/101790,St10-004 상디 8팩우승카드 구해봐요~~~,seller-8ad10b55fa52911e796a44cf,원딱러,registered,까지 !!!! 일괄시,까지 !!!! 일괄시,5만원 까지 구합니다!!!! 일괄시,,,unknown,미분류,2,11,110000,estimated,bundle,text,included,2000,active,needs_review,needs_review,"가격 단위 추정, 수량 표기 감지, 일괄·세트 가격, 묶음·세트 총액 · 개별 카드 가격 아님",estimated,no,no,5만원 2장까지 구합니다!!!! 일괄시 택포 11에 구매함
6cf773d6c7eaf363531bdc0c,onepiececardgame,원피스 카드게임,2026-07,2026-07-18T00:54:51+09:00,known,e2865af89d05dc6ad9d1e36f,6cf773d6c7eaf363531bdc0c,101790,https://m.dcinside.com/board/onepiececardgame/101790,St10-004 상디 8팩우승카드 구해봐요~~~,seller-8ad10b55fa52911e796a44cf,원딱러,registered,까지 !!!! 일괄시,까지 !!!! 일괄시,5만원 까지 구합니다!!!! 일괄시,,,unknown,미분류,2,11,110000,estimated,bundle,text,included,2000,active,needs_review,needs_review,"가격 단위 추정, 수량 표기 감지, 일괄·세트 가격, 묶음·세트 총액 · 개별 카드 가격 아님",estimated,no,no,5만원 2장까지 구합니다!!!! 일괄시 택포 11에 구매함
0776e0b8dfc7b58905c10426,onepiececardgame,원피스 카드게임,2026-07,2026-07-18T17:21:23+09:00,known,3cbcc891058d9dd775a681bb,0776e0b8dfc7b58905c10426,101851,https://m.dcinside.com/board/onepiececardgame/101851,"OP12 레이주, 루나 구합니다",seller-52b05a222c8d87e7491ca1bc,dezasna,registered,OP12 레이주 패레 까지,OP12 레이주 패레 까지,OP12 레이주 패레 까지 장당,,,unknown,미분류,2,4.5,45000,estimated,per_card,text,unknown,,active,needs_review,needs_review,"가격 단위 추정, 수량 표기 감지, 배송비 포함 여부 미확정",estimated,yes,no,OP12 레이주 패레 2장까지 장당 4.5
3e486154e4f0ac218670ed7b,onepiececardgame,원피스 카드게임,2026-07,2026-07-18T17:21:23+09:00,known,1c9972838a7bda47afe0d272,3e486154e4f0ac218670ed7b,101851,https://m.dcinside.com/board/onepiececardgame/101851,"OP12 레이주, 루나 구합니다",seller-52b05a222c8d87e7491ca1bc,dezasna,registered,일렉트리컬 루나,일렉트리컬 루나,일렉트리컬 루나,,,unknown,미분류,3,1.0,10000,estimated,bundle,text,unknown,,active,needs_review,needs_review,"가격 단위 추정, 수량 표기 감지, 일괄·세트 가격, 배송비 포함 여부 미확정, 묶음·세트 총액 · 개별 카드 가격 아님",estimated,no,no,일렉트리컬 루나 3장 일괄 1.0
a51d23b5b3d6b9b08532084c,onepiececardgame,원피스 카드게임,2026-07,2026-07-18T17:21:23+09:00,known,3cbcc891058d9dd775a681bb,a51d23b5b3d6b9b08532084c,101851,https://m.dcinside.com/board/onepiececardgame/101851,"OP12 레이주, 루나 구합니다",seller-52b05a222c8d87e7491ca1bc,dezasna,registered,일렉트리컬 루나,일렉트리컬 루나,일렉트리컬 루나,,,unknown,미분류,3,1.0,10000,estimated,bundle,text,unknown,,active,needs_review,needs_review,"가격 단위 추정, 수량 표기 감지, 일괄·세트 가격, 배송비 포함 여부 미확정, 묶음·세트 총액 · 개별 카드 가격 아님",estimated,no,no,일렉트리컬 루나 3장 일괄 1.0
b6985f30536ede8ec64eea5f,onepiececardgame,원피스 카드게임,2026-07,2026-07-18T17:21:23+09:00,known,1c9972838a7bda47afe0d272,b6985f30536ede8ec64eea5f,101851,https://m.dcinside.com/board/onepiececardgame/101851,"OP12 레이주, 루나 구합니다",seller-52b05a222c8d87e7491ca1bc,dezasna,registered,OP12 레이주 패레 까지,OP12 레이주 패레 까지,OP12 레이주 패레 까지 장당,,,unknown,미분류,2,4.5,45000,estimated,per_card,text,unknown,,active,needs_review,needs_review,"가격 단위 추정, 수량 표기 감지, 배송비 포함 여부 미확정",estimated,yes,no,OP12 레이주 패레 2장까지 장당 4.5
062998ef31d0f3a383e2451e,onepiececardgame,원피스 카드게임,2026-07,2026-07-18T17:30:59+09:00,known,b8e83d6ccaf3051d017ee9d9,062998ef31d0f3a383e2451e,101852,https://m.dcinside.com/board/onepiececardgame/101852,9상디 페레4장 5 청나미 페레 1장 사봅니다,seller-417ed952b1bdd2887921e981,규카츠폭격기,registered,9상디페레 청나미 페레,9상디페레 청나미 페레,9상디페레 청나미 페레,,,unknown,미분류,5,10,100000,estimated,bundle,text,included,2000,active,needs_review,needs_review,"가격 단위 추정, 수량 표기 감지, 일괄·세트 가격, 묶음·세트 총액 · 개별 카드 가격 아님",estimated,no,no,9상디페레4장 청나미 페레1장 일괄 택포 10에 구해요
e295007e92c31cb32afac4be,onepiececardgame,원피스 카드게임,2026-07,2026-07-18T17:30:59+09:00,known,a2b1142dabb1fd715c0838cb,e295007e92c31cb32afac4be,101852,https://m.dcinside.com/board/onepiececardgame/101852,9상디 페레4장 5 청나미 페레 1장 사봅니다,seller-417ed952b1bdd2887921e981,규카츠폭격기,registered,9상디페레 청나미 페레,9상디페레 청나미 페레,9상디페레 청나미 페레,,,unknown,미분류,5,10,100000,estimated,bundle,text,included,2000,active,needs_review,needs_review,"가격 단위 추정, 수량 표기 감지, 일괄·세트 가격, 묶음·세트 총액 · 개별 카드 가격 아님",estimated,no,no,9상디페레4장 청나미 페레1장 일괄 택포 10에 구해요
514d180aee077bdf6695e327,onepiececardgame,원피스 카드게임,2026-07,2026-07-19T03:10:19+09:00,known,0a07baf65555fcd9b0325d37,514d180aee077bdf6695e327,101924,https://m.dcinside.com/board/onepiececardgame/101924,일렉트릭컬 루나 구합니다,seller-46b3b9b835871bb17e2eba18,ㅇㅇ,guest,,,,,,unknown,미분류,4,1.0,10000,estimated,per_quantity,text,included,2000,active,needs_review,needs_review,"가격 단위 추정, 수량 표기 감지, 카드명 확인 필요, 복수 수량 총액 · 카드 1장 가격 아님",estimated,no,no,4장 택포 1.0에 구합니다
b5c7ca71e2e342a8a74262af,onepiececardgame,원피스 카드게임,2026-07,2026-07-19T03:10:19+09:00,known,b070a0fc828e3dd49aa35da1,b5c7ca71e2e342a8a74262af,101924,https://m.dcinside.com/board/onepiececardgame/101924,일렉트릭컬 루나 구합니다,seller-c27ceb3643f73c63301abff4,ㅇㅇ,guest,,,,,,unknown,미분류,4,1.0,10000,estimated,per_quantity,text,included,2000,active,needs_review,needs_review,"가격 단위 추정, 수량 표기 감지, 카드명 확인 필요, 복수 수량 총액 · 카드 1장 가격 아님",estimated,no,no,4장 택포 1.0에 구합니다
13876a5d6f500b6b61559811,onepiececardgame,원피스 카드게임,2026-07,2026-07-19T23:32:30+09:00,known,5ad46cc77c4596981fc99dc0,13876a5d6f500b6b61559811,102024,https://m.dcinside.com/board/onepiececardgame/102024,13탄 및 여러 카드 팝니다,seller-ed5c4feb5a76e705e96f0008,00,guest,loadScript ' t,loadScript ' t,loadScript('//t,,,unknown,미분류,1,,,missing,unknown,unknown,unknown,,active,excluded,needs_review,"가격 후보 재검토 필요, 가격 미기재, 스크립트·광고 문구로 추정되는 오염 행",missing,no,no,"loadScript('//t1.kakaocdn.net/kas/static/ba.min.js', true);"
1dd5176707b84f4be689b559,onepiececardgame,원피스 카드게임,2026-07,2026-07-19T23:32:30+09:00,known,7920431a8fbb4be92c8324e8,1dd5176707b84f4be689b559,102024,https://m.dcinside.com/board/onepiececardgame/102024,13탄 및 여러 카드 팝니다,seller-46d3f53e74b097155890693f,00,guest,DOM 삽입 헬퍼 현재 스크립트 위치 기준,DOM 삽입 헬퍼 현재 스크립트 위치 기준,// ---- DOM 삽입 헬퍼 (현재 스크립트 위치 기준,,,unknown,미분류,1,,,missing,unknown,unknown,unknown,,active,excluded,needs_review,"가격 후보 재검토 필요, 가격 미기재, 스크립트·광고 문구로 추정되는 오염 행",missing,no,no,// ---- DOM 삽입 헬퍼 (현재 스크립트 위치 기준1)
2936c83c76241c1cceed362e,onepiececardgame,원피스 카드게임,2026-07,2026-07-19T23:32:30+09:00,known,5ad46cc77c4596981fc99dc0,2936c83c76241c1cceed362e,102024,https://m.dcinside.com/board/onepiececardgame/102024,13탄 및 여러 카드 팝니다,seller-ed5c4feb5a76e705e96f0008,00,guest,loadScript 'https pagead,loadScript 'https pagead,loadScript('https://pagead,,,unknown,미분류,1,,,missing,unknown,unknown,unknown,,active,excluded,needs_review,"가격 후보 재검토 필요, 가격 미기재, 스크립트·광고 문구로 추정되는 오염 행",missing,no,no,"loadScript('https://pagead2.googlesyndication.com/pagead/js/adsbygoogle_direct.js?client=ca-pub-8171468792791627', true, 'anonymous');"
675e2f86faca00daa957a202,onepiececardgame,원피스 카드게임,2026-07,2026-07-19T23:32:30+09:00,known,7920431a8fbb4be92c8324e8,675e2f86faca00daa957a202,102024,https://m.dcinside.com/board/onepiececardgame/102024,13탄 및 여러 카드 팝니다,seller-46d3f53e74b097155890693f,00,guest,loadScript 'https pagead,loadScript 'https pagead,loadScript('https://pagead,,,unknown,미분류,1,,,missing,unknown,unknown,unknown,,active,excluded,needs_review,"가격 후보 재검토 필요, 가격 미기재, 스크립트·광고 문구로 추정되는 오염 행",missing,no,no,"loadScript('https://pagead2.googlesyndication.com/pagead/js/adsbygoogle_direct.js?client=ca-pub-8171468792791627', true, 'anonymous');"
acbe70679277e810ff8ea015,onepiececardgame,원피스 카드게임,2026-07,2026-07-19T23:32:30+09:00,known,7920431a8fbb4be92c8324e8,acbe70679277e810ff8ea015,102024,https://m.dcinside.com/board/onepiececardgame/102024,13탄 및 여러 카드 팝니다,seller-46d3f53e74b097155890693f,00,guest,var safe = window.dcAd && window.dcAd.safe ==,var safe = window.dcAd && window.dcAd.safe ==,var safe = (window.dcAd && window.dcAd.safe ==,,,unknown,미분류,1,1,10000,estimated,bundle,text,unknown,,active,excluded,needs_review,"가격 단위 추정, 복수 카드 가격, 배송비 포함 여부 미확정, 묶음·세트 총액 · 개별 카드 가격 아님, 스크립트·광고 문구로 추정되는 오염 행",estimated,no,no,var safe = (window.dcAd && window.dcAd.safe == 1)
c77728af3d1510d66a6bb17e,onepiececardgame,원피스 카드게임,2026-07,2026-07-19T23:32:30+09:00,known,7920431a8fbb4be92c8324e8,c77728af3d1510d66a6bb17e,102024,https://m.dcinside.com/board/onepiececardgame/102024,13탄 및 여러 카드 팝니다,seller-46d3f53e74b097155890693f,00,guest,loadScript ' t,loadScript ' t,loadScript('//t,,,unknown,미분류,1,,,missing,unknown,unknown,unknown,,active,excluded,needs_review,"가격 후보 재검토 필요, 가격 미기재, 스크립트·광고 문구로 추정되는 오염 행",missing,no,no,"loadScript('//t1.kakaocdn.net/kas/static/ba.min.js', true);"
da8cc03a9e911d09cc416fb9,onepiececardgame,원피스 카드게임,2026-07,2026-07-19T23:32:30+09:00,known,5ad46cc77c4596981fc99dc0,da8cc03a9e911d09cc416fb9,102024,https://m.dcinside.com/board/onepiececardgame/102024,13탄 및 여러 카드 팝니다,seller-ed5c4feb5a76e705e96f0008,00,guest,var safe = window.dcAd && window.dcAd.safe ==,var safe = window.dcAd && window.dcAd.safe ==,var safe = (window.dcAd && window.dcAd.safe ==,,,unknown,미분류,1,1,10000,estimated,bundle,text,unknown,,active,excluded,needs_review,"가격 단위 추정, 복수 카드 가격, 배송비 포함 여부 미확정, 묶음·세트 총액 · 개별 카드 가격 아님, 스크립트·광고 문구로 추정되는 오염 행",estimated,no,no,var safe = (window.dcAd && window.dcAd.safe == 1)
f861af3c30548b016e53602e,onepiececardgame,원피스 카드게임,2026-07,2026-07-19T23:32:30+09:00,known,5ad46cc77c4596981fc99dc0,f861af3c30548b016e53602e,102024,https://m.dcinside.com/board/onepiececardgame/102024,13탄 및 여러 카드 팝니다,seller-ed5c4feb5a76e705e96f0008,00,guest,DOM 삽입 헬퍼 현재 스크립트 위치 기준,DOM 삽입 헬퍼 현재 스크립트 위치 기준,// ---- DOM 삽입 헬퍼 (현재 스크립트 위치 기준,,,unknown,미분류,1,,,missing,unknown,unknown,unknown,,active,excluded,needs_review,"가격 후보 재검토 필요, 가격 미기재, 스크립트·광고 문구로 추정되는 오염 행",missing,no,no,// ---- DOM 삽입 헬퍼 (현재 스크립트 위치 기준1)
05a8316fafb6fc74bd5e3e4f,onepiececardgame,원피스 카드게임,2026-07,2026-07-20T01:45:40+09:00,known,75f6a549400a6a2e3a07adbd,05a8316fafb6fc74bd5e3e4f,102042,https://m.dcinside.com/board/onepiececardgame/102042,op10 3코 녹 타시기 4장 구합니다 (완),seller-6dd919cebb2ba9242f64e9e2,원딱왕,guest,택미포,택미포,택미포,,,unknown,미분류,4,4.8,48000,estimated,bundle,text,unknown,,active,needs_review,needs_review,"가격 단위 추정, 수량 표기 감지, 일괄·세트 가격, 배송비 포함 여부 미확정, 묶음·세트 총액 · 개별 카드 가격 아님",estimated,no,no,4장 일괄 택미포 4.8에 구합니다
701ca0e3a49ba5ebcb9fe081,onepiececardgame,원피스 카드게임,2026-07,2026-07-20T01:45:40+09:00,known,f5ef5449f84048f291302b9b,701ca0e3a49ba5ebcb9fe081,102042,https://m.dcinside.com/board/onepiececardgame/102042,op10 3코 녹 타시기 4장 구합니다 (완),seller-7bb6a4b854728adbbca6cb42,원딱왕,guest,택미포,택미포,택미포,,,unknown,미분류,4,4.8,48000,estimated,bundle,text,unknown,,active,needs_review,needs_review,"가격 단위 추정, 수량 표기 감지, 일괄·세트 가격, 배송비 포함 여부 미확정, 묶음·세트 총액 · 개별 카드 가격 아님",estimated,no,no,4장 일괄 택미포 4.8에 구합니다
389075a4cd3f6eeaeecbe2d9,onepiececardgame,원피스 카드게임,2026-07,2026-07-20T15:53:38+09:00,known,443c1aec89375c2a2bffff3d,389075a4cd3f6eeaeecbe2d9,102129,https://m.dcinside.com/board/onepiececardgame/102129,[구매글] 만화루피 프로모 저격합니다(대충 산다는 말),seller-8ad10b55fa52911e796a44cf,원딱러,registered,,장 당,장 당,,,unknown,미분류,1,1,10000,estimated,per_card,text,unknown,,active,excluded,needs_review,"배송비 포함 여부 미확정, 스크립트·광고 문구로 추정되는 오염 행",estimated,yes,no,장 당 1만원에 구해봅니다~~~~ 4장까지 구하고
88f952f1e1058e02d0e87077,onepiececardgame,원피스 카드게임,2026-07,2026-07-20T15:53:38+09:00,known,f0c2de3214bdd3b97cdf8fcb,88f952f1e1058e02d0e87077,102129,https://m.dcinside.com/board/onepiececardgame/102129,[구매글] 만화루피 프로모 저격합니다(대충 산다는 말),seller-8ad10b55fa52911e796a44cf,원딱러,registered,,장 당,장 당,,,unknown,미분류,1,1,10000,estimated,per_card,text,unknown,,active,excluded,needs_review,"배송비 포함 여부 미확정, 스크립트·광고 문구로 추정되는 오염 행",estimated,yes,no,장 당 1만원에 구해봅니다~~~~ 4장까지 구하고
93b8c4e923981b7300556ad0,onepiececardgame,원피스 카드게임,2026-07,2026-07-20T19:05:20+09:00,known,187d1fb6d51fd080bfae0d19,93b8c4e923981b7300556ad0,102183,https://m.dcinside.com/board/onepiececardgame/102183,7탄 오타마 페레 구매합니다,seller-f020601f179755f661548cc7,제하하하하,registered,시,시,판매시,,,unknown,미분류,4,4.5,45000,estimated,bundle,text,unknown,,active,needs_review,needs_review,"가격 단위 추정, 수량 표기 감지, 일괄·세트 가격, 배송비 포함 여부 미확정, 묶음·세트 총액 · 개별 카드 가격 아님",estimated,no,no,4장 일괄 판매시 4.5에 구매합니다
9675c0c62e83807ebd23eac2,onepiececardgame,원피스 카드게임,2026-07,2026-07-20T19:05:20+09:00,known,187d1fb6d51fd080bfae0d19,9675c0c62e83807ebd23eac2,102183,https://m.dcinside.com/board/onepiececardgame/102183,7탄 오타마 페레 구매합니다,seller-f020601f179755f661548cc7,제하하하하,registered,,장당,장당,,,unknown,미분류,1,1,10000,estimated,per_card,text,unknown,,active,excluded,needs_review,"가격 단위 추정, 배송비 포함 여부 미확정, 스크립트·광고 문구로 추정되는 오염 행",estimated,yes,no,장당 1에 4장까지 구합니다.
c810562883c94c22140214d9,onepiececardgame,원피스 카드게임,2026-07,2026-07-20T19:05:20+09:00,known,e417f33a0dff8e98d18b7728,c810562883c94c22140214d9,102183,https://m.dcinside.com/board/onepiececardgame/102183,7탄 오타마 페레 구매합니다,seller-f020601f179755f661548cc7,제하하하하,registered,시,시,판매시,,,unknown,미분류,4,4.5,45000,estimated,bundle,text,unknown,,active,needs_review,needs_review,"가격 단위 추정, 수량 표기 감지, 일괄·세트 가격, 배송비 포함 여부 미확정, 묶음·세트 총액 · 개별 카드 가격 아님",estimated,no,no,4장 일괄 판매시 4.5에 구매합니다
dc08d65b5ace3ed7ee06fa5c,onepiececardgame,원피스 카드게임,2026-07,2026-07-20T19:05:20+09:00,known,e417f33a0dff8e98d18b7728,dc08d65b5ace3ed7ee06fa5c,102183,https://m.dcinside.com/board/onepiececardgame/102183,7탄 오타마 페레 구매합니다,seller-f020601f179755f661548cc7,제하하하하,registered,,장당,장당,,,unknown,미분류,1,1,10000,estimated,per_card,text,unknown,,active,excluded,needs_review,"가격 단위 추정, 배송비 포함 여부 미확정, 스크립트·광고 문구로 추정되는 오염 행",estimated,yes,no,장당 1에 4장까지 구합니다.
6352f607233864b47ce2ad7d,onepiececardgame,원피스 카드게임,2026-07,2026-07-20T19:44:14+09:00,known,369041d4994c49b708a01903,6352f607233864b47ce2ad7d,102191,https://m.dcinside.com/board/onepiececardgame/102191,OP12-063 레이주 4장 구매합니다,seller-f393a9e16998e8105bb8300d,뜨으아거,registered,,,,,,unknown,미분류,4,1.4,14000,estimated,bundle,text,unknown,,active,needs_review,needs_review,"가격 단위 추정, 수량 표기 감지, 일괄·세트 가격, 배송비 포함 여부 미확정, 카드명 확인 필요, 묶음·세트 총액 · 개별 카드 가격 아님",estimated,no,no,4장 일괄 1.4에 구해봐요
9798a258f605a2aac97bbf78,onepiececardgame,원피스 카드게임,2026-07,2026-07-20T19:44:14+09:00,known,019fb9630f189029984daee4,9798a258f605a2aac97bbf78,102191,https://m.dcinside.com/board/onepiececardgame/102191,OP12-063 레이주 4장 구매합니다,seller-f393a9e16998e8105bb8300d,뜨으아거,registered,,,,,,unknown,미분류,4,1.4,14000,estimated,bundle,text,unknown,,active,needs_review,needs_review,"가격 단위 추정, 수량 표기 감지, 일괄·세트 가격, 배송비 포함 여부 미확정, 카드명 확인 필요, 묶음·세트 총액 · 개별 카드 가격 아님",estimated,no,no,4장 일괄 1.4에 구해봐요
5efb8b8a4ec32807ba302c1b,onepiececardgame,원피스 카드게임,2026-07,2026-07-20T20:24:15+09:00,known,056c71288caedcf592fedb45,5efb8b8a4ec32807ba302c1b,102195,https://m.dcinside.com/board/onepiececardgame/102195,녹 캐럿 페레 4장 구합니다.,seller-2334cb084f297a890651a5d8,ㅇㅇ,guest,녹 캐럿 페레,녹 캐럿 페레,녹 캐럿 페레,,,unknown,미분류,4,6.0,60000,estimated,bundle,text,unknown,,active,needs_review,needs_review,"가격 단위 추정, 수량 표기 감지, 일괄·세트 가격, 배송비 포함 여부 미확정, 묶음·세트 총액 · 개별 카드 가격 아님",estimated,no,no,녹 캐럿 페레 4장 일괄 6.0에 구해봅니다.
88021f816fc7e2de742e1bdf,onepiececardgame,원피스 카드게임,2026-07,2026-07-20T20:24:15+09:00,known,439988b55383fa0a3c3bfeeb,88021f816fc7e2de742e1bdf,102195,https://m.dcinside.com/board/onepiececardgame/102195,녹 캐럿 페레 4장 구합니다.,seller-8fe1b47aa4173a6f26980655,ㅇㅇ,guest,녹 캐럿 페레,녹 캐럿 페레,녹 캐럿 페레,,,unknown,미분류,4,6.0,60000,estimated,bundle,text,unknown,,active,needs_review,needs_review,"가격 단위 추정, 수량 표기 감지, 일괄·세트 가격, 배송비 포함 여부 미확정, 묶음·세트 총액 · 개별 카드 가격 아님",estimated,no,no,녹 캐럿 페레 4장 일괄 6.0에 구해봅니다.
7a80b99847d3a3f107540dc0,onepiececardgame,원피스 카드게임,2026-07,2026-07-20T21:24:49+09:00,known,cd49e6ac2688239a77c009d8,7a80b99847d3a3f107540dc0,102212,https://m.dcinside.com/board/onepiececardgame/102212,카드 팔고 삽니다,seller-1e98ffc2ca5db45ff582d85d,머리뭉개진아이,guest,오로성 페레,오로성 페레,오로성 페레,,,unknown,미분류,1,5.5,55000,estimated,per_card,text,unknown,,active,needs_review,needs_review,"가격 단위 추정, 배송비 포함 여부 미확정",estimated,yes,no,오로성 페레 5.5
bac7bff87e607393aa1df737,onepiececardgame,원피스 카드게임,2026-07,2026-07-20T21:24:49+09:00,known,bc5c3c94a7ec819bd47f52e2,bac7bff87e607393aa1df737,102212,https://m.dcinside.com/board/onepiececardgame/102212,카드 팔고 삽니다,seller-840561dc718f20645877e940,머리뭉개진아이,guest,오로성 페레,오로성 페레,오로성 페레,,,unknown,미분류,1,5.5,55000,estimated,per_card,text,unknown,,active,needs_review,needs_review,"가격 단위 추정, 배송비 포함 여부 미확정",estimated,yes,no,오로성 페레 5.5
b5c294244c01631f1e2b77e3,onepiececardgame,원피스 카드게임,2026-07,2026-07-20T21:49:49+09:00,known,9728de027035460a01a3e4a3,b5c294244c01631f1e2b77e3,102218,https://m.dcinside.com/board/onepiececardgame/102218,완) 5탄 카이도 시크 페레 구매합니다!,seller-1c73c74547dc2fb8088428c9,트로우,guest,,,,,,unknown,미분류,2,3.0,30000,estimated,bundle,text,unknown,,active,needs_review,needs_review,"가격 단위 추정, 수량 표기 감지, 일괄·세트 가격, 배송비 포함 여부 미확정, 카드명 확인 필요, 묶음·세트 총액 · 개별 카드 가격 아님",estimated,no,no,2장 일괄 3.0에 구매합니다!
e88c00d64ccf2f8a66f2a8e5,onepiececardgame,원피스 카드게임,2026-07,2026-07-20T21:49:49+09:00,known,20e2634637a799aeed4755e8,e88c00d64ccf2f8a66f2a8e5,102218,https://m.dcinside.com/board/onepiececardgame/102218,완) 5탄 카이도 시크 페레 구매합니다!,seller-c1b58ccbd59adfabc6172a78,트로우,guest,,,,,,unknown,미분류,2,3.0,30000,estimated,bundle,text,unknown,,active,needs_review,needs_review,"가격 단위 추정, 수량 표기 감지, 일괄·세트 가격, 배송비 포함 여부 미확정, 카드명 확인 필요, 묶음·세트 총액 · 개별 카드 가격 아님",estimated,no,no,2장 일괄 3.0에 구매합니다!
259ea06e64ef2a51f46822e5,onepiececardgame,원피스 카드게임,2026-07,2026-07-20T22:50:15+09:00,known,9966480731b657ac129340c6,259ea06e64ef2a51f46822e5,102230,https://m.dcinside.com/board/onepiececardgame/102230,카드 몇장 구매합니다,seller-d61f9cc662c14b54047f11a2,까마까치,registered,5코 보니 SEC,5코 보니 SEC,5코 보니 SEC 장당,,,unknown,미분류,1,1.7,17000,estimated,per_card,text,unknown,,active,needs_review,needs_review,"가격 단위 추정, 배송비 포함 여부 미확정",estimated,yes,no,5코 보니 SEC 장당 1.7
4348ee108406c56d358eda69,onepiececardgame,원피스 카드게임,2026-07,2026-07-20T22:50:15+09:00,known,8e2c8f7932a422043ee7f047,4348ee108406c56d358eda69,102230,https://m.dcinside.com/board/onepiececardgame/102230,카드 몇장 구매합니다,seller-d61f9cc662c14b54047f11a2,까마까치,registered,3코 일렉트로닉 루나,3코 일렉트로닉 루나,3코 일렉트로닉 루나,,,unknown,미분류,4,0.3,3000,estimated,bundle,text,unknown,,active,needs_review,needs_review,"가격 단위 추정, 수량 표기 감지, 일괄·세트 가격, 배송비 포함 여부 미확정, 묶음·세트 총액 · 개별 카드 가격 아님",estimated,no,no,3코 일렉트로닉 루나 4장일괄 0.3
445a233db834d77f388bc20b,onepiececardgame,원피스 카드게임,2026-07,2026-07-20T22:50:15+09:00,known,8e2c8f7932a422043ee7f047,445a233db834d77f388bc20b,102230,https://m.dcinside.com/board/onepiececardgame/102230,카드 몇장 구매합니다,seller-d61f9cc662c14b54047f11a2,까마까치,registered,loadScript ' t,loadScript ' t,loadScript('//t,,,unknown,미분류,1,,,missing,unknown,unknown,unknown,,active,excluded,needs_review,"가격 후보 재검토 필요, 가격 미기재, 스크립트·광고 문구로 추정되는 오염 행",missing,no,no,"loadScript('//t1.kakaocdn.net/kas/static/ba.min.js', true);"
4a67328ad26631f844124d42,onepiececardgame,원피스 카드게임,2026-07,2026-07-20T22:50:15+09:00,known,9966480731b657ac129340c6,4a67328ad26631f844124d42,102230,https://m.dcinside.com/board/onepiececardgame/102230,카드 몇장 구매합니다,seller-d61f9cc662c14b54047f11a2,까마까치,registered,나미 조로 로빈둥 씩,나미 조로 로빈둥 씩,"나미,조로,로빈둥 씩 장당",,,unknown,미분류,1,0.4,4000,estimated,bundle,text,unknown,,active,needs_review,needs_review,"가격 단위 추정, 수량 표기 감지, 복수 카드 가격, 배송비 포함 여부 미확정, 묶음·세트 총액 · 개별 카드 가격 아님",estimated,no,no,"나미,조로,로빈둥 1장씩 장당 0.4"
5d9f39310ef9a2e953301107,onepiececardgame,원피스 카드게임,2026-07,2026-07-20T22:50:15+09:00,known,9966480731b657ac129340c6,5d9f39310ef9a2e953301107,102230,https://m.dcinside.com/board/onepiececardgame/102230,카드 몇장 구매합니다,seller-d61f9cc662c14b54047f11a2,까마까치,registered,loadScript 'https pagead,loadScript 'https pagead,loadScript('https://pagead,,,unknown,미분류,1,,,missing,unknown,unknown,unknown,,active,excluded,needs_review,"가격 후보 재검토 필요, 가격 미기재, 스크립트·광고 문구로 추정되는 오염 행",missing,no,no,"loadScript('https://pagead2.googlesyndication.com/pagead/js/adsbygoogle_direct.js?client=ca-pub-8171468792791627', true, 'anonymous');"
61643d837a9314de41fc8c44,onepiececardgame,원피스 카드게임,2026-07,2026-07-20T22:50:15+09:00,known,8e2c8f7932a422043ee7f047,61643d837a9314de41fc8c44,102230,https://m.dcinside.com/board/onepiececardgame/102230,카드 몇장 구매합니다,seller-d61f9cc662c14b54047f11a2,까마까치,registered,1코 페로나 SR,1코 페로나 SR,1코 페로나 SR 장당,,,unknown,미분류,1,1.2,12000,estimated,per_card,text,unknown,,active,needs_review,needs_review,"가격 단위 추정, 배송비 포함 여부 미확정",estimated,yes,no,1코 페로나 SR 장당 1.2
67d955852560c9ae1b2a1955,onepiececardgame,원피스 카드게임,2026-07,2026-07-20T22:50:15+09:00,known,9966480731b657ac129340c6,67d955852560c9ae1b2a1955,102230,https://m.dcinside.com/board/onepiececardgame/102230,카드 몇장 구매합니다,seller-d61f9cc662c14b54047f11a2,까마까치,registered,3코 일렉트로닉 루나,3코 일렉트로닉 루나,3코 일렉트로닉 루나,,,unknown,미분류,4,0.3,3000,estimated,bundle,text,unknown,,active,needs_review,needs_review,"가격 단위 추정, 수량 표기 감지, 일괄·세트 가격, 배송비 포함 여부 미확정, 묶음·세트 총액 · 개별 카드 가격 아님",estimated,no,no,3코 일렉트로닉 루나 4장일괄 0.3
771f40fe88b68467b68c61b6,onepiececardgame,원피스 카드게임,2026-07,2026-07-20T22:50:15+09:00,known,8e2c8f7932a422043ee7f047,771f40fe88b68467b68c61b6,102230,https://m.dcinside.com/board/onepiececardgame/102230,카드 몇장 구매합니다,seller-d61f9cc662c14b54047f11a2,까마까치,registered,나미 조로 로빈둥 씩,나미 조로 로빈둥 씩,"나미,조로,로빈둥 씩 장당",,,unknown,미분류,1,0.4,4000,estimated,bundle,text,unknown,,active,needs_review,needs_review,"가격 단위 추정, 수량 표기 감지, 복수 카드 가격, 배송비 포함 여부 미확정, 묶음·세트 총액 · 개별 카드 가격 아님",estimated,no,no,"나미,조로,로빈둥 1장씩 장당 0.4"
7c1eba4adc79b4f2a336f832,onepiececardgame,원피스 카드게임,2026-07,2026-07-20T22:50:15+09:00,known,8e2c8f7932a422043ee7f047,7c1eba4adc79b4f2a336f832,102230,https://m.dcinside.com/board/onepiececardgame/102230,카드 몇장 구매합니다,seller-d61f9cc662c14b54047f11a2,까마까치,registered,5코 스모커 SR,5코 스모커 SR,5코 스모커 SR 장당,,,unknown,미분류,1,0.3,3000,estimated,per_card,text,unknown,,active,needs_review,needs_review,"가격 단위 추정, 배송비 포함 여부 미확정",estimated,yes,no,5코 스모커 SR 장당 0.3
82aa2500d1c7924ab839a177,onepiececardgame,원피스 카드게임,2026-07,2026-07-20T22:50:15+09:00,known,9966480731b657ac129340c6,82aa2500d1c7924ab839a177,102230,https://m.dcinside.com/board/onepiececardgame/102230,카드 몇장 구매합니다,seller-d61f9cc662c14b54047f11a2,까마까치,registered,5코 스모커 SR,5코 스모커 SR,5코 스모커 SR 장당,,,unknown,미분류,1,0.3,3000,estimated,per_card,text,unknown,,active,needs_review,needs_review,"가격 단위 추정, 배송비 포함 여부 미확정",estimated,yes,no,5코 스모커 SR 장당 0.3
8ce4cb1d4cce04d764ff6bde,onepiececardgame,원피스 카드게임,2026-07,2026-07-20T22:50:15+09:00,known,8e2c8f7932a422043ee7f047,8ce4cb1d4cce04d764ff6bde,102230,https://m.dcinside.com/board/onepiececardgame/102230,카드 몇장 구매합니다,seller-d61f9cc662c14b54047f11a2,까마까치,registered,var safe = window.dcAd && window.dcAd.safe ==,var safe = window.dcAd && window.dcAd.safe ==,var safe = (window.dcAd && window.dcAd.safe ==,,,unknown,미분류,1,1,10000,estimated,bundle,text,unknown,,active,excluded,needs_review,"가격 단위 추정, 복수 카드 가격, 배송비 포함 여부 미확정, 묶음·세트 총액 · 개별 카드 가격 아님, 스크립트·광고 문구로 추정되는 오염 행",estimated,no,no,var safe = (window.dcAd && window.dcAd.safe == 1)
b15747b9439bccc1662230c7,onepiececardgame,원피스 카드게임,2026-07,2026-07-20T22:50:15+09:00,known,9966480731b657ac129340c6,b15747b9439bccc1662230c7,102230,https://m.dcinside.com/board/onepiececardgame/102230,카드 몇장 구매합니다,seller-d61f9cc662c14b54047f11a2,까마까치,registered,1코 페로나 SR,1코 페로나 SR,1코 페로나 SR 장당,,,unknown,미분류,1,1.2,12000,estimated,per_card,text,unknown,,active,needs_review,needs_review,"가격 단위 추정, 배송비 포함 여부 미확정",estimated,yes,no,1코 페로나 SR 장당 1.2
cbab10e6a9707c6e51fc3014,onepiececardgame,원피스 카드게임,2026-07,2026-07-20T22:50:15+09:00,known,8e2c8f7932a422043ee7f047,cbab10e6a9707c6e51fc3014,102230,https://m.dcinside.com/board/onepiececardgame/102230,카드 몇장 구매합니다,seller-d61f9cc662c14b54047f11a2,까마까치,registered,DOM 삽입 헬퍼 현재 스크립트 위치 기준,DOM 삽입 헬퍼 현재 스크립트 위치 기준,// ---- DOM 삽입 헬퍼 (현재 스크립트 위치 기준,,,unknown,미분류,1,,,missing,unknown,unknown,unknown,,active,excluded,needs_review,"가격 후보 재검토 필요, 가격 미기재, 스크립트·광고 문구로 추정되는 오염 행",missing,no,no,// ---- DOM 삽입 헬퍼 (현재 스크립트 위치 기준1)
ccd01aee0835330618d3c782,onepiececardgame,원피스 카드게임,2026-07,2026-07-20T22:50:15+09:00,known,9966480731b657ac129340c6,ccd01aee0835330618d3c782,102230,https://m.dcinside.com/board/onepiececardgame/102230,카드 몇장 구매합니다,seller-d61f9cc662c14b54047f11a2,까마까치,registered,var safe = window.dcAd && window.dcAd.safe ==,var safe = window.dcAd && window.dcAd.safe ==,var safe = (window.dcAd && window.dcAd.safe ==,,,unknown,미분류,1,1,10000,estimated,bundle,text,unknown,,active,excluded,needs_review,"가격 단위 추정, 복수 카드 가격, 배송비 포함 여부 미확정, 묶음·세트 총액 · 개별 카드 가격 아님, 스크립트·광고 문구로 추정되는 오염 행",estimated,no,no,var safe = (window.dcAd && window.dcAd.safe == 1)
ef39275a2343e417ece0763e,onepiececardgame,원피스 카드게임,2026-07,2026-07-20T22:50:15+09:00,known,9966480731b657ac129340c6,ef39275a2343e417ece0763e,102230,https://m.dcinside.com/board/onepiececardgame/102230,카드 몇장 구매합니다,seller-d61f9cc662c14b54047f11a2,까마까치,registered,loadScript ' t,loadScript ' t,loadScript('//t,,,unknown,미분류,1,,,missing,unknown,unknown,unknown,,active,excluded,needs_review,"가격 후보 재검토 필요, 가격 미기재, 스크립트·광고 문구로 추정되는 오염 행",missing,no,no,"loadScript('//t1.kakaocdn.net/kas/static/ba.min.js', true);"
fbc21d730325d5bfccf5a15d,onepiececardgame,원피스 카드게임,2026-07,2026-07-20T22:50:15+09:00,known,8e2c8f7932a422043ee7f047,fbc21d730325d5bfccf5a15d,102230,https://m.dcinside.com/board/onepiececardgame/102230,카드 몇장 구매합니다,seller-d61f9cc662c14b54047f11a2,까마까치,registered,loadScript 'https pagead,loadScript 'https pagead,loadScript('https://pagead,,,unknown,미분류,1,,,missing,unknown,unknown,unknown,,active,excluded,needs_review,"가격 후보 재검토 필요, 가격 미기재, 스크립트·광고 문구로 추정되는 오염 행",missing,no,no,"loadScript('https://pagead2.googlesyndication.com/pagead/js/adsbygoogle_direct.js?client=ca-pub-8171468792791627', true, 'anonymous');"
fdd57b883669e967dfc9dd8c,onepiececardgame,원피스 카드게임,2026-07,2026-07-20T22:50:15+09:00,known,9966480731b657ac129340c6,fdd57b883669e967dfc9dd8c,102230,https://m.dcinside.com/board/onepiececardgame/102230,카드 몇장 구매합니다,seller-d61f9cc662c14b54047f11a2,까마까치,registered,DOM 삽입 헬퍼 현재 스크립트 위치 기준,DOM 삽입 헬퍼 현재 스크립트 위치 기준,// ---- DOM 삽입 헬퍼 (현재 스크립트 위치 기준,,,unknown,미분류,1,,,missing,unknown,unknown,unknown,,active,excluded,needs_review,"가격 후보 재검토 필요, 가격 미기재, 스크립트·광고 문구로 추정되는 오염 행",missing,no,no,// ---- DOM 삽입 헬퍼 (현재 스크립트 위치 기준1)
ff452f800ad8352c7a927098,onepiececardgame,원피스 카드게임,2026-07,2026-07-20T22:50:15+09:00,known,8e2c8f7932a422043ee7f047,ff452f800ad8352c7a927098,102230,https://m.dcinside.com/board/onepiececardgame/102230,카드 몇장 구매합니다,seller-d61f9cc662c14b54047f11a2,까마까치,registered,5코 보니 SEC,5코 보니 SEC,5코 보니 SEC 장당,,,unknown,미분류,1,1.7,17000,estimated,per_card,text,unknown,,active,needs_review,needs_review,"가격 단위 추정, 배송비 포함 여부 미확정",estimated,yes,no,5코 보니 SEC 장당 1.7
3e38bfe0fb2f6f9f750ffc5a,onepiececardgame,원피스 카드게임,2026-07,2026-07-21T14:05:16+09:00,known,6823a7dc91ab5ed5414b1c3d,3e38bfe0fb2f6f9f750ffc5a,102300,https://m.dcinside.com/board/onepiececardgame/102300,덱소스 구매해요~,seller-8ad10b55fa52911e796a44cf,원딱러,registered,전부 한글판으로 구하고 일괄로,전부 한글판으로 구하고 일괄로,전부 한글판으로 구하고 일괄로,,,unknown,미분류,1,3.5,35000,estimated,bundle,text,unknown,,active,needs_review,needs_review,"가격 단위 추정, 일괄·세트 가격, 수량 확인 필요, 배송비 포함 여부 미확정, 묶음·세트 총액 · 개별 카드 가격 아님",estimated,no,no,전부 한글판으로 구하고 일괄로 3.5에 구매합니다! (흥정가능)
9080e8f33b0396c9932009ce,onepiececardgame,원피스 카드게임,2026-07,2026-07-21T14:05:16+09:00,known,a59c56b8e69aab12645c8a53,9080e8f33b0396c9932009ce,102300,https://m.dcinside.com/board/onepiececardgame/102300,덱소스 구매해요~,seller-8ad10b55fa52911e796a44cf,원딱러,registered,전부 한글판으로 구하고 일괄로,전부 한글판으로 구하고 일괄로,전부 한글판으로 구하고 일괄로,,,unknown,미분류,1,3.5,35000,estimated,bundle,text,unknown,,active,needs_review,needs_review,"가격 단위 추정, 일괄·세트 가격, 수량 확인 필요, 배송비 포함 여부 미확정, 묶음·세트 총액 · 개별 카드 가격 아님",estimated,no,no,전부 한글판으로 구하고 일괄로 3.5에 구매합니다! (흥정가능)
03b7b1527060df104bc96d4a,onepiececardgame,원피스 카드게임,2026-07,2026-07-21T18:25:33+09:00,known,d4eae2236ac15cc17de133a3,03b7b1527060df104bc96d4a,102339,https://m.dcinside.com/board/onepiececardgame/102339,오늘 수내직 흑금둥 3장 구매해봅니다,seller-1b0b14793d497b85e06dc252,느므브,registered,일괄시,일괄시,일괄시,,,unknown,미분류,1,1.3,13000,estimated,bundle,text,unknown,,active,excluded,needs_review,"가격 단위 추정, 일괄·세트 가격, 배송비 포함 여부 미확정, 묶음·세트 총액 · 개별 카드 가격 아님, 스크립트·광고 문구로 추정되는 오염 행",estimated,no,no,일괄시 1.3에 구매합니다.
b11a3ac0bcbe13f73bfdbfcf,onepiececardgame,원피스 카드게임,2026-07,2026-07-21T18:25:33+09:00,known,8e0ba3f4e715699cac8d83cf,b11a3ac0bcbe13f73bfdbfcf,102339,https://m.dcinside.com/board/onepiececardgame/102339,오늘 수내직 흑금둥 3장 구매해봅니다,seller-1b0b14793d497b85e06dc252,느므브,registered,일괄시,일괄시,일괄시,,,unknown,미분류,1,1.3,13000,estimated,bundle,text,unknown,,active,excluded,needs_review,"가격 단위 추정, 일괄·세트 가격, 배송비 포함 여부 미확정, 묶음·세트 총액 · 개별 카드 가격 아님, 스크립트·광고 문구로 추정되는 오염 행",estimated,no,no,일괄시 1.3에 구매합니다.
08358f5713903a6d69e627a2,onepiececardgame,원피스 카드게임,2026-07,2026-07-21T18:56:42+09:00,known,e6f788a570d3a3fbf17fa432,08358f5713903a6d69e627a2,102342,https://m.dcinside.com/board/onepiececardgame/102342,"(판완)오로성 r 페레 1세트, 임 리페 완덱 팔아요",seller-36968979bc900384428a7650,ㅇㅇ,guest,var safe = window.dcAd && window.dcAd.safe ==,var safe = window.dcAd && window.dcAd.safe ==,var safe = (window.dcAd && window.dcAd.safe ==,,,unknown,미분류,1,1,10000,estimated,bundle,text,unknown,,active,excluded,needs_review,"가격 단위 추정, 복수 카드 가격, 배송비 포함 여부 미확정, 묶음·세트 총액 · 개별 카드 가격 아님, 스크립트·광고 문구로 추정되는 오염 행",estimated,no,no,var safe = (window.dcAd && window.dcAd.safe == 1)
1aeab98908c91663d02586b1,onepiececardgame,원피스 카드게임,2026-07,2026-07-21T18:56:42+09:00,known,e6f788a570d3a3fbf17fa432,1aeab98908c91663d02586b1,102342,https://m.dcinside.com/board/onepiececardgame/102342,"(판완)오로성 r 페레 1세트, 임 리페 완덱 팔아요",seller-36968979bc900384428a7650,ㅇㅇ,guest,loadScript ' t,loadScript ' t,loadScript('//t,,,unknown,미분류,1,,,missing,unknown,unknown,unknown,,active,excluded,needs_review,"가격 후보 재검토 필요, 가격 미기재, 스크립트·광고 문구로 추정되는 오염 행",missing,no,no,"loadScript('//t1.kakaocdn.net/kas/static/ba.min.js', true);"
26293bb2c0a132766562f6b3,onepiececardgame,원피스 카드게임,2026-07,2026-07-21T18:56:42+09:00,known,e6f788a570d3a3fbf17fa432,26293bb2c0a132766562f6b3,102342,https://m.dcinside.com/board/onepiececardgame/102342,"(판완)오로성 r 페레 1세트, 임 리페 완덱 팔아요",seller-36968979bc900384428a7650,ㅇㅇ,guest,loadScript 'https pagead,loadScript 'https pagead,loadScript('https://pagead,,,unknown,미분류,1,,,missing,unknown,unknown,unknown,,active,excluded,needs_review,"가격 후보 재검토 필요, 가격 미기재, 스크립트·광고 문구로 추정되는 오염 행",missing,no,no,"loadScript('https://pagead2.googlesyndication.com/pagead/js/adsbygoogle_direct.js?client=ca-pub-8171468792791627', true, 'anonymous');"
977d9f7c8ca12ebb176be8f3,onepiececardgame,원피스 카드게임,2026-07,2026-07-21T18:56:42+09:00,known,e6f788a570d3a3fbf17fa432,977d9f7c8ca12ebb176be8f3,102342,https://m.dcinside.com/board/onepiececardgame/102342,"(판완)오로성 r 페레 1세트, 임 리페 완덱 팔아요",seller-36968979bc900384428a7650,ㅇㅇ,guest,DOM 삽입 헬퍼 현재 스크립트 위치 기준,DOM 삽입 헬퍼 현재 스크립트 위치 기준,// ---- DOM 삽입 헬퍼 (현재 스크립트 위치 기준,,,unknown,미분류,1,,,missing,unknown,unknown,unknown,,active,excluded,needs_review,"가격 후보 재검토 필요, 가격 미기재, 스크립트·광고 문구로 추정되는 오염 행",missing,no,no,// ---- DOM 삽입 헬퍼 (현재 스크립트 위치 기준1)
49a177aa3e3b349b3bd55b75,onepiececardgame,원피스 카드게임,2026-07,2026-07-21T19:23:58+09:00,known,477477325d269c6fac7df709,49a177aa3e3b349b3bd55b75,102350,https://m.dcinside.com/board/onepiececardgame/102350,적청에이스덱 판매합니다,seller-8ad10b55fa52911e796a44cf,원딱러,registered,다있는구성,다있는구성,다있는구성,,,unknown,미분류,1,33,330000,estimated,bundle,text,unknown,,active,needs_review,needs_review,"가격 단위 추정, 배송비 포함 여부 미확정, 묶음·세트 총액 · 개별 카드 가격 아님",estimated,no,no,다있는구성 33에판매합니다 구매원하시는분 톡주시면 원하는방식대로 인증해드릴게요
de99cf8bffe8c55fc1a868ac,onepiececardgame,원피스 카드게임,2026-07,2026-07-21T19:23:58+09:00,known,58f5b91e4b2cf62a5619298d,de99cf8bffe8c55fc1a868ac,102350,https://m.dcinside.com/board/onepiececardgame/102350,적청에이스덱 판매합니다,seller-8ad10b55fa52911e796a44cf,원딱러,registered,다있는구성,다있는구성,다있는구성,,,unknown,미분류,1,33,330000,estimated,bundle,text,unknown,,active,needs_review,needs_review,"가격 단위 추정, 배송비 포함 여부 미확정, 묶음·세트 총액 · 개별 카드 가격 아님",estimated,no,no,다있는구성 33에판매합니다 구매원하시는분 톡주시면 원하는방식대로 인증해드릴게요
47907fbf135d4a1da100ce61,onepiececardgame,원피스 카드게임,2026-07,2026-07-21T21:59:42+09:00,known,c676284e5d3b94460552a798,47907fbf135d4a1da100ce61,102373,https://m.dcinside.com/board/onepiececardgame/102373,OP12-063 레이주 3장 구매합니다,seller-e2bbfa46e97e9db7f31b8a58,915,guest,,,,,,unknown,미분류,3,1.5,15000,estimated,bundle,text,unknown,,active,needs_review,needs_review,"가격 단위 추정, 수량 표기 감지, 일괄·세트 가격, 배송비 포함 여부 미확정, 카드명 확인 필요, 묶음·세트 총액 · 개별 카드 가격 아님",estimated,no,no,3장일괄 1.5에 구매합니다
7182067355397e5b36b7b66f,onepiececardgame,원피스 카드게임,2026-07,2026-07-21T21:59:42+09:00,known,c676284e5d3b94460552a798,7182067355397e5b36b7b66f,102373,https://m.dcinside.com/board/onepiececardgame/102373,OP12-063 레이주 3장 구매합니다,seller-e2bbfa46e97e9db7f31b8a58,915,guest,,장당,장당,,,unknown,미분류,1,0.4,4000,estimated,per_card,text,unknown,,active,excluded,needs_review,"가격 단위 추정, 배송비 포함 여부 미확정, 스크립트·광고 문구로 추정되는 오염 행",estimated,yes,no,장당 0.4
beba24a9586538d9ecf8cc91,onepiececardgame,원피스 카드게임,2026-07,2026-07-21T21:59:42+09:00,known,e5345691975d41925ac8ca20,beba24a9586538d9ecf8cc91,102373,https://m.dcinside.com/board/onepiececardgame/102373,OP12-063 레이주 3장 구매합니다,seller-26d0d4b4db8be6375f42fd65,915,guest,,,,,,unknown,미분류,3,1.5,15000,estimated,bundle,text,unknown,,active,needs_review,needs_review,"가격 단위 추정, 수량 표기 감지, 일괄·세트 가격, 배송비 포함 여부 미확정, 카드명 확인 필요, 묶음·세트 총액 · 개별 카드 가격 아님",estimated,no,no,3장일괄 1.5에 구매합니다
e3b3204b007cec828ba8daa4,onepiececardgame,원피스 카드게임,2026-07,2026-07-21T21:59:42+09:00,known,e5345691975d41925ac8ca20,e3b3204b007cec828ba8daa4,102373,https://m.dcinside.com/board/onepiececardgame/102373,OP12-063 레이주 3장 구매합니다,seller-26d0d4b4db8be6375f42fd65,915,guest,,장당,장당,,,unknown,미분류,1,0.4,4000,estimated,per_card,text,unknown,,active,excluded,needs_review,"가격 단위 추정, 배송비 포함 여부 미확정, 스크립트·광고 문구로 추정되는 오염 행",estimated,yes,no,장당 0.4
259ac5709a3725e8d6c645be,onepiececardgame,원피스 카드게임,2026-07,2026-07-22T10:03:39+09:00,known,9982960a8c255787c18b3d0c,259ac5709a3725e8d6c645be,102418,https://m.dcinside.com/board/onepiececardgame/102418,ㅇㅎㅇㅎ 유딱에서 넘어온 뉴비 녹색 완덱 구함 [거래완],seller-bbf8a7e8b20be7eaa704ed0f,봄사자,registered,var safe = window.dcAd && window.dcAd.safe ==,var safe = window.dcAd && window.dcAd.safe ==,var safe = (window.dcAd && window.dcAd.safe ==,,,unknown,미분류,1,1,10000,estimated,bundle,text,unknown,,active,excluded,needs_review,"가격 단위 추정, 복수 카드 가격, 배송비 포함 여부 미확정, 묶음·세트 총액 · 개별 카드 가격 아님, 스크립트·광고 문구로 추정되는 오염 행",estimated,no,no,var safe = (window.dcAd && window.dcAd.safe == 1)
2eafb8fcb4dc37d09c65c883,onepiececardgame,원피스 카드게임,2026-07,2026-07-22T10:03:39+09:00,known,f8520693a1ec07f0eaf452cd,2eafb8fcb4dc37d09c65c883,102418,https://m.dcinside.com/board/onepiececardgame/102418,ㅇㅎㅇㅎ 유딱에서 넘어온 뉴비 녹색 완덱 구함 [거래완],seller-bbf8a7e8b20be7eaa704ed0f,봄사자,registered,loadScript 'https pagead,loadScript 'https pagead,loadScript('https://pagead,,,unknown,미분류,1,,,missing,unknown,unknown,unknown,,active,excluded,needs_review,"가격 후보 재검토 필요, 가격 미기재, 스크립트·광고 문구로 추정되는 오염 행",missing,no,no,"loadScript('https://pagead2.googlesyndication.com/pagead/js/adsbygoogle_direct.js?client=ca-pub-8171468792791627', true, 'anonymous');"
55b16939d83ef95e612fadb1,onepiececardgame,원피스 카드게임,2026-07,2026-07-22T10:03:39+09:00,known,f8520693a1ec07f0eaf452cd,55b16939d83ef95e612fadb1,102418,https://m.dcinside.com/board/onepiececardgame/102418,ㅇㅎㅇㅎ 유딱에서 넘어온 뉴비 녹색 완덱 구함 [거래완],seller-bbf8a7e8b20be7eaa704ed0f,봄사자,registered,DOM 삽입 헬퍼 현재 스크립트 위치 기준,DOM 삽입 헬퍼 현재 스크립트 위치 기준,// ---- DOM 삽입 헬퍼 (현재 스크립트 위치 기준,,,unknown,미분류,1,,,missing,unknown,unknown,unknown,,active,excluded,needs_review,"가격 후보 재검토 필요, 가격 미기재, 스크립트·광고 문구로 추정되는 오염 행",missing,no,no,// ---- DOM 삽입 헬퍼 (현재 스크립트 위치 기준1)
587515902458a9563a5bec34,onepiececardgame,원피스 카드게임,2026-07,2026-07-22T10:03:39+09:00,known,9982960a8c255787c18b3d0c,587515902458a9563a5bec34,102418,https://m.dcinside.com/board/onepiececardgame/102418,ㅇㅎㅇㅎ 유딱에서 넘어온 뉴비 녹색 완덱 구함 [거래완],seller-bbf8a7e8b20be7eaa704ed0f,봄사자,registered,loadScript ' t,loadScript ' t,loadScript('//t,,,unknown,미분류,1,,,missing,unknown,unknown,unknown,,active,excluded,needs_review,"가격 후보 재검토 필요, 가격 미기재, 스크립트·광고 문구로 추정되는 오염 행",missing,no,no,"loadScript('//t1.kakaocdn.net/kas/static/ba.min.js', true);"
8deb89915411fa0b99512e94,onepiececardgame,원피스 카드게임,2026-07,2026-07-22T10:03:39+09:00,known,9982960a8c255787c18b3d0c,8deb89915411fa0b99512e94,102418,https://m.dcinside.com/board/onepiececardgame/102418,ㅇㅎㅇㅎ 유딱에서 넘어온 뉴비 녹색 완덱 구함 [거래완],seller-bbf8a7e8b20be7eaa704ed0f,봄사자,registered,DOM 삽입 헬퍼 현재 스크립트 위치 기준,DOM 삽입 헬퍼 현재 스크립트 위치 기준,// ---- DOM 삽입 헬퍼 (현재 스크립트 위치 기준,,,unknown,미분류,1,,,missing,unknown,unknown,unknown,,active,excluded,needs_review,"가격 후보 재검토 필요, 가격 미기재, 스크립트·광고 문구로 추정되는 오염 행",missing,no,no,// ---- DOM 삽입 헬퍼 (현재 스크립트 위치 기준1)
b61b78fa1cc2f82bf233f221,onepiececardgame,원피스 카드게임,2026-07,2026-07-22T10:03:39+09:00,known,f8520693a1ec07f0eaf452cd,b61b78fa1cc2f82bf233f221,102418,https://m.dcinside.com/board/onepiececardgame/102418,ㅇㅎㅇㅎ 유딱에서 넘어온 뉴비 녹색 완덱 구함 [거래완],seller-bbf8a7e8b20be7eaa704ed0f,봄사자,registered,loadScript ' t,loadScript ' t,loadScript('//t,,,unknown,미분류,1,,,missing,unknown,unknown,unknown,,active,excluded,needs_review,"가격 후보 재검토 필요, 가격 미기재, 스크립트·광고 문구로 추정되는 오염 행",missing,no,no,"loadScript('//t1.kakaocdn.net/kas/static/ba.min.js', true);"
d4cf19d208fb0d4a193bc171,onepiececardgame,원피스 카드게임,2026-07,2026-07-22T10:03:39+09:00,known,f8520693a1ec07f0eaf452cd,d4cf19d208fb0d4a193bc171,102418,https://m.dcinside.com/board/onepiececardgame/102418,ㅇㅎㅇㅎ 유딱에서 넘어온 뉴비 녹색 완덱 구함 [거래완],seller-bbf8a7e8b20be7eaa704ed0f,봄사자,registered,var safe = window.dcAd && window.dcAd.safe ==,var safe = window.dcAd && window.dcAd.safe ==,var safe = (window.dcAd && window.dcAd.safe ==,,,unknown,미분류,1,1,10000,estimated,bundle,text,unknown,,active,excluded,needs_review,"가격 단위 추정, 복수 카드 가격, 배송비 포함 여부 미확정, 묶음·세트 총액 · 개별 카드 가격 아님, 스크립트·광고 문구로 추정되는 오염 행",estimated,no,no,var safe = (window.dcAd && window.dcAd.safe == 1)
d8167831b15f3e89d77b0223,onepiececardgame,원피스 카드게임,2026-07,2026-07-22T10:03:39+09:00,known,9982960a8c255787c18b3d0c,d8167831b15f3e89d77b0223,102418,https://m.dcinside.com/board/onepiececardgame/102418,ㅇㅎㅇㅎ 유딱에서 넘어온 뉴비 녹색 완덱 구함 [거래완],seller-bbf8a7e8b20be7eaa704ed0f,봄사자,registered,loadScript 'https pagead,loadScript 'https pagead,loadScript('https://pagead,,,unknown,미분류,1,,,missing,unknown,unknown,unknown,,active,excluded,needs_review,"가격 후보 재검토 필요, 가격 미기재, 스크립트·광고 문구로 추정되는 오염 행",missing,no,no,"loadScript('https://pagead2.googlesyndication.com/pagead/js/adsbygoogle_direct.js?client=ca-pub-8171468792791627', true, 'anonymous');"
293da37c9001c09ea9f94f57,onepiececardgame,원피스 카드게임,2026-07,2026-07-22T14:48:16+09:00,known,563d4caf0cb0c75eba47f75a,293da37c9001c09ea9f94f57,102461,https://m.dcinside.com/board/onepiececardgame/102461,오로성 페레 구매합니다,seller-b0ab06202cb6dc2dff3f2bc5,유동닉,guest,var safe = window.dcAd && window.dcAd.safe ==,var safe = window.dcAd && window.dcAd.safe ==,var safe = (window.dcAd && window.dcAd.safe ==,,,unknown,미분류,1,1,10000,estimated,bundle,text,unknown,,active,excluded,needs_review,"가격 단위 추정, 복수 카드 가격, 배송비 포함 여부 미확정, 묶음·세트 총액 · 개별 카드 가격 아님, 스크립트·광고 문구로 추정되는 오염 행",estimated,no,no,var safe = (window.dcAd && window.dcAd.safe == 1)
2eb474f3228a5c4d6ae6dde7,onepiececardgame,원피스 카드게임,2026-07,2026-07-22T14:48:16+09:00,known,177c28bac5a40717ab5e6ca6,2eb474f3228a5c4d6ae6dde7,102461,https://m.dcinside.com/board/onepiececardgame/102461,오로성 페레 구매합니다,seller-cfd6780958ed74074ab3dd7d,유동닉,guest,시,시,시,,,unknown,미분류,1,15,150000,estimated,bundle,text,unknown,,active,needs_review,needs_review,"가격 단위 추정, 일괄·세트 가격, 배송비 포함 여부 미확정, 카드명 확인 필요, 묶음·세트 총액 · 개별 카드 가격 아님",estimated,no,no,일괄 시 15에 구매희망합니다
360f5ee7c832c37dbc9aa820,onepiececardgame,원피스 카드게임,2026-07,2026-07-22T14:48:16+09:00,known,177c28bac5a40717ab5e6ca6,360f5ee7c832c37dbc9aa820,102461,https://m.dcinside.com/board/onepiececardgame/102461,오로성 페레 구매합니다,seller-cfd6780958ed74074ab3dd7d,유동닉,guest,loadScript ' t,loadScript ' t,loadScript('//t,,,unknown,미분류,1,,,missing,unknown,unknown,unknown,,active,excluded,needs_review,"가격 후보 재검토 필요, 가격 미기재, 스크립트·광고 문구로 추정되는 오염 행",missing,no,no,"loadScript('//t1.kakaocdn.net/kas/static/ba.min.js', true);"
378b6f8c8fee1c2a87f9d3ab,onepiececardgame,원피스 카드게임,2026-07,2026-07-22T14:48:16+09:00,known,177c28bac5a40717ab5e6ca6,378b6f8c8fee1c2a87f9d3ab,102461,https://m.dcinside.com/board/onepiececardgame/102461,오로성 페레 구매합니다,seller-cfd6780958ed74074ab3dd7d,유동닉,guest,DOM 삽입 헬퍼 현재 스크립트 위치 기준,DOM 삽입 헬퍼 현재 스크립트 위치 기준,// ---- DOM 삽입 헬퍼 (현재 스크립트 위치 기준,,,unknown,미분류,1,,,missing,unknown,unknown,unknown,,active,excluded,needs_review,"가격 후보 재검토 필요, 가격 미기재, 스크립트·광고 문구로 추정되는 오염 행",missing,no,no,// ---- DOM 삽입 헬퍼 (현재 스크립트 위치 기준1)
4b76286a2b234f3d6b427552,onepiececardgame,원피스 카드게임,2026-07,2026-07-22T14:48:16+09:00,known,177c28bac5a40717ab5e6ca6,4b76286a2b234f3d6b427552,102461,https://m.dcinside.com/board/onepiececardgame/102461,오로성 페레 구매합니다,seller-cfd6780958ed74074ab3dd7d,유동닉,guest,loadScript 'https pagead,loadScript 'https pagead,loadScript('https://pagead,,,unknown,미분류,1,,,missing,unknown,unknown,unknown,,active,excluded,needs_review,"가격 후보 재검토 필요, 가격 미기재, 스크립트·광고 문구로 추정되는 오염 행",missing,no,no,"loadScript('https://pagead2.googlesyndication.com/pagead/js/adsbygoogle_direct.js?client=ca-pub-8171468792791627', true, 'anonymous');"
7c8c0a2fb0143f118b44fc82,onepiececardgame,원피스 카드게임,2026-07,2026-07-22T14:48:16+09:00,known,563d4caf0cb0c75eba47f75a,7c8c0a2fb0143f118b44fc82,102461,https://m.dcinside.com/board/onepiececardgame/102461,오로성 페레 구매합니다,seller-b0ab06202cb6dc2dff3f2bc5,유동닉,guest,DOM 삽입 헬퍼 현재 스크립트 위치 기준,DOM 삽입 헬퍼 현재 스크립트 위치 기준,// ---- DOM 삽입 헬퍼 (현재 스크립트 위치 기준,,,unknown,미분류,1,,,missing,unknown,unknown,unknown,,active,excluded,needs_review,"가격 후보 재검토 필요, 가격 미기재, 스크립트·광고 문구로 추정되는 오염 행",missing,no,no,// ---- DOM 삽입 헬퍼 (현재 스크립트 위치 기준1)
7fd47a2fd43117855a30ece0,onepiececardgame,원피스 카드게임,2026-07,2026-07-22T14:48:16+09:00,known,563d4caf0cb0c75eba47f75a,7fd47a2fd43117855a30ece0,102461,https://m.dcinside.com/board/onepiececardgame/102461,오로성 페레 구매합니다,seller-b0ab06202cb6dc2dff3f2bc5,유동닉,guest,loadScript ' t,loadScript ' t,loadScript('//t,,,unknown,미분류,1,,,missing,unknown,unknown,unknown,,active,excluded,needs_review,"가격 후보 재검토 필요, 가격 미기재, 스크립트·광고 문구로 추정되는 오염 행",missing,no,no,"loadScript('//t1.kakaocdn.net/kas/static/ba.min.js', true);"
830fa34e82c7bd17bf9b8e56,onepiececardgame,원피스 카드게임,2026-07,2026-07-22T14:48:16+09:00,known,563d4caf0cb0c75eba47f75a,830fa34e82c7bd17bf9b8e56,102461,https://m.dcinside.com/board/onepiececardgame/102461,오로성 페레 구매합니다,seller-b0ab06202cb6dc2dff3f2bc5,유동닉,guest,시,시,시,,,unknown,미분류,1,15,150000,estimated,bundle,text,unknown,,active,needs_review,needs_review,"가격 단위 추정, 일괄·세트 가격, 배송비 포함 여부 미확정, 카드명 확인 필요, 묶음·세트 총액 · 개별 카드 가격 아님",estimated,no,no,일괄 시 15에 구매희망합니다
9670a7d35d549d3ff5bc75c8,onepiececardgame,원피스 카드게임,2026-07,2026-07-22T14:48:16+09:00,known,563d4caf0cb0c75eba47f75a,9670a7d35d549d3ff5bc75c8,102461,https://m.dcinside.com/board/onepiececardgame/102461,오로성 페레 구매합니다,seller-b0ab06202cb6dc2dff3f2bc5,유동닉,guest,loadScript 'https pagead,loadScript 'https pagead,loadScript('https://pagead,,,unknown,미분류,1,,,missing,unknown,unknown,unknown,,active,excluded,needs_review,"가격 후보 재검토 필요, 가격 미기재, 스크립트·광고 문구로 추정되는 오염 행",missing,no,no,"loadScript('https://pagead2.googlesyndication.com/pagead/js/adsbygoogle_direct.js?client=ca-pub-8171468792791627', true, 'anonymous');"
a06ff2590c6e93db269010ed,onepiececardgame,원피스 카드게임,2026-07,2026-07-22T14:48:16+09:00,known,177c28bac5a40717ab5e6ca6,a06ff2590c6e93db269010ed,102461,https://m.dcinside.com/board/onepiececardgame/102461,오로성 페레 구매합니다,seller-cfd6780958ed74074ab3dd7d,유동닉,guest,var safe = window.dcAd && window.dcAd.safe ==,var safe = window.dcAd && window.dcAd.safe ==,var safe = (window.dcAd && window.dcAd.safe ==,,,unknown,미분류,1,1,10000,estimated,bundle,text,unknown,,active,excluded,needs_review,"가격 단위 추정, 복수 카드 가격, 배송비 포함 여부 미확정, 묶음·세트 총액 · 개별 카드 가격 아님, 스크립트·광고 문구로 추정되는 오염 행",estimated,no,no,var safe = (window.dcAd && window.dcAd.safe == 1)
c6ce9bb9be7afe23364c410b,onepiececardgame,원피스 카드게임,2026-07,2026-07-22T14:48:16+09:00,known,177c28bac5a40717ab5e6ca6,c6ce9bb9be7afe23364c410b,102461,https://m.dcinside.com/board/onepiececardgame/102461,오로성 페레 구매합니다,seller-cfd6780958ed74074ab3dd7d,유동닉,guest,새턴 쥬피터 워큐리 마즈 각,새턴 쥬피터 워큐리 마즈 각,"새턴 , 쥬피터 , 워큐리 , 마즈 각",,,unknown,미분류,7,2,20000,estimated,bundle,text,unknown,,active,needs_review,needs_review,"가격 단위 추정, 수량 표기 감지, 복수 카드 가격, 배송비 포함 여부 미확정, 묶음·세트 총액 · 개별 카드 가격 아님",estimated,no,no,"새턴2장, 쥬피터2장 , 워큐리1장, 마즈2장 각 2구매합니다"
f80c34d7faa9f137f828871f,onepiececardgame,원피스 카드게임,2026-07,2026-07-22T14:48:16+09:00,known,563d4caf0cb0c75eba47f75a,f80c34d7faa9f137f828871f,102461,https://m.dcinside.com/board/onepiececardgame/102461,오로성 페레 구매합니다,seller-b0ab06202cb6dc2dff3f2bc5,유동닉,guest,새턴 쥬피터 워큐리 마즈 각,새턴 쥬피터 워큐리 마즈 각,"새턴 , 쥬피터 , 워큐리 , 마즈 각",,,unknown,미분류,7,2,20000,estimated,bundle,text,unknown,,active,needs_review,needs_review,"가격 단위 추정, 수량 표기 감지, 복수 카드 가격, 배송비 포함 여부 미확정, 묶음·세트 총액 · 개별 카드 가격 아님",estimated,no,no,"새턴2장, 쥬피터2장 , 워큐리1장, 마즈2장 각 2구매합니다"
55ae6bfafc4797b2fffb2e6b,onepiececardgame,원피스 카드게임,2026-07,2026-07-22T16:01:04+09:00,known,1f5b5a38b688d6bf5b36c5d4,55ae6bfafc4797b2fffb2e6b,102475,https://m.dcinside.com/board/onepiececardgame/102475,카드 조금 팔고 삽니다,seller-1e4f800854a3d71da78fd431,머리뭉개진아이,guest,오로성 페레,오로성 페레,오로성 페레,,,unknown,미분류,1,5.3,53000,estimated,per_card,text,unknown,,active,needs_review,needs_review,"가격 단위 추정, 배송비 포함 여부 미확정",estimated,yes,no,오로성 페레 5.3
ecbdbef3864a03c8cc216f92,onepiececardgame,원피스 카드게임,2026-07,2026-07-22T16:01:04+09:00,known,3267069b57b34a0977c44b2b,ecbdbef3864a03c8cc216f92,102475,https://m.dcinside.com/board/onepiececardgame/102475,카드 조금 팔고 삽니다,seller-9be96e561daf9695be1edabc,머리뭉개진아이,guest,오로성 페레,오로성 페레,오로성 페레,,,unknown,미분류,1,5.3,53000,estimated,per_card,text,unknown,,active,needs_review,needs_review,"가격 단위 추정, 배송비 포함 여부 미확정",estimated,yes,no,오로성 페레 5.3
237779cb45a7accf26a21604,onepiececardgame,원피스 카드게임,2026-07,2026-07-22T23:12:27+09:00,known,7989f5b5982c57f3d54c69b2,237779cb45a7accf26a21604,102542,https://m.dcinside.com/board/onepiececardgame/102542,이무덱소스 삽니다,seller-cb344ffa5192c03069099bc0,카드까는호덕이,registered,var safe = window.dcAd && window.dcAd.safe ==,var safe = window.dcAd && window.dcAd.safe ==,var safe = (window.dcAd && window.dcAd.safe ==,,,unknown,미분류,1,,,missing,unknown,unknown,unknown,,active,excluded,needs_review,"가격 후보 재검토 필요, 가격 미기재, 스크립트·광고 문구로 추정되는 오염 행",missing,no,no,var safe = (window.dcAd && window.dcAd.safe == 1)
3db64d0f89f96a5909f1582a,onepiececardgame,원피스 카드게임,2026-07,2026-07-22T23:12:27+09:00,known,5f6446ec74c9fa9c44cbc5ec,3db64d0f89f96a5909f1582a,102542,https://m.dcinside.com/board/onepiececardgame/102542,이무덱소스 삽니다,seller-cb344ffa5192c03069099bc0,카드까는호덕이,registered,loadScript 'https pagead,loadScript 'https pagead,loadScript('https://pagead,,,unknown,미분류,1,,,missing,unknown,unknown,unknown,,active,excluded,needs_review,"가격 후보 재검토 필요, 가격 미기재, 스크립트·광고 문구로 추정되는 오염 행",missing,no,no,"loadScript('https://pagead2.googlesyndication.com/pagead/js/adsbygoogle_direct.js?client=ca-pub-8171468792791627', true, 'anonymous');"
417b587d27e0387d42086a93,onepiececardgame,원피스 카드게임,2026-07,2026-07-22T23:12:27+09:00,known,5f6446ec74c9fa9c44cbc5ec,417b587d27e0387d42086a93,102542,https://m.dcinside.com/board/onepiececardgame/102542,이무덱소스 삽니다,seller-cb344ffa5192c03069099bc0,카드까는호덕이,registered,var safe = window.dcAd && window.dcAd.safe ==,var safe = window.dcAd && window.dcAd.safe ==,var safe = (window.dcAd && window.dcAd.safe ==,,,unknown,미분류,1,,,missing,unknown,unknown,unknown,,active,excluded,needs_review,"가격 후보 재검토 필요, 가격 미기재, 스크립트·광고 문구로 추정되는 오염 행",missing,no,no,var safe = (window.dcAd && window.dcAd.safe == 1)
61d2bc527a239e5511872695,onepiececardgame,원피스 카드게임,2026-07,2026-07-22T23:12:27+09:00,known,7989f5b5982c57f3d54c69b2,61d2bc527a239e5511872695,102542,https://m.dcinside.com/board/onepiececardgame/102542,이무덱소스 삽니다,seller-cb344ffa5192c03069099bc0,카드까는호덕이,registered,DOM 삽입 헬퍼 현재 스크립트 위치 기준,DOM 삽입 헬퍼 현재 스크립트 위치 기준,// ---- DOM 삽입 헬퍼 (현재 스크립트 위치 기준,,,unknown,미분류,1,,,missing,unknown,unknown,unknown,,active,excluded,needs_review,"가격 후보 재검토 필요, 가격 미기재, 스크립트·광고 문구로 추정되는 오염 행",missing,no,no,// ---- DOM 삽입 헬퍼 (현재 스크립트 위치 기준1)
64341b866636da994515c946,onepiececardgame,원피스 카드게임,2026-07,2026-07-22T23:12:27+09:00,known,5f6446ec74c9fa9c44cbc5ec,64341b866636da994515c946,102542,https://m.dcinside.com/board/onepiececardgame/102542,이무덱소스 삽니다,seller-cb344ffa5192c03069099bc0,카드까는호덕이,registered,loadScript ' t,loadScript ' t,loadScript('//t,,,unknown,미분류,1,,,missing,unknown,unknown,unknown,,active,excluded,needs_review,"가격 후보 재검토 필요, 가격 미기재, 스크립트·광고 문구로 추정되는 오염 행",missing,no,no,"loadScript('//t1.kakaocdn.net/kas/static/ba.min.js', true);"
97636d9c872f09cb2ec9da96,onepiececardgame,원피스 카드게임,2026-07,2026-07-22T23:12:27+09:00,known,5f6446ec74c9fa9c44cbc5ec,97636d9c872f09cb2ec9da96,102542,https://m.dcinside.com/board/onepiececardgame/102542,이무덱소스 삽니다,seller-cb344ffa5192c03069099bc0,카드까는호덕이,registered,DOM 삽입 헬퍼 현재 스크립트 위치 기준,DOM 삽입 헬퍼 현재 스크립트 위치 기준,// ---- DOM 삽입 헬퍼 (현재 스크립트 위치 기준,,,unknown,미분류,1,,,missing,unknown,unknown,unknown,,active,excluded,needs_review,"가격 후보 재검토 필요, 가격 미기재, 스크립트·광고 문구로 추정되는 오염 행",missing,no,no,// ---- DOM 삽입 헬퍼 (현재 스크립트 위치 기준1)
9c5ee92c2118aec7cb69ee7a,onepiececardgame,원피스 카드게임,2026-07,2026-07-22T23:12:27+09:00,known,7989f5b5982c57f3d54c69b2,9c5ee92c2118aec7cb69ee7a,102542,https://m.dcinside.com/board/onepiececardgame/102542,이무덱소스 삽니다,seller-cb344ffa5192c03069099bc0,카드까는호덕이,registered,loadScript 'https pagead,loadScript 'https pagead,loadScript('https://pagead,,,unknown,미분류,1,,,missing,unknown,unknown,unknown,,active,excluded,needs_review,"가격 후보 재검토 필요, 가격 미기재, 스크립트·광고 문구로 추정되는 오염 행",missing,no,no,"loadScript('https://pagead2.googlesyndication.com/pagead/js/adsbygoogle_direct.js?client=ca-pub-8171468792791627', true, 'anonymous');"
c105bd06dddda97656ec9aae,onepiececardgame,원피스 카드게임,2026-07,2026-07-22T23:12:27+09:00,known,5f6446ec74c9fa9c44cbc5ec,c105bd06dddda97656ec9aae,102542,https://m.dcinside.com/board/onepiececardgame/102542,이무덱소스 삽니다,seller-cb344ffa5192c03069099bc0,카드까는호덕이,registered,,,,,,unknown,미분류,1,2.0,20000,estimated,bundle,text,unknown,,active,needs_review,needs_review,"가격 단위 추정, 일괄·세트 가격, 배송비 포함 여부 미확정, 카드명 확인 필요, 묶음·세트 총액 · 개별 카드 가격 아님",estimated,no,no,일괄 2.0 에 구해봅니다.
ca6eae6bdd43c9cef95532eb,onepiececardgame,원피스 카드게임,2026-07,2026-07-22T23:12:27+09:00,known,7989f5b5982c57f3d54c69b2,ca6eae6bdd43c9cef95532eb,102542,https://m.dcinside.com/board/onepiececardgame/102542,이무덱소스 삽니다,seller-cb344ffa5192c03069099bc0,카드까는호덕이,registered,,,,,,unknown,미분류,1,2.0,20000,estimated,bundle,text,unknown,,active,needs_review,needs_review,"가격 단위 추정, 일괄·세트 가격, 배송비 포함 여부 미확정, 카드명 확인 필요, 묶음·세트 총액 · 개별 카드 가격 아님",estimated,no,no,일괄 2.0 에 구해봅니다.
f24a64607aa3b1aeb744546d,onepiececardgame,원피스 카드게임,2026-07,2026-07-22T23:12:27+09:00,known,7989f5b5982c57f3d54c69b2,f24a64607aa3b1aeb744546d,102542,https://m.dcinside.com/board/onepiececardgame/102542,이무덱소스 삽니다,seller-cb344ffa5192c03069099bc0,카드까는호덕이,registered,loadScript ' t,loadScript ' t,loadScript('//t,,,unknown,미분류,1,,,missing,unknown,unknown,unknown,,active,excluded,needs_review,"가격 후보 재검토 필요, 가격 미기재, 스크립트·광고 문구로 추정되는 오염 행",missing,no,no,"loadScript('//t1.kakaocdn.net/kas/static/ba.min.js', true);"
1e29c693b69cb995163bdceb,onepiececardgame,원피스 카드게임,2026-07,2026-07-23T14:40:41+09:00,known,cdc4e659d4ae456424fe22f9,1e29c693b69cb995163bdceb,102609,https://m.dcinside.com/board/onepiececardgame/102609,청색 범용 구매합니당,seller-8ad10b55fa52911e796a44cf,원딱러,registered,,,,,,unknown,미분류,1,1.5,15000,estimated,bundle,text,unknown,,active,needs_review,needs_review,"가격 단위 추정, 일괄·세트 가격, 배송비 포함 여부 미확정, 카드명 확인 필요, 묶음·세트 총액 · 개별 카드 가격 아님",estimated,no,no,일괄 1.5에 구해봐요
4d81640d6ff74085b8ef5010,onepiececardgame,원피스 카드게임,2026-07,2026-07-23T14:40:41+09:00,known,a94d95a076a862ab0ddc676a,4d81640d6ff74085b8ef5010,102609,https://m.dcinside.com/board/onepiececardgame/102609,청색 범용 구매합니당,seller-8ad10b55fa52911e796a44cf,원딱러,registered,,,,,,unknown,미분류,1,1.5,15000,estimated,bundle,text,unknown,,active,needs_review,needs_review,"가격 단위 추정, 일괄·세트 가격, 배송비 포함 여부 미확정, 카드명 확인 필요, 묶음·세트 총액 · 개별 카드 가격 아님",estimated,no,no,일괄 1.5에 구해봐요
254f97d16b45d78ebbe47a6e,onepiececardgame,원피스 카드게임,2026-07,2026-07-23T18:11:30+09:00,known,a9438fc1dd4e381ec04c94d2,254f97d16b45d78ebbe47a6e,102658,https://m.dcinside.com/board/onepiececardgame/102658,이무소스 삽니다,seller-32906617c0862c367d0f28fa,ㅇㅇ,guest,마리조아,마리조아,마리조아,,,unknown,미분류,1,1,10000,estimated,per_card,text,unknown,,active,needs_review,needs_review,"가격 단위 추정, 배송비 포함 여부 미확정",estimated,yes,no,마리조아 1
2d7d64d4d86c4a430044bc84,onepiececardgame,원피스 카드게임,2026-07,2026-07-23T18:11:30+09:00,known,a9438fc1dd4e381ec04c94d2,2d7d64d4d86c4a430044bc84,102658,https://m.dcinside.com/board/onepiececardgame/102658,이무소스 삽니다,seller-32906617c0862c367d0f28fa,ㅇㅇ,guest,,,,,,unknown,미분류,1,2.0,20000,estimated,bundle,text,unknown,,active,needs_review,needs_review,"가격 단위 추정, 일괄·세트 가격, 배송비 포함 여부 미확정, 카드명 확인 필요, 묶음·세트 총액 · 개별 카드 가격 아님",estimated,no,no,일괄 2.0에 삽니다
3034edf249ab3cc6961f484f,onepiececardgame,원피스 카드게임,2026-07,2026-07-23T18:11:30+09:00,known,95cb232885b1e8971b6ec772,3034edf249ab3cc6961f484f,102658,https://m.dcinside.com/board/onepiececardgame/102658,이무소스 삽니다,seller-031ac49e9d294ba22ec9e64d,ㅇㅇ,guest,마리조아,마리조아,마리조아,,,unknown,미분류,1,1,10000,estimated,per_card,text,unknown,,active,needs_review,needs_review,"가격 단위 추정, 배송비 포함 여부 미확정",estimated,yes,no,마리조아 1
39c7822ca265fad279cc1262,onepiececardgame,원피스 카드게임,2026-07,2026-07-23T18:11:30+09:00,known,95cb232885b1e8971b6ec772,39c7822ca265fad279cc1262,102658,https://m.dcinside.com/board/onepiececardgame/102658,이무소스 삽니다,seller-031ac49e9d294ba22ec9e64d,ㅇㅇ,guest,영락없이,영락없이,영락없이,,,unknown,미분류,1,2,20000,estimated,per_card,text,unknown,,active,needs_review,needs_review,"가격 단위 추정, 배송비 포함 여부 미확정",estimated,yes,no,영락없이 2
7451448f89dedf9999771d78,onepiececardgame,원피스 카드게임,2026-07,2026-07-23T18:11:30+09:00,known,95cb232885b1e8971b6ec772,7451448f89dedf9999771d78,102658,https://m.dcinside.com/board/onepiececardgame/102658,이무소스 삽니다,seller-031ac49e9d294ba22ec9e64d,ㅇㅇ,guest,,,,,,unknown,미분류,1,2.0,20000,estimated,bundle,text,unknown,,active,needs_review,needs_review,"가격 단위 추정, 일괄·세트 가격, 배송비 포함 여부 미확정, 카드명 확인 필요, 묶음·세트 총액 · 개별 카드 가격 아님",estimated,no,no,일괄 2.0에 삽니다
7a4750af691a5e8332a5943c,onepiececardgame,원피스 카드게임,2026-07,2026-07-23T18:11:30+09:00,known,a9438fc1dd4e381ec04c94d2,7a4750af691a5e8332a5943c,102658,https://m.dcinside.com/board/onepiececardgame/102658,이무소스 삽니다,seller-32906617c0862c367d0f28fa,ㅇㅇ,guest,시라호시,시라호시,시라호시,,,unknown,미분류,1,4,40000,estimated,per_card,text,unknown,,active,needs_review,needs_review,"가격 단위 추정, 배송비 포함 여부 미확정",estimated,yes,no,시라호시 4
8db132b721e704f5c674a656,onepiececardgame,원피스 카드게임,2026-07,2026-07-23T18:11:30+09:00,known,a9438fc1dd4e381ec04c94d2,8db132b721e704f5c674a656,102658,https://m.dcinside.com/board/onepiececardgame/102658,이무소스 삽니다,seller-32906617c0862c367d0f28fa,ㅇㅇ,guest,영락없이,영락없이,영락없이,,,unknown,미분류,1,2,20000,estimated,per_card,text,unknown,,active,needs_review,needs_review,"가격 단위 추정, 배송비 포함 여부 미확정",estimated,yes,no,영락없이 2
95d8a98a0db2575ef0b2886a,onepiececardgame,원피스 카드게임,2026-07,2026-07-23T18:11:30+09:00,known,a9438fc1dd4e381ec04c94d2,95d8a98a0db2575ef0b2886a,102658,https://m.dcinside.com/board/onepiececardgame/102658,이무소스 삽니다,seller-32906617c0862c367d0f28fa,ㅇㅇ,guest,10로성,10로성,10로성,,,unknown,미분류,1,1,10000,estimated,per_card,text,unknown,,active,needs_review,needs_review,"가격 단위 추정, 배송비 포함 여부 미확정",estimated,yes,no,10로성 1
9bf9db961c550301506099a0,onepiececardgame,원피스 카드게임,2026-07,2026-07-23T18:11:30+09:00,known,95cb232885b1e8971b6ec772,9bf9db961c550301506099a0,102658,https://m.dcinside.com/board/onepiececardgame/102658,이무소스 삽니다,seller-031ac49e9d294ba22ec9e64d,ㅇㅇ,guest,시라호시,시라호시,시라호시,,,unknown,미분류,1,4,40000,estimated,per_card,text,unknown,,active,needs_review,needs_review,"가격 단위 추정, 배송비 포함 여부 미확정",estimated,yes,no,시라호시 4
f612615105ac61a6cee3f31c,onepiececardgame,원피스 카드게임,2026-07,2026-07-23T18:11:30+09:00,known,95cb232885b1e8971b6ec772,f612615105ac61a6cee3f31c,102658,https://m.dcinside.com/board/onepiececardgame/102658,이무소스 삽니다,seller-031ac49e9d294ba22ec9e64d,ㅇㅇ,guest,10로성,10로성,10로성,,,unknown,미분류,1,1,10000,estimated,per_card,text,unknown,,active,needs_review,needs_review,"가격 단위 추정, 배송비 포함 여부 미확정",estimated,yes,no,10로성 1
1548a3ff786f587c67ea9dd7,onepiececardgame,원피스 카드게임,2026-07,2026-07-23T18:24:13+09:00,known,fc9244c0c8942bd672192183,1548a3ff786f587c67ea9dd7,102661,https://m.dcinside.com/board/onepiececardgame/102661,미완 이무덱 및 조금 팝니다.,seller-3085b344653e343c515d26fc,아카조나에,guest,var safe = window.dcAd && window.dcAd.safe ==,var safe = window.dcAd && window.dcAd.safe ==,var safe = (window.dcAd && window.dcAd.safe ==,,,unknown,미분류,1,1,10000,estimated,bundle,text,unknown,,active,excluded,needs_review,"가격 단위 추정, 복수 카드 가격, 배송비 포함 여부 미확정, 묶음·세트 총액 · 개별 카드 가격 아님, 스크립트·광고 문구로 추정되는 오염 행",estimated,no,no,var safe = (window.dcAd && window.dcAd.safe == 1)
21c5d4d0c56484a0e80a24b0,onepiececardgame,원피스 카드게임,2026-07,2026-07-23T18:24:13+09:00,known,f71f59e8665e2db2cdc25d95,21c5d4d0c56484a0e80a24b0,102661,https://m.dcinside.com/board/onepiececardgame/102661,미완 이무덱 및 조금 팝니다.,seller-5388dd0e65d16fdcc7955a83,아카조나에,guest,DOM 삽입 헬퍼 현재 스크립트 위치 기준,DOM 삽입 헬퍼 현재 스크립트 위치 기준,// ---- DOM 삽입 헬퍼 (현재 스크립트 위치 기준,,,unknown,미분류,1,,,missing,unknown,unknown,unknown,,active,excluded,needs_review,"가격 후보 재검토 필요, 가격 미기재, 스크립트·광고 문구로 추정되는 오염 행",missing,no,no,// ---- DOM 삽입 헬퍼 (현재 스크립트 위치 기준1)
4beeda71aa1bf6e0248f767b,onepiececardgame,원피스 카드게임,2026-07,2026-07-23T18:24:13+09:00,known,f71f59e8665e2db2cdc25d95,4beeda71aa1bf6e0248f767b,102661,https://m.dcinside.com/board/onepiececardgame/102661,미완 이무덱 및 조금 팝니다.,seller-5388dd0e65d16fdcc7955a83,아카조나에,guest,loadScript ' t,loadScript ' t,loadScript('//t,,,unknown,미분류,1,,,missing,unknown,unknown,unknown,,active,excluded,needs_review,"가격 후보 재검토 필요, 가격 미기재, 스크립트·광고 문구로 추정되는 오염 행",missing,no,no,"loadScript('//t1.kakaocdn.net/kas/static/ba.min.js', true);"
7e262eee18ef58bdaac09766,onepiececardgame,원피스 카드게임,2026-07,2026-07-23T18:24:13+09:00,known,fc9244c0c8942bd672192183,7e262eee18ef58bdaac09766,102661,https://m.dcinside.com/board/onepiececardgame/102661,미완 이무덱 및 조금 팝니다.,seller-3085b344653e343c515d26fc,아카조나에,guest,DOM 삽입 헬퍼 현재 스크립트 위치 기준,DOM 삽입 헬퍼 현재 스크립트 위치 기준,// ---- DOM 삽입 헬퍼 (현재 스크립트 위치 기준,,,unknown,미분류,1,,,missing,unknown,unknown,unknown,,active,excluded,needs_review,"가격 후보 재검토 필요, 가격 미기재, 스크립트·광고 문구로 추정되는 오염 행",missing,no,no,// ---- DOM 삽입 헬퍼 (현재 스크립트 위치 기준1)
93917de2a2896053c06ad087,onepiececardgame,원피스 카드게임,2026-07,2026-07-23T18:24:13+09:00,known,fc9244c0c8942bd672192183,93917de2a2896053c06ad087,102661,https://m.dcinside.com/board/onepiececardgame/102661,미완 이무덱 및 조금 팝니다.,seller-3085b344653e343c515d26fc,아카조나에,guest,loadScript 'https pagead,loadScript 'https pagead,loadScript('https://pagead,,,unknown,미분류,1,,,missing,unknown,unknown,unknown,,active,excluded,needs_review,"가격 후보 재검토 필요, 가격 미기재, 스크립트·광고 문구로 추정되는 오염 행",missing,no,no,"loadScript('https://pagead2.googlesyndication.com/pagead/js/adsbygoogle_direct.js?client=ca-pub-8171468792791627', true, 'anonymous');"
bf278259138b8a245fee5363,onepiececardgame,원피스 카드게임,2026-07,2026-07-23T18:24:13+09:00,known,fc9244c0c8942bd672192183,bf278259138b8a245fee5363,102661,https://m.dcinside.com/board/onepiececardgame/102661,미완 이무덱 및 조금 팝니다.,seller-3085b344653e343c515d26fc,아카조나에,guest,loadScript ' t,loadScript ' t,loadScript('//t,,,unknown,미분류,1,,,missing,unknown,unknown,unknown,,active,excluded,needs_review,"가격 후보 재검토 필요, 가격 미기재, 스크립트·광고 문구로 추정되는 오염 행",missing,no,no,"loadScript('//t1.kakaocdn.net/kas/static/ba.min.js', true);"
d0aebc5f4df401b955129130,onepiececardgame,원피스 카드게임,2026-07,2026-07-23T18:24:13+09:00,known,f71f59e8665e2db2cdc25d95,d0aebc5f4df401b955129130,102661,https://m.dcinside.com/board/onepiececardgame/102661,미완 이무덱 및 조금 팝니다.,seller-5388dd0e65d16fdcc7955a83,아카조나에,guest,var safe = window.dcAd && window.dcAd.safe ==,var safe = window.dcAd && window.dcAd.safe ==,var safe = (window.dcAd && window.dcAd.safe ==,,,unknown,미분류,1,1,10000,estimated,bundle,text,unknown,,active,excluded,needs_review,"가격 단위 추정, 복수 카드 가격, 배송비 포함 여부 미확정, 묶음·세트 총액 · 개별 카드 가격 아님, 스크립트·광고 문구로 추정되는 오염 행",estimated,no,no,var safe = (window.dcAd && window.dcAd.safe == 1)
d85ca39d7c805d9d52b1b7b3,onepiececardgame,원피스 카드게임,2026-07,2026-07-23T18:24:13+09:00,known,f71f59e8665e2db2cdc25d95,d85ca39d7c805d9d52b1b7b3,102661,https://m.dcinside.com/board/onepiececardgame/102661,미완 이무덱 및 조금 팝니다.,seller-5388dd0e65d16fdcc7955a83,아카조나에,guest,loadScript 'https pagead,loadScript 'https pagead,loadScript('https://pagead,,,unknown,미분류,1,,,missing,unknown,unknown,unknown,,active,excluded,needs_review,"가격 후보 재검토 필요, 가격 미기재, 스크립트·광고 문구로 추정되는 오염 행",missing,no,no,"loadScript('https://pagead2.googlesyndication.com/pagead/js/adsbygoogle_direct.js?client=ca-pub-8171468792791627', true, 'anonymous');"
1852bb06c8af4b81ea0ec20a,onepiececardgame,원피스 카드게임,2026-07,2026-07-23T18:34:15+09:00,known,198d54d21c84b2e41544e6f9,1852bb06c8af4b81ea0ec20a,102663,https://m.dcinside.com/board/onepiececardgame/102663,[일판] 페로나 페레둥(포일둥) 11장 택포 6 구해요 ㅅㅅ,seller-bbf8a7e8b20be7eaa704ed0f,봄사자,registered,미호크 나올때 까지 대충 놀다가,미호크 나올때 까지 대충 놀다가,미호크 나올때 까지 대충 놀다가,,,unknown,미분류,1,14,140000,estimated,per_card,text,unknown,,active,needs_review,needs_review,"가격 단위 추정, 배송비 포함 여부 미확정",estimated,yes,no,미호크 나올때 까지 대충 놀다가 14부터 진지하게 해보려구
2569d2a35681e39f1855d9b9,onepiececardgame,원피스 카드게임,2026-07,2026-07-23T18:34:15+09:00,known,689d7c543d0b406945f9df6e,2569d2a35681e39f1855d9b9,102663,https://m.dcinside.com/board/onepiececardgame/102663,[일판] 페로나 페레둥(포일둥) 11장 택포 6 구해요 ㅅㅅ,seller-bbf8a7e8b20be7eaa704ed0f,봄사자,registered,미호크 나올때 까지 대충 놀다가,미호크 나올때 까지 대충 놀다가,미호크 나올때 까지 대충 놀다가,,,unknown,미분류,1,14,140000,estimated,per_card,text,unknown,,active,needs_review,needs_review,"가격 단위 추정, 배송비 포함 여부 미확정",estimated,yes,no,미호크 나올때 까지 대충 놀다가 14부터 진지하게 해보려구
2d7ab47e3df53c74ef0460f8,onepiececardgame,원피스 카드게임,2026-07,2026-07-23T18:34:15+09:00,known,198d54d21c84b2e41544e6f9,2d7ab47e3df53c74ef0460f8,102663,https://m.dcinside.com/board/onepiececardgame/102663,[일판] 페로나 페레둥(포일둥) 11장 택포 6 구해요 ㅅㅅ,seller-bbf8a7e8b20be7eaa704ed0f,봄사자,registered,loadScript ' t,loadScript ' t,loadScript('//t,,,unknown,미분류,1,,,missing,unknown,unknown,unknown,,active,excluded,needs_review,"가격 후보 재검토 필요, 가격 미기재, 스크립트·광고 문구로 추정되는 오염 행",missing,no,no,"loadScript('//t1.kakaocdn.net/kas/static/ba.min.js', true);"
33c0f7d2a25c37fc4beda813,onepiececardgame,원피스 카드게임,2026-07,2026-07-23T18:34:15+09:00,known,198d54d21c84b2e41544e6f9,33c0f7d2a25c37fc4beda813,102663,https://m.dcinside.com/board/onepiececardgame/102663,[일판] 페로나 페레둥(포일둥) 11장 택포 6 구해요 ㅅㅅ,seller-bbf8a7e8b20be7eaa704ed0f,봄사자,registered,DOM 삽입 헬퍼 현재 스크립트 위치 기준,DOM 삽입 헬퍼 현재 스크립트 위치 기준,// ---- DOM 삽입 헬퍼 (현재 스크립트 위치 기준,,,unknown,미분류,1,,,missing,unknown,unknown,unknown,,active,excluded,needs_review,"가격 후보 재검토 필요, 가격 미기재, 스크립트·광고 문구로 추정되는 오염 행",missing,no,no,// ---- DOM 삽입 헬퍼 (현재 스크립트 위치 기준1)
398ebe52ca43e69f8871ef1b,onepiececardgame,원피스 카드게임,2026-07,2026-07-23T18:34:15+09:00,known,689d7c543d0b406945f9df6e,398ebe52ca43e69f8871ef1b,102663,https://m.dcinside.com/board/onepiececardgame/102663,[일판] 페로나 페레둥(포일둥) 11장 택포 6 구해요 ㅅㅅ,seller-bbf8a7e8b20be7eaa704ed0f,봄사자,registered,var safe = window.dcAd && window.dcAd.safe ==,var safe = window.dcAd && window.dcAd.safe ==,var safe = (window.dcAd && window.dcAd.safe ==,,,unknown,미분류,1,1,10000,estimated,bundle,text,unknown,,active,excluded,needs_review,"가격 단위 추정, 복수 카드 가격, 배송비 포함 여부 미확정, 묶음·세트 총액 · 개별 카드 가격 아님, 스크립트·광고 문구로 추정되는 오염 행",estimated,no,no,var safe = (window.dcAd && window.dcAd.safe == 1)
4d55a5ac98e249346d37b05b,onepiececardgame,원피스 카드게임,2026-07,2026-07-23T18:34:15+09:00,known,198d54d21c84b2e41544e6f9,4d55a5ac98e249346d37b05b,102663,https://m.dcinside.com/board/onepiececardgame/102663,[일판] 페로나 페레둥(포일둥) 11장 택포 6 구해요 ㅅㅅ,seller-bbf8a7e8b20be7eaa704ed0f,봄사자,registered,var safe = window.dcAd && window.dcAd.safe ==,var safe = window.dcAd && window.dcAd.safe ==,var safe = (window.dcAd && window.dcAd.safe ==,,,unknown,미분류,1,1,10000,estimated,bundle,text,unknown,,active,excluded,needs_review,"가격 단위 추정, 복수 카드 가격, 배송비 포함 여부 미확정, 묶음·세트 총액 · 개별 카드 가격 아님, 스크립트·광고 문구로 추정되는 오염 행",estimated,no,no,var safe = (window.dcAd && window.dcAd.safe == 1)
5979284c9a9717e34e15fa35,onepiececardgame,원피스 카드게임,2026-07,2026-07-23T18:34:15+09:00,known,689d7c543d0b406945f9df6e,5979284c9a9717e34e15fa35,102663,https://m.dcinside.com/board/onepiececardgame/102663,[일판] 페로나 페레둥(포일둥) 11장 택포 6 구해요 ㅅㅅ,seller-bbf8a7e8b20be7eaa704ed0f,봄사자,registered,DOM 삽입 헬퍼 현재 스크립트 위치 기준,DOM 삽입 헬퍼 현재 스크립트 위치 기준,// ---- DOM 삽입 헬퍼 (현재 스크립트 위치 기준,,,unknown,미분류,1,,,missing,unknown,unknown,unknown,,active,excluded,needs_review,"가격 후보 재검토 필요, 가격 미기재, 스크립트·광고 문구로 추정되는 오염 행",missing,no,no,// ---- DOM 삽입 헬퍼 (현재 스크립트 위치 기준1)
5e41ee095891ffdf04d49b3d,onepiececardgame,원피스 카드게임,2026-07,2026-07-23T18:34:15+09:00,known,689d7c543d0b406945f9df6e,5e41ee095891ffdf04d49b3d,102663,https://m.dcinside.com/board/onepiececardgame/102663,[일판] 페로나 페레둥(포일둥) 11장 택포 6 구해요 ㅅㅅ,seller-bbf8a7e8b20be7eaa704ed0f,봄사자,registered,loadScript 'https pagead,loadScript 'https pagead,loadScript('https://pagead,,,unknown,미분류,1,,,missing,unknown,unknown,unknown,,active,excluded,needs_review,"가격 후보 재검토 필요, 가격 미기재, 스크립트·광고 문구로 추정되는 오염 행",missing,no,no,"loadScript('https://pagead2.googlesyndication.com/pagead/js/adsbygoogle_direct.js?client=ca-pub-8171468792791627', true, 'anonymous');"
ab0f5e135a68ceaeac8a0dd7,onepiececardgame,원피스 카드게임,2026-07,2026-07-23T18:34:15+09:00,known,689d7c543d0b406945f9df6e,ab0f5e135a68ceaeac8a0dd7,102663,https://m.dcinside.com/board/onepiececardgame/102663,[일판] 페로나 페레둥(포일둥) 11장 택포 6 구해요 ㅅㅅ,seller-bbf8a7e8b20be7eaa704ed0f,봄사자,registered,loadScript ' t,loadScript ' t,loadScript('//t,,,unknown,미분류,1,,,missing,unknown,unknown,unknown,,active,excluded,needs_review,"가격 후보 재검토 필요, 가격 미기재, 스크립트·광고 문구로 추정되는 오염 행",missing,no,no,"loadScript('//t1.kakaocdn.net/kas/static/ba.min.js', true);"
eb6dbb6e767c30419551252b,onepiececardgame,원피스 카드게임,2026-07,2026-07-23T18:34:15+09:00,known,198d54d21c84b2e41544e6f9,eb6dbb6e767c30419551252b,102663,https://m.dcinside.com/board/onepiececardgame/102663,[일판] 페로나 페레둥(포일둥) 11장 택포 6 구해요 ㅅㅅ,seller-bbf8a7e8b20be7eaa704ed0f,봄사자,registered,loadScript 'https pagead,loadScript 'https pagead,loadScript('https://pagead,,,unknown,미분류,1,,,missing,unknown,unknown,unknown,,active,excluded,needs_review,"가격 후보 재검토 필요, 가격 미기재, 스크립트·광고 문구로 추정되는 오염 행",missing,no,no,"loadScript('https://pagead2.googlesyndication.com/pagead/js/adsbygoogle_direct.js?client=ca-pub-8171468792791627', true, 'anonymous');"
09218d83f67e28a3e070b94f,onepiececardgame,원피스 카드게임,2026-07,2026-07-23T23:36:34+09:00,known,942b085537753db245288ac2,09218d83f67e28a3e070b94f,102743,https://m.dcinside.com/board/onepiececardgame/102743,"봉천 직 뉴게이트, 야마토, 오로성 일괄 구매 희망합니다.",seller-2906aa2bc5bb1f48765226cd,김하비,guest,loadScript ' t,loadScript ' t,loadScript('//t,,,unknown,미분류,1,,,missing,unknown,unknown,unknown,,active,excluded,needs_review,"가격 후보 재검토 필요, 가격 미기재, 스크립트·광고 문구로 추정되는 오염 행",missing,no,no,"loadScript('//t1.kakaocdn.net/kas/static/ba.min.js', true);"
40bd913e4a5df45caf797d7d,onepiececardgame,원피스 카드게임,2026-07,2026-07-23T23:36:34+09:00,known,80d467f2cfd9dea7bc63ce3d,40bd913e4a5df45caf797d7d,102743,https://m.dcinside.com/board/onepiececardgame/102743,"봉천 직 뉴게이트, 야마토, 오로성 일괄 구매 희망합니다.",seller-d041d8b41da65ca12130e263,김하비,guest,loadScript 'https pagead,loadScript 'https pagead,loadScript('https://pagead,,,unknown,미분류,1,,,missing,unknown,unknown,unknown,,active,excluded,needs_review,"가격 후보 재검토 필요, 가격 미기재, 스크립트·광고 문구로 추정되는 오염 행",missing,no,no,"loadScript('https://pagead2.googlesyndication.com/pagead/js/adsbygoogle_direct.js?client=ca-pub-8171468792791627', true, 'anonymous');"
50c12e166df2a65944a2fa23,onepiececardgame,원피스 카드게임,2026-07,2026-07-23T23:36:34+09:00,known,942b085537753db245288ac2,50c12e166df2a65944a2fa23,102743,https://m.dcinside.com/board/onepiececardgame/102743,"봉천 직 뉴게이트, 야마토, 오로성 일괄 구매 희망합니다.",seller-2906aa2bc5bb1f48765226cd,김하비,guest,OP13-042 에드워드 뉴게이트 장,OP13-042 에드워드 뉴게이트 장,OP13-042 에드워드 뉴게이트 0.9/장,,,unknown,미분류,2,,,missing,unknown,unknown,unknown,,active,needs_review,needs_review,수량 표기 감지 · 가격 미기재,missing,no,no,OP13-042 에드워드 뉴게이트 2장 0.9/장
789698e510943a2fd7222510,onepiececardgame,원피스 카드게임,2026-07,2026-07-23T23:36:34+09:00,known,942b085537753db245288ac2,789698e510943a2fd7222510,102743,https://m.dcinside.com/board/onepiececardgame/102743,"봉천 직 뉴게이트, 야마토, 오로성 일괄 구매 희망합니다.",seller-2906aa2bc5bb1f48765226cd,김하비,guest,loadScript 'https pagead,loadScript 'https pagead,loadScript('https://pagead,,,unknown,미분류,1,,,missing,unknown,unknown,unknown,,active,excluded,needs_review,"가격 후보 재검토 필요, 가격 미기재, 스크립트·광고 문구로 추정되는 오염 행",missing,no,no,"loadScript('https://pagead2.googlesyndication.com/pagead/js/adsbygoogle_direct.js?client=ca-pub-8171468792791627', true, 'anonymous');"
9670c5d874df920c4004fedc,onepiececardgame,원피스 카드게임,2026-07,2026-07-23T23:36:34+09:00,known,80d467f2cfd9dea7bc63ce3d,9670c5d874df920c4004fedc,102743,https://m.dcinside.com/board/onepiececardgame/102743,"봉천 직 뉴게이트, 야마토, 오로성 일괄 구매 희망합니다.",seller-d041d8b41da65ca12130e263,김하비,guest,loadScript ' t,loadScript ' t,loadScript('//t,,,unknown,미분류,1,,,missing,unknown,unknown,unknown,,active,excluded,needs_review,"가격 후보 재검토 필요, 가격 미기재, 스크립트·광고 문구로 추정되는 오염 행",missing,no,no,"loadScript('//t1.kakaocdn.net/kas/static/ba.min.js', true);"
9cbd7e28b4b9148e62220ca0,onepiececardgame,원피스 카드게임,2026-07,2026-07-23T23:36:34+09:00,known,942b085537753db245288ac2,9cbd7e28b4b9148e62220ca0,102743,https://m.dcinside.com/board/onepiececardgame/102743,"봉천 직 뉴게이트, 야마토, 오로성 일괄 구매 희망합니다.",seller-2906aa2bc5bb1f48765226cd,김하비,guest,DOM 삽입 헬퍼 현재 스크립트 위치 기준,DOM 삽입 헬퍼 현재 스크립트 위치 기준,// ---- DOM 삽입 헬퍼 (현재 스크립트 위치 기준,,,unknown,미분류,1,,,missing,unknown,unknown,unknown,,active,excluded,needs_review,"가격 후보 재검토 필요, 가격 미기재, 스크립트·광고 문구로 추정되는 오염 행",missing,no,no,// ---- DOM 삽입 헬퍼 (현재 스크립트 위치 기준1)
ad99c3944db3e938473abe8a,onepiececardgame,원피스 카드게임,2026-07,2026-07-23T23:36:34+09:00,known,80d467f2cfd9dea7bc63ce3d,ad99c3944db3e938473abe8a,102743,https://m.dcinside.com/board/onepiececardgame/102743,"봉천 직 뉴게이트, 야마토, 오로성 일괄 구매 희망합니다.",seller-d041d8b41da65ca12130e263,김하비,guest,OP13-042 에드워드 뉴게이트 장,OP13-042 에드워드 뉴게이트 장,OP13-042 에드워드 뉴게이트 0.9/장,,,unknown,미분류,2,,,missing,unknown,unknown,unknown,,active,needs_review,needs_review,수량 표기 감지 · 가격 미기재,missing,no,no,OP13-042 에드워드 뉴게이트 2장 0.9/장
cb67184e14407531008902ca,onepiececardgame,원피스 카드게임,2026-07,2026-07-23T23:36:34+09:00,known,80d467f2cfd9dea7bc63ce3d,cb67184e14407531008902ca,102743,https://m.dcinside.com/board/onepiececardgame/102743,"봉천 직 뉴게이트, 야마토, 오로성 일괄 구매 희망합니다.",seller-d041d8b41da65ca12130e263,김하비,guest,DOM 삽입 헬퍼 현재 스크립트 위치 기준,DOM 삽입 헬퍼 현재 스크립트 위치 기준,// ---- DOM 삽입 헬퍼 (현재 스크립트 위치 기준,,,unknown,미분류,1,,,missing,unknown,unknown,unknown,,active,excluded,needs_review,"가격 후보 재검토 필요, 가격 미기재, 스크립트·광고 문구로 추정되는 오염 행",missing,no,no,// ---- DOM 삽입 헬퍼 (현재 스크립트 위치 기준1)
dc44d0d3e37fadc07634e0e0,onepiececardgame,원피스 카드게임,2026-07,2026-07-23T23:36:34+09:00,known,80d467f2cfd9dea7bc63ce3d,dc44d0d3e37fadc07634e0e0,102743,https://m.dcinside.com/board/onepiececardgame/102743,"봉천 직 뉴게이트, 야마토, 오로성 일괄 구매 희망합니다.",seller-d041d8b41da65ca12130e263,김하비,guest,var safe = window.dcAd && window.dcAd.safe ==,var safe = window.dcAd && window.dcAd.safe ==,var safe = (window.dcAd && window.dcAd.safe ==,,,unknown,미분류,1,,,missing,unknown,unknown,unknown,,active,excluded,needs_review,"가격 후보 재검토 필요, 가격 미기재, 스크립트·광고 문구로 추정되는 오염 행",missing,no,no,var safe = (window.dcAd && window.dcAd.safe == 1)
ee255f479c058d501f1832f1,onepiececardgame,원피스 카드게임,2026-07,2026-07-23T23:36:34+09:00,known,942b085537753db245288ac2,ee255f479c058d501f1832f1,102743,https://m.dcinside.com/board/onepiececardgame/102743,"봉천 직 뉴게이트, 야마토, 오로성 일괄 구매 희망합니다.",seller-2906aa2bc5bb1f48765226cd,김하비,guest,var safe = window.dcAd && window.dcAd.safe ==,var safe = window.dcAd && window.dcAd.safe ==,var safe = (window.dcAd && window.dcAd.safe ==,,,unknown,미분류,1,,,missing,unknown,unknown,unknown,,active,excluded,needs_review,"가격 후보 재검토 필요, 가격 미기재, 스크립트·광고 문구로 추정되는 오염 행",missing,no,no,var safe = (window.dcAd && window.dcAd.safe == 1)
04c6c58a04d625933837ed6a,onepiececardgame,원피스 카드게임,2026-07,2026-07-24T08:35:10+09:00,known,00e7de4151ef8c42a41bc5ad,04c6c58a04d625933837ed6a,102782,https://m.dcinside.com/board/onepiececardgame/102782,잡카팔고 캐번디시 사봐용,seller-45facdfc71f21b8fb7bb7075,ㅇㅇ,guest,엑부 녹 캐번디시,엑부 녹 캐번디시,엑부 녹 캐번디시,,,unknown,미분류,1,0.5,5000,estimated,per_card,text,unknown,,active,needs_review,needs_review,"가격 단위 추정, 수량 표기 감지, 배송비 포함 여부 미확정",estimated,yes,no,엑부1 녹 캐번디시 0.5
0cdca67eb12b3c1b5622be0c,onepiececardgame,원피스 카드게임,2026-07,2026-07-24T08:35:10+09:00,known,00e7de4151ef8c42a41bc5ad,0cdca67eb12b3c1b5622be0c,102782,https://m.dcinside.com/board/onepiececardgame/102782,잡카팔고 캐번디시 사봐용,seller-45facdfc71f21b8fb7bb7075,ㅇㅇ,guest,사보리페,사보리페,사보리페,,,unknown,미분류,1,2.5,25000,estimated,per_card,text,unknown,,active,needs_review,needs_review,"가격 단위 추정, 배송비 포함 여부 미확정",estimated,yes,no,사보리페 2.5
27144e15851b4932d7d0c5d9,onepiececardgame,원피스 카드게임,2026-07,2026-07-24T08:35:10+09:00,known,00e7de4151ef8c42a41bc5ad,27144e15851b4932d7d0c5d9,102782,https://m.dcinside.com/board/onepiececardgame/102782,잡카팔고 캐번디시 사봐용,seller-45facdfc71f21b8fb7bb7075,ㅇㅇ,guest,릴리스 프로모,릴리스 프로모,릴리스 프로모 장당,,,unknown,미분류,4,0.5,5000,estimated,per_card,text,unknown,,active,needs_review,needs_review,"가격 단위 추정, 수량 표기 감지, 배송비 포함 여부 미확정",estimated,yes,no,릴리스 프로모 4장 장당 0.5
2f41b500b89fecc246d9a0d1,onepiececardgame,원피스 카드게임,2026-07,2026-07-24T08:35:10+09:00,known,00e7de4151ef8c42a41bc5ad,2f41b500b89fecc246d9a0d1,102782,https://m.dcinside.com/board/onepiececardgame/102782,잡카팔고 캐번디시 사봐용,seller-45facdfc71f21b8fb7bb7075,ㅇㅇ,guest,보니 페레,보니 페레,보니 페레,,,unknown,미분류,1,1,10000,estimated,per_card,text,unknown,,active,needs_review,needs_review,"가격 단위 추정, 배송비 포함 여부 미확정",estimated,yes,no,보니 페레 1
35c795d0035b2f7db5216b19,onepiececardgame,원피스 카드게임,2026-07,2026-07-24T08:35:10+09:00,known,8272b9181480f96a457992d3,35c795d0035b2f7db5216b19,102782,https://m.dcinside.com/board/onepiececardgame/102782,잡카팔고 캐번디시 사봐용,seller-620f01a6e6edb4bb25c21638,ㅇㅇ,guest,사카즈키 리페,사카즈키 리페,사카즈키 리페,,,unknown,미분류,1,2.5,25000,estimated,per_card,text,unknown,,active,needs_review,needs_review,"가격 단위 추정, 배송비 포함 여부 미확정",estimated,yes,no,사카즈키 리페 2.5
3e2864254dc0f3b5ce67e7ca,onepiececardgame,원피스 카드게임,2026-07,2026-07-24T08:35:10+09:00,known,8272b9181480f96a457992d3,3e2864254dc0f3b5ce67e7ca,102782,https://m.dcinside.com/board/onepiececardgame/102782,잡카팔고 캐번디시 사봐용,seller-620f01a6e6edb4bb25c21638,ㅇㅇ,guest,베이비,베이비,베이비,,,unknown,미분류,5,0.5,5000,estimated,per_quantity,text,unknown,,active,needs_review,needs_review,"가격 단위 추정, 수량 표기 감지, 배송비 포함 여부 미확정, 복수 수량 총액 · 카드 1장 가격 아님",estimated,no,no,베이비5 0.5
459a305d0d083d132ca95bbb,onepiececardgame,원피스 카드게임,2026-07,2026-07-24T08:35:10+09:00,known,00e7de4151ef8c42a41bc5ad,459a305d0d083d132ca95bbb,102782,https://m.dcinside.com/board/onepiececardgame/102782,잡카팔고 캐번디시 사봐용,seller-45facdfc71f21b8fb7bb7075,ㅇㅇ,guest,베티 페레,베티 페레,베티 페레,,,unknown,미분류,1,0.8,8000,estimated,per_card,text,unknown,,active,needs_review,needs_review,"가격 단위 추정, 배송비 포함 여부 미확정",estimated,yes,no,베티 페레 0.8
47f4dc1bfb1026370e3e6c67,onepiececardgame,원피스 카드게임,2026-07,2026-07-24T08:35:10+09:00,known,8272b9181480f96a457992d3,47f4dc1bfb1026370e3e6c67,102782,https://m.dcinside.com/board/onepiececardgame/102782,잡카팔고 캐번디시 사봐용,seller-620f01a6e6edb4bb25c21638,ㅇㅇ,guest,보니 페레,보니 페레,보니 페레,,,unknown,미분류,1,1,10000,estimated,per_card,text,unknown,,active,needs_review,needs_review,"가격 단위 추정, 배송비 포함 여부 미확정",estimated,yes,no,보니 페레 1
49c0d3629f8a7f1f1db987cd,onepiececardgame,원피스 카드게임,2026-07,2026-07-24T08:35:10+09:00,known,00e7de4151ef8c42a41bc5ad,49c0d3629f8a7f1f1db987cd,102782,https://m.dcinside.com/board/onepiececardgame/102782,잡카팔고 캐번디시 사봐용,seller-45facdfc71f21b8fb7bb7075,ㅇㅇ,guest,타시기,타시기,타시기 장당,,,unknown,미분류,4,1.2,12000,estimated,per_card,text,unknown,,active,needs_review,needs_review,"가격 단위 추정, 수량 표기 감지, 배송비 포함 여부 미확정",estimated,yes,no,타시기 4장 장당 1.2
8242e246708ed78a3d6d820d,onepiececardgame,원피스 카드게임,2026-07,2026-07-24T08:35:10+09:00,known,00e7de4151ef8c42a41bc5ad,8242e246708ed78a3d6d820d,102782,https://m.dcinside.com/board/onepiececardgame/102782,잡카팔고 캐번디시 사봐용,seller-45facdfc71f21b8fb7bb7075,ㅇㅇ,guest,로 프로모,로 프로모,로 프로모,,,unknown,미분류,1,1,10000,estimated,per_card,text,unknown,,active,needs_review,needs_review,"가격 단위 추정, 배송비 포함 여부 미확정",estimated,yes,no,로 프로모 1
82c92cd43938d8f898139d4c,onepiececardgame,원피스 카드게임,2026-07,2026-07-24T08:35:10+09:00,known,8272b9181480f96a457992d3,82c92cd43938d8f898139d4c,102782,https://m.dcinside.com/board/onepiececardgame/102782,잡카팔고 캐번디시 사봐용,seller-620f01a6e6edb4bb25c21638,ㅇㅇ,guest,로 프로모,로 프로모,로 프로모,,,unknown,미분류,1,1,10000,estimated,per_card,text,unknown,,active,needs_review,needs_review,"가격 단위 추정, 배송비 포함 여부 미확정",estimated,yes,no,로 프로모 1
8f277669c21f0544d363d5e7,onepiececardgame,원피스 카드게임,2026-07,2026-07-24T08:35:10+09:00,known,00e7de4151ef8c42a41bc5ad,8f277669c21f0544d363d5e7,102782,https://m.dcinside.com/board/onepiececardgame/102782,잡카팔고 캐번디시 사봐용,seller-45facdfc71f21b8fb7bb7075,ㅇㅇ,guest,베이비,베이비,베이비,,,unknown,미분류,5,0.5,5000,estimated,per_quantity,text,unknown,,active,needs_review,needs_review,"가격 단위 추정, 수량 표기 감지, 배송비 포함 여부 미확정, 복수 수량 총액 · 카드 1장 가격 아님",estimated,no,no,베이비5 0.5
a2727aafbc8202017256e550,onepiececardgame,원피스 카드게임,2026-07,2026-07-24T08:35:10+09:00,known,8272b9181480f96a457992d3,a2727aafbc8202017256e550,102782,https://m.dcinside.com/board/onepiececardgame/102782,잡카팔고 캐번디시 사봐용,seller-620f01a6e6edb4bb25c21638,ㅇㅇ,guest,타시기,타시기,타시기 장당,,,unknown,미분류,4,1.2,12000,estimated,per_card,text,unknown,,active,needs_review,needs_review,"가격 단위 추정, 수량 표기 감지, 배송비 포함 여부 미확정",estimated,yes,no,타시기 4장 장당 1.2
a7f146dfd9292d9ed09af719,onepiececardgame,원피스 카드게임,2026-07,2026-07-24T08:35:10+09:00,known,00e7de4151ef8c42a41bc5ad,a7f146dfd9292d9ed09af719,102782,https://m.dcinside.com/board/onepiececardgame/102782,잡카팔고 캐번디시 사봐용,seller-45facdfc71f21b8fb7bb7075,ㅇㅇ,guest,사카즈키 리페,사카즈키 리페,사카즈키 리페,,,unknown,미분류,1,2.5,25000,estimated,per_card,text,unknown,,active,needs_review,needs_review,"가격 단위 추정, 배송비 포함 여부 미확정",estimated,yes,no,사카즈키 리페 2.5
aab6e8d08079067273752e52,onepiececardgame,원피스 카드게임,2026-07,2026-07-24T08:35:10+09:00,known,8272b9181480f96a457992d3,aab6e8d08079067273752e52,102782,https://m.dcinside.com/board/onepiececardgame/102782,잡카팔고 캐번디시 사봐용,seller-620f01a6e6edb4bb25c21638,ㅇㅇ,guest,릴리스 프로모,릴리스 프로모,릴리스 프로모 장당,,,unknown,미분류,4,0.5,5000,estimated,per_card,text,unknown,,active,needs_review,needs_review,"가격 단위 추정, 수량 표기 감지, 배송비 포함 여부 미확정",estimated,yes,no,릴리스 프로모 4장 장당 0.5
acd41f422a9f25370fd554d9,onepiececardgame,원피스 카드게임,2026-07,2026-07-24T08:35:10+09:00,known,8272b9181480f96a457992d3,acd41f422a9f25370fd554d9,102782,https://m.dcinside.com/board/onepiececardgame/102782,잡카팔고 캐번디시 사봐용,seller-620f01a6e6edb4bb25c21638,ㅇㅇ,guest,베티 페레,베티 페레,베티 페레,,,unknown,미분류,1,0.8,8000,estimated,per_card,text,unknown,,active,needs_review,needs_review,"가격 단위 추정, 배송비 포함 여부 미확정",estimated,yes,no,베티 페레 0.8
d706d2b78895407c62c0bae0,onepiececardgame,원피스 카드게임,2026-07,2026-07-24T08:35:10+09:00,known,8272b9181480f96a457992d3,d706d2b78895407c62c0bae0,102782,https://m.dcinside.com/board/onepiececardgame/102782,잡카팔고 캐번디시 사봐용,seller-620f01a6e6edb4bb25c21638,ㅇㅇ,guest,사보리페,사보리페,사보리페,,,unknown,미분류,1,2.5,25000,estimated,per_card,text,unknown,,active,needs_review,needs_review,"가격 단위 추정, 배송비 포함 여부 미확정",estimated,yes,no,사보리페 2.5
ea3ce0b56a8090d08e643726,onepiececardgame,원피스 카드게임,2026-07,2026-07-24T08:35:10+09:00,known,8272b9181480f96a457992d3,ea3ce0b56a8090d08e643726,102782,https://m.dcinside.com/board/onepiececardgame/102782,잡카팔고 캐번디시 사봐용,seller-620f01a6e6edb4bb25c21638,ㅇㅇ,guest,엑부 녹 캐번디시,엑부 녹 캐번디시,엑부 녹 캐번디시,,,unknown,미분류,1,0.5,5000,estimated,per_card,text,unknown,,active,needs_review,needs_review,"가격 단위 추정, 수량 표기 감지, 배송비 포함 여부 미확정",estimated,yes,no,엑부1 녹 캐번디시 0.5
5765f5f09695c825de6eb658,onepiececardgame,원피스 카드게임,2026-07,2026-07-24T14:56:58+09:00,known,5aab9b02a30dd733f4fb4603,5765f5f09695c825de6eb658,102984,https://m.dcinside.com/board/onepiececardgame/102984,엑부3 링링 페레 2장삽니다,seller-417ed952b1bdd2887921e981,규카츠폭격기,registered,일,일,일택포,,,unknown,미분류,2,2.5,25000,estimated,bundle,text,included,2000,active,needs_review,needs_review,"가격 단위 추정, 수량 표기 감지, 일괄·세트 가격, 묶음·세트 총액 · 개별 카드 가격 아님",estimated,no,no,2장 일괄 일택포 2.5에 구매합니다!
b72357d321b5f915adef74fa,onepiececardgame,원피스 카드게임,2026-07,2026-07-24T14:56:58+09:00,known,949e9b3d8c53c6b7b0fe538a,b72357d321b5f915adef74fa,102984,https://m.dcinside.com/board/onepiececardgame/102984,엑부3 링링 페레 2장삽니다,seller-417ed952b1bdd2887921e981,규카츠폭격기,registered,일,일,일택포,,,unknown,미분류,2,2.5,25000,estimated,bundle,text,included,2000,active,needs_review,needs_review,"가격 단위 추정, 수량 표기 감지, 일괄·세트 가격, 묶음·세트 총액 · 개별 카드 가격 아님",estimated,no,no,2장 일괄 일택포 2.5에 구매합니다!
26c6a27ed2036d06ab92673f,onepiececardgame,원피스 카드게임,2026-07,2026-07-24T15:11:17+09:00,known,9f05ee7a33294725fa298d45,26c6a27ed2036d06ab92673f,103001,https://m.dcinside.com/board/onepiececardgame/103001,우타sp 판매 구매시 우타 시크패레 증정 외 패레 팜,seller-e66ee98d1fd46dfae13e941c,이지메시,registered,타시기 우타 캐럿,타시기 우타 캐럿,타시기 0.5 우타 2 캐럿,,,unknown,미분류,1,0.5,5000,estimated,per_card,text,unknown,,active,needs_review,needs_review,"가격 단위 추정, 배송비 포함 여부 미확정",estimated,yes,no,타시기 0.5 우타 2 캐럿 0.5
3c5f6f9aa5f5fee9609462cb,onepiececardgame,원피스 카드게임,2026-07,2026-07-24T15:11:17+09:00,known,bbd7a10a1f18e65d69b2a65c,3c5f6f9aa5f5fee9609462cb,103001,https://m.dcinside.com/board/onepiececardgame/103001,우타sp 판매 구매시 우타 시크패레 증정 외 패레 팜,seller-e66ee98d1fd46dfae13e941c,이지메시,registered,비비 리페 히로인즈 동,비비 리페 히로인즈 동,비비 리페 1.0 히로인즈 동,,,unknown,미분류,10,3,30000,estimated,per_quantity,text,unknown,,active,needs_review,needs_review,"가격 단위 추정, 수량 표기 감지, 배송비 포함 여부 미확정, 복수 수량 총액 · 카드 1장 가격 아님",estimated,no,no,비비 리페 1.0 히로인즈 동 10장 3
563e02c3d43684c154f343ff,onepiececardgame,원피스 카드게임,2026-07,2026-07-24T15:11:17+09:00,known,bbd7a10a1f18e65d69b2a65c,563e02c3d43684c154f343ff,103001,https://m.dcinside.com/board/onepiececardgame/103001,우타sp 판매 구매시 우타 시크패레 증정 외 패레 팜,seller-e66ee98d1fd46dfae13e941c,이지메시,registered,타시기 우타 캐럿,타시기 우타 캐럿,타시기 0.5 우타 2 캐럿,,,unknown,미분류,1,0.5,5000,estimated,per_card,text,unknown,,active,needs_review,needs_review,"가격 단위 추정, 배송비 포함 여부 미확정",estimated,yes,no,타시기 0.5 우타 2 캐럿 0.5
62da18ffab3d4c750d10b59f,onepiececardgame,원피스 카드게임,2026-07,2026-07-24T15:11:17+09:00,known,9f05ee7a33294725fa298d45,62da18ffab3d4c750d10b59f,103001,https://m.dcinside.com/board/onepiececardgame/103001,우타sp 판매 구매시 우타 시크패레 증정 외 패레 팜,seller-e66ee98d1fd46dfae13e941c,이지메시,registered,우타 sp,우타 sp,우타 sp,,,unknown,미분류,1,30,300000,estimated,per_card,text,unknown,,active,needs_review,needs_review,"가격 단위 추정, 배송비 포함 여부 미확정",estimated,yes,no,우타 sp 30
89236b5a0966ce877ebcd6e9,onepiececardgame,원피스 카드게임,2026-07,2026-07-24T15:11:17+09:00,known,bbd7a10a1f18e65d69b2a65c,89236b5a0966ce877ebcd6e9,103001,https://m.dcinside.com/board/onepiececardgame/103001,우타sp 판매 구매시 우타 시크패레 증정 외 패레 팜,seller-e66ee98d1fd46dfae13e941c,이지메시,registered,페로나 로,페로나 로,페로나 1.5 로,,시크,unknown,미분류,1,1.0,10000,estimated,per_card,text,unknown,,active,needs_review,needs_review,"가격 단위 추정, 배송비 포함 여부 미확정",estimated,yes,no,페로나 1.5 로 시크 1.0
9ab9b4b436d31c7cde5d8ff2,onepiececardgame,원피스 카드게임,2026-07,2026-07-24T15:11:17+09:00,known,bbd7a10a1f18e65d69b2a65c,9ab9b4b436d31c7cde5d8ff2,103001,https://m.dcinside.com/board/onepiececardgame/103001,우타sp 판매 구매시 우타 시크패레 증정 외 패레 팜,seller-e66ee98d1fd46dfae13e941c,이지메시,registered,우타 sp,우타 sp,우타 sp,,,unknown,미분류,1,30,300000,estimated,per_card,text,unknown,,active,needs_review,needs_review,"가격 단위 추정, 배송비 포함 여부 미확정",estimated,yes,no,우타 sp 30
d8d4819b2a7751d7226eba5c,onepiececardgame,원피스 카드게임,2026-07,2026-07-24T15:11:17+09:00,known,9f05ee7a33294725fa298d45,d8d4819b2a7751d7226eba5c,103001,https://m.dcinside.com/board/onepiececardgame/103001,우타sp 판매 구매시 우타 시크패레 증정 외 패레 팜,seller-e66ee98d1fd46dfae13e941c,이지메시,registered,페로나 로,페로나 로,페로나 1.5 로,,시크,unknown,미분류,1,1.0,10000,estimated,per_card,text,unknown,,active,needs_review,needs_review,"가격 단위 추정, 배송비 포함 여부 미확정",estimated,yes,no,페로나 1.5 로 시크 1.0
ea742e56a9de1bca8f7aaeb7,onepiececardgame,원피스 카드게임,2026-07,2026-07-24T15:11:17+09:00,known,9f05ee7a33294725fa298d45,ea742e56a9de1bca8f7aaeb7,103001,https://m.dcinside.com/board/onepiececardgame/103001,우타sp 판매 구매시 우타 시크패레 증정 외 패레 팜,seller-e66ee98d1fd46dfae13e941c,이지메시,registered,비비 리페 히로인즈 동,비비 리페 히로인즈 동,비비 리페 1.0 히로인즈 동,,,unknown,미분류,10,3,30000,estimated,per_quantity,text,unknown,,active,needs_review,needs_review,"가격 단위 추정, 수량 표기 감지, 배송비 포함 여부 미확정, 복수 수량 총액 · 카드 1장 가격 아님",estimated,no,no,비비 리페 1.0 히로인즈 동 10장 3
4def9540a74435254d5aed3c,onepiececardgame,원피스 카드게임,2026-07,2026-07-24T15:22:27+09:00,known,864360f00c66c5207215795f,4def9540a74435254d5aed3c,103018,https://m.dcinside.com/board/onepiececardgame/103018,12탄 시크보니 4장 삽니다,seller-99f6513bf9e71f8a0f1a3ab1,최성민,guest,일괄시,일괄시,장당 2.0 일괄시,,,unknown,미분류,4,8.5,85000,estimated,bundle,text,unknown,,active,needs_review,needs_review,"가격 단위 추정, 수량 표기 감지, 일괄·세트 가격, 배송비 포함 여부 미확정, 묶음·세트 총액 · 개별 카드 가격 아님",estimated,no,no,장당 2.0 4장 일괄시 8.5에 삽니다
5b08538108076d4111bf92c9,onepiececardgame,원피스 카드게임,2026-07,2026-07-24T15:22:27+09:00,known,fd67e89be2102163e36cba40,5b08538108076d4111bf92c9,103018,https://m.dcinside.com/board/onepiececardgame/103018,12탄 시크보니 4장 삽니다,seller-c4e31093a0a53ab29a61df35,최성민,guest,일괄시,일괄시,장당 2.0 일괄시,,,unknown,미분류,4,8.5,85000,estimated,bundle,text,unknown,,active,needs_review,needs_review,"가격 단위 추정, 수량 표기 감지, 일괄·세트 가격, 배송비 포함 여부 미확정, 묶음·세트 총액 · 개별 카드 가격 아님",estimated,no,no,장당 2.0 4장 일괄시 8.5에 삽니다
f10f52a65879812f35b27164,onepiececardgame,원피스 카드게임,2026-07,2026-07-24T16:11:08+09:00,known,98172be319d1ac4a6f02cf73,f10f52a65879812f35b27164,103071,https://m.dcinside.com/board/onepiececardgame/103071,히바리 페레 팝니다,seller-e56a3a890fec0f7c763ea71f,불주먹,registered,+,+,준등기+,,,unknown,미분류,1,0.2,2000,estimated,bundle,text,unknown,,active,needs_review,needs_review,"가격 단위 추정, 복수 카드 가격, 배송비 포함 여부 미확정, 묶음·세트 총액 · 개별 카드 가격 아님",estimated,no,no,"준등기+0.2, 또는 부산 직거래"
fe4d864a90915ad2e7c5dbb7,onepiececardgame,원피스 카드게임,2026-07,2026-07-24T16:11:08+09:00,known,a61dd5e0e6f6a2055444975d,fe4d864a90915ad2e7c5dbb7,103071,https://m.dcinside.com/board/onepiececardgame/103071,히바리 페레 팝니다,seller-e56a3a890fec0f7c763ea71f,불주먹,registered,+,+,준등기+,,,unknown,미분류,1,0.2,2000,estimated,bundle,text,unknown,,active,needs_review,needs_review,"가격 단위 추정, 복수 카드 가격, 배송비 포함 여부 미확정, 묶음·세트 총액 · 개별 카드 가격 아님",estimated,no,no,"준등기+0.2, 또는 부산 직거래"
1a2aaabcae595bd6fdc09db6,onepiececardgame,원피스 카드게임,2026-07,2026-07-24T16:33:32+09:00,known,5a51557cf0c69bad181fc7a8,1a2aaabcae595bd6fdc09db6,103086,https://m.dcinside.com/board/onepiececardgame/103086,히로인즈 팔게요,seller-eae8258d8cc76177c8686eb1,ㅇㅇ,guest,일괄시,일괄시,일괄시,,,unknown,미분류,1,4,40000,estimated,bundle,text,unknown,,active,excluded,needs_review,"가격 단위 추정, 일괄·세트 가격, 배송비 포함 여부 미확정, 묶음·세트 총액 · 개별 카드 가격 아님, 스크립트·광고 문구로 추정되는 오염 행",estimated,no,no,일괄시 4에 팝니다. 따로 구매도 가능
5479be1de2b1bb0a7dbf657f,onepiececardgame,원피스 카드게임,2026-07,2026-07-24T16:33:32+09:00,known,df39916bf20e66bd2ba56496,5479be1de2b1bb0a7dbf657f,103086,https://m.dcinside.com/board/onepiececardgame/103086,히로인즈 팔게요,seller-31daa95bd8b29ff584d93cc2,ㅇㅇ,guest,일괄시,일괄시,일괄시,,,unknown,미분류,1,4,40000,estimated,bundle,text,unknown,,active,excluded,needs_review,"가격 단위 추정, 일괄·세트 가격, 배송비 포함 여부 미확정, 묶음·세트 총액 · 개별 카드 가격 아님, 스크립트·광고 문구로 추정되는 오염 행",estimated,no,no,일괄시 4에 팝니다. 따로 구매도 가능
3db2c51b453b05031a48f513,onepiececardgame,원피스 카드게임,2026-07,2026-07-24T17:34:31+09:00,known,624ed80d3dfab3e54cd03a54,3db2c51b453b05031a48f513,103112,https://m.dcinside.com/board/onepiececardgame/103112,10코 오로성 구매합니다,seller-8ad10b55fa52911e796a44cf,원딱러,registered,,,,,,unknown,미분류,3,3.0,30000,estimated,bundle,text,unknown,,active,needs_review,needs_review,"가격 단위 추정, 수량 표기 감지, 일괄·세트 가격, 배송비 포함 여부 미확정, 카드명 확인 필요, 묶음·세트 총액 · 개별 카드 가격 아님",estimated,no,no,3장 일괄 3.0 구매 희망합니다
7ba825959bf5e5766de33515,onepiececardgame,원피스 카드게임,2026-07,2026-07-24T17:34:31+09:00,known,d9a0f3b99692aa299c7b3c68,7ba825959bf5e5766de33515,103112,https://m.dcinside.com/board/onepiececardgame/103112,10코 오로성 구매합니다,seller-8ad10b55fa52911e796a44cf,원딱러,registered,,,,,,unknown,미분류,3,3.0,30000,estimated,bundle,text,unknown,,active,needs_review,needs_review,"가격 단위 추정, 수량 표기 감지, 일괄·세트 가격, 배송비 포함 여부 미확정, 카드명 확인 필요, 묶음·세트 총액 · 개별 카드 가격 아님",estimated,no,no,3장 일괄 3.0 구매 희망합니다
c32c590fb27dba38b2f4216b,onepiececardgame,원피스 카드게임,2026-07,2026-07-24T17:34:31+09:00,known,1a9ac3f467d66b5ffc8dd40e,c32c590fb27dba38b2f4216b,103112,https://m.dcinside.com/board/onepiececardgame/103112,10코 오로성 구매합니다,seller-8ad10b55fa52911e796a44cf,원딱러,registered,,,,,,unknown,미분류,3,3.0,30000,estimated,bundle,text,unknown,,active,needs_review,needs_review,"가격 단위 추정, 수량 표기 감지, 일괄·세트 가격, 배송비 포함 여부 미확정, 카드명 확인 필요, 묶음·세트 총액 · 개별 카드 가격 아님",estimated,no,no,3장 일괄 3.0 구매 희망합니다
01b07582f9761117e98be2e4,onepiececardgame,원피스 카드게임,2026-07,2026-07-24T18:43:44+09:00,known,a55acbafd108ea38625bcc7a,01b07582f9761117e98be2e4,103146,https://m.dcinside.com/board/onepiececardgame/103146,행콕 금둥 8.0 페레 4.0 판매합니다,seller-862b04eb489b01def46d4b44,ㅇㅈㅁ,guest,DOM 삽입 헬퍼 현재 스크립트 위치 기준,DOM 삽입 헬퍼 현재 스크립트 위치 기준,// ---- DOM 삽입 헬퍼 (현재 스크립트 위치 기준,,,unknown,미분류,1,,,missing,unknown,unknown,unknown,,active,excluded,needs_review,"가격 후보 재검토 필요, 가격 미기재, 스크립트·광고 문구로 추정되는 오염 행",missing,no,no,// ---- DOM 삽입 헬퍼 (현재 스크립트 위치 기준1)
1c4756e75d864c98b7d6256e,onepiececardgame,원피스 카드게임,2026-07,2026-07-24T18:43:44+09:00,known,a55acbafd108ea38625bcc7a,1c4756e75d864c98b7d6256e,103146,https://m.dcinside.com/board/onepiececardgame/103146,행콕 금둥 8.0 페레 4.0 판매합니다,seller-862b04eb489b01def46d4b44,ㅇㅈㅁ,guest,loadScript 'https pagead,loadScript 'https pagead,loadScript('https://pagead,,,unknown,미분류,1,,,missing,unknown,unknown,unknown,,active,excluded,needs_review,"가격 후보 재검토 필요, 가격 미기재, 스크립트·광고 문구로 추정되는 오염 행",missing,no,no,"loadScript('https://pagead2.googlesyndication.com/pagead/js/adsbygoogle_direct.js?client=ca-pub-8171468792791627', true, 'anonymous');"
25b53f0c2970eeb4a25229c6,onepiececardgame,원피스 카드게임,2026-07,2026-07-24T18:43:44+09:00,known,8fefc4832b52bb56fd9cf6e4,25b53f0c2970eeb4a25229c6,103146,https://m.dcinside.com/board/onepiececardgame/103146,행콕 금둥 8.0 페레 4.0 판매합니다,seller-ab90b69f4f8dcb3fd6780678,ㅇㅈㅁ,guest,금둥 페레 씩 시,금둥 페레 씩 시,금둥 페레 씩 구매시,,,unknown,미분류,1,11.0,110000,estimated,per_card,text,unknown,,active,needs_review,needs_review,"가격 단위 추정, 수량 표기 감지, 배송비 포함 여부 미확정",estimated,yes,no,금둥 페레 1장씩 구매시 11.0
3111ebec3b06da222e3d4d39,onepiececardgame,원피스 카드게임,2026-07,2026-07-24T18:43:44+09:00,known,a55acbafd108ea38625bcc7a,3111ebec3b06da222e3d4d39,103146,https://m.dcinside.com/board/onepiececardgame/103146,행콕 금둥 8.0 페레 4.0 판매합니다,seller-862b04eb489b01def46d4b44,ㅇㅈㅁ,guest,행콕 금둥,행콕 금둥,행콕 금둥,,,unknown,미분류,1,8.0,80000,estimated,per_card,text,unknown,,active,needs_review,needs_review,"가격 단위 추정, 배송비 포함 여부 미확정",estimated,yes,no,행콕 금둥 8.0
3b006517e3d547c19aa4eda3,onepiececardgame,원피스 카드게임,2026-07,2026-07-24T18:43:44+09:00,known,8fefc4832b52bb56fd9cf6e4,3b006517e3d547c19aa4eda3,103146,https://m.dcinside.com/board/onepiececardgame/103146,행콕 금둥 8.0 페레 4.0 판매합니다,seller-ab90b69f4f8dcb3fd6780678,ㅇㅈㅁ,guest,DOM 삽입 헬퍼 현재 스크립트 위치 기준,DOM 삽입 헬퍼 현재 스크립트 위치 기준,// ---- DOM 삽입 헬퍼 (현재 스크립트 위치 기준,,,unknown,미분류,1,,,missing,unknown,unknown,unknown,,active,excluded,needs_review,"가격 후보 재검토 필요, 가격 미기재, 스크립트·광고 문구로 추정되는 오염 행",missing,no,no,// ---- DOM 삽입 헬퍼 (현재 스크립트 위치 기준1)
42d0f9efb09503a0d6a42602,onepiececardgame,원피스 카드게임,2026-07,2026-07-24T18:43:44+09:00,known,8fefc4832b52bb56fd9cf6e4,42d0f9efb09503a0d6a42602,103146,https://m.dcinside.com/board/onepiececardgame/103146,행콕 금둥 8.0 페레 4.0 판매합니다,seller-ab90b69f4f8dcb3fd6780678,ㅇㅈㅁ,guest,var safe = window.dcAd && window.dcAd.safe ==,var safe = window.dcAd && window.dcAd.safe ==,var safe = (window.dcAd && window.dcAd.safe ==,,,unknown,미분류,1,1,10000,estimated,bundle,text,unknown,,active,excluded,needs_review,"가격 단위 추정, 복수 카드 가격, 배송비 포함 여부 미확정, 묶음·세트 총액 · 개별 카드 가격 아님, 스크립트·광고 문구로 추정되는 오염 행",estimated,no,no,var safe = (window.dcAd && window.dcAd.safe == 1)
4e242829e2eb95e74ade59b8,onepiececardgame,원피스 카드게임,2026-07,2026-07-24T18:43:44+09:00,known,67191c9b0d8eba0ddfb5b357,4e242829e2eb95e74ade59b8,103146,https://m.dcinside.com/board/onepiececardgame/103146,행콕 금둥 8.0 페레 4.0 판매합니다,seller-fb031bdf003c29f6cd8d9214,ㅇㅈㅁ,guest,var safe = window.dcAd && window.dcAd.safe ==,var safe = window.dcAd && window.dcAd.safe ==,var safe = (window.dcAd && window.dcAd.safe ==,,,unknown,미분류,1,1,10000,estimated,bundle,text,unknown,,active,excluded,needs_review,"가격 단위 추정, 복수 카드 가격, 배송비 포함 여부 미확정, 묶음·세트 총액 · 개별 카드 가격 아님, 스크립트·광고 문구로 추정되는 오염 행",estimated,no,no,var safe = (window.dcAd && window.dcAd.safe == 1)
545aec505ae8ac06845e4616,onepiececardgame,원피스 카드게임,2026-07,2026-07-24T18:43:44+09:00,known,a55acbafd108ea38625bcc7a,545aec505ae8ac06845e4616,103146,https://m.dcinside.com/board/onepiececardgame/103146,행콕 금둥 8.0 페레 4.0 판매합니다,seller-862b04eb489b01def46d4b44,ㅇㅈㅁ,guest,loadScript ' t,loadScript ' t,loadScript('//t,,,unknown,미분류,1,,,missing,unknown,unknown,unknown,,active,excluded,needs_review,"가격 후보 재검토 필요, 가격 미기재, 스크립트·광고 문구로 추정되는 오염 행",missing,no,no,"loadScript('//t1.kakaocdn.net/kas/static/ba.min.js', true);"
6d80f9ed06850e3c10e3a2e0,onepiececardgame,원피스 카드게임,2026-07,2026-07-24T18:43:44+09:00,known,8fefc4832b52bb56fd9cf6e4,6d80f9ed06850e3c10e3a2e0,103146,https://m.dcinside.com/board/onepiececardgame/103146,행콕 금둥 8.0 페레 4.0 판매합니다,seller-ab90b69f4f8dcb3fd6780678,ㅇㅈㅁ,guest,행콕 페레 각,행콕 페레 각,행콕 페레 각,,,unknown,미분류,1,4.0,40000,estimated,per_card,text,unknown,,active,needs_review,needs_review,"가격 단위 추정, 배송비 포함 여부 미확정",estimated,yes,no,행콕 페레 각 4.0
77fe254864fc1b672877c476,onepiececardgame,원피스 카드게임,2026-07,2026-07-24T18:43:44+09:00,known,8fefc4832b52bb56fd9cf6e4,77fe254864fc1b672877c476,103146,https://m.dcinside.com/board/onepiececardgame/103146,행콕 금둥 8.0 페레 4.0 판매합니다,seller-ab90b69f4f8dcb3fd6780678,ㅇㅈㅁ,guest,loadScript ' t,loadScript ' t,loadScript('//t,,,unknown,미분류,1,,,missing,unknown,unknown,unknown,,active,excluded,needs_review,"가격 후보 재검토 필요, 가격 미기재, 스크립트·광고 문구로 추정되는 오염 행",missing,no,no,"loadScript('//t1.kakaocdn.net/kas/static/ba.min.js', true);"
849c16292c1b3808654fa102,onepiececardgame,원피스 카드게임,2026-07,2026-07-24T18:43:44+09:00,known,a55acbafd108ea38625bcc7a,849c16292c1b3808654fa102,103146,https://m.dcinside.com/board/onepiececardgame/103146,행콕 금둥 8.0 페레 4.0 판매합니다,seller-862b04eb489b01def46d4b44,ㅇㅈㅁ,guest,행콕 페레 각,행콕 페레 각,행콕 페레 각,,,unknown,미분류,1,4.0,40000,estimated,per_card,text,unknown,,active,needs_review,needs_review,"가격 단위 추정, 배송비 포함 여부 미확정",estimated,yes,no,행콕 페레 각 4.0
9267cbb2551e08c8d80ab89d,onepiececardgame,원피스 카드게임,2026-07,2026-07-24T18:43:44+09:00,known,a55acbafd108ea38625bcc7a,9267cbb2551e08c8d80ab89d,103146,https://m.dcinside.com/board/onepiececardgame/103146,행콕 금둥 8.0 페레 4.0 판매합니다,seller-862b04eb489b01def46d4b44,ㅇㅈㅁ,guest,금둥 페레 씩 시,금둥 페레 씩 시,금둥 페레 씩 구매시,,,unknown,미분류,1,11.0,110000,estimated,per_card,text,unknown,,active,needs_review,needs_review,"가격 단위 추정, 수량 표기 감지, 배송비 포함 여부 미확정",estimated,yes,no,금둥 페레 1장씩 구매시 11.0
934a629119493805350ddc72,onepiececardgame,원피스 카드게임,2026-07,2026-07-24T18:43:44+09:00,known,67191c9b0d8eba0ddfb5b357,934a629119493805350ddc72,103146,https://m.dcinside.com/board/onepiececardgame/103146,행콕 금둥 8.0 페레 4.0 판매합니다,seller-fb031bdf003c29f6cd8d9214,ㅇㅈㅁ,guest,DOM 삽입 헬퍼 현재 스크립트 위치 기준,DOM 삽입 헬퍼 현재 스크립트 위치 기준,// ---- DOM 삽입 헬퍼 (현재 스크립트 위치 기준,,,unknown,미분류,1,,,missing,unknown,unknown,unknown,,active,excluded,needs_review,"가격 후보 재검토 필요, 가격 미기재, 스크립트·광고 문구로 추정되는 오염 행",missing,no,no,// ---- DOM 삽입 헬퍼 (현재 스크립트 위치 기준1)
947fe610079490aa9c1d4fa3,onepiececardgame,원피스 카드게임,2026-07,2026-07-24T18:43:44+09:00,known,67191c9b0d8eba0ddfb5b357,947fe610079490aa9c1d4fa3,103146,https://m.dcinside.com/board/onepiececardgame/103146,행콕 금둥 8.0 페레 4.0 판매합니다,seller-fb031bdf003c29f6cd8d9214,ㅇㅈㅁ,guest,행콕 페레 각,행콕 페레 각,행콕 페레 각,,,unknown,미분류,1,4.0,40000,estimated,per_card,text,unknown,,active,needs_review,needs_review,"가격 단위 추정, 배송비 포함 여부 미확정",estimated,yes,no,행콕 페레 각 4.0
9aa3ab4a9aaaddadd7dc6585,onepiececardgame,원피스 카드게임,2026-07,2026-07-24T18:43:44+09:00,known,8fefc4832b52bb56fd9cf6e4,9aa3ab4a9aaaddadd7dc6585,103146,https://m.dcinside.com/board/onepiececardgame/103146,행콕 금둥 8.0 페레 4.0 판매합니다,seller-ab90b69f4f8dcb3fd6780678,ㅇㅈㅁ,guest,loadScript 'https pagead,loadScript 'https pagead,loadScript('https://pagead,,,unknown,미분류,1,,,missing,unknown,unknown,unknown,,active,excluded,needs_review,"가격 후보 재검토 필요, 가격 미기재, 스크립트·광고 문구로 추정되는 오염 행",missing,no,no,"loadScript('https://pagead2.googlesyndication.com/pagead/js/adsbygoogle_direct.js?client=ca-pub-8171468792791627', true, 'anonymous');"
9e70b2edde9ddfa0367bf471,onepiececardgame,원피스 카드게임,2026-07,2026-07-24T18:43:44+09:00,known,a55acbafd108ea38625bcc7a,9e70b2edde9ddfa0367bf471,103146,https://m.dcinside.com/board/onepiececardgame/103146,행콕 금둥 8.0 페레 4.0 판매합니다,seller-862b04eb489b01def46d4b44,ㅇㅈㅁ,guest,var safe = window.dcAd && window.dcAd.safe ==,var safe = window.dcAd && window.dcAd.safe ==,var safe = (window.dcAd && window.dcAd.safe ==,,,unknown,미분류,1,1,10000,estimated,bundle,text,unknown,,active,excluded,needs_review,"가격 단위 추정, 복수 카드 가격, 배송비 포함 여부 미확정, 묶음·세트 총액 · 개별 카드 가격 아님, 스크립트·광고 문구로 추정되는 오염 행",estimated,no,no,var safe = (window.dcAd && window.dcAd.safe == 1)
a08dc9a7453232191907751f,onepiececardgame,원피스 카드게임,2026-07,2026-07-24T18:43:44+09:00,known,67191c9b0d8eba0ddfb5b357,a08dc9a7453232191907751f,103146,https://m.dcinside.com/board/onepiececardgame/103146,행콕 금둥 8.0 페레 4.0 판매합니다,seller-fb031bdf003c29f6cd8d9214,ㅇㅈㅁ,guest,loadScript 'https pagead,loadScript 'https pagead,loadScript('https://pagead,,,unknown,미분류,1,,,missing,unknown,unknown,unknown,,active,excluded,needs_review,"가격 후보 재검토 필요, 가격 미기재, 스크립트·광고 문구로 추정되는 오염 행",missing,no,no,"loadScript('https://pagead2.googlesyndication.com/pagead/js/adsbygoogle_direct.js?client=ca-pub-8171468792791627', true, 'anonymous');"
b7a386a6b75ef62a8e9854f7,onepiececardgame,원피스 카드게임,2026-07,2026-07-24T18:43:44+09:00,known,67191c9b0d8eba0ddfb5b357,b7a386a6b75ef62a8e9854f7,103146,https://m.dcinside.com/board/onepiececardgame/103146,행콕 금둥 8.0 페레 4.0 판매합니다,seller-fb031bdf003c29f6cd8d9214,ㅇㅈㅁ,guest,금둥 페레 씩 시,금둥 페레 씩 시,금둥 페레 씩 구매시,,,unknown,미분류,1,11.0,110000,estimated,per_card,text,unknown,,active,needs_review,needs_review,"가격 단위 추정, 수량 표기 감지, 배송비 포함 여부 미확정",estimated,yes,no,금둥 페레 1장씩 구매시 11.0
c8929d14a6ab16f382ed3f64,onepiececardgame,원피스 카드게임,2026-07,2026-07-24T18:43:44+09:00,known,67191c9b0d8eba0ddfb5b357,c8929d14a6ab16f382ed3f64,103146,https://m.dcinside.com/board/onepiececardgame/103146,행콕 금둥 8.0 페레 4.0 판매합니다,seller-fb031bdf003c29f6cd8d9214,ㅇㅈㅁ,guest,행콕 금둥,행콕 금둥,행콕 금둥,,,unknown,미분류,1,8.0,80000,estimated,per_card,text,unknown,,active,needs_review,needs_review,"가격 단위 추정, 배송비 포함 여부 미확정",estimated,yes,no,행콕 금둥 8.0
f339839eea8e41c9ced42117,onepiececardgame,원피스 카드게임,2026-07,2026-07-24T18:43:44+09:00,known,8fefc4832b52bb56fd9cf6e4,f339839eea8e41c9ced42117,103146,https://m.dcinside.com/board/onepiececardgame/103146,행콕 금둥 8.0 페레 4.0 판매합니다,seller-ab90b69f4f8dcb3fd6780678,ㅇㅈㅁ,guest,행콕 금둥,행콕 금둥,행콕 금둥,,,unknown,미분류,1,8.0,80000,estimated,per_card,text,unknown,,active,needs_review,needs_review,"가격 단위 추정, 배송비 포함 여부 미확정",estimated,yes,no,행콕 금둥 8.0
fdf6c5f43c9efb048ee3cfb3,onepiececardgame,원피스 카드게임,2026-07,2026-07-24T18:43:44+09:00,known,67191c9b0d8eba0ddfb5b357,fdf6c5f43c9efb048ee3cfb3,103146,https://m.dcinside.com/board/onepiececardgame/103146,행콕 금둥 8.0 페레 4.0 판매합니다,seller-fb031bdf003c29f6cd8d9214,ㅇㅈㅁ,guest,loadScript ' t,loadScript ' t,loadScript('//t,,,unknown,미분류,1,,,missing,unknown,unknown,unknown,,active,excluded,needs_review,"가격 후보 재검토 필요, 가격 미기재, 스크립트·광고 문구로 추정되는 오염 행",missing,no,no,"loadScript('//t1.kakaocdn.net/kas/static/ba.min.js', true);"
1aa20543eb263cad7aa02e26,onepiececardgame,원피스 카드게임,2026-07,2026-07-24T20:06:51+09:00,known,11c27a6e4aeb36f04df783be,1aa20543eb263cad7aa02e26,103180,https://m.dcinside.com/board/onepiececardgame/103180,나미 일반 두웅 1장 사거나 로빈 두웅 2장이랑 교환,seller-ad2b1dddb72454e83e2d6d37,915,guest,로빈 두장이랑 또는,로빈 두장이랑 또는,로빈 두장이랑 교환또는,,,unknown,미분류,1,3000,3000,exact,per_card,text,unknown,,active,needs_review,needs_review,배송비 포함 여부 미확정,exact,yes,no,로빈 두장이랑 교환또는 3000원에 구매합니다
b44d21adcd36691c811ef0f2,onepiececardgame,원피스 카드게임,2026-07,2026-07-24T20:06:51+09:00,known,e02cdb182ee3ffcabb044253,b44d21adcd36691c811ef0f2,103180,https://m.dcinside.com/board/onepiececardgame/103180,나미 일반 두웅 1장 사거나 로빈 두웅 2장이랑 교환,seller-0e407fcaf3bf8c624b1848d7,915,guest,로빈 두장이랑 또는,로빈 두장이랑 또는,로빈 두장이랑 교환또는,,,unknown,미분류,1,3000,3000,exact,per_card,text,unknown,,active,needs_review,needs_review,배송비 포함 여부 미확정,exact,yes,no,로빈 두장이랑 교환또는 3000원에 구매합니다
0eb145bd6e156fd51be9c878,onepiececardgame,원피스 카드게임,2026-07,2026-07-24T20:38:02+09:00,known,b50a34c1fd3e8dc74a37c98f,0eb145bd6e156fd51be9c878,103185,https://m.dcinside.com/board/onepiececardgame/103185,재업) 3코 타시기 4장구합니다!!,seller-417ed952b1bdd2887921e981,규카츠폭격기,registered,10탄 3코 타시기,10탄 3코 타시기,10탄 3코 타시기,,,unknown,미분류,4,5,50000,estimated,bundle,text,unknown,,active,needs_review,needs_review,"가격 단위 추정, 수량 표기 감지, 일괄·세트 가격, 배송비 포함 여부 미확정, 묶음·세트 총액 · 개별 카드 가격 아님",estimated,no,no,10탄 3코 타시기 4장 일괄 5에 삽니다용!!
4da7d32cb82d925f331e4eb3,onepiececardgame,원피스 카드게임,2026-07,2026-07-24T20:38:02+09:00,known,66c4b933498937c9c9336d40,4da7d32cb82d925f331e4eb3,103185,https://m.dcinside.com/board/onepiececardgame/103185,재업) 3코 타시기 4장구합니다!!,seller-417ed952b1bdd2887921e981,규카츠폭격기,registered,10탄 3코 타시기,10탄 3코 타시기,10탄 3코 타시기,,,unknown,미분류,4,5,50000,estimated,bundle,text,unknown,,active,needs_review,needs_review,"가격 단위 추정, 수량 표기 감지, 일괄·세트 가격, 배송비 포함 여부 미확정, 묶음·세트 총액 · 개별 카드 가격 아님",estimated,no,no,10탄 3코 타시기 4장 일괄 5에 삽니다용!!
5b98a7db2d755f1d301e0258,onepiececardgame,원피스 카드게임,2026-07,2026-07-24T20:38:02+09:00,known,8dc2322c2975525487dbde06,5b98a7db2d755f1d301e0258,103185,https://m.dcinside.com/board/onepiececardgame/103185,재업) 3코 타시기 4장구합니다!!,seller-417ed952b1bdd2887921e981,규카츠폭격기,registered,10탄 3코 타시기,10탄 3코 타시기,10탄 3코 타시기,,,unknown,미분류,4,5,50000,estimated,bundle,text,unknown,,active,needs_review,needs_review,"가격 단위 추정, 수량 표기 감지, 일괄·세트 가격, 배송비 포함 여부 미확정, 묶음·세트 총액 · 개별 카드 가격 아님",estimated,no,no,10탄 3코 타시기 4장 일괄 5에 삽니다용!!
09dfe1fdffdfa02854093f7d,onepiececardgame,원피스 카드게임,2026-07,2026-07-24T21:59:46+09:00,known,6858d9ff11ceed91c5f66f8e,09dfe1fdffdfa02854093f7d,103221,https://m.dcinside.com/board/onepiececardgame/103221,페로나 sp 로빈 금둥팝니다,seller-2e9a96725619a0c161f63f45,유령유령,guest,로빈 금둥,로빈 금둥,로빈 금둥,,,unknown,미분류,1,8,80000,estimated,per_card,text,unknown,,active,needs_review,needs_review,"가격 단위 추정, 배송비 포함 여부 미확정",estimated,yes,no,로빈 금둥 8
39eb02126adf9dd828ba0ccb,onepiececardgame,원피스 카드게임,2026-07,2026-07-24T21:59:46+09:00,known,6858d9ff11ceed91c5f66f8e,39eb02126adf9dd828ba0ccb,103221,https://m.dcinside.com/board/onepiececardgame/103221,페로나 sp 로빈 금둥팝니다,seller-2e9a96725619a0c161f63f45,유령유령,guest,페로나,페로나,페로나,,,unknown,미분류,1,20,200000,estimated,per_card,text,unknown,,active,needs_review,needs_review,"가격 단위 추정, 배송비 포함 여부 미확정",estimated,yes,no,페로나 20
5bcd98d85b96cf027e79cf59,onepiececardgame,원피스 카드게임,2026-07,2026-07-24T21:59:46+09:00,known,c8f01b5f18947b79ca538600,5bcd98d85b96cf027e79cf59,103221,https://m.dcinside.com/board/onepiececardgame/103221,페로나 sp 로빈 금둥팝니다,seller-f6b525904afad8c29d936482,유령유령,guest,로빈 금둥,로빈 금둥,로빈 금둥,,,unknown,미분류,1,8,80000,estimated,per_card,text,unknown,,active,needs_review,needs_review,"가격 단위 추정, 배송비 포함 여부 미확정",estimated,yes,no,로빈 금둥 8
f861a2b0c06261c4f99b21c8,onepiececardgame,원피스 카드게임,2026-07,2026-07-24T21:59:46+09:00,known,c8f01b5f18947b79ca538600,f861a2b0c06261c4f99b21c8,103221,https://m.dcinside.com/board/onepiececardgame/103221,페로나 sp 로빈 금둥팝니다,seller-f6b525904afad8c29d936482,유령유령,guest,페로나,페로나,페로나,,,unknown,미분류,1,20,200000,estimated,per_card,text,unknown,,active,needs_review,needs_review,"가격 단위 추정, 배송비 포함 여부 미확정",estimated,yes,no,페로나 20
399fc095f80776959b3ebc0c,onepiececardgame,원피스 카드게임,2026-07,2026-07-24T22:51:29+09:00,known,7c97a740f0fbd420a4f1f736,399fc095f80776959b3ebc0c,103243,https://m.dcinside.com/board/onepiececardgame/103243,eb03 5코우타 페레 2장 일괄로 구함,seller-0fc1ba2632796f2dc7ccf179,헤이더,registered,페레,페레,페레 준등포,,,unknown,미분류,2,2.5,25000,estimated,per_quantity,text,unknown,,active,needs_review,needs_review,"가격 단위 추정, 수량 표기 감지, 배송비 포함 여부 미확정, 복수 수량 총액 · 카드 1장 가격 아님",estimated,no,no,페레 2장 준등포 2.5에 구해봄
979b3469d50f21ee8ccdcaae,onepiececardgame,원피스 카드게임,2026-07,2026-07-24T22:51:29+09:00,known,3824552f6e7ae49e27a83f0d,979b3469d50f21ee8ccdcaae,103243,https://m.dcinside.com/board/onepiececardgame/103243,eb03 5코우타 페레 2장 일괄로 구함,seller-0fc1ba2632796f2dc7ccf179,헤이더,registered,페레,페레,페레 준등포,,,unknown,미분류,2,2.5,25000,estimated,per_quantity,text,unknown,,active,needs_review,needs_review,"가격 단위 추정, 수량 표기 감지, 배송비 포함 여부 미확정, 복수 수량 총액 · 카드 1장 가격 아님",estimated,no,no,페레 2장 준등포 2.5에 구해봄
4a92c079f5d7265fe8b896cc,onepiececardgame,원피스 카드게임,2026-07,2026-07-25T02:12:08+09:00,known,7809510ebefb766181fef678,4a92c079f5d7265fe8b896cc,103319,https://m.dcinside.com/board/onepiececardgame/103319,페레 몇장 구하고 로빈 sr팝니다,seller-8ad10b55fa52911e796a44cf,원딱러,registered,히로인즈 로빈 sr,히로인즈 로빈 sr,히로인즈 로빈 sr,,,unknown,미분류,3,6,60000,estimated,bundle,text,unknown,,active,needs_review,needs_review,"가격 단위 추정, 수량 표기 감지, 일괄·세트 가격, 배송비 포함 여부 미확정, 묶음·세트 총액 · 개별 카드 가격 아님",estimated,no,no,히로인즈 로빈 sr 3장 일괄 6
dcb411b4b27e2e3f2938e6e2,onepiececardgame,원피스 카드게임,2026-07,2026-07-25T02:12:08+09:00,known,0cdf05ca0f232d0c8a1278fd,dcb411b4b27e2e3f2938e6e2,103319,https://m.dcinside.com/board/onepiececardgame/103319,페레 몇장 구하고 로빈 sr팝니다,seller-8ad10b55fa52911e796a44cf,원딱러,registered,히로인즈 로빈 sr,히로인즈 로빈 sr,히로인즈 로빈 sr,,,unknown,미분류,3,6,60000,estimated,bundle,text,unknown,,active,needs_review,needs_review,"가격 단위 추정, 수량 표기 감지, 일괄·세트 가격, 배송비 포함 여부 미확정, 묶음·세트 총액 · 개별 카드 가격 아님",estimated,no,no,히로인즈 로빈 sr 3장 일괄 6
2c23188c00a6cb1991045acb,onepiececardgame,원피스 카드게임,2026-07,2026-07-25T08:23:52+09:00,known,265ca15b60a02156aafbe824,2c23188c00a6cb1991045acb,103342,https://m.dcinside.com/board/onepiececardgame/103342,오늘 카드빈/역삼 카드냥 직 5나미 4장 삽니다,seller-5265594c143b82b8742c2bcf,ㅇㅇ,guest,,,,,,unknown,미분류,1,2,20000,estimated,bundle,text,unknown,,active,needs_review,needs_review,"가격 단위 추정, 일괄·세트 가격, 배송비 포함 여부 미확정, 카드명 확인 필요, 묶음·세트 총액 · 개별 카드 가격 아님",estimated,no,no,일괄 2에 구매합니다
803d8d34c596d1b6ad36d0a4,onepiececardgame,원피스 카드게임,2026-07,2026-07-25T08:23:52+09:00,known,6f91fbded7e0ad496a959c05,803d8d34c596d1b6ad36d0a4,103342,https://m.dcinside.com/board/onepiececardgame/103342,오늘 카드빈/역삼 카드냥 직 5나미 4장 삽니다,seller-95b551a181f6d9403a5d1603,ㅇㅇ,guest,,,,,,unknown,미분류,1,2,20000,estimated,bundle,text,unknown,,active,needs_review,needs_review,"가격 단위 추정, 일괄·세트 가격, 배송비 포함 여부 미확정, 카드명 확인 필요, 묶음·세트 총액 · 개별 카드 가격 아님",estimated,no,no,일괄 2에 구매합니다
5e7aa2f8cdb2380b1fc149ee,onepiececardgame,원피스 카드게임,2026-07,2026-07-25T10:47:25+09:00,known,649eba296e0e0aa68858108b,5e7aa2f8cdb2380b1fc149ee,103366,https://m.dcinside.com/board/onepiececardgame/103366,"황색 2코 히요리 페레 4장,나미 리페 삽니다",seller-8ad10b55fa52911e796a44cf,원딱러,registered,2코 하요리 페레,2코 하요리 페레,2코 하요리 페레,,,unknown,미분류,4,15,150000,estimated,bundle,text,unknown,,active,needs_review,needs_review,"가격 단위 추정, 수량 표기 감지, 일괄·세트 가격, 배송비 포함 여부 미확정, 묶음·세트 총액 · 개별 카드 가격 아님",estimated,no,no,2코 하요리 페레 4장 일괄 15
7a9c216c32c0fc7a205e8d21,onepiececardgame,원피스 카드게임,2026-07,2026-07-25T10:47:25+09:00,known,e8b49e5a9472ee0c91cbd960,7a9c216c32c0fc7a205e8d21,103366,https://m.dcinside.com/board/onepiececardgame/103366,"황색 2코 히요리 페레 4장,나미 리페 삽니다",seller-8ad10b55fa52911e796a44cf,원딱러,registered,2코 하요리 페레,2코 하요리 페레,2코 하요리 페레,,,unknown,미분류,4,15,150000,estimated,bundle,text,unknown,,active,needs_review,needs_review,"가격 단위 추정, 수량 표기 감지, 일괄·세트 가격, 배송비 포함 여부 미확정, 묶음·세트 총액 · 개별 카드 가격 아님",estimated,no,no,2코 하요리 페레 4장 일괄 15
03d4fbfa7ed0e62ecbcac53c,onepiececardgame,원피스 카드게임,2026-07,2026-07-25T10:59:41+09:00,known,1e4392af85808fcfde243e12,03d4fbfa7ed0e62ecbcac53c,103368,https://m.dcinside.com/board/onepiececardgame/103368,로빈 나미 금둥 카톤 노말둥 팔고 청황나미 리더페레 삽니다,seller-80ab8c62a5d0aaa99cb421a6,ㅇㅇ,guest,나미 로빈,나미 로빈,나미 로빈,,,unknown,미분류,1,20,200000,estimated,bundle,text,unknown,,active,needs_review,needs_review,"가격 단위 추정, 일괄·세트 가격, 배송비 포함 여부 미확정, 묶음·세트 총액 · 개별 카드 가격 아님",estimated,no,no,나미 로빈 일괄 20
0e5d0261d02161f245e6d4d6,onepiececardgame,원피스 카드게임,2026-07,2026-07-25T10:59:41+09:00,known,1e4392af85808fcfde243e12,0e5d0261d02161f245e6d4d6,103368,https://m.dcinside.com/board/onepiececardgame/103368,로빈 나미 금둥 카톤 노말둥 팔고 청황나미 리더페레 삽니다,seller-80ab8c62a5d0aaa99cb421a6,ㅇㅇ,guest,나미리페,나미리페,나미리페,,,unknown,미분류,1,12,120000,estimated,per_card,text,unknown,,active,needs_review,needs_review,"가격 단위 추정, 배송비 포함 여부 미확정",estimated,yes,no,나미리페 12에 삽니다
338ff858d4c30b3cfa5d71ae,onepiececardgame,원피스 카드게임,2026-07,2026-07-25T10:59:41+09:00,known,82e79954ca5282d482dc1911,338ff858d4c30b3cfa5d71ae,103368,https://m.dcinside.com/board/onepiececardgame/103368,로빈 나미 금둥 카톤 노말둥 팔고 청황나미 리더페레 삽니다,seller-d2c2c90a80334508d6e394f5,ㅇㅇ,guest,나미 로빈,나미 로빈,나미 로빈,,,unknown,미분류,1,20,200000,estimated,bundle,text,unknown,,active,needs_review,needs_review,"가격 단위 추정, 일괄·세트 가격, 배송비 포함 여부 미확정, 묶음·세트 총액 · 개별 카드 가격 아님",estimated,no,no,나미 로빈 일괄 20
ae4bc82ed9c62991bd08ac49,onepiececardgame,원피스 카드게임,2026-07,2026-07-25T10:59:41+09:00,known,82e79954ca5282d482dc1911,ae4bc82ed9c62991bd08ac49,103368,https://m.dcinside.com/board/onepiececardgame/103368,로빈 나미 금둥 카톤 노말둥 팔고 청황나미 리더페레 삽니다,seller-d2c2c90a80334508d6e394f5,ㅇㅇ,guest,나미리페,나미리페,나미리페,,,unknown,미분류,1,12,120000,estimated,per_card,text,unknown,,active,needs_review,needs_review,"가격 단위 추정, 배송비 포함 여부 미확정",estimated,yes,no,나미리페 12에 삽니다
c5191cd46d9ee595bd02a178,onepiececardgame,원피스 카드게임,2026-07,2026-07-25T10:59:41+09:00,known,82e79954ca5282d482dc1911,c5191cd46d9ee595bd02a178,103368,https://m.dcinside.com/board/onepiececardgame/103368,로빈 나미 금둥 카톤 노말둥 팔고 청황나미 리더페레 삽니다,seller-d2c2c90a80334508d6e394f5,ㅇㅇ,guest,카톤둥,카톤둥,카톤둥,,,unknown,미분류,1,3,30000,estimated,per_card,text,unknown,,active,needs_review,needs_review,"가격 단위 추정, 배송비 포함 여부 미확정",estimated,yes,no,카톤둥 3
d44ae5bd92e6d33de29f7977,onepiececardgame,원피스 카드게임,2026-07,2026-07-25T10:59:41+09:00,known,1e4392af85808fcfde243e12,d44ae5bd92e6d33de29f7977,103368,https://m.dcinside.com/board/onepiececardgame/103368,로빈 나미 금둥 카톤 노말둥 팔고 청황나미 리더페레 삽니다,seller-80ab8c62a5d0aaa99cb421a6,ㅇㅇ,guest,카톤둥,카톤둥,카톤둥,,,unknown,미분류,1,3,30000,estimated,per_card,text,unknown,,active,needs_review,needs_review,"가격 단위 추정, 배송비 포함 여부 미확정",estimated,yes,no,카톤둥 3
0eeab92ec9d8c4e376a87d91,onepiececardgame,원피스 카드게임,2026-07,2026-07-25T11:25:10+09:00,known,362fa5f7a8874a9b42b0b172,0eeab92ec9d8c4e376a87d91,103378,https://m.dcinside.com/board/onepiececardgame/103378,5코 비비 페레 장당 2 잡고 3장 구함,seller-68abc03aa338c78212fe8d33,G드,registered,편의점 반값택배,편의점 반값택배,편의점 반값택배 0.2 / 준등기,,,unknown,미분류,1,0.2,2000,estimated,bundle,text,unknown,,active,needs_review,needs_review,"가격 단위 추정, 복수 카드 가격, 배송비 포함 여부 미확정, 묶음·세트 총액 · 개별 카드 가격 아님",estimated,no,no,편의점 반값택배 0.2 / 준등기 0.2
2e21f3fc14972dee5af18881,onepiececardgame,원피스 카드게임,2026-07,2026-07-25T11:25:10+09:00,known,362fa5f7a8874a9b42b0b172,2e21f3fc14972dee5af18881,103378,https://m.dcinside.com/board/onepiececardgame/103378,5코 비비 페레 장당 2 잡고 3장 구함,seller-68abc03aa338c78212fe8d33,G드,registered,,장당,장당,,,unknown,미분류,1,2,20000,estimated,per_card,text,unknown,,active,excluded,needs_review,"가격 단위 추정, 배송비 포함 여부 미확정, 스크립트·광고 문구로 추정되는 오염 행",estimated,yes,no,장당 2
545f911e00f49e2a45e011b9,onepiececardgame,원피스 카드게임,2026-07,2026-07-25T11:25:10+09:00,known,524b5d07e9d5ad4a7053376e,545f911e00f49e2a45e011b9,103378,https://m.dcinside.com/board/onepiececardgame/103378,5코 비비 페레 장당 2 잡고 3장 구함,seller-68abc03aa338c78212fe8d33,G드,registered,편의점 반값택배,편의점 반값택배,편의점 반값택배 0.2 / 준등기,,,unknown,미분류,1,0.2,2000,estimated,bundle,text,unknown,,active,needs_review,needs_review,"가격 단위 추정, 복수 카드 가격, 배송비 포함 여부 미확정, 묶음·세트 총액 · 개별 카드 가격 아님",estimated,no,no,편의점 반값택배 0.2 / 준등기 0.2
ac925cc4e718cefb716b1429,onepiececardgame,원피스 카드게임,2026-07,2026-07-25T11:25:10+09:00,known,524b5d07e9d5ad4a7053376e,ac925cc4e718cefb716b1429,103378,https://m.dcinside.com/board/onepiececardgame/103378,5코 비비 페레 장당 2 잡고 3장 구함,seller-68abc03aa338c78212fe8d33,G드,registered,,장당,장당,,,unknown,미분류,1,2,20000,estimated,per_card,text,unknown,,active,excluded,needs_review,"가격 단위 추정, 배송비 포함 여부 미확정, 스크립트·광고 문구로 추정되는 오염 행",estimated,yes,no,장당 2
e2d215fb9cd20a782caf66da,onepiececardgame,원피스 카드게임,2026-07,2026-07-25T11:25:10+09:00,known,524b5d07e9d5ad4a7053376e,e2d215fb9cd20a782caf66da,103378,https://m.dcinside.com/board/onepiececardgame/103378,5코 비비 페레 장당 2 잡고 3장 구함,seller-68abc03aa338c78212fe8d33,G드,registered,,,,,,unknown,미분류,3,6.5,65000,estimated,bundle,text,unknown,,active,needs_review,needs_review,"가격 단위 추정, 수량 표기 감지, 일괄·세트 가격, 배송비 포함 여부 미확정, 카드명 확인 필요, 묶음·세트 총액 · 개별 카드 가격 아님",estimated,no,no,3장 일괄 6.5에 구함
f828246da2834463cc6274e0,onepiececardgame,원피스 카드게임,2026-07,2026-07-25T11:25:10+09:00,known,362fa5f7a8874a9b42b0b172,f828246da2834463cc6274e0,103378,https://m.dcinside.com/board/onepiececardgame/103378,5코 비비 페레 장당 2 잡고 3장 구함,seller-68abc03aa338c78212fe8d33,G드,registered,,,,,,unknown,미분류,3,6.5,65000,estimated,bundle,text,unknown,,active,needs_review,needs_review,"가격 단위 추정, 수량 표기 감지, 일괄·세트 가격, 배송비 포함 여부 미확정, 카드명 확인 필요, 묶음·세트 총액 · 개별 카드 가격 아님",estimated,no,no,3장 일괄 6.5에 구함
1eacbc623fd08839144bb15b,onepiececardgame,원피스 카드게임,2026-07,2026-07-25T14:38:44+09:00,known,5c7ab4a96c07cbce158fdb8e,1eacbc623fd08839144bb15b,103423,https://m.dcinside.com/board/onepiececardgame/103423,이무 소스 삽니다,seller-a95c83e52916e5fc7264fc1e,ㅇㅇ,guest,10로성,10로성,10로성,,,unknown,미분류,1,1,10000,estimated,per_card,text,unknown,,active,needs_review,needs_review,"가격 단위 추정, 배송비 포함 여부 미확정",estimated,yes,no,10로성 1
205489c97fec2f9365e6b0be,onepiececardgame,원피스 카드게임,2026-07,2026-07-25T14:38:44+09:00,known,5c7ab4a96c07cbce158fdb8e,205489c97fec2f9365e6b0be,103423,https://m.dcinside.com/board/onepiececardgame/103423,이무 소스 삽니다,seller-a95c83e52916e5fc7264fc1e,ㅇㅇ,guest,시라호시,시라호시,시라호시,,,unknown,미분류,1,4,40000,estimated,per_card,text,unknown,,active,needs_review,needs_review,"가격 단위 추정, 배송비 포함 여부 미확정",estimated,yes,no,시라호시 4
84d9475a264d4710ef439280,onepiececardgame,원피스 카드게임,2026-07,2026-07-25T14:38:44+09:00,known,145daaba42e5563a84babb45,84d9475a264d4710ef439280,103423,https://m.dcinside.com/board/onepiececardgame/103423,이무 소스 삽니다,seller-88c8d7ecaf307f00109559b9,ㅇㅇ,guest,영락없이,영락없이,영락없이,,,unknown,미분류,1,2,20000,estimated,per_card,text,unknown,,active,needs_review,needs_review,"가격 단위 추정, 배송비 포함 여부 미확정",estimated,yes,no,영락없이 2
8c1341675e9b0b51279bdc44,onepiececardgame,원피스 카드게임,2026-07,2026-07-25T14:38:44+09:00,known,5c7ab4a96c07cbce158fdb8e,8c1341675e9b0b51279bdc44,103423,https://m.dcinside.com/board/onepiececardgame/103423,이무 소스 삽니다,seller-a95c83e52916e5fc7264fc1e,ㅇㅇ,guest,마리조아,마리조아,마리조아,,,unknown,미분류,1,1,10000,estimated,per_card,text,unknown,,active,needs_review,needs_review,"가격 단위 추정, 배송비 포함 여부 미확정",estimated,yes,no,마리조아 1
8e8568f3548a84da960e9516,onepiececardgame,원피스 카드게임,2026-07,2026-07-25T14:38:44+09:00,known,145daaba42e5563a84babb45,8e8568f3548a84da960e9516,103423,https://m.dcinside.com/board/onepiececardgame/103423,이무 소스 삽니다,seller-88c8d7ecaf307f00109559b9,ㅇㅇ,guest,시라호시,시라호시,시라호시,,,unknown,미분류,1,4,40000,estimated,per_card,text,unknown,,active,needs_review,needs_review,"가격 단위 추정, 배송비 포함 여부 미확정",estimated,yes,no,시라호시 4
b34bf03b79c03090ca9b4d8d,onepiececardgame,원피스 카드게임,2026-07,2026-07-25T14:38:44+09:00,known,145daaba42e5563a84babb45,b34bf03b79c03090ca9b4d8d,103423,https://m.dcinside.com/board/onepiececardgame/103423,이무 소스 삽니다,seller-88c8d7ecaf307f00109559b9,ㅇㅇ,guest,,,,,,unknown,미분류,1,2.0,20000,estimated,bundle,text,unknown,,active,needs_review,needs_review,"가격 단위 추정, 일괄·세트 가격, 배송비 포함 여부 미확정, 카드명 확인 필요, 묶음·세트 총액 · 개별 카드 가격 아님",estimated,no,no,일괄 2.0에 삽니다
b78b0f02fad927ef31d7a3eb,onepiececardgame,원피스 카드게임,2026-07,2026-07-25T14:38:44+09:00,known,5c7ab4a96c07cbce158fdb8e,b78b0f02fad927ef31d7a3eb,103423,https://m.dcinside.com/board/onepiececardgame/103423,이무 소스 삽니다,seller-a95c83e52916e5fc7264fc1e,ㅇㅇ,guest,,,,,,unknown,미분류,1,2.0,20000,estimated,bundle,text,unknown,,active,needs_review,needs_review,"가격 단위 추정, 일괄·세트 가격, 배송비 포함 여부 미확정, 카드명 확인 필요, 묶음·세트 총액 · 개별 카드 가격 아님",estimated,no,no,일괄 2.0에 삽니다
c708a03f12a397149c249f9c,onepiececardgame,원피스 카드게임,2026-07,2026-07-25T14:38:44+09:00,known,145daaba42e5563a84babb45,c708a03f12a397149c249f9c,103423,https://m.dcinside.com/board/onepiececardgame/103423,이무 소스 삽니다,seller-88c8d7ecaf307f00109559b9,ㅇㅇ,guest,마리조아,마리조아,마리조아,,,unknown,미분류,1,1,10000,estimated,per_card,text,unknown,,active,needs_review,needs_review,"가격 단위 추정, 배송비 포함 여부 미확정",estimated,yes,no,마리조아 1
d0790d5efd9225f13f8c5ed2,onepiececardgame,원피스 카드게임,2026-07,2026-07-25T14:38:44+09:00,known,145daaba42e5563a84babb45,d0790d5efd9225f13f8c5ed2,103423,https://m.dcinside.com/board/onepiececardgame/103423,이무 소스 삽니다,seller-88c8d7ecaf307f00109559b9,ㅇㅇ,guest,10로성,10로성,10로성,,,unknown,미분류,1,1,10000,estimated,per_card,text,unknown,,active,needs_review,needs_review,"가격 단위 추정, 배송비 포함 여부 미확정",estimated,yes,no,10로성 1
ea019f776a37f44131e5e599,onepiececardgame,원피스 카드게임,2026-07,2026-07-25T14:38:44+09:00,known,5c7ab4a96c07cbce158fdb8e,ea019f776a37f44131e5e599,103423,https://m.dcinside.com/board/onepiececardgame/103423,이무 소스 삽니다,seller-a95c83e52916e5fc7264fc1e,ㅇㅇ,guest,영락없이,영락없이,영락없이,,,unknown,미분류,1,2,20000,estimated,per_card,text,unknown,,active,needs_review,needs_review,"가격 단위 추정, 배송비 포함 여부 미확정",estimated,yes,no,영락없이 2
b1cad04cb3d973e6188e3236,onepiececardgame,원피스 카드게임,2026-07,2026-07-25T15:08:55+09:00,known,d2dcce062a0c4c32fda95ca1,b1cad04cb3d973e6188e3236,103429,https://m.dcinside.com/board/onepiececardgame/103429,OP13-007 에이스사보루피 4장 삽니다 구매완,seller-8ad10b55fa52911e796a44cf,원딱러,registered,에사루 반,에사루 반,에사루 준등포 반택포,,,unknown,미분류,4,1,10000,estimated,bundle,text,included,2000,active,needs_review,needs_review,"가격 단위 추정, 수량 표기 감지, 일괄·세트 가격, 묶음·세트 총액 · 개별 카드 가격 아님",estimated,no,no,에사루 4장 일괄 준등포 반택포 1에 삽니다 구매완
cc9d62b9da68a9d841f350be,onepiececardgame,원피스 카드게임,2026-07,2026-07-25T15:08:55+09:00,known,4dd5a2e895c461e1729a6ded,cc9d62b9da68a9d841f350be,103429,https://m.dcinside.com/board/onepiececardgame/103429,OP13-007 에이스사보루피 4장 삽니다 구매완,seller-8ad10b55fa52911e796a44cf,원딱러,registered,에사루 반,에사루 반,에사루 준등포 반택포,,,unknown,미분류,4,1,10000,estimated,bundle,text,included,2000,active,needs_review,needs_review,"가격 단위 추정, 수량 표기 감지, 일괄·세트 가격, 묶음·세트 총액 · 개별 카드 가격 아님",estimated,no,no,에사루 4장 일괄 준등포 반택포 1에 삽니다 구매완
b26baaef9def87296ced636e,onepiececardgame,원피스 카드게임,2026-07,2026-07-25T15:32:46+09:00,known,b460a33307825797e481561c,b26baaef9def87296ced636e,103437,https://m.dcinside.com/board/onepiececardgame/103437,코비 고레어소스들 삽니다,seller-8ad10b55fa52911e796a44cf,원딱러,registered,엑부,엑부,엑부,,,unknown,미분류,3,,,missing,unknown,unknown,unknown,,active,needs_review,needs_review,수량 표기 감지 · 가격 미기재,missing,no,no,엑부3
c17636dc208fdc5ececa9995,onepiececardgame,원피스 카드게임,2026-07,2026-07-25T15:32:46+09:00,known,bdf283890df82a0aa9deb6ef,c17636dc208fdc5ececa9995,103437,https://m.dcinside.com/board/onepiececardgame/103437,코비 고레어소스들 삽니다,seller-8ad10b55fa52911e796a44cf,원딱러,registered,엑부,엑부,엑부,,,unknown,미분류,3,,,missing,unknown,unknown,unknown,,active,needs_review,needs_review,수량 표기 감지 · 가격 미기재,missing,no,no,엑부3
6d60543a178c66100f8775c4,onepiececardgame,원피스 카드게임,2026-07,2026-07-25T16:03:54+09:00,known,f8c42d20248fa4084e482fd7,6d60543a178c66100f8775c4,103443,https://m.dcinside.com/board/onepiececardgame/103443,8로저 4장 구합니다,seller-81c183a9420286050c54f0b0,ㅇㅇ,guest,,,,,,unknown,미분류,1,2.8,28000,estimated,bundle,text,unknown,,active,needs_review,needs_review,"가격 단위 추정, 일괄·세트 가격, 배송비 포함 여부 미확정, 카드명 확인 필요, 묶음·세트 총액 · 개별 카드 가격 아님",estimated,no,no,일괄 2.8
8d257225bde0bba79a4e5fbe,onepiececardgame,원피스 카드게임,2026-07,2026-07-25T16:03:54+09:00,known,84704853b76c11b8aadeb52b,8d257225bde0bba79a4e5fbe,103443,https://m.dcinside.com/board/onepiececardgame/103443,8로저 4장 구합니다,seller-964ad02fe18c59851dc509ab,ㅇㅇ,guest,,,,,,unknown,미분류,1,2.8,28000,estimated,bundle,text,unknown,,active,needs_review,needs_review,"가격 단위 추정, 일괄·세트 가격, 배송비 포함 여부 미확정, 카드명 확인 필요, 묶음·세트 총액 · 개별 카드 가격 아님",estimated,no,no,일괄 2.8
13a3f7fe1c59b327c5d1cad9,onepiececardgame,원피스 카드게임,2026-07,2026-07-25T19:27:40+09:00,known,57d9aa361d58467b9f4534b7,13a3f7fe1c59b327c5d1cad9,103489,https://m.dcinside.com/board/onepiececardgame/103489,청자루피 소스삽니다,seller-02f817b42ea6bb1387f5b09d,와랄,registered,9루피,9루피,9루피 장당,,,unknown,미분류,3,0.8,8000,estimated,per_card,text,unknown,,active,needs_review,needs_review,"가격 단위 추정, 수량 표기 감지, 배송비 포함 여부 미확정",estimated,yes,no,9루피 3장 장당 0.8
40bb71820290c949384a9adb,onepiececardgame,원피스 카드게임,2026-07,2026-07-25T19:27:40+09:00,known,26b7e2055c51f23fc17debab,40bb71820290c949384a9adb,103489,https://m.dcinside.com/board/onepiececardgame/103489,청자루피 소스삽니다,seller-02f817b42ea6bb1387f5b09d,와랄,registered,일괄로 팔면,일괄로 팔면,일괄로 팔면,,,unknown,미분류,1,6.0,60000,estimated,bundle,text,unknown,,active,needs_review,needs_review,"가격 단위 추정, 일괄·세트 가격, 배송비 포함 여부 미확정, 묶음·세트 총액 · 개별 카드 가격 아님",estimated,no,no,일괄로 팔면 6.0
7891fcc236f84448b2da7104,onepiececardgame,원피스 카드게임,2026-07,2026-07-25T19:27:40+09:00,known,57d9aa361d58467b9f4534b7,7891fcc236f84448b2da7104,103489,https://m.dcinside.com/board/onepiececardgame/103489,청자루피 소스삽니다,seller-02f817b42ea6bb1387f5b09d,와랄,registered,9상디,9상디,9상디 장당,,,unknown,미분류,3,0.8,8000,estimated,per_card,text,unknown,,active,needs_review,needs_review,"가격 단위 추정, 수량 표기 감지, 배송비 포함 여부 미확정",estimated,yes,no,9상디 3장 장당 0.8
86ddb7ee1440c4cf405bbced,onepiececardgame,원피스 카드게임,2026-07,2026-07-25T19:27:40+09:00,known,57d9aa361d58467b9f4534b7,86ddb7ee1440c4cf405bbced,103489,https://m.dcinside.com/board/onepiececardgame/103489,청자루피 소스삽니다,seller-02f817b42ea6bb1387f5b09d,와랄,registered,리페도,리페도,리페도,,,unknown,미분류,1,3.5,35000,estimated,per_card,text,unknown,,active,needs_review,needs_review,"가격 단위 추정, 배송비 포함 여부 미확정",estimated,yes,no,리페도 3.5에 삽니다
9e517d3d670bace2c39ff941,onepiececardgame,원피스 카드게임,2026-07,2026-07-25T19:27:40+09:00,known,26b7e2055c51f23fc17debab,9e517d3d670bace2c39ff941,103489,https://m.dcinside.com/board/onepiececardgame/103489,청자루피 소스삽니다,seller-02f817b42ea6bb1387f5b09d,와랄,registered,리페도,리페도,리페도,,,unknown,미분류,1,3.5,35000,estimated,per_card,text,unknown,,active,needs_review,needs_review,"가격 단위 추정, 배송비 포함 여부 미확정",estimated,yes,no,리페도 3.5에 삽니다
9fb9c92d83574aa5e4137b97,onepiececardgame,원피스 카드게임,2026-07,2026-07-25T19:27:40+09:00,known,57d9aa361d58467b9f4534b7,9fb9c92d83574aa5e4137b97,103489,https://m.dcinside.com/board/onepiececardgame/103489,청자루피 소스삽니다,seller-02f817b42ea6bb1387f5b09d,와랄,registered,일괄로 팔면,일괄로 팔면,일괄로 팔면,,,unknown,미분류,1,6.0,60000,estimated,bundle,text,unknown,,active,needs_review,needs_review,"가격 단위 추정, 일괄·세트 가격, 배송비 포함 여부 미확정, 묶음·세트 총액 · 개별 카드 가격 아님",estimated,no,no,일괄로 팔면 6.0
b779d8bcd43eaded74ddf17c,onepiececardgame,원피스 카드게임,2026-07,2026-07-25T19:27:40+09:00,known,26b7e2055c51f23fc17debab,b779d8bcd43eaded74ddf17c,103489,https://m.dcinside.com/board/onepiececardgame/103489,청자루피 소스삽니다,seller-02f817b42ea6bb1387f5b09d,와랄,registered,기어,기어,기어 2,,,unknown,미분류,4,0.2,2000,estimated,bundle,text,unknown,,active,needs_review,needs_review,"가격 단위 추정, 수량 표기 감지, 일괄·세트 가격, 배송비 포함 여부 미확정, 묶음·세트 총액 · 개별 카드 가격 아님",estimated,no,no,기어 2 4장 일괄 0.2
b9166cdaa09396ea4a5bb6f8,onepiececardgame,원피스 카드게임,2026-07,2026-07-25T19:27:40+09:00,known,26b7e2055c51f23fc17debab,b9166cdaa09396ea4a5bb6f8,103489,https://m.dcinside.com/board/onepiececardgame/103489,청자루피 소스삽니다,seller-02f817b42ea6bb1387f5b09d,와랄,registered,9루피,9루피,9루피 장당,,,unknown,미분류,3,0.8,8000,estimated,per_card,text,unknown,,active,needs_review,needs_review,"가격 단위 추정, 수량 표기 감지, 배송비 포함 여부 미확정",estimated,yes,no,9루피 3장 장당 0.8
c2bd5823af67b226a8c5e918,onepiececardgame,원피스 카드게임,2026-07,2026-07-25T19:27:40+09:00,known,26b7e2055c51f23fc17debab,c2bd5823af67b226a8c5e918,103489,https://m.dcinside.com/board/onepiececardgame/103489,청자루피 소스삽니다,seller-02f817b42ea6bb1387f5b09d,와랄,registered,9상디,9상디,9상디 장당,,,unknown,미분류,3,0.8,8000,estimated,per_card,text,unknown,,active,needs_review,needs_review,"가격 단위 추정, 수량 표기 감지, 배송비 포함 여부 미확정",estimated,yes,no,9상디 3장 장당 0.8
e7b35445d52cb0ada216665a,onepiececardgame,원피스 카드게임,2026-07,2026-07-25T19:27:40+09:00,known,57d9aa361d58467b9f4534b7,e7b35445d52cb0ada216665a,103489,https://m.dcinside.com/board/onepiececardgame/103489,청자루피 소스삽니다,seller-02f817b42ea6bb1387f5b09d,와랄,registered,기어,기어,기어 2,,,unknown,미분류,4,0.2,2000,estimated,bundle,text,unknown,,active,needs_review,needs_review,"가격 단위 추정, 수량 표기 감지, 일괄·세트 가격, 배송비 포함 여부 미확정, 묶음·세트 총액 · 개별 카드 가격 아님",estimated,no,no,기어 2 4장 일괄 0.2
1194039cea37b012625bb85d,onepiececardgame,원피스 카드게임,2026-07,2026-07-25T22:04:58+09:00,known,21a3d69c8b9101755d355e71,1194039cea37b012625bb85d,103531,https://m.dcinside.com/board/onepiececardgame/103531,"eb03 비비 리더페레, sr 비비 구합니다",seller-8ad10b55fa52911e796a44cf,원딱러,registered,var safe = window.dcAd && window.dcAd.safe ==,var safe = window.dcAd && window.dcAd.safe ==,var safe = (window.dcAd && window.dcAd.safe ==,,,unknown,미분류,1,1,10000,estimated,bundle,text,unknown,,active,excluded,needs_review,"가격 단위 추정, 복수 카드 가격, 배송비 포함 여부 미확정, 묶음·세트 총액 · 개별 카드 가격 아님, 스크립트·광고 문구로 추정되는 오염 행",estimated,no,no,var safe = (window.dcAd && window.dcAd.safe == 1)
1d8bf32b0e1b04e45b747b13,onepiececardgame,원피스 카드게임,2026-07,2026-07-25T22:04:58+09:00,known,008c65db1e265c41514f690c,1d8bf32b0e1b04e45b747b13,103531,https://m.dcinside.com/board/onepiececardgame/103531,"eb03 비비 리더페레, sr 비비 구합니다",seller-8ad10b55fa52911e796a44cf,원딱러,registered,loadScript ' t,loadScript ' t,loadScript('//t,,,unknown,미분류,1,,,missing,unknown,unknown,unknown,,active,excluded,needs_review,"가격 후보 재검토 필요, 가격 미기재, 스크립트·광고 문구로 추정되는 오염 행",missing,no,no,"loadScript('//t1.kakaocdn.net/kas/static/ba.min.js', true);"
2b91dd3a3ae0655706a9b04b,onepiececardgame,원피스 카드게임,2026-07,2026-07-25T22:04:58+09:00,known,008c65db1e265c41514f690c,2b91dd3a3ae0655706a9b04b,103531,https://m.dcinside.com/board/onepiececardgame/103531,"eb03 비비 리더페레, sr 비비 구합니다",seller-8ad10b55fa52911e796a44cf,원딱러,registered,DOM 삽입 헬퍼 현재 스크립트 위치 기준,DOM 삽입 헬퍼 현재 스크립트 위치 기준,// ---- DOM 삽입 헬퍼 (현재 스크립트 위치 기준,,,unknown,미분류,1,,,missing,unknown,unknown,unknown,,active,excluded,needs_review,"가격 후보 재검토 필요, 가격 미기재, 스크립트·광고 문구로 추정되는 오염 행",missing,no,no,// ---- DOM 삽입 헬퍼 (현재 스크립트 위치 기준1)
4a1d4c9f77cefed7839b0c4b,onepiececardgame,원피스 카드게임,2026-07,2026-07-25T22:04:58+09:00,known,21a3d69c8b9101755d355e71,4a1d4c9f77cefed7839b0c4b,103531,https://m.dcinside.com/board/onepiececardgame/103531,"eb03 비비 리더페레, sr 비비 구합니다",seller-8ad10b55fa52911e796a44cf,원딱러,registered,DOM 삽입 헬퍼 현재 스크립트 위치 기준,DOM 삽입 헬퍼 현재 스크립트 위치 기준,// ---- DOM 삽입 헬퍼 (현재 스크립트 위치 기준,,,unknown,미분류,1,,,missing,unknown,unknown,unknown,,active,excluded,needs_review,"가격 후보 재검토 필요, 가격 미기재, 스크립트·광고 문구로 추정되는 오염 행",missing,no,no,// ---- DOM 삽입 헬퍼 (현재 스크립트 위치 기준1)
4cf628d514fc9b3ab142c1f0,onepiececardgame,원피스 카드게임,2026-07,2026-07-25T22:04:58+09:00,known,008c65db1e265c41514f690c,4cf628d514fc9b3ab142c1f0,103531,https://m.dcinside.com/board/onepiececardgame/103531,"eb03 비비 리더페레, sr 비비 구합니다",seller-8ad10b55fa52911e796a44cf,원딱러,registered,loadScript 'https pagead,loadScript 'https pagead,loadScript('https://pagead,,,unknown,미분류,1,,,missing,unknown,unknown,unknown,,active,excluded,needs_review,"가격 후보 재검토 필요, 가격 미기재, 스크립트·광고 문구로 추정되는 오염 행",missing,no,no,"loadScript('https://pagead2.googlesyndication.com/pagead/js/adsbygoogle_direct.js?client=ca-pub-8171468792791627', true, 'anonymous');"
82e35735e6597be029673051,onepiececardgame,원피스 카드게임,2026-07,2026-07-25T22:04:58+09:00,known,008c65db1e265c41514f690c,82e35735e6597be029673051,103531,https://m.dcinside.com/board/onepiececardgame/103531,"eb03 비비 리더페레, sr 비비 구합니다",seller-8ad10b55fa52911e796a44cf,원딱러,registered,var safe = window.dcAd && window.dcAd.safe ==,var safe = window.dcAd && window.dcAd.safe ==,var safe = (window.dcAd && window.dcAd.safe ==,,,unknown,미분류,1,1,10000,estimated,bundle,text,unknown,,active,excluded,needs_review,"가격 단위 추정, 복수 카드 가격, 배송비 포함 여부 미확정, 묶음·세트 총액 · 개별 카드 가격 아님, 스크립트·광고 문구로 추정되는 오염 행",estimated,no,no,var safe = (window.dcAd && window.dcAd.safe == 1)
85bfe9221df2a153046ef816,onepiececardgame,원피스 카드게임,2026-07,2026-07-25T22:04:58+09:00,known,21a3d69c8b9101755d355e71,85bfe9221df2a153046ef816,103531,https://m.dcinside.com/board/onepiececardgame/103531,"eb03 비비 리더페레, sr 비비 구합니다",seller-8ad10b55fa52911e796a44cf,원딱러,registered,비비 리더 페레,비비 리더 페레,비비 리더 페레,,,unknown,미분류,1,1,10000,estimated,per_card,text,unknown,,active,needs_review,needs_review,"수량 표기 감지, 배송비 포함 여부 미확정",estimated,yes,no,비비 리더 페레 1장 1만원
867b3c2f9dd13c84fdbea62d,onepiececardgame,원피스 카드게임,2026-07,2026-07-25T22:04:58+09:00,known,21a3d69c8b9101755d355e71,867b3c2f9dd13c84fdbea62d,103531,https://m.dcinside.com/board/onepiececardgame/103531,"eb03 비비 리더페레, sr 비비 구합니다",seller-8ad10b55fa52911e796a44cf,원딱러,registered,loadScript ' t,loadScript ' t,loadScript('//t,,,unknown,미분류,1,,,missing,unknown,unknown,unknown,,active,excluded,needs_review,"가격 후보 재검토 필요, 가격 미기재, 스크립트·광고 문구로 추정되는 오염 행",missing,no,no,"loadScript('//t1.kakaocdn.net/kas/static/ba.min.js', true);"
987ed2ec876c908f2edae1a9,onepiececardgame,원피스 카드게임,2026-07,2026-07-25T22:04:58+09:00,known,008c65db1e265c41514f690c,987ed2ec876c908f2edae1a9,103531,https://m.dcinside.com/board/onepiececardgame/103531,"eb03 비비 리더페레, sr 비비 구합니다",seller-8ad10b55fa52911e796a44cf,원딱러,registered,비비 리더 페레,비비 리더 페레,비비 리더 페레,,,unknown,미분류,1,1,10000,estimated,per_card,text,unknown,,active,needs_review,needs_review,"수량 표기 감지, 배송비 포함 여부 미확정",estimated,yes,no,비비 리더 페레 1장 1만원
dd9ca5d0955ded3dbc991242,onepiececardgame,원피스 카드게임,2026-07,2026-07-25T22:04:58+09:00,known,21a3d69c8b9101755d355e71,dd9ca5d0955ded3dbc991242,103531,https://m.dcinside.com/board/onepiececardgame/103531,"eb03 비비 리더페레, sr 비비 구합니다",seller-8ad10b55fa52911e796a44cf,원딱러,registered,loadScript 'https pagead,loadScript 'https pagead,loadScript('https://pagead,,,unknown,미분류,1,,,missing,unknown,unknown,unknown,,active,excluded,needs_review,"가격 후보 재검토 필요, 가격 미기재, 스크립트·광고 문구로 추정되는 오염 행",missing,no,no,"loadScript('https://pagead2.googlesyndication.com/pagead/js/adsbygoogle_direct.js?client=ca-pub-8171468792791627', true, 'anonymous');"
404d3f976c5019fff61b9ce8,onepiececardgame,원피스 카드게임,2026-07,2026-07-25T22:55:44+09:00,known,06d42c904a618bfcc068faae,404d3f976c5019fff61b9ce8,103545,https://m.dcinside.com/board/onepiececardgame/103545,"내일 야탑역곡직 13탄 로, 이벤트 구매합니다",seller-5b4b9397e5d50118f7eeb70a,ㅇㅇ,guest,OP13 6코스트 녹색로,OP13 6코스트 녹색로,OP13 6코스트 녹색로 장당 .,,,unknown,미분류,4,,,missing,unknown,unknown,unknown,,active,needs_review,needs_review,수량 표기 감지 · 가격 미기재,missing,no,no,OP13 6코스트 녹색로 3장 장당 .1
68b0eaa59687dc2e4f44b796,onepiececardgame,원피스 카드게임,2026-07,2026-07-25T22:55:44+09:00,known,68d814043fbb741e79051672,68b0eaa59687dc2e4f44b796,103545,https://m.dcinside.com/board/onepiececardgame/103545,"내일 야탑역곡직 13탄 로, 이벤트 구매합니다",seller-f4e9349084637a9e3c4a079e,ㅇㅇ,guest,OP13 6코스트 녹색로,OP13 6코스트 녹색로,OP13 6코스트 녹색로 장당 .,,,unknown,미분류,4,,,missing,unknown,unknown,unknown,,active,needs_review,needs_review,수량 표기 감지 · 가격 미기재,missing,no,no,OP13 6코스트 녹색로 3장 장당 .1
7c2859395c7dbf407cc72a33,onepiececardgame,원피스 카드게임,2026-07,2026-07-25T22:55:44+09:00,known,06d42c904a618bfcc068faae,7c2859395c7dbf407cc72a33,103545,https://m.dcinside.com/board/onepiececardgame/103545,"내일 야탑역곡직 13탄 로, 이벤트 구매합니다",seller-5b4b9397e5d50118f7eeb70a,ㅇㅇ,guest,OP07-056 청색 1코스트 슬레이브애로우,OP07-056 청색 1코스트 슬레이브애로우,OP07-056 청색 1코스트 슬레이브애로우,,,unknown,미분류,3,0.2,2000,estimated,bundle,text,unknown,,active,needs_review,needs_review,"가격 단위 추정, 수량 표기 감지, 일괄·세트 가격, 배송비 포함 여부 미확정, 묶음·세트 총액 · 개별 카드 가격 아님",estimated,no,no,OP07-056 청색 1코스트 슬레이브애로우 3장 일괄 0.2
87ebc9e7f5be752cf71f728e,onepiececardgame,원피스 카드게임,2026-07,2026-07-25T22:55:44+09:00,known,68d814043fbb741e79051672,87ebc9e7f5be752cf71f728e,103545,https://m.dcinside.com/board/onepiececardgame/103545,"내일 야탑역곡직 13탄 로, 이벤트 구매합니다",seller-f4e9349084637a9e3c4a079e,ㅇㅇ,guest,PRB02-006 녹색 4코스트 조로,PRB02-006 녹색 4코스트 조로,PRB02-006 녹색 4코스트 조로,,,unknown,미분류,1,0.2,2000,estimated,per_card,text,unknown,,active,needs_review,needs_review,"가격 단위 추정, 수량 표기 감지, 배송비 포함 여부 미확정",estimated,yes,no,PRB02-006 녹색 4코스트 조로 1장 0.2
962c16271b536c33276b5375,onepiececardgame,원피스 카드게임,2026-07,2026-07-25T22:55:44+09:00,known,06d42c904a618bfcc068faae,962c16271b536c33276b5375,103545,https://m.dcinside.com/board/onepiececardgame/103545,"내일 야탑역곡직 13탄 로, 이벤트 구매합니다",seller-5b4b9397e5d50118f7eeb70a,ㅇㅇ,guest,PRB02-006 녹색 4코스트 조로,PRB02-006 녹색 4코스트 조로,PRB02-006 녹색 4코스트 조로,,,unknown,미분류,1,0.2,2000,estimated,per_card,text,unknown,,active,needs_review,needs_review,"가격 단위 추정, 수량 표기 감지, 배송비 포함 여부 미확정",estimated,yes,no,PRB02-006 녹색 4코스트 조로 1장 0.2
9ff4363f7321a8d194560b6e,onepiececardgame,원피스 카드게임,2026-07,2026-07-25T22:55:44+09:00,known,06d42c904a618bfcc068faae,9ff4363f7321a8d194560b6e,103545,https://m.dcinside.com/board/onepiececardgame/103545,"내일 야탑역곡직 13탄 로, 이벤트 구매합니다",seller-5b4b9397e5d50118f7eeb70a,ㅇㅇ,guest,,장당 .,장당 .,,,unknown,미분류,1,,,missing,unknown,unknown,unknown,,active,needs_review,needs_review,수량 표기 감지 · 가격 미기재,missing,no,no,장당 .1
b2c0f0c07cc82cd10aa55d05,onepiececardgame,원피스 카드게임,2026-07,2026-07-25T22:55:44+09:00,known,68d814043fbb741e79051672,b2c0f0c07cc82cd10aa55d05,103545,https://m.dcinside.com/board/onepiececardgame/103545,"내일 야탑역곡직 13탄 로, 이벤트 구매합니다",seller-f4e9349084637a9e3c4a079e,ㅇㅇ,guest,,장당 .,장당 .,,,unknown,미분류,1,,,missing,unknown,unknown,unknown,,active,needs_review,needs_review,수량 표기 감지 · 가격 미기재,missing,no,no,장당 .1
e702adae583adabf80ca79b3,onepiececardgame,원피스 카드게임,2026-07,2026-07-25T22:55:44+09:00,known,68d814043fbb741e79051672,e702adae583adabf80ca79b3,103545,https://m.dcinside.com/board/onepiececardgame/103545,"내일 야탑역곡직 13탄 로, 이벤트 구매합니다",seller-f4e9349084637a9e3c4a079e,ㅇㅇ,guest,OP07-056 청색 1코스트 슬레이브애로우,OP07-056 청색 1코스트 슬레이브애로우,OP07-056 청색 1코스트 슬레이브애로우,,,unknown,미분류,3,0.2,2000,estimated,bundle,text,unknown,,active,needs_review,needs_review,"가격 단위 추정, 수량 표기 감지, 일괄·세트 가격, 배송비 포함 여부 미확정, 묶음·세트 총액 · 개별 카드 가격 아님",estimated,no,no,OP07-056 청색 1코스트 슬레이브애로우 3장 일괄 0.2
06307bfd4cf9637ef2a38320,onepiececardgame,원피스 카드게임,2026-07,2026-07-26T01:16:05+09:00,known,05bb2bed893d767b40603309,06307bfd4cf9637ef2a38320,103586,https://m.dcinside.com/board/onepiececardgame/103586,EB03 페레 판매 및 교환합니다,seller-e56a3a890fec0f7c763ea71f,불주먹,registered,+,+,준등기 +,,,unknown,미분류,1,0.2,2000,estimated,bundle,text,unknown,,active,needs_review,needs_review,"가격 단위 추정, 복수 카드 가격, 배송비 포함 여부 미확정, 묶음·세트 총액 · 개별 카드 가격 아님",estimated,no,no,준등기 +0.2
099651c64dfa2966200190dc,onepiececardgame,원피스 카드게임,2026-07,2026-07-26T01:16:05+09:00,known,05bb2bed893d767b40603309,099651c64dfa2966200190dc,103586,https://m.dcinside.com/board/onepiececardgame/103586,EB03 페레 판매 및 교환합니다,seller-e56a3a890fec0f7c763ea71f,불주먹,registered,히바리 페레,히바리 페레,히바리 페레,,,unknown,미분류,1,1.5,15000,estimated,per_card,text,unknown,,active,needs_review,needs_review,"가격 단위 추정, 수량 표기 감지, 배송비 포함 여부 미확정",estimated,yes,no,히바리 페레 1장 1.5
379761d8f3522e5eabe6dc55,onepiececardgame,원피스 카드게임,2026-07,2026-07-26T01:16:05+09:00,known,05bb2bed893d767b40603309,379761d8f3522e5eabe6dc55,103586,https://m.dcinside.com/board/onepiececardgame/103586,EB03 페레 판매 및 교환합니다,seller-e56a3a890fec0f7c763ea71f,불주먹,registered,우타 SR 페레,우타 SR 페레,우타 SR 페레,,,unknown,미분류,1,1.5,15000,estimated,per_card,text,unknown,,active,needs_review,needs_review,"가격 단위 추정, 수량 표기 감지, 배송비 포함 여부 미확정",estimated,yes,no,우타 SR 페레 1장 1.5
38a82970a339c47e64f6ad30,onepiececardgame,원피스 카드게임,2026-07,2026-07-26T01:16:05+09:00,known,9e22c961274db05b753c2cca,38a82970a339c47e64f6ad30,103586,https://m.dcinside.com/board/onepiececardgame/103586,EB03 페레 판매 및 교환합니다,seller-e56a3a890fec0f7c763ea71f,불주먹,registered,+,+,준등기 +,,,unknown,미분류,1,0.2,2000,estimated,bundle,text,unknown,,active,needs_review,needs_review,"가격 단위 추정, 복수 카드 가격, 배송비 포함 여부 미확정, 묶음·세트 총액 · 개별 카드 가격 아님",estimated,no,no,준등기 +0.2
4d90bead63bf2d941db5203f,onepiececardgame,원피스 카드게임,2026-07,2026-07-26T01:16:05+09:00,known,ab8e5b548d727a5bfa5de6a2,4d90bead63bf2d941db5203f,103586,https://m.dcinside.com/board/onepiececardgame/103586,EB03 페레 판매 및 교환합니다,seller-e56a3a890fec0f7c763ea71f,불주먹,registered,우타 SR 페레,우타 SR 페레,우타 SR 페레,,,unknown,미분류,1,1.5,15000,estimated,per_card,text,unknown,,active,needs_review,needs_review,"가격 단위 추정, 수량 표기 감지, 배송비 포함 여부 미확정",estimated,yes,no,우타 SR 페레 1장 1.5
53a9159805e3c9eff6c9c3bf,onepiececardgame,원피스 카드게임,2026-07,2026-07-26T01:16:05+09:00,known,ab8e5b548d727a5bfa5de6a2,53a9159805e3c9eff6c9c3bf,103586,https://m.dcinside.com/board/onepiececardgame/103586,EB03 페레 판매 및 교환합니다,seller-e56a3a890fec0f7c763ea71f,불주먹,registered,히바리 페레,히바리 페레,히바리 페레,,,unknown,미분류,1,1.5,15000,estimated,per_card,text,unknown,,active,needs_review,needs_review,"가격 단위 추정, 수량 표기 감지, 배송비 포함 여부 미확정",estimated,yes,no,히바리 페레 1장 1.5
a1b748f4b0a764045e4b6ffd,onepiececardgame,원피스 카드게임,2026-07,2026-07-26T01:16:05+09:00,known,ab8e5b548d727a5bfa5de6a2,a1b748f4b0a764045e4b6ffd,103586,https://m.dcinside.com/board/onepiececardgame/103586,EB03 페레 판매 및 교환합니다,seller-e56a3a890fec0f7c763ea71f,불주먹,registered,+,+,준등기 +,,,unknown,미분류,1,0.2,2000,estimated,bundle,text,unknown,,active,needs_review,needs_review,"가격 단위 추정, 복수 카드 가격, 배송비 포함 여부 미확정, 묶음·세트 총액 · 개별 카드 가격 아님",estimated,no,no,준등기 +0.2
a94a9d375ac563fc02cfd368,onepiececardgame,원피스 카드게임,2026-07,2026-07-26T01:16:05+09:00,known,9e22c961274db05b753c2cca,a94a9d375ac563fc02cfd368,103586,https://m.dcinside.com/board/onepiececardgame/103586,EB03 페레 판매 및 교환합니다,seller-e56a3a890fec0f7c763ea71f,불주먹,registered,히바리 페레,히바리 페레,히바리 페레,,,unknown,미분류,1,1.5,15000,estimated,per_card,text,unknown,,active,needs_review,needs_review,"가격 단위 추정, 수량 표기 감지, 배송비 포함 여부 미확정",estimated,yes,no,히바리 페레 1장 1.5
d2df71bc04c0167a3464322b,onepiececardgame,원피스 카드게임,2026-07,2026-07-26T01:16:05+09:00,known,9e22c961274db05b753c2cca,d2df71bc04c0167a3464322b,103586,https://m.dcinside.com/board/onepiececardgame/103586,EB03 페레 판매 및 교환합니다,seller-e56a3a890fec0f7c763ea71f,불주먹,registered,우타 SR 페레,우타 SR 페레,우타 SR 페레,,,unknown,미분류,1,1.5,15000,estimated,per_card,text,unknown,,active,needs_review,needs_review,"가격 단위 추정, 수량 표기 감지, 배송비 포함 여부 미확정",estimated,yes,no,우타 SR 페레 1장 1.5
102c5453dc6667ae4e45e17d,onepiececardgame,원피스 카드게임,2026-07,2026-07-26T02:27:17+09:00,known,c4a2f715d7678dcfbeb5c37a,102c5453dc6667ae4e45e17d,103602,https://m.dcinside.com/board/onepiececardgame/103602,트라팔가 로시난테 덱 소스 구매합니다,seller-16861a7b2c244018baaa1e6c,바른사과,guest,OP12- 당 삼니다 일괄로 하시면,OP12- 당 삼니다 일괄로 하시면,OP12- 당 0.5 삼니다 일괄로 판매하시면,,,unknown,미분류,112,2.5,25000,estimated,bundle,text,unknown,,active,needs_review,needs_review,"수량 표기 감지, 일괄·세트 가격, 배송비 포함 여부 미확정, 묶음·세트 총액 · 개별 카드 가격 아님",estimated,no,no,OP12-112 장당 0.5 삼니다 일괄로 판매하시면 2.5만에 사겠습니
2134b64dff9f2aed7b1a2d3f,onepiececardgame,원피스 카드게임,2026-07,2026-07-26T02:27:17+09:00,known,c4a2f715d7678dcfbeb5c37a,2134b64dff9f2aed7b1a2d3f,103602,https://m.dcinside.com/board/onepiececardgame/103602,트라팔가 로시난테 덱 소스 구매합니다,seller-16861a7b2c244018baaa1e6c,바른사과,guest,P-088 삼니다 일괄로 하시면,P-088 삼니다 일괄로 하시면,P-088 장당 0.7 삼니다 일괄로 판매하시면,,,unknown,미분류,4,3,30000,estimated,bundle,text,unknown,,active,needs_review,needs_review,"수량 표기 감지, 일괄·세트 가격, 배송비 포함 여부 미확정, 묶음·세트 총액 · 개별 카드 가격 아님",estimated,no,no,P-088 4장 장당 0.7 삼니다 일괄로 판매하시면 3만에 사겠습니다
2a767f91e4af82f016b060db,onepiececardgame,원피스 카드게임,2026-07,2026-07-26T02:27:17+09:00,known,793d8d386229435696734efc,2a767f91e4af82f016b060db,103602,https://m.dcinside.com/board/onepiececardgame/103602,트라팔가 로시난테 덱 소스 구매합니다,seller-21af049ea196b6a1895ec0b3,바른사과,guest,P-088 삼니다 일괄로 하시면,P-088 삼니다 일괄로 하시면,P-088 장당 0.7 삼니다 일괄로 판매하시면,,,unknown,미분류,4,3,30000,estimated,bundle,text,unknown,,active,needs_review,needs_review,"수량 표기 감지, 일괄·세트 가격, 배송비 포함 여부 미확정, 묶음·세트 총액 · 개별 카드 가격 아님",estimated,no,no,P-088 4장 장당 0.7 삼니다 일괄로 판매하시면 3만에 사겠습니다
b475ca143a7e8ab13c24e40e,onepiececardgame,원피스 카드게임,2026-07,2026-07-26T02:27:17+09:00,known,793d8d386229435696734efc,b475ca143a7e8ab13c24e40e,103602,https://m.dcinside.com/board/onepiececardgame/103602,트라팔가 로시난테 덱 소스 구매합니다,seller-21af049ea196b6a1895ec0b3,바른사과,guest,OP12- 당 삼니다 일괄로 하시면,OP12- 당 삼니다 일괄로 하시면,OP12- 당 0.5 삼니다 일괄로 판매하시면,,,unknown,미분류,112,2.5,25000,estimated,bundle,text,unknown,,active,needs_review,needs_review,"수량 표기 감지, 일괄·세트 가격, 배송비 포함 여부 미확정, 묶음·세트 총액 · 개별 카드 가격 아님",estimated,no,no,OP12-112 장당 0.5 삼니다 일괄로 판매하시면 2.5만에 사겠습니
0382f5939118016891e5a206,onepiececardgame,원피스 카드게임,2026-07,2026-07-26T10:15:50+09:00,known,c9e702589337024cc88cba63,0382f5939118016891e5a206,103639,https://m.dcinside.com/board/onepiececardgame/103639,카드 몇장 팝니다,seller-eddf0f05df93792023523be5,설빙충,registered,오타마,오타마,오타마,,,unknown,미분류,1,0.8,8000,estimated,bundle,text,unknown,,completed,context_only,needs_review,"가격 단위 추정, 일괄·세트 가격, 배송비 포함 여부 미확정, 거래 완료 글 · 현재 매물 제외, 묶음·세트 총액 · 개별 카드 가격 아님",estimated,no,no,오타마 일괄 0.8
04ae2368a151498ebf27bd3b,onepiececardgame,원피스 카드게임,2026-07,2026-07-26T10:15:50+09:00,known,c9e702589337024cc88cba63,04ae2368a151498ebf27bd3b,103639,https://m.dcinside.com/board/onepiececardgame/103639,카드 몇장 팝니다,seller-eddf0f05df93792023523be5,설빙충,registered,라디칼,라디칼,라디칼,,,unknown,미분류,1,0.2,2000,estimated,bundle,text,unknown,,completed,context_only,needs_review,"가격 단위 추정, 일괄·세트 가격, 배송비 포함 여부 미확정, 거래 완료 글 · 현재 매물 제외, 묶음·세트 총액 · 개별 카드 가격 아님",estimated,no,no,라디칼 일괄 0.2
07b639274e15f972c8b1976d,onepiececardgame,원피스 카드게임,2026-07,2026-07-26T10:15:50+09:00,known,d48da424ea986312af134d2b,07b639274e15f972c8b1976d,103639,https://m.dcinside.com/board/onepiececardgame/103639,카드 몇장 팝니다,seller-eddf0f05df93792023523be5,설빙충,registered,상디,상디,상디,,,unknown,미분류,1,4,40000,estimated,bundle,text,unknown,,completed,context_only,needs_review,"가격 단위 추정, 일괄·세트 가격, 배송비 포함 여부 미확정, 거래 완료 글 · 현재 매물 제외, 묶음·세트 총액 · 개별 카드 가격 아님",estimated,no,no,상디 일괄 4
09494ba4f81a86705eb81220,onepiececardgame,원피스 카드게임,2026-07,2026-07-26T10:15:50+09:00,known,d48da424ea986312af134d2b,09494ba4f81a86705eb81220,103639,https://m.dcinside.com/board/onepiececardgame/103639,카드 몇장 팝니다,seller-eddf0f05df93792023523be5,설빙충,registered,아트모스,아트모스,아트모스 장당,,,unknown,미분류,1,0.2,2000,estimated,per_card,text,unknown,,completed,context_only,needs_review,"가격 단위 추정, 배송비 포함 여부 미확정, 거래 완료 글 · 현재 매물 제외",estimated,no,no,아트모스 장당 0.2
0fcaf0669f6b5a838941bf03,onepiececardgame,원피스 카드게임,2026-07,2026-07-26T10:15:50+09:00,known,d48da424ea986312af134d2b,0fcaf0669f6b5a838941bf03,103639,https://m.dcinside.com/board/onepiececardgame/103639,카드 몇장 팝니다,seller-eddf0f05df93792023523be5,설빙충,registered,행콕,행콕,행콕,,,unknown,미분류,1,2,20000,estimated,bundle,text,unknown,,completed,context_only,needs_review,"가격 단위 추정, 일괄·세트 가격, 배송비 포함 여부 미확정, 거래 완료 글 · 현재 매물 제외, 묶음·세트 총액 · 개별 카드 가격 아님",estimated,no,no,행콕 일괄 2
1889e59e1233a87ed852a7bb,onepiececardgame,원피스 카드게임,2026-07,2026-07-26T10:15:50+09:00,known,d48da424ea986312af134d2b,1889e59e1233a87ed852a7bb,103639,https://m.dcinside.com/board/onepiececardgame/103639,카드 몇장 팝니다,seller-eddf0f05df93792023523be5,설빙충,registered,루나,루나,루나,,,unknown,미분류,1,0.5,5000,estimated,per_card,text,unknown,,completed,context_only,needs_review,"가격 단위 추정, 배송비 포함 여부 미확정, 거래 완료 글 · 현재 매물 제외",estimated,no,no,루나 0.5
2b9be8de60f22921091ea2db,onepiececardgame,원피스 카드게임,2026-07,2026-07-26T10:15:50+09:00,known,d48da424ea986312af134d2b,2b9be8de60f22921091ea2db,103639,https://m.dcinside.com/board/onepiececardgame/103639,카드 몇장 팝니다,seller-eddf0f05df93792023523be5,설빙충,registered,오타마,오타마,오타마,,,unknown,미분류,1,0.8,8000,estimated,bundle,text,unknown,,completed,context_only,needs_review,"가격 단위 추정, 일괄·세트 가격, 배송비 포함 여부 미확정, 거래 완료 글 · 현재 매물 제외, 묶음·세트 총액 · 개별 카드 가격 아님",estimated,no,no,오타마 일괄 0.8
3364aa5edced4510140b8a8f,onepiececardgame,원피스 카드게임,2026-07,2026-07-26T10:15:50+09:00,known,c9e702589337024cc88cba63,3364aa5edced4510140b8a8f,103639,https://m.dcinside.com/board/onepiececardgame/103639,카드 몇장 팝니다,seller-eddf0f05df93792023523be5,설빙충,registered,타시기,타시기,타시기,,,unknown,미분류,1,6,60000,estimated,bundle,text,unknown,,completed,context_only,needs_review,"가격 단위 추정, 일괄·세트 가격, 배송비 포함 여부 미확정, 거래 완료 글 · 현재 매물 제외, 묶음·세트 총액 · 개별 카드 가격 아님",estimated,no,no,타시기 일괄 6 판매완료
3cd6e74592905f6b0f4cdc19,onepiececardgame,원피스 카드게임,2026-07,2026-07-26T10:15:50+09:00,known,c9e702589337024cc88cba63,3cd6e74592905f6b0f4cdc19,103639,https://m.dcinside.com/board/onepiececardgame/103639,카드 몇장 팝니다,seller-eddf0f05df93792023523be5,설빙충,registered,뉴게이트,뉴게이트,뉴게이트 장당,,,unknown,미분류,1,1,10000,estimated,per_card,text,unknown,,completed,context_only,needs_review,"가격 단위 추정, 배송비 포함 여부 미확정, 거래 완료 글 · 현재 매물 제외",estimated,no,no,뉴게이트 장당 1
41af873364c9cb6ad592d2e7,onepiececardgame,원피스 카드게임,2026-07,2026-07-26T10:15:50+09:00,known,c9e702589337024cc88cba63,41af873364c9cb6ad592d2e7,103639,https://m.dcinside.com/board/onepiececardgame/103639,카드 몇장 팝니다,seller-eddf0f05df93792023523be5,설빙충,registered,레일리,레일리,레일리 장당,,,unknown,미분류,1,1.1,11000,estimated,per_card,text,unknown,,completed,context_only,needs_review,"가격 단위 추정, 배송비 포함 여부 미확정, 거래 완료 글 · 현재 매물 제외",estimated,no,no,레일리 장당 1.1
49907d1fe664ea24950c70a7,onepiececardgame,원피스 카드게임,2026-07,2026-07-26T10:15:50+09:00,known,c9e702589337024cc88cba63,49907d1fe664ea24950c70a7,103639,https://m.dcinside.com/board/onepiececardgame/103639,카드 몇장 팝니다,seller-eddf0f05df93792023523be5,설빙충,registered,루나,루나,루나,,,unknown,미분류,1,0.5,5000,estimated,per_card,text,unknown,,completed,context_only,needs_review,"가격 단위 추정, 배송비 포함 여부 미확정, 거래 완료 글 · 현재 매물 제외",estimated,no,no,루나 0.5
53a2500a1121c7ce82dd2cdc,onepiececardgame,원피스 카드게임,2026-07,2026-07-26T10:15:50+09:00,known,d48da424ea986312af134d2b,53a2500a1121c7ce82dd2cdc,103639,https://m.dcinside.com/board/onepiececardgame/103639,카드 몇장 팝니다,seller-eddf0f05df93792023523be5,설빙충,registered,조즈,조즈,조즈,,,unknown,미분류,1,2,20000,estimated,bundle,text,unknown,,completed,context_only,needs_review,"가격 단위 추정, 일괄·세트 가격, 배송비 포함 여부 미확정, 거래 완료 글 · 현재 매물 제외, 묶음·세트 총액 · 개별 카드 가격 아님",estimated,no,no,조즈 일괄 2
561131b34caa369828f466de,onepiececardgame,원피스 카드게임,2026-07,2026-07-26T10:15:50+09:00,known,c9e702589337024cc88cba63,561131b34caa369828f466de,103639,https://m.dcinside.com/board/onepiececardgame/103639,카드 몇장 팝니다,seller-eddf0f05df93792023523be5,설빙충,registered,루피,루피,루피 장당,,,unknown,미분류,1,0.5,5000,estimated,per_card,text,unknown,,completed,context_only,needs_review,"가격 단위 추정, 배송비 포함 여부 미확정, 거래 완료 글 · 현재 매물 제외",estimated,no,no,루피 장당 0.5
61201200dce83e6c4afdc345,onepiececardgame,원피스 카드게임,2026-07,2026-07-26T10:15:50+09:00,known,c9e702589337024cc88cba63,61201200dce83e6c4afdc345,103639,https://m.dcinside.com/board/onepiececardgame/103639,카드 몇장 팝니다,seller-eddf0f05df93792023523be5,설빙충,registered,아트모스,아트모스,아트모스 장당,,,unknown,미분류,1,0.2,2000,estimated,per_card,text,unknown,,completed,context_only,needs_review,"가격 단위 추정, 배송비 포함 여부 미확정, 거래 완료 글 · 현재 매물 제외",estimated,no,no,아트모스 장당 0.2
643fce12f4ec2528375bb663,onepiececardgame,원피스 카드게임,2026-07,2026-07-26T10:15:50+09:00,known,d48da424ea986312af134d2b,643fce12f4ec2528375bb663,103639,https://m.dcinside.com/board/onepiececardgame/103639,카드 몇장 팝니다,seller-eddf0f05df93792023523be5,설빙충,registered,라디칼,라디칼,라디칼,,,unknown,미분류,1,0.2,2000,estimated,bundle,text,unknown,,completed,context_only,needs_review,"가격 단위 추정, 일괄·세트 가격, 배송비 포함 여부 미확정, 거래 완료 글 · 현재 매물 제외, 묶음·세트 총액 · 개별 카드 가격 아님",estimated,no,no,라디칼 일괄 0.2
702ebef106bd2c1441999d2d,onepiececardgame,원피스 카드게임,2026-07,2026-07-26T10:15:50+09:00,known,d48da424ea986312af134d2b,702ebef106bd2c1441999d2d,103639,https://m.dcinside.com/board/onepiececardgame/103639,카드 몇장 팝니다,seller-eddf0f05df93792023523be5,설빙충,registered,레일리,레일리,레일리 장당,,,unknown,미분류,1,1.1,11000,estimated,per_card,text,unknown,,completed,context_only,needs_review,"가격 단위 추정, 배송비 포함 여부 미확정, 거래 완료 글 · 현재 매물 제외",estimated,no,no,레일리 장당 1.1
80a13163a8db4e4c1b5ca7e0,onepiececardgame,원피스 카드게임,2026-07,2026-07-26T10:15:50+09:00,known,c9e702589337024cc88cba63,80a13163a8db4e4c1b5ca7e0,103639,https://m.dcinside.com/board/onepiececardgame/103639,카드 몇장 팝니다,seller-eddf0f05df93792023523be5,설빙충,registered,금둥,금둥,금둥,,,unknown,미분류,1,0.7,7000,estimated,per_card,text,unknown,,completed,context_only,needs_review,"가격 단위 추정, 배송비 포함 여부 미확정, 거래 완료 글 · 현재 매물 제외",estimated,no,no,금둥 0.7
82191ac867c8dea4b3f86571,onepiececardgame,원피스 카드게임,2026-07,2026-07-26T10:15:50+09:00,known,c9e702589337024cc88cba63,82191ac867c8dea4b3f86571,103639,https://m.dcinside.com/board/onepiececardgame/103639,카드 몇장 팝니다,seller-eddf0f05df93792023523be5,설빙충,registered,행콕,행콕,행콕,,,unknown,미분류,1,2,20000,estimated,bundle,text,unknown,,completed,context_only,needs_review,"가격 단위 추정, 일괄·세트 가격, 배송비 포함 여부 미확정, 거래 완료 글 · 현재 매물 제외, 묶음·세트 총액 · 개별 카드 가격 아님",estimated,no,no,행콕 일괄 2
b0d8998d61e4aac681a213e9,onepiececardgame,원피스 카드게임,2026-07,2026-07-26T10:15:50+09:00,known,d48da424ea986312af134d2b,b0d8998d61e4aac681a213e9,103639,https://m.dcinside.com/board/onepiececardgame/103639,카드 몇장 팝니다,seller-eddf0f05df93792023523be5,설빙충,registered,루피,루피,루피 장당,,,unknown,미분류,1,0.5,5000,estimated,per_card,text,unknown,,completed,context_only,needs_review,"가격 단위 추정, 배송비 포함 여부 미확정, 거래 완료 글 · 현재 매물 제외",estimated,no,no,루피 장당 0.5
bed76a1c381895060451ff31,onepiececardgame,원피스 카드게임,2026-07,2026-07-26T10:15:50+09:00,known,c9e702589337024cc88cba63,bed76a1c381895060451ff31,103639,https://m.dcinside.com/board/onepiececardgame/103639,카드 몇장 팝니다,seller-eddf0f05df93792023523be5,설빙충,registered,상디,상디,상디,,,unknown,미분류,1,4,40000,estimated,bundle,text,unknown,,completed,context_only,needs_review,"가격 단위 추정, 일괄·세트 가격, 배송비 포함 여부 미확정, 거래 완료 글 · 현재 매물 제외, 묶음·세트 총액 · 개별 카드 가격 아님",estimated,no,no,상디 일괄 4
c104b2968c66f2f4c901b68f,onepiececardgame,원피스 카드게임,2026-07,2026-07-26T10:15:50+09:00,known,d48da424ea986312af134d2b,c104b2968c66f2f4c901b68f,103639,https://m.dcinside.com/board/onepiececardgame/103639,카드 몇장 팝니다,seller-eddf0f05df93792023523be5,설빙충,registered,금둥,금둥,금둥,,,unknown,미분류,1,0.7,7000,estimated,per_card,text,unknown,,completed,context_only,needs_review,"가격 단위 추정, 배송비 포함 여부 미확정, 거래 완료 글 · 현재 매물 제외",estimated,no,no,금둥 0.7
c3d03b9a0fbdd1654af25541,onepiececardgame,원피스 카드게임,2026-07,2026-07-26T10:15:50+09:00,known,d48da424ea986312af134d2b,c3d03b9a0fbdd1654af25541,103639,https://m.dcinside.com/board/onepiececardgame/103639,카드 몇장 팝니다,seller-eddf0f05df93792023523be5,설빙충,registered,타시기,타시기,타시기,,,unknown,미분류,1,6,60000,estimated,bundle,text,unknown,,completed,context_only,needs_review,"가격 단위 추정, 일괄·세트 가격, 배송비 포함 여부 미확정, 거래 완료 글 · 현재 매물 제외, 묶음·세트 총액 · 개별 카드 가격 아님",estimated,no,no,타시기 일괄 6 판매완료
d860c8ff02cbb2b4b3822368,onepiececardgame,원피스 카드게임,2026-07,2026-07-26T10:15:50+09:00,known,c9e702589337024cc88cba63,d860c8ff02cbb2b4b3822368,103639,https://m.dcinside.com/board/onepiececardgame/103639,카드 몇장 팝니다,seller-eddf0f05df93792023523be5,설빙충,registered,압살롬,압살롬,압살롬,,,unknown,미분류,1,2,20000,estimated,bundle,text,unknown,,completed,context_only,needs_review,"가격 단위 추정, 일괄·세트 가격, 배송비 포함 여부 미확정, 거래 완료 글 · 현재 매물 제외, 묶음·세트 총액 · 개별 카드 가격 아님",estimated,no,no,압살롬 일괄 2
d8621f05ce440a9a1463c631,onepiececardgame,원피스 카드게임,2026-07,2026-07-26T10:15:50+09:00,known,d48da424ea986312af134d2b,d8621f05ce440a9a1463c631,103639,https://m.dcinside.com/board/onepiececardgame/103639,카드 몇장 팝니다,seller-eddf0f05df93792023523be5,설빙충,registered,압살롬,압살롬,압살롬,,,unknown,미분류,1,2,20000,estimated,bundle,text,unknown,,completed,context_only,needs_review,"가격 단위 추정, 일괄·세트 가격, 배송비 포함 여부 미확정, 거래 완료 글 · 현재 매물 제외, 묶음·세트 총액 · 개별 카드 가격 아님",estimated,no,no,압살롬 일괄 2
ef94233a35b2305c5c056589,onepiececardgame,원피스 카드게임,2026-07,2026-07-26T10:15:50+09:00,known,d48da424ea986312af134d2b,ef94233a35b2305c5c056589,103639,https://m.dcinside.com/board/onepiececardgame/103639,카드 몇장 팝니다,seller-eddf0f05df93792023523be5,설빙충,registered,뉴게이트,뉴게이트,뉴게이트 장당,,,unknown,미분류,1,1,10000,estimated,per_card,text,unknown,,completed,context_only,needs_review,"가격 단위 추정, 배송비 포함 여부 미확정, 거래 완료 글 · 현재 매물 제외",estimated,no,no,뉴게이트 장당 1
fface3880eae4aa59cfa39e4,onepiececardgame,원피스 카드게임,2026-07,2026-07-26T10:15:50+09:00,known,c9e702589337024cc88cba63,fface3880eae4aa59cfa39e4,103639,https://m.dcinside.com/board/onepiececardgame/103639,카드 몇장 팝니다,seller-eddf0f05df93792023523be5,설빙충,registered,조즈,조즈,조즈,,,unknown,미분류,1,2,20000,estimated,bundle,text,unknown,,completed,context_only,needs_review,"가격 단위 추정, 일괄·세트 가격, 배송비 포함 여부 미확정, 거래 완료 글 · 현재 매물 제외, 묶음·세트 총액 · 개별 카드 가격 아님",estimated,no,no,조즈 일괄 2
ef579297b2ae9d60bd06adc7,onepiececardgame,원피스 카드게임,2026-07,2026-07-26T10:50:24+09:00,known,91aff04d208396f0c7de89c1,ef579297b2ae9d60bd06adc7,103647,https://m.dcinside.com/board/onepiececardgame/103647,흑금둥 다섯장 일괄로 삽니다,seller-895d61ccc4b7e5ece9bfc3c9,ㅇㅇ,guest,매칭배틀때 배포해던 흑금둥 다섯장,매칭배틀때 배포해던 흑금둥 다섯장,매칭배틀때 배포해던 흑금둥 다섯장,,,unknown,미분류,1,2.0,20000,estimated,bundle,text,unknown,,active,needs_review,needs_review,"가격 단위 추정, 일괄·세트 가격, 배송비 포함 여부 미확정, 묶음·세트 총액 · 개별 카드 가격 아님",estimated,no,no,매칭배틀때 배포해던 흑금둥 다섯장 일괄 2.0에 삽니다
45509267bdcffa27385df79d,onepiececardgame,원피스 카드게임,2026-07,2026-07-26T12:52:29+09:00,known,52c75c7d5f0f71aa840a1fde,45509267bdcffa27385df79d,103671,https://m.dcinside.com/board/onepiececardgame/103671,"마즈성,워큐리성,피터성 페레 삽니다",seller-b442617a57fe076f1249ae69,유동닉,guest,,,,,,unknown,미분류,1,9,90000,estimated,bundle,text,unknown,,active,needs_review,needs_review,"가격 단위 추정, 일괄·세트 가격, 배송비 포함 여부 미확정, 카드명 확인 필요, 묶음·세트 총액 · 개별 카드 가격 아님",estimated,no,no,일괄 9에 삽니다
6cd1473666d1bb47ec116c97,onepiececardgame,원피스 카드게임,2026-07,2026-07-26T12:52:29+09:00,known,5c2b6705914199d64f1b6a1a,6cd1473666d1bb47ec116c97,103671,https://m.dcinside.com/board/onepiececardgame/103671,"마즈성,워큐리성,피터성 페레 삽니다",seller-518910dbf5ab52655ac6c0d7,유동닉,guest,,,,,,unknown,미분류,1,9,90000,estimated,bundle,text,unknown,,active,needs_review,needs_review,"가격 단위 추정, 일괄·세트 가격, 배송비 포함 여부 미확정, 카드명 확인 필요, 묶음·세트 총액 · 개별 카드 가격 아님",estimated,no,no,일괄 9에 삽니다
6ebbe3ea98c1aa8327239cc7,onepiececardgame,원피스 카드게임,2026-07,2026-07-26T12:52:29+09:00,known,5c2b6705914199d64f1b6a1a,6ebbe3ea98c1aa8327239cc7,103671,https://m.dcinside.com/board/onepiececardgame/103671,"마즈성,워큐리성,피터성 페레 삽니다",seller-518910dbf5ab52655ac6c0d7,유동닉,guest,,장당,장당,,,unknown,미분류,1,2,20000,estimated,per_card,text,unknown,,active,excluded,needs_review,"가격 단위 추정, 배송비 포함 여부 미확정, 스크립트·광고 문구로 추정되는 오염 행",estimated,yes,no,장당 2
8240be29a2f51aa779fbcb21,onepiececardgame,원피스 카드게임,2026-07,2026-07-26T12:52:29+09:00,known,52c75c7d5f0f71aa840a1fde,8240be29a2f51aa779fbcb21,103671,https://m.dcinside.com/board/onepiececardgame/103671,"마즈성,워큐리성,피터성 페레 삽니다",seller-b442617a57fe076f1249ae69,유동닉,guest,,장당,장당,,,unknown,미분류,1,2,20000,estimated,per_card,text,unknown,,active,excluded,needs_review,"가격 단위 추정, 배송비 포함 여부 미확정, 스크립트·광고 문구로 추정되는 오염 행",estimated,yes,no,장당 2
1533d55b07e404d11d2981f3,onepiececardgame,원피스 카드게임,2026-07,2026-07-26T14:42:09+09:00,known,cc973648a5bb83553be02a1f,1533d55b07e404d11d2981f3,103693,https://m.dcinside.com/board/onepiececardgame/103693,쿠자쿠 페레 구매합니당,seller-efa1fa087c047d7a409f8fec,나이수다,guest,,장당 1.2,장당 1.2,,,unknown,미분류,3,4.0,40000,estimated,bundle,text,unknown,,active,needs_review,needs_review,"가격 단위 추정, 수량 표기 감지, 일괄·세트 가격, 배송비 포함 여부 미확정, 묶음·세트 총액 · 개별 카드 가격 아님",estimated,no,no,장당 1.2 3장 일괄 4.0에 삽니당
9a30b11d26ce964cd1dc9a79,onepiececardgame,원피스 카드게임,2026-07,2026-07-26T14:42:09+09:00,known,026df2a05138e347b954f745,9a30b11d26ce964cd1dc9a79,103693,https://m.dcinside.com/board/onepiececardgame/103693,쿠자쿠 페레 구매합니당,seller-46662a04a0a1931b962ef192,나이수다,guest,,장당 1.2,장당 1.2,,,unknown,미분류,3,4.0,40000,estimated,bundle,text,unknown,,active,needs_review,needs_review,"가격 단위 추정, 수량 표기 감지, 일괄·세트 가격, 배송비 포함 여부 미확정, 묶음·세트 총액 · 개별 카드 가격 아님",estimated,no,no,장당 1.2 3장 일괄 4.0에 삽니당
18e881dd88f846571f42c61c,onepiececardgame,원피스 카드게임,2026-07,2026-07-26T14:54:15+09:00,known,28f24c25ea85cba7639a941c,18e881dd88f846571f42c61c,103701,https://m.dcinside.com/board/onepiececardgame/103701,코비 고레어 소스 삽니다,seller-8ad10b55fa52911e796a44cf,원딱러,registered,엑부,엑부,엑부,,,unknown,미분류,3,,,missing,unknown,unknown,unknown,,active,needs_review,needs_review,수량 표기 감지 · 가격 미기재,missing,no,no,엑부3
8f9298c94e1bcc4f9dc95c7d,onepiececardgame,원피스 카드게임,2026-07,2026-07-26T14:54:15+09:00,known,d07f16758c9a7f03dcd5a5ff,8f9298c94e1bcc4f9dc95c7d,103701,https://m.dcinside.com/board/onepiececardgame/103701,코비 고레어 소스 삽니다,seller-8ad10b55fa52911e796a44cf,원딱러,registered,엑부,엑부,엑부,,,unknown,미분류,3,,,missing,unknown,unknown,unknown,,active,needs_review,needs_review,수량 표기 감지 · 가격 미기재,missing,no,no,엑부3
4eb08a4fbd33673264a93151,onepiececardgame,원피스 카드게임,2026-07,2026-07-26T15:16:05+09:00,known,08a4391d51f032ec0cc3b456,4eb08a4fbd33673264a93151,103707,https://m.dcinside.com/board/onepiececardgame/103707,히로인즈 일반 둥삽니다!,seller-b75353fbe4fb1a09793168d1,햄복,registered,행콕,행콕,행콕,,,unknown,미분류,2,0.5,5000,estimated,per_quantity,text,unknown,,active,needs_review,needs_review,"가격 단위 추정, 수량 표기 감지, 배송비 포함 여부 미확정, 복수 수량 총액 · 카드 1장 가격 아님",estimated,no,no,행콕 2장 0.5
53d942d3e050bd3e38e59cf3,onepiececardgame,원피스 카드게임,2026-07,2026-07-26T15:16:05+09:00,known,08a4391d51f032ec0cc3b456,53d942d3e050bd3e38e59cf3,103707,https://m.dcinside.com/board/onepiececardgame/103707,히로인즈 일반 둥삽니다!,seller-b75353fbe4fb1a09793168d1,햄복,registered,로빈,로빈,로빈,,,unknown,미분류,2,0.5,5000,estimated,per_quantity,text,unknown,,active,needs_review,needs_review,"가격 단위 추정, 수량 표기 감지, 배송비 포함 여부 미확정, 복수 수량 총액 · 카드 1장 가격 아님",estimated,no,no,로빈 2장 0.5
5dd7a7e87076da5248be858b,onepiececardgame,원피스 카드게임,2026-07,2026-07-26T15:16:05+09:00,known,954308150aea84457e2c3599,5dd7a7e87076da5248be858b,103707,https://m.dcinside.com/board/onepiececardgame/103707,히로인즈 일반 둥삽니다!,seller-b75353fbe4fb1a09793168d1,햄복,registered,로빈,로빈,로빈,,,unknown,미분류,2,0.5,5000,estimated,per_quantity,text,unknown,,active,needs_review,needs_review,"가격 단위 추정, 수량 표기 감지, 배송비 포함 여부 미확정, 복수 수량 총액 · 카드 1장 가격 아님",estimated,no,no,로빈 2장 0.5
6e3a64fd73b073af9eba3eaf,onepiececardgame,원피스 카드게임,2026-07,2026-07-26T15:16:05+09:00,known,08a4391d51f032ec0cc3b456,6e3a64fd73b073af9eba3eaf,103707,https://m.dcinside.com/board/onepiececardgame/103707,히로인즈 일반 둥삽니다!,seller-b75353fbe4fb1a09793168d1,햄복,registered,단체,단체,단체,,,unknown,미분류,2,1.0,10000,estimated,per_quantity,text,unknown,,active,needs_review,needs_review,"가격 단위 추정, 수량 표기 감지, 배송비 포함 여부 미확정, 복수 수량 총액 · 카드 1장 가격 아님",estimated,no,no,단체 2장 1.0
923f3118a104f58c44d3974d,onepiececardgame,원피스 카드게임,2026-07,2026-07-26T15:16:05+09:00,known,954308150aea84457e2c3599,923f3118a104f58c44d3974d,103707,https://m.dcinside.com/board/onepiececardgame/103707,히로인즈 일반 둥삽니다!,seller-b75353fbe4fb1a09793168d1,햄복,registered,일괄로 해 주실 시,일괄로 해 주실 시,일괄로 판매해 주실 시,,,unknown,미분류,1,2.2,22000,estimated,bundle,text,unknown,,active,needs_review,needs_review,"가격 단위 추정, 일괄·세트 가격, 배송비 포함 여부 미확정, 묶음·세트 총액 · 개별 카드 가격 아님",estimated,no,no,일괄로 판매해 주실 시 2.2에 사겠습니다! 댓글에 1빼고 와주십시오^^
caf38d47ba41a46a78f15063,onepiececardgame,원피스 카드게임,2026-07,2026-07-26T15:16:05+09:00,known,954308150aea84457e2c3599,caf38d47ba41a46a78f15063,103707,https://m.dcinside.com/board/onepiececardgame/103707,히로인즈 일반 둥삽니다!,seller-b75353fbe4fb1a09793168d1,햄복,registered,단체,단체,단체,,,unknown,미분류,2,1.0,10000,estimated,per_quantity,text,unknown,,active,needs_review,needs_review,"가격 단위 추정, 수량 표기 감지, 배송비 포함 여부 미확정, 복수 수량 총액 · 카드 1장 가격 아님",estimated,no,no,단체 2장 1.0
f4b8f643f993ac204484b776,onepiececardgame,원피스 카드게임,2026-07,2026-07-26T15:16:05+09:00,known,08a4391d51f032ec0cc3b456,f4b8f643f993ac204484b776,103707,https://m.dcinside.com/board/onepiececardgame/103707,히로인즈 일반 둥삽니다!,seller-b75353fbe4fb1a09793168d1,햄복,registered,일괄로 해 주실 시,일괄로 해 주실 시,일괄로 판매해 주실 시,,,unknown,미분류,1,2.2,22000,estimated,bundle,text,unknown,,active,needs_review,needs_review,"가격 단위 추정, 일괄·세트 가격, 배송비 포함 여부 미확정, 묶음·세트 총액 · 개별 카드 가격 아님",estimated,no,no,일괄로 판매해 주실 시 2.2에 사겠습니다! 댓글에 1빼고 와주십시오^^
fc6b6d5a1ca4d37b385e006d,onepiececardgame,원피스 카드게임,2026-07,2026-07-26T15:16:05+09:00,known,954308150aea84457e2c3599,fc6b6d5a1ca4d37b385e006d,103707,https://m.dcinside.com/board/onepiececardgame/103707,히로인즈 일반 둥삽니다!,seller-b75353fbe4fb1a09793168d1,햄복,registered,행콕,행콕,행콕,,,unknown,미분류,2,0.5,5000,estimated,per_quantity,text,unknown,,active,needs_review,needs_review,"가격 단위 추정, 수량 표기 감지, 배송비 포함 여부 미확정, 복수 수량 총액 · 카드 1장 가격 아님",estimated,no,no,행콕 2장 0.5
33073f0defc8e04f10fcf7cb,onepiececardgame,원피스 카드게임,2026-07,2026-07-26T16:45:12+09:00,known,aa8ca6a6687784101c1bef04,33073f0defc8e04f10fcf7cb,103729,https://m.dcinside.com/board/onepiececardgame/103729,에사루 페레 삽니다!,seller-32616cbd1f8a41db04abc11f,PoCEAN,registered,에사루 ! 시,에사루 ! 시,에사루 장당 3.5 구매합니다! 판매시,,,unknown,미분류,8,15,150000,estimated,bundle,text,unknown,,active,needs_review,needs_review,"가격 단위 추정, 수량 표기 감지, 일괄·세트 가격, 배송비 포함 여부 미확정, 묶음·세트 총액 · 개별 카드 가격 아님",estimated,no,no,에사루 장당 3.5 4장 구매합니다! 4장 일괄 판매시 15에 삽니다!
ffe8c6132eb28164b899a4b3,onepiececardgame,원피스 카드게임,2026-07,2026-07-26T16:45:12+09:00,known,80d069b1e9e4fe32a9ee6ce0,ffe8c6132eb28164b899a4b3,103729,https://m.dcinside.com/board/onepiececardgame/103729,에사루 페레 삽니다!,seller-32616cbd1f8a41db04abc11f,PoCEAN,registered,에사루 ! 시,에사루 ! 시,에사루 장당 3.5 구매합니다! 판매시,,,unknown,미분류,8,15,150000,estimated,bundle,text,unknown,,active,needs_review,needs_review,"가격 단위 추정, 수량 표기 감지, 일괄·세트 가격, 배송비 포함 여부 미확정, 묶음·세트 총액 · 개별 카드 가격 아님",estimated,no,no,에사루 장당 3.5 4장 구매합니다! 4장 일괄 판매시 15에 삽니다!
7873d5f8f0cd2db20f6d7a51,onepiececardgame,원피스 카드게임,2026-07,2026-07-26T20:34:21+09:00,known,3131e9f34c880222e54b0a40,7873d5f8f0cd2db20f6d7a51,103778,https://m.dcinside.com/board/onepiececardgame/103778,Op12-063 레이쥬 구매합니다,seller-5524ea22c4a16421ac9971ec,ㅇㅇ,guest,택미포,택미포,택미포,,,unknown,미분류,4,2.0,20000,estimated,bundle,text,unknown,,active,needs_review,needs_review,"가격 단위 추정, 수량 표기 감지, 일괄·세트 가격, 배송비 포함 여부 미확정, 묶음·세트 총액 · 개별 카드 가격 아님",estimated,no,no,4장 일괄 택미포 2.0으로 사봅니다
7fff4c98093b0c8a280e56ca,onepiececardgame,원피스 카드게임,2026-07,2026-07-26T20:34:21+09:00,known,204dcad4f0ba45b53b2632fe,7fff4c98093b0c8a280e56ca,103778,https://m.dcinside.com/board/onepiececardgame/103778,Op12-063 레이쥬 구매합니다,seller-ff0339227ae0769ae5514f3f,ㅇㅇ,guest,택미포,택미포,택미포,,,unknown,미분류,4,2.0,20000,estimated,bundle,text,unknown,,active,needs_review,needs_review,"가격 단위 추정, 수량 표기 감지, 일괄·세트 가격, 배송비 포함 여부 미확정, 묶음·세트 총액 · 개별 카드 가격 아님",estimated,no,no,4장 일괄 택미포 2.0으로 사봅니다
8532185e61475d7fabc41adb,onepiececardgame,원피스 카드게임,2026-07,2026-07-26T20:34:21+09:00,known,fea76a0a2f1a004771968392,8532185e61475d7fabc41adb,103778,https://m.dcinside.com/board/onepiececardgame/103778,Op12-063 레이쥬 구매합니다,seller-4e725fb48b10b26fd4aeba0c,ㅇㅇ,guest,택미포,택미포,택미포,,,unknown,미분류,4,2.0,20000,estimated,bundle,text,unknown,,active,needs_review,needs_review,"가격 단위 추정, 수량 표기 감지, 일괄·세트 가격, 배송비 포함 여부 미확정, 묶음·세트 총액 · 개별 카드 가격 아님",estimated,no,no,4장 일괄 택미포 2.0으로 사봅니다
1005d7771aff2a959a22338d,onepiececardgame,원피스 카드게임,2026-07,2026-07-26T20:43:19+09:00,known,9dc60e37c348bff758d278cd,1005d7771aff2a959a22338d,103783,https://m.dcinside.com/board/onepiececardgame/103783,EB03 나미 페레 장당 9.0 3장까지 구매합니다. (2장 거래 완),seller-aaf19e7f50b51be3f5eb61df,Deathpi..,guest,일괄시,일괄시,일괄시,,,unknown,미분류,1,28,280000,estimated,bundle,text,unknown,,completed,context_only,needs_review,"가격 단위 추정, 일괄·세트 가격, 배송비 포함 여부 미확정, 거래 완료 글 · 현재 매물 제외, 묶음·세트 총액 · 개별 카드 가격 아님",estimated,no,no,일괄시 28
30cc2b6ac256903e8bca87fe,onepiececardgame,원피스 카드게임,2026-07,2026-07-26T20:43:19+09:00,known,9dc60e37c348bff758d278cd,30cc2b6ac256903e8bca87fe,103783,https://m.dcinside.com/board/onepiececardgame/103783,EB03 나미 페레 장당 9.0 3장까지 구매합니다. (2장 거래 완),seller-aaf19e7f50b51be3f5eb61df,Deathpi..,guest,,>,>,,,unknown,미분류,1,9.0,90000,estimated,per_card,text,unknown,,completed,context_only,needs_review,"가격 단위 추정, 수량 표기 감지, 배송비 포함 여부 미확정, 카드명 확인 필요, 거래 완료 글 · 현재 매물 제외",estimated,no,no,> 1장 9.0으로 구매합니다.
56adeb071cdddbf882d680b1,onepiececardgame,원피스 카드게임,2026-07,2026-07-26T20:43:19+09:00,known,8b8c8cd56d8cda77af33be78,56adeb071cdddbf882d680b1,103783,https://m.dcinside.com/board/onepiececardgame/103783,EB03 나미 페레 장당 9.0 3장까지 구매합니다. (2장 거래 완),seller-e2ed9dca8c248d5c51ac5536,Deathpi..,guest,일괄시,일괄시,일괄시,,,unknown,미분류,1,28,280000,estimated,bundle,text,unknown,,completed,context_only,needs_review,"가격 단위 추정, 일괄·세트 가격, 배송비 포함 여부 미확정, 거래 완료 글 · 현재 매물 제외, 묶음·세트 총액 · 개별 카드 가격 아님",estimated,no,no,일괄시 28
e455e1ace3a6a7dd64f0ba63,onepiececardgame,원피스 카드게임,2026-07,2026-07-26T20:43:19+09:00,known,8b8c8cd56d8cda77af33be78,e455e1ace3a6a7dd64f0ba63,103783,https://m.dcinside.com/board/onepiececardgame/103783,EB03 나미 페레 장당 9.0 3장까지 구매합니다. (2장 거래 완),seller-e2ed9dca8c248d5c51ac5536,Deathpi..,guest,,>,>,,,unknown,미분류,1,9.0,90000,estimated,per_card,text,unknown,,completed,context_only,needs_review,"가격 단위 추정, 수량 표기 감지, 배송비 포함 여부 미확정, 카드명 확인 필요, 거래 완료 글 · 현재 매물 제외",estimated,no,no,> 1장 9.0으로 구매합니다.
00138102d52b02b900af2bc8,onepiececardgame,원피스 카드게임,2026-07,2026-07-26T22:04:51+09:00,known,0e6fa723ae0a1fb973c0c1e1,00138102d52b02b900af2bc8,103794,https://m.dcinside.com/board/onepiececardgame/103794,자색카드랑 몇몇카드 팝니다,seller-6ea2d7c96491766f1b3f712f,y2k6903,registered,루피 SR 패레 명칭모름,루피 SR 패레 명칭모름,루피 SR 패레 (명칭모름),,,unknown,미분류,1,4.0,40000,estimated,per_card,text,unknown,,reserved,context_only,needs_review,"가격 단위 추정, 배송비 포함 여부 미확정, 예약·홀딩 글 · 현재 매물 제외",estimated,no,no,루피 SR 패레 (명칭모름) 4.0
017a7de0925c24ab56af70a3,onepiececardgame,원피스 카드게임,2026-07,2026-07-26T22:04:51+09:00,known,0e6fa723ae0a1fb973c0c1e1,017a7de0925c24ab56af70a3,103794,https://m.dcinside.com/board/onepiececardgame/103794,자색카드랑 몇몇카드 팝니다,seller-6ea2d7c96491766f1b3f712f,y2k6903,registered,니카 패레 - 일괄 시,니카 패레 - 일괄 시,니카 패레 11 -> 일괄구매시,,,unknown,미분류,1,30,300000,estimated,bundle,text,unknown,,reserved,context_only,needs_review,"가격 단위 추정, 일괄·세트 가격, 배송비 포함 여부 미확정, 예약·홀딩 글 · 현재 매물 제외, 묶음·세트 총액 · 개별 카드 가격 아님",estimated,no,no,니카 패레 11 -> 일괄구매시 30
1a6da21a4272c23e19567b78,onepiececardgame,원피스 카드게임,2026-07,2026-07-26T22:04:51+09:00,known,c8609d7b53de6d95591bf064,1a6da21a4272c23e19567b78,103794,https://m.dcinside.com/board/onepiececardgame/103794,자색카드랑 몇몇카드 팝니다,seller-6ea2d7c96491766f1b3f712f,y2k6903,registered,사보 패레,사보 패레,사보 패레,,,unknown,미분류,1,6,60000,estimated,per_card,text,unknown,,reserved,context_only,needs_review,"가격 단위 추정, 배송비 포함 여부 미확정, 예약·홀딩 글 · 현재 매물 제외",estimated,no,no,사보 패레 6
53be78ff5e8cc9c972958718,onepiececardgame,원피스 카드게임,2026-07,2026-07-26T22:04:51+09:00,known,c8609d7b53de6d95591bf064,53be78ff5e8cc9c972958718,103794,https://m.dcinside.com/board/onepiececardgame/103794,자색카드랑 몇몇카드 팝니다,seller-6ea2d7c96491766f1b3f712f,y2k6903,registered,,준등기,준등기,,,unknown,미분류,1,0.2,2000,estimated,per_card,text,unknown,,reserved,context_only,needs_review,"가격 단위 추정, 배송비 포함 여부 미확정, 예약·홀딩 글 · 현재 매물 제외",estimated,no,no,준등기 0.2
59bfc6961c1ed9e5be04837d,onepiececardgame,원피스 카드게임,2026-07,2026-07-26T22:04:51+09:00,known,c8609d7b53de6d95591bf064,59bfc6961c1ed9e5be04837d,103794,https://m.dcinside.com/board/onepiececardgame/103794,자색카드랑 몇몇카드 팝니다,seller-6ea2d7c96491766f1b3f712f,y2k6903,registered,9루피,9루피,9루피,,시크,unknown,미분류,1,0.9,9000,estimated,per_card,text,unknown,,reserved,context_only,needs_review,"가격 단위 추정, 배송비 포함 여부 미확정, 예약·홀딩 글 · 현재 매물 제외",estimated,no,no,9루피 시크 0.9
645b09416eeeec14b8505a05,onepiececardgame,원피스 카드게임,2026-07,2026-07-26T22:04:51+09:00,known,c8609d7b53de6d95591bf064,645b09416eeeec14b8505a05,103794,https://m.dcinside.com/board/onepiececardgame/103794,자색카드랑 몇몇카드 팝니다,seller-6ea2d7c96491766f1b3f712f,y2k6903,registered,니카 패레 - 일괄 시,니카 패레 - 일괄 시,니카 패레 11 -> 일괄구매시,,,unknown,미분류,1,30,300000,estimated,bundle,text,unknown,,reserved,context_only,needs_review,"가격 단위 추정, 일괄·세트 가격, 배송비 포함 여부 미확정, 예약·홀딩 글 · 현재 매물 제외, 묶음·세트 총액 · 개별 카드 가격 아님",estimated,no,no,니카 패레 11 -> 일괄구매시 30
7049e866213c2511c99cc2b7,onepiececardgame,원피스 카드게임,2026-07,2026-07-26T22:04:51+09:00,known,c8609d7b53de6d95591bf064,7049e866213c2511c99cc2b7,103794,https://m.dcinside.com/board/onepiececardgame/103794,자색카드랑 몇몇카드 팝니다,seller-6ea2d7c96491766f1b3f712f,y2k6903,registered,루피 SR 패레 명칭모름,루피 SR 패레 명칭모름,루피 SR 패레 (명칭모름),,,unknown,미분류,1,4.0,40000,estimated,per_card,text,unknown,,reserved,context_only,needs_review,"가격 단위 추정, 배송비 포함 여부 미확정, 예약·홀딩 글 · 현재 매물 제외",estimated,no,no,루피 SR 패레 (명칭모름) 4.0
7a405ae4828cf9cda46b0fdc,onepiececardgame,원피스 카드게임,2026-07,2026-07-26T22:04:51+09:00,known,c8609d7b53de6d95591bf064,7a405ae4828cf9cda46b0fdc,103794,https://m.dcinside.com/board/onepiececardgame/103794,자색카드랑 몇몇카드 팝니다,seller-6ea2d7c96491766f1b3f712f,y2k6903,registered,조로쥬로 패레,조로쥬로 패레,조로쥬로 패레,,,unknown,미분류,1,1.0,10000,estimated,per_card,text,unknown,,reserved,context_only,needs_review,"가격 단위 추정, 배송비 포함 여부 미확정, 예약·홀딩 글 · 현재 매물 제외",estimated,no,no,조로쥬로 패레 1.0
8a9f26cbddf447fafc922344,onepiececardgame,원피스 카드게임,2026-07,2026-07-26T22:04:51+09:00,known,0e6fa723ae0a1fb973c0c1e1,8a9f26cbddf447fafc922344,103794,https://m.dcinside.com/board/onepiececardgame/103794,자색카드랑 몇몇카드 팝니다,seller-6ea2d7c96491766f1b3f712f,y2k6903,registered,조로쥬로 패레,조로쥬로 패레,조로쥬로 패레,,,unknown,미분류,1,1.0,10000,estimated,per_card,text,unknown,,reserved,context_only,needs_review,"가격 단위 추정, 배송비 포함 여부 미확정, 예약·홀딩 글 · 현재 매물 제외",estimated,no,no,조로쥬로 패레 1.0
dbb75d5e3a300120a463a7f3,onepiececardgame,원피스 카드게임,2026-07,2026-07-26T22:04:51+09:00,known,0e6fa723ae0a1fb973c0c1e1,dbb75d5e3a300120a463a7f3,103794,https://m.dcinside.com/board/onepiececardgame/103794,자색카드랑 몇몇카드 팝니다,seller-6ea2d7c96491766f1b3f712f,y2k6903,registered,,준등기,준등기,,,unknown,미분류,1,0.2,2000,estimated,per_card,text,unknown,,reserved,context_only,needs_review,"가격 단위 추정, 배송비 포함 여부 미확정, 예약·홀딩 글 · 현재 매물 제외",estimated,no,no,준등기 0.2
ec1a1d0adfbdb995f879400b,onepiececardgame,원피스 카드게임,2026-07,2026-07-26T22:04:51+09:00,known,0e6fa723ae0a1fb973c0c1e1,ec1a1d0adfbdb995f879400b,103794,https://m.dcinside.com/board/onepiececardgame/103794,자색카드랑 몇몇카드 팝니다,seller-6ea2d7c96491766f1b3f712f,y2k6903,registered,9루피,9루피,9루피,,시크,unknown,미분류,1,0.9,9000,estimated,per_card,text,unknown,,reserved,context_only,needs_review,"가격 단위 추정, 배송비 포함 여부 미확정, 예약·홀딩 글 · 현재 매물 제외",estimated,no,no,9루피 시크 0.9
f8460df1be768babea197224,onepiececardgame,원피스 카드게임,2026-07,2026-07-26T22:04:51+09:00,known,0e6fa723ae0a1fb973c0c1e1,f8460df1be768babea197224,103794,https://m.dcinside.com/board/onepiececardgame/103794,자색카드랑 몇몇카드 팝니다,seller-6ea2d7c96491766f1b3f712f,y2k6903,registered,사보 패레,사보 패레,사보 패레,,,unknown,미분류,1,6,60000,estimated,per_card,text,unknown,,reserved,context_only,needs_review,"가격 단위 추정, 배송비 포함 여부 미확정, 예약·홀딩 글 · 현재 매물 제외",estimated,no,no,사보 패레 6
36b79c25e1d8cd026a1bdfd3,onepiececardgame,원피스 카드게임,2026-07,2026-07-26T22:38:22+09:00,known,c2ece684405d5dd96ac49e0a,36b79c25e1d8cd026a1bdfd3,103805,https://m.dcinside.com/board/onepiececardgame/103805,로저시크 또는 시크페레/ 스트우타2장 구매합니다,seller-9d08f211e970addd2a781196,의문,registered,var safe = window.dcAd && window.dcAd.safe ==,var safe = window.dcAd && window.dcAd.safe ==,var safe = (window.dcAd && window.dcAd.safe ==,,,unknown,미분류,1,1,10000,estimated,bundle,text,unknown,,active,excluded,needs_review,"가격 단위 추정, 복수 카드 가격, 배송비 포함 여부 미확정, 묶음·세트 총액 · 개별 카드 가격 아님, 스크립트·광고 문구로 추정되는 오염 행",estimated,no,no,var safe = (window.dcAd && window.dcAd.safe == 1)
41ae870245220b76fea23cc8,onepiececardgame,원피스 카드게임,2026-07,2026-07-26T22:38:22+09:00,known,c2ece684405d5dd96ac49e0a,41ae870245220b76fea23cc8,103805,https://m.dcinside.com/board/onepiececardgame/103805,로저시크 또는 시크페레/ 스트우타2장 구매합니다,seller-9d08f211e970addd2a781196,의문,registered,스트우타,스트우타,스트우타,,,unknown,미분류,2,2,20000,estimated,bundle,text,unknown,,active,needs_review,needs_review,"가격 단위 추정, 수량 표기 감지, 일괄·세트 가격, 배송비 포함 여부 미확정, 묶음·세트 총액 · 개별 카드 가격 아님",estimated,no,no,스트우타 2장 일괄 2 구매합니다 ㅠㅠ
449e630fe8c9f1715f41cf93,onepiececardgame,원피스 카드게임,2026-07,2026-07-26T22:38:22+09:00,known,c2ece684405d5dd96ac49e0a,449e630fe8c9f1715f41cf93,103805,https://m.dcinside.com/board/onepiececardgame/103805,로저시크 또는 시크페레/ 스트우타2장 구매합니다,seller-9d08f211e970addd2a781196,의문,registered,loadScript 'https pagead,loadScript 'https pagead,loadScript('https://pagead,,,unknown,미분류,1,,,missing,unknown,unknown,unknown,,active,excluded,needs_review,"가격 후보 재검토 필요, 가격 미기재, 스크립트·광고 문구로 추정되는 오염 행",missing,no,no,"loadScript('https://pagead2.googlesyndication.com/pagead/js/adsbygoogle_direct.js?client=ca-pub-8171468792791627', true, 'anonymous');"
4abbbdb53a3b33ecb4325113,onepiececardgame,원피스 카드게임,2026-07,2026-07-26T22:38:22+09:00,known,4d3e44d72764b8a0f9e04975,4abbbdb53a3b33ecb4325113,103805,https://m.dcinside.com/board/onepiececardgame/103805,로저시크 또는 시크페레/ 스트우타2장 구매합니다,seller-9d08f211e970addd2a781196,의문,registered,var safe = window.dcAd && window.dcAd.safe ==,var safe = window.dcAd && window.dcAd.safe ==,var safe = (window.dcAd && window.dcAd.safe ==,,,unknown,미분류,1,1,10000,estimated,bundle,text,unknown,,active,excluded,needs_review,"가격 단위 추정, 복수 카드 가격, 배송비 포함 여부 미확정, 묶음·세트 총액 · 개별 카드 가격 아님, 스크립트·광고 문구로 추정되는 오염 행",estimated,no,no,var safe = (window.dcAd && window.dcAd.safe == 1)
59201ec11b1ad14b9cd6a788,onepiececardgame,원피스 카드게임,2026-07,2026-07-26T22:38:22+09:00,known,4d3e44d72764b8a0f9e04975,59201ec11b1ad14b9cd6a788,103805,https://m.dcinside.com/board/onepiececardgame/103805,로저시크 또는 시크페레/ 스트우타2장 구매합니다,seller-9d08f211e970addd2a781196,의문,registered,loadScript ' t,loadScript ' t,loadScript('//t,,,unknown,미분류,1,,,missing,unknown,unknown,unknown,,active,excluded,needs_review,"가격 후보 재검토 필요, 가격 미기재, 스크립트·광고 문구로 추정되는 오염 행",missing,no,no,"loadScript('//t1.kakaocdn.net/kas/static/ba.min.js', true);"
648be59c5a827875608a2972,onepiececardgame,원피스 카드게임,2026-07,2026-07-26T22:38:22+09:00,known,c2ece684405d5dd96ac49e0a,648be59c5a827875608a2972,103805,https://m.dcinside.com/board/onepiececardgame/103805,로저시크 또는 시크페레/ 스트우타2장 구매합니다,seller-9d08f211e970addd2a781196,의문,registered,loadScript ' t,loadScript ' t,loadScript('//t,,,unknown,미분류,1,,,missing,unknown,unknown,unknown,,active,excluded,needs_review,"가격 후보 재검토 필요, 가격 미기재, 스크립트·광고 문구로 추정되는 오염 행",missing,no,no,"loadScript('//t1.kakaocdn.net/kas/static/ba.min.js', true);"
93fe612a7d16d97499fccdb8,onepiececardgame,원피스 카드게임,2026-07,2026-07-26T22:38:22+09:00,known,c2ece684405d5dd96ac49e0a,93fe612a7d16d97499fccdb8,103805,https://m.dcinside.com/board/onepiececardgame/103805,로저시크 또는 시크페레/ 스트우타2장 구매합니다,seller-9d08f211e970addd2a781196,의문,registered,DOM 삽입 헬퍼 현재 스크립트 위치 기준,DOM 삽입 헬퍼 현재 스크립트 위치 기준,// ---- DOM 삽입 헬퍼 (현재 스크립트 위치 기준,,,unknown,미분류,1,,,missing,unknown,unknown,unknown,,active,excluded,needs_review,"가격 후보 재검토 필요, 가격 미기재, 스크립트·광고 문구로 추정되는 오염 행",missing,no,no,// ---- DOM 삽입 헬퍼 (현재 스크립트 위치 기준1)
a911e5bed098b16d26a562be,onepiececardgame,원피스 카드게임,2026-07,2026-07-26T22:38:22+09:00,known,4d3e44d72764b8a0f9e04975,a911e5bed098b16d26a562be,103805,https://m.dcinside.com/board/onepiececardgame/103805,로저시크 또는 시크페레/ 스트우타2장 구매합니다,seller-9d08f211e970addd2a781196,의문,registered,스트우타,스트우타,스트우타,,,unknown,미분류,2,2,20000,estimated,bundle,text,unknown,,active,needs_review,needs_review,"가격 단위 추정, 수량 표기 감지, 일괄·세트 가격, 배송비 포함 여부 미확정, 묶음·세트 총액 · 개별 카드 가격 아님",estimated,no,no,스트우타 2장 일괄 2 구매합니다 ㅠㅠ
d20e1b2453dda129dae6e087,onepiececardgame,원피스 카드게임,2026-07,2026-07-26T22:38:22+09:00,known,4d3e44d72764b8a0f9e04975,d20e1b2453dda129dae6e087,103805,https://m.dcinside.com/board/onepiececardgame/103805,로저시크 또는 시크페레/ 스트우타2장 구매합니다,seller-9d08f211e970addd2a781196,의문,registered,loadScript 'https pagead,loadScript 'https pagead,loadScript('https://pagead,,,unknown,미분류,1,,,missing,unknown,unknown,unknown,,active,excluded,needs_review,"가격 후보 재검토 필요, 가격 미기재, 스크립트·광고 문구로 추정되는 오염 행",missing,no,no,"loadScript('https://pagead2.googlesyndication.com/pagead/js/adsbygoogle_direct.js?client=ca-pub-8171468792791627', true, 'anonymous');"
ee0355ccf30cdbc9b41504e5,onepiececardgame,원피스 카드게임,2026-07,2026-07-26T22:38:22+09:00,known,4d3e44d72764b8a0f9e04975,ee0355ccf30cdbc9b41504e5,103805,https://m.dcinside.com/board/onepiececardgame/103805,로저시크 또는 시크페레/ 스트우타2장 구매합니다,seller-9d08f211e970addd2a781196,의문,registered,DOM 삽입 헬퍼 현재 스크립트 위치 기준,DOM 삽입 헬퍼 현재 스크립트 위치 기준,// ---- DOM 삽입 헬퍼 (현재 스크립트 위치 기준,,,unknown,미분류,1,,,missing,unknown,unknown,unknown,,active,excluded,needs_review,"가격 후보 재검토 필요, 가격 미기재, 스크립트·광고 문구로 추정되는 오염 행",missing,no,no,// ---- DOM 삽입 헬퍼 (현재 스크립트 위치 기준1)
e169152657007808668777a1,onepiececardgame,원피스 카드게임,2026-07,2026-07-26T23:44:20+09:00,known,54134ceb983ccedcd8ccb326,e169152657007808668777a1,103812,https://m.dcinside.com/board/onepiececardgame/103812,로저 시크랑 청색 4코 캐번디시 삽니다,seller-a11b30db876e998cafa0799a,ㅇㅇ,guest,청색 4코 캐번디시,청색 4코 캐번디시,청색 4코 캐번디시,,,unknown,미분류,2,1,10000,estimated,bundle,text,unknown,,active,needs_review,needs_review,"가격 단위 추정, 수량 표기 감지, 일괄·세트 가격, 배송비 포함 여부 미확정, 묶음·세트 총액 · 개별 카드 가격 아님",estimated,no,no,청색 4코 캐번디시 2장 일괄 1
f4ad8f38187c1730c4a047db,onepiececardgame,원피스 카드게임,2026-07,2026-07-26T23:44:20+09:00,known,1176734c5a0882e19b4db22b,f4ad8f38187c1730c4a047db,103812,https://m.dcinside.com/board/onepiececardgame/103812,로저 시크랑 청색 4코 캐번디시 삽니다,seller-b28f872b943d1a244eb7ae95,ㅇㅇ,guest,청색 4코 캐번디시,청색 4코 캐번디시,청색 4코 캐번디시,,,unknown,미분류,2,1,10000,estimated,bundle,text,unknown,,active,needs_review,needs_review,"가격 단위 추정, 수량 표기 감지, 일괄·세트 가격, 배송비 포함 여부 미확정, 묶음·세트 총액 · 개별 카드 가격 아님",estimated,no,no,청색 4코 캐번디시 2장 일괄 1
284ed105112fe9af4f28e618,onepiececardgame,원피스 카드게임,2026-07,2026-07-27T00:40:28+09:00,known,09a75100343ed93b8c774eb6,284ed105112fe9af4f28e618,103832,https://m.dcinside.com/board/onepiececardgame/103832,자색 8카타 구매합니다.,seller-8cb2c7a06ad0186cf94b2cd8,포융,registered,일괄로,일괄로,일괄로,,,unknown,미분류,4,2.0,20000,estimated,bundle,text,unknown,,active,needs_review,needs_review,"가격 단위 추정, 수량 표기 감지, 일괄·세트 가격, 배송비 포함 여부 미확정, 묶음·세트 총액 · 개별 카드 가격 아님",estimated,no,no,4장 일괄로 2.0에 구합니다(택미포)
495656fcdeffb52d80a06520,onepiececardgame,원피스 카드게임,2026-07,2026-07-27T00:40:28+09:00,known,60a5ee1cdb72f0983e49609e,495656fcdeffb52d80a06520,103832,https://m.dcinside.com/board/onepiececardgame/103832,자색 8카타 구매합니다.,seller-8cb2c7a06ad0186cf94b2cd8,포융,registered,일괄로,일괄로,일괄로,,,unknown,미분류,4,2.0,20000,estimated,bundle,text,unknown,,active,needs_review,needs_review,"가격 단위 추정, 수량 표기 감지, 일괄·세트 가격, 배송비 포함 여부 미확정, 묶음·세트 총액 · 개별 카드 가격 아님",estimated,no,no,4장 일괄로 2.0에 구합니다(택미포)
adc8a2d921c7fa3c7ff2f1c7,onepiececardgame,원피스 카드게임,2026-07,2026-07-27T04:04:50+09:00,known,0343e28249fd7404a8876168,adc8a2d921c7fa3c7ff2f1c7,103857,https://m.dcinside.com/board/onepiececardgame/103857,비비 매트 삽니다,seller-5346fac7cd1643afd00b6304,징베,guest,비비 매트,비비 매트,비비 매트,,,unknown,미분류,1,2.5,25000,estimated,per_card,text,included,2000,active,needs_review,needs_review,가격 단위 추정,estimated,yes,no,비비 매트 택포 2.5에 삽니다
d0d29f2f0a83bb5ca6367bcb,onepiececardgame,원피스 카드게임,2026-07,2026-07-27T04:04:50+09:00,known,7df299a51abc1f0c45d97f3c,d0d29f2f0a83bb5ca6367bcb,103857,https://m.dcinside.com/board/onepiececardgame/103857,비비 매트 삽니다,seller-dd27c2e6b312ba44a91de5f4,징베,guest,비비 매트,비비 매트,비비 매트,,,unknown,미분류,1,2.5,25000,estimated,per_card,text,included,2000,active,needs_review,needs_review,가격 단위 추정,estimated,yes,no,비비 매트 택포 2.5에 삽니다
23264feb102c5422b096f441,onepiececardgame,원피스 카드게임,2026-07,2026-07-27T09:51:10+09:00,known,95b54052774f64f042d383aa,23264feb102c5422b096f441,103879,https://m.dcinside.com/board/onepiececardgame/103879,비비 리페 및 sr 4장 일괄 구매합니다,seller-bc322b5050d5f63919e49498,Dabih,guest,비비리페 + sr,비비리페 + sr,비비리페 + sr,,,unknown,미분류,5,2,20000,estimated,bundle,text,unknown,,active,needs_review,needs_review,"수량 표기 감지, 일괄·세트 가격, 복수 카드 가격, 배송비 포함 여부 미확정, 묶음·세트 총액 · 개별 카드 가격 아님",estimated,no,no,비비리페 1장 + sr 4장 일괄 2만원에 구매합니다
3c1afb952a1efa3996767bac,onepiececardgame,원피스 카드게임,2026-07,2026-07-27T09:51:10+09:00,known,f7e300b1e68feaab87b954af,3c1afb952a1efa3996767bac,103879,https://m.dcinside.com/board/onepiececardgame/103879,비비 리페 및 sr 4장 일괄 구매합니다,seller-8a708dbba1bae29f6da305ca,Dabih,guest,비비리페 + sr,비비리페 + sr,비비리페 + sr,,,unknown,미분류,5,2,20000,estimated,bundle,text,unknown,,active,needs_review,needs_review,"수량 표기 감지, 일괄·세트 가격, 복수 카드 가격, 배송비 포함 여부 미확정, 묶음·세트 총액 · 개별 카드 가격 아님",estimated,no,no,비비리페 1장 + sr 4장 일괄 2만원에 구매합니다
9e6a3f1eefa8e34491f83c7a,onepiececardgame,원피스 카드게임,2026-07,2026-07-27T10:11:22+09:00,known,9026ac8d27b7acbc0793ee97,9e6a3f1eefa8e34491f83c7a,103882,https://m.dcinside.com/board/onepiececardgame/103882,에사루 페레 삽니다 4장 다 구매완!,seller-32616cbd1f8a41db04abc11f,PoCEAN,registered,4에 ! 일괄로 팔아주시면,4에 ! 일괄로 팔아주시면,장당 4에 구매합니다! 일괄로 팔아주시면,,,unknown,미분류,4,17,170000,estimated,bundle,text,unknown,,active,needs_review,needs_review,"가격 단위 추정, 수량 표기 감지, 일괄·세트 가격, 배송비 포함 여부 미확정, 묶음·세트 총액 · 개별 카드 가격 아님",estimated,no,no,장당 4에 4장 구매합니다! 일괄로 팔아주시면 17에 구매합니다
f219896f932975380e77ff60,onepiececardgame,원피스 카드게임,2026-07,2026-07-27T10:11:22+09:00,known,adc1752bac7dc03667385482,f219896f932975380e77ff60,103882,https://m.dcinside.com/board/onepiececardgame/103882,에사루 페레 삽니다 4장 다 구매완!,seller-32616cbd1f8a41db04abc11f,PoCEAN,registered,4에 ! 일괄로 팔아주시면,4에 ! 일괄로 팔아주시면,장당 4에 구매합니다! 일괄로 팔아주시면,,,unknown,미분류,4,17,170000,estimated,bundle,text,unknown,,active,needs_review,needs_review,"가격 단위 추정, 수량 표기 감지, 일괄·세트 가격, 배송비 포함 여부 미확정, 묶음·세트 총액 · 개별 카드 가격 아님",estimated,no,no,장당 4에 4장 구매합니다! 일괄로 팔아주시면 17에 구매합니다
08eb8e44a212f9a7233e1208,onepiececardgame,원피스 카드게임,2026-07,2026-07-27T10:24:44+09:00,known,9195128d7b57daf19120d3ae,08eb8e44a212f9a7233e1208,103888,https://m.dcinside.com/board/onepiececardgame/103888,엑부3 나미 SR 4장 삽니다.,seller-5615489384596364f74ca601,미니통돌이,registered,EB03-052 시라호시도,EB03-052 시라호시도,EB03-052 시라호시도,,,unknown,미분류,1,500,500,exact,per_card,text,unknown,,active,needs_review,needs_review,"수량 표기 감지, 배송비 포함 여부 미확정",exact,yes,no,EB03-052 시라호시도 1장 500원에 나미랑 같이 구해봅니다.
0ac13f2560dfb28f28f62eb1,onepiececardgame,원피스 카드게임,2026-07,2026-07-27T10:24:44+09:00,known,9195128d7b57daf19120d3ae,0ac13f2560dfb28f28f62eb1,103888,https://m.dcinside.com/board/onepiececardgame/103888,엑부3 나미 SR 4장 삽니다.,seller-5615489384596364f74ca601,미니통돌이,registered,EB03-053 나미,EB03-053 나미,EB03-053 나미,,,unknown,미분류,4,7,70000,estimated,bundle,text,unknown,,active,needs_review,needs_review,"가격 단위 추정, 수량 표기 감지, 일괄·세트 가격, 배송비 포함 여부 미확정, 묶음·세트 총액 · 개별 카드 가격 아님",estimated,no,no,EB03-053 나미 4장 일괄 7에 삽니다.
739b4f6a9742718d146cd94f,onepiececardgame,원피스 카드게임,2026-07,2026-07-27T10:24:44+09:00,known,057347fb709070e5a35636a8,739b4f6a9742718d146cd94f,103888,https://m.dcinside.com/board/onepiececardgame/103888,엑부3 나미 SR 4장 삽니다.,seller-5615489384596364f74ca601,미니통돌이,registered,EB03-052 시라호시도,EB03-052 시라호시도,EB03-052 시라호시도,,,unknown,미분류,1,500,500,exact,per_card,text,unknown,,active,needs_review,needs_review,"수량 표기 감지, 배송비 포함 여부 미확정",exact,yes,no,EB03-052 시라호시도 1장 500원에 나미랑 같이 구해봅니다.
fa0434d494a6c9e850b3525b,onepiececardgame,원피스 카드게임,2026-07,2026-07-27T10:24:44+09:00,known,057347fb709070e5a35636a8,fa0434d494a6c9e850b3525b,103888,https://m.dcinside.com/board/onepiececardgame/103888,엑부3 나미 SR 4장 삽니다.,seller-5615489384596364f74ca601,미니통돌이,registered,EB03-053 나미,EB03-053 나미,EB03-053 나미,,,unknown,미분류,4,7,70000,estimated,bundle,text,unknown,,active,needs_review,needs_review,"가격 단위 추정, 수량 표기 감지, 일괄·세트 가격, 배송비 포함 여부 미확정, 묶음·세트 총액 · 개별 카드 가격 아님",estimated,no,no,EB03-053 나미 4장 일괄 7에 삽니다.
521ac862490570a9de919518,onepiececardgame,원피스 카드게임,2026-07,2026-07-27T11:24:39+09:00,known,f83e8fbfeb12c2c9c490c3c7,521ac862490570a9de919518,103899,https://m.dcinside.com/board/onepiececardgame/103899,녹 5코 스모커 4장 구매원합니다,seller-840ef0bb6f8cf1cda1c348db,KENxKEN,registered,녹 5코 스모커 =,녹 5코 스모커 =,녹 5코 스모커 =,,,unknown,미분류,4,2,20000,estimated,per_quantity,text,unknown,,active,needs_review,needs_review,"가격 단위 추정, 수량 표기 감지, 배송비 포함 여부 미확정, 복수 수량 총액 · 카드 1장 가격 아님",estimated,no,no,녹 5코 스모커 4장 = 2에 구매 원합니다.
e284f1bf4d74940854cbdd8a,onepiececardgame,원피스 카드게임,2026-07,2026-07-27T11:24:39+09:00,known,eed27f87a9c51b36dcf20539,e284f1bf4d74940854cbdd8a,103899,https://m.dcinside.com/board/onepiececardgame/103899,녹 5코 스모커 4장 구매원합니다,seller-840ef0bb6f8cf1cda1c348db,KENxKEN,registered,녹 5코 스모커 =,녹 5코 스모커 =,녹 5코 스모커 =,,,unknown,미분류,4,2,20000,estimated,per_quantity,text,unknown,,active,needs_review,needs_review,"가격 단위 추정, 수량 표기 감지, 배송비 포함 여부 미확정, 복수 수량 총액 · 카드 1장 가격 아님",estimated,no,no,녹 5코 스모커 4장 = 2에 구매 원합니다.
8af55d54fd1d91646e9da12d,onepiececardgame,원피스 카드게임,2026-07,2026-07-27T12:04:14+09:00,known,73ad8a8ad321626fa1f5701d,8af55d54fd1d91646e9da12d,103913,https://m.dcinside.com/board/onepiececardgame/103913,13탄 카무사리 페레 7탄 징베 페레 구합니다,seller-3270ce138ec692f16e07ae97,ㅇㅇ,guest,카무사리 페레,카무사리 페레,카무사리 페레 장당,,,unknown,미분류,1,11,110000,estimated,per_card,text,unknown,,active,needs_review,needs_review,"가격 단위 추정, 배송비 포함 여부 미확정",estimated,yes,no,카무사리 페레 장당 11에 3장까지
8b54ea387587dfc655a8fd02,onepiececardgame,원피스 카드게임,2026-07,2026-07-27T12:04:14+09:00,known,73ad8a8ad321626fa1f5701d,8b54ea387587dfc655a8fd02,103913,https://m.dcinside.com/board/onepiececardgame/103913,13탄 카무사리 페레 7탄 징베 페레 구합니다,seller-3270ce138ec692f16e07ae97,ㅇㅇ,guest,징베 페레,징베 페레,징베 페레 장당,,,unknown,미분류,1,0.8,8000,estimated,per_card,text,unknown,,active,needs_review,needs_review,"가격 단위 추정, 배송비 포함 여부 미확정",estimated,yes,no,징베 페레 장당 0.8에 2장까지
b335c1cc6ef9d5bb1d57a80b,onepiececardgame,원피스 카드게임,2026-07,2026-07-27T12:04:14+09:00,known,c093c773e7ef95cb5be58f41,b335c1cc6ef9d5bb1d57a80b,103913,https://m.dcinside.com/board/onepiececardgame/103913,13탄 카무사리 페레 7탄 징베 페레 구합니다,seller-d60097020fbc0e6175200ec5,ㅇㅇ,guest,카무사리 페레,카무사리 페레,카무사리 페레 장당,,,unknown,미분류,1,11,110000,estimated,per_card,text,unknown,,active,needs_review,needs_review,"가격 단위 추정, 배송비 포함 여부 미확정",estimated,yes,no,카무사리 페레 장당 11에 3장까지
e077ff0ba6d9067ab06f9277,onepiececardgame,원피스 카드게임,2026-07,2026-07-27T12:04:14+09:00,known,c093c773e7ef95cb5be58f41,e077ff0ba6d9067ab06f9277,103913,https://m.dcinside.com/board/onepiececardgame/103913,13탄 카무사리 페레 7탄 징베 페레 구합니다,seller-d60097020fbc0e6175200ec5,ㅇㅇ,guest,징베 페레,징베 페레,징베 페레 장당,,,unknown,미분류,1,0.8,8000,estimated,per_card,text,unknown,,active,needs_review,needs_review,"가격 단위 추정, 배송비 포함 여부 미확정",estimated,yes,no,징베 페레 장당 0.8에 2장까지
89789b44fba26274ffd343ab,onepiececardgame,원피스 카드게임,2026-07,2026-07-27T12:04:20+09:00,known,23430205e60329ed0e431cf5,89789b44fba26274ffd343ab,103914,https://m.dcinside.com/board/onepiececardgame/103914,12탄 페로나 sr 4장 삽니다,seller-5281d4f0d6d270ffb253d9c2,ㅇㅇ,guest,일괄로,일괄로,일괄로,,,unknown,미분류,4,5.0,50000,estimated,bundle,text,unknown,,active,needs_review,needs_review,"가격 단위 추정, 수량 표기 감지, 일괄·세트 가격, 배송비 포함 여부 미확정, 묶음·세트 총액 · 개별 카드 가격 아님",estimated,no,no,4장 일괄로 5.0에 삽니다
ce18d8b894aacdf5b7640aff,onepiececardgame,원피스 카드게임,2026-07,2026-07-27T12:04:20+09:00,known,6f8a3a293eb43a24e7f273fa,ce18d8b894aacdf5b7640aff,103914,https://m.dcinside.com/board/onepiececardgame/103914,12탄 페로나 sr 4장 삽니다,seller-0c77dc4c6e48542615c70e60,ㅇㅇ,guest,일괄로,일괄로,일괄로,,,unknown,미분류,4,5.0,50000,estimated,bundle,text,unknown,,active,needs_review,needs_review,"가격 단위 추정, 수량 표기 감지, 일괄·세트 가격, 배송비 포함 여부 미확정, 묶음·세트 총액 · 개별 카드 가격 아님",estimated,no,no,4장 일괄로 5.0에 삽니다
54a41823422fc1125caa6a61,onepiececardgame,원피스 카드게임,2026-07,2026-07-27T13:35:06+09:00,known,fa5633748c2788b473a19b01,54a41823422fc1125caa6a61,103927,https://m.dcinside.com/board/onepiececardgame/103927,완)워큐리성 쥬피터성 나스쥬로성 구매합니다,seller-6be837898e5ffd525e24de76,트로우,guest,나스쥬로 페레,나스쥬로 페레,나스쥬로 페레,,,unknown,미분류,1,1.5,15000,estimated,per_card,text,unknown,,active,needs_review,needs_review,"가격 단위 추정, 수량 표기 감지, 배송비 포함 여부 미확정",estimated,yes,no,나스쥬로 페레 1장 1.5
712db64b5c4736d5f4127c50,onepiececardgame,원피스 카드게임,2026-07,2026-07-27T13:35:06+09:00,known,fa5633748c2788b473a19b01,712db64b5c4736d5f4127c50,103927,https://m.dcinside.com/board/onepiececardgame/103927,완)워큐리성 쥬피터성 나스쥬로성 구매합니다,seller-6be837898e5ffd525e24de76,트로우,guest,쥬피터성 페레,쥬피터성 페레,쥬피터성 페레,,,unknown,미분류,2,5,50000,estimated,bundle,text,unknown,,active,needs_review,needs_review,"가격 단위 추정, 수량 표기 감지, 일괄·세트 가격, 배송비 포함 여부 미확정, 묶음·세트 총액 · 개별 카드 가격 아님",estimated,no,no,쥬피터성 페레 2장 일괄 5
915256e89a851a273f027e0b,onepiececardgame,원피스 카드게임,2026-07,2026-07-27T13:35:06+09:00,known,fa5633748c2788b473a19b01,915256e89a851a273f027e0b,103927,https://m.dcinside.com/board/onepiececardgame/103927,완)워큐리성 쥬피터성 나스쥬로성 구매합니다,seller-6be837898e5ffd525e24de76,트로우,guest,워큐리성 페레,워큐리성 페레,워큐리성 페레,,,unknown,미분류,2,5,50000,estimated,bundle,text,unknown,,active,needs_review,needs_review,"가격 단위 추정, 수량 표기 감지, 일괄·세트 가격, 배송비 포함 여부 미확정, 묶음·세트 총액 · 개별 카드 가격 아님",estimated,no,no,워큐리성 페레 2장 일괄 5
acbec5ca461f9f7447d8656f,onepiececardgame,원피스 카드게임,2026-07,2026-07-27T13:35:06+09:00,known,5bca82ed7242fee190ab4095,acbec5ca461f9f7447d8656f,103927,https://m.dcinside.com/board/onepiececardgame/103927,완)워큐리성 쥬피터성 나스쥬로성 구매합니다,seller-a03239e9839276d94a466993,트로우,guest,워큐리성 페레,워큐리성 페레,워큐리성 페레,,,unknown,미분류,2,5,50000,estimated,bundle,text,unknown,,active,needs_review,needs_review,"가격 단위 추정, 수량 표기 감지, 일괄·세트 가격, 배송비 포함 여부 미확정, 묶음·세트 총액 · 개별 카드 가격 아님",estimated,no,no,워큐리성 페레 2장 일괄 5
b8067bb1f742020221c6ae58,onepiececardgame,원피스 카드게임,2026-07,2026-07-27T13:35:06+09:00,known,5bca82ed7242fee190ab4095,b8067bb1f742020221c6ae58,103927,https://m.dcinside.com/board/onepiececardgame/103927,완)워큐리성 쥬피터성 나스쥬로성 구매합니다,seller-a03239e9839276d94a466993,트로우,guest,쥬피터성 페레,쥬피터성 페레,쥬피터성 페레,,,unknown,미분류,2,5,50000,estimated,bundle,text,unknown,,active,needs_review,needs_review,"가격 단위 추정, 수량 표기 감지, 일괄·세트 가격, 배송비 포함 여부 미확정, 묶음·세트 총액 · 개별 카드 가격 아님",estimated,no,no,쥬피터성 페레 2장 일괄 5
c66508eacc84fd559a1b5f31,onepiececardgame,원피스 카드게임,2026-07,2026-07-27T13:35:06+09:00,known,5bca82ed7242fee190ab4095,c66508eacc84fd559a1b5f31,103927,https://m.dcinside.com/board/onepiececardgame/103927,완)워큐리성 쥬피터성 나스쥬로성 구매합니다,seller-a03239e9839276d94a466993,트로우,guest,나스쥬로 페레,나스쥬로 페레,나스쥬로 페레,,,unknown,미분류,1,1.5,15000,estimated,per_card,text,unknown,,active,needs_review,needs_review,"가격 단위 추정, 수량 표기 감지, 배송비 포함 여부 미확정",estimated,yes,no,나스쥬로 페레 1장 1.5
b1fad5f99b54bbb615c7ee97,onepiececardgame,원피스 카드게임,2026-07,2026-07-27T14:06:35+09:00,known,1e8ed43f75a5949470f0742c,b1fad5f99b54bbb615c7ee97,103937,https://m.dcinside.com/board/onepiececardgame/103937,황색 2코 히요리 페레 4장 삽니다,seller-8ad10b55fa52911e796a44cf,원딱러,registered,황색 2코 히요리 페레,황색 2코 히요리 페레,황색 2코 히요리 페레,,,unknown,미분류,4,16,160000,estimated,bundle,text,unknown,,active,needs_review,needs_review,"가격 단위 추정, 수량 표기 감지, 일괄·세트 가격, 배송비 포함 여부 미확정, 묶음·세트 총액 · 개별 카드 가격 아님",estimated,no,no,황색 2코 히요리 페레 4장 일괄 16에 삽니다 -완
dfbfbc3576f4406c7746e5da,onepiececardgame,원피스 카드게임,2026-07,2026-07-27T14:06:35+09:00,known,1432ae857bce7b31e9774e88,dfbfbc3576f4406c7746e5da,103937,https://m.dcinside.com/board/onepiececardgame/103937,황색 2코 히요리 페레 4장 삽니다,seller-8ad10b55fa52911e796a44cf,원딱러,registered,황색 2코 히요리 페레,황색 2코 히요리 페레,황색 2코 히요리 페레,,,unknown,미분류,4,16,160000,estimated,bundle,text,unknown,,active,needs_review,needs_review,"가격 단위 추정, 수량 표기 감지, 일괄·세트 가격, 배송비 포함 여부 미확정, 묶음·세트 총액 · 개별 카드 가격 아님",estimated,no,no,황색 2코 히요리 페레 4장 일괄 16에 삽니다 -완
5bd807f197965e6d6684e888,onepiececardgame,원피스 카드게임,2026-07,2026-07-27T17:21:34+09:00,known,82a43bf850b3ce9f5a166a1a,5bd807f197965e6d6684e888,103977,https://m.dcinside.com/board/onepiececardgame/103977,에이스 영문판 둥 판매,seller-69977fd2a17f35a67122cfb0,에멘,guest,좀 오래 쓰기도 했고 샀을땐 이렇게 안 비쌌어서,좀 오래 쓰기도 했고 샀을땐 이렇게 안 비쌌어서,좀 오래 쓰기도 했고 샀을땐 이렇게 안 비쌌어서,,,unknown,미분류,1,150,1500000,estimated,per_card,text,unknown,,active,needs_review,needs_review,"가격 단위 추정, 배송비 포함 여부 미확정",estimated,yes,no,좀 오래 쓰기도 했고 샀을땐 이렇게 안 비쌌어서 150에 판매해봄.
e2b3cb84b1131618ab64801f,onepiececardgame,원피스 카드게임,2026-07,2026-07-27T17:21:34+09:00,known,1d9c10742883879dc41bdcd4,e2b3cb84b1131618ab64801f,103977,https://m.dcinside.com/board/onepiececardgame/103977,에이스 영문판 둥 판매,seller-be6b4dd4ec41db0d8f142cb9,에멘,guest,좀 오래 쓰기도 했고 샀을땐 이렇게 안 비쌌어서,좀 오래 쓰기도 했고 샀을땐 이렇게 안 비쌌어서,좀 오래 쓰기도 했고 샀을땐 이렇게 안 비쌌어서,,,unknown,미분류,1,150,1500000,estimated,per_card,text,unknown,,active,needs_review,needs_review,"가격 단위 추정, 배송비 포함 여부 미확정",estimated,yes,no,좀 오래 쓰기도 했고 샀을땐 이렇게 안 비쌌어서 150에 판매해봄.
99d0234dbc6f706725aeccbc,onepiececardgame,원피스 카드게임,2026-07,2026-07-27T18:36:31+09:00,known,b2dc2f207a730da821e2f39d,99d0234dbc6f706725aeccbc,104001,https://m.dcinside.com/board/onepiececardgame/104001,"로빈, 행콕 일반 두둥 2장씩 삽니다!",seller-b75353fbe4fb1a09793168d1,햄복,registered,시,시,시,,,unknown,미분류,1,0.9,9000,estimated,bundle,text,unknown,,active,needs_review,needs_review,"가격 단위 추정, 일괄·세트 가격, 배송비 포함 여부 미확정, 카드명 확인 필요, 묶음·세트 총액 · 개별 카드 가격 아님",estimated,no,no,일괄 시 0.9에 사요~~
a77e56a86813eb5ebdb0247b,onepiececardgame,원피스 카드게임,2026-07,2026-07-27T18:36:31+09:00,known,e9506f09a1453782946ddd74,a77e56a86813eb5ebdb0247b,104001,https://m.dcinside.com/board/onepiececardgame/104001,"로빈, 행콕 일반 두둥 2장씩 삽니다!",seller-b75353fbe4fb1a09793168d1,햄복,registered,시,시,시,,,unknown,미분류,1,0.9,9000,estimated,bundle,text,unknown,,active,needs_review,needs_review,"가격 단위 추정, 일괄·세트 가격, 배송비 포함 여부 미확정, 카드명 확인 필요, 묶음·세트 총액 · 개별 카드 가격 아님",estimated,no,no,일괄 시 0.9에 사요~~
c76150cfda81eea8468043ad,onepiececardgame,원피스 카드게임,2026-07,2026-07-27T18:36:31+09:00,known,e9506f09a1453782946ddd74,c76150cfda81eea8468043ad,104001,https://m.dcinside.com/board/onepiececardgame/104001,"로빈, 행콕 일반 두둥 2장씩 삽니다!",seller-b75353fbe4fb1a09793168d1,햄복,registered,,장당,장당,,,unknown,미분류,1,0.2,2000,estimated,per_card,text,unknown,,active,excluded,needs_review,"가격 단위 추정, 배송비 포함 여부 미확정, 스크립트·광고 문구로 추정되는 오염 행",estimated,yes,no,장당 0.2에 구합니다!
efec20e1e28a0b3c9d55e9d5,onepiececardgame,원피스 카드게임,2026-07,2026-07-27T18:36:31+09:00,known,b2dc2f207a730da821e2f39d,efec20e1e28a0b3c9d55e9d5,104001,https://m.dcinside.com/board/onepiececardgame/104001,"로빈, 행콕 일반 두둥 2장씩 삽니다!",seller-b75353fbe4fb1a09793168d1,햄복,registered,,장당,장당,,,unknown,미분류,1,0.2,2000,estimated,per_card,text,unknown,,active,excluded,needs_review,"가격 단위 추정, 배송비 포함 여부 미확정, 스크립트·광고 문구로 추정되는 오염 행",estimated,yes,no,장당 0.2에 구합니다!
1ebde6b199a2128b358f7714,onepiececardgame,원피스 카드게임,2026-07,2026-07-27T20:22:50+09:00,known,62f86a6a9627cadde5528526,1ebde6b199a2128b358f7714,104019,https://m.dcinside.com/board/onepiececardgame/104019,스탠 보니랑 5 보니 페레삽니다,seller-8ad10b55fa52911e796a44cf,원딱러,registered,DOM 삽입 헬퍼 현재 스크립트 위치 기준,DOM 삽입 헬퍼 현재 스크립트 위치 기준,// ---- DOM 삽입 헬퍼 (현재 스크립트 위치 기준,,,unknown,미분류,1,,,missing,unknown,unknown,included,2000,active,excluded,needs_review,"가격 후보 재검토 필요, 가격 미기재, 스크립트·광고 문구로 추정되는 오염 행",missing,no,no,// ---- DOM 삽입 헬퍼 (현재 스크립트 위치 기준1)
1eec1dfc4d7518415abb511f,onepiececardgame,원피스 카드게임,2026-07,2026-07-27T20:22:50+09:00,known,62f86a6a9627cadde5528526,1eec1dfc4d7518415abb511f,104019,https://m.dcinside.com/board/onepiececardgame/104019,스탠 보니랑 5 보니 페레삽니다,seller-8ad10b55fa52911e796a44cf,원딱러,registered,loadScript 'https pagead,loadScript 'https pagead,loadScript('https://pagead,,,unknown,미분류,1,,,missing,unknown,unknown,included,2000,active,excluded,needs_review,"가격 후보 재검토 필요, 가격 미기재, 스크립트·광고 문구로 추정되는 오염 행",missing,no,no,"loadScript('https://pagead2.googlesyndication.com/pagead/js/adsbygoogle_direct.js?client=ca-pub-8171468792791627', true, 'anonymous');"
3d27be7fe750a96326a76bb4,onepiececardgame,원피스 카드게임,2026-07,2026-07-27T20:22:50+09:00,known,2fd0101ae23954fa47018af8,3d27be7fe750a96326a76bb4,104019,https://m.dcinside.com/board/onepiececardgame/104019,스탠 보니랑 5 보니 페레삽니다,seller-8ad10b55fa52911e796a44cf,원딱러,registered,var safe = window.dcAd && window.dcAd.safe ==,var safe = window.dcAd && window.dcAd.safe ==,var safe = (window.dcAd && window.dcAd.safe ==,,,unknown,미분류,1,1,10000,estimated,bundle,text,included,2000,active,excluded,needs_review,"가격 단위 추정, 복수 카드 가격, 묶음·세트 총액 · 개별 카드 가격 아님, 스크립트·광고 문구로 추정되는 오염 행",estimated,no,no,var safe = (window.dcAd && window.dcAd.safe == 1)
59ff63787105130cc78909a9,onepiececardgame,원피스 카드게임,2026-07,2026-07-27T20:22:50+09:00,known,62f86a6a9627cadde5528526,59ff63787105130cc78909a9,104019,https://m.dcinside.com/board/onepiececardgame/104019,스탠 보니랑 5 보니 페레삽니다,seller-8ad10b55fa52911e796a44cf,원딱러,registered,var safe = window.dcAd && window.dcAd.safe ==,var safe = window.dcAd && window.dcAd.safe ==,var safe = (window.dcAd && window.dcAd.safe ==,,,unknown,미분류,1,1,10000,estimated,bundle,text,included,2000,active,excluded,needs_review,"가격 단위 추정, 복수 카드 가격, 묶음·세트 총액 · 개별 카드 가격 아님, 스크립트·광고 문구로 추정되는 오염 행",estimated,no,no,var safe = (window.dcAd && window.dcAd.safe == 1)
5e39d0dd31d01255c782339b,onepiececardgame,원피스 카드게임,2026-07,2026-07-27T20:22:50+09:00,known,2fd0101ae23954fa47018af8,5e39d0dd31d01255c782339b,104019,https://m.dcinside.com/board/onepiececardgame/104019,스탠 보니랑 5 보니 페레삽니다,seller-8ad10b55fa52911e796a44cf,원딱러,registered,모두 일괄로 팔아주시면,모두 일괄로 팔아주시면,모두 일괄로 팔아주시면,,,unknown,미분류,1,7,70000,estimated,bundle,text,included,2000,active,needs_review,needs_review,"가격 단위 추정, 일괄·세트 가격, 묶음·세트 총액 · 개별 카드 가격 아님",estimated,no,no,모두 일괄로 팔아주시면 택포 7에 구매하겠습니다!
75c6bd4e004fff81b43a292f,onepiececardgame,원피스 카드게임,2026-07,2026-07-27T20:22:50+09:00,known,2fd0101ae23954fa47018af8,75c6bd4e004fff81b43a292f,104019,https://m.dcinside.com/board/onepiececardgame/104019,스탠 보니랑 5 보니 페레삽니다,seller-8ad10b55fa52911e796a44cf,원딱러,registered,DOM 삽입 헬퍼 현재 스크립트 위치 기준,DOM 삽입 헬퍼 현재 스크립트 위치 기준,// ---- DOM 삽입 헬퍼 (현재 스크립트 위치 기준,,,unknown,미분류,1,,,missing,unknown,unknown,included,2000,active,excluded,needs_review,"가격 후보 재검토 필요, 가격 미기재, 스크립트·광고 문구로 추정되는 오염 행",missing,no,no,// ---- DOM 삽입 헬퍼 (현재 스크립트 위치 기준1)
7e7269af487d375511af246e,onepiececardgame,원피스 카드게임,2026-07,2026-07-27T20:22:50+09:00,known,2fd0101ae23954fa47018af8,7e7269af487d375511af246e,104019,https://m.dcinside.com/board/onepiececardgame/104019,스탠 보니랑 5 보니 페레삽니다,seller-8ad10b55fa52911e796a44cf,원딱러,registered,loadScript ' t,loadScript ' t,loadScript('//t,,,unknown,미분류,1,,,missing,unknown,unknown,included,2000,active,excluded,needs_review,"가격 후보 재검토 필요, 가격 미기재, 스크립트·광고 문구로 추정되는 오염 행",missing,no,no,"loadScript('//t1.kakaocdn.net/kas/static/ba.min.js', true);"
c372d1dd7267e0bdfc95b32f,onepiececardgame,원피스 카드게임,2026-07,2026-07-27T20:22:50+09:00,known,62f86a6a9627cadde5528526,c372d1dd7267e0bdfc95b32f,104019,https://m.dcinside.com/board/onepiececardgame/104019,스탠 보니랑 5 보니 페레삽니다,seller-8ad10b55fa52911e796a44cf,원딱러,registered,모두 일괄로 팔아주시면,모두 일괄로 팔아주시면,모두 일괄로 팔아주시면,,,unknown,미분류,1,7,70000,estimated,bundle,text,included,2000,active,needs_review,needs_review,"가격 단위 추정, 일괄·세트 가격, 묶음·세트 총액 · 개별 카드 가격 아님",estimated,no,no,모두 일괄로 팔아주시면 택포 7에 구매하겠습니다!
ccdc52c01ce0ff7af417e4bf,onepiececardgame,원피스 카드게임,2026-07,2026-07-27T20:22:50+09:00,known,62f86a6a9627cadde5528526,ccdc52c01ce0ff7af417e4bf,104019,https://m.dcinside.com/board/onepiececardgame/104019,스탠 보니랑 5 보니 페레삽니다,seller-8ad10b55fa52911e796a44cf,원딱러,registered,스탠 보니,스탠 보니,스탠 보니,,,unknown,미분류,4,1.6,16000,estimated,bundle,text,included,2000,active,needs_review,needs_review,"가격 단위 추정, 수량 표기 감지, 일괄·세트 가격, 묶음·세트 총액 · 개별 카드 가격 아님",estimated,no,no,스탠 보니 4장 일괄 1.6
df20f2e9f0bade010ef206ec,onepiececardgame,원피스 카드게임,2026-07,2026-07-27T20:22:50+09:00,known,2fd0101ae23954fa47018af8,df20f2e9f0bade010ef206ec,104019,https://m.dcinside.com/board/onepiececardgame/104019,스탠 보니랑 5 보니 페레삽니다,seller-8ad10b55fa52911e796a44cf,원딱러,registered,스탠 보니,스탠 보니,스탠 보니,,,unknown,미분류,4,1.6,16000,estimated,bundle,text,included,2000,active,needs_review,needs_review,"가격 단위 추정, 수량 표기 감지, 일괄·세트 가격, 묶음·세트 총액 · 개별 카드 가격 아님",estimated,no,no,스탠 보니 4장 일괄 1.6
e2997e5a775f6e8dcfbdfd76,onepiececardgame,원피스 카드게임,2026-07,2026-07-27T20:22:50+09:00,known,2fd0101ae23954fa47018af8,e2997e5a775f6e8dcfbdfd76,104019,https://m.dcinside.com/board/onepiececardgame/104019,스탠 보니랑 5 보니 페레삽니다,seller-8ad10b55fa52911e796a44cf,원딱러,registered,loadScript 'https pagead,loadScript 'https pagead,loadScript('https://pagead,,,unknown,미분류,1,,,missing,unknown,unknown,included,2000,active,excluded,needs_review,"가격 후보 재검토 필요, 가격 미기재, 스크립트·광고 문구로 추정되는 오염 행",missing,no,no,"loadScript('https://pagead2.googlesyndication.com/pagead/js/adsbygoogle_direct.js?client=ca-pub-8171468792791627', true, 'anonymous');"
e35c96adc152e1b83a73bfaa,onepiececardgame,원피스 카드게임,2026-07,2026-07-27T20:22:50+09:00,known,62f86a6a9627cadde5528526,e35c96adc152e1b83a73bfaa,104019,https://m.dcinside.com/board/onepiececardgame/104019,스탠 보니랑 5 보니 페레삽니다,seller-8ad10b55fa52911e796a44cf,원딱러,registered,loadScript ' t,loadScript ' t,loadScript('//t,,,unknown,미분류,1,,,missing,unknown,unknown,included,2000,active,excluded,needs_review,"가격 후보 재검토 필요, 가격 미기재, 스크립트·광고 문구로 추정되는 오염 행",missing,no,no,"loadScript('//t1.kakaocdn.net/kas/static/ba.min.js', true);"
9b4e4fdc2bb79e90ed57d095,onepiececardgame,원피스 카드게임,2026-07,2026-07-27T21:23:57+09:00,known,46dd7a008d7ee8383cee5e2d,9b4e4fdc2bb79e90ed57d095,104037,https://m.dcinside.com/board/onepiececardgame/104037,시크보니 구매 및 시크봉쿠레 6상디 판매,seller-8ad10b55fa52911e796a44cf,원딱러,registered,,,,,,unknown,미분류,1,10,100000,estimated,bundle,text,unknown,,active,needs_review,needs_review,"가격 단위 추정, 일괄·세트 가격, 배송비 포함 여부 미확정, 카드명 확인 필요, 묶음·세트 총액 · 개별 카드 가격 아님",estimated,no,no,일괄 10
bad7d474e73235a0565fc717,onepiececardgame,원피스 카드게임,2026-07,2026-07-27T21:23:57+09:00,known,b727e93e58f77146732de01c,bad7d474e73235a0565fc717,104037,https://m.dcinside.com/board/onepiececardgame/104037,시크보니 구매 및 시크봉쿠레 6상디 판매,seller-8ad10b55fa52911e796a44cf,원딱러,registered,,,,,,unknown,미분류,1,10,100000,estimated,bundle,text,unknown,,active,needs_review,needs_review,"가격 단위 추정, 일괄·세트 가격, 배송비 포함 여부 미확정, 카드명 확인 필요, 묶음·세트 총액 · 개별 카드 가격 아님",estimated,no,no,일괄 10
dcd12cbb06745c79d6a5ed13,onepiececardgame,원피스 카드게임,2026-07,2026-07-27T21:23:57+09:00,known,b727e93e58f77146732de01c,dcd12cbb06745c79d6a5ed13,104037,https://m.dcinside.com/board/onepiececardgame/104037,시크보니 구매 및 시크봉쿠레 6상디 판매,seller-8ad10b55fa52911e796a44cf,원딱러,registered,녹색 시크보니,녹색 시크보니,녹색 시크보니 장당,,,unknown,미분류,2,2.0,20000,estimated,per_card,text,unknown,,active,needs_review,needs_review,"가격 단위 추정, 수량 표기 감지, 배송비 포함 여부 미확정",estimated,yes,no,녹색 시크보니 2장 장당 2.0
e97a100ad38fc2c85c981f5a,onepiececardgame,원피스 카드게임,2026-07,2026-07-27T21:23:57+09:00,known,46dd7a008d7ee8383cee5e2d,e97a100ad38fc2c85c981f5a,104037,https://m.dcinside.com/board/onepiececardgame/104037,시크보니 구매 및 시크봉쿠레 6상디 판매,seller-8ad10b55fa52911e796a44cf,원딱러,registered,녹색 시크보니,녹색 시크보니,녹색 시크보니 장당,,,unknown,미분류,2,2.0,20000,estimated,per_card,text,unknown,,active,needs_review,needs_review,"가격 단위 추정, 수량 표기 감지, 배송비 포함 여부 미확정",estimated,yes,no,녹색 시크보니 2장 장당 2.0
404a2cf08bbe2ee5e2d65f26,onepiececardgame,원피스 카드게임,2026-07,2026-07-27T23:40:49+09:00,known,dc03817d1a082a60c6a45204,404a2cf08bbe2ee5e2d65f26,104065,https://m.dcinside.com/board/onepiececardgame/104065,행콕 일반두웅 2장사고 sr나미 팔아영,seller-b75353fbe4fb1a09793168d1,햄복,registered,히로인즈 나미sr,히로인즈 나미sr,판매: 히로인즈 나미sr / 한장,,,unknown,미분류,1,1.5,15000,estimated,bundle,text,unknown,,active,needs_review,needs_review,"가격 단위 추정, 복수 카드 가격, 배송비 포함 여부 미확정, 묶음·세트 총액 · 개별 카드 가격 아님",estimated,no,no,판매: 히로인즈 나미sr / 한장 1.5
a4ccc0f354e585fad8601d42,onepiececardgame,원피스 카드게임,2026-07,2026-07-27T23:40:49+09:00,known,2611fc32c2fccd633d3bd9ae,a4ccc0f354e585fad8601d42,104065,https://m.dcinside.com/board/onepiececardgame/104065,행콕 일반두웅 2장사고 sr나미 팔아영,seller-b75353fbe4fb1a09793168d1,햄복,registered,히로인즈 나미sr,히로인즈 나미sr,판매: 히로인즈 나미sr / 한장,,,unknown,미분류,1,1.5,15000,estimated,bundle,text,unknown,,active,needs_review,needs_review,"가격 단위 추정, 복수 카드 가격, 배송비 포함 여부 미확정, 묶음·세트 총액 · 개별 카드 가격 아님",estimated,no,no,판매: 히로인즈 나미sr / 한장 1.5
02c8dc5c3347661eaa4d1f72,onepiececardgame,원피스 카드게임,2026-07,2026-07-28T00:07:59+09:00,known,638e9e65a05ec1fcc4384923,02c8dc5c3347661eaa4d1f72,104072,https://m.dcinside.com/board/onepiececardgame/104072,"EB03,13탄 / 02~12탄까지 SR등 여러가지 판매합니다.",seller-8ad10b55fa52911e796a44cf,원딱러,registered,OP13-084 셰퍼드 주. 피터 성 ★R,OP13-084 셰퍼드 주. 피터 성 ★R,OP13-084 / 셰퍼드 주. 피터 성 / ★R,,,unknown,미분류,1,37.000,37000,exact,bundle,text,unknown,,active,needs_review,needs_review,"복수 카드 가격, 배송비 포함 여부 미확정, 묶음·세트 총액 · 개별 카드 가격 아님",exact,no,no,"OP13-084 / 셰퍼드 주. 피터 성 / ★R - 37,000원"
04e283a7dc126e386eda1003,onepiececardgame,원피스 카드게임,2026-07,2026-07-28T00:07:59+09:00,known,638e9e65a05ec1fcc4384923,04e283a7dc126e386eda1003,104072,https://m.dcinside.com/board/onepiececardgame/104072,"EB03,13탄 / 02~12탄까지 SR등 여러가지 판매합니다.",seller-8ad10b55fa52911e796a44cf,원딱러,registered,OP02-017 마스크드 듀스 SR★,OP02-017 마스크드 듀스 SR★,OP02-017 / 마스크드 듀스 / SR★,,,unknown,미분류,1,3.000,3000,exact,bundle,text,unknown,,active,needs_review,needs_review,"복수 카드 가격, 배송비 포함 여부 미확정, 묶음·세트 총액 · 개별 카드 가격 아님",exact,no,no,"OP02-017 / 마스크드 듀스 / SR★ - 3,000원"
067bdd6b2befdb6b943043a2,onepiececardgame,원피스 카드게임,2026-07,2026-07-28T00:07:59+09:00,known,638e9e65a05ec1fcc4384923,067bdd6b2befdb6b943043a2,104072,https://m.dcinside.com/board/onepiececardgame/104072,"EB03,13탄 / 02~12탄까지 SR등 여러가지 판매합니다.",seller-8ad10b55fa52911e796a44cf,원딱러,registered,OP13-080 에단바론 V. 나스쥬로 성 R,OP13-080 에단바론 V. 나스쥬로 성 R,OP13-080 / 에단바론 V. 나스쥬로 성 / R,,,unknown,미분류,1,1.000,1000,exact,bundle,text,unknown,,active,needs_review,needs_review,"복수 카드 가격, 배송비 포함 여부 미확정, 묶음·세트 총액 · 개별 카드 가격 아님",exact,no,no,"OP13-080 / 에단바론 V. 나스쥬로 성 / R - 1,000원"
09f6213b85d55fd4e61bae44,onepiececardgame,원피스 카드게임,2026-07,2026-07-28T00:07:59+09:00,known,8ead3c89cd76d082f3c49557,09f6213b85d55fd4e61bae44,104072,https://m.dcinside.com/board/onepiececardgame/104072,"EB03,13탄 / 02~12탄까지 SR등 여러가지 판매합니다.",seller-8ad10b55fa52911e796a44cf,원딱러,registered,PRB02-012 나미 R,PRB02-012 나미 R,PRB02-012 / 나미 / R,,,unknown,미분류,1,8.000,8000,exact,bundle,text,unknown,,active,needs_review,needs_review,"복수 카드 가격, 배송비 포함 여부 미확정, 묶음·세트 총액 · 개별 카드 가격 아님",exact,no,no,"PRB02-012 / 나미 / R - 8,000원"
0a809aae9dcb435ee86418d1,onepiececardgame,원피스 카드게임,2026-07,2026-07-28T00:07:59+09:00,known,8ead3c89cd76d082f3c49557,0a809aae9dcb435ee86418d1,104072,https://m.dcinside.com/board/onepiececardgame/104072,"EB03,13탄 / 02~12탄까지 SR등 여러가지 판매합니다.",seller-8ad10b55fa52911e796a44cf,원딱러,registered,OP09-048 쥬라큘 미호크 SR,OP09-048 쥬라큘 미호크 SR,OP09-048 / 쥬라큘 미호크 / SR,,,unknown,미분류,1,2.000,2000,exact,bundle,text,unknown,,active,needs_review,needs_review,"복수 카드 가격, 배송비 포함 여부 미확정, 묶음·세트 총액 · 개별 카드 가격 아님",exact,no,no,"OP09-048 / 쥬라큘 미호크 / SR - 2,000원"
0bdb4d742e0fcfa07b6c15de,onepiececardgame,원피스 카드게임,2026-07,2026-07-28T00:07:59+09:00,known,638e9e65a05ec1fcc4384923,0bdb4d742e0fcfa07b6c15de,104072,https://m.dcinside.com/board/onepiececardgame/104072,"EB03,13탄 / 02~12탄까지 SR등 여러가지 판매합니다.",seller-8ad10b55fa52911e796a44cf,원딱러,registered,OP13-054 야마토 ★SR,OP13-054 야마토 ★SR,OP13-054 / 야마토 / ★SR,,,unknown,미분류,1,67.000,67000,exact,bundle,text,unknown,,active,needs_review,needs_review,"복수 카드 가격, 배송비 포함 여부 미확정, 묶음·세트 총액 · 개별 카드 가격 아님",exact,no,no,"OP13-054 / 야마토 / ★SR - 67,000원"
0be32bbd4ea58b480114aaed,onepiececardgame,원피스 카드게임,2026-07,2026-07-28T00:07:59+09:00,known,8ead3c89cd76d082f3c49557,0be32bbd4ea58b480114aaed,104072,https://m.dcinside.com/board/onepiececardgame/104072,"EB03,13탄 / 02~12탄까지 SR등 여러가지 판매합니다.",seller-8ad10b55fa52911e796a44cf,원딱러,registered,OP12-087 니코로빈 SR,OP12-087 니코로빈 SR,OP12-087 / 니코로빈 / SR,,,unknown,미분류,1,5.000,5000,exact,bundle,text,unknown,,active,needs_review,needs_review,"복수 카드 가격, 배송비 포함 여부 미확정, 묶음·세트 총액 · 개별 카드 가격 아님",exact,no,no,"OP12-087 / 니코로빈 / SR - 5,000원"
0c3ec19dc083236c449e7149,onepiececardgame,원피스 카드게임,2026-07,2026-07-28T00:07:59+09:00,known,8ead3c89cd76d082f3c49557,0c3ec19dc083236c449e7149,104072,https://m.dcinside.com/board/onepiececardgame/104072,"EB03,13탄 / 02~12탄까지 SR등 여러가지 판매합니다.",seller-8ad10b55fa52911e796a44cf,원딱러,registered,OP11-031 징베 SR,OP11-031 징베 SR,OP11-031 / 징베 / SR,,,unknown,미분류,1,2.000,2000,exact,bundle,text,unknown,,active,needs_review,needs_review,"복수 카드 가격, 배송비 포함 여부 미확정, 묶음·세트 총액 · 개별 카드 가격 아님",exact,no,no,"OP11-031 / 징베 / SR - 2,000원"
0da1b925d129b553a2732588,onepiececardgame,원피스 카드게임,2026-07,2026-07-28T00:07:59+09:00,known,638e9e65a05ec1fcc4384923,0da1b925d129b553a2732588,104072,https://m.dcinside.com/board/onepiececardgame/104072,"EB03,13탄 / 02~12탄까지 SR등 여러가지 판매합니다.",seller-8ad10b55fa52911e796a44cf,원딱러,registered,OP13-064 골 D.로저 ★SEC,OP13-064 골 D.로저 ★SEC,OP13-064 / 골 D.로저 / ★SEC,,,unknown,미분류,1,11.000,11000,exact,bundle,text,unknown,,active,needs_review,needs_review,"복수 카드 가격, 배송비 포함 여부 미확정, 묶음·세트 총액 · 개별 카드 가격 아님",exact,no,no,"OP13-064 / 골 D.로저 / ★SEC - 11,000원"
14ea81b272f56a4120896032,onepiececardgame,원피스 카드게임,2026-07,2026-07-28T00:07:59+09:00,known,8ead3c89cd76d082f3c49557,14ea81b272f56a4120896032,104072,https://m.dcinside.com/board/onepiececardgame/104072,"EB03,13탄 / 02~12탄까지 SR등 여러가지 판매합니다.",seller-8ad10b55fa52911e796a44cf,원딱러,registered,EB03-057 야마토 ★R,EB03-057 야마토 ★R,EB03-057 / 야마토 / ★R,,,unknown,미분류,1,15.000,15000,exact,bundle,text,unknown,,active,needs_review,needs_review,"복수 카드 가격, 배송비 포함 여부 미확정, 묶음·세트 총액 · 개별 카드 가격 아님",exact,no,no,"EB03-057 / 야마토 / ★R - 15,000원"
1b1db110a6916b832c40a576,onepiececardgame,원피스 카드게임,2026-07,2026-07-28T00:07:59+09:00,known,638e9e65a05ec1fcc4384923,1b1db110a6916b832c40a576,104072,https://m.dcinside.com/board/onepiececardgame/104072,"EB03,13탄 / 02~12탄까지 SR등 여러가지 판매합니다.",seller-8ad10b55fa52911e796a44cf,원딱러,registered,OP07-064 상디 SR,OP07-064 상디 SR,OP07-064 / 상디 / SR,,,unknown,미분류,1,10.000,10000,exact,bundle,text,unknown,,active,needs_review,needs_review,"복수 카드 가격, 배송비 포함 여부 미확정, 묶음·세트 총액 · 개별 카드 가격 아님",exact,no,no,"OP07-064 / 상디 / SR - 10,000원"
2195a472218d0c4b7560baa7,onepiececardgame,원피스 카드게임,2026-07,2026-07-28T00:07:59+09:00,known,8ead3c89cd76d082f3c49557,2195a472218d0c4b7560baa7,104072,https://m.dcinside.com/board/onepiececardgame/104072,"EB03,13탄 / 02~12탄까지 SR등 여러가지 판매합니다.",seller-8ad10b55fa52911e796a44cf,원딱러,registered,EB03-008 히바리 ★R,EB03-008 히바리 ★R,EB03-008 / 히바리 / ★R,,,unknown,미분류,1,10.000,10000,exact,bundle,text,unknown,,active,needs_review,needs_review,"복수 카드 가격, 배송비 포함 여부 미확정, 묶음·세트 총액 · 개별 카드 가격 아님",exact,no,no,"EB03-008 / 히바리 / ★R - 10,000원"
2404b80b44caef675fcb7c7c,onepiececardgame,원피스 카드게임,2026-07,2026-07-28T00:07:59+09:00,known,638e9e65a05ec1fcc4384923,2404b80b44caef675fcb7c7c,104072,https://m.dcinside.com/board/onepiececardgame/104072,"EB03,13탄 / 02~12탄까지 SR등 여러가지 판매합니다.",seller-8ad10b55fa52911e796a44cf,원딱러,registered,OP13-004 사보 ★L,OP13-004 사보 ★L,OP13-004 / 사보 / ★L,,,unknown,미분류,1,40.000,40000,exact,bundle,text,unknown,,active,needs_review,needs_review,"복수 카드 가격, 배송비 포함 여부 미확정, 묶음·세트 총액 · 개별 카드 가격 아님",exact,no,no,"OP13-004 / 사보 / ★L - 40,000원"
267cb066267489f184e4f5bc,onepiececardgame,원피스 카드게임,2026-07,2026-07-28T00:07:59+09:00,known,8ead3c89cd76d082f3c49557,267cb066267489f184e4f5bc,104072,https://m.dcinside.com/board/onepiececardgame/104072,"EB03,13탄 / 02~12탄까지 SR등 여러가지 판매합니다.",seller-8ad10b55fa52911e796a44cf,원딱러,registered,OP12-056 몽키 D. 가프 SR,OP12-056 몽키 D. 가프 SR,OP12-056 / 몽키 D. 가프 / SR,,,unknown,미분류,1,2.000,2000,exact,bundle,text,unknown,,active,needs_review,needs_review,"복수 카드 가격, 배송비 포함 여부 미확정, 묶음·세트 총액 · 개별 카드 가격 아님",exact,no,no,"OP12-056 / 몽키 D. 가프 / SR - 2,000원"
27a75d9a329eedeca262c71d,onepiececardgame,원피스 카드게임,2026-07,2026-07-28T00:07:59+09:00,known,638e9e65a05ec1fcc4384923,27a75d9a329eedeca262c71d,104072,https://m.dcinside.com/board/onepiececardgame/104072,"EB03,13탄 / 02~12탄까지 SR등 여러가지 판매합니다.",seller-8ad10b55fa52911e796a44cf,원딱러,registered,OP13-079 임 ★L,OP13-079 임 ★L,OP13-079 / 임 / ★L,,,unknown,미분류,1,75.000,75000,exact,bundle,text,unknown,,active,needs_review,needs_review,"복수 카드 가격, 배송비 포함 여부 미확정, 묶음·세트 총액 · 개별 카드 가격 아님",exact,no,no,"OP13-079 / 임 / ★L - 75,000원"
295fdc709ee3c41c49e4c867,onepiececardgame,원피스 카드게임,2026-07,2026-07-28T00:07:59+09:00,known,8ead3c89cd76d082f3c49557,295fdc709ee3c41c49e4c867,104072,https://m.dcinside.com/board/onepiececardgame/104072,"EB03,13탄 / 02~12탄까지 SR등 여러가지 판매합니다.",seller-8ad10b55fa52911e796a44cf,원딱러,registered,OP11-092 헤르메포 SR,OP11-092 헤르메포 SR,OP11-092 / 헤르메포 / SR,,,unknown,미분류,1,2.000,2000,exact,bundle,text,unknown,,active,needs_review,needs_review,"복수 카드 가격, 배송비 포함 여부 미확정, 묶음·세트 총액 · 개별 카드 가격 아님",exact,no,no,"OP11-092 / 헤르메포 / SR - 2,000원"
2a7bfaeb5eb20e07d58cd2a5,onepiececardgame,원피스 카드게임,2026-07,2026-07-28T00:07:59+09:00,known,8ead3c89cd76d082f3c49557,2a7bfaeb5eb20e07d58cd2a5,104072,https://m.dcinside.com/board/onepiececardgame/104072,"EB03,13탄 / 02~12탄까지 SR등 여러가지 판매합니다.",seller-8ad10b55fa52911e796a44cf,원딱러,registered,EB03-061 우타 SEC,EB03-061 우타 SEC,EB03-061 / 우타 / SEC,,,unknown,미분류,1,10.000,10000,exact,bundle,text,unknown,,active,needs_review,needs_review,"복수 카드 가격, 배송비 포함 여부 미확정, 묶음·세트 총액 · 개별 카드 가격 아님",exact,no,no,"EB03-061 / 우타 / SEC - 10,000원"
2ab15acf4c52a896a2284697,onepiececardgame,원피스 카드게임,2026-07,2026-07-28T00:07:59+09:00,known,638e9e65a05ec1fcc4384923,2ab15acf4c52a896a2284697,104072,https://m.dcinside.com/board/onepiececardgame/104072,"EB03,13탄 / 02~12탄까지 SR등 여러가지 판매합니다.",seller-8ad10b55fa52911e796a44cf,원딱러,registered,PRB02-012 나미 R,PRB02-012 나미 R,PRB02-012 / 나미 / R,,,unknown,미분류,1,8.000,8000,exact,bundle,text,unknown,,active,needs_review,needs_review,"복수 카드 가격, 배송비 포함 여부 미확정, 묶음·세트 총액 · 개별 카드 가격 아님",exact,no,no,"PRB02-012 / 나미 / R - 8,000원"
2c3c43d8214632e8cf62fa39,onepiececardgame,원피스 카드게임,2026-07,2026-07-28T00:07:59+09:00,known,638e9e65a05ec1fcc4384923,2c3c43d8214632e8cf62fa39,104072,https://m.dcinside.com/board/onepiececardgame/104072,"EB03,13탄 / 02~12탄까지 SR등 여러가지 판매합니다.",seller-8ad10b55fa52911e796a44cf,원딱러,registered,OP11-092 헤르메포 SR,OP11-092 헤르메포 SR,OP11-092 / 헤르메포 / SR,,,unknown,미분류,1,2.000,2000,exact,bundle,text,unknown,,active,needs_review,needs_review,"복수 카드 가격, 배송비 포함 여부 미확정, 묶음·세트 총액 · 개별 카드 가격 아님",exact,no,no,"OP11-092 / 헤르메포 / SR - 2,000원"
2d52124f93d03acaca3b37ea,onepiececardgame,원피스 카드게임,2026-07,2026-07-28T00:07:59+09:00,known,8ead3c89cd76d082f3c49557,2d52124f93d03acaca3b37ea,104072,https://m.dcinside.com/board/onepiececardgame/104072,"EB03,13탄 / 02~12탄까지 SR등 여러가지 판매합니다.",seller-8ad10b55fa52911e796a44cf,원딱러,registered,OP09-119 루피 SEC,OP09-119 루피 SEC,OP09-119 / 루피 / SEC,,,unknown,미분류,1,20.000,20000,exact,bundle,text,unknown,,active,needs_review,needs_review,"복수 카드 가격, 배송비 포함 여부 미확정, 묶음·세트 총액 · 개별 카드 가격 아님",exact,no,no,"OP09-119 / 루피 / SEC - 20,000원"
2f12c7f74950225dd6287d43,onepiececardgame,원피스 카드게임,2026-07,2026-07-28T00:07:59+09:00,known,8ead3c89cd76d082f3c49557,2f12c7f74950225dd6287d43,104072,https://m.dcinside.com/board/onepiececardgame/104072,"EB03,13탄 / 02~12탄까지 SR등 여러가지 판매합니다.",seller-8ad10b55fa52911e796a44cf,원딱러,registered,OP13-120 사보 ★SEC,OP13-120 사보 ★SEC,OP13-120 / 사보 / ★SEC,,,unknown,미분류,1,67.000,67000,exact,bundle,text,unknown,,active,needs_review,needs_review,"복수 카드 가격, 배송비 포함 여부 미확정, 묶음·세트 총액 · 개별 카드 가격 아님",exact,no,no,"OP13-120 / 사보 / ★SEC - 67,000원"
2f255a84d4d9c3498519e719,onepiececardgame,원피스 카드게임,2026-07,2026-07-28T00:07:59+09:00,known,638e9e65a05ec1fcc4384923,2f255a84d4d9c3498519e719,104072,https://m.dcinside.com/board/onepiececardgame/104072,"EB03,13탄 / 02~12탄까지 SR등 여러가지 판매합니다.",seller-8ad10b55fa52911e796a44cf,원딱러,registered,OP07-015 몽키 D. 드래곤 SP,OP07-015 몽키 D. 드래곤 SP,OP07-015 / 몽키 D. 드래곤 / SP,,,unknown,미분류,1,70.000,70000,exact,bundle,text,unknown,,active,needs_review,needs_review,"복수 카드 가격, 배송비 포함 여부 미확정, 묶음·세트 총액 · 개별 카드 가격 아님",exact,no,no,"OP07-015 / 몽키 D. 드래곤 / SP - 70,000원"
306fafa11b3df7866e1f3cce,onepiececardgame,원피스 카드게임,2026-07,2026-07-28T00:07:59+09:00,known,8ead3c89cd76d082f3c49557,306fafa11b3df7866e1f3cce,104072,https://m.dcinside.com/board/onepiececardgame/104072,"EB03,13탄 / 02~12탄까지 SR등 여러가지 판매합니다.",seller-8ad10b55fa52911e796a44cf,원딱러,registered,OP13-004 사보 ★L,OP13-004 사보 ★L,OP13-004 / 사보 / ★L,,,unknown,미분류,1,40.000,40000,exact,bundle,text,unknown,,active,needs_review,needs_review,"복수 카드 가격, 배송비 포함 여부 미확정, 묶음·세트 총액 · 개별 카드 가격 아님",exact,no,no,"OP13-004 / 사보 / ★L - 40,000원"
39dcb51ea8d45d941305f19b,onepiececardgame,원피스 카드게임,2026-07,2026-07-28T00:07:59+09:00,known,8ead3c89cd76d082f3c49557,39dcb51ea8d45d941305f19b,104072,https://m.dcinside.com/board/onepiececardgame/104072,"EB03,13탄 / 02~12탄까지 SR등 여러가지 판매합니다.",seller-8ad10b55fa52911e796a44cf,원딱러,registered,EB03-031 빈스모크 레이주 ★SR,EB03-031 빈스모크 레이주 ★SR,EB03-031 / 빈스모크 레이주 / ★SR,,,unknown,미분류,1,15.000,15000,exact,bundle,text,unknown,,active,needs_review,needs_review,"복수 카드 가격, 배송비 포함 여부 미확정, 묶음·세트 총액 · 개별 카드 가격 아님",exact,no,no,"EB03-031 / 빈스모크 레이주 / ★SR - 15,000원"
3ba49234a2bce330fbbf1900,onepiececardgame,원피스 카드게임,2026-07,2026-07-28T00:07:59+09:00,known,638e9e65a05ec1fcc4384923,3ba49234a2bce330fbbf1900,104072,https://m.dcinside.com/board/onepiececardgame/104072,"EB03,13탄 / 02~12탄까지 SR등 여러가지 판매합니다.",seller-8ad10b55fa52911e796a44cf,원딱러,registered,OP07-051 보아 행콕 SR,OP07-051 보아 행콕 SR,OP07-051 / 보아 행콕 / SR,,,unknown,미분류,1,8.000,8000,exact,bundle,text,unknown,,active,needs_review,needs_review,"복수 카드 가격, 배송비 포함 여부 미확정, 묶음·세트 총액 · 개별 카드 가격 아님",exact,no,no,"OP07-051 / 보아 행콕 / SR - 8,000원"
3c689ab2f631ff2eb56ad853,onepiececardgame,원피스 카드게임,2026-07,2026-07-28T00:07:59+09:00,known,8ead3c89cd76d082f3c49557,3c689ab2f631ff2eb56ad853,104072,https://m.dcinside.com/board/onepiececardgame/104072,"EB03,13탄 / 02~12탄까지 SR등 여러가지 판매합니다.",seller-8ad10b55fa52911e796a44cf,원딱러,registered,OP13-079 임 ★L,OP13-079 임 ★L,OP13-079 / 임 / ★L,,,unknown,미분류,1,75.000,75000,exact,bundle,text,unknown,,active,needs_review,needs_review,"복수 카드 가격, 배송비 포함 여부 미확정, 묶음·세트 총액 · 개별 카드 가격 아님",exact,no,no,"OP13-079 / 임 / ★L - 75,000원"
3e0e3f68903557e388352585,onepiececardgame,원피스 카드게임,2026-07,2026-07-28T00:07:59+09:00,known,8ead3c89cd76d082f3c49557,3e0e3f68903557e388352585,104072,https://m.dcinside.com/board/onepiececardgame/104072,"EB03,13탄 / 02~12탄까지 SR등 여러가지 판매합니다.",seller-8ad10b55fa52911e796a44cf,원딱러,registered,OP02-036 나미 SR,OP02-036 나미 SR,OP02-036 / 나미 / SR,,,unknown,미분류,1,5.000,5000,exact,bundle,text,unknown,,active,needs_review,needs_review,"복수 카드 가격, 배송비 포함 여부 미확정, 묶음·세트 총액 · 개별 카드 가격 아님",exact,no,no,"OP02-036 / 나미 / SR - 5,000원"
3f0716a102fcc89a1cb085f5,onepiececardgame,원피스 카드게임,2026-07,2026-07-28T00:07:59+09:00,known,638e9e65a05ec1fcc4384923,3f0716a102fcc89a1cb085f5,104072,https://m.dcinside.com/board/onepiececardgame/104072,"EB03,13탄 / 02~12탄까지 SR등 여러가지 판매합니다.",seller-8ad10b55fa52911e796a44cf,원딱러,registered,OP02-036 나미 SR,OP02-036 나미 SR,OP02-036 / 나미 / SR,,,unknown,미분류,1,5.000,5000,exact,bundle,text,unknown,,active,needs_review,needs_review,"복수 카드 가격, 배송비 포함 여부 미확정, 묶음·세트 총액 · 개별 카드 가격 아님",exact,no,no,"OP02-036 / 나미 / SR - 5,000원"
4053e2d6ef70e6bc1b90175d,onepiececardgame,원피스 카드게임,2026-07,2026-07-28T00:07:59+09:00,known,638e9e65a05ec1fcc4384923,4053e2d6ef70e6bc1b90175d,104072,https://m.dcinside.com/board/onepiececardgame/104072,"EB03,13탄 / 02~12탄까지 SR등 여러가지 판매합니다.",seller-8ad10b55fa52911e796a44cf,원딱러,registered,OP13-091 마커스 마즈 성 R,OP13-091 마커스 마즈 성 R,OP13-091 / 마커스 마즈 성 / R,,,unknown,미분류,1,1.000,1000,exact,bundle,text,unknown,,active,needs_review,needs_review,"복수 카드 가격, 배송비 포함 여부 미확정, 묶음·세트 총액 · 개별 카드 가격 아님",exact,no,no,"OP13-091 / 마커스 마즈 성 / R - 1,000원"
424df497c1360536e20b4188,onepiececardgame,원피스 카드게임,2026-07,2026-07-28T00:07:59+09:00,known,8ead3c89cd76d082f3c49557,424df497c1360536e20b4188,104072,https://m.dcinside.com/board/onepiececardgame/104072,"EB03,13탄 / 02~12탄까지 SR등 여러가지 판매합니다.",seller-8ad10b55fa52911e796a44cf,원딱러,registered,ST-01-012 루피 ★SR,ST-01-012 루피 ★SR,ST-01-012 / 루피 / ★SR,,,unknown,미분류,1,80.000,80000,exact,bundle,text,unknown,,active,needs_review,needs_review,"복수 카드 가격, 배송비 포함 여부 미확정, 묶음·세트 총액 · 개별 카드 가격 아님",exact,no,no,"ST-01-012 / 루피 / ★SR - 80,000원"
46893fa82f756c0fe27cf366,onepiececardgame,원피스 카드게임,2026-07,2026-07-28T00:07:59+09:00,known,8ead3c89cd76d082f3c49557,46893fa82f756c0fe27cf366,104072,https://m.dcinside.com/board/onepiececardgame/104072,"EB03,13탄 / 02~12탄까지 SR등 여러가지 판매합니다.",seller-8ad10b55fa52911e796a44cf,원딱러,registered,OP09-072 프랑키 SR,OP09-072 프랑키 SR,OP09-072 / 프랑키 / SR,,,unknown,미분류,1,2.000,2000,exact,bundle,text,unknown,,active,needs_review,needs_review,"복수 카드 가격, 배송비 포함 여부 미확정, 묶음·세트 총액 · 개별 카드 가격 아님",exact,no,no,"OP09-072 / 프랑키 / SR - 2,000원"
498aa23d5c1878ee549503dc,onepiececardgame,원피스 카드게임,2026-07,2026-07-28T00:07:59+09:00,known,8ead3c89cd76d082f3c49557,498aa23d5c1878ee549503dc,104072,https://m.dcinside.com/board/onepiececardgame/104072,"EB03,13탄 / 02~12탄까지 SR등 여러가지 판매합니다.",seller-8ad10b55fa52911e796a44cf,원딱러,registered,OP13-084 셰퍼드 주. 피터 성 R,OP13-084 셰퍼드 주. 피터 성 R,OP13-084 / 셰퍼드 주. 피터 성 / R,,,unknown,미분류,1,1.000,1000,exact,bundle,text,unknown,,active,needs_review,needs_review,"복수 카드 가격, 배송비 포함 여부 미확정, 묶음·세트 총액 · 개별 카드 가격 아님",exact,no,no,"OP13-084 / 셰퍼드 주. 피터 성 / R - 1,000원"
4af1899be8f44c43461c9548,onepiececardgame,원피스 카드게임,2026-07,2026-07-28T00:07:59+09:00,known,638e9e65a05ec1fcc4384923,4af1899be8f44c43461c9548,104072,https://m.dcinside.com/board/onepiececardgame/104072,"EB03,13탄 / 02~12탄까지 SR등 여러가지 판매합니다.",seller-8ad10b55fa52911e796a44cf,원딱러,registered,OP12-087 니코로빈 SR,OP12-087 니코로빈 SR,OP12-087 / 니코로빈 / SR,,,unknown,미분류,1,5.000,5000,exact,bundle,text,unknown,,active,needs_review,needs_review,"복수 카드 가격, 배송비 포함 여부 미확정, 묶음·세트 총액 · 개별 카드 가격 아님",exact,no,no,"OP12-087 / 니코로빈 / SR - 5,000원"
4e53fbbbeaff83e3ab651605,onepiececardgame,원피스 카드게임,2026-07,2026-07-28T00:07:59+09:00,known,638e9e65a05ec1fcc4384923,4e53fbbbeaff83e3ab651605,104072,https://m.dcinside.com/board/onepiececardgame/104072,"EB03,13탄 / 02~12탄까지 SR등 여러가지 판매합니다.",seller-8ad10b55fa52911e796a44cf,원딱러,registered,EB03-057 야마토 ★R,EB03-057 야마토 ★R,EB03-057 / 야마토 / ★R,,,unknown,미분류,1,15.000,15000,exact,bundle,text,unknown,,active,needs_review,needs_review,"복수 카드 가격, 배송비 포함 여부 미확정, 묶음·세트 총액 · 개별 카드 가격 아님",exact,no,no,"EB03-057 / 야마토 / ★R - 15,000원"
4ed2d48c6c1e239aeab36e47,onepiececardgame,원피스 카드게임,2026-07,2026-07-28T00:07:59+09:00,known,638e9e65a05ec1fcc4384923,4ed2d48c6c1e239aeab36e47,104072,https://m.dcinside.com/board/onepiececardgame/104072,"EB03,13탄 / 02~12탄까지 SR등 여러가지 판매합니다.",seller-8ad10b55fa52911e796a44cf,원딱러,registered,OP08-069 샬롯 링링 SR,OP08-069 샬롯 링링 SR,OP08-069 / 샬롯 링링 / SR,,,unknown,미분류,1,15.000,15000,exact,bundle,text,unknown,,active,needs_review,needs_review,"복수 카드 가격, 배송비 포함 여부 미확정, 묶음·세트 총액 · 개별 카드 가격 아님",exact,no,no,"OP08-069 / 샬롯 링링 / SR - 15,000원"
5047a9b9cf21743a672a055a,onepiececardgame,원피스 카드게임,2026-07,2026-07-28T00:07:59+09:00,known,8ead3c89cd76d082f3c49557,5047a9b9cf21743a672a055a,104072,https://m.dcinside.com/board/onepiececardgame/104072,"EB03,13탄 / 02~12탄까지 SR등 여러가지 판매합니다.",seller-8ad10b55fa52911e796a44cf,원딱러,registered,EB03-024 네펠타리 비비 ★SR,EB03-024 네펠타리 비비 ★SR,EB03-024 / 네펠타리 비비 / ★SR,,,unknown,미분류,1,25.000,25000,exact,bundle,text,unknown,,active,needs_review,needs_review,"복수 카드 가격, 배송비 포함 여부 미확정, 묶음·세트 총액 · 개별 카드 가격 아님",exact,no,no,"EB03-024 / 네펠타리 비비 / ★SR - 25,000원"
50e2fc77975d21c5fcc391eb,onepiececardgame,원피스 카드게임,2026-07,2026-07-28T00:07:59+09:00,known,8ead3c89cd76d082f3c49557,50e2fc77975d21c5fcc391eb,104072,https://m.dcinside.com/board/onepiececardgame/104072,"EB03,13탄 / 02~12탄까지 SR등 여러가지 판매합니다.",seller-8ad10b55fa52911e796a44cf,원딱러,registered,OP13-083 제이가르시아 새턴 성 R,OP13-083 제이가르시아 새턴 성 R,OP13-083 / 제이가르시아 새턴 성 / R,,,unknown,미분류,1,1.000,1000,exact,bundle,text,unknown,,active,needs_review,needs_review,"복수 카드 가격, 배송비 포함 여부 미확정, 묶음·세트 총액 · 개별 카드 가격 아님",exact,no,no,"OP13-083 / 제이가르시아 새턴 성 / R - 1,000원"
51e157b19934cbb6561760ac,onepiececardgame,원피스 카드게임,2026-07,2026-07-28T00:07:59+09:00,known,638e9e65a05ec1fcc4384923,51e157b19934cbb6561760ac,104072,https://m.dcinside.com/board/onepiececardgame/104072,"EB03,13탄 / 02~12탄까지 SR등 여러가지 판매합니다.",seller-8ad10b55fa52911e796a44cf,원딱러,registered,OP11-031 징베 SR,OP11-031 징베 SR,OP11-031 / 징베 / SR,,,unknown,미분류,1,2.000,2000,exact,bundle,text,unknown,,active,needs_review,needs_review,"복수 카드 가격, 배송비 포함 여부 미확정, 묶음·세트 총액 · 개별 카드 가격 아님",exact,no,no,"OP11-031 / 징베 / SR - 2,000원"
528057a23d972e879e1992d5,onepiececardgame,원피스 카드게임,2026-07,2026-07-28T00:07:59+09:00,known,638e9e65a05ec1fcc4384923,528057a23d972e879e1992d5,104072,https://m.dcinside.com/board/onepiececardgame/104072,"EB03,13탄 / 02~12탄까지 SR등 여러가지 판매합니다.",seller-8ad10b55fa52911e796a44cf,원딱러,registered,EB02-056 베가펑크 SR,EB02-056 베가펑크 SR,EB02-056 / 베가펑크 / SR,,,unknown,미분류,1,3.000,3000,exact,bundle,text,unknown,,active,needs_review,needs_review,"복수 카드 가격, 배송비 포함 여부 미확정, 묶음·세트 총액 · 개별 카드 가격 아님",exact,no,no,"EB02-056 / 베가펑크 / SR - 3,000원"
528f5dc1530a61ff79b78271,onepiececardgame,원피스 카드게임,2026-07,2026-07-28T00:07:59+09:00,known,8ead3c89cd76d082f3c49557,528f5dc1530a61ff79b78271,104072,https://m.dcinside.com/board/onepiececardgame/104072,"EB03,13탄 / 02~12탄까지 SR등 여러가지 판매합니다.",seller-8ad10b55fa52911e796a44cf,원딱러,registered,OP07-051 보아 행콕 SR,OP07-051 보아 행콕 SR,OP07-051 / 보아 행콕 / SR,,,unknown,미분류,1,8.000,8000,exact,bundle,text,unknown,,active,needs_review,needs_review,"복수 카드 가격, 배송비 포함 여부 미확정, 묶음·세트 총액 · 개별 카드 가격 아님",exact,no,no,"OP07-051 / 보아 행콕 / SR - 8,000원"
52b66d8382f3bee071f5106e,onepiececardgame,원피스 카드게임,2026-07,2026-07-28T00:07:59+09:00,known,8ead3c89cd76d082f3c49557,52b66d8382f3bee071f5106e,104072,https://m.dcinside.com/board/onepiececardgame/104072,"EB03,13탄 / 02~12탄까지 SR등 여러가지 판매합니다.",seller-8ad10b55fa52911e796a44cf,원딱러,registered,OP07-072 포르체 SR,OP07-072 포르체 SR,OP07-072 / 포르체 / SR,,,unknown,미분류,1,2.000,2000,exact,bundle,text,unknown,,active,needs_review,needs_review,"복수 카드 가격, 배송비 포함 여부 미확정, 묶음·세트 총액 · 개별 카드 가격 아님",exact,no,no,"OP07-072 / 포르체 / SR - 2,000원"
58e4d10a0bbf5baa9c123a33,onepiececardgame,원피스 카드게임,2026-07,2026-07-28T00:07:59+09:00,known,638e9e65a05ec1fcc4384923,58e4d10a0bbf5baa9c123a33,104072,https://m.dcinside.com/board/onepiececardgame/104072,"EB03,13탄 / 02~12탄까지 SR등 여러가지 판매합니다.",seller-8ad10b55fa52911e796a44cf,원딱러,registered,EB03-061 우타 SEC,EB03-061 우타 SEC,EB03-061 / 우타 / SEC,,,unknown,미분류,1,10.000,10000,exact,bundle,text,unknown,,active,needs_review,needs_review,"복수 카드 가격, 배송비 포함 여부 미확정, 묶음·세트 총액 · 개별 카드 가격 아님",exact,no,no,"EB03-061 / 우타 / SEC - 10,000원"
58ff6ccda7c159419669434a,onepiececardgame,원피스 카드게임,2026-07,2026-07-28T00:07:59+09:00,known,8ead3c89cd76d082f3c49557,58ff6ccda7c159419669434a,104072,https://m.dcinside.com/board/onepiececardgame/104072,"EB03,13탄 / 02~12탄까지 SR등 여러가지 판매합니다.",seller-8ad10b55fa52911e796a44cf,원딱러,registered,OP13-110 스튜시 ★SR,OP13-110 스튜시 ★SR,OP13-110 / 스튜시 / ★SR,,,unknown,미분류,1,19.000,19000,exact,bundle,text,unknown,,active,needs_review,needs_review,"복수 카드 가격, 배송비 포함 여부 미확정, 묶음·세트 총액 · 개별 카드 가격 아님",exact,no,no,"OP13-110 / 스튜시 / ★SR - 19,000원"
59f02cd7ef6a89bbacfe5e71,onepiececardgame,원피스 카드게임,2026-07,2026-07-28T00:07:59+09:00,known,8ead3c89cd76d082f3c49557,59f02cd7ef6a89bbacfe5e71,104072,https://m.dcinside.com/board/onepiececardgame/104072,"EB03,13탄 / 02~12탄까지 SR등 여러가지 판매합니다.",seller-8ad10b55fa52911e796a44cf,원딱러,registered,OP11-119 코비 SEC,OP11-119 코비 SEC,OP11-119 / 코비 / SEC,,,unknown,미분류,1,8.000,8000,exact,bundle,text,unknown,,active,needs_review,needs_review,"복수 카드 가격, 배송비 포함 여부 미확정, 묶음·세트 총액 · 개별 카드 가격 아님",exact,no,no,"OP11-119 / 코비 / SEC - 8,000원"
5b5376b024bca70637e5c7a9,onepiececardgame,원피스 카드게임,2026-07,2026-07-28T00:07:59+09:00,known,8ead3c89cd76d082f3c49557,5b5376b024bca70637e5c7a9,104072,https://m.dcinside.com/board/onepiececardgame/104072,"EB03,13탄 / 02~12탄까지 SR등 여러가지 판매합니다.",seller-8ad10b55fa52911e796a44cf,원딱러,registered,EB03-045 페로나 SR,EB03-045 페로나 SR,EB03-045 / 페로나 / SR,,,unknown,미분류,1,2.000,2000,exact,bundle,text,unknown,,active,needs_review,needs_review,"복수 카드 가격, 배송비 포함 여부 미확정, 묶음·세트 총액 · 개별 카드 가격 아님",exact,no,no,"EB03-045 / 페로나 / SR - 2,000원"
6362806695289e1436dfd32e,onepiececardgame,원피스 카드게임,2026-07,2026-07-28T00:07:59+09:00,known,638e9e65a05ec1fcc4384923,6362806695289e1436dfd32e,104072,https://m.dcinside.com/board/onepiececardgame/104072,"EB03,13탄 / 02~12탄까지 SR등 여러가지 판매합니다.",seller-8ad10b55fa52911e796a44cf,원딱러,registered,OP13-007 에이스 & 사보 & 루피 SR,OP13-007 에이스 & 사보 & 루피 SR,OP13-007 / 에이스 & 사보 & 루피 / SR,,,unknown,미분류,1,3.000,3000,exact,bundle,text,unknown,,active,needs_review,needs_review,"복수 카드 가격, 배송비 포함 여부 미확정, 묶음·세트 총액 · 개별 카드 가격 아님",exact,no,no,"OP13-007 / 에이스 & 사보 & 루피 / SR - 3,000원"
6774193bf3dc3a2ad26ae3b3,onepiececardgame,원피스 카드게임,2026-07,2026-07-28T00:07:59+09:00,known,8ead3c89cd76d082f3c49557,6774193bf3dc3a2ad26ae3b3,104072,https://m.dcinside.com/board/onepiececardgame/104072,"EB03,13탄 / 02~12탄까지 SR등 여러가지 판매합니다.",seller-8ad10b55fa52911e796a44cf,원딱러,registered,OP07-015 몽키 D. 드래곤 SP,OP07-015 몽키 D. 드래곤 SP,OP07-015 / 몽키 D. 드래곤 / SP,,,unknown,미분류,1,70.000,70000,exact,bundle,text,unknown,,active,needs_review,needs_review,"복수 카드 가격, 배송비 포함 여부 미확정, 묶음·세트 총액 · 개별 카드 가격 아님",exact,no,no,"OP07-015 / 몽키 D. 드래곤 / SP - 70,000원"
6813bb3514e117f488fe97c4,onepiececardgame,원피스 카드게임,2026-07,2026-07-28T00:07:59+09:00,known,8ead3c89cd76d082f3c49557,6813bb3514e117f488fe97c4,104072,https://m.dcinside.com/board/onepiececardgame/104072,"EB03,13탄 / 02~12탄까지 SR등 여러가지 판매합니다.",seller-8ad10b55fa52911e796a44cf,원딱러,registered,OP13-051 보아 행콕 ★R,OP13-051 보아 행콕 ★R,OP13-051 / 보아 행콕 / ★R,,,unknown,미분류,1,30.000,30000,exact,bundle,text,unknown,,active,needs_review,needs_review,"복수 카드 가격, 배송비 포함 여부 미확정, 묶음·세트 총액 · 개별 카드 가격 아님",exact,no,no,"OP13-051 / 보아 행콕 / ★R - 30,000원"
68459335921f29f405205bd4,onepiececardgame,원피스 카드게임,2026-07,2026-07-28T00:07:59+09:00,known,638e9e65a05ec1fcc4384923,68459335921f29f405205bd4,104072,https://m.dcinside.com/board/onepiececardgame/104072,"EB03,13탄 / 02~12탄까지 SR등 여러가지 판매합니다.",seller-8ad10b55fa52911e796a44cf,원딱러,registered,OP12-030 쥬라큘 미호크 SR,OP12-030 쥬라큘 미호크 SR,OP12-030 / 쥬라큘 미호크 / SR,,,unknown,미분류,1,10.000,10000,exact,bundle,text,unknown,,active,needs_review,needs_review,"복수 카드 가격, 배송비 포함 여부 미확정, 묶음·세트 총액 · 개별 카드 가격 아님",exact,no,no,"OP12-030 / 쥬라큘 미호크 / SR - 10,000원"
6c6d670542e943418c3a14c1,onepiececardgame,원피스 카드게임,2026-07,2026-07-28T00:07:59+09:00,known,638e9e65a05ec1fcc4384923,6c6d670542e943418c3a14c1,104072,https://m.dcinside.com/board/onepiececardgame/104072,"EB03,13탄 / 02~12탄까지 SR등 여러가지 판매합니다.",seller-8ad10b55fa52911e796a44cf,원딱러,registered,OP13-084 셰퍼드 주. 피터 성 R,OP13-084 셰퍼드 주. 피터 성 R,OP13-084 / 셰퍼드 주. 피터 성 / R,,,unknown,미분류,1,1.000,1000,exact,bundle,text,unknown,,active,needs_review,needs_review,"복수 카드 가격, 배송비 포함 여부 미확정, 묶음·세트 총액 · 개별 카드 가격 아님",exact,no,no,"OP13-084 / 셰퍼드 주. 피터 성 / R - 1,000원"
6cd9aa41d8248ee104c1a47a,onepiececardgame,원피스 카드게임,2026-07,2026-07-28T00:07:59+09:00,known,8ead3c89cd76d082f3c49557,6cd9aa41d8248ee104c1a47a,104072,https://m.dcinside.com/board/onepiececardgame/104072,"EB03,13탄 / 02~12탄까지 SR등 여러가지 판매합니다.",seller-8ad10b55fa52911e796a44cf,원딱러,registered,OP05-074 유스타스 키드 SR,OP05-074 유스타스 키드 SR,OP05-074 / 유스타스 키드 / SR,,,unknown,미분류,1,12.000,12000,exact,bundle,text,unknown,,active,needs_review,needs_review,"복수 카드 가격, 배송비 포함 여부 미확정, 묶음·세트 총액 · 개별 카드 가격 아님",exact,no,no,"OP05-074 / 유스타스 키드 / SR - 12,000원"
739081ee288519c0e3fd35fe,onepiececardgame,원피스 카드게임,2026-07,2026-07-28T00:07:59+09:00,known,8ead3c89cd76d082f3c49557,739081ee288519c0e3fd35fe,104072,https://m.dcinside.com/board/onepiececardgame/104072,"EB03,13탄 / 02~12탄까지 SR등 여러가지 판매합니다.",seller-8ad10b55fa52911e796a44cf,원딱러,registered,OP07-064 상디 SR,OP07-064 상디 SR,OP07-064 / 상디 / SR,,,unknown,미분류,1,10.000,10000,exact,bundle,text,unknown,,active,needs_review,needs_review,"복수 카드 가격, 배송비 포함 여부 미확정, 묶음·세트 총액 · 개별 카드 가격 아님",exact,no,no,"OP07-064 / 상디 / SR - 10,000원"
73bf94f51c4142413c74e877,onepiececardgame,원피스 카드게임,2026-07,2026-07-28T00:07:59+09:00,known,638e9e65a05ec1fcc4384923,73bf94f51c4142413c74e877,104072,https://m.dcinside.com/board/onepiececardgame/104072,"EB03,13탄 / 02~12탄까지 SR등 여러가지 판매합니다.",seller-8ad10b55fa52911e796a44cf,원딱러,registered,OP09-072 프랑키 SR,OP09-072 프랑키 SR,OP09-072 / 프랑키 / SR,,,unknown,미분류,1,2.000,2000,exact,bundle,text,unknown,,active,needs_review,needs_review,"복수 카드 가격, 배송비 포함 여부 미확정, 묶음·세트 총액 · 개별 카드 가격 아님",exact,no,no,"OP09-072 / 프랑키 / SR - 2,000원"
78b1ca3fa22bdee8bbaa324b,onepiececardgame,원피스 카드게임,2026-07,2026-07-28T00:07:59+09:00,known,638e9e65a05ec1fcc4384923,78b1ca3fa22bdee8bbaa324b,104072,https://m.dcinside.com/board/onepiececardgame/104072,"EB03,13탄 / 02~12탄까지 SR등 여러가지 판매합니다.",seller-8ad10b55fa52911e796a44cf,원딱러,registered,OP12-056 몽키 D. 가프 SR,OP12-056 몽키 D. 가프 SR,OP12-056 / 몽키 D. 가프 / SR,,,unknown,미분류,1,2.000,2000,exact,bundle,text,unknown,,active,needs_review,needs_review,"복수 카드 가격, 배송비 포함 여부 미확정, 묶음·세트 총액 · 개별 카드 가격 아님",exact,no,no,"OP12-056 / 몽키 D. 가프 / SR - 2,000원"
79d465119b27204f2beaf4cb,onepiececardgame,원피스 카드게임,2026-07,2026-07-28T00:07:59+09:00,known,8ead3c89cd76d082f3c49557,79d465119b27204f2beaf4cb,104072,https://m.dcinside.com/board/onepiececardgame/104072,"EB03,13탄 / 02~12탄까지 SR등 여러가지 판매합니다.",seller-8ad10b55fa52911e796a44cf,원딱러,registered,OP08-069 샬롯 링링 SR,OP08-069 샬롯 링링 SR,OP08-069 / 샬롯 링링 / SR,,,unknown,미분류,1,15.000,15000,exact,bundle,text,unknown,,active,needs_review,needs_review,"복수 카드 가격, 배송비 포함 여부 미확정, 묶음·세트 총액 · 개별 카드 가격 아님",exact,no,no,"OP08-069 / 샬롯 링링 / SR - 15,000원"
7dcd7ca1593d599c0c1248f9,onepiececardgame,원피스 카드게임,2026-07,2026-07-28T00:07:59+09:00,known,638e9e65a05ec1fcc4384923,7dcd7ca1593d599c0c1248f9,104072,https://m.dcinside.com/board/onepiececardgame/104072,"EB03,13탄 / 02~12탄까지 SR등 여러가지 판매합니다.",seller-8ad10b55fa52911e796a44cf,원딱러,registered,OP11-119 코비 SEC,OP11-119 코비 SEC,OP11-119 / 코비 / SEC,,,unknown,미분류,1,8.000,8000,exact,bundle,text,unknown,,active,needs_review,needs_review,"복수 카드 가격, 배송비 포함 여부 미확정, 묶음·세트 총액 · 개별 카드 가격 아님",exact,no,no,"OP11-119 / 코비 / SEC - 8,000원"
7ea626ba7d5f33f405e8891e,onepiececardgame,원피스 카드게임,2026-07,2026-07-28T00:07:59+09:00,known,8ead3c89cd76d082f3c49557,7ea626ba7d5f33f405e8891e,104072,https://m.dcinside.com/board/onepiececardgame/104072,"EB03,13탄 / 02~12탄까지 SR등 여러가지 판매합니다.",seller-8ad10b55fa52911e796a44cf,원딱러,registered,OP13-054 야마토 ★SR,OP13-054 야마토 ★SR,OP13-054 / 야마토 / ★SR,,,unknown,미분류,1,67.000,67000,exact,bundle,text,unknown,,active,needs_review,needs_review,"복수 카드 가격, 배송비 포함 여부 미확정, 묶음·세트 총액 · 개별 카드 가격 아님",exact,no,no,"OP13-054 / 야마토 / ★SR - 67,000원"
809f98d105091e72d7018cae,onepiececardgame,원피스 카드게임,2026-07,2026-07-28T00:07:59+09:00,known,638e9e65a05ec1fcc4384923,809f98d105091e72d7018cae,104072,https://m.dcinside.com/board/onepiececardgame/104072,"EB03,13탄 / 02~12탄까지 SR등 여러가지 판매합니다.",seller-8ad10b55fa52911e796a44cf,원딱러,registered,EB02-006 야마토 SR,EB02-006 야마토 SR,EB02-006 / 야마토 / SR,,,unknown,미분류,1,3.000,3000,exact,bundle,text,unknown,,active,needs_review,needs_review,"복수 카드 가격, 배송비 포함 여부 미확정, 묶음·세트 총액 · 개별 카드 가격 아님",exact,no,no,"EB02-006 / 야마토 / SR - 3,000원"
82793aa7c64b8be7a8c91a98,onepiececardgame,원피스 카드게임,2026-07,2026-07-28T00:07:59+09:00,known,638e9e65a05ec1fcc4384923,82793aa7c64b8be7a8c91a98,104072,https://m.dcinside.com/board/onepiececardgame/104072,"EB03,13탄 / 02~12탄까지 SR등 여러가지 판매합니다.",seller-8ad10b55fa52911e796a44cf,원딱러,registered,OP13-051 보아 행콕 ★R,OP13-051 보아 행콕 ★R,OP13-051 / 보아 행콕 / ★R,,,unknown,미분류,1,30.000,30000,exact,bundle,text,unknown,,active,needs_review,needs_review,"복수 카드 가격, 배송비 포함 여부 미확정, 묶음·세트 총액 · 개별 카드 가격 아님",exact,no,no,"OP13-051 / 보아 행콕 / ★R - 30,000원"
89450c0b5ffdbe9f6bcd31d6,onepiececardgame,원피스 카드게임,2026-07,2026-07-28T00:07:59+09:00,known,638e9e65a05ec1fcc4384923,89450c0b5ffdbe9f6bcd31d6,104072,https://m.dcinside.com/board/onepiececardgame/104072,"EB03,13탄 / 02~12탄까지 SR등 여러가지 판매합니다.",seller-8ad10b55fa52911e796a44cf,원딱러,registered,OP05-074 유스타스 키드 SR,OP05-074 유스타스 키드 SR,OP05-074 / 유스타스 키드 / SR,,,unknown,미분류,1,12.000,12000,exact,bundle,text,unknown,,active,needs_review,needs_review,"복수 카드 가격, 배송비 포함 여부 미확정, 묶음·세트 총액 · 개별 카드 가격 아님",exact,no,no,"OP05-074 / 유스타스 키드 / SR - 12,000원"
8aebfe6763eb5cc6b4fee57c,onepiececardgame,원피스 카드게임,2026-07,2026-07-28T00:07:59+09:00,known,638e9e65a05ec1fcc4384923,8aebfe6763eb5cc6b4fee57c,104072,https://m.dcinside.com/board/onepiececardgame/104072,"EB03,13탄 / 02~12탄까지 SR등 여러가지 판매합니다.",seller-8ad10b55fa52911e796a44cf,원딱러,registered,EB03-061 우타 ★SEC,EB03-061 우타 ★SEC,EB03-061 / 우타 / ★SEC,,,unknown,미분류,1,20.000,20000,exact,bundle,text,unknown,,active,needs_review,needs_review,"복수 카드 가격, 배송비 포함 여부 미확정, 묶음·세트 총액 · 개별 카드 가격 아님",exact,no,no,"EB03-061 / 우타 / ★SEC - 20,000원"
8af28de110ac0b74b6c3b61b,onepiececardgame,원피스 카드게임,2026-07,2026-07-28T00:07:59+09:00,known,8ead3c89cd76d082f3c49557,8af28de110ac0b74b6c3b61b,104072,https://m.dcinside.com/board/onepiececardgame/104072,"EB03,13탄 / 02~12탄까지 SR등 여러가지 판매합니다.",seller-8ad10b55fa52911e796a44cf,원딱러,registered,OP12-030 쥬라큘 미호크 SR,OP12-030 쥬라큘 미호크 SR,OP12-030 / 쥬라큘 미호크 / SR,,,unknown,미분류,1,10.000,10000,exact,bundle,text,unknown,,active,needs_review,needs_review,"복수 카드 가격, 배송비 포함 여부 미확정, 묶음·세트 총액 · 개별 카드 가격 아님",exact,no,no,"OP12-030 / 쥬라큘 미호크 / SR - 10,000원"
8d52604f61943b45c97613ff,onepiececardgame,원피스 카드게임,2026-07,2026-07-28T00:07:59+09:00,known,8ead3c89cd76d082f3c49557,8d52604f61943b45c97613ff,104072,https://m.dcinside.com/board/onepiececardgame/104072,"EB03,13탄 / 02~12탄까지 SR등 여러가지 판매합니다.",seller-8ad10b55fa52911e796a44cf,원딱러,registered,OP13-064 골 D.로저 ★SEC,OP13-064 골 D.로저 ★SEC,OP13-064 / 골 D.로저 / ★SEC,,,unknown,미분류,1,11.000,11000,exact,bundle,text,unknown,,active,needs_review,needs_review,"복수 카드 가격, 배송비 포함 여부 미확정, 묶음·세트 총액 · 개별 카드 가격 아님",exact,no,no,"OP13-064 / 골 D.로저 / ★SEC - 11,000원"
94c70a6dac67c75f4f2ff462,onepiececardgame,원피스 카드게임,2026-07,2026-07-28T00:07:59+09:00,known,8ead3c89cd76d082f3c49557,94c70a6dac67c75f4f2ff462,104072,https://m.dcinside.com/board/onepiececardgame/104072,"EB03,13탄 / 02~12탄까지 SR등 여러가지 판매합니다.",seller-8ad10b55fa52911e796a44cf,원딱러,registered,OP02-017 마스크드 듀스 SR★,OP02-017 마스크드 듀스 SR★,OP02-017 / 마스크드 듀스 / SR★,,,unknown,미분류,1,3.000,3000,exact,bundle,text,unknown,,active,needs_review,needs_review,"복수 카드 가격, 배송비 포함 여부 미확정, 묶음·세트 총액 · 개별 카드 가격 아님",exact,no,no,"OP02-017 / 마스크드 듀스 / SR★ - 3,000원"
9a24a433404f6ec6b131f665,onepiececardgame,원피스 카드게임,2026-07,2026-07-28T00:07:59+09:00,known,8ead3c89cd76d082f3c49557,9a24a433404f6ec6b131f665,104072,https://m.dcinside.com/board/onepiececardgame/104072,"EB03,13탄 / 02~12탄까지 SR등 여러가지 판매합니다.",seller-8ad10b55fa52911e796a44cf,원딱러,registered,OP12-063 빈스모크 레이주 SR,OP12-063 빈스모크 레이주 SR,OP12-063 / 빈스모크 레이주 / SR,,,unknown,미분류,1,13.000,13000,exact,bundle,text,unknown,,active,needs_review,needs_review,"복수 카드 가격, 배송비 포함 여부 미확정, 묶음·세트 총액 · 개별 카드 가격 아님",exact,no,no,"OP12-063 / 빈스모크 레이주 / SR - 13,000원"
9c07b9a7304f94ba534f4916,onepiececardgame,원피스 카드게임,2026-07,2026-07-28T00:07:59+09:00,known,8ead3c89cd76d082f3c49557,9c07b9a7304f94ba534f4916,104072,https://m.dcinside.com/board/onepiececardgame/104072,"EB03,13탄 / 02~12탄까지 SR등 여러가지 판매합니다.",seller-8ad10b55fa52911e796a44cf,원딱러,registered,OP03-041 우솝 SR,OP03-041 우솝 SR,OP03-041 / 우솝 / SR,,,unknown,미분류,1,2.000,2000,exact,bundle,text,unknown,,active,needs_review,needs_review,"복수 카드 가격, 배송비 포함 여부 미확정, 묶음·세트 총액 · 개별 카드 가격 아님",exact,no,no,"OP03-041 / 우솝 / SR - 2,000원"
9ede66a5365ade494812ecd3,onepiececardgame,원피스 카드게임,2026-07,2026-07-28T00:07:59+09:00,known,638e9e65a05ec1fcc4384923,9ede66a5365ade494812ecd3,104072,https://m.dcinside.com/board/onepiececardgame/104072,"EB03,13탄 / 02~12탄까지 SR등 여러가지 판매합니다.",seller-8ad10b55fa52911e796a44cf,원딱러,registered,PRB02-013 겟코 모리아 ★R,PRB02-013 겟코 모리아 ★R,PRB02-013 / 겟코 모리아 / ★R,,,unknown,미분류,1,10.000,10000,exact,bundle,text,unknown,,active,needs_review,needs_review,"복수 카드 가격, 배송비 포함 여부 미확정, 묶음·세트 총액 · 개별 카드 가격 아님",exact,no,no,"PRB02-013 / 겟코 모리아 / ★R - 10,000원"
9eee8ce40ccd70bb24f11785,onepiececardgame,원피스 카드게임,2026-07,2026-07-28T00:07:59+09:00,known,638e9e65a05ec1fcc4384923,9eee8ce40ccd70bb24f11785,104072,https://m.dcinside.com/board/onepiececardgame/104072,"EB03,13탄 / 02~12탄까지 SR등 여러가지 판매합니다.",seller-8ad10b55fa52911e796a44cf,원딱러,registered,OP04-083 사보 ★SR,OP04-083 사보 ★SR,OP04-083 / 사보 / ★SR,,,unknown,미분류,1,20.000,20000,exact,bundle,text,unknown,,active,needs_review,needs_review,"복수 카드 가격, 배송비 포함 여부 미확정, 묶음·세트 총액 · 개별 카드 가격 아님",exact,no,no,"OP04-083 / 사보 / ★SR - 20,000원"
9f915143c70fc4cbe5652158,onepiececardgame,원피스 카드게임,2026-07,2026-07-28T00:07:59+09:00,known,8ead3c89cd76d082f3c49557,9f915143c70fc4cbe5652158,104072,https://m.dcinside.com/board/onepiececardgame/104072,"EB03,13탄 / 02~12탄까지 SR등 여러가지 판매합니다.",seller-8ad10b55fa52911e796a44cf,원딱러,registered,OP13-089 토프먼 워큐리 성 R,OP13-089 토프먼 워큐리 성 R,OP13-089 / 토프먼 워큐리 성 / R,,,unknown,미분류,1,1.000,1000,exact,bundle,text,unknown,,active,needs_review,needs_review,"복수 카드 가격, 배송비 포함 여부 미확정, 묶음·세트 총액 · 개별 카드 가격 아님",exact,no,no,"OP13-089 / 토프먼 워큐리 성 / R - 1,000원"
a0a21c687b31f741ab041c35,onepiececardgame,원피스 카드게임,2026-07,2026-07-28T00:07:59+09:00,known,8ead3c89cd76d082f3c49557,a0a21c687b31f741ab041c35,104072,https://m.dcinside.com/board/onepiececardgame/104072,"EB03,13탄 / 02~12탄까지 SR등 여러가지 판매합니다.",seller-8ad10b55fa52911e796a44cf,원딱러,registered,PRB02-013 겟코 모리아 ★R,PRB02-013 겟코 모리아 ★R,PRB02-013 / 겟코 모리아 / ★R,,,unknown,미분류,1,10.000,10000,exact,bundle,text,unknown,,active,needs_review,needs_review,"복수 카드 가격, 배송비 포함 여부 미확정, 묶음·세트 총액 · 개별 카드 가격 아님",exact,no,no,"PRB02-013 / 겟코 모리아 / ★R - 10,000원"
a351d86b4847a017656696e8,onepiececardgame,원피스 카드게임,2026-07,2026-07-28T00:07:59+09:00,known,638e9e65a05ec1fcc4384923,a351d86b4847a017656696e8,104072,https://m.dcinside.com/board/onepiececardgame/104072,"EB03,13탄 / 02~12탄까지 SR등 여러가지 판매합니다.",seller-8ad10b55fa52911e796a44cf,원딱러,registered,OP09-119 루피 SEC,OP09-119 루피 SEC,OP09-119 / 루피 / SEC,,,unknown,미분류,1,20.000,20000,exact,bundle,text,unknown,,active,needs_review,needs_review,"복수 카드 가격, 배송비 포함 여부 미확정, 묶음·세트 총액 · 개별 카드 가격 아님",exact,no,no,"OP09-119 / 루피 / SEC - 20,000원"
a8dde3206e53725843daecdc,onepiececardgame,원피스 카드게임,2026-07,2026-07-28T00:07:59+09:00,known,8ead3c89cd76d082f3c49557,a8dde3206e53725843daecdc,104072,https://m.dcinside.com/board/onepiececardgame/104072,"EB03,13탄 / 02~12탄까지 SR등 여러가지 판매합니다.",seller-8ad10b55fa52911e796a44cf,원딱러,registered,PRB02-010 샬롯 푸딩 ★SR,PRB02-010 샬롯 푸딩 ★SR,PRB02-010 / 샬롯 푸딩 / ★SR,,,unknown,미분류,1,27.000,27000,exact,bundle,text,unknown,,active,needs_review,needs_review,"복수 카드 가격, 배송비 포함 여부 미확정, 묶음·세트 총액 · 개별 카드 가격 아님",exact,no,no,"PRB02-010 / 샬롯 푸딩 / ★SR - 27,000원"
adb5c5e0aedb18308ec92bb7,onepiececardgame,원피스 카드게임,2026-07,2026-07-28T00:07:59+09:00,known,8ead3c89cd76d082f3c49557,adb5c5e0aedb18308ec92bb7,104072,https://m.dcinside.com/board/onepiececardgame/104072,"EB03,13탄 / 02~12탄까지 SR등 여러가지 판매합니다.",seller-8ad10b55fa52911e796a44cf,원딱러,registered,OP13-091 마커스 마즈 성 R,OP13-091 마커스 마즈 성 R,OP13-091 / 마커스 마즈 성 / R,,,unknown,미분류,1,1.000,1000,exact,bundle,text,unknown,,active,needs_review,needs_review,"복수 카드 가격, 배송비 포함 여부 미확정, 묶음·세트 총액 · 개별 카드 가격 아님",exact,no,no,"OP13-091 / 마커스 마즈 성 / R - 1,000원"
b09753fb0b681fd17ce34424,onepiececardgame,원피스 카드게임,2026-07,2026-07-28T00:07:59+09:00,known,8ead3c89cd76d082f3c49557,b09753fb0b681fd17ce34424,104072,https://m.dcinside.com/board/onepiececardgame/104072,"EB03,13탄 / 02~12탄까지 SR등 여러가지 판매합니다.",seller-8ad10b55fa52911e796a44cf,원딱러,registered,OP13-080 에단바론 V. 나스쥬로 성 R,OP13-080 에단바론 V. 나스쥬로 성 R,OP13-080 / 에단바론 V. 나스쥬로 성 / R,,,unknown,미분류,1,1.000,1000,exact,bundle,text,unknown,,active,needs_review,needs_review,"복수 카드 가격, 배송비 포함 여부 미확정, 묶음·세트 총액 · 개별 카드 가격 아님",exact,no,no,"OP13-080 / 에단바론 V. 나스쥬로 성 / R - 1,000원"
b2083530c3f9fa7ad37b0853,onepiececardgame,원피스 카드게임,2026-07,2026-07-28T00:07:59+09:00,known,8ead3c89cd76d082f3c49557,b2083530c3f9fa7ad37b0853,104072,https://m.dcinside.com/board/onepiececardgame/104072,"EB03,13탄 / 02~12탄까지 SR등 여러가지 판매합니다.",seller-8ad10b55fa52911e796a44cf,원딱러,registered,OP09-009 벤베크만 SR,OP09-009 벤베크만 SR,OP09-009 / 벤베크만 / SR,,,unknown,미분류,1,10.000,10000,exact,bundle,text,unknown,,active,needs_review,needs_review,"복수 카드 가격, 배송비 포함 여부 미확정, 묶음·세트 총액 · 개별 카드 가격 아님",exact,no,no,"OP09-009 / 벤베크만 / SR - 10,000원"
b3168ec939479b9932f8a92a,onepiececardgame,원피스 카드게임,2026-07,2026-07-28T00:07:59+09:00,known,638e9e65a05ec1fcc4384923,b3168ec939479b9932f8a92a,104072,https://m.dcinside.com/board/onepiececardgame/104072,"EB03,13탄 / 02~12탄까지 SR등 여러가지 판매합니다.",seller-8ad10b55fa52911e796a44cf,원딱러,registered,OP09-048 쥬라큘 미호크 SR,OP09-048 쥬라큘 미호크 SR,OP09-048 / 쥬라큘 미호크 / SR,,,unknown,미분류,1,2.000,2000,exact,bundle,text,unknown,,active,needs_review,needs_review,"복수 카드 가격, 배송비 포함 여부 미확정, 묶음·세트 총액 · 개별 카드 가격 아님",exact,no,no,"OP09-048 / 쥬라큘 미호크 / SR - 2,000원"
b7137a75412e039c66297768,onepiececardgame,원피스 카드게임,2026-07,2026-07-28T00:07:59+09:00,known,638e9e65a05ec1fcc4384923,b7137a75412e039c66297768,104072,https://m.dcinside.com/board/onepiececardgame/104072,"EB03,13탄 / 02~12탄까지 SR등 여러가지 판매합니다.",seller-8ad10b55fa52911e796a44cf,원딱러,registered,OP09-009 벤베크만 SR,OP09-009 벤베크만 SR,OP09-009 / 벤베크만 / SR,,,unknown,미분류,1,10.000,10000,exact,bundle,text,unknown,,active,needs_review,needs_review,"복수 카드 가격, 배송비 포함 여부 미확정, 묶음·세트 총액 · 개별 카드 가격 아님",exact,no,no,"OP09-009 / 벤베크만 / SR - 10,000원"
b72eb547b2872e0604e52599,onepiececardgame,원피스 카드게임,2026-07,2026-07-28T00:07:59+09:00,known,8ead3c89cd76d082f3c49557,b72eb547b2872e0604e52599,104072,https://m.dcinside.com/board/onepiececardgame/104072,"EB03,13탄 / 02~12탄까지 SR등 여러가지 판매합니다.",seller-8ad10b55fa52911e796a44cf,원딱러,registered,OP12-034 페로나 SR,OP12-034 페로나 SR,OP12-034 / 페로나 / SR,,,unknown,미분류,1,12.000,12000,exact,bundle,text,unknown,,active,needs_review,needs_review,"복수 카드 가격, 배송비 포함 여부 미확정, 묶음·세트 총액 · 개별 카드 가격 아님",exact,no,no,"OP12-034 / 페로나 / SR - 12,000원"
b78586b0d5b0a54109721ceb,onepiececardgame,원피스 카드게임,2026-07,2026-07-28T00:07:59+09:00,known,8ead3c89cd76d082f3c49557,b78586b0d5b0a54109721ceb,104072,https://m.dcinside.com/board/onepiececardgame/104072,"EB03,13탄 / 02~12탄까지 SR등 여러가지 판매합니다.",seller-8ad10b55fa52911e796a44cf,원딱러,registered,OP13-082 오로성 ★SR,OP13-082 오로성 ★SR,OP13-082 / 오로성 / ★SR,,,unknown,미분류,1,75.000,75000,exact,bundle,text,unknown,,active,needs_review,needs_review,"복수 카드 가격, 배송비 포함 여부 미확정, 묶음·세트 총액 · 개별 카드 가격 아님",exact,no,no,"OP13-082 / 오로성 / ★SR - 75,000원"
b7a295f255e18cb6fbee0066,onepiececardgame,원피스 카드게임,2026-07,2026-07-28T00:07:59+09:00,known,8ead3c89cd76d082f3c49557,b7a295f255e18cb6fbee0066,104072,https://m.dcinside.com/board/onepiececardgame/104072,"EB03,13탄 / 02~12탄까지 SR등 여러가지 판매합니다.",seller-8ad10b55fa52911e796a44cf,원딱러,registered,OP13-108 쥬얼리 보니 SR,OP13-108 쥬얼리 보니 SR,OP13-108 / 쥬얼리 보니 / SR,,,unknown,미분류,1,2.000,2000,exact,bundle,text,unknown,,active,needs_review,needs_review,"복수 카드 가격, 배송비 포함 여부 미확정, 묶음·세트 총액 · 개별 카드 가격 아님",exact,no,no,"OP13-108 / 쥬얼리 보니 / SR 2,000원"
bebe488fda94e89817e17a43,onepiececardgame,원피스 카드게임,2026-07,2026-07-28T00:07:59+09:00,known,638e9e65a05ec1fcc4384923,bebe488fda94e89817e17a43,104072,https://m.dcinside.com/board/onepiececardgame/104072,"EB03,13탄 / 02~12탄까지 SR등 여러가지 판매합니다.",seller-8ad10b55fa52911e796a44cf,원딱러,registered,OP09-046 크로커다일 SR,OP09-046 크로커다일 SR,OP09-046 / 크로커다일 / SR,,,unknown,미분류,1,2.000,2000,exact,bundle,text,unknown,,active,needs_review,needs_review,"복수 카드 가격, 배송비 포함 여부 미확정, 묶음·세트 총액 · 개별 카드 가격 아님",exact,no,no,"OP09-046 / 크로커다일 / SR - 2,000원"
bf8c90a32d8959a3b3f4ea9e,onepiececardgame,원피스 카드게임,2026-07,2026-07-28T00:07:59+09:00,known,8ead3c89cd76d082f3c49557,bf8c90a32d8959a3b3f4ea9e,104072,https://m.dcinside.com/board/onepiececardgame/104072,"EB03,13탄 / 02~12탄까지 SR등 여러가지 판매합니다.",seller-8ad10b55fa52911e796a44cf,원딱러,registered,EB02-006 야마토 SR,EB02-006 야마토 SR,EB02-006 / 야마토 / SR,,,unknown,미분류,1,3.000,3000,exact,bundle,text,unknown,,active,needs_review,needs_review,"복수 카드 가격, 배송비 포함 여부 미확정, 묶음·세트 총액 · 개별 카드 가격 아님",exact,no,no,"EB02-006 / 야마토 / SR - 3,000원"
c24f2f83d9c6b7aa69e978f1,onepiececardgame,원피스 카드게임,2026-07,2026-07-28T00:07:59+09:00,known,8ead3c89cd76d082f3c49557,c24f2f83d9c6b7aa69e978f1,104072,https://m.dcinside.com/board/onepiececardgame/104072,"EB03,13탄 / 02~12탄까지 SR등 여러가지 판매합니다.",seller-8ad10b55fa52911e796a44cf,원딱러,registered,OP09-046 크로커다일 SR,OP09-046 크로커다일 SR,OP09-046 / 크로커다일 / SR,,,unknown,미분류,1,2.000,2000,exact,bundle,text,unknown,,active,needs_review,needs_review,"복수 카드 가격, 배송비 포함 여부 미확정, 묶음·세트 총액 · 개별 카드 가격 아님",exact,no,no,"OP09-046 / 크로커다일 / SR - 2,000원"
c3fb70ea43ef0e61116ac62b,onepiececardgame,원피스 카드게임,2026-07,2026-07-28T00:07:59+09:00,known,8ead3c89cd76d082f3c49557,c3fb70ea43ef0e61116ac62b,104072,https://m.dcinside.com/board/onepiececardgame/104072,"EB03,13탄 / 02~12탄까지 SR등 여러가지 판매합니다.",seller-8ad10b55fa52911e796a44cf,원딱러,registered,OP13-084 셰퍼드 주. 피터 성 ★R,OP13-084 셰퍼드 주. 피터 성 ★R,OP13-084 / 셰퍼드 주. 피터 성 / ★R,,,unknown,미분류,1,37.000,37000,exact,bundle,text,unknown,,active,needs_review,needs_review,"복수 카드 가격, 배송비 포함 여부 미확정, 묶음·세트 총액 · 개별 카드 가격 아님",exact,no,no,"OP13-084 / 셰퍼드 주. 피터 성 / ★R - 37,000원"
c40ce7451c2ef169bc9dc076,onepiececardgame,원피스 카드게임,2026-07,2026-07-28T00:07:59+09:00,known,638e9e65a05ec1fcc4384923,c40ce7451c2ef169bc9dc076,104072,https://m.dcinside.com/board/onepiececardgame/104072,"EB03,13탄 / 02~12탄까지 SR등 여러가지 판매합니다.",seller-8ad10b55fa52911e796a44cf,원딱러,registered,OP13-089 토프먼 워큐리 성 R,OP13-089 토프먼 워큐리 성 R,OP13-089 / 토프먼 워큐리 성 / R,,,unknown,미분류,1,1.000,1000,exact,bundle,text,unknown,,active,needs_review,needs_review,"복수 카드 가격, 배송비 포함 여부 미확정, 묶음·세트 총액 · 개별 카드 가격 아님",exact,no,no,"OP13-089 / 토프먼 워큐리 성 / R - 1,000원"
c6408efdf2af620f7c22da7a,onepiececardgame,원피스 카드게임,2026-07,2026-07-28T00:07:59+09:00,known,8ead3c89cd76d082f3c49557,c6408efdf2af620f7c22da7a,104072,https://m.dcinside.com/board/onepiececardgame/104072,"EB03,13탄 / 02~12탄까지 SR등 여러가지 판매합니다.",seller-8ad10b55fa52911e796a44cf,원딱러,registered,EB02-056 베가펑크 SR,EB02-056 베가펑크 SR,EB02-056 / 베가펑크 / SR,,,unknown,미분류,1,3.000,3000,exact,bundle,text,unknown,,active,needs_review,needs_review,"복수 카드 가격, 배송비 포함 여부 미확정, 묶음·세트 총액 · 개별 카드 가격 아님",exact,no,no,"EB02-056 / 베가펑크 / SR - 3,000원"
c6ad6fda7007214c6d0dfb7c,onepiececardgame,원피스 카드게임,2026-07,2026-07-28T00:07:59+09:00,known,8ead3c89cd76d082f3c49557,c6ad6fda7007214c6d0dfb7c,104072,https://m.dcinside.com/board/onepiececardgame/104072,"EB03,13탄 / 02~12탄까지 SR등 여러가지 판매합니다.",seller-8ad10b55fa52911e796a44cf,원딱러,registered,EB03-061 우타 ★SEC,EB03-061 우타 ★SEC,EB03-061 / 우타 / ★SEC,,,unknown,미분류,1,20.000,20000,exact,bundle,text,unknown,,active,needs_review,needs_review,"복수 카드 가격, 배송비 포함 여부 미확정, 묶음·세트 총액 · 개별 카드 가격 아님",exact,no,no,"EB03-061 / 우타 / ★SEC - 20,000원"
c8133ef8a117c70d764d66ee,onepiececardgame,원피스 카드게임,2026-07,2026-07-28T00:07:59+09:00,known,8ead3c89cd76d082f3c49557,c8133ef8a117c70d764d66ee,104072,https://m.dcinside.com/board/onepiececardgame/104072,"EB03,13탄 / 02~12탄까지 SR등 여러가지 판매합니다.",seller-8ad10b55fa52911e796a44cf,원딱러,registered,OP13-007 에이스 & 사보 & 루피 SR,OP13-007 에이스 & 사보 & 루피 SR,OP13-007 / 에이스 & 사보 & 루피 / SR,,,unknown,미분류,1,3.000,3000,exact,bundle,text,unknown,,active,needs_review,needs_review,"복수 카드 가격, 배송비 포함 여부 미확정, 묶음·세트 총액 · 개별 카드 가격 아님",exact,no,no,"OP13-007 / 에이스 & 사보 & 루피 / SR - 3,000원"
c8525a813b76a52af6b6acb0,onepiececardgame,원피스 카드게임,2026-07,2026-07-28T00:07:59+09:00,known,638e9e65a05ec1fcc4384923,c8525a813b76a52af6b6acb0,104072,https://m.dcinside.com/board/onepiececardgame/104072,"EB03,13탄 / 02~12탄까지 SR등 여러가지 판매합니다.",seller-8ad10b55fa52911e796a44cf,원딱러,registered,PRB02-010 샬롯 푸딩 ★SR,PRB02-010 샬롯 푸딩 ★SR,PRB02-010 / 샬롯 푸딩 / ★SR,,,unknown,미분류,1,27.000,27000,exact,bundle,text,unknown,,active,needs_review,needs_review,"복수 카드 가격, 배송비 포함 여부 미확정, 묶음·세트 총액 · 개별 카드 가격 아님",exact,no,no,"PRB02-010 / 샬롯 푸딩 / ★SR - 27,000원"
c979aeca98a3131cccfd8721,onepiececardgame,원피스 카드게임,2026-07,2026-07-28T00:07:59+09:00,known,638e9e65a05ec1fcc4384923,c979aeca98a3131cccfd8721,104072,https://m.dcinside.com/board/onepiececardgame/104072,"EB03,13탄 / 02~12탄까지 SR등 여러가지 판매합니다.",seller-8ad10b55fa52911e796a44cf,원딱러,registered,OP12-034 페로나 SR,OP12-034 페로나 SR,OP12-034 / 페로나 / SR,,,unknown,미분류,1,12.000,12000,exact,bundle,text,unknown,,active,needs_review,needs_review,"복수 카드 가격, 배송비 포함 여부 미확정, 묶음·세트 총액 · 개별 카드 가격 아님",exact,no,no,"OP12-034 / 페로나 / SR - 12,000원"
cef93829cb5af11108d48b81,onepiececardgame,원피스 카드게임,2026-07,2026-07-28T00:07:59+09:00,known,638e9e65a05ec1fcc4384923,cef93829cb5af11108d48b81,104072,https://m.dcinside.com/board/onepiececardgame/104072,"EB03,13탄 / 02~12탄까지 SR등 여러가지 판매합니다.",seller-8ad10b55fa52911e796a44cf,원딱러,registered,OP13-082 오로성 ★SR,OP13-082 오로성 ★SR,OP13-082 / 오로성 / ★SR,,,unknown,미분류,1,75.000,75000,exact,bundle,text,unknown,,active,needs_review,needs_review,"복수 카드 가격, 배송비 포함 여부 미확정, 묶음·세트 총액 · 개별 카드 가격 아님",exact,no,no,"OP13-082 / 오로성 / ★SR - 75,000원"
cf166c3452544608a747a101,onepiececardgame,원피스 카드게임,2026-07,2026-07-28T00:07:59+09:00,known,638e9e65a05ec1fcc4384923,cf166c3452544608a747a101,104072,https://m.dcinside.com/board/onepiececardgame/104072,"EB03,13탄 / 02~12탄까지 SR등 여러가지 판매합니다.",seller-8ad10b55fa52911e796a44cf,원딱러,registered,OP12-063 빈스모크 레이주 SR,OP12-063 빈스모크 레이주 SR,OP12-063 / 빈스모크 레이주 / SR,,,unknown,미분류,1,13.000,13000,exact,bundle,text,unknown,,active,needs_review,needs_review,"복수 카드 가격, 배송비 포함 여부 미확정, 묶음·세트 총액 · 개별 카드 가격 아님",exact,no,no,"OP12-063 / 빈스모크 레이주 / SR - 13,000원"
d2712925302d20505ada8fed,onepiececardgame,원피스 카드게임,2026-07,2026-07-28T00:07:59+09:00,known,638e9e65a05ec1fcc4384923,d2712925302d20505ada8fed,104072,https://m.dcinside.com/board/onepiececardgame/104072,"EB03,13탄 / 02~12탄까지 SR등 여러가지 판매합니다.",seller-8ad10b55fa52911e796a44cf,원딱러,registered,EB03-045 페로나 SR,EB03-045 페로나 SR,EB03-045 / 페로나 / SR,,,unknown,미분류,1,2.000,2000,exact,bundle,text,unknown,,active,needs_review,needs_review,"복수 카드 가격, 배송비 포함 여부 미확정, 묶음·세트 총액 · 개별 카드 가격 아님",exact,no,no,"EB03-045 / 페로나 / SR - 2,000원"
d646dbd517c27a7ec0ba49ff,onepiececardgame,원피스 카드게임,2026-07,2026-07-28T00:07:59+09:00,known,638e9e65a05ec1fcc4384923,d646dbd517c27a7ec0ba49ff,104072,https://m.dcinside.com/board/onepiececardgame/104072,"EB03,13탄 / 02~12탄까지 SR등 여러가지 판매합니다.",seller-8ad10b55fa52911e796a44cf,원딱러,registered,OP13-110 스튜시 ★SR,OP13-110 스튜시 ★SR,OP13-110 / 스튜시 / ★SR,,,unknown,미분류,1,19.000,19000,exact,bundle,text,unknown,,active,needs_review,needs_review,"복수 카드 가격, 배송비 포함 여부 미확정, 묶음·세트 총액 · 개별 카드 가격 아님",exact,no,no,"OP13-110 / 스튜시 / ★SR - 19,000원"
de33c1e120c34b9ba83dfd03,onepiececardgame,원피스 카드게임,2026-07,2026-07-28T00:07:59+09:00,known,638e9e65a05ec1fcc4384923,de33c1e120c34b9ba83dfd03,104072,https://m.dcinside.com/board/onepiececardgame/104072,"EB03,13탄 / 02~12탄까지 SR등 여러가지 판매합니다.",seller-8ad10b55fa52911e796a44cf,원딱러,registered,ST-01-012 루피 ★SR,ST-01-012 루피 ★SR,ST-01-012 / 루피 / ★SR,,,unknown,미분류,1,80.000,80000,exact,bundle,text,unknown,,active,needs_review,needs_review,"복수 카드 가격, 배송비 포함 여부 미확정, 묶음·세트 총액 · 개별 카드 가격 아님",exact,no,no,"ST-01-012 / 루피 / ★SR - 80,000원"
de562acf6c08a91976736530,onepiececardgame,원피스 카드게임,2026-07,2026-07-28T00:07:59+09:00,known,638e9e65a05ec1fcc4384923,de562acf6c08a91976736530,104072,https://m.dcinside.com/board/onepiececardgame/104072,"EB03,13탄 / 02~12탄까지 SR등 여러가지 판매합니다.",seller-8ad10b55fa52911e796a44cf,원딱러,registered,OP13-083 제이가르시아 새턴 성 R,OP13-083 제이가르시아 새턴 성 R,OP13-083 / 제이가르시아 새턴 성 / R,,,unknown,미분류,1,1.000,1000,exact,bundle,text,unknown,,active,needs_review,needs_review,"복수 카드 가격, 배송비 포함 여부 미확정, 묶음·세트 총액 · 개별 카드 가격 아님",exact,no,no,"OP13-083 / 제이가르시아 새턴 성 / R - 1,000원"
dfb7293e07f72897a8da34d0,onepiececardgame,원피스 카드게임,2026-07,2026-07-28T00:07:59+09:00,known,8ead3c89cd76d082f3c49557,dfb7293e07f72897a8da34d0,104072,https://m.dcinside.com/board/onepiececardgame/104072,"EB03,13탄 / 02~12탄까지 SR등 여러가지 판매합니다.",seller-8ad10b55fa52911e796a44cf,원딱러,registered,EB03-062 트라팔가 로 ★SEC,EB03-062 트라팔가 로 ★SEC,EB03-062 / 트라팔가 로 / ★SEC,,,unknown,미분류,1,33.000,33000,exact,bundle,text,unknown,,active,needs_review,needs_review,"복수 카드 가격, 배송비 포함 여부 미확정, 묶음·세트 총액 · 개별 카드 가격 아님",exact,no,no,"EB03-062 / 트라팔가 로 / ★SEC - 33,000원"
ece9120a3350c3bc0c13de08,onepiececardgame,원피스 카드게임,2026-07,2026-07-28T00:07:59+09:00,known,638e9e65a05ec1fcc4384923,ece9120a3350c3bc0c13de08,104072,https://m.dcinside.com/board/onepiececardgame/104072,"EB03,13탄 / 02~12탄까지 SR등 여러가지 판매합니다.",seller-8ad10b55fa52911e796a44cf,원딱러,registered,OP07-072 포르체 SR,OP07-072 포르체 SR,OP07-072 / 포르체 / SR,,,unknown,미분류,1,2.000,2000,exact,bundle,text,unknown,,active,needs_review,needs_review,"복수 카드 가격, 배송비 포함 여부 미확정, 묶음·세트 총액 · 개별 카드 가격 아님",exact,no,no,"OP07-072 / 포르체 / SR - 2,000원"
ee14e69c2d07df2a244636e5,onepiececardgame,원피스 카드게임,2026-07,2026-07-28T00:07:59+09:00,known,638e9e65a05ec1fcc4384923,ee14e69c2d07df2a244636e5,104072,https://m.dcinside.com/board/onepiececardgame/104072,"EB03,13탄 / 02~12탄까지 SR등 여러가지 판매합니다.",seller-8ad10b55fa52911e796a44cf,원딱러,registered,EB03-008 히바리 ★R,EB03-008 히바리 ★R,EB03-008 / 히바리 / ★R,,,unknown,미분류,1,10.000,10000,exact,bundle,text,unknown,,active,needs_review,needs_review,"복수 카드 가격, 배송비 포함 여부 미확정, 묶음·세트 총액 · 개별 카드 가격 아님",exact,no,no,"EB03-008 / 히바리 / ★R - 10,000원"
ef0944efe446f7da1ea6d505,onepiececardgame,원피스 카드게임,2026-07,2026-07-28T00:07:59+09:00,known,638e9e65a05ec1fcc4384923,ef0944efe446f7da1ea6d505,104072,https://m.dcinside.com/board/onepiececardgame/104072,"EB03,13탄 / 02~12탄까지 SR등 여러가지 판매합니다.",seller-8ad10b55fa52911e796a44cf,원딱러,registered,EB03-031 빈스모크 레이주 ★SR,EB03-031 빈스모크 레이주 ★SR,EB03-031 / 빈스모크 레이주 / ★SR,,,unknown,미분류,1,15.000,15000,exact,bundle,text,unknown,,active,needs_review,needs_review,"복수 카드 가격, 배송비 포함 여부 미확정, 묶음·세트 총액 · 개별 카드 가격 아님",exact,no,no,"EB03-031 / 빈스모크 레이주 / ★SR - 15,000원"
f24f00ce7d45f64ac12a214e,onepiececardgame,원피스 카드게임,2026-07,2026-07-28T00:07:59+09:00,known,8ead3c89cd76d082f3c49557,f24f00ce7d45f64ac12a214e,104072,https://m.dcinside.com/board/onepiececardgame/104072,"EB03,13탄 / 02~12탄까지 SR등 여러가지 판매합니다.",seller-8ad10b55fa52911e796a44cf,원딱러,registered,OP04-083 사보 ★SR,OP04-083 사보 ★SR,OP04-083 / 사보 / ★SR,,,unknown,미분류,1,20.000,20000,exact,bundle,text,unknown,,active,needs_review,needs_review,"복수 카드 가격, 배송비 포함 여부 미확정, 묶음·세트 총액 · 개별 카드 가격 아님",exact,no,no,"OP04-083 / 사보 / ★SR - 20,000원"
f604a36ea030c596cccbe986,onepiececardgame,원피스 카드게임,2026-07,2026-07-28T00:07:59+09:00,known,638e9e65a05ec1fcc4384923,f604a36ea030c596cccbe986,104072,https://m.dcinside.com/board/onepiececardgame/104072,"EB03,13탄 / 02~12탄까지 SR등 여러가지 판매합니다.",seller-8ad10b55fa52911e796a44cf,원딱러,registered,OP03-041 우솝 SR,OP03-041 우솝 SR,OP03-041 / 우솝 / SR,,,unknown,미분류,1,2.000,2000,exact,bundle,text,unknown,,active,needs_review,needs_review,"복수 카드 가격, 배송비 포함 여부 미확정, 묶음·세트 총액 · 개별 카드 가격 아님",exact,no,no,"OP03-041 / 우솝 / SR - 2,000원"
f68bd47791e932acdb163abc,onepiececardgame,원피스 카드게임,2026-07,2026-07-28T00:07:59+09:00,known,638e9e65a05ec1fcc4384923,f68bd47791e932acdb163abc,104072,https://m.dcinside.com/board/onepiececardgame/104072,"EB03,13탄 / 02~12탄까지 SR등 여러가지 판매합니다.",seller-8ad10b55fa52911e796a44cf,원딱러,registered,OP13-108 쥬얼리 보니 SR,OP13-108 쥬얼리 보니 SR,OP13-108 / 쥬얼리 보니 / SR,,,unknown,미분류,1,2.000,2000,exact,bundle,text,unknown,,active,needs_review,needs_review,"복수 카드 가격, 배송비 포함 여부 미확정, 묶음·세트 총액 · 개별 카드 가격 아님",exact,no,no,"OP13-108 / 쥬얼리 보니 / SR 2,000원"
fa89ea1aeb2fd196b97d6f62,onepiececardgame,원피스 카드게임,2026-07,2026-07-28T00:07:59+09:00,known,638e9e65a05ec1fcc4384923,fa89ea1aeb2fd196b97d6f62,104072,https://m.dcinside.com/board/onepiececardgame/104072,"EB03,13탄 / 02~12탄까지 SR등 여러가지 판매합니다.",seller-8ad10b55fa52911e796a44cf,원딱러,registered,EB03-024 네펠타리 비비 ★SR,EB03-024 네펠타리 비비 ★SR,EB03-024 / 네펠타리 비비 / ★SR,,,unknown,미분류,1,25.000,25000,exact,bundle,text,unknown,,active,needs_review,needs_review,"복수 카드 가격, 배송비 포함 여부 미확정, 묶음·세트 총액 · 개별 카드 가격 아님",exact,no,no,"EB03-024 / 네펠타리 비비 / ★SR - 25,000원"
fe36a2501d0837af6362ad8c,onepiececardgame,원피스 카드게임,2026-07,2026-07-28T00:07:59+09:00,known,638e9e65a05ec1fcc4384923,fe36a2501d0837af6362ad8c,104072,https://m.dcinside.com/board/onepiececardgame/104072,"EB03,13탄 / 02~12탄까지 SR등 여러가지 판매합니다.",seller-8ad10b55fa52911e796a44cf,원딱러,registered,EB03-062 트라팔가 로 ★SEC,EB03-062 트라팔가 로 ★SEC,EB03-062 / 트라팔가 로 / ★SEC,,,unknown,미분류,1,33.000,33000,exact,bundle,text,unknown,,active,needs_review,needs_review,"복수 카드 가격, 배송비 포함 여부 미확정, 묶음·세트 총액 · 개별 카드 가격 아님",exact,no,no,"EB03-062 / 트라팔가 로 / ★SEC - 33,000원"
ffebe1ffb427076f88f2a839,onepiececardgame,원피스 카드게임,2026-07,2026-07-28T00:07:59+09:00,known,638e9e65a05ec1fcc4384923,ffebe1ffb427076f88f2a839,104072,https://m.dcinside.com/board/onepiececardgame/104072,"EB03,13탄 / 02~12탄까지 SR등 여러가지 판매합니다.",seller-8ad10b55fa52911e796a44cf,원딱러,registered,OP13-120 사보 ★SEC,OP13-120 사보 ★SEC,OP13-120 / 사보 / ★SEC,,,unknown,미분류,1,67.000,67000,exact,bundle,text,unknown,,active,needs_review,needs_review,"복수 카드 가격, 배송비 포함 여부 미확정, 묶음·세트 총액 · 개별 카드 가격 아님",exact,no,no,"OP13-120 / 사보 / ★SEC - 67,000원"
50b131af9740f5a54eb0c815,onepiececardgame,원피스 카드게임,2026-07,2026-07-28T01:19:00+09:00,known,56efe87078cd7f1e7d3f0207,50b131af9740f5a54eb0c815,104085,https://m.dcinside.com/board/onepiececardgame/104085,코비 고레어 소스들 삽니다,seller-8ad10b55fa52911e796a44cf,원딱러,registered,엑부,엑부,엑부,,,unknown,미분류,3,,,missing,unknown,unknown,unknown,,active,needs_review,needs_review,수량 표기 감지 · 가격 미기재,missing,no,no,엑부3
bcd9ad017891e8b620a50645,onepiececardgame,원피스 카드게임,2026-07,2026-07-28T01:19:00+09:00,known,de83ce6f57ee37da9db42f44,bcd9ad017891e8b620a50645,104085,https://m.dcinside.com/board/onepiececardgame/104085,코비 고레어 소스들 삽니다,seller-8ad10b55fa52911e796a44cf,원딱러,registered,엑부,엑부,엑부,,,unknown,미분류,3,,,missing,unknown,unknown,unknown,,active,needs_review,needs_review,수량 표기 감지 · 가격 미기재,missing,no,no,엑부3
e04770073610197701306188,onepiececardgame,원피스 카드게임,2026-07,2026-07-28T01:19:00+09:00,known,cb4fa9ca2207008a39aa0356,e04770073610197701306188,104085,https://m.dcinside.com/board/onepiececardgame/104085,코비 고레어 소스들 삽니다,seller-8ad10b55fa52911e796a44cf,원딱러,registered,엑부,엑부,엑부,,,unknown,미분류,3,,,missing,unknown,unknown,unknown,,active,needs_review,needs_review,수량 표기 감지 · 가격 미기재,missing,no,no,엑부3
22c96403db92a31fb71c3f1a,onepiececardgame,원피스 카드게임,2026-07,2026-07-28T08:03:20+09:00,known,855077b232b9d016b1d17226,22c96403db92a31fb71c3f1a,104095,https://m.dcinside.com/board/onepiececardgame/104095,13탄 흰수염 페레 4장 구매합니다.,seller-09ef1afe8f7559250656d730,힐기사,registered,,,,,,unknown,미분류,1,30,300000,estimated,bundle,text,included,2000,active,needs_review,needs_review,"가격 단위 추정, 일괄·세트 가격, 카드명 확인 필요, 묶음·세트 총액 · 개별 카드 가격 아님",estimated,no,no,일괄 택포 30
3c3e6eead2770a3ae3342758,onepiececardgame,원피스 카드게임,2026-07,2026-07-28T08:03:20+09:00,known,f1a3e7edcd3a0154cb22f013,3c3e6eead2770a3ae3342758,104095,https://m.dcinside.com/board/onepiececardgame/104095,13탄 흰수염 페레 4장 구매합니다.,seller-09ef1afe8f7559250656d730,힐기사,registered,,,,,,unknown,미분류,1,30,300000,estimated,bundle,text,included,2000,active,needs_review,needs_review,"가격 단위 추정, 일괄·세트 가격, 카드명 확인 필요, 묶음·세트 총액 · 개별 카드 가격 아님",estimated,no,no,일괄 택포 30
b7d8675487d67823609c48fc,onepiececardgame,원피스 카드게임,2026-07,2026-07-28T08:03:20+09:00,known,690baf3b58e75f4dfa950275,b7d8675487d67823609c48fc,104095,https://m.dcinside.com/board/onepiececardgame/104095,13탄 흰수염 페레 4장 구매합니다.,seller-09ef1afe8f7559250656d730,힐기사,registered,,,,,,unknown,미분류,1,30,300000,estimated,bundle,text,included,2000,active,needs_review,needs_review,"가격 단위 추정, 일괄·세트 가격, 카드명 확인 필요, 묶음·세트 총액 · 개별 카드 가격 아님",estimated,no,no,일괄 택포 30
45aee75c04bebdb439c1109d,onepiececardgame,원피스 카드게임,2026-07,2026-07-28T08:32:46+09:00,known,f539872055285aef4c08d986,45aee75c04bebdb439c1109d,104098,https://m.dcinside.com/board/onepiececardgame/104098,마르코 5코시크보니 삽니다.,seller-5c7dd378d0ebf01ef7f2acc6,ㅇㅇ,guest,보니,보니,보니,,,unknown,미분류,4,9,90000,estimated,bundle,text,unknown,,active,needs_review,needs_review,"가격 단위 추정, 수량 표기 감지, 일괄·세트 가격, 배송비 포함 여부 미확정, 묶음·세트 총액 · 개별 카드 가격 아님",estimated,no,no,보니 4장일괄 9
5158492c7d9e8f69a71c6b8a,onepiececardgame,원피스 카드게임,2026-07,2026-07-28T08:32:46+09:00,known,ffd9dccf6e36f71a2f77e568,5158492c7d9e8f69a71c6b8a,104098,https://m.dcinside.com/board/onepiececardgame/104098,마르코 5코시크보니 삽니다.,seller-3fb0cbee0528f6ab60028f41,ㅇㅇ,guest,마르코,마르코,마르코,,,unknown,미분류,4,10,100000,estimated,bundle,text,unknown,,active,needs_review,needs_review,"가격 단위 추정, 수량 표기 감지, 일괄·세트 가격, 배송비 포함 여부 미확정, 묶음·세트 총액 · 개별 카드 가격 아님",estimated,no,no,마르코 4장일괄 10
5d353335cb25f05d58a55cf3,onepiececardgame,원피스 카드게임,2026-07,2026-07-28T08:32:46+09:00,known,ffd9dccf6e36f71a2f77e568,5d353335cb25f05d58a55cf3,104098,https://m.dcinside.com/board/onepiececardgame/104098,마르코 5코시크보니 삽니다.,seller-3fb0cbee0528f6ab60028f41,ㅇㅇ,guest,보니,보니,보니,,,unknown,미분류,4,9,90000,estimated,bundle,text,unknown,,active,needs_review,needs_review,"가격 단위 추정, 수량 표기 감지, 일괄·세트 가격, 배송비 포함 여부 미확정, 묶음·세트 총액 · 개별 카드 가격 아님",estimated,no,no,보니 4장일괄 9
5f3004ad02edbd0c5cc11a82,onepiececardgame,원피스 카드게임,2026-07,2026-07-28T08:32:46+09:00,known,f539872055285aef4c08d986,5f3004ad02edbd0c5cc11a82,104098,https://m.dcinside.com/board/onepiececardgame/104098,마르코 5코시크보니 삽니다.,seller-5c7dd378d0ebf01ef7f2acc6,ㅇㅇ,guest,마르코,마르코,마르코,,,unknown,미분류,4,10,100000,estimated,bundle,text,unknown,,active,needs_review,needs_review,"가격 단위 추정, 수량 표기 감지, 일괄·세트 가격, 배송비 포함 여부 미확정, 묶음·세트 총액 · 개별 카드 가격 아님",estimated,no,no,마르코 4장일괄 10
790b2d26fcb36fe81ec72ec8,onepiececardgame,원피스 카드게임,2026-07,2026-07-28T08:32:46+09:00,known,a218690e03a6fa67b1a0b99e,790b2d26fcb36fe81ec72ec8,104098,https://m.dcinside.com/board/onepiececardgame/104098,마르코 5코시크보니 삽니다.,seller-4fec81e5062507b7a8550ff8,ㅇㅇ,guest,마르코,마르코,마르코,,,unknown,미분류,4,10,100000,estimated,bundle,text,unknown,,active,needs_review,needs_review,"가격 단위 추정, 수량 표기 감지, 일괄·세트 가격, 배송비 포함 여부 미확정, 묶음·세트 총액 · 개별 카드 가격 아님",estimated,no,no,마르코 4장일괄 10
e77f11a2409f29a38e605e74,onepiececardgame,원피스 카드게임,2026-07,2026-07-28T08:32:46+09:00,known,a218690e03a6fa67b1a0b99e,e77f11a2409f29a38e605e74,104098,https://m.dcinside.com/board/onepiececardgame/104098,마르코 5코시크보니 삽니다.,seller-4fec81e5062507b7a8550ff8,ㅇㅇ,guest,보니,보니,보니,,,unknown,미분류,4,9,90000,estimated,bundle,text,unknown,,active,needs_review,needs_review,"가격 단위 추정, 수량 표기 감지, 일괄·세트 가격, 배송비 포함 여부 미확정, 묶음·세트 총액 · 개별 카드 가격 아님",estimated,no,no,보니 4장일괄 9
02a83b47fbb17ab186054dbc,onepiececardgame,원피스 카드게임,2026-07,2026-07-28T10:24:14+09:00,known,f4d3079b51ae297099c0dbd3,02a83b47fbb17ab186054dbc,104108,https://m.dcinside.com/board/onepiececardgame/104108,엑부3 나미 SR 4장 삽니다.,seller-5615489384596364f74ca601,미니통돌이,registered,EB03-052 시라호시도,EB03-052 시라호시도,EB03-052 시라호시도,,,unknown,미분류,1,500,500,exact,per_card,text,unknown,,active,needs_review,needs_review,"수량 표기 감지, 배송비 포함 여부 미확정",exact,yes,no,EB03-052 시라호시도 1장 500원에 나미랑 같이 구해봅니다.
0b8aaddfe27b94de29c16918,onepiececardgame,원피스 카드게임,2026-07,2026-07-28T10:24:14+09:00,known,f4d3079b51ae297099c0dbd3,0b8aaddfe27b94de29c16918,104108,https://m.dcinside.com/board/onepiececardgame/104108,엑부3 나미 SR 4장 삽니다.,seller-5615489384596364f74ca601,미니통돌이,registered,EB03-053 나미,EB03-053 나미,EB03-053 나미,,,unknown,미분류,4,7,70000,estimated,bundle,text,unknown,,active,needs_review,needs_review,"가격 단위 추정, 수량 표기 감지, 일괄·세트 가격, 배송비 포함 여부 미확정, 묶음·세트 총액 · 개별 카드 가격 아님",estimated,no,no,EB03-053 나미 4장 일괄 7에 삽니다.
31df74e3c4da786d635ec7f7,onepiececardgame,원피스 카드게임,2026-07,2026-07-28T10:24:14+09:00,known,73a91c9c07ee88632090323d,31df74e3c4da786d635ec7f7,104108,https://m.dcinside.com/board/onepiececardgame/104108,엑부3 나미 SR 4장 삽니다.,seller-5615489384596364f74ca601,미니통돌이,registered,EB03-052 시라호시도,EB03-052 시라호시도,EB03-052 시라호시도,,,unknown,미분류,1,500,500,exact,per_card,text,unknown,,active,needs_review,needs_review,"수량 표기 감지, 배송비 포함 여부 미확정",exact,yes,no,EB03-052 시라호시도 1장 500원에 나미랑 같이 구해봅니다.
cc319ee03dd526b5c870a40f,onepiececardgame,원피스 카드게임,2026-07,2026-07-28T10:24:14+09:00,known,73a91c9c07ee88632090323d,cc319ee03dd526b5c870a40f,104108,https://m.dcinside.com/board/onepiececardgame/104108,엑부3 나미 SR 4장 삽니다.,seller-5615489384596364f74ca601,미니통돌이,registered,EB03-053 나미,EB03-053 나미,EB03-053 나미,,,unknown,미분류,4,7,70000,estimated,bundle,text,unknown,,active,needs_review,needs_review,"가격 단위 추정, 수량 표기 감지, 일괄·세트 가격, 배송비 포함 여부 미확정, 묶음·세트 총액 · 개별 카드 가격 아님",estimated,no,no,EB03-053 나미 4장 일괄 7에 삽니다.
d785421460593f0a5d7884aa,onepiececardgame,원피스 카드게임,2026-07,2026-07-28T10:24:14+09:00,known,fd430ecdf80c16cbd6e5d9ff,d785421460593f0a5d7884aa,104108,https://m.dcinside.com/board/onepiececardgame/104108,엑부3 나미 SR 4장 삽니다.,seller-5615489384596364f74ca601,미니통돌이,registered,EB03-052 시라호시도,EB03-052 시라호시도,EB03-052 시라호시도,,,unknown,미분류,1,500,500,exact,per_card,text,unknown,,active,needs_review,needs_review,"수량 표기 감지, 배송비 포함 여부 미확정",exact,yes,no,EB03-052 시라호시도 1장 500원에 나미랑 같이 구해봅니다.
f3a8fa5859073fb6e31b0540,onepiececardgame,원피스 카드게임,2026-07,2026-07-28T10:24:14+09:00,known,fd430ecdf80c16cbd6e5d9ff,f3a8fa5859073fb6e31b0540,104108,https://m.dcinside.com/board/onepiececardgame/104108,엑부3 나미 SR 4장 삽니다.,seller-5615489384596364f74ca601,미니통돌이,registered,EB03-053 나미,EB03-053 나미,EB03-053 나미,,,unknown,미분류,4,7,70000,estimated,bundle,text,unknown,,active,needs_review,needs_review,"가격 단위 추정, 수량 표기 감지, 일괄·세트 가격, 배송비 포함 여부 미확정, 묶음·세트 총액 · 개별 카드 가격 아님",estimated,no,no,EB03-053 나미 4장 일괄 7에 삽니다.
ab5ac3ed78c95349925b9419,onepiececardgame,원피스 카드게임,2026-07,2026-07-28T11:14:42+09:00,known,d02dab26d9f02d790280d938,ab5ac3ed78c95349925b9419,104115,https://m.dcinside.com/board/onepiececardgame/104115,5 캐럿 패레 삽니다,seller-8ad10b55fa52911e796a44cf,원딱러,registered,,장당,장당,,,unknown,미분류,1,2.0,20000,estimated,per_card,text,unknown,,active,excluded,needs_review,"가격 단위 추정, 배송비 포함 여부 미확정, 스크립트·광고 문구로 추정되는 오염 행",estimated,yes,no,장당 2.0에 3장까지 삽니다
c32bf3b81cb8b3c54ecda0d2,onepiececardgame,원피스 카드게임,2026-07,2026-07-28T11:14:42+09:00,known,8b7c3b5c2ac7043ba084fc0a,c32bf3b81cb8b3c54ecda0d2,104115,https://m.dcinside.com/board/onepiececardgame/104115,5 캐럿 패레 삽니다,seller-8ad10b55fa52911e796a44cf,원딱러,registered,,장당,장당,,,unknown,미분류,1,2.0,20000,estimated,per_card,text,unknown,,active,excluded,needs_review,"가격 단위 추정, 배송비 포함 여부 미확정, 스크립트·광고 문구로 추정되는 오염 행",estimated,yes,no,장당 2.0에 3장까지 삽니다
e8b26a3f65ea23f45dacbc15,onepiececardgame,원피스 카드게임,2026-07,2026-07-28T11:14:42+09:00,known,3ee9e08c839f5e85bfa69240,e8b26a3f65ea23f45dacbc15,104115,https://m.dcinside.com/board/onepiececardgame/104115,5 캐럿 패레 삽니다,seller-8ad10b55fa52911e796a44cf,원딱러,registered,,장당,장당,,,unknown,미분류,1,2.0,20000,estimated,per_card,text,unknown,,active,excluded,needs_review,"가격 단위 추정, 배송비 포함 여부 미확정, 스크립트·광고 문구로 추정되는 오염 행",estimated,yes,no,장당 2.0에 3장까지 삽니다
082c0a8363eb914390f2232a,onepiececardgame,원피스 카드게임,2026-07,2026-07-28T12:55:58+09:00,known,d8dee49b542ba9afac592ff0,082c0a8363eb914390f2232a,104131,https://m.dcinside.com/board/onepiececardgame/104131,"죠즈,베이비5,키드,제우스등 청황소스 삽니다",seller-9b9d0665d9f6475c328c6467,뉴비,registered,제우스 op11-106,제우스 op11-106,제우스 op11-106,,,unknown,미분류,4,1.0,10000,estimated,bundle,text,unknown,,active,needs_review,needs_review,"가격 단위 추정, 수량 표기 감지, 일괄·세트 가격, 배송비 포함 여부 미확정, 묶음·세트 총액 · 개별 카드 가격 아님",estimated,no,no,제우스 op11-106 4장 일괄 1.0
0962451b4ac1a7a412d61c71,onepiececardgame,원피스 카드게임,2026-07,2026-07-28T12:55:58+09:00,known,2569a32f1bf903f9c775ada2,0962451b4ac1a7a412d61c71,104131,https://m.dcinside.com/board/onepiececardgame/104131,"죠즈,베이비5,키드,제우스등 청황소스 삽니다",seller-9b9d0665d9f6475c328c6467,뉴비,registered,화염가르기 -116,화염가르기 -116,화염가르기 07-116,,,unknown,미분류,2,0.1,1000,estimated,bundle,text,unknown,,active,needs_review,needs_review,"가격 단위 추정, 수량 표기 감지, 일괄·세트 가격, 배송비 포함 여부 미확정, 묶음·세트 총액 · 개별 카드 가격 아님",estimated,no,no,화염가르기 07-116 2장 일괄 0.1
142b0657e1bbe52f6d8c1a48,onepiececardgame,원피스 카드게임,2026-07,2026-07-28T12:55:58+09:00,known,2569a32f1bf903f9c775ada2,142b0657e1bbe52f6d8c1a48,104131,https://m.dcinside.com/board/onepiececardgame/104131,"죠즈,베이비5,키드,제우스등 청황소스 삽니다",seller-9b9d0665d9f6475c328c6467,뉴비,registered,푸딩 op06-047,푸딩 op06-047,푸딩 op06-047,,,unknown,미분류,2,0.3,3000,estimated,bundle,text,unknown,,active,needs_review,needs_review,"가격 단위 추정, 수량 표기 감지, 일괄·세트 가격, 배송비 포함 여부 미확정, 묶음·세트 총액 · 개별 카드 가격 아님",estimated,no,no,푸딩 op06-047 2장 일괄 0.3
156907962f593beb8f90ed71,onepiececardgame,원피스 카드게임,2026-07,2026-07-28T12:55:58+09:00,known,10937ffc8581d02ca813c761,156907962f593beb8f90ed71,104131,https://m.dcinside.com/board/onepiececardgame/104131,"죠즈,베이비5,키드,제우스등 청황소스 삽니다",seller-9b9d0665d9f6475c328c6467,뉴비,registered,베이비 op12-112,베이비 op12-112,베이비 op12-112,,,unknown,미분류,9,2.5,25000,estimated,bundle,text,unknown,,active,needs_review,needs_review,"가격 단위 추정, 수량 표기 감지, 일괄·세트 가격, 배송비 포함 여부 미확정, 묶음·세트 총액 · 개별 카드 가격 아님",estimated,no,no,베이비5 op12-112 4장 일괄 2.5
27d23b5409f820a336a15bb7,onepiececardgame,원피스 카드게임,2026-07,2026-07-28T12:55:58+09:00,known,2569a32f1bf903f9c775ada2,27d23b5409f820a336a15bb7,104131,https://m.dcinside.com/board/onepiececardgame/104131,"죠즈,베이비5,키드,제우스등 청황소스 삽니다",seller-9b9d0665d9f6475c328c6467,뉴비,registered,죠즈 op08-047,죠즈 op08-047,죠즈 op08-047,,,unknown,미분류,4,2.0,20000,estimated,bundle,text,unknown,,active,needs_review,needs_review,"가격 단위 추정, 수량 표기 감지, 일괄·세트 가격, 배송비 포함 여부 미확정, 묶음·세트 총액 · 개별 카드 가격 아님",estimated,no,no,죠즈 op08-047 4장 일괄 2.0
35577e1372555765ee4b2790,onepiececardgame,원피스 카드게임,2026-07,2026-07-28T12:55:58+09:00,known,2569a32f1bf903f9c775ada2,35577e1372555765ee4b2790,104131,https://m.dcinside.com/board/onepiececardgame/104131,"죠즈,베이비5,키드,제우스등 청황소스 삽니다",seller-9b9d0665d9f6475c328c6467,뉴비,registered,베이비 op12-112,베이비 op12-112,베이비 op12-112,,,unknown,미분류,9,2.5,25000,estimated,bundle,text,unknown,,active,needs_review,needs_review,"가격 단위 추정, 수량 표기 감지, 일괄·세트 가격, 배송비 포함 여부 미확정, 묶음·세트 총액 · 개별 카드 가격 아님",estimated,no,no,베이비5 op12-112 4장 일괄 2.5
4b7b3195333bf90c2fb0b64e,onepiececardgame,원피스 카드게임,2026-07,2026-07-28T12:55:58+09:00,known,d8dee49b542ba9afac592ff0,4b7b3195333bf90c2fb0b64e,104131,https://m.dcinside.com/board/onepiececardgame/104131,"죠즈,베이비5,키드,제우스등 청황소스 삽니다",seller-9b9d0665d9f6475c328c6467,뉴비,registered,화염가르기 -116,화염가르기 -116,화염가르기 07-116,,,unknown,미분류,2,0.1,1000,estimated,bundle,text,unknown,,active,needs_review,needs_review,"가격 단위 추정, 수량 표기 감지, 일괄·세트 가격, 배송비 포함 여부 미확정, 묶음·세트 총액 · 개별 카드 가격 아님",estimated,no,no,화염가르기 07-116 2장 일괄 0.1
635bb2bd87725c833db86f2c,onepiececardgame,원피스 카드게임,2026-07,2026-07-28T12:55:58+09:00,known,2569a32f1bf903f9c775ada2,635bb2bd87725c833db86f2c,104131,https://m.dcinside.com/board/onepiececardgame/104131,"죠즈,베이비5,키드,제우스등 청황소스 삽니다",seller-9b9d0665d9f6475c328c6467,뉴비,registered,제우스 op11-106,제우스 op11-106,제우스 op11-106,,,unknown,미분류,4,1.0,10000,estimated,bundle,text,unknown,,active,needs_review,needs_review,"가격 단위 추정, 수량 표기 감지, 일괄·세트 가격, 배송비 포함 여부 미확정, 묶음·세트 총액 · 개별 카드 가격 아님",estimated,no,no,제우스 op11-106 4장 일괄 1.0
68f81b17529f8c8e5ff8a41e,onepiececardgame,원피스 카드게임,2026-07,2026-07-28T12:55:58+09:00,known,d8dee49b542ba9afac592ff0,68f81b17529f8c8e5ff8a41e,104131,https://m.dcinside.com/board/onepiececardgame/104131,"죠즈,베이비5,키드,제우스등 청황소스 삽니다",seller-9b9d0665d9f6475c328c6467,뉴비,registered,죠즈 op08-047,죠즈 op08-047,죠즈 op08-047,,,unknown,미분류,4,2.0,20000,estimated,bundle,text,unknown,,active,needs_review,needs_review,"가격 단위 추정, 수량 표기 감지, 일괄·세트 가격, 배송비 포함 여부 미확정, 묶음·세트 총액 · 개별 카드 가격 아님",estimated,no,no,죠즈 op08-047 4장 일괄 2.0
8042e7a7791502d483d88e8b,onepiececardgame,원피스 카드게임,2026-07,2026-07-28T12:55:58+09:00,known,10937ffc8581d02ca813c761,8042e7a7791502d483d88e8b,104131,https://m.dcinside.com/board/onepiececardgame/104131,"죠즈,베이비5,키드,제우스등 청황소스 삽니다",seller-9b9d0665d9f6475c328c6467,뉴비,registered,죠즈 op08-047,죠즈 op08-047,죠즈 op08-047,,,unknown,미분류,4,2.0,20000,estimated,bundle,text,unknown,,active,needs_review,needs_review,"가격 단위 추정, 수량 표기 감지, 일괄·세트 가격, 배송비 포함 여부 미확정, 묶음·세트 총액 · 개별 카드 가격 아님",estimated,no,no,죠즈 op08-047 4장 일괄 2.0
8c14ba6db309e69e149b3bad,onepiececardgame,원피스 카드게임,2026-07,2026-07-28T12:55:58+09:00,known,2569a32f1bf903f9c775ada2,8c14ba6db309e69e149b3bad,104131,https://m.dcinside.com/board/onepiececardgame/104131,"죠즈,베이비5,키드,제우스등 청황소스 삽니다",seller-9b9d0665d9f6475c328c6467,뉴비,registered,키드 op10-112,키드 op10-112,키드 op10-112,,,unknown,미분류,2,1.0,10000,estimated,bundle,text,unknown,,active,needs_review,needs_review,"가격 단위 추정, 수량 표기 감지, 일괄·세트 가격, 배송비 포함 여부 미확정, 묶음·세트 총액 · 개별 카드 가격 아님",estimated,no,no,키드 op10-112 2장 일괄 1.0
94e500e73d32923efaba413a,onepiececardgame,원피스 카드게임,2026-07,2026-07-28T12:55:58+09:00,known,d8dee49b542ba9afac592ff0,94e500e73d32923efaba413a,104131,https://m.dcinside.com/board/onepiececardgame/104131,"죠즈,베이비5,키드,제우스등 청황소스 삽니다",seller-9b9d0665d9f6475c328c6467,뉴비,registered,푸딩 op06-047,푸딩 op06-047,푸딩 op06-047,,,unknown,미분류,2,0.3,3000,estimated,bundle,text,unknown,,active,needs_review,needs_review,"가격 단위 추정, 수량 표기 감지, 일괄·세트 가격, 배송비 포함 여부 미확정, 묶음·세트 총액 · 개별 카드 가격 아님",estimated,no,no,푸딩 op06-047 2장 일괄 0.3
9b1d7f44a0c5f4f461784cde,onepiececardgame,원피스 카드게임,2026-07,2026-07-28T12:55:58+09:00,known,d8dee49b542ba9afac592ff0,9b1d7f44a0c5f4f461784cde,104131,https://m.dcinside.com/board/onepiececardgame/104131,"죠즈,베이비5,키드,제우스등 청황소스 삽니다",seller-9b9d0665d9f6475c328c6467,뉴비,registered,베이비 op12-112,베이비 op12-112,베이비 op12-112,,,unknown,미분류,9,2.5,25000,estimated,bundle,text,unknown,,active,needs_review,needs_review,"가격 단위 추정, 수량 표기 감지, 일괄·세트 가격, 배송비 포함 여부 미확정, 묶음·세트 총액 · 개별 카드 가격 아님",estimated,no,no,베이비5 op12-112 4장 일괄 2.5
a4ce14d2d79dfa8b3fe403dd,onepiececardgame,원피스 카드게임,2026-07,2026-07-28T12:55:58+09:00,known,10937ffc8581d02ca813c761,a4ce14d2d79dfa8b3fe403dd,104131,https://m.dcinside.com/board/onepiececardgame/104131,"죠즈,베이비5,키드,제우스등 청황소스 삽니다",seller-9b9d0665d9f6475c328c6467,뉴비,registered,푸딩 op06-047,푸딩 op06-047,푸딩 op06-047,,,unknown,미분류,2,0.3,3000,estimated,bundle,text,unknown,,active,needs_review,needs_review,"가격 단위 추정, 수량 표기 감지, 일괄·세트 가격, 배송비 포함 여부 미확정, 묶음·세트 총액 · 개별 카드 가격 아님",estimated,no,no,푸딩 op06-047 2장 일괄 0.3
b558df00a274e5a0154bdfd7,onepiececardgame,원피스 카드게임,2026-07,2026-07-28T12:55:58+09:00,known,10937ffc8581d02ca813c761,b558df00a274e5a0154bdfd7,104131,https://m.dcinside.com/board/onepiececardgame/104131,"죠즈,베이비5,키드,제우스등 청황소스 삽니다",seller-9b9d0665d9f6475c328c6467,뉴비,registered,키드 op10-112,키드 op10-112,키드 op10-112,,,unknown,미분류,2,1.0,10000,estimated,bundle,text,unknown,,active,needs_review,needs_review,"가격 단위 추정, 수량 표기 감지, 일괄·세트 가격, 배송비 포함 여부 미확정, 묶음·세트 총액 · 개별 카드 가격 아님",estimated,no,no,키드 op10-112 2장 일괄 1.0
da7db3809efd24c6e8df23c5,onepiececardgame,원피스 카드게임,2026-07,2026-07-28T12:55:58+09:00,known,2569a32f1bf903f9c775ada2,da7db3809efd24c6e8df23c5,104131,https://m.dcinside.com/board/onepiececardgame/104131,"죠즈,베이비5,키드,제우스등 청황소스 삽니다",seller-9b9d0665d9f6475c328c6467,뉴비,registered,노지코 op03-048,노지코 op03-048,노지코 op03-048,,,unknown,미분류,4,0.4,4000,estimated,bundle,text,unknown,,active,needs_review,needs_review,"가격 단위 추정, 수량 표기 감지, 일괄·세트 가격, 배송비 포함 여부 미확정, 묶음·세트 총액 · 개별 카드 가격 아님",estimated,no,no,노지코 op03-048 4장 일괄 0.4
dbce422b2c0d932fff168633,onepiececardgame,원피스 카드게임,2026-07,2026-07-28T12:55:58+09:00,known,d8dee49b542ba9afac592ff0,dbce422b2c0d932fff168633,104131,https://m.dcinside.com/board/onepiececardgame/104131,"죠즈,베이비5,키드,제우스등 청황소스 삽니다",seller-9b9d0665d9f6475c328c6467,뉴비,registered,노지코 op03-048,노지코 op03-048,노지코 op03-048,,,unknown,미분류,4,0.4,4000,estimated,bundle,text,unknown,,active,needs_review,needs_review,"가격 단위 추정, 수량 표기 감지, 일괄·세트 가격, 배송비 포함 여부 미확정, 묶음·세트 총액 · 개별 카드 가격 아님",estimated,no,no,노지코 op03-048 4장 일괄 0.4
ec0ff125a758f4ce6179b69a,onepiececardgame,원피스 카드게임,2026-07,2026-07-28T12:55:58+09:00,known,d8dee49b542ba9afac592ff0,ec0ff125a758f4ce6179b69a,104131,https://m.dcinside.com/board/onepiececardgame/104131,"죠즈,베이비5,키드,제우스등 청황소스 삽니다",seller-9b9d0665d9f6475c328c6467,뉴비,registered,키드 op10-112,키드 op10-112,키드 op10-112,,,unknown,미분류,2,1.0,10000,estimated,bundle,text,unknown,,active,needs_review,needs_review,"가격 단위 추정, 수량 표기 감지, 일괄·세트 가격, 배송비 포함 여부 미확정, 묶음·세트 총액 · 개별 카드 가격 아님",estimated,no,no,키드 op10-112 2장 일괄 1.0
ec86147e829479fc9622c00c,onepiececardgame,원피스 카드게임,2026-07,2026-07-28T12:55:58+09:00,known,10937ffc8581d02ca813c761,ec86147e829479fc9622c00c,104131,https://m.dcinside.com/board/onepiececardgame/104131,"죠즈,베이비5,키드,제우스등 청황소스 삽니다",seller-9b9d0665d9f6475c328c6467,뉴비,registered,화염가르기 -116,화염가르기 -116,화염가르기 07-116,,,unknown,미분류,2,0.1,1000,estimated,bundle,text,unknown,,active,needs_review,needs_review,"가격 단위 추정, 수량 표기 감지, 일괄·세트 가격, 배송비 포함 여부 미확정, 묶음·세트 총액 · 개별 카드 가격 아님",estimated,no,no,화염가르기 07-116 2장 일괄 0.1
fab65de343cc10ef96b7fcb8,onepiececardgame,원피스 카드게임,2026-07,2026-07-28T12:55:58+09:00,known,10937ffc8581d02ca813c761,fab65de343cc10ef96b7fcb8,104131,https://m.dcinside.com/board/onepiececardgame/104131,"죠즈,베이비5,키드,제우스등 청황소스 삽니다",seller-9b9d0665d9f6475c328c6467,뉴비,registered,제우스 op11-106,제우스 op11-106,제우스 op11-106,,,unknown,미분류,4,1.0,10000,estimated,bundle,text,unknown,,active,needs_review,needs_review,"가격 단위 추정, 수량 표기 감지, 일괄·세트 가격, 배송비 포함 여부 미확정, 묶음·세트 총액 · 개별 카드 가격 아님",estimated,no,no,제우스 op11-106 4장 일괄 1.0
ff087adbb8ba0c554c490b10,onepiececardgame,원피스 카드게임,2026-07,2026-07-28T12:55:58+09:00,known,10937ffc8581d02ca813c761,ff087adbb8ba0c554c490b10,104131,https://m.dcinside.com/board/onepiececardgame/104131,"죠즈,베이비5,키드,제우스등 청황소스 삽니다",seller-9b9d0665d9f6475c328c6467,뉴비,registered,노지코 op03-048,노지코 op03-048,노지코 op03-048,,,unknown,미분류,4,0.4,4000,estimated,bundle,text,unknown,,active,needs_review,needs_review,"가격 단위 추정, 수량 표기 감지, 일괄·세트 가격, 배송비 포함 여부 미확정, 묶음·세트 총액 · 개별 카드 가격 아님",estimated,no,no,노지코 op03-048 4장 일괄 0.4
13f23c8816b06f41685d720d,onepiececardgame,원피스 카드게임,2026-07,2026-07-28T15:34:36+09:00,known,dcf02c54b13e0e44675cd4a4,13f23c8816b06f41685d720d,104155,https://m.dcinside.com/board/onepiececardgame/104155,송내 부평직으로 카드삽니다,seller-8ad10b55fa52911e796a44cf,원딱러,registered,prb02-016 오타마 페레,prb02-016 오타마 페레,prb02-016 오타마 페레 장당 1.2,,,unknown,미분류,4,4.8,48000,estimated,bundle,text,unknown,,active,needs_review,needs_review,"가격 단위 추정, 수량 표기 감지, 일괄·세트 가격, 배송비 포함 여부 미확정, 묶음·세트 총액 · 개별 카드 가격 아님",estimated,no,no,prb02-016 오타마 페레 4장 장당 1.2 일괄 4.8에 삽니다
1c0a9fe09edb6289808f8f2a,onepiececardgame,원피스 카드게임,2026-07,2026-07-28T15:34:36+09:00,known,7ded1fafea6a9c407691ec38,1c0a9fe09edb6289808f8f2a,104155,https://m.dcinside.com/board/onepiececardgame/104155,송내 부평직으로 카드삽니다,seller-8ad10b55fa52911e796a44cf,원딱러,registered,prb02-016 오타마 페레,prb02-016 오타마 페레,prb02-016 오타마 페레 장당 1.2,,,unknown,미분류,4,4.8,48000,estimated,bundle,text,unknown,,active,needs_review,needs_review,"가격 단위 추정, 수량 표기 감지, 일괄·세트 가격, 배송비 포함 여부 미확정, 묶음·세트 총액 · 개별 카드 가격 아님",estimated,no,no,prb02-016 오타마 페레 4장 장당 1.2 일괄 4.8에 삽니다
7abb39e21609b60711c3909d,onepiececardgame,원피스 카드게임,2026-07,2026-07-28T15:34:36+09:00,known,dcf02c54b13e0e44675cd4a4,7abb39e21609b60711c3909d,104155,https://m.dcinside.com/board/onepiececardgame/104155,송내 부평직으로 카드삽니다,seller-8ad10b55fa52911e796a44cf,원딱러,registered,op11-106 제우스 페레,op11-106 제우스 페레,op11-106 제우스 페레,,,unknown,미분류,1,4.5,45000,estimated,per_card,text,unknown,,active,needs_review,needs_review,"가격 단위 추정, 수량 표기 감지, 배송비 포함 여부 미확정",estimated,yes,no,op11-106 제우스 페레 1장 4.5에 삽니다
7bca2c9cbd32f8942cb5bead,onepiececardgame,원피스 카드게임,2026-07,2026-07-28T15:34:36+09:00,known,2544d22d436bfe3fd9e31725,7bca2c9cbd32f8942cb5bead,104155,https://m.dcinside.com/board/onepiececardgame/104155,송내 부평직으로 카드삽니다,seller-8ad10b55fa52911e796a44cf,원딱러,registered,op11-106 제우스 페레,op11-106 제우스 페레,op11-106 제우스 페레,,,unknown,미분류,1,4.5,45000,estimated,per_card,text,unknown,,active,needs_review,needs_review,"가격 단위 추정, 수량 표기 감지, 배송비 포함 여부 미확정",estimated,yes,no,op11-106 제우스 페레 1장 4.5에 삽니다
e861ad76a135c5055ed59828,onepiececardgame,원피스 카드게임,2026-07,2026-07-28T15:34:36+09:00,known,2544d22d436bfe3fd9e31725,e861ad76a135c5055ed59828,104155,https://m.dcinside.com/board/onepiececardgame/104155,송내 부평직으로 카드삽니다,seller-8ad10b55fa52911e796a44cf,원딱러,registered,prb02-016 오타마 페레,prb02-016 오타마 페레,prb02-016 오타마 페레 장당 1.2,,,unknown,미분류,4,4.8,48000,estimated,bundle,text,unknown,,active,needs_review,needs_review,"가격 단위 추정, 수량 표기 감지, 일괄·세트 가격, 배송비 포함 여부 미확정, 묶음·세트 총액 · 개별 카드 가격 아님",estimated,no,no,prb02-016 오타마 페레 4장 장당 1.2 일괄 4.8에 삽니다
f244263b9f54502672e494dc,onepiececardgame,원피스 카드게임,2026-07,2026-07-28T15:34:36+09:00,known,7ded1fafea6a9c407691ec38,f244263b9f54502672e494dc,104155,https://m.dcinside.com/board/onepiececardgame/104155,송내 부평직으로 카드삽니다,seller-8ad10b55fa52911e796a44cf,원딱러,registered,op11-106 제우스 페레,op11-106 제우스 페레,op11-106 제우스 페레,,,unknown,미분류,1,4.5,45000,estimated,per_card,text,unknown,,active,needs_review,needs_review,"가격 단위 추정, 수량 표기 감지, 배송비 포함 여부 미확정",estimated,yes,no,op11-106 제우스 페레 1장 4.5에 삽니다
03068ad233c8f1aa83271420,onepiececardgame,원피스 카드게임,2026-07,2026-07-28T20:10:57+09:00,known,455a2db0e62bc47e1e6cce68,03068ad233c8f1aa83271420,104194,https://m.dcinside.com/board/onepiececardgame/104194,"오로성,마즈, 워큐리, 피터성 페레 구합니다",seller-a4094073dd84456f660f429f,유동닉,guest,피터성,피터성,피터성 장당,,,unknown,미분류,1,2,20000,estimated,per_card,text,unknown,,active,needs_review,needs_review,"가격 단위 추정, 수량 표기 감지, 배송비 포함 여부 미확정",estimated,yes,no,피터성 1장 장당 2
238342c9eca1ca246da41eef,onepiececardgame,원피스 카드게임,2026-07,2026-07-28T20:10:57+09:00,known,36d60a7fbcd3d1ea7c7015ae,238342c9eca1ca246da41eef,104194,https://m.dcinside.com/board/onepiececardgame/104194,"오로성,마즈, 워큐리, 피터성 페레 구합니다",seller-2f2b21fd7d372e1d38af615b,유동닉,guest,마즈성,마즈성,마즈성 장당,,,unknown,미분류,2,2,20000,estimated,per_card,text,unknown,,active,needs_review,needs_review,"가격 단위 추정, 수량 표기 감지, 배송비 포함 여부 미확정",estimated,yes,no,마즈성 2장 장당 2
24795101345af65090b9bd71,onepiececardgame,원피스 카드게임,2026-07,2026-07-28T20:10:57+09:00,known,7b2dbb591798a1a51b68a669,24795101345af65090b9bd71,104194,https://m.dcinside.com/board/onepiececardgame/104194,"오로성,마즈, 워큐리, 피터성 페레 구합니다",seller-80eb8d34c7d504bd568d906b,유동닉,guest,시,시,시,,,unknown,미분류,4,9,90000,estimated,bundle,text,unknown,,active,needs_review,needs_review,"가격 단위 추정, 수량 표기 감지, 일괄·세트 가격, 배송비 포함 여부 미확정, 카드명 확인 필요, 묶음·세트 총액 · 개별 카드 가격 아님",estimated,no,no,4장 일괄 시 9에 구합니다
28eb144d0df765718f13ae0c,onepiececardgame,원피스 카드게임,2026-07,2026-07-28T20:10:57+09:00,known,36d60a7fbcd3d1ea7c7015ae,28eb144d0df765718f13ae0c,104194,https://m.dcinside.com/board/onepiececardgame/104194,"오로성,마즈, 워큐리, 피터성 페레 구합니다",seller-2f2b21fd7d372e1d38af615b,유동닉,guest,10오로성 페레,10오로성 페레,10오로성 페레 장당,,,unknown,미분류,3,3,30000,estimated,per_card,text,unknown,,active,needs_review,needs_review,"가격 단위 추정, 수량 표기 감지, 배송비 포함 여부 미확정",estimated,yes,no,10오로성 페레 3장 장당 3
3839d7afe63fe164180dfe4f,onepiececardgame,원피스 카드게임,2026-07,2026-07-28T20:10:57+09:00,known,36d60a7fbcd3d1ea7c7015ae,3839d7afe63fe164180dfe4f,104194,https://m.dcinside.com/board/onepiececardgame/104194,"오로성,마즈, 워큐리, 피터성 페레 구합니다",seller-2f2b21fd7d372e1d38af615b,유동닉,guest,피터성,피터성,피터성 장당,,,unknown,미분류,1,2,20000,estimated,per_card,text,unknown,,active,needs_review,needs_review,"가격 단위 추정, 수량 표기 감지, 배송비 포함 여부 미확정",estimated,yes,no,피터성 1장 장당 2
459aa53e82b8d3065a098400,onepiececardgame,원피스 카드게임,2026-07,2026-07-28T20:10:57+09:00,known,36d60a7fbcd3d1ea7c7015ae,459aa53e82b8d3065a098400,104194,https://m.dcinside.com/board/onepiececardgame/104194,"오로성,마즈, 워큐리, 피터성 페레 구합니다",seller-2f2b21fd7d372e1d38af615b,유동닉,guest,워큐리성,워큐리성,워큐리성 장당,,,unknown,미분류,1,2,20000,estimated,per_card,text,unknown,,active,needs_review,needs_review,"가격 단위 추정, 수량 표기 감지, 배송비 포함 여부 미확정",estimated,yes,no,워큐리성 1장 장당 2
66f16c5a846f27950bc8a56f,onepiececardgame,원피스 카드게임,2026-07,2026-07-28T20:10:57+09:00,known,7b2dbb591798a1a51b68a669,66f16c5a846f27950bc8a56f,104194,https://m.dcinside.com/board/onepiececardgame/104194,"오로성,마즈, 워큐리, 피터성 페레 구합니다",seller-80eb8d34c7d504bd568d906b,유동닉,guest,마즈성,마즈성,마즈성 장당,,,unknown,미분류,2,2,20000,estimated,per_card,text,unknown,,active,needs_review,needs_review,"가격 단위 추정, 수량 표기 감지, 배송비 포함 여부 미확정",estimated,yes,no,마즈성 2장 장당 2
6bd30d95b9b788471ec38ee4,onepiececardgame,원피스 카드게임,2026-07,2026-07-28T20:10:57+09:00,known,36d60a7fbcd3d1ea7c7015ae,6bd30d95b9b788471ec38ee4,104194,https://m.dcinside.com/board/onepiececardgame/104194,"오로성,마즈, 워큐리, 피터성 페레 구합니다",seller-2f2b21fd7d372e1d38af615b,유동닉,guest,시,시,시,,,unknown,미분류,4,9,90000,estimated,bundle,text,unknown,,active,needs_review,needs_review,"가격 단위 추정, 수량 표기 감지, 일괄·세트 가격, 배송비 포함 여부 미확정, 카드명 확인 필요, 묶음·세트 총액 · 개별 카드 가격 아님",estimated,no,no,4장 일괄 시 9에 구합니다
734dc45a436db68a3eedf3e0,onepiececardgame,원피스 카드게임,2026-07,2026-07-28T20:10:57+09:00,known,455a2db0e62bc47e1e6cce68,734dc45a436db68a3eedf3e0,104194,https://m.dcinside.com/board/onepiececardgame/104194,"오로성,마즈, 워큐리, 피터성 페레 구합니다",seller-a4094073dd84456f660f429f,유동닉,guest,10오로성 페레,10오로성 페레,10오로성 페레 장당,,,unknown,미분류,3,3,30000,estimated,per_card,text,unknown,,active,needs_review,needs_review,"가격 단위 추정, 수량 표기 감지, 배송비 포함 여부 미확정",estimated,yes,no,10오로성 페레 3장 장당 3
79888a511aabed63784fc7ae,onepiececardgame,원피스 카드게임,2026-07,2026-07-28T20:10:57+09:00,known,36d60a7fbcd3d1ea7c7015ae,79888a511aabed63784fc7ae,104194,https://m.dcinside.com/board/onepiececardgame/104194,"오로성,마즈, 워큐리, 피터성 페레 구합니다",seller-2f2b21fd7d372e1d38af615b,유동닉,guest,일괄시,일괄시,일괄시,,,unknown,미분류,3,10,100000,estimated,bundle,text,unknown,,active,excluded,needs_review,"가격 단위 추정, 수량 표기 감지, 일괄·세트 가격, 배송비 포함 여부 미확정, 묶음·세트 총액 · 개별 카드 가격 아님, 스크립트·광고 문구로 추정되는 오염 행",estimated,no,no,3장 일괄시 10에 구합니다
84fe507b1299563e14c7e371,onepiececardgame,원피스 카드게임,2026-07,2026-07-28T20:10:57+09:00,known,7b2dbb591798a1a51b68a669,84fe507b1299563e14c7e371,104194,https://m.dcinside.com/board/onepiececardgame/104194,"오로성,마즈, 워큐리, 피터성 페레 구합니다",seller-80eb8d34c7d504bd568d906b,유동닉,guest,피터성,피터성,피터성 장당,,,unknown,미분류,1,2,20000,estimated,per_card,text,unknown,,active,needs_review,needs_review,"가격 단위 추정, 수량 표기 감지, 배송비 포함 여부 미확정",estimated,yes,no,피터성 1장 장당 2
8c62502c00a39b6cc5195a7f,onepiececardgame,원피스 카드게임,2026-07,2026-07-28T20:10:57+09:00,known,7b2dbb591798a1a51b68a669,8c62502c00a39b6cc5195a7f,104194,https://m.dcinside.com/board/onepiececardgame/104194,"오로성,마즈, 워큐리, 피터성 페레 구합니다",seller-80eb8d34c7d504bd568d906b,유동닉,guest,일괄시,일괄시,일괄시,,,unknown,미분류,3,10,100000,estimated,bundle,text,unknown,,active,excluded,needs_review,"가격 단위 추정, 수량 표기 감지, 일괄·세트 가격, 배송비 포함 여부 미확정, 묶음·세트 총액 · 개별 카드 가격 아님, 스크립트·광고 문구로 추정되는 오염 행",estimated,no,no,3장 일괄시 10에 구합니다
a02be87b2c59a7999b12e16c,onepiececardgame,원피스 카드게임,2026-07,2026-07-28T20:10:57+09:00,known,455a2db0e62bc47e1e6cce68,a02be87b2c59a7999b12e16c,104194,https://m.dcinside.com/board/onepiececardgame/104194,"오로성,마즈, 워큐리, 피터성 페레 구합니다",seller-a4094073dd84456f660f429f,유동닉,guest,마즈성,마즈성,마즈성 장당,,,unknown,미분류,2,2,20000,estimated,per_card,text,unknown,,active,needs_review,needs_review,"가격 단위 추정, 수량 표기 감지, 배송비 포함 여부 미확정",estimated,yes,no,마즈성 2장 장당 2
ab1278f56f2ede1e8d726417,onepiececardgame,원피스 카드게임,2026-07,2026-07-28T20:10:57+09:00,known,455a2db0e62bc47e1e6cce68,ab1278f56f2ede1e8d726417,104194,https://m.dcinside.com/board/onepiececardgame/104194,"오로성,마즈, 워큐리, 피터성 페레 구합니다",seller-a4094073dd84456f660f429f,유동닉,guest,워큐리성,워큐리성,워큐리성 장당,,,unknown,미분류,1,2,20000,estimated,per_card,text,unknown,,active,needs_review,needs_review,"가격 단위 추정, 수량 표기 감지, 배송비 포함 여부 미확정",estimated,yes,no,워큐리성 1장 장당 2
b80b8dd68c9fbaba5c28ce9a,onepiececardgame,원피스 카드게임,2026-07,2026-07-28T20:10:57+09:00,known,7b2dbb591798a1a51b68a669,b80b8dd68c9fbaba5c28ce9a,104194,https://m.dcinside.com/board/onepiececardgame/104194,"오로성,마즈, 워큐리, 피터성 페레 구합니다",seller-80eb8d34c7d504bd568d906b,유동닉,guest,10오로성 페레,10오로성 페레,10오로성 페레 장당,,,unknown,미분류,3,3,30000,estimated,per_card,text,unknown,,active,needs_review,needs_review,"가격 단위 추정, 수량 표기 감지, 배송비 포함 여부 미확정",estimated,yes,no,10오로성 페레 3장 장당 3
c6a07f0dd97b2ff8aae7ded8,onepiececardgame,원피스 카드게임,2026-07,2026-07-28T20:10:57+09:00,known,7b2dbb591798a1a51b68a669,c6a07f0dd97b2ff8aae7ded8,104194,https://m.dcinside.com/board/onepiececardgame/104194,"오로성,마즈, 워큐리, 피터성 페레 구합니다",seller-80eb8d34c7d504bd568d906b,유동닉,guest,워큐리성,워큐리성,워큐리성 장당,,,unknown,미분류,1,2,20000,estimated,per_card,text,unknown,,active,needs_review,needs_review,"가격 단위 추정, 수량 표기 감지, 배송비 포함 여부 미확정",estimated,yes,no,워큐리성 1장 장당 2
d6c6abc884340f15e8b7a76e,onepiececardgame,원피스 카드게임,2026-07,2026-07-28T20:10:57+09:00,known,455a2db0e62bc47e1e6cce68,d6c6abc884340f15e8b7a76e,104194,https://m.dcinside.com/board/onepiececardgame/104194,"오로성,마즈, 워큐리, 피터성 페레 구합니다",seller-a4094073dd84456f660f429f,유동닉,guest,일괄시,일괄시,일괄시,,,unknown,미분류,3,10,100000,estimated,bundle,text,unknown,,active,excluded,needs_review,"가격 단위 추정, 수량 표기 감지, 일괄·세트 가격, 배송비 포함 여부 미확정, 묶음·세트 총액 · 개별 카드 가격 아님, 스크립트·광고 문구로 추정되는 오염 행",estimated,no,no,3장 일괄시 10에 구합니다
e5e40db8c0491c7a409618e9,onepiececardgame,원피스 카드게임,2026-07,2026-07-28T20:10:57+09:00,known,455a2db0e62bc47e1e6cce68,e5e40db8c0491c7a409618e9,104194,https://m.dcinside.com/board/onepiececardgame/104194,"오로성,마즈, 워큐리, 피터성 페레 구합니다",seller-a4094073dd84456f660f429f,유동닉,guest,시,시,시,,,unknown,미분류,4,9,90000,estimated,bundle,text,unknown,,active,needs_review,needs_review,"가격 단위 추정, 수량 표기 감지, 일괄·세트 가격, 배송비 포함 여부 미확정, 카드명 확인 필요, 묶음·세트 총액 · 개별 카드 가격 아님",estimated,no,no,4장 일괄 시 9에 구합니다
7d157424bad4e3e373299ff3,onepiececardgame,원피스 카드게임,2026-07,2026-07-28T21:37:20+09:00,known,cc12be485525ee4e4577aac3,7d157424bad4e3e373299ff3,104207,https://m.dcinside.com/board/onepiececardgame/104207,베이비 5 4장 삽니다,seller-a291629203ef0328804deaa6,미라클캣,guest,베이비,베이비,베이비 5,,,unknown,미분류,4,2.0,20000,estimated,bundle,text,unknown,,active,needs_review,needs_review,"가격 단위 추정, 수량 표기 감지, 일괄·세트 가격, 배송비 포함 여부 미확정, 묶음·세트 총액 · 개별 카드 가격 아님",estimated,no,no,베이비 5 4장 일괄 2.0 구해봅니다
d1723a27dc433a88a529d691,onepiececardgame,원피스 카드게임,2026-07,2026-07-28T21:37:20+09:00,known,b9f8a71d45ba55bd49754616,d1723a27dc433a88a529d691,104207,https://m.dcinside.com/board/onepiececardgame/104207,베이비 5 4장 삽니다,seller-95087410a9890e895bd860aa,미라클캣,guest,베이비,베이비,베이비 5,,,unknown,미분류,4,2.0,20000,estimated,bundle,text,unknown,,active,needs_review,needs_review,"가격 단위 추정, 수량 표기 감지, 일괄·세트 가격, 배송비 포함 여부 미확정, 묶음·세트 총액 · 개별 카드 가격 아님",estimated,no,no,베이비 5 4장 일괄 2.0 구해봅니다
eb8cc7d68ca94005ec519090,onepiececardgame,원피스 카드게임,2026-07,2026-07-28T21:37:20+09:00,known,fc6fe7db289d160ff8daadf9,eb8cc7d68ca94005ec519090,104207,https://m.dcinside.com/board/onepiececardgame/104207,베이비 5 4장 삽니다,seller-5231145569adb7a5f0e4294d,미라클캣,guest,베이비,베이비,베이비 5,,,unknown,미분류,4,2.0,20000,estimated,bundle,text,unknown,,active,needs_review,needs_review,"가격 단위 추정, 수량 표기 감지, 일괄·세트 가격, 배송비 포함 여부 미확정, 묶음·세트 총액 · 개별 카드 가격 아님",estimated,no,no,베이비 5 4장 일괄 2.0 구해봅니다
18c9067a415b37ec5c04f8be,onepiececardgame,원피스 카드게임,2026-07,2026-07-28T22:25:58+09:00,known,c35eb09535db2a4b86534227,18c9067a415b37ec5c04f8be,104211,https://m.dcinside.com/board/onepiececardgame/104211,코비 리페 및 녹소스 삽니다,seller-d8f454c33576d9e2997db621,전역함,registered,적흑 코비 리페,적흑 코비 리페,적흑 코비 리페,,,unknown,미분류,1,1.3,13000,estimated,per_card,text,unknown,,active,needs_review,needs_review,"가격 단위 추정, 배송비 포함 여부 미확정",estimated,yes,no,적흑 코비 리페 1.3
28ab9c5c2b23899db69c203d,onepiececardgame,원피스 카드게임,2026-07,2026-07-28T22:25:58+09:00,known,dcc73a29c94631702f078a1b,28ab9c5c2b23899db69c203d,104211,https://m.dcinside.com/board/onepiececardgame/104211,코비 리페 및 녹소스 삽니다,seller-d8f454c33576d9e2997db621,전역함,registered,PRB 4조로 2000카,PRB 4조로 2000카,PRB 4조로(2000카),,,unknown,미분류,4,1.0,10000,estimated,bundle,text,unknown,,active,needs_review,needs_review,"가격 단위 추정, 수량 표기 감지, 일괄·세트 가격, 배송비 포함 여부 미확정, 묶음·세트 총액 · 개별 카드 가격 아님",estimated,no,no,PRB 4조로(2000카) 4장 일괄 1.0
88a48a400c73d5507b7dee00,onepiececardgame,원피스 카드게임,2026-07,2026-07-28T22:25:58+09:00,known,9f694092e2635d0842b25d16,88a48a400c73d5507b7dee00,104211,https://m.dcinside.com/board/onepiececardgame/104211,코비 리페 및 녹소스 삽니다,seller-d8f454c33576d9e2997db621,전역함,registered,PRB 4조로 2000카,PRB 4조로 2000카,PRB 4조로(2000카),,,unknown,미분류,4,1.0,10000,estimated,bundle,text,unknown,,active,needs_review,needs_review,"가격 단위 추정, 수량 표기 감지, 일괄·세트 가격, 배송비 포함 여부 미확정, 묶음·세트 총액 · 개별 카드 가격 아님",estimated,no,no,PRB 4조로(2000카) 4장 일괄 1.0
c16ca021f0732ae46b4e1ed3,onepiececardgame,원피스 카드게임,2026-07,2026-07-28T22:25:58+09:00,known,c35eb09535db2a4b86534227,c16ca021f0732ae46b4e1ed3,104211,https://m.dcinside.com/board/onepiececardgame/104211,코비 리페 및 녹소스 삽니다,seller-d8f454c33576d9e2997db621,전역함,registered,PRB 4조로 2000카,PRB 4조로 2000카,PRB 4조로(2000카),,,unknown,미분류,4,1.0,10000,estimated,bundle,text,unknown,,active,needs_review,needs_review,"가격 단위 추정, 수량 표기 감지, 일괄·세트 가격, 배송비 포함 여부 미확정, 묶음·세트 총액 · 개별 카드 가격 아님",estimated,no,no,PRB 4조로(2000카) 4장 일괄 1.0
cd8f804b2dca6990cef16a3e,onepiececardgame,원피스 카드게임,2026-07,2026-07-28T22:25:58+09:00,known,dcc73a29c94631702f078a1b,cd8f804b2dca6990cef16a3e,104211,https://m.dcinside.com/board/onepiececardgame/104211,코비 리페 및 녹소스 삽니다,seller-d8f454c33576d9e2997db621,전역함,registered,적흑 코비 리페,적흑 코비 리페,적흑 코비 리페,,,unknown,미분류,1,1.3,13000,estimated,per_card,text,unknown,,active,needs_review,needs_review,"가격 단위 추정, 배송비 포함 여부 미확정",estimated,yes,no,적흑 코비 리페 1.3
fd89e596aefbde36dbfa8a2f,onepiececardgame,원피스 카드게임,2026-07,2026-07-28T22:25:58+09:00,known,9f694092e2635d0842b25d16,fd89e596aefbde36dbfa8a2f,104211,https://m.dcinside.com/board/onepiececardgame/104211,코비 리페 및 녹소스 삽니다,seller-d8f454c33576d9e2997db621,전역함,registered,적흑 코비 리페,적흑 코비 리페,적흑 코비 리페,,,unknown,미분류,1,1.3,13000,estimated,per_card,text,unknown,,active,needs_review,needs_review,"가격 단위 추정, 배송비 포함 여부 미확정",estimated,yes,no,적흑 코비 리페 1.3
0cdf8021f934f13f0cd1154f,onepiececardgame,원피스 카드게임,2026-07,2026-07-28T22:35:09+09:00,known,9c7d1643033884769686bd7c,0cdf8021f934f13f0cd1154f,104214,https://m.dcinside.com/board/onepiececardgame/104214,이무덱소스 구합니다 (수요일 송내직 가능),seller-ca8b82549735de6fad50dc07,ㅇㅇ,guest,10로성,10로성,10로성,,,unknown,미분류,1,,,missing,unknown,unknown,unknown,,active,needs_review,needs_review,수량 표기 감지 · 가격 미기재,missing,no,no,10로성 1
1c22cd957e1a56bc486bb721,onepiececardgame,원피스 카드게임,2026-07,2026-07-28T22:35:09+09:00,known,56dc42650549e9747bca0b01,1c22cd957e1a56bc486bb721,104214,https://m.dcinside.com/board/onepiececardgame/104214,이무덱소스 구합니다 (수요일 송내직 가능),seller-26da04380b1ed6897ef117b8,ㅇㅇ,guest,영락없이,영락없이,영락없이,,,unknown,미분류,3,,,missing,unknown,unknown,unknown,,active,needs_review,needs_review,수량 표기 감지 · 가격 미기재,missing,no,no,영락없이 3
1e39a8c7a8c1299ceb84e995,onepiececardgame,원피스 카드게임,2026-07,2026-07-28T22:35:09+09:00,known,573e39b355503a5232a5b609,1e39a8c7a8c1299ceb84e995,104214,https://m.dcinside.com/board/onepiececardgame/104214,이무덱소스 구합니다 (수요일 송내직 가능),seller-cfb1937755b6f4f58c59598e,ㅇㅇ,guest,마리조아,마리조아,마리조아,,,unknown,미분류,1,,,missing,unknown,unknown,unknown,,active,needs_review,needs_review,수량 표기 감지 · 가격 미기재,missing,no,no,마리조아 1
301666ab003e4953db590d2f,onepiececardgame,원피스 카드게임,2026-07,2026-07-28T22:35:09+09:00,known,56dc42650549e9747bca0b01,301666ab003e4953db590d2f,104214,https://m.dcinside.com/board/onepiececardgame/104214,이무덱소스 구합니다 (수요일 송내직 가능),seller-26da04380b1ed6897ef117b8,ㅇㅇ,guest,시라호시,시라호시,시라호시,,,unknown,미분류,4,,,missing,unknown,unknown,unknown,,active,needs_review,needs_review,수량 표기 감지 · 가격 미기재,missing,no,no,시라호시 4
345f2d1dd541e37ac0a54fd7,onepiececardgame,원피스 카드게임,2026-07,2026-07-28T22:35:09+09:00,known,9c7d1643033884769686bd7c,345f2d1dd541e37ac0a54fd7,104214,https://m.dcinside.com/board/onepiececardgame/104214,이무덱소스 구합니다 (수요일 송내직 가능),seller-ca8b82549735de6fad50dc07,ㅇㅇ,guest,영락없이,영락없이,영락없이,,,unknown,미분류,3,,,missing,unknown,unknown,unknown,,active,needs_review,needs_review,수량 표기 감지 · 가격 미기재,missing,no,no,영락없이 3
35f46dac36bdbbebfb72a05a,onepiececardgame,원피스 카드게임,2026-07,2026-07-28T22:35:09+09:00,known,56dc42650549e9747bca0b01,35f46dac36bdbbebfb72a05a,104214,https://m.dcinside.com/board/onepiececardgame/104214,이무덱소스 구합니다 (수요일 송내직 가능),seller-26da04380b1ed6897ef117b8,ㅇㅇ,guest,마리조아,마리조아,마리조아,,,unknown,미분류,1,,,missing,unknown,unknown,unknown,,active,needs_review,needs_review,수량 표기 감지 · 가격 미기재,missing,no,no,마리조아 1
3b4df1396ec55457f3104927,onepiececardgame,원피스 카드게임,2026-07,2026-07-28T22:35:09+09:00,known,573e39b355503a5232a5b609,3b4df1396ec55457f3104927,104214,https://m.dcinside.com/board/onepiececardgame/104214,이무덱소스 구합니다 (수요일 송내직 가능),seller-cfb1937755b6f4f58c59598e,ㅇㅇ,guest,,,,,,unknown,미분류,1,2.4,24000,estimated,bundle,text,unknown,,active,needs_review,needs_review,"가격 단위 추정, 일괄·세트 가격, 배송비 포함 여부 미확정, 카드명 확인 필요, 묶음·세트 총액 · 개별 카드 가격 아님",estimated,no,no,일괄 2.4에 삽니다
4ca82139dc92bd03a204fc13,onepiececardgame,원피스 카드게임,2026-07,2026-07-28T22:35:09+09:00,known,573e39b355503a5232a5b609,4ca82139dc92bd03a204fc13,104214,https://m.dcinside.com/board/onepiececardgame/104214,이무덱소스 구합니다 (수요일 송내직 가능),seller-cfb1937755b6f4f58c59598e,ㅇㅇ,guest,시라호시,시라호시,시라호시,,,unknown,미분류,4,,,missing,unknown,unknown,unknown,,active,needs_review,needs_review,수량 표기 감지 · 가격 미기재,missing,no,no,시라호시 4
5209a32a2a1321111f35247f,onepiececardgame,원피스 카드게임,2026-07,2026-07-28T22:35:09+09:00,known,573e39b355503a5232a5b609,5209a32a2a1321111f35247f,104214,https://m.dcinside.com/board/onepiececardgame/104214,이무덱소스 구합니다 (수요일 송내직 가능),seller-cfb1937755b6f4f58c59598e,ㅇㅇ,guest,영락없이,영락없이,영락없이,,,unknown,미분류,3,,,missing,unknown,unknown,unknown,,active,needs_review,needs_review,수량 표기 감지 · 가격 미기재,missing,no,no,영락없이 3
7b1823bbb733df8190b811a7,onepiececardgame,원피스 카드게임,2026-07,2026-07-28T22:35:09+09:00,known,9c7d1643033884769686bd7c,7b1823bbb733df8190b811a7,104214,https://m.dcinside.com/board/onepiececardgame/104214,이무덱소스 구합니다 (수요일 송내직 가능),seller-ca8b82549735de6fad50dc07,ㅇㅇ,guest,마리조아,마리조아,마리조아,,,unknown,미분류,1,,,missing,unknown,unknown,unknown,,active,needs_review,needs_review,수량 표기 감지 · 가격 미기재,missing,no,no,마리조아 1
8a284f4effd3f248ec3f0aab,onepiececardgame,원피스 카드게임,2026-07,2026-07-28T22:35:09+09:00,known,573e39b355503a5232a5b609,8a284f4effd3f248ec3f0aab,104214,https://m.dcinside.com/board/onepiececardgame/104214,이무덱소스 구합니다 (수요일 송내직 가능),seller-cfb1937755b6f4f58c59598e,ㅇㅇ,guest,10로성,10로성,10로성,,,unknown,미분류,1,,,missing,unknown,unknown,unknown,,active,needs_review,needs_review,수량 표기 감지 · 가격 미기재,missing,no,no,10로성 1
8a62f06fe56b9172633a3b91,onepiececardgame,원피스 카드게임,2026-07,2026-07-28T22:35:09+09:00,known,56dc42650549e9747bca0b01,8a62f06fe56b9172633a3b91,104214,https://m.dcinside.com/board/onepiececardgame/104214,이무덱소스 구합니다 (수요일 송내직 가능),seller-26da04380b1ed6897ef117b8,ㅇㅇ,guest,,,,,,unknown,미분류,1,2.4,24000,estimated,bundle,text,unknown,,active,needs_review,needs_review,"가격 단위 추정, 일괄·세트 가격, 배송비 포함 여부 미확정, 카드명 확인 필요, 묶음·세트 총액 · 개별 카드 가격 아님",estimated,no,no,일괄 2.4에 삽니다
92986591c58d5e9839c79ebb,onepiececardgame,원피스 카드게임,2026-07,2026-07-28T22:35:09+09:00,known,56dc42650549e9747bca0b01,92986591c58d5e9839c79ebb,104214,https://m.dcinside.com/board/onepiececardgame/104214,이무덱소스 구합니다 (수요일 송내직 가능),seller-26da04380b1ed6897ef117b8,ㅇㅇ,guest,10로성,10로성,10로성,,,unknown,미분류,1,,,missing,unknown,unknown,unknown,,active,needs_review,needs_review,수량 표기 감지 · 가격 미기재,missing,no,no,10로성 1
bd7726384bc6654cf899aaca,onepiececardgame,원피스 카드게임,2026-07,2026-07-28T22:35:09+09:00,known,9c7d1643033884769686bd7c,bd7726384bc6654cf899aaca,104214,https://m.dcinside.com/board/onepiececardgame/104214,이무덱소스 구합니다 (수요일 송내직 가능),seller-ca8b82549735de6fad50dc07,ㅇㅇ,guest,시라호시,시라호시,시라호시,,,unknown,미분류,4,,,missing,unknown,unknown,unknown,,active,needs_review,needs_review,수량 표기 감지 · 가격 미기재,missing,no,no,시라호시 4
beca4efaac70d67690e0450c,onepiececardgame,원피스 카드게임,2026-07,2026-07-28T22:35:09+09:00,known,9c7d1643033884769686bd7c,beca4efaac70d67690e0450c,104214,https://m.dcinside.com/board/onepiececardgame/104214,이무덱소스 구합니다 (수요일 송내직 가능),seller-ca8b82549735de6fad50dc07,ㅇㅇ,guest,,,,,,unknown,미분류,1,2.4,24000,estimated,bundle,text,unknown,,active,needs_review,needs_review,"가격 단위 추정, 일괄·세트 가격, 배송비 포함 여부 미확정, 카드명 확인 필요, 묶음·세트 총액 · 개별 카드 가격 아님",estimated,no,no,일괄 2.4에 삽니다
060c4b007172843cbcc73274,onepiececardgame,원피스 카드게임,2026-07,2026-07-29T00:26:37+09:00,known,2f87f4f5b6f3532feaf5e916,060c4b007172843cbcc73274,104240,https://m.dcinside.com/board/onepiececardgame/104240,"3코 보니 페레, 릴리스 페레 삽니다.",seller-79fb7c839b595b36f971aa94,준마,registered,loadScript 'https pagead,loadScript 'https pagead,loadScript('https://pagead,,,unknown,미분류,1,,,missing,unknown,unknown,unknown,,active,excluded,needs_review,"가격 후보 재검토 필요, 가격 미기재, 스크립트·광고 문구로 추정되는 오염 행",missing,no,no,"loadScript('https://pagead2.googlesyndication.com/pagead/js/adsbygoogle_direct.js?client=ca-pub-8171468792791627', true, 'anonymous');"
07cde1033154ed3b3aebf285,onepiececardgame,원피스 카드게임,2026-07,2026-07-29T00:26:37+09:00,known,2f87f4f5b6f3532feaf5e916,07cde1033154ed3b3aebf285,104240,https://m.dcinside.com/board/onepiececardgame/104240,"3코 보니 페레, 릴리스 페레 삽니다.",seller-79fb7c839b595b36f971aa94,준마,registered,var safe = window.dcAd && window.dcAd.safe ==,var safe = window.dcAd && window.dcAd.safe ==,var safe = (window.dcAd && window.dcAd.safe ==,,,unknown,미분류,1,1,10000,estimated,bundle,text,unknown,,active,excluded,needs_review,"가격 단위 추정, 복수 카드 가격, 배송비 포함 여부 미확정, 묶음·세트 총액 · 개별 카드 가격 아님, 스크립트·광고 문구로 추정되는 오염 행",estimated,no,no,var safe = (window.dcAd && window.dcAd.safe == 1)
1fa044869e726846c9ef7964,onepiececardgame,원피스 카드게임,2026-07,2026-07-29T00:26:37+09:00,known,5c386dcfb278ee43aa1ecea4,1fa044869e726846c9ef7964,104240,https://m.dcinside.com/board/onepiececardgame/104240,"3코 보니 페레, 릴리스 페레 삽니다.",seller-79fb7c839b595b36f971aa94,준마,registered,var safe = window.dcAd && window.dcAd.safe ==,var safe = window.dcAd && window.dcAd.safe ==,var safe = (window.dcAd && window.dcAd.safe ==,,,unknown,미분류,1,1,10000,estimated,bundle,text,unknown,,active,excluded,needs_review,"가격 단위 추정, 복수 카드 가격, 배송비 포함 여부 미확정, 묶음·세트 총액 · 개별 카드 가격 아님, 스크립트·광고 문구로 추정되는 오염 행",estimated,no,no,var safe = (window.dcAd && window.dcAd.safe == 1)
2ec08a1497d08fef5568f40c,onepiececardgame,원피스 카드게임,2026-07,2026-07-29T00:26:37+09:00,known,5c386dcfb278ee43aa1ecea4,2ec08a1497d08fef5568f40c,104240,https://m.dcinside.com/board/onepiececardgame/104240,"3코 보니 페레, 릴리스 페레 삽니다.",seller-79fb7c839b595b36f971aa94,준마,registered,loadScript 'https pagead,loadScript 'https pagead,loadScript('https://pagead,,,unknown,미분류,1,,,missing,unknown,unknown,unknown,,active,excluded,needs_review,"가격 후보 재검토 필요, 가격 미기재, 스크립트·광고 문구로 추정되는 오염 행",missing,no,no,"loadScript('https://pagead2.googlesyndication.com/pagead/js/adsbygoogle_direct.js?client=ca-pub-8171468792791627', true, 'anonymous');"
5672e2aa13c8f0a89efd83c6,onepiececardgame,원피스 카드게임,2026-07,2026-07-29T00:26:37+09:00,known,ced98233f12be1571c469d44,5672e2aa13c8f0a89efd83c6,104240,https://m.dcinside.com/board/onepiececardgame/104240,"3코 보니 페레, 릴리스 페레 삽니다.",seller-79fb7c839b595b36f971aa94,준마,registered,DOM 삽입 헬퍼 현재 스크립트 위치 기준,DOM 삽입 헬퍼 현재 스크립트 위치 기준,// ---- DOM 삽입 헬퍼 (현재 스크립트 위치 기준,,,unknown,미분류,1,,,missing,unknown,unknown,unknown,,active,excluded,needs_review,"가격 후보 재검토 필요, 가격 미기재, 스크립트·광고 문구로 추정되는 오염 행",missing,no,no,// ---- DOM 삽입 헬퍼 (현재 스크립트 위치 기준1)
594950dee6c25092521bfe7f,onepiececardgame,원피스 카드게임,2026-07,2026-07-29T00:26:37+09:00,known,2f87f4f5b6f3532feaf5e916,594950dee6c25092521bfe7f,104240,https://m.dcinside.com/board/onepiececardgame/104240,"3코 보니 페레, 릴리스 페레 삽니다.",seller-79fb7c839b595b36f971aa94,준마,registered,loadScript ' t,loadScript ' t,loadScript('//t,,,unknown,미분류,1,,,missing,unknown,unknown,unknown,,active,excluded,needs_review,"가격 후보 재검토 필요, 가격 미기재, 스크립트·광고 문구로 추정되는 오염 행",missing,no,no,"loadScript('//t1.kakaocdn.net/kas/static/ba.min.js', true);"
66450282ed0ea42827c7d995,onepiececardgame,원피스 카드게임,2026-07,2026-07-29T00:26:37+09:00,known,5c386dcfb278ee43aa1ecea4,66450282ed0ea42827c7d995,104240,https://m.dcinside.com/board/onepiececardgame/104240,"3코 보니 페레, 릴리스 페레 삽니다.",seller-79fb7c839b595b36f971aa94,준마,registered,,,,,,unknown,미분류,4,3.5,35000,estimated,bundle,text,unknown,,active,needs_review,needs_review,"가격 단위 추정, 수량 표기 감지, 일괄·세트 가격, 배송비 포함 여부 미확정, 카드명 확인 필요, 묶음·세트 총액 · 개별 카드 가격 아님",estimated,no,no,4장 일괄 3.5 구매
77fdb011bec18d02ec0a4839,onepiececardgame,원피스 카드게임,2026-07,2026-07-29T00:26:37+09:00,known,ced98233f12be1571c469d44,77fdb011bec18d02ec0a4839,104240,https://m.dcinside.com/board/onepiececardgame/104240,"3코 보니 페레, 릴리스 페레 삽니다.",seller-79fb7c839b595b36f971aa94,준마,registered,,장당,장당,,,unknown,미분류,1,1.0,10000,estimated,per_card,text,unknown,,active,excluded,needs_review,"가격 단위 추정, 배송비 포함 여부 미확정, 스크립트·광고 문구로 추정되는 오염 행",estimated,yes,no,장당 1.0 에 삽니다
81ae4076dcdd390854d46366,onepiececardgame,원피스 카드게임,2026-07,2026-07-29T00:26:37+09:00,known,ced98233f12be1571c469d44,81ae4076dcdd390854d46366,104240,https://m.dcinside.com/board/onepiececardgame/104240,"3코 보니 페레, 릴리스 페레 삽니다.",seller-79fb7c839b595b36f971aa94,준마,registered,loadScript ' t,loadScript ' t,loadScript('//t,,,unknown,미분류,1,,,missing,unknown,unknown,unknown,,active,excluded,needs_review,"가격 후보 재검토 필요, 가격 미기재, 스크립트·광고 문구로 추정되는 오염 행",missing,no,no,"loadScript('//t1.kakaocdn.net/kas/static/ba.min.js', true);"
92cdfe3b38e55cb4daefbea3,onepiececardgame,원피스 카드게임,2026-07,2026-07-29T00:26:37+09:00,known,ced98233f12be1571c469d44,92cdfe3b38e55cb4daefbea3,104240,https://m.dcinside.com/board/onepiececardgame/104240,"3코 보니 페레, 릴리스 페레 삽니다.",seller-79fb7c839b595b36f971aa94,준마,registered,,,,,,unknown,미분류,4,3.5,35000,estimated,bundle,text,unknown,,active,needs_review,needs_review,"가격 단위 추정, 수량 표기 감지, 일괄·세트 가격, 배송비 포함 여부 미확정, 카드명 확인 필요, 묶음·세트 총액 · 개별 카드 가격 아님",estimated,no,no,4장 일괄 3.5 구매
9d2751671afcf8bc3ae45472,onepiececardgame,원피스 카드게임,2026-07,2026-07-29T00:26:37+09:00,known,5c386dcfb278ee43aa1ecea4,9d2751671afcf8bc3ae45472,104240,https://m.dcinside.com/board/onepiececardgame/104240,"3코 보니 페레, 릴리스 페레 삽니다.",seller-79fb7c839b595b36f971aa94,준마,registered,loadScript ' t,loadScript ' t,loadScript('//t,,,unknown,미분류,1,,,missing,unknown,unknown,unknown,,active,excluded,needs_review,"가격 후보 재검토 필요, 가격 미기재, 스크립트·광고 문구로 추정되는 오염 행",missing,no,no,"loadScript('//t1.kakaocdn.net/kas/static/ba.min.js', true);"
b815e650c8d9e089c0b7ea18,onepiececardgame,원피스 카드게임,2026-07,2026-07-29T00:26:37+09:00,known,5c386dcfb278ee43aa1ecea4,b815e650c8d9e089c0b7ea18,104240,https://m.dcinside.com/board/onepiececardgame/104240,"3코 보니 페레, 릴리스 페레 삽니다.",seller-79fb7c839b595b36f971aa94,준마,registered,DOM 삽입 헬퍼 현재 스크립트 위치 기준,DOM 삽입 헬퍼 현재 스크립트 위치 기준,// ---- DOM 삽입 헬퍼 (현재 스크립트 위치 기준,,,unknown,미분류,1,,,missing,unknown,unknown,unknown,,active,excluded,needs_review,"가격 후보 재검토 필요, 가격 미기재, 스크립트·광고 문구로 추정되는 오염 행",missing,no,no,// ---- DOM 삽입 헬퍼 (현재 스크립트 위치 기준1)
ce32bf0f54d92742f22757c4,onepiececardgame,원피스 카드게임,2026-07,2026-07-29T00:26:37+09:00,known,2f87f4f5b6f3532feaf5e916,ce32bf0f54d92742f22757c4,104240,https://m.dcinside.com/board/onepiececardgame/104240,"3코 보니 페레, 릴리스 페레 삽니다.",seller-79fb7c839b595b36f971aa94,준마,registered,,장당,장당,,,unknown,미분류,1,1.0,10000,estimated,per_card,text,unknown,,active,excluded,needs_review,"가격 단위 추정, 배송비 포함 여부 미확정, 스크립트·광고 문구로 추정되는 오염 행",estimated,yes,no,장당 1.0 에 삽니다
d587c8ff40aa960909864226,onepiececardgame,원피스 카드게임,2026-07,2026-07-29T00:26:37+09:00,known,5c386dcfb278ee43aa1ecea4,d587c8ff40aa960909864226,104240,https://m.dcinside.com/board/onepiececardgame/104240,"3코 보니 페레, 릴리스 페레 삽니다.",seller-79fb7c839b595b36f971aa94,준마,registered,,장당,장당,,,unknown,미분류,1,1.0,10000,estimated,per_card,text,unknown,,active,excluded,needs_review,"가격 단위 추정, 배송비 포함 여부 미확정, 스크립트·광고 문구로 추정되는 오염 행",estimated,yes,no,장당 1.0 에 삽니다
e3f089a218ed95fb6108354b,onepiececardgame,원피스 카드게임,2026-07,2026-07-29T00:26:37+09:00,known,2f87f4f5b6f3532feaf5e916,e3f089a218ed95fb6108354b,104240,https://m.dcinside.com/board/onepiececardgame/104240,"3코 보니 페레, 릴리스 페레 삽니다.",seller-79fb7c839b595b36f971aa94,준마,registered,,,,,,unknown,미분류,4,3.5,35000,estimated,bundle,text,unknown,,active,needs_review,needs_review,"가격 단위 추정, 수량 표기 감지, 일괄·세트 가격, 배송비 포함 여부 미확정, 카드명 확인 필요, 묶음·세트 총액 · 개별 카드 가격 아님",estimated,no,no,4장 일괄 3.5 구매
f3cd619a841c7ce12f67cb40,onepiececardgame,원피스 카드게임,2026-07,2026-07-29T00:26:37+09:00,known,ced98233f12be1571c469d44,f3cd619a841c7ce12f67cb40,104240,https://m.dcinside.com/board/onepiececardgame/104240,"3코 보니 페레, 릴리스 페레 삽니다.",seller-79fb7c839b595b36f971aa94,준마,registered,loadScript 'https pagead,loadScript 'https pagead,loadScript('https://pagead,,,unknown,미분류,1,,,missing,unknown,unknown,unknown,,active,excluded,needs_review,"가격 후보 재검토 필요, 가격 미기재, 스크립트·광고 문구로 추정되는 오염 행",missing,no,no,"loadScript('https://pagead2.googlesyndication.com/pagead/js/adsbygoogle_direct.js?client=ca-pub-8171468792791627', true, 'anonymous');"
f572e3fb0d9a944aeb626eed,onepiececardgame,원피스 카드게임,2026-07,2026-07-29T00:26:37+09:00,known,ced98233f12be1571c469d44,f572e3fb0d9a944aeb626eed,104240,https://m.dcinside.com/board/onepiececardgame/104240,"3코 보니 페레, 릴리스 페레 삽니다.",seller-79fb7c839b595b36f971aa94,준마,registered,var safe = window.dcAd && window.dcAd.safe ==,var safe = window.dcAd && window.dcAd.safe ==,var safe = (window.dcAd && window.dcAd.safe ==,,,unknown,미분류,1,1,10000,estimated,bundle,text,unknown,,active,excluded,needs_review,"가격 단위 추정, 복수 카드 가격, 배송비 포함 여부 미확정, 묶음·세트 총액 · 개별 카드 가격 아님, 스크립트·광고 문구로 추정되는 오염 행",estimated,no,no,var safe = (window.dcAd && window.dcAd.safe == 1)
ff4257179acd2d8d07198351,onepiececardgame,원피스 카드게임,2026-07,2026-07-29T00:26:37+09:00,known,2f87f4f5b6f3532feaf5e916,ff4257179acd2d8d07198351,104240,https://m.dcinside.com/board/onepiececardgame/104240,"3코 보니 페레, 릴리스 페레 삽니다.",seller-79fb7c839b595b36f971aa94,준마,registered,DOM 삽입 헬퍼 현재 스크립트 위치 기준,DOM 삽입 헬퍼 현재 스크립트 위치 기준,// ---- DOM 삽입 헬퍼 (현재 스크립트 위치 기준,,,unknown,미분류,1,,,missing,unknown,unknown,unknown,,active,excluded,needs_review,"가격 후보 재검토 필요, 가격 미기재, 스크립트·광고 문구로 추정되는 오염 행",missing,no,no,// ---- DOM 삽입 헬퍼 (현재 스크립트 위치 기준1)
48d99ef57c42c672c9e78ca1,onepiececardgame,원피스 카드게임,2026-07,2026-07-29T03:21:05+09:00,known,f4d540622831a1d9b0e8df72,48d99ef57c42c672c9e78ca1,104251,https://m.dcinside.com/board/onepiececardgame/104251,뵈프 버스트 이벤트 페레 구매합니다,seller-d1a48c1dac4627b6c33f2483,NaTTuRu,registered,일괄시,일괄시,일괄시,,,unknown,미분류,3,26,260000,estimated,bundle,text,unknown,,active,excluded,needs_review,"수량 표기 감지, 일괄·세트 가격, 배송비 포함 여부 미확정, 묶음·세트 총액 · 개별 카드 가격 아님, 스크립트·광고 문구로 추정되는 오염 행",estimated,no,no,3장 일괄시 26만원에 구매하도록 하겠습니다
94d310cb3f47c967db583f93,onepiececardgame,원피스 카드게임,2026-07,2026-07-29T03:21:05+09:00,known,1705df62a6c5a4f412ae535d,94d310cb3f47c967db583f93,104251,https://m.dcinside.com/board/onepiececardgame/104251,뵈프 버스트 이벤트 페레 구매합니다,seller-d1a48c1dac4627b6c33f2483,NaTTuRu,registered,까지,까지,까지 장당,,,unknown,미분류,3,8,80000,estimated,per_card,text,unknown,,active,needs_review,needs_review,"수량 표기 감지, 배송비 포함 여부 미확정",estimated,yes,no,3장까지 장당 8만원
969f90f568009e4da19b609b,onepiececardgame,원피스 카드게임,2026-07,2026-07-29T03:21:05+09:00,known,2ce823a939454cf3942176d8,969f90f568009e4da19b609b,104251,https://m.dcinside.com/board/onepiececardgame/104251,뵈프 버스트 이벤트 페레 구매합니다,seller-d1a48c1dac4627b6c33f2483,NaTTuRu,registered,까지,까지,까지 장당,,,unknown,미분류,3,8,80000,estimated,per_card,text,unknown,,active,needs_review,needs_review,"수량 표기 감지, 배송비 포함 여부 미확정",estimated,yes,no,3장까지 장당 8만원
b588cb1b0d9b7b8fc253dd9f,onepiececardgame,원피스 카드게임,2026-07,2026-07-29T03:21:05+09:00,known,f4d540622831a1d9b0e8df72,b588cb1b0d9b7b8fc253dd9f,104251,https://m.dcinside.com/board/onepiececardgame/104251,뵈프 버스트 이벤트 페레 구매합니다,seller-d1a48c1dac4627b6c33f2483,NaTTuRu,registered,까지,까지,까지 장당,,,unknown,미분류,3,8,80000,estimated,per_card,text,unknown,,active,needs_review,needs_review,"수량 표기 감지, 배송비 포함 여부 미확정",estimated,yes,no,3장까지 장당 8만원
ba632d12aa7b7d13dfeaba6d,onepiececardgame,원피스 카드게임,2026-07,2026-07-29T03:21:05+09:00,known,2ce823a939454cf3942176d8,ba632d12aa7b7d13dfeaba6d,104251,https://m.dcinside.com/board/onepiececardgame/104251,뵈프 버스트 이벤트 페레 구매합니다,seller-d1a48c1dac4627b6c33f2483,NaTTuRu,registered,일괄시,일괄시,일괄시,,,unknown,미분류,3,26,260000,estimated,bundle,text,unknown,,active,excluded,needs_review,"수량 표기 감지, 일괄·세트 가격, 배송비 포함 여부 미확정, 묶음·세트 총액 · 개별 카드 가격 아님, 스크립트·광고 문구로 추정되는 오염 행",estimated,no,no,3장 일괄시 26만원에 구매하도록 하겠습니다
cec15992e2b62152393b52c4,onepiececardgame,원피스 카드게임,2026-07,2026-07-29T03:21:05+09:00,known,1705df62a6c5a4f412ae535d,cec15992e2b62152393b52c4,104251,https://m.dcinside.com/board/onepiececardgame/104251,뵈프 버스트 이벤트 페레 구매합니다,seller-d1a48c1dac4627b6c33f2483,NaTTuRu,registered,일괄시,일괄시,일괄시,,,unknown,미분류,3,26,260000,estimated,bundle,text,unknown,,active,excluded,needs_review,"수량 표기 감지, 일괄·세트 가격, 배송비 포함 여부 미확정, 묶음·세트 총액 · 개별 카드 가격 아님, 스크립트·광고 문구로 추정되는 오염 행",estimated,no,no,3장 일괄시 26만원에 구매하도록 하겠습니다
2e96026bd707edbc20430932,onepiececardgame,원피스 카드게임,2026-07,2026-07-29T08:43:53+09:00,known,e48101ed7f538e242dd6548f,2e96026bd707edbc20430932,104265,https://m.dcinside.com/board/onepiececardgame/104265,아수라 4장 구해요 ㅠㅠ,seller-f251276c8beaeeada22988f4,구닌,registered,아수라,아수라,아수라,,,unknown,미분류,4,1.5,15000,estimated,bundle,text,unknown,,active,needs_review,needs_review,"가격 단위 추정, 수량 표기 감지, 일괄·세트 가격, 배송비 포함 여부 미확정, 묶음·세트 총액 · 개별 카드 가격 아님",estimated,no,no,아수라 4장 일괄 1.5 구해봅니다.. 제발..
5a10ca6958776959fb61f04e,onepiececardgame,원피스 카드게임,2026-07,2026-07-29T08:43:53+09:00,known,167a986a9035b22bc729b0fd,5a10ca6958776959fb61f04e,104265,https://m.dcinside.com/board/onepiececardgame/104265,아수라 4장 구해요 ㅠㅠ,seller-f251276c8beaeeada22988f4,구닌,registered,아수라,아수라,아수라,,,unknown,미분류,4,1.5,15000,estimated,bundle,text,unknown,,active,needs_review,needs_review,"가격 단위 추정, 수량 표기 감지, 일괄·세트 가격, 배송비 포함 여부 미확정, 묶음·세트 총액 · 개별 카드 가격 아님",estimated,no,no,아수라 4장 일괄 1.5 구해봅니다.. 제발..
8f3f5bdbe1ebc9b8a530f33d,onepiececardgame,원피스 카드게임,2026-07,2026-07-29T08:43:53+09:00,known,f1f4793daa039d79ea405df7,8f3f5bdbe1ebc9b8a530f33d,104265,https://m.dcinside.com/board/onepiececardgame/104265,아수라 4장 구해요 ㅠㅠ,seller-f251276c8beaeeada22988f4,구닌,registered,아수라,아수라,아수라,,,unknown,미분류,4,1.5,15000,estimated,bundle,text,unknown,,active,needs_review,needs_review,"가격 단위 추정, 수량 표기 감지, 일괄·세트 가격, 배송비 포함 여부 미확정, 묶음·세트 총액 · 개별 카드 가격 아님",estimated,no,no,아수라 4장 일괄 1.5 구해봅니다.. 제발..
603f29da97ca947f0ff17e87,onepiececardgame,원피스 카드게임,2026-07,2026-07-29T09:42:01+09:00,known,4a5442836d7db99f04d23103,603f29da97ca947f0ff17e87,104270,https://m.dcinside.com/board/onepiececardgame/104270,아수라 4장 구해요,seller-f251276c8beaeeada22988f4,구닌,registered,아수라,아수라,아수라,,,unknown,미분류,4,2.0,20000,estimated,bundle,text,unknown,,active,needs_review,needs_review,"가격 단위 추정, 수량 표기 감지, 일괄·세트 가격, 배송비 포함 여부 미확정, 묶음·세트 총액 · 개별 카드 가격 아님",estimated,no,no,아수라 4장 일괄 2.0으로 다시 구해봅니다
76b768b881f45af01ad03b7d,onepiececardgame,원피스 카드게임,2026-07,2026-07-29T09:42:01+09:00,known,6b29bf377562cf8c9e141a88,76b768b881f45af01ad03b7d,104270,https://m.dcinside.com/board/onepiececardgame/104270,아수라 4장 구해요,seller-f251276c8beaeeada22988f4,구닌,registered,아수라,아수라,아수라,,,unknown,미분류,4,2.0,20000,estimated,bundle,text,unknown,,active,needs_review,needs_review,"가격 단위 추정, 수량 표기 감지, 일괄·세트 가격, 배송비 포함 여부 미확정, 묶음·세트 총액 · 개별 카드 가격 아님",estimated,no,no,아수라 4장 일괄 2.0으로 다시 구해봅니다
e84e0746fd5c744d95283393,onepiececardgame,원피스 카드게임,2026-07,2026-07-29T09:42:01+09:00,known,2430cdeac7f12ff85cb9aaf9,e84e0746fd5c744d95283393,104270,https://m.dcinside.com/board/onepiececardgame/104270,아수라 4장 구해요,seller-f251276c8beaeeada22988f4,구닌,registered,아수라,아수라,아수라,,,unknown,미분류,4,2.0,20000,estimated,bundle,text,unknown,,active,needs_review,needs_review,"가격 단위 추정, 수량 표기 감지, 일괄·세트 가격, 배송비 포함 여부 미확정, 묶음·세트 총액 · 개별 카드 가격 아님",estimated,no,no,아수라 4장 일괄 2.0으로 다시 구해봅니다
1710cf292231b998d1b75da3,onepiececardgame,원피스 카드게임,2026-07,2026-07-29T09:43:49+09:00,known,676602162874af3b10b07eab,1710cf292231b998d1b75da3,104271,https://m.dcinside.com/board/onepiececardgame/104271,오로성SR 이무리페 삽니다,seller-2b460aee51219265ff966bd2,비광,registered,일괄시,일괄시,삽니다 일괄시,,,unknown,미분류,1,7.5,75000,estimated,bundle,text,unknown,,active,needs_review,needs_review,"가격 단위 추정, 일괄·세트 가격, 배송비 포함 여부 미확정, 묶음·세트 총액 · 개별 카드 가격 아님",estimated,no,no,삽니다 일괄시7.5
18bee33c1fa7bffd29ee7f6e,onepiececardgame,원피스 카드게임,2026-07,2026-07-29T09:43:49+09:00,known,1732ad698026f34cc502dca7,18bee33c1fa7bffd29ee7f6e,104271,https://m.dcinside.com/board/onepiececardgame/104271,오로성SR 이무리페 삽니다,seller-2b460aee51219265ff966bd2,비광,registered,일괄시,일괄시,삽니다 일괄시,,,unknown,미분류,1,7.5,75000,estimated,bundle,text,unknown,,active,needs_review,needs_review,"가격 단위 추정, 일괄·세트 가격, 배송비 포함 여부 미확정, 묶음·세트 총액 · 개별 카드 가격 아님",estimated,no,no,삽니다 일괄시7.5
2ad3584eefd64666454e5140,onepiececardgame,원피스 카드게임,2026-07,2026-07-29T09:43:49+09:00,known,5a7f42fabb74fdd33fbeafc2,2ad3584eefd64666454e5140,104271,https://m.dcinside.com/board/onepiececardgame/104271,오로성SR 이무리페 삽니다,seller-2b460aee51219265ff966bd2,비광,registered,일괄시,일괄시,삽니다 일괄시,,,unknown,미분류,1,7.5,75000,estimated,bundle,text,unknown,,active,needs_review,needs_review,"가격 단위 추정, 일괄·세트 가격, 배송비 포함 여부 미확정, 묶음·세트 총액 · 개별 카드 가격 아님",estimated,no,no,삽니다 일괄시7.5
5f0ddd8ad1e88899f2443623,onepiececardgame,원피스 카드게임,2026-07,2026-07-29T10:17:44+09:00,known,019428344bbb58178ef9a027,5f0ddd8ad1e88899f2443623,104273,https://m.dcinside.com/board/onepiececardgame/104273,청 캐번 페레 삽니다.,seller-3eab3cc1c89a4a60bb2abb05,7289,registered,,장당,장당,,,unknown,미분류,1,3.5,35000,estimated,per_card,text,unknown,,active,excluded,needs_review,"가격 단위 추정, 배송비 포함 여부 미확정, 스크립트·광고 문구로 추정되는 오염 행",estimated,yes,no,장당 3.5
981527b41cc52cb33b42c170,onepiececardgame,원피스 카드게임,2026-07,2026-07-29T10:17:44+09:00,known,0b7b5bfe0268cd66f5d4843b,981527b41cc52cb33b42c170,104273,https://m.dcinside.com/board/onepiececardgame/104273,청 캐번 페레 삽니다.,seller-3eab3cc1c89a4a60bb2abb05,7289,registered,,,,,,unknown,미분류,4,15,150000,estimated,bundle,text,unknown,,active,needs_review,needs_review,"가격 단위 추정, 수량 표기 감지, 일괄·세트 가격, 배송비 포함 여부 미확정, 카드명 확인 필요, 묶음·세트 총액 · 개별 카드 가격 아님",estimated,no,no,4장 일괄 15
a3feaf8e00cca6cae030d4a1,onepiececardgame,원피스 카드게임,2026-07,2026-07-29T10:17:44+09:00,known,019428344bbb58178ef9a027,a3feaf8e00cca6cae030d4a1,104273,https://m.dcinside.com/board/onepiececardgame/104273,청 캐번 페레 삽니다.,seller-3eab3cc1c89a4a60bb2abb05,7289,registered,,,,,,unknown,미분류,4,15,150000,estimated,bundle,text,unknown,,active,needs_review,needs_review,"가격 단위 추정, 수량 표기 감지, 일괄·세트 가격, 배송비 포함 여부 미확정, 카드명 확인 필요, 묶음·세트 총액 · 개별 카드 가격 아님",estimated,no,no,4장 일괄 15
cbba96d0beb0bb5f2630a497,onepiececardgame,원피스 카드게임,2026-07,2026-07-29T10:17:44+09:00,known,0b7b5bfe0268cd66f5d4843b,cbba96d0beb0bb5f2630a497,104273,https://m.dcinside.com/board/onepiececardgame/104273,청 캐번 페레 삽니다.,seller-3eab3cc1c89a4a60bb2abb05,7289,registered,,장당,장당,,,unknown,미분류,1,3.5,35000,estimated,per_card,text,unknown,,active,excluded,needs_review,"가격 단위 추정, 배송비 포함 여부 미확정, 스크립트·광고 문구로 추정되는 오염 행",estimated,yes,no,장당 3.5
d2be22fecdda98d0123c410a,onepiececardgame,원피스 카드게임,2026-07,2026-07-29T10:17:44+09:00,known,ef6d7692143b3511d286678c,d2be22fecdda98d0123c410a,104273,https://m.dcinside.com/board/onepiececardgame/104273,청 캐번 페레 삽니다.,seller-3eab3cc1c89a4a60bb2abb05,7289,registered,,,,,,unknown,미분류,4,15,150000,estimated,bundle,text,unknown,,active,needs_review,needs_review,"가격 단위 추정, 수량 표기 감지, 일괄·세트 가격, 배송비 포함 여부 미확정, 카드명 확인 필요, 묶음·세트 총액 · 개별 카드 가격 아님",estimated,no,no,4장 일괄 15
eafab417b8234f74d57993b9,onepiececardgame,원피스 카드게임,2026-07,2026-07-29T10:17:44+09:00,known,ef6d7692143b3511d286678c,eafab417b8234f74d57993b9,104273,https://m.dcinside.com/board/onepiececardgame/104273,청 캐번 페레 삽니다.,seller-3eab3cc1c89a4a60bb2abb05,7289,registered,,장당,장당,,,unknown,미분류,1,3.5,35000,estimated,per_card,text,unknown,,active,excluded,needs_review,"가격 단위 추정, 배송비 포함 여부 미확정, 스크립트·광고 문구로 추정되는 오염 행",estimated,yes,no,장당 3.5
5685e1d09c1da8cc170b2a46,onepiececardgame,원피스 카드게임,2026-07,2026-07-29T10:19:49+09:00,known,c7e9405c4dd5625b56dbd2a5,5685e1d09c1da8cc170b2a46,104274,https://m.dcinside.com/board/onepiececardgame/104274,블랙마리아 sr4장삽니다,seller-edfb6c7a78a30e8797834174,ㅇㅇ,guest,,,,,,unknown,미분류,1,1,10000,estimated,bundle,text,unknown,,active,needs_review,needs_review,"가격 단위 추정, 일괄·세트 가격, 배송비 포함 여부 미확정, 카드명 확인 필요, 묶음·세트 총액 · 개별 카드 가격 아님",estimated,no,no,일괄 1에 구해봅니다
8bb195aefdc06b0204f43542,onepiececardgame,원피스 카드게임,2026-07,2026-07-29T10:19:49+09:00,known,b4d43065440b9a167f241bcc,8bb195aefdc06b0204f43542,104274,https://m.dcinside.com/board/onepiececardgame/104274,블랙마리아 sr4장삽니다,seller-be64bbda0613933573bf580e,ㅇㅇ,guest,,,,,,unknown,미분류,1,1,10000,estimated,bundle,text,unknown,,active,needs_review,needs_review,"가격 단위 추정, 일괄·세트 가격, 배송비 포함 여부 미확정, 카드명 확인 필요, 묶음·세트 총액 · 개별 카드 가격 아님",estimated,no,no,일괄 1에 구해봅니다
caa26adfc43bd82ded74c74e,onepiececardgame,원피스 카드게임,2026-07,2026-07-29T10:19:49+09:00,known,efc93004e26ed4040385a0fb,caa26adfc43bd82ded74c74e,104274,https://m.dcinside.com/board/onepiececardgame/104274,블랙마리아 sr4장삽니다,seller-5c9427a21d78a888bfca4ef9,ㅇㅇ,guest,,,,,,unknown,미분류,1,1,10000,estimated,bundle,text,unknown,,active,needs_review,needs_review,"가격 단위 추정, 일괄·세트 가격, 배송비 포함 여부 미확정, 카드명 확인 필요, 묶음·세트 총액 · 개별 카드 가격 아님",estimated,no,no,일괄 1에 구해봅니다
2baf20b1a422e18fd85d2372,onepiececardgame,원피스 카드게임,2026-07,2026-07-29T16:26:42+09:00,known,5d54c8b4b3b6efab15dfa08f,2baf20b1a422e18fd85d2372,104344,https://m.dcinside.com/board/onepiececardgame/104344,코비 고레어소스들 삽니다,seller-8ad10b55fa52911e796a44cf,원딱러,registered,엑부,엑부,엑부,,,unknown,미분류,3,,,missing,unknown,unknown,unknown,,active,needs_review,needs_review,수량 표기 감지 · 가격 미기재,missing,no,no,엑부3
6c6672dd7a7e50366172669e,onepiececardgame,원피스 카드게임,2026-07,2026-07-29T16:26:42+09:00,known,6ee656b2a5481504693c84af,6c6672dd7a7e50366172669e,104344,https://m.dcinside.com/board/onepiececardgame/104344,코비 고레어소스들 삽니다,seller-8ad10b55fa52911e796a44cf,원딱러,registered,엑부,엑부,엑부,,,unknown,미분류,3,,,missing,unknown,unknown,unknown,,active,needs_review,needs_review,수량 표기 감지 · 가격 미기재,missing,no,no,엑부3
c2cf0e6cd123b4ba3dba7b67,onepiececardgame,원피스 카드게임,2026-07,2026-07-29T16:26:42+09:00,known,9a6d9ce2560c7a45da1dd53c,c2cf0e6cd123b4ba3dba7b67,104344,https://m.dcinside.com/board/onepiececardgame/104344,코비 고레어소스들 삽니다,seller-8ad10b55fa52911e796a44cf,원딱러,registered,엑부,엑부,엑부,,,unknown,미분류,3,,,missing,unknown,unknown,unknown,,active,needs_review,needs_review,수량 표기 감지 · 가격 미기재,missing,no,no,엑부3
0ed60957e16d4c4a64e15bf3,onepiececardgame,원피스 카드게임,2026-07,2026-07-29T17:05:33+09:00,known,7de2703f04c268083654857c,0ed60957e16d4c4a64e15bf3,104356,https://m.dcinside.com/board/onepiececardgame/104356,코비 리페 및 녹 소스삽니다,seller-d8f454c33576d9e2997db621,전역함,registered,PRB 4조로 2000카,PRB 4조로 2000카,PRB 4조로(2000카),,,unknown,미분류,4,1.0,10000,estimated,bundle,text,unknown,,active,needs_review,needs_review,"가격 단위 추정, 수량 표기 감지, 일괄·세트 가격, 배송비 포함 여부 미확정, 묶음·세트 총액 · 개별 카드 가격 아님",estimated,no,no,PRB 4조로(2000카) 4장 일괄 1.0
5ba7c075db8968f9b058a0d2,onepiececardgame,원피스 카드게임,2026-07,2026-07-29T17:05:33+09:00,known,54b0eb4419ff95f039b34798,5ba7c075db8968f9b058a0d2,104356,https://m.dcinside.com/board/onepiececardgame/104356,코비 리페 및 녹 소스삽니다,seller-d8f454c33576d9e2997db621,전역함,registered,적흑 코비 리페,적흑 코비 리페,적흑 코비 리페,,,unknown,미분류,1,1.3,13000,estimated,per_card,text,unknown,,active,needs_review,needs_review,"가격 단위 추정, 배송비 포함 여부 미확정",estimated,yes,no,적흑 코비 리페 1.3
824c62110cf8300bbd054889,onepiececardgame,원피스 카드게임,2026-07,2026-07-29T17:05:33+09:00,known,7de2703f04c268083654857c,824c62110cf8300bbd054889,104356,https://m.dcinside.com/board/onepiececardgame/104356,코비 리페 및 녹 소스삽니다,seller-d8f454c33576d9e2997db621,전역함,registered,적흑 코비 리페,적흑 코비 리페,적흑 코비 리페,,,unknown,미분류,1,1.3,13000,estimated,per_card,text,unknown,,active,needs_review,needs_review,"가격 단위 추정, 배송비 포함 여부 미확정",estimated,yes,no,적흑 코비 리페 1.3
b917cb52240ba721c639f1a0,onepiececardgame,원피스 카드게임,2026-07,2026-07-29T17:05:33+09:00,known,adf3f8dfa6b522022b37b3ca,b917cb52240ba721c639f1a0,104356,https://m.dcinside.com/board/onepiececardgame/104356,코비 리페 및 녹 소스삽니다,seller-d8f454c33576d9e2997db621,전역함,registered,적흑 코비 리페,적흑 코비 리페,적흑 코비 리페,,,unknown,미분류,1,1.3,13000,estimated,per_card,text,unknown,,active,needs_review,needs_review,"가격 단위 추정, 배송비 포함 여부 미확정",estimated,yes,no,적흑 코비 리페 1.3
c0aac1f0973912feed7912a9,onepiececardgame,원피스 카드게임,2026-07,2026-07-29T17:05:33+09:00,known,54b0eb4419ff95f039b34798,c0aac1f0973912feed7912a9,104356,https://m.dcinside.com/board/onepiececardgame/104356,코비 리페 및 녹 소스삽니다,seller-d8f454c33576d9e2997db621,전역함,registered,PRB 4조로 2000카,PRB 4조로 2000카,PRB 4조로(2000카),,,unknown,미분류,4,1.0,10000,estimated,bundle,text,unknown,,active,needs_review,needs_review,"가격 단위 추정, 수량 표기 감지, 일괄·세트 가격, 배송비 포함 여부 미확정, 묶음·세트 총액 · 개별 카드 가격 아님",estimated,no,no,PRB 4조로(2000카) 4장 일괄 1.0
f40ebb9584f52d1997620246,onepiececardgame,원피스 카드게임,2026-07,2026-07-29T17:05:33+09:00,known,adf3f8dfa6b522022b37b3ca,f40ebb9584f52d1997620246,104356,https://m.dcinside.com/board/onepiececardgame/104356,코비 리페 및 녹 소스삽니다,seller-d8f454c33576d9e2997db621,전역함,registered,PRB 4조로 2000카,PRB 4조로 2000카,PRB 4조로(2000카),,,unknown,미분류,4,1.0,10000,estimated,bundle,text,unknown,,active,needs_review,needs_review,"가격 단위 추정, 수량 표기 감지, 일괄·세트 가격, 배송비 포함 여부 미확정, 묶음·세트 총액 · 개별 카드 가격 아님",estimated,no,no,PRB 4조로(2000카) 4장 일괄 1.0
7a3ff9476088c9d3b244a29f,onepiececardgame,원피스 카드게임,2026-07,2026-07-29T23:04:34+09:00,known,d4bcffbab0aa787c04058f5b,7a3ff9476088c9d3b244a29f,104421,https://m.dcinside.com/board/onepiececardgame/104421,내일 역삼 직으로 op11 나미 op09 벤베크만 구합니다,seller-10261e3429569a0df2c6196e,ㅇㅇ,guest,한장씩,한장씩,한장씩,,,unknown,미분류,1,0.8,8000,estimated,bundle,text,unknown,,active,needs_review,needs_review,"가격 단위 추정, 일괄·세트 가격, 배송비 포함 여부 미확정, 묶음·세트 총액 · 개별 카드 가격 아님",estimated,no,no,한장씩 일괄 0.8
c603f821ad25fa070983772d,onepiececardgame,원피스 카드게임,2026-07,2026-07-29T23:04:34+09:00,known,fd48f006b80d039e2e53245b,c603f821ad25fa070983772d,104421,https://m.dcinside.com/board/onepiececardgame/104421,내일 역삼 직으로 op11 나미 op09 벤베크만 구합니다,seller-beea175420e0fc5b7e65f937,ㅇㅇ,guest,한장씩,한장씩,한장씩,,,unknown,미분류,1,0.8,8000,estimated,bundle,text,unknown,,active,needs_review,needs_review,"가격 단위 추정, 일괄·세트 가격, 배송비 포함 여부 미확정, 묶음·세트 총액 · 개별 카드 가격 아님",estimated,no,no,한장씩 일괄 0.8
d0b56c951f8429e3ef8676a3,onepiececardgame,원피스 카드게임,2026-07,2026-07-29T23:04:34+09:00,known,a8f772f8ba298b891ae00c47,d0b56c951f8429e3ef8676a3,104421,https://m.dcinside.com/board/onepiececardgame/104421,내일 역삼 직으로 op11 나미 op09 벤베크만 구합니다,seller-4a69480e74b9c3e8e596ed9b,ㅇㅇ,guest,한장씩,한장씩,한장씩,,,unknown,미분류,1,0.8,8000,estimated,bundle,text,unknown,,active,needs_review,needs_review,"가격 단위 추정, 일괄·세트 가격, 배송비 포함 여부 미확정, 묶음·세트 총액 · 개별 카드 가격 아님",estimated,no,no,한장씩 일괄 0.8
0b292735c964c9c5e2db01c2,onepiececardgame,원피스 카드게임,2026-07,2026-07-29T23:04:55+09:00,known,73edb7239b3ed6d96f0d9c41,0b292735c964c9c5e2db01c2,104422,https://m.dcinside.com/board/onepiececardgame/104422,"(구매완료)아수라, 일렉트리컬 루나 4장씩 구합니다",seller-a7eed0714ab572dd87d11f62,조지아커피,registered,일렉트리컬 루나,일렉트리컬 루나,일렉트리컬 루나,,,unknown,미분류,4,2.0,20000,estimated,bundle,text,unknown,,completed,context_only,needs_review,"가격 단위 추정, 수량 표기 감지, 일괄·세트 가격, 배송비 포함 여부 미확정, 거래 완료 글 · 현재 매물 제외, 묶음·세트 총액 · 개별 카드 가격 아님",estimated,no,no,일렉트리컬 루나 4장 일괄 2.0으로 구합니다
0dee5270270980ab1b0be027,onepiececardgame,원피스 카드게임,2026-07,2026-07-29T23:04:55+09:00,known,b0dd10452d1181926092d09b,0dee5270270980ab1b0be027,104422,https://m.dcinside.com/board/onepiececardgame/104422,"(구매완료)아수라, 일렉트리컬 루나 4장씩 구합니다",seller-a7eed0714ab572dd87d11f62,조지아커피,registered,일렉트리컬 루나,일렉트리컬 루나,일렉트리컬 루나,,,unknown,미분류,4,2.0,20000,estimated,bundle,text,unknown,,completed,context_only,needs_review,"가격 단위 추정, 수량 표기 감지, 일괄·세트 가격, 배송비 포함 여부 미확정, 거래 완료 글 · 현재 매물 제외, 묶음·세트 총액 · 개별 카드 가격 아님",estimated,no,no,일렉트리컬 루나 4장 일괄 2.0으로 구합니다
701083d0f7566f221f75f3de,onepiececardgame,원피스 카드게임,2026-07,2026-07-29T23:04:55+09:00,known,b67cd0b4f9987552f63538e1,701083d0f7566f221f75f3de,104422,https://m.dcinside.com/board/onepiececardgame/104422,"(구매완료)아수라, 일렉트리컬 루나 4장씩 구합니다",seller-a7eed0714ab572dd87d11f62,조지아커피,registered,귀기 구검류 아수라 발검 망자의 장난,귀기 구검류 아수라 발검 망자의 장난,귀기 구검류 아수라 발검 망자의 장난,,,unknown,미분류,4,2.0,20000,estimated,bundle,text,unknown,,completed,context_only,needs_review,"가격 단위 추정, 수량 표기 감지, 일괄·세트 가격, 배송비 포함 여부 미확정, 거래 완료 글 · 현재 매물 제외, 묶음·세트 총액 · 개별 카드 가격 아님",estimated,no,no,귀기 구검류 아수라 발검 망자의 장난 4장 일괄 2.0
7a80e34e8d996d4e94002f84,onepiececardgame,원피스 카드게임,2026-07,2026-07-29T23:04:55+09:00,known,b67cd0b4f9987552f63538e1,7a80e34e8d996d4e94002f84,104422,https://m.dcinside.com/board/onepiececardgame/104422,"(구매완료)아수라, 일렉트리컬 루나 4장씩 구합니다",seller-a7eed0714ab572dd87d11f62,조지아커피,registered,일렉트리컬 루나,일렉트리컬 루나,일렉트리컬 루나,,,unknown,미분류,4,2.0,20000,estimated,bundle,text,unknown,,completed,context_only,needs_review,"가격 단위 추정, 수량 표기 감지, 일괄·세트 가격, 배송비 포함 여부 미확정, 거래 완료 글 · 현재 매물 제외, 묶음·세트 총액 · 개별 카드 가격 아님",estimated,no,no,일렉트리컬 루나 4장 일괄 2.0으로 구합니다
b4d2a74d8a31a0842a7708f2,onepiececardgame,원피스 카드게임,2026-07,2026-07-29T23:04:55+09:00,known,b0dd10452d1181926092d09b,b4d2a74d8a31a0842a7708f2,104422,https://m.dcinside.com/board/onepiececardgame/104422,"(구매완료)아수라, 일렉트리컬 루나 4장씩 구합니다",seller-a7eed0714ab572dd87d11f62,조지아커피,registered,귀기 구검류 아수라 발검 망자의 장난,귀기 구검류 아수라 발검 망자의 장난,귀기 구검류 아수라 발검 망자의 장난,,,unknown,미분류,4,2.0,20000,estimated,bundle,text,unknown,,completed,context_only,needs_review,"가격 단위 추정, 수량 표기 감지, 일괄·세트 가격, 배송비 포함 여부 미확정, 거래 완료 글 · 현재 매물 제외, 묶음·세트 총액 · 개별 카드 가격 아님",estimated,no,no,귀기 구검류 아수라 발검 망자의 장난 4장 일괄 2.0
d93907d2c3eef9f76e4b572c,onepiececardgame,원피스 카드게임,2026-07,2026-07-29T23:04:55+09:00,known,73edb7239b3ed6d96f0d9c41,d93907d2c3eef9f76e4b572c,104422,https://m.dcinside.com/board/onepiececardgame/104422,"(구매완료)아수라, 일렉트리컬 루나 4장씩 구합니다",seller-a7eed0714ab572dd87d11f62,조지아커피,registered,귀기 구검류 아수라 발검 망자의 장난,귀기 구검류 아수라 발검 망자의 장난,귀기 구검류 아수라 발검 망자의 장난,,,unknown,미분류,4,2.0,20000,estimated,bundle,text,unknown,,completed,context_only,needs_review,"가격 단위 추정, 수량 표기 감지, 일괄·세트 가격, 배송비 포함 여부 미확정, 거래 완료 글 · 현재 매물 제외, 묶음·세트 총액 · 개별 카드 가격 아님",estimated,no,no,귀기 구검류 아수라 발검 망자의 장난 4장 일괄 2.0
1116941ba131521becb1bb96,onepiececardgame,원피스 카드게임,2026-07,2026-07-30T06:34:20+09:00,known,f61ccaa17e23b1db21aee195,1116941ba131521becb1bb96,104440,https://m.dcinside.com/board/onepiececardgame/104440,덱 소스 몇장 구합니다,seller-ae9f065f29b814bc37a100b5,즐기는자가어쩌..,guest,op12-112 베이비,op12-112 베이비,op12-112 베이비,,,unknown,미분류,8,1.8,18000,estimated,bundle,text,unknown,,active,needs_review,needs_review,"가격 단위 추정, 수량 표기 감지, 일괄·세트 가격, 배송비 포함 여부 미확정, 묶음·세트 총액 · 개별 카드 가격 아님",estimated,no,no,op12-112 베이비5 3장 일괄 1.8 구매완
155498752e34dc53640fa8ac,onepiececardgame,원피스 카드게임,2026-07,2026-07-30T06:34:20+09:00,known,69a08226943dd40cef9a7f8f,155498752e34dc53640fa8ac,104440,https://m.dcinside.com/board/onepiececardgame/104440,덱 소스 몇장 구합니다,seller-148799fd1c754456f3e179cd,즐기는자가어쩌..,guest,op12-112 베이비,op12-112 베이비,op12-112 베이비,,,unknown,미분류,8,1.8,18000,estimated,bundle,text,unknown,,active,needs_review,needs_review,"가격 단위 추정, 수량 표기 감지, 일괄·세트 가격, 배송비 포함 여부 미확정, 묶음·세트 총액 · 개별 카드 가격 아님",estimated,no,no,op12-112 베이비5 3장 일괄 1.8 구매완
4b6a4597bc92a6a281bd3d2b,onepiececardgame,원피스 카드게임,2026-07,2026-07-30T06:34:20+09:00,known,012e8bb6b0271c06f764d352,4b6a4597bc92a6a281bd3d2b,104440,https://m.dcinside.com/board/onepiececardgame/104440,덱 소스 몇장 구합니다,seller-c4f458060fd5227925da99ce,즐기는자가어쩌..,guest,op12-112 베이비,op12-112 베이비,op12-112 베이비,,,unknown,미분류,8,1.8,18000,estimated,bundle,text,unknown,,active,needs_review,needs_review,"가격 단위 추정, 수량 표기 감지, 일괄·세트 가격, 배송비 포함 여부 미확정, 묶음·세트 총액 · 개별 카드 가격 아님",estimated,no,no,op12-112 베이비5 3장 일괄 1.8 구매완
a7dcde64ccdcc3c955d18ce3,onepiececardgame,원피스 카드게임,2026-07,2026-07-30T06:34:20+09:00,known,69a08226943dd40cef9a7f8f,a7dcde64ccdcc3c955d18ce3,104440,https://m.dcinside.com/board/onepiececardgame/104440,덱 소스 몇장 구합니다,seller-148799fd1c754456f3e179cd,즐기는자가어쩌..,guest,PRB02-008 마르코,PRB02-008 마르코,PRB02-008 마르코,,,unknown,미분류,4,10.0,100000,estimated,bundle,text,unknown,,active,needs_review,needs_review,"가격 단위 추정, 수량 표기 감지, 일괄·세트 가격, 배송비 포함 여부 미확정, 묶음·세트 총액 · 개별 카드 가격 아님",estimated,no,no,PRB02-008 마르코 4장 일괄 10.0
ae3d3d4805f52b13a85d5c1f,onepiececardgame,원피스 카드게임,2026-07,2026-07-30T06:34:20+09:00,known,012e8bb6b0271c06f764d352,ae3d3d4805f52b13a85d5c1f,104440,https://m.dcinside.com/board/onepiececardgame/104440,덱 소스 몇장 구합니다,seller-c4f458060fd5227925da99ce,즐기는자가어쩌..,guest,PRB02-008 마르코,PRB02-008 마르코,PRB02-008 마르코,,,unknown,미분류,4,10.0,100000,estimated,bundle,text,unknown,,active,needs_review,needs_review,"가격 단위 추정, 수량 표기 감지, 일괄·세트 가격, 배송비 포함 여부 미확정, 묶음·세트 총액 · 개별 카드 가격 아님",estimated,no,no,PRB02-008 마르코 4장 일괄 10.0
ed56ac5bb5fe5cbb5c705c96,onepiececardgame,원피스 카드게임,2026-07,2026-07-30T06:34:20+09:00,known,f61ccaa17e23b1db21aee195,ed56ac5bb5fe5cbb5c705c96,104440,https://m.dcinside.com/board/onepiececardgame/104440,덱 소스 몇장 구합니다,seller-ae9f065f29b814bc37a100b5,즐기는자가어쩌..,guest,PRB02-008 마르코,PRB02-008 마르코,PRB02-008 마르코,,,unknown,미분류,4,10.0,100000,estimated,bundle,text,unknown,,active,needs_review,needs_review,"가격 단위 추정, 수량 표기 감지, 일괄·세트 가격, 배송비 포함 여부 미확정, 묶음·세트 총액 · 개별 카드 가격 아님",estimated,no,no,PRB02-008 마르코 4장 일괄 10.0
2ef21de8320a0605aecc2ab5,onepiececardgame,원피스 카드게임,2026-07,2026-07-30T08:00:13+09:00,known,a253c9fce570a45a93b149fb,2ef21de8320a0605aecc2ab5,104441,https://m.dcinside.com/board/onepiececardgame/104441,"Eb03코알라, op10 캐번디시 구매합니다",seller-38c61bf27c8665048b5ecd25,얀이에영,guest,,,,,,unknown,미분류,1,2.5,25000,estimated,bundle,text,unknown,,active,needs_review,needs_review,"가격 단위 추정, 일괄·세트 가격, 배송비 포함 여부 미확정, 카드명 확인 필요, 묶음·세트 총액 · 개별 카드 가격 아님",estimated,no,no,일괄 2.5에 구합니다
811e976804fd8c2bb42e138c,onepiececardgame,원피스 카드게임,2026-07,2026-07-30T08:00:13+09:00,known,a995f18cc0d57f18d899afcd,811e976804fd8c2bb42e138c,104441,https://m.dcinside.com/board/onepiececardgame/104441,"Eb03코알라, op10 캐번디시 구매합니다",seller-496aec51e8547231a04f9776,얀이에영,guest,,,,,,unknown,미분류,1,2.5,25000,estimated,bundle,text,unknown,,active,needs_review,needs_review,"가격 단위 추정, 일괄·세트 가격, 배송비 포함 여부 미확정, 카드명 확인 필요, 묶음·세트 총액 · 개별 카드 가격 아님",estimated,no,no,일괄 2.5에 구합니다
d71931b0cbc88bd605fbb58e,onepiececardgame,원피스 카드게임,2026-07,2026-07-30T08:00:13+09:00,known,a082a26cb309130410536555,d71931b0cbc88bd605fbb58e,104441,https://m.dcinside.com/board/onepiececardgame/104441,"Eb03코알라, op10 캐번디시 구매합니다",seller-8e1cfe539d3fb4156c6069a2,얀이에영,guest,,,,,,unknown,미분류,1,2.5,25000,estimated,bundle,text,unknown,,active,needs_review,needs_review,"가격 단위 추정, 일괄·세트 가격, 배송비 포함 여부 미확정, 카드명 확인 필요, 묶음·세트 총액 · 개별 카드 가격 아님",estimated,no,no,일괄 2.5에 구합니다
29ae26ea58662d360c2b5262,onepiececardgame,원피스 카드게임,2026-07,2026-07-30T10:23:27+09:00,known,5f1db87fba9ba7a0a2401775,29ae26ea58662d360c2b5262,104451,https://m.dcinside.com/board/onepiececardgame/104451,구도류 4장 삽니다,seller-7186eec5740f15132df2e5ed,최성민,guest,구도류 아수라,구도류 아수라,구도류 아수라,,,unknown,미분류,4,2.0,20000,estimated,bundle,text,unknown,,active,needs_review,needs_review,"가격 단위 추정, 수량 표기 감지, 일괄·세트 가격, 배송비 포함 여부 미확정, 묶음·세트 총액 · 개별 카드 가격 아님",estimated,no,no,구도류 아수라 4장 일괄 2.0에 사요
5a74455cb40bac601e385133,onepiececardgame,원피스 카드게임,2026-07,2026-07-30T10:23:27+09:00,known,80b0c54081dc103e1e2b7c12,5a74455cb40bac601e385133,104451,https://m.dcinside.com/board/onepiececardgame/104451,구도류 4장 삽니다,seller-9da016ec500bab44ba423d66,최성민,guest,구도류 아수라,구도류 아수라,구도류 아수라,,,unknown,미분류,4,2.0,20000,estimated,bundle,text,unknown,,active,needs_review,needs_review,"가격 단위 추정, 수량 표기 감지, 일괄·세트 가격, 배송비 포함 여부 미확정, 묶음·세트 총액 · 개별 카드 가격 아님",estimated,no,no,구도류 아수라 4장 일괄 2.0에 사요
5dabd5ba98e954e60fb4c237,onepiececardgame,원피스 카드게임,2026-07,2026-07-30T10:23:27+09:00,known,d269b1c48ae37d8b2e4b89eb,5dabd5ba98e954e60fb4c237,104451,https://m.dcinside.com/board/onepiececardgame/104451,구도류 4장 삽니다,seller-d7b92740532a2efcf073b1ac,최성민,guest,구도류 아수라,구도류 아수라,구도류 아수라,,,unknown,미분류,4,2.0,20000,estimated,bundle,text,unknown,,active,needs_review,needs_review,"가격 단위 추정, 수량 표기 감지, 일괄·세트 가격, 배송비 포함 여부 미확정, 묶음·세트 총액 · 개별 카드 가격 아님",estimated,no,no,구도류 아수라 4장 일괄 2.0에 사요
20974fdea5d8b5aa206e6ad8,onepiececardgame,원피스 카드게임,2026-07,2026-07-30T13:09:51+09:00,known,40db82e8523d1c99e31b9cef,20974fdea5d8b5aa206e6ad8,104488,https://m.dcinside.com/board/onepiececardgame/104488,"eb03나미,슬레이브 에로우 일괄구매합니다.(구매완)",seller-8ad10b55fa52911e796a44cf,원딱러,registered,eb03-053 나미sr op07-056 슬레이브 에로우 각각 씩 반 5에,eb03-053 나미sr op07-056 슬레이브 에로우 각각 씩 반 5에,"eb03-053 나미sr , op07-056 슬레이브 에로우 각각 씩 반택포 5에 구매합니다.",,,unknown,미분류,3,,,missing,unknown,unknown,included,2000,active,needs_review,needs_review,수량 표기 감지 · 가격 미기재,missing,no,no,"eb03-053 나미sr , op07-056 슬레이브 에로우 각각3장씩 일괄 반택포 5에 구매합니다."
2a0657212dc2d511ed5e5295,onepiececardgame,원피스 카드게임,2026-07,2026-07-30T13:09:51+09:00,known,40db82e8523d1c99e31b9cef,2a0657212dc2d511ed5e5295,104488,https://m.dcinside.com/board/onepiececardgame/104488,"eb03나미,슬레이브 에로우 일괄구매합니다.(구매완)",seller-8ad10b55fa52911e796a44cf,원딱러,registered,나미만 시,나미만 시,나미만 판매시,,,unknown,미분류,1,4.5,45000,estimated,per_card,text,unknown,,active,needs_review,needs_review,"가격 단위 추정, 배송비 포함 여부 미확정",estimated,yes,no,나미만 판매시 4.5에 구매합니다.
3095c39068ab55a291e01032,onepiececardgame,원피스 카드게임,2026-07,2026-07-30T13:09:51+09:00,known,fd4fdded8880355a13b3a34c,3095c39068ab55a291e01032,104488,https://m.dcinside.com/board/onepiececardgame/104488,"eb03나미,슬레이브 에로우 일괄구매합니다.(구매완)",seller-8ad10b55fa52911e796a44cf,원딱러,registered,나미만 시,나미만 시,나미만 판매시,,,unknown,미분류,1,4.5,45000,estimated,per_card,text,unknown,,active,needs_review,needs_review,"가격 단위 추정, 배송비 포함 여부 미확정",estimated,yes,no,나미만 판매시 4.5에 구매합니다.
34ccae71d3889cfe833d591c,onepiececardgame,원피스 카드게임,2026-07,2026-07-30T13:09:51+09:00,known,fd4fdded8880355a13b3a34c,34ccae71d3889cfe833d591c,104488,https://m.dcinside.com/board/onepiececardgame/104488,"eb03나미,슬레이브 에로우 일괄구매합니다.(구매완)",seller-8ad10b55fa52911e796a44cf,원딱러,registered,eb03-053 나미sr op07-056 슬레이브 에로우 각각 씩 반 5에,eb03-053 나미sr op07-056 슬레이브 에로우 각각 씩 반 5에,"eb03-053 나미sr , op07-056 슬레이브 에로우 각각 씩 반택포 5에 구매합니다.",,,unknown,미분류,3,,,missing,unknown,unknown,included,2000,active,needs_review,needs_review,수량 표기 감지 · 가격 미기재,missing,no,no,"eb03-053 나미sr , op07-056 슬레이브 에로우 각각3장씩 일괄 반택포 5에 구매합니다."
52fc065532b5c9e9aa591e59,onepiececardgame,원피스 카드게임,2026-07,2026-07-30T13:09:51+09:00,known,a59d7d21ddd2e285302df7b3,52fc065532b5c9e9aa591e59,104488,https://m.dcinside.com/board/onepiececardgame/104488,"eb03나미,슬레이브 에로우 일괄구매합니다.(구매완)",seller-8ad10b55fa52911e796a44cf,원딱러,registered,나미만 시,나미만 시,나미만 판매시,,,unknown,미분류,1,4.5,45000,estimated,per_card,text,unknown,,active,needs_review,needs_review,"가격 단위 추정, 배송비 포함 여부 미확정",estimated,yes,no,나미만 판매시 4.5에 구매합니다.
b08efb471bb488a2fc6abf2b,onepiececardgame,원피스 카드게임,2026-07,2026-07-30T13:09:51+09:00,known,a59d7d21ddd2e285302df7b3,b08efb471bb488a2fc6abf2b,104488,https://m.dcinside.com/board/onepiececardgame/104488,"eb03나미,슬레이브 에로우 일괄구매합니다.(구매완)",seller-8ad10b55fa52911e796a44cf,원딱러,registered,eb03-053 나미sr op07-056 슬레이브 에로우 각각 씩 반 5에,eb03-053 나미sr op07-056 슬레이브 에로우 각각 씩 반 5에,"eb03-053 나미sr , op07-056 슬레이브 에로우 각각 씩 반택포 5에 구매합니다.",,,unknown,미분류,3,,,missing,unknown,unknown,included,2000,active,needs_review,needs_review,수량 표기 감지 · 가격 미기재,missing,no,no,"eb03-053 나미sr , op07-056 슬레이브 에로우 각각3장씩 일괄 반택포 5에 구매합니다."
14dc29d000423e01d1817bfc,onepiececardgame,원피스 카드게임,2026-07,2026-07-30T14:54:53+09:00,known,fa195ced05f59209ec562a56,14dc29d000423e01d1817bfc,104505,https://m.dcinside.com/board/onepiececardgame/104505,에이스 페레 소스 구합니다!,seller-aebebc43bcab307a7dd27c1e,maxjiho,registered,흰수염 페레,흰수염 페레,흰수염 페레,,,unknown,미분류,4,7.0,70000,estimated,per_quantity,text,unknown,,active,needs_review,needs_review,"가격 단위 추정, 수량 표기 감지, 배송비 포함 여부 미확정, 복수 수량 총액 · 카드 1장 가격 아님",estimated,no,no,흰수염 페레 4장 7.0
352895dca506303bec25e5c6,onepiececardgame,원피스 카드게임,2026-07,2026-07-30T14:54:53+09:00,known,fa195ced05f59209ec562a56,352895dca506303bec25e5c6,104505,https://m.dcinside.com/board/onepiececardgame/104505,에이스 페레 소스 구합니다!,seller-aebebc43bcab307a7dd27c1e,maxjiho,registered,Op07 6행콕 페레,Op07 6행콕 페레,Op07 6행콕 페레,,,unknown,미분류,1,4.0,40000,estimated,per_card,text,unknown,,active,needs_review,needs_review,"가격 단위 추정, 배송비 포함 여부 미확정",estimated,yes,no,Op07 6행콕 페레 4.0
58c17aac5f57f5cde2f1ef53,onepiececardgame,원피스 카드게임,2026-07,2026-07-30T14:54:53+09:00,known,94ad9eac03edf21f04cb1191,58c17aac5f57f5cde2f1ef53,104505,https://m.dcinside.com/board/onepiececardgame/104505,에이스 페레 소스 구합니다!,seller-aebebc43bcab307a7dd27c1e,maxjiho,registered,흰수염 페레,흰수염 페레,흰수염 페레,,,unknown,미분류,4,7.0,70000,estimated,per_quantity,text,unknown,,active,needs_review,needs_review,"가격 단위 추정, 수량 표기 감지, 배송비 포함 여부 미확정, 복수 수량 총액 · 카드 1장 가격 아님",estimated,no,no,흰수염 페레 4장 7.0
7b0702ba76c72a78b586feb5,onepiececardgame,원피스 카드게임,2026-07,2026-07-30T14:54:53+09:00,known,d07a98a8139b191ad85b277e,7b0702ba76c72a78b586feb5,104505,https://m.dcinside.com/board/onepiececardgame/104505,에이스 페레 소스 구합니다!,seller-aebebc43bcab307a7dd27c1e,maxjiho,registered,거프 페레,거프 페레,거프 페레,,,unknown,미분류,4,3.0,30000,estimated,per_quantity,text,unknown,,active,needs_review,needs_review,"가격 단위 추정, 수량 표기 감지, 배송비 포함 여부 미확정, 복수 수량 총액 · 카드 1장 가격 아님",estimated,no,no,거프 페레 4장 3.0
8776ea5a0d1f77cbf275d0e3,onepiececardgame,원피스 카드게임,2026-07,2026-07-30T14:54:53+09:00,known,94ad9eac03edf21f04cb1191,8776ea5a0d1f77cbf275d0e3,104505,https://m.dcinside.com/board/onepiececardgame/104505,에이스 페레 소스 구합니다!,seller-aebebc43bcab307a7dd27c1e,maxjiho,registered,에이스 사보 루피 페레,에이스 사보 루피 페레,에이스 사보 루피 페레,,,unknown,미분류,1,3.0,30000,estimated,per_card,text,unknown,,active,needs_review,needs_review,"가격 단위 추정, 배송비 포함 여부 미확정",estimated,yes,no,에이스 사보 루피 페레 3.0
90e73bce6b713e16a6c659ec,onepiececardgame,원피스 카드게임,2026-07,2026-07-30T14:54:53+09:00,known,94ad9eac03edf21f04cb1191,90e73bce6b713e16a6c659ec,104505,https://m.dcinside.com/board/onepiececardgame/104505,에이스 페레 소스 구합니다!,seller-aebebc43bcab307a7dd27c1e,maxjiho,registered,Op07 6행콕 페레,Op07 6행콕 페레,Op07 6행콕 페레,,,unknown,미분류,1,4.0,40000,estimated,per_card,text,unknown,,active,needs_review,needs_review,"가격 단위 추정, 배송비 포함 여부 미확정",estimated,yes,no,Op07 6행콕 페레 4.0
975a9114e5a5f3dd57a122cf,onepiececardgame,원피스 카드게임,2026-07,2026-07-30T14:54:53+09:00,known,d07a98a8139b191ad85b277e,975a9114e5a5f3dd57a122cf,104505,https://m.dcinside.com/board/onepiececardgame/104505,에이스 페레 소스 구합니다!,seller-aebebc43bcab307a7dd27c1e,maxjiho,registered,흰수염 페레,흰수염 페레,흰수염 페레,,,unknown,미분류,4,7.0,70000,estimated,per_quantity,text,unknown,,active,needs_review,needs_review,"가격 단위 추정, 수량 표기 감지, 배송비 포함 여부 미확정, 복수 수량 총액 · 카드 1장 가격 아님",estimated,no,no,흰수염 페레 4장 7.0
9dc29a78f24adc1ffe8e92cb,onepiececardgame,원피스 카드게임,2026-07,2026-07-30T14:54:53+09:00,known,d07a98a8139b191ad85b277e,9dc29a78f24adc1ffe8e92cb,104505,https://m.dcinside.com/board/onepiececardgame/104505,에이스 페레 소스 구합니다!,seller-aebebc43bcab307a7dd27c1e,maxjiho,registered,에이스 사보 루피 페레,에이스 사보 루피 페레,에이스 사보 루피 페레,,,unknown,미분류,1,3.0,30000,estimated,per_card,text,unknown,,active,needs_review,needs_review,"가격 단위 추정, 배송비 포함 여부 미확정",estimated,yes,no,에이스 사보 루피 페레 3.0
a5444cfe54a1f6f96f9a6106,onepiececardgame,원피스 카드게임,2026-07,2026-07-30T14:54:53+09:00,known,94ad9eac03edf21f04cb1191,a5444cfe54a1f6f96f9a6106,104505,https://m.dcinside.com/board/onepiececardgame/104505,에이스 페레 소스 구합니다!,seller-aebebc43bcab307a7dd27c1e,maxjiho,registered,거프 페레,거프 페레,거프 페레,,,unknown,미분류,4,3.0,30000,estimated,per_quantity,text,unknown,,active,needs_review,needs_review,"가격 단위 추정, 수량 표기 감지, 배송비 포함 여부 미확정, 복수 수량 총액 · 카드 1장 가격 아님",estimated,no,no,거프 페레 4장 3.0
c9564b1cc33e7860d41aa55d,onepiececardgame,원피스 카드게임,2026-07,2026-07-30T14:54:53+09:00,known,fa195ced05f59209ec562a56,c9564b1cc33e7860d41aa55d,104505,https://m.dcinside.com/board/onepiececardgame/104505,에이스 페레 소스 구합니다!,seller-aebebc43bcab307a7dd27c1e,maxjiho,registered,거프 페레,거프 페레,거프 페레,,,unknown,미분류,4,3.0,30000,estimated,per_quantity,text,unknown,,active,needs_review,needs_review,"가격 단위 추정, 수량 표기 감지, 배송비 포함 여부 미확정, 복수 수량 총액 · 카드 1장 가격 아님",estimated,no,no,거프 페레 4장 3.0
de640c8de454d7666346d535,onepiececardgame,원피스 카드게임,2026-07,2026-07-30T14:54:53+09:00,known,d07a98a8139b191ad85b277e,de640c8de454d7666346d535,104505,https://m.dcinside.com/board/onepiececardgame/104505,에이스 페레 소스 구합니다!,seller-aebebc43bcab307a7dd27c1e,maxjiho,registered,Op07 6행콕 페레,Op07 6행콕 페레,Op07 6행콕 페레,,,unknown,미분류,1,4.0,40000,estimated,per_card,text,unknown,,active,needs_review,needs_review,"가격 단위 추정, 배송비 포함 여부 미확정",estimated,yes,no,Op07 6행콕 페레 4.0
e24e23eab327a2bfe1b72794,onepiececardgame,원피스 카드게임,2026-07,2026-07-30T14:54:53+09:00,known,fa195ced05f59209ec562a56,e24e23eab327a2bfe1b72794,104505,https://m.dcinside.com/board/onepiececardgame/104505,에이스 페레 소스 구합니다!,seller-aebebc43bcab307a7dd27c1e,maxjiho,registered,에이스 사보 루피 페레,에이스 사보 루피 페레,에이스 사보 루피 페레,,,unknown,미분류,1,3.0,30000,estimated,per_card,text,unknown,,active,needs_review,needs_review,"가격 단위 추정, 배송비 포함 여부 미확정",estimated,yes,no,에이스 사보 루피 페레 3.0
01f74c5bb5c6fa7071a1913b,onepiececardgame,원피스 카드게임,2026-07,2026-07-30T15:39:08+09:00,known,f6bad0a6e98db281a0fe5ab9,01f74c5bb5c6fa7071a1913b,104518,https://m.dcinside.com/board/onepiececardgame/104518,"글판) 왕관루피,에이스SP 등 페레 SEC 팝니당",seller-8ad10b55fa52911e796a44cf,원딱러,registered,에이스SP EB02-028,에이스SP EB02-028,에이스SP (EB02-028),,,unknown,미분류,1,6.5,65000,estimated,per_card,text,unknown,,active,needs_review,needs_review,"가격 단위 추정, 배송비 포함 여부 미확정",estimated,yes,no, 에이스SP (EB02-028) : 6.5
06673920eabe75f1e1339bf2,onepiececardgame,원피스 카드게임,2026-07,2026-07-30T15:39:08+09:00,known,f6bad0a6e98db281a0fe5ab9,06673920eabe75f1e1339bf2,104518,https://m.dcinside.com/board/onepiececardgame/104518,"글판) 왕관루피,에이스SP 등 페레 SEC 팝니당",seller-8ad10b55fa52911e796a44cf,원딱러,registered,loadScript ' t,loadScript ' t,loadScript('//t,,,unknown,미분류,1,,,missing,unknown,unknown,unknown,,active,excluded,needs_review,"가격 후보 재검토 필요, 가격 미기재, 스크립트·광고 문구로 추정되는 오염 행",missing,no,no,"loadScript('//t1.kakaocdn.net/kas/static/ba.min.js', true);"
0c5997f39649c3b6672f2480,onepiececardgame,원피스 카드게임,2026-07,2026-07-30T15:39:08+09:00,known,f6bad0a6e98db281a0fe5ab9,0c5997f39649c3b6672f2480,104518,https://m.dcinside.com/board/onepiececardgame/104518,"글판) 왕관루피,에이스SP 등 페레 SEC 팝니당",seller-8ad10b55fa52911e796a44cf,원딱러,registered,미호크 페레 OP01-070,미호크 페레 OP01-070,미호크 페레 (OP01-070),,,unknown,미분류,1,0.7,7000,estimated,per_card,text,unknown,,active,needs_review,needs_review,"가격 단위 추정, 배송비 포함 여부 미확정",estimated,yes,no, 미호크 페레 (OP01-070) : 0.7
0c7eb81a59282b935f38d121,onepiececardgame,원피스 카드게임,2026-07,2026-07-30T15:39:08+09:00,known,f6bad0a6e98db281a0fe5ab9,0c7eb81a59282b935f38d121,104518,https://m.dcinside.com/board/onepiececardgame/104518,"글판) 왕관루피,에이스SP 등 페레 SEC 팝니당",seller-8ad10b55fa52911e796a44cf,원딱러,registered,DOM 삽입 헬퍼 현재 스크립트 위치 기준,DOM 삽입 헬퍼 현재 스크립트 위치 기준,// ---- DOM 삽입 헬퍼 (현재 스크립트 위치 기준,,,unknown,미분류,1,,,missing,unknown,unknown,unknown,,active,excluded,needs_review,"가격 후보 재검토 필요, 가격 미기재, 스크립트·광고 문구로 추정되는 오염 행",missing,no,no,// ---- DOM 삽입 헬퍼 (현재 스크립트 위치 기준1)
0ddaee291f8c63133f8bf50c,onepiececardgame,원피스 카드게임,2026-07,2026-07-30T15:39:08+09:00,known,32f3a2aba2bdf51f82ab51f1,0ddaee291f8c63133f8bf50c,104518,https://m.dcinside.com/board/onepiececardgame/104518,"글판) 왕관루피,에이스SP 등 페레 SEC 팝니당",seller-8ad10b55fa52911e796a44cf,원딱러,registered,에이스SP EB02-028,에이스SP EB02-028,에이스SP (EB02-028),,,unknown,미분류,1,6.5,65000,estimated,per_card,text,unknown,,active,needs_review,needs_review,"가격 단위 추정, 배송비 포함 여부 미확정",estimated,yes,no, 에이스SP (EB02-028) : 6.5
111a22ca5f0bf7e76c99de97,onepiececardgame,원피스 카드게임,2026-07,2026-07-30T15:39:08+09:00,known,2f9038c41f9b4915e6582067,111a22ca5f0bf7e76c99de97,104518,https://m.dcinside.com/board/onepiececardgame/104518,"글판) 왕관루피,에이스SP 등 페레 SEC 팝니당",seller-8ad10b55fa52911e796a44cf,원딱러,registered,에이스 페레 PRB02-018,에이스 페레 PRB02-018,에이스 페레 (PRB02-018),,,unknown,미분류,1,1.0,10000,estimated,per_card,text,unknown,,active,needs_review,needs_review,"가격 단위 추정, 배송비 포함 여부 미확정",estimated,yes,no, 에이스 페레 (PRB02-018) : 1.0
11258605d325c426c8981faa,onepiececardgame,원피스 카드게임,2026-07,2026-07-30T15:39:08+09:00,known,2f9038c41f9b4915e6582067,11258605d325c426c8981faa,104518,https://m.dcinside.com/board/onepiececardgame/104518,"글판) 왕관루피,에이스SP 등 페레 SEC 팝니당",seller-8ad10b55fa52911e796a44cf,원딱러,registered,우체국택배 반택 GS,우체국택배 반택 GS,우체국택배 0.4 / 반택(GS,,,unknown,미분류,1,25,250000,estimated,bundle,text,unknown,,active,needs_review,needs_review,"가격 단위 추정, 복수 카드 가격, 배송비 포함 여부 미확정, 묶음·세트 총액 · 개별 카드 가격 아님",estimated,no,no,우체국택배 0.4 / 반택(GS25) 0.2
11cb5d68dbfaaa1b975ef1fc,onepiececardgame,원피스 카드게임,2026-07,2026-07-30T15:39:08+09:00,known,f6bad0a6e98db281a0fe5ab9,11cb5d68dbfaaa1b975ef1fc,104518,https://m.dcinside.com/board/onepiececardgame/104518,"글판) 왕관루피,에이스SP 등 페레 SEC 팝니당",seller-8ad10b55fa52911e796a44cf,원딱러,registered,일괄 하시는 분은,일괄 하시는 분은,일괄구매하시는 분은,,,unknown,미분류,1,20,200000,estimated,bundle,text,unknown,,active,needs_review,needs_review,"가격 단위 추정, 일괄·세트 가격, 배송비 포함 여부 미확정, 묶음·세트 총액 · 개별 카드 가격 아님",estimated,no,no,일괄구매하시는 분은 20!
127d0bb800834bd900490fad,onepiececardgame,원피스 카드게임,2026-07,2026-07-30T15:39:08+09:00,known,f6bad0a6e98db281a0fe5ab9,127d0bb800834bd900490fad,104518,https://m.dcinside.com/board/onepiececardgame/104518,"글판) 왕관루피,에이스SP 등 페레 SEC 팝니당",seller-8ad10b55fa52911e796a44cf,원딱러,registered,로 페레 PRB02-002,로 페레 PRB02-002,로 페레(PRB02-002),,,unknown,미분류,1,1.0,10000,estimated,per_card,text,unknown,,active,needs_review,needs_review,"가격 단위 추정, 배송비 포함 여부 미확정",estimated,yes,no, 로 페레(PRB02-002) : 1.0
16ece9e8a646a4b21006c40e,onepiececardgame,원피스 카드게임,2026-07,2026-07-30T15:39:08+09:00,known,2f9038c41f9b4915e6582067,16ece9e8a646a4b21006c40e,104518,https://m.dcinside.com/board/onepiececardgame/104518,"글판) 왕관루피,에이스SP 등 페레 SEC 팝니당",seller-8ad10b55fa52911e796a44cf,원딱러,registered,로시난테 페레 OP02-108,로시난테 페레 OP02-108,로시난테 페레 (OP02-108),,,unknown,미분류,1,0.7,7000,estimated,per_card,text,unknown,,active,needs_review,needs_review,"가격 단위 추정, 배송비 포함 여부 미확정",estimated,yes,no, 로시난테 페레 (OP02-108) : 0.7
1a6f76feead21d875a7edceb,onepiececardgame,원피스 카드게임,2026-07,2026-07-30T15:39:08+09:00,known,f6bad0a6e98db281a0fe5ab9,1a6f76feead21d875a7edceb,104518,https://m.dcinside.com/board/onepiececardgame/104518,"글판) 왕관루피,에이스SP 등 페레 SEC 팝니당",seller-8ad10b55fa52911e796a44cf,원딱러,registered,에이스 OP13-119,에이스 OP13-119,에이스 (OP13-119),,,unknown,미분류,1,0.5,5000,estimated,per_card,text,unknown,,active,needs_review,needs_review,"가격 단위 추정, 배송비 포함 여부 미확정",estimated,yes,no, 에이스 (OP13-119) : 0.5
45722b9b0b01913bbf03cb43,onepiececardgame,원피스 카드게임,2026-07,2026-07-30T15:39:08+09:00,known,2f9038c41f9b4915e6582067,45722b9b0b01913bbf03cb43,104518,https://m.dcinside.com/board/onepiececardgame/104518,"글판) 왕관루피,에이스SP 등 페레 SEC 팝니당",seller-8ad10b55fa52911e796a44cf,원딱러,registered,사보 페레 PRB02-014,사보 페레 PRB02-014,사보 페레 (PRB02-014),,,unknown,미분류,1,1.0,10000,estimated,per_card,text,unknown,,active,needs_review,needs_review,"가격 단위 추정, 배송비 포함 여부 미확정",estimated,yes,no, 사보 페레 (PRB02-014) : 1.0
465b69ee841117121d74173e,onepiececardgame,원피스 카드게임,2026-07,2026-07-30T15:39:08+09:00,known,32f3a2aba2bdf51f82ab51f1,465b69ee841117121d74173e,104518,https://m.dcinside.com/board/onepiececardgame/104518,"글판) 왕관루피,에이스SP 등 페레 SEC 팝니당",seller-8ad10b55fa52911e796a44cf,원딱러,registered,로시난테 페레 OP02-108,로시난테 페레 OP02-108,로시난테 페레 (OP02-108),,,unknown,미분류,1,0.7,7000,estimated,per_card,text,unknown,,active,needs_review,needs_review,"가격 단위 추정, 배송비 포함 여부 미확정",estimated,yes,no, 로시난테 페레 (OP02-108) : 0.7
4edae1b7b38200aedfba5f2e,onepiececardgame,원피스 카드게임,2026-07,2026-07-30T15:39:08+09:00,known,32f3a2aba2bdf51f82ab51f1,4edae1b7b38200aedfba5f2e,104518,https://m.dcinside.com/board/onepiececardgame/104518,"글판) 왕관루피,에이스SP 등 페레 SEC 팝니당",seller-8ad10b55fa52911e796a44cf,원딱러,registered,에이스 OP13-119,에이스 OP13-119,에이스 (OP13-119),,,unknown,미분류,1,0.5,5000,estimated,per_card,text,unknown,,active,needs_review,needs_review,"가격 단위 추정, 배송비 포함 여부 미확정",estimated,yes,no, 에이스 (OP13-119) : 0.5
50baad4f0272dc5e87eb90d8,onepiececardgame,원피스 카드게임,2026-07,2026-07-30T15:39:08+09:00,known,32f3a2aba2bdf51f82ab51f1,50baad4f0272dc5e87eb90d8,104518,https://m.dcinside.com/board/onepiececardgame/104518,"글판) 왕관루피,에이스SP 등 페레 SEC 팝니당",seller-8ad10b55fa52911e796a44cf,원딱러,registered,var safe = window.dcAd && window.dcAd.safe ==,var safe = window.dcAd && window.dcAd.safe ==,var safe = (window.dcAd && window.dcAd.safe ==,,,unknown,미분류,1,1,10000,estimated,bundle,text,unknown,,active,excluded,needs_review,"가격 단위 추정, 복수 카드 가격, 배송비 포함 여부 미확정, 묶음·세트 총액 · 개별 카드 가격 아님, 스크립트·광고 문구로 추정되는 오염 행",estimated,no,no,var safe = (window.dcAd && window.dcAd.safe == 1)
564c56295135ab03c4a480d9,onepiececardgame,원피스 카드게임,2026-07,2026-07-30T15:39:08+09:00,known,2f9038c41f9b4915e6582067,564c56295135ab03c4a480d9,104518,https://m.dcinside.com/board/onepiececardgame/104518,"글판) 왕관루피,에이스SP 등 페레 SEC 팝니당",seller-8ad10b55fa52911e796a44cf,원딱러,registered,샹크스 OP01-120,샹크스 OP01-120,샹크스 (OP01-120),,,unknown,미분류,1,0.5,5000,estimated,per_card,text,unknown,,active,needs_review,needs_review,"가격 단위 추정, 배송비 포함 여부 미확정",estimated,yes,no, 샹크스 (OP01-120) : 0.5
56e8466f4d287d576384043f,onepiececardgame,원피스 카드게임,2026-07,2026-07-30T15:39:08+09:00,known,32f3a2aba2bdf51f82ab51f1,56e8466f4d287d576384043f,104518,https://m.dcinside.com/board/onepiececardgame/104518,"글판) 왕관루피,에이스SP 등 페레 SEC 팝니당",seller-8ad10b55fa52911e796a44cf,원딱러,registered,코비 OP11-119,코비 OP11-119,코비 (OP11-119),,,unknown,미분류,1,0.5,5000,estimated,per_card,text,unknown,,active,needs_review,needs_review,"가격 단위 추정, 배송비 포함 여부 미확정",estimated,yes,no, 코비 (OP11-119) : 0.5
570e99aacf2a6b22271714ce,onepiececardgame,원피스 카드게임,2026-07,2026-07-30T15:39:08+09:00,known,2f9038c41f9b4915e6582067,570e99aacf2a6b22271714ce,104518,https://m.dcinside.com/board/onepiececardgame/104518,"글판) 왕관루피,에이스SP 등 페레 SEC 팝니당",seller-8ad10b55fa52911e796a44cf,원딱러,registered,코비 OP11-119,코비 OP11-119,코비 (OP11-119),,,unknown,미분류,1,0.5,5000,estimated,per_card,text,unknown,,active,needs_review,needs_review,"가격 단위 추정, 배송비 포함 여부 미확정",estimated,yes,no, 코비 (OP11-119) : 0.5
5ae101ceaa1ff3f04e010eb4,onepiececardgame,원피스 카드게임,2026-07,2026-07-30T15:39:08+09:00,known,f6bad0a6e98db281a0fe5ab9,5ae101ceaa1ff3f04e010eb4,104518,https://m.dcinside.com/board/onepiececardgame/104518,"글판) 왕관루피,에이스SP 등 페레 SEC 팝니당",seller-8ad10b55fa52911e796a44cf,원딱러,registered,코비 OP11-119,코비 OP11-119,코비 (OP11-119),,,unknown,미분류,1,0.5,5000,estimated,per_card,text,unknown,,active,needs_review,needs_review,"가격 단위 추정, 배송비 포함 여부 미확정",estimated,yes,no, 코비 (OP11-119) : 0.5
5b97d903230f4cfdd7eb531e,onepiececardgame,원피스 카드게임,2026-07,2026-07-30T15:39:08+09:00,known,32f3a2aba2bdf51f82ab51f1,5b97d903230f4cfdd7eb531e,104518,https://m.dcinside.com/board/onepiececardgame/104518,"글판) 왕관루피,에이스SP 등 페레 SEC 팝니당",seller-8ad10b55fa52911e796a44cf,원딱러,registered,루피 OP09-119,루피 OP09-119,루피 (OP09-119),,,unknown,미분류,1,0.5,5000,estimated,per_card,text,unknown,,active,needs_review,needs_review,"가격 단위 추정, 배송비 포함 여부 미확정",estimated,yes,no, 루피 (OP09-119) : 0.5
5c861026d21a0761d3216c58,onepiececardgame,원피스 카드게임,2026-07,2026-07-30T15:39:08+09:00,known,32f3a2aba2bdf51f82ab51f1,5c861026d21a0761d3216c58,104518,https://m.dcinside.com/board/onepiececardgame/104518,"글판) 왕관루피,에이스SP 등 페레 SEC 팝니당",seller-8ad10b55fa52911e796a44cf,원딱러,registered,사보 페레 PRB02-014,사보 페레 PRB02-014,사보 페레 (PRB02-014),,,unknown,미분류,1,1.0,10000,estimated,per_card,text,unknown,,active,needs_review,needs_review,"가격 단위 추정, 배송비 포함 여부 미확정",estimated,yes,no, 사보 페레 (PRB02-014) : 1.0
5cbc2ebfc97e1c522e718878,onepiececardgame,원피스 카드게임,2026-07,2026-07-30T15:39:08+09:00,known,2f9038c41f9b4915e6582067,5cbc2ebfc97e1c522e718878,104518,https://m.dcinside.com/board/onepiececardgame/104518,"글판) 왕관루피,에이스SP 등 페레 SEC 팝니당",seller-8ad10b55fa52911e796a44cf,원딱러,registered,루피 OP10-118,루피 OP10-118,루피 (OP10-118),,,unknown,미분류,1,0.5,5000,estimated,per_card,text,unknown,,active,needs_review,needs_review,"가격 단위 추정, 배송비 포함 여부 미확정",estimated,yes,no, 루피 (OP10-118) : 0.5
618cd9d3d956ff12440a5aba,onepiececardgame,원피스 카드게임,2026-07,2026-07-30T15:39:08+09:00,known,32f3a2aba2bdf51f82ab51f1,618cd9d3d956ff12440a5aba,104518,https://m.dcinside.com/board/onepiececardgame/104518,"글판) 왕관루피,에이스SP 등 페레 SEC 팝니당",seller-8ad10b55fa52911e796a44cf,원딱러,registered,샹크스 OP01-120,샹크스 OP01-120,샹크스 (OP01-120),,,unknown,미분류,1,0.5,5000,estimated,per_card,text,unknown,,active,needs_review,needs_review,"가격 단위 추정, 배송비 포함 여부 미확정",estimated,yes,no, 샹크스 (OP01-120) : 0.5
62958acd5559e8a650c97dc9,onepiececardgame,원피스 카드게임,2026-07,2026-07-30T15:39:08+09:00,known,f6bad0a6e98db281a0fe5ab9,62958acd5559e8a650c97dc9,104518,https://m.dcinside.com/board/onepiececardgame/104518,"글판) 왕관루피,에이스SP 등 페레 SEC 팝니당",seller-8ad10b55fa52911e796a44cf,원딱러,registered,우체국택배 반택 GS,우체국택배 반택 GS,우체국택배 0.4 / 반택(GS,,,unknown,미분류,1,25,250000,estimated,bundle,text,unknown,,active,needs_review,needs_review,"가격 단위 추정, 복수 카드 가격, 배송비 포함 여부 미확정, 묶음·세트 총액 · 개별 카드 가격 아님",estimated,no,no,우체국택배 0.4 / 반택(GS25) 0.2
65caf8af20da1bc200021da2,onepiececardgame,원피스 카드게임,2026-07,2026-07-30T15:39:08+09:00,known,32f3a2aba2bdf51f82ab51f1,65caf8af20da1bc200021da2,104518,https://m.dcinside.com/board/onepiececardgame/104518,"글판) 왕관루피,에이스SP 등 페레 SEC 팝니당",seller-8ad10b55fa52911e796a44cf,원딱러,registered,일괄 하시는 분은,일괄 하시는 분은,일괄구매하시는 분은,,,unknown,미분류,1,20,200000,estimated,bundle,text,unknown,,active,needs_review,needs_review,"가격 단위 추정, 일괄·세트 가격, 배송비 포함 여부 미확정, 묶음·세트 총액 · 개별 카드 가격 아님",estimated,no,no,일괄구매하시는 분은 20!
705e6303221e364f019f1a5e,onepiececardgame,원피스 카드게임,2026-07,2026-07-30T15:39:08+09:00,known,f6bad0a6e98db281a0fe5ab9,705e6303221e364f019f1a5e,104518,https://m.dcinside.com/board/onepiececardgame/104518,"글판) 왕관루피,에이스SP 등 페레 SEC 팝니당",seller-8ad10b55fa52911e796a44cf,원딱러,registered,왕관루피 P-043,왕관루피 P-043,왕관루피 (P-043),,,unknown,미분류,1,4.5,45000,estimated,per_card,text,unknown,,active,needs_review,needs_review,"가격 단위 추정, 배송비 포함 여부 미확정",estimated,yes,no, 왕관루피 (P-043) : 4.5
72c6707d5541d285f847dfd2,onepiececardgame,원피스 카드게임,2026-07,2026-07-30T15:39:08+09:00,known,2f9038c41f9b4915e6582067,72c6707d5541d285f847dfd2,104518,https://m.dcinside.com/board/onepiececardgame/104518,"글판) 왕관루피,에이스SP 등 페레 SEC 팝니당",seller-8ad10b55fa52911e796a44cf,원딱러,registered,일괄 하시는 분은,일괄 하시는 분은,일괄구매하시는 분은,,,unknown,미분류,1,20,200000,estimated,bundle,text,unknown,,active,needs_review,needs_review,"가격 단위 추정, 일괄·세트 가격, 배송비 포함 여부 미확정, 묶음·세트 총액 · 개별 카드 가격 아님",estimated,no,no,일괄구매하시는 분은 20!
75da8fc7f4b909cd880c8539,onepiececardgame,원피스 카드게임,2026-07,2026-07-30T15:39:08+09:00,known,f6bad0a6e98db281a0fe5ab9,75da8fc7f4b909cd880c8539,104518,https://m.dcinside.com/board/onepiececardgame/104518,"글판) 왕관루피,에이스SP 등 페레 SEC 팝니당",seller-8ad10b55fa52911e796a44cf,원딱러,registered,에이스 페레 PRB02-018,에이스 페레 PRB02-018,에이스 페레 (PRB02-018),,,unknown,미분류,1,1.0,10000,estimated,per_card,text,unknown,,active,needs_review,needs_review,"가격 단위 추정, 배송비 포함 여부 미확정",estimated,yes,no, 에이스 페레 (PRB02-018) : 1.0
764bedd6ab2204399f22f956,onepiececardgame,원피스 카드게임,2026-07,2026-07-30T15:39:08+09:00,known,2f9038c41f9b4915e6582067,764bedd6ab2204399f22f956,104518,https://m.dcinside.com/board/onepiececardgame/104518,"글판) 왕관루피,에이스SP 등 페레 SEC 팝니당",seller-8ad10b55fa52911e796a44cf,원딱러,registered,사보 OP07-118,사보 OP07-118,사보 (OP07-118),,,unknown,미분류,1,0.5,5000,estimated,per_card,text,unknown,,active,needs_review,needs_review,"가격 단위 추정, 배송비 포함 여부 미확정",estimated,yes,no, 사보 (OP07-118) : 0.5
7ce9e69372654c22ae16db9a,onepiececardgame,원피스 카드게임,2026-07,2026-07-30T15:39:08+09:00,known,32f3a2aba2bdf51f82ab51f1,7ce9e69372654c22ae16db9a,104518,https://m.dcinside.com/board/onepiececardgame/104518,"글판) 왕관루피,에이스SP 등 페레 SEC 팝니당",seller-8ad10b55fa52911e796a44cf,원딱러,registered,로 페레 PRB02-002,로 페레 PRB02-002,로 페레(PRB02-002),,,unknown,미분류,1,1.0,10000,estimated,per_card,text,unknown,,active,needs_review,needs_review,"가격 단위 추정, 배송비 포함 여부 미확정",estimated,yes,no, 로 페레(PRB02-002) : 1.0
8014fa6d5afe7cd284ad3966,onepiececardgame,원피스 카드게임,2026-07,2026-07-30T15:39:08+09:00,known,32f3a2aba2bdf51f82ab51f1,8014fa6d5afe7cd284ad3966,104518,https://m.dcinside.com/board/onepiececardgame/104518,"글판) 왕관루피,에이스SP 등 페레 SEC 팝니당",seller-8ad10b55fa52911e796a44cf,원딱러,registered,로 OP10-119,로 OP10-119,로 (OP10-119),,,unknown,미분류,1,0.5,5000,estimated,per_card,text,unknown,,active,needs_review,needs_review,"가격 단위 추정, 배송비 포함 여부 미확정",estimated,yes,no, 로 (OP10-119) : 0.5
83253da47055889f2af9de36,onepiececardgame,원피스 카드게임,2026-07,2026-07-30T15:39:08+09:00,known,f6bad0a6e98db281a0fe5ab9,83253da47055889f2af9de36,104518,https://m.dcinside.com/board/onepiececardgame/104518,"글판) 왕관루피,에이스SP 등 페레 SEC 팝니당",seller-8ad10b55fa52911e796a44cf,원딱러,registered,사보리더 페레 OP13-004,사보리더 페레 OP13-004,사보리더 페레 (OP13-004),,,unknown,미분류,1,1.5,15000,estimated,per_card,text,unknown,,active,needs_review,needs_review,"가격 단위 추정, 배송비 포함 여부 미확정",estimated,yes,no, 사보리더 페레 (OP13-004) : 1.5
85f8c75c31d299d97daf7644,onepiececardgame,원피스 카드게임,2026-07,2026-07-30T15:39:08+09:00,known,f6bad0a6e98db281a0fe5ab9,85f8c75c31d299d97daf7644,104518,https://m.dcinside.com/board/onepiececardgame/104518,"글판) 왕관루피,에이스SP 등 페레 SEC 팝니당",seller-8ad10b55fa52911e796a44cf,원딱러,registered,샹크스 OP01-120,샹크스 OP01-120,샹크스 (OP01-120),,,unknown,미분류,1,0.5,5000,estimated,per_card,text,unknown,,active,needs_review,needs_review,"가격 단위 추정, 배송비 포함 여부 미확정",estimated,yes,no, 샹크스 (OP01-120) : 0.5
8965c689eb5ba78cda8ac813,onepiececardgame,원피스 카드게임,2026-07,2026-07-30T15:39:08+09:00,known,2f9038c41f9b4915e6582067,8965c689eb5ba78cda8ac813,104518,https://m.dcinside.com/board/onepiececardgame/104518,"글판) 왕관루피,에이스SP 등 페레 SEC 팝니당",seller-8ad10b55fa52911e796a44cf,원딱러,registered,루피 OP09-119,루피 OP09-119,루피 (OP09-119),,,unknown,미분류,1,0.5,5000,estimated,per_card,text,unknown,,active,needs_review,needs_review,"가격 단위 추정, 배송비 포함 여부 미확정",estimated,yes,no, 루피 (OP09-119) : 0.5
901ef51a5375197046642148,onepiececardgame,원피스 카드게임,2026-07,2026-07-30T15:39:08+09:00,known,f6bad0a6e98db281a0fe5ab9,901ef51a5375197046642148,104518,https://m.dcinside.com/board/onepiececardgame/104518,"글판) 왕관루피,에이스SP 등 페레 SEC 팝니당",seller-8ad10b55fa52911e796a44cf,원딱러,registered,레일리 페레 OP13-066,레일리 페레 OP13-066,레일리 페레 (OP13-066),,,unknown,미분류,1,1.0,10000,estimated,per_card,text,unknown,,active,needs_review,needs_review,"가격 단위 추정, 배송비 포함 여부 미확정",estimated,yes,no, 레일리 페레 (OP13-066) : 1.0
9545611ce660707f99d1891e,onepiececardgame,원피스 카드게임,2026-07,2026-07-30T15:39:08+09:00,known,f6bad0a6e98db281a0fe5ab9,9545611ce660707f99d1891e,104518,https://m.dcinside.com/board/onepiececardgame/104518,"글판) 왕관루피,에이스SP 등 페레 SEC 팝니당",seller-8ad10b55fa52911e796a44cf,원딱러,registered,루피 OP09-119,루피 OP09-119,루피 (OP09-119),,,unknown,미분류,1,0.5,5000,estimated,per_card,text,unknown,,active,needs_review,needs_review,"가격 단위 추정, 배송비 포함 여부 미확정",estimated,yes,no, 루피 (OP09-119) : 0.5
95e72266db706af37e36d0a3,onepiececardgame,원피스 카드게임,2026-07,2026-07-30T15:39:08+09:00,known,2f9038c41f9b4915e6582067,95e72266db706af37e36d0a3,104518,https://m.dcinside.com/board/onepiececardgame/104518,"글판) 왕관루피,에이스SP 등 페레 SEC 팝니당",seller-8ad10b55fa52911e796a44cf,원딱러,registered,에이스 OP13-119,에이스 OP13-119,에이스 (OP13-119),,,unknown,미분류,1,0.5,5000,estimated,per_card,text,unknown,,active,needs_review,needs_review,"가격 단위 추정, 배송비 포함 여부 미확정",estimated,yes,no, 에이스 (OP13-119) : 0.5
96174508a27a333460c4d660,onepiececardgame,원피스 카드게임,2026-07,2026-07-30T15:39:08+09:00,known,f6bad0a6e98db281a0fe5ab9,96174508a27a333460c4d660,104518,https://m.dcinside.com/board/onepiececardgame/104518,"글판) 왕관루피,에이스SP 등 페레 SEC 팝니당",seller-8ad10b55fa52911e796a44cf,원딱러,registered,루피 OP10-118,루피 OP10-118,루피 (OP10-118),,,unknown,미분류,1,0.5,5000,estimated,per_card,text,unknown,,active,needs_review,needs_review,"가격 단위 추정, 배송비 포함 여부 미확정",estimated,yes,no, 루피 (OP10-118) : 0.5
96d3084415f52e4e4a862c6b,onepiececardgame,원피스 카드게임,2026-07,2026-07-30T15:39:08+09:00,known,2f9038c41f9b4915e6582067,96d3084415f52e4e4a862c6b,104518,https://m.dcinside.com/board/onepiececardgame/104518,"글판) 왕관루피,에이스SP 등 페레 SEC 팝니당",seller-8ad10b55fa52911e796a44cf,원딱러,registered,DOM 삽입 헬퍼 현재 스크립트 위치 기준,DOM 삽입 헬퍼 현재 스크립트 위치 기준,// ---- DOM 삽입 헬퍼 (현재 스크립트 위치 기준,,,unknown,미분류,1,,,missing,unknown,unknown,unknown,,active,excluded,needs_review,"가격 후보 재검토 필요, 가격 미기재, 스크립트·광고 문구로 추정되는 오염 행",missing,no,no,// ---- DOM 삽입 헬퍼 (현재 스크립트 위치 기준1)
9a1e1f7a77e2f171484b793e,onepiececardgame,원피스 카드게임,2026-07,2026-07-30T15:39:08+09:00,known,2f9038c41f9b4915e6582067,9a1e1f7a77e2f171484b793e,104518,https://m.dcinside.com/board/onepiececardgame/104518,"글판) 왕관루피,에이스SP 등 페레 SEC 팝니당",seller-8ad10b55fa52911e796a44cf,원딱러,registered,레일리 페레 OP13-066,레일리 페레 OP13-066,레일리 페레 (OP13-066),,,unknown,미분류,1,1.0,10000,estimated,per_card,text,unknown,,active,needs_review,needs_review,"가격 단위 추정, 배송비 포함 여부 미확정",estimated,yes,no, 레일리 페레 (OP13-066) : 1.0
9c9ee10a48876195d28101c0,onepiececardgame,원피스 카드게임,2026-07,2026-07-30T15:39:08+09:00,known,32f3a2aba2bdf51f82ab51f1,9c9ee10a48876195d28101c0,104518,https://m.dcinside.com/board/onepiececardgame/104518,"글판) 왕관루피,에이스SP 등 페레 SEC 팝니당",seller-8ad10b55fa52911e796a44cf,원딱러,registered,레일리 페레 OP13-066,레일리 페레 OP13-066,레일리 페레 (OP13-066),,,unknown,미분류,1,1.0,10000,estimated,per_card,text,unknown,,active,needs_review,needs_review,"가격 단위 추정, 배송비 포함 여부 미확정",estimated,yes,no, 레일리 페레 (OP13-066) : 1.0
9e4dc0866a897a47c9443abc,onepiececardgame,원피스 카드게임,2026-07,2026-07-30T15:39:08+09:00,known,2f9038c41f9b4915e6582067,9e4dc0866a897a47c9443abc,104518,https://m.dcinside.com/board/onepiececardgame/104518,"글판) 왕관루피,에이스SP 등 페레 SEC 팝니당",seller-8ad10b55fa52911e796a44cf,원딱러,registered,loadScript 'https pagead,loadScript 'https pagead,loadScript('https://pagead,,,unknown,미분류,1,,,missing,unknown,unknown,unknown,,active,excluded,needs_review,"가격 후보 재검토 필요, 가격 미기재, 스크립트·광고 문구로 추정되는 오염 행",missing,no,no,"loadScript('https://pagead2.googlesyndication.com/pagead/js/adsbygoogle_direct.js?client=ca-pub-8171468792791627', true, 'anonymous');"
a41fb3d1a993694665372c84,onepiececardgame,원피스 카드게임,2026-07,2026-07-30T15:39:08+09:00,known,32f3a2aba2bdf51f82ab51f1,a41fb3d1a993694665372c84,104518,https://m.dcinside.com/board/onepiececardgame/104518,"글판) 왕관루피,에이스SP 등 페레 SEC 팝니당",seller-8ad10b55fa52911e796a44cf,원딱러,registered,사보 OP07-118,사보 OP07-118,사보 (OP07-118),,,unknown,미분류,1,0.5,5000,estimated,per_card,text,unknown,,active,needs_review,needs_review,"가격 단위 추정, 배송비 포함 여부 미확정",estimated,yes,no, 사보 (OP07-118) : 0.5
ab97e620f0c2afe47651d051,onepiececardgame,원피스 카드게임,2026-07,2026-07-30T15:39:08+09:00,known,f6bad0a6e98db281a0fe5ab9,ab97e620f0c2afe47651d051,104518,https://m.dcinside.com/board/onepiececardgame/104518,"글판) 왕관루피,에이스SP 등 페레 SEC 팝니당",seller-8ad10b55fa52911e796a44cf,원딱러,registered,var safe = window.dcAd && window.dcAd.safe ==,var safe = window.dcAd && window.dcAd.safe ==,var safe = (window.dcAd && window.dcAd.safe ==,,,unknown,미분류,1,1,10000,estimated,bundle,text,unknown,,active,excluded,needs_review,"가격 단위 추정, 복수 카드 가격, 배송비 포함 여부 미확정, 묶음·세트 총액 · 개별 카드 가격 아님, 스크립트·광고 문구로 추정되는 오염 행",estimated,no,no,var safe = (window.dcAd && window.dcAd.safe == 1)
ae0151d073555bfc25fab767,onepiececardgame,원피스 카드게임,2026-07,2026-07-30T15:39:08+09:00,known,32f3a2aba2bdf51f82ab51f1,ae0151d073555bfc25fab767,104518,https://m.dcinside.com/board/onepiececardgame/104518,"글판) 왕관루피,에이스SP 등 페레 SEC 팝니당",seller-8ad10b55fa52911e796a44cf,원딱러,registered,루피 OP10-118,루피 OP10-118,루피 (OP10-118),,,unknown,미분류,1,0.5,5000,estimated,per_card,text,unknown,,active,needs_review,needs_review,"가격 단위 추정, 배송비 포함 여부 미확정",estimated,yes,no, 루피 (OP10-118) : 0.5
b1543c5d50f64dbe8db615cf,onepiececardgame,원피스 카드게임,2026-07,2026-07-30T15:39:08+09:00,known,f6bad0a6e98db281a0fe5ab9,b1543c5d50f64dbe8db615cf,104518,https://m.dcinside.com/board/onepiececardgame/104518,"글판) 왕관루피,에이스SP 등 페레 SEC 팝니당",seller-8ad10b55fa52911e796a44cf,원딱러,registered,로시난테 OP04-119,로시난테 OP04-119,로시난테 (OP04-119),,,unknown,미분류,1,0.5,5000,estimated,per_card,text,unknown,,active,needs_review,needs_review,"가격 단위 추정, 배송비 포함 여부 미확정",estimated,yes,no, 로시난테 (OP04-119) : 0.5
b31524f966efd8ba025d38e1,onepiececardgame,원피스 카드게임,2026-07,2026-07-30T15:39:08+09:00,known,32f3a2aba2bdf51f82ab51f1,b31524f966efd8ba025d38e1,104518,https://m.dcinside.com/board/onepiececardgame/104518,"글판) 왕관루피,에이스SP 등 페레 SEC 팝니당",seller-8ad10b55fa52911e796a44cf,원딱러,registered,로시난테 OP04-119,로시난테 OP04-119,로시난테 (OP04-119),,,unknown,미분류,1,0.5,5000,estimated,per_card,text,unknown,,active,needs_review,needs_review,"가격 단위 추정, 배송비 포함 여부 미확정",estimated,yes,no, 로시난테 (OP04-119) : 0.5
b8059fca776aad703370688d,onepiececardgame,원피스 카드게임,2026-07,2026-07-30T15:39:08+09:00,known,f6bad0a6e98db281a0fe5ab9,b8059fca776aad703370688d,104518,https://m.dcinside.com/board/onepiececardgame/104518,"글판) 왕관루피,에이스SP 등 페레 SEC 팝니당",seller-8ad10b55fa52911e796a44cf,원딱러,registered,loadScript 'https pagead,loadScript 'https pagead,loadScript('https://pagead,,,unknown,미분류,1,,,missing,unknown,unknown,unknown,,active,excluded,needs_review,"가격 후보 재검토 필요, 가격 미기재, 스크립트·광고 문구로 추정되는 오염 행",missing,no,no,"loadScript('https://pagead2.googlesyndication.com/pagead/js/adsbygoogle_direct.js?client=ca-pub-8171468792791627', true, 'anonymous');"
b9a7812ddc25872b70ae63ee,onepiececardgame,원피스 카드게임,2026-07,2026-07-30T15:39:08+09:00,known,32f3a2aba2bdf51f82ab51f1,b9a7812ddc25872b70ae63ee,104518,https://m.dcinside.com/board/onepiececardgame/104518,"글판) 왕관루피,에이스SP 등 페레 SEC 팝니당",seller-8ad10b55fa52911e796a44cf,원딱러,registered,loadScript 'https pagead,loadScript 'https pagead,loadScript('https://pagead,,,unknown,미분류,1,,,missing,unknown,unknown,unknown,,active,excluded,needs_review,"가격 후보 재검토 필요, 가격 미기재, 스크립트·광고 문구로 추정되는 오염 행",missing,no,no,"loadScript('https://pagead2.googlesyndication.com/pagead/js/adsbygoogle_direct.js?client=ca-pub-8171468792791627', true, 'anonymous');"
bac68e5f1007483e5afa61a0,onepiececardgame,원피스 카드게임,2026-07,2026-07-30T15:39:08+09:00,known,2f9038c41f9b4915e6582067,bac68e5f1007483e5afa61a0,104518,https://m.dcinside.com/board/onepiececardgame/104518,"글판) 왕관루피,에이스SP 등 페레 SEC 팝니당",seller-8ad10b55fa52911e796a44cf,원딱러,registered,왕관루피 P-043,왕관루피 P-043,왕관루피 (P-043),,,unknown,미분류,1,4.5,45000,estimated,per_card,text,unknown,,active,needs_review,needs_review,"가격 단위 추정, 배송비 포함 여부 미확정",estimated,yes,no, 왕관루피 (P-043) : 4.5
bbc4af768fe7577762f92ea1,onepiececardgame,원피스 카드게임,2026-07,2026-07-30T15:39:08+09:00,known,f6bad0a6e98db281a0fe5ab9,bbc4af768fe7577762f92ea1,104518,https://m.dcinside.com/board/onepiececardgame/104518,"글판) 왕관루피,에이스SP 등 페레 SEC 팝니당",seller-8ad10b55fa52911e796a44cf,원딱러,registered,사보 OP07-118,사보 OP07-118,사보 (OP07-118),,,unknown,미분류,1,0.5,5000,estimated,per_card,text,unknown,,active,needs_review,needs_review,"가격 단위 추정, 배송비 포함 여부 미확정",estimated,yes,no, 사보 (OP07-118) : 0.5
be8861b2f8a14fcd793e9aeb,onepiececardgame,원피스 카드게임,2026-07,2026-07-30T15:39:08+09:00,known,32f3a2aba2bdf51f82ab51f1,be8861b2f8a14fcd793e9aeb,104518,https://m.dcinside.com/board/onepiececardgame/104518,"글판) 왕관루피,에이스SP 등 페레 SEC 팝니당",seller-8ad10b55fa52911e796a44cf,원딱러,registered,우체국택배 반택 GS,우체국택배 반택 GS,우체국택배 0.4 / 반택(GS,,,unknown,미분류,1,25,250000,estimated,bundle,text,unknown,,active,needs_review,needs_review,"가격 단위 추정, 복수 카드 가격, 배송비 포함 여부 미확정, 묶음·세트 총액 · 개별 카드 가격 아님",estimated,no,no,우체국택배 0.4 / 반택(GS25) 0.2
bf37b09fd4144fe87eefb313,onepiececardgame,원피스 카드게임,2026-07,2026-07-30T15:39:08+09:00,known,32f3a2aba2bdf51f82ab51f1,bf37b09fd4144fe87eefb313,104518,https://m.dcinside.com/board/onepiececardgame/104518,"글판) 왕관루피,에이스SP 등 페레 SEC 팝니당",seller-8ad10b55fa52911e796a44cf,원딱러,registered,에이스 페레 PRB02-018,에이스 페레 PRB02-018,에이스 페레 (PRB02-018),,,unknown,미분류,1,1.0,10000,estimated,per_card,text,unknown,,active,needs_review,needs_review,"가격 단위 추정, 배송비 포함 여부 미확정",estimated,yes,no, 에이스 페레 (PRB02-018) : 1.0
c04c43925173b7283801fb63,onepiececardgame,원피스 카드게임,2026-07,2026-07-30T15:39:08+09:00,known,2f9038c41f9b4915e6582067,c04c43925173b7283801fb63,104518,https://m.dcinside.com/board/onepiececardgame/104518,"글판) 왕관루피,에이스SP 등 페레 SEC 팝니당",seller-8ad10b55fa52911e796a44cf,원딱러,registered,미호크 페레 OP01-070,미호크 페레 OP01-070,미호크 페레 (OP01-070),,,unknown,미분류,1,0.7,7000,estimated,per_card,text,unknown,,active,needs_review,needs_review,"가격 단위 추정, 배송비 포함 여부 미확정",estimated,yes,no, 미호크 페레 (OP01-070) : 0.7
c282110734485168dd4d0ebf,onepiececardgame,원피스 카드게임,2026-07,2026-07-30T15:39:08+09:00,known,32f3a2aba2bdf51f82ab51f1,c282110734485168dd4d0ebf,104518,https://m.dcinside.com/board/onepiececardgame/104518,"글판) 왕관루피,에이스SP 등 페레 SEC 팝니당",seller-8ad10b55fa52911e796a44cf,원딱러,registered,DOM 삽입 헬퍼 현재 스크립트 위치 기준,DOM 삽입 헬퍼 현재 스크립트 위치 기준,// ---- DOM 삽입 헬퍼 (현재 스크립트 위치 기준,,,unknown,미분류,1,,,missing,unknown,unknown,unknown,,active,excluded,needs_review,"가격 후보 재검토 필요, 가격 미기재, 스크립트·광고 문구로 추정되는 오염 행",missing,no,no,// ---- DOM 삽입 헬퍼 (현재 스크립트 위치 기준1)
c80898931c8c77d58265131e,onepiececardgame,원피스 카드게임,2026-07,2026-07-30T15:39:08+09:00,known,2f9038c41f9b4915e6582067,c80898931c8c77d58265131e,104518,https://m.dcinside.com/board/onepiececardgame/104518,"글판) 왕관루피,에이스SP 등 페레 SEC 팝니당",seller-8ad10b55fa52911e796a44cf,원딱러,registered,var safe = window.dcAd && window.dcAd.safe ==,var safe = window.dcAd && window.dcAd.safe ==,var safe = (window.dcAd && window.dcAd.safe ==,,,unknown,미분류,1,1,10000,estimated,bundle,text,unknown,,active,excluded,needs_review,"가격 단위 추정, 복수 카드 가격, 배송비 포함 여부 미확정, 묶음·세트 총액 · 개별 카드 가격 아님, 스크립트·광고 문구로 추정되는 오염 행",estimated,no,no,var safe = (window.dcAd && window.dcAd.safe == 1)
ce5ec5aa01b1e45d7a21af9f,onepiececardgame,원피스 카드게임,2026-07,2026-07-30T15:39:08+09:00,known,2f9038c41f9b4915e6582067,ce5ec5aa01b1e45d7a21af9f,104518,https://m.dcinside.com/board/onepiececardgame/104518,"글판) 왕관루피,에이스SP 등 페레 SEC 팝니당",seller-8ad10b55fa52911e796a44cf,원딱러,registered,로시난테 OP04-119,로시난테 OP04-119,로시난테 (OP04-119),,,unknown,미분류,1,0.5,5000,estimated,per_card,text,unknown,,active,needs_review,needs_review,"가격 단위 추정, 배송비 포함 여부 미확정",estimated,yes,no, 로시난테 (OP04-119) : 0.5
d46f4ff2015419e5266349f2,onepiececardgame,원피스 카드게임,2026-07,2026-07-30T15:39:08+09:00,known,2f9038c41f9b4915e6582067,d46f4ff2015419e5266349f2,104518,https://m.dcinside.com/board/onepiececardgame/104518,"글판) 왕관루피,에이스SP 등 페레 SEC 팝니당",seller-8ad10b55fa52911e796a44cf,원딱러,registered,사보리더 페레 OP13-004,사보리더 페레 OP13-004,사보리더 페레 (OP13-004),,,unknown,미분류,1,1.5,15000,estimated,per_card,text,unknown,,active,needs_review,needs_review,"가격 단위 추정, 배송비 포함 여부 미확정",estimated,yes,no, 사보리더 페레 (OP13-004) : 1.5
d5a6f8529beca7efbf4de04b,onepiececardgame,원피스 카드게임,2026-07,2026-07-30T15:39:08+09:00,known,2f9038c41f9b4915e6582067,d5a6f8529beca7efbf4de04b,104518,https://m.dcinside.com/board/onepiececardgame/104518,"글판) 왕관루피,에이스SP 등 페레 SEC 팝니당",seller-8ad10b55fa52911e796a44cf,원딱러,registered,loadScript ' t,loadScript ' t,loadScript('//t,,,unknown,미분류,1,,,missing,unknown,unknown,unknown,,active,excluded,needs_review,"가격 후보 재검토 필요, 가격 미기재, 스크립트·광고 문구로 추정되는 오염 행",missing,no,no,"loadScript('//t1.kakaocdn.net/kas/static/ba.min.js', true);"
d6ef1f6fd53a184f19c65870,onepiececardgame,원피스 카드게임,2026-07,2026-07-30T15:39:08+09:00,known,f6bad0a6e98db281a0fe5ab9,d6ef1f6fd53a184f19c65870,104518,https://m.dcinside.com/board/onepiececardgame/104518,"글판) 왕관루피,에이스SP 등 페레 SEC 팝니당",seller-8ad10b55fa52911e796a44cf,원딱러,registered,로시난테 페레 OP02-108,로시난테 페레 OP02-108,로시난테 페레 (OP02-108),,,unknown,미분류,1,0.7,7000,estimated,per_card,text,unknown,,active,needs_review,needs_review,"가격 단위 추정, 배송비 포함 여부 미확정",estimated,yes,no, 로시난테 페레 (OP02-108) : 0.7
de5238db2113de4cc704e3ee,onepiececardgame,원피스 카드게임,2026-07,2026-07-30T15:39:08+09:00,known,f6bad0a6e98db281a0fe5ab9,de5238db2113de4cc704e3ee,104518,https://m.dcinside.com/board/onepiececardgame/104518,"글판) 왕관루피,에이스SP 등 페레 SEC 팝니당",seller-8ad10b55fa52911e796a44cf,원딱러,registered,사보 페레 PRB02-014,사보 페레 PRB02-014,사보 페레 (PRB02-014),,,unknown,미분류,1,1.0,10000,estimated,per_card,text,unknown,,active,needs_review,needs_review,"가격 단위 추정, 배송비 포함 여부 미확정",estimated,yes,no, 사보 페레 (PRB02-014) : 1.0
dfdf93802d822e10cf481891,onepiececardgame,원피스 카드게임,2026-07,2026-07-30T15:39:08+09:00,known,2f9038c41f9b4915e6582067,dfdf93802d822e10cf481891,104518,https://m.dcinside.com/board/onepiececardgame/104518,"글판) 왕관루피,에이스SP 등 페레 SEC 팝니당",seller-8ad10b55fa52911e796a44cf,원딱러,registered,로 OP10-119,로 OP10-119,로 (OP10-119),,,unknown,미분류,1,0.5,5000,estimated,per_card,text,unknown,,active,needs_review,needs_review,"가격 단위 추정, 배송비 포함 여부 미확정",estimated,yes,no, 로 (OP10-119) : 0.5
e530d5f980d0dfb7cc6aa787,onepiececardgame,원피스 카드게임,2026-07,2026-07-30T15:39:08+09:00,known,32f3a2aba2bdf51f82ab51f1,e530d5f980d0dfb7cc6aa787,104518,https://m.dcinside.com/board/onepiececardgame/104518,"글판) 왕관루피,에이스SP 등 페레 SEC 팝니당",seller-8ad10b55fa52911e796a44cf,원딱러,registered,loadScript ' t,loadScript ' t,loadScript('//t,,,unknown,미분류,1,,,missing,unknown,unknown,unknown,,active,excluded,needs_review,"가격 후보 재검토 필요, 가격 미기재, 스크립트·광고 문구로 추정되는 오염 행",missing,no,no,"loadScript('//t1.kakaocdn.net/kas/static/ba.min.js', true);"
ea30bea2348ef49d84a99f0d,onepiececardgame,원피스 카드게임,2026-07,2026-07-30T15:39:08+09:00,known,2f9038c41f9b4915e6582067,ea30bea2348ef49d84a99f0d,104518,https://m.dcinside.com/board/onepiececardgame/104518,"글판) 왕관루피,에이스SP 등 페레 SEC 팝니당",seller-8ad10b55fa52911e796a44cf,원딱러,registered,에이스SP EB02-028,에이스SP EB02-028,에이스SP (EB02-028),,,unknown,미분류,1,6.5,65000,estimated,per_card,text,unknown,,active,needs_review,needs_review,"가격 단위 추정, 배송비 포함 여부 미확정",estimated,yes,no, 에이스SP (EB02-028) : 6.5
edf781c820040b046438da81,onepiececardgame,원피스 카드게임,2026-07,2026-07-30T15:39:08+09:00,known,32f3a2aba2bdf51f82ab51f1,edf781c820040b046438da81,104518,https://m.dcinside.com/board/onepiececardgame/104518,"글판) 왕관루피,에이스SP 등 페레 SEC 팝니당",seller-8ad10b55fa52911e796a44cf,원딱러,registered,사보리더 페레 OP13-004,사보리더 페레 OP13-004,사보리더 페레 (OP13-004),,,unknown,미분류,1,1.5,15000,estimated,per_card,text,unknown,,active,needs_review,needs_review,"가격 단위 추정, 배송비 포함 여부 미확정",estimated,yes,no, 사보리더 페레 (OP13-004) : 1.5
efd49736a1e66c61b8167049,onepiececardgame,원피스 카드게임,2026-07,2026-07-30T15:39:08+09:00,known,32f3a2aba2bdf51f82ab51f1,efd49736a1e66c61b8167049,104518,https://m.dcinside.com/board/onepiececardgame/104518,"글판) 왕관루피,에이스SP 등 페레 SEC 팝니당",seller-8ad10b55fa52911e796a44cf,원딱러,registered,왕관루피 P-043,왕관루피 P-043,왕관루피 (P-043),,,unknown,미분류,1,4.5,45000,estimated,per_card,text,unknown,,active,needs_review,needs_review,"가격 단위 추정, 배송비 포함 여부 미확정",estimated,yes,no, 왕관루피 (P-043) : 4.5
f1e5334fa52f0eae7a0a8c08,onepiececardgame,원피스 카드게임,2026-07,2026-07-30T15:39:08+09:00,known,f6bad0a6e98db281a0fe5ab9,f1e5334fa52f0eae7a0a8c08,104518,https://m.dcinside.com/board/onepiececardgame/104518,"글판) 왕관루피,에이스SP 등 페레 SEC 팝니당",seller-8ad10b55fa52911e796a44cf,원딱러,registered,로 OP10-119,로 OP10-119,로 (OP10-119),,,unknown,미분류,1,0.5,5000,estimated,per_card,text,unknown,,active,needs_review,needs_review,"가격 단위 추정, 배송비 포함 여부 미확정",estimated,yes,no, 로 (OP10-119) : 0.5
f21591a9e66b39004fbb52a1,onepiececardgame,원피스 카드게임,2026-07,2026-07-30T15:39:08+09:00,known,32f3a2aba2bdf51f82ab51f1,f21591a9e66b39004fbb52a1,104518,https://m.dcinside.com/board/onepiececardgame/104518,"글판) 왕관루피,에이스SP 등 페레 SEC 팝니당",seller-8ad10b55fa52911e796a44cf,원딱러,registered,미호크 페레 OP01-070,미호크 페레 OP01-070,미호크 페레 (OP01-070),,,unknown,미분류,1,0.7,7000,estimated,per_card,text,unknown,,active,needs_review,needs_review,"가격 단위 추정, 배송비 포함 여부 미확정",estimated,yes,no, 미호크 페레 (OP01-070) : 0.7
f9a12d3dcf0d0a0f8eaf022f,onepiececardgame,원피스 카드게임,2026-07,2026-07-30T15:39:08+09:00,known,2f9038c41f9b4915e6582067,f9a12d3dcf0d0a0f8eaf022f,104518,https://m.dcinside.com/board/onepiececardgame/104518,"글판) 왕관루피,에이스SP 등 페레 SEC 팝니당",seller-8ad10b55fa52911e796a44cf,원딱러,registered,로 페레 PRB02-002,로 페레 PRB02-002,로 페레(PRB02-002),,,unknown,미분류,1,1.0,10000,estimated,per_card,text,unknown,,active,needs_review,needs_review,"가격 단위 추정, 배송비 포함 여부 미확정",estimated,yes,no, 로 페레(PRB02-002) : 1.0
34c37a497a779c0c55c7d5cf,onepiececardgame,원피스 카드게임,2026-07,2026-07-30T16:45:32+09:00,known,6d80de67137d572eca2e9f42,34c37a497a779c0c55c7d5cf,104524,https://m.dcinside.com/board/onepiececardgame/104524,코비 고레어 소스 삽니다,seller-8ad10b55fa52911e796a44cf,원딱러,registered,엑부,엑부,엑부,,,unknown,미분류,3,,,missing,unknown,unknown,unknown,,active,needs_review,needs_review,수량 표기 감지 · 가격 미기재,missing,no,no,엑부3
a5af48763698ed3b77cdc565,onepiececardgame,원피스 카드게임,2026-07,2026-07-30T16:45:32+09:00,known,f40b8e39c8529958b6bea0a6,a5af48763698ed3b77cdc565,104524,https://m.dcinside.com/board/onepiececardgame/104524,코비 고레어 소스 삽니다,seller-8ad10b55fa52911e796a44cf,원딱러,registered,엑부,엑부,엑부,,,unknown,미분류,3,,,missing,unknown,unknown,unknown,,active,needs_review,needs_review,수량 표기 감지 · 가격 미기재,missing,no,no,엑부3
f30cc7a4ea8c1911205675a6,onepiececardgame,원피스 카드게임,2026-07,2026-07-30T16:45:32+09:00,known,e65e092076e2214e03c43157,f30cc7a4ea8c1911205675a6,104524,https://m.dcinside.com/board/onepiececardgame/104524,코비 고레어 소스 삽니다,seller-8ad10b55fa52911e796a44cf,원딱러,registered,엑부,엑부,엑부,,,unknown,미분류,3,,,missing,unknown,unknown,unknown,,active,needs_review,needs_review,수량 표기 감지 · 가격 미기재,missing,no,no,엑부3
21a78ac957af35848857499b,onepiececardgame,원피스 카드게임,2026-07,2026-07-30T17:11:08+09:00,known,4a266db336a451b69e921f12,21a78ac957af35848857499b,104528,https://m.dcinside.com/board/onepiececardgame/104528,페로나4장 망자 4장 삽니다,seller-4f294535484754eea2e0ba97,ㅇㅇ,guest,망자,망자,망자,,,unknown,미분류,4,2.0,20000,estimated,bundle,text,unknown,,active,needs_review,needs_review,"가격 단위 추정, 수량 표기 감지, 일괄·세트 가격, 배송비 포함 여부 미확정, 묶음·세트 총액 · 개별 카드 가격 아님",estimated,no,no,망자 4장 일괄 2.0
608c0af994271ebe57404a4d,onepiececardgame,원피스 카드게임,2026-07,2026-07-30T17:11:08+09:00,known,bbb74176a0b3783dc3200db7,608c0af994271ebe57404a4d,104528,https://m.dcinside.com/board/onepiececardgame/104528,페로나4장 망자 4장 삽니다,seller-36897dcde59b377d7bd9ea10,ㅇㅇ,guest,망자,망자,망자,,,unknown,미분류,4,2.0,20000,estimated,bundle,text,unknown,,active,needs_review,needs_review,"가격 단위 추정, 수량 표기 감지, 일괄·세트 가격, 배송비 포함 여부 미확정, 묶음·세트 총액 · 개별 카드 가격 아님",estimated,no,no,망자 4장 일괄 2.0
6504c3b13b2b54635a243293,onepiececardgame,원피스 카드게임,2026-07,2026-07-30T17:11:08+09:00,known,a72d222f8e1408d6a62e9f63,6504c3b13b2b54635a243293,104528,https://m.dcinside.com/board/onepiececardgame/104528,페로나4장 망자 4장 삽니다,seller-5c0ffd574e50e544cfdb0977,ㅇㅇ,guest,망자,망자,망자,,,unknown,미분류,4,2.0,20000,estimated,bundle,text,unknown,,active,needs_review,needs_review,"가격 단위 추정, 수량 표기 감지, 일괄·세트 가격, 배송비 포함 여부 미확정, 묶음·세트 총액 · 개별 카드 가격 아님",estimated,no,no,망자 4장 일괄 2.0
733e82989dc853156c8bfb25,onepiececardgame,원피스 카드게임,2026-07,2026-07-30T17:11:08+09:00,known,bbb74176a0b3783dc3200db7,733e82989dc853156c8bfb25,104528,https://m.dcinside.com/board/onepiececardgame/104528,페로나4장 망자 4장 삽니다,seller-36897dcde59b377d7bd9ea10,ㅇㅇ,guest,페로나,페로나,페로나,,,unknown,미분류,4,5.0,50000,estimated,bundle,text,unknown,,active,needs_review,needs_review,"가격 단위 추정, 수량 표기 감지, 일괄·세트 가격, 배송비 포함 여부 미확정, 묶음·세트 총액 · 개별 카드 가격 아님",estimated,no,no,페로나 4장 일괄 5.0
b3527a03c4574d10a3df285e,onepiececardgame,원피스 카드게임,2026-07,2026-07-30T17:11:08+09:00,known,a72d222f8e1408d6a62e9f63,b3527a03c4574d10a3df285e,104528,https://m.dcinside.com/board/onepiececardgame/104528,페로나4장 망자 4장 삽니다,seller-5c0ffd574e50e544cfdb0977,ㅇㅇ,guest,페로나,페로나,페로나,,,unknown,미분류,4,5.0,50000,estimated,bundle,text,unknown,,active,needs_review,needs_review,"가격 단위 추정, 수량 표기 감지, 일괄·세트 가격, 배송비 포함 여부 미확정, 묶음·세트 총액 · 개별 카드 가격 아님",estimated,no,no,페로나 4장 일괄 5.0
f1a62e2cb2556fe6a712c0e9,onepiececardgame,원피스 카드게임,2026-07,2026-07-30T17:11:08+09:00,known,4a266db336a451b69e921f12,f1a62e2cb2556fe6a712c0e9,104528,https://m.dcinside.com/board/onepiececardgame/104528,페로나4장 망자 4장 삽니다,seller-4f294535484754eea2e0ba97,ㅇㅇ,guest,페로나,페로나,페로나,,,unknown,미분류,4,5.0,50000,estimated,bundle,text,unknown,,active,needs_review,needs_review,"가격 단위 추정, 수량 표기 감지, 일괄·세트 가격, 배송비 포함 여부 미확정, 묶음·세트 총액 · 개별 카드 가격 아님",estimated,no,no,페로나 4장 일괄 5.0
40959bd2059131f5d4d18c05,onepiececardgame,원피스 카드게임,2026-07,2026-07-30T17:29:16+09:00,known,cf73fbc761f67cba9d65253e,40959bd2059131f5d4d18c05,104534,https://m.dcinside.com/board/onepiececardgame/104534,코비 리페 녹 소스 삽니다,seller-d8f454c33576d9e2997db621,전역함,registered,PRB 4조로,PRB 4조로,PRB 4조로,,,unknown,미분류,4,1.0,10000,estimated,bundle,text,unknown,,active,needs_review,needs_review,"가격 단위 추정, 수량 표기 감지, 일괄·세트 가격, 배송비 포함 여부 미확정, 묶음·세트 총액 · 개별 카드 가격 아님",estimated,no,no,PRB 4조로 4장 일괄 1.0
4e9f04e76ccfab1b83ed6a5d,onepiececardgame,원피스 카드게임,2026-07,2026-07-30T17:29:16+09:00,known,ab8e611d70e5feaee79a2b5f,4e9f04e76ccfab1b83ed6a5d,104534,https://m.dcinside.com/board/onepiececardgame/104534,코비 리페 녹 소스 삽니다,seller-d8f454c33576d9e2997db621,전역함,registered,코비 리페,코비 리페,코비 리페,,,unknown,미분류,1,2.0,20000,estimated,per_card,text,unknown,,active,needs_review,needs_review,"가격 단위 추정, 배송비 포함 여부 미확정",estimated,yes,no,코비 리페 2.0 구매완
6d05a5212f8fb71f01ea7c99,onepiececardgame,원피스 카드게임,2026-07,2026-07-30T17:29:16+09:00,known,ab8e611d70e5feaee79a2b5f,6d05a5212f8fb71f01ea7c99,104534,https://m.dcinside.com/board/onepiececardgame/104534,코비 리페 녹 소스 삽니다,seller-d8f454c33576d9e2997db621,전역함,registered,PRB 4조로,PRB 4조로,PRB 4조로,,,unknown,미분류,4,1.0,10000,estimated,bundle,text,unknown,,active,needs_review,needs_review,"가격 단위 추정, 수량 표기 감지, 일괄·세트 가격, 배송비 포함 여부 미확정, 묶음·세트 총액 · 개별 카드 가격 아님",estimated,no,no,PRB 4조로 4장 일괄 1.0
a8989a325d6b1cbea450709a,onepiececardgame,원피스 카드게임,2026-07,2026-07-30T17:29:16+09:00,known,a4342bc22fd4da49e4b06273,a8989a325d6b1cbea450709a,104534,https://m.dcinside.com/board/onepiececardgame/104534,코비 리페 녹 소스 삽니다,seller-d8f454c33576d9e2997db621,전역함,registered,PRB 4조로,PRB 4조로,PRB 4조로,,,unknown,미분류,4,1.0,10000,estimated,bundle,text,unknown,,active,needs_review,needs_review,"가격 단위 추정, 수량 표기 감지, 일괄·세트 가격, 배송비 포함 여부 미확정, 묶음·세트 총액 · 개별 카드 가격 아님",estimated,no,no,PRB 4조로 4장 일괄 1.0
be4e80afd50118f6a001c047,onepiececardgame,원피스 카드게임,2026-07,2026-07-30T17:29:16+09:00,known,cf73fbc761f67cba9d65253e,be4e80afd50118f6a001c047,104534,https://m.dcinside.com/board/onepiececardgame/104534,코비 리페 녹 소스 삽니다,seller-d8f454c33576d9e2997db621,전역함,registered,코비 리페,코비 리페,코비 리페,,,unknown,미분류,1,2.0,20000,estimated,per_card,text,unknown,,active,needs_review,needs_review,"가격 단위 추정, 배송비 포함 여부 미확정",estimated,yes,no,코비 리페 2.0 구매완
cf72492313f7fe9af3941747,onepiececardgame,원피스 카드게임,2026-07,2026-07-30T17:29:16+09:00,known,a4342bc22fd4da49e4b06273,cf72492313f7fe9af3941747,104534,https://m.dcinside.com/board/onepiececardgame/104534,코비 리페 녹 소스 삽니다,seller-d8f454c33576d9e2997db621,전역함,registered,코비 리페,코비 리페,코비 리페,,,unknown,미분류,1,2.0,20000,estimated,per_card,text,unknown,,active,needs_review,needs_review,"가격 단위 추정, 배송비 포함 여부 미확정",estimated,yes,no,코비 리페 2.0 구매완
0e89903c37967d781be141da,onepiececardgame,원피스 카드게임,2026-07,2026-07-30T17:44:26+09:00,known,b26282d2a7f461108f95634a,0e89903c37967d781be141da,104540,https://m.dcinside.com/board/onepiececardgame/104540,니카둥 / 타시기SP 구매합니다,seller-227a271c23d903e728399d54,보수.,registered,니카둥 미개봉 만,니카둥 미개봉 만,니카둥 미개봉 만,,,unknown,미분류,1,1.0,10000,estimated,per_card,text,included,2000,active,needs_review,needs_review,"가격 단위 추정, 수량 표기 감지",estimated,yes,no,니카둥 미개봉 1장만 - 택포 1.0
1c2df505ce69aaaf0cdd9e0a,onepiececardgame,원피스 카드게임,2026-07,2026-07-30T17:44:26+09:00,known,9b6f83cab995058bae771542,1c2df505ce69aaaf0cdd9e0a,104540,https://m.dcinside.com/board/onepiececardgame/104540,니카둥 / 타시기SP 구매합니다,seller-227a271c23d903e728399d54,보수.,registered,loadScript 'https pagead,loadScript 'https pagead,loadScript('https://pagead,,,unknown,미분류,1,,,missing,unknown,unknown,unknown,,active,excluded,needs_review,"가격 후보 재검토 필요, 가격 미기재, 스크립트·광고 문구로 추정되는 오염 행",missing,no,no,"loadScript('https://pagead2.googlesyndication.com/pagead/js/adsbygoogle_direct.js?client=ca-pub-8171468792791627', true, 'anonymous');"
203e79c11c33d7df6ef54236,onepiececardgame,원피스 카드게임,2026-07,2026-07-30T17:44:26+09:00,known,9b6f83cab995058bae771542,203e79c11c33d7df6ef54236,104540,https://m.dcinside.com/board/onepiececardgame/104540,니카둥 / 타시기SP 구매합니다,seller-227a271c23d903e728399d54,보수.,registered,loadScript ' t,loadScript ' t,loadScript('//t,,,unknown,미분류,1,,,missing,unknown,unknown,unknown,,active,excluded,needs_review,"가격 후보 재검토 필요, 가격 미기재, 스크립트·광고 문구로 추정되는 오염 행",missing,no,no,"loadScript('//t1.kakaocdn.net/kas/static/ba.min.js', true);"
24e4fbcfff3405fc9962c86c,onepiececardgame,원피스 카드게임,2026-07,2026-07-30T17:44:26+09:00,known,b26282d2a7f461108f95634a,24e4fbcfff3405fc9962c86c,104540,https://m.dcinside.com/board/onepiececardgame/104540,니카둥 / 타시기SP 구매합니다,seller-227a271c23d903e728399d54,보수.,registered,타시기 SP 까지,타시기 SP 까지,타시기 SP 까지 - 장당,,,unknown,미분류,3,3.0,30000,estimated,bundle,text,unknown,,active,needs_review,needs_review,"가격 단위 추정, 수량 표기 감지, 배송비 포함 여부 미확정, 묶음·세트 총액 · 개별 카드 가격 아님",estimated,no,no,"타시기 SP 3장까지 - 장당 3.0 , 택비 별도"
3c9abc38f33b54dc8677c44d,onepiececardgame,원피스 카드게임,2026-07,2026-07-30T17:44:26+09:00,known,60181c9c1098f948c8045db4,3c9abc38f33b54dc8677c44d,104540,https://m.dcinside.com/board/onepiececardgame/104540,니카둥 / 타시기SP 구매합니다,seller-227a271c23d903e728399d54,보수.,registered,var safe = window.dcAd && window.dcAd.safe ==,var safe = window.dcAd && window.dcAd.safe ==,var safe = (window.dcAd && window.dcAd.safe ==,,,unknown,미분류,1,1,10000,estimated,bundle,text,unknown,,active,excluded,needs_review,"가격 단위 추정, 복수 카드 가격, 배송비 포함 여부 미확정, 묶음·세트 총액 · 개별 카드 가격 아님, 스크립트·광고 문구로 추정되는 오염 행",estimated,no,no,var safe = (window.dcAd && window.dcAd.safe == 1)
4127fdaed55b7548d4856da1,onepiececardgame,원피스 카드게임,2026-07,2026-07-30T17:44:26+09:00,known,9b6f83cab995058bae771542,4127fdaed55b7548d4856da1,104540,https://m.dcinside.com/board/onepiececardgame/104540,니카둥 / 타시기SP 구매합니다,seller-227a271c23d903e728399d54,보수.,registered,타시기 SP 까지,타시기 SP 까지,타시기 SP 까지 - 장당,,,unknown,미분류,3,3.0,30000,estimated,bundle,text,unknown,,active,needs_review,needs_review,"가격 단위 추정, 수량 표기 감지, 배송비 포함 여부 미확정, 묶음·세트 총액 · 개별 카드 가격 아님",estimated,no,no,"타시기 SP 3장까지 - 장당 3.0 , 택비 별도"
523b0b7eee6a2b0fb1576346,onepiececardgame,원피스 카드게임,2026-07,2026-07-30T17:44:26+09:00,known,60181c9c1098f948c8045db4,523b0b7eee6a2b0fb1576346,104540,https://m.dcinside.com/board/onepiececardgame/104540,니카둥 / 타시기SP 구매합니다,seller-227a271c23d903e728399d54,보수.,registered,loadScript ' t,loadScript ' t,loadScript('//t,,,unknown,미분류,1,,,missing,unknown,unknown,unknown,,active,excluded,needs_review,"가격 후보 재검토 필요, 가격 미기재, 스크립트·광고 문구로 추정되는 오염 행",missing,no,no,"loadScript('//t1.kakaocdn.net/kas/static/ba.min.js', true);"
6f3308e810c5f0ea136c4d91,onepiececardgame,원피스 카드게임,2026-07,2026-07-30T17:44:26+09:00,known,9b6f83cab995058bae771542,6f3308e810c5f0ea136c4d91,104540,https://m.dcinside.com/board/onepiececardgame/104540,니카둥 / 타시기SP 구매합니다,seller-227a271c23d903e728399d54,보수.,registered,DOM 삽입 헬퍼 현재 스크립트 위치 기준,DOM 삽입 헬퍼 현재 스크립트 위치 기준,// ---- DOM 삽입 헬퍼 (현재 스크립트 위치 기준,,,unknown,미분류,1,,,missing,unknown,unknown,unknown,,active,excluded,needs_review,"가격 후보 재검토 필요, 가격 미기재, 스크립트·광고 문구로 추정되는 오염 행",missing,no,no,// ---- DOM 삽입 헬퍼 (현재 스크립트 위치 기준1)
838f8807b7ff7135555397de,onepiececardgame,원피스 카드게임,2026-07,2026-07-30T17:44:26+09:00,known,b26282d2a7f461108f95634a,838f8807b7ff7135555397de,104540,https://m.dcinside.com/board/onepiececardgame/104540,니카둥 / 타시기SP 구매합니다,seller-227a271c23d903e728399d54,보수.,registered,loadScript 'https pagead,loadScript 'https pagead,loadScript('https://pagead,,,unknown,미분류,1,,,missing,unknown,unknown,unknown,,active,excluded,needs_review,"가격 후보 재검토 필요, 가격 미기재, 스크립트·광고 문구로 추정되는 오염 행",missing,no,no,"loadScript('https://pagead2.googlesyndication.com/pagead/js/adsbygoogle_direct.js?client=ca-pub-8171468792791627', true, 'anonymous');"
8551cd85717c9108f409c4ae,onepiececardgame,원피스 카드게임,2026-07,2026-07-30T17:44:26+09:00,known,b26282d2a7f461108f95634a,8551cd85717c9108f409c4ae,104540,https://m.dcinside.com/board/onepiececardgame/104540,니카둥 / 타시기SP 구매합니다,seller-227a271c23d903e728399d54,보수.,registered,var safe = window.dcAd && window.dcAd.safe ==,var safe = window.dcAd && window.dcAd.safe ==,var safe = (window.dcAd && window.dcAd.safe ==,,,unknown,미분류,1,1,10000,estimated,bundle,text,unknown,,active,excluded,needs_review,"가격 단위 추정, 복수 카드 가격, 배송비 포함 여부 미확정, 묶음·세트 총액 · 개별 카드 가격 아님, 스크립트·광고 문구로 추정되는 오염 행",estimated,no,no,var safe = (window.dcAd && window.dcAd.safe == 1)
ba8c07c3c6b7c77dc2c9d67a,onepiececardgame,원피스 카드게임,2026-07,2026-07-30T17:44:26+09:00,known,b26282d2a7f461108f95634a,ba8c07c3c6b7c77dc2c9d67a,104540,https://m.dcinside.com/board/onepiececardgame/104540,니카둥 / 타시기SP 구매합니다,seller-227a271c23d903e728399d54,보수.,registered,loadScript ' t,loadScript ' t,loadScript('//t,,,unknown,미분류,1,,,missing,unknown,unknown,unknown,,active,excluded,needs_review,"가격 후보 재검토 필요, 가격 미기재, 스크립트·광고 문구로 추정되는 오염 행",missing,no,no,"loadScript('//t1.kakaocdn.net/kas/static/ba.min.js', true);"
db9e69931d2e9bb7c59d94c4,onepiececardgame,원피스 카드게임,2026-07,2026-07-30T17:44:26+09:00,known,9b6f83cab995058bae771542,db9e69931d2e9bb7c59d94c4,104540,https://m.dcinside.com/board/onepiececardgame/104540,니카둥 / 타시기SP 구매합니다,seller-227a271c23d903e728399d54,보수.,registered,니카둥 미개봉 만,니카둥 미개봉 만,니카둥 미개봉 만,,,unknown,미분류,1,1.0,10000,estimated,per_card,text,included,2000,active,needs_review,needs_review,"가격 단위 추정, 수량 표기 감지",estimated,yes,no,니카둥 미개봉 1장만 - 택포 1.0
e0e1c888297f092db53b50af,onepiececardgame,원피스 카드게임,2026-07,2026-07-30T17:44:26+09:00,known,60181c9c1098f948c8045db4,e0e1c888297f092db53b50af,104540,https://m.dcinside.com/board/onepiececardgame/104540,니카둥 / 타시기SP 구매합니다,seller-227a271c23d903e728399d54,보수.,registered,DOM 삽입 헬퍼 현재 스크립트 위치 기준,DOM 삽입 헬퍼 현재 스크립트 위치 기준,// ---- DOM 삽입 헬퍼 (현재 스크립트 위치 기준,,,unknown,미분류,1,,,missing,unknown,unknown,unknown,,active,excluded,needs_review,"가격 후보 재검토 필요, 가격 미기재, 스크립트·광고 문구로 추정되는 오염 행",missing,no,no,// ---- DOM 삽입 헬퍼 (현재 스크립트 위치 기준1)
e632bc6eb2ffd78c6ffa2941,onepiececardgame,원피스 카드게임,2026-07,2026-07-30T17:44:26+09:00,known,9b6f83cab995058bae771542,e632bc6eb2ffd78c6ffa2941,104540,https://m.dcinside.com/board/onepiececardgame/104540,니카둥 / 타시기SP 구매합니다,seller-227a271c23d903e728399d54,보수.,registered,var safe = window.dcAd && window.dcAd.safe ==,var safe = window.dcAd && window.dcAd.safe ==,var safe = (window.dcAd && window.dcAd.safe ==,,,unknown,미분류,1,1,10000,estimated,bundle,text,unknown,,active,excluded,needs_review,"가격 단위 추정, 복수 카드 가격, 배송비 포함 여부 미확정, 묶음·세트 총액 · 개별 카드 가격 아님, 스크립트·광고 문구로 추정되는 오염 행",estimated,no,no,var safe = (window.dcAd && window.dcAd.safe == 1)
ea09732072ae3ae9ca0fd103,onepiececardgame,원피스 카드게임,2026-07,2026-07-30T17:44:26+09:00,known,60181c9c1098f948c8045db4,ea09732072ae3ae9ca0fd103,104540,https://m.dcinside.com/board/onepiececardgame/104540,니카둥 / 타시기SP 구매합니다,seller-227a271c23d903e728399d54,보수.,registered,loadScript 'https pagead,loadScript 'https pagead,loadScript('https://pagead,,,unknown,미분류,1,,,missing,unknown,unknown,unknown,,active,excluded,needs_review,"가격 후보 재검토 필요, 가격 미기재, 스크립트·광고 문구로 추정되는 오염 행",missing,no,no,"loadScript('https://pagead2.googlesyndication.com/pagead/js/adsbygoogle_direct.js?client=ca-pub-8171468792791627', true, 'anonymous');"
ec594165c1f99dbdc8369ae1,onepiececardgame,원피스 카드게임,2026-07,2026-07-30T17:44:26+09:00,known,60181c9c1098f948c8045db4,ec594165c1f99dbdc8369ae1,104540,https://m.dcinside.com/board/onepiececardgame/104540,니카둥 / 타시기SP 구매합니다,seller-227a271c23d903e728399d54,보수.,registered,니카둥 미개봉 만,니카둥 미개봉 만,니카둥 미개봉 만,,,unknown,미분류,1,1.0,10000,estimated,per_card,text,included,2000,active,needs_review,needs_review,"가격 단위 추정, 수량 표기 감지",estimated,yes,no,니카둥 미개봉 1장만 - 택포 1.0
ed4e444731eb5d16ec9f33f8,onepiececardgame,원피스 카드게임,2026-07,2026-07-30T17:44:26+09:00,known,60181c9c1098f948c8045db4,ed4e444731eb5d16ec9f33f8,104540,https://m.dcinside.com/board/onepiececardgame/104540,니카둥 / 타시기SP 구매합니다,seller-227a271c23d903e728399d54,보수.,registered,타시기 SP 까지,타시기 SP 까지,타시기 SP 까지 - 장당,,,unknown,미분류,3,3.0,30000,estimated,bundle,text,unknown,,active,needs_review,needs_review,"가격 단위 추정, 수량 표기 감지, 배송비 포함 여부 미확정, 묶음·세트 총액 · 개별 카드 가격 아님",estimated,no,no,"타시기 SP 3장까지 - 장당 3.0 , 택비 별도"
ee9a4dfcb50b3d7f6c2742c0,onepiececardgame,원피스 카드게임,2026-07,2026-07-30T17:44:26+09:00,known,b26282d2a7f461108f95634a,ee9a4dfcb50b3d7f6c2742c0,104540,https://m.dcinside.com/board/onepiececardgame/104540,니카둥 / 타시기SP 구매합니다,seller-227a271c23d903e728399d54,보수.,registered,DOM 삽입 헬퍼 현재 스크립트 위치 기준,DOM 삽입 헬퍼 현재 스크립트 위치 기준,// ---- DOM 삽입 헬퍼 (현재 스크립트 위치 기준,,,unknown,미분류,1,,,missing,unknown,unknown,unknown,,active,excluded,needs_review,"가격 후보 재검토 필요, 가격 미기재, 스크립트·광고 문구로 추정되는 오염 행",missing,no,no,// ---- DOM 삽입 헬퍼 (현재 스크립트 위치 기준1)
1515eaf6f6e0184be1b7133a,onepiececardgame,원피스 카드게임,2026-07,2026-07-30T18:22:57+09:00,known,72ad6b39b523ef52eef2876f,1515eaf6f6e0184be1b7133a,104548,https://m.dcinside.com/board/onepiececardgame/104548,청황 나미 덱소스 구합니다,seller-2d79090d4e4d006d152d6a53,카드닦는중,guest,청 노지코,청 노지코,청 노지코,,,unknown,미분류,3,0.2,2000,estimated,bundle,text,unknown,,active,needs_review,needs_review,"가격 단위 추정, 수량 표기 감지, 일괄·세트 가격, 배송비 포함 여부 미확정, 묶음·세트 총액 · 개별 카드 가격 아님",estimated,no,no,청 노지코 3장 일괄 0.2
15e4e47ea7fbe0110ad6e397,onepiececardgame,원피스 카드게임,2026-07,2026-07-30T18:22:57+09:00,known,86c964fbfd3dab37c7bd4cb9,15e4e47ea7fbe0110ad6e397,104548,https://m.dcinside.com/board/onepiececardgame/104548,청황 나미 덱소스 구합니다,seller-69b3523f54dd29f3857aa547,카드닦는중,guest,황히요리,황히요리,황히요리,,,unknown,미분류,4,4.0,40000,estimated,bundle,text,unknown,,active,needs_review,needs_review,"가격 단위 추정, 수량 표기 감지, 일괄·세트 가격, 배송비 포함 여부 미확정, 묶음·세트 총액 · 개별 카드 가격 아님",estimated,no,no,황히요리 4장 일괄 4.0
15e7f137fc03b1d8d94a9b97,onepiececardgame,원피스 카드게임,2026-07,2026-07-30T18:22:57+09:00,known,72ad6b39b523ef52eef2876f,15e7f137fc03b1d8d94a9b97,104548,https://m.dcinside.com/board/onepiececardgame/104548,청황 나미 덱소스 구합니다,seller-2d79090d4e4d006d152d6a53,카드닦는중,guest,마르코,마르코,마르코,,,unknown,미분류,2,3.6,36000,estimated,bundle,text,unknown,,active,needs_review,needs_review,"가격 단위 추정, 수량 표기 감지, 일괄·세트 가격, 배송비 포함 여부 미확정, 묶음·세트 총액 · 개별 카드 가격 아님",estimated,no,no,마르코 2장 일괄 3.6
1c58b340b2fdcc51d125282b,onepiececardgame,원피스 카드게임,2026-07,2026-07-30T18:22:57+09:00,known,525e12938677b971d6966d30,1c58b340b2fdcc51d125282b,104548,https://m.dcinside.com/board/onepiececardgame/104548,청황 나미 덱소스 구합니다,seller-bff48d5dea626d872aff7319,카드닦는중,guest,레드로크,레드로크,레드로크,,,unknown,미분류,3,0.7,7000,estimated,bundle,text,unknown,,active,needs_review,needs_review,"가격 단위 추정, 수량 표기 감지, 일괄·세트 가격, 배송비 포함 여부 미확정, 묶음·세트 총액 · 개별 카드 가격 아님",estimated,no,no,레드로크 3장 일괄 0.7
2bb4f2621b109dfb44bef7db,onepiececardgame,원피스 카드게임,2026-07,2026-07-30T18:22:57+09:00,known,525e12938677b971d6966d30,2bb4f2621b109dfb44bef7db,104548,https://m.dcinside.com/board/onepiececardgame/104548,청황 나미 덱소스 구합니다,seller-bff48d5dea626d872aff7319,카드닦는중,guest,마르코,마르코,마르코,,,unknown,미분류,2,3.6,36000,estimated,bundle,text,unknown,,active,needs_review,needs_review,"가격 단위 추정, 수량 표기 감지, 일괄·세트 가격, 배송비 포함 여부 미확정, 묶음·세트 총액 · 개별 카드 가격 아님",estimated,no,no,마르코 2장 일괄 3.6
49c9a8bb40e8a4d173bca4d4,onepiececardgame,원피스 카드게임,2026-07,2026-07-30T18:22:57+09:00,known,525e12938677b971d6966d30,49c9a8bb40e8a4d173bca4d4,104548,https://m.dcinside.com/board/onepiececardgame/104548,청황 나미 덱소스 구합니다,seller-bff48d5dea626d872aff7319,카드닦는중,guest,내 시종이 될래,내 시종이 될래,내 시종이 될래,,,unknown,미분류,4,0.1,1000,estimated,bundle,text,unknown,,active,needs_review,needs_review,"가격 단위 추정, 수량 표기 감지, 일괄·세트 가격, 배송비 포함 여부 미확정, 묶음·세트 총액 · 개별 카드 가격 아님",estimated,no,no,내 시종이 될래 4장 일괄 0.1
4aef0f45b9c76dd7d568a57e,onepiececardgame,원피스 카드게임,2026-07,2026-07-30T18:22:57+09:00,known,da04d61037ba37f7f1791a9e,4aef0f45b9c76dd7d568a57e,104548,https://m.dcinside.com/board/onepiececardgame/104548,청황 나미 덱소스 구합니다,seller-4d09bb5e81d756ef87b5a502,카드닦는중,guest,레드로크,레드로크,레드로크,,,unknown,미분류,3,0.7,7000,estimated,bundle,text,unknown,,active,needs_review,needs_review,"가격 단위 추정, 수량 표기 감지, 일괄·세트 가격, 배송비 포함 여부 미확정, 묶음·세트 총액 · 개별 카드 가격 아님",estimated,no,no,레드로크 3장 일괄 0.7
4cc45a831aee720d2bfc729f,onepiececardgame,원피스 카드게임,2026-07,2026-07-30T18:22:57+09:00,known,da04d61037ba37f7f1791a9e,4cc45a831aee720d2bfc729f,104548,https://m.dcinside.com/board/onepiececardgame/104548,청황 나미 덱소스 구합니다,seller-4d09bb5e81d756ef87b5a502,카드닦는중,guest,마르코,마르코,마르코,,,unknown,미분류,2,3.6,36000,estimated,bundle,text,unknown,,active,needs_review,needs_review,"가격 단위 추정, 수량 표기 감지, 일괄·세트 가격, 배송비 포함 여부 미확정, 묶음·세트 총액 · 개별 카드 가격 아님",estimated,no,no,마르코 2장 일괄 3.6
64c629ed8422265e1cb1d12e,onepiececardgame,원피스 카드게임,2026-07,2026-07-30T18:22:57+09:00,known,da04d61037ba37f7f1791a9e,64c629ed8422265e1cb1d12e,104548,https://m.dcinside.com/board/onepiececardgame/104548,청황 나미 덱소스 구합니다,seller-4d09bb5e81d756ef87b5a502,카드닦는중,guest,내 시종이 될래,내 시종이 될래,내 시종이 될래,,,unknown,미분류,4,0.1,1000,estimated,bundle,text,unknown,,active,needs_review,needs_review,"가격 단위 추정, 수량 표기 감지, 일괄·세트 가격, 배송비 포함 여부 미확정, 묶음·세트 총액 · 개별 카드 가격 아님",estimated,no,no,내 시종이 될래 4장 일괄 0.1
6530487d8b5c7f93175a156c,onepiececardgame,원피스 카드게임,2026-07,2026-07-30T18:22:57+09:00,known,525e12938677b971d6966d30,6530487d8b5c7f93175a156c,104548,https://m.dcinside.com/board/onepiececardgame/104548,청황 나미 덱소스 구합니다,seller-bff48d5dea626d872aff7319,카드닦는중,guest,청 노지코,청 노지코,청 노지코,,,unknown,미분류,3,0.2,2000,estimated,bundle,text,unknown,,active,needs_review,needs_review,"가격 단위 추정, 수량 표기 감지, 일괄·세트 가격, 배송비 포함 여부 미확정, 묶음·세트 총액 · 개별 카드 가격 아님",estimated,no,no,청 노지코 3장 일괄 0.2
72f909b9236fe11ddf904a32,onepiececardgame,원피스 카드게임,2026-07,2026-07-30T18:22:57+09:00,known,72ad6b39b523ef52eef2876f,72f909b9236fe11ddf904a32,104548,https://m.dcinside.com/board/onepiececardgame/104548,청황 나미 덱소스 구합니다,seller-2d79090d4e4d006d152d6a53,카드닦는중,guest,내 시종이 될래,내 시종이 될래,내 시종이 될래,,,unknown,미분류,4,0.1,1000,estimated,bundle,text,unknown,,active,needs_review,needs_review,"가격 단위 추정, 수량 표기 감지, 일괄·세트 가격, 배송비 포함 여부 미확정, 묶음·세트 총액 · 개별 카드 가격 아님",estimated,no,no,내 시종이 될래 4장 일괄 0.1
92b8c6c0fae6a16cb08eb78a,onepiececardgame,원피스 카드게임,2026-07,2026-07-30T18:22:57+09:00,known,86c964fbfd3dab37c7bd4cb9,92b8c6c0fae6a16cb08eb78a,104548,https://m.dcinside.com/board/onepiececardgame/104548,청황 나미 덱소스 구합니다,seller-69b3523f54dd29f3857aa547,카드닦는중,guest,청 노지코,청 노지코,청 노지코,,,unknown,미분류,3,0.2,2000,estimated,bundle,text,unknown,,active,needs_review,needs_review,"가격 단위 추정, 수량 표기 감지, 일괄·세트 가격, 배송비 포함 여부 미확정, 묶음·세트 총액 · 개별 카드 가격 아님",estimated,no,no,청 노지코 3장 일괄 0.2
a7c7609044ccdc74d061a484,onepiececardgame,원피스 카드게임,2026-07,2026-07-30T18:22:57+09:00,known,da04d61037ba37f7f1791a9e,a7c7609044ccdc74d061a484,104548,https://m.dcinside.com/board/onepiececardgame/104548,청황 나미 덱소스 구합니다,seller-4d09bb5e81d756ef87b5a502,카드닦는중,guest,청 노지코,청 노지코,청 노지코,,,unknown,미분류,3,0.2,2000,estimated,bundle,text,unknown,,active,needs_review,needs_review,"가격 단위 추정, 수량 표기 감지, 일괄·세트 가격, 배송비 포함 여부 미확정, 묶음·세트 총액 · 개별 카드 가격 아님",estimated,no,no,청 노지코 3장 일괄 0.2
be2109f89778c43a250d1903,onepiececardgame,원피스 카드게임,2026-07,2026-07-30T18:22:57+09:00,known,525e12938677b971d6966d30,be2109f89778c43a250d1903,104548,https://m.dcinside.com/board/onepiececardgame/104548,청황 나미 덱소스 구합니다,seller-bff48d5dea626d872aff7319,카드닦는중,guest,황히요리,황히요리,황히요리,,,unknown,미분류,4,4.0,40000,estimated,bundle,text,unknown,,active,needs_review,needs_review,"가격 단위 추정, 수량 표기 감지, 일괄·세트 가격, 배송비 포함 여부 미확정, 묶음·세트 총액 · 개별 카드 가격 아님",estimated,no,no,황히요리 4장 일괄 4.0
d19075ce80f0776687d3e54d,onepiececardgame,원피스 카드게임,2026-07,2026-07-30T18:22:57+09:00,known,da04d61037ba37f7f1791a9e,d19075ce80f0776687d3e54d,104548,https://m.dcinside.com/board/onepiececardgame/104548,청황 나미 덱소스 구합니다,seller-4d09bb5e81d756ef87b5a502,카드닦는중,guest,황히요리,황히요리,황히요리,,,unknown,미분류,4,4.0,40000,estimated,bundle,text,unknown,,active,needs_review,needs_review,"가격 단위 추정, 수량 표기 감지, 일괄·세트 가격, 배송비 포함 여부 미확정, 묶음·세트 총액 · 개별 카드 가격 아님",estimated,no,no,황히요리 4장 일괄 4.0
dcb353e33aed6f70775d7ba9,onepiececardgame,원피스 카드게임,2026-07,2026-07-30T18:22:57+09:00,known,72ad6b39b523ef52eef2876f,dcb353e33aed6f70775d7ba9,104548,https://m.dcinside.com/board/onepiececardgame/104548,청황 나미 덱소스 구합니다,seller-2d79090d4e4d006d152d6a53,카드닦는중,guest,레드로크,레드로크,레드로크,,,unknown,미분류,3,0.7,7000,estimated,bundle,text,unknown,,active,needs_review,needs_review,"가격 단위 추정, 수량 표기 감지, 일괄·세트 가격, 배송비 포함 여부 미확정, 묶음·세트 총액 · 개별 카드 가격 아님",estimated,no,no,레드로크 3장 일괄 0.7
e40519ee3cfd0c7511e4746d,onepiececardgame,원피스 카드게임,2026-07,2026-07-30T18:22:57+09:00,known,86c964fbfd3dab37c7bd4cb9,e40519ee3cfd0c7511e4746d,104548,https://m.dcinside.com/board/onepiececardgame/104548,청황 나미 덱소스 구합니다,seller-69b3523f54dd29f3857aa547,카드닦는중,guest,내 시종이 될래,내 시종이 될래,내 시종이 될래,,,unknown,미분류,4,0.1,1000,estimated,bundle,text,unknown,,active,needs_review,needs_review,"가격 단위 추정, 수량 표기 감지, 일괄·세트 가격, 배송비 포함 여부 미확정, 묶음·세트 총액 · 개별 카드 가격 아님",estimated,no,no,내 시종이 될래 4장 일괄 0.1
f374b825746328d222d0b711,onepiececardgame,원피스 카드게임,2026-07,2026-07-30T18:22:57+09:00,known,86c964fbfd3dab37c7bd4cb9,f374b825746328d222d0b711,104548,https://m.dcinside.com/board/onepiececardgame/104548,청황 나미 덱소스 구합니다,seller-69b3523f54dd29f3857aa547,카드닦는중,guest,마르코,마르코,마르코,,,unknown,미분류,2,3.6,36000,estimated,bundle,text,unknown,,active,needs_review,needs_review,"가격 단위 추정, 수량 표기 감지, 일괄·세트 가격, 배송비 포함 여부 미확정, 묶음·세트 총액 · 개별 카드 가격 아님",estimated,no,no,마르코 2장 일괄 3.6
f3a5d9ff1f8c6e8a02082f48,onepiececardgame,원피스 카드게임,2026-07,2026-07-30T18:22:57+09:00,known,72ad6b39b523ef52eef2876f,f3a5d9ff1f8c6e8a02082f48,104548,https://m.dcinside.com/board/onepiececardgame/104548,청황 나미 덱소스 구합니다,seller-2d79090d4e4d006d152d6a53,카드닦는중,guest,황히요리,황히요리,황히요리,,,unknown,미분류,4,4.0,40000,estimated,bundle,text,unknown,,active,needs_review,needs_review,"가격 단위 추정, 수량 표기 감지, 일괄·세트 가격, 배송비 포함 여부 미확정, 묶음·세트 총액 · 개별 카드 가격 아님",estimated,no,no,황히요리 4장 일괄 4.0
fadff1d5d236c534067a8e9a,onepiececardgame,원피스 카드게임,2026-07,2026-07-30T18:22:57+09:00,known,86c964fbfd3dab37c7bd4cb9,fadff1d5d236c534067a8e9a,104548,https://m.dcinside.com/board/onepiececardgame/104548,청황 나미 덱소스 구합니다,seller-69b3523f54dd29f3857aa547,카드닦는중,guest,레드로크,레드로크,레드로크,,,unknown,미분류,3,0.7,7000,estimated,bundle,text,unknown,,active,needs_review,needs_review,"가격 단위 추정, 수량 표기 감지, 일괄·세트 가격, 배송비 포함 여부 미확정, 묶음·세트 총액 · 개별 카드 가격 아님",estimated,no,no,레드로크 3장 일괄 0.7
199b3ca8b1aec551c68a7309,onepiececardgame,원피스 카드게임,2026-07,2026-07-31T01:53:40+09:00,known,1f7c5ec2cd99400d9f4032be,199b3ca8b1aec551c68a7309,104625,https://m.dcinside.com/board/onepiececardgame/104625,3코 적 상디 삽니다,seller-bfefb064c258a6b789213cb4,바른사과,guest,3코 적 상디 에,3코 적 상디 에,3코 적 상디 에,,,unknown,미분류,1,0.8,8000,estimated,bundle,text,unknown,,active,needs_review,needs_review,"가격 단위 추정, 수량 표기 감지, 배송비 포함 여부 미확정, 묶음·세트 총액 · 개별 카드 가격 아님",estimated,no,no,3코 적 상디 1장에 0.8에 4장 일괄로 삽니다
2b20880baf25063af7950aeb,onepiececardgame,원피스 카드게임,2026-07,2026-07-31T01:53:40+09:00,known,13ce9b32b7e0f72e7aa5685d,2b20880baf25063af7950aeb,104625,https://m.dcinside.com/board/onepiececardgame/104625,3코 적 상디 삽니다,seller-80a6dee21916a30f6de7fe54,바른사과,guest,3코 적 상디 에,3코 적 상디 에,3코 적 상디 에,,,unknown,미분류,1,0.8,8000,estimated,bundle,text,unknown,,active,needs_review,needs_review,"가격 단위 추정, 수량 표기 감지, 배송비 포함 여부 미확정, 묶음·세트 총액 · 개별 카드 가격 아님",estimated,no,no,3코 적 상디 1장에 0.8에 4장 일괄로 삽니다
6c3a5c3c54e0450f9b2ef73c,onepiececardgame,원피스 카드게임,2026-07,2026-07-31T01:53:40+09:00,known,f2d5dd5d5e8d87273cbf3150,6c3a5c3c54e0450f9b2ef73c,104625,https://m.dcinside.com/board/onepiececardgame/104625,3코 적 상디 삽니다,seller-b0e834db8c703b60d39ee2fb,바른사과,guest,3코 적 상디 에,3코 적 상디 에,3코 적 상디 에,,,unknown,미분류,1,0.8,8000,estimated,bundle,text,unknown,,active,needs_review,needs_review,"가격 단위 추정, 수량 표기 감지, 배송비 포함 여부 미확정, 묶음·세트 총액 · 개별 카드 가격 아님",estimated,no,no,3코 적 상디 1장에 0.8에 4장 일괄로 삽니다
0af545ee8b8b7b98e1687a05,onepiececardgame,원피스 카드게임,2026-07,2026-07-31T13:01:20+09:00,known,767c1b7e424586776a8c9baf,0af545ee8b8b7b98e1687a05,104686,https://m.dcinside.com/board/onepiececardgame/104686,pbr조로 5캐럿 삽니다,seller-8ad10b55fa52911e796a44cf,원딱러,registered,prb조로 캐럿,prb조로 캐럿,"prb조로 , 캐럿",,,unknown,미분류,6,2,20000,estimated,bundle,text,unknown,,active,needs_review,needs_review,"가격 단위 추정, 수량 표기 감지, 일괄·세트 가격, 복수 카드 가격, 배송비 포함 여부 미확정, 묶음·세트 총액 · 개별 카드 가격 아님",estimated,no,no,"prb조로 3장, 캐럿 3장 일괄 2에 삽니다"
10910e24b3c4d7b7356647f9,onepiececardgame,원피스 카드게임,2026-07,2026-07-31T13:01:20+09:00,known,d6cc72d15c46a81349c2af50,10910e24b3c4d7b7356647f9,104686,https://m.dcinside.com/board/onepiececardgame/104686,pbr조로 5캐럿 삽니다,seller-8ad10b55fa52911e796a44cf,원딱러,registered,prb조로 캐럿,prb조로 캐럿,"prb조로 , 캐럿",,,unknown,미분류,6,2,20000,estimated,bundle,text,unknown,,active,needs_review,needs_review,"가격 단위 추정, 수량 표기 감지, 일괄·세트 가격, 복수 카드 가격, 배송비 포함 여부 미확정, 묶음·세트 총액 · 개별 카드 가격 아님",estimated,no,no,"prb조로 3장, 캐럿 3장 일괄 2에 삽니다"
148384e66ea98c41c5806b8d,onepiececardgame,원피스 카드게임,2026-07,2026-07-31T13:01:20+09:00,known,5a12413e3fdec544eea0374d,148384e66ea98c41c5806b8d,104686,https://m.dcinside.com/board/onepiececardgame/104686,pbr조로 5캐럿 삽니다,seller-8ad10b55fa52911e796a44cf,원딱러,registered,prb조로 캐럿,prb조로 캐럿,"prb조로 , 캐럿",,,unknown,미분류,6,2,20000,estimated,bundle,text,unknown,,active,needs_review,needs_review,"가격 단위 추정, 수량 표기 감지, 일괄·세트 가격, 복수 카드 가격, 배송비 포함 여부 미확정, 묶음·세트 총액 · 개별 카드 가격 아님",estimated,no,no,"prb조로 3장, 캐럿 3장 일괄 2에 삽니다"
12cacd57a07326c4dd11e564,onepiececardgame,원피스 카드게임,2026-07,2026-07-31T13:49:02+09:00,known,438e05d5996315c794117c08,12cacd57a07326c4dd11e564,104702,https://m.dcinside.com/board/onepiececardgame/104702,베5 녹1코 페로나외 범용 몇개 삽니다,seller-37ce6b7f83c55757eb7cac7e,슈엔젤숭배합니..,registered,레드록,레드록,레드록,,,unknown,미분류,3,1,10000,estimated,bundle,text,unknown,,active,needs_review,needs_review,"가격 단위 추정, 수량 표기 감지, 일괄·세트 가격, 배송비 포함 여부 미확정, 묶음·세트 총액 · 개별 카드 가격 아님",estimated,no,no,레드록 3장 일괄 1
22bde68f40def024553c0fad,onepiececardgame,원피스 카드게임,2026-07,2026-07-31T13:49:02+09:00,known,438e05d5996315c794117c08,22bde68f40def024553c0fad,104702,https://m.dcinside.com/board/onepiececardgame/104702,베5 녹1코 페로나외 범용 몇개 삽니다,seller-37ce6b7f83c55757eb7cac7e,슈엔젤숭배합니..,registered,맹호,맹호,맹호,,,unknown,미분류,3,0.6,6000,estimated,bundle,text,unknown,,active,needs_review,needs_review,"가격 단위 추정, 수량 표기 감지, 일괄·세트 가격, 배송비 포함 여부 미확정, 묶음·세트 총액 · 개별 카드 가격 아님",estimated,no,no,맹호 3장 일괄 0.6
5e2888aeadfab79011e0c3bf,onepiececardgame,원피스 카드게임,2026-07,2026-07-31T13:49:02+09:00,known,438e05d5996315c794117c08,5e2888aeadfab79011e0c3bf,104702,https://m.dcinside.com/board/onepiececardgame/104702,베5 녹1코 페로나외 범용 몇개 삽니다,seller-37ce6b7f83c55757eb7cac7e,슈엔젤숭배합니..,registered,페로나,페로나,페로나,,,unknown,미분류,4,5.5,55000,estimated,bundle,text,unknown,,active,needs_review,needs_review,"가격 단위 추정, 수량 표기 감지, 일괄·세트 가격, 배송비 포함 여부 미확정, 묶음·세트 총액 · 개별 카드 가격 아님",estimated,no,no,페로나 4장 일괄 5.5
92d1db5cc3d6236d8e998e59,onepiececardgame,원피스 카드게임,2026-07,2026-07-31T13:49:02+09:00,known,b64bfda11a12f0178c2b6150,92d1db5cc3d6236d8e998e59,104702,https://m.dcinside.com/board/onepiececardgame/104702,베5 녹1코 페로나외 범용 몇개 삽니다,seller-37ce6b7f83c55757eb7cac7e,슈엔젤숭배합니..,registered,맹호,맹호,맹호,,,unknown,미분류,3,0.6,6000,estimated,bundle,text,unknown,,active,needs_review,needs_review,"가격 단위 추정, 수량 표기 감지, 일괄·세트 가격, 배송비 포함 여부 미확정, 묶음·세트 총액 · 개별 카드 가격 아님",estimated,no,no,맹호 3장 일괄 0.6
a53f4d8a83dbe667ec315674,onepiececardgame,원피스 카드게임,2026-07,2026-07-31T13:49:02+09:00,known,b64bfda11a12f0178c2b6150,a53f4d8a83dbe667ec315674,104702,https://m.dcinside.com/board/onepiececardgame/104702,베5 녹1코 페로나외 범용 몇개 삽니다,seller-37ce6b7f83c55757eb7cac7e,슈엔젤숭배합니..,registered,페로나,페로나,페로나,,,unknown,미분류,4,5.5,55000,estimated,bundle,text,unknown,,active,needs_review,needs_review,"가격 단위 추정, 수량 표기 감지, 일괄·세트 가격, 배송비 포함 여부 미확정, 묶음·세트 총액 · 개별 카드 가격 아님",estimated,no,no,페로나 4장 일괄 5.5
cac815273aed603c299e9389,onepiececardgame,원피스 카드게임,2026-07,2026-07-31T13:49:02+09:00,known,438e05d5996315c794117c08,cac815273aed603c299e9389,104702,https://m.dcinside.com/board/onepiececardgame/104702,베5 녹1코 페로나외 범용 몇개 삽니다,seller-37ce6b7f83c55757eb7cac7e,슈엔젤숭배합니..,registered,베,베,베,,,unknown,미분류,11,,,missing,unknown,unknown,unknown,,active,needs_review,needs_review,수량 표기 감지 · 가격 미기재,missing,no,no,베5 4장 일괄2
cf56f3bbf42616edaf9f3c9c,onepiececardgame,원피스 카드게임,2026-07,2026-07-31T13:49:02+09:00,known,959d8d64ee9ed049487a84f4,cf56f3bbf42616edaf9f3c9c,104702,https://m.dcinside.com/board/onepiececardgame/104702,베5 녹1코 페로나외 범용 몇개 삽니다,seller-37ce6b7f83c55757eb7cac7e,슈엔젤숭배합니..,registered,베,베,베,,,unknown,미분류,11,,,missing,unknown,unknown,unknown,,active,needs_review,needs_review,수량 표기 감지 · 가격 미기재,missing,no,no,베5 4장 일괄2
d483dbbc1514b1bdd107558f,onepiececardgame,원피스 카드게임,2026-07,2026-07-31T13:49:02+09:00,known,959d8d64ee9ed049487a84f4,d483dbbc1514b1bdd107558f,104702,https://m.dcinside.com/board/onepiececardgame/104702,베5 녹1코 페로나외 범용 몇개 삽니다,seller-37ce6b7f83c55757eb7cac7e,슈엔젤숭배합니..,registered,레드록,레드록,레드록,,,unknown,미분류,3,1,10000,estimated,bundle,text,unknown,,active,needs_review,needs_review,"가격 단위 추정, 수량 표기 감지, 일괄·세트 가격, 배송비 포함 여부 미확정, 묶음·세트 총액 · 개별 카드 가격 아님",estimated,no,no,레드록 3장 일괄 1
d6360bc95190622f96c911ae,onepiececardgame,원피스 카드게임,2026-07,2026-07-31T13:49:02+09:00,known,b64bfda11a12f0178c2b6150,d6360bc95190622f96c911ae,104702,https://m.dcinside.com/board/onepiececardgame/104702,베5 녹1코 페로나외 범용 몇개 삽니다,seller-37ce6b7f83c55757eb7cac7e,슈엔젤숭배합니..,registered,레드록,레드록,레드록,,,unknown,미분류,3,1,10000,estimated,bundle,text,unknown,,active,needs_review,needs_review,"가격 단위 추정, 수량 표기 감지, 일괄·세트 가격, 배송비 포함 여부 미확정, 묶음·세트 총액 · 개별 카드 가격 아님",estimated,no,no,레드록 3장 일괄 1
ec5a082b97f8e0d78ffbadca,onepiececardgame,원피스 카드게임,2026-07,2026-07-31T13:49:02+09:00,known,959d8d64ee9ed049487a84f4,ec5a082b97f8e0d78ffbadca,104702,https://m.dcinside.com/board/onepiececardgame/104702,베5 녹1코 페로나외 범용 몇개 삽니다,seller-37ce6b7f83c55757eb7cac7e,슈엔젤숭배합니..,registered,맹호,맹호,맹호,,,unknown,미분류,3,0.6,6000,estimated,bundle,text,unknown,,active,needs_review,needs_review,"가격 단위 추정, 수량 표기 감지, 일괄·세트 가격, 배송비 포함 여부 미확정, 묶음·세트 총액 · 개별 카드 가격 아님",estimated,no,no,맹호 3장 일괄 0.6
f7ee0e095755837f82a4c471,onepiececardgame,원피스 카드게임,2026-07,2026-07-31T13:49:02+09:00,known,959d8d64ee9ed049487a84f4,f7ee0e095755837f82a4c471,104702,https://m.dcinside.com/board/onepiececardgame/104702,베5 녹1코 페로나외 범용 몇개 삽니다,seller-37ce6b7f83c55757eb7cac7e,슈엔젤숭배합니..,registered,페로나,페로나,페로나,,,unknown,미분류,4,5.5,55000,estimated,bundle,text,unknown,,active,needs_review,needs_review,"가격 단위 추정, 수량 표기 감지, 일괄·세트 가격, 배송비 포함 여부 미확정, 묶음·세트 총액 · 개별 카드 가격 아님",estimated,no,no,페로나 4장 일괄 5.5
fc8e13baccb69156c17e297a,onepiececardgame,원피스 카드게임,2026-07,2026-07-31T13:49:02+09:00,known,b64bfda11a12f0178c2b6150,fc8e13baccb69156c17e297a,104702,https://m.dcinside.com/board/onepiececardgame/104702,베5 녹1코 페로나외 범용 몇개 삽니다,seller-37ce6b7f83c55757eb7cac7e,슈엔젤숭배합니..,registered,베,베,베,,,unknown,미분류,11,,,missing,unknown,unknown,unknown,,active,needs_review,needs_review,수량 표기 감지 · 가격 미기재,missing,no,no,베5 4장 일괄2
708d130d2f48fcaf078d50f1,onepiececardgame,원피스 카드게임,2026-07,2026-07-31T14:00:31+09:00,known,31baee5dc1f4cf4bf548d85e,708d130d2f48fcaf078d50f1,104705,https://m.dcinside.com/board/onepiececardgame/104705,10탄 적 4코 블로커 쵸파 구매합니다,seller-8ad10b55fa52911e796a44cf,원딱러,registered,,,,,,unknown,미분류,3,1.5,15000,estimated,bundle,text,unknown,,active,needs_review,needs_review,"가격 단위 추정, 수량 표기 감지, 일괄·세트 가격, 배송비 포함 여부 미확정, 카드명 확인 필요, 묶음·세트 총액 · 개별 카드 가격 아님",estimated,no,no,3장 일괄 1.5에 구해봅니다
c4e18da62a95aa06974247d1,onepiececardgame,원피스 카드게임,2026-07,2026-07-31T14:00:31+09:00,known,74ace0b8bb348696bfd0beba,c4e18da62a95aa06974247d1,104705,https://m.dcinside.com/board/onepiececardgame/104705,10탄 적 4코 블로커 쵸파 구매합니다,seller-8ad10b55fa52911e796a44cf,원딱러,registered,,,,,,unknown,미분류,3,1.5,15000,estimated,bundle,text,unknown,,active,needs_review,needs_review,"가격 단위 추정, 수량 표기 감지, 일괄·세트 가격, 배송비 포함 여부 미확정, 카드명 확인 필요, 묶음·세트 총액 · 개별 카드 가격 아님",estimated,no,no,3장 일괄 1.5에 구해봅니다
d5641203e218a04ca27b932d,onepiececardgame,원피스 카드게임,2026-07,2026-07-31T14:00:31+09:00,known,eb615fbbf9938fb5061dd9b5,d5641203e218a04ca27b932d,104705,https://m.dcinside.com/board/onepiececardgame/104705,10탄 적 4코 블로커 쵸파 구매합니다,seller-8ad10b55fa52911e796a44cf,원딱러,registered,,,,,,unknown,미분류,3,1.5,15000,estimated,bundle,text,unknown,,active,needs_review,needs_review,"가격 단위 추정, 수량 표기 감지, 일괄·세트 가격, 배송비 포함 여부 미확정, 카드명 확인 필요, 묶음·세트 총액 · 개별 카드 가격 아님",estimated,no,no,3장 일괄 1.5에 구해봅니다
117c3d6429438c45340c7b19,onepiececardgame,원피스 카드게임,2026-07,2026-07-31T15:47:36+09:00,known,bdc2fa2808308db15d920d0c,117c3d6429438c45340c7b19,104742,https://m.dcinside.com/board/onepiececardgame/104742,eb3나미 페레 4장 구해봅니다.,seller-09ef1afe8f7559250656d730,힐기사,registered,eb3 5코 황색 나미 페레,eb3 5코 황색 나미 페레,eb3 5코 황색 나미 페레,,,unknown,미분류,4,32,320000,estimated,bundle,text,unknown,,active,needs_review,needs_review,"가격 단위 추정, 수량 표기 감지, 일괄·세트 가격, 배송비 포함 여부 미확정, 묶음·세트 총액 · 개별 카드 가격 아님",estimated,no,no,eb3 5코 황색 나미 페레 4장 일괄 32
984ddec58fc5bd17c3e146be,onepiececardgame,원피스 카드게임,2026-07,2026-07-31T15:47:36+09:00,known,61f43eba556f4a5adf1fa530,984ddec58fc5bd17c3e146be,104742,https://m.dcinside.com/board/onepiececardgame/104742,eb3나미 페레 4장 구해봅니다.,seller-09ef1afe8f7559250656d730,힐기사,registered,eb3 5코 황색 나미 페레,eb3 5코 황색 나미 페레,eb3 5코 황색 나미 페레,,,unknown,미분류,4,32,320000,estimated,bundle,text,unknown,,active,needs_review,needs_review,"가격 단위 추정, 수량 표기 감지, 일괄·세트 가격, 배송비 포함 여부 미확정, 묶음·세트 총액 · 개별 카드 가격 아님",estimated,no,no,eb3 5코 황색 나미 페레 4장 일괄 32
de381003683891762fd1cd35,onepiececardgame,원피스 카드게임,2026-07,2026-07-31T15:47:36+09:00,known,5471b2f9b19368be071beb3c,de381003683891762fd1cd35,104742,https://m.dcinside.com/board/onepiececardgame/104742,eb3나미 페레 4장 구해봅니다.,seller-09ef1afe8f7559250656d730,힐기사,registered,eb3 5코 황색 나미 페레,eb3 5코 황색 나미 페레,eb3 5코 황색 나미 페레,,,unknown,미분류,4,32,320000,estimated,bundle,text,unknown,,active,needs_review,needs_review,"가격 단위 추정, 수량 표기 감지, 일괄·세트 가격, 배송비 포함 여부 미확정, 묶음·세트 총액 · 개별 카드 가격 아님",estimated,no,no,eb3 5코 황색 나미 페레 4장 일괄 32
03f6127e1ce2e74dd3910ae2,onepiececardgame,원피스 카드게임,2026-07,2026-07-31T18:18:20+09:00,known,0efeb7abbd4e0d44eba1f9aa,03f6127e1ce2e74dd3910ae2,104762,https://m.dcinside.com/board/onepiececardgame/104762,"릴리스 페레, 3코보니페레 구매해봅니다",seller-79fb7c839b595b36f971aa94,준마,registered,이상 거래시,이상 거래시,이상 거래시 장당,,,unknown,미분류,2,1.0,10000,estimated,per_card,text,unknown,,active,needs_review,needs_review,"가격 단위 추정, 수량 표기 감지, 배송비 포함 여부 미확정",estimated,yes,no,2장 이상 거래시 장당 1.0
05dcbf01854d34640db3437d,onepiececardgame,원피스 카드게임,2026-07,2026-07-31T18:18:20+09:00,known,85e4168f4873b41c208f394b,05dcbf01854d34640db3437d,104762,https://m.dcinside.com/board/onepiececardgame/104762,"릴리스 페레, 3코보니페레 구매해봅니다",seller-79fb7c839b595b36f971aa94,준마,registered,일괄시,일괄시,일괄시,,,unknown,미분류,2,2.4,24000,estimated,bundle,text,unknown,,active,excluded,needs_review,"가격 단위 추정, 수량 표기 감지, 일괄·세트 가격, 배송비 포함 여부 미확정, 묶음·세트 총액 · 개별 카드 가격 아님, 스크립트·광고 문구로 추정되는 오염 행",estimated,no,no,2장 일괄시 2.4
06bf482d85ef2c056f423c6e,onepiececardgame,원피스 카드게임,2026-07,2026-07-31T18:18:20+09:00,known,85e4168f4873b41c208f394b,06bf482d85ef2c056f423c6e,104762,https://m.dcinside.com/board/onepiececardgame/104762,"릴리스 페레, 3코보니페레 구매해봅니다",seller-79fb7c839b595b36f971aa94,준마,registered,DOM 삽입 헬퍼 현재 스크립트 위치 기준,DOM 삽입 헬퍼 현재 스크립트 위치 기준,// ---- DOM 삽입 헬퍼 (현재 스크립트 위치 기준,,,unknown,미분류,1,,,missing,unknown,unknown,unknown,,active,excluded,needs_review,"가격 후보 재검토 필요, 가격 미기재, 스크립트·광고 문구로 추정되는 오염 행",missing,no,no,// ---- DOM 삽입 헬퍼 (현재 스크립트 위치 기준1)
09e640fcbaa7efc75eebebe0,onepiececardgame,원피스 카드게임,2026-07,2026-07-31T18:18:20+09:00,known,0efeb7abbd4e0d44eba1f9aa,09e640fcbaa7efc75eebebe0,104762,https://m.dcinside.com/board/onepiececardgame/104762,"릴리스 페레, 3코보니페레 구매해봅니다",seller-79fb7c839b595b36f971aa94,준마,registered,var safe = window.dcAd && window.dcAd.safe ==,var safe = window.dcAd && window.dcAd.safe ==,var safe = (window.dcAd && window.dcAd.safe ==,,,unknown,미분류,1,1,10000,estimated,bundle,text,unknown,,active,excluded,needs_review,"가격 단위 추정, 복수 카드 가격, 배송비 포함 여부 미확정, 묶음·세트 총액 · 개별 카드 가격 아님, 스크립트·광고 문구로 추정되는 오염 행",estimated,no,no,var safe = (window.dcAd && window.dcAd.safe == 1)
0f55d0499ef8db4366b0d4d0,onepiececardgame,원피스 카드게임,2026-07,2026-07-31T18:18:20+09:00,known,85e4168f4873b41c208f394b,0f55d0499ef8db4366b0d4d0,104762,https://m.dcinside.com/board/onepiececardgame/104762,"릴리스 페레, 3코보니페레 구매해봅니다",seller-79fb7c839b595b36f971aa94,준마,registered,이상 거래시,이상 거래시,이상 거래시 장당,,,unknown,미분류,2,1.0,10000,estimated,per_card,text,unknown,,active,needs_review,needs_review,"가격 단위 추정, 수량 표기 감지, 배송비 포함 여부 미확정",estimated,yes,no,2장 이상 거래시 장당 1.0
1c1b435e05a4fa3b7920d293,onepiececardgame,원피스 카드게임,2026-07,2026-07-31T18:18:20+09:00,known,0efeb7abbd4e0d44eba1f9aa,1c1b435e05a4fa3b7920d293,104762,https://m.dcinside.com/board/onepiececardgame/104762,"릴리스 페레, 3코보니페레 구매해봅니다",seller-79fb7c839b595b36f971aa94,준마,registered,,장당,장당,,,unknown,미분류,1,1.0,10000,estimated,per_card,text,unknown,,active,excluded,needs_review,"가격 단위 추정, 배송비 포함 여부 미확정, 스크립트·광고 문구로 추정되는 오염 행",estimated,yes,no,장당 1.0
32cf7100f869ed8b29f4d273,onepiececardgame,원피스 카드게임,2026-07,2026-07-31T18:18:20+09:00,known,85e4168f4873b41c208f394b,32cf7100f869ed8b29f4d273,104762,https://m.dcinside.com/board/onepiececardgame/104762,"릴리스 페레, 3코보니페레 구매해봅니다",seller-79fb7c839b595b36f971aa94,준마,registered,loadScript ' t,loadScript ' t,loadScript('//t,,,unknown,미분류,1,,,missing,unknown,unknown,unknown,,active,excluded,needs_review,"가격 후보 재검토 필요, 가격 미기재, 스크립트·광고 문구로 추정되는 오염 행",missing,no,no,"loadScript('//t1.kakaocdn.net/kas/static/ba.min.js', true);"
4daf706949e2d8324fdcccab,onepiececardgame,원피스 카드게임,2026-07,2026-07-31T18:18:20+09:00,known,7a0fbe985181e66afc2072be,4daf706949e2d8324fdcccab,104762,https://m.dcinside.com/board/onepiececardgame/104762,"릴리스 페레, 3코보니페레 구매해봅니다",seller-79fb7c839b595b36f971aa94,준마,registered,loadScript ' t,loadScript ' t,loadScript('//t,,,unknown,미분류,1,,,missing,unknown,unknown,unknown,,active,excluded,needs_review,"가격 후보 재검토 필요, 가격 미기재, 스크립트·광고 문구로 추정되는 오염 행",missing,no,no,"loadScript('//t1.kakaocdn.net/kas/static/ba.min.js', true);"
4e610f92be3432f8aae8f1df,onepiececardgame,원피스 카드게임,2026-07,2026-07-31T18:18:20+09:00,known,0efeb7abbd4e0d44eba1f9aa,4e610f92be3432f8aae8f1df,104762,https://m.dcinside.com/board/onepiececardgame/104762,"릴리스 페레, 3코보니페레 구매해봅니다",seller-79fb7c839b595b36f971aa94,준마,registered,DOM 삽입 헬퍼 현재 스크립트 위치 기준,DOM 삽입 헬퍼 현재 스크립트 위치 기준,// ---- DOM 삽입 헬퍼 (현재 스크립트 위치 기준,,,unknown,미분류,1,,,missing,unknown,unknown,unknown,,active,excluded,needs_review,"가격 후보 재검토 필요, 가격 미기재, 스크립트·광고 문구로 추정되는 오염 행",missing,no,no,// ---- DOM 삽입 헬퍼 (현재 스크립트 위치 기준1)
7b617cbbdfc798b8468152e1,onepiececardgame,원피스 카드게임,2026-07,2026-07-31T18:18:20+09:00,known,0efeb7abbd4e0d44eba1f9aa,7b617cbbdfc798b8468152e1,104762,https://m.dcinside.com/board/onepiececardgame/104762,"릴리스 페레, 3코보니페레 구매해봅니다",seller-79fb7c839b595b36f971aa94,준마,registered,loadScript ' t,loadScript ' t,loadScript('//t,,,unknown,미분류,1,,,missing,unknown,unknown,unknown,,active,excluded,needs_review,"가격 후보 재검토 필요, 가격 미기재, 스크립트·광고 문구로 추정되는 오염 행",missing,no,no,"loadScript('//t1.kakaocdn.net/kas/static/ba.min.js', true);"
7b7a3255125b78ae0c58bc33,onepiececardgame,원피스 카드게임,2026-07,2026-07-31T18:18:20+09:00,known,85e4168f4873b41c208f394b,7b7a3255125b78ae0c58bc33,104762,https://m.dcinside.com/board/onepiececardgame/104762,"릴리스 페레, 3코보니페레 구매해봅니다",seller-79fb7c839b595b36f971aa94,준마,registered,,장당,장당,,,unknown,미분류,1,0.8,8000,estimated,per_card,text,unknown,,active,excluded,needs_review,"가격 단위 추정, 배송비 포함 여부 미확정, 스크립트·광고 문구로 추정되는 오염 행",estimated,yes,no,장당 0.8
7e82f272883f7b31352de01c,onepiececardgame,원피스 카드게임,2026-07,2026-07-31T18:18:20+09:00,known,85e4168f4873b41c208f394b,7e82f272883f7b31352de01c,104762,https://m.dcinside.com/board/onepiececardgame/104762,"릴리스 페레, 3코보니페레 구매해봅니다",seller-79fb7c839b595b36f971aa94,준마,registered,var safe = window.dcAd && window.dcAd.safe ==,var safe = window.dcAd && window.dcAd.safe ==,var safe = (window.dcAd && window.dcAd.safe ==,,,unknown,미분류,1,1,10000,estimated,bundle,text,unknown,,active,excluded,needs_review,"가격 단위 추정, 복수 카드 가격, 배송비 포함 여부 미확정, 묶음·세트 총액 · 개별 카드 가격 아님, 스크립트·광고 문구로 추정되는 오염 행",estimated,no,no,var safe = (window.dcAd && window.dcAd.safe == 1)
7f1d9cacf9e3c9de55d6080e,onepiececardgame,원피스 카드게임,2026-07,2026-07-31T18:18:20+09:00,known,7a0fbe985181e66afc2072be,7f1d9cacf9e3c9de55d6080e,104762,https://m.dcinside.com/board/onepiececardgame/104762,"릴리스 페레, 3코보니페레 구매해봅니다",seller-79fb7c839b595b36f971aa94,준마,registered,일괄시,일괄시,일괄시,,,unknown,미분류,2,2.4,24000,estimated,bundle,text,unknown,,active,excluded,needs_review,"가격 단위 추정, 수량 표기 감지, 일괄·세트 가격, 배송비 포함 여부 미확정, 묶음·세트 총액 · 개별 카드 가격 아님, 스크립트·광고 문구로 추정되는 오염 행",estimated,no,no,2장 일괄시 2.4
848a4889ade1f19df6a0a345,onepiececardgame,원피스 카드게임,2026-07,2026-07-31T18:18:20+09:00,known,85e4168f4873b41c208f394b,848a4889ade1f19df6a0a345,104762,https://m.dcinside.com/board/onepiececardgame/104762,"릴리스 페레, 3코보니페레 구매해봅니다",seller-79fb7c839b595b36f971aa94,준마,registered,,장당,장당,,,unknown,미분류,1,1.0,10000,estimated,per_card,text,unknown,,active,excluded,needs_review,"가격 단위 추정, 배송비 포함 여부 미확정, 스크립트·광고 문구로 추정되는 오염 행",estimated,yes,no,장당 1.0
aa20c590ee089667e2cdd0ef,onepiececardgame,원피스 카드게임,2026-07,2026-07-31T18:18:20+09:00,known,7a0fbe985181e66afc2072be,aa20c590ee089667e2cdd0ef,104762,https://m.dcinside.com/board/onepiececardgame/104762,"릴리스 페레, 3코보니페레 구매해봅니다",seller-79fb7c839b595b36f971aa94,준마,registered,var safe = window.dcAd && window.dcAd.safe ==,var safe = window.dcAd && window.dcAd.safe ==,var safe = (window.dcAd && window.dcAd.safe ==,,,unknown,미분류,1,1,10000,estimated,bundle,text,unknown,,active,excluded,needs_review,"가격 단위 추정, 복수 카드 가격, 배송비 포함 여부 미확정, 묶음·세트 총액 · 개별 카드 가격 아님, 스크립트·광고 문구로 추정되는 오염 행",estimated,no,no,var safe = (window.dcAd && window.dcAd.safe == 1)
b46d50985400b0cb9e9ced8a,onepiececardgame,원피스 카드게임,2026-07,2026-07-31T18:18:20+09:00,known,7a0fbe985181e66afc2072be,b46d50985400b0cb9e9ced8a,104762,https://m.dcinside.com/board/onepiececardgame/104762,"릴리스 페레, 3코보니페레 구매해봅니다",seller-79fb7c839b595b36f971aa94,준마,registered,이상 거래시,이상 거래시,이상 거래시 장당,,,unknown,미분류,2,1.0,10000,estimated,per_card,text,unknown,,active,needs_review,needs_review,"가격 단위 추정, 수량 표기 감지, 배송비 포함 여부 미확정",estimated,yes,no,2장 이상 거래시 장당 1.0
b46f322f6ca2b6ac22ebedef,onepiececardgame,원피스 카드게임,2026-07,2026-07-31T18:18:20+09:00,known,7a0fbe985181e66afc2072be,b46f322f6ca2b6ac22ebedef,104762,https://m.dcinside.com/board/onepiececardgame/104762,"릴리스 페레, 3코보니페레 구매해봅니다",seller-79fb7c839b595b36f971aa94,준마,registered,,장당,장당,,,unknown,미분류,1,0.8,8000,estimated,per_card,text,unknown,,active,excluded,needs_review,"가격 단위 추정, 배송비 포함 여부 미확정, 스크립트·광고 문구로 추정되는 오염 행",estimated,yes,no,장당 0.8
b540d077ba3b9b558b65ba27,onepiececardgame,원피스 카드게임,2026-07,2026-07-31T18:18:20+09:00,known,7a0fbe985181e66afc2072be,b540d077ba3b9b558b65ba27,104762,https://m.dcinside.com/board/onepiececardgame/104762,"릴리스 페레, 3코보니페레 구매해봅니다",seller-79fb7c839b595b36f971aa94,준마,registered,DOM 삽입 헬퍼 현재 스크립트 위치 기준,DOM 삽입 헬퍼 현재 스크립트 위치 기준,// ---- DOM 삽입 헬퍼 (현재 스크립트 위치 기준,,,unknown,미분류,1,,,missing,unknown,unknown,unknown,,active,excluded,needs_review,"가격 후보 재검토 필요, 가격 미기재, 스크립트·광고 문구로 추정되는 오염 행",missing,no,no,// ---- DOM 삽입 헬퍼 (현재 스크립트 위치 기준1)
be83160c839eca3aab850be2,onepiececardgame,원피스 카드게임,2026-07,2026-07-31T18:18:20+09:00,known,0efeb7abbd4e0d44eba1f9aa,be83160c839eca3aab850be2,104762,https://m.dcinside.com/board/onepiececardgame/104762,"릴리스 페레, 3코보니페레 구매해봅니다",seller-79fb7c839b595b36f971aa94,준마,registered,loadScript 'https pagead,loadScript 'https pagead,loadScript('https://pagead,,,unknown,미분류,1,,,missing,unknown,unknown,unknown,,active,excluded,needs_review,"가격 후보 재검토 필요, 가격 미기재, 스크립트·광고 문구로 추정되는 오염 행",missing,no,no,"loadScript('https://pagead2.googlesyndication.com/pagead/js/adsbygoogle_direct.js?client=ca-pub-8171468792791627', true, 'anonymous');"
cc5771d12d8725dffa5ee8fd,onepiececardgame,원피스 카드게임,2026-07,2026-07-31T18:18:20+09:00,known,85e4168f4873b41c208f394b,cc5771d12d8725dffa5ee8fd,104762,https://m.dcinside.com/board/onepiececardgame/104762,"릴리스 페레, 3코보니페레 구매해봅니다",seller-79fb7c839b595b36f971aa94,준마,registered,loadScript 'https pagead,loadScript 'https pagead,loadScript('https://pagead,,,unknown,미분류,1,,,missing,unknown,unknown,unknown,,active,excluded,needs_review,"가격 후보 재검토 필요, 가격 미기재, 스크립트·광고 문구로 추정되는 오염 행",missing,no,no,"loadScript('https://pagead2.googlesyndication.com/pagead/js/adsbygoogle_direct.js?client=ca-pub-8171468792791627', true, 'anonymous');"
cf59817f5ff78dc44af80faf,onepiececardgame,원피스 카드게임,2026-07,2026-07-31T18:18:20+09:00,known,0efeb7abbd4e0d44eba1f9aa,cf59817f5ff78dc44af80faf,104762,https://m.dcinside.com/board/onepiececardgame/104762,"릴리스 페레, 3코보니페레 구매해봅니다",seller-79fb7c839b595b36f971aa94,준마,registered,,장당,장당,,,unknown,미분류,1,0.8,8000,estimated,per_card,text,unknown,,active,excluded,needs_review,"가격 단위 추정, 배송비 포함 여부 미확정, 스크립트·광고 문구로 추정되는 오염 행",estimated,yes,no,장당 0.8
daa36a5b743a477748d3a675,onepiececardgame,원피스 카드게임,2026-07,2026-07-31T18:18:20+09:00,known,7a0fbe985181e66afc2072be,daa36a5b743a477748d3a675,104762,https://m.dcinside.com/board/onepiececardgame/104762,"릴리스 페레, 3코보니페레 구매해봅니다",seller-79fb7c839b595b36f971aa94,준마,registered,,장당,장당,,,unknown,미분류,1,1.0,10000,estimated,per_card,text,unknown,,active,excluded,needs_review,"가격 단위 추정, 배송비 포함 여부 미확정, 스크립트·광고 문구로 추정되는 오염 행",estimated,yes,no,장당 1.0
e6c5e75dd5dfcc4711f1c2ca,onepiececardgame,원피스 카드게임,2026-07,2026-07-31T18:18:20+09:00,known,7a0fbe985181e66afc2072be,e6c5e75dd5dfcc4711f1c2ca,104762,https://m.dcinside.com/board/onepiececardgame/104762,"릴리스 페레, 3코보니페레 구매해봅니다",seller-79fb7c839b595b36f971aa94,준마,registered,loadScript 'https pagead,loadScript 'https pagead,loadScript('https://pagead,,,unknown,미분류,1,,,missing,unknown,unknown,unknown,,active,excluded,needs_review,"가격 후보 재검토 필요, 가격 미기재, 스크립트·광고 문구로 추정되는 오염 행",missing,no,no,"loadScript('https://pagead2.googlesyndication.com/pagead/js/adsbygoogle_direct.js?client=ca-pub-8171468792791627', true, 'anonymous');"
f19d3812ca572a1cc1c2fcc6,onepiececardgame,원피스 카드게임,2026-07,2026-07-31T18:18:20+09:00,known,0efeb7abbd4e0d44eba1f9aa,f19d3812ca572a1cc1c2fcc6,104762,https://m.dcinside.com/board/onepiececardgame/104762,"릴리스 페레, 3코보니페레 구매해봅니다",seller-79fb7c839b595b36f971aa94,준마,registered,일괄시,일괄시,일괄시,,,unknown,미분류,2,2.4,24000,estimated,bundle,text,unknown,,active,excluded,needs_review,"가격 단위 추정, 수량 표기 감지, 일괄·세트 가격, 배송비 포함 여부 미확정, 묶음·세트 총액 · 개별 카드 가격 아님, 스크립트·광고 문구로 추정되는 오염 행",estimated,no,no,2장 일괄시 2.4
008ef48777d5435379c73066,onepiececardgame,원피스 카드게임,2026-07,2026-07-31T20:12:00+09:00,known,6692f452c5efb3115ffae0e6,008ef48777d5435379c73066,104778,https://m.dcinside.com/board/onepiececardgame/104778,코비 고레어 소스 삽니다,seller-8ad10b55fa52911e796a44cf,원딱러,registered,엑부,엑부,엑부,,,unknown,미분류,3,,,missing,unknown,unknown,unknown,,active,needs_review,needs_review,수량 표기 감지 · 가격 미기재,missing,no,no,엑부3
a52635039689cdfdbb2e8fec,onepiececardgame,원피스 카드게임,2026-07,2026-07-31T20:12:00+09:00,known,58431a0f09bfb31ad4ba9b1e,a52635039689cdfdbb2e8fec,104778,https://m.dcinside.com/board/onepiececardgame/104778,코비 고레어 소스 삽니다,seller-8ad10b55fa52911e796a44cf,원딱러,registered,엑부,엑부,엑부,,,unknown,미분류,3,,,missing,unknown,unknown,unknown,,active,needs_review,needs_review,수량 표기 감지 · 가격 미기재,missing,no,no,엑부3
a5ffb1532f2b3f67cec279e5,onepiececardgame,원피스 카드게임,2026-07,2026-07-31T20:12:00+09:00,known,c0ed9d9048bdac173c1a0b8e,a5ffb1532f2b3f67cec279e5,104778,https://m.dcinside.com/board/onepiececardgame/104778,코비 고레어 소스 삽니다,seller-8ad10b55fa52911e796a44cf,원딱러,registered,엑부,엑부,엑부,,,unknown,미분류,3,,,missing,unknown,unknown,unknown,,active,needs_review,needs_review,수량 표기 감지 · 가격 미기재,missing,no,no,엑부3
0b88ccfb1b18867d9160ebd6,onepiececardgame,원피스 카드게임,2026-07,2026-07-31T20:58:52+09:00,known,91887fa29a324aa8649d6e80,0b88ccfb1b18867d9160ebd6,104785,https://m.dcinside.com/board/onepiececardgame/104785,내일 마곡직 청황나미 관련 카드사고 프로모 로 팝니다,seller-887806de2421c187fa58cc8d,ㅇㅇ,guest,죠즈,죠즈,죠즈 .,,,unknown,미분류,4,,,missing,unknown,unknown,unknown,,active,needs_review,needs_review,수량 표기 감지 · 가격 미기재,missing,no,no,죠즈 .4
12824afa8b4a30c82d2bc126,onepiececardgame,원피스 카드게임,2026-07,2026-07-31T20:58:52+09:00,known,91887fa29a324aa8649d6e80,12824afa8b4a30c82d2bc126,104785,https://m.dcinside.com/board/onepiececardgame/104785,내일 마곡직 청황나미 관련 카드사고 프로모 로 팝니다,seller-887806de2421c187fa58cc8d,ㅇㅇ,guest,베이비,베이비,베이비,,,unknown,미분류,9,2,20000,estimated,bundle,text,unknown,,active,needs_review,needs_review,"가격 단위 추정, 수량 표기 감지, 일괄·세트 가격, 배송비 포함 여부 미확정, 묶음·세트 총액 · 개별 카드 가격 아님",estimated,no,no,베이비5 4장 일괄 2
1a1ef68f8042c1fc810d9376,onepiececardgame,원피스 카드게임,2026-07,2026-07-31T20:58:52+09:00,known,615a657b700fafafbfe41c6f,1a1ef68f8042c1fc810d9376,104785,https://m.dcinside.com/board/onepiececardgame/104785,내일 마곡직 청황나미 관련 카드사고 프로모 로 팝니다,seller-434c3cd3bfa458e89f36d83f,ㅇㅇ,guest,4코 황색 프로모 로 장,4코 황색 프로모 로 장,4코 황색 프로모 로 장,,,unknown,미분류,1,1.5,15000,estimated,per_card,text,unknown,,active,needs_review,needs_review,"가격 단위 추정, 배송비 포함 여부 미확정",estimated,yes,no,4코 황색 프로모 로 장 1.5
2144df51fa8fa84d555eb084,onepiececardgame,원피스 카드게임,2026-07,2026-07-31T20:58:52+09:00,known,91887fa29a324aa8649d6e80,2144df51fa8fa84d555eb084,104785,https://m.dcinside.com/board/onepiececardgame/104785,내일 마곡직 청황나미 관련 카드사고 프로모 로 팝니다,seller-887806de2421c187fa58cc8d,ㅇㅇ,guest,8코레일리,8코레일리,8코레일리 .,,,unknown,미분류,8,,,missing,unknown,unknown,unknown,,active,needs_review,needs_review,수량 표기 감지 · 가격 미기재,missing,no,no,8코레일리 .8
22457fd8d2f14c43dd214a15,onepiececardgame,원피스 카드게임,2026-07,2026-07-31T20:58:52+09:00,known,6b4137fab0bedd3a133660de,22457fd8d2f14c43dd214a15,104785,https://m.dcinside.com/board/onepiececardgame/104785,내일 마곡직 청황나미 관련 카드사고 프로모 로 팝니다,seller-fd97427f4db17dec86ea7a05,ㅇㅇ,guest,야마토,야마토,야마토 .,,,unknown,미분류,3,,,missing,unknown,unknown,unknown,,active,needs_review,needs_review,수량 표기 감지 · 가격 미기재,missing,no,no,야마토 .3
2ff45dc0c5ad10a4c3974f3e,onepiececardgame,원피스 카드게임,2026-07,2026-07-31T20:58:52+09:00,known,6b4137fab0bedd3a133660de,2ff45dc0c5ad10a4c3974f3e,104785,https://m.dcinside.com/board/onepiececardgame/104785,내일 마곡직 청황나미 관련 카드사고 프로모 로 팝니다,seller-fd97427f4db17dec86ea7a05,ㅇㅇ,guest,자색 프로모 로,자색 프로모 로,자색 프로모 로,,,unknown,미분류,4,4,40000,estimated,bundle,text,unknown,,active,needs_review,needs_review,"가격 단위 추정, 수량 표기 감지, 일괄·세트 가격, 배송비 포함 여부 미확정, 묶음·세트 총액 · 개별 카드 가격 아님",estimated,no,no,자색 프로모 로 4장일괄 4
3a242a102b8a85c10db4019a,onepiececardgame,원피스 카드게임,2026-07,2026-07-31T20:58:52+09:00,known,91887fa29a324aa8649d6e80,3a242a102b8a85c10db4019a,104785,https://m.dcinside.com/board/onepiececardgame/104785,내일 마곡직 청황나미 관련 카드사고 프로모 로 팝니다,seller-887806de2421c187fa58cc8d,ㅇㅇ,guest,야마토,야마토,야마토 .,,,unknown,미분류,3,,,missing,unknown,unknown,unknown,,active,needs_review,needs_review,수량 표기 감지 · 가격 미기재,missing,no,no,야마토 .3
3a4ce5fc12714af3b43f5780,onepiececardgame,원피스 카드게임,2026-07,2026-07-31T20:58:52+09:00,known,6b4137fab0bedd3a133660de,3a4ce5fc12714af3b43f5780,104785,https://m.dcinside.com/board/onepiececardgame/104785,내일 마곡직 청황나미 관련 카드사고 프로모 로 팝니다,seller-fd97427f4db17dec86ea7a05,ㅇㅇ,guest,베이비,베이비,베이비,,,unknown,미분류,9,2,20000,estimated,bundle,text,unknown,,active,needs_review,needs_review,"가격 단위 추정, 수량 표기 감지, 일괄·세트 가격, 배송비 포함 여부 미확정, 묶음·세트 총액 · 개별 카드 가격 아님",estimated,no,no,베이비5 4장 일괄 2
48c5cce5cd1d1ef08bf5fa40,onepiececardgame,원피스 카드게임,2026-07,2026-07-31T20:58:52+09:00,known,615a657b700fafafbfe41c6f,48c5cce5cd1d1ef08bf5fa40,104785,https://m.dcinside.com/board/onepiececardgame/104785,내일 마곡직 청황나미 관련 카드사고 프로모 로 팝니다,seller-434c3cd3bfa458e89f36d83f,ㅇㅇ,guest,베이비,베이비,베이비,,,unknown,미분류,9,2,20000,estimated,bundle,text,unknown,,active,needs_review,needs_review,"가격 단위 추정, 수량 표기 감지, 일괄·세트 가격, 배송비 포함 여부 미확정, 묶음·세트 총액 · 개별 카드 가격 아님",estimated,no,no,베이비5 4장 일괄 2
49b7846ce05219f0af03ae7d,onepiececardgame,원피스 카드게임,2026-07,2026-07-31T20:58:52+09:00,known,6b4137fab0bedd3a133660de,49b7846ce05219f0af03ae7d,104785,https://m.dcinside.com/board/onepiececardgame/104785,내일 마곡직 청황나미 관련 카드사고 프로모 로 팝니다,seller-fd97427f4db17dec86ea7a05,ㅇㅇ,guest,5코나미,5코나미,5코나미 장당,,,unknown,미분류,1,1.5,15000,estimated,per_card,text,unknown,,active,needs_review,needs_review,"가격 단위 추정, 배송비 포함 여부 미확정",estimated,yes,no,5코나미 장당 1.5
4a7c311cd24f27f4536400a2,onepiececardgame,원피스 카드게임,2026-07,2026-07-31T20:58:52+09:00,known,615a657b700fafafbfe41c6f,4a7c311cd24f27f4536400a2,104785,https://m.dcinside.com/board/onepiececardgame/104785,내일 마곡직 청황나미 관련 카드사고 프로모 로 팝니다,seller-434c3cd3bfa458e89f36d83f,ㅇㅇ,guest,수염,수염,10 수염 장당 .,,,unknown,미분류,6,,,missing,unknown,unknown,unknown,,active,needs_review,needs_review,수량 표기 감지 · 가격 미기재,missing,no,no,10 수염 장당 .6
4bab008c341035ddd49e7b48,onepiececardgame,원피스 카드게임,2026-07,2026-07-31T20:58:52+09:00,known,91887fa29a324aa8649d6e80,4bab008c341035ddd49e7b48,104785,https://m.dcinside.com/board/onepiececardgame/104785,내일 마곡직 청황나미 관련 카드사고 프로모 로 팝니다,seller-887806de2421c187fa58cc8d,ㅇㅇ,guest,캐럿페레,캐럿페레,캐럿페레,,,unknown,미분류,1,1,10000,estimated,per_card,text,unknown,,active,needs_review,needs_review,"가격 단위 추정, 배송비 포함 여부 미확정",estimated,yes,no,캐럿페레 1
5eb6c42b59ceab8dd08e06ce,onepiececardgame,원피스 카드게임,2026-07,2026-07-31T20:58:52+09:00,known,615a657b700fafafbfe41c6f,5eb6c42b59ceab8dd08e06ce,104785,https://m.dcinside.com/board/onepiececardgame/104785,내일 마곡직 청황나미 관련 카드사고 프로모 로 팝니다,seller-434c3cd3bfa458e89f36d83f,ㅇㅇ,guest,죠즈,죠즈,죠즈 .,,,unknown,미분류,4,,,missing,unknown,unknown,unknown,,active,needs_review,needs_review,수량 표기 감지 · 가격 미기재,missing,no,no,죠즈 .4
6c263783e15cd740f8bff4cb,onepiececardgame,원피스 카드게임,2026-07,2026-07-31T20:58:52+09:00,known,6b4137fab0bedd3a133660de,6c263783e15cd740f8bff4cb,104785,https://m.dcinside.com/board/onepiececardgame/104785,내일 마곡직 청황나미 관련 카드사고 프로모 로 팝니다,seller-fd97427f4db17dec86ea7a05,ㅇㅇ,guest,8코레일리,8코레일리,8코레일리 .,,,unknown,미분류,8,,,missing,unknown,unknown,unknown,,active,needs_review,needs_review,수량 표기 감지 · 가격 미기재,missing,no,no,8코레일리 .8
8699c436d8b9ed1e94c13fcd,onepiececardgame,원피스 카드게임,2026-07,2026-07-31T20:58:52+09:00,known,6b4137fab0bedd3a133660de,8699c436d8b9ed1e94c13fcd,104785,https://m.dcinside.com/board/onepiececardgame/104785,내일 마곡직 청황나미 관련 카드사고 프로모 로 팝니다,seller-fd97427f4db17dec86ea7a05,ㅇㅇ,guest,8코 로빈,8코 로빈,8코 로빈 장당,,,unknown,미분류,1,1,10000,estimated,per_card,text,unknown,,active,needs_review,needs_review,"가격 단위 추정, 배송비 포함 여부 미확정",estimated,yes,no,8코 로빈 장당 1
8bb69c493ac2df841f8fa698,onepiececardgame,원피스 카드게임,2026-07,2026-07-31T20:58:52+09:00,known,91887fa29a324aa8649d6e80,8bb69c493ac2df841f8fa698,104785,https://m.dcinside.com/board/onepiececardgame/104785,내일 마곡직 청황나미 관련 카드사고 프로모 로 팝니다,seller-887806de2421c187fa58cc8d,ㅇㅇ,guest,8코 로빈,8코 로빈,8코 로빈 장당,,,unknown,미분류,1,1,10000,estimated,per_card,text,unknown,,active,needs_review,needs_review,"가격 단위 추정, 배송비 포함 여부 미확정",estimated,yes,no,8코 로빈 장당 1
a5b93f684cc5ac859dc73262,onepiececardgame,원피스 카드게임,2026-07,2026-07-31T20:58:52+09:00,known,615a657b700fafafbfe41c6f,a5b93f684cc5ac859dc73262,104785,https://m.dcinside.com/board/onepiececardgame/104785,내일 마곡직 청황나미 관련 카드사고 프로모 로 팝니다,seller-434c3cd3bfa458e89f36d83f,ㅇㅇ,guest,5코나미,5코나미,5코나미 장당,,,unknown,미분류,1,1.5,15000,estimated,per_card,text,unknown,,active,needs_review,needs_review,"가격 단위 추정, 배송비 포함 여부 미확정",estimated,yes,no,5코나미 장당 1.5
a8fc93c9399edc4a93688092,onepiececardgame,원피스 카드게임,2026-07,2026-07-31T20:58:52+09:00,known,91887fa29a324aa8649d6e80,a8fc93c9399edc4a93688092,104785,https://m.dcinside.com/board/onepiececardgame/104785,내일 마곡직 청황나미 관련 카드사고 프로모 로 팝니다,seller-887806de2421c187fa58cc8d,ㅇㅇ,guest,4코 황색 프로모 로 장,4코 황색 프로모 로 장,4코 황색 프로모 로 장,,,unknown,미분류,1,1.5,15000,estimated,per_card,text,unknown,,active,needs_review,needs_review,"가격 단위 추정, 배송비 포함 여부 미확정",estimated,yes,no,4코 황색 프로모 로 장 1.5
ab0df4107822db81af4c2f06,onepiececardgame,원피스 카드게임,2026-07,2026-07-31T20:58:52+09:00,known,6b4137fab0bedd3a133660de,ab0df4107822db81af4c2f06,104785,https://m.dcinside.com/board/onepiececardgame/104785,내일 마곡직 청황나미 관련 카드사고 프로모 로 팝니다,seller-fd97427f4db17dec86ea7a05,ㅇㅇ,guest,4코 황색 프로모 로 장,4코 황색 프로모 로 장,4코 황색 프로모 로 장,,,unknown,미분류,1,1.5,15000,estimated,per_card,text,unknown,,active,needs_review,needs_review,"가격 단위 추정, 배송비 포함 여부 미확정",estimated,yes,no,4코 황색 프로모 로 장 1.5
ac7099eb5c94d7f525bdeee6,onepiececardgame,원피스 카드게임,2026-07,2026-07-31T20:58:52+09:00,known,91887fa29a324aa8649d6e80,ac7099eb5c94d7f525bdeee6,104785,https://m.dcinside.com/board/onepiececardgame/104785,내일 마곡직 청황나미 관련 카드사고 프로모 로 팝니다,seller-887806de2421c187fa58cc8d,ㅇㅇ,guest,5코나미,5코나미,5코나미 장당,,,unknown,미분류,1,1.5,15000,estimated,per_card,text,unknown,,active,needs_review,needs_review,"가격 단위 추정, 배송비 포함 여부 미확정",estimated,yes,no,5코나미 장당 1.5
bc9ab6b3ac8840cda4bbf287,onepiececardgame,원피스 카드게임,2026-07,2026-07-31T20:58:52+09:00,known,91887fa29a324aa8649d6e80,bc9ab6b3ac8840cda4bbf287,104785,https://m.dcinside.com/board/onepiececardgame/104785,내일 마곡직 청황나미 관련 카드사고 프로모 로 팝니다,seller-887806de2421c187fa58cc8d,ㅇㅇ,guest,자색 프로모 로,자색 프로모 로,자색 프로모 로,,,unknown,미분류,4,4,40000,estimated,bundle,text,unknown,,active,needs_review,needs_review,"가격 단위 추정, 수량 표기 감지, 일괄·세트 가격, 배송비 포함 여부 미확정, 묶음·세트 총액 · 개별 카드 가격 아님",estimated,no,no,자색 프로모 로 4장일괄 4
bce1c0467a31b50edad5388a,onepiececardgame,원피스 카드게임,2026-07,2026-07-31T20:58:52+09:00,known,6b4137fab0bedd3a133660de,bce1c0467a31b50edad5388a,104785,https://m.dcinside.com/board/onepiececardgame/104785,내일 마곡직 청황나미 관련 카드사고 프로모 로 팝니다,seller-fd97427f4db17dec86ea7a05,ㅇㅇ,guest,죠즈,죠즈,죠즈 .,,,unknown,미분류,4,,,missing,unknown,unknown,unknown,,active,needs_review,needs_review,수량 표기 감지 · 가격 미기재,missing,no,no,죠즈 .4
bffa09409051b73c11fe6bbc,onepiececardgame,원피스 카드게임,2026-07,2026-07-31T20:58:52+09:00,known,615a657b700fafafbfe41c6f,bffa09409051b73c11fe6bbc,104785,https://m.dcinside.com/board/onepiececardgame/104785,내일 마곡직 청황나미 관련 카드사고 프로모 로 팝니다,seller-434c3cd3bfa458e89f36d83f,ㅇㅇ,guest,8코레일리,8코레일리,8코레일리 .,,,unknown,미분류,8,,,missing,unknown,unknown,unknown,,active,needs_review,needs_review,수량 표기 감지 · 가격 미기재,missing,no,no,8코레일리 .8
ccc78556dd668558ca3ac8bb,onepiececardgame,원피스 카드게임,2026-07,2026-07-31T20:58:52+09:00,known,615a657b700fafafbfe41c6f,ccc78556dd668558ca3ac8bb,104785,https://m.dcinside.com/board/onepiececardgame/104785,내일 마곡직 청황나미 관련 카드사고 프로모 로 팝니다,seller-434c3cd3bfa458e89f36d83f,ㅇㅇ,guest,야마토,야마토,야마토 .,,,unknown,미분류,3,,,missing,unknown,unknown,unknown,,active,needs_review,needs_review,수량 표기 감지 · 가격 미기재,missing,no,no,야마토 .3
dc8d3f4fc47b799e3433c11b,onepiececardgame,원피스 카드게임,2026-07,2026-07-31T20:58:52+09:00,known,615a657b700fafafbfe41c6f,dc8d3f4fc47b799e3433c11b,104785,https://m.dcinside.com/board/onepiececardgame/104785,내일 마곡직 청황나미 관련 카드사고 프로모 로 팝니다,seller-434c3cd3bfa458e89f36d83f,ㅇㅇ,guest,자색 프로모 로,자색 프로모 로,자색 프로모 로,,,unknown,미분류,4,4,40000,estimated,bundle,text,unknown,,active,needs_review,needs_review,"가격 단위 추정, 수량 표기 감지, 일괄·세트 가격, 배송비 포함 여부 미확정, 묶음·세트 총액 · 개별 카드 가격 아님",estimated,no,no,자색 프로모 로 4장일괄 4
e46c443e02f24baba9475d24,onepiececardgame,원피스 카드게임,2026-07,2026-07-31T20:58:52+09:00,known,615a657b700fafafbfe41c6f,e46c443e02f24baba9475d24,104785,https://m.dcinside.com/board/onepiececardgame/104785,내일 마곡직 청황나미 관련 카드사고 프로모 로 팝니다,seller-434c3cd3bfa458e89f36d83f,ㅇㅇ,guest,8코 로빈,8코 로빈,8코 로빈 장당,,,unknown,미분류,1,1,10000,estimated,per_card,text,unknown,,active,needs_review,needs_review,"가격 단위 추정, 배송비 포함 여부 미확정",estimated,yes,no,8코 로빈 장당 1
e5dc893f50919d5890067769,onepiececardgame,원피스 카드게임,2026-07,2026-07-31T20:58:52+09:00,known,615a657b700fafafbfe41c6f,e5dc893f50919d5890067769,104785,https://m.dcinside.com/board/onepiececardgame/104785,내일 마곡직 청황나미 관련 카드사고 프로모 로 팝니다,seller-434c3cd3bfa458e89f36d83f,ㅇㅇ,guest,캐럿페레,캐럿페레,캐럿페레,,,unknown,미분류,1,1,10000,estimated,per_card,text,unknown,,active,needs_review,needs_review,"가격 단위 추정, 배송비 포함 여부 미확정",estimated,yes,no,캐럿페레 1
f933eb97e870fecd070e1548,onepiececardgame,원피스 카드게임,2026-07,2026-07-31T20:58:52+09:00,known,6b4137fab0bedd3a133660de,f933eb97e870fecd070e1548,104785,https://m.dcinside.com/board/onepiececardgame/104785,내일 마곡직 청황나미 관련 카드사고 프로모 로 팝니다,seller-fd97427f4db17dec86ea7a05,ㅇㅇ,guest,캐럿페레,캐럿페레,캐럿페레,,,unknown,미분류,1,1,10000,estimated,per_card,text,unknown,,active,needs_review,needs_review,"가격 단위 추정, 배송비 포함 여부 미확정",estimated,yes,no,캐럿페레 1
f960b0f76e250a08440eca09,onepiececardgame,원피스 카드게임,2026-07,2026-07-31T20:58:52+09:00,known,91887fa29a324aa8649d6e80,f960b0f76e250a08440eca09,104785,https://m.dcinside.com/board/onepiececardgame/104785,내일 마곡직 청황나미 관련 카드사고 프로모 로 팝니다,seller-887806de2421c187fa58cc8d,ㅇㅇ,guest,수염,수염,10 수염 장당 .,,,unknown,미분류,6,,,missing,unknown,unknown,unknown,,active,needs_review,needs_review,수량 표기 감지 · 가격 미기재,missing,no,no,10 수염 장당 .6
fafc10305bf1fa94c2eb1750,onepiececardgame,원피스 카드게임,2026-07,2026-07-31T20:58:52+09:00,known,6b4137fab0bedd3a133660de,fafc10305bf1fa94c2eb1750,104785,https://m.dcinside.com/board/onepiececardgame/104785,내일 마곡직 청황나미 관련 카드사고 프로모 로 팝니다,seller-fd97427f4db17dec86ea7a05,ㅇㅇ,guest,수염,수염,10 수염 장당 .,,,unknown,미분류,6,,,missing,unknown,unknown,unknown,,active,needs_review,needs_review,수량 표기 감지 · 가격 미기재,missing,no,no,10 수염 장당 .6
