observation_id,game_id,game_name,year_month,posted_at,date_quality,source_id,row_id,post_id,post_url,post_title,seller_id,seller_name,author_type,card_key,card_name,card_name_raw,card_code,rarity,listing_type,listing_type_label,quantity,raw_price,price_krw_observed,price_status,price_scope,price_origin,shipping_included,shipping_price_krw,post_status,analysis_status,review_status,review_reason,price_confidence,price_candidate,include_in_price_stats,raw_line
7d107cdac78311ccc2e1dc1b,pokemoncardgame,포켓몬 카드게임,2026-07,2026-07-01T01:10:01+09:00,known,7d89e54d7406f66b9ecb8ba8,7d107cdac78311ccc2e1dc1b,117697,https://m.dcinside.com/board/pokemoncardgame/117697,메픽 맞추는 사람 있으면 사줘잉,seller-ee626e3f1febf1f6633210c4,간절합니다,guest,맞출려고 했는데 귀찮아짐 다 포함해서,맞출려고 했는데 귀찮아짐 다 포함해서,맞출려고 했는데 귀찮아짐 다 포함해서,,,unknown,미분류,1,0.7,7000,estimated,per_card,text,unknown,,active,needs_review,needs_review,"가격 단위 추정, 배송비 포함 여부 미확정",estimated,yes,candidate_estimated,맞출려고 했는데 귀찮아짐 다 포함해서 0.7에 팔음
a18eb1db3a3a07e851a6609e,pokemoncardgame,포켓몬 카드게임,2026-07,2026-07-01T01:10:01+09:00,known,7209b9a37419e0a76833eede,a18eb1db3a3a07e851a6609e,117697,https://m.dcinside.com/board/pokemoncardgame/117697,메픽 맞추는 사람 있으면 사줘잉,seller-e13acdc8b5f34192b1122b48,간절합니다,guest,맞출려고 했는데 귀찮아짐 다 포함해서,맞출려고 했는데 귀찮아짐 다 포함해서,맞출려고 했는데 귀찮아짐 다 포함해서,,,unknown,미분류,1,0.7,7000,estimated,per_card,text,unknown,,active,needs_review,needs_review,"가격 단위 추정, 배송비 포함 여부 미확정",estimated,yes,candidate_estimated,맞출려고 했는데 귀찮아짐 다 포함해서 0.7에 팔음
f068b19a9965de3e165e77ed,pokemoncardgame,포켓몬 카드게임,2026-07,2026-07-01T01:10:01+09:00,known,9139c7d66a2cf962a625cfe9,f068b19a9965de3e165e77ed,117697,https://m.dcinside.com/board/pokemoncardgame/117697,메픽 맞추는 사람 있으면 사줘잉,seller-0f73a8e63890ca10a85b4fc1,간절합니다,guest,맞출려고 했는데 귀찮아짐 다 포함해서,맞출려고 했는데 귀찮아짐 다 포함해서,맞출려고 했는데 귀찮아짐 다 포함해서,,,unknown,미분류,1,0.7,7000,estimated,per_card,text,unknown,,active,needs_review,needs_review,"가격 단위 추정, 배송비 포함 여부 미확정",estimated,yes,candidate_estimated,맞출려고 했는데 귀찮아짐 다 포함해서 0.7에 팔음
1efc3ea759a79193e2ae8bc5,pokemoncardgame,포켓몬 카드게임,2026-07,2026-07-02T23:03:16+09:00,known,c3a6e35994c982fceab54b5d,1efc3ea759a79193e2ae8bc5,117817,https://m.dcinside.com/board/pokemoncardgame/117817,나옹 언페어스탬프 하솔 해골몽 일괄구함,seller-51447db26eeb90b0124d315b,포갤러,registered,커스봄 해골몽-미라몽,커스봄 해골몽-미라몽,커스봄 해골몽-미라몽 2,,,unknown,미분류,1,2,20000,estimated,per_card,text,unknown,,active,needs_review,needs_review,"가격 단위 추정, 배송비 포함 여부 미확정",estimated,yes,candidate_estimated,커스봄 해골몽-미라몽 2-2
39b2f24ea90ec4bde27d1bae,pokemoncardgame,포켓몬 카드게임,2026-07,2026-07-02T23:03:16+09:00,known,c3a6e35994c982fceab54b5d,39b2f24ea90ec4bde27d1bae,117817,https://m.dcinside.com/board/pokemoncardgame/117817,나옹 언페어스탬프 하솔 해골몽 일괄구함,seller-51447db26eeb90b0124d315b,포갤러,registered,하솔,하솔,하솔,,,unknown,미분류,1,1,10000,estimated,per_card,text,unknown,,active,needs_review,needs_review,"가격 단위 추정, 배송비 포함 여부 미확정",estimated,yes,candidate_estimated,하솔 1
3b5dad84a7cd457ef04cb973,pokemoncardgame,포켓몬 카드게임,2026-07,2026-07-02T23:03:16+09:00,known,5fee75e47488e3cee7250abc,3b5dad84a7cd457ef04cb973,117817,https://m.dcinside.com/board/pokemoncardgame/117817,나옹 언페어스탬프 하솔 해골몽 일괄구함,seller-51447db26eeb90b0124d315b,포갤러,registered,언페어스탬프,언페어스탬프,언페어스탬프,,,unknown,미분류,1,1,10000,estimated,per_card,text,unknown,,active,needs_review,needs_review,"가격 단위 추정, 배송비 포함 여부 미확정",estimated,yes,candidate_estimated,언페어스탬프 1
3e81da77dcc93c3ea3ccbdcf,pokemoncardgame,포켓몬 카드게임,2026-07,2026-07-02T23:03:16+09:00,known,5fee75e47488e3cee7250abc,3e81da77dcc93c3ea3ccbdcf,117817,https://m.dcinside.com/board/pokemoncardgame/117817,나옹 언페어스탬프 하솔 해골몽 일괄구함,seller-51447db26eeb90b0124d315b,포갤러,registered,커스봄 해골몽-미라몽,커스봄 해골몽-미라몽,커스봄 해골몽-미라몽 2,,,unknown,미분류,1,2,20000,estimated,per_card,text,unknown,,active,needs_review,needs_review,"가격 단위 추정, 배송비 포함 여부 미확정",estimated,yes,candidate_estimated,커스봄 해골몽-미라몽 2-2
406adb2846a724bdbe0871e0,pokemoncardgame,포켓몬 카드게임,2026-07,2026-07-02T23:03:16+09:00,known,c3a6e35994c982fceab54b5d,406adb2846a724bdbe0871e0,117817,https://m.dcinside.com/board/pokemoncardgame/117817,나옹 언페어스탬프 하솔 해골몽 일괄구함,seller-51447db26eeb90b0124d315b,포갤러,registered,나옹ex,나옹ex,나옹ex,,,unknown,미분류,1,1,10000,estimated,per_card,text,unknown,,active,needs_review,needs_review,"가격 단위 추정, 배송비 포함 여부 미확정",estimated,yes,candidate_estimated,나옹ex 1
4cf27ef1f71674b8be712448,pokemoncardgame,포켓몬 카드게임,2026-07,2026-07-02T23:03:16+09:00,known,7b767d6f801eac30bed6b5eb,4cf27ef1f71674b8be712448,117817,https://m.dcinside.com/board/pokemoncardgame/117817,나옹 언페어스탬프 하솔 해골몽 일괄구함,seller-51447db26eeb90b0124d315b,포갤러,registered,커스봄 해골몽-미라몽,커스봄 해골몽-미라몽,커스봄 해골몽-미라몽 2,,,unknown,미분류,1,2,20000,estimated,per_card,text,unknown,,active,needs_review,needs_review,"가격 단위 추정, 배송비 포함 여부 미확정",estimated,yes,candidate_estimated,커스봄 해골몽-미라몽 2-2
5dafabb6c1b8adc6fc579670,pokemoncardgame,포켓몬 카드게임,2026-07,2026-07-02T23:03:16+09:00,known,5fee75e47488e3cee7250abc,5dafabb6c1b8adc6fc579670,117817,https://m.dcinside.com/board/pokemoncardgame/117817,나옹 언페어스탬프 하솔 해골몽 일괄구함,seller-51447db26eeb90b0124d315b,포갤러,registered,나옹ex,나옹ex,나옹ex,,,unknown,미분류,1,1,10000,estimated,per_card,text,unknown,,active,needs_review,needs_review,"가격 단위 추정, 배송비 포함 여부 미확정",estimated,yes,candidate_estimated,나옹ex 1
6124d49ae4983c7a703f8aba,pokemoncardgame,포켓몬 카드게임,2026-07,2026-07-02T23:03:16+09:00,known,7b767d6f801eac30bed6b5eb,6124d49ae4983c7a703f8aba,117817,https://m.dcinside.com/board/pokemoncardgame/117817,나옹 언페어스탬프 하솔 해골몽 일괄구함,seller-51447db26eeb90b0124d315b,포갤러,registered,나옹ex,나옹ex,나옹ex,,,unknown,미분류,1,1,10000,estimated,per_card,text,unknown,,active,needs_review,needs_review,"가격 단위 추정, 배송비 포함 여부 미확정",estimated,yes,candidate_estimated,나옹ex 1
6e31677165d53f852870b738,pokemoncardgame,포켓몬 카드게임,2026-07,2026-07-02T23:03:16+09:00,known,7b767d6f801eac30bed6b5eb,6e31677165d53f852870b738,117817,https://m.dcinside.com/board/pokemoncardgame/117817,나옹 언페어스탬프 하솔 해골몽 일괄구함,seller-51447db26eeb90b0124d315b,포갤러,registered,언페어스탬프,언페어스탬프,언페어스탬프,,,unknown,미분류,1,1,10000,estimated,per_card,text,unknown,,active,needs_review,needs_review,"가격 단위 추정, 배송비 포함 여부 미확정",estimated,yes,candidate_estimated,언페어스탬프 1
c47caec2f659d88e769ffaeb,pokemoncardgame,포켓몬 카드게임,2026-07,2026-07-02T23:03:16+09:00,known,c3a6e35994c982fceab54b5d,c47caec2f659d88e769ffaeb,117817,https://m.dcinside.com/board/pokemoncardgame/117817,나옹 언페어스탬프 하솔 해골몽 일괄구함,seller-51447db26eeb90b0124d315b,포갤러,registered,언페어스탬프,언페어스탬프,언페어스탬프,,,unknown,미분류,1,1,10000,estimated,per_card,text,unknown,,active,needs_review,needs_review,"가격 단위 추정, 배송비 포함 여부 미확정",estimated,yes,candidate_estimated,언페어스탬프 1
d1b92ab070f407ab40b66f33,pokemoncardgame,포켓몬 카드게임,2026-07,2026-07-02T23:03:16+09:00,known,7b767d6f801eac30bed6b5eb,d1b92ab070f407ab40b66f33,117817,https://m.dcinside.com/board/pokemoncardgame/117817,나옹 언페어스탬프 하솔 해골몽 일괄구함,seller-51447db26eeb90b0124d315b,포갤러,registered,하솔,하솔,하솔,,,unknown,미분류,1,1,10000,estimated,per_card,text,unknown,,active,needs_review,needs_review,"가격 단위 추정, 배송비 포함 여부 미확정",estimated,yes,candidate_estimated,하솔 1
f71ce6ae910af1f2230727ad,pokemoncardgame,포켓몬 카드게임,2026-07,2026-07-02T23:03:16+09:00,known,5fee75e47488e3cee7250abc,f71ce6ae910af1f2230727ad,117817,https://m.dcinside.com/board/pokemoncardgame/117817,나옹 언페어스탬프 하솔 해골몽 일괄구함,seller-51447db26eeb90b0124d315b,포갤러,registered,하솔,하솔,하솔,,,unknown,미분류,1,1,10000,estimated,per_card,text,unknown,,active,needs_review,needs_review,"가격 단위 추정, 배송비 포함 여부 미확정",estimated,yes,candidate_estimated,하솔 1
07572b166b1a4237c94cf3bf,pokemoncardgame,포켓몬 카드게임,2026-07,2026-07-03T00:49:50+09:00,known,3cafcb630df27ac0b9d07e17,07572b166b1a4237c94cf3bf,117832,https://m.dcinside.com/board/pokemoncardgame/117832,"덱팔이청년의 메개닌&amp;드펄 , 메루카&amp;메가지가르데",seller-51447db26eeb90b0124d315b,포갤러,registered,DOM 삽입 헬퍼 현재 스크립트 위치 기준,DOM 삽입 헬퍼 현재 스크립트 위치 기준,// ---- DOM 삽입 헬퍼 (현재 스크립트 위치 기준,,,unknown,미분류,1,1,10000,estimated,bundle,text,unknown,,active,needs_review,needs_review,"가격 단위 추정, 복수 카드 가격, 배송비 포함 여부 미확정, 묶음·세트 총액 · 개별 카드 가격 아님",estimated,no,no,// ---- DOM 삽입 헬퍼 (현재 스크립트 위치 기준1)
0cb7ad58481414c4018e5628,pokemoncardgame,포켓몬 카드게임,2026-07,2026-07-03T00:49:50+09:00,known,7eb97cc31341284b8a51d22d,0cb7ad58481414c4018e5628,117832,https://m.dcinside.com/board/pokemoncardgame/117832,"덱팔이청년의 메개닌&amp;드펄 , 메루카&amp;메가지가르데",seller-51447db26eeb90b0124d315b,포갤러,registered,var safe = window.dcAd && window.dcAd.safe ==,var safe = window.dcAd && window.dcAd.safe ==,var safe = (window.dcAd && window.dcAd.safe ==,,,unknown,미분류,1,1,10000,estimated,bundle,text,unknown,,active,needs_review,needs_review,"가격 단위 추정, 복수 카드 가격, 배송비 포함 여부 미확정, 묶음·세트 총액 · 개별 카드 가격 아님",estimated,no,no,var safe = (window.dcAd && window.dcAd.safe == 1)
0e64db5f195de2a6d2f14631,pokemoncardgame,포켓몬 카드게임,2026-07,2026-07-03T00:49:50+09:00,known,3cafcb630df27ac0b9d07e17,0e64db5f195de2a6d2f14631,117832,https://m.dcinside.com/board/pokemoncardgame/117832,"덱팔이청년의 메개닌&amp;드펄 , 메루카&amp;메가지가르데",seller-51447db26eeb90b0124d315b,포갤러,registered,이구성을 단돈,이구성을 단돈,이구성을 단돈,,,unknown,미분류,1,78.000,780000,estimated,bundle,text,unknown,,active,needs_review,needs_review,"가격 단위 추정, 배송비 포함 여부 미확정, 묶음·세트 총액 · 개별 카드 가격 아님",estimated,no,no,"이구성을 단돈 78,000에 즐겨보세요!!"
1561f945e4b86371d31bacd4,pokemoncardgame,포켓몬 카드게임,2026-07,2026-07-03T00:49:50+09:00,known,3cafcb630df27ac0b9d07e17,1561f945e4b86371d31bacd4,117832,https://m.dcinside.com/board/pokemoncardgame/117832,"덱팔이청년의 메개닌&amp;드펄 , 메루카&amp;메가지가르데",seller-51447db26eeb90b0124d315b,포갤러,registered,loadScript ' t,loadScript ' t,loadScript('//t,,,unknown,미분류,1,1,10000,estimated,bundle,text,unknown,,active,needs_review,needs_review,"가격 단위 추정, 복수 카드 가격, 배송비 포함 여부 미확정, 묶음·세트 총액 · 개별 카드 가격 아님",estimated,no,no,"loadScript('//t1.kakaocdn.net/kas/static/ba.min.js', true);"
1b4dcf4d0b8f4efd5ec2f3d7,pokemoncardgame,포켓몬 카드게임,2026-07,2026-07-03T00:49:50+09:00,known,daac1bfd8f151eab0403fc68,1b4dcf4d0b8f4efd5ec2f3d7,117832,https://m.dcinside.com/board/pokemoncardgame/117832,"덱팔이청년의 메개닌&amp;드펄 , 메루카&amp;메가지가르데",seller-51447db26eeb90b0124d315b,포갤러,registered,loadScript 'https pagead,loadScript 'https pagead,loadScript('https://pagead,,,unknown,미분류,1,2,20000,estimated,bundle,text,unknown,,active,needs_review,needs_review,"가격 단위 추정, 복수 카드 가격, 배송비 포함 여부 미확정, 묶음·세트 총액 · 개별 카드 가격 아님",estimated,no,no,"loadScript('https://pagead2.googlesyndication.com/pagead/js/adsbygoogle_direct.js?client=ca-pub-8171468792791627', true, 'anonymous');"
1d3e0024c22e1125d0c4c772,pokemoncardgame,포켓몬 카드게임,2026-07,2026-07-03T00:49:50+09:00,known,7eb97cc31341284b8a51d22d,1d3e0024c22e1125d0c4c772,117832,https://m.dcinside.com/board/pokemoncardgame/117832,"덱팔이청년의 메개닌&amp;드펄 , 메루카&amp;메가지가르데",seller-51447db26eeb90b0124d315b,포갤러,registered,DOM 삽입 헬퍼 현재 스크립트 위치 기준,DOM 삽입 헬퍼 현재 스크립트 위치 기준,// ---- DOM 삽입 헬퍼 (현재 스크립트 위치 기준,,,unknown,미분류,1,1,10000,estimated,bundle,text,unknown,,active,needs_review,needs_review,"가격 단위 추정, 복수 카드 가격, 배송비 포함 여부 미확정, 묶음·세트 총액 · 개별 카드 가격 아님",estimated,no,no,// ---- DOM 삽입 헬퍼 (현재 스크립트 위치 기준1)
287cdd768875cbea78b89393,pokemoncardgame,포켓몬 카드게임,2026-07,2026-07-03T00:49:50+09:00,known,daac1bfd8f151eab0403fc68,287cdd768875cbea78b89393,117832,https://m.dcinside.com/board/pokemoncardgame/117832,"덱팔이청년의 메개닌&amp;드펄 , 메루카&amp;메가지가르데",seller-51447db26eeb90b0124d315b,포갤러,registered,loadScript ' t,loadScript ' t,loadScript('//t,,,unknown,미분류,1,1,10000,estimated,bundle,text,unknown,,active,needs_review,needs_review,"가격 단위 추정, 복수 카드 가격, 배송비 포함 여부 미확정, 묶음·세트 총액 · 개별 카드 가격 아님",estimated,no,no,"loadScript('//t1.kakaocdn.net/kas/static/ba.min.js', true);"
377e0b79d40e2fa126da7d46,pokemoncardgame,포켓몬 카드게임,2026-07,2026-07-03T00:49:50+09:00,known,3cafcb630df27ac0b9d07e17,377e0b79d40e2fa126da7d46,117832,https://m.dcinside.com/board/pokemoncardgame/117832,"덱팔이청년의 메개닌&amp;드펄 , 메루카&amp;메가지가르데",seller-51447db26eeb90b0124d315b,포갤러,registered,loadScript 'https pagead,loadScript 'https pagead,loadScript('https://pagead,,,unknown,미분류,1,2,20000,estimated,bundle,text,unknown,,active,needs_review,needs_review,"가격 단위 추정, 복수 카드 가격, 배송비 포함 여부 미확정, 묶음·세트 총액 · 개별 카드 가격 아님",estimated,no,no,"loadScript('https://pagead2.googlesyndication.com/pagead/js/adsbygoogle_direct.js?client=ca-pub-8171468792791627', true, 'anonymous');"
3cbcfd38c6a5c5e36b07ad36,pokemoncardgame,포켓몬 카드게임,2026-07,2026-07-03T00:49:50+09:00,known,daac1bfd8f151eab0403fc68,3cbcfd38c6a5c5e36b07ad36,117832,https://m.dcinside.com/board/pokemoncardgame/117832,"덱팔이청년의 메개닌&amp;드펄 , 메루카&amp;메가지가르데",seller-51447db26eeb90b0124d315b,포갤러,registered,단돈,단돈,단돈,,,unknown,미분류,1,39.000,39000,exact,per_card,text,included,2000,active,needs_review,needs_review,,exact,yes,candidate_estimated,"택배비 포함 단돈 39,000원에 모시겠네"
3e45827fa33d1d628fb776de,pokemoncardgame,포켓몬 카드게임,2026-07,2026-07-03T00:49:50+09:00,known,3cafcb630df27ac0b9d07e17,3e45827fa33d1d628fb776de,117832,https://m.dcinside.com/board/pokemoncardgame/117832,"덱팔이청년의 메개닌&amp;드펄 , 메루카&amp;메가지가르데",seller-51447db26eeb90b0124d315b,포갤러,registered,이녀석도 단돈,이녀석도 단돈,이녀석도 단돈,,,unknown,미분류,1,39.000,39000,exact,per_card,text,included,2000,active,needs_review,needs_review,,exact,yes,candidate_estimated,"이녀석도 택배비 포함 단돈 39,000원에 모시겠네"
4ce451a4655611473e8d470d,pokemoncardgame,포켓몬 카드게임,2026-07,2026-07-03T00:49:50+09:00,known,7eb97cc31341284b8a51d22d,4ce451a4655611473e8d470d,117832,https://m.dcinside.com/board/pokemoncardgame/117832,"덱팔이청년의 메개닌&amp;드펄 , 메루카&amp;메가지가르데",seller-51447db26eeb90b0124d315b,포갤러,registered,단돈,단돈,단돈,,,unknown,미분류,1,39.000,39000,exact,per_card,text,included,2000,active,needs_review,needs_review,,exact,yes,candidate_estimated,"택배비 포함 단돈 39,000원에 모시겠네"
5215778c159313dc54a58e54,pokemoncardgame,포켓몬 카드게임,2026-07,2026-07-03T00:49:50+09:00,known,7eb97cc31341284b8a51d22d,5215778c159313dc54a58e54,117832,https://m.dcinside.com/board/pokemoncardgame/117832,"덱팔이청년의 메개닌&amp;드펄 , 메루카&amp;메가지가르데",seller-51447db26eeb90b0124d315b,포갤러,registered,이녀석도 단돈,이녀석도 단돈,이녀석도 단돈,,,unknown,미분류,1,39.000,39000,exact,per_card,text,included,2000,active,needs_review,needs_review,,exact,yes,candidate_estimated,"이녀석도 택배비 포함 단돈 39,000원에 모시겠네"
632086ce53fee5677bc96a87,pokemoncardgame,포켓몬 카드게임,2026-07,2026-07-03T00:49:50+09:00,known,3cafcb630df27ac0b9d07e17,632086ce53fee5677bc96a87,117832,https://m.dcinside.com/board/pokemoncardgame/117832,"덱팔이청년의 메개닌&amp;드펄 , 메루카&amp;메가지가르데",seller-51447db26eeb90b0124d315b,포갤러,registered,var safe = window.dcAd && window.dcAd.safe ==,var safe = window.dcAd && window.dcAd.safe ==,var safe = (window.dcAd && window.dcAd.safe ==,,,unknown,미분류,1,1,10000,estimated,bundle,text,unknown,,active,needs_review,needs_review,"가격 단위 추정, 복수 카드 가격, 배송비 포함 여부 미확정, 묶음·세트 총액 · 개별 카드 가격 아님",estimated,no,no,var safe = (window.dcAd && window.dcAd.safe == 1)
63955ae47da4fa7c20a934af,pokemoncardgame,포켓몬 카드게임,2026-07,2026-07-03T00:49:50+09:00,known,daac1bfd8f151eab0403fc68,63955ae47da4fa7c20a934af,117832,https://m.dcinside.com/board/pokemoncardgame/117832,"덱팔이청년의 메개닌&amp;드펄 , 메루카&amp;메가지가르데",seller-51447db26eeb90b0124d315b,포갤러,registered,이녀석도 단돈,이녀석도 단돈,이녀석도 단돈,,,unknown,미분류,1,39.000,39000,exact,per_card,text,included,2000,active,needs_review,needs_review,,exact,yes,candidate_estimated,"이녀석도 택배비 포함 단돈 39,000원에 모시겠네"
8c44c258e9ea898e266e112e,pokemoncardgame,포켓몬 카드게임,2026-07,2026-07-03T00:49:50+09:00,known,7eb97cc31341284b8a51d22d,8c44c258e9ea898e266e112e,117832,https://m.dcinside.com/board/pokemoncardgame/117832,"덱팔이청년의 메개닌&amp;드펄 , 메루카&amp;메가지가르데",seller-51447db26eeb90b0124d315b,포갤러,registered,loadScript 'https pagead,loadScript 'https pagead,loadScript('https://pagead,,,unknown,미분류,1,2,20000,estimated,bundle,text,unknown,,active,needs_review,needs_review,"가격 단위 추정, 복수 카드 가격, 배송비 포함 여부 미확정, 묶음·세트 총액 · 개별 카드 가격 아님",estimated,no,no,"loadScript('https://pagead2.googlesyndication.com/pagead/js/adsbygoogle_direct.js?client=ca-pub-8171468792791627', true, 'anonymous');"
9050b3b1b46f559afbbe285b,pokemoncardgame,포켓몬 카드게임,2026-07,2026-07-03T00:49:50+09:00,known,daac1bfd8f151eab0403fc68,9050b3b1b46f559afbbe285b,117832,https://m.dcinside.com/board/pokemoncardgame/117832,"덱팔이청년의 메개닌&amp;드펄 , 메루카&amp;메가지가르데",seller-51447db26eeb90b0124d315b,포갤러,registered,DOM 삽입 헬퍼 현재 스크립트 위치 기준,DOM 삽입 헬퍼 현재 스크립트 위치 기준,// ---- DOM 삽입 헬퍼 (현재 스크립트 위치 기준,,,unknown,미분류,1,1,10000,estimated,bundle,text,unknown,,active,needs_review,needs_review,"가격 단위 추정, 복수 카드 가격, 배송비 포함 여부 미확정, 묶음·세트 총액 · 개별 카드 가격 아님",estimated,no,no,// ---- DOM 삽입 헬퍼 (현재 스크립트 위치 기준1)
9260610cbc67c20c771e9187,pokemoncardgame,포켓몬 카드게임,2026-07,2026-07-03T00:49:50+09:00,known,7eb97cc31341284b8a51d22d,9260610cbc67c20c771e9187,117832,https://m.dcinside.com/board/pokemoncardgame/117832,"덱팔이청년의 메개닌&amp;드펄 , 메루카&amp;메가지가르데",seller-51447db26eeb90b0124d315b,포갤러,registered,이구성을 단돈,이구성을 단돈,이구성을 단돈,,,unknown,미분류,1,78.000,780000,estimated,bundle,text,unknown,,active,needs_review,needs_review,"가격 단위 추정, 배송비 포함 여부 미확정, 묶음·세트 총액 · 개별 카드 가격 아님",estimated,no,no,"이구성을 단돈 78,000에 즐겨보세요!!"
cd2abb143a9144342e395324,pokemoncardgame,포켓몬 카드게임,2026-07,2026-07-03T00:49:50+09:00,known,7eb97cc31341284b8a51d22d,cd2abb143a9144342e395324,117832,https://m.dcinside.com/board/pokemoncardgame/117832,"덱팔이청년의 메개닌&amp;드펄 , 메루카&amp;메가지가르데",seller-51447db26eeb90b0124d315b,포갤러,registered,loadScript ' t,loadScript ' t,loadScript('//t,,,unknown,미분류,1,1,10000,estimated,bundle,text,unknown,,active,needs_review,needs_review,"가격 단위 추정, 복수 카드 가격, 배송비 포함 여부 미확정, 묶음·세트 총액 · 개별 카드 가격 아님",estimated,no,no,"loadScript('//t1.kakaocdn.net/kas/static/ba.min.js', true);"
d3ae2dcc836a68aa1f610fea,pokemoncardgame,포켓몬 카드게임,2026-07,2026-07-03T00:49:50+09:00,known,daac1bfd8f151eab0403fc68,d3ae2dcc836a68aa1f610fea,117832,https://m.dcinside.com/board/pokemoncardgame/117832,"덱팔이청년의 메개닌&amp;드펄 , 메루카&amp;메가지가르데",seller-51447db26eeb90b0124d315b,포갤러,registered,이구성을 단돈,이구성을 단돈,이구성을 단돈,,,unknown,미분류,1,78.000,780000,estimated,bundle,text,unknown,,active,needs_review,needs_review,"가격 단위 추정, 배송비 포함 여부 미확정, 묶음·세트 총액 · 개별 카드 가격 아님",estimated,no,no,"이구성을 단돈 78,000에 즐겨보세요!!"
d98c0ac9631279ebe37d1e66,pokemoncardgame,포켓몬 카드게임,2026-07,2026-07-03T00:49:50+09:00,known,3cafcb630df27ac0b9d07e17,d98c0ac9631279ebe37d1e66,117832,https://m.dcinside.com/board/pokemoncardgame/117832,"덱팔이청년의 메개닌&amp;드펄 , 메루카&amp;메가지가르데",seller-51447db26eeb90b0124d315b,포갤러,registered,단돈,단돈,단돈,,,unknown,미분류,1,39.000,39000,exact,per_card,text,included,2000,active,needs_review,needs_review,,exact,yes,candidate_estimated,"택배비 포함 단돈 39,000원에 모시겠네"
f3d3f872f41d74def6a4a327,pokemoncardgame,포켓몬 카드게임,2026-07,2026-07-03T00:49:50+09:00,known,daac1bfd8f151eab0403fc68,f3d3f872f41d74def6a4a327,117832,https://m.dcinside.com/board/pokemoncardgame/117832,"덱팔이청년의 메개닌&amp;드펄 , 메루카&amp;메가지가르데",seller-51447db26eeb90b0124d315b,포갤러,registered,var safe = window.dcAd && window.dcAd.safe ==,var safe = window.dcAd && window.dcAd.safe ==,var safe = (window.dcAd && window.dcAd.safe ==,,,unknown,미분류,1,1,10000,estimated,bundle,text,unknown,,active,needs_review,needs_review,"가격 단위 추정, 복수 카드 가격, 배송비 포함 여부 미확정, 묶음·세트 총액 · 개별 카드 가격 아님",estimated,no,no,var safe = (window.dcAd && window.dcAd.safe == 1)
107314d74b445763aa840a76,pokemoncardgame,포켓몬 카드게임,2026-07,2026-07-03T15:44:12+09:00,known,d536ae5393c8c3751633b9a1,107314d74b445763aa840a76,117863,https://m.dcinside.com/board/pokemoncardgame/117863,내일 수원 직이나 택배로 포핀이랑 람다 ㅅㅅ,seller-ec1eafa36a451f33761cf572,잘하자,registered,포켓기어 일반,포켓기어 일반,포켓기어 3.0 일반,,,unknown,미분류,2,0.2,2000,estimated,per_quantity,text,included,2000,active,needs_review,needs_review,"가격 단위 추정, 복수 수량 총액 · 카드 1장 가격 아님",estimated,no,no,포켓기어 3.0 2장 일반 0.2에 ㅅㅅ
1d4b5411cd9bba4da8fcaf89,pokemoncardgame,포켓몬 카드게임,2026-07,2026-07-03T15:44:12+09:00,known,7f7b129b98c786c6a99ce82c,1d4b5411cd9bba4da8fcaf89,117863,https://m.dcinside.com/board/pokemoncardgame/117863,내일 수원 직이나 택배로 포핀이랑 람다 ㅅㅅ,seller-ec1eafa36a451f33761cf572,잘하자,registered,택배는 로,택배는 로,택배는 택포로,,,unknown,미분류,1,1.2,12000,estimated,bundle,text,included,2000,active,needs_review,needs_review,"가격 단위 추정, 일괄·세트 가격, 묶음·세트 총액 · 개별 카드 가격 아님",estimated,no,no,택배는 전체 일괄 택포로 1.2에 구함
392f3da7855f45d62f00a7d0,pokemoncardgame,포켓몬 카드게임,2026-07,2026-07-03T15:44:12+09:00,known,53ceb07d5daf45297d5bb203,392f3da7855f45d62f00a7d0,117863,https://m.dcinside.com/board/pokemoncardgame/117863,내일 수원 직이나 택배로 포핀이랑 람다 ㅅㅅ,seller-ec1eafa36a451f33761cf572,잘하자,registered,택배는 로,택배는 로,택배는 택포로,,,unknown,미분류,1,1.2,12000,estimated,bundle,text,included,2000,active,needs_review,needs_review,"가격 단위 추정, 일괄·세트 가격, 묶음·세트 총액 · 개별 카드 가격 아님",estimated,no,no,택배는 전체 일괄 택포로 1.2에 구함
6854c86b7cc6ccbfdacea723,pokemoncardgame,포켓몬 카드게임,2026-07,2026-07-03T15:44:12+09:00,known,d536ae5393c8c3751633b9a1,6854c86b7cc6ccbfdacea723,117863,https://m.dcinside.com/board/pokemoncardgame/117863,내일 수원 직이나 택배로 포핀이랑 람다 ㅅㅅ,seller-ec1eafa36a451f33761cf572,잘하자,registered,포핀 일반으로,포핀 일반으로,포핀 일반으로,,,unknown,미분류,4,0.4,4000,estimated,bundle,text,included,2000,active,needs_review,needs_review,"가격 단위 추정, 일괄·세트 가격, 묶음·세트 총액 · 개별 카드 가격 아님",estimated,no,no,포핀 4장 일반으로 일괄 0.4
6abc56c28d805d53aa94792a,pokemoncardgame,포켓몬 카드게임,2026-07,2026-07-03T15:44:12+09:00,known,d536ae5393c8c3751633b9a1,6abc56c28d805d53aa94792a,117863,https://m.dcinside.com/board/pokemoncardgame/117863,내일 수원 직이나 택배로 포핀이랑 람다 ㅅㅅ,seller-ec1eafa36a451f33761cf572,잘하자,registered,람다 일반,람다 일반,람다 일반,,,unknown,미분류,1,0.3,3000,estimated,per_card,text,included,2000,active,needs_review,needs_review,가격 단위 추정,estimated,yes,candidate_estimated,람다 일반 1장 0.3
83b299ffd1aade08061c0357,pokemoncardgame,포켓몬 카드게임,2026-07,2026-07-03T15:44:12+09:00,known,53ceb07d5daf45297d5bb203,83b299ffd1aade08061c0357,117863,https://m.dcinside.com/board/pokemoncardgame/117863,내일 수원 직이나 택배로 포핀이랑 람다 ㅅㅅ,seller-ec1eafa36a451f33761cf572,잘하자,registered,람다 일반,람다 일반,람다 일반,,,unknown,미분류,1,0.3,3000,estimated,per_card,text,included,2000,active,needs_review,needs_review,가격 단위 추정,estimated,yes,candidate_estimated,람다 일반 1장 0.3
899c853fecfc6f587e9c4810,pokemoncardgame,포켓몬 카드게임,2026-07,2026-07-03T15:44:12+09:00,known,53ceb07d5daf45297d5bb203,899c853fecfc6f587e9c4810,117863,https://m.dcinside.com/board/pokemoncardgame/117863,내일 수원 직이나 택배로 포핀이랑 람다 ㅅㅅ,seller-ec1eafa36a451f33761cf572,잘하자,registered,포켓기어 일반,포켓기어 일반,포켓기어 3.0 일반,,,unknown,미분류,2,0.2,2000,estimated,per_quantity,text,included,2000,active,needs_review,needs_review,"가격 단위 추정, 복수 수량 총액 · 카드 1장 가격 아님",estimated,no,no,포켓기어 3.0 2장 일반 0.2에 ㅅㅅ
94a0021a0c7a29cd6695dee4,pokemoncardgame,포켓몬 카드게임,2026-07,2026-07-03T15:44:12+09:00,known,53ceb07d5daf45297d5bb203,94a0021a0c7a29cd6695dee4,117863,https://m.dcinside.com/board/pokemoncardgame/117863,내일 수원 직이나 택배로 포핀이랑 람다 ㅅㅅ,seller-ec1eafa36a451f33761cf572,잘하자,registered,포핀 일반으로,포핀 일반으로,포핀 일반으로,,,unknown,미분류,4,0.4,4000,estimated,bundle,text,included,2000,active,needs_review,needs_review,"가격 단위 추정, 일괄·세트 가격, 묶음·세트 총액 · 개별 카드 가격 아님",estimated,no,no,포핀 4장 일반으로 일괄 0.4
9d6b200c59250e859f8e172d,pokemoncardgame,포켓몬 카드게임,2026-07,2026-07-03T15:44:12+09:00,known,7f7b129b98c786c6a99ce82c,9d6b200c59250e859f8e172d,117863,https://m.dcinside.com/board/pokemoncardgame/117863,내일 수원 직이나 택배로 포핀이랑 람다 ㅅㅅ,seller-ec1eafa36a451f33761cf572,잘하자,registered,람다 일반,람다 일반,람다 일반,,,unknown,미분류,1,0.3,3000,estimated,per_card,text,included,2000,active,needs_review,needs_review,가격 단위 추정,estimated,yes,candidate_estimated,람다 일반 1장 0.3
b34e42b74f91532f22788d19,pokemoncardgame,포켓몬 카드게임,2026-07,2026-07-03T15:44:12+09:00,known,7f7b129b98c786c6a99ce82c,b34e42b74f91532f22788d19,117863,https://m.dcinside.com/board/pokemoncardgame/117863,내일 수원 직이나 택배로 포핀이랑 람다 ㅅㅅ,seller-ec1eafa36a451f33761cf572,잘하자,registered,포핀 일반으로,포핀 일반으로,포핀 일반으로,,,unknown,미분류,4,0.4,4000,estimated,bundle,text,included,2000,active,needs_review,needs_review,"가격 단위 추정, 일괄·세트 가격, 묶음·세트 총액 · 개별 카드 가격 아님",estimated,no,no,포핀 4장 일반으로 일괄 0.4
b51d19d151f53fdf189b527a,pokemoncardgame,포켓몬 카드게임,2026-07,2026-07-03T15:44:12+09:00,known,d536ae5393c8c3751633b9a1,b51d19d151f53fdf189b527a,117863,https://m.dcinside.com/board/pokemoncardgame/117863,내일 수원 직이나 택배로 포핀이랑 람다 ㅅㅅ,seller-ec1eafa36a451f33761cf572,잘하자,registered,택배는 로,택배는 로,택배는 택포로,,,unknown,미분류,1,1.2,12000,estimated,bundle,text,included,2000,active,needs_review,needs_review,"가격 단위 추정, 일괄·세트 가격, 묶음·세트 총액 · 개별 카드 가격 아님",estimated,no,no,택배는 전체 일괄 택포로 1.2에 구함
c1019a925e413ad0dacfad0b,pokemoncardgame,포켓몬 카드게임,2026-07,2026-07-03T15:44:12+09:00,known,7f7b129b98c786c6a99ce82c,c1019a925e413ad0dacfad0b,117863,https://m.dcinside.com/board/pokemoncardgame/117863,내일 수원 직이나 택배로 포핀이랑 람다 ㅅㅅ,seller-ec1eafa36a451f33761cf572,잘하자,registered,포켓기어 일반,포켓기어 일반,포켓기어 3.0 일반,,,unknown,미분류,2,0.2,2000,estimated,per_quantity,text,included,2000,active,needs_review,needs_review,"가격 단위 추정, 복수 수량 총액 · 카드 1장 가격 아님",estimated,no,no,포켓기어 3.0 2장 일반 0.2에 ㅅㅅ
0ebf42e361e8ad4b4e310061,pokemoncardgame,포켓몬 카드게임,2026-07,2026-07-03T21:02:17+09:00,known,3c0f64e426796ac3b0df75dd,0ebf42e361e8ad4b4e310061,117885,https://m.dcinside.com/board/pokemoncardgame/117885,카드 여러장 구매합니다. (대부분 금칠용),seller-2be416658db9cb3ff1c9a96b,ㅇㅇ,guest,태권왕의 수련 SR,태권왕의 수련 SR,태권왕의 수련 SR - (,,,unknown,미분류,1,0.4,4000,estimated,per_card,text,unknown,,active,needs_review,needs_review,"가격 단위 추정, 배송비 포함 여부 미확정",estimated,yes,candidate_estimated,태권왕의 수련 SR - 1장 (0.4)
13beea34c909ddd47b116071,pokemoncardgame,포켓몬 카드게임,2026-07,2026-07-03T21:02:17+09:00,known,0d1b7b9f6e0fd77d704c2f6e,13beea34c909ddd47b116071,117885,https://m.dcinside.com/board/pokemoncardgame/117885,카드 여러장 구매합니다. (대부분 금칠용),seller-9f54c14920b4e40ab03459e0,ㅇㅇ,guest,싸리용 AR,싸리용 AR,싸리용 AR - (,,,unknown,미분류,1,0.3,3000,estimated,per_card,text,unknown,,active,needs_review,needs_review,"가격 단위 추정, 배송비 포함 여부 미확정",estimated,yes,candidate_estimated,싸리용 AR - 1장 (0.3)
1f866e69b91318f458ede4e9,pokemoncardgame,포켓몬 카드게임,2026-07,2026-07-03T21:02:17+09:00,known,3c0f64e426796ac3b0df75dd,1f866e69b91318f458ede4e9,117885,https://m.dcinside.com/board/pokemoncardgame/117885,카드 여러장 구매합니다. (대부분 금칠용),seller-2be416658db9cb3ff1c9a96b,ㅇㅇ,guest,기로치 ex RR,기로치 ex RR,기로치 ex RR - (,,,unknown,미분류,1,0.1,1000,estimated,per_card,text,unknown,,active,needs_review,needs_review,"가격 단위 추정, 배송비 포함 여부 미확정",estimated,yes,candidate_estimated,기로치 ex RR - 1장 (0.1)
535d126e9e14b0efe7449177,pokemoncardgame,포켓몬 카드게임,2026-07,2026-07-03T21:02:17+09:00,known,0d1b7b9f6e0fd77d704c2f6e,535d126e9e14b0efe7449177,117885,https://m.dcinside.com/board/pokemoncardgame/117885,카드 여러장 구매합니다. (대부분 금칠용),seller-9f54c14920b4e40ab03459e0,ㅇㅇ,guest,기로치 ex RR,기로치 ex RR,기로치 ex RR - (,,,unknown,미분류,1,0.1,1000,estimated,per_card,text,unknown,,active,needs_review,needs_review,"가격 단위 추정, 배송비 포함 여부 미확정",estimated,yes,candidate_estimated,기로치 ex RR - 1장 (0.1)
6891a4075f6ebed6fbb97431,pokemoncardgame,포켓몬 카드게임,2026-07,2026-07-03T21:02:17+09:00,known,cbaf6ebe3b4a6c4c2f404286,6891a4075f6ebed6fbb97431,117885,https://m.dcinside.com/board/pokemoncardgame/117885,카드 여러장 구매합니다. (대부분 금칠용),seller-535168d48a947b2293c8fe91,ㅇㅇ,guest,기로치 ex RR,기로치 ex RR,기로치 ex RR - (,,,unknown,미분류,1,0.1,1000,estimated,per_card,text,unknown,,active,needs_review,needs_review,"가격 단위 추정, 배송비 포함 여부 미확정",estimated,yes,candidate_estimated,기로치 ex RR - 1장 (0.1)
800d4fa7919ab7ee69915777,pokemoncardgame,포켓몬 카드게임,2026-07,2026-07-03T21:02:17+09:00,known,cbaf6ebe3b4a6c4c2f404286,800d4fa7919ab7ee69915777,117885,https://m.dcinside.com/board/pokemoncardgame/117885,카드 여러장 구매합니다. (대부분 금칠용),seller-535168d48a947b2293c8fe91,ㅇㅇ,guest,싸리용 AR,싸리용 AR,싸리용 AR - (,,,unknown,미분류,1,0.3,3000,estimated,per_card,text,unknown,,active,needs_review,needs_review,"가격 단위 추정, 배송비 포함 여부 미확정",estimated,yes,candidate_estimated,싸리용 AR - 1장 (0.3)
8a6dc5ba819d84cd9f539882,pokemoncardgame,포켓몬 카드게임,2026-07,2026-07-03T21:02:17+09:00,known,0d1b7b9f6e0fd77d704c2f6e,8a6dc5ba819d84cd9f539882,117885,https://m.dcinside.com/board/pokemoncardgame/117885,카드 여러장 구매합니다. (대부분 금칠용),seller-9f54c14920b4e40ab03459e0,ㅇㅇ,guest,시아노 SR,시아노 SR,시아노 SR - (,,,unknown,미분류,2,1.0,10000,estimated,per_quantity,text,unknown,,active,needs_review,needs_review,"가격 단위 추정, 배송비 포함 여부 미확정, 복수 수량 총액 · 카드 1장 가격 아님",estimated,no,no,시아노 SR - 2장 (1.0)
b5a43016f5c57691b5f836f2,pokemoncardgame,포켓몬 카드게임,2026-07,2026-07-03T21:02:17+09:00,known,3c0f64e426796ac3b0df75dd,b5a43016f5c57691b5f836f2,117885,https://m.dcinside.com/board/pokemoncardgame/117885,카드 여러장 구매합니다. (대부분 금칠용),seller-2be416658db9cb3ff1c9a96b,ㅇㅇ,guest,싸리용 AR,싸리용 AR,싸리용 AR - (,,,unknown,미분류,1,0.3,3000,estimated,per_card,text,unknown,,active,needs_review,needs_review,"가격 단위 추정, 배송비 포함 여부 미확정",estimated,yes,candidate_estimated,싸리용 AR - 1장 (0.3)
b89c68a8b4b81efb261b6bf2,pokemoncardgame,포켓몬 카드게임,2026-07,2026-07-03T21:02:17+09:00,known,0d1b7b9f6e0fd77d704c2f6e,b89c68a8b4b81efb261b6bf2,117885,https://m.dcinside.com/board/pokemoncardgame/117885,카드 여러장 구매합니다. (대부분 금칠용),seller-9f54c14920b4e40ab03459e0,ㅇㅇ,guest,드래런치,드래런치,드래런치 - (,,,unknown,미분류,3,0.1,1000,estimated,per_quantity,text,unknown,,active,needs_review,needs_review,"가격 단위 추정, 배송비 포함 여부 미확정, 복수 수량 총액 · 카드 1장 가격 아님",estimated,no,no,드래런치 - 3장 (0.1)
ba95bdbad2f20b3dae09594f,pokemoncardgame,포켓몬 카드게임,2026-07,2026-07-03T21:02:17+09:00,known,0d1b7b9f6e0fd77d704c2f6e,ba95bdbad2f20b3dae09594f,117885,https://m.dcinside.com/board/pokemoncardgame/117885,카드 여러장 구매합니다. (대부분 금칠용),seller-9f54c14920b4e40ab03459e0,ㅇㅇ,guest,,,,,,unknown,미분류,1,2.0,20000,estimated,bundle,text,unknown,,active,needs_review,needs_review,"가격 단위 추정, 일괄·세트 가격, 배송비 포함 여부 미확정, 카드명 확인 필요, 묶음·세트 총액 · 개별 카드 가격 아님",estimated,no,no,일괄 2.0에 구해봅니다.
bc4aa82d1c6b55f659ebc521,pokemoncardgame,포켓몬 카드게임,2026-07,2026-07-03T21:02:17+09:00,known,3c0f64e426796ac3b0df75dd,bc4aa82d1c6b55f659ebc521,117885,https://m.dcinside.com/board/pokemoncardgame/117885,카드 여러장 구매합니다. (대부분 금칠용),seller-2be416658db9cb3ff1c9a96b,ㅇㅇ,guest,시아노 SR,시아노 SR,시아노 SR - (,,,unknown,미분류,2,1.0,10000,estimated,per_quantity,text,unknown,,active,needs_review,needs_review,"가격 단위 추정, 배송비 포함 여부 미확정, 복수 수량 총액 · 카드 1장 가격 아님",estimated,no,no,시아노 SR - 2장 (1.0)
c568faab2f306e88cb433be6,pokemoncardgame,포켓몬 카드게임,2026-07,2026-07-03T21:02:17+09:00,known,3c0f64e426796ac3b0df75dd,c568faab2f306e88cb433be6,117885,https://m.dcinside.com/board/pokemoncardgame/117885,카드 여러장 구매합니다. (대부분 금칠용),seller-2be416658db9cb3ff1c9a96b,ㅇㅇ,guest,드래런치,드래런치,드래런치 - (,,,unknown,미분류,3,0.1,1000,estimated,per_quantity,text,unknown,,active,needs_review,needs_review,"가격 단위 추정, 배송비 포함 여부 미확정, 복수 수량 총액 · 카드 1장 가격 아님",estimated,no,no,드래런치 - 3장 (0.1)
c90653031f55cc228a09e0c7,pokemoncardgame,포켓몬 카드게임,2026-07,2026-07-03T21:02:17+09:00,known,cbaf6ebe3b4a6c4c2f404286,c90653031f55cc228a09e0c7,117885,https://m.dcinside.com/board/pokemoncardgame/117885,카드 여러장 구매합니다. (대부분 금칠용),seller-535168d48a947b2293c8fe91,ㅇㅇ,guest,드래런치,드래런치,드래런치 - (,,,unknown,미분류,3,0.1,1000,estimated,per_quantity,text,unknown,,active,needs_review,needs_review,"가격 단위 추정, 배송비 포함 여부 미확정, 복수 수량 총액 · 카드 1장 가격 아님",estimated,no,no,드래런치 - 3장 (0.1)
d4356b6d4352d9cc6185cc1a,pokemoncardgame,포켓몬 카드게임,2026-07,2026-07-03T21:02:17+09:00,known,cbaf6ebe3b4a6c4c2f404286,d4356b6d4352d9cc6185cc1a,117885,https://m.dcinside.com/board/pokemoncardgame/117885,카드 여러장 구매합니다. (대부분 금칠용),seller-535168d48a947b2293c8fe91,ㅇㅇ,guest,,,,,,unknown,미분류,1,2.0,20000,estimated,bundle,text,unknown,,active,needs_review,needs_review,"가격 단위 추정, 일괄·세트 가격, 배송비 포함 여부 미확정, 카드명 확인 필요, 묶음·세트 총액 · 개별 카드 가격 아님",estimated,no,no,일괄 2.0에 구해봅니다.
e848ea6db0bb0e3d8afce4f1,pokemoncardgame,포켓몬 카드게임,2026-07,2026-07-03T21:02:17+09:00,known,cbaf6ebe3b4a6c4c2f404286,e848ea6db0bb0e3d8afce4f1,117885,https://m.dcinside.com/board/pokemoncardgame/117885,카드 여러장 구매합니다. (대부분 금칠용),seller-535168d48a947b2293c8fe91,ㅇㅇ,guest,태권왕의 수련 SR,태권왕의 수련 SR,태권왕의 수련 SR - (,,,unknown,미분류,1,0.4,4000,estimated,per_card,text,unknown,,active,needs_review,needs_review,"가격 단위 추정, 배송비 포함 여부 미확정",estimated,yes,candidate_estimated,태권왕의 수련 SR - 1장 (0.4)
efb355882607a1e52f4e248a,pokemoncardgame,포켓몬 카드게임,2026-07,2026-07-03T21:02:17+09:00,known,cbaf6ebe3b4a6c4c2f404286,efb355882607a1e52f4e248a,117885,https://m.dcinside.com/board/pokemoncardgame/117885,카드 여러장 구매합니다. (대부분 금칠용),seller-535168d48a947b2293c8fe91,ㅇㅇ,guest,시아노 SR,시아노 SR,시아노 SR - (,,,unknown,미분류,2,1.0,10000,estimated,per_quantity,text,unknown,,active,needs_review,needs_review,"가격 단위 추정, 배송비 포함 여부 미확정, 복수 수량 총액 · 카드 1장 가격 아님",estimated,no,no,시아노 SR - 2장 (1.0)
f8f7bc0fb754fa3df9552bb4,pokemoncardgame,포켓몬 카드게임,2026-07,2026-07-03T21:02:17+09:00,known,3c0f64e426796ac3b0df75dd,f8f7bc0fb754fa3df9552bb4,117885,https://m.dcinside.com/board/pokemoncardgame/117885,카드 여러장 구매합니다. (대부분 금칠용),seller-2be416658db9cb3ff1c9a96b,ㅇㅇ,guest,,,,,,unknown,미분류,1,2.0,20000,estimated,bundle,text,unknown,,active,needs_review,needs_review,"가격 단위 추정, 일괄·세트 가격, 배송비 포함 여부 미확정, 카드명 확인 필요, 묶음·세트 총액 · 개별 카드 가격 아님",estimated,no,no,일괄 2.0에 구해봅니다.
fa81d3f322fd9679209bf6c5,pokemoncardgame,포켓몬 카드게임,2026-07,2026-07-03T21:02:17+09:00,known,0d1b7b9f6e0fd77d704c2f6e,fa81d3f322fd9679209bf6c5,117885,https://m.dcinside.com/board/pokemoncardgame/117885,카드 여러장 구매합니다. (대부분 금칠용),seller-9f54c14920b4e40ab03459e0,ㅇㅇ,guest,태권왕의 수련 SR,태권왕의 수련 SR,태권왕의 수련 SR - (,,,unknown,미분류,1,0.4,4000,estimated,per_card,text,unknown,,active,needs_review,needs_review,"가격 단위 추정, 배송비 포함 여부 미확정",estimated,yes,candidate_estimated,태권왕의 수련 SR - 1장 (0.4)
019b9f60e36a42789f65ca2e,pokemoncardgame,포켓몬 카드게임,2026-07,2026-07-03T21:53:48+09:00,known,93a6f31bf10939b2788cb07b,019b9f60e36a42789f65ca2e,117890,https://m.dcinside.com/board/pokemoncardgame/117890,가격 내린 덱팔이 청년,seller-51447db26eeb90b0124d315b,포갤러,registered,메가루카리오&메가지가르데덱 단돈,메가루카리오&메가지가르데덱 단돈,메가루카리오&메가지가르데덱 단돈,,,unknown,미분류,1,35.000,35000,exact,bundle,text,unknown,,active,needs_review,needs_review,"복수 카드 가격, 배송비 포함 여부 미확정, 묶음·세트 총액 · 개별 카드 가격 아님",exact,no,no,"메가루카리오&메가지가르데덱 단돈 35,000원!"
10bc0e70ae4e511a5806aa49,pokemoncardgame,포켓몬 카드게임,2026-07,2026-07-03T21:53:48+09:00,known,6154a01d628bd87311bf51e9,10bc0e70ae4e511a5806aa49,117890,https://m.dcinside.com/board/pokemoncardgame/117890,가격 내린 덱팔이 청년,seller-51447db26eeb90b0124d315b,포갤러,registered,loadScript 'https pagead,loadScript 'https pagead,loadScript('https://pagead,,,unknown,미분류,1,2,20000,estimated,bundle,text,unknown,,active,needs_review,needs_review,"가격 단위 추정, 복수 카드 가격, 배송비 포함 여부 미확정, 묶음·세트 총액 · 개별 카드 가격 아님",estimated,no,no,"loadScript('https://pagead2.googlesyndication.com/pagead/js/adsbygoogle_direct.js?client=ca-pub-8171468792791627', true, 'anonymous');"
14abf1a5873b2be67892638d,pokemoncardgame,포켓몬 카드게임,2026-07,2026-07-03T21:53:48+09:00,known,6154a01d628bd87311bf51e9,14abf1a5873b2be67892638d,117890,https://m.dcinside.com/board/pokemoncardgame/117890,가격 내린 덱팔이 청년,seller-51447db26eeb90b0124d315b,포갤러,registered,DOM 삽입 헬퍼 현재 스크립트 위치 기준,DOM 삽입 헬퍼 현재 스크립트 위치 기준,// ---- DOM 삽입 헬퍼 (현재 스크립트 위치 기준,,,unknown,미분류,1,1,10000,estimated,bundle,text,unknown,,active,needs_review,needs_review,"가격 단위 추정, 복수 카드 가격, 배송비 포함 여부 미확정, 묶음·세트 총액 · 개별 카드 가격 아님",estimated,no,no,// ---- DOM 삽입 헬퍼 (현재 스크립트 위치 기준1)
2c0e778cfe7f387652cd58ca,pokemoncardgame,포켓몬 카드게임,2026-07,2026-07-03T21:53:48+09:00,known,e2cb897a503624f807b8f53f,2c0e778cfe7f387652cd58ca,117890,https://m.dcinside.com/board/pokemoncardgame/117890,가격 내린 덱팔이 청년,seller-51447db26eeb90b0124d315b,포갤러,registered,var safe = window.dcAd && window.dcAd.safe ==,var safe = window.dcAd && window.dcAd.safe ==,var safe = (window.dcAd && window.dcAd.safe ==,,,unknown,미분류,1,1,10000,estimated,bundle,text,unknown,,active,needs_review,needs_review,"가격 단위 추정, 복수 카드 가격, 배송비 포함 여부 미확정, 묶음·세트 총액 · 개별 카드 가격 아님",estimated,no,no,var safe = (window.dcAd && window.dcAd.safe == 1)
3159cb1abf1bdb31bd70d4a3,pokemoncardgame,포켓몬 카드게임,2026-07,2026-07-03T21:53:48+09:00,known,6154a01d628bd87311bf51e9,3159cb1abf1bdb31bd70d4a3,117890,https://m.dcinside.com/board/pokemoncardgame/117890,가격 내린 덱팔이 청년,seller-51447db26eeb90b0124d315b,포갤러,registered,메가루카리오&메가지가르데덱 단돈,메가루카리오&메가지가르데덱 단돈,메가루카리오&메가지가르데덱 단돈,,,unknown,미분류,1,35.000,35000,exact,bundle,text,unknown,,active,needs_review,needs_review,"복수 카드 가격, 배송비 포함 여부 미확정, 묶음·세트 총액 · 개별 카드 가격 아님",exact,no,no,"메가루카리오&메가지가르데덱 단돈 35,000원!"
33e83cf5fe19553cbe8325a7,pokemoncardgame,포켓몬 카드게임,2026-07,2026-07-03T21:53:48+09:00,known,6154a01d628bd87311bf51e9,33e83cf5fe19553cbe8325a7,117890,https://m.dcinside.com/board/pokemoncardgame/117890,가격 내린 덱팔이 청년,seller-51447db26eeb90b0124d315b,포갤러,registered,포켓패드 AR및 이하의 카드까지 포함해서 단돈,포켓패드 AR및 이하의 카드까지 포함해서 단돈,포켓패드 AR및 이하의 카드까지 포함해서 단돈,,,unknown,미분류,1,35.000,350000,estimated,per_card,text,included,2000,active,needs_review,needs_review,가격 단위 추정,estimated,yes,candidate_estimated,"포켓패드 AR및 이하의 카드까지 포함해서 택배비포함 단돈 35,000!!!"
42468ae35e769267c43a8d31,pokemoncardgame,포켓몬 카드게임,2026-07,2026-07-03T21:53:48+09:00,known,e2cb897a503624f807b8f53f,42468ae35e769267c43a8d31,117890,https://m.dcinside.com/board/pokemoncardgame/117890,가격 내린 덱팔이 청년,seller-51447db26eeb90b0124d315b,포갤러,registered,메가루카리오&메가지가르데덱 단돈,메가루카리오&메가지가르데덱 단돈,메가루카리오&메가지가르데덱 단돈,,,unknown,미분류,1,35.000,35000,exact,bundle,text,unknown,,active,needs_review,needs_review,"복수 카드 가격, 배송비 포함 여부 미확정, 묶음·세트 총액 · 개별 카드 가격 아님",exact,no,no,"메가루카리오&메가지가르데덱 단돈 35,000원!"
43297503f53fd0e43366f268,pokemoncardgame,포켓몬 카드게임,2026-07,2026-07-03T21:53:48+09:00,known,e2cb897a503624f807b8f53f,43297503f53fd0e43366f268,117890,https://m.dcinside.com/board/pokemoncardgame/117890,가격 내린 덱팔이 청년,seller-51447db26eeb90b0124d315b,포갤러,registered,포켓패드 AR및 이하의 카드까지 포함해서 단돈,포켓패드 AR및 이하의 카드까지 포함해서 단돈,포켓패드 AR및 이하의 카드까지 포함해서 단돈,,,unknown,미분류,1,35.000,350000,estimated,per_card,text,included,2000,active,needs_review,needs_review,가격 단위 추정,estimated,yes,candidate_estimated,"포켓패드 AR및 이하의 카드까지 포함해서 택배비포함 단돈 35,000!!!"
4dae7915425a38f10929c0e2,pokemoncardgame,포켓몬 카드게임,2026-07,2026-07-03T21:53:48+09:00,known,93a6f31bf10939b2788cb07b,4dae7915425a38f10929c0e2,117890,https://m.dcinside.com/board/pokemoncardgame/117890,가격 내린 덱팔이 청년,seller-51447db26eeb90b0124d315b,포갤러,registered,포켓패드 AR및 이하의 카드까지 포함해서 단돈,포켓패드 AR및 이하의 카드까지 포함해서 단돈,포켓패드 AR및 이하의 카드까지 포함해서 단돈,,,unknown,미분류,1,35.000,350000,estimated,per_card,text,included,2000,active,needs_review,needs_review,가격 단위 추정,estimated,yes,candidate_estimated,"포켓패드 AR및 이하의 카드까지 포함해서 택배비포함 단돈 35,000!!!"
4f4eb618bc4671edb31cf8fd,pokemoncardgame,포켓몬 카드게임,2026-07,2026-07-03T21:53:48+09:00,known,93a6f31bf10939b2788cb07b,4f4eb618bc4671edb31cf8fd,117890,https://m.dcinside.com/board/pokemoncardgame/117890,가격 내린 덱팔이 청년,seller-51447db26eeb90b0124d315b,포갤러,registered,var safe = window.dcAd && window.dcAd.safe ==,var safe = window.dcAd && window.dcAd.safe ==,var safe = (window.dcAd && window.dcAd.safe ==,,,unknown,미분류,1,1,10000,estimated,bundle,text,unknown,,active,needs_review,needs_review,"가격 단위 추정, 복수 카드 가격, 배송비 포함 여부 미확정, 묶음·세트 총액 · 개별 카드 가격 아님",estimated,no,no,var safe = (window.dcAd && window.dcAd.safe == 1)
5ee5c12c43babba9f77ef412,pokemoncardgame,포켓몬 카드게임,2026-07,2026-07-03T21:53:48+09:00,known,6154a01d628bd87311bf51e9,5ee5c12c43babba9f77ef412,117890,https://m.dcinside.com/board/pokemoncardgame/117890,가격 내린 덱팔이 청년,seller-51447db26eeb90b0124d315b,포갤러,registered,왜이리 안팔리나 생각해보니 솔직히 이 덱이,왜이리 안팔리나 생각해보니 솔직히 이 덱이,왜이리 안팔리나 생각해보니 솔직히 이 덱이,,,unknown,미분류,1,39.000,39000,exact,bundle,text,unknown,,active,needs_review,needs_review,"배송비 포함 여부 미확정, 묶음·세트 총액 · 개별 카드 가격 아님",exact,no,no,"왜이리 안팔리나 생각해보니 솔직히 이 덱이 39,000원에 팔기에는 조금 비싼게 아닌가 싶었다."
69aa0e27c90af4f967cdc1ae,pokemoncardgame,포켓몬 카드게임,2026-07,2026-07-03T21:53:48+09:00,known,e2cb897a503624f807b8f53f,69aa0e27c90af4f967cdc1ae,117890,https://m.dcinside.com/board/pokemoncardgame/117890,가격 내린 덱팔이 청년,seller-51447db26eeb90b0124d315b,포갤러,registered,loadScript ' t,loadScript ' t,loadScript('//t,,,unknown,미분류,1,1,10000,estimated,bundle,text,unknown,,active,needs_review,needs_review,"가격 단위 추정, 복수 카드 가격, 배송비 포함 여부 미확정, 묶음·세트 총액 · 개별 카드 가격 아님",estimated,no,no,"loadScript('//t1.kakaocdn.net/kas/static/ba.min.js', true);"
7484e11ce16a806206c61079,pokemoncardgame,포켓몬 카드게임,2026-07,2026-07-03T21:53:48+09:00,known,e2cb897a503624f807b8f53f,7484e11ce16a806206c61079,117890,https://m.dcinside.com/board/pokemoncardgame/117890,가격 내린 덱팔이 청년,seller-51447db26eeb90b0124d315b,포갤러,registered,왜이리 안팔리나 생각해보니 솔직히 이 덱이,왜이리 안팔리나 생각해보니 솔직히 이 덱이,왜이리 안팔리나 생각해보니 솔직히 이 덱이,,,unknown,미분류,1,39.000,39000,exact,bundle,text,unknown,,active,needs_review,needs_review,"배송비 포함 여부 미확정, 묶음·세트 총액 · 개별 카드 가격 아님",exact,no,no,"왜이리 안팔리나 생각해보니 솔직히 이 덱이 39,000원에 팔기에는 조금 비싼게 아닌가 싶었다."
c027b38df78e13ba4194854c,pokemoncardgame,포켓몬 카드게임,2026-07,2026-07-03T21:53:48+09:00,known,e2cb897a503624f807b8f53f,c027b38df78e13ba4194854c,117890,https://m.dcinside.com/board/pokemoncardgame/117890,가격 내린 덱팔이 청년,seller-51447db26eeb90b0124d315b,포갤러,registered,DOM 삽입 헬퍼 현재 스크립트 위치 기준,DOM 삽입 헬퍼 현재 스크립트 위치 기준,// ---- DOM 삽입 헬퍼 (현재 스크립트 위치 기준,,,unknown,미분류,1,1,10000,estimated,bundle,text,unknown,,active,needs_review,needs_review,"가격 단위 추정, 복수 카드 가격, 배송비 포함 여부 미확정, 묶음·세트 총액 · 개별 카드 가격 아님",estimated,no,no,// ---- DOM 삽입 헬퍼 (현재 스크립트 위치 기준1)
d9dfe707d4dd6b26886ed512,pokemoncardgame,포켓몬 카드게임,2026-07,2026-07-03T21:53:48+09:00,known,93a6f31bf10939b2788cb07b,d9dfe707d4dd6b26886ed512,117890,https://m.dcinside.com/board/pokemoncardgame/117890,가격 내린 덱팔이 청년,seller-51447db26eeb90b0124d315b,포갤러,registered,loadScript 'https pagead,loadScript 'https pagead,loadScript('https://pagead,,,unknown,미분류,1,2,20000,estimated,bundle,text,unknown,,active,needs_review,needs_review,"가격 단위 추정, 복수 카드 가격, 배송비 포함 여부 미확정, 묶음·세트 총액 · 개별 카드 가격 아님",estimated,no,no,"loadScript('https://pagead2.googlesyndication.com/pagead/js/adsbygoogle_direct.js?client=ca-pub-8171468792791627', true, 'anonymous');"
dcd3eb1278022f730337dea5,pokemoncardgame,포켓몬 카드게임,2026-07,2026-07-03T21:53:48+09:00,known,93a6f31bf10939b2788cb07b,dcd3eb1278022f730337dea5,117890,https://m.dcinside.com/board/pokemoncardgame/117890,가격 내린 덱팔이 청년,seller-51447db26eeb90b0124d315b,포갤러,registered,DOM 삽입 헬퍼 현재 스크립트 위치 기준,DOM 삽입 헬퍼 현재 스크립트 위치 기준,// ---- DOM 삽입 헬퍼 (현재 스크립트 위치 기준,,,unknown,미분류,1,1,10000,estimated,bundle,text,unknown,,active,needs_review,needs_review,"가격 단위 추정, 복수 카드 가격, 배송비 포함 여부 미확정, 묶음·세트 총액 · 개별 카드 가격 아님",estimated,no,no,// ---- DOM 삽입 헬퍼 (현재 스크립트 위치 기준1)
dd34acb84e60b06f3fa8ba57,pokemoncardgame,포켓몬 카드게임,2026-07,2026-07-03T21:53:48+09:00,known,e2cb897a503624f807b8f53f,dd34acb84e60b06f3fa8ba57,117890,https://m.dcinside.com/board/pokemoncardgame/117890,가격 내린 덱팔이 청년,seller-51447db26eeb90b0124d315b,포갤러,registered,loadScript 'https pagead,loadScript 'https pagead,loadScript('https://pagead,,,unknown,미분류,1,2,20000,estimated,bundle,text,unknown,,active,needs_review,needs_review,"가격 단위 추정, 복수 카드 가격, 배송비 포함 여부 미확정, 묶음·세트 총액 · 개별 카드 가격 아님",estimated,no,no,"loadScript('https://pagead2.googlesyndication.com/pagead/js/adsbygoogle_direct.js?client=ca-pub-8171468792791627', true, 'anonymous');"
e5212e45b0feb8f2f3ee7001,pokemoncardgame,포켓몬 카드게임,2026-07,2026-07-03T21:53:48+09:00,known,6154a01d628bd87311bf51e9,e5212e45b0feb8f2f3ee7001,117890,https://m.dcinside.com/board/pokemoncardgame/117890,가격 내린 덱팔이 청년,seller-51447db26eeb90b0124d315b,포갤러,registered,loadScript ' t,loadScript ' t,loadScript('//t,,,unknown,미분류,1,1,10000,estimated,bundle,text,unknown,,active,needs_review,needs_review,"가격 단위 추정, 복수 카드 가격, 배송비 포함 여부 미확정, 묶음·세트 총액 · 개별 카드 가격 아님",estimated,no,no,"loadScript('//t1.kakaocdn.net/kas/static/ba.min.js', true);"
e861b02edd08739bccdc35a3,pokemoncardgame,포켓몬 카드게임,2026-07,2026-07-03T21:53:48+09:00,known,93a6f31bf10939b2788cb07b,e861b02edd08739bccdc35a3,117890,https://m.dcinside.com/board/pokemoncardgame/117890,가격 내린 덱팔이 청년,seller-51447db26eeb90b0124d315b,포갤러,registered,왜이리 안팔리나 생각해보니 솔직히 이 덱이,왜이리 안팔리나 생각해보니 솔직히 이 덱이,왜이리 안팔리나 생각해보니 솔직히 이 덱이,,,unknown,미분류,1,39.000,39000,exact,bundle,text,unknown,,active,needs_review,needs_review,"배송비 포함 여부 미확정, 묶음·세트 총액 · 개별 카드 가격 아님",exact,no,no,"왜이리 안팔리나 생각해보니 솔직히 이 덱이 39,000원에 팔기에는 조금 비싼게 아닌가 싶었다."
f0e0ded5499af17d206d82ff,pokemoncardgame,포켓몬 카드게임,2026-07,2026-07-03T21:53:48+09:00,known,93a6f31bf10939b2788cb07b,f0e0ded5499af17d206d82ff,117890,https://m.dcinside.com/board/pokemoncardgame/117890,가격 내린 덱팔이 청년,seller-51447db26eeb90b0124d315b,포갤러,registered,loadScript ' t,loadScript ' t,loadScript('//t,,,unknown,미분류,1,1,10000,estimated,bundle,text,unknown,,active,needs_review,needs_review,"가격 단위 추정, 복수 카드 가격, 배송비 포함 여부 미확정, 묶음·세트 총액 · 개별 카드 가격 아님",estimated,no,no,"loadScript('//t1.kakaocdn.net/kas/static/ba.min.js', true);"
f39a947ddbd6e3c54c82d70c,pokemoncardgame,포켓몬 카드게임,2026-07,2026-07-03T21:53:48+09:00,known,6154a01d628bd87311bf51e9,f39a947ddbd6e3c54c82d70c,117890,https://m.dcinside.com/board/pokemoncardgame/117890,가격 내린 덱팔이 청년,seller-51447db26eeb90b0124d315b,포갤러,registered,var safe = window.dcAd && window.dcAd.safe ==,var safe = window.dcAd && window.dcAd.safe ==,var safe = (window.dcAd && window.dcAd.safe ==,,,unknown,미분류,1,1,10000,estimated,bundle,text,unknown,,active,needs_review,needs_review,"가격 단위 추정, 복수 카드 가격, 배송비 포함 여부 미확정, 묶음·세트 총액 · 개별 카드 가격 아님",estimated,no,no,var safe = (window.dcAd && window.dcAd.safe == 1)
09c6bc6deb430ae684476e36,pokemoncardgame,포켓몬 카드게임,2026-07,2026-07-04T02:21:52+09:00,known,3d0867bf2990e960bcfd6e4b,09c6bc6deb430ae684476e36,117914,https://m.dcinside.com/board/pokemoncardgame/117914,둔갑숨기 덱소스랑 무쿠 ㅍㅍ,seller-0dda0892e7e610e768668ef7,키라야나와결혼..,registered,loadScript 'https pagead,loadScript 'https pagead,loadScript('https://pagead,,,unknown,미분류,1,2,20000,estimated,bundle,text,unknown,,active,needs_review,needs_review,"가격 단위 추정, 복수 카드 가격, 배송비 포함 여부 미확정, 묶음·세트 총액 · 개별 카드 가격 아님",estimated,no,no,"loadScript('https://pagead2.googlesyndication.com/pagead/js/adsbygoogle_direct.js?client=ca-pub-8171468792791627', true, 'anonymous');"
0cd8573f7fef68f649b1e1bc,pokemoncardgame,포켓몬 카드게임,2026-07,2026-07-04T02:21:52+09:00,known,1a1c30e46ce95bcb2a38d603,0cd8573f7fef68f649b1e1bc,117914,https://m.dcinside.com/board/pokemoncardgame/117914,둔갑숨기 덱소스랑 무쿠 ㅍㅍ,seller-0dda0892e7e610e768668ef7,키라야나와결혼..,registered,loadScript 'https pagead,loadScript 'https pagead,loadScript('https://pagead,,,unknown,미분류,1,2,20000,estimated,bundle,text,unknown,,active,needs_review,needs_review,"가격 단위 추정, 복수 카드 가격, 배송비 포함 여부 미확정, 묶음·세트 총액 · 개별 카드 가격 아님",estimated,no,no,"loadScript('https://pagead2.googlesyndication.com/pagead/js/adsbygoogle_direct.js?client=ca-pub-8171468792791627', true, 'anonymous');"
113444151bffaabf6f8fda39,pokemoncardgame,포켓몬 카드게임,2026-07,2026-07-04T02:21:52+09:00,known,8d545c21092ccea2db579d6d,113444151bffaabf6f8fda39,117914,https://m.dcinside.com/board/pokemoncardgame/117914,둔갑숨기 덱소스랑 무쿠 ㅍㅍ,seller-0dda0892e7e610e768668ef7,키라야나와결혼..,registered,var safe = window.dcAd && window.dcAd.safe ==,var safe = window.dcAd && window.dcAd.safe ==,var safe = (window.dcAd && window.dcAd.safe ==,,,unknown,미분류,1,1,10000,estimated,bundle,text,unknown,,active,needs_review,needs_review,"가격 단위 추정, 복수 카드 가격, 배송비 포함 여부 미확정, 묶음·세트 총액 · 개별 카드 가격 아님",estimated,no,no,var safe = (window.dcAd && window.dcAd.safe == 1)
13b6db4fa7958facbcd65dd9,pokemoncardgame,포켓몬 카드게임,2026-07,2026-07-04T02:21:52+09:00,known,3d0867bf2990e960bcfd6e4b,13b6db4fa7958facbcd65dd9,117914,https://m.dcinside.com/board/pokemoncardgame/117914,둔갑숨기 덱소스랑 무쿠 ㅍㅍ,seller-0dda0892e7e610e768668ef7,키라야나와결혼..,registered,DOM 삽입 헬퍼 현재 스크립트 위치 기준,DOM 삽입 헬퍼 현재 스크립트 위치 기준,// ---- DOM 삽입 헬퍼 (현재 스크립트 위치 기준,,,unknown,미분류,1,1,10000,estimated,bundle,text,unknown,,active,needs_review,needs_review,"가격 단위 추정, 복수 카드 가격, 배송비 포함 여부 미확정, 묶음·세트 총액 · 개별 카드 가격 아님",estimated,no,no,// ---- DOM 삽입 헬퍼 (현재 스크립트 위치 기준1)
15d7d8cf1310a731aa3bf6df,pokemoncardgame,포켓몬 카드게임,2026-07,2026-07-04T02:21:52+09:00,known,3d0867bf2990e960bcfd6e4b,15d7d8cf1310a731aa3bf6df,117914,https://m.dcinside.com/board/pokemoncardgame/117914,둔갑숨기 덱소스랑 무쿠 ㅍㅍ,seller-0dda0892e7e610e768668ef7,키라야나와결혼..,registered,둔숨 소스,둔숨 소스,둔숨 소스,,,unknown,미분류,1,2.0,20000,estimated,bundle,text,unknown,,active,needs_review,needs_review,"가격 단위 추정, 배송비 포함 여부 미확정, 묶음·세트 총액 · 개별 카드 가격 아님",estimated,no,no,둔숨 소스 2.0
2a0c88e340ac47feea25cb1b,pokemoncardgame,포켓몬 카드게임,2026-07,2026-07-04T02:21:52+09:00,known,1a1c30e46ce95bcb2a38d603,2a0c88e340ac47feea25cb1b,117914,https://m.dcinside.com/board/pokemoncardgame/117914,둔갑숨기 덱소스랑 무쿠 ㅍㅍ,seller-0dda0892e7e610e768668ef7,키라야나와결혼..,registered,무쿠,무쿠,무쿠 장당,,,unknown,미분류,1,0.5,5000,estimated,per_card,text,unknown,,active,needs_review,needs_review,"가격 단위 추정, 배송비 포함 여부 미확정",estimated,yes,candidate_estimated,무쿠 장당 0.5
4010ae14ddd13a9b008efe32,pokemoncardgame,포켓몬 카드게임,2026-07,2026-07-04T02:21:52+09:00,known,8d545c21092ccea2db579d6d,4010ae14ddd13a9b008efe32,117914,https://m.dcinside.com/board/pokemoncardgame/117914,둔갑숨기 덱소스랑 무쿠 ㅍㅍ,seller-0dda0892e7e610e768668ef7,키라야나와결혼..,registered,loadScript 'https pagead,loadScript 'https pagead,loadScript('https://pagead,,,unknown,미분류,1,2,20000,estimated,bundle,text,unknown,,active,needs_review,needs_review,"가격 단위 추정, 복수 카드 가격, 배송비 포함 여부 미확정, 묶음·세트 총액 · 개별 카드 가격 아님",estimated,no,no,"loadScript('https://pagead2.googlesyndication.com/pagead/js/adsbygoogle_direct.js?client=ca-pub-8171468792791627', true, 'anonymous');"
49b1522bb041f1afa5a960ab,pokemoncardgame,포켓몬 카드게임,2026-07,2026-07-04T02:21:52+09:00,known,3d0867bf2990e960bcfd6e4b,49b1522bb041f1afa5a960ab,117914,https://m.dcinside.com/board/pokemoncardgame/117914,둔갑숨기 덱소스랑 무쿠 ㅍㅍ,seller-0dda0892e7e610e768668ef7,키라야나와결혼..,registered,var safe = window.dcAd && window.dcAd.safe ==,var safe = window.dcAd && window.dcAd.safe ==,var safe = (window.dcAd && window.dcAd.safe ==,,,unknown,미분류,1,1,10000,estimated,bundle,text,unknown,,active,needs_review,needs_review,"가격 단위 추정, 복수 카드 가격, 배송비 포함 여부 미확정, 묶음·세트 총액 · 개별 카드 가격 아님",estimated,no,no,var safe = (window.dcAd && window.dcAd.safe == 1)
58ec7c870fb1567906acdcfa,pokemoncardgame,포켓몬 카드게임,2026-07,2026-07-04T02:21:52+09:00,known,8d545c21092ccea2db579d6d,58ec7c870fb1567906acdcfa,117914,https://m.dcinside.com/board/pokemoncardgame/117914,둔갑숨기 덱소스랑 무쿠 ㅍㅍ,seller-0dda0892e7e610e768668ef7,키라야나와결혼..,registered,DOM 삽입 헬퍼 현재 스크립트 위치 기준,DOM 삽입 헬퍼 현재 스크립트 위치 기준,// ---- DOM 삽입 헬퍼 (현재 스크립트 위치 기준,,,unknown,미분류,1,1,10000,estimated,bundle,text,unknown,,active,needs_review,needs_review,"가격 단위 추정, 복수 카드 가격, 배송비 포함 여부 미확정, 묶음·세트 총액 · 개별 카드 가격 아님",estimated,no,no,// ---- DOM 삽입 헬퍼 (현재 스크립트 위치 기준1)
5f157026de54fedbc65edc8f,pokemoncardgame,포켓몬 카드게임,2026-07,2026-07-04T02:21:52+09:00,known,8d545c21092ccea2db579d6d,5f157026de54fedbc65edc8f,117914,https://m.dcinside.com/board/pokemoncardgame/117914,둔갑숨기 덱소스랑 무쿠 ㅍㅍ,seller-0dda0892e7e610e768668ef7,키라야나와결혼..,registered,둔숨 소스,둔숨 소스,둔숨 소스,,,unknown,미분류,1,2.0,20000,estimated,bundle,text,unknown,,active,needs_review,needs_review,"가격 단위 추정, 배송비 포함 여부 미확정, 묶음·세트 총액 · 개별 카드 가격 아님",estimated,no,no,둔숨 소스 2.0
69ee71d9bda8ccb305b9e0c5,pokemoncardgame,포켓몬 카드게임,2026-07,2026-07-04T02:21:52+09:00,known,3d0867bf2990e960bcfd6e4b,69ee71d9bda8ccb305b9e0c5,117914,https://m.dcinside.com/board/pokemoncardgame/117914,둔갑숨기 덱소스랑 무쿠 ㅍㅍ,seller-0dda0892e7e610e768668ef7,키라야나와결혼..,registered,무쿠,무쿠,무쿠 장당,,,unknown,미분류,1,0.5,5000,estimated,per_card,text,unknown,,active,needs_review,needs_review,"가격 단위 추정, 배송비 포함 여부 미확정",estimated,yes,candidate_estimated,무쿠 장당 0.5
84914a483055ce7721570756,pokemoncardgame,포켓몬 카드게임,2026-07,2026-07-04T02:21:52+09:00,known,8d545c21092ccea2db579d6d,84914a483055ce7721570756,117914,https://m.dcinside.com/board/pokemoncardgame/117914,둔갑숨기 덱소스랑 무쿠 ㅍㅍ,seller-0dda0892e7e610e768668ef7,키라야나와결혼..,registered,loadScript ' t,loadScript ' t,loadScript('//t,,,unknown,미분류,1,1,10000,estimated,bundle,text,unknown,,active,needs_review,needs_review,"가격 단위 추정, 복수 카드 가격, 배송비 포함 여부 미확정, 묶음·세트 총액 · 개별 카드 가격 아님",estimated,no,no,"loadScript('//t1.kakaocdn.net/kas/static/ba.min.js', true);"
b3be5eecca9d59230b40c4a4,pokemoncardgame,포켓몬 카드게임,2026-07,2026-07-04T02:21:52+09:00,known,1a1c30e46ce95bcb2a38d603,b3be5eecca9d59230b40c4a4,117914,https://m.dcinside.com/board/pokemoncardgame/117914,둔갑숨기 덱소스랑 무쿠 ㅍㅍ,seller-0dda0892e7e610e768668ef7,키라야나와결혼..,registered,loadScript ' t,loadScript ' t,loadScript('//t,,,unknown,미분류,1,1,10000,estimated,bundle,text,unknown,,active,needs_review,needs_review,"가격 단위 추정, 복수 카드 가격, 배송비 포함 여부 미확정, 묶음·세트 총액 · 개별 카드 가격 아님",estimated,no,no,"loadScript('//t1.kakaocdn.net/kas/static/ba.min.js', true);"
bf28a50dd5b665e551ccddb0,pokemoncardgame,포켓몬 카드게임,2026-07,2026-07-04T02:21:52+09:00,known,3d0867bf2990e960bcfd6e4b,bf28a50dd5b665e551ccddb0,117914,https://m.dcinside.com/board/pokemoncardgame/117914,둔갑숨기 덱소스랑 무쿠 ㅍㅍ,seller-0dda0892e7e610e768668ef7,키라야나와결혼..,registered,loadScript ' t,loadScript ' t,loadScript('//t,,,unknown,미분류,1,1,10000,estimated,bundle,text,unknown,,active,needs_review,needs_review,"가격 단위 추정, 복수 카드 가격, 배송비 포함 여부 미확정, 묶음·세트 총액 · 개별 카드 가격 아님",estimated,no,no,"loadScript('//t1.kakaocdn.net/kas/static/ba.min.js', true);"
c87d67a1c401d5a37927b22c,pokemoncardgame,포켓몬 카드게임,2026-07,2026-07-04T02:21:52+09:00,known,1a1c30e46ce95bcb2a38d603,c87d67a1c401d5a37927b22c,117914,https://m.dcinside.com/board/pokemoncardgame/117914,둔갑숨기 덱소스랑 무쿠 ㅍㅍ,seller-0dda0892e7e610e768668ef7,키라야나와결혼..,registered,둔숨 소스,둔숨 소스,둔숨 소스,,,unknown,미분류,1,2.0,20000,estimated,bundle,text,unknown,,active,needs_review,needs_review,"가격 단위 추정, 배송비 포함 여부 미확정, 묶음·세트 총액 · 개별 카드 가격 아님",estimated,no,no,둔숨 소스 2.0
d44b70fd638114f7edd2b095,pokemoncardgame,포켓몬 카드게임,2026-07,2026-07-04T02:21:52+09:00,known,1a1c30e46ce95bcb2a38d603,d44b70fd638114f7edd2b095,117914,https://m.dcinside.com/board/pokemoncardgame/117914,둔갑숨기 덱소스랑 무쿠 ㅍㅍ,seller-0dda0892e7e610e768668ef7,키라야나와결혼..,registered,DOM 삽입 헬퍼 현재 스크립트 위치 기준,DOM 삽입 헬퍼 현재 스크립트 위치 기준,// ---- DOM 삽입 헬퍼 (현재 스크립트 위치 기준,,,unknown,미분류,1,1,10000,estimated,bundle,text,unknown,,active,needs_review,needs_review,"가격 단위 추정, 복수 카드 가격, 배송비 포함 여부 미확정, 묶음·세트 총액 · 개별 카드 가격 아님",estimated,no,no,// ---- DOM 삽입 헬퍼 (현재 스크립트 위치 기준1)
d95b08c3f3445119af0ebe76,pokemoncardgame,포켓몬 카드게임,2026-07,2026-07-04T02:21:52+09:00,known,1a1c30e46ce95bcb2a38d603,d95b08c3f3445119af0ebe76,117914,https://m.dcinside.com/board/pokemoncardgame/117914,둔갑숨기 덱소스랑 무쿠 ㅍㅍ,seller-0dda0892e7e610e768668ef7,키라야나와결혼..,registered,var safe = window.dcAd && window.dcAd.safe ==,var safe = window.dcAd && window.dcAd.safe ==,var safe = (window.dcAd && window.dcAd.safe ==,,,unknown,미분류,1,1,10000,estimated,bundle,text,unknown,,active,needs_review,needs_review,"가격 단위 추정, 복수 카드 가격, 배송비 포함 여부 미확정, 묶음·세트 총액 · 개별 카드 가격 아님",estimated,no,no,var safe = (window.dcAd && window.dcAd.safe == 1)
db48155962f0d5d26f1b51be,pokemoncardgame,포켓몬 카드게임,2026-07,2026-07-04T02:21:52+09:00,known,8d545c21092ccea2db579d6d,db48155962f0d5d26f1b51be,117914,https://m.dcinside.com/board/pokemoncardgame/117914,둔갑숨기 덱소스랑 무쿠 ㅍㅍ,seller-0dda0892e7e610e768668ef7,키라야나와결혼..,registered,무쿠,무쿠,무쿠 장당,,,unknown,미분류,1,0.5,5000,estimated,per_card,text,unknown,,active,needs_review,needs_review,"가격 단위 추정, 배송비 포함 여부 미확정",estimated,yes,candidate_estimated,무쿠 장당 0.5
8840d2c3ef9f849d1bdba70a,pokemoncardgame,포켓몬 카드게임,2026-07,2026-07-04T09:25:06+09:00,known,37464834e6125404499b9d1e,8840d2c3ef9f849d1bdba70a,117918,https://m.dcinside.com/board/pokemoncardgame/117918,100덱 메가 염무왕 33번덱 삽니다,seller-51447db26eeb90b0124d315b,포갤러,registered,천에 사요,천에 사요,천에 사요,,,unknown,미분류,1,6,60000,estimated,per_card,text,included,2000,active,needs_review,needs_review,가격 단위 추정,estimated,yes,candidate_estimated,반택포 6천에 사요
a42783b41104449a3bc31548,pokemoncardgame,포켓몬 카드게임,2026-07,2026-07-04T09:25:06+09:00,known,b6f43bef294bd07872165b2f,a42783b41104449a3bc31548,117918,https://m.dcinside.com/board/pokemoncardgame/117918,100덱 메가 염무왕 33번덱 삽니다,seller-51447db26eeb90b0124d315b,포갤러,registered,천에 사요,천에 사요,천에 사요,,,unknown,미분류,1,6,60000,estimated,per_card,text,included,2000,active,needs_review,needs_review,가격 단위 추정,estimated,yes,candidate_estimated,반택포 6천에 사요
d470f7477d20b460b4e5dbfd,pokemoncardgame,포켓몬 카드게임,2026-07,2026-07-04T09:25:06+09:00,known,58b9c8bc6206707222a7e54b,d470f7477d20b460b4e5dbfd,117918,https://m.dcinside.com/board/pokemoncardgame/117918,100덱 메가 염무왕 33번덱 삽니다,seller-51447db26eeb90b0124d315b,포갤러,registered,천에 사요,천에 사요,천에 사요,,,unknown,미분류,1,6,60000,estimated,per_card,text,included,2000,active,needs_review,needs_review,가격 단위 추정,estimated,yes,candidate_estimated,반택포 6천에 사요
71ea0fa902f6f59731135563,pokemoncardgame,포켓몬 카드게임,2026-07,2026-07-04T11:01:08+09:00,known,e020cc99322cf595c8af0cf1,71ea0fa902f6f59731135563,117921,https://m.dcinside.com/board/pokemoncardgame/117921,목동 발기토 비싸게 구해요!,seller-d11aeff8d84fec710d028273,릴리슈슈,guest,자가 잠수를 타서 프리즘에너지1 켄타로스,자가 잠수를 타서 프리즘에너지1 켄타로스,판매자가 잠수를 타서 프리즘에너지1 켄타로스 1,,,unknown,미분류,1,0.2,2000,estimated,per_card,text,unknown,,active,needs_review,needs_review,"가격 단위 추정, 배송비 포함 여부 미확정",estimated,yes,candidate_estimated,판매자가 잠수를 타서 프리즘에너지1 켄타로스 1 0.2에 구매중입니다!!
85da616c8fad2a9c2f1cfb5e,pokemoncardgame,포켓몬 카드게임,2026-07,2026-07-04T11:01:08+09:00,known,e9baf45bfb5a0cd299faffa3,85da616c8fad2a9c2f1cfb5e,117921,https://m.dcinside.com/board/pokemoncardgame/117921,목동 발기토 비싸게 구해요!,seller-e7aa510a3585718b67cfbc51,릴리슈슈,guest,자가 잠수를 타서 프리즘에너지1 켄타로스,자가 잠수를 타서 프리즘에너지1 켄타로스,판매자가 잠수를 타서 프리즘에너지1 켄타로스 1,,,unknown,미분류,1,0.2,2000,estimated,per_card,text,unknown,,active,needs_review,needs_review,"가격 단위 추정, 배송비 포함 여부 미확정",estimated,yes,candidate_estimated,판매자가 잠수를 타서 프리즘에너지1 켄타로스 1 0.2에 구매중입니다!!
dad79637286b5742c0ec6ea8,pokemoncardgame,포켓몬 카드게임,2026-07,2026-07-04T11:01:08+09:00,known,f7bf7dfa7283ef8b559e5681,dad79637286b5742c0ec6ea8,117921,https://m.dcinside.com/board/pokemoncardgame/117921,목동 발기토 비싸게 구해요!,seller-a32159784fd85437aea38916,릴리슈슈,guest,자가 잠수를 타서 프리즘에너지1 켄타로스,자가 잠수를 타서 프리즘에너지1 켄타로스,판매자가 잠수를 타서 프리즘에너지1 켄타로스 1,,,unknown,미분류,1,0.2,2000,estimated,per_card,text,unknown,,active,needs_review,needs_review,"가격 단위 추정, 배송비 포함 여부 미확정",estimated,yes,candidate_estimated,판매자가 잠수를 타서 프리즘에너지1 켄타로스 1 0.2에 구매중입니다!!
0322245dd834e2fb876c6ec9,pokemoncardgame,포켓몬 카드게임,2026-07,2026-07-04T16:45:48+09:00,known,555b0befaf836cc16e67b61d,0322245dd834e2fb876c6ec9,117941,https://m.dcinside.com/board/pokemoncardgame/117941,에너지 SR 7장및 금칠덱소스 몇개 구해봅니다.,seller-e76d167742199f4eed759ee7,ㅇㅇ,guest,싸리용 AR,싸리용 AR,싸리용 AR,,,unknown,미분류,1,0.5,5000,estimated,per_card,text,unknown,,active,needs_review,needs_review,"가격 단위 추정, 배송비 포함 여부 미확정",estimated,yes,candidate_estimated,싸리용 AR 1장 - 0.5
24aae4df3f341a83371f0ca0,pokemoncardgame,포켓몬 카드게임,2026-07,2026-07-04T16:45:48+09:00,known,13aa22fa039c32fd447e8d98,24aae4df3f341a83371f0ca0,117941,https://m.dcinside.com/board/pokemoncardgame/117941,에너지 SR 7장및 금칠덱소스 몇개 구해봅니다.,seller-12966587a59dd34e59f67855,ㅇㅇ,guest,기로치 ex RR,기로치 ex RR,기로치 ex RR,,,unknown,미분류,1,0.1,1000,estimated,per_card,text,unknown,,active,needs_review,needs_review,"가격 단위 추정, 배송비 포함 여부 미확정",estimated,yes,candidate_estimated,기로치 ex RR 1장 - 0.1
27a6920fbef3daa85ab599b8,pokemoncardgame,포켓몬 카드게임,2026-07,2026-07-04T16:45:48+09:00,known,13aa22fa039c32fd447e8d98,27a6920fbef3daa85ab599b8,117941,https://m.dcinside.com/board/pokemoncardgame/117941,에너지 SR 7장및 금칠덱소스 몇개 구해봅니다.,seller-12966587a59dd34e59f67855,ㅇㅇ,guest,기본 악에너지 SR - =,기본 악에너지 SR - =,기본 악에너지 SR - 0.3 =,,,unknown,미분류,7,2.1,21000,estimated,per_quantity,text,unknown,,active,needs_review,needs_review,"가격 단위 추정, 배송비 포함 여부 미확정, 복수 수량 총액 · 카드 1장 가격 아님",estimated,no,no,기본 악에너지 SR 7장 - 0.3 = 2.1
391750f4a98eb875c1198ad5,pokemoncardgame,포켓몬 카드게임,2026-07,2026-07-04T16:45:48+09:00,known,9c5a0869c70f99f1f44a218c,391750f4a98eb875c1198ad5,117941,https://m.dcinside.com/board/pokemoncardgame/117941,에너지 SR 7장및 금칠덱소스 몇개 구해봅니다.,seller-519d3a6ca16110d489edd936,ㅇㅇ,guest,기본 악에너지 SR - =,기본 악에너지 SR - =,기본 악에너지 SR - 0.3 =,,,unknown,미분류,7,2.1,21000,estimated,per_quantity,text,unknown,,active,needs_review,needs_review,"가격 단위 추정, 배송비 포함 여부 미확정, 복수 수량 총액 · 카드 1장 가격 아님",estimated,no,no,기본 악에너지 SR 7장 - 0.3 = 2.1
3ec2a8e7064666379cf4ace0,pokemoncardgame,포켓몬 카드게임,2026-07,2026-07-04T16:45:48+09:00,known,13aa22fa039c32fd447e8d98,3ec2a8e7064666379cf4ace0,117941,https://m.dcinside.com/board/pokemoncardgame/117941,에너지 SR 7장및 금칠덱소스 몇개 구해봅니다.,seller-12966587a59dd34e59f67855,ㅇㅇ,guest,싸리용 AR,싸리용 AR,싸리용 AR,,,unknown,미분류,1,0.5,5000,estimated,per_card,text,unknown,,active,needs_review,needs_review,"가격 단위 추정, 배송비 포함 여부 미확정",estimated,yes,candidate_estimated,싸리용 AR 1장 - 0.5
4e0694a2bac5b108e0db0a40,pokemoncardgame,포켓몬 카드게임,2026-07,2026-07-04T16:45:48+09:00,known,13aa22fa039c32fd447e8d98,4e0694a2bac5b108e0db0a40,117941,https://m.dcinside.com/board/pokemoncardgame/117941,에너지 SR 7장및 금칠덱소스 몇개 구해봅니다.,seller-12966587a59dd34e59f67855,ㅇㅇ,guest,,,,,,unknown,미분류,1,3.1,31000,estimated,bundle,text,unknown,,active,needs_review,needs_review,"가격 단위 추정, 일괄·세트 가격, 배송비 포함 여부 미확정, 카드명 확인 필요, 묶음·세트 총액 · 개별 카드 가격 아님",estimated,no,no,일괄 3.1에 구해봅니다.
77aeddcc503b1125949cbcc7,pokemoncardgame,포켓몬 카드게임,2026-07,2026-07-04T16:45:48+09:00,known,9c5a0869c70f99f1f44a218c,77aeddcc503b1125949cbcc7,117941,https://m.dcinside.com/board/pokemoncardgame/117941,에너지 SR 7장및 금칠덱소스 몇개 구해봅니다.,seller-519d3a6ca16110d489edd936,ㅇㅇ,guest,드래런치 - =,드래런치 - =,드래런치 - 0.03 =,,,unknown,미분류,3,0.1,1000,estimated,per_quantity,text,unknown,,active,needs_review,needs_review,"가격 단위 추정, 배송비 포함 여부 미확정, 복수 수량 총액 · 카드 1장 가격 아님",estimated,no,no,드래런치 3장 - 0.03 = 0.1
7ca1128ea8c3d15cd91b6393,pokemoncardgame,포켓몬 카드게임,2026-07,2026-07-04T16:45:48+09:00,known,9c5a0869c70f99f1f44a218c,7ca1128ea8c3d15cd91b6393,117941,https://m.dcinside.com/board/pokemoncardgame/117941,에너지 SR 7장및 금칠덱소스 몇개 구해봅니다.,seller-519d3a6ca16110d489edd936,ㅇㅇ,guest,싸리용 AR,싸리용 AR,싸리용 AR,,,unknown,미분류,1,0.5,5000,estimated,per_card,text,unknown,,active,needs_review,needs_review,"가격 단위 추정, 배송비 포함 여부 미확정",estimated,yes,candidate_estimated,싸리용 AR 1장 - 0.5
8185ae7db2d0a4c66f45052b,pokemoncardgame,포켓몬 카드게임,2026-07,2026-07-04T16:45:48+09:00,known,555b0befaf836cc16e67b61d,8185ae7db2d0a4c66f45052b,117941,https://m.dcinside.com/board/pokemoncardgame/117941,에너지 SR 7장및 금칠덱소스 몇개 구해봅니다.,seller-e76d167742199f4eed759ee7,ㅇㅇ,guest,N의 달막화 불타입 문양,N의 달막화 불타입 문양,N의 달막화 (불타입 문양),,,unknown,미분류,1,0.3,3000,estimated,per_card,text,unknown,,active,needs_review,needs_review,"가격 단위 추정, 배송비 포함 여부 미확정",estimated,yes,candidate_estimated,N의 달막화 (불타입 문양) 1장 - 0.3
8366763de4914c856861bb56,pokemoncardgame,포켓몬 카드게임,2026-07,2026-07-04T16:45:48+09:00,known,13aa22fa039c32fd447e8d98,8366763de4914c856861bb56,117941,https://m.dcinside.com/board/pokemoncardgame/117941,에너지 SR 7장및 금칠덱소스 몇개 구해봅니다.,seller-12966587a59dd34e59f67855,ㅇㅇ,guest,N의 달막화 불타입 문양,N의 달막화 불타입 문양,N의 달막화 (불타입 문양),,,unknown,미분류,1,0.3,3000,estimated,per_card,text,unknown,,active,needs_review,needs_review,"가격 단위 추정, 배송비 포함 여부 미확정",estimated,yes,candidate_estimated,N의 달막화 (불타입 문양) 1장 - 0.3
99eabf00651b4d97d0fa087d,pokemoncardgame,포켓몬 카드게임,2026-07,2026-07-04T16:45:48+09:00,known,555b0befaf836cc16e67b61d,99eabf00651b4d97d0fa087d,117941,https://m.dcinside.com/board/pokemoncardgame/117941,에너지 SR 7장및 금칠덱소스 몇개 구해봅니다.,seller-e76d167742199f4eed759ee7,ㅇㅇ,guest,드래런치 - =,드래런치 - =,드래런치 - 0.03 =,,,unknown,미분류,3,0.1,1000,estimated,per_quantity,text,unknown,,active,needs_review,needs_review,"가격 단위 추정, 배송비 포함 여부 미확정, 복수 수량 총액 · 카드 1장 가격 아님",estimated,no,no,드래런치 3장 - 0.03 = 0.1
b0317a65783bf44260fcb451,pokemoncardgame,포켓몬 카드게임,2026-07,2026-07-04T16:45:48+09:00,known,555b0befaf836cc16e67b61d,b0317a65783bf44260fcb451,117941,https://m.dcinside.com/board/pokemoncardgame/117941,에너지 SR 7장및 금칠덱소스 몇개 구해봅니다.,seller-e76d167742199f4eed759ee7,ㅇㅇ,guest,,,,,,unknown,미분류,1,3.1,31000,estimated,bundle,text,unknown,,active,needs_review,needs_review,"가격 단위 추정, 일괄·세트 가격, 배송비 포함 여부 미확정, 카드명 확인 필요, 묶음·세트 총액 · 개별 카드 가격 아님",estimated,no,no,일괄 3.1에 구해봅니다.
bf8f0c615fe9b9c089c16c9a,pokemoncardgame,포켓몬 카드게임,2026-07,2026-07-04T16:45:48+09:00,known,9c5a0869c70f99f1f44a218c,bf8f0c615fe9b9c089c16c9a,117941,https://m.dcinside.com/board/pokemoncardgame/117941,에너지 SR 7장및 금칠덱소스 몇개 구해봅니다.,seller-519d3a6ca16110d489edd936,ㅇㅇ,guest,,,,,,unknown,미분류,1,3.1,31000,estimated,bundle,text,unknown,,active,needs_review,needs_review,"가격 단위 추정, 일괄·세트 가격, 배송비 포함 여부 미확정, 카드명 확인 필요, 묶음·세트 총액 · 개별 카드 가격 아님",estimated,no,no,일괄 3.1에 구해봅니다.
c3a02f9da14d73d57fcbd86f,pokemoncardgame,포켓몬 카드게임,2026-07,2026-07-04T16:45:48+09:00,known,13aa22fa039c32fd447e8d98,c3a02f9da14d73d57fcbd86f,117941,https://m.dcinside.com/board/pokemoncardgame/117941,에너지 SR 7장및 금칠덱소스 몇개 구해봅니다.,seller-12966587a59dd34e59f67855,ㅇㅇ,guest,드래런치 - =,드래런치 - =,드래런치 - 0.03 =,,,unknown,미분류,3,0.1,1000,estimated,per_quantity,text,unknown,,active,needs_review,needs_review,"가격 단위 추정, 배송비 포함 여부 미확정, 복수 수량 총액 · 카드 1장 가격 아님",estimated,no,no,드래런치 3장 - 0.03 = 0.1
dc6d11cff133d56bae226569,pokemoncardgame,포켓몬 카드게임,2026-07,2026-07-04T16:45:48+09:00,known,555b0befaf836cc16e67b61d,dc6d11cff133d56bae226569,117941,https://m.dcinside.com/board/pokemoncardgame/117941,에너지 SR 7장및 금칠덱소스 몇개 구해봅니다.,seller-e76d167742199f4eed759ee7,ㅇㅇ,guest,기로치 ex RR,기로치 ex RR,기로치 ex RR,,,unknown,미분류,1,0.1,1000,estimated,per_card,text,unknown,,active,needs_review,needs_review,"가격 단위 추정, 배송비 포함 여부 미확정",estimated,yes,candidate_estimated,기로치 ex RR 1장 - 0.1
df379462243a5fd514ef203e,pokemoncardgame,포켓몬 카드게임,2026-07,2026-07-04T16:45:48+09:00,known,555b0befaf836cc16e67b61d,df379462243a5fd514ef203e,117941,https://m.dcinside.com/board/pokemoncardgame/117941,에너지 SR 7장및 금칠덱소스 몇개 구해봅니다.,seller-e76d167742199f4eed759ee7,ㅇㅇ,guest,기본 악에너지 SR - =,기본 악에너지 SR - =,기본 악에너지 SR - 0.3 =,,,unknown,미분류,7,2.1,21000,estimated,per_quantity,text,unknown,,active,needs_review,needs_review,"가격 단위 추정, 배송비 포함 여부 미확정, 복수 수량 총액 · 카드 1장 가격 아님",estimated,no,no,기본 악에너지 SR 7장 - 0.3 = 2.1
e2c85c6a144c210b8d01b05f,pokemoncardgame,포켓몬 카드게임,2026-07,2026-07-04T16:45:48+09:00,known,9c5a0869c70f99f1f44a218c,e2c85c6a144c210b8d01b05f,117941,https://m.dcinside.com/board/pokemoncardgame/117941,에너지 SR 7장및 금칠덱소스 몇개 구해봅니다.,seller-519d3a6ca16110d489edd936,ㅇㅇ,guest,N의 달막화 불타입 문양,N의 달막화 불타입 문양,N의 달막화 (불타입 문양),,,unknown,미분류,1,0.3,3000,estimated,per_card,text,unknown,,active,needs_review,needs_review,"가격 단위 추정, 배송비 포함 여부 미확정",estimated,yes,candidate_estimated,N의 달막화 (불타입 문양) 1장 - 0.3
f6cdc12cf6e587b64a16bfa3,pokemoncardgame,포켓몬 카드게임,2026-07,2026-07-04T16:45:48+09:00,known,9c5a0869c70f99f1f44a218c,f6cdc12cf6e587b64a16bfa3,117941,https://m.dcinside.com/board/pokemoncardgame/117941,에너지 SR 7장및 금칠덱소스 몇개 구해봅니다.,seller-519d3a6ca16110d489edd936,ㅇㅇ,guest,기로치 ex RR,기로치 ex RR,기로치 ex RR,,,unknown,미분류,1,0.1,1000,estimated,per_card,text,unknown,,active,needs_review,needs_review,"가격 단위 추정, 배송비 포함 여부 미확정",estimated,yes,candidate_estimated,기로치 ex RR 1장 - 0.1
03bb31167274768161481b2c,pokemoncardgame,포켓몬 카드게임,2026-07,2026-07-04T18:22:26+09:00,known,5c652e36936048a6138bba6e,03bb31167274768161481b2c,117948,https://m.dcinside.com/board/pokemoncardgame/117948,덱소스 ㅅㅅ,seller-73bad3005aae8e0067067c48,옥춘로스,guest,크래시해머 sr,크래시해머 sr,크래시해머 sr 장당,,,unknown,미분류,3,0.35,3500,estimated,per_card,text,unknown,,active,needs_review,needs_review,"가격 단위 추정, 배송비 포함 여부 미확정",estimated,yes,candidate_estimated,크래시해머 sr 3장 장당 0.35
1544599969bdb56b8010652b,pokemoncardgame,포켓몬 카드게임,2026-07,2026-07-04T18:22:26+09:00,known,403733bcf259999d49f52db1,1544599969bdb56b8010652b,117948,https://m.dcinside.com/board/pokemoncardgame/117948,덱소스 ㅅㅅ,seller-0aab914f7999f9f5ecec6561,옥춘로스,guest,과미드라ex rr,과미드라ex rr,과미드라ex rr 장당,,,unknown,미분류,2,0.1,1000,estimated,per_card,text,unknown,,active,needs_review,needs_review,"가격 단위 추정, 배송비 포함 여부 미확정",estimated,yes,candidate_estimated,과미드라ex rr 2장 장당 0.1
1a5c01cbf5336162b1d7e214,pokemoncardgame,포켓몬 카드게임,2026-07,2026-07-04T18:22:26+09:00,known,ce6dec7891d643331a17dadd,1a5c01cbf5336162b1d7e214,117948,https://m.dcinside.com/board/pokemoncardgame/117948,덱소스 ㅅㅅ,seller-0ce14c314c9b1fdf7adaca74,옥춘로스,guest,로켓단의 람다,로켓단의 람다,로켓단의 람다 장당,,,unknown,미분류,4,0.2,2000,estimated,per_card,text,unknown,,active,needs_review,needs_review,"가격 단위 추정, 배송비 포함 여부 미확정",estimated,yes,candidate_estimated,로켓단의 람다 4장 장당 0.2
23f58f631aa0be8896567783,pokemoncardgame,포켓몬 카드게임,2026-07,2026-07-04T18:22:26+09:00,known,ce6dec7891d643331a17dadd,23f58f631aa0be8896567783,117948,https://m.dcinside.com/board/pokemoncardgame/117948,덱소스 ㅅㅅ,seller-0ce14c314c9b1fdf7adaca74,옥춘로스,guest,빛나,빛나,빛나 장당,,,unknown,미분류,2,0.2,2000,estimated,per_card,text,unknown,,active,needs_review,needs_review,"가격 단위 추정, 배송비 포함 여부 미확정",estimated,yes,candidate_estimated,빛나 2장 장당 0.2
27cad61e0dfba47486bd52f7,pokemoncardgame,포켓몬 카드게임,2026-07,2026-07-04T18:22:26+09:00,known,403733bcf259999d49f52db1,27cad61e0dfba47486bd52f7,117948,https://m.dcinside.com/board/pokemoncardgame/117948,덱소스 ㅅㅅ,seller-0aab914f7999f9f5ecec6561,옥춘로스,guest,빛나,빛나,빛나 장당,,,unknown,미분류,2,0.2,2000,estimated,per_card,text,unknown,,active,needs_review,needs_review,"가격 단위 추정, 배송비 포함 여부 미확정",estimated,yes,candidate_estimated,빛나 2장 장당 0.2
34d288ffeefbec4149687ed0,pokemoncardgame,포켓몬 카드게임,2026-07,2026-07-04T18:22:26+09:00,known,403733bcf259999d49f52db1,34d288ffeefbec4149687ed0,117948,https://m.dcinside.com/board/pokemoncardgame/117948,덱소스 ㅅㅅ,seller-0aab914f7999f9f5ecec6561,옥춘로스,guest,크래시해머 sr,크래시해머 sr,크래시해머 sr 장당,,,unknown,미분류,3,0.35,3500,estimated,per_card,text,unknown,,active,needs_review,needs_review,"가격 단위 추정, 배송비 포함 여부 미확정",estimated,yes,candidate_estimated,크래시해머 sr 3장 장당 0.35
3808031cc0be2ef3a075000b,pokemoncardgame,포켓몬 카드게임,2026-07,2026-07-04T18:22:26+09:00,known,ce6dec7891d643331a17dadd,3808031cc0be2ef3a075000b,117948,https://m.dcinside.com/board/pokemoncardgame/117948,덱소스 ㅅㅅ,seller-0ce14c314c9b1fdf7adaca74,옥춘로스,guest,과미드라ex rr,과미드라ex rr,과미드라ex rr 장당,,,unknown,미분류,2,0.1,1000,estimated,per_card,text,unknown,,active,needs_review,needs_review,"가격 단위 추정, 배송비 포함 여부 미확정",estimated,yes,candidate_estimated,과미드라ex rr 2장 장당 0.1
ac266720cd13e68cd49b7cfa,pokemoncardgame,포켓몬 카드게임,2026-07,2026-07-04T18:22:26+09:00,known,5c652e36936048a6138bba6e,ac266720cd13e68cd49b7cfa,117948,https://m.dcinside.com/board/pokemoncardgame/117948,덱소스 ㅅㅅ,seller-73bad3005aae8e0067067c48,옥춘로스,guest,로켓단의 람다,로켓단의 람다,로켓단의 람다 장당,,,unknown,미분류,4,0.2,2000,estimated,per_card,text,unknown,,active,needs_review,needs_review,"가격 단위 추정, 배송비 포함 여부 미확정",estimated,yes,candidate_estimated,로켓단의 람다 4장 장당 0.2
b9c2e2acc35fa91043b684a8,pokemoncardgame,포켓몬 카드게임,2026-07,2026-07-04T18:22:26+09:00,known,5c652e36936048a6138bba6e,b9c2e2acc35fa91043b684a8,117948,https://m.dcinside.com/board/pokemoncardgame/117948,덱소스 ㅅㅅ,seller-73bad3005aae8e0067067c48,옥춘로스,guest,빛나,빛나,빛나 장당,,,unknown,미분류,2,0.2,2000,estimated,per_card,text,unknown,,active,needs_review,needs_review,"가격 단위 추정, 배송비 포함 여부 미확정",estimated,yes,candidate_estimated,빛나 2장 장당 0.2
dbdc1f63f9897285fbe1ec30,pokemoncardgame,포켓몬 카드게임,2026-07,2026-07-04T18:22:26+09:00,known,403733bcf259999d49f52db1,dbdc1f63f9897285fbe1ec30,117948,https://m.dcinside.com/board/pokemoncardgame/117948,덱소스 ㅅㅅ,seller-0aab914f7999f9f5ecec6561,옥춘로스,guest,로켓단의 람다,로켓단의 람다,로켓단의 람다 장당,,,unknown,미분류,4,0.2,2000,estimated,per_card,text,unknown,,active,needs_review,needs_review,"가격 단위 추정, 배송비 포함 여부 미확정",estimated,yes,candidate_estimated,로켓단의 람다 4장 장당 0.2
f01ab2ab7c56f57d68a5d480,pokemoncardgame,포켓몬 카드게임,2026-07,2026-07-04T18:22:26+09:00,known,5c652e36936048a6138bba6e,f01ab2ab7c56f57d68a5d480,117948,https://m.dcinside.com/board/pokemoncardgame/117948,덱소스 ㅅㅅ,seller-73bad3005aae8e0067067c48,옥춘로스,guest,과미드라ex rr,과미드라ex rr,과미드라ex rr 장당,,,unknown,미분류,2,0.1,1000,estimated,per_card,text,unknown,,active,needs_review,needs_review,"가격 단위 추정, 배송비 포함 여부 미확정",estimated,yes,candidate_estimated,과미드라ex rr 2장 장당 0.1
fde63a6ef714297cebc2fcea,pokemoncardgame,포켓몬 카드게임,2026-07,2026-07-04T18:22:26+09:00,known,ce6dec7891d643331a17dadd,fde63a6ef714297cebc2fcea,117948,https://m.dcinside.com/board/pokemoncardgame/117948,덱소스 ㅅㅅ,seller-0ce14c314c9b1fdf7adaca74,옥춘로스,guest,크래시해머 sr,크래시해머 sr,크래시해머 sr 장당,,,unknown,미분류,3,0.35,3500,estimated,per_card,text,unknown,,active,needs_review,needs_review,"가격 단위 추정, 배송비 포함 여부 미확정",estimated,yes,candidate_estimated,크래시해머 sr 3장 장당 0.35
1fe3b568a82640606e463946,pokemoncardgame,포켓몬 카드게임,2026-07,2026-07-05T00:56:33+09:00,known,06efd1cfdc09fde7450282e7,1fe3b568a82640606e463946,117980,https://m.dcinside.com/board/pokemoncardgame/117980,로켓단 고레어 덱소스 사요,seller-1cd9a7b1b178a98c9429e69f,옥춘로스,guest,로켓단의 니로우,로켓단의 니로우,로켓단의 니로우 장당,,,unknown,미분류,4,0.2,2000,estimated,per_card,text,unknown,,active,needs_review,needs_review,"가격 단위 추정, 배송비 포함 여부 미확정",estimated,yes,candidate_estimated,로켓단의 니로우 4장 장당 0.2
278340b789b0ae8715110ae4,pokemoncardgame,포켓몬 카드게임,2026-07,2026-07-05T00:56:33+09:00,known,cdb86c6f69a70feb66e1964c,278340b789b0ae8715110ae4,117980,https://m.dcinside.com/board/pokemoncardgame/117980,로켓단 고레어 덱소스 사요,seller-0c8c3dbacd6c376ec5e57ccb,옥춘로스,guest,로켓단의 니로우,로켓단의 니로우,로켓단의 니로우 장당,,,unknown,미분류,4,0.2,2000,estimated,per_card,text,unknown,,active,needs_review,needs_review,"가격 단위 추정, 배송비 포함 여부 미확정",estimated,yes,candidate_estimated,로켓단의 니로우 4장 장당 0.2
4269d89abddc51bf7e870eaa,pokemoncardgame,포켓몬 카드게임,2026-07,2026-07-05T00:56:33+09:00,known,07b11030378e346b4a67d95e,4269d89abddc51bf7e870eaa,117980,https://m.dcinside.com/board/pokemoncardgame/117980,로켓단 고레어 덱소스 사요,seller-bcaea3bae584147b80e3993a,옥춘로스,guest,로켓단의 아테나,로켓단의 아테나,로켓단의 아테나 장당,,,unknown,미분류,4,0.7,7000,estimated,per_card,text,unknown,,active,needs_review,needs_review,"가격 단위 추정, 배송비 포함 여부 미확정",estimated,yes,candidate_estimated,로켓단의 아테나 4장 장당 0.7
45035ea8fe3d18570d3a629f,pokemoncardgame,포켓몬 카드게임,2026-07,2026-07-05T00:56:33+09:00,known,06efd1cfdc09fde7450282e7,45035ea8fe3d18570d3a629f,117980,https://m.dcinside.com/board/pokemoncardgame/117980,로켓단 고레어 덱소스 사요,seller-1cd9a7b1b178a98c9429e69f,옥춘로스,guest,로켓단의 아테나,로켓단의 아테나,로켓단의 아테나 장당,,,unknown,미분류,4,0.7,7000,estimated,per_card,text,unknown,,active,needs_review,needs_review,"가격 단위 추정, 배송비 포함 여부 미확정",estimated,yes,candidate_estimated,로켓단의 아테나 4장 장당 0.7
5b18e4e9c6a7567775ef892e,pokemoncardgame,포켓몬 카드게임,2026-07,2026-07-05T00:56:33+09:00,known,07b11030378e346b4a67d95e,5b18e4e9c6a7567775ef892e,117980,https://m.dcinside.com/board/pokemoncardgame/117980,로켓단 고레어 덱소스 사요,seller-bcaea3bae584147b80e3993a,옥춘로스,guest,로켓단의 랜스 sr,로켓단의 랜스 sr,로켓단의 랜스 sr 장당,,,unknown,미분류,4,0.7,7000,estimated,per_card,text,unknown,,active,needs_review,needs_review,"가격 단위 추정, 배송비 포함 여부 미확정",estimated,yes,candidate_estimated,로켓단의 랜스 sr 4장 장당 0.7
79a351cd130d5ac83ea02abb,pokemoncardgame,포켓몬 카드게임,2026-07,2026-07-05T00:56:33+09:00,known,06efd1cfdc09fde7450282e7,79a351cd130d5ac83ea02abb,117980,https://m.dcinside.com/board/pokemoncardgame/117980,로켓단 고레어 덱소스 사요,seller-1cd9a7b1b178a98c9429e69f,옥춘로스,guest,로켓단의 랜스 sr,로켓단의 랜스 sr,로켓단의 랜스 sr 장당,,,unknown,미분류,4,0.7,7000,estimated,per_card,text,unknown,,active,needs_review,needs_review,"가격 단위 추정, 배송비 포함 여부 미확정",estimated,yes,candidate_estimated,로켓단의 랜스 sr 4장 장당 0.7
92984b70d85f0f8d4b104bcb,pokemoncardgame,포켓몬 카드게임,2026-07,2026-07-05T00:56:33+09:00,known,cdb86c6f69a70feb66e1964c,92984b70d85f0f8d4b104bcb,117980,https://m.dcinside.com/board/pokemoncardgame/117980,로켓단 고레어 덱소스 사요,seller-0c8c3dbacd6c376ec5e57ccb,옥춘로스,guest,로켓단의 아테나,로켓단의 아테나,로켓단의 아테나 장당,,,unknown,미분류,4,0.7,7000,estimated,per_card,text,unknown,,active,needs_review,needs_review,"가격 단위 추정, 배송비 포함 여부 미확정",estimated,yes,candidate_estimated,로켓단의 아테나 4장 장당 0.7
a3efa6c5e60e8387f43d020a,pokemoncardgame,포켓몬 카드게임,2026-07,2026-07-05T00:56:33+09:00,known,07b11030378e346b4a67d95e,a3efa6c5e60e8387f43d020a,117980,https://m.dcinside.com/board/pokemoncardgame/117980,로켓단 고레어 덱소스 사요,seller-bcaea3bae584147b80e3993a,옥춘로스,guest,로켓단의 니로우,로켓단의 니로우,로켓단의 니로우 장당,,,unknown,미분류,4,0.2,2000,estimated,per_card,text,unknown,,active,needs_review,needs_review,"가격 단위 추정, 배송비 포함 여부 미확정",estimated,yes,candidate_estimated,로켓단의 니로우 4장 장당 0.2
adea87a7ec679deac79d67a9,pokemoncardgame,포켓몬 카드게임,2026-07,2026-07-05T00:56:33+09:00,known,cdb86c6f69a70feb66e1964c,adea87a7ec679deac79d67a9,117980,https://m.dcinside.com/board/pokemoncardgame/117980,로켓단 고레어 덱소스 사요,seller-0c8c3dbacd6c376ec5e57ccb,옥춘로스,guest,로켓단의 비주기 sr,로켓단의 비주기 sr,로켓단의 비주기 sr 장당,,,unknown,미분류,4,0.7,7000,estimated,per_card,text,unknown,,active,needs_review,needs_review,"가격 단위 추정, 배송비 포함 여부 미확정",estimated,yes,candidate_estimated,로켓단의 비주기 sr 4장 장당 0.7
da4bec796165d195906b38cf,pokemoncardgame,포켓몬 카드게임,2026-07,2026-07-05T00:56:33+09:00,known,06efd1cfdc09fde7450282e7,da4bec796165d195906b38cf,117980,https://m.dcinside.com/board/pokemoncardgame/117980,로켓단 고레어 덱소스 사요,seller-1cd9a7b1b178a98c9429e69f,옥춘로스,guest,로켓단의 비주기 sr,로켓단의 비주기 sr,로켓단의 비주기 sr 장당,,,unknown,미분류,4,0.7,7000,estimated,per_card,text,unknown,,active,needs_review,needs_review,"가격 단위 추정, 배송비 포함 여부 미확정",estimated,yes,candidate_estimated,로켓단의 비주기 sr 4장 장당 0.7
e4226255c3ab70a1511bf933,pokemoncardgame,포켓몬 카드게임,2026-07,2026-07-05T00:56:33+09:00,known,cdb86c6f69a70feb66e1964c,e4226255c3ab70a1511bf933,117980,https://m.dcinside.com/board/pokemoncardgame/117980,로켓단 고레어 덱소스 사요,seller-0c8c3dbacd6c376ec5e57ccb,옥춘로스,guest,로켓단의 랜스 sr,로켓단의 랜스 sr,로켓단의 랜스 sr 장당,,,unknown,미분류,4,0.7,7000,estimated,per_card,text,unknown,,active,needs_review,needs_review,"가격 단위 추정, 배송비 포함 여부 미확정",estimated,yes,candidate_estimated,로켓단의 랜스 sr 4장 장당 0.7
fe98e5d971c017b8665052f1,pokemoncardgame,포켓몬 카드게임,2026-07,2026-07-05T00:56:33+09:00,known,07b11030378e346b4a67d95e,fe98e5d971c017b8665052f1,117980,https://m.dcinside.com/board/pokemoncardgame/117980,로켓단 고레어 덱소스 사요,seller-bcaea3bae584147b80e3993a,옥춘로스,guest,로켓단의 비주기 sr,로켓단의 비주기 sr,로켓단의 비주기 sr 장당,,,unknown,미분류,4,0.7,7000,estimated,per_card,text,unknown,,active,needs_review,needs_review,"가격 단위 추정, 배송비 포함 여부 미확정",estimated,yes,candidate_estimated,로켓단의 비주기 sr 4장 장당 0.7
777f288ee46888133c83d1f3,pokemoncardgame,포켓몬 카드게임,2026-07,2026-07-05T07:17:05+09:00,known,5a41339e13b86db26b8692fd,777f288ee46888133c83d1f3,117985,https://m.dcinside.com/board/pokemoncardgame/117985,오늘 용산 또는 부평에서 삽니다,seller-51447db26eeb90b0124d315b,포갤러,registered,,,,,,unknown,미분류,1,1.3,13000,estimated,bundle,text,unknown,,active,needs_review,needs_review,"가격 단위 추정, 일괄·세트 가격, 배송비 포함 여부 미확정, 카드명 확인 필요, 묶음·세트 총액 · 개별 카드 가격 아님",estimated,no,no,일괄 1.3에 삽니다
c42a771acc3f9c5212f37520,pokemoncardgame,포켓몬 카드게임,2026-07,2026-07-05T07:17:05+09:00,known,69b4da040a5f73c18c829667,c42a771acc3f9c5212f37520,117985,https://m.dcinside.com/board/pokemoncardgame/117985,오늘 용산 또는 부평에서 삽니다,seller-51447db26eeb90b0124d315b,포갤러,registered,,,,,,unknown,미분류,1,1.3,13000,estimated,bundle,text,unknown,,active,needs_review,needs_review,"가격 단위 추정, 일괄·세트 가격, 배송비 포함 여부 미확정, 카드명 확인 필요, 묶음·세트 총액 · 개별 카드 가격 아님",estimated,no,no,일괄 1.3에 삽니다
e506c397c980c9a8fcd2512e,pokemoncardgame,포켓몬 카드게임,2026-07,2026-07-05T07:17:05+09:00,known,ca540c64a54b3eb994f76f2e,e506c397c980c9a8fcd2512e,117985,https://m.dcinside.com/board/pokemoncardgame/117985,오늘 용산 또는 부평에서 삽니다,seller-51447db26eeb90b0124d315b,포갤러,registered,,,,,,unknown,미분류,1,1.3,13000,estimated,bundle,text,unknown,,active,needs_review,needs_review,"가격 단위 추정, 일괄·세트 가격, 배송비 포함 여부 미확정, 카드명 확인 필요, 묶음·세트 총액 · 개별 카드 가격 아님",estimated,no,no,일괄 1.3에 삽니다
088b056ef0577ac129a7cbf1,pokemoncardgame,포켓몬 카드게임,2026-07,2026-07-05T20:19:48+09:00,known,918cd1ef35171a4e85a617cc,088b056ef0577ac129a7cbf1,118028,https://m.dcinside.com/board/pokemoncardgame/118028,내일 용산직으로 덱소스 삽니다,seller-ec560cef0a7a3b2ad2191f89,릴리슈슈,guest,복숭악동,복숭악동,복숭악동,,,unknown,미분류,1,2,20000,estimated,per_card,text,unknown,,active,needs_review,needs_review,"가격 단위 추정, 배송비 포함 여부 미확정",estimated,yes,candidate_estimated,복숭악동 2
0d4828139212cccc23dba2e7,pokemoncardgame,포켓몬 카드게임,2026-07,2026-07-05T20:19:48+09:00,known,6265c97e5b4ad561d04b407a,0d4828139212cccc23dba2e7,118028,https://m.dcinside.com/board/pokemoncardgame/118028,내일 용산직으로 덱소스 삽니다,seller-6f0ad3b1642f4eef1a569613,릴리슈슈,guest,팔데아 켄타로스,팔데아 켄타로스,팔데아 켄타로스,,,unknown,미분류,1,1,10000,estimated,per_card,text,unknown,,active,needs_review,needs_review,"가격 단위 추정, 배송비 포함 여부 미확정",estimated,yes,candidate_estimated,팔데아 켄타로스 1
0eb50e1a5bd0d24a7474443b,pokemoncardgame,포켓몬 카드게임,2026-07,2026-07-05T20:19:48+09:00,known,918cd1ef35171a4e85a617cc,0eb50e1a5bd0d24a7474443b,118028,https://m.dcinside.com/board/pokemoncardgame/118028,내일 용산직으로 덱소스 삽니다,seller-ec560cef0a7a3b2ad2191f89,릴리슈슈,guest,팔데아 켄타로스,팔데아 켄타로스,팔데아 켄타로스,,,unknown,미분류,1,1,10000,estimated,per_card,text,unknown,,active,needs_review,needs_review,"가격 단위 추정, 배송비 포함 여부 미확정",estimated,yes,candidate_estimated,팔데아 켄타로스 1
2b0b7bfc92fde0498081121a,pokemoncardgame,포켓몬 카드게임,2026-07,2026-07-05T20:19:48+09:00,known,5bd7eba3a23af6ad27422169,2b0b7bfc92fde0498081121a,118028,https://m.dcinside.com/board/pokemoncardgame/118028,내일 용산직으로 덱소스 삽니다,seller-ba8407374aebe42aa0392941,릴리슈슈,guest,복숭악동,복숭악동,복숭악동,,,unknown,미분류,1,2,20000,estimated,per_card,text,unknown,,active,needs_review,needs_review,"가격 단위 추정, 배송비 포함 여부 미확정",estimated,yes,candidate_estimated,복숭악동 2
3800b16745da3167316d456c,pokemoncardgame,포켓몬 카드게임,2026-07,2026-07-05T20:19:48+09:00,known,5bd7eba3a23af6ad27422169,3800b16745da3167316d456c,118028,https://m.dcinside.com/board/pokemoncardgame/118028,내일 용산직으로 덱소스 삽니다,seller-ba8407374aebe42aa0392941,릴리슈슈,guest,,,,,,unknown,미분류,1,0.3,3000,estimated,bundle,text,unknown,,active,needs_review,needs_review,"가격 단위 추정, 일괄·세트 가격, 배송비 포함 여부 미확정, 카드명 확인 필요, 묶음·세트 총액 · 개별 카드 가격 아님",estimated,no,no,일괄 0.3에 구합니다!
40a16a3d9db0b5fcdf4b1aa1,pokemoncardgame,포켓몬 카드게임,2026-07,2026-07-05T20:19:48+09:00,known,5bd7eba3a23af6ad27422169,40a16a3d9db0b5fcdf4b1aa1,118028,https://m.dcinside.com/board/pokemoncardgame/118028,내일 용산직으로 덱소스 삽니다,seller-ba8407374aebe42aa0392941,릴리슈슈,guest,풀거폰,풀거폰,풀거폰,,,unknown,미분류,1,2,20000,estimated,per_card,text,unknown,,active,needs_review,needs_review,"가격 단위 추정, 배송비 포함 여부 미확정",estimated,yes,candidate_estimated,풀거폰 2
5548c4e1a6afa6786177cc6a,pokemoncardgame,포켓몬 카드게임,2026-07,2026-07-05T20:19:48+09:00,known,918cd1ef35171a4e85a617cc,5548c4e1a6afa6786177cc6a,118028,https://m.dcinside.com/board/pokemoncardgame/118028,내일 용산직으로 덱소스 삽니다,seller-ec560cef0a7a3b2ad2191f89,릴리슈슈,guest,,,,,,unknown,미분류,1,0.3,3000,estimated,bundle,text,unknown,,active,needs_review,needs_review,"가격 단위 추정, 일괄·세트 가격, 배송비 포함 여부 미확정, 카드명 확인 필요, 묶음·세트 총액 · 개별 카드 가격 아님",estimated,no,no,일괄 0.3에 구합니다!
5dc78254a147b66113b7c3f9,pokemoncardgame,포켓몬 카드게임,2026-07,2026-07-05T20:19:48+09:00,known,6265c97e5b4ad561d04b407a,5dc78254a147b66113b7c3f9,118028,https://m.dcinside.com/board/pokemoncardgame/118028,내일 용산직으로 덱소스 삽니다,seller-6f0ad3b1642f4eef1a569613,릴리슈슈,guest,풀거폰,풀거폰,풀거폰,,,unknown,미분류,1,2,20000,estimated,per_card,text,unknown,,active,needs_review,needs_review,"가격 단위 추정, 배송비 포함 여부 미확정",estimated,yes,candidate_estimated,풀거폰 2
928b58bf57f2953cb64f1f8b,pokemoncardgame,포켓몬 카드게임,2026-07,2026-07-05T20:19:48+09:00,known,6265c97e5b4ad561d04b407a,928b58bf57f2953cb64f1f8b,118028,https://m.dcinside.com/board/pokemoncardgame/118028,내일 용산직으로 덱소스 삽니다,seller-6f0ad3b1642f4eef1a569613,릴리슈슈,guest,,,,,,unknown,미분류,1,0.3,3000,estimated,bundle,text,unknown,,active,needs_review,needs_review,"가격 단위 추정, 일괄·세트 가격, 배송비 포함 여부 미확정, 카드명 확인 필요, 묶음·세트 총액 · 개별 카드 가격 아님",estimated,no,no,일괄 0.3에 구합니다!
a703db8438cd3f6e876188aa,pokemoncardgame,포켓몬 카드게임,2026-07,2026-07-05T20:19:48+09:00,known,6265c97e5b4ad561d04b407a,a703db8438cd3f6e876188aa,118028,https://m.dcinside.com/board/pokemoncardgame/118028,내일 용산직으로 덱소스 삽니다,seller-6f0ad3b1642f4eef1a569613,릴리슈슈,guest,복숭악동,복숭악동,복숭악동,,,unknown,미분류,1,2,20000,estimated,per_card,text,unknown,,active,needs_review,needs_review,"가격 단위 추정, 배송비 포함 여부 미확정",estimated,yes,candidate_estimated,복숭악동 2
b0abd84cf6750a519cc58e6f,pokemoncardgame,포켓몬 카드게임,2026-07,2026-07-05T20:19:48+09:00,known,5bd7eba3a23af6ad27422169,b0abd84cf6750a519cc58e6f,118028,https://m.dcinside.com/board/pokemoncardgame/118028,내일 용산직으로 덱소스 삽니다,seller-ba8407374aebe42aa0392941,릴리슈슈,guest,팔데아 켄타로스,팔데아 켄타로스,팔데아 켄타로스,,,unknown,미분류,1,1,10000,estimated,per_card,text,unknown,,active,needs_review,needs_review,"가격 단위 추정, 배송비 포함 여부 미확정",estimated,yes,candidate_estimated,팔데아 켄타로스 1
f0b38ebb5b7a5003e5b512bf,pokemoncardgame,포켓몬 카드게임,2026-07,2026-07-05T20:19:48+09:00,known,918cd1ef35171a4e85a617cc,f0b38ebb5b7a5003e5b512bf,118028,https://m.dcinside.com/board/pokemoncardgame/118028,내일 용산직으로 덱소스 삽니다,seller-ec560cef0a7a3b2ad2191f89,릴리슈슈,guest,풀거폰,풀거폰,풀거폰,,,unknown,미분류,1,2,20000,estimated,per_card,text,unknown,,active,needs_review,needs_review,"가격 단위 추정, 배송비 포함 여부 미확정",estimated,yes,candidate_estimated,풀거폰 2
100b9658fa7770b6e7218af1,pokemoncardgame,포켓몬 카드게임,2026-07,2026-07-05T21:37:48+09:00,known,97b0bccc393eb811e3a28aad,100b9658fa7770b6e7218af1,118033,https://m.dcinside.com/board/pokemoncardgame/118033,여러가지 사고 팝니다,seller-79d9d4dd651c0498e3509636,장비없이번지점..,registered,미개봉 둔숨 슬리브,미개봉 둔숨 슬리브,미개봉 둔숨 슬리브,,,unknown,미분류,1,0.75,7500,estimated,per_card,text,unknown,,active,needs_review,needs_review,"가격 단위 추정, 배송비 포함 여부 미확정",estimated,yes,candidate_estimated,미개봉 둔숨 슬리브 0.75
191434fc20566daf090d18af,pokemoncardgame,포켓몬 카드게임,2026-07,2026-07-05T21:37:48+09:00,known,fe5364b62cdeb80829fb78d8,191434fc20566daf090d18af,118033,https://m.dcinside.com/board/pokemoncardgame/118033,여러가지 사고 팝니다,seller-79d9d4dd651c0498e3509636,장비없이번지점..,registered,var safe = window.dcAd && window.dcAd.safe ==,var safe = window.dcAd && window.dcAd.safe ==,var safe = (window.dcAd && window.dcAd.safe ==,,,unknown,미분류,1,1,10000,estimated,bundle,text,unknown,,active,needs_review,needs_review,"가격 단위 추정, 복수 카드 가격, 배송비 포함 여부 미확정, 묶음·세트 총액 · 개별 카드 가격 아님",estimated,no,no,var safe = (window.dcAd && window.dcAd.safe == 1)
24c9ac19056826ab77940755,pokemoncardgame,포켓몬 카드게임,2026-07,2026-07-05T21:37:48+09:00,known,fe5364b62cdeb80829fb78d8,24c9ac19056826ab77940755,118033,https://m.dcinside.com/board/pokemoncardgame/118033,여러가지 사고 팝니다,seller-79d9d4dd651c0498e3509636,장비없이번지점..,registered,미개봉 둔숨 슬리브,미개봉 둔숨 슬리브,미개봉 둔숨 슬리브,,,unknown,미분류,1,0.75,7500,estimated,per_card,text,unknown,,active,needs_review,needs_review,"가격 단위 추정, 배송비 포함 여부 미확정",estimated,yes,candidate_estimated,미개봉 둔숨 슬리브 0.75
27b7cca6cfb375820e11cc4c,pokemoncardgame,포켓몬 카드게임,2026-07,2026-07-05T21:37:48+09:00,known,97b0bccc393eb811e3a28aad,27b7cca6cfb375820e11cc4c,118033,https://m.dcinside.com/board/pokemoncardgame/118033,여러가지 사고 팝니다,seller-79d9d4dd651c0498e3509636,장비없이번지점..,registered,게노세크트 반,게노세크트 반,게노세크트 반택포,,,unknown,미분류,1,1.0,10000,estimated,per_card,text,included,2000,active,needs_review,needs_review,가격 단위 추정,estimated,yes,candidate_estimated,게노세크트 반택포 1.0에 구매
27b90c27b69b18b186013cbf,pokemoncardgame,포켓몬 카드게임,2026-07,2026-07-05T21:37:48+09:00,known,670a71a2e63133a28489d675,27b90c27b69b18b186013cbf,118033,https://m.dcinside.com/board/pokemoncardgame/118033,여러가지 사고 팝니다,seller-79d9d4dd651c0498e3509636,장비없이번지점..,registered,미개봉 둔숨 슬리브,미개봉 둔숨 슬리브,미개봉 둔숨 슬리브,,,unknown,미분류,1,0.75,7500,estimated,per_card,text,unknown,,active,needs_review,needs_review,"가격 단위 추정, 배송비 포함 여부 미확정",estimated,yes,candidate_estimated,미개봉 둔숨 슬리브 0.75
2c7c6611376b9dcd483da3f0,pokemoncardgame,포켓몬 카드게임,2026-07,2026-07-05T21:37:48+09:00,known,fe5364b62cdeb80829fb78d8,2c7c6611376b9dcd483da3f0,118033,https://m.dcinside.com/board/pokemoncardgame/118033,여러가지 사고 팝니다,seller-79d9d4dd651c0498e3509636,장비없이번지점..,registered,윗줄,윗줄,윗줄 장당,,,unknown,미분류,1,0.15,1500,estimated,per_card,text,unknown,,active,needs_review,needs_review,"가격 단위 추정, 배송비 포함 여부 미확정",estimated,yes,candidate_estimated,윗줄 장당 0.15
3aef928548299f4dc0a218cf,pokemoncardgame,포켓몬 카드게임,2026-07,2026-07-05T21:37:48+09:00,known,670a71a2e63133a28489d675,3aef928548299f4dc0a218cf,118033,https://m.dcinside.com/board/pokemoncardgame/118033,여러가지 사고 팝니다,seller-79d9d4dd651c0498e3509636,장비없이번지점..,registered,DOM 삽입 헬퍼 현재 스크립트 위치 기준,DOM 삽입 헬퍼 현재 스크립트 위치 기준,// ---- DOM 삽입 헬퍼 (현재 스크립트 위치 기준,,,unknown,미분류,1,1,10000,estimated,bundle,text,unknown,,active,needs_review,needs_review,"가격 단위 추정, 복수 카드 가격, 배송비 포함 여부 미확정, 묶음·세트 총액 · 개별 카드 가격 아님",estimated,no,no,// ---- DOM 삽입 헬퍼 (현재 스크립트 위치 기준1)
3c40a804760a45a636e87626,pokemoncardgame,포켓몬 카드게임,2026-07,2026-07-05T21:37:48+09:00,known,fe5364b62cdeb80829fb78d8,3c40a804760a45a636e87626,118033,https://m.dcinside.com/board/pokemoncardgame/118033,여러가지 사고 팝니다,seller-79d9d4dd651c0498e3509636,장비없이번지점..,registered,loadScript 'https pagead,loadScript 'https pagead,loadScript('https://pagead,,,unknown,미분류,1,2,20000,estimated,bundle,text,unknown,,active,needs_review,needs_review,"가격 단위 추정, 복수 카드 가격, 배송비 포함 여부 미확정, 묶음·세트 총액 · 개별 카드 가격 아님",estimated,no,no,"loadScript('https://pagead2.googlesyndication.com/pagead/js/adsbygoogle_direct.js?client=ca-pub-8171468792791627', true, 'anonymous');"
3d798e9f6809af5566fb70a8,pokemoncardgame,포켓몬 카드게임,2026-07,2026-07-05T21:37:48+09:00,known,97b0bccc393eb811e3a28aad,3d798e9f6809af5566fb70a8,118033,https://m.dcinside.com/board/pokemoncardgame/118033,여러가지 사고 팝니다,seller-79d9d4dd651c0498e3509636,장비없이번지점..,registered,DOM 삽입 헬퍼 현재 스크립트 위치 기준,DOM 삽입 헬퍼 현재 스크립트 위치 기준,// ---- DOM 삽입 헬퍼 (현재 스크립트 위치 기준,,,unknown,미분류,1,1,10000,estimated,bundle,text,unknown,,active,needs_review,needs_review,"가격 단위 추정, 복수 카드 가격, 배송비 포함 여부 미확정, 묶음·세트 총액 · 개별 카드 가격 아님",estimated,no,no,// ---- DOM 삽입 헬퍼 (현재 스크립트 위치 기준1)
4479e98515444b8fa1095068,pokemoncardgame,포켓몬 카드게임,2026-07,2026-07-05T21:37:48+09:00,known,670a71a2e63133a28489d675,4479e98515444b8fa1095068,118033,https://m.dcinside.com/board/pokemoncardgame/118033,여러가지 사고 팝니다,seller-79d9d4dd651c0498e3509636,장비없이번지점..,registered,loadScript 'https pagead,loadScript 'https pagead,loadScript('https://pagead,,,unknown,미분류,1,2,20000,estimated,bundle,text,unknown,,active,needs_review,needs_review,"가격 단위 추정, 복수 카드 가격, 배송비 포함 여부 미확정, 묶음·세트 총액 · 개별 카드 가격 아님",estimated,no,no,"loadScript('https://pagead2.googlesyndication.com/pagead/js/adsbygoogle_direct.js?client=ca-pub-8171468792791627', true, 'anonymous');"
49063cd93589e95b8c8f5b42,pokemoncardgame,포켓몬 카드게임,2026-07,2026-07-05T21:37:48+09:00,known,97b0bccc393eb811e3a28aad,49063cd93589e95b8c8f5b42,118033,https://m.dcinside.com/board/pokemoncardgame/118033,여러가지 사고 팝니다,seller-79d9d4dd651c0498e3509636,장비없이번지점..,registered,var safe = window.dcAd && window.dcAd.safe ==,var safe = window.dcAd && window.dcAd.safe ==,var safe = (window.dcAd && window.dcAd.safe ==,,,unknown,미분류,1,1,10000,estimated,bundle,text,unknown,,active,needs_review,needs_review,"가격 단위 추정, 복수 카드 가격, 배송비 포함 여부 미확정, 묶음·세트 총액 · 개별 카드 가격 아님",estimated,no,no,var safe = (window.dcAd && window.dcAd.safe == 1)
5d5226307d6fda1ca868ed48,pokemoncardgame,포켓몬 카드게임,2026-07,2026-07-05T21:37:48+09:00,known,670a71a2e63133a28489d675,5d5226307d6fda1ca868ed48,118033,https://m.dcinside.com/board/pokemoncardgame/118033,여러가지 사고 팝니다,seller-79d9d4dd651c0498e3509636,장비없이번지점..,registered,loadScript ' t,loadScript ' t,loadScript('//t,,,unknown,미분류,1,1,10000,estimated,bundle,text,unknown,,active,needs_review,needs_review,"가격 단위 추정, 복수 카드 가격, 배송비 포함 여부 미확정, 묶음·세트 총액 · 개별 카드 가격 아님",estimated,no,no,"loadScript('//t1.kakaocdn.net/kas/static/ba.min.js', true);"
66491372b13d6137107cd6bd,pokemoncardgame,포켓몬 카드게임,2026-07,2026-07-05T21:37:48+09:00,known,97b0bccc393eb811e3a28aad,66491372b13d6137107cd6bd,118033,https://m.dcinside.com/board/pokemoncardgame/118033,여러가지 사고 팝니다,seller-79d9d4dd651c0498e3509636,장비없이번지점..,registered,loadScript 'https pagead,loadScript 'https pagead,loadScript('https://pagead,,,unknown,미분류,1,2,20000,estimated,bundle,text,unknown,,active,needs_review,needs_review,"가격 단위 추정, 복수 카드 가격, 배송비 포함 여부 미확정, 묶음·세트 총액 · 개별 카드 가격 아님",estimated,no,no,"loadScript('https://pagead2.googlesyndication.com/pagead/js/adsbygoogle_direct.js?client=ca-pub-8171468792791627', true, 'anonymous');"
74ad58da370f8b63f1a10ccd,pokemoncardgame,포켓몬 카드게임,2026-07,2026-07-05T21:37:48+09:00,known,670a71a2e63133a28489d675,74ad58da370f8b63f1a10ccd,118033,https://m.dcinside.com/board/pokemoncardgame/118033,여러가지 사고 팝니다,seller-79d9d4dd651c0498e3509636,장비없이번지점..,registered,윗줄,윗줄,윗줄 장당,,,unknown,미분류,1,0.15,1500,estimated,per_card,text,unknown,,active,needs_review,needs_review,"가격 단위 추정, 배송비 포함 여부 미확정",estimated,yes,candidate_estimated,윗줄 장당 0.15
7d34fdba2c6079f7b3a67110,pokemoncardgame,포켓몬 카드게임,2026-07,2026-07-05T21:37:48+09:00,known,97b0bccc393eb811e3a28aad,7d34fdba2c6079f7b3a67110,118033,https://m.dcinside.com/board/pokemoncardgame/118033,여러가지 사고 팝니다,seller-79d9d4dd651c0498e3509636,장비없이번지점..,registered,윗줄,윗줄,윗줄 장당,,,unknown,미분류,1,0.15,1500,estimated,per_card,text,unknown,,active,needs_review,needs_review,"가격 단위 추정, 배송비 포함 여부 미확정",estimated,yes,candidate_estimated,윗줄 장당 0.15
86394f9ef0236ece598ba2ab,pokemoncardgame,포켓몬 카드게임,2026-07,2026-07-05T21:37:48+09:00,known,670a71a2e63133a28489d675,86394f9ef0236ece598ba2ab,118033,https://m.dcinside.com/board/pokemoncardgame/118033,여러가지 사고 팝니다,seller-79d9d4dd651c0498e3509636,장비없이번지점..,registered,var safe = window.dcAd && window.dcAd.safe ==,var safe = window.dcAd && window.dcAd.safe ==,var safe = (window.dcAd && window.dcAd.safe ==,,,unknown,미분류,1,1,10000,estimated,bundle,text,unknown,,active,needs_review,needs_review,"가격 단위 추정, 복수 카드 가격, 배송비 포함 여부 미확정, 묶음·세트 총액 · 개별 카드 가격 아님",estimated,no,no,var safe = (window.dcAd && window.dcAd.safe == 1)
86d7ee2022ecfa6d3985bd38,pokemoncardgame,포켓몬 카드게임,2026-07,2026-07-05T21:37:48+09:00,known,670a71a2e63133a28489d675,86d7ee2022ecfa6d3985bd38,118033,https://m.dcinside.com/board/pokemoncardgame/118033,여러가지 사고 팝니다,seller-79d9d4dd651c0498e3509636,장비없이번지점..,registered,팔린것 제외 일괄시 반,팔린것 제외 일괄시 반,팔린것 제외 일괄시 반택포,,,unknown,미분류,1,2.0,20000,estimated,bundle,text,included,2000,active,needs_review,needs_review,"가격 단위 추정, 일괄·세트 가격, 묶음·세트 총액 · 개별 카드 가격 아님",estimated,no,no,팔린것 제외 일괄시 반택포 2.0
913e89a4b004f35699cf7e1b,pokemoncardgame,포켓몬 카드게임,2026-07,2026-07-05T21:37:48+09:00,known,670a71a2e63133a28489d675,913e89a4b004f35699cf7e1b,118033,https://m.dcinside.com/board/pokemoncardgame/118033,여러가지 사고 팝니다,seller-79d9d4dd651c0498e3509636,장비없이번지점..,registered,게노세크트 반,게노세크트 반,게노세크트 반택포,,,unknown,미분류,1,1.0,10000,estimated,per_card,text,included,2000,active,needs_review,needs_review,가격 단위 추정,estimated,yes,candidate_estimated,게노세크트 반택포 1.0에 구매
929e9cb4272760476b61dc89,pokemoncardgame,포켓몬 카드게임,2026-07,2026-07-05T21:37:48+09:00,known,fe5364b62cdeb80829fb78d8,929e9cb4272760476b61dc89,118033,https://m.dcinside.com/board/pokemoncardgame/118033,여러가지 사고 팝니다,seller-79d9d4dd651c0498e3509636,장비없이번지점..,registered,loadScript ' t,loadScript ' t,loadScript('//t,,,unknown,미분류,1,1,10000,estimated,bundle,text,unknown,,active,needs_review,needs_review,"가격 단위 추정, 복수 카드 가격, 배송비 포함 여부 미확정, 묶음·세트 총액 · 개별 카드 가격 아님",estimated,no,no,"loadScript('//t1.kakaocdn.net/kas/static/ba.min.js', true);"
a2ad7cc0c777890743ca5079,pokemoncardgame,포켓몬 카드게임,2026-07,2026-07-05T21:37:48+09:00,known,97b0bccc393eb811e3a28aad,a2ad7cc0c777890743ca5079,118033,https://m.dcinside.com/board/pokemoncardgame/118033,여러가지 사고 팝니다,seller-79d9d4dd651c0498e3509636,장비없이번지점..,registered,loadScript ' t,loadScript ' t,loadScript('//t,,,unknown,미분류,1,1,10000,estimated,bundle,text,unknown,,active,needs_review,needs_review,"가격 단위 추정, 복수 카드 가격, 배송비 포함 여부 미확정, 묶음·세트 총액 · 개별 카드 가격 아님",estimated,no,no,"loadScript('//t1.kakaocdn.net/kas/static/ba.min.js', true);"
c500f6e66f26a8cb8f4089c9,pokemoncardgame,포켓몬 카드게임,2026-07,2026-07-05T21:37:48+09:00,known,fe5364b62cdeb80829fb78d8,c500f6e66f26a8cb8f4089c9,118033,https://m.dcinside.com/board/pokemoncardgame/118033,여러가지 사고 팝니다,seller-79d9d4dd651c0498e3509636,장비없이번지점..,registered,DOM 삽입 헬퍼 현재 스크립트 위치 기준,DOM 삽입 헬퍼 현재 스크립트 위치 기준,// ---- DOM 삽입 헬퍼 (현재 스크립트 위치 기준,,,unknown,미분류,1,1,10000,estimated,bundle,text,unknown,,active,needs_review,needs_review,"가격 단위 추정, 복수 카드 가격, 배송비 포함 여부 미확정, 묶음·세트 총액 · 개별 카드 가격 아님",estimated,no,no,// ---- DOM 삽입 헬퍼 (현재 스크립트 위치 기준1)
ed7794d9803e7d044a4b1fc2,pokemoncardgame,포켓몬 카드게임,2026-07,2026-07-05T21:37:48+09:00,known,97b0bccc393eb811e3a28aad,ed7794d9803e7d044a4b1fc2,118033,https://m.dcinside.com/board/pokemoncardgame/118033,여러가지 사고 팝니다,seller-79d9d4dd651c0498e3509636,장비없이번지점..,registered,팔린것 제외 일괄시 반,팔린것 제외 일괄시 반,팔린것 제외 일괄시 반택포,,,unknown,미분류,1,2.0,20000,estimated,bundle,text,included,2000,active,needs_review,needs_review,"가격 단위 추정, 일괄·세트 가격, 묶음·세트 총액 · 개별 카드 가격 아님",estimated,no,no,팔린것 제외 일괄시 반택포 2.0
efe1f482535c81d1f4b77ee9,pokemoncardgame,포켓몬 카드게임,2026-07,2026-07-05T21:37:48+09:00,known,fe5364b62cdeb80829fb78d8,efe1f482535c81d1f4b77ee9,118033,https://m.dcinside.com/board/pokemoncardgame/118033,여러가지 사고 팝니다,seller-79d9d4dd651c0498e3509636,장비없이번지점..,registered,게노세크트 반,게노세크트 반,게노세크트 반택포,,,unknown,미분류,1,1.0,10000,estimated,per_card,text,included,2000,active,needs_review,needs_review,가격 단위 추정,estimated,yes,candidate_estimated,게노세크트 반택포 1.0에 구매
f32cc2674c511de60d472225,pokemoncardgame,포켓몬 카드게임,2026-07,2026-07-05T21:37:48+09:00,known,fe5364b62cdeb80829fb78d8,f32cc2674c511de60d472225,118033,https://m.dcinside.com/board/pokemoncardgame/118033,여러가지 사고 팝니다,seller-79d9d4dd651c0498e3509636,장비없이번지점..,registered,팔린것 제외 일괄시 반,팔린것 제외 일괄시 반,팔린것 제외 일괄시 반택포,,,unknown,미분류,1,2.0,20000,estimated,bundle,text,included,2000,active,needs_review,needs_review,"가격 단위 추정, 일괄·세트 가격, 묶음·세트 총액 · 개별 카드 가격 아님",estimated,no,no,팔린것 제외 일괄시 반택포 2.0
247fe7e2a907871022eaad1e,pokemoncardgame,포켓몬 카드게임,2026-07,2026-07-05T22:55:02+09:00,known,88ea2d98a100783596cdc6c9,247fe7e2a907871022eaad1e,118045,https://m.dcinside.com/board/pokemoncardgame/118045,순수드펄덱 타타륜덱 ㅍㅍ,seller-bc1131e53d5005303f620664,qpwrou,guest,DOM 삽입 헬퍼 현재 스크립트 위치 기준,DOM 삽입 헬퍼 현재 스크립트 위치 기준,// ---- DOM 삽입 헬퍼 (현재 스크립트 위치 기준,,,unknown,미분류,1,1,10000,estimated,bundle,text,unknown,,active,needs_review,needs_review,"가격 단위 추정, 복수 카드 가격, 배송비 포함 여부 미확정, 묶음·세트 총액 · 개별 카드 가격 아님",estimated,no,no,// ---- DOM 삽입 헬퍼 (현재 스크립트 위치 기준1)
2605638ff22d10fb54ae358a,pokemoncardgame,포켓몬 카드게임,2026-07,2026-07-05T22:55:02+09:00,known,e28c9656544cbf4054afe4ee,2605638ff22d10fb54ae358a,118045,https://m.dcinside.com/board/pokemoncardgame/118045,순수드펄덱 타타륜덱 ㅍㅍ,seller-d38e3f334c642420d2b5ea04,qpwrou,guest,loadScript 'https pagead,loadScript 'https pagead,loadScript('https://pagead,,,unknown,미분류,1,2,20000,estimated,bundle,text,unknown,,active,needs_review,needs_review,"가격 단위 추정, 복수 카드 가격, 배송비 포함 여부 미확정, 묶음·세트 총액 · 개별 카드 가격 아님",estimated,no,no,"loadScript('https://pagead2.googlesyndication.com/pagead/js/adsbygoogle_direct.js?client=ca-pub-8171468792791627', true, 'anonymous');"
27680637e727c01991656461,pokemoncardgame,포켓몬 카드게임,2026-07,2026-07-05T22:55:02+09:00,known,a8fb424b46cd9b5322f46e7b,27680637e727c01991656461,118045,https://m.dcinside.com/board/pokemoncardgame/118045,순수드펄덱 타타륜덱 ㅍㅍ,seller-41c592e18dcfb6c098e35d51,qpwrou,guest,loadScript ' t,loadScript ' t,loadScript('//t,,,unknown,미분류,1,1,10000,estimated,bundle,text,unknown,,active,needs_review,needs_review,"가격 단위 추정, 복수 카드 가격, 배송비 포함 여부 미확정, 묶음·세트 총액 · 개별 카드 가격 아님",estimated,no,no,"loadScript('//t1.kakaocdn.net/kas/static/ba.min.js', true);"
400a1571727fddea8cc71c27,pokemoncardgame,포켓몬 카드게임,2026-07,2026-07-05T22:55:02+09:00,known,88ea2d98a100783596cdc6c9,400a1571727fddea8cc71c27,118045,https://m.dcinside.com/board/pokemoncardgame/118045,순수드펄덱 타타륜덱 ㅍㅍ,seller-bc1131e53d5005303f620664,qpwrou,guest,var safe = window.dcAd && window.dcAd.safe ==,var safe = window.dcAd && window.dcAd.safe ==,var safe = (window.dcAd && window.dcAd.safe ==,,,unknown,미분류,1,1,10000,estimated,bundle,text,unknown,,active,needs_review,needs_review,"가격 단위 추정, 복수 카드 가격, 배송비 포함 여부 미확정, 묶음·세트 총액 · 개별 카드 가격 아님",estimated,no,no,var safe = (window.dcAd && window.dcAd.safe == 1)
40e1e6745ba65c54c1377d73,pokemoncardgame,포켓몬 카드게임,2026-07,2026-07-05T22:55:02+09:00,known,88ea2d98a100783596cdc6c9,40e1e6745ba65c54c1377d73,118045,https://m.dcinside.com/board/pokemoncardgame/118045,순수드펄덱 타타륜덱 ㅍㅍ,seller-bc1131e53d5005303f620664,qpwrou,guest,loadScript ' t,loadScript ' t,loadScript('//t,,,unknown,미분류,1,1,10000,estimated,bundle,text,unknown,,active,needs_review,needs_review,"가격 단위 추정, 복수 카드 가격, 배송비 포함 여부 미확정, 묶음·세트 총액 · 개별 카드 가격 아님",estimated,no,no,"loadScript('//t1.kakaocdn.net/kas/static/ba.min.js', true);"
5fe8fac1de7f7021061b294a,pokemoncardgame,포켓몬 카드게임,2026-07,2026-07-05T22:55:02+09:00,known,e28c9656544cbf4054afe4ee,5fe8fac1de7f7021061b294a,118045,https://m.dcinside.com/board/pokemoncardgame/118045,순수드펄덱 타타륜덱 ㅍㅍ,seller-d38e3f334c642420d2b5ea04,qpwrou,guest,DOM 삽입 헬퍼 현재 스크립트 위치 기준,DOM 삽입 헬퍼 현재 스크립트 위치 기준,// ---- DOM 삽입 헬퍼 (현재 스크립트 위치 기준,,,unknown,미분류,1,1,10000,estimated,bundle,text,unknown,,active,needs_review,needs_review,"가격 단위 추정, 복수 카드 가격, 배송비 포함 여부 미확정, 묶음·세트 총액 · 개별 카드 가격 아님",estimated,no,no,// ---- DOM 삽입 헬퍼 (현재 스크립트 위치 기준1)
80f16059727e9c8140c26495,pokemoncardgame,포켓몬 카드게임,2026-07,2026-07-05T22:55:02+09:00,known,88ea2d98a100783596cdc6c9,80f16059727e9c8140c26495,118045,https://m.dcinside.com/board/pokemoncardgame/118045,순수드펄덱 타타륜덱 ㅍㅍ,seller-bc1131e53d5005303f620664,qpwrou,guest,loadScript 'https pagead,loadScript 'https pagead,loadScript('https://pagead,,,unknown,미분류,1,2,20000,estimated,bundle,text,unknown,,active,needs_review,needs_review,"가격 단위 추정, 복수 카드 가격, 배송비 포함 여부 미확정, 묶음·세트 총액 · 개별 카드 가격 아님",estimated,no,no,"loadScript('https://pagead2.googlesyndication.com/pagead/js/adsbygoogle_direct.js?client=ca-pub-8171468792791627', true, 'anonymous');"
8aaac29373840e141c9460d7,pokemoncardgame,포켓몬 카드게임,2026-07,2026-07-05T22:55:02+09:00,known,a8fb424b46cd9b5322f46e7b,8aaac29373840e141c9460d7,118045,https://m.dcinside.com/board/pokemoncardgame/118045,순수드펄덱 타타륜덱 ㅍㅍ,seller-41c592e18dcfb6c098e35d51,qpwrou,guest,DOM 삽입 헬퍼 현재 스크립트 위치 기준,DOM 삽입 헬퍼 현재 스크립트 위치 기준,// ---- DOM 삽입 헬퍼 (현재 스크립트 위치 기준,,,unknown,미분류,1,1,10000,estimated,bundle,text,unknown,,active,needs_review,needs_review,"가격 단위 추정, 복수 카드 가격, 배송비 포함 여부 미확정, 묶음·세트 총액 · 개별 카드 가격 아님",estimated,no,no,// ---- DOM 삽입 헬퍼 (현재 스크립트 위치 기준1)
8d6a051e57f160a6b1b71eda,pokemoncardgame,포켓몬 카드게임,2026-07,2026-07-05T22:55:02+09:00,known,e28c9656544cbf4054afe4ee,8d6a051e57f160a6b1b71eda,118045,https://m.dcinside.com/board/pokemoncardgame/118045,순수드펄덱 타타륜덱 ㅍㅍ,seller-d38e3f334c642420d2b5ea04,qpwrou,guest,loadScript ' t,loadScript ' t,loadScript('//t,,,unknown,미분류,1,1,10000,estimated,bundle,text,unknown,,active,needs_review,needs_review,"가격 단위 추정, 복수 카드 가격, 배송비 포함 여부 미확정, 묶음·세트 총액 · 개별 카드 가격 아님",estimated,no,no,"loadScript('//t1.kakaocdn.net/kas/static/ba.min.js', true);"
9a81c31dfbeba9933a04983e,pokemoncardgame,포켓몬 카드게임,2026-07,2026-07-05T22:55:02+09:00,known,e28c9656544cbf4054afe4ee,9a81c31dfbeba9933a04983e,118045,https://m.dcinside.com/board/pokemoncardgame/118045,순수드펄덱 타타륜덱 ㅍㅍ,seller-d38e3f334c642420d2b5ea04,qpwrou,guest,var safe = window.dcAd && window.dcAd.safe ==,var safe = window.dcAd && window.dcAd.safe ==,var safe = (window.dcAd && window.dcAd.safe ==,,,unknown,미분류,1,1,10000,estimated,bundle,text,unknown,,active,needs_review,needs_review,"가격 단위 추정, 복수 카드 가격, 배송비 포함 여부 미확정, 묶음·세트 총액 · 개별 카드 가격 아님",estimated,no,no,var safe = (window.dcAd && window.dcAd.safe == 1)
c704f5ca9e65d50d6f2662e4,pokemoncardgame,포켓몬 카드게임,2026-07,2026-07-05T22:55:02+09:00,known,a8fb424b46cd9b5322f46e7b,c704f5ca9e65d50d6f2662e4,118045,https://m.dcinside.com/board/pokemoncardgame/118045,순수드펄덱 타타륜덱 ㅍㅍ,seller-41c592e18dcfb6c098e35d51,qpwrou,guest,loadScript 'https pagead,loadScript 'https pagead,loadScript('https://pagead,,,unknown,미분류,1,2,20000,estimated,bundle,text,unknown,,active,needs_review,needs_review,"가격 단위 추정, 복수 카드 가격, 배송비 포함 여부 미확정, 묶음·세트 총액 · 개별 카드 가격 아님",estimated,no,no,"loadScript('https://pagead2.googlesyndication.com/pagead/js/adsbygoogle_direct.js?client=ca-pub-8171468792791627', true, 'anonymous');"
f8a2db1cb0c2677f92ff2c3f,pokemoncardgame,포켓몬 카드게임,2026-07,2026-07-05T22:55:02+09:00,known,a8fb424b46cd9b5322f46e7b,f8a2db1cb0c2677f92ff2c3f,118045,https://m.dcinside.com/board/pokemoncardgame/118045,순수드펄덱 타타륜덱 ㅍㅍ,seller-41c592e18dcfb6c098e35d51,qpwrou,guest,var safe = window.dcAd && window.dcAd.safe ==,var safe = window.dcAd && window.dcAd.safe ==,var safe = (window.dcAd && window.dcAd.safe ==,,,unknown,미분류,1,1,10000,estimated,bundle,text,unknown,,active,needs_review,needs_review,"가격 단위 추정, 복수 카드 가격, 배송비 포함 여부 미확정, 묶음·세트 총액 · 개별 카드 가격 아님",estimated,no,no,var safe = (window.dcAd && window.dcAd.safe == 1)
4f4dda52f46140cf9c44780a,pokemoncardgame,포켓몬 카드게임,2026-07,2026-07-05T23:44:05+09:00,known,38e9420a3f70824d850bb4d2,4f4dda52f46140cf9c44780a,118053,https://m.dcinside.com/board/pokemoncardgame/118053,람다 2장 ㅅㅅ,seller-15f953d85e24da298f42dd23,보너스코인,registered,일반 저레어,일반 저레어,일반 (저레어),,,unknown,미분류,2,6500,65000000,estimated,per_quantity,text,unknown,,active,needs_review,needs_review,"가격 단위 추정, 배송비 포함 여부 미확정, 복수 수량 총액 · 카드 1장 가격 아님",estimated,no,no,일반 (저레어) 2장 6500
5612f087f74204444a677517,pokemoncardgame,포켓몬 카드게임,2026-07,2026-07-05T23:44:05+09:00,known,9c0cdd582648d71d02d87178,5612f087f74204444a677517,118053,https://m.dcinside.com/board/pokemoncardgame/118053,람다 2장 ㅅㅅ,seller-15f953d85e24da298f42dd23,보너스코인,registered,일반 저레어,일반 저레어,일반 (저레어),,,unknown,미분류,2,6500,65000000,estimated,per_quantity,text,unknown,,active,needs_review,needs_review,"가격 단위 추정, 배송비 포함 여부 미확정, 복수 수량 총액 · 카드 1장 가격 아님",estimated,no,no,일반 (저레어) 2장 6500
fc0f44716435d3a711b3bfd4,pokemoncardgame,포켓몬 카드게임,2026-07,2026-07-05T23:44:05+09:00,known,42df644bd53ad0d7d91711c9,fc0f44716435d3a711b3bfd4,118053,https://m.dcinside.com/board/pokemoncardgame/118053,람다 2장 ㅅㅅ,seller-15f953d85e24da298f42dd23,보너스코인,registered,일반 저레어,일반 저레어,일반 (저레어),,,unknown,미분류,2,6500,65000000,estimated,per_quantity,text,unknown,,active,needs_review,needs_review,"가격 단위 추정, 배송비 포함 여부 미확정, 복수 수량 총액 · 카드 1장 가격 아님",estimated,no,no,일반 (저레어) 2장 6500
1b3aba02b4070c95ef13de60,pokemoncardgame,포켓몬 카드게임,2026-07,2026-07-06T08:25:00+09:00,known,e40dd42f0a971903687402b1,1b3aba02b4070c95ef13de60,118065,https://m.dcinside.com/board/pokemoncardgame/118065,덱소스 여러개 구매해봅니다,seller-19f667a1cbf6ead6b7018b86,ㅇㅇ,guest,loadScript ' t,loadScript ' t,loadScript('//t,,,unknown,미분류,1,1,10000,estimated,bundle,text,unknown,,active,needs_review,needs_review,"가격 단위 추정, 복수 카드 가격, 배송비 포함 여부 미확정, 묶음·세트 총액 · 개별 카드 가격 아님",estimated,no,no,"loadScript('//t1.kakaocdn.net/kas/static/ba.min.js', true);"
1c3bfe618820f4a3ac9651d4,pokemoncardgame,포켓몬 카드게임,2026-07,2026-07-06T08:25:00+09:00,known,419029cd228059e29e65801e,1c3bfe618820f4a3ac9651d4,118065,https://m.dcinside.com/board/pokemoncardgame/118065,덱소스 여러개 구매해봅니다,seller-10ecf33a7520af5af4c56077,ㅇㅇ,guest,loadScript 'https pagead,loadScript 'https pagead,loadScript('https://pagead,,,unknown,미분류,1,2,20000,estimated,bundle,text,unknown,,active,needs_review,needs_review,"가격 단위 추정, 복수 카드 가격, 배송비 포함 여부 미확정, 묶음·세트 총액 · 개별 카드 가격 아님",estimated,no,no,"loadScript('https://pagead2.googlesyndication.com/pagead/js/adsbygoogle_direct.js?client=ca-pub-8171468792791627', true, 'anonymous');"
307a874a6e98d620d68d7f8a,pokemoncardgame,포켓몬 카드게임,2026-07,2026-07-06T08:25:00+09:00,known,419029cd228059e29e65801e,307a874a6e98d620d68d7f8a,118065,https://m.dcinside.com/board/pokemoncardgame/118065,덱소스 여러개 구매해봅니다,seller-10ecf33a7520af5af4c56077,ㅇㅇ,guest,DOM 삽입 헬퍼 현재 스크립트 위치 기준,DOM 삽입 헬퍼 현재 스크립트 위치 기준,// ---- DOM 삽입 헬퍼 (현재 스크립트 위치 기준,,,unknown,미분류,1,1,10000,estimated,bundle,text,unknown,,active,needs_review,needs_review,"가격 단위 추정, 복수 카드 가격, 배송비 포함 여부 미확정, 묶음·세트 총액 · 개별 카드 가격 아님",estimated,no,no,// ---- DOM 삽입 헬퍼 (현재 스크립트 위치 기준1)
307d0e7e9ac3c6fe172e15b7,pokemoncardgame,포켓몬 카드게임,2026-07,2026-07-06T08:25:00+09:00,known,e40dd42f0a971903687402b1,307d0e7e9ac3c6fe172e15b7,118065,https://m.dcinside.com/board/pokemoncardgame/118065,덱소스 여러개 구매해봅니다,seller-19f667a1cbf6ead6b7018b86,ㅇㅇ,guest,var safe = window.dcAd && window.dcAd.safe ==,var safe = window.dcAd && window.dcAd.safe ==,var safe = (window.dcAd && window.dcAd.safe ==,,,unknown,미분류,1,1,10000,estimated,bundle,text,unknown,,active,needs_review,needs_review,"가격 단위 추정, 복수 카드 가격, 배송비 포함 여부 미확정, 묶음·세트 총액 · 개별 카드 가격 아님",estimated,no,no,var safe = (window.dcAd && window.dcAd.safe == 1)
351fc8820964ed1b4d7ee646,pokemoncardgame,포켓몬 카드게임,2026-07,2026-07-06T08:25:00+09:00,known,68977e5e151f8756e5a512d7,351fc8820964ed1b4d7ee646,118065,https://m.dcinside.com/board/pokemoncardgame/118065,덱소스 여러개 구매해봅니다,seller-708a2fc3cb6960fad0ce068c,ㅇㅇ,guest,loadScript ' t,loadScript ' t,loadScript('//t,,,unknown,미분류,1,1,10000,estimated,bundle,text,unknown,,active,needs_review,needs_review,"가격 단위 추정, 복수 카드 가격, 배송비 포함 여부 미확정, 묶음·세트 총액 · 개별 카드 가격 아님",estimated,no,no,"loadScript('//t1.kakaocdn.net/kas/static/ba.min.js', true);"
4ba3e931dd8ec1e7331dc965,pokemoncardgame,포켓몬 카드게임,2026-07,2026-07-06T08:25:00+09:00,known,e40dd42f0a971903687402b1,4ba3e931dd8ec1e7331dc965,118065,https://m.dcinside.com/board/pokemoncardgame/118065,덱소스 여러개 구매해봅니다,seller-19f667a1cbf6ead6b7018b86,ㅇㅇ,guest,loadScript 'https pagead,loadScript 'https pagead,loadScript('https://pagead,,,unknown,미분류,1,2,20000,estimated,bundle,text,unknown,,active,needs_review,needs_review,"가격 단위 추정, 복수 카드 가격, 배송비 포함 여부 미확정, 묶음·세트 총액 · 개별 카드 가격 아님",estimated,no,no,"loadScript('https://pagead2.googlesyndication.com/pagead/js/adsbygoogle_direct.js?client=ca-pub-8171468792791627', true, 'anonymous');"
4e971a71efbe7aec0ab41d26,pokemoncardgame,포켓몬 카드게임,2026-07,2026-07-06T08:25:00+09:00,known,68977e5e151f8756e5a512d7,4e971a71efbe7aec0ab41d26,118065,https://m.dcinside.com/board/pokemoncardgame/118065,덱소스 여러개 구매해봅니다,seller-708a2fc3cb6960fad0ce068c,ㅇㅇ,guest,loadScript 'https pagead,loadScript 'https pagead,loadScript('https://pagead,,,unknown,미분류,1,2,20000,estimated,bundle,text,unknown,,active,needs_review,needs_review,"가격 단위 추정, 복수 카드 가격, 배송비 포함 여부 미확정, 묶음·세트 총액 · 개별 카드 가격 아님",estimated,no,no,"loadScript('https://pagead2.googlesyndication.com/pagead/js/adsbygoogle_direct.js?client=ca-pub-8171468792791627', true, 'anonymous');"
53df02fc3679274f8c9bfb6e,pokemoncardgame,포켓몬 카드게임,2026-07,2026-07-06T08:25:00+09:00,known,68977e5e151f8756e5a512d7,53df02fc3679274f8c9bfb6e,118065,https://m.dcinside.com/board/pokemoncardgame/118065,덱소스 여러개 구매해봅니다,seller-708a2fc3cb6960fad0ce068c,ㅇㅇ,guest,DOM 삽입 헬퍼 현재 스크립트 위치 기준,DOM 삽입 헬퍼 현재 스크립트 위치 기준,// ---- DOM 삽입 헬퍼 (현재 스크립트 위치 기준,,,unknown,미분류,1,1,10000,estimated,bundle,text,unknown,,active,needs_review,needs_review,"가격 단위 추정, 복수 카드 가격, 배송비 포함 여부 미확정, 묶음·세트 총액 · 개별 카드 가격 아님",estimated,no,no,// ---- DOM 삽입 헬퍼 (현재 스크립트 위치 기준1)
88d0ace304a09ac491d5ff5d,pokemoncardgame,포켓몬 카드게임,2026-07,2026-07-06T08:25:00+09:00,known,419029cd228059e29e65801e,88d0ace304a09ac491d5ff5d,118065,https://m.dcinside.com/board/pokemoncardgame/118065,덱소스 여러개 구매해봅니다,seller-10ecf33a7520af5af4c56077,ㅇㅇ,guest,loadScript ' t,loadScript ' t,loadScript('//t,,,unknown,미분류,1,1,10000,estimated,bundle,text,unknown,,active,needs_review,needs_review,"가격 단위 추정, 복수 카드 가격, 배송비 포함 여부 미확정, 묶음·세트 총액 · 개별 카드 가격 아님",estimated,no,no,"loadScript('//t1.kakaocdn.net/kas/static/ba.min.js', true);"
c1f673218bac6c150f8500b6,pokemoncardgame,포켓몬 카드게임,2026-07,2026-07-06T08:25:00+09:00,known,419029cd228059e29e65801e,c1f673218bac6c150f8500b6,118065,https://m.dcinside.com/board/pokemoncardgame/118065,덱소스 여러개 구매해봅니다,seller-10ecf33a7520af5af4c56077,ㅇㅇ,guest,var safe = window.dcAd && window.dcAd.safe ==,var safe = window.dcAd && window.dcAd.safe ==,var safe = (window.dcAd && window.dcAd.safe ==,,,unknown,미분류,1,1,10000,estimated,bundle,text,unknown,,active,needs_review,needs_review,"가격 단위 추정, 복수 카드 가격, 배송비 포함 여부 미확정, 묶음·세트 총액 · 개별 카드 가격 아님",estimated,no,no,var safe = (window.dcAd && window.dcAd.safe == 1)
c2743072aba87b98bafdc9a7,pokemoncardgame,포켓몬 카드게임,2026-07,2026-07-06T08:25:00+09:00,known,e40dd42f0a971903687402b1,c2743072aba87b98bafdc9a7,118065,https://m.dcinside.com/board/pokemoncardgame/118065,덱소스 여러개 구매해봅니다,seller-19f667a1cbf6ead6b7018b86,ㅇㅇ,guest,DOM 삽입 헬퍼 현재 스크립트 위치 기준,DOM 삽입 헬퍼 현재 스크립트 위치 기준,// ---- DOM 삽입 헬퍼 (현재 스크립트 위치 기준,,,unknown,미분류,1,1,10000,estimated,bundle,text,unknown,,active,needs_review,needs_review,"가격 단위 추정, 복수 카드 가격, 배송비 포함 여부 미확정, 묶음·세트 총액 · 개별 카드 가격 아님",estimated,no,no,// ---- DOM 삽입 헬퍼 (현재 스크립트 위치 기준1)
e20934418904399c1fad1101,pokemoncardgame,포켓몬 카드게임,2026-07,2026-07-06T08:25:00+09:00,known,68977e5e151f8756e5a512d7,e20934418904399c1fad1101,118065,https://m.dcinside.com/board/pokemoncardgame/118065,덱소스 여러개 구매해봅니다,seller-708a2fc3cb6960fad0ce068c,ㅇㅇ,guest,var safe = window.dcAd && window.dcAd.safe ==,var safe = window.dcAd && window.dcAd.safe ==,var safe = (window.dcAd && window.dcAd.safe ==,,,unknown,미분류,1,1,10000,estimated,bundle,text,unknown,,active,needs_review,needs_review,"가격 단위 추정, 복수 카드 가격, 배송비 포함 여부 미확정, 묶음·세트 총액 · 개별 카드 가격 아님",estimated,no,no,var safe = (window.dcAd && window.dcAd.safe == 1)
39ebff51bfcf3a09592996a9,pokemoncardgame,포켓몬 카드게임,2026-07,2026-07-06T13:45:08+09:00,known,f8c6a5304235d45b1ce2e949,39ebff51bfcf3a09592996a9,118079,https://m.dcinside.com/board/pokemoncardgame/118079,메드류 덱 구해봅니다,seller-2f46d0150747d9839c781a90,ㅇㅇ,guest,최저 레어로 구하고,최저 레어로 구하고,최저 레어로 구하고,,,unknown,미분류,1,5,50000,estimated,per_card,text,unknown,,active,needs_review,needs_review,"가격 단위 추정, 배송비 포함 여부 미확정",estimated,yes,candidate_estimated,최저 레어로 구하고 5정도 잡고 있는데 가격 협상 가능합니다
be51dfbfc0c00071cff05fac,pokemoncardgame,포켓몬 카드게임,2026-07,2026-07-06T13:45:08+09:00,known,b322579ff497b6335061f723,be51dfbfc0c00071cff05fac,118079,https://m.dcinside.com/board/pokemoncardgame/118079,메드류 덱 구해봅니다,seller-b0d4168631bbbeaba575cedd,ㅇㅇ,guest,최저 레어로 구하고,최저 레어로 구하고,최저 레어로 구하고,,,unknown,미분류,1,5,50000,estimated,per_card,text,unknown,,active,needs_review,needs_review,"가격 단위 추정, 배송비 포함 여부 미확정",estimated,yes,candidate_estimated,최저 레어로 구하고 5정도 잡고 있는데 가격 협상 가능합니다
e9b060d072e60fcf4985ec04,pokemoncardgame,포켓몬 카드게임,2026-07,2026-07-06T13:45:08+09:00,known,f1508468c14ca96aed938db7,e9b060d072e60fcf4985ec04,118079,https://m.dcinside.com/board/pokemoncardgame/118079,메드류 덱 구해봅니다,seller-30381e525e40a2b78a1d037b,ㅇㅇ,guest,최저 레어로 구하고,최저 레어로 구하고,최저 레어로 구하고,,,unknown,미분류,1,5,50000,estimated,per_card,text,unknown,,active,needs_review,needs_review,"가격 단위 추정, 배송비 포함 여부 미확정",estimated,yes,candidate_estimated,최저 레어로 구하고 5정도 잡고 있는데 가격 협상 가능합니다
15c545fa8c350fc9093898e9,pokemoncardgame,포켓몬 카드게임,2026-07,2026-07-06T16:48:43+09:00,known,7bcd3a4002a98fb52840932e,15c545fa8c350fc9093898e9,118090,https://m.dcinside.com/board/pokemoncardgame/118090,돈이 너무 필요합니다 청년 봄메게닌 급처합니다,seller-9842bc8d917aafed9fb04c39,간절합니다,guest,DOM 삽입 헬퍼 현재 스크립트 위치 기준,DOM 삽입 헬퍼 현재 스크립트 위치 기준,// ---- DOM 삽입 헬퍼 (현재 스크립트 위치 기준,,,unknown,미분류,1,1,10000,estimated,bundle,text,unknown,,active,needs_review,needs_review,"가격 단위 추정, 복수 카드 가격, 배송비 포함 여부 미확정, 묶음·세트 총액 · 개별 카드 가격 아님",estimated,no,no,// ---- DOM 삽입 헬퍼 (현재 스크립트 위치 기준1)
25b0ca71945723c8828b9aca,pokemoncardgame,포켓몬 카드게임,2026-07,2026-07-06T16:48:43+09:00,known,6d9224baa090483a3f0cdacf,25b0ca71945723c8828b9aca,118090,https://m.dcinside.com/board/pokemoncardgame/118090,돈이 너무 필요합니다 청년 봄메게닌 급처합니다,seller-554ea17041d8a6ffca085ec6,간절합니다,guest,DOM 삽입 헬퍼 현재 스크립트 위치 기준,DOM 삽입 헬퍼 현재 스크립트 위치 기준,// ---- DOM 삽입 헬퍼 (현재 스크립트 위치 기준,,,unknown,미분류,1,1,10000,estimated,bundle,text,unknown,,active,needs_review,needs_review,"가격 단위 추정, 복수 카드 가격, 배송비 포함 여부 미확정, 묶음·세트 총액 · 개별 카드 가격 아님",estimated,no,no,// ---- DOM 삽입 헬퍼 (현재 스크립트 위치 기준1)
366ed469609160b1cb165b2e,pokemoncardgame,포켓몬 카드게임,2026-07,2026-07-06T16:48:43+09:00,known,6d9224baa090483a3f0cdacf,366ed469609160b1cb165b2e,118090,https://m.dcinside.com/board/pokemoncardgame/118090,돈이 너무 필요합니다 청년 봄메게닌 급처합니다,seller-554ea17041d8a6ffca085ec6,간절합니다,guest,var safe = window.dcAd && window.dcAd.safe ==,var safe = window.dcAd && window.dcAd.safe ==,var safe = (window.dcAd && window.dcAd.safe ==,,,unknown,미분류,1,1,10000,estimated,bundle,text,unknown,,active,needs_review,needs_review,"가격 단위 추정, 복수 카드 가격, 배송비 포함 여부 미확정, 묶음·세트 총액 · 개별 카드 가격 아님",estimated,no,no,var safe = (window.dcAd && window.dcAd.safe == 1)
4a40ddb985dd95694c31c671,pokemoncardgame,포켓몬 카드게임,2026-07,2026-07-06T16:48:43+09:00,known,7bcd3a4002a98fb52840932e,4a40ddb985dd95694c31c671,118090,https://m.dcinside.com/board/pokemoncardgame/118090,돈이 너무 필요합니다 청년 봄메게닌 급처합니다,seller-9842bc8d917aafed9fb04c39,간절합니다,guest,loadScript ' t,loadScript ' t,loadScript('//t,,,unknown,미분류,1,1,10000,estimated,bundle,text,unknown,,active,needs_review,needs_review,"가격 단위 추정, 복수 카드 가격, 배송비 포함 여부 미확정, 묶음·세트 총액 · 개별 카드 가격 아님",estimated,no,no,"loadScript('//t1.kakaocdn.net/kas/static/ba.min.js', true);"
5d228a408ad2b4629f6772c7,pokemoncardgame,포켓몬 카드게임,2026-07,2026-07-06T16:48:43+09:00,known,d19ef4f7d3bf89eb55dfd95c,5d228a408ad2b4629f6772c7,118090,https://m.dcinside.com/board/pokemoncardgame/118090,돈이 너무 필요합니다 청년 봄메게닌 급처합니다,seller-14e942c8e3fe8103bfe9989e,간절합니다,guest,loadScript 'https pagead,loadScript 'https pagead,loadScript('https://pagead,,,unknown,미분류,1,2,20000,estimated,bundle,text,unknown,,active,needs_review,needs_review,"가격 단위 추정, 복수 카드 가격, 배송비 포함 여부 미확정, 묶음·세트 총액 · 개별 카드 가격 아님",estimated,no,no,"loadScript('https://pagead2.googlesyndication.com/pagead/js/adsbygoogle_direct.js?client=ca-pub-8171468792791627', true, 'anonymous');"
647c27011ca140beb6ed0d8a,pokemoncardgame,포켓몬 카드게임,2026-07,2026-07-06T16:48:43+09:00,known,7bcd3a4002a98fb52840932e,647c27011ca140beb6ed0d8a,118090,https://m.dcinside.com/board/pokemoncardgame/118090,돈이 너무 필요합니다 청년 봄메게닌 급처합니다,seller-9842bc8d917aafed9fb04c39,간절합니다,guest,var safe = window.dcAd && window.dcAd.safe ==,var safe = window.dcAd && window.dcAd.safe ==,var safe = (window.dcAd && window.dcAd.safe ==,,,unknown,미분류,1,1,10000,estimated,bundle,text,unknown,,active,needs_review,needs_review,"가격 단위 추정, 복수 카드 가격, 배송비 포함 여부 미확정, 묶음·세트 총액 · 개별 카드 가격 아님",estimated,no,no,var safe = (window.dcAd && window.dcAd.safe == 1)
695ba56b5c562600f748b3a5,pokemoncardgame,포켓몬 카드게임,2026-07,2026-07-06T16:48:43+09:00,known,d19ef4f7d3bf89eb55dfd95c,695ba56b5c562600f748b3a5,118090,https://m.dcinside.com/board/pokemoncardgame/118090,돈이 너무 필요합니다 청년 봄메게닌 급처합니다,seller-14e942c8e3fe8103bfe9989e,간절합니다,guest,var safe = window.dcAd && window.dcAd.safe ==,var safe = window.dcAd && window.dcAd.safe ==,var safe = (window.dcAd && window.dcAd.safe ==,,,unknown,미분류,1,1,10000,estimated,bundle,text,unknown,,active,needs_review,needs_review,"가격 단위 추정, 복수 카드 가격, 배송비 포함 여부 미확정, 묶음·세트 총액 · 개별 카드 가격 아님",estimated,no,no,var safe = (window.dcAd && window.dcAd.safe == 1)
737dc16f66335cea8d95e52f,pokemoncardgame,포켓몬 카드게임,2026-07,2026-07-06T16:48:43+09:00,known,6d9224baa090483a3f0cdacf,737dc16f66335cea8d95e52f,118090,https://m.dcinside.com/board/pokemoncardgame/118090,돈이 너무 필요합니다 청년 봄메게닌 급처합니다,seller-554ea17041d8a6ffca085ec6,간절합니다,guest,loadScript ' t,loadScript ' t,loadScript('//t,,,unknown,미분류,1,1,10000,estimated,bundle,text,unknown,,active,needs_review,needs_review,"가격 단위 추정, 복수 카드 가격, 배송비 포함 여부 미확정, 묶음·세트 총액 · 개별 카드 가격 아님",estimated,no,no,"loadScript('//t1.kakaocdn.net/kas/static/ba.min.js', true);"
7b926e28c392d03b907c9617,pokemoncardgame,포켓몬 카드게임,2026-07,2026-07-06T16:48:43+09:00,known,6d9224baa090483a3f0cdacf,7b926e28c392d03b907c9617,118090,https://m.dcinside.com/board/pokemoncardgame/118090,돈이 너무 필요합니다 청년 봄메게닌 급처합니다,seller-554ea17041d8a6ffca085ec6,간절합니다,guest,loadScript 'https pagead,loadScript 'https pagead,loadScript('https://pagead,,,unknown,미분류,1,2,20000,estimated,bundle,text,unknown,,active,needs_review,needs_review,"가격 단위 추정, 복수 카드 가격, 배송비 포함 여부 미확정, 묶음·세트 총액 · 개별 카드 가격 아님",estimated,no,no,"loadScript('https://pagead2.googlesyndication.com/pagead/js/adsbygoogle_direct.js?client=ca-pub-8171468792791627', true, 'anonymous');"
7f9d0df591eb364216d2069b,pokemoncardgame,포켓몬 카드게임,2026-07,2026-07-06T16:48:43+09:00,known,d19ef4f7d3bf89eb55dfd95c,7f9d0df591eb364216d2069b,118090,https://m.dcinside.com/board/pokemoncardgame/118090,돈이 너무 필요합니다 청년 봄메게닌 급처합니다,seller-14e942c8e3fe8103bfe9989e,간절합니다,guest,loadScript ' t,loadScript ' t,loadScript('//t,,,unknown,미분류,1,1,10000,estimated,bundle,text,unknown,,active,needs_review,needs_review,"가격 단위 추정, 복수 카드 가격, 배송비 포함 여부 미확정, 묶음·세트 총액 · 개별 카드 가격 아님",estimated,no,no,"loadScript('//t1.kakaocdn.net/kas/static/ba.min.js', true);"
ad2e0dfeeb96c55d0e0736f3,pokemoncardgame,포켓몬 카드게임,2026-07,2026-07-06T16:48:43+09:00,known,d19ef4f7d3bf89eb55dfd95c,ad2e0dfeeb96c55d0e0736f3,118090,https://m.dcinside.com/board/pokemoncardgame/118090,돈이 너무 필요합니다 청년 봄메게닌 급처합니다,seller-14e942c8e3fe8103bfe9989e,간절합니다,guest,DOM 삽입 헬퍼 현재 스크립트 위치 기준,DOM 삽입 헬퍼 현재 스크립트 위치 기준,// ---- DOM 삽입 헬퍼 (현재 스크립트 위치 기준,,,unknown,미분류,1,1,10000,estimated,bundle,text,unknown,,active,needs_review,needs_review,"가격 단위 추정, 복수 카드 가격, 배송비 포함 여부 미확정, 묶음·세트 총액 · 개별 카드 가격 아님",estimated,no,no,// ---- DOM 삽입 헬퍼 (현재 스크립트 위치 기준1)
bb1197a0697c6558d4d80a06,pokemoncardgame,포켓몬 카드게임,2026-07,2026-07-06T16:48:43+09:00,known,7bcd3a4002a98fb52840932e,bb1197a0697c6558d4d80a06,118090,https://m.dcinside.com/board/pokemoncardgame/118090,돈이 너무 필요합니다 청년 봄메게닌 급처합니다,seller-9842bc8d917aafed9fb04c39,간절합니다,guest,loadScript 'https pagead,loadScript 'https pagead,loadScript('https://pagead,,,unknown,미분류,1,2,20000,estimated,bundle,text,unknown,,active,needs_review,needs_review,"가격 단위 추정, 복수 카드 가격, 배송비 포함 여부 미확정, 묶음·세트 총액 · 개별 카드 가격 아님",estimated,no,no,"loadScript('https://pagead2.googlesyndication.com/pagead/js/adsbygoogle_direct.js?client=ca-pub-8171468792791627', true, 'anonymous');"
40bd5c922d7d7babfc041263,pokemoncardgame,포켓몬 카드게임,2026-07,2026-07-06T17:51:44+09:00,known,7a009bfa4f66a609e6616f5e,40bd5c922d7d7babfc041263,118094,https://m.dcinside.com/board/pokemoncardgame/118094,덱소스삽니다,seller-51447db26eeb90b0124d315b,포갤러,registered,일괄반,일괄반,일괄반택포,,,unknown,미분류,1,1.0,10000,estimated,bundle,text,included,2000,active,needs_review,needs_review,"가격 단위 추정, 일괄·세트 가격, 묶음·세트 총액 · 개별 카드 가격 아님",estimated,no,no,일괄반택포 1.0에구해요
9dfb03db6056cd8262c6ef6c,pokemoncardgame,포켓몬 카드게임,2026-07,2026-07-06T17:51:44+09:00,known,4e007b395aa33f3597b98545,9dfb03db6056cd8262c6ef6c,118094,https://m.dcinside.com/board/pokemoncardgame/118094,덱소스삽니다,seller-51447db26eeb90b0124d315b,포갤러,registered,일괄반,일괄반,일괄반택포,,,unknown,미분류,1,1.0,10000,estimated,bundle,text,included,2000,active,needs_review,needs_review,"가격 단위 추정, 일괄·세트 가격, 묶음·세트 총액 · 개별 카드 가격 아님",estimated,no,no,일괄반택포 1.0에구해요
df9f8d73087ca09ceeb7d96b,pokemoncardgame,포켓몬 카드게임,2026-07,2026-07-06T17:51:44+09:00,known,ba99a935735548a14ad7a097,df9f8d73087ca09ceeb7d96b,118094,https://m.dcinside.com/board/pokemoncardgame/118094,덱소스삽니다,seller-51447db26eeb90b0124d315b,포갤러,registered,일괄반,일괄반,일괄반택포,,,unknown,미분류,1,1.0,10000,estimated,bundle,text,included,2000,active,needs_review,needs_review,"가격 단위 추정, 일괄·세트 가격, 묶음·세트 총액 · 개별 카드 가격 아님",estimated,no,no,일괄반택포 1.0에구해요
07e5919cb48769ea00174103,pokemoncardgame,포켓몬 카드게임,2026-07,2026-07-06T19:36:53+09:00,known,e9a2cb957e4fbb084f23d98f,07e5919cb48769ea00174103,118102,https://m.dcinside.com/board/pokemoncardgame/118102,봄메게닌 3.8 급처합니다 사주세요 ㅠㅠ,seller-77306bc25685c61738a4c6fc,간절합니다,guest,loadScript ' t,loadScript ' t,loadScript('//t,,,unknown,미분류,1,1,10000,estimated,bundle,text,unknown,,active,needs_review,needs_review,"가격 단위 추정, 복수 카드 가격, 배송비 포함 여부 미확정, 묶음·세트 총액 · 개별 카드 가격 아님",estimated,no,no,"loadScript('//t1.kakaocdn.net/kas/static/ba.min.js', true);"
13154bbe524941d1b2a5d6e1,pokemoncardgame,포켓몬 카드게임,2026-07,2026-07-06T19:36:53+09:00,known,c381a2826fd2def17f87df50,13154bbe524941d1b2a5d6e1,118102,https://m.dcinside.com/board/pokemoncardgame/118102,봄메게닌 3.8 급처합니다 사주세요 ㅠㅠ,seller-a2e294be05530b6d20f63dd3,간절합니다,guest,loadScript 'https pagead,loadScript 'https pagead,loadScript('https://pagead,,,unknown,미분류,1,2,20000,estimated,bundle,text,unknown,,active,needs_review,needs_review,"가격 단위 추정, 복수 카드 가격, 배송비 포함 여부 미확정, 묶음·세트 총액 · 개별 카드 가격 아님",estimated,no,no,"loadScript('https://pagead2.googlesyndication.com/pagead/js/adsbygoogle_direct.js?client=ca-pub-8171468792791627', true, 'anonymous');"
265cf5507eefbb3501cdaa82,pokemoncardgame,포켓몬 카드게임,2026-07,2026-07-06T19:36:53+09:00,known,e9a2cb957e4fbb084f23d98f,265cf5507eefbb3501cdaa82,118102,https://m.dcinside.com/board/pokemoncardgame/118102,봄메게닌 3.8 급처합니다 사주세요 ㅠㅠ,seller-77306bc25685c61738a4c6fc,간절합니다,guest,loadScript 'https pagead,loadScript 'https pagead,loadScript('https://pagead,,,unknown,미분류,1,2,20000,estimated,bundle,text,unknown,,active,needs_review,needs_review,"가격 단위 추정, 복수 카드 가격, 배송비 포함 여부 미확정, 묶음·세트 총액 · 개별 카드 가격 아님",estimated,no,no,"loadScript('https://pagead2.googlesyndication.com/pagead/js/adsbygoogle_direct.js?client=ca-pub-8171468792791627', true, 'anonymous');"
3849b8fefae7893646cae45f,pokemoncardgame,포켓몬 카드게임,2026-07,2026-07-06T19:36:53+09:00,known,c381a2826fd2def17f87df50,3849b8fefae7893646cae45f,118102,https://m.dcinside.com/board/pokemoncardgame/118102,봄메게닌 3.8 급처합니다 사주세요 ㅠㅠ,seller-a2e294be05530b6d20f63dd3,간절합니다,guest,DOM 삽입 헬퍼 현재 스크립트 위치 기준,DOM 삽입 헬퍼 현재 스크립트 위치 기준,// ---- DOM 삽입 헬퍼 (현재 스크립트 위치 기준,,,unknown,미분류,1,1,10000,estimated,bundle,text,unknown,,active,needs_review,needs_review,"가격 단위 추정, 복수 카드 가격, 배송비 포함 여부 미확정, 묶음·세트 총액 · 개별 카드 가격 아님",estimated,no,no,// ---- DOM 삽입 헬퍼 (현재 스크립트 위치 기준1)
3ac42fb9670ace5c4154f228,pokemoncardgame,포켓몬 카드게임,2026-07,2026-07-06T19:36:53+09:00,known,c381a2826fd2def17f87df50,3ac42fb9670ace5c4154f228,118102,https://m.dcinside.com/board/pokemoncardgame/118102,봄메게닌 3.8 급처합니다 사주세요 ㅠㅠ,seller-a2e294be05530b6d20f63dd3,간절합니다,guest,var safe = window.dcAd && window.dcAd.safe ==,var safe = window.dcAd && window.dcAd.safe ==,var safe = (window.dcAd && window.dcAd.safe ==,,,unknown,미분류,1,1,10000,estimated,bundle,text,unknown,,active,needs_review,needs_review,"가격 단위 추정, 복수 카드 가격, 배송비 포함 여부 미확정, 묶음·세트 총액 · 개별 카드 가격 아님",estimated,no,no,var safe = (window.dcAd && window.dcAd.safe == 1)
6452d4a69f8f0a5198ff1387,pokemoncardgame,포켓몬 카드게임,2026-07,2026-07-06T19:36:53+09:00,known,e48f08125f21dccacf1735e3,6452d4a69f8f0a5198ff1387,118102,https://m.dcinside.com/board/pokemoncardgame/118102,봄메게닌 3.8 급처합니다 사주세요 ㅠㅠ,seller-376c201dd021f2e8cdc9a723,간절합니다,guest,var safe = window.dcAd && window.dcAd.safe ==,var safe = window.dcAd && window.dcAd.safe ==,var safe = (window.dcAd && window.dcAd.safe ==,,,unknown,미분류,1,1,10000,estimated,bundle,text,unknown,,active,needs_review,needs_review,"가격 단위 추정, 복수 카드 가격, 배송비 포함 여부 미확정, 묶음·세트 총액 · 개별 카드 가격 아님",estimated,no,no,var safe = (window.dcAd && window.dcAd.safe == 1)
8e98dbf1adfe87b8d2a443c7,pokemoncardgame,포켓몬 카드게임,2026-07,2026-07-06T19:36:53+09:00,known,e48f08125f21dccacf1735e3,8e98dbf1adfe87b8d2a443c7,118102,https://m.dcinside.com/board/pokemoncardgame/118102,봄메게닌 3.8 급처합니다 사주세요 ㅠㅠ,seller-376c201dd021f2e8cdc9a723,간절합니다,guest,loadScript ' t,loadScript ' t,loadScript('//t,,,unknown,미분류,1,1,10000,estimated,bundle,text,unknown,,active,needs_review,needs_review,"가격 단위 추정, 복수 카드 가격, 배송비 포함 여부 미확정, 묶음·세트 총액 · 개별 카드 가격 아님",estimated,no,no,"loadScript('//t1.kakaocdn.net/kas/static/ba.min.js', true);"
bfaf3672527bd1f9711a025c,pokemoncardgame,포켓몬 카드게임,2026-07,2026-07-06T19:36:53+09:00,known,e9a2cb957e4fbb084f23d98f,bfaf3672527bd1f9711a025c,118102,https://m.dcinside.com/board/pokemoncardgame/118102,봄메게닌 3.8 급처합니다 사주세요 ㅠㅠ,seller-77306bc25685c61738a4c6fc,간절합니다,guest,var safe = window.dcAd && window.dcAd.safe ==,var safe = window.dcAd && window.dcAd.safe ==,var safe = (window.dcAd && window.dcAd.safe ==,,,unknown,미분류,1,1,10000,estimated,bundle,text,unknown,,active,needs_review,needs_review,"가격 단위 추정, 복수 카드 가격, 배송비 포함 여부 미확정, 묶음·세트 총액 · 개별 카드 가격 아님",estimated,no,no,var safe = (window.dcAd && window.dcAd.safe == 1)
c16a9e96d169584fadd6beae,pokemoncardgame,포켓몬 카드게임,2026-07,2026-07-06T19:36:53+09:00,known,e48f08125f21dccacf1735e3,c16a9e96d169584fadd6beae,118102,https://m.dcinside.com/board/pokemoncardgame/118102,봄메게닌 3.8 급처합니다 사주세요 ㅠㅠ,seller-376c201dd021f2e8cdc9a723,간절합니다,guest,loadScript 'https pagead,loadScript 'https pagead,loadScript('https://pagead,,,unknown,미분류,1,2,20000,estimated,bundle,text,unknown,,active,needs_review,needs_review,"가격 단위 추정, 복수 카드 가격, 배송비 포함 여부 미확정, 묶음·세트 총액 · 개별 카드 가격 아님",estimated,no,no,"loadScript('https://pagead2.googlesyndication.com/pagead/js/adsbygoogle_direct.js?client=ca-pub-8171468792791627', true, 'anonymous');"
d978671301d105aaf1b47bcb,pokemoncardgame,포켓몬 카드게임,2026-07,2026-07-06T19:36:53+09:00,known,c381a2826fd2def17f87df50,d978671301d105aaf1b47bcb,118102,https://m.dcinside.com/board/pokemoncardgame/118102,봄메게닌 3.8 급처합니다 사주세요 ㅠㅠ,seller-a2e294be05530b6d20f63dd3,간절합니다,guest,loadScript ' t,loadScript ' t,loadScript('//t,,,unknown,미분류,1,1,10000,estimated,bundle,text,unknown,,active,needs_review,needs_review,"가격 단위 추정, 복수 카드 가격, 배송비 포함 여부 미확정, 묶음·세트 총액 · 개별 카드 가격 아님",estimated,no,no,"loadScript('//t1.kakaocdn.net/kas/static/ba.min.js', true);"
dcc52587d56ddb614e4123c9,pokemoncardgame,포켓몬 카드게임,2026-07,2026-07-06T19:36:53+09:00,known,e48f08125f21dccacf1735e3,dcc52587d56ddb614e4123c9,118102,https://m.dcinside.com/board/pokemoncardgame/118102,봄메게닌 3.8 급처합니다 사주세요 ㅠㅠ,seller-376c201dd021f2e8cdc9a723,간절합니다,guest,DOM 삽입 헬퍼 현재 스크립트 위치 기준,DOM 삽입 헬퍼 현재 스크립트 위치 기준,// ---- DOM 삽입 헬퍼 (현재 스크립트 위치 기준,,,unknown,미분류,1,1,10000,estimated,bundle,text,unknown,,active,needs_review,needs_review,"가격 단위 추정, 복수 카드 가격, 배송비 포함 여부 미확정, 묶음·세트 총액 · 개별 카드 가격 아님",estimated,no,no,// ---- DOM 삽입 헬퍼 (현재 스크립트 위치 기준1)
ff643731c1e003451bd46782,pokemoncardgame,포켓몬 카드게임,2026-07,2026-07-06T19:36:53+09:00,known,e9a2cb957e4fbb084f23d98f,ff643731c1e003451bd46782,118102,https://m.dcinside.com/board/pokemoncardgame/118102,봄메게닌 3.8 급처합니다 사주세요 ㅠㅠ,seller-77306bc25685c61738a4c6fc,간절합니다,guest,DOM 삽입 헬퍼 현재 스크립트 위치 기준,DOM 삽입 헬퍼 현재 스크립트 위치 기준,// ---- DOM 삽입 헬퍼 (현재 스크립트 위치 기준,,,unknown,미분류,1,1,10000,estimated,bundle,text,unknown,,active,needs_review,needs_review,"가격 단위 추정, 복수 카드 가격, 배송비 포함 여부 미확정, 묶음·세트 총액 · 개별 카드 가격 아님",estimated,no,no,// ---- DOM 삽입 헬퍼 (현재 스크립트 위치 기준1)
329dbc78717742c7a1a58f42,pokemoncardgame,포켓몬 카드게임,2026-07,2026-07-07T02:00:45+09:00,known,0435648616ae43b74b2bc475,329dbc78717742c7a1a58f42,118131,https://m.dcinside.com/board/pokemoncardgame/118131,범용 몇 장 구해봅니다,seller-890680831bce1f5a5c82ffff,ㅇㅇ,guest,언페어 스탬프,언페어 스탬프,언페어 스탬프,,,unknown,미분류,1,0.4,4000,estimated,per_card,text,unknown,,active,needs_review,needs_review,"가격 단위 추정, 배송비 포함 여부 미확정",estimated,yes,candidate_estimated,언페어 스탬프 1장 0.4
333fa4104cf7d40e2d322414,pokemoncardgame,포켓몬 카드게임,2026-07,2026-07-07T02:00:45+09:00,known,96504a988cc8eef1182725be,333fa4104cf7d40e2d322414,118131,https://m.dcinside.com/board/pokemoncardgame/118131,범용 몇 장 구해봅니다,seller-6a87a54bff7fe27920483aa1,ㅇㅇ,guest,언페어 스탬프,언페어 스탬프,언페어 스탬프,,,unknown,미분류,1,0.4,4000,estimated,per_card,text,unknown,,active,needs_review,needs_review,"가격 단위 추정, 배송비 포함 여부 미확정",estimated,yes,candidate_estimated,언페어 스탬프 1장 0.4
92ee3e0d09b2b623f2818064,pokemoncardgame,포켓몬 카드게임,2026-07,2026-07-07T02:00:45+09:00,known,bbdb572f2941bf4679f1515e,92ee3e0d09b2b623f2818064,118131,https://m.dcinside.com/board/pokemoncardgame/118131,범용 몇 장 구해봅니다,seller-79ffb9f5d181d29b0d1a9a40,ㅇㅇ,guest,시아노,시아노,시아노,,,unknown,미분류,3,0.3,3000,estimated,per_quantity,text,unknown,,active,needs_review,needs_review,"가격 단위 추정, 배송비 포함 여부 미확정, 복수 수량 총액 · 카드 1장 가격 아님",estimated,no,no,시아노 3장 0.3
b136bbe0d32bd32637b719ac,pokemoncardgame,포켓몬 카드게임,2026-07,2026-07-07T02:00:45+09:00,known,96504a988cc8eef1182725be,b136bbe0d32bd32637b719ac,118131,https://m.dcinside.com/board/pokemoncardgame/118131,범용 몇 장 구해봅니다,seller-6a87a54bff7fe27920483aa1,ㅇㅇ,guest,스페셜 레드카드,스페셜 레드카드,스페셜 레드카드,,,unknown,미분류,1,0.2,2000,estimated,per_card,text,unknown,,active,needs_review,needs_review,"가격 단위 추정, 배송비 포함 여부 미확정",estimated,yes,candidate_estimated,스페셜 레드카드 1장 0.2
c0cb5c03c42aede43f8bd3ca,pokemoncardgame,포켓몬 카드게임,2026-07,2026-07-07T02:00:45+09:00,known,96504a988cc8eef1182725be,c0cb5c03c42aede43f8bd3ca,118131,https://m.dcinside.com/board/pokemoncardgame/118131,범용 몇 장 구해봅니다,seller-6a87a54bff7fe27920483aa1,ㅇㅇ,guest,시아노,시아노,시아노,,,unknown,미분류,3,0.3,3000,estimated,per_quantity,text,unknown,,active,needs_review,needs_review,"가격 단위 추정, 배송비 포함 여부 미확정, 복수 수량 총액 · 카드 1장 가격 아님",estimated,no,no,시아노 3장 0.3
cab06957989972bfa2378fd6,pokemoncardgame,포켓몬 카드게임,2026-07,2026-07-07T02:00:45+09:00,known,0435648616ae43b74b2bc475,cab06957989972bfa2378fd6,118131,https://m.dcinside.com/board/pokemoncardgame/118131,범용 몇 장 구해봅니다,seller-890680831bce1f5a5c82ffff,ㅇㅇ,guest,스페셜 레드카드,스페셜 레드카드,스페셜 레드카드,,,unknown,미분류,1,0.2,2000,estimated,per_card,text,unknown,,active,needs_review,needs_review,"가격 단위 추정, 배송비 포함 여부 미확정",estimated,yes,candidate_estimated,스페셜 레드카드 1장 0.2
dfb3c4dda7c262472c95f19d,pokemoncardgame,포켓몬 카드게임,2026-07,2026-07-07T02:00:45+09:00,known,bbdb572f2941bf4679f1515e,dfb3c4dda7c262472c95f19d,118131,https://m.dcinside.com/board/pokemoncardgame/118131,범용 몇 장 구해봅니다,seller-79ffb9f5d181d29b0d1a9a40,ㅇㅇ,guest,언페어 스탬프,언페어 스탬프,언페어 스탬프,,,unknown,미분류,1,0.4,4000,estimated,per_card,text,unknown,,active,needs_review,needs_review,"가격 단위 추정, 배송비 포함 여부 미확정",estimated,yes,candidate_estimated,언페어 스탬프 1장 0.4
e9364edf02e2c2712463aa43,pokemoncardgame,포켓몬 카드게임,2026-07,2026-07-07T02:00:45+09:00,known,0435648616ae43b74b2bc475,e9364edf02e2c2712463aa43,118131,https://m.dcinside.com/board/pokemoncardgame/118131,범용 몇 장 구해봅니다,seller-890680831bce1f5a5c82ffff,ㅇㅇ,guest,시아노,시아노,시아노,,,unknown,미분류,3,0.3,3000,estimated,per_quantity,text,unknown,,active,needs_review,needs_review,"가격 단위 추정, 배송비 포함 여부 미확정, 복수 수량 총액 · 카드 1장 가격 아님",estimated,no,no,시아노 3장 0.3
f67a773c18373f51587780a0,pokemoncardgame,포켓몬 카드게임,2026-07,2026-07-07T02:00:45+09:00,known,bbdb572f2941bf4679f1515e,f67a773c18373f51587780a0,118131,https://m.dcinside.com/board/pokemoncardgame/118131,범용 몇 장 구해봅니다,seller-79ffb9f5d181d29b0d1a9a40,ㅇㅇ,guest,스페셜 레드카드,스페셜 레드카드,스페셜 레드카드,,,unknown,미분류,1,0.2,2000,estimated,per_card,text,unknown,,active,needs_review,needs_review,"가격 단위 추정, 배송비 포함 여부 미확정",estimated,yes,candidate_estimated,스페셜 레드카드 1장 0.2
05f07e791096b0a89204951a,pokemoncardgame,포켓몬 카드게임,2026-07,2026-07-07T02:04:20+09:00,known,b68268971ea6aac5f1d6740f,05f07e791096b0a89204951a,118132,https://m.dcinside.com/board/pokemoncardgame/118132,목동직 텔레페스 8장 ㅅㅅ,seller-eb1f903f16230991695d0b6d,ㅇㅇ,guest,,장당,장당,,,unknown,미분류,1,0.2,2000,estimated,per_card,text,unknown,,active,needs_review,needs_review,"가격 단위 추정, 배송비 포함 여부 미확정",estimated,yes,candidate_estimated,장당 0.2
9171fbdbd07ef54c66941f11,pokemoncardgame,포켓몬 카드게임,2026-07,2026-07-07T02:04:20+09:00,known,6f5537fb2b111a061affe2d4,9171fbdbd07ef54c66941f11,118132,https://m.dcinside.com/board/pokemoncardgame/118132,목동직 텔레페스 8장 ㅅㅅ,seller-8ebc06dd2bbb1e98d1baf9db,ㅇㅇ,guest,,장당,장당,,,unknown,미분류,1,0.2,2000,estimated,per_card,text,unknown,,active,needs_review,needs_review,"가격 단위 추정, 배송비 포함 여부 미확정",estimated,yes,candidate_estimated,장당 0.2
e5a13e7c30be6142d6692677,pokemoncardgame,포켓몬 카드게임,2026-07,2026-07-07T02:04:20+09:00,known,1f6eb0d7653213e4ace5dc2c,e5a13e7c30be6142d6692677,118132,https://m.dcinside.com/board/pokemoncardgame/118132,목동직 텔레페스 8장 ㅅㅅ,seller-af38460185080dbd7982c800,ㅇㅇ,guest,,장당,장당,,,unknown,미분류,1,0.2,2000,estimated,per_card,text,unknown,,active,needs_review,needs_review,"가격 단위 추정, 배송비 포함 여부 미확정",estimated,yes,candidate_estimated,장당 0.2
019f2c152e534a162e9d29de,pokemoncardgame,포켓몬 카드게임,2026-07,2026-07-07T13:50:25+09:00,known,3cef906877e35233125fafc9,019f2c152e534a162e9d29de,118148,https://m.dcinside.com/board/pokemoncardgame/118148,덱소소 삽니다,seller-51447db26eeb90b0124d315b,포갤러,registered,loadScript ' t,loadScript ' t,loadScript('//t,,,unknown,미분류,1,1,10000,estimated,bundle,text,unknown,,active,needs_review,needs_review,"가격 단위 추정, 복수 카드 가격, 배송비 포함 여부 미확정, 묶음·세트 총액 · 개별 카드 가격 아님",estimated,no,no,"loadScript('//t1.kakaocdn.net/kas/static/ba.min.js', true);"
1bd04ff2899217a30e007142,pokemoncardgame,포켓몬 카드게임,2026-07,2026-07-07T13:50:25+09:00,known,13e59d88952ef91c0efd8456,1bd04ff2899217a30e007142,118148,https://m.dcinside.com/board/pokemoncardgame/118148,덱소소 삽니다,seller-51447db26eeb90b0124d315b,포갤러,registered,제외 기로치ex 릴리에의 삐삐ex 포함,제외 기로치ex 릴리에의 삐삐ex 포함,"제외 기로치ex, 릴리에의 삐삐ex 포함",,,unknown,미분류,1,1.4,14000,estimated,bundle,text,unknown,,active,needs_review,needs_review,"가격 단위 추정, 일괄·세트 가격, 복수 카드 가격, 배송비 포함 여부 미확정, 묶음·세트 총액 · 개별 카드 가격 아님",estimated,no,no,"제외 기로치ex, 릴리에의 삐삐ex 포함 일괄 1.4에 사요"
30180100c9b7a3f79fbc55e0,pokemoncardgame,포켓몬 카드게임,2026-07,2026-07-07T13:50:25+09:00,known,39e506cd7f62e0df4b1f0ea8,30180100c9b7a3f79fbc55e0,118148,https://m.dcinside.com/board/pokemoncardgame/118148,덱소소 삽니다,seller-51447db26eeb90b0124d315b,포갤러,registered,loadScript 'https pagead,loadScript 'https pagead,loadScript('https://pagead,,,unknown,미분류,1,2,20000,estimated,bundle,text,unknown,,active,needs_review,needs_review,"가격 단위 추정, 복수 카드 가격, 배송비 포함 여부 미확정, 묶음·세트 총액 · 개별 카드 가격 아님",estimated,no,no,"loadScript('https://pagead2.googlesyndication.com/pagead/js/adsbygoogle_direct.js?client=ca-pub-8171468792791627', true, 'anonymous');"
4a907d94f2112bc959863c0e,pokemoncardgame,포켓몬 카드게임,2026-07,2026-07-07T13:50:25+09:00,known,13e59d88952ef91c0efd8456,4a907d94f2112bc959863c0e,118148,https://m.dcinside.com/board/pokemoncardgame/118148,덱소소 삽니다,seller-51447db26eeb90b0124d315b,포갤러,registered,DOM 삽입 헬퍼 현재 스크립트 위치 기준,DOM 삽입 헬퍼 현재 스크립트 위치 기준,// ---- DOM 삽입 헬퍼 (현재 스크립트 위치 기준,,,unknown,미분류,1,1,10000,estimated,bundle,text,unknown,,active,needs_review,needs_review,"가격 단위 추정, 복수 카드 가격, 배송비 포함 여부 미확정, 묶음·세트 총액 · 개별 카드 가격 아님",estimated,no,no,// ---- DOM 삽입 헬퍼 (현재 스크립트 위치 기준1)
514b022e4ffa818e13c67304,pokemoncardgame,포켓몬 카드게임,2026-07,2026-07-07T13:50:25+09:00,known,3cef906877e35233125fafc9,514b022e4ffa818e13c67304,118148,https://m.dcinside.com/board/pokemoncardgame/118148,덱소소 삽니다,seller-51447db26eeb90b0124d315b,포갤러,registered,DOM 삽입 헬퍼 현재 스크립트 위치 기준,DOM 삽입 헬퍼 현재 스크립트 위치 기준,// ---- DOM 삽입 헬퍼 (현재 스크립트 위치 기준,,,unknown,미분류,1,1,10000,estimated,bundle,text,unknown,,active,needs_review,needs_review,"가격 단위 추정, 복수 카드 가격, 배송비 포함 여부 미확정, 묶음·세트 총액 · 개별 카드 가격 아님",estimated,no,no,// ---- DOM 삽입 헬퍼 (현재 스크립트 위치 기준1)
6efe20e1c1357586db046cd9,pokemoncardgame,포켓몬 카드게임,2026-07,2026-07-07T13:50:25+09:00,known,39e506cd7f62e0df4b1f0ea8,6efe20e1c1357586db046cd9,118148,https://m.dcinside.com/board/pokemoncardgame/118148,덱소소 삽니다,seller-51447db26eeb90b0124d315b,포갤러,registered,loadScript ' t,loadScript ' t,loadScript('//t,,,unknown,미분류,1,1,10000,estimated,bundle,text,unknown,,active,needs_review,needs_review,"가격 단위 추정, 복수 카드 가격, 배송비 포함 여부 미확정, 묶음·세트 총액 · 개별 카드 가격 아님",estimated,no,no,"loadScript('//t1.kakaocdn.net/kas/static/ba.min.js', true);"
77a6a7e7b76b7020d414d9ec,pokemoncardgame,포켓몬 카드게임,2026-07,2026-07-07T13:50:25+09:00,known,3cef906877e35233125fafc9,77a6a7e7b76b7020d414d9ec,118148,https://m.dcinside.com/board/pokemoncardgame/118148,덱소소 삽니다,seller-51447db26eeb90b0124d315b,포갤러,registered,var safe = window.dcAd && window.dcAd.safe ==,var safe = window.dcAd && window.dcAd.safe ==,var safe = (window.dcAd && window.dcAd.safe ==,,,unknown,미분류,1,1,10000,estimated,bundle,text,unknown,,active,needs_review,needs_review,"가격 단위 추정, 복수 카드 가격, 배송비 포함 여부 미확정, 묶음·세트 총액 · 개별 카드 가격 아님",estimated,no,no,var safe = (window.dcAd && window.dcAd.safe == 1)
86e95b9320408ac28dbe7131,pokemoncardgame,포켓몬 카드게임,2026-07,2026-07-07T13:50:25+09:00,known,3cef906877e35233125fafc9,86e95b9320408ac28dbe7131,118148,https://m.dcinside.com/board/pokemoncardgame/118148,덱소소 삽니다,seller-51447db26eeb90b0124d315b,포갤러,registered,제외 기로치ex 릴리에의 삐삐ex 포함,제외 기로치ex 릴리에의 삐삐ex 포함,"제외 기로치ex, 릴리에의 삐삐ex 포함",,,unknown,미분류,1,1.4,14000,estimated,bundle,text,unknown,,active,needs_review,needs_review,"가격 단위 추정, 일괄·세트 가격, 복수 카드 가격, 배송비 포함 여부 미확정, 묶음·세트 총액 · 개별 카드 가격 아님",estimated,no,no,"제외 기로치ex, 릴리에의 삐삐ex 포함 일괄 1.4에 사요"
a7e7daa6f1a0d8d1f58c1da7,pokemoncardgame,포켓몬 카드게임,2026-07,2026-07-07T13:50:25+09:00,known,39e506cd7f62e0df4b1f0ea8,a7e7daa6f1a0d8d1f58c1da7,118148,https://m.dcinside.com/board/pokemoncardgame/118148,덱소소 삽니다,seller-51447db26eeb90b0124d315b,포갤러,registered,제외 기로치ex 릴리에의 삐삐ex 포함,제외 기로치ex 릴리에의 삐삐ex 포함,"제외 기로치ex, 릴리에의 삐삐ex 포함",,,unknown,미분류,1,1.4,14000,estimated,bundle,text,unknown,,active,needs_review,needs_review,"가격 단위 추정, 일괄·세트 가격, 복수 카드 가격, 배송비 포함 여부 미확정, 묶음·세트 총액 · 개별 카드 가격 아님",estimated,no,no,"제외 기로치ex, 릴리에의 삐삐ex 포함 일괄 1.4에 사요"
ac851345cece9e2e6c96d762,pokemoncardgame,포켓몬 카드게임,2026-07,2026-07-07T13:50:25+09:00,known,39e506cd7f62e0df4b1f0ea8,ac851345cece9e2e6c96d762,118148,https://m.dcinside.com/board/pokemoncardgame/118148,덱소소 삽니다,seller-51447db26eeb90b0124d315b,포갤러,registered,DOM 삽입 헬퍼 현재 스크립트 위치 기준,DOM 삽입 헬퍼 현재 스크립트 위치 기준,// ---- DOM 삽입 헬퍼 (현재 스크립트 위치 기준,,,unknown,미분류,1,1,10000,estimated,bundle,text,unknown,,active,needs_review,needs_review,"가격 단위 추정, 복수 카드 가격, 배송비 포함 여부 미확정, 묶음·세트 총액 · 개별 카드 가격 아님",estimated,no,no,// ---- DOM 삽입 헬퍼 (현재 스크립트 위치 기준1)
d4fe814eeeec951298969ee9,pokemoncardgame,포켓몬 카드게임,2026-07,2026-07-07T13:50:25+09:00,known,13e59d88952ef91c0efd8456,d4fe814eeeec951298969ee9,118148,https://m.dcinside.com/board/pokemoncardgame/118148,덱소소 삽니다,seller-51447db26eeb90b0124d315b,포갤러,registered,var safe = window.dcAd && window.dcAd.safe ==,var safe = window.dcAd && window.dcAd.safe ==,var safe = (window.dcAd && window.dcAd.safe ==,,,unknown,미분류,1,1,10000,estimated,bundle,text,unknown,,active,needs_review,needs_review,"가격 단위 추정, 복수 카드 가격, 배송비 포함 여부 미확정, 묶음·세트 총액 · 개별 카드 가격 아님",estimated,no,no,var safe = (window.dcAd && window.dcAd.safe == 1)
e2e9ea59e3f3464433753278,pokemoncardgame,포켓몬 카드게임,2026-07,2026-07-07T13:50:25+09:00,known,39e506cd7f62e0df4b1f0ea8,e2e9ea59e3f3464433753278,118148,https://m.dcinside.com/board/pokemoncardgame/118148,덱소소 삽니다,seller-51447db26eeb90b0124d315b,포갤러,registered,var safe = window.dcAd && window.dcAd.safe ==,var safe = window.dcAd && window.dcAd.safe ==,var safe = (window.dcAd && window.dcAd.safe ==,,,unknown,미분류,1,1,10000,estimated,bundle,text,unknown,,active,needs_review,needs_review,"가격 단위 추정, 복수 카드 가격, 배송비 포함 여부 미확정, 묶음·세트 총액 · 개별 카드 가격 아님",estimated,no,no,var safe = (window.dcAd && window.dcAd.safe == 1)
e8fde3ae14a078884789e9d0,pokemoncardgame,포켓몬 카드게임,2026-07,2026-07-07T13:50:25+09:00,known,13e59d88952ef91c0efd8456,e8fde3ae14a078884789e9d0,118148,https://m.dcinside.com/board/pokemoncardgame/118148,덱소소 삽니다,seller-51447db26eeb90b0124d315b,포갤러,registered,loadScript 'https pagead,loadScript 'https pagead,loadScript('https://pagead,,,unknown,미분류,1,2,20000,estimated,bundle,text,unknown,,active,needs_review,needs_review,"가격 단위 추정, 복수 카드 가격, 배송비 포함 여부 미확정, 묶음·세트 총액 · 개별 카드 가격 아님",estimated,no,no,"loadScript('https://pagead2.googlesyndication.com/pagead/js/adsbygoogle_direct.js?client=ca-pub-8171468792791627', true, 'anonymous');"
f46a3fab04cac62ed6d32d74,pokemoncardgame,포켓몬 카드게임,2026-07,2026-07-07T13:50:25+09:00,known,13e59d88952ef91c0efd8456,f46a3fab04cac62ed6d32d74,118148,https://m.dcinside.com/board/pokemoncardgame/118148,덱소소 삽니다,seller-51447db26eeb90b0124d315b,포갤러,registered,loadScript ' t,loadScript ' t,loadScript('//t,,,unknown,미분류,1,1,10000,estimated,bundle,text,unknown,,active,needs_review,needs_review,"가격 단위 추정, 복수 카드 가격, 배송비 포함 여부 미확정, 묶음·세트 총액 · 개별 카드 가격 아님",estimated,no,no,"loadScript('//t1.kakaocdn.net/kas/static/ba.min.js', true);"
fd62ba3d83165fb806ae7a49,pokemoncardgame,포켓몬 카드게임,2026-07,2026-07-07T13:50:25+09:00,known,3cef906877e35233125fafc9,fd62ba3d83165fb806ae7a49,118148,https://m.dcinside.com/board/pokemoncardgame/118148,덱소소 삽니다,seller-51447db26eeb90b0124d315b,포갤러,registered,loadScript 'https pagead,loadScript 'https pagead,loadScript('https://pagead,,,unknown,미분류,1,2,20000,estimated,bundle,text,unknown,,active,needs_review,needs_review,"가격 단위 추정, 복수 카드 가격, 배송비 포함 여부 미확정, 묶음·세트 총액 · 개별 카드 가격 아님",estimated,no,no,"loadScript('https://pagead2.googlesyndication.com/pagead/js/adsbygoogle_direct.js?client=ca-pub-8171468792791627', true, 'anonymous');"
15c69f347b744586814b1efa,pokemoncardgame,포켓몬 카드게임,2026-07,2026-07-07T14:07:30+09:00,known,dd1fc03f3399037e36c36a82,15c69f347b744586814b1efa,118149,https://m.dcinside.com/board/pokemoncardgame/118149,이브이즈 바렛 팜,seller-a1461ede4db9b0f04e08b37f,ㅇㅇ,guest,DOM 삽입 헬퍼 현재 스크립트 위치 기준,DOM 삽입 헬퍼 현재 스크립트 위치 기준,// ---- DOM 삽입 헬퍼 (현재 스크립트 위치 기준,,,unknown,미분류,1,1,10000,estimated,bundle,text,unknown,,active,needs_review,needs_review,"가격 단위 추정, 복수 카드 가격, 배송비 포함 여부 미확정, 묶음·세트 총액 · 개별 카드 가격 아님",estimated,no,no,// ---- DOM 삽입 헬퍼 (현재 스크립트 위치 기준1)
1eeae34b07d3f4554c33f4b0,pokemoncardgame,포켓몬 카드게임,2026-07,2026-07-07T14:07:30+09:00,known,dd1fc03f3399037e36c36a82,1eeae34b07d3f4554c33f4b0,118149,https://m.dcinside.com/board/pokemoncardgame/118149,이브이즈 바렛 팜,seller-a1461ede4db9b0f04e08b37f,ㅇㅇ,guest,loadScript 'https pagead,loadScript 'https pagead,loadScript('https://pagead,,,unknown,미분류,1,2,20000,estimated,bundle,text,unknown,,active,needs_review,needs_review,"가격 단위 추정, 복수 카드 가격, 배송비 포함 여부 미확정, 묶음·세트 총액 · 개별 카드 가격 아님",estimated,no,no,"loadScript('https://pagead2.googlesyndication.com/pagead/js/adsbygoogle_direct.js?client=ca-pub-8171468792791627', true, 'anonymous');"
39577ec03d779c7a92a2e3a7,pokemoncardgame,포켓몬 카드게임,2026-07,2026-07-07T14:07:30+09:00,known,fc0875d0c83190dc7704c8ac,39577ec03d779c7a92a2e3a7,118149,https://m.dcinside.com/board/pokemoncardgame/118149,이브이즈 바렛 팜,seller-8a3010d4aeb174a615b37b0c,ㅇㅇ,guest,DOM 삽입 헬퍼 현재 스크립트 위치 기준,DOM 삽입 헬퍼 현재 스크립트 위치 기준,// ---- DOM 삽입 헬퍼 (현재 스크립트 위치 기준,,,unknown,미분류,1,1,10000,estimated,bundle,text,unknown,,active,needs_review,needs_review,"가격 단위 추정, 복수 카드 가격, 배송비 포함 여부 미확정, 묶음·세트 총액 · 개별 카드 가격 아님",estimated,no,no,// ---- DOM 삽입 헬퍼 (현재 스크립트 위치 기준1)
46171344570218beeb8049b2,pokemoncardgame,포켓몬 카드게임,2026-07,2026-07-07T14:07:30+09:00,known,57f3908d4194fa8bb0a9758b,46171344570218beeb8049b2,118149,https://m.dcinside.com/board/pokemoncardgame/118149,이브이즈 바렛 팜,seller-5444eec692b186ad19c879af,ㅇㅇ,guest,loadScript 'https pagead,loadScript 'https pagead,loadScript('https://pagead,,,unknown,미분류,1,2,20000,estimated,bundle,text,unknown,,active,needs_review,needs_review,"가격 단위 추정, 복수 카드 가격, 배송비 포함 여부 미확정, 묶음·세트 총액 · 개별 카드 가격 아님",estimated,no,no,"loadScript('https://pagead2.googlesyndication.com/pagead/js/adsbygoogle_direct.js?client=ca-pub-8171468792791627', true, 'anonymous');"
4e7d498a5dcce1116629493d,pokemoncardgame,포켓몬 카드게임,2026-07,2026-07-07T14:07:30+09:00,known,fc0875d0c83190dc7704c8ac,4e7d498a5dcce1116629493d,118149,https://m.dcinside.com/board/pokemoncardgame/118149,이브이즈 바렛 팜,seller-8a3010d4aeb174a615b37b0c,ㅇㅇ,guest,var safe = window.dcAd && window.dcAd.safe ==,var safe = window.dcAd && window.dcAd.safe ==,var safe = (window.dcAd && window.dcAd.safe ==,,,unknown,미분류,1,1,10000,estimated,bundle,text,unknown,,active,needs_review,needs_review,"가격 단위 추정, 복수 카드 가격, 배송비 포함 여부 미확정, 묶음·세트 총액 · 개별 카드 가격 아님",estimated,no,no,var safe = (window.dcAd && window.dcAd.safe == 1)
506a1f97f14a926cafd9963e,pokemoncardgame,포켓몬 카드게임,2026-07,2026-07-07T14:07:30+09:00,known,57f3908d4194fa8bb0a9758b,506a1f97f14a926cafd9963e,118149,https://m.dcinside.com/board/pokemoncardgame/118149,이브이즈 바렛 팜,seller-5444eec692b186ad19c879af,ㅇㅇ,guest,loadScript ' t,loadScript ' t,loadScript('//t,,,unknown,미분류,1,1,10000,estimated,bundle,text,unknown,,active,needs_review,needs_review,"가격 단위 추정, 복수 카드 가격, 배송비 포함 여부 미확정, 묶음·세트 총액 · 개별 카드 가격 아님",estimated,no,no,"loadScript('//t1.kakaocdn.net/kas/static/ba.min.js', true);"
514e456f4b0ef3375ee47ec8,pokemoncardgame,포켓몬 카드게임,2026-07,2026-07-07T14:07:30+09:00,known,dd1fc03f3399037e36c36a82,514e456f4b0ef3375ee47ec8,118149,https://m.dcinside.com/board/pokemoncardgame/118149,이브이즈 바렛 팜,seller-a1461ede4db9b0f04e08b37f,ㅇㅇ,guest,가격은,가격은,가격은,,,unknown,미분류,1,2.8,28000,estimated,per_card,text,unknown,,active,needs_review,needs_review,"가격 단위 추정, 배송비 포함 여부 미확정",estimated,yes,candidate_estimated,가격은 2.8
7e867d19a914eee855c876f8,pokemoncardgame,포켓몬 카드게임,2026-07,2026-07-07T14:07:30+09:00,known,57f3908d4194fa8bb0a9758b,7e867d19a914eee855c876f8,118149,https://m.dcinside.com/board/pokemoncardgame/118149,이브이즈 바렛 팜,seller-5444eec692b186ad19c879af,ㅇㅇ,guest,DOM 삽입 헬퍼 현재 스크립트 위치 기준,DOM 삽입 헬퍼 현재 스크립트 위치 기준,// ---- DOM 삽입 헬퍼 (현재 스크립트 위치 기준,,,unknown,미분류,1,1,10000,estimated,bundle,text,unknown,,active,needs_review,needs_review,"가격 단위 추정, 복수 카드 가격, 배송비 포함 여부 미확정, 묶음·세트 총액 · 개별 카드 가격 아님",estimated,no,no,// ---- DOM 삽입 헬퍼 (현재 스크립트 위치 기준1)
8c9dd50caf8d476f5a42dfa3,pokemoncardgame,포켓몬 카드게임,2026-07,2026-07-07T14:07:30+09:00,known,dd1fc03f3399037e36c36a82,8c9dd50caf8d476f5a42dfa3,118149,https://m.dcinside.com/board/pokemoncardgame/118149,이브이즈 바렛 팜,seller-a1461ede4db9b0f04e08b37f,ㅇㅇ,guest,loadScript ' t,loadScript ' t,loadScript('//t,,,unknown,미분류,1,1,10000,estimated,bundle,text,unknown,,active,needs_review,needs_review,"가격 단위 추정, 복수 카드 가격, 배송비 포함 여부 미확정, 묶음·세트 총액 · 개별 카드 가격 아님",estimated,no,no,"loadScript('//t1.kakaocdn.net/kas/static/ba.min.js', true);"
bea95b138ad8396f045f1195,pokemoncardgame,포켓몬 카드게임,2026-07,2026-07-07T14:07:30+09:00,known,dd1fc03f3399037e36c36a82,bea95b138ad8396f045f1195,118149,https://m.dcinside.com/board/pokemoncardgame/118149,이브이즈 바렛 팜,seller-a1461ede4db9b0f04e08b37f,ㅇㅇ,guest,var safe = window.dcAd && window.dcAd.safe ==,var safe = window.dcAd && window.dcAd.safe ==,var safe = (window.dcAd && window.dcAd.safe ==,,,unknown,미분류,1,1,10000,estimated,bundle,text,unknown,,active,needs_review,needs_review,"가격 단위 추정, 복수 카드 가격, 배송비 포함 여부 미확정, 묶음·세트 총액 · 개별 카드 가격 아님",estimated,no,no,var safe = (window.dcAd && window.dcAd.safe == 1)
c3e28c347d1d1679e1675e08,pokemoncardgame,포켓몬 카드게임,2026-07,2026-07-07T14:07:30+09:00,known,57f3908d4194fa8bb0a9758b,c3e28c347d1d1679e1675e08,118149,https://m.dcinside.com/board/pokemoncardgame/118149,이브이즈 바렛 팜,seller-5444eec692b186ad19c879af,ㅇㅇ,guest,가격은,가격은,가격은,,,unknown,미분류,1,2.8,28000,estimated,per_card,text,unknown,,active,needs_review,needs_review,"가격 단위 추정, 배송비 포함 여부 미확정",estimated,yes,candidate_estimated,가격은 2.8
c59647679774062b4c3f3fa8,pokemoncardgame,포켓몬 카드게임,2026-07,2026-07-07T14:07:30+09:00,known,57f3908d4194fa8bb0a9758b,c59647679774062b4c3f3fa8,118149,https://m.dcinside.com/board/pokemoncardgame/118149,이브이즈 바렛 팜,seller-5444eec692b186ad19c879af,ㅇㅇ,guest,var safe = window.dcAd && window.dcAd.safe ==,var safe = window.dcAd && window.dcAd.safe ==,var safe = (window.dcAd && window.dcAd.safe ==,,,unknown,미분류,1,1,10000,estimated,bundle,text,unknown,,active,needs_review,needs_review,"가격 단위 추정, 복수 카드 가격, 배송비 포함 여부 미확정, 묶음·세트 총액 · 개별 카드 가격 아님",estimated,no,no,var safe = (window.dcAd && window.dcAd.safe == 1)
c6238b7d1ca68c7407817e4d,pokemoncardgame,포켓몬 카드게임,2026-07,2026-07-07T14:07:30+09:00,known,fc0875d0c83190dc7704c8ac,c6238b7d1ca68c7407817e4d,118149,https://m.dcinside.com/board/pokemoncardgame/118149,이브이즈 바렛 팜,seller-8a3010d4aeb174a615b37b0c,ㅇㅇ,guest,loadScript ' t,loadScript ' t,loadScript('//t,,,unknown,미분류,1,1,10000,estimated,bundle,text,unknown,,active,needs_review,needs_review,"가격 단위 추정, 복수 카드 가격, 배송비 포함 여부 미확정, 묶음·세트 총액 · 개별 카드 가격 아님",estimated,no,no,"loadScript('//t1.kakaocdn.net/kas/static/ba.min.js', true);"
f10af4dfab61d3b4a739a1ff,pokemoncardgame,포켓몬 카드게임,2026-07,2026-07-07T14:07:30+09:00,known,fc0875d0c83190dc7704c8ac,f10af4dfab61d3b4a739a1ff,118149,https://m.dcinside.com/board/pokemoncardgame/118149,이브이즈 바렛 팜,seller-8a3010d4aeb174a615b37b0c,ㅇㅇ,guest,가격은,가격은,가격은,,,unknown,미분류,1,2.8,28000,estimated,per_card,text,unknown,,active,needs_review,needs_review,"가격 단위 추정, 배송비 포함 여부 미확정",estimated,yes,candidate_estimated,가격은 2.8
fe00916e1dd3c7aa3e5a5cd1,pokemoncardgame,포켓몬 카드게임,2026-07,2026-07-07T14:07:30+09:00,known,fc0875d0c83190dc7704c8ac,fe00916e1dd3c7aa3e5a5cd1,118149,https://m.dcinside.com/board/pokemoncardgame/118149,이브이즈 바렛 팜,seller-8a3010d4aeb174a615b37b0c,ㅇㅇ,guest,loadScript 'https pagead,loadScript 'https pagead,loadScript('https://pagead,,,unknown,미분류,1,2,20000,estimated,bundle,text,unknown,,active,needs_review,needs_review,"가격 단위 추정, 복수 카드 가격, 배송비 포함 여부 미확정, 묶음·세트 총액 · 개별 카드 가격 아님",estimated,no,no,"loadScript('https://pagead2.googlesyndication.com/pagead/js/adsbygoogle_direct.js?client=ca-pub-8171468792791627', true, 'anonymous');"
1654ee5c2408f777a6cdf614,pokemoncardgame,포켓몬 카드게임,2026-07,2026-07-07T19:04:43+09:00,known,837207d61d2f62983d476f7b,1654ee5c2408f777a6cdf614,118176,https://m.dcinside.com/board/pokemoncardgame/118176,금칠용 덱소스들 구매합니다,seller-51447db26eeb90b0124d315b,포갤러,registered,일레즌 프로모,일레즌 프로모,일레즌 프로모,,,unknown,미분류,4,1.0,10000,estimated,bundle,text,unknown,,active,needs_review,needs_review,"가격 단위 추정, 일괄·세트 가격, 배송비 포함 여부 미확정, 묶음·세트 총액 · 개별 카드 가격 아님",estimated,no,no,일레즌 프로모 4장 일괄 1.0
2784de3bcbfd34b191375692,pokemoncardgame,포켓몬 카드게임,2026-07,2026-07-07T19:04:43+09:00,known,837207d61d2f62983d476f7b,2784de3bcbfd34b191375692,118176,https://m.dcinside.com/board/pokemoncardgame/118176,금칠용 덱소스들 구매합니다,seller-51447db26eeb90b0124d315b,포갤러,registered,로켓단의 람다 sr,로켓단의 람다 sr,로켓단의 람다 sr,,,unknown,미분류,4,6,60000,estimated,bundle,text,unknown,,active,needs_review,needs_review,"가격 단위 추정, 일괄·세트 가격, 배송비 포함 여부 미확정, 묶음·세트 총액 · 개별 카드 가격 아님",estimated,no,no,로켓단의 람다 sr 4장 일괄 6
71224c73b454048c129db790,pokemoncardgame,포켓몬 카드게임,2026-07,2026-07-07T19:04:43+09:00,known,cc498df25bd4cc71f6196610,71224c73b454048c129db790,118176,https://m.dcinside.com/board/pokemoncardgame/118176,금칠용 덱소스들 구매합니다,seller-51447db26eeb90b0124d315b,포갤러,registered,로켓단의 람다 sr,로켓단의 람다 sr,로켓단의 람다 sr,,,unknown,미분류,4,6,60000,estimated,bundle,text,unknown,,active,needs_review,needs_review,"가격 단위 추정, 일괄·세트 가격, 배송비 포함 여부 미확정, 묶음·세트 총액 · 개별 카드 가격 아님",estimated,no,no,로켓단의 람다 sr 4장 일괄 6
75d52dc0d4e406d1cef677b5,pokemoncardgame,포켓몬 카드게임,2026-07,2026-07-07T19:04:43+09:00,known,cc498df25bd4cc71f6196610,75d52dc0d4e406d1cef677b5,118176,https://m.dcinside.com/board/pokemoncardgame/118176,금칠용 덱소스들 구매합니다,seller-51447db26eeb90b0124d315b,포갤러,registered,일레즌 프로모,일레즌 프로모,일레즌 프로모,,,unknown,미분류,4,1.0,10000,estimated,bundle,text,unknown,,active,needs_review,needs_review,"가격 단위 추정, 일괄·세트 가격, 배송비 포함 여부 미확정, 묶음·세트 총액 · 개별 카드 가격 아님",estimated,no,no,일레즌 프로모 4장 일괄 1.0
ce3b70733a20b16182ca99a7,pokemoncardgame,포켓몬 카드게임,2026-07,2026-07-07T19:04:43+09:00,known,a7b9b123a7ba93fb1348b53c,ce3b70733a20b16182ca99a7,118176,https://m.dcinside.com/board/pokemoncardgame/118176,금칠용 덱소스들 구매합니다,seller-51447db26eeb90b0124d315b,포갤러,registered,로켓단의 람다 sr,로켓단의 람다 sr,로켓단의 람다 sr,,,unknown,미분류,4,6,60000,estimated,bundle,text,unknown,,active,needs_review,needs_review,"가격 단위 추정, 일괄·세트 가격, 배송비 포함 여부 미확정, 묶음·세트 총액 · 개별 카드 가격 아님",estimated,no,no,로켓단의 람다 sr 4장 일괄 6
d2da2390578a7d6cb84b3b06,pokemoncardgame,포켓몬 카드게임,2026-07,2026-07-07T19:04:43+09:00,known,a7b9b123a7ba93fb1348b53c,d2da2390578a7d6cb84b3b06,118176,https://m.dcinside.com/board/pokemoncardgame/118176,금칠용 덱소스들 구매합니다,seller-51447db26eeb90b0124d315b,포갤러,registered,일레즌 프로모,일레즌 프로모,일레즌 프로모,,,unknown,미분류,4,1.0,10000,estimated,bundle,text,unknown,,active,needs_review,needs_review,"가격 단위 추정, 일괄·세트 가격, 배송비 포함 여부 미확정, 묶음·세트 총액 · 개별 카드 가격 아님",estimated,no,no,일레즌 프로모 4장 일괄 1.0
12480f6641d1b65cd8bf77d8,pokemoncardgame,포켓몬 카드게임,2026-07,2026-07-08T10:30:42+09:00,known,6b8ba5028e0dd3e7059628ac,12480f6641d1b65cd8bf77d8,118207,https://m.dcinside.com/board/pokemoncardgame/118207,로켓단뮤츠 덱 팜팜,seller-e7aa1979ad9c64977a783bc4,화리수,guest,loadScript ' t,loadScript ' t,loadScript('//t,,,unknown,미분류,1,1,10000,estimated,bundle,text,unknown,,active,needs_review,needs_review,"가격 단위 추정, 복수 카드 가격, 배송비 포함 여부 미확정, 묶음·세트 총액 · 개별 카드 가격 아님",estimated,no,no,"loadScript('//t1.kakaocdn.net/kas/static/ba.min.js', true);"
4ba01ec42d9d214012fc4fbb,pokemoncardgame,포켓몬 카드게임,2026-07,2026-07-08T10:30:42+09:00,known,54ba5b6febf351403447106d,4ba01ec42d9d214012fc4fbb,118207,https://m.dcinside.com/board/pokemoncardgame/118207,로켓단뮤츠 덱 팜팜,seller-5fc54d1bde84cefa64713ff7,화리수,guest,loadScript ' t,loadScript ' t,loadScript('//t,,,unknown,미분류,1,1,10000,estimated,bundle,text,unknown,,active,needs_review,needs_review,"가격 단위 추정, 복수 카드 가격, 배송비 포함 여부 미확정, 묶음·세트 총액 · 개별 카드 가격 아님",estimated,no,no,"loadScript('//t1.kakaocdn.net/kas/static/ba.min.js', true);"
722b6c4132dfefd8f474bed5,pokemoncardgame,포켓몬 카드게임,2026-07,2026-07-08T10:30:42+09:00,known,9e9daf91ac53cf1dd26bfdf5,722b6c4132dfefd8f474bed5,118207,https://m.dcinside.com/board/pokemoncardgame/118207,로켓단뮤츠 덱 팜팜,seller-2f0c775c12c66dc738313d59,화리수,guest,DOM 삽입 헬퍼 현재 스크립트 위치 기준,DOM 삽입 헬퍼 현재 스크립트 위치 기준,// ---- DOM 삽입 헬퍼 (현재 스크립트 위치 기준,,,unknown,미분류,1,1,10000,estimated,bundle,text,unknown,,active,needs_review,needs_review,"가격 단위 추정, 복수 카드 가격, 배송비 포함 여부 미확정, 묶음·세트 총액 · 개별 카드 가격 아님",estimated,no,no,// ---- DOM 삽입 헬퍼 (현재 스크립트 위치 기준1)
727bb914ac506fd1df1781f3,pokemoncardgame,포켓몬 카드게임,2026-07,2026-07-08T10:30:42+09:00,known,9e9daf91ac53cf1dd26bfdf5,727bb914ac506fd1df1781f3,118207,https://m.dcinside.com/board/pokemoncardgame/118207,로켓단뮤츠 덱 팜팜,seller-2f0c775c12c66dc738313d59,화리수,guest,loadScript ' t,loadScript ' t,loadScript('//t,,,unknown,미분류,1,1,10000,estimated,bundle,text,unknown,,active,needs_review,needs_review,"가격 단위 추정, 복수 카드 가격, 배송비 포함 여부 미확정, 묶음·세트 총액 · 개별 카드 가격 아님",estimated,no,no,"loadScript('//t1.kakaocdn.net/kas/static/ba.min.js', true);"
7b56253cff854a83f8ffe182,pokemoncardgame,포켓몬 카드게임,2026-07,2026-07-08T10:30:42+09:00,known,6b8ba5028e0dd3e7059628ac,7b56253cff854a83f8ffe182,118207,https://m.dcinside.com/board/pokemoncardgame/118207,로켓단뮤츠 덱 팜팜,seller-e7aa1979ad9c64977a783bc4,화리수,guest,loadScript 'https pagead,loadScript 'https pagead,loadScript('https://pagead,,,unknown,미분류,1,2,20000,estimated,bundle,text,unknown,,active,needs_review,needs_review,"가격 단위 추정, 복수 카드 가격, 배송비 포함 여부 미확정, 묶음·세트 총액 · 개별 카드 가격 아님",estimated,no,no,"loadScript('https://pagead2.googlesyndication.com/pagead/js/adsbygoogle_direct.js?client=ca-pub-8171468792791627', true, 'anonymous');"
99f45c6da0e26e1beec93a55,pokemoncardgame,포켓몬 카드게임,2026-07,2026-07-08T10:30:42+09:00,known,54ba5b6febf351403447106d,99f45c6da0e26e1beec93a55,118207,https://m.dcinside.com/board/pokemoncardgame/118207,로켓단뮤츠 덱 팜팜,seller-5fc54d1bde84cefa64713ff7,화리수,guest,var safe = window.dcAd && window.dcAd.safe ==,var safe = window.dcAd && window.dcAd.safe ==,var safe = (window.dcAd && window.dcAd.safe ==,,,unknown,미분류,1,1,10000,estimated,bundle,text,unknown,,active,needs_review,needs_review,"가격 단위 추정, 복수 카드 가격, 배송비 포함 여부 미확정, 묶음·세트 총액 · 개별 카드 가격 아님",estimated,no,no,var safe = (window.dcAd && window.dcAd.safe == 1)
ae4b5e39f1c577167691dcc4,pokemoncardgame,포켓몬 카드게임,2026-07,2026-07-08T10:30:42+09:00,known,9e9daf91ac53cf1dd26bfdf5,ae4b5e39f1c577167691dcc4,118207,https://m.dcinside.com/board/pokemoncardgame/118207,로켓단뮤츠 덱 팜팜,seller-2f0c775c12c66dc738313d59,화리수,guest,loadScript 'https pagead,loadScript 'https pagead,loadScript('https://pagead,,,unknown,미분류,1,2,20000,estimated,bundle,text,unknown,,active,needs_review,needs_review,"가격 단위 추정, 복수 카드 가격, 배송비 포함 여부 미확정, 묶음·세트 총액 · 개별 카드 가격 아님",estimated,no,no,"loadScript('https://pagead2.googlesyndication.com/pagead/js/adsbygoogle_direct.js?client=ca-pub-8171468792791627', true, 'anonymous');"
bb28600af813aad509b45bf9,pokemoncardgame,포켓몬 카드게임,2026-07,2026-07-08T10:30:42+09:00,known,54ba5b6febf351403447106d,bb28600af813aad509b45bf9,118207,https://m.dcinside.com/board/pokemoncardgame/118207,로켓단뮤츠 덱 팜팜,seller-5fc54d1bde84cefa64713ff7,화리수,guest,DOM 삽입 헬퍼 현재 스크립트 위치 기준,DOM 삽입 헬퍼 현재 스크립트 위치 기준,// ---- DOM 삽입 헬퍼 (현재 스크립트 위치 기준,,,unknown,미분류,1,1,10000,estimated,bundle,text,unknown,,active,needs_review,needs_review,"가격 단위 추정, 복수 카드 가격, 배송비 포함 여부 미확정, 묶음·세트 총액 · 개별 카드 가격 아님",estimated,no,no,// ---- DOM 삽입 헬퍼 (현재 스크립트 위치 기준1)
c4c8a22e4d5b09d3d2945fb0,pokemoncardgame,포켓몬 카드게임,2026-07,2026-07-08T10:30:42+09:00,known,9e9daf91ac53cf1dd26bfdf5,c4c8a22e4d5b09d3d2945fb0,118207,https://m.dcinside.com/board/pokemoncardgame/118207,로켓단뮤츠 덱 팜팜,seller-2f0c775c12c66dc738313d59,화리수,guest,var safe = window.dcAd && window.dcAd.safe ==,var safe = window.dcAd && window.dcAd.safe ==,var safe = (window.dcAd && window.dcAd.safe ==,,,unknown,미분류,1,1,10000,estimated,bundle,text,unknown,,active,needs_review,needs_review,"가격 단위 추정, 복수 카드 가격, 배송비 포함 여부 미확정, 묶음·세트 총액 · 개별 카드 가격 아님",estimated,no,no,var safe = (window.dcAd && window.dcAd.safe == 1)
e3fe2abed51dc5ba28a118e4,pokemoncardgame,포켓몬 카드게임,2026-07,2026-07-08T10:30:42+09:00,known,6b8ba5028e0dd3e7059628ac,e3fe2abed51dc5ba28a118e4,118207,https://m.dcinside.com/board/pokemoncardgame/118207,로켓단뮤츠 덱 팜팜,seller-e7aa1979ad9c64977a783bc4,화리수,guest,DOM 삽입 헬퍼 현재 스크립트 위치 기준,DOM 삽입 헬퍼 현재 스크립트 위치 기준,// ---- DOM 삽입 헬퍼 (현재 스크립트 위치 기준,,,unknown,미분류,1,1,10000,estimated,bundle,text,unknown,,active,needs_review,needs_review,"가격 단위 추정, 복수 카드 가격, 배송비 포함 여부 미확정, 묶음·세트 총액 · 개별 카드 가격 아님",estimated,no,no,// ---- DOM 삽입 헬퍼 (현재 스크립트 위치 기준1)
ec8368c71f88148fe3020da4,pokemoncardgame,포켓몬 카드게임,2026-07,2026-07-08T10:30:42+09:00,known,54ba5b6febf351403447106d,ec8368c71f88148fe3020da4,118207,https://m.dcinside.com/board/pokemoncardgame/118207,로켓단뮤츠 덱 팜팜,seller-5fc54d1bde84cefa64713ff7,화리수,guest,loadScript 'https pagead,loadScript 'https pagead,loadScript('https://pagead,,,unknown,미분류,1,2,20000,estimated,bundle,text,unknown,,active,needs_review,needs_review,"가격 단위 추정, 복수 카드 가격, 배송비 포함 여부 미확정, 묶음·세트 총액 · 개별 카드 가격 아님",estimated,no,no,"loadScript('https://pagead2.googlesyndication.com/pagead/js/adsbygoogle_direct.js?client=ca-pub-8171468792791627', true, 'anonymous');"
f2ae9f173243101f2d083e6c,pokemoncardgame,포켓몬 카드게임,2026-07,2026-07-08T10:30:42+09:00,known,6b8ba5028e0dd3e7059628ac,f2ae9f173243101f2d083e6c,118207,https://m.dcinside.com/board/pokemoncardgame/118207,로켓단뮤츠 덱 팜팜,seller-e7aa1979ad9c64977a783bc4,화리수,guest,var safe = window.dcAd && window.dcAd.safe ==,var safe = window.dcAd && window.dcAd.safe ==,var safe = (window.dcAd && window.dcAd.safe ==,,,unknown,미분류,1,1,10000,estimated,bundle,text,unknown,,active,needs_review,needs_review,"가격 단위 추정, 복수 카드 가격, 배송비 포함 여부 미확정, 묶음·세트 총액 · 개별 카드 가격 아님",estimated,no,no,var safe = (window.dcAd && window.dcAd.safe == 1)
101d945f9435b38dfadd79c7,pokemoncardgame,포켓몬 카드게임,2026-07,2026-07-09T00:22:34+09:00,known,2d564caed33d05a6c1077de8,101d945f9435b38dfadd79c7,118255,https://m.dcinside.com/board/pokemoncardgame/118255,브리두라스 덱소스 ㅅㅅ,seller-60a68385ded8a8c4917f366d,간녕,guest,사진대로,사진대로,사진대로,,,unknown,미분류,1,1.6,16000,estimated,per_card,text,unknown,,active,needs_review,needs_review,"가격 단위 추정, 배송비 포함 여부 미확정",estimated,yes,candidate_estimated,사진대로 1.6에 구해봄
737f86356def4c3e35c18a18,pokemoncardgame,포켓몬 카드게임,2026-07,2026-07-09T00:22:34+09:00,known,21b95e6801d3674f376b5faa,737f86356def4c3e35c18a18,118255,https://m.dcinside.com/board/pokemoncardgame/118255,브리두라스 덱소스 ㅅㅅ,seller-bec51ce6fd3ab3c8b639eab7,간녕,guest,사진대로,사진대로,사진대로,,,unknown,미분류,1,1.6,16000,estimated,per_card,text,unknown,,active,needs_review,needs_review,"가격 단위 추정, 배송비 포함 여부 미확정",estimated,yes,candidate_estimated,사진대로 1.6에 구해봄
b9075dbc13f178010402c6a5,pokemoncardgame,포켓몬 카드게임,2026-07,2026-07-09T00:22:34+09:00,known,e2ec985e860d66cd28d1f9ba,b9075dbc13f178010402c6a5,118255,https://m.dcinside.com/board/pokemoncardgame/118255,브리두라스 덱소스 ㅅㅅ,seller-6f9b458d02b3621c5b72f7a7,간녕,guest,사진대로,사진대로,사진대로,,,unknown,미분류,1,1.6,16000,estimated,per_card,text,unknown,,active,needs_review,needs_review,"가격 단위 추정, 배송비 포함 여부 미확정",estimated,yes,candidate_estimated,사진대로 1.6에 구해봄
0af2900094685336f1c347e0,pokemoncardgame,포켓몬 카드게임,2026-07,2026-07-09T09:14:29+09:00,known,0bd036da6782a95b36526524,0af2900094685336f1c347e0,118261,https://m.dcinside.com/board/pokemoncardgame/118261,n조로 덱소스 구매합니다,seller-20ee09eb0ee6d4101eb80b17,ㅇㅇ,guest,복숭악동,복숭악동,복숭악동,,,unknown,미분류,1,1,10000,estimated,per_card,text,unknown,,active,needs_review,needs_review,"가격 단위 추정, 배송비 포함 여부 미확정",estimated,yes,candidate_estimated,복숭악동1
108fea8fbe7789a06bbd0a0a,pokemoncardgame,포켓몬 카드게임,2026-07,2026-07-09T09:14:29+09:00,known,50756f57730045ef452a2989,108fea8fbe7789a06bbd0a0a,118261,https://m.dcinside.com/board/pokemoncardgame/118261,n조로 덱소스 구매합니다,seller-0d9aa0b0ded892b0a97ef696,ㅇㅇ,guest,제크로무,제크로무,제크로무,,,unknown,미분류,1,2,20000,estimated,per_card,text,unknown,,active,needs_review,needs_review,"가격 단위 추정, 배송비 포함 여부 미확정",estimated,yes,candidate_estimated,제크로무2
1fb566160a8b979e3a071e37,pokemoncardgame,포켓몬 카드게임,2026-07,2026-07-09T09:14:29+09:00,known,50756f57730045ef452a2989,1fb566160a8b979e3a071e37,118261,https://m.dcinside.com/board/pokemoncardgame/118261,n조로 덱소스 구매합니다,seller-0d9aa0b0ded892b0a97ef696,ㅇㅇ,guest,도희,도희,도희,,,unknown,미분류,1,1,10000,estimated,per_card,text,unknown,,active,needs_review,needs_review,"가격 단위 추정, 배송비 포함 여부 미확정",estimated,yes,candidate_estimated,도희1
35da95424e7e8fca76337301,pokemoncardgame,포켓몬 카드게임,2026-07,2026-07-09T09:14:29+09:00,known,f14025dce3adedbf9cb73564,35da95424e7e8fca76337301,118261,https://m.dcinside.com/board/pokemoncardgame/118261,n조로 덱소스 구매합니다,seller-a073d240e49007567a75f0e5,ㅇㅇ,guest,나옹,나옹,나옹,,,unknown,미분류,1,1,10000,estimated,per_card,text,unknown,,active,needs_review,needs_review,"가격 단위 추정, 배송비 포함 여부 미확정",estimated,yes,candidate_estimated,나옹1
3ac4055d7f9db3e792a17919,pokemoncardgame,포켓몬 카드게임,2026-07,2026-07-09T09:14:29+09:00,known,0bd036da6782a95b36526524,3ac4055d7f9db3e792a17919,118261,https://m.dcinside.com/board/pokemoncardgame/118261,n조로 덱소스 구매합니다,seller-20ee09eb0ee6d4101eb80b17,ㅇㅇ,guest,조로아,조로아,조로아,,,unknown,미분류,1,2,20000,estimated,per_card,text,unknown,,active,needs_review,needs_review,"가격 단위 추정, 배송비 포함 여부 미확정",estimated,yes,candidate_estimated,조로아2
3db689f6cbaea2ef62c126a8,pokemoncardgame,포켓몬 카드게임,2026-07,2026-07-09T09:14:29+09:00,known,f14025dce3adedbf9cb73564,3db689f6cbaea2ef62c126a8,118261,https://m.dcinside.com/board/pokemoncardgame/118261,n조로 덱소스 구매합니다,seller-a073d240e49007567a75f0e5,ㅇㅇ,guest,시아노,시아노,시아노,,,unknown,미분류,1,2,20000,estimated,per_card,text,unknown,,active,needs_review,needs_review,"가격 단위 추정, 배송비 포함 여부 미확정",estimated,yes,candidate_estimated,시아노2
4396763e022ee897f64a78c5,pokemoncardgame,포켓몬 카드게임,2026-07,2026-07-09T09:14:29+09:00,known,50756f57730045ef452a2989,4396763e022ee897f64a78c5,118261,https://m.dcinside.com/board/pokemoncardgame/118261,n조로 덱소스 구매합니다,seller-0d9aa0b0ded892b0a97ef696,ㅇㅇ,guest,시아노,시아노,시아노,,,unknown,미분류,1,2,20000,estimated,per_card,text,unknown,,active,needs_review,needs_review,"가격 단위 추정, 배송비 포함 여부 미확정",estimated,yes,candidate_estimated,시아노2
488b58a131e4c40e718d200a,pokemoncardgame,포켓몬 카드게임,2026-07,2026-07-09T09:14:29+09:00,known,50756f57730045ef452a2989,488b58a131e4c40e718d200a,118261,https://m.dcinside.com/board/pokemoncardgame/118261,n조로 덱소스 구매합니다,seller-0d9aa0b0ded892b0a97ef696,ㅇㅇ,guest,조로아크,조로아크,조로아크,,,unknown,미분류,1,3,30000,estimated,per_card,text,unknown,,active,needs_review,needs_review,"가격 단위 추정, 배송비 포함 여부 미확정",estimated,yes,candidate_estimated,조로아크3
4cf14c67ee82efa762553b58,pokemoncardgame,포켓몬 카드게임,2026-07,2026-07-09T09:14:29+09:00,known,f14025dce3adedbf9cb73564,4cf14c67ee82efa762553b58,118261,https://m.dcinside.com/board/pokemoncardgame/118261,n조로 덱소스 구매합니다,seller-a073d240e49007567a75f0e5,ㅇㅇ,guest,조로아크,조로아크,조로아크,,,unknown,미분류,1,3,30000,estimated,per_card,text,unknown,,active,needs_review,needs_review,"가격 단위 추정, 배송비 포함 여부 미확정",estimated,yes,candidate_estimated,조로아크3
4ff56b1c2437cad94aff34c7,pokemoncardgame,포켓몬 카드게임,2026-07,2026-07-09T09:14:29+09:00,known,50756f57730045ef452a2989,4ff56b1c2437cad94aff34c7,118261,https://m.dcinside.com/board/pokemoncardgame/118261,n조로 덱소스 구매합니다,seller-0d9aa0b0ded892b0a97ef696,ㅇㅇ,guest,레시라무,레시라무,레시라무,,,unknown,미분류,1,1,10000,estimated,per_card,text,unknown,,active,needs_review,needs_review,"가격 단위 추정, 배송비 포함 여부 미확정",estimated,yes,candidate_estimated,레시라무1
500d112b304c5e620680decb,pokemoncardgame,포켓몬 카드게임,2026-07,2026-07-09T09:14:29+09:00,known,f14025dce3adedbf9cb73564,500d112b304c5e620680decb,118261,https://m.dcinside.com/board/pokemoncardgame/118261,n조로 덱소스 구매합니다,seller-a073d240e49007567a75f0e5,ㅇㅇ,guest,레시라무,레시라무,레시라무,,,unknown,미분류,1,1,10000,estimated,per_card,text,unknown,,active,needs_review,needs_review,"가격 단위 추정, 배송비 포함 여부 미확정",estimated,yes,candidate_estimated,레시라무1
50d3bedfc648184d1b98ded8,pokemoncardgame,포켓몬 카드게임,2026-07,2026-07-09T09:14:29+09:00,known,0bd036da6782a95b36526524,50d3bedfc648184d1b98ded8,118261,https://m.dcinside.com/board/pokemoncardgame/118261,n조로 덱소스 구매합니다,seller-20ee09eb0ee6d4101eb80b17,ㅇㅇ,guest,사슬떡,사슬떡,사슬떡,,,unknown,미분류,1,2,20000,estimated,per_card,text,unknown,,active,needs_review,needs_review,"가격 단위 추정, 배송비 포함 여부 미확정",estimated,yes,candidate_estimated,사슬떡2
5225d4b46676fc6f68a81c9a,pokemoncardgame,포켓몬 카드게임,2026-07,2026-07-09T09:14:29+09:00,known,f14025dce3adedbf9cb73564,5225d4b46676fc6f68a81c9a,118261,https://m.dcinside.com/board/pokemoncardgame/118261,n조로 덱소스 구매합니다,seller-a073d240e49007567a75f0e5,ㅇㅇ,guest,복숭악동,복숭악동,복숭악동,,,unknown,미분류,1,1,10000,estimated,per_card,text,unknown,,active,needs_review,needs_review,"가격 단위 추정, 배송비 포함 여부 미확정",estimated,yes,candidate_estimated,복숭악동1
576ec1751e4b418a3f70703e,pokemoncardgame,포켓몬 카드게임,2026-07,2026-07-09T09:14:29+09:00,known,0bd036da6782a95b36526524,576ec1751e4b418a3f70703e,118261,https://m.dcinside.com/board/pokemoncardgame/118261,n조로 덱소스 구매합니다,seller-20ee09eb0ee6d4101eb80b17,ㅇㅇ,guest,시아노,시아노,시아노,,,unknown,미분류,1,2,20000,estimated,per_card,text,unknown,,active,needs_review,needs_review,"가격 단위 추정, 배송비 포함 여부 미확정",estimated,yes,candidate_estimated,시아노2
63d8f8508278b4357d0a1d62,pokemoncardgame,포켓몬 카드게임,2026-07,2026-07-09T09:14:29+09:00,known,50756f57730045ef452a2989,63d8f8508278b4357d0a1d62,118261,https://m.dcinside.com/board/pokemoncardgame/118261,n조로 덱소스 구매합니다,seller-0d9aa0b0ded892b0a97ef696,ㅇㅇ,guest,나옹,나옹,나옹,,,unknown,미분류,1,1,10000,estimated,per_card,text,unknown,,active,needs_review,needs_review,"가격 단위 추정, 배송비 포함 여부 미확정",estimated,yes,candidate_estimated,나옹1
6a016d0c2715b2404acc9fd1,pokemoncardgame,포켓몬 카드게임,2026-07,2026-07-09T09:14:29+09:00,known,50756f57730045ef452a2989,6a016d0c2715b2404acc9fd1,118261,https://m.dcinside.com/board/pokemoncardgame/118261,n조로 덱소스 구매합니다,seller-0d9aa0b0ded892b0a97ef696,ㅇㅇ,guest,태권왕,태권왕,태권왕,,,unknown,미분류,1,1,10000,estimated,per_card,text,unknown,,active,needs_review,needs_review,"가격 단위 추정, 배송비 포함 여부 미확정",estimated,yes,candidate_estimated,태권왕1
6d7e246016b310a40555fb31,pokemoncardgame,포켓몬 카드게임,2026-07,2026-07-09T09:14:29+09:00,known,f14025dce3adedbf9cb73564,6d7e246016b310a40555fb31,118261,https://m.dcinside.com/board/pokemoncardgame/118261,n조로 덱소스 구매합니다,seller-a073d240e49007567a75f0e5,ㅇㅇ,guest,도희,도희,도희,,,unknown,미분류,1,1,10000,estimated,per_card,text,unknown,,active,needs_review,needs_review,"가격 단위 추정, 배송비 포함 여부 미확정",estimated,yes,candidate_estimated,도희1
733c771a247e53b52c8f3c7f,pokemoncardgame,포켓몬 카드게임,2026-07,2026-07-09T09:14:29+09:00,known,f14025dce3adedbf9cb73564,733c771a247e53b52c8f3c7f,118261,https://m.dcinside.com/board/pokemoncardgame/118261,n조로 덱소스 구매합니다,seller-a073d240e49007567a75f0e5,ㅇㅇ,guest,암호매니아,암호매니아,암호매니아,,,unknown,미분류,1,1,10000,estimated,per_card,text,unknown,,active,needs_review,needs_review,"가격 단위 추정, 배송비 포함 여부 미확정",estimated,yes,candidate_estimated,암호매니아1
75576ab3ef4b94ab1d9e3035,pokemoncardgame,포켓몬 카드게임,2026-07,2026-07-09T09:14:29+09:00,known,0bd036da6782a95b36526524,75576ab3ef4b94ab1d9e3035,118261,https://m.dcinside.com/board/pokemoncardgame/118261,n조로 덱소스 구매합니다,seller-20ee09eb0ee6d4101eb80b17,ㅇㅇ,guest,언페어,언페어,언페어,,,unknown,미분류,1,1,10000,estimated,per_card,text,unknown,,active,needs_review,needs_review,"가격 단위 추정, 배송비 포함 여부 미확정",estimated,yes,candidate_estimated,언페어1
785df9032adb76415f9affa0,pokemoncardgame,포켓몬 카드게임,2026-07,2026-07-09T09:14:29+09:00,known,50756f57730045ef452a2989,785df9032adb76415f9affa0,118261,https://m.dcinside.com/board/pokemoncardgame/118261,n조로 덱소스 구매합니다,seller-0d9aa0b0ded892b0a97ef696,ㅇㅇ,guest,언페어,언페어,언페어,,,unknown,미분류,1,1,10000,estimated,per_card,text,unknown,,active,needs_review,needs_review,"가격 단위 추정, 배송비 포함 여부 미확정",estimated,yes,candidate_estimated,언페어1
8044ecc1a9e2a9a8646266ef,pokemoncardgame,포켓몬 카드게임,2026-07,2026-07-09T09:14:29+09:00,known,50756f57730045ef452a2989,8044ecc1a9e2a9a8646266ef,118261,https://m.dcinside.com/board/pokemoncardgame/118261,n조로 덱소스 구매합니다,seller-0d9aa0b0ded892b0a97ef696,ㅇㅇ,guest,그래비티 마운틴,그래비티 마운틴,그래비티 마운틴,,,unknown,미분류,1,1,10000,estimated,per_card,text,unknown,,active,needs_review,needs_review,"가격 단위 추정, 배송비 포함 여부 미확정",estimated,yes,candidate_estimated,그래비티 마운틴 1
830bed49f40608466220482e,pokemoncardgame,포켓몬 카드게임,2026-07,2026-07-09T09:14:29+09:00,known,50756f57730045ef452a2989,830bed49f40608466220482e,118261,https://m.dcinside.com/board/pokemoncardgame/118261,n조로 덱소스 구매합니다,seller-0d9aa0b0ded892b0a97ef696,ㅇㅇ,guest,사슬떡,사슬떡,사슬떡,,,unknown,미분류,1,2,20000,estimated,per_card,text,unknown,,active,needs_review,needs_review,"가격 단위 추정, 배송비 포함 여부 미확정",estimated,yes,candidate_estimated,사슬떡2
84ca11784dc5c599b7ac66cc,pokemoncardgame,포켓몬 카드게임,2026-07,2026-07-09T09:14:29+09:00,known,f14025dce3adedbf9cb73564,84ca11784dc5c599b7ac66cc,118261,https://m.dcinside.com/board/pokemoncardgame/118261,n조로 덱소스 구매합니다,seller-a073d240e49007567a75f0e5,ㅇㅇ,guest,제크로무,제크로무,제크로무,,,unknown,미분류,1,2,20000,estimated,per_card,text,unknown,,active,needs_review,needs_review,"가격 단위 추정, 배송비 포함 여부 미확정",estimated,yes,candidate_estimated,제크로무2
84ca6c2bcd65924a9517b72e,pokemoncardgame,포켓몬 카드게임,2026-07,2026-07-09T09:14:29+09:00,known,0bd036da6782a95b36526524,84ca6c2bcd65924a9517b72e,118261,https://m.dcinside.com/board/pokemoncardgame/118261,n조로 덱소스 구매합니다,seller-20ee09eb0ee6d4101eb80b17,ㅇㅇ,guest,제크로무,제크로무,제크로무,,,unknown,미분류,1,2,20000,estimated,per_card,text,unknown,,active,needs_review,needs_review,"가격 단위 추정, 배송비 포함 여부 미확정",estimated,yes,candidate_estimated,제크로무2
8edd10e9f596e7a0b5373166,pokemoncardgame,포켓몬 카드게임,2026-07,2026-07-09T09:14:29+09:00,known,0bd036da6782a95b36526524,8edd10e9f596e7a0b5373166,118261,https://m.dcinside.com/board/pokemoncardgame/118261,n조로 덱소스 구매합니다,seller-20ee09eb0ee6d4101eb80b17,ㅇㅇ,guest,레시라무,레시라무,레시라무,,,unknown,미분류,1,1,10000,estimated,per_card,text,unknown,,active,needs_review,needs_review,"가격 단위 추정, 배송비 포함 여부 미확정",estimated,yes,candidate_estimated,레시라무1
96a71c4f6c1a94fd5235d01e,pokemoncardgame,포켓몬 카드게임,2026-07,2026-07-09T09:14:29+09:00,known,f14025dce3adedbf9cb73564,96a71c4f6c1a94fd5235d01e,118261,https://m.dcinside.com/board/pokemoncardgame/118261,n조로 덱소스 구매합니다,seller-a073d240e49007567a75f0e5,ㅇㅇ,guest,태권왕,태권왕,태권왕,,,unknown,미분류,1,1,10000,estimated,per_card,text,unknown,,active,needs_review,needs_review,"가격 단위 추정, 배송비 포함 여부 미확정",estimated,yes,candidate_estimated,태권왕1
9bd574b130d3cf7bb9c1a9ca,pokemoncardgame,포켓몬 카드게임,2026-07,2026-07-09T09:14:29+09:00,known,0bd036da6782a95b36526524,9bd574b130d3cf7bb9c1a9ca,118261,https://m.dcinside.com/board/pokemoncardgame/118261,n조로 덱소스 구매합니다,seller-20ee09eb0ee6d4101eb80b17,ㅇㅇ,guest,태권왕,태권왕,태권왕,,,unknown,미분류,1,1,10000,estimated,per_card,text,unknown,,active,needs_review,needs_review,"가격 단위 추정, 배송비 포함 여부 미확정",estimated,yes,candidate_estimated,태권왕1
a08ba8a3d3c743cb4872ad7d,pokemoncardgame,포켓몬 카드게임,2026-07,2026-07-09T09:14:29+09:00,known,f14025dce3adedbf9cb73564,a08ba8a3d3c743cb4872ad7d,118261,https://m.dcinside.com/board/pokemoncardgame/118261,n조로 덱소스 구매합니다,seller-a073d240e49007567a75f0e5,ㅇㅇ,guest,그래비티 마운틴,그래비티 마운틴,그래비티 마운틴,,,unknown,미분류,1,1,10000,estimated,per_card,text,unknown,,active,needs_review,needs_review,"가격 단위 추정, 배송비 포함 여부 미확정",estimated,yes,candidate_estimated,그래비티 마운틴 1
a13cd1b207ce007982b3e521,pokemoncardgame,포켓몬 카드게임,2026-07,2026-07-09T09:14:29+09:00,known,f14025dce3adedbf9cb73564,a13cd1b207ce007982b3e521,118261,https://m.dcinside.com/board/pokemoncardgame/118261,n조로 덱소스 구매합니다,seller-a073d240e49007567a75f0e5,ㅇㅇ,guest,n포인트업,n포인트업,n포인트업,,,unknown,미분류,1,1,10000,estimated,per_card,text,unknown,,active,needs_review,needs_review,"가격 단위 추정, 배송비 포함 여부 미확정",estimated,yes,candidate_estimated,n포인트업1
a311eaffe5036404849a72be,pokemoncardgame,포켓몬 카드게임,2026-07,2026-07-09T09:14:29+09:00,known,0bd036da6782a95b36526524,a311eaffe5036404849a72be,118261,https://m.dcinside.com/board/pokemoncardgame/118261,n조로 덱소스 구매합니다,seller-20ee09eb0ee6d4101eb80b17,ㅇㅇ,guest,나옹,나옹,나옹,,,unknown,미분류,1,1,10000,estimated,per_card,text,unknown,,active,needs_review,needs_review,"가격 단위 추정, 배송비 포함 여부 미확정",estimated,yes,candidate_estimated,나옹1
a693507e69dcc61812f2b6d6,pokemoncardgame,포켓몬 카드게임,2026-07,2026-07-09T09:14:29+09:00,known,f14025dce3adedbf9cb73564,a693507e69dcc61812f2b6d6,118261,https://m.dcinside.com/board/pokemoncardgame/118261,n조로 덱소스 구매합니다,seller-a073d240e49007567a75f0e5,ㅇㅇ,guest,언페어,언페어,언페어,,,unknown,미분류,1,1,10000,estimated,per_card,text,unknown,,active,needs_review,needs_review,"가격 단위 추정, 배송비 포함 여부 미확정",estimated,yes,candidate_estimated,언페어1
ad21dc78cc8c72cbb5bc0599,pokemoncardgame,포켓몬 카드게임,2026-07,2026-07-09T09:14:29+09:00,known,50756f57730045ef452a2989,ad21dc78cc8c72cbb5bc0599,118261,https://m.dcinside.com/board/pokemoncardgame/118261,n조로 덱소스 구매합니다,seller-0d9aa0b0ded892b0a97ef696,ㅇㅇ,guest,n포인트업,n포인트업,n포인트업,,,unknown,미분류,1,1,10000,estimated,per_card,text,unknown,,active,needs_review,needs_review,"가격 단위 추정, 배송비 포함 여부 미확정",estimated,yes,candidate_estimated,n포인트업1
aec13ba4e69dc680ef21444c,pokemoncardgame,포켓몬 카드게임,2026-07,2026-07-09T09:14:29+09:00,known,50756f57730045ef452a2989,aec13ba4e69dc680ef21444c,118261,https://m.dcinside.com/board/pokemoncardgame/118261,n조로 덱소스 구매합니다,seller-0d9aa0b0ded892b0a97ef696,ㅇㅇ,guest,조로아,조로아,조로아,,,unknown,미분류,1,2,20000,estimated,per_card,text,unknown,,active,needs_review,needs_review,"가격 단위 추정, 배송비 포함 여부 미확정",estimated,yes,candidate_estimated,조로아2
b4e57576af23f011373ad51a,pokemoncardgame,포켓몬 카드게임,2026-07,2026-07-09T09:14:29+09:00,known,f14025dce3adedbf9cb73564,b4e57576af23f011373ad51a,118261,https://m.dcinside.com/board/pokemoncardgame/118261,n조로 덱소스 구매합니다,seller-a073d240e49007567a75f0e5,ㅇㅇ,guest,조로아,조로아,조로아,,,unknown,미분류,1,2,20000,estimated,per_card,text,unknown,,active,needs_review,needs_review,"가격 단위 추정, 배송비 포함 여부 미확정",estimated,yes,candidate_estimated,조로아2
b6f5c5b00b5dc3115c4e6c24,pokemoncardgame,포켓몬 카드게임,2026-07,2026-07-09T09:14:29+09:00,known,f14025dce3adedbf9cb73564,b6f5c5b00b5dc3115c4e6c24,118261,https://m.dcinside.com/board/pokemoncardgame/118261,n조로 덱소스 구매합니다,seller-a073d240e49007567a75f0e5,ㅇㅇ,guest,사슬떡,사슬떡,사슬떡,,,unknown,미분류,1,2,20000,estimated,per_card,text,unknown,,active,needs_review,needs_review,"가격 단위 추정, 배송비 포함 여부 미확정",estimated,yes,candidate_estimated,사슬떡2
bfae9d9235f6324f0c8974d1,pokemoncardgame,포켓몬 카드게임,2026-07,2026-07-09T09:14:29+09:00,known,0bd036da6782a95b36526524,bfae9d9235f6324f0c8974d1,118261,https://m.dcinside.com/board/pokemoncardgame/118261,n조로 덱소스 구매합니다,seller-20ee09eb0ee6d4101eb80b17,ㅇㅇ,guest,도희,도희,도희,,,unknown,미분류,1,1,10000,estimated,per_card,text,unknown,,active,needs_review,needs_review,"가격 단위 추정, 배송비 포함 여부 미확정",estimated,yes,candidate_estimated,도희1
cee7cb7c5814954ee448dbb6,pokemoncardgame,포켓몬 카드게임,2026-07,2026-07-09T09:14:29+09:00,known,50756f57730045ef452a2989,cee7cb7c5814954ee448dbb6,118261,https://m.dcinside.com/board/pokemoncardgame/118261,n조로 덱소스 구매합니다,seller-0d9aa0b0ded892b0a97ef696,ㅇㅇ,guest,암호매니아,암호매니아,암호매니아,,,unknown,미분류,1,1,10000,estimated,per_card,text,unknown,,active,needs_review,needs_review,"가격 단위 추정, 배송비 포함 여부 미확정",estimated,yes,candidate_estimated,암호매니아1
d2f4f6aa7a93bb40294c7335,pokemoncardgame,포켓몬 카드게임,2026-07,2026-07-09T09:14:29+09:00,known,0bd036da6782a95b36526524,d2f4f6aa7a93bb40294c7335,118261,https://m.dcinside.com/board/pokemoncardgame/118261,n조로 덱소스 구매합니다,seller-20ee09eb0ee6d4101eb80b17,ㅇㅇ,guest,암호매니아,암호매니아,암호매니아,,,unknown,미분류,1,1,10000,estimated,per_card,text,unknown,,active,needs_review,needs_review,"가격 단위 추정, 배송비 포함 여부 미확정",estimated,yes,candidate_estimated,암호매니아1
d45b8b2293488419a61526d3,pokemoncardgame,포켓몬 카드게임,2026-07,2026-07-09T09:14:29+09:00,known,0bd036da6782a95b36526524,d45b8b2293488419a61526d3,118261,https://m.dcinside.com/board/pokemoncardgame/118261,n조로 덱소스 구매합니다,seller-20ee09eb0ee6d4101eb80b17,ㅇㅇ,guest,n포인트업,n포인트업,n포인트업,,,unknown,미분류,1,1,10000,estimated,per_card,text,unknown,,active,needs_review,needs_review,"가격 단위 추정, 배송비 포함 여부 미확정",estimated,yes,candidate_estimated,n포인트업1
da951fd3f76e51e6f03ef56d,pokemoncardgame,포켓몬 카드게임,2026-07,2026-07-09T09:14:29+09:00,known,50756f57730045ef452a2989,da951fd3f76e51e6f03ef56d,118261,https://m.dcinside.com/board/pokemoncardgame/118261,n조로 덱소스 구매합니다,seller-0d9aa0b0ded892b0a97ef696,ㅇㅇ,guest,복숭악동,복숭악동,복숭악동,,,unknown,미분류,1,1,10000,estimated,per_card,text,unknown,,active,needs_review,needs_review,"가격 단위 추정, 배송비 포함 여부 미확정",estimated,yes,candidate_estimated,복숭악동1
e776806f71e95fa0141a230c,pokemoncardgame,포켓몬 카드게임,2026-07,2026-07-09T09:14:29+09:00,known,0bd036da6782a95b36526524,e776806f71e95fa0141a230c,118261,https://m.dcinside.com/board/pokemoncardgame/118261,n조로 덱소스 구매합니다,seller-20ee09eb0ee6d4101eb80b17,ㅇㅇ,guest,그래비티 마운틴,그래비티 마운틴,그래비티 마운틴,,,unknown,미분류,1,1,10000,estimated,per_card,text,unknown,,active,needs_review,needs_review,"가격 단위 추정, 배송비 포함 여부 미확정",estimated,yes,candidate_estimated,그래비티 마운틴 1
f94e83735b347071d36b6b9a,pokemoncardgame,포켓몬 카드게임,2026-07,2026-07-09T09:14:29+09:00,known,0bd036da6782a95b36526524,f94e83735b347071d36b6b9a,118261,https://m.dcinside.com/board/pokemoncardgame/118261,n조로 덱소스 구매합니다,seller-20ee09eb0ee6d4101eb80b17,ㅇㅇ,guest,조로아크,조로아크,조로아크,,,unknown,미분류,1,3,30000,estimated,per_card,text,unknown,,active,needs_review,needs_review,"가격 단위 추정, 배송비 포함 여부 미확정",estimated,yes,candidate_estimated,조로아크3
33aae8c9e75146e33423377c,pokemoncardgame,포켓몬 카드게임,2026-07,2026-07-09T11:07:37+09:00,known,eec9e18149c061d990977733,33aae8c9e75146e33423377c,118264,https://m.dcinside.com/board/pokemoncardgame/118264,"시아노, 시크릿 박스 구해봅니다",seller-583032d108851a0018b1a794,ㅇㅇ,guest,합,합,합,,,unknown,미분류,3,1.0,10000,estimated,per_quantity,text,unknown,,active,needs_review,needs_review,"가격 단위 추정, 배송비 포함 여부 미확정, 카드명 확인 필요, 복수 수량 총액 · 카드 1장 가격 아님",estimated,no,no,3장 합 1.0에 구해봅니다
3fc8b019d3fe4404185ac8b1,pokemoncardgame,포켓몬 카드게임,2026-07,2026-07-09T11:07:37+09:00,known,a40cf1fd6842bf023008ecc9,3fc8b019d3fe4404185ac8b1,118264,https://m.dcinside.com/board/pokemoncardgame/118264,"시아노, 시크릿 박스 구해봅니다",seller-1bc8f9cf583cf45899697faf,ㅇㅇ,guest,합,합,합,,,unknown,미분류,3,1.0,10000,estimated,per_quantity,text,unknown,,active,needs_review,needs_review,"가격 단위 추정, 배송비 포함 여부 미확정, 카드명 확인 필요, 복수 수량 총액 · 카드 1장 가격 아님",estimated,no,no,3장 합 1.0에 구해봅니다
7588ca5502722d2c6a023d0d,pokemoncardgame,포켓몬 카드게임,2026-07,2026-07-09T11:07:37+09:00,known,d045ef5951c8de43a95394ce,7588ca5502722d2c6a023d0d,118264,https://m.dcinside.com/board/pokemoncardgame/118264,"시아노, 시크릿 박스 구해봅니다",seller-d19ad99a5de5b629d910c3a4,ㅇㅇ,guest,합,합,합,,,unknown,미분류,3,1.0,10000,estimated,per_quantity,text,unknown,,active,needs_review,needs_review,"가격 단위 추정, 배송비 포함 여부 미확정, 카드명 확인 필요, 복수 수량 총액 · 카드 1장 가격 아님",estimated,no,no,3장 합 1.0에 구해봅니다
1754e99e8a555c4ac7b7bdcc,pokemoncardgame,포켓몬 카드게임,2026-07,2026-07-09T16:17:05+09:00,known,8589d0d2331f1d82168af0ac,1754e99e8a555c4ac7b7bdcc,118272,https://m.dcinside.com/board/pokemoncardgame/118272,수도권 직거래로 카드 팔고 삽니다,seller-3b6e1ed457983d61f72e9aec,말랑쫀득,registered,썬더볼트 AR +썬더라이,썬더볼트 AR +썬더라이,썬더볼트 AR +썬더라이,,,unknown,미분류,1,0.1,1000,estimated,bundle,text,unknown,,active,needs_review,needs_review,"가격 단위 추정, 일괄·세트 가격, 복수 카드 가격, 배송비 포함 여부 미확정, 묶음·세트 총액 · 개별 카드 가격 아님",estimated,no,no,썬더볼트 AR 1장+썬더라이 1장 일괄 0.1
395ee26e34117cf60b886bb4,pokemoncardgame,포켓몬 카드게임,2026-07,2026-07-09T16:17:05+09:00,known,8c3129fb993281a1e805355c,395ee26e34117cf60b886bb4,118272,https://m.dcinside.com/board/pokemoncardgame/118272,수도권 직거래로 카드 팔고 삽니다,seller-3b6e1ed457983d61f72e9aec,말랑쫀득,registered,썬더볼트 AR +썬더라이,썬더볼트 AR +썬더라이,썬더볼트 AR +썬더라이,,,unknown,미분류,1,0.1,1000,estimated,bundle,text,unknown,,active,needs_review,needs_review,"가격 단위 추정, 일괄·세트 가격, 복수 카드 가격, 배송비 포함 여부 미확정, 묶음·세트 총액 · 개별 카드 가격 아님",estimated,no,no,썬더볼트 AR 1장+썬더라이 1장 일괄 0.1
5e404f532ee4f03cfa3295d0,pokemoncardgame,포켓몬 카드게임,2026-07,2026-07-09T16:17:05+09:00,known,babe424696b88c8815868e59,5e404f532ee4f03cfa3295d0,118272,https://m.dcinside.com/board/pokemoncardgame/118272,수도권 직거래로 카드 팔고 삽니다,seller-3b6e1ed457983d61f72e9aec,말랑쫀득,registered,썬더볼트 AR +썬더라이,썬더볼트 AR +썬더라이,썬더볼트 AR +썬더라이,,,unknown,미분류,1,0.1,1000,estimated,bundle,text,unknown,,active,needs_review,needs_review,"가격 단위 추정, 일괄·세트 가격, 복수 카드 가격, 배송비 포함 여부 미확정, 묶음·세트 총액 · 개별 카드 가격 아님",estimated,no,no,썬더볼트 AR 1장+썬더라이 1장 일괄 0.1
0f0d260c4bcc7751ec4bc572,pokemoncardgame,포켓몬 카드게임,2026-07,2026-07-09T22:00:09+09:00,known,f1145b37c42f45d6a42fb7f9,0f0d260c4bcc7751ec4bc572,118288,https://m.dcinside.com/board/pokemoncardgame/118288,드펄개닌 완덱ㅍㅍ,seller-294481a251a8d29f2d746416,Kassks,registered,DOM 삽입 헬퍼 현재 스크립트 위치 기준,DOM 삽입 헬퍼 현재 스크립트 위치 기준,// ---- DOM 삽입 헬퍼 (현재 스크립트 위치 기준,,,unknown,미분류,1,1,10000,estimated,bundle,text,unknown,,active,needs_review,needs_review,"가격 단위 추정, 복수 카드 가격, 배송비 포함 여부 미확정, 묶음·세트 총액 · 개별 카드 가격 아님",estimated,no,no,// ---- DOM 삽입 헬퍼 (현재 스크립트 위치 기준1)
10302e95a96c0713e3a6c2ee,pokemoncardgame,포켓몬 카드게임,2026-07,2026-07-09T22:00:09+09:00,known,609e38ea72d5de0801539408,10302e95a96c0713e3a6c2ee,118288,https://m.dcinside.com/board/pokemoncardgame/118288,드펄개닌 완덱ㅍㅍ,seller-294481a251a8d29f2d746416,Kassks,registered,택미포,택미포,택미포,,,unknown,미분류,1,3.5,35000,estimated,per_card,text,unknown,,active,needs_review,needs_review,"가격 단위 추정, 배송비 포함 여부 미확정",estimated,yes,candidate_estimated,택미포 3.5
179108844070ff6eda98b0cc,pokemoncardgame,포켓몬 카드게임,2026-07,2026-07-09T22:00:09+09:00,known,609e38ea72d5de0801539408,179108844070ff6eda98b0cc,118288,https://m.dcinside.com/board/pokemoncardgame/118288,드펄개닌 완덱ㅍㅍ,seller-294481a251a8d29f2d746416,Kassks,registered,loadScript 'https pagead,loadScript 'https pagead,loadScript('https://pagead,,,unknown,미분류,1,2,20000,estimated,bundle,text,unknown,,active,needs_review,needs_review,"가격 단위 추정, 복수 카드 가격, 배송비 포함 여부 미확정, 묶음·세트 총액 · 개별 카드 가격 아님",estimated,no,no,"loadScript('https://pagead2.googlesyndication.com/pagead/js/adsbygoogle_direct.js?client=ca-pub-8171468792791627', true, 'anonymous');"
27855079ad56c901d260b39b,pokemoncardgame,포켓몬 카드게임,2026-07,2026-07-09T22:00:09+09:00,known,609e38ea72d5de0801539408,27855079ad56c901d260b39b,118288,https://m.dcinside.com/board/pokemoncardgame/118288,드펄개닌 완덱ㅍㅍ,seller-294481a251a8d29f2d746416,Kassks,registered,var safe = window.dcAd && window.dcAd.safe ==,var safe = window.dcAd && window.dcAd.safe ==,var safe = (window.dcAd && window.dcAd.safe ==,,,unknown,미분류,1,1,10000,estimated,bundle,text,unknown,,active,needs_review,needs_review,"가격 단위 추정, 복수 카드 가격, 배송비 포함 여부 미확정, 묶음·세트 총액 · 개별 카드 가격 아님",estimated,no,no,var safe = (window.dcAd && window.dcAd.safe == 1)
4bce64d60fff139b097b50b9,pokemoncardgame,포켓몬 카드게임,2026-07,2026-07-09T22:00:09+09:00,known,609e38ea72d5de0801539408,4bce64d60fff139b097b50b9,118288,https://m.dcinside.com/board/pokemoncardgame/118288,드펄개닌 완덱ㅍㅍ,seller-294481a251a8d29f2d746416,Kassks,registered,DOM 삽입 헬퍼 현재 스크립트 위치 기준,DOM 삽입 헬퍼 현재 스크립트 위치 기준,// ---- DOM 삽입 헬퍼 (현재 스크립트 위치 기준,,,unknown,미분류,1,1,10000,estimated,bundle,text,unknown,,active,needs_review,needs_review,"가격 단위 추정, 복수 카드 가격, 배송비 포함 여부 미확정, 묶음·세트 총액 · 개별 카드 가격 아님",estimated,no,no,// ---- DOM 삽입 헬퍼 (현재 스크립트 위치 기준1)
6f61ccf75594e73de2810c76,pokemoncardgame,포켓몬 카드게임,2026-07,2026-07-09T22:00:09+09:00,known,609e38ea72d5de0801539408,6f61ccf75594e73de2810c76,118288,https://m.dcinside.com/board/pokemoncardgame/118288,드펄개닌 완덱ㅍㅍ,seller-294481a251a8d29f2d746416,Kassks,registered,loadScript ' t,loadScript ' t,loadScript('//t,,,unknown,미분류,1,1,10000,estimated,bundle,text,unknown,,active,needs_review,needs_review,"가격 단위 추정, 복수 카드 가격, 배송비 포함 여부 미확정, 묶음·세트 총액 · 개별 카드 가격 아님",estimated,no,no,"loadScript('//t1.kakaocdn.net/kas/static/ba.min.js', true);"
82bd0fac3c6486e90cd58ea8,pokemoncardgame,포켓몬 카드게임,2026-07,2026-07-09T22:00:09+09:00,known,abb8c8b4a5fc13733ec9072e,82bd0fac3c6486e90cd58ea8,118288,https://m.dcinside.com/board/pokemoncardgame/118288,드펄개닌 완덱ㅍㅍ,seller-294481a251a8d29f2d746416,Kassks,registered,loadScript ' t,loadScript ' t,loadScript('//t,,,unknown,미분류,1,1,10000,estimated,bundle,text,unknown,,active,needs_review,needs_review,"가격 단위 추정, 복수 카드 가격, 배송비 포함 여부 미확정, 묶음·세트 총액 · 개별 카드 가격 아님",estimated,no,no,"loadScript('//t1.kakaocdn.net/kas/static/ba.min.js', true);"
84e25ffbb5bbed4375e60b82,pokemoncardgame,포켓몬 카드게임,2026-07,2026-07-09T22:00:09+09:00,known,abb8c8b4a5fc13733ec9072e,84e25ffbb5bbed4375e60b82,118288,https://m.dcinside.com/board/pokemoncardgame/118288,드펄개닌 완덱ㅍㅍ,seller-294481a251a8d29f2d746416,Kassks,registered,var safe = window.dcAd && window.dcAd.safe ==,var safe = window.dcAd && window.dcAd.safe ==,var safe = (window.dcAd && window.dcAd.safe ==,,,unknown,미분류,1,1,10000,estimated,bundle,text,unknown,,active,needs_review,needs_review,"가격 단위 추정, 복수 카드 가격, 배송비 포함 여부 미확정, 묶음·세트 총액 · 개별 카드 가격 아님",estimated,no,no,var safe = (window.dcAd && window.dcAd.safe == 1)
930ea497d2d2c2cd95647e85,pokemoncardgame,포켓몬 카드게임,2026-07,2026-07-09T22:00:09+09:00,known,abb8c8b4a5fc13733ec9072e,930ea497d2d2c2cd95647e85,118288,https://m.dcinside.com/board/pokemoncardgame/118288,드펄개닌 완덱ㅍㅍ,seller-294481a251a8d29f2d746416,Kassks,registered,DOM 삽입 헬퍼 현재 스크립트 위치 기준,DOM 삽입 헬퍼 현재 스크립트 위치 기준,// ---- DOM 삽입 헬퍼 (현재 스크립트 위치 기준,,,unknown,미분류,1,1,10000,estimated,bundle,text,unknown,,active,needs_review,needs_review,"가격 단위 추정, 복수 카드 가격, 배송비 포함 여부 미확정, 묶음·세트 총액 · 개별 카드 가격 아님",estimated,no,no,// ---- DOM 삽입 헬퍼 (현재 스크립트 위치 기준1)
a2b464f66c2a114bf16a6cb7,pokemoncardgame,포켓몬 카드게임,2026-07,2026-07-09T22:00:09+09:00,known,f1145b37c42f45d6a42fb7f9,a2b464f66c2a114bf16a6cb7,118288,https://m.dcinside.com/board/pokemoncardgame/118288,드펄개닌 완덱ㅍㅍ,seller-294481a251a8d29f2d746416,Kassks,registered,loadScript ' t,loadScript ' t,loadScript('//t,,,unknown,미분류,1,1,10000,estimated,bundle,text,unknown,,active,needs_review,needs_review,"가격 단위 추정, 복수 카드 가격, 배송비 포함 여부 미확정, 묶음·세트 총액 · 개별 카드 가격 아님",estimated,no,no,"loadScript('//t1.kakaocdn.net/kas/static/ba.min.js', true);"
a89dd50c301fb631596c06e8,pokemoncardgame,포켓몬 카드게임,2026-07,2026-07-09T22:00:09+09:00,known,f1145b37c42f45d6a42fb7f9,a89dd50c301fb631596c06e8,118288,https://m.dcinside.com/board/pokemoncardgame/118288,드펄개닌 완덱ㅍㅍ,seller-294481a251a8d29f2d746416,Kassks,registered,loadScript 'https pagead,loadScript 'https pagead,loadScript('https://pagead,,,unknown,미분류,1,2,20000,estimated,bundle,text,unknown,,active,needs_review,needs_review,"가격 단위 추정, 복수 카드 가격, 배송비 포함 여부 미확정, 묶음·세트 총액 · 개별 카드 가격 아님",estimated,no,no,"loadScript('https://pagead2.googlesyndication.com/pagead/js/adsbygoogle_direct.js?client=ca-pub-8171468792791627', true, 'anonymous');"
be71b21ca8c541af52991c1d,pokemoncardgame,포켓몬 카드게임,2026-07,2026-07-09T22:00:09+09:00,known,f1145b37c42f45d6a42fb7f9,be71b21ca8c541af52991c1d,118288,https://m.dcinside.com/board/pokemoncardgame/118288,드펄개닌 완덱ㅍㅍ,seller-294481a251a8d29f2d746416,Kassks,registered,택미포,택미포,택미포,,,unknown,미분류,1,3.5,35000,estimated,per_card,text,unknown,,active,needs_review,needs_review,"가격 단위 추정, 배송비 포함 여부 미확정",estimated,yes,candidate_estimated,택미포 3.5
c544bb6cf4345ca4860b6e55,pokemoncardgame,포켓몬 카드게임,2026-07,2026-07-09T22:00:09+09:00,known,abb8c8b4a5fc13733ec9072e,c544bb6cf4345ca4860b6e55,118288,https://m.dcinside.com/board/pokemoncardgame/118288,드펄개닌 완덱ㅍㅍ,seller-294481a251a8d29f2d746416,Kassks,registered,택미포,택미포,택미포,,,unknown,미분류,1,3.5,35000,estimated,per_card,text,unknown,,active,needs_review,needs_review,"가격 단위 추정, 배송비 포함 여부 미확정",estimated,yes,candidate_estimated,택미포 3.5
cc5edf5032967426c9412a2b,pokemoncardgame,포켓몬 카드게임,2026-07,2026-07-09T22:00:09+09:00,known,abb8c8b4a5fc13733ec9072e,cc5edf5032967426c9412a2b,118288,https://m.dcinside.com/board/pokemoncardgame/118288,드펄개닌 완덱ㅍㅍ,seller-294481a251a8d29f2d746416,Kassks,registered,loadScript 'https pagead,loadScript 'https pagead,loadScript('https://pagead,,,unknown,미분류,1,2,20000,estimated,bundle,text,unknown,,active,needs_review,needs_review,"가격 단위 추정, 복수 카드 가격, 배송비 포함 여부 미확정, 묶음·세트 총액 · 개별 카드 가격 아님",estimated,no,no,"loadScript('https://pagead2.googlesyndication.com/pagead/js/adsbygoogle_direct.js?client=ca-pub-8171468792791627', true, 'anonymous');"
de66bc7feb7007c8c9e1807e,pokemoncardgame,포켓몬 카드게임,2026-07,2026-07-09T22:00:09+09:00,known,f1145b37c42f45d6a42fb7f9,de66bc7feb7007c8c9e1807e,118288,https://m.dcinside.com/board/pokemoncardgame/118288,드펄개닌 완덱ㅍㅍ,seller-294481a251a8d29f2d746416,Kassks,registered,var safe = window.dcAd && window.dcAd.safe ==,var safe = window.dcAd && window.dcAd.safe ==,var safe = (window.dcAd && window.dcAd.safe ==,,,unknown,미분류,1,1,10000,estimated,bundle,text,unknown,,active,needs_review,needs_review,"가격 단위 추정, 복수 카드 가격, 배송비 포함 여부 미확정, 묶음·세트 총액 · 개별 카드 가격 아님",estimated,no,no,var safe = (window.dcAd && window.dcAd.safe == 1)
185772eecafc545bda73ea21,pokemoncardgame,포켓몬 카드게임,2026-07,2026-07-11T07:58:37+09:00,known,cdf66855548e03d81b0deddb,185772eecafc545bda73ea21,118382,https://m.dcinside.com/board/pokemoncardgame/118382,무쿠 sr 1장 삽니다,seller-b4bf464c607def51f9448e6d,엘케,guest,무쿠 sr,무쿠 sr,무쿠 sr 준등포,,,unknown,미분류,1,1.4,14000,estimated,bundle,text,unknown,,active,needs_review,needs_review,"가격 단위 추정, 일괄·세트 가격, 배송비 포함 여부 미확정, 묶음·세트 총액 · 개별 카드 가격 아님",estimated,no,no,무쿠 sr 1장 일괄 준등포 1.4에 구해봅니다.
27db944d28ac618157317f3c,pokemoncardgame,포켓몬 카드게임,2026-07,2026-07-11T07:58:37+09:00,known,bd66b00f8b4bdada256bbe29,27db944d28ac618157317f3c,118382,https://m.dcinside.com/board/pokemoncardgame/118382,무쿠 sr 1장 삽니다,seller-c56362803ea1617258754c36,엘케,guest,무쿠 sr,무쿠 sr,무쿠 sr 준등포,,,unknown,미분류,1,1.4,14000,estimated,bundle,text,unknown,,active,needs_review,needs_review,"가격 단위 추정, 일괄·세트 가격, 배송비 포함 여부 미확정, 묶음·세트 총액 · 개별 카드 가격 아님",estimated,no,no,무쿠 sr 1장 일괄 준등포 1.4에 구해봅니다.
83aa065ff2017899c19584aa,pokemoncardgame,포켓몬 카드게임,2026-07,2026-07-11T07:58:37+09:00,known,2528079f987a27dbc1b67e8f,83aa065ff2017899c19584aa,118382,https://m.dcinside.com/board/pokemoncardgame/118382,무쿠 sr 1장 삽니다,seller-777d733c141cc372a0b50c50,엘케,guest,무쿠 sr,무쿠 sr,무쿠 sr 준등포,,,unknown,미분류,1,1.4,14000,estimated,bundle,text,unknown,,active,needs_review,needs_review,"가격 단위 추정, 일괄·세트 가격, 배송비 포함 여부 미확정, 묶음·세트 총액 · 개별 카드 가격 아님",estimated,no,no,무쿠 sr 1장 일괄 준등포 1.4에 구해봅니다.
016d0ae1e3bffd8498465ab6,pokemoncardgame,포켓몬 카드게임,2026-07,2026-07-11T11:26:45+09:00,known,e724b8804552ab76b78ef913,016d0ae1e3bffd8498465ab6,118391,https://m.dcinside.com/board/pokemoncardgame/118391,16차!! 고레어 덱소스 판매합니다~!!,seller-51447db26eeb90b0124d315b,포갤러,registered,스바 버전 불 초 악 에너지 UR,스바 버전 불 초 악 에너지 UR,"스바 버전 불,초,악 에너지 UR",,,unknown,미분류,12,17,170000,estimated,bundle,text,unknown,,active,needs_review,needs_review,"가격 단위 추정, 일괄·세트 가격, 복수 카드 가격, 배송비 포함 여부 미확정, 묶음·세트 총액 · 개별 카드 가격 아님",estimated,no,no,"스바 버전 불,초,악 에너지 UR 12장 일괄 17"
09f1913d71b945b4d0583a9d,pokemoncardgame,포켓몬 카드게임,2026-07,2026-07-11T11:26:45+09:00,known,8a112c31c751f0ab8d28f844,09f1913d71b945b4d0583a9d,118391,https://m.dcinside.com/board/pokemoncardgame/118391,16차!! 고레어 덱소스 판매합니다~!!,seller-51447db26eeb90b0124d315b,포갤러,registered,스바 버전 풀 에너지 UR,스바 버전 풀 에너지 UR,스바 버전 풀 에너지 UR,,,unknown,미분류,5,6.5,65000,estimated,bundle,text,unknown,,active,needs_review,needs_review,"가격 단위 추정, 일괄·세트 가격, 배송비 포함 여부 미확정, 묶음·세트 총액 · 개별 카드 가격 아님",estimated,no,no,스바 버전 풀 에너지 UR 5장 일괄 6.5
0f18095bd8a5989f1114e0e7,pokemoncardgame,포켓몬 카드게임,2026-07,2026-07-11T11:26:45+09:00,known,f7f0c49e6d8054696eebe455,0f18095bd8a5989f1114e0e7,118391,https://m.dcinside.com/board/pokemoncardgame/118391,16차!! 고레어 덱소스 판매합니다~!!,seller-51447db26eeb90b0124d315b,포갤러,registered,하솔 sar,하솔 sar,하솔 sar,,,unknown,미분류,3,6.0,60000,estimated,bundle,text,unknown,,active,needs_review,needs_review,"가격 단위 추정, 일괄·세트 가격, 배송비 포함 여부 미확정, 묶음·세트 총액 · 개별 카드 가격 아님",estimated,no,no,하솔 sar 3장 세트 6.0
18b684dc7b501ac7ade59992,pokemoncardgame,포켓몬 카드게임,2026-07,2026-07-11T11:26:45+09:00,known,e724b8804552ab76b78ef913,18b684dc7b501ac7ade59992,118391,https://m.dcinside.com/board/pokemoncardgame/118391,16차!! 고레어 덱소스 판매합니다~!!,seller-51447db26eeb90b0124d315b,포갤러,registered,빛나 sar,빛나 sar,빛나 sar,,,unknown,미분류,1,3.0,30000,estimated,per_card,text,unknown,,active,needs_review,needs_review,"가격 단위 추정, 배송비 포함 여부 미확정",estimated,yes,candidate_estimated,빛나 sar 3.0
2afb391ddf58dd50707de210,pokemoncardgame,포켓몬 카드게임,2026-07,2026-07-11T11:26:45+09:00,known,8a112c31c751f0ab8d28f844,2afb391ddf58dd50707de210,118391,https://m.dcinside.com/board/pokemoncardgame/118391,16차!! 고레어 덱소스 판매합니다~!!,seller-51447db26eeb90b0124d315b,포갤러,registered,메가 아쿠스타 sar,메가 아쿠스타 sar,메가 아쿠스타 sar 장당,,,unknown,미분류,1,1.3,13000,estimated,per_card,text,unknown,,active,needs_review,needs_review,"가격 단위 추정, 배송비 포함 여부 미확정",estimated,yes,candidate_estimated,메가 아쿠스타 sar 장당 1.3
37672a85cc22193af3827aaf,pokemoncardgame,포켓몬 카드게임,2026-07,2026-07-11T11:26:45+09:00,known,e724b8804552ab76b78ef913,37672a85cc22193af3827aaf,118391,https://m.dcinside.com/board/pokemoncardgame/118391,16차!! 고레어 덱소스 판매합니다~!!,seller-51447db26eeb90b0124d315b,포갤러,registered,서퍼 sar,서퍼 sar,서퍼 sar,,,unknown,미분류,1,0.8,8000,estimated,per_card,text,unknown,,active,needs_review,needs_review,"가격 단위 추정, 배송비 포함 여부 미확정",estimated,yes,candidate_estimated,서퍼 sar 0.8
3961434b6f5ec9ac9247df99,pokemoncardgame,포켓몬 카드게임,2026-07,2026-07-11T11:26:45+09:00,known,8a112c31c751f0ab8d28f844,3961434b6f5ec9ac9247df99,118391,https://m.dcinside.com/board/pokemoncardgame/118391,16차!! 고레어 덱소스 판매합니다~!!,seller-51447db26eeb90b0124d315b,포갤러,registered,아세로라의 장난 sar,아세로라의 장난 sar,아세로라의 장난 sar,,,unknown,미분류,1,2.8,28000,estimated,per_card,text,unknown,,active,needs_review,needs_review,"가격 단위 추정, 배송비 포함 여부 미확정",estimated,yes,candidate_estimated,아세로라의 장난 sar 2.8
3a9ac401824bd4c63ebe6290,pokemoncardgame,포켓몬 카드게임,2026-07,2026-07-11T11:26:45+09:00,known,f7f0c49e6d8054696eebe455,3a9ac401824bd4c63ebe6290,118391,https://m.dcinside.com/board/pokemoncardgame/118391,16차!! 고레어 덱소스 판매합니다~!!,seller-51447db26eeb90b0124d315b,포갤러,registered,서퍼 sar,서퍼 sar,서퍼 sar,,,unknown,미분류,1,0.8,8000,estimated,per_card,text,unknown,,active,needs_review,needs_review,"가격 단위 추정, 배송비 포함 여부 미확정",estimated,yes,candidate_estimated,서퍼 sar 0.8
3f8c393bc9a91c9a1b96ac40,pokemoncardgame,포켓몬 카드게임,2026-07,2026-07-11T11:26:45+09:00,known,f7f0c49e6d8054696eebe455,3f8c393bc9a91c9a1b96ac40,118391,https://m.dcinside.com/board/pokemoncardgame/118391,16차!! 고레어 덱소스 판매합니다~!!,seller-51447db26eeb90b0124d315b,포갤러,registered,스바 버전 풀 에너지 UR,스바 버전 풀 에너지 UR,스바 버전 풀 에너지 UR,,,unknown,미분류,5,6.5,65000,estimated,bundle,text,unknown,,active,needs_review,needs_review,"가격 단위 추정, 일괄·세트 가격, 배송비 포함 여부 미확정, 묶음·세트 총액 · 개별 카드 가격 아님",estimated,no,no,스바 버전 풀 에너지 UR 5장 일괄 6.5
44e1d31224120f064740fa78,pokemoncardgame,포켓몬 카드게임,2026-07,2026-07-11T11:26:45+09:00,known,8a112c31c751f0ab8d28f844,44e1d31224120f064740fa78,118391,https://m.dcinside.com/board/pokemoncardgame/118391,16차!! 고레어 덱소스 판매합니다~!!,seller-51447db26eeb90b0124d315b,포갤러,registered,테라파고스 sar,테라파고스 sar,테라파고스 sar,,,unknown,미분류,1,1.0,10000,estimated,per_card,text,unknown,,active,needs_review,needs_review,"가격 단위 추정, 배송비 포함 여부 미확정",estimated,yes,candidate_estimated,테라파고스 sar 1.0
4cd4e9b862c5c533949f111c,pokemoncardgame,포켓몬 카드게임,2026-07,2026-07-11T11:26:45+09:00,known,8a112c31c751f0ab8d28f844,4cd4e9b862c5c533949f111c,118391,https://m.dcinside.com/board/pokemoncardgame/118391,16차!! 고레어 덱소스 판매합니다~!!,seller-51447db26eeb90b0124d315b,포갤러,registered,서퍼 sar,서퍼 sar,서퍼 sar,,,unknown,미분류,1,0.8,8000,estimated,per_card,text,unknown,,active,needs_review,needs_review,"가격 단위 추정, 배송비 포함 여부 미확정",estimated,yes,candidate_estimated,서퍼 sar 0.8
65a3864ac394b404782dd842,pokemoncardgame,포켓몬 카드게임,2026-07,2026-07-11T11:26:45+09:00,known,8a112c31c751f0ab8d28f844,65a3864ac394b404782dd842,118391,https://m.dcinside.com/board/pokemoncardgame/118391,16차!! 고레어 덱소스 판매합니다~!!,seller-51447db26eeb90b0124d315b,포갤러,registered,스바 버전 불 초 악 에너지 UR,스바 버전 불 초 악 에너지 UR,"스바 버전 불,초,악 에너지 UR",,,unknown,미분류,12,17,170000,estimated,bundle,text,unknown,,active,needs_review,needs_review,"가격 단위 추정, 일괄·세트 가격, 복수 카드 가격, 배송비 포함 여부 미확정, 묶음·세트 총액 · 개별 카드 가격 아님",estimated,no,no,"스바 버전 불,초,악 에너지 UR 12장 일괄 17"
690e9155c14139a9be6d1162,pokemoncardgame,포켓몬 카드게임,2026-07,2026-07-11T11:26:45+09:00,known,8a112c31c751f0ab8d28f844,690e9155c14139a9be6d1162,118391,https://m.dcinside.com/board/pokemoncardgame/118391,16차!! 고레어 덱소스 판매합니다~!!,seller-51447db26eeb90b0124d315b,포갤러,registered,제로의 대공동 UR,제로의 대공동 UR,제로의 대공동 UR,,,unknown,미분류,1,2.5,25000,estimated,per_card,text,unknown,,active,needs_review,needs_review,"가격 단위 추정, 배송비 포함 여부 미확정",estimated,yes,candidate_estimated,제로의 대공동 UR 2.5
7d42add933b8a936b237b958,pokemoncardgame,포켓몬 카드게임,2026-07,2026-07-11T11:26:45+09:00,known,8a112c31c751f0ab8d28f844,7d42add933b8a936b237b958,118391,https://m.dcinside.com/board/pokemoncardgame/118391,16차!! 고레어 덱소스 판매합니다~!!,seller-51447db26eeb90b0124d315b,포갤러,registered,빛나 sar,빛나 sar,빛나 sar,,,unknown,미분류,1,3.0,30000,estimated,per_card,text,unknown,,active,needs_review,needs_review,"가격 단위 추정, 배송비 포함 여부 미확정",estimated,yes,candidate_estimated,빛나 sar 3.0
844d3317e1ace5324fde2e76,pokemoncardgame,포켓몬 카드게임,2026-07,2026-07-11T11:26:45+09:00,known,f7f0c49e6d8054696eebe455,844d3317e1ace5324fde2e76,118391,https://m.dcinside.com/board/pokemoncardgame/118391,16차!! 고레어 덱소스 판매합니다~!!,seller-51447db26eeb90b0124d315b,포갤러,registered,명희의 격려 sar,명희의 격려 sar,명희의 격려 sar,,,unknown,미분류,1,6.0,60000,estimated,per_card,text,unknown,,active,needs_review,needs_review,"가격 단위 추정, 배송비 포함 여부 미확정",estimated,yes,candidate_estimated,명희의 격려 sar 6.0
854b6974f61a53e0ac1f3a07,pokemoncardgame,포켓몬 카드게임,2026-07,2026-07-11T11:26:45+09:00,known,8a112c31c751f0ab8d28f844,854b6974f61a53e0ac1f3a07,118391,https://m.dcinside.com/board/pokemoncardgame/118391,16차!! 고레어 덱소스 판매합니다~!!,seller-51447db26eeb90b0124d315b,포갤러,registered,삼삼드래 풀고레어 덱소스,삼삼드래 풀고레어 덱소스,삼삼드래 풀고레어 덱소스,,,unknown,미분류,1,4.0,40000,estimated,bundle,text,unknown,,active,needs_review,needs_review,"가격 단위 추정, 배송비 포함 여부 미확정, 묶음·세트 총액 · 개별 카드 가격 아님",estimated,no,no,삼삼드래 풀고레어 덱소스 4.0
872dc3f527418bc60b4a9b89,pokemoncardgame,포켓몬 카드게임,2026-07,2026-07-11T11:26:45+09:00,known,e724b8804552ab76b78ef913,872dc3f527418bc60b4a9b89,118391,https://m.dcinside.com/board/pokemoncardgame/118391,16차!! 고레어 덱소스 판매합니다~!!,seller-51447db26eeb90b0124d315b,포갤러,registered,메가 아쿠스타 sar,메가 아쿠스타 sar,메가 아쿠스타 sar 장당,,,unknown,미분류,1,1.3,13000,estimated,per_card,text,unknown,,active,needs_review,needs_review,"가격 단위 추정, 배송비 포함 여부 미확정",estimated,yes,candidate_estimated,메가 아쿠스타 sar 장당 1.3
8d825634b66fda7fd998c9c3,pokemoncardgame,포켓몬 카드게임,2026-07,2026-07-11T11:26:45+09:00,known,e724b8804552ab76b78ef913,8d825634b66fda7fd998c9c3,118391,https://m.dcinside.com/board/pokemoncardgame/118391,16차!! 고레어 덱소스 판매합니다~!!,seller-51447db26eeb90b0124d315b,포갤러,registered,삼삼드래 풀고레어 덱소스,삼삼드래 풀고레어 덱소스,삼삼드래 풀고레어 덱소스,,,unknown,미분류,1,4.0,40000,estimated,bundle,text,unknown,,active,needs_review,needs_review,"가격 단위 추정, 배송비 포함 여부 미확정, 묶음·세트 총액 · 개별 카드 가격 아님",estimated,no,no,삼삼드래 풀고레어 덱소스 4.0
8de7a9839261e789396b2212,pokemoncardgame,포켓몬 카드게임,2026-07,2026-07-11T11:26:45+09:00,known,f7f0c49e6d8054696eebe455,8de7a9839261e789396b2212,118391,https://m.dcinside.com/board/pokemoncardgame/118391,16차!! 고레어 덱소스 판매합니다~!!,seller-51447db26eeb90b0124d315b,포갤러,registered,테라파고스 sar,테라파고스 sar,테라파고스 sar,,,unknown,미분류,1,1.0,10000,estimated,per_card,text,unknown,,active,needs_review,needs_review,"가격 단위 추정, 배송비 포함 여부 미확정",estimated,yes,candidate_estimated,테라파고스 sar 1.0
8e2e47604ae303689c9ce0b4,pokemoncardgame,포켓몬 카드게임,2026-07,2026-07-11T11:26:45+09:00,known,f7f0c49e6d8054696eebe455,8e2e47604ae303689c9ce0b4,118391,https://m.dcinside.com/board/pokemoncardgame/118391,16차!! 고레어 덱소스 판매합니다~!!,seller-51447db26eeb90b0124d315b,포갤러,registered,릴리에의 삐삐 sar,릴리에의 삐삐 sar,릴리에의 삐삐 sar,,,unknown,미분류,1,5.5,55000,estimated,per_card,text,unknown,,active,needs_review,needs_review,"가격 단위 추정, 배송비 포함 여부 미확정",estimated,yes,candidate_estimated,릴리에의 삐삐 sar 5.5
97648dd3f1eb97bdbadb0852,pokemoncardgame,포켓몬 카드게임,2026-07,2026-07-11T11:26:45+09:00,known,e724b8804552ab76b78ef913,97648dd3f1eb97bdbadb0852,118391,https://m.dcinside.com/board/pokemoncardgame/118391,16차!! 고레어 덱소스 판매합니다~!!,seller-51447db26eeb90b0124d315b,포갤러,registered,하솔 sar,하솔 sar,하솔 sar,,,unknown,미분류,3,6.0,60000,estimated,bundle,text,unknown,,active,needs_review,needs_review,"가격 단위 추정, 일괄·세트 가격, 배송비 포함 여부 미확정, 묶음·세트 총액 · 개별 카드 가격 아님",estimated,no,no,하솔 sar 3장 세트 6.0
9aae17f03c3dc5e02d7182d5,pokemoncardgame,포켓몬 카드게임,2026-07,2026-07-11T11:26:45+09:00,known,f7f0c49e6d8054696eebe455,9aae17f03c3dc5e02d7182d5,118391,https://m.dcinside.com/board/pokemoncardgame/118391,16차!! 고레어 덱소스 판매합니다~!!,seller-51447db26eeb90b0124d315b,포갤러,registered,스바 버전 불 초 악 에너지 UR,스바 버전 불 초 악 에너지 UR,"스바 버전 불,초,악 에너지 UR",,,unknown,미분류,12,17,170000,estimated,bundle,text,unknown,,active,needs_review,needs_review,"가격 단위 추정, 일괄·세트 가격, 복수 카드 가격, 배송비 포함 여부 미확정, 묶음·세트 총액 · 개별 카드 가격 아님",estimated,no,no,"스바 버전 불,초,악 에너지 UR 12장 일괄 17"
9ec790df8416f776c9a1724e,pokemoncardgame,포켓몬 카드게임,2026-07,2026-07-11T11:26:45+09:00,known,e724b8804552ab76b78ef913,9ec790df8416f776c9a1724e,118391,https://m.dcinside.com/board/pokemoncardgame/118391,16차!! 고레어 덱소스 판매합니다~!!,seller-51447db26eeb90b0124d315b,포갤러,registered,테라파고스 sar,테라파고스 sar,테라파고스 sar,,,unknown,미분류,1,1.0,10000,estimated,per_card,text,unknown,,active,needs_review,needs_review,"가격 단위 추정, 배송비 포함 여부 미확정",estimated,yes,candidate_estimated,테라파고스 sar 1.0
a28c73b77c597bf192db110e,pokemoncardgame,포켓몬 카드게임,2026-07,2026-07-11T11:26:45+09:00,known,f7f0c49e6d8054696eebe455,a28c73b77c597bf192db110e,118391,https://m.dcinside.com/board/pokemoncardgame/118391,16차!! 고레어 덱소스 판매합니다~!!,seller-51447db26eeb90b0124d315b,포갤러,registered,빛나 sar,빛나 sar,빛나 sar,,,unknown,미분류,1,3.0,30000,estimated,per_card,text,unknown,,active,needs_review,needs_review,"가격 단위 추정, 배송비 포함 여부 미확정",estimated,yes,candidate_estimated,빛나 sar 3.0
b41cdabe1a8797cd9ce1b374,pokemoncardgame,포켓몬 카드게임,2026-07,2026-07-11T11:26:45+09:00,known,e724b8804552ab76b78ef913,b41cdabe1a8797cd9ce1b374,118391,https://m.dcinside.com/board/pokemoncardgame/118391,16차!! 고레어 덱소스 판매합니다~!!,seller-51447db26eeb90b0124d315b,포갤러,registered,릴리에의 삐삐 sar,릴리에의 삐삐 sar,릴리에의 삐삐 sar,,,unknown,미분류,1,5.5,55000,estimated,per_card,text,unknown,,active,needs_review,needs_review,"가격 단위 추정, 배송비 포함 여부 미확정",estimated,yes,candidate_estimated,릴리에의 삐삐 sar 5.5
b557a6ec78346afd77261b00,pokemoncardgame,포켓몬 카드게임,2026-07,2026-07-11T11:26:45+09:00,known,8a112c31c751f0ab8d28f844,b557a6ec78346afd77261b00,118391,https://m.dcinside.com/board/pokemoncardgame/118391,16차!! 고레어 덱소스 판매합니다~!!,seller-51447db26eeb90b0124d315b,포갤러,registered,하솔 sar,하솔 sar,하솔 sar,,,unknown,미분류,3,6.0,60000,estimated,bundle,text,unknown,,active,needs_review,needs_review,"가격 단위 추정, 일괄·세트 가격, 배송비 포함 여부 미확정, 묶음·세트 총액 · 개별 카드 가격 아님",estimated,no,no,하솔 sar 3장 세트 6.0
b7f5687730fe6d340935c3e1,pokemoncardgame,포켓몬 카드게임,2026-07,2026-07-11T11:26:45+09:00,known,f7f0c49e6d8054696eebe455,b7f5687730fe6d340935c3e1,118391,https://m.dcinside.com/board/pokemoncardgame/118391,16차!! 고레어 덱소스 판매합니다~!!,seller-51447db26eeb90b0124d315b,포갤러,registered,제로의 대공동 UR,제로의 대공동 UR,제로의 대공동 UR,,,unknown,미분류,1,2.5,25000,estimated,per_card,text,unknown,,active,needs_review,needs_review,"가격 단위 추정, 배송비 포함 여부 미확정",estimated,yes,candidate_estimated,제로의 대공동 UR 2.5
b8d91c546fba7e625cc20b8d,pokemoncardgame,포켓몬 카드게임,2026-07,2026-07-11T11:26:45+09:00,known,e724b8804552ab76b78ef913,b8d91c546fba7e625cc20b8d,118391,https://m.dcinside.com/board/pokemoncardgame/118391,16차!! 고레어 덱소스 판매합니다~!!,seller-51447db26eeb90b0124d315b,포갤러,registered,투희 sar,투희 sar,투희 sar 장당,,,unknown,미분류,1,3.5,35000,estimated,per_card,text,unknown,,active,needs_review,needs_review,"가격 단위 추정, 배송비 포함 여부 미확정",estimated,yes,candidate_estimated,투희 sar 장당 3.5
ba7b6d5743c269623e08ac0a,pokemoncardgame,포켓몬 카드게임,2026-07,2026-07-11T11:26:45+09:00,known,e724b8804552ab76b78ef913,ba7b6d5743c269623e08ac0a,118391,https://m.dcinside.com/board/pokemoncardgame/118391,16차!! 고레어 덱소스 판매합니다~!!,seller-51447db26eeb90b0124d315b,포갤러,registered,아세로라의 장난 sar,아세로라의 장난 sar,아세로라의 장난 sar,,,unknown,미분류,1,2.8,28000,estimated,per_card,text,unknown,,active,needs_review,needs_review,"가격 단위 추정, 배송비 포함 여부 미확정",estimated,yes,candidate_estimated,아세로라의 장난 sar 2.8
bfcf48ea298395d449884790,pokemoncardgame,포켓몬 카드게임,2026-07,2026-07-11T11:26:45+09:00,known,e724b8804552ab76b78ef913,bfcf48ea298395d449884790,118391,https://m.dcinside.com/board/pokemoncardgame/118391,16차!! 고레어 덱소스 판매합니다~!!,seller-51447db26eeb90b0124d315b,포갤러,registered,제로의 대공동 UR,제로의 대공동 UR,제로의 대공동 UR,,,unknown,미분류,1,2.5,25000,estimated,per_card,text,unknown,,active,needs_review,needs_review,"가격 단위 추정, 배송비 포함 여부 미확정",estimated,yes,candidate_estimated,제로의 대공동 UR 2.5
c5010ed53b90d1dbda63aff6,pokemoncardgame,포켓몬 카드게임,2026-07,2026-07-11T11:26:45+09:00,known,f7f0c49e6d8054696eebe455,c5010ed53b90d1dbda63aff6,118391,https://m.dcinside.com/board/pokemoncardgame/118391,16차!! 고레어 덱소스 판매합니다~!!,seller-51447db26eeb90b0124d315b,포갤러,registered,메가 아쿠스타 sar,메가 아쿠스타 sar,메가 아쿠스타 sar 장당,,,unknown,미분류,1,1.3,13000,estimated,per_card,text,unknown,,active,needs_review,needs_review,"가격 단위 추정, 배송비 포함 여부 미확정",estimated,yes,candidate_estimated,메가 아쿠스타 sar 장당 1.3
c80878daeaad6b70ef9fec6c,pokemoncardgame,포켓몬 카드게임,2026-07,2026-07-11T11:26:45+09:00,known,8a112c31c751f0ab8d28f844,c80878daeaad6b70ef9fec6c,118391,https://m.dcinside.com/board/pokemoncardgame/118391,16차!! 고레어 덱소스 판매합니다~!!,seller-51447db26eeb90b0124d315b,포갤러,registered,명희의 격려 sar,명희의 격려 sar,명희의 격려 sar,,,unknown,미분류,1,6.0,60000,estimated,per_card,text,unknown,,active,needs_review,needs_review,"가격 단위 추정, 배송비 포함 여부 미확정",estimated,yes,candidate_estimated,명희의 격려 sar 6.0
cb853598790e8992d6602833,pokemoncardgame,포켓몬 카드게임,2026-07,2026-07-11T11:26:45+09:00,known,f7f0c49e6d8054696eebe455,cb853598790e8992d6602833,118391,https://m.dcinside.com/board/pokemoncardgame/118391,16차!! 고레어 덱소스 판매합니다~!!,seller-51447db26eeb90b0124d315b,포갤러,registered,아세로라의 장난 sar,아세로라의 장난 sar,아세로라의 장난 sar,,,unknown,미분류,1,2.8,28000,estimated,per_card,text,unknown,,active,needs_review,needs_review,"가격 단위 추정, 배송비 포함 여부 미확정",estimated,yes,candidate_estimated,아세로라의 장난 sar 2.8
ce2184ff038046fcf70f9d5b,pokemoncardgame,포켓몬 카드게임,2026-07,2026-07-11T11:26:45+09:00,known,8a112c31c751f0ab8d28f844,ce2184ff038046fcf70f9d5b,118391,https://m.dcinside.com/board/pokemoncardgame/118391,16차!! 고레어 덱소스 판매합니다~!!,seller-51447db26eeb90b0124d315b,포갤러,registered,릴리에의 삐삐 sar,릴리에의 삐삐 sar,릴리에의 삐삐 sar,,,unknown,미분류,1,5.5,55000,estimated,per_card,text,unknown,,active,needs_review,needs_review,"가격 단위 추정, 배송비 포함 여부 미확정",estimated,yes,candidate_estimated,릴리에의 삐삐 sar 5.5
cf61999bbc2731d2f9ff8ab1,pokemoncardgame,포켓몬 카드게임,2026-07,2026-07-11T11:26:45+09:00,known,e724b8804552ab76b78ef913,cf61999bbc2731d2f9ff8ab1,118391,https://m.dcinside.com/board/pokemoncardgame/118391,16차!! 고레어 덱소스 판매합니다~!!,seller-51447db26eeb90b0124d315b,포갤러,registered,명희의 격려 sar,명희의 격려 sar,명희의 격려 sar,,,unknown,미분류,1,6.0,60000,estimated,per_card,text,unknown,,active,needs_review,needs_review,"가격 단위 추정, 배송비 포함 여부 미확정",estimated,yes,candidate_estimated,명희의 격려 sar 6.0
d9adc5b2686613326dd11949,pokemoncardgame,포켓몬 카드게임,2026-07,2026-07-11T11:26:45+09:00,known,f7f0c49e6d8054696eebe455,d9adc5b2686613326dd11949,118391,https://m.dcinside.com/board/pokemoncardgame/118391,16차!! 고레어 덱소스 판매합니다~!!,seller-51447db26eeb90b0124d315b,포갤러,registered,투희 sar,투희 sar,투희 sar 장당,,,unknown,미분류,1,3.5,35000,estimated,per_card,text,unknown,,active,needs_review,needs_review,"가격 단위 추정, 배송비 포함 여부 미확정",estimated,yes,candidate_estimated,투희 sar 장당 3.5
e38d479b4168741e622af524,pokemoncardgame,포켓몬 카드게임,2026-07,2026-07-11T11:26:45+09:00,known,8a112c31c751f0ab8d28f844,e38d479b4168741e622af524,118391,https://m.dcinside.com/board/pokemoncardgame/118391,16차!! 고레어 덱소스 판매합니다~!!,seller-51447db26eeb90b0124d315b,포갤러,registered,투희 sar,투희 sar,투희 sar 장당,,,unknown,미분류,1,3.5,35000,estimated,per_card,text,unknown,,active,needs_review,needs_review,"가격 단위 추정, 배송비 포함 여부 미확정",estimated,yes,candidate_estimated,투희 sar 장당 3.5
ead871deaebfe63a270b0eee,pokemoncardgame,포켓몬 카드게임,2026-07,2026-07-11T11:26:45+09:00,known,e724b8804552ab76b78ef913,ead871deaebfe63a270b0eee,118391,https://m.dcinside.com/board/pokemoncardgame/118391,16차!! 고레어 덱소스 판매합니다~!!,seller-51447db26eeb90b0124d315b,포갤러,registered,스바 버전 풀 에너지 UR,스바 버전 풀 에너지 UR,스바 버전 풀 에너지 UR,,,unknown,미분류,5,6.5,65000,estimated,bundle,text,unknown,,active,needs_review,needs_review,"가격 단위 추정, 일괄·세트 가격, 배송비 포함 여부 미확정, 묶음·세트 총액 · 개별 카드 가격 아님",estimated,no,no,스바 버전 풀 에너지 UR 5장 일괄 6.5
eb6e1b791f59062d46247a36,pokemoncardgame,포켓몬 카드게임,2026-07,2026-07-11T11:26:45+09:00,known,f7f0c49e6d8054696eebe455,eb6e1b791f59062d46247a36,118391,https://m.dcinside.com/board/pokemoncardgame/118391,16차!! 고레어 덱소스 판매합니다~!!,seller-51447db26eeb90b0124d315b,포갤러,registered,삼삼드래 풀고레어 덱소스,삼삼드래 풀고레어 덱소스,삼삼드래 풀고레어 덱소스,,,unknown,미분류,1,4.0,40000,estimated,bundle,text,unknown,,active,needs_review,needs_review,"가격 단위 추정, 배송비 포함 여부 미확정, 묶음·세트 총액 · 개별 카드 가격 아님",estimated,no,no,삼삼드래 풀고레어 덱소스 4.0
023963c6cd6ff86be8739d3c,pokemoncardgame,포켓몬 카드게임,2026-07,2026-07-11T13:53:36+09:00,known,75a2a2f8b90c0a796245cd82,023963c6cd6ff86be8739d3c,118397,https://m.dcinside.com/board/pokemoncardgame/118397,드펄개닌 완덱ㅍㅍ,seller-294481a251a8d29f2d746416,Kassks,registered,택미포,택미포,택미포,,,unknown,미분류,1,3.5,35000,estimated,per_card,text,unknown,,active,needs_review,needs_review,"가격 단위 추정, 배송비 포함 여부 미확정",estimated,yes,candidate_estimated,택미포 3.5
06bbab1cc0b952f5e019b931,pokemoncardgame,포켓몬 카드게임,2026-07,2026-07-11T13:53:36+09:00,known,75a2a2f8b90c0a796245cd82,06bbab1cc0b952f5e019b931,118397,https://m.dcinside.com/board/pokemoncardgame/118397,드펄개닌 완덱ㅍㅍ,seller-294481a251a8d29f2d746416,Kassks,registered,loadScript ' t,loadScript ' t,loadScript('//t,,,unknown,미분류,1,1,10000,estimated,bundle,text,unknown,,active,needs_review,needs_review,"가격 단위 추정, 복수 카드 가격, 배송비 포함 여부 미확정, 묶음·세트 총액 · 개별 카드 가격 아님",estimated,no,no,"loadScript('//t1.kakaocdn.net/kas/static/ba.min.js', true);"
0dc2caaab5bc2052813333d9,pokemoncardgame,포켓몬 카드게임,2026-07,2026-07-11T13:53:36+09:00,known,75a2a2f8b90c0a796245cd82,0dc2caaab5bc2052813333d9,118397,https://m.dcinside.com/board/pokemoncardgame/118397,드펄개닌 완덱ㅍㅍ,seller-294481a251a8d29f2d746416,Kassks,registered,DOM 삽입 헬퍼 현재 스크립트 위치 기준,DOM 삽입 헬퍼 현재 스크립트 위치 기준,// ---- DOM 삽입 헬퍼 (현재 스크립트 위치 기준,,,unknown,미분류,1,1,10000,estimated,bundle,text,unknown,,active,needs_review,needs_review,"가격 단위 추정, 복수 카드 가격, 배송비 포함 여부 미확정, 묶음·세트 총액 · 개별 카드 가격 아님",estimated,no,no,// ---- DOM 삽입 헬퍼 (현재 스크립트 위치 기준1)
21d3d691bb2850cfe1f6e33b,pokemoncardgame,포켓몬 카드게임,2026-07,2026-07-11T13:53:36+09:00,known,cb438ff7e58a45c206eebe23,21d3d691bb2850cfe1f6e33b,118397,https://m.dcinside.com/board/pokemoncardgame/118397,드펄개닌 완덱ㅍㅍ,seller-294481a251a8d29f2d746416,Kassks,registered,DOM 삽입 헬퍼 현재 스크립트 위치 기준,DOM 삽입 헬퍼 현재 스크립트 위치 기준,// ---- DOM 삽입 헬퍼 (현재 스크립트 위치 기준,,,unknown,미분류,1,1,10000,estimated,bundle,text,unknown,,active,needs_review,needs_review,"가격 단위 추정, 복수 카드 가격, 배송비 포함 여부 미확정, 묶음·세트 총액 · 개별 카드 가격 아님",estimated,no,no,// ---- DOM 삽입 헬퍼 (현재 스크립트 위치 기준1)
47325e96ebbfa94df4ac5bc2,pokemoncardgame,포켓몬 카드게임,2026-07,2026-07-11T13:53:36+09:00,known,75a2a2f8b90c0a796245cd82,47325e96ebbfa94df4ac5bc2,118397,https://m.dcinside.com/board/pokemoncardgame/118397,드펄개닌 완덱ㅍㅍ,seller-294481a251a8d29f2d746416,Kassks,registered,var safe = window.dcAd && window.dcAd.safe ==,var safe = window.dcAd && window.dcAd.safe ==,var safe = (window.dcAd && window.dcAd.safe ==,,,unknown,미분류,1,1,10000,estimated,bundle,text,unknown,,active,needs_review,needs_review,"가격 단위 추정, 복수 카드 가격, 배송비 포함 여부 미확정, 묶음·세트 총액 · 개별 카드 가격 아님",estimated,no,no,var safe = (window.dcAd && window.dcAd.safe == 1)
540c80cd17b808b472605a86,pokemoncardgame,포켓몬 카드게임,2026-07,2026-07-11T13:53:36+09:00,known,cb438ff7e58a45c206eebe23,540c80cd17b808b472605a86,118397,https://m.dcinside.com/board/pokemoncardgame/118397,드펄개닌 완덱ㅍㅍ,seller-294481a251a8d29f2d746416,Kassks,registered,택미포,택미포,택미포,,,unknown,미분류,1,3.5,35000,estimated,per_card,text,unknown,,active,needs_review,needs_review,"가격 단위 추정, 배송비 포함 여부 미확정",estimated,yes,candidate_estimated,택미포 3.5
6844098e014f893f43f3f95b,pokemoncardgame,포켓몬 카드게임,2026-07,2026-07-11T13:53:36+09:00,known,df4e91dc4d302fb1379f0254,6844098e014f893f43f3f95b,118397,https://m.dcinside.com/board/pokemoncardgame/118397,드펄개닌 완덱ㅍㅍ,seller-294481a251a8d29f2d746416,Kassks,registered,var safe = window.dcAd && window.dcAd.safe ==,var safe = window.dcAd && window.dcAd.safe ==,var safe = (window.dcAd && window.dcAd.safe ==,,,unknown,미분류,1,1,10000,estimated,bundle,text,unknown,,active,needs_review,needs_review,"가격 단위 추정, 복수 카드 가격, 배송비 포함 여부 미확정, 묶음·세트 총액 · 개별 카드 가격 아님",estimated,no,no,var safe = (window.dcAd && window.dcAd.safe == 1)
76661e4b474dc713cc780058,pokemoncardgame,포켓몬 카드게임,2026-07,2026-07-11T13:53:36+09:00,known,75a2a2f8b90c0a796245cd82,76661e4b474dc713cc780058,118397,https://m.dcinside.com/board/pokemoncardgame/118397,드펄개닌 완덱ㅍㅍ,seller-294481a251a8d29f2d746416,Kassks,registered,loadScript 'https pagead,loadScript 'https pagead,loadScript('https://pagead,,,unknown,미분류,1,2,20000,estimated,bundle,text,unknown,,active,needs_review,needs_review,"가격 단위 추정, 복수 카드 가격, 배송비 포함 여부 미확정, 묶음·세트 총액 · 개별 카드 가격 아님",estimated,no,no,"loadScript('https://pagead2.googlesyndication.com/pagead/js/adsbygoogle_direct.js?client=ca-pub-8171468792791627', true, 'anonymous');"
9b51ae12ff88bf9cc6b6bc10,pokemoncardgame,포켓몬 카드게임,2026-07,2026-07-11T13:53:36+09:00,known,df4e91dc4d302fb1379f0254,9b51ae12ff88bf9cc6b6bc10,118397,https://m.dcinside.com/board/pokemoncardgame/118397,드펄개닌 완덱ㅍㅍ,seller-294481a251a8d29f2d746416,Kassks,registered,loadScript 'https pagead,loadScript 'https pagead,loadScript('https://pagead,,,unknown,미분류,1,2,20000,estimated,bundle,text,unknown,,active,needs_review,needs_review,"가격 단위 추정, 복수 카드 가격, 배송비 포함 여부 미확정, 묶음·세트 총액 · 개별 카드 가격 아님",estimated,no,no,"loadScript('https://pagead2.googlesyndication.com/pagead/js/adsbygoogle_direct.js?client=ca-pub-8171468792791627', true, 'anonymous');"
b645e33000ffe474cc7ba91f,pokemoncardgame,포켓몬 카드게임,2026-07,2026-07-11T13:53:36+09:00,known,df4e91dc4d302fb1379f0254,b645e33000ffe474cc7ba91f,118397,https://m.dcinside.com/board/pokemoncardgame/118397,드펄개닌 완덱ㅍㅍ,seller-294481a251a8d29f2d746416,Kassks,registered,DOM 삽입 헬퍼 현재 스크립트 위치 기준,DOM 삽입 헬퍼 현재 스크립트 위치 기준,// ---- DOM 삽입 헬퍼 (현재 스크립트 위치 기준,,,unknown,미분류,1,1,10000,estimated,bundle,text,unknown,,active,needs_review,needs_review,"가격 단위 추정, 복수 카드 가격, 배송비 포함 여부 미확정, 묶음·세트 총액 · 개별 카드 가격 아님",estimated,no,no,// ---- DOM 삽입 헬퍼 (현재 스크립트 위치 기준1)
c0d6b5838671bb11309d16ac,pokemoncardgame,포켓몬 카드게임,2026-07,2026-07-11T13:53:36+09:00,known,cb438ff7e58a45c206eebe23,c0d6b5838671bb11309d16ac,118397,https://m.dcinside.com/board/pokemoncardgame/118397,드펄개닌 완덱ㅍㅍ,seller-294481a251a8d29f2d746416,Kassks,registered,loadScript 'https pagead,loadScript 'https pagead,loadScript('https://pagead,,,unknown,미분류,1,2,20000,estimated,bundle,text,unknown,,active,needs_review,needs_review,"가격 단위 추정, 복수 카드 가격, 배송비 포함 여부 미확정, 묶음·세트 총액 · 개별 카드 가격 아님",estimated,no,no,"loadScript('https://pagead2.googlesyndication.com/pagead/js/adsbygoogle_direct.js?client=ca-pub-8171468792791627', true, 'anonymous');"
cffd5adef29ae4bc8fadbcd9,pokemoncardgame,포켓몬 카드게임,2026-07,2026-07-11T13:53:36+09:00,known,df4e91dc4d302fb1379f0254,cffd5adef29ae4bc8fadbcd9,118397,https://m.dcinside.com/board/pokemoncardgame/118397,드펄개닌 완덱ㅍㅍ,seller-294481a251a8d29f2d746416,Kassks,registered,loadScript ' t,loadScript ' t,loadScript('//t,,,unknown,미분류,1,1,10000,estimated,bundle,text,unknown,,active,needs_review,needs_review,"가격 단위 추정, 복수 카드 가격, 배송비 포함 여부 미확정, 묶음·세트 총액 · 개별 카드 가격 아님",estimated,no,no,"loadScript('//t1.kakaocdn.net/kas/static/ba.min.js', true);"
de3027ab8e9e329e483b196f,pokemoncardgame,포켓몬 카드게임,2026-07,2026-07-11T13:53:36+09:00,known,cb438ff7e58a45c206eebe23,de3027ab8e9e329e483b196f,118397,https://m.dcinside.com/board/pokemoncardgame/118397,드펄개닌 완덱ㅍㅍ,seller-294481a251a8d29f2d746416,Kassks,registered,var safe = window.dcAd && window.dcAd.safe ==,var safe = window.dcAd && window.dcAd.safe ==,var safe = (window.dcAd && window.dcAd.safe ==,,,unknown,미분류,1,1,10000,estimated,bundle,text,unknown,,active,needs_review,needs_review,"가격 단위 추정, 복수 카드 가격, 배송비 포함 여부 미확정, 묶음·세트 총액 · 개별 카드 가격 아님",estimated,no,no,var safe = (window.dcAd && window.dcAd.safe == 1)
f0658fe68252cf0542ecb1b2,pokemoncardgame,포켓몬 카드게임,2026-07,2026-07-11T13:53:36+09:00,known,df4e91dc4d302fb1379f0254,f0658fe68252cf0542ecb1b2,118397,https://m.dcinside.com/board/pokemoncardgame/118397,드펄개닌 완덱ㅍㅍ,seller-294481a251a8d29f2d746416,Kassks,registered,택미포,택미포,택미포,,,unknown,미분류,1,3.5,35000,estimated,per_card,text,unknown,,active,needs_review,needs_review,"가격 단위 추정, 배송비 포함 여부 미확정",estimated,yes,candidate_estimated,택미포 3.5
f6442da8fa2637638c520396,pokemoncardgame,포켓몬 카드게임,2026-07,2026-07-11T13:53:36+09:00,known,cb438ff7e58a45c206eebe23,f6442da8fa2637638c520396,118397,https://m.dcinside.com/board/pokemoncardgame/118397,드펄개닌 완덱ㅍㅍ,seller-294481a251a8d29f2d746416,Kassks,registered,loadScript ' t,loadScript ' t,loadScript('//t,,,unknown,미분류,1,1,10000,estimated,bundle,text,unknown,,active,needs_review,needs_review,"가격 단위 추정, 복수 카드 가격, 배송비 포함 여부 미확정, 묶음·세트 총액 · 개별 카드 가격 아님",estimated,no,no,"loadScript('//t1.kakaocdn.net/kas/static/ba.min.js', true);"
11d3951d0c0912c862ddc7a6,pokemoncardgame,포켓몬 카드게임,2026-07,2026-07-12T23:43:00+09:00,known,5582ae187d6534638a735b1b,11d3951d0c0912c862ddc7a6,118488,https://m.dcinside.com/board/pokemoncardgame/118488,니힐제로 + 메가드림 + 어비스아이 덱소스 팔아요,seller-63d1a598e4f72d13f912272c,ㅇㅇ,guest,loadScript 'https pagead,loadScript 'https pagead,loadScript('https://pagead,,,unknown,미분류,1,2,20000,estimated,bundle,text,unknown,,active,needs_review,needs_review,"가격 단위 추정, 복수 카드 가격, 배송비 포함 여부 미확정, 묶음·세트 총액 · 개별 카드 가격 아님",estimated,no,no,"loadScript('https://pagead2.googlesyndication.com/pagead/js/adsbygoogle_direct.js?client=ca-pub-8171468792791627', true, 'anonymous');"
20e37bf230b97a404d2102db,pokemoncardgame,포켓몬 카드게임,2026-07,2026-07-12T23:43:00+09:00,known,5582ae187d6534638a735b1b,20e37bf230b97a404d2102db,118488,https://m.dcinside.com/board/pokemoncardgame/118488,니힐제로 + 메가드림 + 어비스아이 덱소스 팔아요,seller-63d1a598e4f72d13f912272c,ㅇㅇ,guest,예를 들어서 메가 다크라이 ex 시세 2000원이면,예를 들어서 메가 다크라이 ex 시세 2000원이면,예를 들어서 메가 다크라이 ex 시세 2000원이면,,,unknown,미분류,1,1900,1900,exact,per_card,text,unknown,,active,needs_review,needs_review,배송비 포함 여부 미확정,exact,yes,candidate_estimated,예를 들어서 메가 다크라이 ex 시세 2000원이면 1900원
25ba6796c92c4fb4564807a1,pokemoncardgame,포켓몬 카드게임,2026-07,2026-07-12T23:43:00+09:00,known,3213d0a93dd92e4179d9d307,25ba6796c92c4fb4564807a1,118488,https://m.dcinside.com/board/pokemoncardgame/118488,니힐제로 + 메가드림 + 어비스아이 덱소스 팔아요,seller-09805343dc6cf476fdd84a1a,ㅇㅇ,guest,모든 카드 시세기준,모든 카드 시세기준,모든 카드 시세기준,,,unknown,미분류,1,100,100,exact,per_card,text,unknown,,active,needs_review,needs_review,배송비 포함 여부 미확정,exact,yes,candidate_estimated,모든 카드 시세기준 - 100원에 팜
28cf4c173f19f120a2ac158b,pokemoncardgame,포켓몬 카드게임,2026-07,2026-07-12T23:43:00+09:00,known,3213d0a93dd92e4179d9d307,28cf4c173f19f120a2ac158b,118488,https://m.dcinside.com/board/pokemoncardgame/118488,니힐제로 + 메가드림 + 어비스아이 덱소스 팔아요,seller-09805343dc6cf476fdd84a1a,ㅇㅇ,guest,loadScript ' t,loadScript ' t,loadScript('//t,,,unknown,미분류,1,1,10000,estimated,bundle,text,unknown,,active,needs_review,needs_review,"가격 단위 추정, 복수 카드 가격, 배송비 포함 여부 미확정, 묶음·세트 총액 · 개별 카드 가격 아님",estimated,no,no,"loadScript('//t1.kakaocdn.net/kas/static/ba.min.js', true);"
2d238b74836887b3bfd41517,pokemoncardgame,포켓몬 카드게임,2026-07,2026-07-12T23:43:00+09:00,known,2c77973d185fd853475d36d7,2d238b74836887b3bfd41517,118488,https://m.dcinside.com/board/pokemoncardgame/118488,니힐제로 + 메가드림 + 어비스아이 덱소스 팔아요,seller-fd8fa6f301f02db6a082a4cc,ㅇㅇ,guest,모든 카드 시세기준,모든 카드 시세기준,모든 카드 시세기준,,,unknown,미분류,1,100,100,exact,per_card,text,unknown,,active,needs_review,needs_review,배송비 포함 여부 미확정,exact,yes,candidate_estimated,모든 카드 시세기준 - 100원에 팜
44cc72ad4c15e3be270e2a29,pokemoncardgame,포켓몬 카드게임,2026-07,2026-07-12T23:43:00+09:00,known,31664d8cb3325e309b0caf0d,44cc72ad4c15e3be270e2a29,118488,https://m.dcinside.com/board/pokemoncardgame/118488,니힐제로 + 메가드림 + 어비스아이 덱소스 팔아요,seller-e7fdebd6dd65b8c28c19d853,ㅇㅇ,guest,DOM 삽입 헬퍼 현재 스크립트 위치 기준,DOM 삽입 헬퍼 현재 스크립트 위치 기준,// ---- DOM 삽입 헬퍼 (현재 스크립트 위치 기준,,,unknown,미분류,1,1,10000,estimated,bundle,text,unknown,,active,needs_review,needs_review,"가격 단위 추정, 복수 카드 가격, 배송비 포함 여부 미확정, 묶음·세트 총액 · 개별 카드 가격 아님",estimated,no,no,// ---- DOM 삽입 헬퍼 (현재 스크립트 위치 기준1)
5b171a5dc2169beca0d133b9,pokemoncardgame,포켓몬 카드게임,2026-07,2026-07-12T23:43:00+09:00,known,5582ae187d6534638a735b1b,5b171a5dc2169beca0d133b9,118488,https://m.dcinside.com/board/pokemoncardgame/118488,니힐제로 + 메가드림 + 어비스아이 덱소스 팔아요,seller-63d1a598e4f72d13f912272c,ㅇㅇ,guest,var safe = window.dcAd && window.dcAd.safe ==,var safe = window.dcAd && window.dcAd.safe ==,var safe = (window.dcAd && window.dcAd.safe ==,,,unknown,미분류,1,1,10000,estimated,bundle,text,unknown,,active,needs_review,needs_review,"가격 단위 추정, 복수 카드 가격, 배송비 포함 여부 미확정, 묶음·세트 총액 · 개별 카드 가격 아님",estimated,no,no,var safe = (window.dcAd && window.dcAd.safe == 1)
5f94aaa91b41bce6fcaf58bd,pokemoncardgame,포켓몬 카드게임,2026-07,2026-07-12T23:43:00+09:00,known,2c77973d185fd853475d36d7,5f94aaa91b41bce6fcaf58bd,118488,https://m.dcinside.com/board/pokemoncardgame/118488,니힐제로 + 메가드림 + 어비스아이 덱소스 팔아요,seller-fd8fa6f301f02db6a082a4cc,ㅇㅇ,guest,loadScript ' t,loadScript ' t,loadScript('//t,,,unknown,미분류,1,1,10000,estimated,bundle,text,unknown,,active,needs_review,needs_review,"가격 단위 추정, 복수 카드 가격, 배송비 포함 여부 미확정, 묶음·세트 총액 · 개별 카드 가격 아님",estimated,no,no,"loadScript('//t1.kakaocdn.net/kas/static/ba.min.js', true);"
6d64492ceb5b05ffc356dbc0,pokemoncardgame,포켓몬 카드게임,2026-07,2026-07-12T23:43:00+09:00,known,5582ae187d6534638a735b1b,6d64492ceb5b05ffc356dbc0,118488,https://m.dcinside.com/board/pokemoncardgame/118488,니힐제로 + 메가드림 + 어비스아이 덱소스 팔아요,seller-63d1a598e4f72d13f912272c,ㅇㅇ,guest,DOM 삽입 헬퍼 현재 스크립트 위치 기준,DOM 삽입 헬퍼 현재 스크립트 위치 기준,// ---- DOM 삽입 헬퍼 (현재 스크립트 위치 기준,,,unknown,미분류,1,1,10000,estimated,bundle,text,unknown,,active,needs_review,needs_review,"가격 단위 추정, 복수 카드 가격, 배송비 포함 여부 미확정, 묶음·세트 총액 · 개별 카드 가격 아님",estimated,no,no,// ---- DOM 삽입 헬퍼 (현재 스크립트 위치 기준1)
7503866b86bfc5ab0650bd6d,pokemoncardgame,포켓몬 카드게임,2026-07,2026-07-12T23:43:00+09:00,known,31664d8cb3325e309b0caf0d,7503866b86bfc5ab0650bd6d,118488,https://m.dcinside.com/board/pokemoncardgame/118488,니힐제로 + 메가드림 + 어비스아이 덱소스 팔아요,seller-e7fdebd6dd65b8c28c19d853,ㅇㅇ,guest,예를 들어서 메가 다크라이 ex 시세 2000원이면,예를 들어서 메가 다크라이 ex 시세 2000원이면,예를 들어서 메가 다크라이 ex 시세 2000원이면,,,unknown,미분류,1,1900,1900,exact,per_card,text,unknown,,active,needs_review,needs_review,배송비 포함 여부 미확정,exact,yes,candidate_estimated,예를 들어서 메가 다크라이 ex 시세 2000원이면 1900원
795ba7819169097af440a754,pokemoncardgame,포켓몬 카드게임,2026-07,2026-07-12T23:43:00+09:00,known,3213d0a93dd92e4179d9d307,795ba7819169097af440a754,118488,https://m.dcinside.com/board/pokemoncardgame/118488,니힐제로 + 메가드림 + 어비스아이 덱소스 팔아요,seller-09805343dc6cf476fdd84a1a,ㅇㅇ,guest,var safe = window.dcAd && window.dcAd.safe ==,var safe = window.dcAd && window.dcAd.safe ==,var safe = (window.dcAd && window.dcAd.safe ==,,,unknown,미분류,1,1,10000,estimated,bundle,text,unknown,,active,needs_review,needs_review,"가격 단위 추정, 복수 카드 가격, 배송비 포함 여부 미확정, 묶음·세트 총액 · 개별 카드 가격 아님",estimated,no,no,var safe = (window.dcAd && window.dcAd.safe == 1)
855962f62c17ff1b7b5ed63a,pokemoncardgame,포켓몬 카드게임,2026-07,2026-07-12T23:43:00+09:00,known,31664d8cb3325e309b0caf0d,855962f62c17ff1b7b5ed63a,118488,https://m.dcinside.com/board/pokemoncardgame/118488,니힐제로 + 메가드림 + 어비스아이 덱소스 팔아요,seller-e7fdebd6dd65b8c28c19d853,ㅇㅇ,guest,loadScript ' t,loadScript ' t,loadScript('//t,,,unknown,미분류,1,1,10000,estimated,bundle,text,unknown,,active,needs_review,needs_review,"가격 단위 추정, 복수 카드 가격, 배송비 포함 여부 미확정, 묶음·세트 총액 · 개별 카드 가격 아님",estimated,no,no,"loadScript('//t1.kakaocdn.net/kas/static/ba.min.js', true);"
8be22512c19adf52f3f68469,pokemoncardgame,포켓몬 카드게임,2026-07,2026-07-12T23:43:00+09:00,known,31664d8cb3325e309b0caf0d,8be22512c19adf52f3f68469,118488,https://m.dcinside.com/board/pokemoncardgame/118488,니힐제로 + 메가드림 + 어비스아이 덱소스 팔아요,seller-e7fdebd6dd65b8c28c19d853,ㅇㅇ,guest,loadScript 'https pagead,loadScript 'https pagead,loadScript('https://pagead,,,unknown,미분류,1,2,20000,estimated,bundle,text,unknown,,active,needs_review,needs_review,"가격 단위 추정, 복수 카드 가격, 배송비 포함 여부 미확정, 묶음·세트 총액 · 개별 카드 가격 아님",estimated,no,no,"loadScript('https://pagead2.googlesyndication.com/pagead/js/adsbygoogle_direct.js?client=ca-pub-8171468792791627', true, 'anonymous');"
9b93a65fd38a2226e9a00aea,pokemoncardgame,포켓몬 카드게임,2026-07,2026-07-12T23:43:00+09:00,known,31664d8cb3325e309b0caf0d,9b93a65fd38a2226e9a00aea,118488,https://m.dcinside.com/board/pokemoncardgame/118488,니힐제로 + 메가드림 + 어비스아이 덱소스 팔아요,seller-e7fdebd6dd65b8c28c19d853,ㅇㅇ,guest,모든 카드 시세기준,모든 카드 시세기준,모든 카드 시세기준,,,unknown,미분류,1,100,100,exact,per_card,text,unknown,,active,needs_review,needs_review,배송비 포함 여부 미확정,exact,yes,candidate_estimated,모든 카드 시세기준 - 100원에 팜
a6580fd6c363c2137ed68c7b,pokemoncardgame,포켓몬 카드게임,2026-07,2026-07-12T23:43:00+09:00,known,3213d0a93dd92e4179d9d307,a6580fd6c363c2137ed68c7b,118488,https://m.dcinside.com/board/pokemoncardgame/118488,니힐제로 + 메가드림 + 어비스아이 덱소스 팔아요,seller-09805343dc6cf476fdd84a1a,ㅇㅇ,guest,DOM 삽입 헬퍼 현재 스크립트 위치 기준,DOM 삽입 헬퍼 현재 스크립트 위치 기준,// ---- DOM 삽입 헬퍼 (현재 스크립트 위치 기준,,,unknown,미분류,1,1,10000,estimated,bundle,text,unknown,,active,needs_review,needs_review,"가격 단위 추정, 복수 카드 가격, 배송비 포함 여부 미확정, 묶음·세트 총액 · 개별 카드 가격 아님",estimated,no,no,// ---- DOM 삽입 헬퍼 (현재 스크립트 위치 기준1)
adb9f27dc5af3d7a3c9ec22b,pokemoncardgame,포켓몬 카드게임,2026-07,2026-07-12T23:43:00+09:00,known,2c77973d185fd853475d36d7,adb9f27dc5af3d7a3c9ec22b,118488,https://m.dcinside.com/board/pokemoncardgame/118488,니힐제로 + 메가드림 + 어비스아이 덱소스 팔아요,seller-fd8fa6f301f02db6a082a4cc,ㅇㅇ,guest,var safe = window.dcAd && window.dcAd.safe ==,var safe = window.dcAd && window.dcAd.safe ==,var safe = (window.dcAd && window.dcAd.safe ==,,,unknown,미분류,1,1,10000,estimated,bundle,text,unknown,,active,needs_review,needs_review,"가격 단위 추정, 복수 카드 가격, 배송비 포함 여부 미확정, 묶음·세트 총액 · 개별 카드 가격 아님",estimated,no,no,var safe = (window.dcAd && window.dcAd.safe == 1)
b488209382b7c85c628fb636,pokemoncardgame,포켓몬 카드게임,2026-07,2026-07-12T23:43:00+09:00,known,2c77973d185fd853475d36d7,b488209382b7c85c628fb636,118488,https://m.dcinside.com/board/pokemoncardgame/118488,니힐제로 + 메가드림 + 어비스아이 덱소스 팔아요,seller-fd8fa6f301f02db6a082a4cc,ㅇㅇ,guest,loadScript 'https pagead,loadScript 'https pagead,loadScript('https://pagead,,,unknown,미분류,1,2,20000,estimated,bundle,text,unknown,,active,needs_review,needs_review,"가격 단위 추정, 복수 카드 가격, 배송비 포함 여부 미확정, 묶음·세트 총액 · 개별 카드 가격 아님",estimated,no,no,"loadScript('https://pagead2.googlesyndication.com/pagead/js/adsbygoogle_direct.js?client=ca-pub-8171468792791627', true, 'anonymous');"
b5000652b357251909a07b80,pokemoncardgame,포켓몬 카드게임,2026-07,2026-07-12T23:43:00+09:00,known,3213d0a93dd92e4179d9d307,b5000652b357251909a07b80,118488,https://m.dcinside.com/board/pokemoncardgame/118488,니힐제로 + 메가드림 + 어비스아이 덱소스 팔아요,seller-09805343dc6cf476fdd84a1a,ㅇㅇ,guest,예를 들어서 메가 다크라이 ex 시세 2000원이면,예를 들어서 메가 다크라이 ex 시세 2000원이면,예를 들어서 메가 다크라이 ex 시세 2000원이면,,,unknown,미분류,1,1900,1900,exact,per_card,text,unknown,,active,needs_review,needs_review,배송비 포함 여부 미확정,exact,yes,candidate_estimated,예를 들어서 메가 다크라이 ex 시세 2000원이면 1900원
c5913bfe894338e0b26a1e71,pokemoncardgame,포켓몬 카드게임,2026-07,2026-07-12T23:43:00+09:00,known,2c77973d185fd853475d36d7,c5913bfe894338e0b26a1e71,118488,https://m.dcinside.com/board/pokemoncardgame/118488,니힐제로 + 메가드림 + 어비스아이 덱소스 팔아요,seller-fd8fa6f301f02db6a082a4cc,ㅇㅇ,guest,DOM 삽입 헬퍼 현재 스크립트 위치 기준,DOM 삽입 헬퍼 현재 스크립트 위치 기준,// ---- DOM 삽입 헬퍼 (현재 스크립트 위치 기준,,,unknown,미분류,1,1,10000,estimated,bundle,text,unknown,,active,needs_review,needs_review,"가격 단위 추정, 복수 카드 가격, 배송비 포함 여부 미확정, 묶음·세트 총액 · 개별 카드 가격 아님",estimated,no,no,// ---- DOM 삽입 헬퍼 (현재 스크립트 위치 기준1)
d42a52982c60b4111b130fee,pokemoncardgame,포켓몬 카드게임,2026-07,2026-07-12T23:43:00+09:00,known,2c77973d185fd853475d36d7,d42a52982c60b4111b130fee,118488,https://m.dcinside.com/board/pokemoncardgame/118488,니힐제로 + 메가드림 + 어비스아이 덱소스 팔아요,seller-fd8fa6f301f02db6a082a4cc,ㅇㅇ,guest,예를 들어서 메가 다크라이 ex 시세 2000원이면,예를 들어서 메가 다크라이 ex 시세 2000원이면,예를 들어서 메가 다크라이 ex 시세 2000원이면,,,unknown,미분류,1,1900,1900,exact,per_card,text,unknown,,active,needs_review,needs_review,배송비 포함 여부 미확정,exact,yes,candidate_estimated,예를 들어서 메가 다크라이 ex 시세 2000원이면 1900원
dd18442688deb696bf3f5adc,pokemoncardgame,포켓몬 카드게임,2026-07,2026-07-12T23:43:00+09:00,known,3213d0a93dd92e4179d9d307,dd18442688deb696bf3f5adc,118488,https://m.dcinside.com/board/pokemoncardgame/118488,니힐제로 + 메가드림 + 어비스아이 덱소스 팔아요,seller-09805343dc6cf476fdd84a1a,ㅇㅇ,guest,loadScript 'https pagead,loadScript 'https pagead,loadScript('https://pagead,,,unknown,미분류,1,2,20000,estimated,bundle,text,unknown,,active,needs_review,needs_review,"가격 단위 추정, 복수 카드 가격, 배송비 포함 여부 미확정, 묶음·세트 총액 · 개별 카드 가격 아님",estimated,no,no,"loadScript('https://pagead2.googlesyndication.com/pagead/js/adsbygoogle_direct.js?client=ca-pub-8171468792791627', true, 'anonymous');"
e6a47a25089cf18237f75ea1,pokemoncardgame,포켓몬 카드게임,2026-07,2026-07-12T23:43:00+09:00,known,5582ae187d6534638a735b1b,e6a47a25089cf18237f75ea1,118488,https://m.dcinside.com/board/pokemoncardgame/118488,니힐제로 + 메가드림 + 어비스아이 덱소스 팔아요,seller-63d1a598e4f72d13f912272c,ㅇㅇ,guest,loadScript ' t,loadScript ' t,loadScript('//t,,,unknown,미분류,1,1,10000,estimated,bundle,text,unknown,,active,needs_review,needs_review,"가격 단위 추정, 복수 카드 가격, 배송비 포함 여부 미확정, 묶음·세트 총액 · 개별 카드 가격 아님",estimated,no,no,"loadScript('//t1.kakaocdn.net/kas/static/ba.min.js', true);"
ed6442e566ff251153e4ba16,pokemoncardgame,포켓몬 카드게임,2026-07,2026-07-12T23:43:00+09:00,known,5582ae187d6534638a735b1b,ed6442e566ff251153e4ba16,118488,https://m.dcinside.com/board/pokemoncardgame/118488,니힐제로 + 메가드림 + 어비스아이 덱소스 팔아요,seller-63d1a598e4f72d13f912272c,ㅇㅇ,guest,모든 카드 시세기준,모든 카드 시세기준,모든 카드 시세기준,,,unknown,미분류,1,100,100,exact,per_card,text,unknown,,active,needs_review,needs_review,배송비 포함 여부 미확정,exact,yes,candidate_estimated,모든 카드 시세기준 - 100원에 팜
eebd0fe885bec90cc4abb141,pokemoncardgame,포켓몬 카드게임,2026-07,2026-07-12T23:43:00+09:00,known,31664d8cb3325e309b0caf0d,eebd0fe885bec90cc4abb141,118488,https://m.dcinside.com/board/pokemoncardgame/118488,니힐제로 + 메가드림 + 어비스아이 덱소스 팔아요,seller-e7fdebd6dd65b8c28c19d853,ㅇㅇ,guest,var safe = window.dcAd && window.dcAd.safe ==,var safe = window.dcAd && window.dcAd.safe ==,var safe = (window.dcAd && window.dcAd.safe ==,,,unknown,미분류,1,1,10000,estimated,bundle,text,unknown,,active,needs_review,needs_review,"가격 단위 추정, 복수 카드 가격, 배송비 포함 여부 미확정, 묶음·세트 총액 · 개별 카드 가격 아님",estimated,no,no,var safe = (window.dcAd && window.dcAd.safe == 1)
0501cc5d55ef39e13f304f77,pokemoncardgame,포켓몬 카드게임,2026-07,2026-07-13T00:48:00+09:00,known,bdfc496a2d04f4c22bf2b924,0501cc5d55ef39e13f304f77,118492,https://m.dcinside.com/board/pokemoncardgame/118492,옛날 덱 두개 싸게 넘깁니다 (거래중),seller-322c5a4d363bc56ac5fc0d4d,5885,guest,두개 합쳐서,두개 합쳐서,두개 합쳐서,,,unknown,미분류,1,4,40000,estimated,per_card,text,unknown,,active,needs_review,needs_review,"가격 단위 추정, 배송비 포함 여부 미확정",estimated,yes,candidate_estimated,두개 합쳐서 4에 넘깁니다
18a6aa2afa569b19259fa74c,pokemoncardgame,포켓몬 카드게임,2026-07,2026-07-13T00:48:00+09:00,known,72384313f1321f1132950e45,18a6aa2afa569b19259fa74c,118492,https://m.dcinside.com/board/pokemoncardgame/118492,옛날 덱 두개 싸게 넘깁니다 (거래중),seller-f0ef962f5b781cddc4f2c80b,5885,guest,loadScript ' t,loadScript ' t,loadScript('//t,,,unknown,미분류,1,1,10000,estimated,bundle,text,unknown,,active,needs_review,needs_review,"가격 단위 추정, 복수 카드 가격, 배송비 포함 여부 미확정, 묶음·세트 총액 · 개별 카드 가격 아님",estimated,no,no,"loadScript('//t1.kakaocdn.net/kas/static/ba.min.js', true);"
1a4f2a54f92034e4c346d43f,pokemoncardgame,포켓몬 카드게임,2026-07,2026-07-13T00:48:00+09:00,known,ad90ea6287b1e10fe8665c71,1a4f2a54f92034e4c346d43f,118492,https://m.dcinside.com/board/pokemoncardgame/118492,옛날 덱 두개 싸게 넘깁니다 (거래중),seller-b0a7712ca5288521e7307472,5885,guest,var safe = window.dcAd && window.dcAd.safe ==,var safe = window.dcAd && window.dcAd.safe ==,var safe = (window.dcAd && window.dcAd.safe ==,,,unknown,미분류,1,1,10000,estimated,bundle,text,unknown,,active,needs_review,needs_review,"가격 단위 추정, 복수 카드 가격, 배송비 포함 여부 미확정, 묶음·세트 총액 · 개별 카드 가격 아님",estimated,no,no,var safe = (window.dcAd && window.dcAd.safe == 1)
3aa71ba52bca55b684d394ed,pokemoncardgame,포켓몬 카드게임,2026-07,2026-07-13T00:48:00+09:00,known,bdfc496a2d04f4c22bf2b924,3aa71ba52bca55b684d394ed,118492,https://m.dcinside.com/board/pokemoncardgame/118492,옛날 덱 두개 싸게 넘깁니다 (거래중),seller-322c5a4d363bc56ac5fc0d4d,5885,guest,DOM 삽입 헬퍼 현재 스크립트 위치 기준,DOM 삽입 헬퍼 현재 스크립트 위치 기준,// ---- DOM 삽입 헬퍼 (현재 스크립트 위치 기준,,,unknown,미분류,1,1,10000,estimated,bundle,text,unknown,,active,needs_review,needs_review,"가격 단위 추정, 복수 카드 가격, 배송비 포함 여부 미확정, 묶음·세트 총액 · 개별 카드 가격 아님",estimated,no,no,// ---- DOM 삽입 헬퍼 (현재 스크립트 위치 기준1)
5205a0a16106306c5f73085d,pokemoncardgame,포켓몬 카드게임,2026-07,2026-07-13T00:48:00+09:00,known,bdfc496a2d04f4c22bf2b924,5205a0a16106306c5f73085d,118492,https://m.dcinside.com/board/pokemoncardgame/118492,옛날 덱 두개 싸게 넘깁니다 (거래중),seller-322c5a4d363bc56ac5fc0d4d,5885,guest,var safe = window.dcAd && window.dcAd.safe ==,var safe = window.dcAd && window.dcAd.safe ==,var safe = (window.dcAd && window.dcAd.safe ==,,,unknown,미분류,1,1,10000,estimated,bundle,text,unknown,,active,needs_review,needs_review,"가격 단위 추정, 복수 카드 가격, 배송비 포함 여부 미확정, 묶음·세트 총액 · 개별 카드 가격 아님",estimated,no,no,var safe = (window.dcAd && window.dcAd.safe == 1)
536a49533511244e67030b4c,pokemoncardgame,포켓몬 카드게임,2026-07,2026-07-13T00:48:00+09:00,known,bdfc496a2d04f4c22bf2b924,536a49533511244e67030b4c,118492,https://m.dcinside.com/board/pokemoncardgame/118492,옛날 덱 두개 싸게 넘깁니다 (거래중),seller-322c5a4d363bc56ac5fc0d4d,5885,guest,loadScript 'https pagead,loadScript 'https pagead,loadScript('https://pagead,,,unknown,미분류,1,2,20000,estimated,bundle,text,unknown,,active,needs_review,needs_review,"가격 단위 추정, 복수 카드 가격, 배송비 포함 여부 미확정, 묶음·세트 총액 · 개별 카드 가격 아님",estimated,no,no,"loadScript('https://pagead2.googlesyndication.com/pagead/js/adsbygoogle_direct.js?client=ca-pub-8171468792791627', true, 'anonymous');"
6504a4fb305a82d13eea0a73,pokemoncardgame,포켓몬 카드게임,2026-07,2026-07-13T00:48:00+09:00,known,42358de19c65837a450e25d5,6504a4fb305a82d13eea0a73,118492,https://m.dcinside.com/board/pokemoncardgame/118492,옛날 덱 두개 싸게 넘깁니다 (거래중),seller-0be89fc733a85af4617a3a2f,5885,guest,loadScript 'https pagead,loadScript 'https pagead,loadScript('https://pagead,,,unknown,미분류,1,2,20000,estimated,bundle,text,unknown,,active,needs_review,needs_review,"가격 단위 추정, 복수 카드 가격, 배송비 포함 여부 미확정, 묶음·세트 총액 · 개별 카드 가격 아님",estimated,no,no,"loadScript('https://pagead2.googlesyndication.com/pagead/js/adsbygoogle_direct.js?client=ca-pub-8171468792791627', true, 'anonymous');"
699035ef0c8ac72e149ff1c0,pokemoncardgame,포켓몬 카드게임,2026-07,2026-07-13T00:48:00+09:00,known,72384313f1321f1132950e45,699035ef0c8ac72e149ff1c0,118492,https://m.dcinside.com/board/pokemoncardgame/118492,옛날 덱 두개 싸게 넘깁니다 (거래중),seller-f0ef962f5b781cddc4f2c80b,5885,guest,loadScript 'https pagead,loadScript 'https pagead,loadScript('https://pagead,,,unknown,미분류,1,2,20000,estimated,bundle,text,unknown,,active,needs_review,needs_review,"가격 단위 추정, 복수 카드 가격, 배송비 포함 여부 미확정, 묶음·세트 총액 · 개별 카드 가격 아님",estimated,no,no,"loadScript('https://pagead2.googlesyndication.com/pagead/js/adsbygoogle_direct.js?client=ca-pub-8171468792791627', true, 'anonymous');"
6eb40aa038a3ef88a0865c7b,pokemoncardgame,포켓몬 카드게임,2026-07,2026-07-13T00:48:00+09:00,known,42358de19c65837a450e25d5,6eb40aa038a3ef88a0865c7b,118492,https://m.dcinside.com/board/pokemoncardgame/118492,옛날 덱 두개 싸게 넘깁니다 (거래중),seller-0be89fc733a85af4617a3a2f,5885,guest,loadScript ' t,loadScript ' t,loadScript('//t,,,unknown,미분류,1,1,10000,estimated,bundle,text,unknown,,active,needs_review,needs_review,"가격 단위 추정, 복수 카드 가격, 배송비 포함 여부 미확정, 묶음·세트 총액 · 개별 카드 가격 아님",estimated,no,no,"loadScript('//t1.kakaocdn.net/kas/static/ba.min.js', true);"
734ddc043096ad398bd3ea35,pokemoncardgame,포켓몬 카드게임,2026-07,2026-07-13T00:48:00+09:00,known,ad90ea6287b1e10fe8665c71,734ddc043096ad398bd3ea35,118492,https://m.dcinside.com/board/pokemoncardgame/118492,옛날 덱 두개 싸게 넘깁니다 (거래중),seller-b0a7712ca5288521e7307472,5885,guest,두개 합쳐서,두개 합쳐서,두개 합쳐서,,,unknown,미분류,1,4,40000,estimated,per_card,text,unknown,,active,needs_review,needs_review,"가격 단위 추정, 배송비 포함 여부 미확정",estimated,yes,candidate_estimated,두개 합쳐서 4에 넘깁니다
7771eb50d206b34e2634731b,pokemoncardgame,포켓몬 카드게임,2026-07,2026-07-13T00:48:00+09:00,known,ad90ea6287b1e10fe8665c71,7771eb50d206b34e2634731b,118492,https://m.dcinside.com/board/pokemoncardgame/118492,옛날 덱 두개 싸게 넘깁니다 (거래중),seller-b0a7712ca5288521e7307472,5885,guest,DOM 삽입 헬퍼 현재 스크립트 위치 기준,DOM 삽입 헬퍼 현재 스크립트 위치 기준,// ---- DOM 삽입 헬퍼 (현재 스크립트 위치 기준,,,unknown,미분류,1,1,10000,estimated,bundle,text,unknown,,active,needs_review,needs_review,"가격 단위 추정, 복수 카드 가격, 배송비 포함 여부 미확정, 묶음·세트 총액 · 개별 카드 가격 아님",estimated,no,no,// ---- DOM 삽입 헬퍼 (현재 스크립트 위치 기준1)
794c147fd083d5ab42482648,pokemoncardgame,포켓몬 카드게임,2026-07,2026-07-13T00:48:00+09:00,known,72384313f1321f1132950e45,794c147fd083d5ab42482648,118492,https://m.dcinside.com/board/pokemoncardgame/118492,옛날 덱 두개 싸게 넘깁니다 (거래중),seller-f0ef962f5b781cddc4f2c80b,5885,guest,두개 합쳐서,두개 합쳐서,두개 합쳐서,,,unknown,미분류,1,4,40000,estimated,per_card,text,unknown,,active,needs_review,needs_review,"가격 단위 추정, 배송비 포함 여부 미확정",estimated,yes,candidate_estimated,두개 합쳐서 4에 넘깁니다
919fbcbeef597a0201ac1896,pokemoncardgame,포켓몬 카드게임,2026-07,2026-07-13T00:48:00+09:00,known,42358de19c65837a450e25d5,919fbcbeef597a0201ac1896,118492,https://m.dcinside.com/board/pokemoncardgame/118492,옛날 덱 두개 싸게 넘깁니다 (거래중),seller-0be89fc733a85af4617a3a2f,5885,guest,DOM 삽입 헬퍼 현재 스크립트 위치 기준,DOM 삽입 헬퍼 현재 스크립트 위치 기준,// ---- DOM 삽입 헬퍼 (현재 스크립트 위치 기준,,,unknown,미분류,1,1,10000,estimated,bundle,text,unknown,,active,needs_review,needs_review,"가격 단위 추정, 복수 카드 가격, 배송비 포함 여부 미확정, 묶음·세트 총액 · 개별 카드 가격 아님",estimated,no,no,// ---- DOM 삽입 헬퍼 (현재 스크립트 위치 기준1)
ab2ece5ba00cf0a1584e1b92,pokemoncardgame,포켓몬 카드게임,2026-07,2026-07-13T00:48:00+09:00,known,ad90ea6287b1e10fe8665c71,ab2ece5ba00cf0a1584e1b92,118492,https://m.dcinside.com/board/pokemoncardgame/118492,옛날 덱 두개 싸게 넘깁니다 (거래중),seller-b0a7712ca5288521e7307472,5885,guest,loadScript 'https pagead,loadScript 'https pagead,loadScript('https://pagead,,,unknown,미분류,1,2,20000,estimated,bundle,text,unknown,,active,needs_review,needs_review,"가격 단위 추정, 복수 카드 가격, 배송비 포함 여부 미확정, 묶음·세트 총액 · 개별 카드 가격 아님",estimated,no,no,"loadScript('https://pagead2.googlesyndication.com/pagead/js/adsbygoogle_direct.js?client=ca-pub-8171468792791627', true, 'anonymous');"
c66f646c2a959640cc9b74f2,pokemoncardgame,포켓몬 카드게임,2026-07,2026-07-13T00:48:00+09:00,known,72384313f1321f1132950e45,c66f646c2a959640cc9b74f2,118492,https://m.dcinside.com/board/pokemoncardgame/118492,옛날 덱 두개 싸게 넘깁니다 (거래중),seller-f0ef962f5b781cddc4f2c80b,5885,guest,var safe = window.dcAd && window.dcAd.safe ==,var safe = window.dcAd && window.dcAd.safe ==,var safe = (window.dcAd && window.dcAd.safe ==,,,unknown,미분류,1,1,10000,estimated,bundle,text,unknown,,active,needs_review,needs_review,"가격 단위 추정, 복수 카드 가격, 배송비 포함 여부 미확정, 묶음·세트 총액 · 개별 카드 가격 아님",estimated,no,no,var safe = (window.dcAd && window.dcAd.safe == 1)
cda87db605eb04b6cbc17f8d,pokemoncardgame,포켓몬 카드게임,2026-07,2026-07-13T00:48:00+09:00,known,bdfc496a2d04f4c22bf2b924,cda87db605eb04b6cbc17f8d,118492,https://m.dcinside.com/board/pokemoncardgame/118492,옛날 덱 두개 싸게 넘깁니다 (거래중),seller-322c5a4d363bc56ac5fc0d4d,5885,guest,loadScript ' t,loadScript ' t,loadScript('//t,,,unknown,미분류,1,1,10000,estimated,bundle,text,unknown,,active,needs_review,needs_review,"가격 단위 추정, 복수 카드 가격, 배송비 포함 여부 미확정, 묶음·세트 총액 · 개별 카드 가격 아님",estimated,no,no,"loadScript('//t1.kakaocdn.net/kas/static/ba.min.js', true);"
dbfa60aaa736d0d2add04da6,pokemoncardgame,포켓몬 카드게임,2026-07,2026-07-13T00:48:00+09:00,known,ad90ea6287b1e10fe8665c71,dbfa60aaa736d0d2add04da6,118492,https://m.dcinside.com/board/pokemoncardgame/118492,옛날 덱 두개 싸게 넘깁니다 (거래중),seller-b0a7712ca5288521e7307472,5885,guest,loadScript ' t,loadScript ' t,loadScript('//t,,,unknown,미분류,1,1,10000,estimated,bundle,text,unknown,,active,needs_review,needs_review,"가격 단위 추정, 복수 카드 가격, 배송비 포함 여부 미확정, 묶음·세트 총액 · 개별 카드 가격 아님",estimated,no,no,"loadScript('//t1.kakaocdn.net/kas/static/ba.min.js', true);"
e4154f62c6aeb865d73d2bb5,pokemoncardgame,포켓몬 카드게임,2026-07,2026-07-13T00:48:00+09:00,known,72384313f1321f1132950e45,e4154f62c6aeb865d73d2bb5,118492,https://m.dcinside.com/board/pokemoncardgame/118492,옛날 덱 두개 싸게 넘깁니다 (거래중),seller-f0ef962f5b781cddc4f2c80b,5885,guest,DOM 삽입 헬퍼 현재 스크립트 위치 기준,DOM 삽입 헬퍼 현재 스크립트 위치 기준,// ---- DOM 삽입 헬퍼 (현재 스크립트 위치 기준,,,unknown,미분류,1,1,10000,estimated,bundle,text,unknown,,active,needs_review,needs_review,"가격 단위 추정, 복수 카드 가격, 배송비 포함 여부 미확정, 묶음·세트 총액 · 개별 카드 가격 아님",estimated,no,no,// ---- DOM 삽입 헬퍼 (현재 스크립트 위치 기준1)
e88b8219d50e8ef9db9813c5,pokemoncardgame,포켓몬 카드게임,2026-07,2026-07-13T00:48:00+09:00,known,42358de19c65837a450e25d5,e88b8219d50e8ef9db9813c5,118492,https://m.dcinside.com/board/pokemoncardgame/118492,옛날 덱 두개 싸게 넘깁니다 (거래중),seller-0be89fc733a85af4617a3a2f,5885,guest,두개 합쳐서,두개 합쳐서,두개 합쳐서,,,unknown,미분류,1,4,40000,estimated,per_card,text,unknown,,active,needs_review,needs_review,"가격 단위 추정, 배송비 포함 여부 미확정",estimated,yes,candidate_estimated,두개 합쳐서 4에 넘깁니다
f53f73e52942976f8fddd106,pokemoncardgame,포켓몬 카드게임,2026-07,2026-07-13T00:48:00+09:00,known,42358de19c65837a450e25d5,f53f73e52942976f8fddd106,118492,https://m.dcinside.com/board/pokemoncardgame/118492,옛날 덱 두개 싸게 넘깁니다 (거래중),seller-0be89fc733a85af4617a3a2f,5885,guest,var safe = window.dcAd && window.dcAd.safe ==,var safe = window.dcAd && window.dcAd.safe ==,var safe = (window.dcAd && window.dcAd.safe ==,,,unknown,미분류,1,1,10000,estimated,bundle,text,unknown,,active,needs_review,needs_review,"가격 단위 추정, 복수 카드 가격, 배송비 포함 여부 미확정, 묶음·세트 총액 · 개별 카드 가격 아님",estimated,no,no,var safe = (window.dcAd && window.dcAd.safe == 1)
05a8c22c94a84f997451c84f,pokemoncardgame,포켓몬 카드게임,2026-07,2026-07-13T07:43:03+09:00,known,3c68d2e0c2c578273975341b,05a8c22c94a84f997451c84f,118495,https://m.dcinside.com/board/pokemoncardgame/118495,드펄개닌 완덱ㅍㅍ,seller-294481a251a8d29f2d746416,Kassks,registered,loadScript ' t,loadScript ' t,loadScript('//t,,,unknown,미분류,1,1,10000,estimated,bundle,text,unknown,,active,needs_review,needs_review,"가격 단위 추정, 복수 카드 가격, 배송비 포함 여부 미확정, 묶음·세트 총액 · 개별 카드 가격 아님",estimated,no,no,"loadScript('//t1.kakaocdn.net/kas/static/ba.min.js', true);"
0bfafb76d7925dfb6cf244c6,pokemoncardgame,포켓몬 카드게임,2026-07,2026-07-13T07:43:03+09:00,known,3c68d2e0c2c578273975341b,0bfafb76d7925dfb6cf244c6,118495,https://m.dcinside.com/board/pokemoncardgame/118495,드펄개닌 완덱ㅍㅍ,seller-294481a251a8d29f2d746416,Kassks,registered,var safe = window.dcAd && window.dcAd.safe ==,var safe = window.dcAd && window.dcAd.safe ==,var safe = (window.dcAd && window.dcAd.safe ==,,,unknown,미분류,1,1,10000,estimated,bundle,text,unknown,,active,needs_review,needs_review,"가격 단위 추정, 복수 카드 가격, 배송비 포함 여부 미확정, 묶음·세트 총액 · 개별 카드 가격 아님",estimated,no,no,var safe = (window.dcAd && window.dcAd.safe == 1)
1df7a13d54e5ad8f3eb97ebf,pokemoncardgame,포켓몬 카드게임,2026-07,2026-07-13T07:43:03+09:00,known,f9afd17647003e7ac5aabc97,1df7a13d54e5ad8f3eb97ebf,118495,https://m.dcinside.com/board/pokemoncardgame/118495,드펄개닌 완덱ㅍㅍ,seller-294481a251a8d29f2d746416,Kassks,registered,var safe = window.dcAd && window.dcAd.safe ==,var safe = window.dcAd && window.dcAd.safe ==,var safe = (window.dcAd && window.dcAd.safe ==,,,unknown,미분류,1,1,10000,estimated,bundle,text,unknown,,active,needs_review,needs_review,"가격 단위 추정, 복수 카드 가격, 배송비 포함 여부 미확정, 묶음·세트 총액 · 개별 카드 가격 아님",estimated,no,no,var safe = (window.dcAd && window.dcAd.safe == 1)
22d7d44c3363c2c35bf6dbe8,pokemoncardgame,포켓몬 카드게임,2026-07,2026-07-13T07:43:03+09:00,known,3c68d2e0c2c578273975341b,22d7d44c3363c2c35bf6dbe8,118495,https://m.dcinside.com/board/pokemoncardgame/118495,드펄개닌 완덱ㅍㅍ,seller-294481a251a8d29f2d746416,Kassks,registered,DOM 삽입 헬퍼 현재 스크립트 위치 기준,DOM 삽입 헬퍼 현재 스크립트 위치 기준,// ---- DOM 삽입 헬퍼 (현재 스크립트 위치 기준,,,unknown,미분류,1,1,10000,estimated,bundle,text,unknown,,active,needs_review,needs_review,"가격 단위 추정, 복수 카드 가격, 배송비 포함 여부 미확정, 묶음·세트 총액 · 개별 카드 가격 아님",estimated,no,no,// ---- DOM 삽입 헬퍼 (현재 스크립트 위치 기준1)
49ec4d4a2885d6f88ebcf8bc,pokemoncardgame,포켓몬 카드게임,2026-07,2026-07-13T07:43:03+09:00,known,2d57ab08bed24f3e4f18d461,49ec4d4a2885d6f88ebcf8bc,118495,https://m.dcinside.com/board/pokemoncardgame/118495,드펄개닌 완덱ㅍㅍ,seller-294481a251a8d29f2d746416,Kassks,registered,loadScript ' t,loadScript ' t,loadScript('//t,,,unknown,미분류,1,1,10000,estimated,bundle,text,unknown,,active,needs_review,needs_review,"가격 단위 추정, 복수 카드 가격, 배송비 포함 여부 미확정, 묶음·세트 총액 · 개별 카드 가격 아님",estimated,no,no,"loadScript('//t1.kakaocdn.net/kas/static/ba.min.js', true);"
545b879b60490637c89dfe95,pokemoncardgame,포켓몬 카드게임,2026-07,2026-07-13T07:43:03+09:00,known,2d57ab08bed24f3e4f18d461,545b879b60490637c89dfe95,118495,https://m.dcinside.com/board/pokemoncardgame/118495,드펄개닌 완덱ㅍㅍ,seller-294481a251a8d29f2d746416,Kassks,registered,DOM 삽입 헬퍼 현재 스크립트 위치 기준,DOM 삽입 헬퍼 현재 스크립트 위치 기준,// ---- DOM 삽입 헬퍼 (현재 스크립트 위치 기준,,,unknown,미분류,1,1,10000,estimated,bundle,text,unknown,,active,needs_review,needs_review,"가격 단위 추정, 복수 카드 가격, 배송비 포함 여부 미확정, 묶음·세트 총액 · 개별 카드 가격 아님",estimated,no,no,// ---- DOM 삽입 헬퍼 (현재 스크립트 위치 기준1)
5f4249be660ad56295edf9f7,pokemoncardgame,포켓몬 카드게임,2026-07,2026-07-13T07:43:03+09:00,known,4da1f9e6feb90f3a38218931,5f4249be660ad56295edf9f7,118495,https://m.dcinside.com/board/pokemoncardgame/118495,드펄개닌 완덱ㅍㅍ,seller-294481a251a8d29f2d746416,Kassks,registered,loadScript ' t,loadScript ' t,loadScript('//t,,,unknown,미분류,1,1,10000,estimated,bundle,text,unknown,,active,needs_review,needs_review,"가격 단위 추정, 복수 카드 가격, 배송비 포함 여부 미확정, 묶음·세트 총액 · 개별 카드 가격 아님",estimated,no,no,"loadScript('//t1.kakaocdn.net/kas/static/ba.min.js', true);"
6e531c897f712aca608b3728,pokemoncardgame,포켓몬 카드게임,2026-07,2026-07-13T07:43:03+09:00,known,2d57ab08bed24f3e4f18d461,6e531c897f712aca608b3728,118495,https://m.dcinside.com/board/pokemoncardgame/118495,드펄개닌 완덱ㅍㅍ,seller-294481a251a8d29f2d746416,Kassks,registered,loadScript 'https pagead,loadScript 'https pagead,loadScript('https://pagead,,,unknown,미분류,1,2,20000,estimated,bundle,text,unknown,,active,needs_review,needs_review,"가격 단위 추정, 복수 카드 가격, 배송비 포함 여부 미확정, 묶음·세트 총액 · 개별 카드 가격 아님",estimated,no,no,"loadScript('https://pagead2.googlesyndication.com/pagead/js/adsbygoogle_direct.js?client=ca-pub-8171468792791627', true, 'anonymous');"
8c6db94d1dd51090a36fd22b,pokemoncardgame,포켓몬 카드게임,2026-07,2026-07-13T07:43:03+09:00,known,4da1f9e6feb90f3a38218931,8c6db94d1dd51090a36fd22b,118495,https://m.dcinside.com/board/pokemoncardgame/118495,드펄개닌 완덱ㅍㅍ,seller-294481a251a8d29f2d746416,Kassks,registered,DOM 삽입 헬퍼 현재 스크립트 위치 기준,DOM 삽입 헬퍼 현재 스크립트 위치 기준,// ---- DOM 삽입 헬퍼 (현재 스크립트 위치 기준,,,unknown,미분류,1,1,10000,estimated,bundle,text,unknown,,active,needs_review,needs_review,"가격 단위 추정, 복수 카드 가격, 배송비 포함 여부 미확정, 묶음·세트 총액 · 개별 카드 가격 아님",estimated,no,no,// ---- DOM 삽입 헬퍼 (현재 스크립트 위치 기준1)
bcc58a1d361483521dfe2a4d,pokemoncardgame,포켓몬 카드게임,2026-07,2026-07-13T07:43:03+09:00,known,3c68d2e0c2c578273975341b,bcc58a1d361483521dfe2a4d,118495,https://m.dcinside.com/board/pokemoncardgame/118495,드펄개닌 완덱ㅍㅍ,seller-294481a251a8d29f2d746416,Kassks,registered,loadScript 'https pagead,loadScript 'https pagead,loadScript('https://pagead,,,unknown,미분류,1,2,20000,estimated,bundle,text,unknown,,active,needs_review,needs_review,"가격 단위 추정, 복수 카드 가격, 배송비 포함 여부 미확정, 묶음·세트 총액 · 개별 카드 가격 아님",estimated,no,no,"loadScript('https://pagead2.googlesyndication.com/pagead/js/adsbygoogle_direct.js?client=ca-pub-8171468792791627', true, 'anonymous');"
c45ff3265e9f0a2afcecc1d6,pokemoncardgame,포켓몬 카드게임,2026-07,2026-07-13T07:43:03+09:00,known,f9afd17647003e7ac5aabc97,c45ff3265e9f0a2afcecc1d6,118495,https://m.dcinside.com/board/pokemoncardgame/118495,드펄개닌 완덱ㅍㅍ,seller-294481a251a8d29f2d746416,Kassks,registered,DOM 삽입 헬퍼 현재 스크립트 위치 기준,DOM 삽입 헬퍼 현재 스크립트 위치 기준,// ---- DOM 삽입 헬퍼 (현재 스크립트 위치 기준,,,unknown,미분류,1,1,10000,estimated,bundle,text,unknown,,active,needs_review,needs_review,"가격 단위 추정, 복수 카드 가격, 배송비 포함 여부 미확정, 묶음·세트 총액 · 개별 카드 가격 아님",estimated,no,no,// ---- DOM 삽입 헬퍼 (현재 스크립트 위치 기준1)
cb2577c9d8d003ff683f8656,pokemoncardgame,포켓몬 카드게임,2026-07,2026-07-13T07:43:03+09:00,known,4da1f9e6feb90f3a38218931,cb2577c9d8d003ff683f8656,118495,https://m.dcinside.com/board/pokemoncardgame/118495,드펄개닌 완덱ㅍㅍ,seller-294481a251a8d29f2d746416,Kassks,registered,var safe = window.dcAd && window.dcAd.safe ==,var safe = window.dcAd && window.dcAd.safe ==,var safe = (window.dcAd && window.dcAd.safe ==,,,unknown,미분류,1,1,10000,estimated,bundle,text,unknown,,active,needs_review,needs_review,"가격 단위 추정, 복수 카드 가격, 배송비 포함 여부 미확정, 묶음·세트 총액 · 개별 카드 가격 아님",estimated,no,no,var safe = (window.dcAd && window.dcAd.safe == 1)
dc47c7e4be4ca9a36ced6361,pokemoncardgame,포켓몬 카드게임,2026-07,2026-07-13T07:43:03+09:00,known,2d57ab08bed24f3e4f18d461,dc47c7e4be4ca9a36ced6361,118495,https://m.dcinside.com/board/pokemoncardgame/118495,드펄개닌 완덱ㅍㅍ,seller-294481a251a8d29f2d746416,Kassks,registered,var safe = window.dcAd && window.dcAd.safe ==,var safe = window.dcAd && window.dcAd.safe ==,var safe = (window.dcAd && window.dcAd.safe ==,,,unknown,미분류,1,1,10000,estimated,bundle,text,unknown,,active,needs_review,needs_review,"가격 단위 추정, 복수 카드 가격, 배송비 포함 여부 미확정, 묶음·세트 총액 · 개별 카드 가격 아님",estimated,no,no,var safe = (window.dcAd && window.dcAd.safe == 1)
e57ddd85427f7fcfcc420920,pokemoncardgame,포켓몬 카드게임,2026-07,2026-07-13T07:43:03+09:00,known,f9afd17647003e7ac5aabc97,e57ddd85427f7fcfcc420920,118495,https://m.dcinside.com/board/pokemoncardgame/118495,드펄개닌 완덱ㅍㅍ,seller-294481a251a8d29f2d746416,Kassks,registered,loadScript ' t,loadScript ' t,loadScript('//t,,,unknown,미분류,1,1,10000,estimated,bundle,text,unknown,,active,needs_review,needs_review,"가격 단위 추정, 복수 카드 가격, 배송비 포함 여부 미확정, 묶음·세트 총액 · 개별 카드 가격 아님",estimated,no,no,"loadScript('//t1.kakaocdn.net/kas/static/ba.min.js', true);"
eef70797d6420358cad5fd58,pokemoncardgame,포켓몬 카드게임,2026-07,2026-07-13T07:43:03+09:00,known,f9afd17647003e7ac5aabc97,eef70797d6420358cad5fd58,118495,https://m.dcinside.com/board/pokemoncardgame/118495,드펄개닌 완덱ㅍㅍ,seller-294481a251a8d29f2d746416,Kassks,registered,loadScript 'https pagead,loadScript 'https pagead,loadScript('https://pagead,,,unknown,미분류,1,2,20000,estimated,bundle,text,unknown,,active,needs_review,needs_review,"가격 단위 추정, 복수 카드 가격, 배송비 포함 여부 미확정, 묶음·세트 총액 · 개별 카드 가격 아님",estimated,no,no,"loadScript('https://pagead2.googlesyndication.com/pagead/js/adsbygoogle_direct.js?client=ca-pub-8171468792791627', true, 'anonymous');"
f58df4d86fd952a6b1a62a88,pokemoncardgame,포켓몬 카드게임,2026-07,2026-07-13T07:43:03+09:00,known,4da1f9e6feb90f3a38218931,f58df4d86fd952a6b1a62a88,118495,https://m.dcinside.com/board/pokemoncardgame/118495,드펄개닌 완덱ㅍㅍ,seller-294481a251a8d29f2d746416,Kassks,registered,loadScript 'https pagead,loadScript 'https pagead,loadScript('https://pagead,,,unknown,미분류,1,2,20000,estimated,bundle,text,unknown,,active,needs_review,needs_review,"가격 단위 추정, 복수 카드 가격, 배송비 포함 여부 미확정, 묶음·세트 총액 · 개별 카드 가격 아님",estimated,no,no,"loadScript('https://pagead2.googlesyndication.com/pagead/js/adsbygoogle_direct.js?client=ca-pub-8171468792791627', true, 'anonymous');"
0a2be2e5be9a0dba774311a5,pokemoncardgame,포켓몬 카드게임,2026-07,2026-07-13T13:12:45+09:00,known,f0351082aafa25e44f0b0160,0a2be2e5be9a0dba774311a5,118507,https://m.dcinside.com/board/pokemoncardgame/118507,"메가개굴닌자 SR, 개구마르 AR 등 닌자스피너 덱소스 레어따리 ㅍㅍ",seller-51447db26eeb90b0124d315b,포갤러,registered,메가개굴닌자 SR,메가개굴닌자 SR,메가개굴닌자 SR,,,unknown,미분류,1,0.8,8000,estimated,per_card,text,unknown,,active,needs_review,needs_review,"가격 단위 추정, 배송비 포함 여부 미확정",estimated,yes,candidate_estimated,메가개굴닌자 SR 0.8
0e387245fc049a26ea76e896,pokemoncardgame,포켓몬 카드게임,2026-07,2026-07-13T13:12:45+09:00,known,59f51b84aba2365627e6d2ec,0e387245fc049a26ea76e896,118507,https://m.dcinside.com/board/pokemoncardgame/118507,"메가개굴닌자 SR, 개구마르 AR 등 닌자스피너 덱소스 레어따리 ㅍㅍ",seller-51447db26eeb90b0124d315b,포갤러,registered,점보아이스,점보아이스,점보아이스,,,unknown,미분류,1,0.2,2000,estimated,per_card,text,unknown,,active,needs_review,needs_review,"가격 단위 추정, 배송비 포함 여부 미확정",estimated,yes,candidate_estimated,점보아이스 0.2
157b4913704f16dcdc6cfc93,pokemoncardgame,포켓몬 카드게임,2026-07,2026-07-13T13:12:45+09:00,known,d9609c533283b7a3a0f481c0,157b4913704f16dcdc6cfc93,118507,https://m.dcinside.com/board/pokemoncardgame/118507,"메가개굴닌자 SR, 개구마르 AR 등 닌자스피너 덱소스 레어따리 ㅍㅍ",seller-51447db26eeb90b0124d315b,포갤러,registered,메가개굴닌자 SR,메가개굴닌자 SR,메가개굴닌자 SR,,,unknown,미분류,1,0.8,8000,estimated,per_card,text,unknown,,active,needs_review,needs_review,"가격 단위 추정, 배송비 포함 여부 미확정",estimated,yes,candidate_estimated,메가개굴닌자 SR 0.8
1a3f17b6d010b9674ff8770b,pokemoncardgame,포켓몬 카드게임,2026-07,2026-07-13T13:12:45+09:00,known,fe27f932da841e3ce5150197,1a3f17b6d010b9674ff8770b,118507,https://m.dcinside.com/board/pokemoncardgame/118507,"메가개굴닌자 SR, 개구마르 AR 등 닌자스피너 덱소스 레어따리 ㅍㅍ",seller-51447db26eeb90b0124d315b,포갤러,registered,점보아이스,점보아이스,점보아이스,,,unknown,미분류,1,0.2,2000,estimated,per_card,text,unknown,,active,needs_review,needs_review,"가격 단위 추정, 배송비 포함 여부 미확정",estimated,yes,candidate_estimated,점보아이스 0.2
307ab0cd1c972ab1a306b1dc,pokemoncardgame,포켓몬 카드게임,2026-07,2026-07-13T13:12:45+09:00,known,59f51b84aba2365627e6d2ec,307ab0cd1c972ab1a306b1dc,118507,https://m.dcinside.com/board/pokemoncardgame/118507,"메가개굴닌자 SR, 개구마르 AR 등 닌자스피너 덱소스 레어따리 ㅍㅍ",seller-51447db26eeb90b0124d315b,포갤러,registered,개구마르 AR,개구마르 AR,개구마르 AR,,,unknown,미분류,1,0.4,4000,estimated,per_card,text,unknown,,active,needs_review,needs_review,"가격 단위 추정, 배송비 포함 여부 미확정",estimated,yes,candidate_estimated,개구마르 AR 0.4
58cfa464a628621a1dba4341,pokemoncardgame,포켓몬 카드게임,2026-07,2026-07-13T13:12:45+09:00,known,f0351082aafa25e44f0b0160,58cfa464a628621a1dba4341,118507,https://m.dcinside.com/board/pokemoncardgame/118507,"메가개굴닌자 SR, 개구마르 AR 등 닌자스피너 덱소스 레어따리 ㅍㅍ",seller-51447db26eeb90b0124d315b,포갤러,registered,개구마르 AR,개구마르 AR,개구마르 AR,,,unknown,미분류,1,0.4,4000,estimated,per_card,text,unknown,,active,needs_review,needs_review,"가격 단위 추정, 배송비 포함 여부 미확정",estimated,yes,candidate_estimated,개구마르 AR 0.4
5c19480a1dfe67afecabe349,pokemoncardgame,포켓몬 카드게임,2026-07,2026-07-13T13:12:45+09:00,known,fe27f932da841e3ce5150197,5c19480a1dfe67afecabe349,118507,https://m.dcinside.com/board/pokemoncardgame/118507,"메가개굴닌자 SR, 개구마르 AR 등 닌자스피너 덱소스 레어따리 ㅍㅍ",seller-51447db26eeb90b0124d315b,포갤러,registered,개구마르 AR,개구마르 AR,개구마르 AR,,,unknown,미분류,1,0.4,4000,estimated,per_card,text,unknown,,active,needs_review,needs_review,"가격 단위 추정, 배송비 포함 여부 미확정",estimated,yes,candidate_estimated,개구마르 AR 0.4
71e185ccac08be9ca4a3bcde,pokemoncardgame,포켓몬 카드게임,2026-07,2026-07-13T13:12:45+09:00,known,d9609c533283b7a3a0f481c0,71e185ccac08be9ca4a3bcde,118507,https://m.dcinside.com/board/pokemoncardgame/118507,"메가개굴닌자 SR, 개구마르 AR 등 닌자스피너 덱소스 레어따리 ㅍㅍ",seller-51447db26eeb90b0124d315b,포갤러,registered,미끄네일 AR,미끄네일 AR,미끄네일 AR,,,unknown,미분류,1,0.2,2000,estimated,per_card,text,unknown,,active,needs_review,needs_review,"가격 단위 추정, 배송비 포함 여부 미확정",estimated,yes,candidate_estimated,미끄네일 AR 0.2
b36806bb52416ba4a9b9294e,pokemoncardgame,포켓몬 카드게임,2026-07,2026-07-13T13:12:45+09:00,known,f0351082aafa25e44f0b0160,b36806bb52416ba4a9b9294e,118507,https://m.dcinside.com/board/pokemoncardgame/118507,"메가개굴닌자 SR, 개구마르 AR 등 닌자스피너 덱소스 레어따리 ㅍㅍ",seller-51447db26eeb90b0124d315b,포갤러,registered,미끄네일 AR,미끄네일 AR,미끄네일 AR,,,unknown,미분류,1,0.2,2000,estimated,per_card,text,unknown,,active,needs_review,needs_review,"가격 단위 추정, 배송비 포함 여부 미확정",estimated,yes,candidate_estimated,미끄네일 AR 0.2
b9c761b0ad795684f4cc042e,pokemoncardgame,포켓몬 카드게임,2026-07,2026-07-13T13:12:45+09:00,known,f0351082aafa25e44f0b0160,b9c761b0ad795684f4cc042e,118507,https://m.dcinside.com/board/pokemoncardgame/118507,"메가개굴닌자 SR, 개구마르 AR 등 닌자스피너 덱소스 레어따리 ㅍㅍ",seller-51447db26eeb90b0124d315b,포갤러,registered,점보아이스,점보아이스,점보아이스,,,unknown,미분류,1,0.2,2000,estimated,per_card,text,unknown,,active,needs_review,needs_review,"가격 단위 추정, 배송비 포함 여부 미확정",estimated,yes,candidate_estimated,점보아이스 0.2
d0f5993b031710cc38ad05af,pokemoncardgame,포켓몬 카드게임,2026-07,2026-07-13T13:12:45+09:00,known,d9609c533283b7a3a0f481c0,d0f5993b031710cc38ad05af,118507,https://m.dcinside.com/board/pokemoncardgame/118507,"메가개굴닌자 SR, 개구마르 AR 등 닌자스피너 덱소스 레어따리 ㅍㅍ",seller-51447db26eeb90b0124d315b,포갤러,registered,개구마르 AR,개구마르 AR,개구마르 AR,,,unknown,미분류,1,0.4,4000,estimated,per_card,text,unknown,,active,needs_review,needs_review,"가격 단위 추정, 배송비 포함 여부 미확정",estimated,yes,candidate_estimated,개구마르 AR 0.4
d4ba89a0e5452476a751b5c1,pokemoncardgame,포켓몬 카드게임,2026-07,2026-07-13T13:12:45+09:00,known,d9609c533283b7a3a0f481c0,d4ba89a0e5452476a751b5c1,118507,https://m.dcinside.com/board/pokemoncardgame/118507,"메가개굴닌자 SR, 개구마르 AR 등 닌자스피너 덱소스 레어따리 ㅍㅍ",seller-51447db26eeb90b0124d315b,포갤러,registered,점보아이스,점보아이스,점보아이스,,,unknown,미분류,1,0.2,2000,estimated,per_card,text,unknown,,active,needs_review,needs_review,"가격 단위 추정, 배송비 포함 여부 미확정",estimated,yes,candidate_estimated,점보아이스 0.2
d59f24099a44bc5bf8e1e1a4,pokemoncardgame,포켓몬 카드게임,2026-07,2026-07-13T13:12:45+09:00,known,fe27f932da841e3ce5150197,d59f24099a44bc5bf8e1e1a4,118507,https://m.dcinside.com/board/pokemoncardgame/118507,"메가개굴닌자 SR, 개구마르 AR 등 닌자스피너 덱소스 레어따리 ㅍㅍ",seller-51447db26eeb90b0124d315b,포갤러,registered,미끄네일 AR,미끄네일 AR,미끄네일 AR,,,unknown,미분류,1,0.2,2000,estimated,per_card,text,unknown,,active,needs_review,needs_review,"가격 단위 추정, 배송비 포함 여부 미확정",estimated,yes,candidate_estimated,미끄네일 AR 0.2
d67125370bcd678590460ee1,pokemoncardgame,포켓몬 카드게임,2026-07,2026-07-13T13:12:45+09:00,known,59f51b84aba2365627e6d2ec,d67125370bcd678590460ee1,118507,https://m.dcinside.com/board/pokemoncardgame/118507,"메가개굴닌자 SR, 개구마르 AR 등 닌자스피너 덱소스 레어따리 ㅍㅍ",seller-51447db26eeb90b0124d315b,포갤러,registered,메가개굴닌자 SR,메가개굴닌자 SR,메가개굴닌자 SR,,,unknown,미분류,1,0.8,8000,estimated,per_card,text,unknown,,active,needs_review,needs_review,"가격 단위 추정, 배송비 포함 여부 미확정",estimated,yes,candidate_estimated,메가개굴닌자 SR 0.8
db38842ba1de400eaed63d23,pokemoncardgame,포켓몬 카드게임,2026-07,2026-07-13T13:12:45+09:00,known,fe27f932da841e3ce5150197,db38842ba1de400eaed63d23,118507,https://m.dcinside.com/board/pokemoncardgame/118507,"메가개굴닌자 SR, 개구마르 AR 등 닌자스피너 덱소스 레어따리 ㅍㅍ",seller-51447db26eeb90b0124d315b,포갤러,registered,메가개굴닌자 SR,메가개굴닌자 SR,메가개굴닌자 SR,,,unknown,미분류,1,0.8,8000,estimated,per_card,text,unknown,,active,needs_review,needs_review,"가격 단위 추정, 배송비 포함 여부 미확정",estimated,yes,candidate_estimated,메가개굴닌자 SR 0.8
e2a6a88d861e3507417f35be,pokemoncardgame,포켓몬 카드게임,2026-07,2026-07-13T13:12:45+09:00,known,59f51b84aba2365627e6d2ec,e2a6a88d861e3507417f35be,118507,https://m.dcinside.com/board/pokemoncardgame/118507,"메가개굴닌자 SR, 개구마르 AR 등 닌자스피너 덱소스 레어따리 ㅍㅍ",seller-51447db26eeb90b0124d315b,포갤러,registered,미끄네일 AR,미끄네일 AR,미끄네일 AR,,,unknown,미분류,1,0.2,2000,estimated,per_card,text,unknown,,active,needs_review,needs_review,"가격 단위 추정, 배송비 포함 여부 미확정",estimated,yes,candidate_estimated,미끄네일 AR 0.2
a946083833f64c9993472ae6,pokemoncardgame,포켓몬 카드게임,2026-07,2026-07-13T19:38:03+09:00,known,d302fd19f2ce11e8eb133d81,a946083833f64c9993472ae6,118521,https://m.dcinside.com/board/pokemoncardgame/118521,완덱두개삼,seller-d8a21e8400d898cf4b71ede9,ㅇㅇ,guest,간지낫으면 좋겟습니다 두개합쳐서,간지낫으면 좋겟습니다 두개합쳐서,간지낫으면 좋겟습니다 두개합쳐서 5~,,,unknown,미분류,1,6,60000,estimated,per_card,text,unknown,,active,needs_review,needs_review,"가격 단위 추정, 배송비 포함 여부 미확정",estimated,yes,candidate_estimated,간지낫으면 좋겟습니다 두개합쳐서 5~6정도 생각 슬리브 에너지? 다 있어야합니다
d726b81bef4f3c9e9fc9d4ec,pokemoncardgame,포켓몬 카드게임,2026-07,2026-07-13T19:38:03+09:00,known,44455e71f7eb590eeb68d2ab,d726b81bef4f3c9e9fc9d4ec,118521,https://m.dcinside.com/board/pokemoncardgame/118521,완덱두개삼,seller-41365985e408ad6600ad6abd,ㅇㅇ,guest,간지낫으면 좋겟습니다 두개합쳐서,간지낫으면 좋겟습니다 두개합쳐서,간지낫으면 좋겟습니다 두개합쳐서 5~,,,unknown,미분류,1,6,60000,estimated,per_card,text,unknown,,active,needs_review,needs_review,"가격 단위 추정, 배송비 포함 여부 미확정",estimated,yes,candidate_estimated,간지낫으면 좋겟습니다 두개합쳐서 5~6정도 생각 슬리브 에너지? 다 있어야합니다
e851036dc0622022cdf91ee2,pokemoncardgame,포켓몬 카드게임,2026-07,2026-07-13T19:38:03+09:00,known,b655f6d652fa73d2043ffe60,e851036dc0622022cdf91ee2,118521,https://m.dcinside.com/board/pokemoncardgame/118521,완덱두개삼,seller-77f84cf69d55044443737cf2,ㅇㅇ,guest,간지낫으면 좋겟습니다 두개합쳐서,간지낫으면 좋겟습니다 두개합쳐서,간지낫으면 좋겟습니다 두개합쳐서 5~,,,unknown,미분류,1,6,60000,estimated,per_card,text,unknown,,active,needs_review,needs_review,"가격 단위 추정, 배송비 포함 여부 미확정",estimated,yes,candidate_estimated,간지낫으면 좋겟습니다 두개합쳐서 5~6정도 생각 슬리브 에너지? 다 있어야합니다
f7d126b3972e5d8c57440c2e,pokemoncardgame,포켓몬 카드게임,2026-07,2026-07-13T19:38:03+09:00,known,44d0809dde0e4c1e775e054e,f7d126b3972e5d8c57440c2e,118521,https://m.dcinside.com/board/pokemoncardgame/118521,완덱두개삼,seller-86bc4e419ab8ef8ec874e13d,ㅇㅇ,guest,간지낫으면 좋겟습니다 두개합쳐서,간지낫으면 좋겟습니다 두개합쳐서,간지낫으면 좋겟습니다 두개합쳐서 5~,,,unknown,미분류,1,6,60000,estimated,per_card,text,unknown,,active,needs_review,needs_review,"가격 단위 추정, 배송비 포함 여부 미확정",estimated,yes,candidate_estimated,간지낫으면 좋겟습니다 두개합쳐서 5~6정도 생각 슬리브 에너지? 다 있어야합니다
0001e3d7c513ed390c929fb6,pokemoncardgame,포켓몬 카드게임,2026-07,2026-07-14T12:41:20+09:00,known,8087112bec392a568d027595,0001e3d7c513ed390c929fb6,118558,https://m.dcinside.com/board/pokemoncardgame/118558,야도킹덱 소스 삽니다 구완,seller-2f613cda96d57440a477aeaf,과미르껍질,registered,번뜩임챌린지 야도킹,번뜩임챌린지 야도킹,(번뜩임챌린지)야도킹 장당,,,unknown,미분류,3,0.1,1000,estimated,per_card,text,unknown,,active,needs_review,needs_review,"가격 단위 추정, 배송비 포함 여부 미확정",estimated,yes,candidate_estimated,(번뜩임챌린지)야도킹 3장 장당 0.1
03b6e970f26a3c8712e2917c,pokemoncardgame,포켓몬 카드게임,2026-07,2026-07-14T12:41:20+09:00,known,8087112bec392a568d027595,03b6e970f26a3c8712e2917c,118558,https://m.dcinside.com/board/pokemoncardgame/118558,야도킹덱 소스 삽니다 구완,seller-2f613cda96d57440a477aeaf,과미르껍질,registered,밤의 아카데미아,밤의 아카데미아,밤의 아카데미아 장당,,,unknown,미분류,1,0.05,500,estimated,per_card,text,unknown,,active,needs_review,needs_review,"가격 단위 추정, 배송비 포함 여부 미확정",estimated,yes,candidate_estimated,밤의 아카데미아 1장 장당 0.05
17db60c34fb4025ec560babd,pokemoncardgame,포켓몬 카드게임,2026-07,2026-07-14T12:41:20+09:00,known,92fb32ca38142c8b2efc762c,17db60c34fb4025ec560babd,118558,https://m.dcinside.com/board/pokemoncardgame/118558,야도킹덱 소스 삽니다 구완,seller-2f613cda96d57440a477aeaf,과미르껍질,registered,밤의들것,밤의들것,밤의들것 장당,,,unknown,미분류,1,0.05,500,estimated,per_card,text,unknown,,active,needs_review,needs_review,"가격 단위 추정, 배송비 포함 여부 미확정",estimated,yes,candidate_estimated,밤의들것 1장 장당 0.05
1d202c076c33cb3fd054d037,pokemoncardgame,포켓몬 카드게임,2026-07,2026-07-14T12:41:20+09:00,known,8087112bec392a568d027595,1d202c076c33cb3fd054d037,118558,https://m.dcinside.com/board/pokemoncardgame/118558,야도킹덱 소스 삽니다 구완,seller-2f613cda96d57440a477aeaf,과미르껍질,registered,텔레패스 초에너지,텔레패스 초에너지,텔레패스 초에너지 장당,,,unknown,미분류,3,0.1,1000,estimated,per_card,text,unknown,,active,needs_review,needs_review,"가격 단위 추정, 배송비 포함 여부 미확정",estimated,yes,candidate_estimated,텔레패스 초에너지 3장 장당 0.1
2fb022677800611028c8bf4f,pokemoncardgame,포켓몬 카드게임,2026-07,2026-07-14T12:41:20+09:00,known,8087112bec392a568d027595,2fb022677800611028c8bf4f,118558,https://m.dcinside.com/board/pokemoncardgame/118558,야도킹덱 소스 삽니다 구완,seller-2f613cda96d57440a477aeaf,과미르껍질,registered,80야돈,80야돈,80야돈 장당,,,unknown,미분류,4,0.05,500,estimated,per_card,text,unknown,,active,needs_review,needs_review,"가격 단위 추정, 배송비 포함 여부 미확정",estimated,yes,candidate_estimated,80야돈 4장 장당 0.05
3219d2b178d329e11ebca3ec,pokemoncardgame,포켓몬 카드게임,2026-07,2026-07-14T12:41:20+09:00,known,92fb32ca38142c8b2efc762c,3219d2b178d329e11ebca3ec,118558,https://m.dcinside.com/board/pokemoncardgame/118558,야도킹덱 소스 삽니다 구완,seller-2f613cda96d57440a477aeaf,과미르껍질,registered,뽀뽀라,뽀뽀라,뽀뽀라 장당,,,unknown,미분류,1,0.05,500,estimated,per_card,text,unknown,,active,needs_review,needs_review,"가격 단위 추정, 배송비 포함 여부 미확정",estimated,yes,candidate_estimated,뽀뽀라 1장 장당 0.05
330ca25c2d51f5d72037436c,pokemoncardgame,포켓몬 카드게임,2026-07,2026-07-14T12:41:20+09:00,known,92fb32ca38142c8b2efc762c,330ca25c2d51f5d72037436c,118558,https://m.dcinside.com/board/pokemoncardgame/118558,야도킹덱 소스 삽니다 구완,seller-2f613cda96d57440a477aeaf,과미르껍질,registered,암호매니아의 해독,암호매니아의 해독,암호매니아의 해독 장당,,,unknown,미분류,1,0.05,500,estimated,per_card,text,unknown,,active,needs_review,needs_review,"가격 단위 추정, 배송비 포함 여부 미확정",estimated,yes,candidate_estimated,암호매니아의 해독 1장 장당 0.05
3377a75f40702917f31bad2b,pokemoncardgame,포켓몬 카드게임,2026-07,2026-07-14T12:41:20+09:00,known,8087112bec392a568d027595,3377a75f40702917f31bad2b,118558,https://m.dcinside.com/board/pokemoncardgame/118558,야도킹덱 소스 삽니다 구완,seller-2f613cda96d57440a477aeaf,과미르껍질,registered,트라이 프로스트 큐레무,트라이 프로스트 큐레무,(트라이 프로스트)큐레무 장당,,,unknown,미분류,2,0.03,300,estimated,per_card,text,unknown,,active,needs_review,needs_review,"가격 단위 추정, 배송비 포함 여부 미확정",estimated,yes,candidate_estimated,(트라이 프로스트)큐레무 2장 장당 0.03
42ab401167937c4f422eef0c,pokemoncardgame,포켓몬 카드게임,2026-07,2026-07-14T12:41:20+09:00,known,9e30ccd462320e94442d7b6a,42ab401167937c4f422eef0c,118558,https://m.dcinside.com/board/pokemoncardgame/118558,야도킹덱 소스 삽니다 구완,seller-2f613cda96d57440a477aeaf,과미르껍질,registered,암호매니아의 해독,암호매니아의 해독,암호매니아의 해독 장당,,,unknown,미분류,1,0.05,500,estimated,per_card,text,unknown,,active,needs_review,needs_review,"가격 단위 추정, 배송비 포함 여부 미확정",estimated,yes,candidate_estimated,암호매니아의 해독 1장 장당 0.05
42b27731dee73e05ce237492,pokemoncardgame,포켓몬 카드게임,2026-07,2026-07-14T12:41:20+09:00,known,9e30ccd462320e94442d7b6a,42b27731dee73e05ce237492,118558,https://m.dcinside.com/board/pokemoncardgame/118558,야도킹덱 소스 삽니다 구완,seller-2f613cda96d57440a477aeaf,과미르껍질,registered,밤의 아카데미아,밤의 아카데미아,밤의 아카데미아 장당,,,unknown,미분류,1,0.05,500,estimated,per_card,text,unknown,,active,needs_review,needs_review,"가격 단위 추정, 배송비 포함 여부 미확정",estimated,yes,candidate_estimated,밤의 아카데미아 1장 장당 0.05
435a8ec7f474bf54c19b9f45,pokemoncardgame,포켓몬 카드게임,2026-07,2026-07-14T12:41:20+09:00,known,9e30ccd462320e94442d7b6a,435a8ec7f474bf54c19b9f45,118558,https://m.dcinside.com/board/pokemoncardgame/118558,야도킹덱 소스 삽니다 구완,seller-2f613cda96d57440a477aeaf,과미르껍질,registered,번뜩임챌린지 야도킹,번뜩임챌린지 야도킹,(번뜩임챌린지)야도킹 장당,,,unknown,미분류,3,0.1,1000,estimated,per_card,text,unknown,,active,needs_review,needs_review,"가격 단위 추정, 배송비 포함 여부 미확정",estimated,yes,candidate_estimated,(번뜩임챌린지)야도킹 3장 장당 0.1
4569e88d7dead4fde2fdefcb,pokemoncardgame,포켓몬 카드게임,2026-07,2026-07-14T12:41:20+09:00,known,92fb32ca38142c8b2efc762c,4569e88d7dead4fde2fdefcb,118558,https://m.dcinside.com/board/pokemoncardgame/118558,야도킹덱 소스 삽니다 구완,seller-2f613cda96d57440a477aeaf,과미르껍질,registered,번뜩임챌린지 야도킹,번뜩임챌린지 야도킹,(번뜩임챌린지)야도킹 장당,,,unknown,미분류,3,0.1,1000,estimated,per_card,text,unknown,,active,needs_review,needs_review,"가격 단위 추정, 배송비 포함 여부 미확정",estimated,yes,candidate_estimated,(번뜩임챌린지)야도킹 3장 장당 0.1
54e8aefa36720d1182af000c,pokemoncardgame,포켓몬 카드게임,2026-07,2026-07-14T12:41:20+09:00,known,9e30ccd462320e94442d7b6a,54e8aefa36720d1182af000c,118558,https://m.dcinside.com/board/pokemoncardgame/118558,야도킹덱 소스 삽니다 구완,seller-2f613cda96d57440a477aeaf,과미르껍질,registered,텔레패스 초에너지,텔레패스 초에너지,텔레패스 초에너지 장당,,,unknown,미분류,3,0.1,1000,estimated,per_card,text,unknown,,active,needs_review,needs_review,"가격 단위 추정, 배송비 포함 여부 미확정",estimated,yes,candidate_estimated,텔레패스 초에너지 3장 장당 0.1
5d0526c65f4861a6cd8f709f,pokemoncardgame,포켓몬 카드게임,2026-07,2026-07-14T12:41:20+09:00,known,92fb32ca38142c8b2efc762c,5d0526c65f4861a6cd8f709f,118558,https://m.dcinside.com/board/pokemoncardgame/118558,야도킹덱 소스 삽니다 구완,seller-2f613cda96d57440a477aeaf,과미르껍질,registered,포켓패드,포켓패드,포켓패드 장당,,,unknown,미분류,4,0.05,500,estimated,per_card,text,unknown,,active,needs_review,needs_review,"가격 단위 추정, 배송비 포함 여부 미확정",estimated,yes,candidate_estimated,포켓패드 4장 장당 0.05
6f58e363ba201b45343ea1cb,pokemoncardgame,포켓몬 카드게임,2026-07,2026-07-14T12:41:20+09:00,known,9e30ccd462320e94442d7b6a,6f58e363ba201b45343ea1cb,118558,https://m.dcinside.com/board/pokemoncardgame/118558,야도킹덱 소스 삽니다 구완,seller-2f613cda96d57440a477aeaf,과미르껍질,registered,원더패치,원더패치,원더패치 장당,,,unknown,미분류,3,0.1,1000,estimated,per_card,text,unknown,,active,needs_review,needs_review,"가격 단위 추정, 배송비 포함 여부 미확정",estimated,yes,candidate_estimated,원더패치 3장 장당 0.1
7cd2f3ce2d3c1aac714a31ff,pokemoncardgame,포켓몬 카드게임,2026-07,2026-07-14T12:41:20+09:00,known,9e30ccd462320e94442d7b6a,7cd2f3ce2d3c1aac714a31ff,118558,https://m.dcinside.com/board/pokemoncardgame/118558,야도킹덱 소스 삽니다 구완,seller-2f613cda96d57440a477aeaf,과미르껍질,registered,80야돈,80야돈,80야돈 장당,,,unknown,미분류,4,0.05,500,estimated,per_card,text,unknown,,active,needs_review,needs_review,"가격 단위 추정, 배송비 포함 여부 미확정",estimated,yes,candidate_estimated,80야돈 4장 장당 0.05
7f5413ea03195e250887eafc,pokemoncardgame,포켓몬 카드게임,2026-07,2026-07-14T12:41:20+09:00,known,8087112bec392a568d027595,7f5413ea03195e250887eafc,118558,https://m.dcinside.com/board/pokemoncardgame/118558,야도킹덱 소스 삽니다 구완,seller-2f613cda96d57440a477aeaf,과미르껍질,registered,시크릿박스,시크릿박스,시크릿박스 장당,,,unknown,미분류,1,0.1,1000,estimated,per_card,text,unknown,,active,needs_review,needs_review,"가격 단위 추정, 배송비 포함 여부 미확정",estimated,yes,candidate_estimated,시크릿박스 1장 장당 0.1
9af0ecdba1cc1594ddf18859,pokemoncardgame,포켓몬 카드게임,2026-07,2026-07-14T12:41:20+09:00,known,8087112bec392a568d027595,9af0ecdba1cc1594ddf18859,118558,https://m.dcinside.com/board/pokemoncardgame/118558,야도킹덱 소스 삽니다 구완,seller-2f613cda96d57440a477aeaf,과미르껍질,registered,길동무파이팅 저승갓숭,길동무파이팅 저승갓숭,(길동무파이팅)저승갓숭 장당,,,unknown,미분류,1,0.03,300,estimated,per_card,text,unknown,,active,needs_review,needs_review,"가격 단위 추정, 배송비 포함 여부 미확정",estimated,yes,candidate_estimated,(길동무파이팅)저승갓숭 1장 장당 0.03
a6b67b0b8d189b99cae18481,pokemoncardgame,포켓몬 카드게임,2026-07,2026-07-14T12:41:20+09:00,known,9e30ccd462320e94442d7b6a,a6b67b0b8d189b99cae18481,118558,https://m.dcinside.com/board/pokemoncardgame/118558,야도킹덱 소스 삽니다 구완,seller-2f613cda96d57440a477aeaf,과미르껍질,registered,밤의들것,밤의들것,밤의들것 장당,,,unknown,미분류,1,0.05,500,estimated,per_card,text,unknown,,active,needs_review,needs_review,"가격 단위 추정, 배송비 포함 여부 미확정",estimated,yes,candidate_estimated,밤의들것 1장 장당 0.05
abee3bae178b8be2e78d29d7,pokemoncardgame,포켓몬 카드게임,2026-07,2026-07-14T12:41:20+09:00,known,92fb32ca38142c8b2efc762c,abee3bae178b8be2e78d29d7,118558,https://m.dcinside.com/board/pokemoncardgame/118558,야도킹덱 소스 삽니다 구완,seller-2f613cda96d57440a477aeaf,과미르껍질,registered,길동무파이팅 저승갓숭,길동무파이팅 저승갓숭,(길동무파이팅)저승갓숭 장당,,,unknown,미분류,1,0.03,300,estimated,per_card,text,unknown,,active,needs_review,needs_review,"가격 단위 추정, 배송비 포함 여부 미확정",estimated,yes,candidate_estimated,(길동무파이팅)저승갓숭 1장 장당 0.03
b512abe46c655481a12ba342,pokemoncardgame,포켓몬 카드게임,2026-07,2026-07-14T12:41:20+09:00,known,8087112bec392a568d027595,b512abe46c655481a12ba342,118558,https://m.dcinside.com/board/pokemoncardgame/118558,야도킹덱 소스 삽니다 구완,seller-2f613cda96d57440a477aeaf,과미르껍질,registered,포켓패드,포켓패드,포켓패드 장당,,,unknown,미분류,4,0.05,500,estimated,per_card,text,unknown,,active,needs_review,needs_review,"가격 단위 추정, 배송비 포함 여부 미확정",estimated,yes,candidate_estimated,포켓패드 4장 장당 0.05
ba34b6d6c632935d9dd1e770,pokemoncardgame,포켓몬 카드게임,2026-07,2026-07-14T12:41:20+09:00,known,9e30ccd462320e94442d7b6a,ba34b6d6c632935d9dd1e770,118558,https://m.dcinside.com/board/pokemoncardgame/118558,야도킹덱 소스 삽니다 구완,seller-2f613cda96d57440a477aeaf,과미르껍질,registered,시크릿박스,시크릿박스,시크릿박스 장당,,,unknown,미분류,1,0.1,1000,estimated,per_card,text,unknown,,active,needs_review,needs_review,"가격 단위 추정, 배송비 포함 여부 미확정",estimated,yes,candidate_estimated,시크릿박스 1장 장당 0.1
bd010f3087bb709413bde220,pokemoncardgame,포켓몬 카드게임,2026-07,2026-07-14T12:41:20+09:00,known,9e30ccd462320e94442d7b6a,bd010f3087bb709413bde220,118558,https://m.dcinside.com/board/pokemoncardgame/118558,야도킹덱 소스 삽니다 구완,seller-2f613cda96d57440a477aeaf,과미르껍질,registered,뽀뽀라,뽀뽀라,뽀뽀라 장당,,,unknown,미분류,1,0.05,500,estimated,per_card,text,unknown,,active,needs_review,needs_review,"가격 단위 추정, 배송비 포함 여부 미확정",estimated,yes,candidate_estimated,뽀뽀라 1장 장당 0.05
bf956029081e423cb7badc2b,pokemoncardgame,포켓몬 카드게임,2026-07,2026-07-14T12:41:20+09:00,known,8087112bec392a568d027595,bf956029081e423cb7badc2b,118558,https://m.dcinside.com/board/pokemoncardgame/118558,야도킹덱 소스 삽니다 구완,seller-2f613cda96d57440a477aeaf,과미르껍질,registered,원더패치,원더패치,원더패치 장당,,,unknown,미분류,3,0.1,1000,estimated,per_card,text,unknown,,active,needs_review,needs_review,"가격 단위 추정, 배송비 포함 여부 미확정",estimated,yes,candidate_estimated,원더패치 3장 장당 0.1
bfd2d4b2397af115f3d7f8b0,pokemoncardgame,포켓몬 카드게임,2026-07,2026-07-14T12:41:20+09:00,known,8087112bec392a568d027595,bfd2d4b2397af115f3d7f8b0,118558,https://m.dcinside.com/board/pokemoncardgame/118558,야도킹덱 소스 삽니다 구완,seller-2f613cda96d57440a477aeaf,과미르껍질,registered,뽀뽀라,뽀뽀라,뽀뽀라 장당,,,unknown,미분류,1,0.05,500,estimated,per_card,text,unknown,,active,needs_review,needs_review,"가격 단위 추정, 배송비 포함 여부 미확정",estimated,yes,candidate_estimated,뽀뽀라 1장 장당 0.05
c1123f88b39f48ff7805b14d,pokemoncardgame,포켓몬 카드게임,2026-07,2026-07-14T12:41:20+09:00,known,92fb32ca38142c8b2efc762c,c1123f88b39f48ff7805b14d,118558,https://m.dcinside.com/board/pokemoncardgame/118558,야도킹덱 소스 삽니다 구완,seller-2f613cda96d57440a477aeaf,과미르껍질,registered,시크릿박스,시크릿박스,시크릿박스 장당,,,unknown,미분류,1,0.1,1000,estimated,per_card,text,unknown,,active,needs_review,needs_review,"가격 단위 추정, 배송비 포함 여부 미확정",estimated,yes,candidate_estimated,시크릿박스 1장 장당 0.1
cd4763e13ac486bcee6d384f,pokemoncardgame,포켓몬 카드게임,2026-07,2026-07-14T12:41:20+09:00,known,92fb32ca38142c8b2efc762c,cd4763e13ac486bcee6d384f,118558,https://m.dcinside.com/board/pokemoncardgame/118558,야도킹덱 소스 삽니다 구완,seller-2f613cda96d57440a477aeaf,과미르껍질,registered,밤의 아카데미아,밤의 아카데미아,밤의 아카데미아 장당,,,unknown,미분류,1,0.05,500,estimated,per_card,text,unknown,,active,needs_review,needs_review,"가격 단위 추정, 배송비 포함 여부 미확정",estimated,yes,candidate_estimated,밤의 아카데미아 1장 장당 0.05
d06e1020c4e689fd8022f8bb,pokemoncardgame,포켓몬 카드게임,2026-07,2026-07-14T12:41:20+09:00,known,92fb32ca38142c8b2efc762c,d06e1020c4e689fd8022f8bb,118558,https://m.dcinside.com/board/pokemoncardgame/118558,야도킹덱 소스 삽니다 구완,seller-2f613cda96d57440a477aeaf,과미르껍질,registered,트라이 프로스트 큐레무,트라이 프로스트 큐레무,(트라이 프로스트)큐레무 장당,,,unknown,미분류,2,0.03,300,estimated,per_card,text,unknown,,active,needs_review,needs_review,"가격 단위 추정, 배송비 포함 여부 미확정",estimated,yes,candidate_estimated,(트라이 프로스트)큐레무 2장 장당 0.03
d7c25df7b42435abf5539e4c,pokemoncardgame,포켓몬 카드게임,2026-07,2026-07-14T12:41:20+09:00,known,8087112bec392a568d027595,d7c25df7b42435abf5539e4c,118558,https://m.dcinside.com/board/pokemoncardgame/118558,야도킹덱 소스 삽니다 구완,seller-2f613cda96d57440a477aeaf,과미르껍질,registered,밤의들것,밤의들것,밤의들것 장당,,,unknown,미분류,1,0.05,500,estimated,per_card,text,unknown,,active,needs_review,needs_review,"가격 단위 추정, 배송비 포함 여부 미확정",estimated,yes,candidate_estimated,밤의들것 1장 장당 0.05
e20c9be4bc5e3a627769e97d,pokemoncardgame,포켓몬 카드게임,2026-07,2026-07-14T12:41:20+09:00,known,9e30ccd462320e94442d7b6a,e20c9be4bc5e3a627769e97d,118558,https://m.dcinside.com/board/pokemoncardgame/118558,야도킹덱 소스 삽니다 구완,seller-2f613cda96d57440a477aeaf,과미르껍질,registered,길동무파이팅 저승갓숭,길동무파이팅 저승갓숭,(길동무파이팅)저승갓숭 장당,,,unknown,미분류,1,0.03,300,estimated,per_card,text,unknown,,active,needs_review,needs_review,"가격 단위 추정, 배송비 포함 여부 미확정",estimated,yes,candidate_estimated,(길동무파이팅)저승갓숭 1장 장당 0.03
e5b6bc5ef35a756e87db8863,pokemoncardgame,포켓몬 카드게임,2026-07,2026-07-14T12:41:20+09:00,known,92fb32ca38142c8b2efc762c,e5b6bc5ef35a756e87db8863,118558,https://m.dcinside.com/board/pokemoncardgame/118558,야도킹덱 소스 삽니다 구완,seller-2f613cda96d57440a477aeaf,과미르껍질,registered,원더패치,원더패치,원더패치 장당,,,unknown,미분류,3,0.1,1000,estimated,per_card,text,unknown,,active,needs_review,needs_review,"가격 단위 추정, 배송비 포함 여부 미확정",estimated,yes,candidate_estimated,원더패치 3장 장당 0.1
e85f91f9a5230a72b0483c09,pokemoncardgame,포켓몬 카드게임,2026-07,2026-07-14T12:41:20+09:00,known,92fb32ca38142c8b2efc762c,e85f91f9a5230a72b0483c09,118558,https://m.dcinside.com/board/pokemoncardgame/118558,야도킹덱 소스 삽니다 구완,seller-2f613cda96d57440a477aeaf,과미르껍질,registered,텔레패스 초에너지,텔레패스 초에너지,텔레패스 초에너지 장당,,,unknown,미분류,3,0.1,1000,estimated,per_card,text,unknown,,active,needs_review,needs_review,"가격 단위 추정, 배송비 포함 여부 미확정",estimated,yes,candidate_estimated,텔레패스 초에너지 3장 장당 0.1
fa98e43a67f2de73a65a709c,pokemoncardgame,포켓몬 카드게임,2026-07,2026-07-14T12:41:20+09:00,known,9e30ccd462320e94442d7b6a,fa98e43a67f2de73a65a709c,118558,https://m.dcinside.com/board/pokemoncardgame/118558,야도킹덱 소스 삽니다 구완,seller-2f613cda96d57440a477aeaf,과미르껍질,registered,포켓패드,포켓패드,포켓패드 장당,,,unknown,미분류,4,0.05,500,estimated,per_card,text,unknown,,active,needs_review,needs_review,"가격 단위 추정, 배송비 포함 여부 미확정",estimated,yes,candidate_estimated,포켓패드 4장 장당 0.05
faf2da6749b2f0bab1336582,pokemoncardgame,포켓몬 카드게임,2026-07,2026-07-14T12:41:20+09:00,known,8087112bec392a568d027595,faf2da6749b2f0bab1336582,118558,https://m.dcinside.com/board/pokemoncardgame/118558,야도킹덱 소스 삽니다 구완,seller-2f613cda96d57440a477aeaf,과미르껍질,registered,암호매니아의 해독,암호매니아의 해독,암호매니아의 해독 장당,,,unknown,미분류,1,0.05,500,estimated,per_card,text,unknown,,active,needs_review,needs_review,"가격 단위 추정, 배송비 포함 여부 미확정",estimated,yes,candidate_estimated,암호매니아의 해독 1장 장당 0.05
fb7d47f47cb76dc51f6b1606,pokemoncardgame,포켓몬 카드게임,2026-07,2026-07-14T12:41:20+09:00,known,9e30ccd462320e94442d7b6a,fb7d47f47cb76dc51f6b1606,118558,https://m.dcinside.com/board/pokemoncardgame/118558,야도킹덱 소스 삽니다 구완,seller-2f613cda96d57440a477aeaf,과미르껍질,registered,트라이 프로스트 큐레무,트라이 프로스트 큐레무,(트라이 프로스트)큐레무 장당,,,unknown,미분류,2,0.03,300,estimated,per_card,text,unknown,,active,needs_review,needs_review,"가격 단위 추정, 배송비 포함 여부 미확정",estimated,yes,candidate_estimated,(트라이 프로스트)큐레무 2장 장당 0.03
fb88bcc8bad01f559eed1e7f,pokemoncardgame,포켓몬 카드게임,2026-07,2026-07-14T12:41:20+09:00,known,92fb32ca38142c8b2efc762c,fb88bcc8bad01f559eed1e7f,118558,https://m.dcinside.com/board/pokemoncardgame/118558,야도킹덱 소스 삽니다 구완,seller-2f613cda96d57440a477aeaf,과미르껍질,registered,80야돈,80야돈,80야돈 장당,,,unknown,미분류,4,0.05,500,estimated,per_card,text,unknown,,active,needs_review,needs_review,"가격 단위 추정, 배송비 포함 여부 미확정",estimated,yes,candidate_estimated,80야돈 4장 장당 0.05
037d74b883da4f3433c69f0c,pokemoncardgame,포켓몬 카드게임,2026-07,2026-07-14T13:10:52+09:00,known,06a40f6a70bb1ed73239d972,037d74b883da4f3433c69f0c,118559,https://m.dcinside.com/board/pokemoncardgame/118559,봄드펄 ㅍㅍ,seller-fcb2ab9c1e491463fe108a77,Aa,registered,덱케이스 슬리브 포함,덱케이스 슬리브 포함,"덱케이스, 슬리브 포함",,,unknown,미분류,1,5.0,50000,estimated,bundle,text,unknown,,active,needs_review,needs_review,"가격 단위 추정, 복수 카드 가격, 배송비 포함 여부 미확정, 묶음·세트 총액 · 개별 카드 가격 아님",estimated,no,no,"덱케이스, 슬리브 포함 5.0"
0768e4a3a8e15ff19c122429,pokemoncardgame,포켓몬 카드게임,2026-07,2026-07-14T13:10:52+09:00,known,06a40f6a70bb1ed73239d972,0768e4a3a8e15ff19c122429,118559,https://m.dcinside.com/board/pokemoncardgame/118559,봄드펄 ㅍㅍ,seller-fcb2ab9c1e491463fe108a77,Aa,registered,var safe = window.dcAd && window.dcAd.safe ==,var safe = window.dcAd && window.dcAd.safe ==,var safe = (window.dcAd && window.dcAd.safe ==,,,unknown,미분류,1,1,10000,estimated,bundle,text,unknown,,active,needs_review,needs_review,"가격 단위 추정, 복수 카드 가격, 배송비 포함 여부 미확정, 묶음·세트 총액 · 개별 카드 가격 아님",estimated,no,no,var safe = (window.dcAd && window.dcAd.safe == 1)
50f2df5e668506a244801067,pokemoncardgame,포켓몬 카드게임,2026-07,2026-07-14T13:10:52+09:00,known,90536b0d8df11d4f30847862,50f2df5e668506a244801067,118559,https://m.dcinside.com/board/pokemoncardgame/118559,봄드펄 ㅍㅍ,seller-fcb2ab9c1e491463fe108a77,Aa,registered,덱케이스 슬리브 포함,덱케이스 슬리브 포함,"덱케이스, 슬리브 포함",,,unknown,미분류,1,5.0,50000,estimated,bundle,text,unknown,,active,needs_review,needs_review,"가격 단위 추정, 복수 카드 가격, 배송비 포함 여부 미확정, 묶음·세트 총액 · 개별 카드 가격 아님",estimated,no,no,"덱케이스, 슬리브 포함 5.0"
5c03866fec9e4e9ac3181d1b,pokemoncardgame,포켓몬 카드게임,2026-07,2026-07-14T13:10:52+09:00,known,90536b0d8df11d4f30847862,5c03866fec9e4e9ac3181d1b,118559,https://m.dcinside.com/board/pokemoncardgame/118559,봄드펄 ㅍㅍ,seller-fcb2ab9c1e491463fe108a77,Aa,registered,var safe = window.dcAd && window.dcAd.safe ==,var safe = window.dcAd && window.dcAd.safe ==,var safe = (window.dcAd && window.dcAd.safe ==,,,unknown,미분류,1,1,10000,estimated,bundle,text,unknown,,active,needs_review,needs_review,"가격 단위 추정, 복수 카드 가격, 배송비 포함 여부 미확정, 묶음·세트 총액 · 개별 카드 가격 아님",estimated,no,no,var safe = (window.dcAd && window.dcAd.safe == 1)
7af1212dbf9ef6bfd6498b2c,pokemoncardgame,포켓몬 카드게임,2026-07,2026-07-14T13:10:52+09:00,known,33979710e5a93f0d062c505c,7af1212dbf9ef6bfd6498b2c,118559,https://m.dcinside.com/board/pokemoncardgame/118559,봄드펄 ㅍㅍ,seller-fcb2ab9c1e491463fe108a77,Aa,registered,덱케이스 슬리브 포함,덱케이스 슬리브 포함,"덱케이스, 슬리브 포함",,,unknown,미분류,1,5.0,50000,estimated,bundle,text,unknown,,active,needs_review,needs_review,"가격 단위 추정, 복수 카드 가격, 배송비 포함 여부 미확정, 묶음·세트 총액 · 개별 카드 가격 아님",estimated,no,no,"덱케이스, 슬리브 포함 5.0"
91782d48290dba7462135a58,pokemoncardgame,포켓몬 카드게임,2026-07,2026-07-14T13:10:52+09:00,known,606567be0ef3b64dbc7b3b12,91782d48290dba7462135a58,118559,https://m.dcinside.com/board/pokemoncardgame/118559,봄드펄 ㅍㅍ,seller-fcb2ab9c1e491463fe108a77,Aa,registered,loadScript 'https pagead,loadScript 'https pagead,loadScript('https://pagead,,,unknown,미분류,1,2,20000,estimated,bundle,text,unknown,,active,needs_review,needs_review,"가격 단위 추정, 복수 카드 가격, 배송비 포함 여부 미확정, 묶음·세트 총액 · 개별 카드 가격 아님",estimated,no,no,"loadScript('https://pagead2.googlesyndication.com/pagead/js/adsbygoogle_direct.js?client=ca-pub-8171468792791627', true, 'anonymous');"
948694769c00c87520a00192,pokemoncardgame,포켓몬 카드게임,2026-07,2026-07-14T13:10:52+09:00,known,33979710e5a93f0d062c505c,948694769c00c87520a00192,118559,https://m.dcinside.com/board/pokemoncardgame/118559,봄드펄 ㅍㅍ,seller-fcb2ab9c1e491463fe108a77,Aa,registered,loadScript 'https pagead,loadScript 'https pagead,loadScript('https://pagead,,,unknown,미분류,1,2,20000,estimated,bundle,text,unknown,,active,needs_review,needs_review,"가격 단위 추정, 복수 카드 가격, 배송비 포함 여부 미확정, 묶음·세트 총액 · 개별 카드 가격 아님",estimated,no,no,"loadScript('https://pagead2.googlesyndication.com/pagead/js/adsbygoogle_direct.js?client=ca-pub-8171468792791627', true, 'anonymous');"
a014487a2f258e925d7824b5,pokemoncardgame,포켓몬 카드게임,2026-07,2026-07-14T13:10:52+09:00,known,33979710e5a93f0d062c505c,a014487a2f258e925d7824b5,118559,https://m.dcinside.com/board/pokemoncardgame/118559,봄드펄 ㅍㅍ,seller-fcb2ab9c1e491463fe108a77,Aa,registered,DOM 삽입 헬퍼 현재 스크립트 위치 기준,DOM 삽입 헬퍼 현재 스크립트 위치 기준,// ---- DOM 삽입 헬퍼 (현재 스크립트 위치 기준,,,unknown,미분류,1,1,10000,estimated,bundle,text,unknown,,active,needs_review,needs_review,"가격 단위 추정, 복수 카드 가격, 배송비 포함 여부 미확정, 묶음·세트 총액 · 개별 카드 가격 아님",estimated,no,no,// ---- DOM 삽입 헬퍼 (현재 스크립트 위치 기준1)
aae5508271fd132d6dcd7def,pokemoncardgame,포켓몬 카드게임,2026-07,2026-07-14T13:10:52+09:00,known,33979710e5a93f0d062c505c,aae5508271fd132d6dcd7def,118559,https://m.dcinside.com/board/pokemoncardgame/118559,봄드펄 ㅍㅍ,seller-fcb2ab9c1e491463fe108a77,Aa,registered,var safe = window.dcAd && window.dcAd.safe ==,var safe = window.dcAd && window.dcAd.safe ==,var safe = (window.dcAd && window.dcAd.safe ==,,,unknown,미분류,1,1,10000,estimated,bundle,text,unknown,,active,needs_review,needs_review,"가격 단위 추정, 복수 카드 가격, 배송비 포함 여부 미확정, 묶음·세트 총액 · 개별 카드 가격 아님",estimated,no,no,var safe = (window.dcAd && window.dcAd.safe == 1)
afa566f5d0f579639bed4aa6,pokemoncardgame,포켓몬 카드게임,2026-07,2026-07-14T13:10:52+09:00,known,90536b0d8df11d4f30847862,afa566f5d0f579639bed4aa6,118559,https://m.dcinside.com/board/pokemoncardgame/118559,봄드펄 ㅍㅍ,seller-fcb2ab9c1e491463fe108a77,Aa,registered,loadScript 'https pagead,loadScript 'https pagead,loadScript('https://pagead,,,unknown,미분류,1,2,20000,estimated,bundle,text,unknown,,active,needs_review,needs_review,"가격 단위 추정, 복수 카드 가격, 배송비 포함 여부 미확정, 묶음·세트 총액 · 개별 카드 가격 아님",estimated,no,no,"loadScript('https://pagead2.googlesyndication.com/pagead/js/adsbygoogle_direct.js?client=ca-pub-8171468792791627', true, 'anonymous');"
b0bdd4407f7ecccd8a6a3abc,pokemoncardgame,포켓몬 카드게임,2026-07,2026-07-14T13:10:52+09:00,known,06a40f6a70bb1ed73239d972,b0bdd4407f7ecccd8a6a3abc,118559,https://m.dcinside.com/board/pokemoncardgame/118559,봄드펄 ㅍㅍ,seller-fcb2ab9c1e491463fe108a77,Aa,registered,loadScript ' t,loadScript ' t,loadScript('//t,,,unknown,미분류,1,1,10000,estimated,bundle,text,unknown,,active,needs_review,needs_review,"가격 단위 추정, 복수 카드 가격, 배송비 포함 여부 미확정, 묶음·세트 총액 · 개별 카드 가격 아님",estimated,no,no,"loadScript('//t1.kakaocdn.net/kas/static/ba.min.js', true);"
b385929a4392fb3c0be7464f,pokemoncardgame,포켓몬 카드게임,2026-07,2026-07-14T13:10:52+09:00,known,33979710e5a93f0d062c505c,b385929a4392fb3c0be7464f,118559,https://m.dcinside.com/board/pokemoncardgame/118559,봄드펄 ㅍㅍ,seller-fcb2ab9c1e491463fe108a77,Aa,registered,loadScript ' t,loadScript ' t,loadScript('//t,,,unknown,미분류,1,1,10000,estimated,bundle,text,unknown,,active,needs_review,needs_review,"가격 단위 추정, 복수 카드 가격, 배송비 포함 여부 미확정, 묶음·세트 총액 · 개별 카드 가격 아님",estimated,no,no,"loadScript('//t1.kakaocdn.net/kas/static/ba.min.js', true);"
bc4e857ec99be8bbb1baa9bd,pokemoncardgame,포켓몬 카드게임,2026-07,2026-07-14T13:10:52+09:00,known,606567be0ef3b64dbc7b3b12,bc4e857ec99be8bbb1baa9bd,118559,https://m.dcinside.com/board/pokemoncardgame/118559,봄드펄 ㅍㅍ,seller-fcb2ab9c1e491463fe108a77,Aa,registered,DOM 삽입 헬퍼 현재 스크립트 위치 기준,DOM 삽입 헬퍼 현재 스크립트 위치 기준,// ---- DOM 삽입 헬퍼 (현재 스크립트 위치 기준,,,unknown,미분류,1,1,10000,estimated,bundle,text,unknown,,active,needs_review,needs_review,"가격 단위 추정, 복수 카드 가격, 배송비 포함 여부 미확정, 묶음·세트 총액 · 개별 카드 가격 아님",estimated,no,no,// ---- DOM 삽입 헬퍼 (현재 스크립트 위치 기준1)
bed60433fc6b07a606dd1208,pokemoncardgame,포켓몬 카드게임,2026-07,2026-07-14T13:10:52+09:00,known,06a40f6a70bb1ed73239d972,bed60433fc6b07a606dd1208,118559,https://m.dcinside.com/board/pokemoncardgame/118559,봄드펄 ㅍㅍ,seller-fcb2ab9c1e491463fe108a77,Aa,registered,loadScript 'https pagead,loadScript 'https pagead,loadScript('https://pagead,,,unknown,미분류,1,2,20000,estimated,bundle,text,unknown,,active,needs_review,needs_review,"가격 단위 추정, 복수 카드 가격, 배송비 포함 여부 미확정, 묶음·세트 총액 · 개별 카드 가격 아님",estimated,no,no,"loadScript('https://pagead2.googlesyndication.com/pagead/js/adsbygoogle_direct.js?client=ca-pub-8171468792791627', true, 'anonymous');"
c1997fe69f8376a6d7fd29a3,pokemoncardgame,포켓몬 카드게임,2026-07,2026-07-14T13:10:52+09:00,known,606567be0ef3b64dbc7b3b12,c1997fe69f8376a6d7fd29a3,118559,https://m.dcinside.com/board/pokemoncardgame/118559,봄드펄 ㅍㅍ,seller-fcb2ab9c1e491463fe108a77,Aa,registered,덱케이스 슬리브 포함,덱케이스 슬리브 포함,"덱케이스, 슬리브 포함",,,unknown,미분류,1,5.0,50000,estimated,bundle,text,unknown,,active,needs_review,needs_review,"가격 단위 추정, 복수 카드 가격, 배송비 포함 여부 미확정, 묶음·세트 총액 · 개별 카드 가격 아님",estimated,no,no,"덱케이스, 슬리브 포함 5.0"
df1e650968232bb021c8dea7,pokemoncardgame,포켓몬 카드게임,2026-07,2026-07-14T13:10:52+09:00,known,06a40f6a70bb1ed73239d972,df1e650968232bb021c8dea7,118559,https://m.dcinside.com/board/pokemoncardgame/118559,봄드펄 ㅍㅍ,seller-fcb2ab9c1e491463fe108a77,Aa,registered,DOM 삽입 헬퍼 현재 스크립트 위치 기준,DOM 삽입 헬퍼 현재 스크립트 위치 기준,// ---- DOM 삽입 헬퍼 (현재 스크립트 위치 기준,,,unknown,미분류,1,1,10000,estimated,bundle,text,unknown,,active,needs_review,needs_review,"가격 단위 추정, 복수 카드 가격, 배송비 포함 여부 미확정, 묶음·세트 총액 · 개별 카드 가격 아님",estimated,no,no,// ---- DOM 삽입 헬퍼 (현재 스크립트 위치 기준1)
e4b296d91ba6848284cf6c10,pokemoncardgame,포켓몬 카드게임,2026-07,2026-07-14T13:10:52+09:00,known,90536b0d8df11d4f30847862,e4b296d91ba6848284cf6c10,118559,https://m.dcinside.com/board/pokemoncardgame/118559,봄드펄 ㅍㅍ,seller-fcb2ab9c1e491463fe108a77,Aa,registered,DOM 삽입 헬퍼 현재 스크립트 위치 기준,DOM 삽입 헬퍼 현재 스크립트 위치 기준,// ---- DOM 삽입 헬퍼 (현재 스크립트 위치 기준,,,unknown,미분류,1,1,10000,estimated,bundle,text,unknown,,active,needs_review,needs_review,"가격 단위 추정, 복수 카드 가격, 배송비 포함 여부 미확정, 묶음·세트 총액 · 개별 카드 가격 아님",estimated,no,no,// ---- DOM 삽입 헬퍼 (현재 스크립트 위치 기준1)
f5c872e5e5939e81c75e2fc5,pokemoncardgame,포켓몬 카드게임,2026-07,2026-07-14T13:10:52+09:00,known,606567be0ef3b64dbc7b3b12,f5c872e5e5939e81c75e2fc5,118559,https://m.dcinside.com/board/pokemoncardgame/118559,봄드펄 ㅍㅍ,seller-fcb2ab9c1e491463fe108a77,Aa,registered,var safe = window.dcAd && window.dcAd.safe ==,var safe = window.dcAd && window.dcAd.safe ==,var safe = (window.dcAd && window.dcAd.safe ==,,,unknown,미분류,1,1,10000,estimated,bundle,text,unknown,,active,needs_review,needs_review,"가격 단위 추정, 복수 카드 가격, 배송비 포함 여부 미확정, 묶음·세트 총액 · 개별 카드 가격 아님",estimated,no,no,var safe = (window.dcAd && window.dcAd.safe == 1)
f6e6b9af46e5aaaa48a9f7bb,pokemoncardgame,포켓몬 카드게임,2026-07,2026-07-14T13:10:52+09:00,known,90536b0d8df11d4f30847862,f6e6b9af46e5aaaa48a9f7bb,118559,https://m.dcinside.com/board/pokemoncardgame/118559,봄드펄 ㅍㅍ,seller-fcb2ab9c1e491463fe108a77,Aa,registered,loadScript ' t,loadScript ' t,loadScript('//t,,,unknown,미분류,1,1,10000,estimated,bundle,text,unknown,,active,needs_review,needs_review,"가격 단위 추정, 복수 카드 가격, 배송비 포함 여부 미확정, 묶음·세트 총액 · 개별 카드 가격 아님",estimated,no,no,"loadScript('//t1.kakaocdn.net/kas/static/ba.min.js', true);"
f6f71f8a2e16418ce4e1131c,pokemoncardgame,포켓몬 카드게임,2026-07,2026-07-14T13:10:52+09:00,known,606567be0ef3b64dbc7b3b12,f6f71f8a2e16418ce4e1131c,118559,https://m.dcinside.com/board/pokemoncardgame/118559,봄드펄 ㅍㅍ,seller-fcb2ab9c1e491463fe108a77,Aa,registered,loadScript ' t,loadScript ' t,loadScript('//t,,,unknown,미분류,1,1,10000,estimated,bundle,text,unknown,,active,needs_review,needs_review,"가격 단위 추정, 복수 카드 가격, 배송비 포함 여부 미확정, 묶음·세트 총액 · 개별 카드 가격 아님",estimated,no,no,"loadScript('//t1.kakaocdn.net/kas/static/ba.min.js', true);"
31dd6459f7cda545bff22bd9,pokemoncardgame,포켓몬 카드게임,2026-07,2026-07-14T20:38:59+09:00,known,c9361a245dda9fed47263ea6,31dd6459f7cda545bff22bd9,118582,https://m.dcinside.com/board/pokemoncardgame/118582,누룩스 시티 ur 3장삽니다,seller-182df5192f91d57a8fbf2eda,다크리루,guest,,,,,,unknown,미분류,1,1.5,15000,estimated,bundle,text,included,2000,active,needs_review,needs_review,"가격 단위 추정, 일괄·세트 가격, 카드명 확인 필요, 묶음·세트 총액 · 개별 카드 가격 아님",estimated,no,no,일괄 택포1.5에 사요
6dcbd187f3c92f6482c84ba3,pokemoncardgame,포켓몬 카드게임,2026-07,2026-07-14T20:38:59+09:00,known,9a4333b48e892af6fa56c65a,6dcbd187f3c92f6482c84ba3,118582,https://m.dcinside.com/board/pokemoncardgame/118582,누룩스 시티 ur 3장삽니다,seller-a6ed72d182c5500c8596f3d8,다크리루,guest,,,,,,unknown,미분류,1,1.5,15000,estimated,bundle,text,included,2000,active,needs_review,needs_review,"가격 단위 추정, 일괄·세트 가격, 카드명 확인 필요, 묶음·세트 총액 · 개별 카드 가격 아님",estimated,no,no,일괄 택포1.5에 사요
d70a2a442290d68b6500dc33,pokemoncardgame,포켓몬 카드게임,2026-07,2026-07-14T20:38:59+09:00,known,2b2f585966fa8a7343f13210,d70a2a442290d68b6500dc33,118582,https://m.dcinside.com/board/pokemoncardgame/118582,누룩스 시티 ur 3장삽니다,seller-c4559a98124e5aa500a8b239,다크리루,guest,,,,,,unknown,미분류,1,1.5,15000,estimated,bundle,text,included,2000,active,needs_review,needs_review,"가격 단위 추정, 일괄·세트 가격, 카드명 확인 필요, 묶음·세트 총액 · 개별 카드 가격 아님",estimated,no,no,일괄 택포1.5에 사요
0576789cb46e8d27271de3bd,pokemoncardgame,포켓몬 카드게임,2026-07,2026-07-15T10:48:51+09:00,known,506a54ea599c29695d9dee9b,0576789cb46e8d27271de3bd,118612,https://m.dcinside.com/board/pokemoncardgame/118612,둔숨 덱소스 구합니다,seller-51447db26eeb90b0124d315b,포갤러,registered,무쿠1 어비스아이,무쿠1 어비스아이,무쿠1(어비스아이) 장당,,,unknown,미분류,1,0.3,3000,estimated,per_card,text,unknown,,active,needs_review,needs_review,"가격 단위 추정, 배송비 포함 여부 미확정",estimated,yes,candidate_estimated,무쿠1(어비스아이) 장당 0.3
221bc1159da17f21165f03d0,pokemoncardgame,포켓몬 카드게임,2026-07,2026-07-15T10:48:51+09:00,known,506a54ea599c29695d9dee9b,221bc1159da17f21165f03d0,118612,https://m.dcinside.com/board/pokemoncardgame/118612,둔숨 덱소스 구합니다,seller-51447db26eeb90b0124d315b,포갤러,registered,릴리에의 삐삐 ex 두장,릴리에의 삐삐 ex 두장,릴리에의 삐삐 ex 2 두장,,,unknown,미분류,1,0.2,2000,estimated,per_card,text,unknown,,active,needs_review,needs_review,"가격 단위 추정, 배송비 포함 여부 미확정",estimated,yes,candidate_estimated,릴리에의 삐삐 ex 2 두장 0.2
4c8faae42590aebc37218542,pokemoncardgame,포켓몬 카드게임,2026-07,2026-07-15T10:48:51+09:00,known,30e715aef0931895030ba0c2,4c8faae42590aebc37218542,118612,https://m.dcinside.com/board/pokemoncardgame/118612,둔숨 덱소스 구합니다,seller-51447db26eeb90b0124d315b,포갤러,registered,무쿠1 어비스아이,무쿠1 어비스아이,무쿠1(어비스아이) 장당,,,unknown,미분류,1,0.3,3000,estimated,per_card,text,unknown,,active,needs_review,needs_review,"가격 단위 추정, 배송비 포함 여부 미확정",estimated,yes,candidate_estimated,무쿠1(어비스아이) 장당 0.3
54d3e550d598725127ef12d4,pokemoncardgame,포켓몬 카드게임,2026-07,2026-07-15T10:48:51+09:00,known,e02a55738bb5cad590b46939,54d3e550d598725127ef12d4,118612,https://m.dcinside.com/board/pokemoncardgame/118612,둔숨 덱소스 구합니다,seller-51447db26eeb90b0124d315b,포갤러,registered,야도킹 스텔라미라클,야도킹 스텔라미라클,야도킹(스텔라미라클) 1,,,unknown,미분류,1,0.1,1000,estimated,per_card,text,unknown,,active,needs_review,needs_review,"가격 단위 추정, 배송비 포함 여부 미확정",estimated,yes,candidate_estimated,야도킹(스텔라미라클) 1 0.1
645b480557227aa4b67e11de,pokemoncardgame,포켓몬 카드게임,2026-07,2026-07-15T10:48:51+09:00,known,e02a55738bb5cad590b46939,645b480557227aa4b67e11de,118612,https://m.dcinside.com/board/pokemoncardgame/118612,둔숨 덱소스 구합니다,seller-51447db26eeb90b0124d315b,포갤러,registered,위 리스트 반,위 리스트 반,위 리스트 반택포,,,unknown,미분류,1,2.3,23000,estimated,bundle,text,included,2000,active,needs_review,needs_review,"가격 단위 추정, 일괄·세트 가격, 묶음·세트 총액 · 개별 카드 가격 아님",estimated,no,no,위 리스트 일괄 반택포 2.3에 구합니다
6f72e8f163fa8edea1ca33b3,pokemoncardgame,포켓몬 카드게임,2026-07,2026-07-15T10:48:51+09:00,known,e02a55738bb5cad590b46939,6f72e8f163fa8edea1ca33b3,118612,https://m.dcinside.com/board/pokemoncardgame/118612,둔숨 덱소스 구합니다,seller-51447db26eeb90b0124d315b,포갤러,registered,텔레패스 에너지4,텔레패스 에너지4,텔레패스 에너지4,,,unknown,미분류,1,0.4,4000,estimated,bundle,text,unknown,,active,needs_review,needs_review,"가격 단위 추정, 일괄·세트 가격, 배송비 포함 여부 미확정, 묶음·세트 총액 · 개별 카드 가격 아님",estimated,no,no,텔레패스 에너지4 일괄 0.4
7797a6aaacadbb6f00eab340,pokemoncardgame,포켓몬 카드게임,2026-07,2026-07-15T10:48:51+09:00,known,e02a55738bb5cad590b46939,7797a6aaacadbb6f00eab340,118612,https://m.dcinside.com/board/pokemoncardgame/118612,둔숨 덱소스 구합니다,seller-51447db26eeb90b0124d315b,포갤러,registered,타타륜1 어비스아이,타타륜1 어비스아이,타타륜1(어비스아이),,,unknown,미분류,1,0.03,300,estimated,per_card,text,unknown,,active,needs_review,needs_review,"가격 단위 추정, 배송비 포함 여부 미확정",estimated,yes,candidate_estimated,타타륜1(어비스아이) 0.03
821c40ecda03ec0bc6eda237,pokemoncardgame,포켓몬 카드게임,2026-07,2026-07-15T10:48:51+09:00,known,30e715aef0931895030ba0c2,821c40ecda03ec0bc6eda237,118612,https://m.dcinside.com/board/pokemoncardgame/118612,둔숨 덱소스 구합니다,seller-51447db26eeb90b0124d315b,포갤러,registered,텔레패스 에너지4,텔레패스 에너지4,텔레패스 에너지4,,,unknown,미분류,1,0.4,4000,estimated,bundle,text,unknown,,active,needs_review,needs_review,"가격 단위 추정, 일괄·세트 가격, 배송비 포함 여부 미확정, 묶음·세트 총액 · 개별 카드 가격 아님",estimated,no,no,텔레패스 에너지4 일괄 0.4
8969b50ea2895cbea0967899,pokemoncardgame,포켓몬 카드게임,2026-07,2026-07-15T10:48:51+09:00,known,e02a55738bb5cad590b46939,8969b50ea2895cbea0967899,118612,https://m.dcinside.com/board/pokemoncardgame/118612,둔숨 덱소스 구합니다,seller-51447db26eeb90b0124d315b,포갤러,registered,노고치 HP,노고치 HP,노고치(HP,,,unknown,미분류,1,70,700000,estimated,per_card,text,unknown,,active,needs_review,needs_review,"가격 단위 추정, 배송비 포함 여부 미확정",estimated,yes,candidate_estimated,노고치(HP70)-노고고치(도주드로) 2장씩 총 0.5
8f56afd8310334ea90d26972,pokemoncardgame,포켓몬 카드게임,2026-07,2026-07-15T10:48:51+09:00,known,e02a55738bb5cad590b46939,8f56afd8310334ea90d26972,118612,https://m.dcinside.com/board/pokemoncardgame/118612,둔숨 덱소스 구합니다,seller-51447db26eeb90b0124d315b,포갤러,registered,릴리에의 삐삐 ex 두장,릴리에의 삐삐 ex 두장,릴리에의 삐삐 ex 2 두장,,,unknown,미분류,1,0.2,2000,estimated,per_card,text,unknown,,active,needs_review,needs_review,"가격 단위 추정, 배송비 포함 여부 미확정",estimated,yes,candidate_estimated,릴리에의 삐삐 ex 2 두장 0.2
933a895b288c4ae0ee6f600b,pokemoncardgame,포켓몬 카드게임,2026-07,2026-07-15T10:48:51+09:00,known,30e715aef0931895030ba0c2,933a895b288c4ae0ee6f600b,118612,https://m.dcinside.com/board/pokemoncardgame/118612,둔숨 덱소스 구합니다,seller-51447db26eeb90b0124d315b,포갤러,registered,위 리스트 반,위 리스트 반,위 리스트 반택포,,,unknown,미분류,1,2.3,23000,estimated,bundle,text,included,2000,active,needs_review,needs_review,"가격 단위 추정, 일괄·세트 가격, 묶음·세트 총액 · 개별 카드 가격 아님",estimated,no,no,위 리스트 일괄 반택포 2.3에 구합니다
96dcf17299dc509dee1c610a,pokemoncardgame,포켓몬 카드게임,2026-07,2026-07-15T10:48:51+09:00,known,506a54ea599c29695d9dee9b,96dcf17299dc509dee1c610a,118612,https://m.dcinside.com/board/pokemoncardgame/118612,둔숨 덱소스 구합니다,seller-51447db26eeb90b0124d315b,포갤러,registered,텔레패스 에너지4,텔레패스 에너지4,텔레패스 에너지4,,,unknown,미분류,1,0.4,4000,estimated,bundle,text,unknown,,active,needs_review,needs_review,"가격 단위 추정, 일괄·세트 가격, 배송비 포함 여부 미확정, 묶음·세트 총액 · 개별 카드 가격 아님",estimated,no,no,텔레패스 에너지4 일괄 0.4
a6ebec95307ae1d49bc710ec,pokemoncardgame,포켓몬 카드게임,2026-07,2026-07-15T10:48:51+09:00,known,30e715aef0931895030ba0c2,a6ebec95307ae1d49bc710ec,118612,https://m.dcinside.com/board/pokemoncardgame/118612,둔숨 덱소스 구합니다,seller-51447db26eeb90b0124d315b,포갤러,registered,타타륜1 어비스아이,타타륜1 어비스아이,타타륜1(어비스아이),,,unknown,미분류,1,0.03,300,estimated,per_card,text,unknown,,active,needs_review,needs_review,"가격 단위 추정, 배송비 포함 여부 미확정",estimated,yes,candidate_estimated,타타륜1(어비스아이) 0.03
b28c955841140e8e5e83fc62,pokemoncardgame,포켓몬 카드게임,2026-07,2026-07-15T10:48:51+09:00,known,506a54ea599c29695d9dee9b,b28c955841140e8e5e83fc62,118612,https://m.dcinside.com/board/pokemoncardgame/118612,둔숨 덱소스 구합니다,seller-51447db26eeb90b0124d315b,포갤러,registered,위 리스트 반,위 리스트 반,위 리스트 반택포,,,unknown,미분류,1,2.3,23000,estimated,bundle,text,included,2000,active,needs_review,needs_review,"가격 단위 추정, 일괄·세트 가격, 묶음·세트 총액 · 개별 카드 가격 아님",estimated,no,no,위 리스트 일괄 반택포 2.3에 구합니다
c963de9c94948b0ec5d2ec5d,pokemoncardgame,포켓몬 카드게임,2026-07,2026-07-15T10:48:51+09:00,known,30e715aef0931895030ba0c2,c963de9c94948b0ec5d2ec5d,118612,https://m.dcinside.com/board/pokemoncardgame/118612,둔숨 덱소스 구합니다,seller-51447db26eeb90b0124d315b,포갤러,registered,야도킹 스텔라미라클,야도킹 스텔라미라클,야도킹(스텔라미라클) 1,,,unknown,미분류,1,0.1,1000,estimated,per_card,text,unknown,,active,needs_review,needs_review,"가격 단위 추정, 배송비 포함 여부 미확정",estimated,yes,candidate_estimated,야도킹(스텔라미라클) 1 0.1
ce5edd327efa69ad75979d1a,pokemoncardgame,포켓몬 카드게임,2026-07,2026-07-15T10:48:51+09:00,known,e02a55738bb5cad590b46939,ce5edd327efa69ad75979d1a,118612,https://m.dcinside.com/board/pokemoncardgame/118612,둔숨 덱소스 구합니다,seller-51447db26eeb90b0124d315b,포갤러,registered,무쿠1 어비스아이,무쿠1 어비스아이,무쿠1(어비스아이) 장당,,,unknown,미분류,1,0.3,3000,estimated,per_card,text,unknown,,active,needs_review,needs_review,"가격 단위 추정, 배송비 포함 여부 미확정",estimated,yes,candidate_estimated,무쿠1(어비스아이) 장당 0.3
ed4329c1a5e2a6915b8d4aba,pokemoncardgame,포켓몬 카드게임,2026-07,2026-07-15T10:48:51+09:00,known,30e715aef0931895030ba0c2,ed4329c1a5e2a6915b8d4aba,118612,https://m.dcinside.com/board/pokemoncardgame/118612,둔숨 덱소스 구합니다,seller-51447db26eeb90b0124d315b,포갤러,registered,노고치 HP,노고치 HP,노고치(HP,,,unknown,미분류,1,70,700000,estimated,per_card,text,unknown,,active,needs_review,needs_review,"가격 단위 추정, 배송비 포함 여부 미확정",estimated,yes,candidate_estimated,노고치(HP70)-노고고치(도주드로) 2장씩 총 0.5
f02e1e014f50aedb31cc2f58,pokemoncardgame,포켓몬 카드게임,2026-07,2026-07-15T10:48:51+09:00,known,506a54ea599c29695d9dee9b,f02e1e014f50aedb31cc2f58,118612,https://m.dcinside.com/board/pokemoncardgame/118612,둔숨 덱소스 구합니다,seller-51447db26eeb90b0124d315b,포갤러,registered,타타륜1 어비스아이,타타륜1 어비스아이,타타륜1(어비스아이),,,unknown,미분류,1,0.03,300,estimated,per_card,text,unknown,,active,needs_review,needs_review,"가격 단위 추정, 배송비 포함 여부 미확정",estimated,yes,candidate_estimated,타타륜1(어비스아이) 0.03
f293e8e4e0b853144ac4c780,pokemoncardgame,포켓몬 카드게임,2026-07,2026-07-15T10:48:51+09:00,known,506a54ea599c29695d9dee9b,f293e8e4e0b853144ac4c780,118612,https://m.dcinside.com/board/pokemoncardgame/118612,둔숨 덱소스 구합니다,seller-51447db26eeb90b0124d315b,포갤러,registered,야도킹 스텔라미라클,야도킹 스텔라미라클,야도킹(스텔라미라클) 1,,,unknown,미분류,1,0.1,1000,estimated,per_card,text,unknown,,active,needs_review,needs_review,"가격 단위 추정, 배송비 포함 여부 미확정",estimated,yes,candidate_estimated,야도킹(스텔라미라클) 1 0.1
f7d1c6040b4aa93205cb6f9e,pokemoncardgame,포켓몬 카드게임,2026-07,2026-07-15T10:48:51+09:00,known,30e715aef0931895030ba0c2,f7d1c6040b4aa93205cb6f9e,118612,https://m.dcinside.com/board/pokemoncardgame/118612,둔숨 덱소스 구합니다,seller-51447db26eeb90b0124d315b,포갤러,registered,릴리에의 삐삐 ex 두장,릴리에의 삐삐 ex 두장,릴리에의 삐삐 ex 2 두장,,,unknown,미분류,1,0.2,2000,estimated,per_card,text,unknown,,active,needs_review,needs_review,"가격 단위 추정, 배송비 포함 여부 미확정",estimated,yes,candidate_estimated,릴리에의 삐삐 ex 2 두장 0.2
fc4b3e862e214665f2579a4c,pokemoncardgame,포켓몬 카드게임,2026-07,2026-07-15T10:48:51+09:00,known,506a54ea599c29695d9dee9b,fc4b3e862e214665f2579a4c,118612,https://m.dcinside.com/board/pokemoncardgame/118612,둔숨 덱소스 구합니다,seller-51447db26eeb90b0124d315b,포갤러,registered,노고치 HP,노고치 HP,노고치(HP,,,unknown,미분류,1,70,700000,estimated,per_card,text,unknown,,active,needs_review,needs_review,"가격 단위 추정, 배송비 포함 여부 미확정",estimated,yes,candidate_estimated,노고치(HP70)-노고고치(도주드로) 2장씩 총 0.5
1a625bc6fb813bd4ede70dc3,pokemoncardgame,포켓몬 카드게임,2026-07,2026-07-15T18:08:20+09:00,known,5bc447467e133d93b6ac31c6,1a625bc6fb813bd4ede70dc3,118643,https://m.dcinside.com/board/pokemoncardgame/118643,덱소스 구매합니다,seller-cef39a958b653be4532fe134,ㅇㅇ,guest,암호매니아,암호매니아,암호매니아,,,unknown,미분류,1,1,10000,estimated,per_card,text,unknown,,active,needs_review,needs_review,"가격 단위 추정, 배송비 포함 여부 미확정",estimated,yes,candidate_estimated,암호매니아1
1a84523d84bc0001ab47c7e1,pokemoncardgame,포켓몬 카드게임,2026-07,2026-07-15T18:08:20+09:00,known,5bc447467e133d93b6ac31c6,1a84523d84bc0001ab47c7e1,118643,https://m.dcinside.com/board/pokemoncardgame/118643,덱소스 구매합니다,seller-cef39a958b653be4532fe134,ㅇㅇ,guest,언페어,언페어,언페어,,,unknown,미분류,1,1,10000,estimated,per_card,text,unknown,,active,needs_review,needs_review,"가격 단위 추정, 배송비 포함 여부 미확정",estimated,yes,candidate_estimated,언페어1
1e881deeaa0e2d216b4ac455,pokemoncardgame,포켓몬 카드게임,2026-07,2026-07-15T18:08:20+09:00,known,7380bc8898348af3cf5e7b77,1e881deeaa0e2d216b4ac455,118643,https://m.dcinside.com/board/pokemoncardgame/118643,덱소스 구매합니다,seller-6fd5b8c719e4134dd4339a3d,ㅇㅇ,guest,천원,천원,천원,,,unknown,미분류,1,8,80000,estimated,per_card,text,included,2000,active,needs_review,needs_review,가격 단위 추정,estimated,yes,candidate_estimated,반택포 8천원
2f1bcd6d3df27cabe84ca0ec,pokemoncardgame,포켓몬 카드게임,2026-07,2026-07-15T18:08:20+09:00,known,5bc447467e133d93b6ac31c6,2f1bcd6d3df27cabe84ca0ec,118643,https://m.dcinside.com/board/pokemoncardgame/118643,덱소스 구매합니다,seller-cef39a958b653be4532fe134,ㅇㅇ,guest,태권왕,태권왕,태권왕,,,unknown,미분류,1,1,10000,estimated,per_card,text,unknown,,active,needs_review,needs_review,"가격 단위 추정, 배송비 포함 여부 미확정",estimated,yes,candidate_estimated,태권왕1
360b3b6bc5076e0b7a35668d,pokemoncardgame,포켓몬 카드게임,2026-07,2026-07-15T18:08:20+09:00,known,44234d8d1885db7f181b23c6,360b3b6bc5076e0b7a35668d,118643,https://m.dcinside.com/board/pokemoncardgame/118643,덱소스 구매합니다,seller-63d1dffd04e1963cf54ccf0c,ㅇㅇ,guest,암호매니아,암호매니아,암호매니아,,,unknown,미분류,1,1,10000,estimated,per_card,text,unknown,,active,needs_review,needs_review,"가격 단위 추정, 배송비 포함 여부 미확정",estimated,yes,candidate_estimated,암호매니아1
39b7d9b3faf044502f04244b,pokemoncardgame,포켓몬 카드게임,2026-07,2026-07-15T18:08:20+09:00,known,7380bc8898348af3cf5e7b77,39b7d9b3faf044502f04244b,118643,https://m.dcinside.com/board/pokemoncardgame/118643,덱소스 구매합니다,seller-6fd5b8c719e4134dd4339a3d,ㅇㅇ,guest,미스트 에너지,미스트 에너지,미스트 에너지,,,unknown,미분류,4,500,500,exact,per_quantity,text,unknown,,active,needs_review,needs_review,"배송비 포함 여부 미확정, 복수 수량 총액 · 카드 1장 가격 아님",exact,no,no,미스트 에너지 4장 500원
3ee51ddad8ba5429ba7088e0,pokemoncardgame,포켓몬 카드게임,2026-07,2026-07-15T18:08:20+09:00,known,44234d8d1885db7f181b23c6,3ee51ddad8ba5429ba7088e0,118643,https://m.dcinside.com/board/pokemoncardgame/118643,덱소스 구매합니다,seller-63d1dffd04e1963cf54ccf0c,ㅇㅇ,guest,60체 노고치,60체 노고치,60체 노고치,,,unknown,미분류,2,500,500,exact,per_quantity,text,unknown,,active,needs_review,needs_review,"배송비 포함 여부 미확정, 복수 수량 총액 · 카드 1장 가격 아님",exact,no,no,60체 노고치 2장 500원
472ece0714e59eb91b30d221,pokemoncardgame,포켓몬 카드게임,2026-07,2026-07-15T18:08:20+09:00,known,5bc447467e133d93b6ac31c6,472ece0714e59eb91b30d221,118643,https://m.dcinside.com/board/pokemoncardgame/118643,덱소스 구매합니다,seller-cef39a958b653be4532fe134,ㅇㅇ,guest,천원,천원,천원,,,unknown,미분류,1,8,80000,estimated,per_card,text,included,2000,active,needs_review,needs_review,가격 단위 추정,estimated,yes,candidate_estimated,반택포 8천원
4f1cca4fcc77958866b088e6,pokemoncardgame,포켓몬 카드게임,2026-07,2026-07-15T18:08:20+09:00,known,7380bc8898348af3cf5e7b77,4f1cca4fcc77958866b088e6,118643,https://m.dcinside.com/board/pokemoncardgame/118643,덱소스 구매합니다,seller-6fd5b8c719e4134dd4339a3d,ㅇㅇ,guest,노고고치,노고고치,노고고치,,,unknown,미분류,3,2000,2000,exact,per_quantity,text,unknown,,active,needs_review,needs_review,"배송비 포함 여부 미확정, 복수 수량 총액 · 카드 1장 가격 아님",exact,no,no,노고고치 3장 2000원
5ac5c7a8a99a65295a329f1c,pokemoncardgame,포켓몬 카드게임,2026-07,2026-07-15T18:08:20+09:00,known,44234d8d1885db7f181b23c6,5ac5c7a8a99a65295a329f1c,118643,https://m.dcinside.com/board/pokemoncardgame/118643,덱소스 구매합니다,seller-63d1dffd04e1963cf54ccf0c,ㅇㅇ,guest,언페어,언페어,언페어,,,unknown,미분류,1,1,10000,estimated,per_card,text,unknown,,active,needs_review,needs_review,"가격 단위 추정, 배송비 포함 여부 미확정",estimated,yes,candidate_estimated,언페어1
6570a4ce540f72afa5967fd8,pokemoncardgame,포켓몬 카드게임,2026-07,2026-07-15T18:08:20+09:00,known,5bc447467e133d93b6ac31c6,6570a4ce540f72afa5967fd8,118643,https://m.dcinside.com/board/pokemoncardgame/118643,덱소스 구매합니다,seller-cef39a958b653be4532fe134,ㅇㅇ,guest,사슬떡,사슬떡,사슬떡,,,unknown,미분류,1,1,10000,estimated,per_card,text,unknown,,active,needs_review,needs_review,"가격 단위 추정, 배송비 포함 여부 미확정",estimated,yes,candidate_estimated,사슬떡1
696000dcc12226042c600ce7,pokemoncardgame,포켓몬 카드게임,2026-07,2026-07-15T18:08:20+09:00,known,44234d8d1885db7f181b23c6,696000dcc12226042c600ce7,118643,https://m.dcinside.com/board/pokemoncardgame/118643,덱소스 구매합니다,seller-63d1dffd04e1963cf54ccf0c,ㅇㅇ,guest,태권왕,태권왕,태권왕,,,unknown,미분류,1,1,10000,estimated,per_card,text,unknown,,active,needs_review,needs_review,"가격 단위 추정, 배송비 포함 여부 미확정",estimated,yes,candidate_estimated,태권왕1
6e62e7c20ae9d95c9ab229a9,pokemoncardgame,포켓몬 카드게임,2026-07,2026-07-15T18:08:20+09:00,known,5bc447467e133d93b6ac31c6,6e62e7c20ae9d95c9ab229a9,118643,https://m.dcinside.com/board/pokemoncardgame/118643,덱소스 구매합니다,seller-cef39a958b653be4532fe134,ㅇㅇ,guest,60체 노고치,60체 노고치,60체 노고치,,,unknown,미분류,2,500,500,exact,per_quantity,text,unknown,,active,needs_review,needs_review,"배송비 포함 여부 미확정, 복수 수량 총액 · 카드 1장 가격 아님",exact,no,no,60체 노고치 2장 500원
7a48e23b47b4ce2e0b800d9a,pokemoncardgame,포켓몬 카드게임,2026-07,2026-07-15T18:08:20+09:00,known,7380bc8898348af3cf5e7b77,7a48e23b47b4ce2e0b800d9a,118643,https://m.dcinside.com/board/pokemoncardgame/118643,덱소스 구매합니다,seller-6fd5b8c719e4134dd4339a3d,ㅇㅇ,guest,60체 노고치,60체 노고치,60체 노고치,,,unknown,미분류,2,500,500,exact,per_quantity,text,unknown,,active,needs_review,needs_review,"배송비 포함 여부 미확정, 복수 수량 총액 · 카드 1장 가격 아님",exact,no,no,60체 노고치 2장 500원
7a58902ec59a0bf24674113c,pokemoncardgame,포켓몬 카드게임,2026-07,2026-07-15T18:08:20+09:00,known,7380bc8898348af3cf5e7b77,7a58902ec59a0bf24674113c,118643,https://m.dcinside.com/board/pokemoncardgame/118643,덱소스 구매합니다,seller-6fd5b8c719e4134dd4339a3d,ㅇㅇ,guest,언페어,언페어,언페어,,,unknown,미분류,1,1,10000,estimated,per_card,text,unknown,,active,needs_review,needs_review,"가격 단위 추정, 배송비 포함 여부 미확정",estimated,yes,candidate_estimated,언페어1
86226444789d4446d9b738a9,pokemoncardgame,포켓몬 카드게임,2026-07,2026-07-15T18:08:20+09:00,known,44234d8d1885db7f181b23c6,86226444789d4446d9b738a9,118643,https://m.dcinside.com/board/pokemoncardgame/118643,덱소스 구매합니다,seller-63d1dffd04e1963cf54ccf0c,ㅇㅇ,guest,미스트 에너지,미스트 에너지,미스트 에너지,,,unknown,미분류,4,500,500,exact,per_quantity,text,unknown,,active,needs_review,needs_review,"배송비 포함 여부 미확정, 복수 수량 총액 · 카드 1장 가격 아님",exact,no,no,미스트 에너지 4장 500원
896c8ab36943455f33c5a381,pokemoncardgame,포켓몬 카드게임,2026-07,2026-07-15T18:08:20+09:00,known,44234d8d1885db7f181b23c6,896c8ab36943455f33c5a381,118643,https://m.dcinside.com/board/pokemoncardgame/118643,덱소스 구매합니다,seller-63d1dffd04e1963cf54ccf0c,ㅇㅇ,guest,+2합쳐서 팔면,+2합쳐서 팔면,1+2합쳐서 팔면,,,unknown,미분류,1,2,20000,estimated,bundle,text,unknown,,active,needs_review,needs_review,"복수 카드 가격, 배송비 포함 여부 미확정, 묶음·세트 총액 · 개별 카드 가격 아님",estimated,no,no,1+2합쳐서 팔면 2만원에 구매할게요
918dc8fafc384593b49e49cb,pokemoncardgame,포켓몬 카드게임,2026-07,2026-07-15T18:08:20+09:00,known,44234d8d1885db7f181b23c6,918dc8fafc384593b49e49cb,118643,https://m.dcinside.com/board/pokemoncardgame/118643,덱소스 구매합니다,seller-63d1dffd04e1963cf54ccf0c,ㅇㅇ,guest,노고고치,노고고치,노고고치,,,unknown,미분류,3,2000,2000,exact,per_quantity,text,unknown,,active,needs_review,needs_review,"배송비 포함 여부 미확정, 복수 수량 총액 · 카드 1장 가격 아님",exact,no,no,노고고치 3장 2000원
96c32b9bfb28a2de55bb26f1,pokemoncardgame,포켓몬 카드게임,2026-07,2026-07-15T18:08:20+09:00,known,44234d8d1885db7f181b23c6,96c32b9bfb28a2de55bb26f1,118643,https://m.dcinside.com/board/pokemoncardgame/118643,덱소스 구매합니다,seller-63d1dffd04e1963cf54ccf0c,ㅇㅇ,guest,사슬떡,사슬떡,사슬떡,,,unknown,미분류,1,1,10000,estimated,per_card,text,unknown,,active,needs_review,needs_review,"가격 단위 추정, 배송비 포함 여부 미확정",estimated,yes,candidate_estimated,사슬떡1
988001cad87f3504dcee75f0,pokemoncardgame,포켓몬 카드게임,2026-07,2026-07-15T18:08:20+09:00,known,5bc447467e133d93b6ac31c6,988001cad87f3504dcee75f0,118643,https://m.dcinside.com/board/pokemoncardgame/118643,덱소스 구매합니다,seller-cef39a958b653be4532fe134,ㅇㅇ,guest,미스트 에너지,미스트 에너지,미스트 에너지,,,unknown,미분류,4,500,500,exact,per_quantity,text,unknown,,active,needs_review,needs_review,"배송비 포함 여부 미확정, 복수 수량 총액 · 카드 1장 가격 아님",exact,no,no,미스트 에너지 4장 500원
9e78dce0c5aa333c99555390,pokemoncardgame,포켓몬 카드게임,2026-07,2026-07-15T18:08:20+09:00,known,7380bc8898348af3cf5e7b77,9e78dce0c5aa333c99555390,118643,https://m.dcinside.com/board/pokemoncardgame/118643,덱소스 구매합니다,seller-6fd5b8c719e4134dd4339a3d,ㅇㅇ,guest,태권왕,태권왕,태권왕,,,unknown,미분류,1,1,10000,estimated,per_card,text,unknown,,active,needs_review,needs_review,"가격 단위 추정, 배송비 포함 여부 미확정",estimated,yes,candidate_estimated,태권왕1
ac15d7bf8d570bf0b9115563,pokemoncardgame,포켓몬 카드게임,2026-07,2026-07-15T18:08:20+09:00,known,5bc447467e133d93b6ac31c6,ac15d7bf8d570bf0b9115563,118643,https://m.dcinside.com/board/pokemoncardgame/118643,덱소스 구매합니다,seller-cef39a958b653be4532fe134,ㅇㅇ,guest,+2합쳐서 팔면,+2합쳐서 팔면,1+2합쳐서 팔면,,,unknown,미분류,1,2,20000,estimated,bundle,text,unknown,,active,needs_review,needs_review,"복수 카드 가격, 배송비 포함 여부 미확정, 묶음·세트 총액 · 개별 카드 가격 아님",estimated,no,no,1+2합쳐서 팔면 2만원에 구매할게요
c90eae947b2fb7b6aa521ecd,pokemoncardgame,포켓몬 카드게임,2026-07,2026-07-15T18:08:20+09:00,known,7380bc8898348af3cf5e7b77,c90eae947b2fb7b6aa521ecd,118643,https://m.dcinside.com/board/pokemoncardgame/118643,덱소스 구매합니다,seller-6fd5b8c719e4134dd4339a3d,ㅇㅇ,guest,사슬떡,사슬떡,사슬떡,,,unknown,미분류,1,1,10000,estimated,per_card,text,unknown,,active,needs_review,needs_review,"가격 단위 추정, 배송비 포함 여부 미확정",estimated,yes,candidate_estimated,사슬떡1
df659ed6bfdf61c30dabae83,pokemoncardgame,포켓몬 카드게임,2026-07,2026-07-15T18:08:20+09:00,known,44234d8d1885db7f181b23c6,df659ed6bfdf61c30dabae83,118643,https://m.dcinside.com/board/pokemoncardgame/118643,덱소스 구매합니다,seller-63d1dffd04e1963cf54ccf0c,ㅇㅇ,guest,천원,천원,천원,,,unknown,미분류,1,8,80000,estimated,per_card,text,included,2000,active,needs_review,needs_review,가격 단위 추정,estimated,yes,candidate_estimated,반택포 8천원
e89d23f79b80354f8d83fd02,pokemoncardgame,포켓몬 카드게임,2026-07,2026-07-15T18:08:20+09:00,known,5bc447467e133d93b6ac31c6,e89d23f79b80354f8d83fd02,118643,https://m.dcinside.com/board/pokemoncardgame/118643,덱소스 구매합니다,seller-cef39a958b653be4532fe134,ㅇㅇ,guest,노고고치,노고고치,노고고치,,,unknown,미분류,3,2000,2000,exact,per_quantity,text,unknown,,active,needs_review,needs_review,"배송비 포함 여부 미확정, 복수 수량 총액 · 카드 1장 가격 아님",exact,no,no,노고고치 3장 2000원
f029a8ebfa208c839d16dba5,pokemoncardgame,포켓몬 카드게임,2026-07,2026-07-15T18:08:20+09:00,known,7380bc8898348af3cf5e7b77,f029a8ebfa208c839d16dba5,118643,https://m.dcinside.com/board/pokemoncardgame/118643,덱소스 구매합니다,seller-6fd5b8c719e4134dd4339a3d,ㅇㅇ,guest,암호매니아,암호매니아,암호매니아,,,unknown,미분류,1,1,10000,estimated,per_card,text,unknown,,active,needs_review,needs_review,"가격 단위 추정, 배송비 포함 여부 미확정",estimated,yes,candidate_estimated,암호매니아1
fb9e96450b5c6a1bd198e11e,pokemoncardgame,포켓몬 카드게임,2026-07,2026-07-15T18:08:20+09:00,known,7380bc8898348af3cf5e7b77,fb9e96450b5c6a1bd198e11e,118643,https://m.dcinside.com/board/pokemoncardgame/118643,덱소스 구매합니다,seller-6fd5b8c719e4134dd4339a3d,ㅇㅇ,guest,+2합쳐서 팔면,+2합쳐서 팔면,1+2합쳐서 팔면,,,unknown,미분류,1,2,20000,estimated,bundle,text,unknown,,active,needs_review,needs_review,"복수 카드 가격, 배송비 포함 여부 미확정, 묶음·세트 총액 · 개별 카드 가격 아님",estimated,no,no,1+2합쳐서 팔면 2만원에 구매할게요
632ad59ab1a17c61d1ebd913,pokemoncardgame,포켓몬 카드게임,2026-07,2026-07-16T13:59:12+09:00,known,60a82e18450dccd43b978ee4,632ad59ab1a17c61d1ebd913,118693,https://m.dcinside.com/board/pokemoncardgame/118693,조로아크 완덱 구함,seller-ba0bef34124f8d04bee22760,앵앵모기,registered,이 덱리로,이 덱리로,이 덱리로,,,unknown,미분류,1,5,50000,estimated,bundle,text,included,2000,active,needs_review,needs_review,"가격 단위 추정, 묶음·세트 총액 · 개별 카드 가격 아님",estimated,no,no,이 덱리로 택포 5에 구합니당
c0420c38c81e4421b83f5825,pokemoncardgame,포켓몬 카드게임,2026-07,2026-07-16T13:59:12+09:00,known,d477d1d49b192fe536708ed1,c0420c38c81e4421b83f5825,118693,https://m.dcinside.com/board/pokemoncardgame/118693,조로아크 완덱 구함,seller-ba0bef34124f8d04bee22760,앵앵모기,registered,이 덱리로,이 덱리로,이 덱리로,,,unknown,미분류,1,5,50000,estimated,bundle,text,included,2000,active,needs_review,needs_review,"가격 단위 추정, 묶음·세트 총액 · 개별 카드 가격 아님",estimated,no,no,이 덱리로 택포 5에 구합니당
c4c65b57ba108dee23006293,pokemoncardgame,포켓몬 카드게임,2026-07,2026-07-16T13:59:12+09:00,known,7c08eb0867e0c43e0dc539d2,c4c65b57ba108dee23006293,118693,https://m.dcinside.com/board/pokemoncardgame/118693,조로아크 완덱 구함,seller-ba0bef34124f8d04bee22760,앵앵모기,registered,이 덱리로,이 덱리로,이 덱리로,,,unknown,미분류,1,5,50000,estimated,bundle,text,included,2000,active,needs_review,needs_review,"가격 단위 추정, 묶음·세트 총액 · 개별 카드 가격 아님",estimated,no,no,이 덱리로 택포 5에 구합니당
53d6fa08a70344d37e26df2b,pokemoncardgame,포켓몬 카드게임,2026-07,2026-07-16T16:05:17+09:00,known,81c2b26ae867cf8f7ae59273,53d6fa08a70344d37e26df2b,118702,https://m.dcinside.com/board/pokemoncardgame/118702,[익펜] 가벼운돌 1장 내일 용산직거래로 구합니다.,seller-51447db26eeb90b0124d315b,포갤러,registered,가벼운돌,가벼운돌,가벼운돌,,,unknown,미분류,1,0.3,3000,estimated,per_card,text,unknown,,active,needs_review,needs_review,"가격 단위 추정, 배송비 포함 여부 미확정",estimated,yes,candidate_estimated,가벼운돌 1장 0.3에 내일 용산에서 직거래로 구합니다.
dadb72c3838339340a8a3e51,pokemoncardgame,포켓몬 카드게임,2026-07,2026-07-16T16:05:17+09:00,known,7e2471e2497a07ad0e5c1e45,dadb72c3838339340a8a3e51,118702,https://m.dcinside.com/board/pokemoncardgame/118702,[익펜] 가벼운돌 1장 내일 용산직거래로 구합니다.,seller-51447db26eeb90b0124d315b,포갤러,registered,가벼운돌,가벼운돌,가벼운돌,,,unknown,미분류,1,0.3,3000,estimated,per_card,text,unknown,,active,needs_review,needs_review,"가격 단위 추정, 배송비 포함 여부 미확정",estimated,yes,candidate_estimated,가벼운돌 1장 0.3에 내일 용산에서 직거래로 구합니다.
fc3a089e79b15ee3fe2c6d0d,pokemoncardgame,포켓몬 카드게임,2026-07,2026-07-16T16:05:17+09:00,known,9c87aa8374bbd046619aad8d,fc3a089e79b15ee3fe2c6d0d,118702,https://m.dcinside.com/board/pokemoncardgame/118702,[익펜] 가벼운돌 1장 내일 용산직거래로 구합니다.,seller-51447db26eeb90b0124d315b,포갤러,registered,가벼운돌,가벼운돌,가벼운돌,,,unknown,미분류,1,0.3,3000,estimated,per_card,text,unknown,,active,needs_review,needs_review,"가격 단위 추정, 배송비 포함 여부 미확정",estimated,yes,candidate_estimated,가벼운돌 1장 0.3에 내일 용산에서 직거래로 구합니다.
00a0fca8f403e461e5e5687e,pokemoncardgame,포켓몬 카드게임,2026-07,2026-07-16T20:31:50+09:00,known,a79713e926c44d91b22e0933,00a0fca8f403e461e5e5687e,118708,https://m.dcinside.com/board/pokemoncardgame/118708,내일 평택 직으로 카드 구해봅니다,seller-9481db92386fa11e231d581a,디아즈여권파기,registered,릴리에 삐삐 ex rr,릴리에 삐삐 ex rr,릴리에 삐삐 ex rr,,,unknown,미분류,1,0.15,1500,estimated,per_card,text,unknown,,active,needs_review,needs_review,"가격 단위 추정, 배송비 포함 여부 미확정",estimated,yes,candidate_estimated,릴리에 삐삐 ex rr 0.15
01d579ef5d58cfb14dd235bb,pokemoncardgame,포켓몬 카드게임,2026-07,2026-07-16T20:31:50+09:00,known,10aed527d96283a82ec665bd,01d579ef5d58cfb14dd235bb,118708,https://m.dcinside.com/board/pokemoncardgame/118708,내일 평택 직으로 카드 구해봅니다,seller-9481db92386fa11e231d581a,디아즈여권파기,registered,샹델라 변환의 가면,샹델라 변환의 가면,샹델라 (변환의 가면),,,unknown,미분류,4,0.05,500,estimated,per_quantity,text,unknown,,active,needs_review,needs_review,"가격 단위 추정, 배송비 포함 여부 미확정, 복수 수량 총액 · 카드 1장 가격 아님",estimated,no,no,샹델라 (변환의 가면) 4장 0.05
0294e4e2ceecc18a34e71a0c,pokemoncardgame,포켓몬 카드게임,2026-07,2026-07-16T20:31:50+09:00,known,43f88debda9f8bc69c068bba,0294e4e2ceecc18a34e71a0c,118708,https://m.dcinside.com/board/pokemoncardgame/118708,내일 평택 직으로 카드 구해봅니다,seller-9481db92386fa11e231d581a,디아즈여권파기,registered,투희,투희,투희,,,unknown,미분류,2,0.4,4000,estimated,per_quantity,text,unknown,,active,needs_review,needs_review,"가격 단위 추정, 배송비 포함 여부 미확정, 복수 수량 총액 · 카드 1장 가격 아님",estimated,no,no,투희 2장 0.4
07c1b9b9c920d8ae16fe78f2,pokemoncardgame,포켓몬 카드게임,2026-07,2026-07-16T20:31:50+09:00,known,10aed527d96283a82ec665bd,07c1b9b9c920d8ae16fe78f2,118708,https://m.dcinside.com/board/pokemoncardgame/118708,내일 평택 직으로 카드 구해봅니다,seller-9481db92386fa11e231d581a,디아즈여권파기,registered,투희,투희,투희,,,unknown,미분류,2,0.4,4000,estimated,per_quantity,text,unknown,,active,needs_review,needs_review,"가격 단위 추정, 배송비 포함 여부 미확정, 복수 수량 총액 · 카드 1장 가격 아님",estimated,no,no,투희 2장 0.4
1f66d434dfa674e566322691,pokemoncardgame,포켓몬 카드게임,2026-07,2026-07-16T20:31:50+09:00,known,10aed527d96283a82ec665bd,1f66d434dfa674e566322691,118708,https://m.dcinside.com/board/pokemoncardgame/118708,내일 평택 직으로 카드 구해봅니다,seller-9481db92386fa11e231d581a,디아즈여권파기,registered,중력구슬,중력구슬,중력구슬,,,unknown,미분류,1,0.05,500,estimated,per_card,text,unknown,,active,needs_review,needs_review,"가격 단위 추정, 배송비 포함 여부 미확정",estimated,yes,candidate_estimated,중력구슬 0.05
31e7991b562855da52b31076,pokemoncardgame,포켓몬 카드게임,2026-07,2026-07-16T20:31:50+09:00,known,10aed527d96283a82ec665bd,31e7991b562855da52b31076,118708,https://m.dcinside.com/board/pokemoncardgame/118708,내일 평택 직으로 카드 구해봅니다,seller-9481db92386fa11e231d581a,디아즈여권파기,registered,기본 불꽃에너지,기본 불꽃에너지,기본 불꽃에너지,,,unknown,미분류,3,0.02,200,estimated,per_quantity,text,unknown,,active,needs_review,needs_review,"가격 단위 추정, 배송비 포함 여부 미확정, 복수 수량 총액 · 카드 1장 가격 아님",estimated,no,no,기본 불꽃에너지 3장 0.02
37921d2d405d069c48e6302d,pokemoncardgame,포켓몬 카드게임,2026-07,2026-07-16T20:31:50+09:00,known,a79713e926c44d91b22e0933,37921d2d405d069c48e6302d,118708,https://m.dcinside.com/board/pokemoncardgame/118708,내일 평택 직으로 카드 구해봅니다,seller-9481db92386fa11e231d581a,디아즈여권파기,registered,샹델라 변환의 가면,샹델라 변환의 가면,샹델라 (변환의 가면),,,unknown,미분류,4,0.05,500,estimated,per_quantity,text,unknown,,active,needs_review,needs_review,"가격 단위 추정, 배송비 포함 여부 미확정, 복수 수량 총액 · 카드 1장 가격 아님",estimated,no,no,샹델라 (변환의 가면) 4장 0.05
37d9d55b6ae6d872925cc36a,pokemoncardgame,포켓몬 카드게임,2026-07,2026-07-16T20:31:50+09:00,known,3e366a9600f80191e3183b62,37d9d55b6ae6d872925cc36a,118708,https://m.dcinside.com/board/pokemoncardgame/118708,내일 평택 직으로 카드 구해봅니다,seller-9481db92386fa11e231d581a,디아즈여권파기,registered,빛나,빛나,빛나,,,unknown,미분류,1,0.4,4000,estimated,per_card,text,unknown,,active,needs_review,needs_review,"가격 단위 추정, 배송비 포함 여부 미확정",estimated,yes,candidate_estimated,빛나 1장0.4
38332010a836cebd7b426e15,pokemoncardgame,포켓몬 카드게임,2026-07,2026-07-16T20:31:50+09:00,known,a79713e926c44d91b22e0933,38332010a836cebd7b426e15,118708,https://m.dcinside.com/board/pokemoncardgame/118708,내일 평택 직으로 카드 구해봅니다,seller-9481db92386fa11e231d581a,디아즈여권파기,registered,기본 불꽃에너지,기본 불꽃에너지,기본 불꽃에너지,,,unknown,미분류,3,0.02,200,estimated,per_quantity,text,unknown,,active,needs_review,needs_review,"가격 단위 추정, 배송비 포함 여부 미확정, 복수 수량 총액 · 카드 1장 가격 아님",estimated,no,no,기본 불꽃에너지 3장 0.02
3f24b10f87ad01f5881a9818,pokemoncardgame,포켓몬 카드게임,2026-07,2026-07-16T20:31:50+09:00,known,43f88debda9f8bc69c068bba,3f24b10f87ad01f5881a9818,118708,https://m.dcinside.com/board/pokemoncardgame/118708,내일 평택 직으로 카드 구해봅니다,seller-9481db92386fa11e231d581a,디아즈여권파기,registered,샹델라 변환의 가면,샹델라 변환의 가면,샹델라 (변환의 가면),,,unknown,미분류,4,0.05,500,estimated,per_quantity,text,unknown,,active,needs_review,needs_review,"가격 단위 추정, 배송비 포함 여부 미확정, 복수 수량 총액 · 카드 1장 가격 아님",estimated,no,no,샹델라 (변환의 가면) 4장 0.05
48fbb616ff582c9a86fb6f91,pokemoncardgame,포켓몬 카드게임,2026-07,2026-07-16T20:31:50+09:00,known,a79713e926c44d91b22e0933,48fbb616ff582c9a86fb6f91,118708,https://m.dcinside.com/board/pokemoncardgame/118708,내일 평택 직으로 카드 구해봅니다,seller-9481db92386fa11e231d581a,디아즈여권파기,registered,중력구슬,중력구슬,중력구슬,,,unknown,미분류,1,0.05,500,estimated,per_card,text,unknown,,active,needs_review,needs_review,"가격 단위 추정, 배송비 포함 여부 미확정",estimated,yes,candidate_estimated,중력구슬 0.05
4b84119a48ceaf2a3b707deb,pokemoncardgame,포켓몬 카드게임,2026-07,2026-07-16T20:31:50+09:00,known,10aed527d96283a82ec665bd,4b84119a48ceaf2a3b707deb,118708,https://m.dcinside.com/board/pokemoncardgame/118708,내일 평택 직으로 카드 구해봅니다,seller-9481db92386fa11e231d581a,디아즈여권파기,registered,빛나,빛나,빛나,,,unknown,미분류,1,0.4,4000,estimated,per_card,text,unknown,,active,needs_review,needs_review,"가격 단위 추정, 배송비 포함 여부 미확정",estimated,yes,candidate_estimated,빛나 1장0.4
4ee63670541c7c1a87f3a87e,pokemoncardgame,포켓몬 카드게임,2026-07,2026-07-16T20:31:50+09:00,known,3e366a9600f80191e3183b62,4ee63670541c7c1a87f3a87e,118708,https://m.dcinside.com/board/pokemoncardgame/118708,내일 평택 직으로 카드 구해봅니다,seller-9481db92386fa11e231d581a,디아즈여권파기,registered,릴리에 삐삐 ex rr,릴리에 삐삐 ex rr,릴리에 삐삐 ex rr,,,unknown,미분류,1,0.15,1500,estimated,per_card,text,unknown,,active,needs_review,needs_review,"가격 단위 추정, 배송비 포함 여부 미확정",estimated,yes,candidate_estimated,릴리에 삐삐 ex rr 0.15
59903e8b9bc86b3dcd829a7b,pokemoncardgame,포켓몬 카드게임,2026-07,2026-07-16T20:31:50+09:00,known,43f88debda9f8bc69c068bba,59903e8b9bc86b3dcd829a7b,118708,https://m.dcinside.com/board/pokemoncardgame/118708,내일 평택 직으로 카드 구해봅니다,seller-9481db92386fa11e231d581a,디아즈여권파기,registered,중력구슬,중력구슬,중력구슬,,,unknown,미분류,1,0.05,500,estimated,per_card,text,unknown,,active,needs_review,needs_review,"가격 단위 추정, 배송비 포함 여부 미확정",estimated,yes,candidate_estimated,중력구슬 0.05
5e5192f184c56e4d2ed6cd2d,pokemoncardgame,포켓몬 카드게임,2026-07,2026-07-16T20:31:50+09:00,known,a79713e926c44d91b22e0933,5e5192f184c56e4d2ed6cd2d,118708,https://m.dcinside.com/board/pokemoncardgame/118708,내일 평택 직으로 카드 구해봅니다,seller-9481db92386fa11e231d581a,디아즈여권파기,registered,메가샹델라 ex rr,메가샹델라 ex rr,메가샹델라 ex rr,,,unknown,미분류,2,0.2,2000,estimated,per_quantity,text,unknown,,active,needs_review,needs_review,"가격 단위 추정, 배송비 포함 여부 미확정, 복수 수량 총액 · 카드 1장 가격 아님",estimated,no,no,메가샹델라 ex rr 2장 0.2
5f152e0a72df62bf8a3f536e,pokemoncardgame,포켓몬 카드게임,2026-07,2026-07-16T20:31:50+09:00,known,10aed527d96283a82ec665bd,5f152e0a72df62bf8a3f536e,118708,https://m.dcinside.com/board/pokemoncardgame/118708,내일 평택 직으로 카드 구해봅니다,seller-9481db92386fa11e231d581a,디아즈여권파기,registered,리그레,리그레,리그레,,,unknown,미분류,1,0.05,500,estimated,per_card,text,unknown,,active,needs_review,needs_review,"가격 단위 추정, 배송비 포함 여부 미확정",estimated,yes,candidate_estimated,리그레 1장 0.05
5fc82a002e284b9a7f7d4069,pokemoncardgame,포켓몬 카드게임,2026-07,2026-07-16T20:31:50+09:00,known,43f88debda9f8bc69c068bba,5fc82a002e284b9a7f7d4069,118708,https://m.dcinside.com/board/pokemoncardgame/118708,내일 평택 직으로 카드 구해봅니다,seller-9481db92386fa11e231d581a,디아즈여권파기,registered,릴리에 삐삐 ex rr,릴리에 삐삐 ex rr,릴리에 삐삐 ex rr,,,unknown,미분류,1,0.15,1500,estimated,per_card,text,unknown,,active,needs_review,needs_review,"가격 단위 추정, 배송비 포함 여부 미확정",estimated,yes,candidate_estimated,릴리에 삐삐 ex rr 0.15
741571347879173395a78d4e,pokemoncardgame,포켓몬 카드게임,2026-07,2026-07-16T20:31:50+09:00,known,3e366a9600f80191e3183b62,741571347879173395a78d4e,118708,https://m.dcinside.com/board/pokemoncardgame/118708,내일 평택 직으로 카드 구해봅니다,seller-9481db92386fa11e231d581a,디아즈여권파기,registered,메가샹델라 ex rr,메가샹델라 ex rr,메가샹델라 ex rr,,,unknown,미분류,2,0.2,2000,estimated,per_quantity,text,unknown,,active,needs_review,needs_review,"가격 단위 추정, 배송비 포함 여부 미확정, 복수 수량 총액 · 카드 1장 가격 아님",estimated,no,no,메가샹델라 ex rr 2장 0.2
7d707832f4be707f01cb4215,pokemoncardgame,포켓몬 카드게임,2026-07,2026-07-16T20:31:50+09:00,known,43f88debda9f8bc69c068bba,7d707832f4be707f01cb4215,118708,https://m.dcinside.com/board/pokemoncardgame/118708,내일 평택 직으로 카드 구해봅니다,seller-9481db92386fa11e231d581a,디아즈여권파기,registered,메가샹델라 ex rr,메가샹델라 ex rr,메가샹델라 ex rr,,,unknown,미분류,2,0.2,2000,estimated,per_quantity,text,unknown,,active,needs_review,needs_review,"가격 단위 추정, 배송비 포함 여부 미확정, 복수 수량 총액 · 카드 1장 가격 아님",estimated,no,no,메가샹델라 ex rr 2장 0.2
7f1544259c2eea41a8942ca4,pokemoncardgame,포켓몬 카드게임,2026-07,2026-07-16T20:31:50+09:00,known,3e366a9600f80191e3183b62,7f1544259c2eea41a8942ca4,118708,https://m.dcinside.com/board/pokemoncardgame/118708,내일 평택 직으로 카드 구해봅니다,seller-9481db92386fa11e231d581a,디아즈여권파기,registered,중력구슬,중력구슬,중력구슬,,,unknown,미분류,1,0.05,500,estimated,per_card,text,unknown,,active,needs_review,needs_review,"가격 단위 추정, 배송비 포함 여부 미확정",estimated,yes,candidate_estimated,중력구슬 0.05
8395963e8ce502f449fc63cd,pokemoncardgame,포켓몬 카드게임,2026-07,2026-07-16T20:31:50+09:00,known,a79713e926c44d91b22e0933,8395963e8ce502f449fc63cd,118708,https://m.dcinside.com/board/pokemoncardgame/118708,내일 평택 직으로 카드 구해봅니다,seller-9481db92386fa11e231d581a,디아즈여권파기,registered,리그레,리그레,리그레,,,unknown,미분류,1,0.05,500,estimated,per_card,text,unknown,,active,needs_review,needs_review,"가격 단위 추정, 배송비 포함 여부 미확정",estimated,yes,candidate_estimated,리그레 1장 0.05
91764292c9ef437b96b365ec,pokemoncardgame,포켓몬 카드게임,2026-07,2026-07-16T20:31:50+09:00,known,3e366a9600f80191e3183b62,91764292c9ef437b96b365ec,118708,https://m.dcinside.com/board/pokemoncardgame/118708,내일 평택 직으로 카드 구해봅니다,seller-9481db92386fa11e231d581a,디아즈여권파기,registered,기본 불꽃에너지,기본 불꽃에너지,기본 불꽃에너지,,,unknown,미분류,3,0.02,200,estimated,per_quantity,text,unknown,,active,needs_review,needs_review,"가격 단위 추정, 배송비 포함 여부 미확정, 복수 수량 총액 · 카드 1장 가격 아님",estimated,no,no,기본 불꽃에너지 3장 0.02
92887e704bbb80ac4c28b4bc,pokemoncardgame,포켓몬 카드게임,2026-07,2026-07-16T20:31:50+09:00,known,43f88debda9f8bc69c068bba,92887e704bbb80ac4c28b4bc,118708,https://m.dcinside.com/board/pokemoncardgame/118708,내일 평택 직으로 카드 구해봅니다,seller-9481db92386fa11e231d581a,디아즈여권파기,registered,리그레,리그레,리그레,,,unknown,미분류,1,0.05,500,estimated,per_card,text,unknown,,active,needs_review,needs_review,"가격 단위 추정, 배송비 포함 여부 미확정",estimated,yes,candidate_estimated,리그레 1장 0.05
94186563f94bcee417b02cc9,pokemoncardgame,포켓몬 카드게임,2026-07,2026-07-16T20:31:50+09:00,known,3e366a9600f80191e3183b62,94186563f94bcee417b02cc9,118708,https://m.dcinside.com/board/pokemoncardgame/118708,내일 평택 직으로 카드 구해봅니다,seller-9481db92386fa11e231d581a,디아즈여권파기,registered,투희,투희,투희,,,unknown,미분류,2,0.4,4000,estimated,per_quantity,text,unknown,,active,needs_review,needs_review,"가격 단위 추정, 배송비 포함 여부 미확정, 복수 수량 총액 · 카드 1장 가격 아님",estimated,no,no,투희 2장 0.4
945a0cd998e628435dba9e66,pokemoncardgame,포켓몬 카드게임,2026-07,2026-07-16T20:31:50+09:00,known,3e366a9600f80191e3183b62,945a0cd998e628435dba9e66,118708,https://m.dcinside.com/board/pokemoncardgame/118708,내일 평택 직으로 카드 구해봅니다,seller-9481db92386fa11e231d581a,디아즈여권파기,registered,샹델라 변환의 가면,샹델라 변환의 가면,샹델라 (변환의 가면),,,unknown,미분류,4,0.05,500,estimated,per_quantity,text,unknown,,active,needs_review,needs_review,"가격 단위 추정, 배송비 포함 여부 미확정, 복수 수량 총액 · 카드 1장 가격 아님",estimated,no,no,샹델라 (변환의 가면) 4장 0.05
a2b479849c3eb61d4229d85d,pokemoncardgame,포켓몬 카드게임,2026-07,2026-07-16T20:31:50+09:00,known,10aed527d96283a82ec665bd,a2b479849c3eb61d4229d85d,118708,https://m.dcinside.com/board/pokemoncardgame/118708,내일 평택 직으로 카드 구해봅니다,seller-9481db92386fa11e231d581a,디아즈여권파기,registered,릴리에 삐삐 ex rr,릴리에 삐삐 ex rr,릴리에 삐삐 ex rr,,,unknown,미분류,1,0.15,1500,estimated,per_card,text,unknown,,active,needs_review,needs_review,"가격 단위 추정, 배송비 포함 여부 미확정",estimated,yes,candidate_estimated,릴리에 삐삐 ex rr 0.15
c485f3a15878395294a767b4,pokemoncardgame,포켓몬 카드게임,2026-07,2026-07-16T20:31:50+09:00,known,a79713e926c44d91b22e0933,c485f3a15878395294a767b4,118708,https://m.dcinside.com/board/pokemoncardgame/118708,내일 평택 직으로 카드 구해봅니다,seller-9481db92386fa11e231d581a,디아즈여권파기,registered,투희,투희,투희,,,unknown,미분류,2,0.4,4000,estimated,per_quantity,text,unknown,,active,needs_review,needs_review,"가격 단위 추정, 배송비 포함 여부 미확정, 복수 수량 총액 · 카드 1장 가격 아님",estimated,no,no,투희 2장 0.4
c735ce961eff02c1e83d77ae,pokemoncardgame,포켓몬 카드게임,2026-07,2026-07-16T20:31:50+09:00,known,3e366a9600f80191e3183b62,c735ce961eff02c1e83d77ae,118708,https://m.dcinside.com/board/pokemoncardgame/118708,내일 평택 직으로 카드 구해봅니다,seller-9481db92386fa11e231d581a,디아즈여권파기,registered,리그레,리그레,리그레,,,unknown,미분류,1,0.05,500,estimated,per_card,text,unknown,,active,needs_review,needs_review,"가격 단위 추정, 배송비 포함 여부 미확정",estimated,yes,candidate_estimated,리그레 1장 0.05
c7b698f2edd697cca964f0aa,pokemoncardgame,포켓몬 카드게임,2026-07,2026-07-16T20:31:50+09:00,known,43f88debda9f8bc69c068bba,c7b698f2edd697cca964f0aa,118708,https://m.dcinside.com/board/pokemoncardgame/118708,내일 평택 직으로 카드 구해봅니다,seller-9481db92386fa11e231d581a,디아즈여권파기,registered,빛나,빛나,빛나,,,unknown,미분류,1,0.4,4000,estimated,per_card,text,unknown,,active,needs_review,needs_review,"가격 단위 추정, 배송비 포함 여부 미확정",estimated,yes,candidate_estimated,빛나 1장0.4
d088995abe8c27ba95a39325,pokemoncardgame,포켓몬 카드게임,2026-07,2026-07-16T20:31:50+09:00,known,10aed527d96283a82ec665bd,d088995abe8c27ba95a39325,118708,https://m.dcinside.com/board/pokemoncardgame/118708,내일 평택 직으로 카드 구해봅니다,seller-9481db92386fa11e231d581a,디아즈여권파기,registered,메가샹델라 ex rr,메가샹델라 ex rr,메가샹델라 ex rr,,,unknown,미분류,2,0.2,2000,estimated,per_quantity,text,unknown,,active,needs_review,needs_review,"가격 단위 추정, 배송비 포함 여부 미확정, 복수 수량 총액 · 카드 1장 가격 아님",estimated,no,no,메가샹델라 ex rr 2장 0.2
e8d7c8b188a05ddbdef72eaa,pokemoncardgame,포켓몬 카드게임,2026-07,2026-07-16T20:31:50+09:00,known,43f88debda9f8bc69c068bba,e8d7c8b188a05ddbdef72eaa,118708,https://m.dcinside.com/board/pokemoncardgame/118708,내일 평택 직으로 카드 구해봅니다,seller-9481db92386fa11e231d581a,디아즈여권파기,registered,기본 불꽃에너지,기본 불꽃에너지,기본 불꽃에너지,,,unknown,미분류,3,0.02,200,estimated,per_quantity,text,unknown,,active,needs_review,needs_review,"가격 단위 추정, 배송비 포함 여부 미확정, 복수 수량 총액 · 카드 1장 가격 아님",estimated,no,no,기본 불꽃에너지 3장 0.02
fc8076c8e824d16daf8477b3,pokemoncardgame,포켓몬 카드게임,2026-07,2026-07-16T20:31:50+09:00,known,a79713e926c44d91b22e0933,fc8076c8e824d16daf8477b3,118708,https://m.dcinside.com/board/pokemoncardgame/118708,내일 평택 직으로 카드 구해봅니다,seller-9481db92386fa11e231d581a,디아즈여권파기,registered,빛나,빛나,빛나,,,unknown,미분류,1,0.4,4000,estimated,per_card,text,unknown,,active,needs_review,needs_review,"가격 단위 추정, 배송비 포함 여부 미확정",estimated,yes,candidate_estimated,빛나 1장0.4
027ccb372fe2cdc8fc0f351d,pokemoncardgame,포켓몬 카드게임,2026-07,2026-07-16T21:10:27+09:00,known,b434463f566a65bceb5ca708,027ccb372fe2cdc8fc0f351d,118711,https://m.dcinside.com/board/pokemoncardgame/118711,n조로하려는데 덱소스 구매합니다,seller-6250445c9da36855d8d1ba6f,ㅇㅇ,guest,60체 노고치당,60체 노고치당,60체 노고치당,,,unknown,미분류,2,500,500,exact,per_card,text,unknown,,active,needs_review,needs_review,배송비 포함 여부 미확정,exact,yes,candidate_estimated,60체 노고치2 장당 500원
14c6550c399a15ad91af0030,pokemoncardgame,포켓몬 카드게임,2026-07,2026-07-16T21:10:27+09:00,known,d736c03ff1c1000f0525c96f,14c6550c399a15ad91af0030,118711,https://m.dcinside.com/board/pokemoncardgame/118711,n조로하려는데 덱소스 구매합니다,seller-c8ac8eea0126a7e1aadfdbcf,ㅇㅇ,guest,변환의서,변환의서,변환의서,,,unknown,미분류,1,4,40000,estimated,per_card,text,unknown,,active,needs_review,needs_review,"가격 단위 추정, 배송비 포함 여부 미확정",estimated,yes,candidate_estimated,변환의서4
1a0bd73aaa40c1396a364aa4,pokemoncardgame,포켓몬 카드게임,2026-07,2026-07-16T21:10:27+09:00,known,d736c03ff1c1000f0525c96f,1a0bd73aaa40c1396a364aa4,118711,https://m.dcinside.com/board/pokemoncardgame/118711,n조로하려는데 덱소스 구매합니다,seller-c8ac8eea0126a7e1aadfdbcf,ㅇㅇ,guest,노고고치당,노고고치당,노고고치당,,,unknown,미분류,3,2000,2000,exact,per_card,text,unknown,,active,needs_review,needs_review,배송비 포함 여부 미확정,exact,yes,candidate_estimated,노고고치3 장당 2000원
34c17b1fd6b525996ca3d071,pokemoncardgame,포켓몬 카드게임,2026-07,2026-07-16T21:10:27+09:00,known,d736c03ff1c1000f0525c96f,34c17b1fd6b525996ca3d071,118711,https://m.dcinside.com/board/pokemoncardgame/118711,n조로하려는데 덱소스 구매합니다,seller-c8ac8eea0126a7e1aadfdbcf,ㅇㅇ,guest,사슬떡,사슬떡,사슬떡,,,unknown,미분류,1,1,10000,estimated,per_card,text,unknown,,active,needs_review,needs_review,"가격 단위 추정, 배송비 포함 여부 미확정",estimated,yes,candidate_estimated,사슬떡1
36ba4485dfc46ce743f0f777,pokemoncardgame,포켓몬 카드게임,2026-07,2026-07-16T21:10:27+09:00,known,ee767f1516ebf2e105a96579,36ba4485dfc46ce743f0f777,118711,https://m.dcinside.com/board/pokemoncardgame/118711,n조로하려는데 덱소스 구매합니다,seller-ec86873f57f5fe18124471c7,ㅇㅇ,guest,다 합치면,다 합치면,다 합치면,,,unknown,미분류,1,22000,22000,exact,per_card,text,unknown,,active,needs_review,needs_review,배송비 포함 여부 미확정,exact,yes,candidate_estimated,다 합치면 22000원에 삽니다
3ffee1d041939f01874c115d,pokemoncardgame,포켓몬 카드게임,2026-07,2026-07-16T21:10:27+09:00,known,b434463f566a65bceb5ca708,3ffee1d041939f01874c115d,118711,https://m.dcinside.com/board/pokemoncardgame/118711,n조로하려는데 덱소스 구매합니다,seller-6250445c9da36855d8d1ba6f,ㅇㅇ,guest,사슬떡,사슬떡,사슬떡,,,unknown,미분류,1,1,10000,estimated,per_card,text,unknown,,active,needs_review,needs_review,"가격 단위 추정, 배송비 포함 여부 미확정",estimated,yes,candidate_estimated,사슬떡1
579eeb6f32a5d0f18dc0b919,pokemoncardgame,포켓몬 카드게임,2026-07,2026-07-16T21:10:27+09:00,known,b434463f566a65bceb5ca708,579eeb6f32a5d0f18dc0b919,118711,https://m.dcinside.com/board/pokemoncardgame/118711,n조로하려는데 덱소스 구매합니다,seller-6250445c9da36855d8d1ba6f,ㅇㅇ,guest,다 합치면,다 합치면,다 합치면,,,unknown,미분류,1,22000,22000,exact,per_card,text,unknown,,active,needs_review,needs_review,배송비 포함 여부 미확정,exact,yes,candidate_estimated,다 합치면 22000원에 삽니다
62e1968fde0870ca4926fb2c,pokemoncardgame,포켓몬 카드게임,2026-07,2026-07-16T21:10:27+09:00,known,ee767f1516ebf2e105a96579,62e1968fde0870ca4926fb2c,118711,https://m.dcinside.com/board/pokemoncardgame/118711,n조로하려는데 덱소스 구매합니다,seller-ec86873f57f5fe18124471c7,ㅇㅇ,guest,암호매니아,암호매니아,암호매니아,,,unknown,미분류,1,1,10000,estimated,per_card,text,unknown,,active,needs_review,needs_review,"가격 단위 추정, 배송비 포함 여부 미확정",estimated,yes,candidate_estimated,암호매니아1
70b298e6062eba376b3f67f3,pokemoncardgame,포켓몬 카드게임,2026-07,2026-07-16T21:10:27+09:00,known,b434463f566a65bceb5ca708,70b298e6062eba376b3f67f3,118711,https://m.dcinside.com/board/pokemoncardgame/118711,n조로하려는데 덱소스 구매합니다,seller-6250445c9da36855d8d1ba6f,ㅇㅇ,guest,변환의서,변환의서,변환의서,,,unknown,미분류,1,4,40000,estimated,per_card,text,unknown,,active,needs_review,needs_review,"가격 단위 추정, 배송비 포함 여부 미확정",estimated,yes,candidate_estimated,변환의서4
71b127e417fe42dc625fa581,pokemoncardgame,포켓몬 카드게임,2026-07,2026-07-16T21:10:27+09:00,known,ee767f1516ebf2e105a96579,71b127e417fe42dc625fa581,118711,https://m.dcinside.com/board/pokemoncardgame/118711,n조로하려는데 덱소스 구매합니다,seller-ec86873f57f5fe18124471c7,ㅇㅇ,guest,노고고치당,노고고치당,노고고치당,,,unknown,미분류,3,2000,2000,exact,per_card,text,unknown,,active,needs_review,needs_review,배송비 포함 여부 미확정,exact,yes,candidate_estimated,노고고치3 장당 2000원
88d5756d1d1c9785d4cbcbb0,pokemoncardgame,포켓몬 카드게임,2026-07,2026-07-16T21:10:27+09:00,known,ee767f1516ebf2e105a96579,88d5756d1d1c9785d4cbcbb0,118711,https://m.dcinside.com/board/pokemoncardgame/118711,n조로하려는데 덱소스 구매합니다,seller-ec86873f57f5fe18124471c7,ㅇㅇ,guest,변환의서,변환의서,변환의서,,,unknown,미분류,1,4,40000,estimated,per_card,text,unknown,,active,needs_review,needs_review,"가격 단위 추정, 배송비 포함 여부 미확정",estimated,yes,candidate_estimated,변환의서4
8e386b5d3df6a16b98704c89,pokemoncardgame,포켓몬 카드게임,2026-07,2026-07-16T21:10:27+09:00,known,b434463f566a65bceb5ca708,8e386b5d3df6a16b98704c89,118711,https://m.dcinside.com/board/pokemoncardgame/118711,n조로하려는데 덱소스 구매합니다,seller-6250445c9da36855d8d1ba6f,ㅇㅇ,guest,태권왕,태권왕,태권왕,,,unknown,미분류,1,1,10000,estimated,per_card,text,unknown,,active,needs_review,needs_review,"가격 단위 추정, 배송비 포함 여부 미확정",estimated,yes,candidate_estimated,태권왕1
90adf541a32c9bdb79fb656d,pokemoncardgame,포켓몬 카드게임,2026-07,2026-07-16T21:10:27+09:00,known,ee767f1516ebf2e105a96579,90adf541a32c9bdb79fb656d,118711,https://m.dcinside.com/board/pokemoncardgame/118711,n조로하려는데 덱소스 구매합니다,seller-ec86873f57f5fe18124471c7,ㅇㅇ,guest,미스트 에너지당,미스트 에너지당,미스트 에너지당,,,unknown,미분류,4,500,500,exact,per_card,text,unknown,,active,needs_review,needs_review,배송비 포함 여부 미확정,exact,yes,candidate_estimated,미스트 에너지4 장당 500원
90c4be4ddd777bc008fac4a1,pokemoncardgame,포켓몬 카드게임,2026-07,2026-07-16T21:10:27+09:00,known,ee767f1516ebf2e105a96579,90c4be4ddd777bc008fac4a1,118711,https://m.dcinside.com/board/pokemoncardgame/118711,n조로하려는데 덱소스 구매합니다,seller-ec86873f57f5fe18124471c7,ㅇㅇ,guest,60체 노고치당,60체 노고치당,60체 노고치당,,,unknown,미분류,2,500,500,exact,per_card,text,unknown,,active,needs_review,needs_review,배송비 포함 여부 미확정,exact,yes,candidate_estimated,60체 노고치2 장당 500원
981508adde2157e67fb864d5,pokemoncardgame,포켓몬 카드게임,2026-07,2026-07-16T21:10:27+09:00,known,d736c03ff1c1000f0525c96f,981508adde2157e67fb864d5,118711,https://m.dcinside.com/board/pokemoncardgame/118711,n조로하려는데 덱소스 구매합니다,seller-c8ac8eea0126a7e1aadfdbcf,ㅇㅇ,guest,60체 노고치당,60체 노고치당,60체 노고치당,,,unknown,미분류,2,500,500,exact,per_card,text,unknown,,active,needs_review,needs_review,배송비 포함 여부 미확정,exact,yes,candidate_estimated,60체 노고치2 장당 500원
a312e2bec90e4e8107db8bef,pokemoncardgame,포켓몬 카드게임,2026-07,2026-07-16T21:10:27+09:00,known,b434463f566a65bceb5ca708,a312e2bec90e4e8107db8bef,118711,https://m.dcinside.com/board/pokemoncardgame/118711,n조로하려는데 덱소스 구매합니다,seller-6250445c9da36855d8d1ba6f,ㅇㅇ,guest,미스트 에너지당,미스트 에너지당,미스트 에너지당,,,unknown,미분류,4,500,500,exact,per_card,text,unknown,,active,needs_review,needs_review,배송비 포함 여부 미확정,exact,yes,candidate_estimated,미스트 에너지4 장당 500원
a7206aac6c8a0e58cb41158e,pokemoncardgame,포켓몬 카드게임,2026-07,2026-07-16T21:10:27+09:00,known,d736c03ff1c1000f0525c96f,a7206aac6c8a0e58cb41158e,118711,https://m.dcinside.com/board/pokemoncardgame/118711,n조로하려는데 덱소스 구매합니다,seller-c8ac8eea0126a7e1aadfdbcf,ㅇㅇ,guest,다 합치면,다 합치면,다 합치면,,,unknown,미분류,1,22000,22000,exact,per_card,text,unknown,,active,needs_review,needs_review,배송비 포함 여부 미확정,exact,yes,candidate_estimated,다 합치면 22000원에 삽니다
c04f684348651af046c73ff8,pokemoncardgame,포켓몬 카드게임,2026-07,2026-07-16T21:10:27+09:00,known,b434463f566a65bceb5ca708,c04f684348651af046c73ff8,118711,https://m.dcinside.com/board/pokemoncardgame/118711,n조로하려는데 덱소스 구매합니다,seller-6250445c9da36855d8d1ba6f,ㅇㅇ,guest,노고고치당,노고고치당,노고고치당,,,unknown,미분류,3,2000,2000,exact,per_card,text,unknown,,active,needs_review,needs_review,배송비 포함 여부 미확정,exact,yes,candidate_estimated,노고고치3 장당 2000원
c5f3f1e9918c9ce8175018d7,pokemoncardgame,포켓몬 카드게임,2026-07,2026-07-16T21:10:27+09:00,known,d736c03ff1c1000f0525c96f,c5f3f1e9918c9ce8175018d7,118711,https://m.dcinside.com/board/pokemoncardgame/118711,n조로하려는데 덱소스 구매합니다,seller-c8ac8eea0126a7e1aadfdbcf,ㅇㅇ,guest,언페어,언페어,언페어,,,unknown,미분류,1,1,10000,estimated,per_card,text,unknown,,active,needs_review,needs_review,"가격 단위 추정, 배송비 포함 여부 미확정",estimated,yes,candidate_estimated,언페어1
cd780c09fe1a680aea24c889,pokemoncardgame,포켓몬 카드게임,2026-07,2026-07-16T21:10:27+09:00,known,ee767f1516ebf2e105a96579,cd780c09fe1a680aea24c889,118711,https://m.dcinside.com/board/pokemoncardgame/118711,n조로하려는데 덱소스 구매합니다,seller-ec86873f57f5fe18124471c7,ㅇㅇ,guest,사슬떡,사슬떡,사슬떡,,,unknown,미분류,1,1,10000,estimated,per_card,text,unknown,,active,needs_review,needs_review,"가격 단위 추정, 배송비 포함 여부 미확정",estimated,yes,candidate_estimated,사슬떡1
db16639a452dd3e2220f5265,pokemoncardgame,포켓몬 카드게임,2026-07,2026-07-16T21:10:27+09:00,known,b434463f566a65bceb5ca708,db16639a452dd3e2220f5265,118711,https://m.dcinside.com/board/pokemoncardgame/118711,n조로하려는데 덱소스 구매합니다,seller-6250445c9da36855d8d1ba6f,ㅇㅇ,guest,언페어,언페어,언페어,,,unknown,미분류,1,1,10000,estimated,per_card,text,unknown,,active,needs_review,needs_review,"가격 단위 추정, 배송비 포함 여부 미확정",estimated,yes,candidate_estimated,언페어1
de34f8d64f7672816eac33a7,pokemoncardgame,포켓몬 카드게임,2026-07,2026-07-16T21:10:27+09:00,known,d736c03ff1c1000f0525c96f,de34f8d64f7672816eac33a7,118711,https://m.dcinside.com/board/pokemoncardgame/118711,n조로하려는데 덱소스 구매합니다,seller-c8ac8eea0126a7e1aadfdbcf,ㅇㅇ,guest,태권왕,태권왕,태권왕,,,unknown,미분류,1,1,10000,estimated,per_card,text,unknown,,active,needs_review,needs_review,"가격 단위 추정, 배송비 포함 여부 미확정",estimated,yes,candidate_estimated,태권왕1
de6f390d76cfb118ac16b1a2,pokemoncardgame,포켓몬 카드게임,2026-07,2026-07-16T21:10:27+09:00,known,ee767f1516ebf2e105a96579,de6f390d76cfb118ac16b1a2,118711,https://m.dcinside.com/board/pokemoncardgame/118711,n조로하려는데 덱소스 구매합니다,seller-ec86873f57f5fe18124471c7,ㅇㅇ,guest,태권왕,태권왕,태권왕,,,unknown,미분류,1,1,10000,estimated,per_card,text,unknown,,active,needs_review,needs_review,"가격 단위 추정, 배송비 포함 여부 미확정",estimated,yes,candidate_estimated,태권왕1
e070133be7a4c52b18bf0f3a,pokemoncardgame,포켓몬 카드게임,2026-07,2026-07-16T21:10:27+09:00,known,d736c03ff1c1000f0525c96f,e070133be7a4c52b18bf0f3a,118711,https://m.dcinside.com/board/pokemoncardgame/118711,n조로하려는데 덱소스 구매합니다,seller-c8ac8eea0126a7e1aadfdbcf,ㅇㅇ,guest,암호매니아,암호매니아,암호매니아,,,unknown,미분류,1,1,10000,estimated,per_card,text,unknown,,active,needs_review,needs_review,"가격 단위 추정, 배송비 포함 여부 미확정",estimated,yes,candidate_estimated,암호매니아1
e3a63a89f31a8cc2f9211948,pokemoncardgame,포켓몬 카드게임,2026-07,2026-07-16T21:10:27+09:00,known,b434463f566a65bceb5ca708,e3a63a89f31a8cc2f9211948,118711,https://m.dcinside.com/board/pokemoncardgame/118711,n조로하려는데 덱소스 구매합니다,seller-6250445c9da36855d8d1ba6f,ㅇㅇ,guest,암호매니아,암호매니아,암호매니아,,,unknown,미분류,1,1,10000,estimated,per_card,text,unknown,,active,needs_review,needs_review,"가격 단위 추정, 배송비 포함 여부 미확정",estimated,yes,candidate_estimated,암호매니아1
ef05fdbd9d5d79271ae29254,pokemoncardgame,포켓몬 카드게임,2026-07,2026-07-16T21:10:27+09:00,known,d736c03ff1c1000f0525c96f,ef05fdbd9d5d79271ae29254,118711,https://m.dcinside.com/board/pokemoncardgame/118711,n조로하려는데 덱소스 구매합니다,seller-c8ac8eea0126a7e1aadfdbcf,ㅇㅇ,guest,미스트 에너지당,미스트 에너지당,미스트 에너지당,,,unknown,미분류,4,500,500,exact,per_card,text,unknown,,active,needs_review,needs_review,배송비 포함 여부 미확정,exact,yes,candidate_estimated,미스트 에너지4 장당 500원
f3a06627723de644424e6d7e,pokemoncardgame,포켓몬 카드게임,2026-07,2026-07-16T21:10:27+09:00,known,ee767f1516ebf2e105a96579,f3a06627723de644424e6d7e,118711,https://m.dcinside.com/board/pokemoncardgame/118711,n조로하려는데 덱소스 구매합니다,seller-ec86873f57f5fe18124471c7,ㅇㅇ,guest,언페어,언페어,언페어,,,unknown,미분류,1,1,10000,estimated,per_card,text,unknown,,active,needs_review,needs_review,"가격 단위 추정, 배송비 포함 여부 미확정",estimated,yes,candidate_estimated,언페어1
11eb09d3fd8d41b660cb9f50,pokemoncardgame,포켓몬 카드게임,2026-07,2026-07-17T13:41:22+09:00,known,fe3af6c894c092841f7f9985,11eb09d3fd8d41b660cb9f50,118751,https://m.dcinside.com/board/pokemoncardgame/118751,조로아크 완덱 구함,seller-ba0bef34124f8d04bee22760,앵앵모기,registered,이 덱리로,이 덱리로,이 덱리로,,,unknown,미분류,1,5,50000,estimated,bundle,text,included,2000,active,needs_review,needs_review,"가격 단위 추정, 묶음·세트 총액 · 개별 카드 가격 아님",estimated,no,no,이 덱리로 택포 5
226febc52c32502910cdfa37,pokemoncardgame,포켓몬 카드게임,2026-07,2026-07-17T13:41:22+09:00,known,3e72b6e6854054769fdc96c5,226febc52c32502910cdfa37,118751,https://m.dcinside.com/board/pokemoncardgame/118751,조로아크 완덱 구함,seller-ba0bef34124f8d04bee22760,앵앵모기,registered,이 덱리로,이 덱리로,이 덱리로,,,unknown,미분류,1,5,50000,estimated,bundle,text,included,2000,active,needs_review,needs_review,"가격 단위 추정, 묶음·세트 총액 · 개별 카드 가격 아님",estimated,no,no,이 덱리로 택포 5
6ac4882149df0593d1e9091d,pokemoncardgame,포켓몬 카드게임,2026-07,2026-07-17T13:41:22+09:00,known,090574325012eeaf1def7786,6ac4882149df0593d1e9091d,118751,https://m.dcinside.com/board/pokemoncardgame/118751,조로아크 완덱 구함,seller-ba0bef34124f8d04bee22760,앵앵모기,registered,이 덱리로,이 덱리로,이 덱리로,,,unknown,미분류,1,5,50000,estimated,bundle,text,included,2000,active,needs_review,needs_review,"가격 단위 추정, 묶음·세트 총액 · 개별 카드 가격 아님",estimated,no,no,이 덱리로 택포 5
8e861ec0d9e310f4bf204ca4,pokemoncardgame,포켓몬 카드게임,2026-07,2026-07-17T13:41:22+09:00,known,bffe6d98a5605c1b18f8052e,8e861ec0d9e310f4bf204ca4,118751,https://m.dcinside.com/board/pokemoncardgame/118751,조로아크 완덱 구함,seller-ba0bef34124f8d04bee22760,앵앵모기,registered,이 덱리로,이 덱리로,이 덱리로,,,unknown,미분류,1,5,50000,estimated,bundle,text,included,2000,active,needs_review,needs_review,"가격 단위 추정, 묶음·세트 총액 · 개별 카드 가격 아님",estimated,no,no,이 덱리로 택포 5
190ef5f6d3d83ffef28b6b97,pokemoncardgame,포켓몬 카드게임,2026-07,2026-07-18T13:37:53+09:00,known,dd5daff3d6bfd6eb389fa4a4,190ef5f6d3d83ffef28b6b97,118801,https://m.dcinside.com/board/pokemoncardgame/118801,불카모스 카드 파실 분 계신가요,seller-c3a697413c42de4c601da06a,최애지원중,guest,블랙볼트에 들어가 있던 불카모스 ar 구하고 있습니다. 번장에는,블랙볼트에 들어가 있던 불카모스 ar 구하고 있습니다. 번장에는,블랙볼트에 들어가 있던 불카모스 ar 구하고 있습니다. 번장에는,,,unknown,미분류,1,0.15,1500,estimated,bundle,text,unknown,,active,needs_review,needs_review,"가격 단위 추정, 배송비 포함 여부 미확정, 묶음·세트 총액 · 개별 카드 가격 아님",estimated,no,no,"블랙볼트에 들어가 있던 불카모스 ar 구하고 있습니다. 번장에는 0.15에 올라와있던데, 저는 좀 더 드릴 생각입니다."
9cefe1aa13839db777bacb15,pokemoncardgame,포켓몬 카드게임,2026-07,2026-07-18T13:37:53+09:00,known,73e2f31b0a83184b095e0e03,9cefe1aa13839db777bacb15,118801,https://m.dcinside.com/board/pokemoncardgame/118801,불카모스 카드 파실 분 계신가요,seller-666d6c4ca45ee10540839fa8,최애지원중,guest,블랙볼트에 들어가 있던 불카모스 ar 구하고 있습니다. 번장에는,블랙볼트에 들어가 있던 불카모스 ar 구하고 있습니다. 번장에는,블랙볼트에 들어가 있던 불카모스 ar 구하고 있습니다. 번장에는,,,unknown,미분류,1,0.15,1500,estimated,bundle,text,unknown,,active,needs_review,needs_review,"가격 단위 추정, 배송비 포함 여부 미확정, 묶음·세트 총액 · 개별 카드 가격 아님",estimated,no,no,"블랙볼트에 들어가 있던 불카모스 ar 구하고 있습니다. 번장에는 0.15에 올라와있던데, 저는 좀 더 드릴 생각입니다."
b3f71631e5346b10f8a55c56,pokemoncardgame,포켓몬 카드게임,2026-07,2026-07-18T13:37:53+09:00,known,dd6db8d9492951e56464ffcf,b3f71631e5346b10f8a55c56,118801,https://m.dcinside.com/board/pokemoncardgame/118801,불카모스 카드 파실 분 계신가요,seller-2cca2cd604bdcb5a4e09b78d,최애지원중,guest,블랙볼트에 들어가 있던 불카모스 ar 구하고 있습니다. 번장에는,블랙볼트에 들어가 있던 불카모스 ar 구하고 있습니다. 번장에는,블랙볼트에 들어가 있던 불카모스 ar 구하고 있습니다. 번장에는,,,unknown,미분류,1,0.15,1500,estimated,bundle,text,unknown,,active,needs_review,needs_review,"가격 단위 추정, 배송비 포함 여부 미확정, 묶음·세트 총액 · 개별 카드 가격 아님",estimated,no,no,"블랙볼트에 들어가 있던 불카모스 ar 구하고 있습니다. 번장에는 0.15에 올라와있던데, 저는 좀 더 드릴 생각입니다."
e78607bf73ef8b8c79b36fbf,pokemoncardgame,포켓몬 카드게임,2026-07,2026-07-18T13:37:53+09:00,known,a004814cd295d728421dbe82,e78607bf73ef8b8c79b36fbf,118801,https://m.dcinside.com/board/pokemoncardgame/118801,불카모스 카드 파실 분 계신가요,seller-ffd1db1441822a256eff1d2f,최애지원중,guest,블랙볼트에 들어가 있던 불카모스 ar 구하고 있습니다. 번장에는,블랙볼트에 들어가 있던 불카모스 ar 구하고 있습니다. 번장에는,블랙볼트에 들어가 있던 불카모스 ar 구하고 있습니다. 번장에는,,,unknown,미분류,1,0.15,1500,estimated,bundle,text,unknown,,active,needs_review,needs_review,"가격 단위 추정, 배송비 포함 여부 미확정, 묶음·세트 총액 · 개별 카드 가격 아님",estimated,no,no,"블랙볼트에 들어가 있던 불카모스 ar 구하고 있습니다. 번장에는 0.15에 올라와있던데, 저는 좀 더 드릴 생각입니다."
a64f517d5af525e2604954af,pokemoncardgame,포켓몬 카드게임,2026-07,2026-07-18T15:21:59+09:00,known,c70b773c98f546f6a5cafebf,a64f517d5af525e2604954af,118808,https://m.dcinside.com/board/pokemoncardgame/118808,대전직으로 풀거폰 4장 에달갈3장 구해봅니다,seller-29211b412469ee63ccf03d3d,슥삭슥삭,guest,합해서,합해서,합해서,,,unknown,미분류,1,0.5,5000,estimated,per_card,text,unknown,,active,needs_review,needs_review,"가격 단위 추정, 배송비 포함 여부 미확정",estimated,yes,candidate_estimated,합해서 0.5에 구해봐요
b1ed3c7c9f36edc6698dc226,pokemoncardgame,포켓몬 카드게임,2026-07,2026-07-18T15:21:59+09:00,known,27f21d14dc66900e62b3bd8b,b1ed3c7c9f36edc6698dc226,118808,https://m.dcinside.com/board/pokemoncardgame/118808,대전직으로 풀거폰 4장 에달갈3장 구해봅니다,seller-8979232da55d9907558d035e,슥삭슥삭,guest,합해서,합해서,합해서,,,unknown,미분류,1,0.5,5000,estimated,per_card,text,unknown,,active,needs_review,needs_review,"가격 단위 추정, 배송비 포함 여부 미확정",estimated,yes,candidate_estimated,합해서 0.5에 구해봐요
d5bb010ae7f63f2459463d6a,pokemoncardgame,포켓몬 카드게임,2026-07,2026-07-18T15:21:59+09:00,known,22ffec7fad6aa92445a7fdc0,d5bb010ae7f63f2459463d6a,118808,https://m.dcinside.com/board/pokemoncardgame/118808,대전직으로 풀거폰 4장 에달갈3장 구해봅니다,seller-c97a92bdd30a96943e3917b1,슥삭슥삭,guest,합해서,합해서,합해서,,,unknown,미분류,1,0.5,5000,estimated,per_card,text,unknown,,active,needs_review,needs_review,"가격 단위 추정, 배송비 포함 여부 미확정",estimated,yes,candidate_estimated,합해서 0.5에 구해봐요
d8c38a5acdf1b20acb8dd22c,pokemoncardgame,포켓몬 카드게임,2026-07,2026-07-18T15:21:59+09:00,known,4e559d1fa57a5f0d3f1f793a,d8c38a5acdf1b20acb8dd22c,118808,https://m.dcinside.com/board/pokemoncardgame/118808,대전직으로 풀거폰 4장 에달갈3장 구해봅니다,seller-28bb3b05ae6fcb494cf022ac,슥삭슥삭,guest,합해서,합해서,합해서,,,unknown,미분류,1,0.5,5000,estimated,per_card,text,unknown,,active,needs_review,needs_review,"가격 단위 추정, 배송비 포함 여부 미확정",estimated,yes,candidate_estimated,합해서 0.5에 구해봐요
07c71c2bb0317698e5105877,pokemoncardgame,포켓몬 카드게임,2026-07,2026-07-18T22:33:09+09:00,known,db95c934bdee5066eef05488,07c71c2bb0317698e5105877,118834,https://m.dcinside.com/board/pokemoncardgame/118834,익펜 카드 구합니다,seller-9f15df443b3cfef1ed7689d2,ㅇㅇ,guest,loadScript 'https pagead,loadScript 'https pagead,loadScript('https://pagead,,,unknown,미분류,1,2,20000,estimated,bundle,text,unknown,,active,needs_review,needs_review,"가격 단위 추정, 복수 카드 가격, 배송비 포함 여부 미확정, 묶음·세트 총액 · 개별 카드 가격 아님",estimated,no,no,"loadScript('https://pagead2.googlesyndication.com/pagead/js/adsbygoogle_direct.js?client=ca-pub-8171468792791627', true, 'anonymous');"
0d5acd01a5b1380fd6bc373a,pokemoncardgame,포켓몬 카드게임,2026-07,2026-07-18T22:33:09+09:00,known,a37a261f49fcb082903a2103,0d5acd01a5b1380fd6bc373a,118834,https://m.dcinside.com/board/pokemoncardgame/118834,익펜 카드 구합니다,seller-ee2280227ac9eba4c2ad2aad,ㅇㅇ,guest,DOM 삽입 헬퍼 현재 스크립트 위치 기준,DOM 삽입 헬퍼 현재 스크립트 위치 기준,// ---- DOM 삽입 헬퍼 (현재 스크립트 위치 기준,,,unknown,미분류,1,1,10000,estimated,bundle,text,unknown,,active,needs_review,needs_review,"가격 단위 추정, 복수 카드 가격, 배송비 포함 여부 미확정, 묶음·세트 총액 · 개별 카드 가격 아님",estimated,no,no,// ---- DOM 삽입 헬퍼 (현재 스크립트 위치 기준1)
16b8c09634c0c98723d4a8e5,pokemoncardgame,포켓몬 카드게임,2026-07,2026-07-18T22:33:09+09:00,known,d1ef44987315daf1ec0cf363,16b8c09634c0c98723d4a8e5,118834,https://m.dcinside.com/board/pokemoncardgame/118834,익펜 카드 구합니다,seller-f4b84203fcc7f182590ba62b,ㅇㅇ,guest,var safe = window.dcAd && window.dcAd.safe ==,var safe = window.dcAd && window.dcAd.safe ==,var safe = (window.dcAd && window.dcAd.safe ==,,,unknown,미분류,1,1,10000,estimated,bundle,text,unknown,,active,needs_review,needs_review,"가격 단위 추정, 복수 카드 가격, 배송비 포함 여부 미확정, 묶음·세트 총액 · 개별 카드 가격 아님",estimated,no,no,var safe = (window.dcAd && window.dcAd.safe == 1)
1f5c2b3002e31ba632770131,pokemoncardgame,포켓몬 카드게임,2026-07,2026-07-18T22:33:09+09:00,known,32c5865748c5a04b0e3ae5b1,1f5c2b3002e31ba632770131,118834,https://m.dcinside.com/board/pokemoncardgame/118834,익펜 카드 구합니다,seller-256a2b77bde93ad119a33445,ㅇㅇ,guest,var safe = window.dcAd && window.dcAd.safe ==,var safe = window.dcAd && window.dcAd.safe ==,var safe = (window.dcAd && window.dcAd.safe ==,,,unknown,미분류,1,1,10000,estimated,bundle,text,unknown,,active,needs_review,needs_review,"가격 단위 추정, 복수 카드 가격, 배송비 포함 여부 미확정, 묶음·세트 총액 · 개별 카드 가격 아님",estimated,no,no,var safe = (window.dcAd && window.dcAd.safe == 1)
294f849c6abfd46007c4e45f,pokemoncardgame,포켓몬 카드게임,2026-07,2026-07-18T22:33:09+09:00,known,32c5865748c5a04b0e3ae5b1,294f849c6abfd46007c4e45f,118834,https://m.dcinside.com/board/pokemoncardgame/118834,익펜 카드 구합니다,seller-256a2b77bde93ad119a33445,ㅇㅇ,guest,loadScript ' t,loadScript ' t,loadScript('//t,,,unknown,미분류,1,1,10000,estimated,bundle,text,unknown,,active,needs_review,needs_review,"가격 단위 추정, 복수 카드 가격, 배송비 포함 여부 미확정, 묶음·세트 총액 · 개별 카드 가격 아님",estimated,no,no,"loadScript('//t1.kakaocdn.net/kas/static/ba.min.js', true);"
46545301adaf0a78ce7fcb35,pokemoncardgame,포켓몬 카드게임,2026-07,2026-07-18T22:33:09+09:00,known,db95c934bdee5066eef05488,46545301adaf0a78ce7fcb35,118834,https://m.dcinside.com/board/pokemoncardgame/118834,익펜 카드 구합니다,seller-9f15df443b3cfef1ed7689d2,ㅇㅇ,guest,var safe = window.dcAd && window.dcAd.safe ==,var safe = window.dcAd && window.dcAd.safe ==,var safe = (window.dcAd && window.dcAd.safe ==,,,unknown,미분류,1,1,10000,estimated,bundle,text,unknown,,active,needs_review,needs_review,"가격 단위 추정, 복수 카드 가격, 배송비 포함 여부 미확정, 묶음·세트 총액 · 개별 카드 가격 아님",estimated,no,no,var safe = (window.dcAd && window.dcAd.safe == 1)
48bf25b4509dfe19c5d5599f,pokemoncardgame,포켓몬 카드게임,2026-07,2026-07-18T22:33:09+09:00,known,32c5865748c5a04b0e3ae5b1,48bf25b4509dfe19c5d5599f,118834,https://m.dcinside.com/board/pokemoncardgame/118834,익펜 카드 구합니다,seller-256a2b77bde93ad119a33445,ㅇㅇ,guest,DOM 삽입 헬퍼 현재 스크립트 위치 기준,DOM 삽입 헬퍼 현재 스크립트 위치 기준,// ---- DOM 삽입 헬퍼 (현재 스크립트 위치 기준,,,unknown,미분류,1,1,10000,estimated,bundle,text,unknown,,active,needs_review,needs_review,"가격 단위 추정, 복수 카드 가격, 배송비 포함 여부 미확정, 묶음·세트 총액 · 개별 카드 가격 아님",estimated,no,no,// ---- DOM 삽입 헬퍼 (현재 스크립트 위치 기준1)
57d0303ead7ea7c16433deb9,pokemoncardgame,포켓몬 카드게임,2026-07,2026-07-18T22:33:09+09:00,known,db95c934bdee5066eef05488,57d0303ead7ea7c16433deb9,118834,https://m.dcinside.com/board/pokemoncardgame/118834,익펜 카드 구합니다,seller-9f15df443b3cfef1ed7689d2,ㅇㅇ,guest,loadScript ' t,loadScript ' t,loadScript('//t,,,unknown,미분류,1,1,10000,estimated,bundle,text,unknown,,active,needs_review,needs_review,"가격 단위 추정, 복수 카드 가격, 배송비 포함 여부 미확정, 묶음·세트 총액 · 개별 카드 가격 아님",estimated,no,no,"loadScript('//t1.kakaocdn.net/kas/static/ba.min.js', true);"
65af296d80b8d4122f981203,pokemoncardgame,포켓몬 카드게임,2026-07,2026-07-18T22:33:09+09:00,known,a37a261f49fcb082903a2103,65af296d80b8d4122f981203,118834,https://m.dcinside.com/board/pokemoncardgame/118834,익펜 카드 구합니다,seller-ee2280227ac9eba4c2ad2aad,ㅇㅇ,guest,loadScript 'https pagead,loadScript 'https pagead,loadScript('https://pagead,,,unknown,미분류,1,2,20000,estimated,bundle,text,unknown,,active,needs_review,needs_review,"가격 단위 추정, 복수 카드 가격, 배송비 포함 여부 미확정, 묶음·세트 총액 · 개별 카드 가격 아님",estimated,no,no,"loadScript('https://pagead2.googlesyndication.com/pagead/js/adsbygoogle_direct.js?client=ca-pub-8171468792791627', true, 'anonymous');"
6e79bc87388c2819e5346306,pokemoncardgame,포켓몬 카드게임,2026-07,2026-07-18T22:33:09+09:00,known,d1ef44987315daf1ec0cf363,6e79bc87388c2819e5346306,118834,https://m.dcinside.com/board/pokemoncardgame/118834,익펜 카드 구합니다,seller-f4b84203fcc7f182590ba62b,ㅇㅇ,guest,loadScript ' t,loadScript ' t,loadScript('//t,,,unknown,미분류,1,1,10000,estimated,bundle,text,unknown,,active,needs_review,needs_review,"가격 단위 추정, 복수 카드 가격, 배송비 포함 여부 미확정, 묶음·세트 총액 · 개별 카드 가격 아님",estimated,no,no,"loadScript('//t1.kakaocdn.net/kas/static/ba.min.js', true);"
7a9e66311d07dfd36e3fff65,pokemoncardgame,포켓몬 카드게임,2026-07,2026-07-18T22:33:09+09:00,known,a37a261f49fcb082903a2103,7a9e66311d07dfd36e3fff65,118834,https://m.dcinside.com/board/pokemoncardgame/118834,익펜 카드 구합니다,seller-ee2280227ac9eba4c2ad2aad,ㅇㅇ,guest,,,,,,unknown,미분류,1,2.5,25000,estimated,bundle,text,unknown,,active,needs_review,needs_review,"가격 단위 추정, 일괄·세트 가격, 배송비 포함 여부 미확정, 카드명 확인 필요, 묶음·세트 총액 · 개별 카드 가격 아님",estimated,no,no,일괄 2.5에 구해봅니다
7d2d12406a1e5f6def297e49,pokemoncardgame,포켓몬 카드게임,2026-07,2026-07-18T22:33:09+09:00,known,db95c934bdee5066eef05488,7d2d12406a1e5f6def297e49,118834,https://m.dcinside.com/board/pokemoncardgame/118834,익펜 카드 구합니다,seller-9f15df443b3cfef1ed7689d2,ㅇㅇ,guest,,,,,,unknown,미분류,1,2.5,25000,estimated,bundle,text,unknown,,active,needs_review,needs_review,"가격 단위 추정, 일괄·세트 가격, 배송비 포함 여부 미확정, 카드명 확인 필요, 묶음·세트 총액 · 개별 카드 가격 아님",estimated,no,no,일괄 2.5에 구해봅니다
7fed0c0ac3711f61b1fa714c,pokemoncardgame,포켓몬 카드게임,2026-07,2026-07-18T22:33:09+09:00,known,a37a261f49fcb082903a2103,7fed0c0ac3711f61b1fa714c,118834,https://m.dcinside.com/board/pokemoncardgame/118834,익펜 카드 구합니다,seller-ee2280227ac9eba4c2ad2aad,ㅇㅇ,guest,loadScript ' t,loadScript ' t,loadScript('//t,,,unknown,미분류,1,1,10000,estimated,bundle,text,unknown,,active,needs_review,needs_review,"가격 단위 추정, 복수 카드 가격, 배송비 포함 여부 미확정, 묶음·세트 총액 · 개별 카드 가격 아님",estimated,no,no,"loadScript('//t1.kakaocdn.net/kas/static/ba.min.js', true);"
870bec33ae94628d2fcae509,pokemoncardgame,포켓몬 카드게임,2026-07,2026-07-18T22:33:09+09:00,known,db95c934bdee5066eef05488,870bec33ae94628d2fcae509,118834,https://m.dcinside.com/board/pokemoncardgame/118834,익펜 카드 구합니다,seller-9f15df443b3cfef1ed7689d2,ㅇㅇ,guest,DOM 삽입 헬퍼 현재 스크립트 위치 기준,DOM 삽입 헬퍼 현재 스크립트 위치 기준,// ---- DOM 삽입 헬퍼 (현재 스크립트 위치 기준,,,unknown,미분류,1,1,10000,estimated,bundle,text,unknown,,active,needs_review,needs_review,"가격 단위 추정, 복수 카드 가격, 배송비 포함 여부 미확정, 묶음·세트 총액 · 개별 카드 가격 아님",estimated,no,no,// ---- DOM 삽입 헬퍼 (현재 스크립트 위치 기준1)
9429b299cc75a088248feffe,pokemoncardgame,포켓몬 카드게임,2026-07,2026-07-18T22:33:09+09:00,known,32c5865748c5a04b0e3ae5b1,9429b299cc75a088248feffe,118834,https://m.dcinside.com/board/pokemoncardgame/118834,익펜 카드 구합니다,seller-256a2b77bde93ad119a33445,ㅇㅇ,guest,loadScript 'https pagead,loadScript 'https pagead,loadScript('https://pagead,,,unknown,미분류,1,2,20000,estimated,bundle,text,unknown,,active,needs_review,needs_review,"가격 단위 추정, 복수 카드 가격, 배송비 포함 여부 미확정, 묶음·세트 총액 · 개별 카드 가격 아님",estimated,no,no,"loadScript('https://pagead2.googlesyndication.com/pagead/js/adsbygoogle_direct.js?client=ca-pub-8171468792791627', true, 'anonymous');"
94f378e5171058c542dc3246,pokemoncardgame,포켓몬 카드게임,2026-07,2026-07-18T22:33:09+09:00,known,a37a261f49fcb082903a2103,94f378e5171058c542dc3246,118834,https://m.dcinside.com/board/pokemoncardgame/118834,익펜 카드 구합니다,seller-ee2280227ac9eba4c2ad2aad,ㅇㅇ,guest,var safe = window.dcAd && window.dcAd.safe ==,var safe = window.dcAd && window.dcAd.safe ==,var safe = (window.dcAd && window.dcAd.safe ==,,,unknown,미분류,1,1,10000,estimated,bundle,text,unknown,,active,needs_review,needs_review,"가격 단위 추정, 복수 카드 가격, 배송비 포함 여부 미확정, 묶음·세트 총액 · 개별 카드 가격 아님",estimated,no,no,var safe = (window.dcAd && window.dcAd.safe == 1)
ad19bb56a50616f2d7bcb613,pokemoncardgame,포켓몬 카드게임,2026-07,2026-07-18T22:33:09+09:00,known,d1ef44987315daf1ec0cf363,ad19bb56a50616f2d7bcb613,118834,https://m.dcinside.com/board/pokemoncardgame/118834,익펜 카드 구합니다,seller-f4b84203fcc7f182590ba62b,ㅇㅇ,guest,loadScript 'https pagead,loadScript 'https pagead,loadScript('https://pagead,,,unknown,미분류,1,2,20000,estimated,bundle,text,unknown,,active,needs_review,needs_review,"가격 단위 추정, 복수 카드 가격, 배송비 포함 여부 미확정, 묶음·세트 총액 · 개별 카드 가격 아님",estimated,no,no,"loadScript('https://pagead2.googlesyndication.com/pagead/js/adsbygoogle_direct.js?client=ca-pub-8171468792791627', true, 'anonymous');"
b29c919072e729a55db8f51a,pokemoncardgame,포켓몬 카드게임,2026-07,2026-07-18T22:33:09+09:00,known,32c5865748c5a04b0e3ae5b1,b29c919072e729a55db8f51a,118834,https://m.dcinside.com/board/pokemoncardgame/118834,익펜 카드 구합니다,seller-256a2b77bde93ad119a33445,ㅇㅇ,guest,,,,,,unknown,미분류,1,2.5,25000,estimated,bundle,text,unknown,,active,needs_review,needs_review,"가격 단위 추정, 일괄·세트 가격, 배송비 포함 여부 미확정, 카드명 확인 필요, 묶음·세트 총액 · 개별 카드 가격 아님",estimated,no,no,일괄 2.5에 구해봅니다
c1505b61814f099ae1918b7b,pokemoncardgame,포켓몬 카드게임,2026-07,2026-07-18T22:33:09+09:00,known,d1ef44987315daf1ec0cf363,c1505b61814f099ae1918b7b,118834,https://m.dcinside.com/board/pokemoncardgame/118834,익펜 카드 구합니다,seller-f4b84203fcc7f182590ba62b,ㅇㅇ,guest,,,,,,unknown,미분류,1,2.5,25000,estimated,bundle,text,unknown,,active,needs_review,needs_review,"가격 단위 추정, 일괄·세트 가격, 배송비 포함 여부 미확정, 카드명 확인 필요, 묶음·세트 총액 · 개별 카드 가격 아님",estimated,no,no,일괄 2.5에 구해봅니다
e6d5255e2f1c96e5fc21fb04,pokemoncardgame,포켓몬 카드게임,2026-07,2026-07-18T22:33:09+09:00,known,d1ef44987315daf1ec0cf363,e6d5255e2f1c96e5fc21fb04,118834,https://m.dcinside.com/board/pokemoncardgame/118834,익펜 카드 구합니다,seller-f4b84203fcc7f182590ba62b,ㅇㅇ,guest,DOM 삽입 헬퍼 현재 스크립트 위치 기준,DOM 삽입 헬퍼 현재 스크립트 위치 기준,// ---- DOM 삽입 헬퍼 (현재 스크립트 위치 기준,,,unknown,미분류,1,1,10000,estimated,bundle,text,unknown,,active,needs_review,needs_review,"가격 단위 추정, 복수 카드 가격, 배송비 포함 여부 미확정, 묶음·세트 총액 · 개별 카드 가격 아님",estimated,no,no,// ---- DOM 삽입 헬퍼 (현재 스크립트 위치 기준1)
2e7339a805407e84883edfdf,pokemoncardgame,포켓몬 카드게임,2026-07,2026-07-19T07:23:40+09:00,known,5be1816e2991d6cb1203d704,2e7339a805407e84883edfdf,118845,https://m.dcinside.com/board/pokemoncardgame/118845,벨 블레이매트 판매합니다,seller-f70be360dfffb0f808549dec,나빙,registered,var safe = window.dcAd && window.dcAd.safe ==,var safe = window.dcAd && window.dcAd.safe ==,var safe = (window.dcAd && window.dcAd.safe ==,,,unknown,미분류,1,1,10000,estimated,bundle,text,unknown,,active,needs_review,needs_review,"가격 단위 추정, 복수 카드 가격, 배송비 포함 여부 미확정, 묶음·세트 총액 · 개별 카드 가격 아님",estimated,no,no,var safe = (window.dcAd && window.dcAd.safe == 1)
32e9d1456d9a045a8ce80d50,pokemoncardgame,포켓몬 카드게임,2026-07,2026-07-19T07:23:40+09:00,known,b3e6929d24fdca283ba1cd38,32e9d1456d9a045a8ce80d50,118845,https://m.dcinside.com/board/pokemoncardgame/118845,벨 블레이매트 판매합니다,seller-f70be360dfffb0f808549dec,나빙,registered,var safe = window.dcAd && window.dcAd.safe ==,var safe = window.dcAd && window.dcAd.safe ==,var safe = (window.dcAd && window.dcAd.safe ==,,,unknown,미분류,1,1,10000,estimated,bundle,text,unknown,,active,needs_review,needs_review,"가격 단위 추정, 복수 카드 가격, 배송비 포함 여부 미확정, 묶음·세트 총액 · 개별 카드 가격 아님",estimated,no,no,var safe = (window.dcAd && window.dcAd.safe == 1)
3c04ebc47c8f4060fd68e481,pokemoncardgame,포켓몬 카드게임,2026-07,2026-07-19T07:23:40+09:00,known,b3e6929d24fdca283ba1cd38,3c04ebc47c8f4060fd68e481,118845,https://m.dcinside.com/board/pokemoncardgame/118845,벨 블레이매트 판매합니다,seller-f70be360dfffb0f808549dec,나빙,registered,벨 플레이 매트,벨 플레이 매트,벨 플레이 매트,,,unknown,미분류,1,2.0,20000,estimated,per_card,text,included,2000,active,needs_review,needs_review,가격 단위 추정,estimated,yes,candidate_estimated,벨 플레이 매트 택포 2.0에 판매합니다
44ea6aa7bac848d93914bc15,pokemoncardgame,포켓몬 카드게임,2026-07,2026-07-19T07:23:40+09:00,known,66a0d0fee4da5516d8bdb681,44ea6aa7bac848d93914bc15,118845,https://m.dcinside.com/board/pokemoncardgame/118845,벨 블레이매트 판매합니다,seller-f70be360dfffb0f808549dec,나빙,registered,var safe = window.dcAd && window.dcAd.safe ==,var safe = window.dcAd && window.dcAd.safe ==,var safe = (window.dcAd && window.dcAd.safe ==,,,unknown,미분류,1,1,10000,estimated,bundle,text,unknown,,active,needs_review,needs_review,"가격 단위 추정, 복수 카드 가격, 배송비 포함 여부 미확정, 묶음·세트 총액 · 개별 카드 가격 아님",estimated,no,no,var safe = (window.dcAd && window.dcAd.safe == 1)
52c0bc71b8ca9a4ac2366c01,pokemoncardgame,포켓몬 카드게임,2026-07,2026-07-19T07:23:40+09:00,known,b3e6929d24fdca283ba1cd38,52c0bc71b8ca9a4ac2366c01,118845,https://m.dcinside.com/board/pokemoncardgame/118845,벨 블레이매트 판매합니다,seller-f70be360dfffb0f808549dec,나빙,registered,DOM 삽입 헬퍼 현재 스크립트 위치 기준,DOM 삽입 헬퍼 현재 스크립트 위치 기준,// ---- DOM 삽입 헬퍼 (현재 스크립트 위치 기준,,,unknown,미분류,1,1,10000,estimated,bundle,text,unknown,,active,needs_review,needs_review,"가격 단위 추정, 복수 카드 가격, 배송비 포함 여부 미확정, 묶음·세트 총액 · 개별 카드 가격 아님",estimated,no,no,// ---- DOM 삽입 헬퍼 (현재 스크립트 위치 기준1)
5ef97115d42f75ac8c7bc4cd,pokemoncardgame,포켓몬 카드게임,2026-07,2026-07-19T07:23:40+09:00,known,5be1816e2991d6cb1203d704,5ef97115d42f75ac8c7bc4cd,118845,https://m.dcinside.com/board/pokemoncardgame/118845,벨 블레이매트 판매합니다,seller-f70be360dfffb0f808549dec,나빙,registered,DOM 삽입 헬퍼 현재 스크립트 위치 기준,DOM 삽입 헬퍼 현재 스크립트 위치 기준,// ---- DOM 삽입 헬퍼 (현재 스크립트 위치 기준,,,unknown,미분류,1,1,10000,estimated,bundle,text,unknown,,active,needs_review,needs_review,"가격 단위 추정, 복수 카드 가격, 배송비 포함 여부 미확정, 묶음·세트 총액 · 개별 카드 가격 아님",estimated,no,no,// ---- DOM 삽입 헬퍼 (현재 스크립트 위치 기준1)
718715017721b8c9ef8918e4,pokemoncardgame,포켓몬 카드게임,2026-07,2026-07-19T07:23:40+09:00,known,78b59cef4103e58177b05b5a,718715017721b8c9ef8918e4,118845,https://m.dcinside.com/board/pokemoncardgame/118845,벨 블레이매트 판매합니다,seller-f70be360dfffb0f808549dec,나빙,registered,var safe = window.dcAd && window.dcAd.safe ==,var safe = window.dcAd && window.dcAd.safe ==,var safe = (window.dcAd && window.dcAd.safe ==,,,unknown,미분류,1,1,10000,estimated,bundle,text,unknown,,active,needs_review,needs_review,"가격 단위 추정, 복수 카드 가격, 배송비 포함 여부 미확정, 묶음·세트 총액 · 개별 카드 가격 아님",estimated,no,no,var safe = (window.dcAd && window.dcAd.safe == 1)
760233375d49ca39003c327c,pokemoncardgame,포켓몬 카드게임,2026-07,2026-07-19T07:23:40+09:00,known,66a0d0fee4da5516d8bdb681,760233375d49ca39003c327c,118845,https://m.dcinside.com/board/pokemoncardgame/118845,벨 블레이매트 판매합니다,seller-f70be360dfffb0f808549dec,나빙,registered,DOM 삽입 헬퍼 현재 스크립트 위치 기준,DOM 삽입 헬퍼 현재 스크립트 위치 기준,// ---- DOM 삽입 헬퍼 (현재 스크립트 위치 기준,,,unknown,미분류,1,1,10000,estimated,bundle,text,unknown,,active,needs_review,needs_review,"가격 단위 추정, 복수 카드 가격, 배송비 포함 여부 미확정, 묶음·세트 총액 · 개별 카드 가격 아님",estimated,no,no,// ---- DOM 삽입 헬퍼 (현재 스크립트 위치 기준1)
7eecbaf82d96bd5b6b735c90,pokemoncardgame,포켓몬 카드게임,2026-07,2026-07-19T07:23:40+09:00,known,b3e6929d24fdca283ba1cd38,7eecbaf82d96bd5b6b735c90,118845,https://m.dcinside.com/board/pokemoncardgame/118845,벨 블레이매트 판매합니다,seller-f70be360dfffb0f808549dec,나빙,registered,loadScript 'https pagead,loadScript 'https pagead,loadScript('https://pagead,,,unknown,미분류,1,2,20000,estimated,bundle,text,unknown,,active,needs_review,needs_review,"가격 단위 추정, 복수 카드 가격, 배송비 포함 여부 미확정, 묶음·세트 총액 · 개별 카드 가격 아님",estimated,no,no,"loadScript('https://pagead2.googlesyndication.com/pagead/js/adsbygoogle_direct.js?client=ca-pub-8171468792791627', true, 'anonymous');"
921b987fa97705ae666b64b4,pokemoncardgame,포켓몬 카드게임,2026-07,2026-07-19T07:23:40+09:00,known,78b59cef4103e58177b05b5a,921b987fa97705ae666b64b4,118845,https://m.dcinside.com/board/pokemoncardgame/118845,벨 블레이매트 판매합니다,seller-f70be360dfffb0f808549dec,나빙,registered,벨 플레이 매트,벨 플레이 매트,벨 플레이 매트,,,unknown,미분류,1,2.0,20000,estimated,per_card,text,included,2000,active,needs_review,needs_review,가격 단위 추정,estimated,yes,candidate_estimated,벨 플레이 매트 택포 2.0에 판매합니다
a1a0710c9f995d00d6be0242,pokemoncardgame,포켓몬 카드게임,2026-07,2026-07-19T07:23:40+09:00,known,b3e6929d24fdca283ba1cd38,a1a0710c9f995d00d6be0242,118845,https://m.dcinside.com/board/pokemoncardgame/118845,벨 블레이매트 판매합니다,seller-f70be360dfffb0f808549dec,나빙,registered,loadScript ' t,loadScript ' t,loadScript('//t,,,unknown,미분류,1,1,10000,estimated,bundle,text,unknown,,active,needs_review,needs_review,"가격 단위 추정, 복수 카드 가격, 배송비 포함 여부 미확정, 묶음·세트 총액 · 개별 카드 가격 아님",estimated,no,no,"loadScript('//t1.kakaocdn.net/kas/static/ba.min.js', true);"
a2a649212fbb79d16a8786f7,pokemoncardgame,포켓몬 카드게임,2026-07,2026-07-19T07:23:40+09:00,known,78b59cef4103e58177b05b5a,a2a649212fbb79d16a8786f7,118845,https://m.dcinside.com/board/pokemoncardgame/118845,벨 블레이매트 판매합니다,seller-f70be360dfffb0f808549dec,나빙,registered,loadScript ' t,loadScript ' t,loadScript('//t,,,unknown,미분류,1,1,10000,estimated,bundle,text,unknown,,active,needs_review,needs_review,"가격 단위 추정, 복수 카드 가격, 배송비 포함 여부 미확정, 묶음·세트 총액 · 개별 카드 가격 아님",estimated,no,no,"loadScript('//t1.kakaocdn.net/kas/static/ba.min.js', true);"
bfba57850370ffaec2874def,pokemoncardgame,포켓몬 카드게임,2026-07,2026-07-19T07:23:40+09:00,known,5be1816e2991d6cb1203d704,bfba57850370ffaec2874def,118845,https://m.dcinside.com/board/pokemoncardgame/118845,벨 블레이매트 판매합니다,seller-f70be360dfffb0f808549dec,나빙,registered,loadScript 'https pagead,loadScript 'https pagead,loadScript('https://pagead,,,unknown,미분류,1,2,20000,estimated,bundle,text,unknown,,active,needs_review,needs_review,"가격 단위 추정, 복수 카드 가격, 배송비 포함 여부 미확정, 묶음·세트 총액 · 개별 카드 가격 아님",estimated,no,no,"loadScript('https://pagead2.googlesyndication.com/pagead/js/adsbygoogle_direct.js?client=ca-pub-8171468792791627', true, 'anonymous');"
c50aeb9d03711ed953ae4fc3,pokemoncardgame,포켓몬 카드게임,2026-07,2026-07-19T07:23:40+09:00,known,66a0d0fee4da5516d8bdb681,c50aeb9d03711ed953ae4fc3,118845,https://m.dcinside.com/board/pokemoncardgame/118845,벨 블레이매트 판매합니다,seller-f70be360dfffb0f808549dec,나빙,registered,벨 플레이 매트,벨 플레이 매트,벨 플레이 매트,,,unknown,미분류,1,2.0,20000,estimated,per_card,text,included,2000,active,needs_review,needs_review,가격 단위 추정,estimated,yes,candidate_estimated,벨 플레이 매트 택포 2.0에 판매합니다
c6891d78c02709292f9e61f1,pokemoncardgame,포켓몬 카드게임,2026-07,2026-07-19T07:23:40+09:00,known,5be1816e2991d6cb1203d704,c6891d78c02709292f9e61f1,118845,https://m.dcinside.com/board/pokemoncardgame/118845,벨 블레이매트 판매합니다,seller-f70be360dfffb0f808549dec,나빙,registered,벨 플레이 매트,벨 플레이 매트,벨 플레이 매트,,,unknown,미분류,1,2.0,20000,estimated,per_card,text,included,2000,active,needs_review,needs_review,가격 단위 추정,estimated,yes,candidate_estimated,벨 플레이 매트 택포 2.0에 판매합니다
cc4fcc0f84314143e9ff9de7,pokemoncardgame,포켓몬 카드게임,2026-07,2026-07-19T07:23:40+09:00,known,5be1816e2991d6cb1203d704,cc4fcc0f84314143e9ff9de7,118845,https://m.dcinside.com/board/pokemoncardgame/118845,벨 블레이매트 판매합니다,seller-f70be360dfffb0f808549dec,나빙,registered,loadScript ' t,loadScript ' t,loadScript('//t,,,unknown,미분류,1,1,10000,estimated,bundle,text,unknown,,active,needs_review,needs_review,"가격 단위 추정, 복수 카드 가격, 배송비 포함 여부 미확정, 묶음·세트 총액 · 개별 카드 가격 아님",estimated,no,no,"loadScript('//t1.kakaocdn.net/kas/static/ba.min.js', true);"
e8d88bca88668ec8af136d4d,pokemoncardgame,포켓몬 카드게임,2026-07,2026-07-19T07:23:40+09:00,known,66a0d0fee4da5516d8bdb681,e8d88bca88668ec8af136d4d,118845,https://m.dcinside.com/board/pokemoncardgame/118845,벨 블레이매트 판매합니다,seller-f70be360dfffb0f808549dec,나빙,registered,loadScript 'https pagead,loadScript 'https pagead,loadScript('https://pagead,,,unknown,미분류,1,2,20000,estimated,bundle,text,unknown,,active,needs_review,needs_review,"가격 단위 추정, 복수 카드 가격, 배송비 포함 여부 미확정, 묶음·세트 총액 · 개별 카드 가격 아님",estimated,no,no,"loadScript('https://pagead2.googlesyndication.com/pagead/js/adsbygoogle_direct.js?client=ca-pub-8171468792791627', true, 'anonymous');"
f2f4f9660663aeb05a5079fa,pokemoncardgame,포켓몬 카드게임,2026-07,2026-07-19T07:23:40+09:00,known,66a0d0fee4da5516d8bdb681,f2f4f9660663aeb05a5079fa,118845,https://m.dcinside.com/board/pokemoncardgame/118845,벨 블레이매트 판매합니다,seller-f70be360dfffb0f808549dec,나빙,registered,loadScript ' t,loadScript ' t,loadScript('//t,,,unknown,미분류,1,1,10000,estimated,bundle,text,unknown,,active,needs_review,needs_review,"가격 단위 추정, 복수 카드 가격, 배송비 포함 여부 미확정, 묶음·세트 총액 · 개별 카드 가격 아님",estimated,no,no,"loadScript('//t1.kakaocdn.net/kas/static/ba.min.js', true);"
f8e8d17968589d71ef9d9f4e,pokemoncardgame,포켓몬 카드게임,2026-07,2026-07-19T07:23:40+09:00,known,78b59cef4103e58177b05b5a,f8e8d17968589d71ef9d9f4e,118845,https://m.dcinside.com/board/pokemoncardgame/118845,벨 블레이매트 판매합니다,seller-f70be360dfffb0f808549dec,나빙,registered,loadScript 'https pagead,loadScript 'https pagead,loadScript('https://pagead,,,unknown,미분류,1,2,20000,estimated,bundle,text,unknown,,active,needs_review,needs_review,"가격 단위 추정, 복수 카드 가격, 배송비 포함 여부 미확정, 묶음·세트 총액 · 개별 카드 가격 아님",estimated,no,no,"loadScript('https://pagead2.googlesyndication.com/pagead/js/adsbygoogle_direct.js?client=ca-pub-8171468792791627', true, 'anonymous');"
ffa02c79aa93b180c067de80,pokemoncardgame,포켓몬 카드게임,2026-07,2026-07-19T07:23:40+09:00,known,78b59cef4103e58177b05b5a,ffa02c79aa93b180c067de80,118845,https://m.dcinside.com/board/pokemoncardgame/118845,벨 블레이매트 판매합니다,seller-f70be360dfffb0f808549dec,나빙,registered,DOM 삽입 헬퍼 현재 스크립트 위치 기준,DOM 삽입 헬퍼 현재 스크립트 위치 기준,// ---- DOM 삽입 헬퍼 (현재 스크립트 위치 기준,,,unknown,미분류,1,1,10000,estimated,bundle,text,unknown,,active,needs_review,needs_review,"가격 단위 추정, 복수 카드 가격, 배송비 포함 여부 미확정, 묶음·세트 총액 · 개별 카드 가격 아님",estimated,no,no,// ---- DOM 삽입 헬퍼 (현재 스크립트 위치 기준1)
006579449012b82df08017ae,pokemoncardgame,포켓몬 카드게임,2026-07,2026-07-19T09:12:05+09:00,known,06d3b0d242096f451a4ba283,006579449012b82df08017ae,118847,https://m.dcinside.com/board/pokemoncardgame/118847,"각종 덱소스 (주로 테라스탈, 초전, 메가드림) 판매함",seller-51447db26eeb90b0124d315b,포갤러,registered,DOM 삽입 헬퍼 현재 스크립트 위치 기준,DOM 삽입 헬퍼 현재 스크립트 위치 기준,// ---- DOM 삽입 헬퍼 (현재 스크립트 위치 기준,,,unknown,미분류,1,1,10000,estimated,bundle,text,unknown,,active,needs_review,needs_review,"가격 단위 추정, 복수 카드 가격, 배송비 포함 여부 미확정, 묶음·세트 총액 · 개별 카드 가격 아님",estimated,no,no,// ---- DOM 삽입 헬퍼 (현재 스크립트 위치 기준1)
03c06b65b9b33c93c8817060,pokemoncardgame,포켓몬 카드게임,2026-07,2026-07-19T09:12:05+09:00,known,8b4e87f05f325e52acfd1f9f,03c06b65b9b33c93c8817060,118847,https://m.dcinside.com/board/pokemoncardgame/118847,"각종 덱소스 (주로 테라스탈, 초전, 메가드림) 판매함",seller-51447db26eeb90b0124d315b,포갤러,registered,시아노 sr x1,시아노 sr x1,시아노 sr x1/,,,unknown,미분류,1,0.4,4000,estimated,bundle,text,unknown,,active,needs_review,needs_review,"가격 단위 추정, 복수 카드 가격, 배송비 포함 여부 미확정, 묶음·세트 총액 · 개별 카드 가격 아님",estimated,no,no,시아노 sr x1/ 0.4
06146d286bf0e84cb205488b,pokemoncardgame,포켓몬 카드게임,2026-07,2026-07-19T09:12:05+09:00,known,06d3b0d242096f451a4ba283,06146d286bf0e84cb205488b,118847,https://m.dcinside.com/board/pokemoncardgame/118847,"각종 덱소스 (주로 테라스탈, 초전, 메가드림) 판매함",seller-51447db26eeb90b0124d315b,포갤러,registered,이외 트레이너,이외 트레이너,이외 트레이너 개당,,,unknown,미분류,1,0.03,300,estimated,per_card,text,unknown,,active,needs_review,needs_review,"가격 단위 추정, 배송비 포함 여부 미확정",estimated,yes,candidate_estimated,이외 트레이너 개당 0.03
08f0ca1728884388ce2a2db3,pokemoncardgame,포켓몬 카드게임,2026-07,2026-07-19T09:12:05+09:00,known,06d3b0d242096f451a4ba283,08f0ca1728884388ce2a2db3,118847,https://m.dcinside.com/board/pokemoncardgame/118847,"각종 덱소스 (주로 테라스탈, 초전, 메가드림) 판매함",seller-51447db26eeb90b0124d315b,포갤러,registered,밤의 들것 x9,밤의 들것 x9,밤의 들것 x9/ 개당,,,unknown,미분류,1,0.05,500,estimated,bundle,text,unknown,,active,needs_review,needs_review,"가격 단위 추정, 복수 카드 가격, 배송비 포함 여부 미확정, 묶음·세트 총액 · 개별 카드 가격 아님",estimated,no,no,밤의 들것 x9/ 개당 0.05
0de598e2e26a262bf2bd16cd,pokemoncardgame,포켓몬 카드게임,2026-07,2026-07-19T09:12:05+09:00,known,8b4e87f05f325e52acfd1f9f,0de598e2e26a262bf2bd16cd,118847,https://m.dcinside.com/board/pokemoncardgame/118847,"각종 덱소스 (주로 테라스탈, 초전, 메가드림) 판매함",seller-51447db26eeb90b0124d315b,포갤러,registered,릴리에의 결심 x3,릴리에의 결심 x3,릴리에의 결심 x3/ 개당,,,unknown,미분류,1,0.05,500,estimated,bundle,text,unknown,,active,needs_review,needs_review,"가격 단위 추정, 복수 카드 가격, 배송비 포함 여부 미확정, 묶음·세트 총액 · 개별 카드 가격 아님",estimated,no,no,릴리에의 결심 x3/ 개당 0.05
0e2744650bd258be73c9eff7,pokemoncardgame,포켓몬 카드게임,2026-07,2026-07-19T09:12:05+09:00,known,8b4e87f05f325e52acfd1f9f,0e2744650bd258be73c9eff7,118847,https://m.dcinside.com/board/pokemoncardgame/118847,"각종 덱소스 (주로 테라스탈, 초전, 메가드림) 판매함",seller-51447db26eeb90b0124d315b,포갤러,registered,하솔 x3,하솔 x3,하솔 x3/ 개당,,,unknown,미분류,1,0.4,4000,estimated,bundle,text,unknown,,active,needs_review,needs_review,"가격 단위 추정, 복수 카드 가격, 배송비 포함 여부 미확정, 묶음·세트 총액 · 개별 카드 가격 아님",estimated,no,no,하솔 x3/ 개당 0.4
1059637ed0ab5fcdd043693e,pokemoncardgame,포켓몬 카드게임,2026-07,2026-07-19T09:12:05+09:00,known,55a9f7e9c8c848a774603a8d,1059637ed0ab5fcdd043693e,118847,https://m.dcinside.com/board/pokemoncardgame/118847,"각종 덱소스 (주로 테라스탈, 초전, 메가드림) 판매함",seller-51447db26eeb90b0124d315b,포갤러,registered,시아노 x4,시아노 x4,시아노 x4/ 개당,,,unknown,미분류,1,0.25,2500,estimated,bundle,text,unknown,,active,needs_review,needs_review,"가격 단위 추정, 복수 카드 가격, 배송비 포함 여부 미확정, 묶음·세트 총액 · 개별 카드 가격 아님",estimated,no,no,시아노 x4/ 개당 0.25
11f7e860b5871495a654127c,pokemoncardgame,포켓몬 카드게임,2026-07,2026-07-19T09:12:05+09:00,known,55a9f7e9c8c848a774603a8d,11f7e860b5871495a654127c,118847,https://m.dcinside.com/board/pokemoncardgame/118847,"각종 덱소스 (주로 테라스탈, 초전, 메가드림) 판매함",seller-51447db26eeb90b0124d315b,포갤러,registered,시아노 sr x1,시아노 sr x1,시아노 sr x1/,,,unknown,미분류,1,0.4,4000,estimated,bundle,text,unknown,,active,needs_review,needs_review,"가격 단위 추정, 복수 카드 가격, 배송비 포함 여부 미확정, 묶음·세트 총액 · 개별 카드 가격 아님",estimated,no,no,시아노 sr x1/ 0.4
204573dd849a562fab6e3686,pokemoncardgame,포켓몬 카드게임,2026-07,2026-07-19T09:12:05+09:00,known,55a9f7e9c8c848a774603a8d,204573dd849a562fab6e3686,118847,https://m.dcinside.com/board/pokemoncardgame/118847,"각종 덱소스 (주로 테라스탈, 초전, 메가드림) 판매함",seller-51447db26eeb90b0124d315b,포갤러,registered,절친 포핀 x,절친 포핀 x,절친 포핀 x 7/ 개당,,,unknown,미분류,1,0.05,500,estimated,bundle,text,unknown,,active,needs_review,needs_review,"가격 단위 추정, 복수 카드 가격, 배송비 포함 여부 미확정, 묶음·세트 총액 · 개별 카드 가격 아님",estimated,no,no,절친 포핀 x 7/ 개당 0.05
2931cc832b32ee9ef4cc6931,pokemoncardgame,포켓몬 카드게임,2026-07,2026-07-19T09:12:05+09:00,known,8b4e87f05f325e52acfd1f9f,2931cc832b32ee9ef4cc6931,118847,https://m.dcinside.com/board/pokemoncardgame/118847,"각종 덱소스 (주로 테라스탈, 초전, 메가드림) 판매함",seller-51447db26eeb90b0124d315b,포갤러,registered,시아노 x4,시아노 x4,시아노 x4/ 개당,,,unknown,미분류,1,0.25,2500,estimated,bundle,text,unknown,,active,needs_review,needs_review,"가격 단위 추정, 복수 카드 가격, 배송비 포함 여부 미확정, 묶음·세트 총액 · 개별 카드 가격 아님",estimated,no,no,시아노 x4/ 개당 0.25
2fa2d877f992f5f69de2fa7c,pokemoncardgame,포켓몬 카드게임,2026-07,2026-07-19T09:12:05+09:00,known,1adbd74df72051ce4fea9169,2fa2d877f992f5f69de2fa7c,118847,https://m.dcinside.com/board/pokemoncardgame/118847,"각종 덱소스 (주로 테라스탈, 초전, 메가드림) 판매함",seller-51447db26eeb90b0124d315b,포갤러,registered,시아노 sr x1,시아노 sr x1,시아노 sr x1/,,,unknown,미분류,1,0.4,4000,estimated,bundle,text,unknown,,active,needs_review,needs_review,"가격 단위 추정, 복수 카드 가격, 배송비 포함 여부 미확정, 묶음·세트 총액 · 개별 카드 가격 아님",estimated,no,no,시아노 sr x1/ 0.4
31549b970b364f02c90ab5ed,pokemoncardgame,포켓몬 카드게임,2026-07,2026-07-19T09:12:05+09:00,known,1adbd74df72051ce4fea9169,31549b970b364f02c90ab5ed,118847,https://m.dcinside.com/board/pokemoncardgame/118847,"각종 덱소스 (주로 테라스탈, 초전, 메가드림) 판매함",seller-51447db26eeb90b0124d315b,포갤러,registered,스레카 x1,스레카 x1,스레카 x1/ 개당,,,unknown,미분류,1,0.15,1500,estimated,bundle,text,unknown,,active,needs_review,needs_review,"가격 단위 추정, 복수 카드 가격, 배송비 포함 여부 미확정, 묶음·세트 총액 · 개별 카드 가격 아님",estimated,no,no,스레카 x1/ 개당 0.15
374d76365119743a720463fb,pokemoncardgame,포켓몬 카드게임,2026-07,2026-07-19T09:12:05+09:00,known,8b4e87f05f325e52acfd1f9f,374d76365119743a720463fb,118847,https://m.dcinside.com/board/pokemoncardgame/118847,"각종 덱소스 (주로 테라스탈, 초전, 메가드림) 판매함",seller-51447db26eeb90b0124d315b,포갤러,registered,var safe = window.dcAd && window.dcAd.safe ==,var safe = window.dcAd && window.dcAd.safe ==,var safe = (window.dcAd && window.dcAd.safe ==,,,unknown,미분류,1,1,10000,estimated,bundle,text,unknown,,active,needs_review,needs_review,"가격 단위 추정, 복수 카드 가격, 배송비 포함 여부 미확정, 묶음·세트 총액 · 개별 카드 가격 아님",estimated,no,no,var safe = (window.dcAd && window.dcAd.safe == 1)
40ad35344d4cc0f548e9b009,pokemoncardgame,포켓몬 카드게임,2026-07,2026-07-19T09:12:05+09:00,known,06d3b0d242096f451a4ba283,40ad35344d4cc0f548e9b009,118847,https://m.dcinside.com/board/pokemoncardgame/118847,"각종 덱소스 (주로 테라스탈, 초전, 메가드림) 판매함",seller-51447db26eeb90b0124d315b,포갤러,registered,loadScript ' t,loadScript ' t,loadScript('//t,,,unknown,미분류,1,1,10000,estimated,bundle,text,unknown,,active,needs_review,needs_review,"가격 단위 추정, 복수 카드 가격, 배송비 포함 여부 미확정, 묶음·세트 총액 · 개별 카드 가격 아님",estimated,no,no,"loadScript('//t1.kakaocdn.net/kas/static/ba.min.js', true);"
4e550bbec8962c6617d1d162,pokemoncardgame,포켓몬 카드게임,2026-07,2026-07-19T09:12:05+09:00,known,1adbd74df72051ce4fea9169,4e550bbec8962c6617d1d162,118847,https://m.dcinside.com/board/pokemoncardgame/118847,"각종 덱소스 (주로 테라스탈, 초전, 메가드림) 판매함",seller-51447db26eeb90b0124d315b,포갤러,registered,밤의 들것 x9,밤의 들것 x9,밤의 들것 x9/ 개당,,,unknown,미분류,1,0.05,500,estimated,bundle,text,unknown,,active,needs_review,needs_review,"가격 단위 추정, 복수 카드 가격, 배송비 포함 여부 미확정, 묶음·세트 총액 · 개별 카드 가격 아님",estimated,no,no,밤의 들것 x9/ 개당 0.05
4f9003861dff81ae0ff5aa27,pokemoncardgame,포켓몬 카드게임,2026-07,2026-07-19T09:12:05+09:00,known,1adbd74df72051ce4fea9169,4f9003861dff81ae0ff5aa27,118847,https://m.dcinside.com/board/pokemoncardgame/118847,"각종 덱소스 (주로 테라스탈, 초전, 메가드림) 판매함",seller-51447db26eeb90b0124d315b,포갤러,registered,var safe = window.dcAd && window.dcAd.safe ==,var safe = window.dcAd && window.dcAd.safe ==,var safe = (window.dcAd && window.dcAd.safe ==,,,unknown,미분류,1,1,10000,estimated,bundle,text,unknown,,active,needs_review,needs_review,"가격 단위 추정, 복수 카드 가격, 배송비 포함 여부 미확정, 묶음·세트 총액 · 개별 카드 가격 아님",estimated,no,no,var safe = (window.dcAd && window.dcAd.safe == 1)
51026de25c8507aa7faf8314,pokemoncardgame,포켓몬 카드게임,2026-07,2026-07-19T09:12:05+09:00,known,1adbd74df72051ce4fea9169,51026de25c8507aa7faf8314,118847,https://m.dcinside.com/board/pokemoncardgame/118847,"각종 덱소스 (주로 테라스탈, 초전, 메가드림) 판매함",seller-51447db26eeb90b0124d315b,포갤러,registered,loadScript ' t,loadScript ' t,loadScript('//t,,,unknown,미분류,1,1,10000,estimated,bundle,text,unknown,,active,needs_review,needs_review,"가격 단위 추정, 복수 카드 가격, 배송비 포함 여부 미확정, 묶음·세트 총액 · 개별 카드 가격 아님",estimated,no,no,"loadScript('//t1.kakaocdn.net/kas/static/ba.min.js', true);"
530bd9e0029bf8a967dca6ed,pokemoncardgame,포켓몬 카드게임,2026-07,2026-07-19T09:12:05+09:00,known,8b4e87f05f325e52acfd1f9f,530bd9e0029bf8a967dca6ed,118847,https://m.dcinside.com/board/pokemoncardgame/118847,"각종 덱소스 (주로 테라스탈, 초전, 메가드림) 판매함",seller-51447db26eeb90b0124d315b,포갤러,registered,밤의 들것 x9,밤의 들것 x9,밤의 들것 x9/ 개당,,,unknown,미분류,1,0.05,500,estimated,bundle,text,unknown,,active,needs_review,needs_review,"가격 단위 추정, 복수 카드 가격, 배송비 포함 여부 미확정, 묶음·세트 총액 · 개별 카드 가격 아님",estimated,no,no,밤의 들것 x9/ 개당 0.05
54085d85ea04c1b77598fbde,pokemoncardgame,포켓몬 카드게임,2026-07,2026-07-19T09:12:05+09:00,known,55a9f7e9c8c848a774603a8d,54085d85ea04c1b77598fbde,118847,https://m.dcinside.com/board/pokemoncardgame/118847,"각종 덱소스 (주로 테라스탈, 초전, 메가드림) 판매함",seller-51447db26eeb90b0124d315b,포갤러,registered,loadScript 'https pagead,loadScript 'https pagead,loadScript('https://pagead,,,unknown,미분류,1,2,20000,estimated,bundle,text,unknown,,active,needs_review,needs_review,"가격 단위 추정, 복수 카드 가격, 배송비 포함 여부 미확정, 묶음·세트 총액 · 개별 카드 가격 아님",estimated,no,no,"loadScript('https://pagead2.googlesyndication.com/pagead/js/adsbygoogle_direct.js?client=ca-pub-8171468792791627', true, 'anonymous');"
54b0060676af54773d7f5559,pokemoncardgame,포켓몬 카드게임,2026-07,2026-07-19T09:12:05+09:00,known,06d3b0d242096f451a4ba283,54b0060676af54773d7f5559,118847,https://m.dcinside.com/board/pokemoncardgame/118847,"각종 덱소스 (주로 테라스탈, 초전, 메가드림) 판매함",seller-51447db26eeb90b0124d315b,포갤러,registered,스레카 sr x2,스레카 sr x2,스레카 sr x2/ 개당,,,unknown,미분류,1,0.3,3000,estimated,bundle,text,unknown,,active,needs_review,needs_review,"가격 단위 추정, 복수 카드 가격, 배송비 포함 여부 미확정, 묶음·세트 총액 · 개별 카드 가격 아님",estimated,no,no,스레카 sr x2/ 개당 0.3
563a34aebdb3efd41f378c86,pokemoncardgame,포켓몬 카드게임,2026-07,2026-07-19T09:12:05+09:00,known,8b4e87f05f325e52acfd1f9f,563a34aebdb3efd41f378c86,118847,https://m.dcinside.com/board/pokemoncardgame/118847,"각종 덱소스 (주로 테라스탈, 초전, 메가드림) 판매함",seller-51447db26eeb90b0124d315b,포갤러,registered,절친 포핀 x,절친 포핀 x,절친 포핀 x 7/ 개당,,,unknown,미분류,1,0.05,500,estimated,bundle,text,unknown,,active,needs_review,needs_review,"가격 단위 추정, 복수 카드 가격, 배송비 포함 여부 미확정, 묶음·세트 총액 · 개별 카드 가격 아님",estimated,no,no,절친 포핀 x 7/ 개당 0.05
63259a55fbe7794d6d79d3af,pokemoncardgame,포켓몬 카드게임,2026-07,2026-07-19T09:12:05+09:00,known,8b4e87f05f325e52acfd1f9f,63259a55fbe7794d6d79d3af,118847,https://m.dcinside.com/board/pokemoncardgame/118847,"각종 덱소스 (주로 테라스탈, 초전, 메가드림) 판매함",seller-51447db26eeb90b0124d315b,포갤러,registered,loadScript 'https pagead,loadScript 'https pagead,loadScript('https://pagead,,,unknown,미분류,1,2,20000,estimated,bundle,text,unknown,,active,needs_review,needs_review,"가격 단위 추정, 복수 카드 가격, 배송비 포함 여부 미확정, 묶음·세트 총액 · 개별 카드 가격 아님",estimated,no,no,"loadScript('https://pagead2.googlesyndication.com/pagead/js/adsbygoogle_direct.js?client=ca-pub-8171468792791627', true, 'anonymous');"
63cd741bf76680ff45117576,pokemoncardgame,포켓몬 카드게임,2026-07,2026-07-19T09:12:05+09:00,known,1adbd74df72051ce4fea9169,63cd741bf76680ff45117576,118847,https://m.dcinside.com/board/pokemoncardgame/118847,"각종 덱소스 (주로 테라스탈, 초전, 메가드림) 판매함",seller-51447db26eeb90b0124d315b,포갤러,registered,loadScript 'https pagead,loadScript 'https pagead,loadScript('https://pagead,,,unknown,미분류,1,2,20000,estimated,bundle,text,unknown,,active,needs_review,needs_review,"가격 단위 추정, 복수 카드 가격, 배송비 포함 여부 미확정, 묶음·세트 총액 · 개별 카드 가격 아님",estimated,no,no,"loadScript('https://pagead2.googlesyndication.com/pagead/js/adsbygoogle_direct.js?client=ca-pub-8171468792791627', true, 'anonymous');"
641cf3d9d98c3555bdbada87,pokemoncardgame,포켓몬 카드게임,2026-07,2026-07-19T09:12:05+09:00,known,06d3b0d242096f451a4ba283,641cf3d9d98c3555bdbada87,118847,https://m.dcinside.com/board/pokemoncardgame/118847,"각종 덱소스 (주로 테라스탈, 초전, 메가드림) 판매함",seller-51447db26eeb90b0124d315b,포갤러,registered,하솔 x3,하솔 x3,하솔 x3/ 개당,,,unknown,미분류,1,0.4,4000,estimated,bundle,text,unknown,,active,needs_review,needs_review,"가격 단위 추정, 복수 카드 가격, 배송비 포함 여부 미확정, 묶음·세트 총액 · 개별 카드 가격 아님",estimated,no,no,하솔 x3/ 개당 0.4
6d52fd7af2b89abaab773591,pokemoncardgame,포켓몬 카드게임,2026-07,2026-07-19T09:12:05+09:00,known,1adbd74df72051ce4fea9169,6d52fd7af2b89abaab773591,118847,https://m.dcinside.com/board/pokemoncardgame/118847,"각종 덱소스 (주로 테라스탈, 초전, 메가드림) 판매함",seller-51447db26eeb90b0124d315b,포갤러,registered,DOM 삽입 헬퍼 현재 스크립트 위치 기준,DOM 삽입 헬퍼 현재 스크립트 위치 기준,// ---- DOM 삽입 헬퍼 (현재 스크립트 위치 기준,,,unknown,미분류,1,1,10000,estimated,bundle,text,unknown,,active,needs_review,needs_review,"가격 단위 추정, 복수 카드 가격, 배송비 포함 여부 미확정, 묶음·세트 총액 · 개별 카드 가격 아님",estimated,no,no,// ---- DOM 삽입 헬퍼 (현재 스크립트 위치 기준1)
79e218ea33f13a125759c04d,pokemoncardgame,포켓몬 카드게임,2026-07,2026-07-19T09:12:05+09:00,known,8b4e87f05f325e52acfd1f9f,79e218ea33f13a125759c04d,118847,https://m.dcinside.com/board/pokemoncardgame/118847,"각종 덱소스 (주로 테라스탈, 초전, 메가드림) 판매함",seller-51447db26eeb90b0124d315b,포갤러,registered,스레카 sr x2,스레카 sr x2,스레카 sr x2/ 개당,,,unknown,미분류,1,0.3,3000,estimated,bundle,text,unknown,,active,needs_review,needs_review,"가격 단위 추정, 복수 카드 가격, 배송비 포함 여부 미확정, 묶음·세트 총액 · 개별 카드 가격 아님",estimated,no,no,스레카 sr x2/ 개당 0.3
811319d838e5a2cb6a5ff187,pokemoncardgame,포켓몬 카드게임,2026-07,2026-07-19T09:12:05+09:00,known,06d3b0d242096f451a4ba283,811319d838e5a2cb6a5ff187,118847,https://m.dcinside.com/board/pokemoncardgame/118847,"각종 덱소스 (주로 테라스탈, 초전, 메가드림) 판매함",seller-51447db26eeb90b0124d315b,포갤러,registered,스레카 x1,스레카 x1,스레카 x1/ 개당,,,unknown,미분류,1,0.15,1500,estimated,bundle,text,unknown,,active,needs_review,needs_review,"가격 단위 추정, 복수 카드 가격, 배송비 포함 여부 미확정, 묶음·세트 총액 · 개별 카드 가격 아님",estimated,no,no,스레카 x1/ 개당 0.15
835675f1d74da182d8c3638e,pokemoncardgame,포켓몬 카드게임,2026-07,2026-07-19T09:12:05+09:00,known,06d3b0d242096f451a4ba283,835675f1d74da182d8c3638e,118847,https://m.dcinside.com/board/pokemoncardgame/118847,"각종 덱소스 (주로 테라스탈, 초전, 메가드림) 판매함",seller-51447db26eeb90b0124d315b,포갤러,registered,loadScript 'https pagead,loadScript 'https pagead,loadScript('https://pagead,,,unknown,미분류,1,2,20000,estimated,bundle,text,unknown,,active,needs_review,needs_review,"가격 단위 추정, 복수 카드 가격, 배송비 포함 여부 미확정, 묶음·세트 총액 · 개별 카드 가격 아님",estimated,no,no,"loadScript('https://pagead2.googlesyndication.com/pagead/js/adsbygoogle_direct.js?client=ca-pub-8171468792791627', true, 'anonymous');"
84df21ec4a694533dfb740a4,pokemoncardgame,포켓몬 카드게임,2026-07,2026-07-19T09:12:05+09:00,known,55a9f7e9c8c848a774603a8d,84df21ec4a694533dfb740a4,118847,https://m.dcinside.com/board/pokemoncardgame/118847,"각종 덱소스 (주로 테라스탈, 초전, 메가드림) 판매함",seller-51447db26eeb90b0124d315b,포갤러,registered,DOM 삽입 헬퍼 현재 스크립트 위치 기준,DOM 삽입 헬퍼 현재 스크립트 위치 기준,// ---- DOM 삽입 헬퍼 (현재 스크립트 위치 기준,,,unknown,미분류,1,1,10000,estimated,bundle,text,unknown,,active,needs_review,needs_review,"가격 단위 추정, 복수 카드 가격, 배송비 포함 여부 미확정, 묶음·세트 총액 · 개별 카드 가격 아님",estimated,no,no,// ---- DOM 삽입 헬퍼 (현재 스크립트 위치 기준1)
865b6a2beacb2275704f4dd1,pokemoncardgame,포켓몬 카드게임,2026-07,2026-07-19T09:12:05+09:00,known,1adbd74df72051ce4fea9169,865b6a2beacb2275704f4dd1,118847,https://m.dcinside.com/board/pokemoncardgame/118847,"각종 덱소스 (주로 테라스탈, 초전, 메가드림) 판매함",seller-51447db26eeb90b0124d315b,포갤러,registered,릴리에의 결심 x3,릴리에의 결심 x3,릴리에의 결심 x3/ 개당,,,unknown,미분류,1,0.05,500,estimated,bundle,text,unknown,,active,needs_review,needs_review,"가격 단위 추정, 복수 카드 가격, 배송비 포함 여부 미확정, 묶음·세트 총액 · 개별 카드 가격 아님",estimated,no,no,릴리에의 결심 x3/ 개당 0.05
948f3e64a905cf391842ba48,pokemoncardgame,포켓몬 카드게임,2026-07,2026-07-19T09:12:05+09:00,known,06d3b0d242096f451a4ba283,948f3e64a905cf391842ba48,118847,https://m.dcinside.com/board/pokemoncardgame/118847,"각종 덱소스 (주로 테라스탈, 초전, 메가드림) 판매함",seller-51447db26eeb90b0124d315b,포갤러,registered,var safe = window.dcAd && window.dcAd.safe ==,var safe = window.dcAd && window.dcAd.safe ==,var safe = (window.dcAd && window.dcAd.safe ==,,,unknown,미분류,1,1,10000,estimated,bundle,text,unknown,,active,needs_review,needs_review,"가격 단위 추정, 복수 카드 가격, 배송비 포함 여부 미확정, 묶음·세트 총액 · 개별 카드 가격 아님",estimated,no,no,var safe = (window.dcAd && window.dcAd.safe == 1)
9a551d5194ab3c0080389ac3,pokemoncardgame,포켓몬 카드게임,2026-07,2026-07-19T09:12:05+09:00,known,8b4e87f05f325e52acfd1f9f,9a551d5194ab3c0080389ac3,118847,https://m.dcinside.com/board/pokemoncardgame/118847,"각종 덱소스 (주로 테라스탈, 초전, 메가드림) 판매함",seller-51447db26eeb90b0124d315b,포갤러,registered,스레카 x1,스레카 x1,스레카 x1/ 개당,,,unknown,미분류,1,0.15,1500,estimated,bundle,text,unknown,,active,needs_review,needs_review,"가격 단위 추정, 복수 카드 가격, 배송비 포함 여부 미확정, 묶음·세트 총액 · 개별 카드 가격 아님",estimated,no,no,스레카 x1/ 개당 0.15
9c319d04b646cf969e2b8278,pokemoncardgame,포켓몬 카드게임,2026-07,2026-07-19T09:12:05+09:00,known,55a9f7e9c8c848a774603a8d,9c319d04b646cf969e2b8278,118847,https://m.dcinside.com/board/pokemoncardgame/118847,"각종 덱소스 (주로 테라스탈, 초전, 메가드림) 판매함",seller-51447db26eeb90b0124d315b,포갤러,registered,하솔 x3,하솔 x3,하솔 x3/ 개당,,,unknown,미분류,1,0.4,4000,estimated,bundle,text,unknown,,active,needs_review,needs_review,"가격 단위 추정, 복수 카드 가격, 배송비 포함 여부 미확정, 묶음·세트 총액 · 개별 카드 가격 아님",estimated,no,no,하솔 x3/ 개당 0.4
9e96f813b3ae2ee6d3358c3e,pokemoncardgame,포켓몬 카드게임,2026-07,2026-07-19T09:12:05+09:00,known,55a9f7e9c8c848a774603a8d,9e96f813b3ae2ee6d3358c3e,118847,https://m.dcinside.com/board/pokemoncardgame/118847,"각종 덱소스 (주로 테라스탈, 초전, 메가드림) 판매함",seller-51447db26eeb90b0124d315b,포갤러,registered,loadScript ' t,loadScript ' t,loadScript('//t,,,unknown,미분류,1,1,10000,estimated,bundle,text,unknown,,active,needs_review,needs_review,"가격 단위 추정, 복수 카드 가격, 배송비 포함 여부 미확정, 묶음·세트 총액 · 개별 카드 가격 아님",estimated,no,no,"loadScript('//t1.kakaocdn.net/kas/static/ba.min.js', true);"
a4c97e5cd86ea89782999a5b,pokemoncardgame,포켓몬 카드게임,2026-07,2026-07-19T09:12:05+09:00,known,1adbd74df72051ce4fea9169,a4c97e5cd86ea89782999a5b,118847,https://m.dcinside.com/board/pokemoncardgame/118847,"각종 덱소스 (주로 테라스탈, 초전, 메가드림) 판매함",seller-51447db26eeb90b0124d315b,포갤러,registered,스레카 sr x2,스레카 sr x2,스레카 sr x2/ 개당,,,unknown,미분류,1,0.3,3000,estimated,bundle,text,unknown,,active,needs_review,needs_review,"가격 단위 추정, 복수 카드 가격, 배송비 포함 여부 미확정, 묶음·세트 총액 · 개별 카드 가격 아님",estimated,no,no,스레카 sr x2/ 개당 0.3
a7a55dc81cd946a52919421c,pokemoncardgame,포켓몬 카드게임,2026-07,2026-07-19T09:12:05+09:00,known,8b4e87f05f325e52acfd1f9f,a7a55dc81cd946a52919421c,118847,https://m.dcinside.com/board/pokemoncardgame/118847,"각종 덱소스 (주로 테라스탈, 초전, 메가드림) 판매함",seller-51447db26eeb90b0124d315b,포갤러,registered,DOM 삽입 헬퍼 현재 스크립트 위치 기준,DOM 삽입 헬퍼 현재 스크립트 위치 기준,// ---- DOM 삽입 헬퍼 (현재 스크립트 위치 기준,,,unknown,미분류,1,1,10000,estimated,bundle,text,unknown,,active,needs_review,needs_review,"가격 단위 추정, 복수 카드 가격, 배송비 포함 여부 미확정, 묶음·세트 총액 · 개별 카드 가격 아님",estimated,no,no,// ---- DOM 삽입 헬퍼 (현재 스크립트 위치 기준1)
ad57fbec6f86136b9fffba42,pokemoncardgame,포켓몬 카드게임,2026-07,2026-07-19T09:12:05+09:00,known,55a9f7e9c8c848a774603a8d,ad57fbec6f86136b9fffba42,118847,https://m.dcinside.com/board/pokemoncardgame/118847,"각종 덱소스 (주로 테라스탈, 초전, 메가드림) 판매함",seller-51447db26eeb90b0124d315b,포갤러,registered,스레카 x1,스레카 x1,스레카 x1/ 개당,,,unknown,미분류,1,0.15,1500,estimated,bundle,text,unknown,,active,needs_review,needs_review,"가격 단위 추정, 복수 카드 가격, 배송비 포함 여부 미확정, 묶음·세트 총액 · 개별 카드 가격 아님",estimated,no,no,스레카 x1/ 개당 0.15
b2437ea2dc15e0d1744ca516,pokemoncardgame,포켓몬 카드게임,2026-07,2026-07-19T09:12:05+09:00,known,55a9f7e9c8c848a774603a8d,b2437ea2dc15e0d1744ca516,118847,https://m.dcinside.com/board/pokemoncardgame/118847,"각종 덱소스 (주로 테라스탈, 초전, 메가드림) 판매함",seller-51447db26eeb90b0124d315b,포갤러,registered,릴리에의 결심 x3,릴리에의 결심 x3,릴리에의 결심 x3/ 개당,,,unknown,미분류,1,0.05,500,estimated,bundle,text,unknown,,active,needs_review,needs_review,"가격 단위 추정, 복수 카드 가격, 배송비 포함 여부 미확정, 묶음·세트 총액 · 개별 카드 가격 아님",estimated,no,no,릴리에의 결심 x3/ 개당 0.05
b510f3a41fd2f080b7278e02,pokemoncardgame,포켓몬 카드게임,2026-07,2026-07-19T09:12:05+09:00,known,55a9f7e9c8c848a774603a8d,b510f3a41fd2f080b7278e02,118847,https://m.dcinside.com/board/pokemoncardgame/118847,"각종 덱소스 (주로 테라스탈, 초전, 메가드림) 판매함",seller-51447db26eeb90b0124d315b,포갤러,registered,var safe = window.dcAd && window.dcAd.safe ==,var safe = window.dcAd && window.dcAd.safe ==,var safe = (window.dcAd && window.dcAd.safe ==,,,unknown,미분류,1,1,10000,estimated,bundle,text,unknown,,active,needs_review,needs_review,"가격 단위 추정, 복수 카드 가격, 배송비 포함 여부 미확정, 묶음·세트 총액 · 개별 카드 가격 아님",estimated,no,no,var safe = (window.dcAd && window.dcAd.safe == 1)
b978ab9b94abbfc79495dddc,pokemoncardgame,포켓몬 카드게임,2026-07,2026-07-19T09:12:05+09:00,known,8b4e87f05f325e52acfd1f9f,b978ab9b94abbfc79495dddc,118847,https://m.dcinside.com/board/pokemoncardgame/118847,"각종 덱소스 (주로 테라스탈, 초전, 메가드림) 판매함",seller-51447db26eeb90b0124d315b,포갤러,registered,이외 트레이너,이외 트레이너,이외 트레이너 개당,,,unknown,미분류,1,0.03,300,estimated,per_card,text,unknown,,active,needs_review,needs_review,"가격 단위 추정, 배송비 포함 여부 미확정",estimated,yes,candidate_estimated,이외 트레이너 개당 0.03
c0641da1e84cab5f59476f6b,pokemoncardgame,포켓몬 카드게임,2026-07,2026-07-19T09:12:05+09:00,known,1adbd74df72051ce4fea9169,c0641da1e84cab5f59476f6b,118847,https://m.dcinside.com/board/pokemoncardgame/118847,"각종 덱소스 (주로 테라스탈, 초전, 메가드림) 판매함",seller-51447db26eeb90b0124d315b,포갤러,registered,이외 트레이너,이외 트레이너,이외 트레이너 개당,,,unknown,미분류,1,0.03,300,estimated,per_card,text,unknown,,active,needs_review,needs_review,"가격 단위 추정, 배송비 포함 여부 미확정",estimated,yes,candidate_estimated,이외 트레이너 개당 0.03
c969866e59c0a31cc61a7e87,pokemoncardgame,포켓몬 카드게임,2026-07,2026-07-19T09:12:05+09:00,known,06d3b0d242096f451a4ba283,c969866e59c0a31cc61a7e87,118847,https://m.dcinside.com/board/pokemoncardgame/118847,"각종 덱소스 (주로 테라스탈, 초전, 메가드림) 판매함",seller-51447db26eeb90b0124d315b,포갤러,registered,릴리에의 결심 x3,릴리에의 결심 x3,릴리에의 결심 x3/ 개당,,,unknown,미분류,1,0.05,500,estimated,bundle,text,unknown,,active,needs_review,needs_review,"가격 단위 추정, 복수 카드 가격, 배송비 포함 여부 미확정, 묶음·세트 총액 · 개별 카드 가격 아님",estimated,no,no,릴리에의 결심 x3/ 개당 0.05
ca6b9a18f2a99c29851b3046,pokemoncardgame,포켓몬 카드게임,2026-07,2026-07-19T09:12:05+09:00,known,55a9f7e9c8c848a774603a8d,ca6b9a18f2a99c29851b3046,118847,https://m.dcinside.com/board/pokemoncardgame/118847,"각종 덱소스 (주로 테라스탈, 초전, 메가드림) 판매함",seller-51447db26eeb90b0124d315b,포갤러,registered,이외 트레이너,이외 트레이너,이외 트레이너 개당,,,unknown,미분류,1,0.03,300,estimated,per_card,text,unknown,,active,needs_review,needs_review,"가격 단위 추정, 배송비 포함 여부 미확정",estimated,yes,candidate_estimated,이외 트레이너 개당 0.03
cc191863143c6fee959c6a75,pokemoncardgame,포켓몬 카드게임,2026-07,2026-07-19T09:12:05+09:00,known,55a9f7e9c8c848a774603a8d,cc191863143c6fee959c6a75,118847,https://m.dcinside.com/board/pokemoncardgame/118847,"각종 덱소스 (주로 테라스탈, 초전, 메가드림) 판매함",seller-51447db26eeb90b0124d315b,포갤러,registered,밤의 들것 x9,밤의 들것 x9,밤의 들것 x9/ 개당,,,unknown,미분류,1,0.05,500,estimated,bundle,text,unknown,,active,needs_review,needs_review,"가격 단위 추정, 복수 카드 가격, 배송비 포함 여부 미확정, 묶음·세트 총액 · 개별 카드 가격 아님",estimated,no,no,밤의 들것 x9/ 개당 0.05
ce06cfdcb71cf6ba6d7da101,pokemoncardgame,포켓몬 카드게임,2026-07,2026-07-19T09:12:05+09:00,known,55a9f7e9c8c848a774603a8d,ce06cfdcb71cf6ba6d7da101,118847,https://m.dcinside.com/board/pokemoncardgame/118847,"각종 덱소스 (주로 테라스탈, 초전, 메가드림) 판매함",seller-51447db26eeb90b0124d315b,포갤러,registered,스레카 sr x2,스레카 sr x2,스레카 sr x2/ 개당,,,unknown,미분류,1,0.3,3000,estimated,bundle,text,unknown,,active,needs_review,needs_review,"가격 단위 추정, 복수 카드 가격, 배송비 포함 여부 미확정, 묶음·세트 총액 · 개별 카드 가격 아님",estimated,no,no,스레카 sr x2/ 개당 0.3
d5dd13a3c34aa026e50933bf,pokemoncardgame,포켓몬 카드게임,2026-07,2026-07-19T09:12:05+09:00,known,8b4e87f05f325e52acfd1f9f,d5dd13a3c34aa026e50933bf,118847,https://m.dcinside.com/board/pokemoncardgame/118847,"각종 덱소스 (주로 테라스탈, 초전, 메가드림) 판매함",seller-51447db26eeb90b0124d315b,포갤러,registered,loadScript ' t,loadScript ' t,loadScript('//t,,,unknown,미분류,1,1,10000,estimated,bundle,text,unknown,,active,needs_review,needs_review,"가격 단위 추정, 복수 카드 가격, 배송비 포함 여부 미확정, 묶음·세트 총액 · 개별 카드 가격 아님",estimated,no,no,"loadScript('//t1.kakaocdn.net/kas/static/ba.min.js', true);"
d673d6c6d9426e575b756023,pokemoncardgame,포켓몬 카드게임,2026-07,2026-07-19T09:12:05+09:00,known,06d3b0d242096f451a4ba283,d673d6c6d9426e575b756023,118847,https://m.dcinside.com/board/pokemoncardgame/118847,"각종 덱소스 (주로 테라스탈, 초전, 메가드림) 판매함",seller-51447db26eeb90b0124d315b,포갤러,registered,절친 포핀 x,절친 포핀 x,절친 포핀 x 7/ 개당,,,unknown,미분류,1,0.05,500,estimated,bundle,text,unknown,,active,needs_review,needs_review,"가격 단위 추정, 복수 카드 가격, 배송비 포함 여부 미확정, 묶음·세트 총액 · 개별 카드 가격 아님",estimated,no,no,절친 포핀 x 7/ 개당 0.05
d99ca69ef09fe0be16ca9a77,pokemoncardgame,포켓몬 카드게임,2026-07,2026-07-19T09:12:05+09:00,known,1adbd74df72051ce4fea9169,d99ca69ef09fe0be16ca9a77,118847,https://m.dcinside.com/board/pokemoncardgame/118847,"각종 덱소스 (주로 테라스탈, 초전, 메가드림) 판매함",seller-51447db26eeb90b0124d315b,포갤러,registered,시아노 x4,시아노 x4,시아노 x4/ 개당,,,unknown,미분류,1,0.25,2500,estimated,bundle,text,unknown,,active,needs_review,needs_review,"가격 단위 추정, 복수 카드 가격, 배송비 포함 여부 미확정, 묶음·세트 총액 · 개별 카드 가격 아님",estimated,no,no,시아노 x4/ 개당 0.25
dcb7dbb92e980577af41fd9e,pokemoncardgame,포켓몬 카드게임,2026-07,2026-07-19T09:12:05+09:00,known,06d3b0d242096f451a4ba283,dcb7dbb92e980577af41fd9e,118847,https://m.dcinside.com/board/pokemoncardgame/118847,"각종 덱소스 (주로 테라스탈, 초전, 메가드림) 판매함",seller-51447db26eeb90b0124d315b,포갤러,registered,시아노 x4,시아노 x4,시아노 x4/ 개당,,,unknown,미분류,1,0.25,2500,estimated,bundle,text,unknown,,active,needs_review,needs_review,"가격 단위 추정, 복수 카드 가격, 배송비 포함 여부 미확정, 묶음·세트 총액 · 개별 카드 가격 아님",estimated,no,no,시아노 x4/ 개당 0.25
e5beedba311245528fe4331f,pokemoncardgame,포켓몬 카드게임,2026-07,2026-07-19T09:12:05+09:00,known,1adbd74df72051ce4fea9169,e5beedba311245528fe4331f,118847,https://m.dcinside.com/board/pokemoncardgame/118847,"각종 덱소스 (주로 테라스탈, 초전, 메가드림) 판매함",seller-51447db26eeb90b0124d315b,포갤러,registered,하솔 x3,하솔 x3,하솔 x3/ 개당,,,unknown,미분류,1,0.4,4000,estimated,bundle,text,unknown,,active,needs_review,needs_review,"가격 단위 추정, 복수 카드 가격, 배송비 포함 여부 미확정, 묶음·세트 총액 · 개별 카드 가격 아님",estimated,no,no,하솔 x3/ 개당 0.4
e6d8635b551f6790c1300982,pokemoncardgame,포켓몬 카드게임,2026-07,2026-07-19T09:12:05+09:00,known,1adbd74df72051ce4fea9169,e6d8635b551f6790c1300982,118847,https://m.dcinside.com/board/pokemoncardgame/118847,"각종 덱소스 (주로 테라스탈, 초전, 메가드림) 판매함",seller-51447db26eeb90b0124d315b,포갤러,registered,절친 포핀 x,절친 포핀 x,절친 포핀 x 7/ 개당,,,unknown,미분류,1,0.05,500,estimated,bundle,text,unknown,,active,needs_review,needs_review,"가격 단위 추정, 복수 카드 가격, 배송비 포함 여부 미확정, 묶음·세트 총액 · 개별 카드 가격 아님",estimated,no,no,절친 포핀 x 7/ 개당 0.05
feab4785b90969bc10ba2b2a,pokemoncardgame,포켓몬 카드게임,2026-07,2026-07-19T09:12:05+09:00,known,06d3b0d242096f451a4ba283,feab4785b90969bc10ba2b2a,118847,https://m.dcinside.com/board/pokemoncardgame/118847,"각종 덱소스 (주로 테라스탈, 초전, 메가드림) 판매함",seller-51447db26eeb90b0124d315b,포갤러,registered,시아노 sr x1,시아노 sr x1,시아노 sr x1/,,,unknown,미분류,1,0.4,4000,estimated,bundle,text,unknown,,active,needs_review,needs_review,"가격 단위 추정, 복수 카드 가격, 배송비 포함 여부 미확정, 묶음·세트 총액 · 개별 카드 가격 아님",estimated,no,no,시아노 sr x1/ 0.4
0cb4504f57b7596d40a749aa,pokemoncardgame,포켓몬 카드게임,2026-07,2026-07-19T17:21:39+09:00,known,ab6bb4cade0d0f9c6c64c872,0cb4504f57b7596d40a749aa,118863,https://m.dcinside.com/board/pokemoncardgame/118863,덱소스 구매합니다,seller-18dde88f6dff638b2ad70670,ㅇㅇ,guest,변환의서,변환의서,변환의서,,,unknown,미분류,1,4,40000,estimated,per_card,text,unknown,,active,needs_review,needs_review,"가격 단위 추정, 배송비 포함 여부 미확정",estimated,yes,candidate_estimated,변환의서4
16c2750f2bcddba702873df1,pokemoncardgame,포켓몬 카드게임,2026-07,2026-07-19T17:21:39+09:00,known,21d218fdb0fb7efc1eba1199,16c2750f2bcddba702873df1,118863,https://m.dcinside.com/board/pokemoncardgame/118863,덱소스 구매합니다,seller-ada0ea2ffdf46eef43dfd9a3,ㅇㅇ,guest,미스트 에너지당,미스트 에너지당,미스트 에너지당,,,unknown,미분류,4,500,500,exact,per_card,text,unknown,,active,needs_review,needs_review,배송비 포함 여부 미확정,exact,yes,candidate_estimated,미스트 에너지4 장당 500원
1b903e902968b52c209c16bc,pokemoncardgame,포켓몬 카드게임,2026-07,2026-07-19T17:21:39+09:00,known,f5ffbe1efb8f4a716c6a7344,1b903e902968b52c209c16bc,118863,https://m.dcinside.com/board/pokemoncardgame/118863,덱소스 구매합니다,seller-d3c2c4a00fee1898b5780a3f,ㅇㅇ,guest,언페어,언페어,언페어,,,unknown,미분류,1,1,10000,estimated,per_card,text,unknown,,active,needs_review,needs_review,"가격 단위 추정, 배송비 포함 여부 미확정",estimated,yes,candidate_estimated,언페어1
2c0d9de1b5b42b4a9e1797bc,pokemoncardgame,포켓몬 카드게임,2026-07,2026-07-19T17:21:39+09:00,known,9bbdc7a80f4782c13f66126b,2c0d9de1b5b42b4a9e1797bc,118863,https://m.dcinside.com/board/pokemoncardgame/118863,덱소스 구매합니다,seller-e7028f5e0a504d1a5d04072b,ㅇㅇ,guest,사슬떡,사슬떡,사슬떡,,,unknown,미분류,1,1,10000,estimated,per_card,text,unknown,,active,needs_review,needs_review,"가격 단위 추정, 배송비 포함 여부 미확정",estimated,yes,candidate_estimated,사슬떡1
2f5ec73d0d50da7c779907cb,pokemoncardgame,포켓몬 카드게임,2026-07,2026-07-19T17:21:39+09:00,known,f5ffbe1efb8f4a716c6a7344,2f5ec73d0d50da7c779907cb,118863,https://m.dcinside.com/board/pokemoncardgame/118863,덱소스 구매합니다,seller-d3c2c4a00fee1898b5780a3f,ㅇㅇ,guest,다 합치면,다 합치면,다 합치면,,,unknown,미분류,1,22000,22000,exact,per_card,text,unknown,,active,needs_review,needs_review,배송비 포함 여부 미확정,exact,yes,candidate_estimated,다 합치면 22000원에 삽니다
33bac8ef783f6bdbc3905b9d,pokemoncardgame,포켓몬 카드게임,2026-07,2026-07-19T17:21:39+09:00,known,21d218fdb0fb7efc1eba1199,33bac8ef783f6bdbc3905b9d,118863,https://m.dcinside.com/board/pokemoncardgame/118863,덱소스 구매합니다,seller-ada0ea2ffdf46eef43dfd9a3,ㅇㅇ,guest,사슬떡,사슬떡,사슬떡,,,unknown,미분류,1,1,10000,estimated,per_card,text,unknown,,active,needs_review,needs_review,"가격 단위 추정, 배송비 포함 여부 미확정",estimated,yes,candidate_estimated,사슬떡1
3901081240457d8fbe85c326,pokemoncardgame,포켓몬 카드게임,2026-07,2026-07-19T17:21:39+09:00,known,f5ffbe1efb8f4a716c6a7344,3901081240457d8fbe85c326,118863,https://m.dcinside.com/board/pokemoncardgame/118863,덱소스 구매합니다,seller-d3c2c4a00fee1898b5780a3f,ㅇㅇ,guest,태권왕,태권왕,태권왕,,,unknown,미분류,1,1,10000,estimated,per_card,text,unknown,,active,needs_review,needs_review,"가격 단위 추정, 배송비 포함 여부 미확정",estimated,yes,candidate_estimated,태권왕1
3e5c2e4b173ed9cf5459e069,pokemoncardgame,포켓몬 카드게임,2026-07,2026-07-19T17:21:39+09:00,known,ab6bb4cade0d0f9c6c64c872,3e5c2e4b173ed9cf5459e069,118863,https://m.dcinside.com/board/pokemoncardgame/118863,덱소스 구매합니다,seller-18dde88f6dff638b2ad70670,ㅇㅇ,guest,미스트 에너지당,미스트 에너지당,미스트 에너지당,,,unknown,미분류,4,500,500,exact,per_card,text,unknown,,active,needs_review,needs_review,배송비 포함 여부 미확정,exact,yes,candidate_estimated,미스트 에너지4 장당 500원
419a0daef62e04e844e3c889,pokemoncardgame,포켓몬 카드게임,2026-07,2026-07-19T17:21:39+09:00,known,ab6bb4cade0d0f9c6c64c872,419a0daef62e04e844e3c889,118863,https://m.dcinside.com/board/pokemoncardgame/118863,덱소스 구매합니다,seller-18dde88f6dff638b2ad70670,ㅇㅇ,guest,노고고치당,노고고치당,노고고치당,,,unknown,미분류,3,2000,2000,exact,per_card,text,unknown,,active,needs_review,needs_review,배송비 포함 여부 미확정,exact,yes,candidate_estimated,노고고치3 장당 2000원
4962a974ca247e800abcccbd,pokemoncardgame,포켓몬 카드게임,2026-07,2026-07-19T17:21:39+09:00,known,21d218fdb0fb7efc1eba1199,4962a974ca247e800abcccbd,118863,https://m.dcinside.com/board/pokemoncardgame/118863,덱소스 구매합니다,seller-ada0ea2ffdf46eef43dfd9a3,ㅇㅇ,guest,암호매니아,암호매니아,암호매니아,,,unknown,미분류,1,1,10000,estimated,per_card,text,unknown,,active,needs_review,needs_review,"가격 단위 추정, 배송비 포함 여부 미확정",estimated,yes,candidate_estimated,암호매니아1
4e78770ee162a897f21fb3fd,pokemoncardgame,포켓몬 카드게임,2026-07,2026-07-19T17:21:39+09:00,known,9bbdc7a80f4782c13f66126b,4e78770ee162a897f21fb3fd,118863,https://m.dcinside.com/board/pokemoncardgame/118863,덱소스 구매합니다,seller-e7028f5e0a504d1a5d04072b,ㅇㅇ,guest,노고고치당,노고고치당,노고고치당,,,unknown,미분류,3,2000,2000,exact,per_card,text,unknown,,active,needs_review,needs_review,배송비 포함 여부 미확정,exact,yes,candidate_estimated,노고고치3 장당 2000원
4e88f3e2f172ebfc876cd2e8,pokemoncardgame,포켓몬 카드게임,2026-07,2026-07-19T17:21:39+09:00,known,9bbdc7a80f4782c13f66126b,4e88f3e2f172ebfc876cd2e8,118863,https://m.dcinside.com/board/pokemoncardgame/118863,덱소스 구매합니다,seller-e7028f5e0a504d1a5d04072b,ㅇㅇ,guest,암호매니아,암호매니아,암호매니아,,,unknown,미분류,1,1,10000,estimated,per_card,text,unknown,,active,needs_review,needs_review,"가격 단위 추정, 배송비 포함 여부 미확정",estimated,yes,candidate_estimated,암호매니아1
6124df995ab5beaa94f92a11,pokemoncardgame,포켓몬 카드게임,2026-07,2026-07-19T17:21:39+09:00,known,ab6bb4cade0d0f9c6c64c872,6124df995ab5beaa94f92a11,118863,https://m.dcinside.com/board/pokemoncardgame/118863,덱소스 구매합니다,seller-18dde88f6dff638b2ad70670,ㅇㅇ,guest,60체 노고치당,60체 노고치당,60체 노고치당,,,unknown,미분류,2,500,500,exact,per_card,text,unknown,,active,needs_review,needs_review,배송비 포함 여부 미확정,exact,yes,candidate_estimated,60체 노고치2 장당 500원
6caa70b54bd8872e84a29c68,pokemoncardgame,포켓몬 카드게임,2026-07,2026-07-19T17:21:39+09:00,known,21d218fdb0fb7efc1eba1199,6caa70b54bd8872e84a29c68,118863,https://m.dcinside.com/board/pokemoncardgame/118863,덱소스 구매합니다,seller-ada0ea2ffdf46eef43dfd9a3,ㅇㅇ,guest,변환의서,변환의서,변환의서,,,unknown,미분류,1,4,40000,estimated,per_card,text,unknown,,active,needs_review,needs_review,"가격 단위 추정, 배송비 포함 여부 미확정",estimated,yes,candidate_estimated,변환의서4
77a8fbd28bced2f9e07ecc92,pokemoncardgame,포켓몬 카드게임,2026-07,2026-07-19T17:21:39+09:00,known,9bbdc7a80f4782c13f66126b,77a8fbd28bced2f9e07ecc92,118863,https://m.dcinside.com/board/pokemoncardgame/118863,덱소스 구매합니다,seller-e7028f5e0a504d1a5d04072b,ㅇㅇ,guest,태권왕,태권왕,태권왕,,,unknown,미분류,1,1,10000,estimated,per_card,text,unknown,,active,needs_review,needs_review,"가격 단위 추정, 배송비 포함 여부 미확정",estimated,yes,candidate_estimated,태권왕1
7eb997250b53413614c02e13,pokemoncardgame,포켓몬 카드게임,2026-07,2026-07-19T17:21:39+09:00,known,9bbdc7a80f4782c13f66126b,7eb997250b53413614c02e13,118863,https://m.dcinside.com/board/pokemoncardgame/118863,덱소스 구매합니다,seller-e7028f5e0a504d1a5d04072b,ㅇㅇ,guest,60체 노고치당,60체 노고치당,60체 노고치당,,,unknown,미분류,2,500,500,exact,per_card,text,unknown,,active,needs_review,needs_review,배송비 포함 여부 미확정,exact,yes,candidate_estimated,60체 노고치2 장당 500원
884422be2e7c5d9cd91e2a22,pokemoncardgame,포켓몬 카드게임,2026-07,2026-07-19T17:21:39+09:00,known,9bbdc7a80f4782c13f66126b,884422be2e7c5d9cd91e2a22,118863,https://m.dcinside.com/board/pokemoncardgame/118863,덱소스 구매합니다,seller-e7028f5e0a504d1a5d04072b,ㅇㅇ,guest,미스트 에너지당,미스트 에너지당,미스트 에너지당,,,unknown,미분류,4,500,500,exact,per_card,text,unknown,,active,needs_review,needs_review,배송비 포함 여부 미확정,exact,yes,candidate_estimated,미스트 에너지4 장당 500원
90bf78d9cfe816429eba0ba4,pokemoncardgame,포켓몬 카드게임,2026-07,2026-07-19T17:21:39+09:00,known,ab6bb4cade0d0f9c6c64c872,90bf78d9cfe816429eba0ba4,118863,https://m.dcinside.com/board/pokemoncardgame/118863,덱소스 구매합니다,seller-18dde88f6dff638b2ad70670,ㅇㅇ,guest,언페어,언페어,언페어,,,unknown,미분류,1,1,10000,estimated,per_card,text,unknown,,active,needs_review,needs_review,"가격 단위 추정, 배송비 포함 여부 미확정",estimated,yes,candidate_estimated,언페어1
9f6915a5aab566021bc4e806,pokemoncardgame,포켓몬 카드게임,2026-07,2026-07-19T17:21:39+09:00,known,ab6bb4cade0d0f9c6c64c872,9f6915a5aab566021bc4e806,118863,https://m.dcinside.com/board/pokemoncardgame/118863,덱소스 구매합니다,seller-18dde88f6dff638b2ad70670,ㅇㅇ,guest,암호매니아,암호매니아,암호매니아,,,unknown,미분류,1,1,10000,estimated,per_card,text,unknown,,active,needs_review,needs_review,"가격 단위 추정, 배송비 포함 여부 미확정",estimated,yes,candidate_estimated,암호매니아1
a60ab518f0251c339da61969,pokemoncardgame,포켓몬 카드게임,2026-07,2026-07-19T17:21:39+09:00,known,21d218fdb0fb7efc1eba1199,a60ab518f0251c339da61969,118863,https://m.dcinside.com/board/pokemoncardgame/118863,덱소스 구매합니다,seller-ada0ea2ffdf46eef43dfd9a3,ㅇㅇ,guest,언페어,언페어,언페어,,,unknown,미분류,1,1,10000,estimated,per_card,text,unknown,,active,needs_review,needs_review,"가격 단위 추정, 배송비 포함 여부 미확정",estimated,yes,candidate_estimated,언페어1
b4acfed6603a75ac4040b6ce,pokemoncardgame,포켓몬 카드게임,2026-07,2026-07-19T17:21:39+09:00,known,f5ffbe1efb8f4a716c6a7344,b4acfed6603a75ac4040b6ce,118863,https://m.dcinside.com/board/pokemoncardgame/118863,덱소스 구매합니다,seller-d3c2c4a00fee1898b5780a3f,ㅇㅇ,guest,사슬떡,사슬떡,사슬떡,,,unknown,미분류,1,1,10000,estimated,per_card,text,unknown,,active,needs_review,needs_review,"가격 단위 추정, 배송비 포함 여부 미확정",estimated,yes,candidate_estimated,사슬떡1
b696a47f57f36f3f8856cfdf,pokemoncardgame,포켓몬 카드게임,2026-07,2026-07-19T17:21:39+09:00,known,f5ffbe1efb8f4a716c6a7344,b696a47f57f36f3f8856cfdf,118863,https://m.dcinside.com/board/pokemoncardgame/118863,덱소스 구매합니다,seller-d3c2c4a00fee1898b5780a3f,ㅇㅇ,guest,변환의서,변환의서,변환의서,,,unknown,미분류,1,4,40000,estimated,per_card,text,unknown,,active,needs_review,needs_review,"가격 단위 추정, 배송비 포함 여부 미확정",estimated,yes,candidate_estimated,변환의서4
ba7bae89ad9ea9cc05ebc7c0,pokemoncardgame,포켓몬 카드게임,2026-07,2026-07-19T17:21:39+09:00,known,21d218fdb0fb7efc1eba1199,ba7bae89ad9ea9cc05ebc7c0,118863,https://m.dcinside.com/board/pokemoncardgame/118863,덱소스 구매합니다,seller-ada0ea2ffdf46eef43dfd9a3,ㅇㅇ,guest,태권왕,태권왕,태권왕,,,unknown,미분류,1,1,10000,estimated,per_card,text,unknown,,active,needs_review,needs_review,"가격 단위 추정, 배송비 포함 여부 미확정",estimated,yes,candidate_estimated,태권왕1
ba9a11519b670233b3583e7a,pokemoncardgame,포켓몬 카드게임,2026-07,2026-07-19T17:21:39+09:00,known,f5ffbe1efb8f4a716c6a7344,ba9a11519b670233b3583e7a,118863,https://m.dcinside.com/board/pokemoncardgame/118863,덱소스 구매합니다,seller-d3c2c4a00fee1898b5780a3f,ㅇㅇ,guest,노고고치당,노고고치당,노고고치당,,,unknown,미분류,3,2000,2000,exact,per_card,text,unknown,,active,needs_review,needs_review,배송비 포함 여부 미확정,exact,yes,candidate_estimated,노고고치3 장당 2000원
bd8c8549ecbd0ae0f5498f6e,pokemoncardgame,포켓몬 카드게임,2026-07,2026-07-19T17:21:39+09:00,known,21d218fdb0fb7efc1eba1199,bd8c8549ecbd0ae0f5498f6e,118863,https://m.dcinside.com/board/pokemoncardgame/118863,덱소스 구매합니다,seller-ada0ea2ffdf46eef43dfd9a3,ㅇㅇ,guest,다 합치면,다 합치면,다 합치면,,,unknown,미분류,1,22000,22000,exact,per_card,text,unknown,,active,needs_review,needs_review,배송비 포함 여부 미확정,exact,yes,candidate_estimated,다 합치면 22000원에 삽니다
c05980a00a105f11c26a370f,pokemoncardgame,포켓몬 카드게임,2026-07,2026-07-19T17:21:39+09:00,known,21d218fdb0fb7efc1eba1199,c05980a00a105f11c26a370f,118863,https://m.dcinside.com/board/pokemoncardgame/118863,덱소스 구매합니다,seller-ada0ea2ffdf46eef43dfd9a3,ㅇㅇ,guest,노고고치당,노고고치당,노고고치당,,,unknown,미분류,3,2000,2000,exact,per_card,text,unknown,,active,needs_review,needs_review,배송비 포함 여부 미확정,exact,yes,candidate_estimated,노고고치3 장당 2000원
c38e82331c1083c8bdc6787d,pokemoncardgame,포켓몬 카드게임,2026-07,2026-07-19T17:21:39+09:00,known,9bbdc7a80f4782c13f66126b,c38e82331c1083c8bdc6787d,118863,https://m.dcinside.com/board/pokemoncardgame/118863,덱소스 구매합니다,seller-e7028f5e0a504d1a5d04072b,ㅇㅇ,guest,언페어,언페어,언페어,,,unknown,미분류,1,1,10000,estimated,per_card,text,unknown,,active,needs_review,needs_review,"가격 단위 추정, 배송비 포함 여부 미확정",estimated,yes,candidate_estimated,언페어1
c9f34efbd76b900552e5cc9d,pokemoncardgame,포켓몬 카드게임,2026-07,2026-07-19T17:21:39+09:00,known,f5ffbe1efb8f4a716c6a7344,c9f34efbd76b900552e5cc9d,118863,https://m.dcinside.com/board/pokemoncardgame/118863,덱소스 구매합니다,seller-d3c2c4a00fee1898b5780a3f,ㅇㅇ,guest,암호매니아,암호매니아,암호매니아,,,unknown,미분류,1,1,10000,estimated,per_card,text,unknown,,active,needs_review,needs_review,"가격 단위 추정, 배송비 포함 여부 미확정",estimated,yes,candidate_estimated,암호매니아1
d254bea13e7cb4595ca1b7d2,pokemoncardgame,포켓몬 카드게임,2026-07,2026-07-19T17:21:39+09:00,known,21d218fdb0fb7efc1eba1199,d254bea13e7cb4595ca1b7d2,118863,https://m.dcinside.com/board/pokemoncardgame/118863,덱소스 구매합니다,seller-ada0ea2ffdf46eef43dfd9a3,ㅇㅇ,guest,60체 노고치당,60체 노고치당,60체 노고치당,,,unknown,미분류,2,500,500,exact,per_card,text,unknown,,active,needs_review,needs_review,배송비 포함 여부 미확정,exact,yes,candidate_estimated,60체 노고치2 장당 500원
d5ce9f9c7f4242c1f7a6f8bb,pokemoncardgame,포켓몬 카드게임,2026-07,2026-07-19T17:21:39+09:00,known,f5ffbe1efb8f4a716c6a7344,d5ce9f9c7f4242c1f7a6f8bb,118863,https://m.dcinside.com/board/pokemoncardgame/118863,덱소스 구매합니다,seller-d3c2c4a00fee1898b5780a3f,ㅇㅇ,guest,미스트 에너지당,미스트 에너지당,미스트 에너지당,,,unknown,미분류,4,500,500,exact,per_card,text,unknown,,active,needs_review,needs_review,배송비 포함 여부 미확정,exact,yes,candidate_estimated,미스트 에너지4 장당 500원
d67c842f35a75e2d1607e319,pokemoncardgame,포켓몬 카드게임,2026-07,2026-07-19T17:21:39+09:00,known,ab6bb4cade0d0f9c6c64c872,d67c842f35a75e2d1607e319,118863,https://m.dcinside.com/board/pokemoncardgame/118863,덱소스 구매합니다,seller-18dde88f6dff638b2ad70670,ㅇㅇ,guest,사슬떡,사슬떡,사슬떡,,,unknown,미분류,1,1,10000,estimated,per_card,text,unknown,,active,needs_review,needs_review,"가격 단위 추정, 배송비 포함 여부 미확정",estimated,yes,candidate_estimated,사슬떡1
d822b8d0ab45c10968c86304,pokemoncardgame,포켓몬 카드게임,2026-07,2026-07-19T17:21:39+09:00,known,9bbdc7a80f4782c13f66126b,d822b8d0ab45c10968c86304,118863,https://m.dcinside.com/board/pokemoncardgame/118863,덱소스 구매합니다,seller-e7028f5e0a504d1a5d04072b,ㅇㅇ,guest,다 합치면,다 합치면,다 합치면,,,unknown,미분류,1,22000,22000,exact,per_card,text,unknown,,active,needs_review,needs_review,배송비 포함 여부 미확정,exact,yes,candidate_estimated,다 합치면 22000원에 삽니다
e7adcc9f1c2d5dd747e42df4,pokemoncardgame,포켓몬 카드게임,2026-07,2026-07-19T17:21:39+09:00,known,ab6bb4cade0d0f9c6c64c872,e7adcc9f1c2d5dd747e42df4,118863,https://m.dcinside.com/board/pokemoncardgame/118863,덱소스 구매합니다,seller-18dde88f6dff638b2ad70670,ㅇㅇ,guest,다 합치면,다 합치면,다 합치면,,,unknown,미분류,1,22000,22000,exact,per_card,text,unknown,,active,needs_review,needs_review,배송비 포함 여부 미확정,exact,yes,candidate_estimated,다 합치면 22000원에 삽니다
ea4e9ea2bf3036cf4523625e,pokemoncardgame,포켓몬 카드게임,2026-07,2026-07-19T17:21:39+09:00,known,9bbdc7a80f4782c13f66126b,ea4e9ea2bf3036cf4523625e,118863,https://m.dcinside.com/board/pokemoncardgame/118863,덱소스 구매합니다,seller-e7028f5e0a504d1a5d04072b,ㅇㅇ,guest,변환의서,변환의서,변환의서,,,unknown,미분류,1,4,40000,estimated,per_card,text,unknown,,active,needs_review,needs_review,"가격 단위 추정, 배송비 포함 여부 미확정",estimated,yes,candidate_estimated,변환의서4
ed9f3f2c7578e006425898c2,pokemoncardgame,포켓몬 카드게임,2026-07,2026-07-19T17:21:39+09:00,known,ab6bb4cade0d0f9c6c64c872,ed9f3f2c7578e006425898c2,118863,https://m.dcinside.com/board/pokemoncardgame/118863,덱소스 구매합니다,seller-18dde88f6dff638b2ad70670,ㅇㅇ,guest,태권왕,태권왕,태권왕,,,unknown,미분류,1,1,10000,estimated,per_card,text,unknown,,active,needs_review,needs_review,"가격 단위 추정, 배송비 포함 여부 미확정",estimated,yes,candidate_estimated,태권왕1
f5c5ad20c667cb5ae2130708,pokemoncardgame,포켓몬 카드게임,2026-07,2026-07-19T17:21:39+09:00,known,f5ffbe1efb8f4a716c6a7344,f5c5ad20c667cb5ae2130708,118863,https://m.dcinside.com/board/pokemoncardgame/118863,덱소스 구매합니다,seller-d3c2c4a00fee1898b5780a3f,ㅇㅇ,guest,60체 노고치당,60체 노고치당,60체 노고치당,,,unknown,미분류,2,500,500,exact,per_card,text,unknown,,active,needs_review,needs_review,배송비 포함 여부 미확정,exact,yes,candidate_estimated,60체 노고치2 장당 500원
06629f41385e18930e0b167e,pokemoncardgame,포켓몬 카드게임,2026-07,2026-07-19T21:21:49+09:00,known,b017238dc1a74b439b1c43ee,06629f41385e18930e0b167e,118881,https://m.dcinside.com/board/pokemoncardgame/118881,고레어 덱소스들 구매합니다,seller-51447db26eeb90b0124d315b,포갤러,registered,에너지 갈아달기 ur,에너지 갈아달기 ur,에너지 갈아달기 ur 장당,,,unknown,미분류,2,1.0,10000,estimated,per_card,text,unknown,,active,needs_review,needs_review,"가격 단위 추정, 배송비 포함 여부 미확정",estimated,yes,candidate_estimated,에너지 갈아달기 ur 2장 장당 1.0
08972a62290f61a3fe7ab6d0,pokemoncardgame,포켓몬 카드게임,2026-07,2026-07-19T21:21:49+09:00,known,b37f25923fdc2085ae592ec3,08972a62290f61a3fe7ab6d0,118881,https://m.dcinside.com/board/pokemoncardgame/118881,고레어 덱소스들 구매합니다,seller-51447db26eeb90b0124d315b,포갤러,registered,N의 방안 sar,N의 방안 sar,N의 방안 sar,,,unknown,미분류,1,1.0,10000,estimated,per_card,text,unknown,,active,needs_review,needs_review,"가격 단위 추정, 배송비 포함 여부 미확정",estimated,yes,candidate_estimated,N의 방안 sar 1장 1.0
112813f8e8a95ad46a19207b,pokemoncardgame,포켓몬 카드게임,2026-07,2026-07-19T21:21:49+09:00,known,b37f25923fdc2085ae592ec3,112813f8e8a95ad46a19207b,118881,https://m.dcinside.com/board/pokemoncardgame/118881,고레어 덱소스들 구매합니다,seller-51447db26eeb90b0124d315b,포갤러,registered,에너지 갈아달기 ur,에너지 갈아달기 ur,에너지 갈아달기 ur 장당,,,unknown,미분류,2,1.0,10000,estimated,per_card,text,unknown,,active,needs_review,needs_review,"가격 단위 추정, 배송비 포함 여부 미확정",estimated,yes,candidate_estimated,에너지 갈아달기 ur 2장 장당 1.0
1408e2598d8ee60b292f31ef,pokemoncardgame,포켓몬 카드게임,2026-07,2026-07-19T21:21:49+09:00,known,f19a46a6b90cf525952da535,1408e2598d8ee60b292f31ef,118881,https://m.dcinside.com/board/pokemoncardgame/118881,고레어 덱소스들 구매합니다,seller-51447db26eeb90b0124d315b,포갤러,registered,에너지 갈아달기 ur,에너지 갈아달기 ur,에너지 갈아달기 ur 장당,,,unknown,미분류,2,1.0,10000,estimated,per_card,text,unknown,,active,needs_review,needs_review,"가격 단위 추정, 배송비 포함 여부 미확정",estimated,yes,candidate_estimated,에너지 갈아달기 ur 2장 장당 1.0
159f6616c4a71df502730aeb,pokemoncardgame,포켓몬 카드게임,2026-07,2026-07-19T21:21:49+09:00,known,b017238dc1a74b439b1c43ee,159f6616c4a71df502730aeb,118881,https://m.dcinside.com/board/pokemoncardgame/118881,고레어 덱소스들 구매합니다,seller-51447db26eeb90b0124d315b,포갤러,registered,스바 버전 풀에너지 ur,스바 버전 풀에너지 ur,스바 버전 풀에너지 ur,,,unknown,미분류,6,7.5,75000,estimated,bundle,text,unknown,,active,needs_review,needs_review,"가격 단위 추정, 일괄·세트 가격, 배송비 포함 여부 미확정, 묶음·세트 총액 · 개별 카드 가격 아님",estimated,no,no,스바 버전 풀에너지 ur 6장 일괄 7.5
1d4bb054263db8c46f3815f1,pokemoncardgame,포켓몬 카드게임,2026-07,2026-07-19T21:21:49+09:00,known,f19a46a6b90cf525952da535,1d4bb054263db8c46f3815f1,118881,https://m.dcinside.com/board/pokemoncardgame/118881,고레어 덱소스들 구매합니다,seller-51447db26eeb90b0124d315b,포갤러,registered,채집세트 몬볼 미러,채집세트 몬볼 미러,채집세트 몬볼 미러,,,unknown,미분류,4,2.0,20000,estimated,bundle,text,unknown,,active,needs_review,needs_review,"가격 단위 추정, 일괄·세트 가격, 배송비 포함 여부 미확정, 묶음·세트 총액 · 개별 카드 가격 아님",estimated,no,no,채집세트 몬볼 미러 4장 일괄 2.0
1e4ce566f413a9d6ff99cecb,pokemoncardgame,포켓몬 카드게임,2026-07,2026-07-19T21:21:49+09:00,known,b017238dc1a74b439b1c43ee,1e4ce566f413a9d6ff99cecb,118881,https://m.dcinside.com/board/pokemoncardgame/118881,고레어 덱소스들 구매합니다,seller-51447db26eeb90b0124d315b,포갤러,registered,나옹 sar,나옹 sar,나옹 sar,,,unknown,미분류,1,1.8,18000,estimated,per_card,text,unknown,,active,needs_review,needs_review,"가격 단위 추정, 배송비 포함 여부 미확정",estimated,yes,candidate_estimated,나옹 sar 1장 1.8
315406a9a4b54db172f3193a,pokemoncardgame,포켓몬 카드게임,2026-07,2026-07-19T21:21:49+09:00,known,f19a46a6b90cf525952da535,315406a9a4b54db172f3193a,118881,https://m.dcinside.com/board/pokemoncardgame/118881,고레어 덱소스들 구매합니다,seller-51447db26eeb90b0124d315b,포갤러,registered,스바 버전 풀에너지 ur,스바 버전 풀에너지 ur,스바 버전 풀에너지 ur,,,unknown,미분류,6,7.5,75000,estimated,bundle,text,unknown,,active,needs_review,needs_review,"가격 단위 추정, 일괄·세트 가격, 배송비 포함 여부 미확정, 묶음·세트 총액 · 개별 카드 가격 아님",estimated,no,no,스바 버전 풀에너지 ur 6장 일괄 7.5
41ba119b09f303f3313786d5,pokemoncardgame,포켓몬 카드게임,2026-07,2026-07-19T21:21:49+09:00,known,cf251a959bda07457eb77ed1,41ba119b09f303f3313786d5,118881,https://m.dcinside.com/board/pokemoncardgame/118881,고레어 덱소스들 구매합니다,seller-51447db26eeb90b0124d315b,포갤러,registered,나옹 sar,나옹 sar,나옹 sar,,,unknown,미분류,1,1.8,18000,estimated,per_card,text,unknown,,active,needs_review,needs_review,"가격 단위 추정, 배송비 포함 여부 미확정",estimated,yes,candidate_estimated,나옹 sar 1장 1.8
46b7da2ebbdd68b471024976,pokemoncardgame,포켓몬 카드게임,2026-07,2026-07-19T21:21:49+09:00,known,b017238dc1a74b439b1c43ee,46b7da2ebbdd68b471024976,118881,https://m.dcinside.com/board/pokemoncardgame/118881,고레어 덱소스들 구매합니다,seller-51447db26eeb90b0124d315b,포갤러,registered,N의 방안 sar,N의 방안 sar,N의 방안 sar,,,unknown,미분류,1,1.0,10000,estimated,per_card,text,unknown,,active,needs_review,needs_review,"가격 단위 추정, 배송비 포함 여부 미확정",estimated,yes,candidate_estimated,N의 방안 sar 1장 1.0
4879f671995f08ba8ddf9be6,pokemoncardgame,포켓몬 카드게임,2026-07,2026-07-19T21:21:49+09:00,known,cf251a959bda07457eb77ed1,4879f671995f08ba8ddf9be6,118881,https://m.dcinside.com/board/pokemoncardgame/118881,고레어 덱소스들 구매합니다,seller-51447db26eeb90b0124d315b,포갤러,registered,채집세트 몬볼 미러,채집세트 몬볼 미러,채집세트 몬볼 미러,,,unknown,미분류,4,2.0,20000,estimated,bundle,text,unknown,,active,needs_review,needs_review,"가격 단위 추정, 일괄·세트 가격, 배송비 포함 여부 미확정, 묶음·세트 총액 · 개별 카드 가격 아님",estimated,no,no,채집세트 몬볼 미러 4장 일괄 2.0
4bc8e356814b4f11f704a10e,pokemoncardgame,포켓몬 카드게임,2026-07,2026-07-19T21:21:49+09:00,known,f19a46a6b90cf525952da535,4bc8e356814b4f11f704a10e,118881,https://m.dcinside.com/board/pokemoncardgame/118881,고레어 덱소스들 구매합니다,seller-51447db26eeb90b0124d315b,포갤러,registered,제로의 대공동,제로의 대공동,제로의 대공동,,,unknown,미분류,1,1.8,18000,estimated,per_card,text,unknown,,active,needs_review,needs_review,"가격 단위 추정, 배송비 포함 여부 미확정",estimated,yes,candidate_estimated,제로의 대공동 1장 1.8
58d424076b2e26deeae8e572,pokemoncardgame,포켓몬 카드게임,2026-07,2026-07-19T21:21:49+09:00,known,f19a46a6b90cf525952da535,58d424076b2e26deeae8e572,118881,https://m.dcinside.com/board/pokemoncardgame/118881,고레어 덱소스들 구매합니다,seller-51447db26eeb90b0124d315b,포갤러,registered,나옹 sar,나옹 sar,나옹 sar,,,unknown,미분류,1,1.8,18000,estimated,per_card,text,unknown,,active,needs_review,needs_review,"가격 단위 추정, 배송비 포함 여부 미확정",estimated,yes,candidate_estimated,나옹 sar 1장 1.8
5acaa4dacd3751532bbbddfe,pokemoncardgame,포켓몬 카드게임,2026-07,2026-07-19T21:21:49+09:00,known,b017238dc1a74b439b1c43ee,5acaa4dacd3751532bbbddfe,118881,https://m.dcinside.com/board/pokemoncardgame/118881,고레어 덱소스들 구매합니다,seller-51447db26eeb90b0124d315b,포갤러,registered,제로의 대공동,제로의 대공동,제로의 대공동,,,unknown,미분류,1,1.8,18000,estimated,per_card,text,unknown,,active,needs_review,needs_review,"가격 단위 추정, 배송비 포함 여부 미확정",estimated,yes,candidate_estimated,제로의 대공동 1장 1.8
684dd9bba3e7e670690005da,pokemoncardgame,포켓몬 카드게임,2026-07,2026-07-19T21:21:49+09:00,known,b37f25923fdc2085ae592ec3,684dd9bba3e7e670690005da,118881,https://m.dcinside.com/board/pokemoncardgame/118881,고레어 덱소스들 구매합니다,seller-51447db26eeb90b0124d315b,포갤러,registered,나옹 sar,나옹 sar,나옹 sar,,,unknown,미분류,1,1.8,18000,estimated,per_card,text,unknown,,active,needs_review,needs_review,"가격 단위 추정, 배송비 포함 여부 미확정",estimated,yes,candidate_estimated,나옹 sar 1장 1.8
6af4f0f1505805bb2632695b,pokemoncardgame,포켓몬 카드게임,2026-07,2026-07-19T21:21:49+09:00,known,cf251a959bda07457eb77ed1,6af4f0f1505805bb2632695b,118881,https://m.dcinside.com/board/pokemoncardgame/118881,고레어 덱소스들 구매합니다,seller-51447db26eeb90b0124d315b,포갤러,registered,N의 방안 sar,N의 방안 sar,N의 방안 sar,,,unknown,미분류,1,1.0,10000,estimated,per_card,text,unknown,,active,needs_review,needs_review,"가격 단위 추정, 배송비 포함 여부 미확정",estimated,yes,candidate_estimated,N의 방안 sar 1장 1.0
76c36ffe1e29d92139883ede,pokemoncardgame,포켓몬 카드게임,2026-07,2026-07-19T21:21:49+09:00,known,f19a46a6b90cf525952da535,76c36ffe1e29d92139883ede,118881,https://m.dcinside.com/board/pokemoncardgame/118881,고레어 덱소스들 구매합니다,seller-51447db26eeb90b0124d315b,포갤러,registered,N의 방안 sar,N의 방안 sar,N의 방안 sar,,,unknown,미분류,1,1.0,10000,estimated,per_card,text,unknown,,active,needs_review,needs_review,"가격 단위 추정, 배송비 포함 여부 미확정",estimated,yes,candidate_estimated,N의 방안 sar 1장 1.0
8c6939d2051fe3a7c989c245,pokemoncardgame,포켓몬 카드게임,2026-07,2026-07-19T21:21:49+09:00,known,cf251a959bda07457eb77ed1,8c6939d2051fe3a7c989c245,118881,https://m.dcinside.com/board/pokemoncardgame/118881,고레어 덱소스들 구매합니다,seller-51447db26eeb90b0124d315b,포갤러,registered,에너지 갈아달기 ur,에너지 갈아달기 ur,에너지 갈아달기 ur 장당,,,unknown,미분류,2,1.0,10000,estimated,per_card,text,unknown,,active,needs_review,needs_review,"가격 단위 추정, 배송비 포함 여부 미확정",estimated,yes,candidate_estimated,에너지 갈아달기 ur 2장 장당 1.0
9686e76ae92489d8ee5b19f9,pokemoncardgame,포켓몬 카드게임,2026-07,2026-07-19T21:21:49+09:00,known,cf251a959bda07457eb77ed1,9686e76ae92489d8ee5b19f9,118881,https://m.dcinside.com/board/pokemoncardgame/118881,고레어 덱소스들 구매합니다,seller-51447db26eeb90b0124d315b,포갤러,registered,제로의 대공동,제로의 대공동,제로의 대공동,,,unknown,미분류,1,1.8,18000,estimated,per_card,text,unknown,,active,needs_review,needs_review,"가격 단위 추정, 배송비 포함 여부 미확정",estimated,yes,candidate_estimated,제로의 대공동 1장 1.8
992e00b1b745515a04004762,pokemoncardgame,포켓몬 카드게임,2026-07,2026-07-19T21:21:49+09:00,known,b37f25923fdc2085ae592ec3,992e00b1b745515a04004762,118881,https://m.dcinside.com/board/pokemoncardgame/118881,고레어 덱소스들 구매합니다,seller-51447db26eeb90b0124d315b,포갤러,registered,스바 버전 풀에너지 ur,스바 버전 풀에너지 ur,스바 버전 풀에너지 ur,,,unknown,미분류,6,7.5,75000,estimated,bundle,text,unknown,,active,needs_review,needs_review,"가격 단위 추정, 일괄·세트 가격, 배송비 포함 여부 미확정, 묶음·세트 총액 · 개별 카드 가격 아님",estimated,no,no,스바 버전 풀에너지 ur 6장 일괄 7.5
aa44b51100b66c0ae89c6fc5,pokemoncardgame,포켓몬 카드게임,2026-07,2026-07-19T21:21:49+09:00,known,b37f25923fdc2085ae592ec3,aa44b51100b66c0ae89c6fc5,118881,https://m.dcinside.com/board/pokemoncardgame/118881,고레어 덱소스들 구매합니다,seller-51447db26eeb90b0124d315b,포갤러,registered,제로의 대공동,제로의 대공동,제로의 대공동,,,unknown,미분류,1,1.8,18000,estimated,per_card,text,unknown,,active,needs_review,needs_review,"가격 단위 추정, 배송비 포함 여부 미확정",estimated,yes,candidate_estimated,제로의 대공동 1장 1.8
ae215b40d78084a67a52ba64,pokemoncardgame,포켓몬 카드게임,2026-07,2026-07-19T21:21:49+09:00,known,cf251a959bda07457eb77ed1,ae215b40d78084a67a52ba64,118881,https://m.dcinside.com/board/pokemoncardgame/118881,고레어 덱소스들 구매합니다,seller-51447db26eeb90b0124d315b,포갤러,registered,스바 버전 풀에너지 ur,스바 버전 풀에너지 ur,스바 버전 풀에너지 ur,,,unknown,미분류,6,7.5,75000,estimated,bundle,text,unknown,,active,needs_review,needs_review,"가격 단위 추정, 일괄·세트 가격, 배송비 포함 여부 미확정, 묶음·세트 총액 · 개별 카드 가격 아님",estimated,no,no,스바 버전 풀에너지 ur 6장 일괄 7.5
bd5ed76d507086ab6cfc6bbf,pokemoncardgame,포켓몬 카드게임,2026-07,2026-07-19T21:21:49+09:00,known,b37f25923fdc2085ae592ec3,bd5ed76d507086ab6cfc6bbf,118881,https://m.dcinside.com/board/pokemoncardgame/118881,고레어 덱소스들 구매합니다,seller-51447db26eeb90b0124d315b,포갤러,registered,채집세트 몬볼 미러,채집세트 몬볼 미러,채집세트 몬볼 미러,,,unknown,미분류,4,2.0,20000,estimated,bundle,text,unknown,,active,needs_review,needs_review,"가격 단위 추정, 일괄·세트 가격, 배송비 포함 여부 미확정, 묶음·세트 총액 · 개별 카드 가격 아님",estimated,no,no,채집세트 몬볼 미러 4장 일괄 2.0
e2907072d01ff0c80f96ecee,pokemoncardgame,포켓몬 카드게임,2026-07,2026-07-19T21:21:49+09:00,known,b017238dc1a74b439b1c43ee,e2907072d01ff0c80f96ecee,118881,https://m.dcinside.com/board/pokemoncardgame/118881,고레어 덱소스들 구매합니다,seller-51447db26eeb90b0124d315b,포갤러,registered,채집세트 몬볼 미러,채집세트 몬볼 미러,채집세트 몬볼 미러,,,unknown,미분류,4,2.0,20000,estimated,bundle,text,unknown,,active,needs_review,needs_review,"가격 단위 추정, 일괄·세트 가격, 배송비 포함 여부 미확정, 묶음·세트 총액 · 개별 카드 가격 아님",estimated,no,no,채집세트 몬볼 미러 4장 일괄 2.0
26b1837552c7e887495c8621,pokemoncardgame,포켓몬 카드게임,2026-07,2026-07-19T22:19:58+09:00,known,70d0fd8730dfb33656a81205,26b1837552c7e887495c8621,118886,https://m.dcinside.com/board/pokemoncardgame/118886,"오리진 펄기아 vstar ur, 빛나 sar ㅍㅍ",seller-41d4e436da266bd3499365fa,히메코,registered,빛나 SAR 펄기아,빛나 SAR 펄기아,빛나 SAR 2.7 펄기아,,,unknown,미분류,1,3.0,30000,estimated,per_card,text,unknown,,active,needs_review,needs_review,"가격 단위 추정, 배송비 포함 여부 미확정",estimated,yes,candidate_estimated,빛나 SAR 2.7 펄기아 3.0
3fe01892286754800da28452,pokemoncardgame,포켓몬 카드게임,2026-07,2026-07-19T22:19:58+09:00,known,a331894e91c553f0046d156b,3fe01892286754800da28452,118886,https://m.dcinside.com/board/pokemoncardgame/118886,"오리진 펄기아 vstar ur, 빛나 sar ㅍㅍ",seller-41d4e436da266bd3499365fa,히메코,registered,빛나 SAR 펄기아,빛나 SAR 펄기아,빛나 SAR 2.7 펄기아,,,unknown,미분류,1,3.0,30000,estimated,per_card,text,unknown,,active,needs_review,needs_review,"가격 단위 추정, 배송비 포함 여부 미확정",estimated,yes,candidate_estimated,빛나 SAR 2.7 펄기아 3.0
6697fc3c1ab059f6b331623f,pokemoncardgame,포켓몬 카드게임,2026-07,2026-07-19T22:19:58+09:00,known,6ce54c2e4c59e94e81d6bf64,6697fc3c1ab059f6b331623f,118886,https://m.dcinside.com/board/pokemoncardgame/118886,"오리진 펄기아 vstar ur, 빛나 sar ㅍㅍ",seller-41d4e436da266bd3499365fa,히메코,registered,빛나 SAR 펄기아,빛나 SAR 펄기아,빛나 SAR 2.7 펄기아,,,unknown,미분류,1,3.0,30000,estimated,per_card,text,unknown,,active,needs_review,needs_review,"가격 단위 추정, 배송비 포함 여부 미확정",estimated,yes,candidate_estimated,빛나 SAR 2.7 펄기아 3.0
9f265b8d8281b8c3a42f6f93,pokemoncardgame,포켓몬 카드게임,2026-07,2026-07-19T22:19:58+09:00,known,d9477579f39f9c0de451027b,9f265b8d8281b8c3a42f6f93,118886,https://m.dcinside.com/board/pokemoncardgame/118886,"오리진 펄기아 vstar ur, 빛나 sar ㅍㅍ",seller-41d4e436da266bd3499365fa,히메코,registered,빛나 SAR 펄기아,빛나 SAR 펄기아,빛나 SAR 2.7 펄기아,,,unknown,미분류,1,3.0,30000,estimated,per_card,text,unknown,,active,needs_review,needs_review,"가격 단위 추정, 배송비 포함 여부 미확정",estimated,yes,candidate_estimated,빛나 SAR 2.7 펄기아 3.0
07133422ad1c5f59da992281,pokemoncardgame,포켓몬 카드게임,2026-07,2026-07-20T08:15:48+09:00,known,987be9859b3729c65b1d5bdb,07133422ad1c5f59da992281,118896,https://m.dcinside.com/board/pokemoncardgame/118896,덱소스 구매합니다,seller-eff59423676917c654f75310,ㅇㅇ,guest,사슬떡,사슬떡,사슬떡,,,unknown,미분류,1,1,10000,estimated,per_card,text,unknown,,active,needs_review,needs_review,"가격 단위 추정, 배송비 포함 여부 미확정",estimated,yes,candidate_estimated,사슬떡1
0dca31e293464361d8dc1b25,pokemoncardgame,포켓몬 카드게임,2026-07,2026-07-20T08:15:48+09:00,known,19cd295b19002406da999cfa,0dca31e293464361d8dc1b25,118896,https://m.dcinside.com/board/pokemoncardgame/118896,덱소스 구매합니다,seller-46df3cdd5aca44871a6271f2,ㅇㅇ,guest,사슬떡,사슬떡,사슬떡,,,unknown,미분류,1,1,10000,estimated,per_card,text,unknown,,active,needs_review,needs_review,"가격 단위 추정, 배송비 포함 여부 미확정",estimated,yes,candidate_estimated,사슬떡1
0e29441bac26e64b1fe34083,pokemoncardgame,포켓몬 카드게임,2026-07,2026-07-20T08:15:48+09:00,known,19cd295b19002406da999cfa,0e29441bac26e64b1fe34083,118896,https://m.dcinside.com/board/pokemoncardgame/118896,덱소스 구매합니다,seller-46df3cdd5aca44871a6271f2,ㅇㅇ,guest,시크릿박스,시크릿박스,시크릿박스,,,unknown,미분류,1,1,10000,estimated,per_card,text,unknown,,active,needs_review,needs_review,"가격 단위 추정, 배송비 포함 여부 미확정",estimated,yes,candidate_estimated,시크릿박스1
1b8fb4b5de9f8da7c364f30d,pokemoncardgame,포켓몬 카드게임,2026-07,2026-07-20T08:15:48+09:00,known,987be9859b3729c65b1d5bdb,1b8fb4b5de9f8da7c364f30d,118896,https://m.dcinside.com/board/pokemoncardgame/118896,덱소스 구매합니다,seller-eff59423676917c654f75310,ㅇㅇ,guest,미스트 에너지당,미스트 에너지당,미스트 에너지당,,,unknown,미분류,4,500,500,exact,per_card,text,unknown,,active,needs_review,needs_review,배송비 포함 여부 미확정,exact,yes,candidate_estimated,미스트 에너지4 장당 500원
24ec57aa3dea7d73c96fb5cd,pokemoncardgame,포켓몬 카드게임,2026-07,2026-07-20T08:15:48+09:00,known,4137e9e689e1204ce6d594ec,24ec57aa3dea7d73c96fb5cd,118896,https://m.dcinside.com/board/pokemoncardgame/118896,덱소스 구매합니다,seller-1ecc4840a6c91022e37bd3f2,ㅇㅇ,guest,시크릿박스,시크릿박스,시크릿박스,,,unknown,미분류,1,1,10000,estimated,per_card,text,unknown,,active,needs_review,needs_review,"가격 단위 추정, 배송비 포함 여부 미확정",estimated,yes,candidate_estimated,시크릿박스1
2a37a90968cf3f9e40cb13e2,pokemoncardgame,포켓몬 카드게임,2026-07,2026-07-20T08:15:48+09:00,known,987be9859b3729c65b1d5bdb,2a37a90968cf3f9e40cb13e2,118896,https://m.dcinside.com/board/pokemoncardgame/118896,덱소스 구매합니다,seller-eff59423676917c654f75310,ㅇㅇ,guest,변환의서,변환의서,변환의서,,,unknown,미분류,1,4,40000,estimated,per_card,text,unknown,,active,needs_review,needs_review,"가격 단위 추정, 배송비 포함 여부 미확정",estimated,yes,candidate_estimated,변환의서4
2d7fedffebc7576f32b75de3,pokemoncardgame,포켓몬 카드게임,2026-07,2026-07-20T08:15:48+09:00,known,b45764e977cc91827af66676,2d7fedffebc7576f32b75de3,118896,https://m.dcinside.com/board/pokemoncardgame/118896,덱소스 구매합니다,seller-26f25eaa5bff8d28b9240e6b,ㅇㅇ,guest,변환의서,변환의서,변환의서,,,unknown,미분류,1,4,40000,estimated,per_card,text,unknown,,active,needs_review,needs_review,"가격 단위 추정, 배송비 포함 여부 미확정",estimated,yes,candidate_estimated,변환의서4
3279a3cb409e878652a77fd6,pokemoncardgame,포켓몬 카드게임,2026-07,2026-07-20T08:15:48+09:00,known,987be9859b3729c65b1d5bdb,3279a3cb409e878652a77fd6,118896,https://m.dcinside.com/board/pokemoncardgame/118896,덱소스 구매합니다,seller-eff59423676917c654f75310,ㅇㅇ,guest,노고고치당,노고고치당,노고고치당,,,unknown,미분류,3,2000,2000,exact,per_card,text,unknown,,active,needs_review,needs_review,배송비 포함 여부 미확정,exact,yes,candidate_estimated,노고고치3 장당 2000원
38793c3d462d36d53b43a411,pokemoncardgame,포켓몬 카드게임,2026-07,2026-07-20T08:15:48+09:00,known,987be9859b3729c65b1d5bdb,38793c3d462d36d53b43a411,118896,https://m.dcinside.com/board/pokemoncardgame/118896,덱소스 구매합니다,seller-eff59423676917c654f75310,ㅇㅇ,guest,태권왕,태권왕,태권왕,,,unknown,미분류,1,1,10000,estimated,per_card,text,unknown,,active,needs_review,needs_review,"가격 단위 추정, 배송비 포함 여부 미확정",estimated,yes,candidate_estimated,태권왕1
3c1e07a2207d635e2ec9986d,pokemoncardgame,포켓몬 카드게임,2026-07,2026-07-20T08:15:48+09:00,known,b45764e977cc91827af66676,3c1e07a2207d635e2ec9986d,118896,https://m.dcinside.com/board/pokemoncardgame/118896,덱소스 구매합니다,seller-26f25eaa5bff8d28b9240e6b,ㅇㅇ,guest,사슬떡,사슬떡,사슬떡,,,unknown,미분류,1,1,10000,estimated,per_card,text,unknown,,active,needs_review,needs_review,"가격 단위 추정, 배송비 포함 여부 미확정",estimated,yes,candidate_estimated,사슬떡1
3df4f473a4faa3ee04727e75,pokemoncardgame,포켓몬 카드게임,2026-07,2026-07-20T08:15:48+09:00,known,987be9859b3729c65b1d5bdb,3df4f473a4faa3ee04727e75,118896,https://m.dcinside.com/board/pokemoncardgame/118896,덱소스 구매합니다,seller-eff59423676917c654f75310,ㅇㅇ,guest,암호매니아,암호매니아,암호매니아,,,unknown,미분류,1,1,10000,estimated,per_card,text,unknown,,active,needs_review,needs_review,"가격 단위 추정, 배송비 포함 여부 미확정",estimated,yes,candidate_estimated,암호매니아1
432a6a155c5c654be533815c,pokemoncardgame,포켓몬 카드게임,2026-07,2026-07-20T08:15:48+09:00,known,19cd295b19002406da999cfa,432a6a155c5c654be533815c,118896,https://m.dcinside.com/board/pokemoncardgame/118896,덱소스 구매합니다,seller-46df3cdd5aca44871a6271f2,ㅇㅇ,guest,미스트 에너지당,미스트 에너지당,미스트 에너지당,,,unknown,미분류,4,500,500,exact,per_card,text,unknown,,active,needs_review,needs_review,배송비 포함 여부 미확정,exact,yes,candidate_estimated,미스트 에너지4 장당 500원
5953a1b1f7d3005f5d2881bb,pokemoncardgame,포켓몬 카드게임,2026-07,2026-07-20T08:15:48+09:00,known,b45764e977cc91827af66676,5953a1b1f7d3005f5d2881bb,118896,https://m.dcinside.com/board/pokemoncardgame/118896,덱소스 구매합니다,seller-26f25eaa5bff8d28b9240e6b,ㅇㅇ,guest,60체 노고치당,60체 노고치당,60체 노고치당,,,unknown,미분류,2,500,500,exact,per_card,text,unknown,,active,needs_review,needs_review,배송비 포함 여부 미확정,exact,yes,candidate_estimated,60체 노고치2 장당 500원
60268062a478b45a476e07d9,pokemoncardgame,포켓몬 카드게임,2026-07,2026-07-20T08:15:48+09:00,known,b45764e977cc91827af66676,60268062a478b45a476e07d9,118896,https://m.dcinside.com/board/pokemoncardgame/118896,덱소스 구매합니다,seller-26f25eaa5bff8d28b9240e6b,ㅇㅇ,guest,미스트 에너지당,미스트 에너지당,미스트 에너지당,,,unknown,미분류,4,500,500,exact,per_card,text,unknown,,active,needs_review,needs_review,배송비 포함 여부 미확정,exact,yes,candidate_estimated,미스트 에너지4 장당 500원
637d76bf18c7058bdef2f544,pokemoncardgame,포켓몬 카드게임,2026-07,2026-07-20T08:15:48+09:00,known,4137e9e689e1204ce6d594ec,637d76bf18c7058bdef2f544,118896,https://m.dcinside.com/board/pokemoncardgame/118896,덱소스 구매합니다,seller-1ecc4840a6c91022e37bd3f2,ㅇㅇ,guest,태권왕,태권왕,태권왕,,,unknown,미분류,1,1,10000,estimated,per_card,text,unknown,,active,needs_review,needs_review,"가격 단위 추정, 배송비 포함 여부 미확정",estimated,yes,candidate_estimated,태권왕1
6ba795a8f48c9dba19c36e6a,pokemoncardgame,포켓몬 카드게임,2026-07,2026-07-20T08:15:48+09:00,known,19cd295b19002406da999cfa,6ba795a8f48c9dba19c36e6a,118896,https://m.dcinside.com/board/pokemoncardgame/118896,덱소스 구매합니다,seller-46df3cdd5aca44871a6271f2,ㅇㅇ,guest,변환의서,변환의서,변환의서,,,unknown,미분류,1,4,40000,estimated,per_card,text,unknown,,active,needs_review,needs_review,"가격 단위 추정, 배송비 포함 여부 미확정",estimated,yes,candidate_estimated,변환의서4
6e385956fab491f37cecdaea,pokemoncardgame,포켓몬 카드게임,2026-07,2026-07-20T08:15:48+09:00,known,987be9859b3729c65b1d5bdb,6e385956fab491f37cecdaea,118896,https://m.dcinside.com/board/pokemoncardgame/118896,덱소스 구매합니다,seller-eff59423676917c654f75310,ㅇㅇ,guest,다 합치면,다 합치면,다 합치면,,,unknown,미분류,1,22000,22000,exact,per_card,text,unknown,,active,needs_review,needs_review,배송비 포함 여부 미확정,exact,yes,candidate_estimated,다 합치면 22000원에 삽니다
762be13745fdd2193738c921,pokemoncardgame,포켓몬 카드게임,2026-07,2026-07-20T08:15:48+09:00,known,19cd295b19002406da999cfa,762be13745fdd2193738c921,118896,https://m.dcinside.com/board/pokemoncardgame/118896,덱소스 구매합니다,seller-46df3cdd5aca44871a6271f2,ㅇㅇ,guest,태권왕,태권왕,태권왕,,,unknown,미분류,1,1,10000,estimated,per_card,text,unknown,,active,needs_review,needs_review,"가격 단위 추정, 배송비 포함 여부 미확정",estimated,yes,candidate_estimated,태권왕1
7d3189224a8c806a19e3f152,pokemoncardgame,포켓몬 카드게임,2026-07,2026-07-20T08:15:48+09:00,known,4137e9e689e1204ce6d594ec,7d3189224a8c806a19e3f152,118896,https://m.dcinside.com/board/pokemoncardgame/118896,덱소스 구매합니다,seller-1ecc4840a6c91022e37bd3f2,ㅇㅇ,guest,언페어,언페어,언페어,,,unknown,미분류,1,1,10000,estimated,per_card,text,unknown,,active,needs_review,needs_review,"가격 단위 추정, 배송비 포함 여부 미확정",estimated,yes,candidate_estimated,언페어1
7f42ec4e65493c36bda57199,pokemoncardgame,포켓몬 카드게임,2026-07,2026-07-20T08:15:48+09:00,known,987be9859b3729c65b1d5bdb,7f42ec4e65493c36bda57199,118896,https://m.dcinside.com/board/pokemoncardgame/118896,덱소스 구매합니다,seller-eff59423676917c654f75310,ㅇㅇ,guest,60체 노고치당,60체 노고치당,60체 노고치당,,,unknown,미분류,2,500,500,exact,per_card,text,unknown,,active,needs_review,needs_review,배송비 포함 여부 미확정,exact,yes,candidate_estimated,60체 노고치2 장당 500원
88a3cf747317b62c3a01a430,pokemoncardgame,포켓몬 카드게임,2026-07,2026-07-20T08:15:48+09:00,known,4137e9e689e1204ce6d594ec,88a3cf747317b62c3a01a430,118896,https://m.dcinside.com/board/pokemoncardgame/118896,덱소스 구매합니다,seller-1ecc4840a6c91022e37bd3f2,ㅇㅇ,guest,다 합치면,다 합치면,다 합치면,,,unknown,미분류,1,22000,22000,exact,per_card,text,unknown,,active,needs_review,needs_review,배송비 포함 여부 미확정,exact,yes,candidate_estimated,다 합치면 22000원에 삽니다
8efe4317a05816974ded1726,pokemoncardgame,포켓몬 카드게임,2026-07,2026-07-20T08:15:48+09:00,known,4137e9e689e1204ce6d594ec,8efe4317a05816974ded1726,118896,https://m.dcinside.com/board/pokemoncardgame/118896,덱소스 구매합니다,seller-1ecc4840a6c91022e37bd3f2,ㅇㅇ,guest,암호매니아,암호매니아,암호매니아,,,unknown,미분류,1,1,10000,estimated,per_card,text,unknown,,active,needs_review,needs_review,"가격 단위 추정, 배송비 포함 여부 미확정",estimated,yes,candidate_estimated,암호매니아1
9c366be231a1af874fe8a123,pokemoncardgame,포켓몬 카드게임,2026-07,2026-07-20T08:15:48+09:00,known,b45764e977cc91827af66676,9c366be231a1af874fe8a123,118896,https://m.dcinside.com/board/pokemoncardgame/118896,덱소스 구매합니다,seller-26f25eaa5bff8d28b9240e6b,ㅇㅇ,guest,암호매니아,암호매니아,암호매니아,,,unknown,미분류,1,1,10000,estimated,per_card,text,unknown,,active,needs_review,needs_review,"가격 단위 추정, 배송비 포함 여부 미확정",estimated,yes,candidate_estimated,암호매니아1
9e647e6cb28de8ab3c2e0937,pokemoncardgame,포켓몬 카드게임,2026-07,2026-07-20T08:15:48+09:00,known,19cd295b19002406da999cfa,9e647e6cb28de8ab3c2e0937,118896,https://m.dcinside.com/board/pokemoncardgame/118896,덱소스 구매합니다,seller-46df3cdd5aca44871a6271f2,ㅇㅇ,guest,다 합치면,다 합치면,다 합치면,,,unknown,미분류,1,22000,22000,exact,per_card,text,unknown,,active,needs_review,needs_review,배송비 포함 여부 미확정,exact,yes,candidate_estimated,다 합치면 22000원에 삽니다
ad7947d4879dac4c0c6abd56,pokemoncardgame,포켓몬 카드게임,2026-07,2026-07-20T08:15:48+09:00,known,4137e9e689e1204ce6d594ec,ad7947d4879dac4c0c6abd56,118896,https://m.dcinside.com/board/pokemoncardgame/118896,덱소스 구매합니다,seller-1ecc4840a6c91022e37bd3f2,ㅇㅇ,guest,미스트 에너지당,미스트 에너지당,미스트 에너지당,,,unknown,미분류,4,500,500,exact,per_card,text,unknown,,active,needs_review,needs_review,배송비 포함 여부 미확정,exact,yes,candidate_estimated,미스트 에너지4 장당 500원
b6faa4e69ac1c1f1e9f11451,pokemoncardgame,포켓몬 카드게임,2026-07,2026-07-20T08:15:48+09:00,known,987be9859b3729c65b1d5bdb,b6faa4e69ac1c1f1e9f11451,118896,https://m.dcinside.com/board/pokemoncardgame/118896,덱소스 구매합니다,seller-eff59423676917c654f75310,ㅇㅇ,guest,언페어,언페어,언페어,,,unknown,미분류,1,1,10000,estimated,per_card,text,unknown,,active,needs_review,needs_review,"가격 단위 추정, 배송비 포함 여부 미확정",estimated,yes,candidate_estimated,언페어1
ba06e824c351a974a46bc931,pokemoncardgame,포켓몬 카드게임,2026-07,2026-07-20T08:15:48+09:00,known,b45764e977cc91827af66676,ba06e824c351a974a46bc931,118896,https://m.dcinside.com/board/pokemoncardgame/118896,덱소스 구매합니다,seller-26f25eaa5bff8d28b9240e6b,ㅇㅇ,guest,언페어,언페어,언페어,,,unknown,미분류,1,1,10000,estimated,per_card,text,unknown,,active,needs_review,needs_review,"가격 단위 추정, 배송비 포함 여부 미확정",estimated,yes,candidate_estimated,언페어1
bb0734044cfeccbcb207aa44,pokemoncardgame,포켓몬 카드게임,2026-07,2026-07-20T08:15:48+09:00,known,b45764e977cc91827af66676,bb0734044cfeccbcb207aa44,118896,https://m.dcinside.com/board/pokemoncardgame/118896,덱소스 구매합니다,seller-26f25eaa5bff8d28b9240e6b,ㅇㅇ,guest,다 합치면,다 합치면,다 합치면,,,unknown,미분류,1,22000,22000,exact,per_card,text,unknown,,active,needs_review,needs_review,배송비 포함 여부 미확정,exact,yes,candidate_estimated,다 합치면 22000원에 삽니다
bce66f4b8e9e3432cf86b924,pokemoncardgame,포켓몬 카드게임,2026-07,2026-07-20T08:15:48+09:00,known,19cd295b19002406da999cfa,bce66f4b8e9e3432cf86b924,118896,https://m.dcinside.com/board/pokemoncardgame/118896,덱소스 구매합니다,seller-46df3cdd5aca44871a6271f2,ㅇㅇ,guest,언페어,언페어,언페어,,,unknown,미분류,1,1,10000,estimated,per_card,text,unknown,,active,needs_review,needs_review,"가격 단위 추정, 배송비 포함 여부 미확정",estimated,yes,candidate_estimated,언페어1
bf1c8e97a6932cfd963a015d,pokemoncardgame,포켓몬 카드게임,2026-07,2026-07-20T08:15:48+09:00,known,4137e9e689e1204ce6d594ec,bf1c8e97a6932cfd963a015d,118896,https://m.dcinside.com/board/pokemoncardgame/118896,덱소스 구매합니다,seller-1ecc4840a6c91022e37bd3f2,ㅇㅇ,guest,변환의서,변환의서,변환의서,,,unknown,미분류,1,4,40000,estimated,per_card,text,unknown,,active,needs_review,needs_review,"가격 단위 추정, 배송비 포함 여부 미확정",estimated,yes,candidate_estimated,변환의서4
c7259c389c7ff3be19ccc315,pokemoncardgame,포켓몬 카드게임,2026-07,2026-07-20T08:15:48+09:00,known,4137e9e689e1204ce6d594ec,c7259c389c7ff3be19ccc315,118896,https://m.dcinside.com/board/pokemoncardgame/118896,덱소스 구매합니다,seller-1ecc4840a6c91022e37bd3f2,ㅇㅇ,guest,노고고치당,노고고치당,노고고치당,,,unknown,미분류,3,2000,2000,exact,per_card,text,unknown,,active,needs_review,needs_review,배송비 포함 여부 미확정,exact,yes,candidate_estimated,노고고치3 장당 2000원
cbd01f5d97d0f8b5f4f548a0,pokemoncardgame,포켓몬 카드게임,2026-07,2026-07-20T08:15:48+09:00,known,b45764e977cc91827af66676,cbd01f5d97d0f8b5f4f548a0,118896,https://m.dcinside.com/board/pokemoncardgame/118896,덱소스 구매합니다,seller-26f25eaa5bff8d28b9240e6b,ㅇㅇ,guest,노고고치당,노고고치당,노고고치당,,,unknown,미분류,3,2000,2000,exact,per_card,text,unknown,,active,needs_review,needs_review,배송비 포함 여부 미확정,exact,yes,candidate_estimated,노고고치3 장당 2000원
ce86219d4d46d6d549ff4ecf,pokemoncardgame,포켓몬 카드게임,2026-07,2026-07-20T08:15:48+09:00,known,b45764e977cc91827af66676,ce86219d4d46d6d549ff4ecf,118896,https://m.dcinside.com/board/pokemoncardgame/118896,덱소스 구매합니다,seller-26f25eaa5bff8d28b9240e6b,ㅇㅇ,guest,시크릿박스,시크릿박스,시크릿박스,,,unknown,미분류,1,1,10000,estimated,per_card,text,unknown,,active,needs_review,needs_review,"가격 단위 추정, 배송비 포함 여부 미확정",estimated,yes,candidate_estimated,시크릿박스1
d0a73201df0209cb72ba3f33,pokemoncardgame,포켓몬 카드게임,2026-07,2026-07-20T08:15:48+09:00,known,b45764e977cc91827af66676,d0a73201df0209cb72ba3f33,118896,https://m.dcinside.com/board/pokemoncardgame/118896,덱소스 구매합니다,seller-26f25eaa5bff8d28b9240e6b,ㅇㅇ,guest,태권왕,태권왕,태권왕,,,unknown,미분류,1,1,10000,estimated,per_card,text,unknown,,active,needs_review,needs_review,"가격 단위 추정, 배송비 포함 여부 미확정",estimated,yes,candidate_estimated,태권왕1
dd38f661a432190eda5a8f64,pokemoncardgame,포켓몬 카드게임,2026-07,2026-07-20T08:15:48+09:00,known,4137e9e689e1204ce6d594ec,dd38f661a432190eda5a8f64,118896,https://m.dcinside.com/board/pokemoncardgame/118896,덱소스 구매합니다,seller-1ecc4840a6c91022e37bd3f2,ㅇㅇ,guest,사슬떡,사슬떡,사슬떡,,,unknown,미분류,1,1,10000,estimated,per_card,text,unknown,,active,needs_review,needs_review,"가격 단위 추정, 배송비 포함 여부 미확정",estimated,yes,candidate_estimated,사슬떡1
e357e862f3073544720f0440,pokemoncardgame,포켓몬 카드게임,2026-07,2026-07-20T08:15:48+09:00,known,987be9859b3729c65b1d5bdb,e357e862f3073544720f0440,118896,https://m.dcinside.com/board/pokemoncardgame/118896,덱소스 구매합니다,seller-eff59423676917c654f75310,ㅇㅇ,guest,시크릿박스,시크릿박스,시크릿박스,,,unknown,미분류,1,1,10000,estimated,per_card,text,unknown,,active,needs_review,needs_review,"가격 단위 추정, 배송비 포함 여부 미확정",estimated,yes,candidate_estimated,시크릿박스1
e58e35cde469e50c1c1c5fa3,pokemoncardgame,포켓몬 카드게임,2026-07,2026-07-20T08:15:48+09:00,known,4137e9e689e1204ce6d594ec,e58e35cde469e50c1c1c5fa3,118896,https://m.dcinside.com/board/pokemoncardgame/118896,덱소스 구매합니다,seller-1ecc4840a6c91022e37bd3f2,ㅇㅇ,guest,60체 노고치당,60체 노고치당,60체 노고치당,,,unknown,미분류,2,500,500,exact,per_card,text,unknown,,active,needs_review,needs_review,배송비 포함 여부 미확정,exact,yes,candidate_estimated,60체 노고치2 장당 500원
eeb02ef13b05ba18964f5b17,pokemoncardgame,포켓몬 카드게임,2026-07,2026-07-20T08:15:48+09:00,known,19cd295b19002406da999cfa,eeb02ef13b05ba18964f5b17,118896,https://m.dcinside.com/board/pokemoncardgame/118896,덱소스 구매합니다,seller-46df3cdd5aca44871a6271f2,ㅇㅇ,guest,노고고치당,노고고치당,노고고치당,,,unknown,미분류,3,2000,2000,exact,per_card,text,unknown,,active,needs_review,needs_review,배송비 포함 여부 미확정,exact,yes,candidate_estimated,노고고치3 장당 2000원
efd159d3e3a91ed7ff17ccfc,pokemoncardgame,포켓몬 카드게임,2026-07,2026-07-20T08:15:48+09:00,known,19cd295b19002406da999cfa,efd159d3e3a91ed7ff17ccfc,118896,https://m.dcinside.com/board/pokemoncardgame/118896,덱소스 구매합니다,seller-46df3cdd5aca44871a6271f2,ㅇㅇ,guest,암호매니아,암호매니아,암호매니아,,,unknown,미분류,1,1,10000,estimated,per_card,text,unknown,,active,needs_review,needs_review,"가격 단위 추정, 배송비 포함 여부 미확정",estimated,yes,candidate_estimated,암호매니아1
f581af77e20ccc058f2f8fa5,pokemoncardgame,포켓몬 카드게임,2026-07,2026-07-20T08:15:48+09:00,known,19cd295b19002406da999cfa,f581af77e20ccc058f2f8fa5,118896,https://m.dcinside.com/board/pokemoncardgame/118896,덱소스 구매합니다,seller-46df3cdd5aca44871a6271f2,ㅇㅇ,guest,60체 노고치당,60체 노고치당,60체 노고치당,,,unknown,미분류,2,500,500,exact,per_card,text,unknown,,active,needs_review,needs_review,배송비 포함 여부 미확정,exact,yes,candidate_estimated,60체 노고치2 장당 500원
7aacbfa3cf43aa2460ecd180,pokemoncardgame,포켓몬 카드게임,2026-07,2026-07-21T10:41:18+09:00,known,f0466184f3e5518c9750cdef,7aacbfa3cf43aa2460ecd180,118951,https://m.dcinside.com/board/pokemoncardgame/118951,앨범용 빛나 sar ㅍㅍ,seller-41d4e436da266bd3499365fa,히메코,registered,빛나 SAR 앨범용,빛나 SAR 앨범용,빛나 SAR 앨범용,,,unknown,미분류,1,2.5,25000,estimated,per_card,text,unknown,,active,needs_review,needs_review,"가격 단위 추정, 배송비 포함 여부 미확정",estimated,yes,candidate_estimated,빛나 SAR 앨범용 2.5에 ㅍㅍ
899a11a8e0283f0246813e4d,pokemoncardgame,포켓몬 카드게임,2026-07,2026-07-21T10:41:18+09:00,known,6c7fe82bb495f79635273e6a,899a11a8e0283f0246813e4d,118951,https://m.dcinside.com/board/pokemoncardgame/118951,앨범용 빛나 sar ㅍㅍ,seller-41d4e436da266bd3499365fa,히메코,registered,빛나 SAR 앨범용,빛나 SAR 앨범용,빛나 SAR 앨범용,,,unknown,미분류,1,2.5,25000,estimated,per_card,text,unknown,,active,needs_review,needs_review,"가격 단위 추정, 배송비 포함 여부 미확정",estimated,yes,candidate_estimated,빛나 SAR 앨범용 2.5에 ㅍㅍ
a17ebc6e566b53b52d207885,pokemoncardgame,포켓몬 카드게임,2026-07,2026-07-21T10:41:18+09:00,known,cd73459d56d4c485a4e8255d,a17ebc6e566b53b52d207885,118951,https://m.dcinside.com/board/pokemoncardgame/118951,앨범용 빛나 sar ㅍㅍ,seller-41d4e436da266bd3499365fa,히메코,registered,빛나 SAR 앨범용,빛나 SAR 앨범용,빛나 SAR 앨범용,,,unknown,미분류,1,2.5,25000,estimated,per_card,text,unknown,,active,needs_review,needs_review,"가격 단위 추정, 배송비 포함 여부 미확정",estimated,yes,candidate_estimated,빛나 SAR 앨범용 2.5에 ㅍㅍ
fadf0bc09c13d7d50413e8bb,pokemoncardgame,포켓몬 카드게임,2026-07,2026-07-21T10:41:18+09:00,known,8b1e535e3430831a04ca4d23,fadf0bc09c13d7d50413e8bb,118951,https://m.dcinside.com/board/pokemoncardgame/118951,앨범용 빛나 sar ㅍㅍ,seller-41d4e436da266bd3499365fa,히메코,registered,빛나 SAR 앨범용,빛나 SAR 앨범용,빛나 SAR 앨범용,,,unknown,미분류,1,2.5,25000,estimated,per_card,text,unknown,,active,needs_review,needs_review,"가격 단위 추정, 배송비 포함 여부 미확정",estimated,yes,candidate_estimated,빛나 SAR 앨범용 2.5에 ㅍㅍ
4c433809ad96c25b2794321f,pokemoncardgame,포켓몬 카드게임,2026-07,2026-07-21T18:47:55+09:00,known,69116e4258d792d2afe9a0dc,4c433809ad96c25b2794321f,118967,https://m.dcinside.com/board/pokemoncardgame/118967,"모야모 세트 슬리브 미개봉,모야모의 찌리배리 배틀파트너즈 sar",seller-1a1585536d70b75322d69bf9,다크리루,guest,모야모 세트에 있는 슬리브 미개봉으로,모야모 세트에 있는 슬리브 미개봉으로,모야모 세트에 있는 슬리브 미개봉으로,,,unknown,미분류,1,1.5,15000,estimated,bundle,text,unknown,,active,needs_review,needs_review,"가격 단위 추정, 일괄·세트 가격, 배송비 포함 여부 미확정, 묶음·세트 총액 · 개별 카드 가격 아님",estimated,no,no,모야모 세트에 있는 슬리브 미개봉으로 1.5에 사고
90170b13e50f9074c37af917,pokemoncardgame,포켓몬 카드게임,2026-07,2026-07-21T18:47:55+09:00,known,fd2260cdbbd2f67d549fa7b3,90170b13e50f9074c37af917,118967,https://m.dcinside.com/board/pokemoncardgame/118967,"모야모 세트 슬리브 미개봉,모야모의 찌리배리 배틀파트너즈 sar",seller-1cd6ade2698d0d69d5a9d2ab,다크리루,guest,배틀파트너즈 모야모의 찌리배리 sar,배틀파트너즈 모야모의 찌리배리 sar,배틀파트너즈 모야모의 찌리배리 sar 장당,,,unknown,미분류,1,2.2,22000,estimated,per_card,text,unknown,,active,needs_review,needs_review,"가격 단위 추정, 배송비 포함 여부 미확정",estimated,yes,candidate_estimated,배틀파트너즈 모야모의 찌리배리 sar 장당2.2에 2장까지사요
a52ca93b6ab323db22c5bf66,pokemoncardgame,포켓몬 카드게임,2026-07,2026-07-21T18:47:55+09:00,known,af4a2ff56790402138fb1195,a52ca93b6ab323db22c5bf66,118967,https://m.dcinside.com/board/pokemoncardgame/118967,"모야모 세트 슬리브 미개봉,모야모의 찌리배리 배틀파트너즈 sar",seller-fc473cf1b6ed50782dfc20f1,다크리루,guest,배틀파트너즈 모야모의 찌리배리 sar,배틀파트너즈 모야모의 찌리배리 sar,배틀파트너즈 모야모의 찌리배리 sar 장당,,,unknown,미분류,1,2.2,22000,estimated,per_card,text,unknown,,active,needs_review,needs_review,"가격 단위 추정, 배송비 포함 여부 미확정",estimated,yes,candidate_estimated,배틀파트너즈 모야모의 찌리배리 sar 장당2.2에 2장까지사요
c436325b5ec2edce6333c81a,pokemoncardgame,포켓몬 카드게임,2026-07,2026-07-21T18:47:55+09:00,known,5eb617121cccf59599cfcc76,c436325b5ec2edce6333c81a,118967,https://m.dcinside.com/board/pokemoncardgame/118967,"모야모 세트 슬리브 미개봉,모야모의 찌리배리 배틀파트너즈 sar",seller-fa0d362a6fd045de8a47c4ed,다크리루,guest,배틀파트너즈 모야모의 찌리배리 sar,배틀파트너즈 모야모의 찌리배리 sar,배틀파트너즈 모야모의 찌리배리 sar 장당,,,unknown,미분류,1,2.2,22000,estimated,per_card,text,unknown,,active,needs_review,needs_review,"가격 단위 추정, 배송비 포함 여부 미확정",estimated,yes,candidate_estimated,배틀파트너즈 모야모의 찌리배리 sar 장당2.2에 2장까지사요
caeb103a07f67c9cf4ab602e,pokemoncardgame,포켓몬 카드게임,2026-07,2026-07-21T18:47:55+09:00,known,af4a2ff56790402138fb1195,caeb103a07f67c9cf4ab602e,118967,https://m.dcinside.com/board/pokemoncardgame/118967,"모야모 세트 슬리브 미개봉,모야모의 찌리배리 배틀파트너즈 sar",seller-fc473cf1b6ed50782dfc20f1,다크리루,guest,모야모 세트에 있는 슬리브 미개봉으로,모야모 세트에 있는 슬리브 미개봉으로,모야모 세트에 있는 슬리브 미개봉으로,,,unknown,미분류,1,1.5,15000,estimated,bundle,text,unknown,,active,needs_review,needs_review,"가격 단위 추정, 일괄·세트 가격, 배송비 포함 여부 미확정, 묶음·세트 총액 · 개별 카드 가격 아님",estimated,no,no,모야모 세트에 있는 슬리브 미개봉으로 1.5에 사고
eb4905ba9daf19683a231d51,pokemoncardgame,포켓몬 카드게임,2026-07,2026-07-21T18:47:55+09:00,known,69116e4258d792d2afe9a0dc,eb4905ba9daf19683a231d51,118967,https://m.dcinside.com/board/pokemoncardgame/118967,"모야모 세트 슬리브 미개봉,모야모의 찌리배리 배틀파트너즈 sar",seller-1a1585536d70b75322d69bf9,다크리루,guest,배틀파트너즈 모야모의 찌리배리 sar,배틀파트너즈 모야모의 찌리배리 sar,배틀파트너즈 모야모의 찌리배리 sar 장당,,,unknown,미분류,1,2.2,22000,estimated,per_card,text,unknown,,active,needs_review,needs_review,"가격 단위 추정, 배송비 포함 여부 미확정",estimated,yes,candidate_estimated,배틀파트너즈 모야모의 찌리배리 sar 장당2.2에 2장까지사요
f7a7126e7c0b9a8b2d3759c5,pokemoncardgame,포켓몬 카드게임,2026-07,2026-07-21T18:47:55+09:00,known,5eb617121cccf59599cfcc76,f7a7126e7c0b9a8b2d3759c5,118967,https://m.dcinside.com/board/pokemoncardgame/118967,"모야모 세트 슬리브 미개봉,모야모의 찌리배리 배틀파트너즈 sar",seller-fa0d362a6fd045de8a47c4ed,다크리루,guest,모야모 세트에 있는 슬리브 미개봉으로,모야모 세트에 있는 슬리브 미개봉으로,모야모 세트에 있는 슬리브 미개봉으로,,,unknown,미분류,1,1.5,15000,estimated,bundle,text,unknown,,active,needs_review,needs_review,"가격 단위 추정, 일괄·세트 가격, 배송비 포함 여부 미확정, 묶음·세트 총액 · 개별 카드 가격 아님",estimated,no,no,모야모 세트에 있는 슬리브 미개봉으로 1.5에 사고
fe284cb9895861ab2274fd53,pokemoncardgame,포켓몬 카드게임,2026-07,2026-07-21T18:47:55+09:00,known,fd2260cdbbd2f67d549fa7b3,fe284cb9895861ab2274fd53,118967,https://m.dcinside.com/board/pokemoncardgame/118967,"모야모 세트 슬리브 미개봉,모야모의 찌리배리 배틀파트너즈 sar",seller-1cd6ade2698d0d69d5a9d2ab,다크리루,guest,모야모 세트에 있는 슬리브 미개봉으로,모야모 세트에 있는 슬리브 미개봉으로,모야모 세트에 있는 슬리브 미개봉으로,,,unknown,미분류,1,1.5,15000,estimated,bundle,text,unknown,,active,needs_review,needs_review,"가격 단위 추정, 일괄·세트 가격, 배송비 포함 여부 미확정, 묶음·세트 총액 · 개별 카드 가격 아님",estimated,no,no,모야모 세트에 있는 슬리브 미개봉으로 1.5에 사고
099308f509bd5a90a61bf9a9,pokemoncardgame,포켓몬 카드게임,2026-07,2026-07-21T22:49:46+09:00,known,2994c7f46f96a39cc207aee6,099308f509bd5a90a61bf9a9,118983,https://m.dcinside.com/board/pokemoncardgame/118983,메상해꽃 덱 하솔sar 판매 및 구매,seller-6a6106e28956f4070c3b4862,섬도희-아가리,registered,var safe = window.dcAd && window.dcAd.safe ==,var safe = window.dcAd && window.dcAd.safe ==,var safe = (window.dcAd && window.dcAd.safe ==,,,unknown,미분류,1,1,10000,estimated,bundle,text,unknown,,active,needs_review,needs_review,"가격 단위 추정, 복수 카드 가격, 배송비 포함 여부 미확정, 묶음·세트 총액 · 개별 카드 가격 아님",estimated,no,no,var safe = (window.dcAd && window.dcAd.safe == 1)
5076b732b7172d2fe682bf93,pokemoncardgame,포켓몬 카드게임,2026-07,2026-07-21T22:49:46+09:00,known,249584b9e41bfbf93a0b7b65,5076b732b7172d2fe682bf93,118983,https://m.dcinside.com/board/pokemoncardgame/118983,메상해꽃 덱 하솔sar 판매 및 구매,seller-6a6106e28956f4070c3b4862,섬도희-아가리,registered,var safe = window.dcAd && window.dcAd.safe ==,var safe = window.dcAd && window.dcAd.safe ==,var safe = (window.dcAd && window.dcAd.safe ==,,,unknown,미분류,1,1,10000,estimated,bundle,text,unknown,,active,needs_review,needs_review,"가격 단위 추정, 복수 카드 가격, 배송비 포함 여부 미확정, 묶음·세트 총액 · 개별 카드 가격 아님",estimated,no,no,var safe = (window.dcAd && window.dcAd.safe == 1)
51ffa8f522d68d647340fe61,pokemoncardgame,포켓몬 카드게임,2026-07,2026-07-21T22:49:46+09:00,known,cd830ce49274fbafe0977708,51ffa8f522d68d647340fe61,118983,https://m.dcinside.com/board/pokemoncardgame/118983,메상해꽃 덱 하솔sar 판매 및 구매,seller-6a6106e28956f4070c3b4862,섬도희-아가리,registered,,장당,장당,,,unknown,미분류,1,1.3,13000,estimated,per_card,text,unknown,,active,needs_review,needs_review,"가격 단위 추정, 배송비 포함 여부 미확정",estimated,yes,candidate_estimated,장당1.3
520f1ba1eb24ff7509850e6b,pokemoncardgame,포켓몬 카드게임,2026-07,2026-07-21T22:49:46+09:00,known,8c3ec4fa2849bf1b08e6b745,520f1ba1eb24ff7509850e6b,118983,https://m.dcinside.com/board/pokemoncardgame/118983,메상해꽃 덱 하솔sar 판매 및 구매,seller-6a6106e28956f4070c3b4862,섬도희-아가리,registered,DOM 삽입 헬퍼 현재 스크립트 위치 기준,DOM 삽입 헬퍼 현재 스크립트 위치 기준,// ---- DOM 삽입 헬퍼 (현재 스크립트 위치 기준,,,unknown,미분류,1,1,10000,estimated,bundle,text,unknown,,active,needs_review,needs_review,"가격 단위 추정, 복수 카드 가격, 배송비 포함 여부 미확정, 묶음·세트 총액 · 개별 카드 가격 아님",estimated,no,no,// ---- DOM 삽입 헬퍼 (현재 스크립트 위치 기준1)
5464b8fec874589ee04418cd,pokemoncardgame,포켓몬 카드게임,2026-07,2026-07-21T22:49:46+09:00,known,cd830ce49274fbafe0977708,5464b8fec874589ee04418cd,118983,https://m.dcinside.com/board/pokemoncardgame/118983,메상해꽃 덱 하솔sar 판매 및 구매,seller-6a6106e28956f4070c3b4862,섬도희-아가리,registered,var safe = window.dcAd && window.dcAd.safe ==,var safe = window.dcAd && window.dcAd.safe ==,var safe = (window.dcAd && window.dcAd.safe ==,,,unknown,미분류,1,1,10000,estimated,bundle,text,unknown,,active,needs_review,needs_review,"가격 단위 추정, 복수 카드 가격, 배송비 포함 여부 미확정, 묶음·세트 총액 · 개별 카드 가격 아님",estimated,no,no,var safe = (window.dcAd && window.dcAd.safe == 1)
5c64dc1c00bb8ea4d2e2ee78,pokemoncardgame,포켓몬 카드게임,2026-07,2026-07-21T22:49:46+09:00,known,2994c7f46f96a39cc207aee6,5c64dc1c00bb8ea4d2e2ee78,118983,https://m.dcinside.com/board/pokemoncardgame/118983,메상해꽃 덱 하솔sar 판매 및 구매,seller-6a6106e28956f4070c3b4862,섬도희-아가리,registered,,장당,장당,,,unknown,미분류,1,1.3,13000,estimated,per_card,text,unknown,,active,needs_review,needs_review,"가격 단위 추정, 배송비 포함 여부 미확정",estimated,yes,candidate_estimated,장당1.3
5d16ec0a225a2e637b22ff77,pokemoncardgame,포켓몬 카드게임,2026-07,2026-07-21T22:49:46+09:00,known,2994c7f46f96a39cc207aee6,5d16ec0a225a2e637b22ff77,118983,https://m.dcinside.com/board/pokemoncardgame/118983,메상해꽃 덱 하솔sar 판매 및 구매,seller-6a6106e28956f4070c3b4862,섬도희-아가리,registered,loadScript ' t,loadScript ' t,loadScript('//t,,,unknown,미분류,1,1,10000,estimated,bundle,text,unknown,,active,needs_review,needs_review,"가격 단위 추정, 복수 카드 가격, 배송비 포함 여부 미확정, 묶음·세트 총액 · 개별 카드 가격 아님",estimated,no,no,"loadScript('//t1.kakaocdn.net/kas/static/ba.min.js', true);"
6de22cdcb9330113aaac0a37,pokemoncardgame,포켓몬 카드게임,2026-07,2026-07-21T22:49:46+09:00,known,8c3ec4fa2849bf1b08e6b745,6de22cdcb9330113aaac0a37,118983,https://m.dcinside.com/board/pokemoncardgame/118983,메상해꽃 덱 하솔sar 판매 및 구매,seller-6a6106e28956f4070c3b4862,섬도희-아가리,registered,loadScript 'https pagead,loadScript 'https pagead,loadScript('https://pagead,,,unknown,미분류,1,2,20000,estimated,bundle,text,unknown,,active,needs_review,needs_review,"가격 단위 추정, 복수 카드 가격, 배송비 포함 여부 미확정, 묶음·세트 총액 · 개별 카드 가격 아님",estimated,no,no,"loadScript('https://pagead2.googlesyndication.com/pagead/js/adsbygoogle_direct.js?client=ca-pub-8171468792791627', true, 'anonymous');"
7d12f9328cf0c667da414853,pokemoncardgame,포켓몬 카드게임,2026-07,2026-07-21T22:49:46+09:00,known,8c3ec4fa2849bf1b08e6b745,7d12f9328cf0c667da414853,118983,https://m.dcinside.com/board/pokemoncardgame/118983,메상해꽃 덱 하솔sar 판매 및 구매,seller-6a6106e28956f4070c3b4862,섬도희-아가리,registered,loadScript ' t,loadScript ' t,loadScript('//t,,,unknown,미분류,1,1,10000,estimated,bundle,text,unknown,,active,needs_review,needs_review,"가격 단위 추정, 복수 카드 가격, 배송비 포함 여부 미확정, 묶음·세트 총액 · 개별 카드 가격 아님",estimated,no,no,"loadScript('//t1.kakaocdn.net/kas/static/ba.min.js', true);"
817a2e26113caae5fe584deb,pokemoncardgame,포켓몬 카드게임,2026-07,2026-07-21T22:49:46+09:00,known,8c3ec4fa2849bf1b08e6b745,817a2e26113caae5fe584deb,118983,https://m.dcinside.com/board/pokemoncardgame/118983,메상해꽃 덱 하솔sar 판매 및 구매,seller-6a6106e28956f4070c3b4862,섬도희-아가리,registered,var safe = window.dcAd && window.dcAd.safe ==,var safe = window.dcAd && window.dcAd.safe ==,var safe = (window.dcAd && window.dcAd.safe ==,,,unknown,미분류,1,1,10000,estimated,bundle,text,unknown,,active,needs_review,needs_review,"가격 단위 추정, 복수 카드 가격, 배송비 포함 여부 미확정, 묶음·세트 총액 · 개별 카드 가격 아님",estimated,no,no,var safe = (window.dcAd && window.dcAd.safe == 1)
82e48359daa546b1ab420785,pokemoncardgame,포켓몬 카드게임,2026-07,2026-07-21T22:49:46+09:00,known,8c3ec4fa2849bf1b08e6b745,82e48359daa546b1ab420785,118983,https://m.dcinside.com/board/pokemoncardgame/118983,메상해꽃 덱 하솔sar 판매 및 구매,seller-6a6106e28956f4070c3b4862,섬도희-아가리,registered,,장당,장당,,,unknown,미분류,1,1.3,13000,estimated,per_card,text,unknown,,active,needs_review,needs_review,"가격 단위 추정, 배송비 포함 여부 미확정",estimated,yes,candidate_estimated,장당1.3
86dc4709038e1686fc320871,pokemoncardgame,포켓몬 카드게임,2026-07,2026-07-21T22:49:46+09:00,known,cd830ce49274fbafe0977708,86dc4709038e1686fc320871,118983,https://m.dcinside.com/board/pokemoncardgame/118983,메상해꽃 덱 하솔sar 판매 및 구매,seller-6a6106e28956f4070c3b4862,섬도희-아가리,registered,loadScript ' t,loadScript ' t,loadScript('//t,,,unknown,미분류,1,1,10000,estimated,bundle,text,unknown,,active,needs_review,needs_review,"가격 단위 추정, 복수 카드 가격, 배송비 포함 여부 미확정, 묶음·세트 총액 · 개별 카드 가격 아님",estimated,no,no,"loadScript('//t1.kakaocdn.net/kas/static/ba.min.js', true);"
8e92a6deb82676d267036c6a,pokemoncardgame,포켓몬 카드게임,2026-07,2026-07-21T22:49:46+09:00,known,2994c7f46f96a39cc207aee6,8e92a6deb82676d267036c6a,118983,https://m.dcinside.com/board/pokemoncardgame/118983,메상해꽃 덱 하솔sar 판매 및 구매,seller-6a6106e28956f4070c3b4862,섬도희-아가리,registered,DOM 삽입 헬퍼 현재 스크립트 위치 기준,DOM 삽입 헬퍼 현재 스크립트 위치 기준,// ---- DOM 삽입 헬퍼 (현재 스크립트 위치 기준,,,unknown,미분류,1,1,10000,estimated,bundle,text,unknown,,active,needs_review,needs_review,"가격 단위 추정, 복수 카드 가격, 배송비 포함 여부 미확정, 묶음·세트 총액 · 개별 카드 가격 아님",estimated,no,no,// ---- DOM 삽입 헬퍼 (현재 스크립트 위치 기준1)
95583766c496d171dfe44029,pokemoncardgame,포켓몬 카드게임,2026-07,2026-07-21T22:49:46+09:00,known,249584b9e41bfbf93a0b7b65,95583766c496d171dfe44029,118983,https://m.dcinside.com/board/pokemoncardgame/118983,메상해꽃 덱 하솔sar 판매 및 구매,seller-6a6106e28956f4070c3b4862,섬도희-아가리,registered,,장당,장당,,,unknown,미분류,1,1.3,13000,estimated,per_card,text,unknown,,active,needs_review,needs_review,"가격 단위 추정, 배송비 포함 여부 미확정",estimated,yes,candidate_estimated,장당1.3
9fc41a3d6650d4a56fadae87,pokemoncardgame,포켓몬 카드게임,2026-07,2026-07-21T22:49:46+09:00,known,cd830ce49274fbafe0977708,9fc41a3d6650d4a56fadae87,118983,https://m.dcinside.com/board/pokemoncardgame/118983,메상해꽃 덱 하솔sar 판매 및 구매,seller-6a6106e28956f4070c3b4862,섬도희-아가리,registered,loadScript 'https pagead,loadScript 'https pagead,loadScript('https://pagead,,,unknown,미분류,1,2,20000,estimated,bundle,text,unknown,,active,needs_review,needs_review,"가격 단위 추정, 복수 카드 가격, 배송비 포함 여부 미확정, 묶음·세트 총액 · 개별 카드 가격 아님",estimated,no,no,"loadScript('https://pagead2.googlesyndication.com/pagead/js/adsbygoogle_direct.js?client=ca-pub-8171468792791627', true, 'anonymous');"
a876e2298fea5a3a1f8a1e74,pokemoncardgame,포켓몬 카드게임,2026-07,2026-07-21T22:49:46+09:00,known,cd830ce49274fbafe0977708,a876e2298fea5a3a1f8a1e74,118983,https://m.dcinside.com/board/pokemoncardgame/118983,메상해꽃 덱 하솔sar 판매 및 구매,seller-6a6106e28956f4070c3b4862,섬도희-아가리,registered,MA 메가망나뇽,MA 메가망나뇽,MA 메가망나뇽,,,unknown,미분류,4,3.5,35000,estimated,bundle,text,unknown,,active,needs_review,needs_review,"가격 단위 추정, 일괄·세트 가격, 배송비 포함 여부 미확정, 묶음·세트 총액 · 개별 카드 가격 아님",estimated,no,no,MA 메가망나뇽 4장 일괄 3.5
ac9fe77873454f6a70d05a4b,pokemoncardgame,포켓몬 카드게임,2026-07,2026-07-21T22:49:46+09:00,known,249584b9e41bfbf93a0b7b65,ac9fe77873454f6a70d05a4b,118983,https://m.dcinside.com/board/pokemoncardgame/118983,메상해꽃 덱 하솔sar 판매 및 구매,seller-6a6106e28956f4070c3b4862,섬도희-아가리,registered,loadScript ' t,loadScript ' t,loadScript('//t,,,unknown,미분류,1,1,10000,estimated,bundle,text,unknown,,active,needs_review,needs_review,"가격 단위 추정, 복수 카드 가격, 배송비 포함 여부 미확정, 묶음·세트 총액 · 개별 카드 가격 아님",estimated,no,no,"loadScript('//t1.kakaocdn.net/kas/static/ba.min.js', true);"
ba6170f2229cd2b20e820fbb,pokemoncardgame,포켓몬 카드게임,2026-07,2026-07-21T22:49:46+09:00,known,2994c7f46f96a39cc207aee6,ba6170f2229cd2b20e820fbb,118983,https://m.dcinside.com/board/pokemoncardgame/118983,메상해꽃 덱 하솔sar 판매 및 구매,seller-6a6106e28956f4070c3b4862,섬도희-아가리,registered,MA 메가망나뇽,MA 메가망나뇽,MA 메가망나뇽,,,unknown,미분류,4,3.5,35000,estimated,bundle,text,unknown,,active,needs_review,needs_review,"가격 단위 추정, 일괄·세트 가격, 배송비 포함 여부 미확정, 묶음·세트 총액 · 개별 카드 가격 아님",estimated,no,no,MA 메가망나뇽 4장 일괄 3.5
bb3d641017c2d246b7a0eb02,pokemoncardgame,포켓몬 카드게임,2026-07,2026-07-21T22:49:46+09:00,known,cd830ce49274fbafe0977708,bb3d641017c2d246b7a0eb02,118983,https://m.dcinside.com/board/pokemoncardgame/118983,메상해꽃 덱 하솔sar 판매 및 구매,seller-6a6106e28956f4070c3b4862,섬도희-아가리,registered,DOM 삽입 헬퍼 현재 스크립트 위치 기준,DOM 삽입 헬퍼 현재 스크립트 위치 기준,// ---- DOM 삽입 헬퍼 (현재 스크립트 위치 기준,,,unknown,미분류,1,1,10000,estimated,bundle,text,unknown,,active,needs_review,needs_review,"가격 단위 추정, 복수 카드 가격, 배송비 포함 여부 미확정, 묶음·세트 총액 · 개별 카드 가격 아님",estimated,no,no,// ---- DOM 삽입 헬퍼 (현재 스크립트 위치 기준1)
cac09f36f160f1b4761d959e,pokemoncardgame,포켓몬 카드게임,2026-07,2026-07-21T22:49:46+09:00,known,2994c7f46f96a39cc207aee6,cac09f36f160f1b4761d959e,118983,https://m.dcinside.com/board/pokemoncardgame/118983,메상해꽃 덱 하솔sar 판매 및 구매,seller-6a6106e28956f4070c3b4862,섬도희-아가리,registered,loadScript 'https pagead,loadScript 'https pagead,loadScript('https://pagead,,,unknown,미분류,1,2,20000,estimated,bundle,text,unknown,,active,needs_review,needs_review,"가격 단위 추정, 복수 카드 가격, 배송비 포함 여부 미확정, 묶음·세트 총액 · 개별 카드 가격 아님",estimated,no,no,"loadScript('https://pagead2.googlesyndication.com/pagead/js/adsbygoogle_direct.js?client=ca-pub-8171468792791627', true, 'anonymous');"
ed00b9981060290b3f72a53a,pokemoncardgame,포켓몬 카드게임,2026-07,2026-07-21T22:49:46+09:00,known,8c3ec4fa2849bf1b08e6b745,ed00b9981060290b3f72a53a,118983,https://m.dcinside.com/board/pokemoncardgame/118983,메상해꽃 덱 하솔sar 판매 및 구매,seller-6a6106e28956f4070c3b4862,섬도희-아가리,registered,MA 메가망나뇽,MA 메가망나뇽,MA 메가망나뇽,,,unknown,미분류,4,3.5,35000,estimated,bundle,text,unknown,,active,needs_review,needs_review,"가격 단위 추정, 일괄·세트 가격, 배송비 포함 여부 미확정, 묶음·세트 총액 · 개별 카드 가격 아님",estimated,no,no,MA 메가망나뇽 4장 일괄 3.5
ee55e4b7dff6839d93e26d2f,pokemoncardgame,포켓몬 카드게임,2026-07,2026-07-21T22:49:46+09:00,known,249584b9e41bfbf93a0b7b65,ee55e4b7dff6839d93e26d2f,118983,https://m.dcinside.com/board/pokemoncardgame/118983,메상해꽃 덱 하솔sar 판매 및 구매,seller-6a6106e28956f4070c3b4862,섬도희-아가리,registered,DOM 삽입 헬퍼 현재 스크립트 위치 기준,DOM 삽입 헬퍼 현재 스크립트 위치 기준,// ---- DOM 삽입 헬퍼 (현재 스크립트 위치 기준,,,unknown,미분류,1,1,10000,estimated,bundle,text,unknown,,active,needs_review,needs_review,"가격 단위 추정, 복수 카드 가격, 배송비 포함 여부 미확정, 묶음·세트 총액 · 개별 카드 가격 아님",estimated,no,no,// ---- DOM 삽입 헬퍼 (현재 스크립트 위치 기준1)
f38e306ae68e98c09e9e64f2,pokemoncardgame,포켓몬 카드게임,2026-07,2026-07-21T22:49:46+09:00,known,249584b9e41bfbf93a0b7b65,f38e306ae68e98c09e9e64f2,118983,https://m.dcinside.com/board/pokemoncardgame/118983,메상해꽃 덱 하솔sar 판매 및 구매,seller-6a6106e28956f4070c3b4862,섬도희-아가리,registered,MA 메가망나뇽,MA 메가망나뇽,MA 메가망나뇽,,,unknown,미분류,4,3.5,35000,estimated,bundle,text,unknown,,active,needs_review,needs_review,"가격 단위 추정, 일괄·세트 가격, 배송비 포함 여부 미확정, 묶음·세트 총액 · 개별 카드 가격 아님",estimated,no,no,MA 메가망나뇽 4장 일괄 3.5
fc0885c3f4f7015ea6fd5e96,pokemoncardgame,포켓몬 카드게임,2026-07,2026-07-21T22:49:46+09:00,known,249584b9e41bfbf93a0b7b65,fc0885c3f4f7015ea6fd5e96,118983,https://m.dcinside.com/board/pokemoncardgame/118983,메상해꽃 덱 하솔sar 판매 및 구매,seller-6a6106e28956f4070c3b4862,섬도희-아가리,registered,loadScript 'https pagead,loadScript 'https pagead,loadScript('https://pagead,,,unknown,미분류,1,2,20000,estimated,bundle,text,unknown,,active,needs_review,needs_review,"가격 단위 추정, 복수 카드 가격, 배송비 포함 여부 미확정, 묶음·세트 총액 · 개별 카드 가격 아님",estimated,no,no,"loadScript('https://pagead2.googlesyndication.com/pagead/js/adsbygoogle_direct.js?client=ca-pub-8171468792791627', true, 'anonymous');"
11c339a198258c387393a9b4,pokemoncardgame,포켓몬 카드게임,2026-07,2026-07-22T13:11:14+09:00,known,6d02f0900a55ba783baa9db9,11c339a198258c387393a9b4,119004,https://m.dcinside.com/board/pokemoncardgame/119004,덱소스 일괄 구매합니다,seller-0c3fc6fb9ea643ad2c6c96cc,돈까스덮밥,registered,포켓기어3.0,포켓기어3.0,포켓기어3.0,,,unknown,미분류,5,300,300,exact,per_quantity,text,unknown,,active,needs_review,needs_review,"배송비 포함 여부 미확정, 복수 수량 총액 · 카드 1장 가격 아님",exact,no,no,포켓기어3.0 5장 300원
4841a5fe52245ba2f2d18e03,pokemoncardgame,포켓몬 카드게임,2026-07,2026-07-22T13:11:14+09:00,known,a332a62c8cc666b6d236fe81,4841a5fe52245ba2f2d18e03,119004,https://m.dcinside.com/board/pokemoncardgame/119004,덱소스 일괄 구매합니다,seller-0c3fc6fb9ea643ad2c6c96cc,돈까스덮밥,registered,하솔,하솔,하솔,,,unknown,미분류,1,3000,3000,exact,per_card,text,unknown,,active,needs_review,needs_review,배송비 포함 여부 미확정,exact,yes,candidate_estimated,하솔 1장 3000원
5dd4ad6499c5f8b592929a3a,pokemoncardgame,포켓몬 카드게임,2026-07,2026-07-22T13:11:14+09:00,known,af102c1fc857c66f5b881add,5dd4ad6499c5f8b592929a3a,119004,https://m.dcinside.com/board/pokemoncardgame/119004,덱소스 일괄 구매합니다,seller-0c3fc6fb9ea643ad2c6c96cc,돈까스덮밥,registered,포켓기어3.0,포켓기어3.0,포켓기어3.0,,,unknown,미분류,5,300,300,exact,per_quantity,text,unknown,,active,needs_review,needs_review,"배송비 포함 여부 미확정, 복수 수량 총액 · 카드 1장 가격 아님",exact,no,no,포켓기어3.0 5장 300원
60f0fdf5b7781a7562b55e6c,pokemoncardgame,포켓몬 카드게임,2026-07,2026-07-22T13:11:14+09:00,known,a332a62c8cc666b6d236fe81,60f0fdf5b7781a7562b55e6c,119004,https://m.dcinside.com/board/pokemoncardgame/119004,덱소스 일괄 구매합니다,seller-0c3fc6fb9ea643ad2c6c96cc,돈까스덮밥,registered,포켓기어3.0,포켓기어3.0,포켓기어3.0,,,unknown,미분류,5,300,300,exact,per_quantity,text,unknown,,active,needs_review,needs_review,"배송비 포함 여부 미확정, 복수 수량 총액 · 카드 1장 가격 아님",exact,no,no,포켓기어3.0 5장 300원
8a94e4e5584e2d827f8c484e,pokemoncardgame,포켓몬 카드게임,2026-07,2026-07-22T13:11:14+09:00,known,af102c1fc857c66f5b881add,8a94e4e5584e2d827f8c484e,119004,https://m.dcinside.com/board/pokemoncardgame/119004,덱소스 일괄 구매합니다,seller-0c3fc6fb9ea643ad2c6c96cc,돈까스덮밥,registered,하솔,하솔,하솔,,,unknown,미분류,1,3000,3000,exact,per_card,text,unknown,,active,needs_review,needs_review,배송비 포함 여부 미확정,exact,yes,candidate_estimated,하솔 1장 3000원
9bc11c2a5f256a0dbecd1c34,pokemoncardgame,포켓몬 카드게임,2026-07,2026-07-22T13:11:14+09:00,known,6d02f0900a55ba783baa9db9,9bc11c2a5f256a0dbecd1c34,119004,https://m.dcinside.com/board/pokemoncardgame/119004,덱소스 일괄 구매합니다,seller-0c3fc6fb9ea643ad2c6c96cc,돈까스덮밥,registered,하솔,하솔,하솔,,,unknown,미분류,1,3000,3000,exact,per_card,text,unknown,,active,needs_review,needs_review,배송비 포함 여부 미확정,exact,yes,candidate_estimated,하솔 1장 3000원
ba58600b7c7454d8e13585f2,pokemoncardgame,포켓몬 카드게임,2026-07,2026-07-22T13:11:14+09:00,known,310a98af126dfaf55c3ae08a,ba58600b7c7454d8e13585f2,119004,https://m.dcinside.com/board/pokemoncardgame/119004,덱소스 일괄 구매합니다,seller-0c3fc6fb9ea643ad2c6c96cc,돈까스덮밥,registered,포켓기어3.0,포켓기어3.0,포켓기어3.0,,,unknown,미분류,5,300,300,exact,per_quantity,text,unknown,,active,needs_review,needs_review,"배송비 포함 여부 미확정, 복수 수량 총액 · 카드 1장 가격 아님",exact,no,no,포켓기어3.0 5장 300원
c76cdd2e5a11ea35c91c5ead,pokemoncardgame,포켓몬 카드게임,2026-07,2026-07-22T13:11:14+09:00,known,310a98af126dfaf55c3ae08a,c76cdd2e5a11ea35c91c5ead,119004,https://m.dcinside.com/board/pokemoncardgame/119004,덱소스 일괄 구매합니다,seller-0c3fc6fb9ea643ad2c6c96cc,돈까스덮밥,registered,하솔,하솔,하솔,,,unknown,미분류,1,3000,3000,exact,per_card,text,unknown,,active,needs_review,needs_review,배송비 포함 여부 미확정,exact,yes,candidate_estimated,하솔 1장 3000원
02084cd293a84a6966f22811,pokemoncardgame,포켓몬 카드게임,2026-07,2026-07-23T12:58:09+09:00,known,5b8920a927e25385572d032d,02084cd293a84a6966f22811,119053,https://m.dcinside.com/board/pokemoncardgame/119053,"밤의광산, 럭키멧, 핸디서큘, 데덴네, 리그레, 게노세크트 삽니다.",seller-51447db26eeb90b0124d315b,포갤러,registered,,,,,,unknown,미분류,1,0.5,5000,estimated,bundle,text,unknown,,active,needs_review,needs_review,"가격 단위 추정, 일괄·세트 가격, 배송비 포함 여부 미확정, 카드명 확인 필요, 묶음·세트 총액 · 개별 카드 가격 아님",estimated,no,no,일괄 0.5 구합니다.
2f4b6fd9f3b2d19ebb80659e,pokemoncardgame,포켓몬 카드게임,2026-07,2026-07-23T12:58:09+09:00,known,25b849d398d7493eeaad5783,2f4b6fd9f3b2d19ebb80659e,119053,https://m.dcinside.com/board/pokemoncardgame/119053,"밤의광산, 럭키멧, 핸디서큘, 데덴네, 리그레, 게노세크트 삽니다.",seller-51447db26eeb90b0124d315b,포갤러,registered,,,,,,unknown,미분류,1,0.5,5000,estimated,bundle,text,unknown,,active,needs_review,needs_review,"가격 단위 추정, 일괄·세트 가격, 배송비 포함 여부 미확정, 카드명 확인 필요, 묶음·세트 총액 · 개별 카드 가격 아님",estimated,no,no,일괄 0.5 구합니다.
4594db393ab4854eb0a82c92,pokemoncardgame,포켓몬 카드게임,2026-07,2026-07-23T12:58:09+09:00,known,93ac9809b3374806fec23a38,4594db393ab4854eb0a82c92,119053,https://m.dcinside.com/board/pokemoncardgame/119053,"밤의광산, 럭키멧, 핸디서큘, 데덴네, 리그레, 게노세크트 삽니다.",seller-51447db26eeb90b0124d315b,포갤러,registered,,,,,,unknown,미분류,1,0.5,5000,estimated,bundle,text,unknown,,active,needs_review,needs_review,"가격 단위 추정, 일괄·세트 가격, 배송비 포함 여부 미확정, 카드명 확인 필요, 묶음·세트 총액 · 개별 카드 가격 아님",estimated,no,no,일괄 0.5 구합니다.
913fc3b026a945293f0745a3,pokemoncardgame,포켓몬 카드게임,2026-07,2026-07-23T12:58:09+09:00,known,84bcc3a644d8896b88f87290,913fc3b026a945293f0745a3,119053,https://m.dcinside.com/board/pokemoncardgame/119053,"밤의광산, 럭키멧, 핸디서큘, 데덴네, 리그레, 게노세크트 삽니다.",seller-51447db26eeb90b0124d315b,포갤러,registered,게노세크트 HP,게노세크트 HP,게노세크트 (HP,,,unknown,미분류,1,110,1100000,estimated,per_card,text,unknown,,active,needs_review,needs_review,"가격 단위 추정, 배송비 포함 여부 미확정",estimated,yes,candidate_estimated,"게노세크트 (HP110, 에이스 캔슬러 특성) 1장"
9e5a6e7b79f756ab4d42f2a5,pokemoncardgame,포켓몬 카드게임,2026-07,2026-07-23T12:58:09+09:00,known,93ac9809b3374806fec23a38,9e5a6e7b79f756ab4d42f2a5,119053,https://m.dcinside.com/board/pokemoncardgame/119053,"밤의광산, 럭키멧, 핸디서큘, 데덴네, 리그레, 게노세크트 삽니다.",seller-51447db26eeb90b0124d315b,포갤러,registered,게노세크트 HP,게노세크트 HP,게노세크트 (HP,,,unknown,미분류,1,110,1100000,estimated,per_card,text,unknown,,active,needs_review,needs_review,"가격 단위 추정, 배송비 포함 여부 미확정",estimated,yes,candidate_estimated,"게노세크트 (HP110, 에이스 캔슬러 특성) 1장"
b11ce3627b075fd3ae583692,pokemoncardgame,포켓몬 카드게임,2026-07,2026-07-23T12:58:09+09:00,known,84bcc3a644d8896b88f87290,b11ce3627b075fd3ae583692,119053,https://m.dcinside.com/board/pokemoncardgame/119053,"밤의광산, 럭키멧, 핸디서큘, 데덴네, 리그레, 게노세크트 삽니다.",seller-51447db26eeb90b0124d315b,포갤러,registered,,,,,,unknown,미분류,1,0.5,5000,estimated,bundle,text,unknown,,active,needs_review,needs_review,"가격 단위 추정, 일괄·세트 가격, 배송비 포함 여부 미확정, 카드명 확인 필요, 묶음·세트 총액 · 개별 카드 가격 아님",estimated,no,no,일괄 0.5 구합니다.
b77912c4da81bcd75a921470,pokemoncardgame,포켓몬 카드게임,2026-07,2026-07-23T12:58:09+09:00,known,5b8920a927e25385572d032d,b77912c4da81bcd75a921470,119053,https://m.dcinside.com/board/pokemoncardgame/119053,"밤의광산, 럭키멧, 핸디서큘, 데덴네, 리그레, 게노세크트 삽니다.",seller-51447db26eeb90b0124d315b,포갤러,registered,게노세크트 HP,게노세크트 HP,게노세크트 (HP,,,unknown,미분류,1,110,1100000,estimated,per_card,text,unknown,,active,needs_review,needs_review,"가격 단위 추정, 배송비 포함 여부 미확정",estimated,yes,candidate_estimated,"게노세크트 (HP110, 에이스 캔슬러 특성) 1장"
b82e5577d9b361bb189d5006,pokemoncardgame,포켓몬 카드게임,2026-07,2026-07-23T12:58:09+09:00,known,25b849d398d7493eeaad5783,b82e5577d9b361bb189d5006,119053,https://m.dcinside.com/board/pokemoncardgame/119053,"밤의광산, 럭키멧, 핸디서큘, 데덴네, 리그레, 게노세크트 삽니다.",seller-51447db26eeb90b0124d315b,포갤러,registered,게노세크트 HP,게노세크트 HP,게노세크트 (HP,,,unknown,미분류,1,110,1100000,estimated,per_card,text,unknown,,active,needs_review,needs_review,"가격 단위 추정, 배송비 포함 여부 미확정",estimated,yes,candidate_estimated,"게노세크트 (HP110, 에이스 캔슬러 특성) 1장"
0125423e1d8da3f1eef859dd,pokemoncardgame,포켓몬 카드게임,2026-07,2026-07-23T20:54:35+09:00,known,df70ec8d586b6bfaa2653953,0125423e1d8da3f1eef859dd,119076,https://m.dcinside.com/board/pokemoncardgame/119076,고레어 덱소스 ㅍㅍ,seller-51447db26eeb90b0124d315b,포갤러,registered,N의 포인트업,N의 포인트업,N의 포인트업,,,unknown,미분류,1,0.08,800,estimated,per_card,text,unknown,,active,needs_review,needs_review,"가격 단위 추정, 배송비 포함 여부 미확정",estimated,yes,candidate_estimated,N의 포인트업 0.08
01d4ebbcf8f2653ba237c7cc,pokemoncardgame,포켓몬 카드게임,2026-07,2026-07-23T20:54:35+09:00,known,5ae689640ee7adc422944e6f,01d4ebbcf8f2653ba237c7cc,119076,https://m.dcinside.com/board/pokemoncardgame/119076,고레어 덱소스 ㅍㅍ,seller-51447db26eeb90b0124d315b,포갤러,registered,성스러운분말,성스러운분말,성스러운분말,,,unknown,미분류,1,0.06,600,estimated,per_card,text,unknown,,active,needs_review,needs_review,"가격 단위 추정, 배송비 포함 여부 미확정",estimated,yes,candidate_estimated,성스러운분말 0.06
021e639d2671d8c88480d3ad,pokemoncardgame,포켓몬 카드게임,2026-07,2026-07-23T20:54:35+09:00,known,e41cde42ca14904b0e54bf66,021e639d2671d8c88480d3ad,119076,https://m.dcinside.com/board/pokemoncardgame/119076,고레어 덱소스 ㅍㅍ,seller-51447db26eeb90b0124d315b,포갤러,registered,유카리,유카리,유카리,,,unknown,미분류,1,0.5,5000,estimated,per_card,text,unknown,,active,needs_review,needs_review,"가격 단위 추정, 배송비 포함 여부 미확정",estimated,yes,candidate_estimated,유카리 0.5
02aa0ef6d7ab5060503b5266,pokemoncardgame,포켓몬 카드게임,2026-07,2026-07-23T20:54:35+09:00,known,e41cde42ca14904b0e54bf66,02aa0ef6d7ab5060503b5266,119076,https://m.dcinside.com/board/pokemoncardgame/119076,고레어 덱소스 ㅍㅍ,seller-51447db26eeb90b0124d315b,포갤러,registered,파워프로틴,파워프로틴,파워프로틴,,,unknown,미분류,1,0.14,1400,estimated,per_card,text,unknown,,active,needs_review,needs_review,"가격 단위 추정, 배송비 포함 여부 미확정",estimated,yes,candidate_estimated,파워프로틴 0.14
032981d977681099a904200f,pokemoncardgame,포켓몬 카드게임,2026-07,2026-07-23T20:54:35+09:00,known,9d946037adcda1a8a566db24,032981d977681099a904200f,119076,https://m.dcinside.com/board/pokemoncardgame/119076,고레어 덱소스 ㅍㅍ,seller-51447db26eeb90b0124d315b,포갤러,registered,var safe = window.dcAd && window.dcAd.safe ==,var safe = window.dcAd && window.dcAd.safe ==,var safe = (window.dcAd && window.dcAd.safe ==,,,unknown,미분류,1,1,10000,estimated,bundle,text,unknown,,active,needs_review,needs_review,"가격 단위 추정, 복수 카드 가격, 배송비 포함 여부 미확정, 묶음·세트 총액 · 개별 카드 가격 아님",estimated,no,no,var safe = (window.dcAd && window.dcAd.safe == 1)
047121b0b1c798a256124f0f,pokemoncardgame,포켓몬 카드게임,2026-07,2026-07-23T20:54:35+09:00,known,e41cde42ca14904b0e54bf66,047121b0b1c798a256124f0f,119076,https://m.dcinside.com/board/pokemoncardgame/119076,고레어 덱소스 ㅍㅍ,seller-51447db26eeb90b0124d315b,포갤러,registered,포켓패드,포켓패드,포켓패드,,,unknown,미분류,1,0.5,5000,estimated,per_card,text,unknown,,active,needs_review,needs_review,"가격 단위 추정, 배송비 포함 여부 미확정",estimated,yes,candidate_estimated,포켓패드 0.5
049c24c69f5e7e626945dce0,pokemoncardgame,포켓몬 카드게임,2026-07,2026-07-23T20:54:35+09:00,known,df70ec8d586b6bfaa2653953,049c24c69f5e7e626945dce0,119076,https://m.dcinside.com/board/pokemoncardgame/119076,고레어 덱소스 ㅍㅍ,seller-51447db26eeb90b0124d315b,포갤러,registered,비치코트,비치코트,비치코트,,,unknown,미분류,1,1.0,10000,estimated,per_card,text,unknown,,active,needs_review,needs_review,"가격 단위 추정, 배송비 포함 여부 미확정",estimated,yes,candidate_estimated,비치코트 1.0
07f3642845104d2523ffd43f,pokemoncardgame,포켓몬 카드게임,2026-07,2026-07-23T20:54:35+09:00,known,e41cde42ca14904b0e54bf66,07f3642845104d2523ffd43f,119076,https://m.dcinside.com/board/pokemoncardgame/119076,고레어 덱소스 ㅍㅍ,seller-51447db26eeb90b0124d315b,포갤러,registered,성스러운분말,성스러운분말,성스러운분말,,,unknown,미분류,1,0.06,600,estimated,per_card,text,unknown,,active,needs_review,needs_review,"가격 단위 추정, 배송비 포함 여부 미확정",estimated,yes,candidate_estimated,성스러운분말 0.06
094f584aacdc4c9793226353,pokemoncardgame,포켓몬 카드게임,2026-07,2026-07-23T20:54:35+09:00,known,df70ec8d586b6bfaa2653953,094f584aacdc4c9793226353,119076,https://m.dcinside.com/board/pokemoncardgame/119076,고레어 덱소스 ㅍㅍ,seller-51447db26eeb90b0124d315b,포갤러,registered,하이퍼볼,하이퍼볼,하이퍼볼,,,unknown,미분류,1,0.35,3500,estimated,per_card,text,unknown,,active,needs_review,needs_review,"가격 단위 추정, 배송비 포함 여부 미확정",estimated,yes,candidate_estimated,하이퍼볼 0.35
0976648b1324e4420cde9ad1,pokemoncardgame,포켓몬 카드게임,2026-07,2026-07-23T20:54:35+09:00,known,5ae689640ee7adc422944e6f,0976648b1324e4420cde9ad1,119076,https://m.dcinside.com/board/pokemoncardgame/119076,고레어 덱소스 ㅍㅍ,seller-51447db26eeb90b0124d315b,포갤러,registered,유리나팔,유리나팔,유리나팔,,,unknown,미분류,1,0.08,800,estimated,per_card,text,unknown,,active,needs_review,needs_review,"가격 단위 추정, 배송비 포함 여부 미확정",estimated,yes,candidate_estimated,유리나팔 0.08
0c4b93053d6f23a46b95b4f9,pokemoncardgame,포켓몬 카드게임,2026-07,2026-07-23T20:54:35+09:00,known,9d946037adcda1a8a566db24,0c4b93053d6f23a46b95b4f9,119076,https://m.dcinside.com/board/pokemoncardgame/119076,고레어 덱소스 ㅍㅍ,seller-51447db26eeb90b0124d315b,포갤러,registered,시아노,시아노,시아노,,,unknown,미분류,1,1.0,10000,estimated,per_card,text,unknown,,active,needs_review,needs_review,"가격 단위 추정, 배송비 포함 여부 미확정",estimated,yes,candidate_estimated,시아노 1.0
0e2f5250d80e340f2b177265,pokemoncardgame,포켓몬 카드게임,2026-07,2026-07-23T20:54:35+09:00,known,df70ec8d586b6bfaa2653953,0e2f5250d80e340f2b177265,119076,https://m.dcinside.com/board/pokemoncardgame/119076,고레어 덱소스 ㅍㅍ,seller-51447db26eeb90b0124d315b,포갤러,registered,원더패치,원더패치,원더패치,,,unknown,미분류,1,0.15,1500,estimated,per_card,text,unknown,,active,needs_review,needs_review,"가격 단위 추정, 배송비 포함 여부 미확정",estimated,yes,candidate_estimated,원더패치 0.15
0f1b55bbc33cceb1ac7fcc0b,pokemoncardgame,포켓몬 카드게임,2026-07,2026-07-23T20:54:35+09:00,known,df70ec8d586b6bfaa2653953,0f1b55bbc33cceb1ac7fcc0b,119076,https://m.dcinside.com/board/pokemoncardgame/119076,고레어 덱소스 ㅍㅍ,seller-51447db26eeb90b0124d315b,포갤러,registered,절친 포핀,절친 포핀,절친 포핀,,,unknown,미분류,1,0.35,3500,estimated,per_card,text,unknown,,active,needs_review,needs_review,"가격 단위 추정, 배송비 포함 여부 미확정",estimated,yes,candidate_estimated,절친 포핀 0.35
1035ef8d6db25722b4bac0db,pokemoncardgame,포켓몬 카드게임,2026-07,2026-07-23T20:54:35+09:00,known,9d946037adcda1a8a566db24,1035ef8d6db25722b4bac0db,119076,https://m.dcinside.com/board/pokemoncardgame/119076,고레어 덱소스 ㅍㅍ,seller-51447db26eeb90b0124d315b,포갤러,registered,재밍타워,재밍타워,재밍타워,,,unknown,미분류,1,0.08,800,estimated,per_card,text,unknown,,active,needs_review,needs_review,"가격 단위 추정, 배송비 포함 여부 미확정",estimated,yes,candidate_estimated,재밍타워 0.08
106c5298c94c679d2e8400de,pokemoncardgame,포켓몬 카드게임,2026-07,2026-07-23T20:54:35+09:00,known,e41cde42ca14904b0e54bf66,106c5298c94c679d2e8400de,119076,https://m.dcinside.com/board/pokemoncardgame/119076,고레어 덱소스 ㅍㅍ,seller-51447db26eeb90b0124d315b,포갤러,registered,크러시 해머,크러시 해머,크러시 해머,,,unknown,미분류,1,0.4,4000,estimated,per_card,text,unknown,,active,needs_review,needs_review,"가격 단위 추정, 배송비 포함 여부 미확정",estimated,yes,candidate_estimated,크러시 해머 0.4
112ee632faf2ae97c8440554,pokemoncardgame,포켓몬 카드게임,2026-07,2026-07-23T20:54:35+09:00,known,5ae689640ee7adc422944e6f,112ee632faf2ae97c8440554,119076,https://m.dcinside.com/board/pokemoncardgame/119076,고레어 덱소스 ㅍㅍ,seller-51447db26eeb90b0124d315b,포갤러,registered,프리즘타워,프리즘타워,프리즘타워,,,unknown,미분류,1,0.1,1000,estimated,per_card,text,unknown,,active,needs_review,needs_review,"가격 단위 추정, 배송비 포함 여부 미확정",estimated,yes,candidate_estimated,프리즘타워 0.1
16099233c7ed2428f3a4ab01,pokemoncardgame,포켓몬 카드게임,2026-07,2026-07-23T20:54:35+09:00,known,9d946037adcda1a8a566db24,16099233c7ed2428f3a4ab01,119076,https://m.dcinside.com/board/pokemoncardgame/119076,고레어 덱소스 ㅍㅍ,seller-51447db26eeb90b0124d315b,포갤러,registered,유리나팔,유리나팔,유리나팔,,,unknown,미분류,1,0.08,800,estimated,per_card,text,unknown,,active,needs_review,needs_review,"가격 단위 추정, 배송비 포함 여부 미확정",estimated,yes,candidate_estimated,유리나팔 0.08
177eee84fcd647bfc7e623d4,pokemoncardgame,포켓몬 카드게임,2026-07,2026-07-23T20:54:35+09:00,known,5ae689640ee7adc422944e6f,177eee84fcd647bfc7e623d4,119076,https://m.dcinside.com/board/pokemoncardgame/119076,고레어 덱소스 ㅍㅍ,seller-51447db26eeb90b0124d315b,포갤러,registered,버베나와 헬레나,버베나와 헬레나,버베나와 헬레나,,,unknown,미분류,1,0.4,4000,estimated,per_card,text,unknown,,active,needs_review,needs_review,"가격 단위 추정, 배송비 포함 여부 미확정",estimated,yes,candidate_estimated,버베나와 헬레나 0.4
197cf86fc1004d39f11e229f,pokemoncardgame,포켓몬 카드게임,2026-07,2026-07-23T20:54:35+09:00,known,9d946037adcda1a8a566db24,197cf86fc1004d39f11e229f,119076,https://m.dcinside.com/board/pokemoncardgame/119076,고레어 덱소스 ㅍㅍ,seller-51447db26eeb90b0124d315b,포갤러,registered,펑크멧,펑크멧,펑크멧,,,unknown,미분류,1,0.05,500,estimated,per_card,text,unknown,,active,needs_review,needs_review,"가격 단위 추정, 배송비 포함 여부 미확정",estimated,yes,candidate_estimated,펑크멧 0.05
1b25d117a6ef87ddf9a9d155,pokemoncardgame,포켓몬 카드게임,2026-07,2026-07-23T20:54:35+09:00,known,e41cde42ca14904b0e54bf66,1b25d117a6ef87ddf9a9d155,119076,https://m.dcinside.com/board/pokemoncardgame/119076,고레어 덱소스 ㅍㅍ,seller-51447db26eeb90b0124d315b,포갤러,registered,로켓단의 리시버,로켓단의 리시버,로켓단의 리시버,,,unknown,미분류,1,0.15,1500,estimated,per_card,text,unknown,,active,needs_review,needs_review,"가격 단위 추정, 배송비 포함 여부 미확정",estimated,yes,candidate_estimated,로켓단의 리시버 0.15
1b4cdd1fdf3caacc139866d2,pokemoncardgame,포켓몬 카드게임,2026-07,2026-07-23T20:54:35+09:00,known,5ae689640ee7adc422944e6f,1b4cdd1fdf3caacc139866d2,119076,https://m.dcinside.com/board/pokemoncardgame/119076,고레어 덱소스 ㅍㅍ,seller-51447db26eeb90b0124d315b,포갤러,registered,히트버너,히트버너,히트버너,,,unknown,미분류,1,0.08,800,estimated,per_card,text,unknown,,active,needs_review,needs_review,"가격 단위 추정, 배송비 포함 여부 미확정",estimated,yes,candidate_estimated,히트버너 0.08
1b58645e3dd76756c4ea7d56,pokemoncardgame,포켓몬 카드게임,2026-07,2026-07-23T20:54:35+09:00,known,5ae689640ee7adc422944e6f,1b58645e3dd76756c4ea7d56,119076,https://m.dcinside.com/board/pokemoncardgame/119076,고레어 덱소스 ㅍㅍ,seller-51447db26eeb90b0124d315b,포갤러,registered,절친 포핀,절친 포핀,절친 포핀,,,unknown,미분류,1,0.35,3500,estimated,per_card,text,unknown,,active,needs_review,needs_review,"가격 단위 추정, 배송비 포함 여부 미확정",estimated,yes,candidate_estimated,절친 포핀 0.35
1d77ce9c215c38aea390ff21,pokemoncardgame,포켓몬 카드게임,2026-07,2026-07-23T20:54:35+09:00,known,df70ec8d586b6bfaa2653953,1d77ce9c215c38aea390ff21,119076,https://m.dcinside.com/board/pokemoncardgame/119076,고레어 덱소스 ㅍㅍ,seller-51447db26eeb90b0124d315b,포갤러,registered,미스터리 가든,미스터리 가든,미스터리 가든,,,unknown,미분류,1,0.08,800,estimated,per_card,text,unknown,,active,needs_review,needs_review,"가격 단위 추정, 배송비 포함 여부 미확정",estimated,yes,candidate_estimated,미스터리 가든 0.08
1e98f000365d9cd1bca320ed,pokemoncardgame,포켓몬 카드게임,2026-07,2026-07-23T20:54:35+09:00,known,e41cde42ca14904b0e54bf66,1e98f000365d9cd1bca320ed,119076,https://m.dcinside.com/board/pokemoncardgame/119076,고레어 덱소스 ㅍㅍ,seller-51447db26eeb90b0124d315b,포갤러,registered,미라클인터컴,미라클인터컴,미라클인터컴,,,unknown,미분류,1,0.06,600,estimated,per_card,text,unknown,,active,needs_review,needs_review,"가격 단위 추정, 배송비 포함 여부 미확정",estimated,yes,candidate_estimated,미라클인터컴 0.06
20523d34e859326cba9e5811,pokemoncardgame,포켓몬 카드게임,2026-07,2026-07-23T20:54:35+09:00,known,9d946037adcda1a8a566db24,20523d34e859326cba9e5811,119076,https://m.dcinside.com/board/pokemoncardgame/119076,고레어 덱소스 ㅍㅍ,seller-51447db26eeb90b0124d315b,포갤러,registered,성스러운분말,성스러운분말,성스러운분말,,,unknown,미분류,1,0.06,600,estimated,per_card,text,unknown,,active,needs_review,needs_review,"가격 단위 추정, 배송비 포함 여부 미확정",estimated,yes,candidate_estimated,성스러운분말 0.06
211e938ee3e697070a568bfd,pokemoncardgame,포켓몬 카드게임,2026-07,2026-07-23T20:54:35+09:00,known,5ae689640ee7adc422944e6f,211e938ee3e697070a568bfd,119076,https://m.dcinside.com/board/pokemoncardgame/119076,고레어 덱소스 ㅍㅍ,seller-51447db26eeb90b0124d315b,포갤러,registered,loadScript ' t,loadScript ' t,loadScript('//t,,,unknown,미분류,1,1,10000,estimated,bundle,text,unknown,,active,needs_review,needs_review,"가격 단위 추정, 복수 카드 가격, 배송비 포함 여부 미확정, 묶음·세트 총액 · 개별 카드 가격 아님",estimated,no,no,"loadScript('//t1.kakaocdn.net/kas/static/ba.min.js', true);"
217c0950d5a94648aaf81667,pokemoncardgame,포켓몬 카드게임,2026-07,2026-07-23T20:54:35+09:00,known,df70ec8d586b6bfaa2653953,217c0950d5a94648aaf81667,119076,https://m.dcinside.com/board/pokemoncardgame/119076,고레어 덱소스 ㅍㅍ,seller-51447db26eeb90b0124d315b,포갤러,registered,성스러운 부적,성스러운 부적,성스러운 부적,,,unknown,미분류,1,0.05,500,estimated,per_card,text,unknown,,active,needs_review,needs_review,"가격 단위 추정, 배송비 포함 여부 미확정",estimated,yes,candidate_estimated,성스러운 부적 0.05
21a02c12322e9784761676b1,pokemoncardgame,포켓몬 카드게임,2026-07,2026-07-23T20:54:35+09:00,known,df70ec8d586b6bfaa2653953,21a02c12322e9784761676b1,119076,https://m.dcinside.com/board/pokemoncardgame/119076,고레어 덱소스 ㅍㅍ,seller-51447db26eeb90b0124d315b,포갤러,registered,프리즘타워,프리즘타워,프리즘타워,,,unknown,미분류,1,0.1,1000,estimated,per_card,text,unknown,,active,needs_review,needs_review,"가격 단위 추정, 배송비 포함 여부 미확정",estimated,yes,candidate_estimated,프리즘타워 0.1
23198a6ea77bde6ebf3308d1,pokemoncardgame,포켓몬 카드게임,2026-07,2026-07-23T20:54:35+09:00,known,5ae689640ee7adc422944e6f,23198a6ea77bde6ebf3308d1,119076,https://m.dcinside.com/board/pokemoncardgame/119076,고레어 덱소스 ㅍㅍ,seller-51447db26eeb90b0124d315b,포갤러,registered,미라클인터컴,미라클인터컴,미라클인터컴,,,unknown,미분류,1,0.06,600,estimated,per_card,text,unknown,,active,needs_review,needs_review,"가격 단위 추정, 배송비 포함 여부 미확정",estimated,yes,candidate_estimated,미라클인터컴 0.06
23a8791be4b07a37131e34fc,pokemoncardgame,포켓몬 카드게임,2026-07,2026-07-23T20:54:35+09:00,known,df70ec8d586b6bfaa2653953,23a8791be4b07a37131e34fc,119076,https://m.dcinside.com/board/pokemoncardgame/119076,고레어 덱소스 ㅍㅍ,seller-51447db26eeb90b0124d315b,포갤러,registered,파이팅공,파이팅공,파이팅공,,,unknown,미분류,1,0.14,1400,estimated,per_card,text,unknown,,active,needs_review,needs_review,"가격 단위 추정, 배송비 포함 여부 미확정",estimated,yes,candidate_estimated,파이팅공 0.14
2617186c738a7b3fb47a717d,pokemoncardgame,포켓몬 카드게임,2026-07,2026-07-23T20:54:35+09:00,known,9d946037adcda1a8a566db24,2617186c738a7b3fb47a717d,119076,https://m.dcinside.com/board/pokemoncardgame/119076,고레어 덱소스 ㅍㅍ,seller-51447db26eeb90b0124d315b,포갤러,registered,성스러운 부적,성스러운 부적,성스러운 부적,,,unknown,미분류,1,0.05,500,estimated,per_card,text,unknown,,active,needs_review,needs_review,"가격 단위 추정, 배송비 포함 여부 미확정",estimated,yes,candidate_estimated,성스러운 부적 0.05
26c260947741c20e16e01420,pokemoncardgame,포켓몬 카드게임,2026-07,2026-07-23T20:54:35+09:00,known,5ae689640ee7adc422944e6f,26c260947741c20e16e01420,119076,https://m.dcinside.com/board/pokemoncardgame/119076,고레어 덱소스 ㅍㅍ,seller-51447db26eeb90b0124d315b,포갤러,registered,N의 포인트업,N의 포인트업,N의 포인트업,,,unknown,미분류,1,0.08,800,estimated,per_card,text,unknown,,active,needs_review,needs_review,"가격 단위 추정, 배송비 포함 여부 미확정",estimated,yes,candidate_estimated,N의 포인트업 0.08
277376636c9ddddbbb5d1931,pokemoncardgame,포켓몬 카드게임,2026-07,2026-07-23T20:54:35+09:00,known,5ae689640ee7adc422944e6f,277376636c9ddddbbb5d1931,119076,https://m.dcinside.com/board/pokemoncardgame/119076,고레어 덱소스 ㅍㅍ,seller-51447db26eeb90b0124d315b,포갤러,registered,마티에르,마티에르,마티에르,,,unknown,미분류,1,0.6,6000,estimated,per_card,text,unknown,,active,needs_review,needs_review,"가격 단위 추정, 배송비 포함 여부 미확정",estimated,yes,candidate_estimated,마티에르 0.6
279a92005083769e3627858a,pokemoncardgame,포켓몬 카드게임,2026-07,2026-07-23T20:54:35+09:00,known,9d946037adcda1a8a566db24,279a92005083769e3627858a,119076,https://m.dcinside.com/board/pokemoncardgame/119076,고레어 덱소스 ㅍㅍ,seller-51447db26eeb90b0124d315b,포갤러,registered,loadScript ' t,loadScript ' t,loadScript('//t,,,unknown,미분류,1,1,10000,estimated,bundle,text,unknown,,active,needs_review,needs_review,"가격 단위 추정, 복수 카드 가격, 배송비 포함 여부 미확정, 묶음·세트 총액 · 개별 카드 가격 아님",estimated,no,no,"loadScript('//t1.kakaocdn.net/kas/static/ba.min.js', true);"
27ccbc66e447e4be0888c732,pokemoncardgame,포켓몬 카드게임,2026-07,2026-07-23T20:54:35+09:00,known,e41cde42ca14904b0e54bf66,27ccbc66e447e4be0888c732,119076,https://m.dcinside.com/board/pokemoncardgame/119076,고레어 덱소스 ㅍㅍ,seller-51447db26eeb90b0124d315b,포갤러,registered,미스터리 가든,미스터리 가든,미스터리 가든,,,unknown,미분류,1,0.08,800,estimated,per_card,text,unknown,,active,needs_review,needs_review,"가격 단위 추정, 배송비 포함 여부 미확정",estimated,yes,candidate_estimated,미스터리 가든 0.08
29fd08f6ab8643f80f36d768,pokemoncardgame,포켓몬 카드게임,2026-07,2026-07-23T20:54:35+09:00,known,5ae689640ee7adc422944e6f,29fd08f6ab8643f80f36d768,119076,https://m.dcinside.com/board/pokemoncardgame/119076,고레어 덱소스 ㅍㅍ,seller-51447db26eeb90b0124d315b,포갤러,registered,블래리의 한수,블래리의 한수,블래리의 한수,,,unknown,미분류,1,0.25,2500,estimated,per_card,text,unknown,,active,needs_review,needs_review,"가격 단위 추정, 배송비 포함 여부 미확정",estimated,yes,candidate_estimated,블래리의 한수 0.25
2d62f250990c2e8c1043af4a,pokemoncardgame,포켓몬 카드게임,2026-07,2026-07-23T20:54:35+09:00,known,e41cde42ca14904b0e54bf66,2d62f250990c2e8c1043af4a,119076,https://m.dcinside.com/board/pokemoncardgame/119076,고레어 덱소스 ㅍㅍ,seller-51447db26eeb90b0124d315b,포갤러,registered,재밍타워,재밍타워,재밍타워,,,unknown,미분류,1,0.08,800,estimated,per_card,text,unknown,,active,needs_review,needs_review,"가격 단위 추정, 배송비 포함 여부 미확정",estimated,yes,candidate_estimated,재밍타워 0.08
2de4fe401c380161b71b9e0f,pokemoncardgame,포켓몬 카드게임,2026-07,2026-07-23T20:54:35+09:00,known,5ae689640ee7adc422944e6f,2de4fe401c380161b71b9e0f,119076,https://m.dcinside.com/board/pokemoncardgame/119076,고레어 덱소스 ㅍㅍ,seller-51447db26eeb90b0124d315b,포갤러,registered,펑크멧,펑크멧,펑크멧,,,unknown,미분류,1,0.05,500,estimated,per_card,text,unknown,,active,needs_review,needs_review,"가격 단위 추정, 배송비 포함 여부 미확정",estimated,yes,candidate_estimated,펑크멧 0.05
2e5acbfda413a63ff0559f28,pokemoncardgame,포켓몬 카드게임,2026-07,2026-07-23T20:54:35+09:00,known,5ae689640ee7adc422944e6f,2e5acbfda413a63ff0559f28,119076,https://m.dcinside.com/board/pokemoncardgame/119076,고레어 덱소스 ㅍㅍ,seller-51447db26eeb90b0124d315b,포갤러,registered,포켓패드,포켓패드,포켓패드,,,unknown,미분류,1,0.5,5000,estimated,per_card,text,unknown,,active,needs_review,needs_review,"가격 단위 추정, 배송비 포함 여부 미확정",estimated,yes,candidate_estimated,포켓패드 0.5
2ea009f4de22258d18836ad0,pokemoncardgame,포켓몬 카드게임,2026-07,2026-07-23T20:54:35+09:00,known,df70ec8d586b6bfaa2653953,2ea009f4de22258d18836ad0,119076,https://m.dcinside.com/board/pokemoncardgame/119076,고레어 덱소스 ㅍㅍ,seller-51447db26eeb90b0124d315b,포갤러,registered,재밍타워,재밍타워,재밍타워,,,unknown,미분류,1,0.08,800,estimated,per_card,text,unknown,,active,needs_review,needs_review,"가격 단위 추정, 배송비 포함 여부 미확정",estimated,yes,candidate_estimated,재밍타워 0.08
30ba62deed922ee9f86929bc,pokemoncardgame,포켓몬 카드게임,2026-07,2026-07-23T20:54:35+09:00,known,e41cde42ca14904b0e54bf66,30ba62deed922ee9f86929bc,119076,https://m.dcinside.com/board/pokemoncardgame/119076,고레어 덱소스 ㅍㅍ,seller-51447db26eeb90b0124d315b,포갤러,registered,절친 포핀,절친 포핀,절친 포핀,,,unknown,미분류,1,0.35,3500,estimated,per_card,text,unknown,,active,needs_review,needs_review,"가격 단위 추정, 배송비 포함 여부 미확정",estimated,yes,candidate_estimated,절친 포핀 0.35
30d429eb451ff4c7d1e3019d,pokemoncardgame,포켓몬 카드게임,2026-07,2026-07-23T20:54:35+09:00,known,e41cde42ca14904b0e54bf66,30d429eb451ff4c7d1e3019d,119076,https://m.dcinside.com/board/pokemoncardgame/119076,고레어 덱소스 ㅍㅍ,seller-51447db26eeb90b0124d315b,포갤러,registered,loadScript 'https pagead,loadScript 'https pagead,loadScript('https://pagead,,,unknown,미분류,1,2,20000,estimated,bundle,text,unknown,,active,needs_review,needs_review,"가격 단위 추정, 복수 카드 가격, 배송비 포함 여부 미확정, 묶음·세트 총액 · 개별 카드 가격 아님",estimated,no,no,"loadScript('https://pagead2.googlesyndication.com/pagead/js/adsbygoogle_direct.js?client=ca-pub-8171468792791627', true, 'anonymous');"
34938d31fd67bdf3bfb46ab8,pokemoncardgame,포켓몬 카드게임,2026-07,2026-07-23T20:54:35+09:00,known,5ae689640ee7adc422944e6f,34938d31fd67bdf3bfb46ab8,119076,https://m.dcinside.com/board/pokemoncardgame/119076,고레어 덱소스 ㅍㅍ,seller-51447db26eeb90b0124d315b,포갤러,registered,하이퍼 아로마,하이퍼 아로마,하이퍼 아로마,,,unknown,미분류,1,0.05,500,estimated,per_card,text,unknown,,active,needs_review,needs_review,"가격 단위 추정, 배송비 포함 여부 미확정",estimated,yes,candidate_estimated,하이퍼 아로마 0.05
37690e828e6cc95d51cf3b88,pokemoncardgame,포켓몬 카드게임,2026-07,2026-07-23T20:54:35+09:00,known,df70ec8d586b6bfaa2653953,37690e828e6cc95d51cf3b88,119076,https://m.dcinside.com/board/pokemoncardgame/119076,고레어 덱소스 ㅍㅍ,seller-51447db26eeb90b0124d315b,포갤러,registered,마티에르,마티에르,마티에르,,,unknown,미분류,1,0.6,6000,estimated,per_card,text,unknown,,active,needs_review,needs_review,"가격 단위 추정, 배송비 포함 여부 미확정",estimated,yes,candidate_estimated,마티에르 0.6
377def5f48608439b26e39d4,pokemoncardgame,포켓몬 카드게임,2026-07,2026-07-23T20:54:35+09:00,known,df70ec8d586b6bfaa2653953,377def5f48608439b26e39d4,119076,https://m.dcinside.com/board/pokemoncardgame/119076,고레어 덱소스 ㅍㅍ,seller-51447db26eeb90b0124d315b,포갤러,registered,활력의 숲,활력의 숲,활력의 숲,,,unknown,미분류,1,0.12,1200,estimated,per_card,text,unknown,,active,needs_review,needs_review,"가격 단위 추정, 배송비 포함 여부 미확정",estimated,yes,candidate_estimated,활력의 숲 0.12
388ed2d08bcbf166e7e3b80f,pokemoncardgame,포켓몬 카드게임,2026-07,2026-07-23T20:54:35+09:00,known,e41cde42ca14904b0e54bf66,388ed2d08bcbf166e7e3b80f,119076,https://m.dcinside.com/board/pokemoncardgame/119076,고레어 덱소스 ㅍㅍ,seller-51447db26eeb90b0124d315b,포갤러,registered,하이퍼 아로마,하이퍼 아로마,하이퍼 아로마,,,unknown,미분류,1,0.05,500,estimated,per_card,text,unknown,,active,needs_review,needs_review,"가격 단위 추정, 배송비 포함 여부 미확정",estimated,yes,candidate_estimated,하이퍼 아로마 0.05
3a166d220b9d241a0aad7823,pokemoncardgame,포켓몬 카드게임,2026-07,2026-07-23T20:54:35+09:00,known,df70ec8d586b6bfaa2653953,3a166d220b9d241a0aad7823,119076,https://m.dcinside.com/board/pokemoncardgame/119076,고레어 덱소스 ㅍㅍ,seller-51447db26eeb90b0124d315b,포갤러,registered,밤의 들것,밤의 들것,밤의 들것,,,unknown,미분류,1,0.32,3200,estimated,per_card,text,unknown,,active,needs_review,needs_review,"가격 단위 추정, 배송비 포함 여부 미확정",estimated,yes,candidate_estimated,밤의 들것 0.32
3ce5e2a04673172b575c7e8b,pokemoncardgame,포켓몬 카드게임,2026-07,2026-07-23T20:54:35+09:00,known,9d946037adcda1a8a566db24,3ce5e2a04673172b575c7e8b,119076,https://m.dcinside.com/board/pokemoncardgame/119076,고레어 덱소스 ㅍㅍ,seller-51447db26eeb90b0124d315b,포갤러,registered,밤의 들것,밤의 들것,밤의 들것,,,unknown,미분류,1,0.32,3200,estimated,per_card,text,unknown,,active,needs_review,needs_review,"가격 단위 추정, 배송비 포함 여부 미확정",estimated,yes,candidate_estimated,밤의 들것 0.32
3d0e33f2e3e9a3fe3cd89630,pokemoncardgame,포켓몬 카드게임,2026-07,2026-07-23T20:54:35+09:00,known,df70ec8d586b6bfaa2653953,3d0e33f2e3e9a3fe3cd89630,119076,https://m.dcinside.com/board/pokemoncardgame/119076,고레어 덱소스 ㅍㅍ,seller-51447db26eeb90b0124d315b,포갤러,registered,타라곤,타라곤,타라곤,,,unknown,미분류,1,0.5,5000,estimated,per_card,text,unknown,,active,needs_review,needs_review,"가격 단위 추정, 배송비 포함 여부 미확정",estimated,yes,candidate_estimated,타라곤 0.5
3dd3712cb28f03b8a30e2440,pokemoncardgame,포켓몬 카드게임,2026-07,2026-07-23T20:54:35+09:00,known,9d946037adcda1a8a566db24,3dd3712cb28f03b8a30e2440,119076,https://m.dcinside.com/board/pokemoncardgame/119076,고레어 덱소스 ㅍㅍ,seller-51447db26eeb90b0124d315b,포갤러,registered,원더패치,원더패치,원더패치,,,unknown,미분류,1,0.15,1500,estimated,per_card,text,unknown,,active,needs_review,needs_review,"가격 단위 추정, 배송비 포함 여부 미확정",estimated,yes,candidate_estimated,원더패치 0.15
3de8e8c5d8031944d261e739,pokemoncardgame,포켓몬 카드게임,2026-07,2026-07-23T20:54:35+09:00,known,5ae689640ee7adc422944e6f,3de8e8c5d8031944d261e739,119076,https://m.dcinside.com/board/pokemoncardgame/119076,고레어 덱소스 ㅍㅍ,seller-51447db26eeb90b0124d315b,포갤러,registered,loadScript 'https pagead,loadScript 'https pagead,loadScript('https://pagead,,,unknown,미분류,1,2,20000,estimated,bundle,text,unknown,,active,needs_review,needs_review,"가격 단위 추정, 복수 카드 가격, 배송비 포함 여부 미확정, 묶음·세트 총액 · 개별 카드 가격 아님",estimated,no,no,"loadScript('https://pagead2.googlesyndication.com/pagead/js/adsbygoogle_direct.js?client=ca-pub-8171468792791627', true, 'anonymous');"
3e02909badede6c1f517c47b,pokemoncardgame,포켓몬 카드게임,2026-07,2026-07-23T20:54:35+09:00,known,e41cde42ca14904b0e54bf66,3e02909badede6c1f517c47b,119076,https://m.dcinside.com/board/pokemoncardgame/119076,고레어 덱소스 ㅍㅍ,seller-51447db26eeb90b0124d315b,포갤러,registered,하이퍼볼,하이퍼볼,하이퍼볼,,,unknown,미분류,1,0.35,3500,estimated,per_card,text,unknown,,active,needs_review,needs_review,"가격 단위 추정, 배송비 포함 여부 미확정",estimated,yes,candidate_estimated,하이퍼볼 0.35
3eed11bbe3d3ce3b85face51,pokemoncardgame,포켓몬 카드게임,2026-07,2026-07-23T20:54:35+09:00,known,9d946037adcda1a8a566db24,3eed11bbe3d3ce3b85face51,119076,https://m.dcinside.com/board/pokemoncardgame/119076,고레어 덱소스 ㅍㅍ,seller-51447db26eeb90b0124d315b,포갤러,registered,이그니션 에너지,이그니션 에너지,이그니션 에너지,,,unknown,미분류,1,0.08,800,estimated,per_card,text,unknown,,active,needs_review,needs_review,"가격 단위 추정, 배송비 포함 여부 미확정",estimated,yes,candidate_estimated,이그니션 에너지 0.08
3f64c9d9adffbf416c40b1cd,pokemoncardgame,포켓몬 카드게임,2026-07,2026-07-23T20:54:35+09:00,known,5ae689640ee7adc422944e6f,3f64c9d9adffbf416c40b1cd,119076,https://m.dcinside.com/board/pokemoncardgame/119076,고레어 덱소스 ㅍㅍ,seller-51447db26eeb90b0124d315b,포갤러,registered,재밍타워,재밍타워,재밍타워,,,unknown,미분류,1,0.08,800,estimated,per_card,text,unknown,,active,needs_review,needs_review,"가격 단위 추정, 배송비 포함 여부 미확정",estimated,yes,candidate_estimated,재밍타워 0.08
40cafc26b576dbb714a516f8,pokemoncardgame,포켓몬 카드게임,2026-07,2026-07-23T20:54:35+09:00,known,e41cde42ca14904b0e54bf66,40cafc26b576dbb714a516f8,119076,https://m.dcinside.com/board/pokemoncardgame/119076,고레어 덱소스 ㅍㅍ,seller-51447db26eeb90b0124d315b,포갤러,registered,희망의 애뮬렛,희망의 애뮬렛,희망의 애뮬렛,,,unknown,미분류,1,0.03,300,estimated,per_card,text,unknown,,active,needs_review,needs_review,"가격 단위 추정, 배송비 포함 여부 미확정",estimated,yes,candidate_estimated,희망의 애뮬렛 0.03
42c8f3282e9e8d48eda89393,pokemoncardgame,포켓몬 카드게임,2026-07,2026-07-23T20:54:35+09:00,known,9d946037adcda1a8a566db24,42c8f3282e9e8d48eda89393,119076,https://m.dcinside.com/board/pokemoncardgame/119076,고레어 덱소스 ㅍㅍ,seller-51447db26eeb90b0124d315b,포갤러,registered,유카리,유카리,유카리,,,unknown,미분류,1,0.5,5000,estimated,per_card,text,unknown,,active,needs_review,needs_review,"가격 단위 추정, 배송비 포함 여부 미확정",estimated,yes,candidate_estimated,유카리 0.5
43378eb2111a67923bac27e3,pokemoncardgame,포켓몬 카드게임,2026-07,2026-07-23T20:54:35+09:00,known,5ae689640ee7adc422944e6f,43378eb2111a67923bac27e3,119076,https://m.dcinside.com/board/pokemoncardgame/119076,고레어 덱소스 ㅍㅍ,seller-51447db26eeb90b0124d315b,포갤러,registered,미스터리 가든,미스터리 가든,미스터리 가든,,,unknown,미분류,1,0.08,800,estimated,per_card,text,unknown,,active,needs_review,needs_review,"가격 단위 추정, 배송비 포함 여부 미확정",estimated,yes,candidate_estimated,미스터리 가든 0.08
439161787c3dc20dbe84c000,pokemoncardgame,포켓몬 카드게임,2026-07,2026-07-23T20:54:35+09:00,known,df70ec8d586b6bfaa2653953,439161787c3dc20dbe84c000,119076,https://m.dcinside.com/board/pokemoncardgame/119076,고레어 덱소스 ㅍㅍ,seller-51447db26eeb90b0124d315b,포갤러,registered,희망의 애뮬렛,희망의 애뮬렛,희망의 애뮬렛,,,unknown,미분류,1,0.03,300,estimated,per_card,text,unknown,,active,needs_review,needs_review,"가격 단위 추정, 배송비 포함 여부 미확정",estimated,yes,candidate_estimated,희망의 애뮬렛 0.03
4481dfe3673bb4ac78f46ca8,pokemoncardgame,포켓몬 카드게임,2026-07,2026-07-23T20:54:35+09:00,known,df70ec8d586b6bfaa2653953,4481dfe3673bb4ac78f46ca8,119076,https://m.dcinside.com/board/pokemoncardgame/119076,고레어 덱소스 ㅍㅍ,seller-51447db26eeb90b0124d315b,포갤러,registered,에너지 리사이클,에너지 리사이클,에너지 리사이클,,,unknown,미분류,1,0.15,1500,estimated,per_card,text,unknown,,active,needs_review,needs_review,"가격 단위 추정, 배송비 포함 여부 미확정",estimated,yes,candidate_estimated,에너지 리사이클 0.15
492f16682bba05e9785a07b1,pokemoncardgame,포켓몬 카드게임,2026-07,2026-07-23T20:54:35+09:00,known,9d946037adcda1a8a566db24,492f16682bba05e9785a07b1,119076,https://m.dcinside.com/board/pokemoncardgame/119076,고레어 덱소스 ㅍㅍ,seller-51447db26eeb90b0124d315b,포갤러,registered,버베나와 헬레나,버베나와 헬레나,버베나와 헬레나,,,unknown,미분류,1,0.4,4000,estimated,per_card,text,unknown,,active,needs_review,needs_review,"가격 단위 추정, 배송비 포함 여부 미확정",estimated,yes,candidate_estimated,버베나와 헬레나 0.4
495c799b1b2d1a54f961a97e,pokemoncardgame,포켓몬 카드게임,2026-07,2026-07-23T20:54:35+09:00,known,e41cde42ca14904b0e54bf66,495c799b1b2d1a54f961a97e,119076,https://m.dcinside.com/board/pokemoncardgame/119076,고레어 덱소스 ㅍㅍ,seller-51447db26eeb90b0124d315b,포갤러,registered,원더패치,원더패치,원더패치,,,unknown,미분류,1,0.15,1500,estimated,per_card,text,unknown,,active,needs_review,needs_review,"가격 단위 추정, 배송비 포함 여부 미확정",estimated,yes,candidate_estimated,원더패치 0.15
49787309a78ec63bfc804ae7,pokemoncardgame,포켓몬 카드게임,2026-07,2026-07-23T20:54:35+09:00,known,5ae689640ee7adc422944e6f,49787309a78ec63bfc804ae7,119076,https://m.dcinside.com/board/pokemoncardgame/119076,고레어 덱소스 ㅍㅍ,seller-51447db26eeb90b0124d315b,포갤러,registered,var safe = window.dcAd && window.dcAd.safe ==,var safe = window.dcAd && window.dcAd.safe ==,var safe = (window.dcAd && window.dcAd.safe ==,,,unknown,미분류,1,1,10000,estimated,bundle,text,unknown,,active,needs_review,needs_review,"가격 단위 추정, 복수 카드 가격, 배송비 포함 여부 미확정, 묶음·세트 총액 · 개별 카드 가격 아님",estimated,no,no,var safe = (window.dcAd && window.dcAd.safe == 1)
4a386d688c0523c5130873d3,pokemoncardgame,포켓몬 카드게임,2026-07,2026-07-23T20:54:35+09:00,known,df70ec8d586b6bfaa2653953,4a386d688c0523c5130873d3,119076,https://m.dcinside.com/board/pokemoncardgame/119076,고레어 덱소스 ㅍㅍ,seller-51447db26eeb90b0124d315b,포갤러,registered,DOM 삽입 헬퍼 현재 스크립트 위치 기준,DOM 삽입 헬퍼 현재 스크립트 위치 기준,// ---- DOM 삽입 헬퍼 (현재 스크립트 위치 기준,,,unknown,미분류,1,1,10000,estimated,bundle,text,unknown,,active,needs_review,needs_review,"가격 단위 추정, 복수 카드 가격, 배송비 포함 여부 미확정, 묶음·세트 총액 · 개별 카드 가격 아님",estimated,no,no,// ---- DOM 삽입 헬퍼 (현재 스크립트 위치 기준1)
4b49d41c99a6b5988eb826e8,pokemoncardgame,포켓몬 카드게임,2026-07,2026-07-23T20:54:35+09:00,known,df70ec8d586b6bfaa2653953,4b49d41c99a6b5988eb826e8,119076,https://m.dcinside.com/board/pokemoncardgame/119076,고레어 덱소스 ㅍㅍ,seller-51447db26eeb90b0124d315b,포갤러,registered,로켓단의 리시버,로켓단의 리시버,로켓단의 리시버,,,unknown,미분류,1,0.15,1500,estimated,per_card,text,unknown,,active,needs_review,needs_review,"가격 단위 추정, 배송비 포함 여부 미확정",estimated,yes,candidate_estimated,로켓단의 리시버 0.15
4ddd7ae2a30837f19d4f6d9a,pokemoncardgame,포켓몬 카드게임,2026-07,2026-07-23T20:54:35+09:00,known,9d946037adcda1a8a566db24,4ddd7ae2a30837f19d4f6d9a,119076,https://m.dcinside.com/board/pokemoncardgame/119076,고레어 덱소스 ㅍㅍ,seller-51447db26eeb90b0124d315b,포갤러,registered,카운터 게인,카운터 게인,카운터 게인,,,unknown,미분류,1,0.08,800,estimated,per_card,text,unknown,,active,needs_review,needs_review,"가격 단위 추정, 배송비 포함 여부 미확정",estimated,yes,candidate_estimated,카운터 게인 0.08
506d38de9d1dd8bdf241db5d,pokemoncardgame,포켓몬 카드게임,2026-07,2026-07-23T20:54:35+09:00,known,9d946037adcda1a8a566db24,506d38de9d1dd8bdf241db5d,119076,https://m.dcinside.com/board/pokemoncardgame/119076,고레어 덱소스 ㅍㅍ,seller-51447db26eeb90b0124d315b,포갤러,registered,블래리의 한수,블래리의 한수,블래리의 한수,,,unknown,미분류,1,0.25,2500,estimated,per_card,text,unknown,,active,needs_review,needs_review,"가격 단위 추정, 배송비 포함 여부 미확정",estimated,yes,candidate_estimated,블래리의 한수 0.25
56d592d083e75744e33255dc,pokemoncardgame,포켓몬 카드게임,2026-07,2026-07-23T20:54:35+09:00,known,9d946037adcda1a8a566db24,56d592d083e75744e33255dc,119076,https://m.dcinside.com/board/pokemoncardgame/119076,고레어 덱소스 ㅍㅍ,seller-51447db26eeb90b0124d315b,포갤러,registered,하이퍼 아로마,하이퍼 아로마,하이퍼 아로마,,,unknown,미분류,1,0.05,500,estimated,per_card,text,unknown,,active,needs_review,needs_review,"가격 단위 추정, 배송비 포함 여부 미확정",estimated,yes,candidate_estimated,하이퍼 아로마 0.05
57fb207ddad0f5c3d77fcb49,pokemoncardgame,포켓몬 카드게임,2026-07,2026-07-23T20:54:35+09:00,known,5ae689640ee7adc422944e6f,57fb207ddad0f5c3d77fcb49,119076,https://m.dcinside.com/board/pokemoncardgame/119076,고레어 덱소스 ㅍㅍ,seller-51447db26eeb90b0124d315b,포갤러,registered,로켓단의 리시버,로켓단의 리시버,로켓단의 리시버,,,unknown,미분류,1,0.15,1500,estimated,per_card,text,unknown,,active,needs_review,needs_review,"가격 단위 추정, 배송비 포함 여부 미확정",estimated,yes,candidate_estimated,로켓단의 리시버 0.15
5d0144a968d8575630117cf6,pokemoncardgame,포켓몬 카드게임,2026-07,2026-07-23T20:54:35+09:00,known,5ae689640ee7adc422944e6f,5d0144a968d8575630117cf6,119076,https://m.dcinside.com/board/pokemoncardgame/119076,고레어 덱소스 ㅍㅍ,seller-51447db26eeb90b0124d315b,포갤러,registered,유카리,유카리,유카리,,,unknown,미분류,1,0.5,5000,estimated,per_card,text,unknown,,active,needs_review,needs_review,"가격 단위 추정, 배송비 포함 여부 미확정",estimated,yes,candidate_estimated,유카리 0.5
5f35eecafb114c3bf73758ba,pokemoncardgame,포켓몬 카드게임,2026-07,2026-07-23T20:54:35+09:00,known,9d946037adcda1a8a566db24,5f35eecafb114c3bf73758ba,119076,https://m.dcinside.com/board/pokemoncardgame/119076,고레어 덱소스 ㅍㅍ,seller-51447db26eeb90b0124d315b,포갤러,registered,에너지 리사이클,에너지 리사이클,에너지 리사이클,,,unknown,미분류,1,0.15,1500,estimated,per_card,text,unknown,,active,needs_review,needs_review,"가격 단위 추정, 배송비 포함 여부 미확정",estimated,yes,candidate_estimated,에너지 리사이클 0.15
632dc92dfc64e739da1ca71e,pokemoncardgame,포켓몬 카드게임,2026-07,2026-07-23T20:54:35+09:00,known,e41cde42ca14904b0e54bf66,632dc92dfc64e739da1ca71e,119076,https://m.dcinside.com/board/pokemoncardgame/119076,고레어 덱소스 ㅍㅍ,seller-51447db26eeb90b0124d315b,포갤러,registered,var safe = window.dcAd && window.dcAd.safe ==,var safe = window.dcAd && window.dcAd.safe ==,var safe = (window.dcAd && window.dcAd.safe ==,,,unknown,미분류,1,1,10000,estimated,bundle,text,unknown,,active,needs_review,needs_review,"가격 단위 추정, 복수 카드 가격, 배송비 포함 여부 미확정, 묶음·세트 총액 · 개별 카드 가격 아님",estimated,no,no,var safe = (window.dcAd && window.dcAd.safe == 1)
634de5a7c834cfd26033e746,pokemoncardgame,포켓몬 카드게임,2026-07,2026-07-23T20:54:35+09:00,known,e41cde42ca14904b0e54bf66,634de5a7c834cfd26033e746,119076,https://m.dcinside.com/board/pokemoncardgame/119076,고레어 덱소스 ㅍㅍ,seller-51447db26eeb90b0124d315b,포갤러,registered,유리나팔,유리나팔,유리나팔,,,unknown,미분류,1,0.08,800,estimated,per_card,text,unknown,,active,needs_review,needs_review,"가격 단위 추정, 배송비 포함 여부 미확정",estimated,yes,candidate_estimated,유리나팔 0.08
681bfa174ce6d64f6ec28fa1,pokemoncardgame,포켓몬 카드게임,2026-07,2026-07-23T20:54:35+09:00,known,df70ec8d586b6bfaa2653953,681bfa174ce6d64f6ec28fa1,119076,https://m.dcinside.com/board/pokemoncardgame/119076,고레어 덱소스 ㅍㅍ,seller-51447db26eeb90b0124d315b,포갤러,registered,크러시 해머,크러시 해머,크러시 해머,,,unknown,미분류,1,0.4,4000,estimated,per_card,text,unknown,,active,needs_review,needs_review,"가격 단위 추정, 배송비 포함 여부 미확정",estimated,yes,candidate_estimated,크러시 해머 0.4
68821c0d3c5b01a58b21c774,pokemoncardgame,포켓몬 카드게임,2026-07,2026-07-23T20:54:35+09:00,known,5ae689640ee7adc422944e6f,68821c0d3c5b01a58b21c774,119076,https://m.dcinside.com/board/pokemoncardgame/119076,고레어 덱소스 ㅍㅍ,seller-51447db26eeb90b0124d315b,포갤러,registered,밤의 들것,밤의 들것,밤의 들것,,,unknown,미분류,1,0.32,3200,estimated,per_card,text,unknown,,active,needs_review,needs_review,"가격 단위 추정, 배송비 포함 여부 미확정",estimated,yes,candidate_estimated,밤의 들것 0.32
69a6760b93afc069e4491ab8,pokemoncardgame,포켓몬 카드게임,2026-07,2026-07-23T20:54:35+09:00,known,5ae689640ee7adc422944e6f,69a6760b93afc069e4491ab8,119076,https://m.dcinside.com/board/pokemoncardgame/119076,고레어 덱소스 ㅍㅍ,seller-51447db26eeb90b0124d315b,포갤러,registered,포켓몬 교체,포켓몬 교체,포켓몬 교체,,,unknown,미분류,1,0.08,800,estimated,per_card,text,unknown,,active,needs_review,needs_review,"가격 단위 추정, 배송비 포함 여부 미확정",estimated,yes,candidate_estimated,포켓몬 교체 0.08
6ac109388d155dc530157524,pokemoncardgame,포켓몬 카드게임,2026-07,2026-07-23T20:54:35+09:00,known,9d946037adcda1a8a566db24,6ac109388d155dc530157524,119076,https://m.dcinside.com/board/pokemoncardgame/119076,고레어 덱소스 ㅍㅍ,seller-51447db26eeb90b0124d315b,포갤러,registered,비치코트,비치코트,비치코트,,,unknown,미분류,1,1.0,10000,estimated,per_card,text,unknown,,active,needs_review,needs_review,"가격 단위 추정, 배송비 포함 여부 미확정",estimated,yes,candidate_estimated,비치코트 1.0
6b6c1d0510cc2d3e9532b20e,pokemoncardgame,포켓몬 카드게임,2026-07,2026-07-23T20:54:35+09:00,known,df70ec8d586b6bfaa2653953,6b6c1d0510cc2d3e9532b20e,119076,https://m.dcinside.com/board/pokemoncardgame/119076,고레어 덱소스 ㅍㅍ,seller-51447db26eeb90b0124d315b,포갤러,registered,불놀이꾼,불놀이꾼,불놀이꾼,,,unknown,미분류,1,0.25,2500,estimated,per_card,text,unknown,,active,needs_review,needs_review,"가격 단위 추정, 배송비 포함 여부 미확정",estimated,yes,candidate_estimated,불놀이꾼 0.25
6d7799eb17785841f86c71b6,pokemoncardgame,포켓몬 카드게임,2026-07,2026-07-23T20:54:35+09:00,known,5ae689640ee7adc422944e6f,6d7799eb17785841f86c71b6,119076,https://m.dcinside.com/board/pokemoncardgame/119076,고레어 덱소스 ㅍㅍ,seller-51447db26eeb90b0124d315b,포갤러,registered,활력의 숲,활력의 숲,활력의 숲,,,unknown,미분류,1,0.12,1200,estimated,per_card,text,unknown,,active,needs_review,needs_review,"가격 단위 추정, 배송비 포함 여부 미확정",estimated,yes,candidate_estimated,활력의 숲 0.12
6e05f39464df9558afb5654c,pokemoncardgame,포켓몬 카드게임,2026-07,2026-07-23T20:54:35+09:00,known,e41cde42ca14904b0e54bf66,6e05f39464df9558afb5654c,119076,https://m.dcinside.com/board/pokemoncardgame/119076,고레어 덱소스 ㅍㅍ,seller-51447db26eeb90b0124d315b,포갤러,registered,낚시대MAX,낚시대MAX,낚시대MAX,,,unknown,미분류,1,0.08,800,estimated,per_card,text,unknown,,active,needs_review,needs_review,"가격 단위 추정, 배송비 포함 여부 미확정",estimated,yes,candidate_estimated,낚시대MAX 0.08
6e7d72ea7f107d4cb9e23b24,pokemoncardgame,포켓몬 카드게임,2026-07,2026-07-23T20:54:35+09:00,known,df70ec8d586b6bfaa2653953,6e7d72ea7f107d4cb9e23b24,119076,https://m.dcinside.com/board/pokemoncardgame/119076,고레어 덱소스 ㅍㅍ,seller-51447db26eeb90b0124d315b,포갤러,registered,카운터 게인,카운터 게인,카운터 게인,,,unknown,미분류,1,0.08,800,estimated,per_card,text,unknown,,active,needs_review,needs_review,"가격 단위 추정, 배송비 포함 여부 미확정",estimated,yes,candidate_estimated,카운터 게인 0.08
6ef6b9874e39fd64a2edb4a1,pokemoncardgame,포켓몬 카드게임,2026-07,2026-07-23T20:54:35+09:00,known,9d946037adcda1a8a566db24,6ef6b9874e39fd64a2edb4a1,119076,https://m.dcinside.com/board/pokemoncardgame/119076,고레어 덱소스 ㅍㅍ,seller-51447db26eeb90b0124d315b,포갤러,registered,불놀이꾼,불놀이꾼,불놀이꾼,,,unknown,미분류,1,0.25,2500,estimated,per_card,text,unknown,,active,needs_review,needs_review,"가격 단위 추정, 배송비 포함 여부 미확정",estimated,yes,candidate_estimated,불놀이꾼 0.25
70e7b8c6981bed8e1adabf29,pokemoncardgame,포켓몬 카드게임,2026-07,2026-07-23T20:54:35+09:00,known,5ae689640ee7adc422944e6f,70e7b8c6981bed8e1adabf29,119076,https://m.dcinside.com/board/pokemoncardgame/119076,고레어 덱소스 ㅍㅍ,seller-51447db26eeb90b0124d315b,포갤러,registered,이그니션 에너지,이그니션 에너지,이그니션 에너지,,,unknown,미분류,1,0.08,800,estimated,per_card,text,unknown,,active,needs_review,needs_review,"가격 단위 추정, 배송비 포함 여부 미확정",estimated,yes,candidate_estimated,이그니션 에너지 0.08
71bba74f0e81bec267550d48,pokemoncardgame,포켓몬 카드게임,2026-07,2026-07-23T20:54:35+09:00,known,9d946037adcda1a8a566db24,71bba74f0e81bec267550d48,119076,https://m.dcinside.com/board/pokemoncardgame/119076,고레어 덱소스 ㅍㅍ,seller-51447db26eeb90b0124d315b,포갤러,registered,활력의 숲,활력의 숲,활력의 숲,,,unknown,미분류,1,0.12,1200,estimated,per_card,text,unknown,,active,needs_review,needs_review,"가격 단위 추정, 배송비 포함 여부 미확정",estimated,yes,candidate_estimated,활력의 숲 0.12
72c5bce760ea0a6f4727c653,pokemoncardgame,포켓몬 카드게임,2026-07,2026-07-23T20:54:35+09:00,known,9d946037adcda1a8a566db24,72c5bce760ea0a6f4727c653,119076,https://m.dcinside.com/board/pokemoncardgame/119076,고레어 덱소스 ㅍㅍ,seller-51447db26eeb90b0124d315b,포갤러,registered,파이팅공,파이팅공,파이팅공,,,unknown,미분류,1,0.14,1400,estimated,per_card,text,unknown,,active,needs_review,needs_review,"가격 단위 추정, 배송비 포함 여부 미확정",estimated,yes,candidate_estimated,파이팅공 0.14
740584a5a478cde721566c13,pokemoncardgame,포켓몬 카드게임,2026-07,2026-07-23T20:54:35+09:00,known,9d946037adcda1a8a566db24,740584a5a478cde721566c13,119076,https://m.dcinside.com/board/pokemoncardgame/119076,고레어 덱소스 ㅍㅍ,seller-51447db26eeb90b0124d315b,포갤러,registered,마티에르,마티에르,마티에르,,,unknown,미분류,1,0.6,6000,estimated,per_card,text,unknown,,active,needs_review,needs_review,"가격 단위 추정, 배송비 포함 여부 미확정",estimated,yes,candidate_estimated,마티에르 0.6
76057ad8b5b848831f8f3666,pokemoncardgame,포켓몬 카드게임,2026-07,2026-07-23T20:54:35+09:00,known,9d946037adcda1a8a566db24,76057ad8b5b848831f8f3666,119076,https://m.dcinside.com/board/pokemoncardgame/119076,고레어 덱소스 ㅍㅍ,seller-51447db26eeb90b0124d315b,포갤러,registered,하이퍼볼,하이퍼볼,하이퍼볼,,,unknown,미분류,1,0.35,3500,estimated,per_card,text,unknown,,active,needs_review,needs_review,"가격 단위 추정, 배송비 포함 여부 미확정",estimated,yes,candidate_estimated,하이퍼볼 0.35
763ec75c967e78d829ab3ea6,pokemoncardgame,포켓몬 카드게임,2026-07,2026-07-23T20:54:35+09:00,known,e41cde42ca14904b0e54bf66,763ec75c967e78d829ab3ea6,119076,https://m.dcinside.com/board/pokemoncardgame/119076,고레어 덱소스 ㅍㅍ,seller-51447db26eeb90b0124d315b,포갤러,registered,펑크멧,펑크멧,펑크멧,,,unknown,미분류,1,0.05,500,estimated,per_card,text,unknown,,active,needs_review,needs_review,"가격 단위 추정, 배송비 포함 여부 미확정",estimated,yes,candidate_estimated,펑크멧 0.05
7873aadc2c79f870990da9ee,pokemoncardgame,포켓몬 카드게임,2026-07,2026-07-23T20:54:35+09:00,known,9d946037adcda1a8a566db24,7873aadc2c79f870990da9ee,119076,https://m.dcinside.com/board/pokemoncardgame/119076,고레어 덱소스 ㅍㅍ,seller-51447db26eeb90b0124d315b,포갤러,registered,크러시 해머,크러시 해머,크러시 해머,,,unknown,미분류,1,0.4,4000,estimated,per_card,text,unknown,,active,needs_review,needs_review,"가격 단위 추정, 배송비 포함 여부 미확정",estimated,yes,candidate_estimated,크러시 해머 0.4
7fa6083c907beaba640941a5,pokemoncardgame,포켓몬 카드게임,2026-07,2026-07-23T20:54:35+09:00,known,e41cde42ca14904b0e54bf66,7fa6083c907beaba640941a5,119076,https://m.dcinside.com/board/pokemoncardgame/119076,고레어 덱소스 ㅍㅍ,seller-51447db26eeb90b0124d315b,포갤러,registered,에너지 리사이클,에너지 리사이클,에너지 리사이클,,,unknown,미분류,1,0.15,1500,estimated,per_card,text,unknown,,active,needs_review,needs_review,"가격 단위 추정, 배송비 포함 여부 미확정",estimated,yes,candidate_estimated,에너지 리사이클 0.15
809343a415213c80a683fb49,pokemoncardgame,포켓몬 카드게임,2026-07,2026-07-23T20:54:35+09:00,known,5ae689640ee7adc422944e6f,809343a415213c80a683fb49,119076,https://m.dcinside.com/board/pokemoncardgame/119076,고레어 덱소스 ㅍㅍ,seller-51447db26eeb90b0124d315b,포갤러,registered,원더패치,원더패치,원더패치,,,unknown,미분류,1,0.15,1500,estimated,per_card,text,unknown,,active,needs_review,needs_review,"가격 단위 추정, 배송비 포함 여부 미확정",estimated,yes,candidate_estimated,원더패치 0.15
813a72a584422d093a8137ce,pokemoncardgame,포켓몬 카드게임,2026-07,2026-07-23T20:54:35+09:00,known,df70ec8d586b6bfaa2653953,813a72a584422d093a8137ce,119076,https://m.dcinside.com/board/pokemoncardgame/119076,고레어 덱소스 ㅍㅍ,seller-51447db26eeb90b0124d315b,포갤러,registered,유카리,유카리,유카리,,,unknown,미분류,1,0.5,5000,estimated,per_card,text,unknown,,active,needs_review,needs_review,"가격 단위 추정, 배송비 포함 여부 미확정",estimated,yes,candidate_estimated,유카리 0.5
81a5cdf991ff48b0fc308efd,pokemoncardgame,포켓몬 카드게임,2026-07,2026-07-23T20:54:35+09:00,known,5ae689640ee7adc422944e6f,81a5cdf991ff48b0fc308efd,119076,https://m.dcinside.com/board/pokemoncardgame/119076,고레어 덱소스 ㅍㅍ,seller-51447db26eeb90b0124d315b,포갤러,registered,희망의 애뮬렛,희망의 애뮬렛,희망의 애뮬렛,,,unknown,미분류,1,0.03,300,estimated,per_card,text,unknown,,active,needs_review,needs_review,"가격 단위 추정, 배송비 포함 여부 미확정",estimated,yes,candidate_estimated,희망의 애뮬렛 0.03
851d9ceec33495ee6a6080bc,pokemoncardgame,포켓몬 카드게임,2026-07,2026-07-23T20:54:35+09:00,known,5ae689640ee7adc422944e6f,851d9ceec33495ee6a6080bc,119076,https://m.dcinside.com/board/pokemoncardgame/119076,고레어 덱소스 ㅍㅍ,seller-51447db26eeb90b0124d315b,포갤러,registered,하이퍼볼,하이퍼볼,하이퍼볼,,,unknown,미분류,1,0.35,3500,estimated,per_card,text,unknown,,active,needs_review,needs_review,"가격 단위 추정, 배송비 포함 여부 미확정",estimated,yes,candidate_estimated,하이퍼볼 0.35
858997da1d900937cf204a88,pokemoncardgame,포켓몬 카드게임,2026-07,2026-07-23T20:54:35+09:00,known,9d946037adcda1a8a566db24,858997da1d900937cf204a88,119076,https://m.dcinside.com/board/pokemoncardgame/119076,고레어 덱소스 ㅍㅍ,seller-51447db26eeb90b0124d315b,포갤러,registered,로켓단의 리시버,로켓단의 리시버,로켓단의 리시버,,,unknown,미분류,1,0.15,1500,estimated,per_card,text,unknown,,active,needs_review,needs_review,"가격 단위 추정, 배송비 포함 여부 미확정",estimated,yes,candidate_estimated,로켓단의 리시버 0.15
85c353f95341b3a6d831c235,pokemoncardgame,포켓몬 카드게임,2026-07,2026-07-23T20:54:35+09:00,known,df70ec8d586b6bfaa2653953,85c353f95341b3a6d831c235,119076,https://m.dcinside.com/board/pokemoncardgame/119076,고레어 덱소스 ㅍㅍ,seller-51447db26eeb90b0124d315b,포갤러,registered,loadScript 'https pagead,loadScript 'https pagead,loadScript('https://pagead,,,unknown,미분류,1,2,20000,estimated,bundle,text,unknown,,active,needs_review,needs_review,"가격 단위 추정, 복수 카드 가격, 배송비 포함 여부 미확정, 묶음·세트 총액 · 개별 카드 가격 아님",estimated,no,no,"loadScript('https://pagead2.googlesyndication.com/pagead/js/adsbygoogle_direct.js?client=ca-pub-8171468792791627', true, 'anonymous');"
8b4b4b766e352bd8a13fc6a1,pokemoncardgame,포켓몬 카드게임,2026-07,2026-07-23T20:54:35+09:00,known,df70ec8d586b6bfaa2653953,8b4b4b766e352bd8a13fc6a1,119076,https://m.dcinside.com/board/pokemoncardgame/119076,고레어 덱소스 ㅍㅍ,seller-51447db26eeb90b0124d315b,포갤러,registered,var safe = window.dcAd && window.dcAd.safe ==,var safe = window.dcAd && window.dcAd.safe ==,var safe = (window.dcAd && window.dcAd.safe ==,,,unknown,미분류,1,1,10000,estimated,bundle,text,unknown,,active,needs_review,needs_review,"가격 단위 추정, 복수 카드 가격, 배송비 포함 여부 미확정, 묶음·세트 총액 · 개별 카드 가격 아님",estimated,no,no,var safe = (window.dcAd && window.dcAd.safe == 1)
8bcf6e4d1d4630fbc591b67c,pokemoncardgame,포켓몬 카드게임,2026-07,2026-07-23T20:54:35+09:00,known,5ae689640ee7adc422944e6f,8bcf6e4d1d4630fbc591b67c,119076,https://m.dcinside.com/board/pokemoncardgame/119076,고레어 덱소스 ㅍㅍ,seller-51447db26eeb90b0124d315b,포갤러,registered,성스러운 부적,성스러운 부적,성스러운 부적,,,unknown,미분류,1,0.05,500,estimated,per_card,text,unknown,,active,needs_review,needs_review,"가격 단위 추정, 배송비 포함 여부 미확정",estimated,yes,candidate_estimated,성스러운 부적 0.05
8c62e5306bb640dc9a8eeeaf,pokemoncardgame,포켓몬 카드게임,2026-07,2026-07-23T20:54:35+09:00,known,9d946037adcda1a8a566db24,8c62e5306bb640dc9a8eeeaf,119076,https://m.dcinside.com/board/pokemoncardgame/119076,고레어 덱소스 ㅍㅍ,seller-51447db26eeb90b0124d315b,포갤러,registered,N의 포인트업,N의 포인트업,N의 포인트업,,,unknown,미분류,1,0.08,800,estimated,per_card,text,unknown,,active,needs_review,needs_review,"가격 단위 추정, 배송비 포함 여부 미확정",estimated,yes,candidate_estimated,N의 포인트업 0.08
8d3b1f91976e46dd76d32255,pokemoncardgame,포켓몬 카드게임,2026-07,2026-07-23T20:54:35+09:00,known,e41cde42ca14904b0e54bf66,8d3b1f91976e46dd76d32255,119076,https://m.dcinside.com/board/pokemoncardgame/119076,고레어 덱소스 ㅍㅍ,seller-51447db26eeb90b0124d315b,포갤러,registered,불놀이꾼,불놀이꾼,불놀이꾼,,,unknown,미분류,1,0.25,2500,estimated,per_card,text,unknown,,active,needs_review,needs_review,"가격 단위 추정, 배송비 포함 여부 미확정",estimated,yes,candidate_estimated,불놀이꾼 0.25
90bd80a2192783becf8855b4,pokemoncardgame,포켓몬 카드게임,2026-07,2026-07-23T20:54:35+09:00,known,e41cde42ca14904b0e54bf66,90bd80a2192783becf8855b4,119076,https://m.dcinside.com/board/pokemoncardgame/119076,고레어 덱소스 ㅍㅍ,seller-51447db26eeb90b0124d315b,포갤러,registered,마티에르,마티에르,마티에르,,,unknown,미분류,1,0.6,6000,estimated,per_card,text,unknown,,active,needs_review,needs_review,"가격 단위 추정, 배송비 포함 여부 미확정",estimated,yes,candidate_estimated,마티에르 0.6
91d37cb238edea0e0871fe88,pokemoncardgame,포켓몬 카드게임,2026-07,2026-07-23T20:54:35+09:00,known,df70ec8d586b6bfaa2653953,91d37cb238edea0e0871fe88,119076,https://m.dcinside.com/board/pokemoncardgame/119076,고레어 덱소스 ㅍㅍ,seller-51447db26eeb90b0124d315b,포갤러,registered,파워프로틴,파워프로틴,파워프로틴,,,unknown,미분류,1,0.14,1400,estimated,per_card,text,unknown,,active,needs_review,needs_review,"가격 단위 추정, 배송비 포함 여부 미확정",estimated,yes,candidate_estimated,파워프로틴 0.14
936c73165bf2bd60a83a8af8,pokemoncardgame,포켓몬 카드게임,2026-07,2026-07-23T20:54:35+09:00,known,e41cde42ca14904b0e54bf66,936c73165bf2bd60a83a8af8,119076,https://m.dcinside.com/board/pokemoncardgame/119076,고레어 덱소스 ㅍㅍ,seller-51447db26eeb90b0124d315b,포갤러,registered,활력의 숲,활력의 숲,활력의 숲,,,unknown,미분류,1,0.12,1200,estimated,per_card,text,unknown,,active,needs_review,needs_review,"가격 단위 추정, 배송비 포함 여부 미확정",estimated,yes,candidate_estimated,활력의 숲 0.12
969c16ab1f9f53f9eb962486,pokemoncardgame,포켓몬 카드게임,2026-07,2026-07-23T20:54:35+09:00,known,9d946037adcda1a8a566db24,969c16ab1f9f53f9eb962486,119076,https://m.dcinside.com/board/pokemoncardgame/119076,고레어 덱소스 ㅍㅍ,seller-51447db26eeb90b0124d315b,포갤러,registered,loadScript 'https pagead,loadScript 'https pagead,loadScript('https://pagead,,,unknown,미분류,1,2,20000,estimated,bundle,text,unknown,,active,needs_review,needs_review,"가격 단위 추정, 복수 카드 가격, 배송비 포함 여부 미확정, 묶음·세트 총액 · 개별 카드 가격 아님",estimated,no,no,"loadScript('https://pagead2.googlesyndication.com/pagead/js/adsbygoogle_direct.js?client=ca-pub-8171468792791627', true, 'anonymous');"
96bd633537257887992e02c3,pokemoncardgame,포켓몬 카드게임,2026-07,2026-07-23T20:54:35+09:00,known,9d946037adcda1a8a566db24,96bd633537257887992e02c3,119076,https://m.dcinside.com/board/pokemoncardgame/119076,고레어 덱소스 ㅍㅍ,seller-51447db26eeb90b0124d315b,포갤러,registered,희망의 애뮬렛,희망의 애뮬렛,희망의 애뮬렛,,,unknown,미분류,1,0.03,300,estimated,per_card,text,unknown,,active,needs_review,needs_review,"가격 단위 추정, 배송비 포함 여부 미확정",estimated,yes,candidate_estimated,희망의 애뮬렛 0.03
a0d74dfbbf4176f83d0a97a7,pokemoncardgame,포켓몬 카드게임,2026-07,2026-07-23T20:54:35+09:00,known,df70ec8d586b6bfaa2653953,a0d74dfbbf4176f83d0a97a7,119076,https://m.dcinside.com/board/pokemoncardgame/119076,고레어 덱소스 ㅍㅍ,seller-51447db26eeb90b0124d315b,포갤러,registered,이그니션 에너지,이그니션 에너지,이그니션 에너지,,,unknown,미분류,1,0.08,800,estimated,per_card,text,unknown,,active,needs_review,needs_review,"가격 단위 추정, 배송비 포함 여부 미확정",estimated,yes,candidate_estimated,이그니션 에너지 0.08
a11fc012e42fa48a40890ca2,pokemoncardgame,포켓몬 카드게임,2026-07,2026-07-23T20:54:35+09:00,known,e41cde42ca14904b0e54bf66,a11fc012e42fa48a40890ca2,119076,https://m.dcinside.com/board/pokemoncardgame/119076,고레어 덱소스 ㅍㅍ,seller-51447db26eeb90b0124d315b,포갤러,registered,히트버너,히트버너,히트버너,,,unknown,미분류,1,0.08,800,estimated,per_card,text,unknown,,active,needs_review,needs_review,"가격 단위 추정, 배송비 포함 여부 미확정",estimated,yes,candidate_estimated,히트버너 0.08
a51a1e3aae62262dcf2ad6ee,pokemoncardgame,포켓몬 카드게임,2026-07,2026-07-23T20:54:35+09:00,known,e41cde42ca14904b0e54bf66,a51a1e3aae62262dcf2ad6ee,119076,https://m.dcinside.com/board/pokemoncardgame/119076,고레어 덱소스 ㅍㅍ,seller-51447db26eeb90b0124d315b,포갤러,registered,버베나와 헬레나,버베나와 헬레나,버베나와 헬레나,,,unknown,미분류,1,0.4,4000,estimated,per_card,text,unknown,,active,needs_review,needs_review,"가격 단위 추정, 배송비 포함 여부 미확정",estimated,yes,candidate_estimated,버베나와 헬레나 0.4
aaae84543d1799788b147616,pokemoncardgame,포켓몬 카드게임,2026-07,2026-07-23T20:54:35+09:00,known,df70ec8d586b6bfaa2653953,aaae84543d1799788b147616,119076,https://m.dcinside.com/board/pokemoncardgame/119076,고레어 덱소스 ㅍㅍ,seller-51447db26eeb90b0124d315b,포갤러,registered,버베나와 헬레나,버베나와 헬레나,버베나와 헬레나,,,unknown,미분류,1,0.4,4000,estimated,per_card,text,unknown,,active,needs_review,needs_review,"가격 단위 추정, 배송비 포함 여부 미확정",estimated,yes,candidate_estimated,버베나와 헬레나 0.4
ad3e3e03644b69c324881340,pokemoncardgame,포켓몬 카드게임,2026-07,2026-07-23T20:54:35+09:00,known,df70ec8d586b6bfaa2653953,ad3e3e03644b69c324881340,119076,https://m.dcinside.com/board/pokemoncardgame/119076,고레어 덱소스 ㅍㅍ,seller-51447db26eeb90b0124d315b,포갤러,registered,시아노,시아노,시아노,,,unknown,미분류,1,1.0,10000,estimated,per_card,text,unknown,,active,needs_review,needs_review,"가격 단위 추정, 배송비 포함 여부 미확정",estimated,yes,candidate_estimated,시아노 1.0
ad77e05740a1890c8bcbd479,pokemoncardgame,포켓몬 카드게임,2026-07,2026-07-23T20:54:35+09:00,known,df70ec8d586b6bfaa2653953,ad77e05740a1890c8bcbd479,119076,https://m.dcinside.com/board/pokemoncardgame/119076,고레어 덱소스 ㅍㅍ,seller-51447db26eeb90b0124d315b,포갤러,registered,유리나팔,유리나팔,유리나팔,,,unknown,미분류,1,0.08,800,estimated,per_card,text,unknown,,active,needs_review,needs_review,"가격 단위 추정, 배송비 포함 여부 미확정",estimated,yes,candidate_estimated,유리나팔 0.08
afb0e1479f7a7741ab295d9f,pokemoncardgame,포켓몬 카드게임,2026-07,2026-07-23T20:54:35+09:00,known,9d946037adcda1a8a566db24,afb0e1479f7a7741ab295d9f,119076,https://m.dcinside.com/board/pokemoncardgame/119076,고레어 덱소스 ㅍㅍ,seller-51447db26eeb90b0124d315b,포갤러,registered,낚시대MAX,낚시대MAX,낚시대MAX,,,unknown,미분류,1,0.08,800,estimated,per_card,text,unknown,,active,needs_review,needs_review,"가격 단위 추정, 배송비 포함 여부 미확정",estimated,yes,candidate_estimated,낚시대MAX 0.08
b0f2db39729200ee44c49ec3,pokemoncardgame,포켓몬 카드게임,2026-07,2026-07-23T20:54:35+09:00,known,9d946037adcda1a8a566db24,b0f2db39729200ee44c49ec3,119076,https://m.dcinside.com/board/pokemoncardgame/119076,고레어 덱소스 ㅍㅍ,seller-51447db26eeb90b0124d315b,포갤러,registered,포켓패드,포켓패드,포켓패드,,,unknown,미분류,1,0.5,5000,estimated,per_card,text,unknown,,active,needs_review,needs_review,"가격 단위 추정, 배송비 포함 여부 미확정",estimated,yes,candidate_estimated,포켓패드 0.5
b2f4edaad430969d4044eba7,pokemoncardgame,포켓몬 카드게임,2026-07,2026-07-23T20:54:35+09:00,known,9d946037adcda1a8a566db24,b2f4edaad430969d4044eba7,119076,https://m.dcinside.com/board/pokemoncardgame/119076,고레어 덱소스 ㅍㅍ,seller-51447db26eeb90b0124d315b,포갤러,registered,프리즘타워,프리즘타워,프리즘타워,,,unknown,미분류,1,0.1,1000,estimated,per_card,text,unknown,,active,needs_review,needs_review,"가격 단위 추정, 배송비 포함 여부 미확정",estimated,yes,candidate_estimated,프리즘타워 0.1
b38ce608248226f131a1ac1c,pokemoncardgame,포켓몬 카드게임,2026-07,2026-07-23T20:54:35+09:00,known,5ae689640ee7adc422944e6f,b38ce608248226f131a1ac1c,119076,https://m.dcinside.com/board/pokemoncardgame/119076,고레어 덱소스 ㅍㅍ,seller-51447db26eeb90b0124d315b,포갤러,registered,카운터 게인,카운터 게인,카운터 게인,,,unknown,미분류,1,0.08,800,estimated,per_card,text,unknown,,active,needs_review,needs_review,"가격 단위 추정, 배송비 포함 여부 미확정",estimated,yes,candidate_estimated,카운터 게인 0.08
b429cc31f51c15b2a2e37a7f,pokemoncardgame,포켓몬 카드게임,2026-07,2026-07-23T20:54:35+09:00,known,e41cde42ca14904b0e54bf66,b429cc31f51c15b2a2e37a7f,119076,https://m.dcinside.com/board/pokemoncardgame/119076,고레어 덱소스 ㅍㅍ,seller-51447db26eeb90b0124d315b,포갤러,registered,비치코트,비치코트,비치코트,,,unknown,미분류,1,1.0,10000,estimated,per_card,text,unknown,,active,needs_review,needs_review,"가격 단위 추정, 배송비 포함 여부 미확정",estimated,yes,candidate_estimated,비치코트 1.0
b7f466101569715c66c23547,pokemoncardgame,포켓몬 카드게임,2026-07,2026-07-23T20:54:35+09:00,known,df70ec8d586b6bfaa2653953,b7f466101569715c66c23547,119076,https://m.dcinside.com/board/pokemoncardgame/119076,고레어 덱소스 ㅍㅍ,seller-51447db26eeb90b0124d315b,포갤러,registered,뉴트럴센터,뉴트럴센터,뉴트럴센터,,,unknown,미분류,1,0.04,400,estimated,per_card,text,unknown,,active,needs_review,needs_review,"가격 단위 추정, 배송비 포함 여부 미확정",estimated,yes,candidate_estimated,뉴트럴센터 0.04
b9197dd65ef80030c0b9419d,pokemoncardgame,포켓몬 카드게임,2026-07,2026-07-23T20:54:35+09:00,known,df70ec8d586b6bfaa2653953,b9197dd65ef80030c0b9419d,119076,https://m.dcinside.com/board/pokemoncardgame/119076,고레어 덱소스 ㅍㅍ,seller-51447db26eeb90b0124d315b,포갤러,registered,하이퍼 아로마,하이퍼 아로마,하이퍼 아로마,,,unknown,미분류,1,0.05,500,estimated,per_card,text,unknown,,active,needs_review,needs_review,"가격 단위 추정, 배송비 포함 여부 미확정",estimated,yes,candidate_estimated,하이퍼 아로마 0.05
badddc2a100f1865a8a2e1bd,pokemoncardgame,포켓몬 카드게임,2026-07,2026-07-23T20:54:35+09:00,known,e41cde42ca14904b0e54bf66,badddc2a100f1865a8a2e1bd,119076,https://m.dcinside.com/board/pokemoncardgame/119076,고레어 덱소스 ㅍㅍ,seller-51447db26eeb90b0124d315b,포갤러,registered,성스러운 부적,성스러운 부적,성스러운 부적,,,unknown,미분류,1,0.05,500,estimated,per_card,text,unknown,,active,needs_review,needs_review,"가격 단위 추정, 배송비 포함 여부 미확정",estimated,yes,candidate_estimated,성스러운 부적 0.05
c0dce423a83c4e0aad2ce6ad,pokemoncardgame,포켓몬 카드게임,2026-07,2026-07-23T20:54:35+09:00,known,9d946037adcda1a8a566db24,c0dce423a83c4e0aad2ce6ad,119076,https://m.dcinside.com/board/pokemoncardgame/119076,고레어 덱소스 ㅍㅍ,seller-51447db26eeb90b0124d315b,포갤러,registered,파워프로틴,파워프로틴,파워프로틴,,,unknown,미분류,1,0.14,1400,estimated,per_card,text,unknown,,active,needs_review,needs_review,"가격 단위 추정, 배송비 포함 여부 미확정",estimated,yes,candidate_estimated,파워프로틴 0.14
c0f1a5aa8b055ee3c2d97d3b,pokemoncardgame,포켓몬 카드게임,2026-07,2026-07-23T20:54:35+09:00,known,e41cde42ca14904b0e54bf66,c0f1a5aa8b055ee3c2d97d3b,119076,https://m.dcinside.com/board/pokemoncardgame/119076,고레어 덱소스 ㅍㅍ,seller-51447db26eeb90b0124d315b,포갤러,registered,프리즘타워,프리즘타워,프리즘타워,,,unknown,미분류,1,0.1,1000,estimated,per_card,text,unknown,,active,needs_review,needs_review,"가격 단위 추정, 배송비 포함 여부 미확정",estimated,yes,candidate_estimated,프리즘타워 0.1
c1701d785c50a68a224cac9c,pokemoncardgame,포켓몬 카드게임,2026-07,2026-07-23T20:54:35+09:00,known,e41cde42ca14904b0e54bf66,c1701d785c50a68a224cac9c,119076,https://m.dcinside.com/board/pokemoncardgame/119076,고레어 덱소스 ㅍㅍ,seller-51447db26eeb90b0124d315b,포갤러,registered,타라곤,타라곤,타라곤,,,unknown,미분류,1,0.5,5000,estimated,per_card,text,unknown,,active,needs_review,needs_review,"가격 단위 추정, 배송비 포함 여부 미확정",estimated,yes,candidate_estimated,타라곤 0.5
c250e0aee6d9e2dc491797a4,pokemoncardgame,포켓몬 카드게임,2026-07,2026-07-23T20:54:35+09:00,known,e41cde42ca14904b0e54bf66,c250e0aee6d9e2dc491797a4,119076,https://m.dcinside.com/board/pokemoncardgame/119076,고레어 덱소스 ㅍㅍ,seller-51447db26eeb90b0124d315b,포갤러,registered,뉴트럴센터,뉴트럴센터,뉴트럴센터,,,unknown,미분류,1,0.04,400,estimated,per_card,text,unknown,,active,needs_review,needs_review,"가격 단위 추정, 배송비 포함 여부 미확정",estimated,yes,candidate_estimated,뉴트럴센터 0.04
c30c0e919789929e422fdd80,pokemoncardgame,포켓몬 카드게임,2026-07,2026-07-23T20:54:35+09:00,known,e41cde42ca14904b0e54bf66,c30c0e919789929e422fdd80,119076,https://m.dcinside.com/board/pokemoncardgame/119076,고레어 덱소스 ㅍㅍ,seller-51447db26eeb90b0124d315b,포갤러,registered,시아노,시아노,시아노,,,unknown,미분류,1,1.0,10000,estimated,per_card,text,unknown,,active,needs_review,needs_review,"가격 단위 추정, 배송비 포함 여부 미확정",estimated,yes,candidate_estimated,시아노 1.0
c85b5710a97943d458e34cce,pokemoncardgame,포켓몬 카드게임,2026-07,2026-07-23T20:54:35+09:00,known,5ae689640ee7adc422944e6f,c85b5710a97943d458e34cce,119076,https://m.dcinside.com/board/pokemoncardgame/119076,고레어 덱소스 ㅍㅍ,seller-51447db26eeb90b0124d315b,포갤러,registered,비치코트,비치코트,비치코트,,,unknown,미분류,1,1.0,10000,estimated,per_card,text,unknown,,active,needs_review,needs_review,"가격 단위 추정, 배송비 포함 여부 미확정",estimated,yes,candidate_estimated,비치코트 1.0
c9874c59d26537bbd1f9d1d5,pokemoncardgame,포켓몬 카드게임,2026-07,2026-07-23T20:54:35+09:00,known,5ae689640ee7adc422944e6f,c9874c59d26537bbd1f9d1d5,119076,https://m.dcinside.com/board/pokemoncardgame/119076,고레어 덱소스 ㅍㅍ,seller-51447db26eeb90b0124d315b,포갤러,registered,낚시대MAX,낚시대MAX,낚시대MAX,,,unknown,미분류,1,0.08,800,estimated,per_card,text,unknown,,active,needs_review,needs_review,"가격 단위 추정, 배송비 포함 여부 미확정",estimated,yes,candidate_estimated,낚시대MAX 0.08
c9e2a1e542c7d7d3244deb74,pokemoncardgame,포켓몬 카드게임,2026-07,2026-07-23T20:54:35+09:00,known,5ae689640ee7adc422944e6f,c9e2a1e542c7d7d3244deb74,119076,https://m.dcinside.com/board/pokemoncardgame/119076,고레어 덱소스 ㅍㅍ,seller-51447db26eeb90b0124d315b,포갤러,registered,불놀이꾼,불놀이꾼,불놀이꾼,,,unknown,미분류,1,0.25,2500,estimated,per_card,text,unknown,,active,needs_review,needs_review,"가격 단위 추정, 배송비 포함 여부 미확정",estimated,yes,candidate_estimated,불놀이꾼 0.25
cad7ce9758118d39a82296b5,pokemoncardgame,포켓몬 카드게임,2026-07,2026-07-23T20:54:35+09:00,known,5ae689640ee7adc422944e6f,cad7ce9758118d39a82296b5,119076,https://m.dcinside.com/board/pokemoncardgame/119076,고레어 덱소스 ㅍㅍ,seller-51447db26eeb90b0124d315b,포갤러,registered,시아노,시아노,시아노,,,unknown,미분류,1,1.0,10000,estimated,per_card,text,unknown,,active,needs_review,needs_review,"가격 단위 추정, 배송비 포함 여부 미확정",estimated,yes,candidate_estimated,시아노 1.0
caf013124816b5472c75b501,pokemoncardgame,포켓몬 카드게임,2026-07,2026-07-23T20:54:35+09:00,known,9d946037adcda1a8a566db24,caf013124816b5472c75b501,119076,https://m.dcinside.com/board/pokemoncardgame/119076,고레어 덱소스 ㅍㅍ,seller-51447db26eeb90b0124d315b,포갤러,registered,뉴트럴센터,뉴트럴센터,뉴트럴센터,,,unknown,미분류,1,0.04,400,estimated,per_card,text,unknown,,active,needs_review,needs_review,"가격 단위 추정, 배송비 포함 여부 미확정",estimated,yes,candidate_estimated,뉴트럴센터 0.04
cb0bb577422624ad8fc9cd66,pokemoncardgame,포켓몬 카드게임,2026-07,2026-07-23T20:54:35+09:00,known,df70ec8d586b6bfaa2653953,cb0bb577422624ad8fc9cd66,119076,https://m.dcinside.com/board/pokemoncardgame/119076,고레어 덱소스 ㅍㅍ,seller-51447db26eeb90b0124d315b,포갤러,registered,펑크멧,펑크멧,펑크멧,,,unknown,미분류,1,0.05,500,estimated,per_card,text,unknown,,active,needs_review,needs_review,"가격 단위 추정, 배송비 포함 여부 미확정",estimated,yes,candidate_estimated,펑크멧 0.05
cc435a8c8673edea38a143dd,pokemoncardgame,포켓몬 카드게임,2026-07,2026-07-23T20:54:35+09:00,known,e41cde42ca14904b0e54bf66,cc435a8c8673edea38a143dd,119076,https://m.dcinside.com/board/pokemoncardgame/119076,고레어 덱소스 ㅍㅍ,seller-51447db26eeb90b0124d315b,포갤러,registered,N의 포인트업,N의 포인트업,N의 포인트업,,,unknown,미분류,1,0.08,800,estimated,per_card,text,unknown,,active,needs_review,needs_review,"가격 단위 추정, 배송비 포함 여부 미확정",estimated,yes,candidate_estimated,N의 포인트업 0.08
cc9ff39fb3ed8cbd2886e6b8,pokemoncardgame,포켓몬 카드게임,2026-07,2026-07-23T20:54:35+09:00,known,e41cde42ca14904b0e54bf66,cc9ff39fb3ed8cbd2886e6b8,119076,https://m.dcinside.com/board/pokemoncardgame/119076,고레어 덱소스 ㅍㅍ,seller-51447db26eeb90b0124d315b,포갤러,registered,파이팅공,파이팅공,파이팅공,,,unknown,미분류,1,0.14,1400,estimated,per_card,text,unknown,,active,needs_review,needs_review,"가격 단위 추정, 배송비 포함 여부 미확정",estimated,yes,candidate_estimated,파이팅공 0.14
cd3dd73beff5153b2fefb890,pokemoncardgame,포켓몬 카드게임,2026-07,2026-07-23T20:54:35+09:00,known,df70ec8d586b6bfaa2653953,cd3dd73beff5153b2fefb890,119076,https://m.dcinside.com/board/pokemoncardgame/119076,고레어 덱소스 ㅍㅍ,seller-51447db26eeb90b0124d315b,포갤러,registered,블래리의 한수,블래리의 한수,블래리의 한수,,,unknown,미분류,1,0.25,2500,estimated,per_card,text,unknown,,active,needs_review,needs_review,"가격 단위 추정, 배송비 포함 여부 미확정",estimated,yes,candidate_estimated,블래리의 한수 0.25
ce2e10e6552797cb8d2760dc,pokemoncardgame,포켓몬 카드게임,2026-07,2026-07-23T20:54:35+09:00,known,9d946037adcda1a8a566db24,ce2e10e6552797cb8d2760dc,119076,https://m.dcinside.com/board/pokemoncardgame/119076,고레어 덱소스 ㅍㅍ,seller-51447db26eeb90b0124d315b,포갤러,registered,타라곤,타라곤,타라곤,,,unknown,미분류,1,0.5,5000,estimated,per_card,text,unknown,,active,needs_review,needs_review,"가격 단위 추정, 배송비 포함 여부 미확정",estimated,yes,candidate_estimated,타라곤 0.5
ce771d28724f485bc6fed154,pokemoncardgame,포켓몬 카드게임,2026-07,2026-07-23T20:54:35+09:00,known,9d946037adcda1a8a566db24,ce771d28724f485bc6fed154,119076,https://m.dcinside.com/board/pokemoncardgame/119076,고레어 덱소스 ㅍㅍ,seller-51447db26eeb90b0124d315b,포갤러,registered,미라클인터컴,미라클인터컴,미라클인터컴,,,unknown,미분류,1,0.06,600,estimated,per_card,text,unknown,,active,needs_review,needs_review,"가격 단위 추정, 배송비 포함 여부 미확정",estimated,yes,candidate_estimated,미라클인터컴 0.06
cf57e840cb4121f19089837b,pokemoncardgame,포켓몬 카드게임,2026-07,2026-07-23T20:54:35+09:00,known,df70ec8d586b6bfaa2653953,cf57e840cb4121f19089837b,119076,https://m.dcinside.com/board/pokemoncardgame/119076,고레어 덱소스 ㅍㅍ,seller-51447db26eeb90b0124d315b,포갤러,registered,포켓몬 교체,포켓몬 교체,포켓몬 교체,,,unknown,미분류,1,0.08,800,estimated,per_card,text,unknown,,active,needs_review,needs_review,"가격 단위 추정, 배송비 포함 여부 미확정",estimated,yes,candidate_estimated,포켓몬 교체 0.08
cff6459492830bf63b6e302e,pokemoncardgame,포켓몬 카드게임,2026-07,2026-07-23T20:54:35+09:00,known,df70ec8d586b6bfaa2653953,cff6459492830bf63b6e302e,119076,https://m.dcinside.com/board/pokemoncardgame/119076,고레어 덱소스 ㅍㅍ,seller-51447db26eeb90b0124d315b,포갤러,registered,히트버너,히트버너,히트버너,,,unknown,미분류,1,0.08,800,estimated,per_card,text,unknown,,active,needs_review,needs_review,"가격 단위 추정, 배송비 포함 여부 미확정",estimated,yes,candidate_estimated,히트버너 0.08
d29f40c2448ada122a12c6e6,pokemoncardgame,포켓몬 카드게임,2026-07,2026-07-23T20:54:35+09:00,known,e41cde42ca14904b0e54bf66,d29f40c2448ada122a12c6e6,119076,https://m.dcinside.com/board/pokemoncardgame/119076,고레어 덱소스 ㅍㅍ,seller-51447db26eeb90b0124d315b,포갤러,registered,loadScript ' t,loadScript ' t,loadScript('//t,,,unknown,미분류,1,1,10000,estimated,bundle,text,unknown,,active,needs_review,needs_review,"가격 단위 추정, 복수 카드 가격, 배송비 포함 여부 미확정, 묶음·세트 총액 · 개별 카드 가격 아님",estimated,no,no,"loadScript('//t1.kakaocdn.net/kas/static/ba.min.js', true);"
d35b1e9222aa58bbcc6c6958,pokemoncardgame,포켓몬 카드게임,2026-07,2026-07-23T20:54:35+09:00,known,5ae689640ee7adc422944e6f,d35b1e9222aa58bbcc6c6958,119076,https://m.dcinside.com/board/pokemoncardgame/119076,고레어 덱소스 ㅍㅍ,seller-51447db26eeb90b0124d315b,포갤러,registered,타라곤,타라곤,타라곤,,,unknown,미분류,1,0.5,5000,estimated,per_card,text,unknown,,active,needs_review,needs_review,"가격 단위 추정, 배송비 포함 여부 미확정",estimated,yes,candidate_estimated,타라곤 0.5
d3b43c763015782279855f3d,pokemoncardgame,포켓몬 카드게임,2026-07,2026-07-23T20:54:35+09:00,known,9d946037adcda1a8a566db24,d3b43c763015782279855f3d,119076,https://m.dcinside.com/board/pokemoncardgame/119076,고레어 덱소스 ㅍㅍ,seller-51447db26eeb90b0124d315b,포갤러,registered,DOM 삽입 헬퍼 현재 스크립트 위치 기준,DOM 삽입 헬퍼 현재 스크립트 위치 기준,// ---- DOM 삽입 헬퍼 (현재 스크립트 위치 기준,,,unknown,미분류,1,1,10000,estimated,bundle,text,unknown,,active,needs_review,needs_review,"가격 단위 추정, 복수 카드 가격, 배송비 포함 여부 미확정, 묶음·세트 총액 · 개별 카드 가격 아님",estimated,no,no,// ---- DOM 삽입 헬퍼 (현재 스크립트 위치 기준1)
d70a72e7f5830fb5da999f80,pokemoncardgame,포켓몬 카드게임,2026-07,2026-07-23T20:54:35+09:00,known,9d946037adcda1a8a566db24,d70a72e7f5830fb5da999f80,119076,https://m.dcinside.com/board/pokemoncardgame/119076,고레어 덱소스 ㅍㅍ,seller-51447db26eeb90b0124d315b,포갤러,registered,절친 포핀,절친 포핀,절친 포핀,,,unknown,미분류,1,0.35,3500,estimated,per_card,text,unknown,,active,needs_review,needs_review,"가격 단위 추정, 배송비 포함 여부 미확정",estimated,yes,candidate_estimated,절친 포핀 0.35
d7fc68fda563fea3373432cb,pokemoncardgame,포켓몬 카드게임,2026-07,2026-07-23T20:54:35+09:00,known,9d946037adcda1a8a566db24,d7fc68fda563fea3373432cb,119076,https://m.dcinside.com/board/pokemoncardgame/119076,고레어 덱소스 ㅍㅍ,seller-51447db26eeb90b0124d315b,포갤러,registered,미스터리 가든,미스터리 가든,미스터리 가든,,,unknown,미분류,1,0.08,800,estimated,per_card,text,unknown,,active,needs_review,needs_review,"가격 단위 추정, 배송비 포함 여부 미확정",estimated,yes,candidate_estimated,미스터리 가든 0.08
d8d00554488ddf02927ddde2,pokemoncardgame,포켓몬 카드게임,2026-07,2026-07-23T20:54:35+09:00,known,e41cde42ca14904b0e54bf66,d8d00554488ddf02927ddde2,119076,https://m.dcinside.com/board/pokemoncardgame/119076,고레어 덱소스 ㅍㅍ,seller-51447db26eeb90b0124d315b,포갤러,registered,이그니션 에너지,이그니션 에너지,이그니션 에너지,,,unknown,미분류,1,0.08,800,estimated,per_card,text,unknown,,active,needs_review,needs_review,"가격 단위 추정, 배송비 포함 여부 미확정",estimated,yes,candidate_estimated,이그니션 에너지 0.08
dc18b543f32ee6a59c3097e8,pokemoncardgame,포켓몬 카드게임,2026-07,2026-07-23T20:54:35+09:00,known,5ae689640ee7adc422944e6f,dc18b543f32ee6a59c3097e8,119076,https://m.dcinside.com/board/pokemoncardgame/119076,고레어 덱소스 ㅍㅍ,seller-51447db26eeb90b0124d315b,포갤러,registered,파이팅공,파이팅공,파이팅공,,,unknown,미분류,1,0.14,1400,estimated,per_card,text,unknown,,active,needs_review,needs_review,"가격 단위 추정, 배송비 포함 여부 미확정",estimated,yes,candidate_estimated,파이팅공 0.14
de87ea3ad945895f8b170242,pokemoncardgame,포켓몬 카드게임,2026-07,2026-07-23T20:54:35+09:00,known,5ae689640ee7adc422944e6f,de87ea3ad945895f8b170242,119076,https://m.dcinside.com/board/pokemoncardgame/119076,고레어 덱소스 ㅍㅍ,seller-51447db26eeb90b0124d315b,포갤러,registered,DOM 삽입 헬퍼 현재 스크립트 위치 기준,DOM 삽입 헬퍼 현재 스크립트 위치 기준,// ---- DOM 삽입 헬퍼 (현재 스크립트 위치 기준,,,unknown,미분류,1,1,10000,estimated,bundle,text,unknown,,active,needs_review,needs_review,"가격 단위 추정, 복수 카드 가격, 배송비 포함 여부 미확정, 묶음·세트 총액 · 개별 카드 가격 아님",estimated,no,no,// ---- DOM 삽입 헬퍼 (현재 스크립트 위치 기준1)
dfc3b8cf1e7a1c3402a8c02b,pokemoncardgame,포켓몬 카드게임,2026-07,2026-07-23T20:54:35+09:00,known,5ae689640ee7adc422944e6f,dfc3b8cf1e7a1c3402a8c02b,119076,https://m.dcinside.com/board/pokemoncardgame/119076,고레어 덱소스 ㅍㅍ,seller-51447db26eeb90b0124d315b,포갤러,registered,에너지 리사이클,에너지 리사이클,에너지 리사이클,,,unknown,미분류,1,0.15,1500,estimated,per_card,text,unknown,,active,needs_review,needs_review,"가격 단위 추정, 배송비 포함 여부 미확정",estimated,yes,candidate_estimated,에너지 리사이클 0.15
e587586d0193cbdb3a0c5142,pokemoncardgame,포켓몬 카드게임,2026-07,2026-07-23T20:54:35+09:00,known,df70ec8d586b6bfaa2653953,e587586d0193cbdb3a0c5142,119076,https://m.dcinside.com/board/pokemoncardgame/119076,고레어 덱소스 ㅍㅍ,seller-51447db26eeb90b0124d315b,포갤러,registered,낚시대MAX,낚시대MAX,낚시대MAX,,,unknown,미분류,1,0.08,800,estimated,per_card,text,unknown,,active,needs_review,needs_review,"가격 단위 추정, 배송비 포함 여부 미확정",estimated,yes,candidate_estimated,낚시대MAX 0.08
e5f31fdd4e587aa3bc65dd2a,pokemoncardgame,포켓몬 카드게임,2026-07,2026-07-23T20:54:35+09:00,known,5ae689640ee7adc422944e6f,e5f31fdd4e587aa3bc65dd2a,119076,https://m.dcinside.com/board/pokemoncardgame/119076,고레어 덱소스 ㅍㅍ,seller-51447db26eeb90b0124d315b,포갤러,registered,뉴트럴센터,뉴트럴센터,뉴트럴센터,,,unknown,미분류,1,0.04,400,estimated,per_card,text,unknown,,active,needs_review,needs_review,"가격 단위 추정, 배송비 포함 여부 미확정",estimated,yes,candidate_estimated,뉴트럴센터 0.04
e68f837de4e41f025c11c0ba,pokemoncardgame,포켓몬 카드게임,2026-07,2026-07-23T20:54:35+09:00,known,df70ec8d586b6bfaa2653953,e68f837de4e41f025c11c0ba,119076,https://m.dcinside.com/board/pokemoncardgame/119076,고레어 덱소스 ㅍㅍ,seller-51447db26eeb90b0124d315b,포갤러,registered,loadScript ' t,loadScript ' t,loadScript('//t,,,unknown,미분류,1,1,10000,estimated,bundle,text,unknown,,active,needs_review,needs_review,"가격 단위 추정, 복수 카드 가격, 배송비 포함 여부 미확정, 묶음·세트 총액 · 개별 카드 가격 아님",estimated,no,no,"loadScript('//t1.kakaocdn.net/kas/static/ba.min.js', true);"
e6e1e20006a1d27177ac60a7,pokemoncardgame,포켓몬 카드게임,2026-07,2026-07-23T20:54:35+09:00,known,5ae689640ee7adc422944e6f,e6e1e20006a1d27177ac60a7,119076,https://m.dcinside.com/board/pokemoncardgame/119076,고레어 덱소스 ㅍㅍ,seller-51447db26eeb90b0124d315b,포갤러,registered,파워프로틴,파워프로틴,파워프로틴,,,unknown,미분류,1,0.14,1400,estimated,per_card,text,unknown,,active,needs_review,needs_review,"가격 단위 추정, 배송비 포함 여부 미확정",estimated,yes,candidate_estimated,파워프로틴 0.14
e8118566ed4cbd9efbe86712,pokemoncardgame,포켓몬 카드게임,2026-07,2026-07-23T20:54:35+09:00,known,5ae689640ee7adc422944e6f,e8118566ed4cbd9efbe86712,119076,https://m.dcinside.com/board/pokemoncardgame/119076,고레어 덱소스 ㅍㅍ,seller-51447db26eeb90b0124d315b,포갤러,registered,크러시 해머,크러시 해머,크러시 해머,,,unknown,미분류,1,0.4,4000,estimated,per_card,text,unknown,,active,needs_review,needs_review,"가격 단위 추정, 배송비 포함 여부 미확정",estimated,yes,candidate_estimated,크러시 해머 0.4
e974f01decaa9bfe4e76cd3f,pokemoncardgame,포켓몬 카드게임,2026-07,2026-07-23T20:54:35+09:00,known,df70ec8d586b6bfaa2653953,e974f01decaa9bfe4e76cd3f,119076,https://m.dcinside.com/board/pokemoncardgame/119076,고레어 덱소스 ㅍㅍ,seller-51447db26eeb90b0124d315b,포갤러,registered,포켓패드,포켓패드,포켓패드,,,unknown,미분류,1,0.5,5000,estimated,per_card,text,unknown,,active,needs_review,needs_review,"가격 단위 추정, 배송비 포함 여부 미확정",estimated,yes,candidate_estimated,포켓패드 0.5
e97fbfc7668e5dfad15926aa,pokemoncardgame,포켓몬 카드게임,2026-07,2026-07-23T20:54:35+09:00,known,e41cde42ca14904b0e54bf66,e97fbfc7668e5dfad15926aa,119076,https://m.dcinside.com/board/pokemoncardgame/119076,고레어 덱소스 ㅍㅍ,seller-51447db26eeb90b0124d315b,포갤러,registered,DOM 삽입 헬퍼 현재 스크립트 위치 기준,DOM 삽입 헬퍼 현재 스크립트 위치 기준,// ---- DOM 삽입 헬퍼 (현재 스크립트 위치 기준,,,unknown,미분류,1,1,10000,estimated,bundle,text,unknown,,active,needs_review,needs_review,"가격 단위 추정, 복수 카드 가격, 배송비 포함 여부 미확정, 묶음·세트 총액 · 개별 카드 가격 아님",estimated,no,no,// ---- DOM 삽입 헬퍼 (현재 스크립트 위치 기준1)
eb1bf46c303450d63c183e0d,pokemoncardgame,포켓몬 카드게임,2026-07,2026-07-23T20:54:35+09:00,known,e41cde42ca14904b0e54bf66,eb1bf46c303450d63c183e0d,119076,https://m.dcinside.com/board/pokemoncardgame/119076,고레어 덱소스 ㅍㅍ,seller-51447db26eeb90b0124d315b,포갤러,registered,카운터 게인,카운터 게인,카운터 게인,,,unknown,미분류,1,0.08,800,estimated,per_card,text,unknown,,active,needs_review,needs_review,"가격 단위 추정, 배송비 포함 여부 미확정",estimated,yes,candidate_estimated,카운터 게인 0.08
eb2f71842a94d0f875e58a0a,pokemoncardgame,포켓몬 카드게임,2026-07,2026-07-23T20:54:35+09:00,known,e41cde42ca14904b0e54bf66,eb2f71842a94d0f875e58a0a,119076,https://m.dcinside.com/board/pokemoncardgame/119076,고레어 덱소스 ㅍㅍ,seller-51447db26eeb90b0124d315b,포갤러,registered,포켓몬 교체,포켓몬 교체,포켓몬 교체,,,unknown,미분류,1,0.08,800,estimated,per_card,text,unknown,,active,needs_review,needs_review,"가격 단위 추정, 배송비 포함 여부 미확정",estimated,yes,candidate_estimated,포켓몬 교체 0.08
ed37a8a7149b11d1ffeb0248,pokemoncardgame,포켓몬 카드게임,2026-07,2026-07-23T20:54:35+09:00,known,9d946037adcda1a8a566db24,ed37a8a7149b11d1ffeb0248,119076,https://m.dcinside.com/board/pokemoncardgame/119076,고레어 덱소스 ㅍㅍ,seller-51447db26eeb90b0124d315b,포갤러,registered,포켓몬 교체,포켓몬 교체,포켓몬 교체,,,unknown,미분류,1,0.08,800,estimated,per_card,text,unknown,,active,needs_review,needs_review,"가격 단위 추정, 배송비 포함 여부 미확정",estimated,yes,candidate_estimated,포켓몬 교체 0.08
ef7246cbc1d67fec10d5d25b,pokemoncardgame,포켓몬 카드게임,2026-07,2026-07-23T20:54:35+09:00,known,e41cde42ca14904b0e54bf66,ef7246cbc1d67fec10d5d25b,119076,https://m.dcinside.com/board/pokemoncardgame/119076,고레어 덱소스 ㅍㅍ,seller-51447db26eeb90b0124d315b,포갤러,registered,밤의 들것,밤의 들것,밤의 들것,,,unknown,미분류,1,0.32,3200,estimated,per_card,text,unknown,,active,needs_review,needs_review,"가격 단위 추정, 배송비 포함 여부 미확정",estimated,yes,candidate_estimated,밤의 들것 0.32
f487b867f3b10a5d93b706ac,pokemoncardgame,포켓몬 카드게임,2026-07,2026-07-23T20:54:35+09:00,known,df70ec8d586b6bfaa2653953,f487b867f3b10a5d93b706ac,119076,https://m.dcinside.com/board/pokemoncardgame/119076,고레어 덱소스 ㅍㅍ,seller-51447db26eeb90b0124d315b,포갤러,registered,성스러운분말,성스러운분말,성스러운분말,,,unknown,미분류,1,0.06,600,estimated,per_card,text,unknown,,active,needs_review,needs_review,"가격 단위 추정, 배송비 포함 여부 미확정",estimated,yes,candidate_estimated,성스러운분말 0.06
f9c145a2132c8157e319c14e,pokemoncardgame,포켓몬 카드게임,2026-07,2026-07-23T20:54:35+09:00,known,9d946037adcda1a8a566db24,f9c145a2132c8157e319c14e,119076,https://m.dcinside.com/board/pokemoncardgame/119076,고레어 덱소스 ㅍㅍ,seller-51447db26eeb90b0124d315b,포갤러,registered,히트버너,히트버너,히트버너,,,unknown,미분류,1,0.08,800,estimated,per_card,text,unknown,,active,needs_review,needs_review,"가격 단위 추정, 배송비 포함 여부 미확정",estimated,yes,candidate_estimated,히트버너 0.08
fa6a62cc70cdc2b6d8a5c51c,pokemoncardgame,포켓몬 카드게임,2026-07,2026-07-23T20:54:35+09:00,known,e41cde42ca14904b0e54bf66,fa6a62cc70cdc2b6d8a5c51c,119076,https://m.dcinside.com/board/pokemoncardgame/119076,고레어 덱소스 ㅍㅍ,seller-51447db26eeb90b0124d315b,포갤러,registered,블래리의 한수,블래리의 한수,블래리의 한수,,,unknown,미분류,1,0.25,2500,estimated,per_card,text,unknown,,active,needs_review,needs_review,"가격 단위 추정, 배송비 포함 여부 미확정",estimated,yes,candidate_estimated,블래리의 한수 0.25
fdb2499093abe812550db1ad,pokemoncardgame,포켓몬 카드게임,2026-07,2026-07-23T20:54:35+09:00,known,df70ec8d586b6bfaa2653953,fdb2499093abe812550db1ad,119076,https://m.dcinside.com/board/pokemoncardgame/119076,고레어 덱소스 ㅍㅍ,seller-51447db26eeb90b0124d315b,포갤러,registered,미라클인터컴,미라클인터컴,미라클인터컴,,,unknown,미분류,1,0.06,600,estimated,per_card,text,unknown,,active,needs_review,needs_review,"가격 단위 추정, 배송비 포함 여부 미확정",estimated,yes,candidate_estimated,미라클인터컴 0.06
094964fc83a81393f8fc1e8a,pokemoncardgame,포켓몬 카드게임,2026-07,2026-07-23T22:43:43+09:00,known,878cddd7502d59cfa5741f33,094964fc83a81393f8fc1e8a,119084,https://m.dcinside.com/board/pokemoncardgame/119084,덱소스 일괄 구매합니다,seller-0c3fc6fb9ea643ad2c6c96cc,돈까스덮밥,registered,loadScript ' t,loadScript ' t,loadScript('//t,,,unknown,미분류,1,1,10000,estimated,bundle,text,unknown,,active,needs_review,needs_review,"가격 단위 추정, 복수 카드 가격, 배송비 포함 여부 미확정, 묶음·세트 총액 · 개별 카드 가격 아님",estimated,no,no,"loadScript('//t1.kakaocdn.net/kas/static/ba.min.js', true);"
0ab4bc552d1dd6257796ffc7,pokemoncardgame,포켓몬 카드게임,2026-07,2026-07-23T22:43:43+09:00,known,12792d4f239159e108cd6bb2,0ab4bc552d1dd6257796ffc7,119084,https://m.dcinside.com/board/pokemoncardgame/119084,덱소스 일괄 구매합니다,seller-0c3fc6fb9ea643ad2c6c96cc,돈까스덮밥,registered,언페어 스탬프,언페어 스탬프,언페어 스탬프,,,unknown,미분류,1,1,10000,estimated,per_card,text,unknown,,active,needs_review,needs_review,"가격 단위 추정, 배송비 포함 여부 미확정",estimated,yes,candidate_estimated,언페어 스탬프 1
15079c95d78d51b45876434f,pokemoncardgame,포켓몬 카드게임,2026-07,2026-07-23T22:43:43+09:00,known,e3f357d9173f1c94a317f1f2,15079c95d78d51b45876434f,119084,https://m.dcinside.com/board/pokemoncardgame/119084,덱소스 일괄 구매합니다,seller-0c3fc6fb9ea643ad2c6c96cc,돈까스덮밥,registered,loadScript 'https pagead,loadScript 'https pagead,loadScript('https://pagead,,,unknown,미분류,1,2,20000,estimated,bundle,text,unknown,,active,needs_review,needs_review,"가격 단위 추정, 복수 카드 가격, 배송비 포함 여부 미확정, 묶음·세트 총액 · 개별 카드 가격 아님",estimated,no,no,"loadScript('https://pagead2.googlesyndication.com/pagead/js/adsbygoogle_direct.js?client=ca-pub-8171468792791627', true, 'anonymous');"
153a254f8934b171427e9b2b,pokemoncardgame,포켓몬 카드게임,2026-07,2026-07-23T22:43:43+09:00,known,e3f357d9173f1c94a317f1f2,153a254f8934b171427e9b2b,119084,https://m.dcinside.com/board/pokemoncardgame/119084,덱소스 일괄 구매합니다,seller-0c3fc6fb9ea643ad2c6c96cc,돈까스덮밥,registered,텔레패스 에너지,텔레패스 에너지,텔레패스 에너지,,,unknown,미분류,1,1,10000,estimated,per_card,text,unknown,,active,needs_review,needs_review,"가격 단위 추정, 배송비 포함 여부 미확정",estimated,yes,candidate_estimated,텔레패스 에너지 1
19a003fa92b326029b84bdf0,pokemoncardgame,포켓몬 카드게임,2026-07,2026-07-23T22:43:43+09:00,known,878cddd7502d59cfa5741f33,19a003fa92b326029b84bdf0,119084,https://m.dcinside.com/board/pokemoncardgame/119084,덱소스 일괄 구매합니다,seller-0c3fc6fb9ea643ad2c6c96cc,돈까스덮밥,registered,이렇게,이렇게,이렇게,,,unknown,미분류,3,4000,40000000,estimated,bundle,text,included,2000,active,needs_review,needs_review,"가격 단위 추정, 일괄·세트 가격, 묶음·세트 총액 · 개별 카드 가격 아님",estimated,no,no,"이렇게 3장 일괄 4000,반택포6000에 구매 원합니다!"
1e43d5a2b607ec5502c03851,pokemoncardgame,포켓몬 카드게임,2026-07,2026-07-23T22:43:43+09:00,known,12792d4f239159e108cd6bb2,1e43d5a2b607ec5502c03851,119084,https://m.dcinside.com/board/pokemoncardgame/119084,덱소스 일괄 구매합니다,seller-0c3fc6fb9ea643ad2c6c96cc,돈까스덮밥,registered,텔레패스 에너지,텔레패스 에너지,텔레패스 에너지,,,unknown,미분류,1,1,10000,estimated,per_card,text,unknown,,active,needs_review,needs_review,"가격 단위 추정, 배송비 포함 여부 미확정",estimated,yes,candidate_estimated,텔레패스 에너지 1
300487df7c6bd3e36e9e8e21,pokemoncardgame,포켓몬 카드게임,2026-07,2026-07-23T22:43:43+09:00,known,878cddd7502d59cfa5741f33,300487df7c6bd3e36e9e8e21,119084,https://m.dcinside.com/board/pokemoncardgame/119084,덱소스 일괄 구매합니다,seller-0c3fc6fb9ea643ad2c6c96cc,돈까스덮밥,registered,DOM 삽입 헬퍼 현재 스크립트 위치 기준,DOM 삽입 헬퍼 현재 스크립트 위치 기준,// ---- DOM 삽입 헬퍼 (현재 스크립트 위치 기준,,,unknown,미분류,1,1,10000,estimated,bundle,text,unknown,,active,needs_review,needs_review,"가격 단위 추정, 복수 카드 가격, 배송비 포함 여부 미확정, 묶음·세트 총액 · 개별 카드 가격 아님",estimated,no,no,// ---- DOM 삽입 헬퍼 (현재 스크립트 위치 기준1)
37fec1469d5e5bb63febf4a4,pokemoncardgame,포켓몬 카드게임,2026-07,2026-07-23T22:43:43+09:00,known,12792d4f239159e108cd6bb2,37fec1469d5e5bb63febf4a4,119084,https://m.dcinside.com/board/pokemoncardgame/119084,덱소스 일괄 구매합니다,seller-0c3fc6fb9ea643ad2c6c96cc,돈까스덮밥,registered,이렇게,이렇게,이렇게,,,unknown,미분류,3,4000,40000000,estimated,bundle,text,included,2000,active,needs_review,needs_review,"가격 단위 추정, 일괄·세트 가격, 묶음·세트 총액 · 개별 카드 가격 아님",estimated,no,no,"이렇게 3장 일괄 4000,반택포6000에 구매 원합니다!"
3fd24a72ad4b53264888973e,pokemoncardgame,포켓몬 카드게임,2026-07,2026-07-23T22:43:43+09:00,known,878cddd7502d59cfa5741f33,3fd24a72ad4b53264888973e,119084,https://m.dcinside.com/board/pokemoncardgame/119084,덱소스 일괄 구매합니다,seller-0c3fc6fb9ea643ad2c6c96cc,돈까스덮밥,registered,록 에너지,록 에너지,록 에너지,,,unknown,미분류,1,1,10000,estimated,per_card,text,unknown,,active,needs_review,needs_review,"가격 단위 추정, 배송비 포함 여부 미확정",estimated,yes,candidate_estimated,록 에너지 1
43d4c7f1c62e6403729dcc2a,pokemoncardgame,포켓몬 카드게임,2026-07,2026-07-23T22:43:43+09:00,known,e3f357d9173f1c94a317f1f2,43d4c7f1c62e6403729dcc2a,119084,https://m.dcinside.com/board/pokemoncardgame/119084,덱소스 일괄 구매합니다,seller-0c3fc6fb9ea643ad2c6c96cc,돈까스덮밥,registered,DOM 삽입 헬퍼 현재 스크립트 위치 기준,DOM 삽입 헬퍼 현재 스크립트 위치 기준,// ---- DOM 삽입 헬퍼 (현재 스크립트 위치 기준,,,unknown,미분류,1,1,10000,estimated,bundle,text,unknown,,active,needs_review,needs_review,"가격 단위 추정, 복수 카드 가격, 배송비 포함 여부 미확정, 묶음·세트 총액 · 개별 카드 가격 아님",estimated,no,no,// ---- DOM 삽입 헬퍼 (현재 스크립트 위치 기준1)
4cbed934e1a348be68b8e4f0,pokemoncardgame,포켓몬 카드게임,2026-07,2026-07-23T22:43:43+09:00,known,be4519fdb236597cb173886e,4cbed934e1a348be68b8e4f0,119084,https://m.dcinside.com/board/pokemoncardgame/119084,덱소스 일괄 구매합니다,seller-0c3fc6fb9ea643ad2c6c96cc,돈까스덮밥,registered,언페어 스탬프,언페어 스탬프,언페어 스탬프,,,unknown,미분류,1,1,10000,estimated,per_card,text,unknown,,active,needs_review,needs_review,"가격 단위 추정, 배송비 포함 여부 미확정",estimated,yes,candidate_estimated,언페어 스탬프 1
5bc6fc4c6222a68bd13d7678,pokemoncardgame,포켓몬 카드게임,2026-07,2026-07-23T22:43:43+09:00,known,e3f357d9173f1c94a317f1f2,5bc6fc4c6222a68bd13d7678,119084,https://m.dcinside.com/board/pokemoncardgame/119084,덱소스 일괄 구매합니다,seller-0c3fc6fb9ea643ad2c6c96cc,돈까스덮밥,registered,이렇게,이렇게,이렇게,,,unknown,미분류,3,4000,40000000,estimated,bundle,text,included,2000,active,needs_review,needs_review,"가격 단위 추정, 일괄·세트 가격, 묶음·세트 총액 · 개별 카드 가격 아님",estimated,no,no,"이렇게 3장 일괄 4000,반택포6000에 구매 원합니다!"
5f81ba0021511ad615258b6c,pokemoncardgame,포켓몬 카드게임,2026-07,2026-07-23T22:43:43+09:00,known,878cddd7502d59cfa5741f33,5f81ba0021511ad615258b6c,119084,https://m.dcinside.com/board/pokemoncardgame/119084,덱소스 일괄 구매합니다,seller-0c3fc6fb9ea643ad2c6c96cc,돈까스덮밥,registered,텔레패스 에너지,텔레패스 에너지,텔레패스 에너지,,,unknown,미분류,1,1,10000,estimated,per_card,text,unknown,,active,needs_review,needs_review,"가격 단위 추정, 배송비 포함 여부 미확정",estimated,yes,candidate_estimated,텔레패스 에너지 1
69833eb6209837f7e2d53998,pokemoncardgame,포켓몬 카드게임,2026-07,2026-07-23T22:43:43+09:00,known,12792d4f239159e108cd6bb2,69833eb6209837f7e2d53998,119084,https://m.dcinside.com/board/pokemoncardgame/119084,덱소스 일괄 구매합니다,seller-0c3fc6fb9ea643ad2c6c96cc,돈까스덮밥,registered,var safe = window.dcAd && window.dcAd.safe ==,var safe = window.dcAd && window.dcAd.safe ==,var safe = (window.dcAd && window.dcAd.safe ==,,,unknown,미분류,1,1,10000,estimated,bundle,text,unknown,,active,needs_review,needs_review,"가격 단위 추정, 복수 카드 가격, 배송비 포함 여부 미확정, 묶음·세트 총액 · 개별 카드 가격 아님",estimated,no,no,var safe = (window.dcAd && window.dcAd.safe == 1)
791cb755403ed484427c22cc,pokemoncardgame,포켓몬 카드게임,2026-07,2026-07-23T22:43:43+09:00,known,12792d4f239159e108cd6bb2,791cb755403ed484427c22cc,119084,https://m.dcinside.com/board/pokemoncardgame/119084,덱소스 일괄 구매합니다,seller-0c3fc6fb9ea643ad2c6c96cc,돈까스덮밥,registered,loadScript ' t,loadScript ' t,loadScript('//t,,,unknown,미분류,1,1,10000,estimated,bundle,text,unknown,,active,needs_review,needs_review,"가격 단위 추정, 복수 카드 가격, 배송비 포함 여부 미확정, 묶음·세트 총액 · 개별 카드 가격 아님",estimated,no,no,"loadScript('//t1.kakaocdn.net/kas/static/ba.min.js', true);"
85a86589e79361c32527caf6,pokemoncardgame,포켓몬 카드게임,2026-07,2026-07-23T22:43:43+09:00,known,12792d4f239159e108cd6bb2,85a86589e79361c32527caf6,119084,https://m.dcinside.com/board/pokemoncardgame/119084,덱소스 일괄 구매합니다,seller-0c3fc6fb9ea643ad2c6c96cc,돈까스덮밥,registered,loadScript 'https pagead,loadScript 'https pagead,loadScript('https://pagead,,,unknown,미분류,1,2,20000,estimated,bundle,text,unknown,,active,needs_review,needs_review,"가격 단위 추정, 복수 카드 가격, 배송비 포함 여부 미확정, 묶음·세트 총액 · 개별 카드 가격 아님",estimated,no,no,"loadScript('https://pagead2.googlesyndication.com/pagead/js/adsbygoogle_direct.js?client=ca-pub-8171468792791627', true, 'anonymous');"
8918bbc3864bc0912113db31,pokemoncardgame,포켓몬 카드게임,2026-07,2026-07-23T22:43:43+09:00,known,e3f357d9173f1c94a317f1f2,8918bbc3864bc0912113db31,119084,https://m.dcinside.com/board/pokemoncardgame/119084,덱소스 일괄 구매합니다,seller-0c3fc6fb9ea643ad2c6c96cc,돈까스덮밥,registered,var safe = window.dcAd && window.dcAd.safe ==,var safe = window.dcAd && window.dcAd.safe ==,var safe = (window.dcAd && window.dcAd.safe ==,,,unknown,미분류,1,1,10000,estimated,bundle,text,unknown,,active,needs_review,needs_review,"가격 단위 추정, 복수 카드 가격, 배송비 포함 여부 미확정, 묶음·세트 총액 · 개별 카드 가격 아님",estimated,no,no,var safe = (window.dcAd && window.dcAd.safe == 1)
9448387a0d7ef10ddb0bff44,pokemoncardgame,포켓몬 카드게임,2026-07,2026-07-23T22:43:43+09:00,known,be4519fdb236597cb173886e,9448387a0d7ef10ddb0bff44,119084,https://m.dcinside.com/board/pokemoncardgame/119084,덱소스 일괄 구매합니다,seller-0c3fc6fb9ea643ad2c6c96cc,돈까스덮밥,registered,DOM 삽입 헬퍼 현재 스크립트 위치 기준,DOM 삽입 헬퍼 현재 스크립트 위치 기준,// ---- DOM 삽입 헬퍼 (현재 스크립트 위치 기준,,,unknown,미분류,1,1,10000,estimated,bundle,text,unknown,,active,needs_review,needs_review,"가격 단위 추정, 복수 카드 가격, 배송비 포함 여부 미확정, 묶음·세트 총액 · 개별 카드 가격 아님",estimated,no,no,// ---- DOM 삽입 헬퍼 (현재 스크립트 위치 기준1)
99cddf79ce196f63385422d3,pokemoncardgame,포켓몬 카드게임,2026-07,2026-07-23T22:43:43+09:00,known,be4519fdb236597cb173886e,99cddf79ce196f63385422d3,119084,https://m.dcinside.com/board/pokemoncardgame/119084,덱소스 일괄 구매합니다,seller-0c3fc6fb9ea643ad2c6c96cc,돈까스덮밥,registered,텔레패스 에너지,텔레패스 에너지,텔레패스 에너지,,,unknown,미분류,1,1,10000,estimated,per_card,text,unknown,,active,needs_review,needs_review,"가격 단위 추정, 배송비 포함 여부 미확정",estimated,yes,candidate_estimated,텔레패스 에너지 1
9b1f977b741859c25afcf954,pokemoncardgame,포켓몬 카드게임,2026-07,2026-07-23T22:43:43+09:00,known,e3f357d9173f1c94a317f1f2,9b1f977b741859c25afcf954,119084,https://m.dcinside.com/board/pokemoncardgame/119084,덱소스 일괄 구매합니다,seller-0c3fc6fb9ea643ad2c6c96cc,돈까스덮밥,registered,록 에너지,록 에너지,록 에너지,,,unknown,미분류,1,1,10000,estimated,per_card,text,unknown,,active,needs_review,needs_review,"가격 단위 추정, 배송비 포함 여부 미확정",estimated,yes,candidate_estimated,록 에너지 1
a8bfd07a1d6f2bfa4b76106e,pokemoncardgame,포켓몬 카드게임,2026-07,2026-07-23T22:43:43+09:00,known,878cddd7502d59cfa5741f33,a8bfd07a1d6f2bfa4b76106e,119084,https://m.dcinside.com/board/pokemoncardgame/119084,덱소스 일괄 구매합니다,seller-0c3fc6fb9ea643ad2c6c96cc,돈까스덮밥,registered,언페어 스탬프,언페어 스탬프,언페어 스탬프,,,unknown,미분류,1,1,10000,estimated,per_card,text,unknown,,active,needs_review,needs_review,"가격 단위 추정, 배송비 포함 여부 미확정",estimated,yes,candidate_estimated,언페어 스탬프 1
c0e5c0e1c6d2beb14ea45b05,pokemoncardgame,포켓몬 카드게임,2026-07,2026-07-23T22:43:43+09:00,known,878cddd7502d59cfa5741f33,c0e5c0e1c6d2beb14ea45b05,119084,https://m.dcinside.com/board/pokemoncardgame/119084,덱소스 일괄 구매합니다,seller-0c3fc6fb9ea643ad2c6c96cc,돈까스덮밥,registered,loadScript 'https pagead,loadScript 'https pagead,loadScript('https://pagead,,,unknown,미분류,1,2,20000,estimated,bundle,text,unknown,,active,needs_review,needs_review,"가격 단위 추정, 복수 카드 가격, 배송비 포함 여부 미확정, 묶음·세트 총액 · 개별 카드 가격 아님",estimated,no,no,"loadScript('https://pagead2.googlesyndication.com/pagead/js/adsbygoogle_direct.js?client=ca-pub-8171468792791627', true, 'anonymous');"
c2020211647a04c5d06b8edb,pokemoncardgame,포켓몬 카드게임,2026-07,2026-07-23T22:43:43+09:00,known,12792d4f239159e108cd6bb2,c2020211647a04c5d06b8edb,119084,https://m.dcinside.com/board/pokemoncardgame/119084,덱소스 일괄 구매합니다,seller-0c3fc6fb9ea643ad2c6c96cc,돈까스덮밥,registered,록 에너지,록 에너지,록 에너지,,,unknown,미분류,1,1,10000,estimated,per_card,text,unknown,,active,needs_review,needs_review,"가격 단위 추정, 배송비 포함 여부 미확정",estimated,yes,candidate_estimated,록 에너지 1
c26ef022670b7e0bbf7d3afb,pokemoncardgame,포켓몬 카드게임,2026-07,2026-07-23T22:43:43+09:00,known,12792d4f239159e108cd6bb2,c26ef022670b7e0bbf7d3afb,119084,https://m.dcinside.com/board/pokemoncardgame/119084,덱소스 일괄 구매합니다,seller-0c3fc6fb9ea643ad2c6c96cc,돈까스덮밥,registered,DOM 삽입 헬퍼 현재 스크립트 위치 기준,DOM 삽입 헬퍼 현재 스크립트 위치 기준,// ---- DOM 삽입 헬퍼 (현재 스크립트 위치 기준,,,unknown,미분류,1,1,10000,estimated,bundle,text,unknown,,active,needs_review,needs_review,"가격 단위 추정, 복수 카드 가격, 배송비 포함 여부 미확정, 묶음·세트 총액 · 개별 카드 가격 아님",estimated,no,no,// ---- DOM 삽입 헬퍼 (현재 스크립트 위치 기준1)
c4efc2ea791e9ad634ea459e,pokemoncardgame,포켓몬 카드게임,2026-07,2026-07-23T22:43:43+09:00,known,878cddd7502d59cfa5741f33,c4efc2ea791e9ad634ea459e,119084,https://m.dcinside.com/board/pokemoncardgame/119084,덱소스 일괄 구매합니다,seller-0c3fc6fb9ea643ad2c6c96cc,돈까스덮밥,registered,var safe = window.dcAd && window.dcAd.safe ==,var safe = window.dcAd && window.dcAd.safe ==,var safe = (window.dcAd && window.dcAd.safe ==,,,unknown,미분류,1,1,10000,estimated,bundle,text,unknown,,active,needs_review,needs_review,"가격 단위 추정, 복수 카드 가격, 배송비 포함 여부 미확정, 묶음·세트 총액 · 개별 카드 가격 아님",estimated,no,no,var safe = (window.dcAd && window.dcAd.safe == 1)
c73deb1216efc61f4ed5198d,pokemoncardgame,포켓몬 카드게임,2026-07,2026-07-23T22:43:43+09:00,known,be4519fdb236597cb173886e,c73deb1216efc61f4ed5198d,119084,https://m.dcinside.com/board/pokemoncardgame/119084,덱소스 일괄 구매합니다,seller-0c3fc6fb9ea643ad2c6c96cc,돈까스덮밥,registered,loadScript ' t,loadScript ' t,loadScript('//t,,,unknown,미분류,1,1,10000,estimated,bundle,text,unknown,,active,needs_review,needs_review,"가격 단위 추정, 복수 카드 가격, 배송비 포함 여부 미확정, 묶음·세트 총액 · 개별 카드 가격 아님",estimated,no,no,"loadScript('//t1.kakaocdn.net/kas/static/ba.min.js', true);"
d63660da9a7272d8b8e11cb8,pokemoncardgame,포켓몬 카드게임,2026-07,2026-07-23T22:43:43+09:00,known,e3f357d9173f1c94a317f1f2,d63660da9a7272d8b8e11cb8,119084,https://m.dcinside.com/board/pokemoncardgame/119084,덱소스 일괄 구매합니다,seller-0c3fc6fb9ea643ad2c6c96cc,돈까스덮밥,registered,loadScript ' t,loadScript ' t,loadScript('//t,,,unknown,미분류,1,1,10000,estimated,bundle,text,unknown,,active,needs_review,needs_review,"가격 단위 추정, 복수 카드 가격, 배송비 포함 여부 미확정, 묶음·세트 총액 · 개별 카드 가격 아님",estimated,no,no,"loadScript('//t1.kakaocdn.net/kas/static/ba.min.js', true);"
dc943e5d5d161265e10a2863,pokemoncardgame,포켓몬 카드게임,2026-07,2026-07-23T22:43:43+09:00,known,be4519fdb236597cb173886e,dc943e5d5d161265e10a2863,119084,https://m.dcinside.com/board/pokemoncardgame/119084,덱소스 일괄 구매합니다,seller-0c3fc6fb9ea643ad2c6c96cc,돈까스덮밥,registered,loadScript 'https pagead,loadScript 'https pagead,loadScript('https://pagead,,,unknown,미분류,1,2,20000,estimated,bundle,text,unknown,,active,needs_review,needs_review,"가격 단위 추정, 복수 카드 가격, 배송비 포함 여부 미확정, 묶음·세트 총액 · 개별 카드 가격 아님",estimated,no,no,"loadScript('https://pagead2.googlesyndication.com/pagead/js/adsbygoogle_direct.js?client=ca-pub-8171468792791627', true, 'anonymous');"
de4b533cc1265105ba94a56e,pokemoncardgame,포켓몬 카드게임,2026-07,2026-07-23T22:43:43+09:00,known,e3f357d9173f1c94a317f1f2,de4b533cc1265105ba94a56e,119084,https://m.dcinside.com/board/pokemoncardgame/119084,덱소스 일괄 구매합니다,seller-0c3fc6fb9ea643ad2c6c96cc,돈까스덮밥,registered,언페어 스탬프,언페어 스탬프,언페어 스탬프,,,unknown,미분류,1,1,10000,estimated,per_card,text,unknown,,active,needs_review,needs_review,"가격 단위 추정, 배송비 포함 여부 미확정",estimated,yes,candidate_estimated,언페어 스탬프 1
e2fd9bec94bb07741b83b626,pokemoncardgame,포켓몬 카드게임,2026-07,2026-07-23T22:43:43+09:00,known,be4519fdb236597cb173886e,e2fd9bec94bb07741b83b626,119084,https://m.dcinside.com/board/pokemoncardgame/119084,덱소스 일괄 구매합니다,seller-0c3fc6fb9ea643ad2c6c96cc,돈까스덮밥,registered,이렇게,이렇게,이렇게,,,unknown,미분류,3,4000,40000000,estimated,bundle,text,included,2000,active,needs_review,needs_review,"가격 단위 추정, 일괄·세트 가격, 묶음·세트 총액 · 개별 카드 가격 아님",estimated,no,no,"이렇게 3장 일괄 4000,반택포6000에 구매 원합니다!"
e70d3a4bf35d3b136f43e934,pokemoncardgame,포켓몬 카드게임,2026-07,2026-07-23T22:43:43+09:00,known,be4519fdb236597cb173886e,e70d3a4bf35d3b136f43e934,119084,https://m.dcinside.com/board/pokemoncardgame/119084,덱소스 일괄 구매합니다,seller-0c3fc6fb9ea643ad2c6c96cc,돈까스덮밥,registered,var safe = window.dcAd && window.dcAd.safe ==,var safe = window.dcAd && window.dcAd.safe ==,var safe = (window.dcAd && window.dcAd.safe ==,,,unknown,미분류,1,1,10000,estimated,bundle,text,unknown,,active,needs_review,needs_review,"가격 단위 추정, 복수 카드 가격, 배송비 포함 여부 미확정, 묶음·세트 총액 · 개별 카드 가격 아님",estimated,no,no,var safe = (window.dcAd && window.dcAd.safe == 1)
fa5162d4d961337189dc11cf,pokemoncardgame,포켓몬 카드게임,2026-07,2026-07-23T22:43:43+09:00,known,be4519fdb236597cb173886e,fa5162d4d961337189dc11cf,119084,https://m.dcinside.com/board/pokemoncardgame/119084,덱소스 일괄 구매합니다,seller-0c3fc6fb9ea643ad2c6c96cc,돈까스덮밥,registered,록 에너지,록 에너지,록 에너지,,,unknown,미분류,1,1,10000,estimated,per_card,text,unknown,,active,needs_review,needs_review,"가격 단위 추정, 배송비 포함 여부 미확정",estimated,yes,candidate_estimated,록 에너지 1
05d137c72ec252313970ef54,pokemoncardgame,포켓몬 카드게임,2026-07,2026-07-23T22:50:22+09:00,known,d595248abd9deb4ae9092a80,05d137c72ec252313970ef54,119085,https://m.dcinside.com/board/pokemoncardgame/119085,고레어 덱소스 구합니다,seller-c9b5076dedc70a4eb1201b79,비비빅의 결심,registered,변환의 가면 풀거폰 sar,변환의 가면 풀거폰 sar,변환의 가면 풀거폰 sar,,,unknown,미분류,3,5.5,55000,estimated,bundle,text,unknown,,active,needs_review,needs_review,"가격 단위 추정, 일괄·세트 가격, 배송비 포함 여부 미확정, 묶음·세트 총액 · 개별 카드 가격 아님",estimated,no,no,변환의 가면 풀거폰 sar 3장 일괄 5.5
11797d75d044887c4a34f36c,pokemoncardgame,포켓몬 카드게임,2026-07,2026-07-23T22:50:22+09:00,known,ec2d6e65b6164c11febbf247,11797d75d044887c4a34f36c,119085,https://m.dcinside.com/board/pokemoncardgame/119085,고레어 덱소스 구합니다,seller-c9b5076dedc70a4eb1201b79,비비빅의 결심,registered,곤충채집세트 몬볼미러,곤충채집세트 몬볼미러,곤충채집세트 몬볼미러,,,unknown,미분류,1,0.5,5000,estimated,bundle,text,unknown,,active,needs_review,needs_review,"가격 단위 추정, 일괄·세트 가격, 배송비 포함 여부 미확정, 묶음·세트 총액 · 개별 카드 가격 아님",estimated,no,no,곤충채집세트 몬볼미러 1장 0.5
1ded5fcde6262f76f9c6eaff,pokemoncardgame,포켓몬 카드게임,2026-07,2026-07-23T22:50:22+09:00,known,0e824fe0999762daf3487b36,1ded5fcde6262f76f9c6eaff,119085,https://m.dcinside.com/board/pokemoncardgame/119085,고레어 덱소스 구합니다,seller-c9b5076dedc70a4eb1201b79,비비빅의 결심,registered,변환의 가면 풀거폰 sar,변환의 가면 풀거폰 sar,변환의 가면 풀거폰 sar,,,unknown,미분류,3,5.5,55000,estimated,bundle,text,unknown,,active,needs_review,needs_review,"가격 단위 추정, 일괄·세트 가격, 배송비 포함 여부 미확정, 묶음·세트 총액 · 개별 카드 가격 아님",estimated,no,no,변환의 가면 풀거폰 sar 3장 일괄 5.5
61d0ca55a78cdcc9ad11dfcf,pokemoncardgame,포켓몬 카드게임,2026-07,2026-07-23T22:50:22+09:00,known,0e824fe0999762daf3487b36,61d0ca55a78cdcc9ad11dfcf,119085,https://m.dcinside.com/board/pokemoncardgame/119085,고레어 덱소스 구합니다,seller-c9b5076dedc70a4eb1201b79,비비빅의 결심,registered,곤충채집세트 몬볼미러,곤충채집세트 몬볼미러,곤충채집세트 몬볼미러,,,unknown,미분류,1,0.5,5000,estimated,bundle,text,unknown,,active,needs_review,needs_review,"가격 단위 추정, 일괄·세트 가격, 배송비 포함 여부 미확정, 묶음·세트 총액 · 개별 카드 가격 아님",estimated,no,no,곤충채집세트 몬볼미러 1장 0.5
8ea12a091677df8fb2c2462b,pokemoncardgame,포켓몬 카드게임,2026-07,2026-07-23T22:50:22+09:00,known,ec2d6e65b6164c11febbf247,8ea12a091677df8fb2c2462b,119085,https://m.dcinside.com/board/pokemoncardgame/119085,고레어 덱소스 구합니다,seller-c9b5076dedc70a4eb1201b79,비비빅의 결심,registered,변환의 가면 풀거폰 sar,변환의 가면 풀거폰 sar,변환의 가면 풀거폰 sar,,,unknown,미분류,3,5.5,55000,estimated,bundle,text,unknown,,active,needs_review,needs_review,"가격 단위 추정, 일괄·세트 가격, 배송비 포함 여부 미확정, 묶음·세트 총액 · 개별 카드 가격 아님",estimated,no,no,변환의 가면 풀거폰 sar 3장 일괄 5.5
a508a7c59f1076001f948254,pokemoncardgame,포켓몬 카드게임,2026-07,2026-07-23T22:50:22+09:00,known,42b049f4d08b4c5b7e8a4901,a508a7c59f1076001f948254,119085,https://m.dcinside.com/board/pokemoncardgame/119085,고레어 덱소스 구합니다,seller-c9b5076dedc70a4eb1201b79,비비빅의 결심,registered,변환의 가면 풀거폰 sar,변환의 가면 풀거폰 sar,변환의 가면 풀거폰 sar,,,unknown,미분류,3,5.5,55000,estimated,bundle,text,unknown,,active,needs_review,needs_review,"가격 단위 추정, 일괄·세트 가격, 배송비 포함 여부 미확정, 묶음·세트 총액 · 개별 카드 가격 아님",estimated,no,no,변환의 가면 풀거폰 sar 3장 일괄 5.5
b47d8ef8321bbfbd671d3793,pokemoncardgame,포켓몬 카드게임,2026-07,2026-07-23T22:50:22+09:00,known,d595248abd9deb4ae9092a80,b47d8ef8321bbfbd671d3793,119085,https://m.dcinside.com/board/pokemoncardgame/119085,고레어 덱소스 구합니다,seller-c9b5076dedc70a4eb1201b79,비비빅의 결심,registered,곤충채집세트 몬볼미러,곤충채집세트 몬볼미러,곤충채집세트 몬볼미러,,,unknown,미분류,1,0.5,5000,estimated,bundle,text,unknown,,active,needs_review,needs_review,"가격 단위 추정, 일괄·세트 가격, 배송비 포함 여부 미확정, 묶음·세트 총액 · 개별 카드 가격 아님",estimated,no,no,곤충채집세트 몬볼미러 1장 0.5
f463ebb4971f0e3322491e24,pokemoncardgame,포켓몬 카드게임,2026-07,2026-07-23T22:50:22+09:00,known,42b049f4d08b4c5b7e8a4901,f463ebb4971f0e3322491e24,119085,https://m.dcinside.com/board/pokemoncardgame/119085,고레어 덱소스 구합니다,seller-c9b5076dedc70a4eb1201b79,비비빅의 결심,registered,곤충채집세트 몬볼미러,곤충채집세트 몬볼미러,곤충채집세트 몬볼미러,,,unknown,미분류,1,0.5,5000,estimated,bundle,text,unknown,,active,needs_review,needs_review,"가격 단위 추정, 일괄·세트 가격, 배송비 포함 여부 미확정, 묶음·세트 총액 · 개별 카드 가격 아님",estimated,no,no,곤충채집세트 몬볼미러 1장 0.5
068ff4ae23e813c76f430aa9,pokemoncardgame,포켓몬 카드게임,2026-07,2026-07-24T01:51:25+09:00,known,f79b18aa70283feb9e68806d,068ff4ae23e813c76f430aa9,119101,https://m.dcinside.com/board/pokemoncardgame/119101,"메상해꽃, 하솔 sar 판매 및 망나뇽,에너지 구매",seller-6a6106e28956f4070c3b4862,섬도희-아가리,registered,MA 메가 망나뇽,MA 메가 망나뇽,MA 메가 망나뇽,,,unknown,미분류,4,3.5,35000,estimated,bundle,text,unknown,,active,needs_review,needs_review,"가격 단위 추정, 일괄·세트 가격, 배송비 포함 여부 미확정, 묶음·세트 총액 · 개별 카드 가격 아님",estimated,no,no,MA 메가 망나뇽 4장 일괄 3.5
2c12b6e46006b80ba9221dfc,pokemoncardgame,포켓몬 카드게임,2026-07,2026-07-24T01:51:25+09:00,known,9d79de362392657ba845eb44,2c12b6e46006b80ba9221dfc,119101,https://m.dcinside.com/board/pokemoncardgame/119101,"메상해꽃, 하솔 sar 판매 및 망나뇽,에너지 구매",seller-6a6106e28956f4070c3b4862,섬도희-아가리,registered,loadScript 'https pagead,loadScript 'https pagead,loadScript('https://pagead,,,unknown,미분류,1,2,20000,estimated,bundle,text,unknown,,active,needs_review,needs_review,"가격 단위 추정, 복수 카드 가격, 배송비 포함 여부 미확정, 묶음·세트 총액 · 개별 카드 가격 아님",estimated,no,no,"loadScript('https://pagead2.googlesyndication.com/pagead/js/adsbygoogle_direct.js?client=ca-pub-8171468792791627', true, 'anonymous');"
32a7cf48e79b627c1d963624,pokemoncardgame,포켓몬 카드게임,2026-07,2026-07-24T01:51:25+09:00,known,e0804b48ec2653e4a6e1adbc,32a7cf48e79b627c1d963624,119101,https://m.dcinside.com/board/pokemoncardgame/119101,"메상해꽃, 하솔 sar 판매 및 망나뇽,에너지 구매",seller-6a6106e28956f4070c3b4862,섬도희-아가리,registered,하솔,하솔,하솔 장당,,,unknown,미분류,1,1.3,13000,estimated,per_card,text,unknown,,active,needs_review,needs_review,"가격 단위 추정, 배송비 포함 여부 미확정",estimated,yes,candidate_estimated,하솔 장당 1.3
37e9552376f45fe8b9c0a6f8,pokemoncardgame,포켓몬 카드게임,2026-07,2026-07-24T01:51:25+09:00,known,f79b18aa70283feb9e68806d,37e9552376f45fe8b9c0a6f8,119101,https://m.dcinside.com/board/pokemoncardgame/119101,"메상해꽃, 하솔 sar 판매 및 망나뇽,에너지 구매",seller-6a6106e28956f4070c3b4862,섬도희-아가리,registered,메상해꽃 프텍단색 포함,메상해꽃 프텍단색 포함,메상해꽃 프텍단색 포함,,,unknown,미분류,1,4.0,40000,estimated,per_card,text,unknown,,active,needs_review,needs_review,"가격 단위 추정, 배송비 포함 여부 미확정",estimated,yes,candidate_estimated,메상해꽃 프텍단색 포함 4.0
406b2860b1f119d67c686324,pokemoncardgame,포켓몬 카드게임,2026-07,2026-07-24T01:51:25+09:00,known,f79b18aa70283feb9e68806d,406b2860b1f119d67c686324,119101,https://m.dcinside.com/board/pokemoncardgame/119101,"메상해꽃, 하솔 sar 판매 및 망나뇽,에너지 구매",seller-6a6106e28956f4070c3b4862,섬도희-아가리,registered,var safe = window.dcAd && window.dcAd.safe ==,var safe = window.dcAd && window.dcAd.safe ==,var safe = (window.dcAd && window.dcAd.safe ==,,,unknown,미분류,1,1,10000,estimated,bundle,text,unknown,,active,needs_review,needs_review,"가격 단위 추정, 복수 카드 가격, 배송비 포함 여부 미확정, 묶음·세트 총액 · 개별 카드 가격 아님",estimated,no,no,var safe = (window.dcAd && window.dcAd.safe == 1)
46f11010333471f806f7e1a3,pokemoncardgame,포켓몬 카드게임,2026-07,2026-07-24T01:51:25+09:00,known,a6a95168f5ed63bc708df9c7,46f11010333471f806f7e1a3,119101,https://m.dcinside.com/board/pokemoncardgame/119101,"메상해꽃, 하솔 sar 판매 및 망나뇽,에너지 구매",seller-6a6106e28956f4070c3b4862,섬도희-아가리,registered,loadScript ' t,loadScript ' t,loadScript('//t,,,unknown,미분류,1,1,10000,estimated,bundle,text,unknown,,active,needs_review,needs_review,"가격 단위 추정, 복수 카드 가격, 배송비 포함 여부 미확정, 묶음·세트 총액 · 개별 카드 가격 아님",estimated,no,no,"loadScript('//t1.kakaocdn.net/kas/static/ba.min.js', true);"
4d53888f6edec4f008cc1dd0,pokemoncardgame,포켓몬 카드게임,2026-07,2026-07-24T01:51:25+09:00,known,9d79de362392657ba845eb44,4d53888f6edec4f008cc1dd0,119101,https://m.dcinside.com/board/pokemoncardgame/119101,"메상해꽃, 하솔 sar 판매 및 망나뇽,에너지 구매",seller-6a6106e28956f4070c3b4862,섬도희-아가리,registered,loadScript ' t,loadScript ' t,loadScript('//t,,,unknown,미분류,1,1,10000,estimated,bundle,text,unknown,,active,needs_review,needs_review,"가격 단위 추정, 복수 카드 가격, 배송비 포함 여부 미확정, 묶음·세트 총액 · 개별 카드 가격 아님",estimated,no,no,"loadScript('//t1.kakaocdn.net/kas/static/ba.min.js', true);"
4e16012a714f1aa2d096eba5,pokemoncardgame,포켓몬 카드게임,2026-07,2026-07-24T01:51:25+09:00,known,a6a95168f5ed63bc708df9c7,4e16012a714f1aa2d096eba5,119101,https://m.dcinside.com/board/pokemoncardgame/119101,"메상해꽃, 하솔 sar 판매 및 망나뇽,에너지 구매",seller-6a6106e28956f4070c3b4862,섬도희-아가리,registered,loadScript 'https pagead,loadScript 'https pagead,loadScript('https://pagead,,,unknown,미분류,1,2,20000,estimated,bundle,text,unknown,,active,needs_review,needs_review,"가격 단위 추정, 복수 카드 가격, 배송비 포함 여부 미확정, 묶음·세트 총액 · 개별 카드 가격 아님",estimated,no,no,"loadScript('https://pagead2.googlesyndication.com/pagead/js/adsbygoogle_direct.js?client=ca-pub-8171468792791627', true, 'anonymous');"
545d7ee0e804e0e0178e49c0,pokemoncardgame,포켓몬 카드게임,2026-07,2026-07-24T01:51:25+09:00,known,e0804b48ec2653e4a6e1adbc,545d7ee0e804e0e0178e49c0,119101,https://m.dcinside.com/board/pokemoncardgame/119101,"메상해꽃, 하솔 sar 판매 및 망나뇽,에너지 구매",seller-6a6106e28956f4070c3b4862,섬도희-아가리,registered,DOM 삽입 헬퍼 현재 스크립트 위치 기준,DOM 삽입 헬퍼 현재 스크립트 위치 기준,// ---- DOM 삽입 헬퍼 (현재 스크립트 위치 기준,,,unknown,미분류,1,1,10000,estimated,bundle,text,unknown,,active,needs_review,needs_review,"가격 단위 추정, 복수 카드 가격, 배송비 포함 여부 미확정, 묶음·세트 총액 · 개별 카드 가격 아님",estimated,no,no,// ---- DOM 삽입 헬퍼 (현재 스크립트 위치 기준1)
72d190ed33c17fbf9e367018,pokemoncardgame,포켓몬 카드게임,2026-07,2026-07-24T01:51:25+09:00,known,e0804b48ec2653e4a6e1adbc,72d190ed33c17fbf9e367018,119101,https://m.dcinside.com/board/pokemoncardgame/119101,"메상해꽃, 하솔 sar 판매 및 망나뇽,에너지 구매",seller-6a6106e28956f4070c3b4862,섬도희-아가리,registered,loadScript 'https pagead,loadScript 'https pagead,loadScript('https://pagead,,,unknown,미분류,1,2,20000,estimated,bundle,text,unknown,,active,needs_review,needs_review,"가격 단위 추정, 복수 카드 가격, 배송비 포함 여부 미확정, 묶음·세트 총액 · 개별 카드 가격 아님",estimated,no,no,"loadScript('https://pagead2.googlesyndication.com/pagead/js/adsbygoogle_direct.js?client=ca-pub-8171468792791627', true, 'anonymous');"
837bc587c1d27deddf0b1982,pokemoncardgame,포켓몬 카드게임,2026-07,2026-07-24T01:51:25+09:00,known,f79b18aa70283feb9e68806d,837bc587c1d27deddf0b1982,119101,https://m.dcinside.com/board/pokemoncardgame/119101,"메상해꽃, 하솔 sar 판매 및 망나뇽,에너지 구매",seller-6a6106e28956f4070c3b4862,섬도희-아가리,registered,DOM 삽입 헬퍼 현재 스크립트 위치 기준,DOM 삽입 헬퍼 현재 스크립트 위치 기준,// ---- DOM 삽입 헬퍼 (현재 스크립트 위치 기준,,,unknown,미분류,1,1,10000,estimated,bundle,text,unknown,,active,needs_review,needs_review,"가격 단위 추정, 복수 카드 가격, 배송비 포함 여부 미확정, 묶음·세트 총액 · 개별 카드 가격 아님",estimated,no,no,// ---- DOM 삽입 헬퍼 (현재 스크립트 위치 기준1)
8c59c845bae24753ad1c414e,pokemoncardgame,포켓몬 카드게임,2026-07,2026-07-24T01:51:25+09:00,known,e0804b48ec2653e4a6e1adbc,8c59c845bae24753ad1c414e,119101,https://m.dcinside.com/board/pokemoncardgame/119101,"메상해꽃, 하솔 sar 판매 및 망나뇽,에너지 구매",seller-6a6106e28956f4070c3b4862,섬도희-아가리,registered,MA 메가 망나뇽,MA 메가 망나뇽,MA 메가 망나뇽,,,unknown,미분류,4,3.5,35000,estimated,bundle,text,unknown,,active,needs_review,needs_review,"가격 단위 추정, 일괄·세트 가격, 배송비 포함 여부 미확정, 묶음·세트 총액 · 개별 카드 가격 아님",estimated,no,no,MA 메가 망나뇽 4장 일괄 3.5
94dd499c37c92447dffc3947,pokemoncardgame,포켓몬 카드게임,2026-07,2026-07-24T01:51:25+09:00,known,a6a95168f5ed63bc708df9c7,94dd499c37c92447dffc3947,119101,https://m.dcinside.com/board/pokemoncardgame/119101,"메상해꽃, 하솔 sar 판매 및 망나뇽,에너지 구매",seller-6a6106e28956f4070c3b4862,섬도희-아가리,registered,var safe = window.dcAd && window.dcAd.safe ==,var safe = window.dcAd && window.dcAd.safe ==,var safe = (window.dcAd && window.dcAd.safe ==,,,unknown,미분류,1,1,10000,estimated,bundle,text,unknown,,active,needs_review,needs_review,"가격 단위 추정, 복수 카드 가격, 배송비 포함 여부 미확정, 묶음·세트 총액 · 개별 카드 가격 아님",estimated,no,no,var safe = (window.dcAd && window.dcAd.safe == 1)
9619c2a3759112f9fd3470ca,pokemoncardgame,포켓몬 카드게임,2026-07,2026-07-24T01:51:25+09:00,known,a6a95168f5ed63bc708df9c7,9619c2a3759112f9fd3470ca,119101,https://m.dcinside.com/board/pokemoncardgame/119101,"메상해꽃, 하솔 sar 판매 및 망나뇽,에너지 구매",seller-6a6106e28956f4070c3b4862,섬도희-아가리,registered,DOM 삽입 헬퍼 현재 스크립트 위치 기준,DOM 삽입 헬퍼 현재 스크립트 위치 기준,// ---- DOM 삽입 헬퍼 (현재 스크립트 위치 기준,,,unknown,미분류,1,1,10000,estimated,bundle,text,unknown,,active,needs_review,needs_review,"가격 단위 추정, 복수 카드 가격, 배송비 포함 여부 미확정, 묶음·세트 총액 · 개별 카드 가격 아님",estimated,no,no,// ---- DOM 삽입 헬퍼 (현재 스크립트 위치 기준1)
982ae621581a711f6a8f33d2,pokemoncardgame,포켓몬 카드게임,2026-07,2026-07-24T01:51:25+09:00,known,e0804b48ec2653e4a6e1adbc,982ae621581a711f6a8f33d2,119101,https://m.dcinside.com/board/pokemoncardgame/119101,"메상해꽃, 하솔 sar 판매 및 망나뇽,에너지 구매",seller-6a6106e28956f4070c3b4862,섬도희-아가리,registered,메상해꽃 프텍단색 포함,메상해꽃 프텍단색 포함,메상해꽃 프텍단색 포함,,,unknown,미분류,1,4.0,40000,estimated,per_card,text,unknown,,active,needs_review,needs_review,"가격 단위 추정, 배송비 포함 여부 미확정",estimated,yes,candidate_estimated,메상해꽃 프텍단색 포함 4.0
98c88cd925d3b0433189aea8,pokemoncardgame,포켓몬 카드게임,2026-07,2026-07-24T01:51:25+09:00,known,9d79de362392657ba845eb44,98c88cd925d3b0433189aea8,119101,https://m.dcinside.com/board/pokemoncardgame/119101,"메상해꽃, 하솔 sar 판매 및 망나뇽,에너지 구매",seller-6a6106e28956f4070c3b4862,섬도희-아가리,registered,메상해꽃 프텍단색 포함,메상해꽃 프텍단색 포함,메상해꽃 프텍단색 포함,,,unknown,미분류,1,4.0,40000,estimated,per_card,text,unknown,,active,needs_review,needs_review,"가격 단위 추정, 배송비 포함 여부 미확정",estimated,yes,candidate_estimated,메상해꽃 프텍단색 포함 4.0
9bd1a2b37e20da2ef731f504,pokemoncardgame,포켓몬 카드게임,2026-07,2026-07-24T01:51:25+09:00,known,a6a95168f5ed63bc708df9c7,9bd1a2b37e20da2ef731f504,119101,https://m.dcinside.com/board/pokemoncardgame/119101,"메상해꽃, 하솔 sar 판매 및 망나뇽,에너지 구매",seller-6a6106e28956f4070c3b4862,섬도희-아가리,registered,메상해꽃 프텍단색 포함,메상해꽃 프텍단색 포함,메상해꽃 프텍단색 포함,,,unknown,미분류,1,4.0,40000,estimated,per_card,text,unknown,,active,needs_review,needs_review,"가격 단위 추정, 배송비 포함 여부 미확정",estimated,yes,candidate_estimated,메상해꽃 프텍단색 포함 4.0
aa4f340ae4bfee5ab1d210ed,pokemoncardgame,포켓몬 카드게임,2026-07,2026-07-24T01:51:25+09:00,known,f79b18aa70283feb9e68806d,aa4f340ae4bfee5ab1d210ed,119101,https://m.dcinside.com/board/pokemoncardgame/119101,"메상해꽃, 하솔 sar 판매 및 망나뇽,에너지 구매",seller-6a6106e28956f4070c3b4862,섬도희-아가리,registered,하솔,하솔,하솔 장당,,,unknown,미분류,1,1.3,13000,estimated,per_card,text,unknown,,active,needs_review,needs_review,"가격 단위 추정, 배송비 포함 여부 미확정",estimated,yes,candidate_estimated,하솔 장당 1.3
bbbf58b058fec341c1366547,pokemoncardgame,포켓몬 카드게임,2026-07,2026-07-24T01:51:25+09:00,known,e0804b48ec2653e4a6e1adbc,bbbf58b058fec341c1366547,119101,https://m.dcinside.com/board/pokemoncardgame/119101,"메상해꽃, 하솔 sar 판매 및 망나뇽,에너지 구매",seller-6a6106e28956f4070c3b4862,섬도희-아가리,registered,var safe = window.dcAd && window.dcAd.safe ==,var safe = window.dcAd && window.dcAd.safe ==,var safe = (window.dcAd && window.dcAd.safe ==,,,unknown,미분류,1,1,10000,estimated,bundle,text,unknown,,active,needs_review,needs_review,"가격 단위 추정, 복수 카드 가격, 배송비 포함 여부 미확정, 묶음·세트 총액 · 개별 카드 가격 아님",estimated,no,no,var safe = (window.dcAd && window.dcAd.safe == 1)
bd3ea9d464acae5981030d1e,pokemoncardgame,포켓몬 카드게임,2026-07,2026-07-24T01:51:25+09:00,known,f79b18aa70283feb9e68806d,bd3ea9d464acae5981030d1e,119101,https://m.dcinside.com/board/pokemoncardgame/119101,"메상해꽃, 하솔 sar 판매 및 망나뇽,에너지 구매",seller-6a6106e28956f4070c3b4862,섬도희-아가리,registered,loadScript 'https pagead,loadScript 'https pagead,loadScript('https://pagead,,,unknown,미분류,1,2,20000,estimated,bundle,text,unknown,,active,needs_review,needs_review,"가격 단위 추정, 복수 카드 가격, 배송비 포함 여부 미확정, 묶음·세트 총액 · 개별 카드 가격 아님",estimated,no,no,"loadScript('https://pagead2.googlesyndication.com/pagead/js/adsbygoogle_direct.js?client=ca-pub-8171468792791627', true, 'anonymous');"
cb59884ffe8c2ebc7f5177d3,pokemoncardgame,포켓몬 카드게임,2026-07,2026-07-24T01:51:25+09:00,known,a6a95168f5ed63bc708df9c7,cb59884ffe8c2ebc7f5177d3,119101,https://m.dcinside.com/board/pokemoncardgame/119101,"메상해꽃, 하솔 sar 판매 및 망나뇽,에너지 구매",seller-6a6106e28956f4070c3b4862,섬도희-아가리,registered,하솔,하솔,하솔 장당,,,unknown,미분류,1,1.3,13000,estimated,per_card,text,unknown,,active,needs_review,needs_review,"가격 단위 추정, 배송비 포함 여부 미확정",estimated,yes,candidate_estimated,하솔 장당 1.3
d107d6cdb0afa51774407bd9,pokemoncardgame,포켓몬 카드게임,2026-07,2026-07-24T01:51:25+09:00,known,f79b18aa70283feb9e68806d,d107d6cdb0afa51774407bd9,119101,https://m.dcinside.com/board/pokemoncardgame/119101,"메상해꽃, 하솔 sar 판매 및 망나뇽,에너지 구매",seller-6a6106e28956f4070c3b4862,섬도희-아가리,registered,loadScript ' t,loadScript ' t,loadScript('//t,,,unknown,미분류,1,1,10000,estimated,bundle,text,unknown,,active,needs_review,needs_review,"가격 단위 추정, 복수 카드 가격, 배송비 포함 여부 미확정, 묶음·세트 총액 · 개별 카드 가격 아님",estimated,no,no,"loadScript('//t1.kakaocdn.net/kas/static/ba.min.js', true);"
d18eadeac977143c28ba1559,pokemoncardgame,포켓몬 카드게임,2026-07,2026-07-24T01:51:25+09:00,known,9d79de362392657ba845eb44,d18eadeac977143c28ba1559,119101,https://m.dcinside.com/board/pokemoncardgame/119101,"메상해꽃, 하솔 sar 판매 및 망나뇽,에너지 구매",seller-6a6106e28956f4070c3b4862,섬도희-아가리,registered,var safe = window.dcAd && window.dcAd.safe ==,var safe = window.dcAd && window.dcAd.safe ==,var safe = (window.dcAd && window.dcAd.safe ==,,,unknown,미분류,1,1,10000,estimated,bundle,text,unknown,,active,needs_review,needs_review,"가격 단위 추정, 복수 카드 가격, 배송비 포함 여부 미확정, 묶음·세트 총액 · 개별 카드 가격 아님",estimated,no,no,var safe = (window.dcAd && window.dcAd.safe == 1)
e1137c824a8dc3dde96fe5c3,pokemoncardgame,포켓몬 카드게임,2026-07,2026-07-24T01:51:25+09:00,known,9d79de362392657ba845eb44,e1137c824a8dc3dde96fe5c3,119101,https://m.dcinside.com/board/pokemoncardgame/119101,"메상해꽃, 하솔 sar 판매 및 망나뇽,에너지 구매",seller-6a6106e28956f4070c3b4862,섬도희-아가리,registered,DOM 삽입 헬퍼 현재 스크립트 위치 기준,DOM 삽입 헬퍼 현재 스크립트 위치 기준,// ---- DOM 삽입 헬퍼 (현재 스크립트 위치 기준,,,unknown,미분류,1,1,10000,estimated,bundle,text,unknown,,active,needs_review,needs_review,"가격 단위 추정, 복수 카드 가격, 배송비 포함 여부 미확정, 묶음·세트 총액 · 개별 카드 가격 아님",estimated,no,no,// ---- DOM 삽입 헬퍼 (현재 스크립트 위치 기준1)
e564653161a73bf916fa07c9,pokemoncardgame,포켓몬 카드게임,2026-07,2026-07-24T01:51:25+09:00,known,a6a95168f5ed63bc708df9c7,e564653161a73bf916fa07c9,119101,https://m.dcinside.com/board/pokemoncardgame/119101,"메상해꽃, 하솔 sar 판매 및 망나뇽,에너지 구매",seller-6a6106e28956f4070c3b4862,섬도희-아가리,registered,MA 메가 망나뇽,MA 메가 망나뇽,MA 메가 망나뇽,,,unknown,미분류,4,3.5,35000,estimated,bundle,text,unknown,,active,needs_review,needs_review,"가격 단위 추정, 일괄·세트 가격, 배송비 포함 여부 미확정, 묶음·세트 총액 · 개별 카드 가격 아님",estimated,no,no,MA 메가 망나뇽 4장 일괄 3.5
eeb50101d187a05edc6b4c9f,pokemoncardgame,포켓몬 카드게임,2026-07,2026-07-24T01:51:25+09:00,known,e0804b48ec2653e4a6e1adbc,eeb50101d187a05edc6b4c9f,119101,https://m.dcinside.com/board/pokemoncardgame/119101,"메상해꽃, 하솔 sar 판매 및 망나뇽,에너지 구매",seller-6a6106e28956f4070c3b4862,섬도희-아가리,registered,loadScript ' t,loadScript ' t,loadScript('//t,,,unknown,미분류,1,1,10000,estimated,bundle,text,unknown,,active,needs_review,needs_review,"가격 단위 추정, 복수 카드 가격, 배송비 포함 여부 미확정, 묶음·세트 총액 · 개별 카드 가격 아님",estimated,no,no,"loadScript('//t1.kakaocdn.net/kas/static/ba.min.js', true);"
f5a541af3443ca14905fb93e,pokemoncardgame,포켓몬 카드게임,2026-07,2026-07-24T01:51:25+09:00,known,9d79de362392657ba845eb44,f5a541af3443ca14905fb93e,119101,https://m.dcinside.com/board/pokemoncardgame/119101,"메상해꽃, 하솔 sar 판매 및 망나뇽,에너지 구매",seller-6a6106e28956f4070c3b4862,섬도희-아가리,registered,MA 메가 망나뇽,MA 메가 망나뇽,MA 메가 망나뇽,,,unknown,미분류,4,3.5,35000,estimated,bundle,text,unknown,,active,needs_review,needs_review,"가격 단위 추정, 일괄·세트 가격, 배송비 포함 여부 미확정, 묶음·세트 총액 · 개별 카드 가격 아님",estimated,no,no,MA 메가 망나뇽 4장 일괄 3.5
fd7251d090d5abbe8f032897,pokemoncardgame,포켓몬 카드게임,2026-07,2026-07-24T01:51:25+09:00,known,9d79de362392657ba845eb44,fd7251d090d5abbe8f032897,119101,https://m.dcinside.com/board/pokemoncardgame/119101,"메상해꽃, 하솔 sar 판매 및 망나뇽,에너지 구매",seller-6a6106e28956f4070c3b4862,섬도희-아가리,registered,하솔,하솔,하솔 장당,,,unknown,미분류,1,1.3,13000,estimated,per_card,text,unknown,,active,needs_review,needs_review,"가격 단위 추정, 배송비 포함 여부 미확정",estimated,yes,candidate_estimated,하솔 장당 1.3
032420ea05e183323b846950,pokemoncardgame,포켓몬 카드게임,2026-07,2026-07-24T06:59:18+09:00,known,5abfb8f6e887275c8890431c,032420ea05e183323b846950,119105,https://m.dcinside.com/board/pokemoncardgame/119105,덱소스 구매합니다,seller-766dba933fb210e207e50626,ㅇㅇ,guest,사슬떡,사슬떡,사슬떡,,,unknown,미분류,1,1,10000,estimated,per_card,text,unknown,,active,needs_review,needs_review,"가격 단위 추정, 배송비 포함 여부 미확정",estimated,yes,candidate_estimated,사슬떡1
088eade0fac29122de03337c,pokemoncardgame,포켓몬 카드게임,2026-07,2026-07-24T06:59:18+09:00,known,a581e40c6f616ffd7e808fed,088eade0fac29122de03337c,119105,https://m.dcinside.com/board/pokemoncardgame/119105,덱소스 구매합니다,seller-20a63d113718d636ccf243ff,ㅇㅇ,guest,태권왕,태권왕,태권왕,,,unknown,미분류,1,1,10000,estimated,per_card,text,unknown,,active,needs_review,needs_review,"가격 단위 추정, 배송비 포함 여부 미확정",estimated,yes,candidate_estimated,태권왕1
12966adb70acb7857731916a,pokemoncardgame,포켓몬 카드게임,2026-07,2026-07-24T06:59:18+09:00,known,5abfb8f6e887275c8890431c,12966adb70acb7857731916a,119105,https://m.dcinside.com/board/pokemoncardgame/119105,덱소스 구매합니다,seller-766dba933fb210e207e50626,ㅇㅇ,guest,변환의서,변환의서,변환의서,,,unknown,미분류,1,4,40000,estimated,per_card,text,unknown,,active,needs_review,needs_review,"가격 단위 추정, 배송비 포함 여부 미확정",estimated,yes,candidate_estimated,변환의서4
201585ab36ab14a8aab763f3,pokemoncardgame,포켓몬 카드게임,2026-07,2026-07-24T06:59:18+09:00,known,b6964242fff468ae34963283,201585ab36ab14a8aab763f3,119105,https://m.dcinside.com/board/pokemoncardgame/119105,덱소스 구매합니다,seller-1d8687bf81a69829d22fd5e4,ㅇㅇ,guest,언페어,언페어,언페어,,,unknown,미분류,1,1,10000,estimated,per_card,text,unknown,,active,needs_review,needs_review,"가격 단위 추정, 배송비 포함 여부 미확정",estimated,yes,candidate_estimated,언페어1
27bbff097f4dd58e02867459,pokemoncardgame,포켓몬 카드게임,2026-07,2026-07-24T06:59:18+09:00,known,b6964242fff468ae34963283,27bbff097f4dd58e02867459,119105,https://m.dcinside.com/board/pokemoncardgame/119105,덱소스 구매합니다,seller-1d8687bf81a69829d22fd5e4,ㅇㅇ,guest,변환의서,변환의서,변환의서,,,unknown,미분류,1,4,40000,estimated,per_card,text,unknown,,active,needs_review,needs_review,"가격 단위 추정, 배송비 포함 여부 미확정",estimated,yes,candidate_estimated,변환의서4
27d84aa9cff433c5f95e5b72,pokemoncardgame,포켓몬 카드게임,2026-07,2026-07-24T06:59:18+09:00,known,ef4a3730d92bab89b94a7603,27d84aa9cff433c5f95e5b72,119105,https://m.dcinside.com/board/pokemoncardgame/119105,덱소스 구매합니다,seller-95c09312c6b06a09ed9e6967,ㅇㅇ,guest,태권왕,태권왕,태권왕,,,unknown,미분류,1,1,10000,estimated,per_card,text,unknown,,active,needs_review,needs_review,"가격 단위 추정, 배송비 포함 여부 미확정",estimated,yes,candidate_estimated,태권왕1
2f3d3d83c5272f94a08bd72d,pokemoncardgame,포켓몬 카드게임,2026-07,2026-07-24T06:59:18+09:00,known,5abfb8f6e887275c8890431c,2f3d3d83c5272f94a08bd72d,119105,https://m.dcinside.com/board/pokemoncardgame/119105,덱소스 구매합니다,seller-766dba933fb210e207e50626,ㅇㅇ,guest,다 합치면,다 합치면,다 합치면,,,unknown,미분류,1,22000,22000,exact,per_card,text,unknown,,active,needs_review,needs_review,배송비 포함 여부 미확정,exact,yes,candidate_estimated,다 합치면 22000원에 삽니다
312467cfa95b9e76dd41ac4e,pokemoncardgame,포켓몬 카드게임,2026-07,2026-07-24T06:59:18+09:00,known,b6964242fff468ae34963283,312467cfa95b9e76dd41ac4e,119105,https://m.dcinside.com/board/pokemoncardgame/119105,덱소스 구매합니다,seller-1d8687bf81a69829d22fd5e4,ㅇㅇ,guest,다 합치면,다 합치면,다 합치면,,,unknown,미분류,1,22000,22000,exact,per_card,text,unknown,,active,needs_review,needs_review,배송비 포함 여부 미확정,exact,yes,candidate_estimated,다 합치면 22000원에 삽니다
3d49579386ad73d427a36624,pokemoncardgame,포켓몬 카드게임,2026-07,2026-07-24T06:59:18+09:00,known,a581e40c6f616ffd7e808fed,3d49579386ad73d427a36624,119105,https://m.dcinside.com/board/pokemoncardgame/119105,덱소스 구매합니다,seller-20a63d113718d636ccf243ff,ㅇㅇ,guest,노고고치당,노고고치당,노고고치당,,,unknown,미분류,3,2000,2000,exact,per_card,text,unknown,,active,needs_review,needs_review,배송비 포함 여부 미확정,exact,yes,candidate_estimated,노고고치3 장당 2000원
418cc33717de57d9ed1a3d49,pokemoncardgame,포켓몬 카드게임,2026-07,2026-07-24T06:59:18+09:00,known,a581e40c6f616ffd7e808fed,418cc33717de57d9ed1a3d49,119105,https://m.dcinside.com/board/pokemoncardgame/119105,덱소스 구매합니다,seller-20a63d113718d636ccf243ff,ㅇㅇ,guest,60체 노고치당,60체 노고치당,60체 노고치당,,,unknown,미분류,2,500,500,exact,per_card,text,unknown,,active,needs_review,needs_review,배송비 포함 여부 미확정,exact,yes,candidate_estimated,60체 노고치2 장당 500원
4e69c972e279d9b9517ad4d7,pokemoncardgame,포켓몬 카드게임,2026-07,2026-07-24T06:59:18+09:00,known,b6964242fff468ae34963283,4e69c972e279d9b9517ad4d7,119105,https://m.dcinside.com/board/pokemoncardgame/119105,덱소스 구매합니다,seller-1d8687bf81a69829d22fd5e4,ㅇㅇ,guest,암호매니아,암호매니아,암호매니아,,,unknown,미분류,1,1,10000,estimated,per_card,text,unknown,,active,needs_review,needs_review,"가격 단위 추정, 배송비 포함 여부 미확정",estimated,yes,candidate_estimated,암호매니아1
4f05d0dd05c1b06a3b3c6531,pokemoncardgame,포켓몬 카드게임,2026-07,2026-07-24T06:59:18+09:00,known,b6964242fff468ae34963283,4f05d0dd05c1b06a3b3c6531,119105,https://m.dcinside.com/board/pokemoncardgame/119105,덱소스 구매합니다,seller-1d8687bf81a69829d22fd5e4,ㅇㅇ,guest,태권왕,태권왕,태권왕,,,unknown,미분류,1,1,10000,estimated,per_card,text,unknown,,active,needs_review,needs_review,"가격 단위 추정, 배송비 포함 여부 미확정",estimated,yes,candidate_estimated,태권왕1
557b0599246b56ead0493a01,pokemoncardgame,포켓몬 카드게임,2026-07,2026-07-24T06:59:18+09:00,known,ef4a3730d92bab89b94a7603,557b0599246b56ead0493a01,119105,https://m.dcinside.com/board/pokemoncardgame/119105,덱소스 구매합니다,seller-95c09312c6b06a09ed9e6967,ㅇㅇ,guest,다 합치면,다 합치면,다 합치면,,,unknown,미분류,1,22000,22000,exact,per_card,text,unknown,,active,needs_review,needs_review,배송비 포함 여부 미확정,exact,yes,candidate_estimated,다 합치면 22000원에 삽니다
7e53719a669645ef09466733,pokemoncardgame,포켓몬 카드게임,2026-07,2026-07-24T06:59:18+09:00,known,5abfb8f6e887275c8890431c,7e53719a669645ef09466733,119105,https://m.dcinside.com/board/pokemoncardgame/119105,덱소스 구매합니다,seller-766dba933fb210e207e50626,ㅇㅇ,guest,노고고치당,노고고치당,노고고치당,,,unknown,미분류,3,2000,2000,exact,per_card,text,unknown,,active,needs_review,needs_review,배송비 포함 여부 미확정,exact,yes,candidate_estimated,노고고치3 장당 2000원
7feb9578adeaa61f23150b7e,pokemoncardgame,포켓몬 카드게임,2026-07,2026-07-24T06:59:18+09:00,known,ef4a3730d92bab89b94a7603,7feb9578adeaa61f23150b7e,119105,https://m.dcinside.com/board/pokemoncardgame/119105,덱소스 구매합니다,seller-95c09312c6b06a09ed9e6967,ㅇㅇ,guest,사슬떡,사슬떡,사슬떡,,,unknown,미분류,1,1,10000,estimated,per_card,text,unknown,,active,needs_review,needs_review,"가격 단위 추정, 배송비 포함 여부 미확정",estimated,yes,candidate_estimated,사슬떡1
86fcbfe4ecd0184c3b0dae6c,pokemoncardgame,포켓몬 카드게임,2026-07,2026-07-24T06:59:18+09:00,known,5abfb8f6e887275c8890431c,86fcbfe4ecd0184c3b0dae6c,119105,https://m.dcinside.com/board/pokemoncardgame/119105,덱소스 구매합니다,seller-766dba933fb210e207e50626,ㅇㅇ,guest,암호매니아,암호매니아,암호매니아,,,unknown,미분류,1,1,10000,estimated,per_card,text,unknown,,active,needs_review,needs_review,"가격 단위 추정, 배송비 포함 여부 미확정",estimated,yes,candidate_estimated,암호매니아1
8cf9b6901d52c843e6dec66f,pokemoncardgame,포켓몬 카드게임,2026-07,2026-07-24T06:59:18+09:00,known,ef4a3730d92bab89b94a7603,8cf9b6901d52c843e6dec66f,119105,https://m.dcinside.com/board/pokemoncardgame/119105,덱소스 구매합니다,seller-95c09312c6b06a09ed9e6967,ㅇㅇ,guest,변환의서,변환의서,변환의서,,,unknown,미분류,1,4,40000,estimated,per_card,text,unknown,,active,needs_review,needs_review,"가격 단위 추정, 배송비 포함 여부 미확정",estimated,yes,candidate_estimated,변환의서4
8f70c950546d666809355ccf,pokemoncardgame,포켓몬 카드게임,2026-07,2026-07-24T06:59:18+09:00,known,a581e40c6f616ffd7e808fed,8f70c950546d666809355ccf,119105,https://m.dcinside.com/board/pokemoncardgame/119105,덱소스 구매합니다,seller-20a63d113718d636ccf243ff,ㅇㅇ,guest,변환의서,변환의서,변환의서,,,unknown,미분류,1,4,40000,estimated,per_card,text,unknown,,active,needs_review,needs_review,"가격 단위 추정, 배송비 포함 여부 미확정",estimated,yes,candidate_estimated,변환의서4
98211ab453d12ce7f9bb7838,pokemoncardgame,포켓몬 카드게임,2026-07,2026-07-24T06:59:18+09:00,known,a581e40c6f616ffd7e808fed,98211ab453d12ce7f9bb7838,119105,https://m.dcinside.com/board/pokemoncardgame/119105,덱소스 구매합니다,seller-20a63d113718d636ccf243ff,ㅇㅇ,guest,다 합치면,다 합치면,다 합치면,,,unknown,미분류,1,22000,22000,exact,per_card,text,unknown,,active,needs_review,needs_review,배송비 포함 여부 미확정,exact,yes,candidate_estimated,다 합치면 22000원에 삽니다
9a3321d27d8fb91cba150961,pokemoncardgame,포켓몬 카드게임,2026-07,2026-07-24T06:59:18+09:00,known,5abfb8f6e887275c8890431c,9a3321d27d8fb91cba150961,119105,https://m.dcinside.com/board/pokemoncardgame/119105,덱소스 구매합니다,seller-766dba933fb210e207e50626,ㅇㅇ,guest,시크릿박스,시크릿박스,시크릿박스,,,unknown,미분류,1,1,10000,estimated,per_card,text,unknown,,active,needs_review,needs_review,"가격 단위 추정, 배송비 포함 여부 미확정",estimated,yes,candidate_estimated,시크릿박스1
9c5e8987813a42ea3a7538f3,pokemoncardgame,포켓몬 카드게임,2026-07,2026-07-24T06:59:18+09:00,known,b6964242fff468ae34963283,9c5e8987813a42ea3a7538f3,119105,https://m.dcinside.com/board/pokemoncardgame/119105,덱소스 구매합니다,seller-1d8687bf81a69829d22fd5e4,ㅇㅇ,guest,미스트 에너지당,미스트 에너지당,미스트 에너지당,,,unknown,미분류,4,500,500,exact,per_card,text,unknown,,active,needs_review,needs_review,배송비 포함 여부 미확정,exact,yes,candidate_estimated,미스트 에너지4 장당 500원
9e5a49542a8aee4d698e6c82,pokemoncardgame,포켓몬 카드게임,2026-07,2026-07-24T06:59:18+09:00,known,5abfb8f6e887275c8890431c,9e5a49542a8aee4d698e6c82,119105,https://m.dcinside.com/board/pokemoncardgame/119105,덱소스 구매합니다,seller-766dba933fb210e207e50626,ㅇㅇ,guest,태권왕,태권왕,태권왕,,,unknown,미분류,1,1,10000,estimated,per_card,text,unknown,,active,needs_review,needs_review,"가격 단위 추정, 배송비 포함 여부 미확정",estimated,yes,candidate_estimated,태권왕1
a1a8725df82979cff9b8392b,pokemoncardgame,포켓몬 카드게임,2026-07,2026-07-24T06:59:18+09:00,known,a581e40c6f616ffd7e808fed,a1a8725df82979cff9b8392b,119105,https://m.dcinside.com/board/pokemoncardgame/119105,덱소스 구매합니다,seller-20a63d113718d636ccf243ff,ㅇㅇ,guest,사슬떡,사슬떡,사슬떡,,,unknown,미분류,1,1,10000,estimated,per_card,text,unknown,,active,needs_review,needs_review,"가격 단위 추정, 배송비 포함 여부 미확정",estimated,yes,candidate_estimated,사슬떡1
a76b33798c90d750bef35542,pokemoncardgame,포켓몬 카드게임,2026-07,2026-07-24T06:59:18+09:00,known,ef4a3730d92bab89b94a7603,a76b33798c90d750bef35542,119105,https://m.dcinside.com/board/pokemoncardgame/119105,덱소스 구매합니다,seller-95c09312c6b06a09ed9e6967,ㅇㅇ,guest,노고고치당,노고고치당,노고고치당,,,unknown,미분류,3,2000,2000,exact,per_card,text,unknown,,active,needs_review,needs_review,배송비 포함 여부 미확정,exact,yes,candidate_estimated,노고고치3 장당 2000원
a7e06f1c1a7ecb6fff61c81f,pokemoncardgame,포켓몬 카드게임,2026-07,2026-07-24T06:59:18+09:00,known,ef4a3730d92bab89b94a7603,a7e06f1c1a7ecb6fff61c81f,119105,https://m.dcinside.com/board/pokemoncardgame/119105,덱소스 구매합니다,seller-95c09312c6b06a09ed9e6967,ㅇㅇ,guest,암호매니아,암호매니아,암호매니아,,,unknown,미분류,1,1,10000,estimated,per_card,text,unknown,,active,needs_review,needs_review,"가격 단위 추정, 배송비 포함 여부 미확정",estimated,yes,candidate_estimated,암호매니아1
aaecdc6850e858b903030cc7,pokemoncardgame,포켓몬 카드게임,2026-07,2026-07-24T06:59:18+09:00,known,a581e40c6f616ffd7e808fed,aaecdc6850e858b903030cc7,119105,https://m.dcinside.com/board/pokemoncardgame/119105,덱소스 구매합니다,seller-20a63d113718d636ccf243ff,ㅇㅇ,guest,시크릿박스,시크릿박스,시크릿박스,,,unknown,미분류,1,1,10000,estimated,per_card,text,unknown,,active,needs_review,needs_review,"가격 단위 추정, 배송비 포함 여부 미확정",estimated,yes,candidate_estimated,시크릿박스1
ad031ce922edf5661a67886c,pokemoncardgame,포켓몬 카드게임,2026-07,2026-07-24T06:59:18+09:00,known,ef4a3730d92bab89b94a7603,ad031ce922edf5661a67886c,119105,https://m.dcinside.com/board/pokemoncardgame/119105,덱소스 구매합니다,seller-95c09312c6b06a09ed9e6967,ㅇㅇ,guest,언페어,언페어,언페어,,,unknown,미분류,1,1,10000,estimated,per_card,text,unknown,,active,needs_review,needs_review,"가격 단위 추정, 배송비 포함 여부 미확정",estimated,yes,candidate_estimated,언페어1
b4872b8f30760fdab65aecf3,pokemoncardgame,포켓몬 카드게임,2026-07,2026-07-24T06:59:18+09:00,known,b6964242fff468ae34963283,b4872b8f30760fdab65aecf3,119105,https://m.dcinside.com/board/pokemoncardgame/119105,덱소스 구매합니다,seller-1d8687bf81a69829d22fd5e4,ㅇㅇ,guest,60체 노고치당,60체 노고치당,60체 노고치당,,,unknown,미분류,2,500,500,exact,per_card,text,unknown,,active,needs_review,needs_review,배송비 포함 여부 미확정,exact,yes,candidate_estimated,60체 노고치2 장당 500원
b59eb1ac401ad7eafa1625a9,pokemoncardgame,포켓몬 카드게임,2026-07,2026-07-24T06:59:18+09:00,known,ef4a3730d92bab89b94a7603,b59eb1ac401ad7eafa1625a9,119105,https://m.dcinside.com/board/pokemoncardgame/119105,덱소스 구매합니다,seller-95c09312c6b06a09ed9e6967,ㅇㅇ,guest,시크릿박스,시크릿박스,시크릿박스,,,unknown,미분류,1,1,10000,estimated,per_card,text,unknown,,active,needs_review,needs_review,"가격 단위 추정, 배송비 포함 여부 미확정",estimated,yes,candidate_estimated,시크릿박스1
c5130c1bb89bbc5a1276cadf,pokemoncardgame,포켓몬 카드게임,2026-07,2026-07-24T06:59:18+09:00,known,5abfb8f6e887275c8890431c,c5130c1bb89bbc5a1276cadf,119105,https://m.dcinside.com/board/pokemoncardgame/119105,덱소스 구매합니다,seller-766dba933fb210e207e50626,ㅇㅇ,guest,언페어,언페어,언페어,,,unknown,미분류,1,1,10000,estimated,per_card,text,unknown,,active,needs_review,needs_review,"가격 단위 추정, 배송비 포함 여부 미확정",estimated,yes,candidate_estimated,언페어1
c74e85ae0b1fecf5611fa676,pokemoncardgame,포켓몬 카드게임,2026-07,2026-07-24T06:59:18+09:00,known,b6964242fff468ae34963283,c74e85ae0b1fecf5611fa676,119105,https://m.dcinside.com/board/pokemoncardgame/119105,덱소스 구매합니다,seller-1d8687bf81a69829d22fd5e4,ㅇㅇ,guest,사슬떡,사슬떡,사슬떡,,,unknown,미분류,1,1,10000,estimated,per_card,text,unknown,,active,needs_review,needs_review,"가격 단위 추정, 배송비 포함 여부 미확정",estimated,yes,candidate_estimated,사슬떡1
d1eab77402c232463e262db7,pokemoncardgame,포켓몬 카드게임,2026-07,2026-07-24T06:59:18+09:00,known,ef4a3730d92bab89b94a7603,d1eab77402c232463e262db7,119105,https://m.dcinside.com/board/pokemoncardgame/119105,덱소스 구매합니다,seller-95c09312c6b06a09ed9e6967,ㅇㅇ,guest,미스트 에너지당,미스트 에너지당,미스트 에너지당,,,unknown,미분류,4,500,500,exact,per_card,text,unknown,,active,needs_review,needs_review,배송비 포함 여부 미확정,exact,yes,candidate_estimated,미스트 에너지4 장당 500원
d4c2f546f52ddda25cfaec8a,pokemoncardgame,포켓몬 카드게임,2026-07,2026-07-24T06:59:18+09:00,known,5abfb8f6e887275c8890431c,d4c2f546f52ddda25cfaec8a,119105,https://m.dcinside.com/board/pokemoncardgame/119105,덱소스 구매합니다,seller-766dba933fb210e207e50626,ㅇㅇ,guest,미스트 에너지당,미스트 에너지당,미스트 에너지당,,,unknown,미분류,4,500,500,exact,per_card,text,unknown,,active,needs_review,needs_review,배송비 포함 여부 미확정,exact,yes,candidate_estimated,미스트 에너지4 장당 500원
d53e1b67203fd4f40340d782,pokemoncardgame,포켓몬 카드게임,2026-07,2026-07-24T06:59:18+09:00,known,ef4a3730d92bab89b94a7603,d53e1b67203fd4f40340d782,119105,https://m.dcinside.com/board/pokemoncardgame/119105,덱소스 구매합니다,seller-95c09312c6b06a09ed9e6967,ㅇㅇ,guest,60체 노고치당,60체 노고치당,60체 노고치당,,,unknown,미분류,2,500,500,exact,per_card,text,unknown,,active,needs_review,needs_review,배송비 포함 여부 미확정,exact,yes,candidate_estimated,60체 노고치2 장당 500원
d710658f159db7c39c857c37,pokemoncardgame,포켓몬 카드게임,2026-07,2026-07-24T06:59:18+09:00,known,b6964242fff468ae34963283,d710658f159db7c39c857c37,119105,https://m.dcinside.com/board/pokemoncardgame/119105,덱소스 구매합니다,seller-1d8687bf81a69829d22fd5e4,ㅇㅇ,guest,노고고치당,노고고치당,노고고치당,,,unknown,미분류,3,2000,2000,exact,per_card,text,unknown,,active,needs_review,needs_review,배송비 포함 여부 미확정,exact,yes,candidate_estimated,노고고치3 장당 2000원
d82cc7af4429d3f416016b5a,pokemoncardgame,포켓몬 카드게임,2026-07,2026-07-24T06:59:18+09:00,known,b6964242fff468ae34963283,d82cc7af4429d3f416016b5a,119105,https://m.dcinside.com/board/pokemoncardgame/119105,덱소스 구매합니다,seller-1d8687bf81a69829d22fd5e4,ㅇㅇ,guest,시크릿박스,시크릿박스,시크릿박스,,,unknown,미분류,1,1,10000,estimated,per_card,text,unknown,,active,needs_review,needs_review,"가격 단위 추정, 배송비 포함 여부 미확정",estimated,yes,candidate_estimated,시크릿박스1
d91b20c8823564fd41361647,pokemoncardgame,포켓몬 카드게임,2026-07,2026-07-24T06:59:18+09:00,known,a581e40c6f616ffd7e808fed,d91b20c8823564fd41361647,119105,https://m.dcinside.com/board/pokemoncardgame/119105,덱소스 구매합니다,seller-20a63d113718d636ccf243ff,ㅇㅇ,guest,언페어,언페어,언페어,,,unknown,미분류,1,1,10000,estimated,per_card,text,unknown,,active,needs_review,needs_review,"가격 단위 추정, 배송비 포함 여부 미확정",estimated,yes,candidate_estimated,언페어1
da00cb3a18f5ce2fe8479e6b,pokemoncardgame,포켓몬 카드게임,2026-07,2026-07-24T06:59:18+09:00,known,5abfb8f6e887275c8890431c,da00cb3a18f5ce2fe8479e6b,119105,https://m.dcinside.com/board/pokemoncardgame/119105,덱소스 구매합니다,seller-766dba933fb210e207e50626,ㅇㅇ,guest,60체 노고치당,60체 노고치당,60체 노고치당,,,unknown,미분류,2,500,500,exact,per_card,text,unknown,,active,needs_review,needs_review,배송비 포함 여부 미확정,exact,yes,candidate_estimated,60체 노고치2 장당 500원
ef5f654e324b3d178bc27bc1,pokemoncardgame,포켓몬 카드게임,2026-07,2026-07-24T06:59:18+09:00,known,a581e40c6f616ffd7e808fed,ef5f654e324b3d178bc27bc1,119105,https://m.dcinside.com/board/pokemoncardgame/119105,덱소스 구매합니다,seller-20a63d113718d636ccf243ff,ㅇㅇ,guest,미스트 에너지당,미스트 에너지당,미스트 에너지당,,,unknown,미분류,4,500,500,exact,per_card,text,unknown,,active,needs_review,needs_review,배송비 포함 여부 미확정,exact,yes,candidate_estimated,미스트 에너지4 장당 500원
fffdc81e1304130392f2af51,pokemoncardgame,포켓몬 카드게임,2026-07,2026-07-24T06:59:18+09:00,known,a581e40c6f616ffd7e808fed,fffdc81e1304130392f2af51,119105,https://m.dcinside.com/board/pokemoncardgame/119105,덱소스 구매합니다,seller-20a63d113718d636ccf243ff,ㅇㅇ,guest,암호매니아,암호매니아,암호매니아,,,unknown,미분류,1,1,10000,estimated,per_card,text,unknown,,active,needs_review,needs_review,"가격 단위 추정, 배송비 포함 여부 미확정",estimated,yes,candidate_estimated,암호매니아1
00efe3b882e8de045f9aea89,pokemoncardgame,포켓몬 카드게임,2026-07,2026-07-25T01:06:20+09:00,known,79ff709940064f563eaf3091,00efe3b882e8de045f9aea89,119186,https://m.dcinside.com/board/pokemoncardgame/119186,"메가 이상해꽃 덱, 하솔 sar 팔고 MA망나뇽 삽니다",seller-6a6106e28956f4070c3b4862,섬도희-아가리,registered,loadScript ' t,loadScript ' t,loadScript('//t,,,unknown,미분류,1,1,10000,estimated,bundle,text,unknown,,active,needs_review,needs_review,"가격 단위 추정, 복수 카드 가격, 배송비 포함 여부 미확정, 묶음·세트 총액 · 개별 카드 가격 아님",estimated,no,no,"loadScript('//t1.kakaocdn.net/kas/static/ba.min.js', true);"
0276f059d0b74dab2e9957c0,pokemoncardgame,포켓몬 카드게임,2026-07,2026-07-25T01:06:20+09:00,known,79ff709940064f563eaf3091,0276f059d0b74dab2e9957c0,119186,https://m.dcinside.com/board/pokemoncardgame/119186,"메가 이상해꽃 덱, 하솔 sar 팔고 MA망나뇽 삽니다",seller-6a6106e28956f4070c3b4862,섬도희-아가리,registered,메상해꽃 프텍단색 포함,메상해꽃 프텍단색 포함,메상해꽃 프텍단색 포함,,,unknown,미분류,1,4.0,40000,estimated,per_card,text,unknown,,active,needs_review,needs_review,"가격 단위 추정, 배송비 포함 여부 미확정",estimated,yes,candidate_estimated,메상해꽃 프텍단색 포함 4.0
0f5c0827f332384228b57b50,pokemoncardgame,포켓몬 카드게임,2026-07,2026-07-25T01:06:20+09:00,known,2e4aa8a1a4c311a82049996a,0f5c0827f332384228b57b50,119186,https://m.dcinside.com/board/pokemoncardgame/119186,"메가 이상해꽃 덱, 하솔 sar 팔고 MA망나뇽 삽니다",seller-6a6106e28956f4070c3b4862,섬도희-아가리,registered,MA 메가 망나뇽,MA 메가 망나뇽,MA 메가 망나뇽,,,unknown,미분류,4,3.5,35000,estimated,bundle,text,unknown,,active,needs_review,needs_review,"가격 단위 추정, 일괄·세트 가격, 배송비 포함 여부 미확정, 묶음·세트 총액 · 개별 카드 가격 아님",estimated,no,no,MA 메가 망나뇽 4장 일괄 3.5
1aade023d0ca7065d37d4dbf,pokemoncardgame,포켓몬 카드게임,2026-07,2026-07-25T01:06:20+09:00,known,165601594c9214eee3fda214,1aade023d0ca7065d37d4dbf,119186,https://m.dcinside.com/board/pokemoncardgame/119186,"메가 이상해꽃 덱, 하솔 sar 팔고 MA망나뇽 삽니다",seller-6a6106e28956f4070c3b4862,섬도희-아가리,registered,DOM 삽입 헬퍼 현재 스크립트 위치 기준,DOM 삽입 헬퍼 현재 스크립트 위치 기준,// ---- DOM 삽입 헬퍼 (현재 스크립트 위치 기준,,,unknown,미분류,1,1,10000,estimated,bundle,text,unknown,,active,needs_review,needs_review,"가격 단위 추정, 복수 카드 가격, 배송비 포함 여부 미확정, 묶음·세트 총액 · 개별 카드 가격 아님",estimated,no,no,// ---- DOM 삽입 헬퍼 (현재 스크립트 위치 기준1)
1f5c38c2a0a505034582bccd,pokemoncardgame,포켓몬 카드게임,2026-07,2026-07-25T01:06:20+09:00,known,79ff709940064f563eaf3091,1f5c38c2a0a505034582bccd,119186,https://m.dcinside.com/board/pokemoncardgame/119186,"메가 이상해꽃 덱, 하솔 sar 팔고 MA망나뇽 삽니다",seller-6a6106e28956f4070c3b4862,섬도희-아가리,registered,loadScript 'https pagead,loadScript 'https pagead,loadScript('https://pagead,,,unknown,미분류,1,2,20000,estimated,bundle,text,unknown,,active,needs_review,needs_review,"가격 단위 추정, 복수 카드 가격, 배송비 포함 여부 미확정, 묶음·세트 총액 · 개별 카드 가격 아님",estimated,no,no,"loadScript('https://pagead2.googlesyndication.com/pagead/js/adsbygoogle_direct.js?client=ca-pub-8171468792791627', true, 'anonymous');"
20ae369a22d900504924d766,pokemoncardgame,포켓몬 카드게임,2026-07,2026-07-25T01:06:20+09:00,known,174180d9ab75a9d8dbfed74c,20ae369a22d900504924d766,119186,https://m.dcinside.com/board/pokemoncardgame/119186,"메가 이상해꽃 덱, 하솔 sar 팔고 MA망나뇽 삽니다",seller-6a6106e28956f4070c3b4862,섬도희-아가리,registered,DOM 삽입 헬퍼 현재 스크립트 위치 기준,DOM 삽입 헬퍼 현재 스크립트 위치 기준,// ---- DOM 삽입 헬퍼 (현재 스크립트 위치 기준,,,unknown,미분류,1,1,10000,estimated,bundle,text,unknown,,active,needs_review,needs_review,"가격 단위 추정, 복수 카드 가격, 배송비 포함 여부 미확정, 묶음·세트 총액 · 개별 카드 가격 아님",estimated,no,no,// ---- DOM 삽입 헬퍼 (현재 스크립트 위치 기준1)
2f9044825647d0d0f9244afd,pokemoncardgame,포켓몬 카드게임,2026-07,2026-07-25T01:06:20+09:00,known,174180d9ab75a9d8dbfed74c,2f9044825647d0d0f9244afd,119186,https://m.dcinside.com/board/pokemoncardgame/119186,"메가 이상해꽃 덱, 하솔 sar 팔고 MA망나뇽 삽니다",seller-6a6106e28956f4070c3b4862,섬도희-아가리,registered,loadScript 'https pagead,loadScript 'https pagead,loadScript('https://pagead,,,unknown,미분류,1,2,20000,estimated,bundle,text,unknown,,active,needs_review,needs_review,"가격 단위 추정, 복수 카드 가격, 배송비 포함 여부 미확정, 묶음·세트 총액 · 개별 카드 가격 아님",estimated,no,no,"loadScript('https://pagead2.googlesyndication.com/pagead/js/adsbygoogle_direct.js?client=ca-pub-8171468792791627', true, 'anonymous');"
39317088c0c79dee5cb5ba9f,pokemoncardgame,포켓몬 카드게임,2026-07,2026-07-25T01:06:20+09:00,known,79ff709940064f563eaf3091,39317088c0c79dee5cb5ba9f,119186,https://m.dcinside.com/board/pokemoncardgame/119186,"메가 이상해꽃 덱, 하솔 sar 팔고 MA망나뇽 삽니다",seller-6a6106e28956f4070c3b4862,섬도희-아가리,registered,DOM 삽입 헬퍼 현재 스크립트 위치 기준,DOM 삽입 헬퍼 현재 스크립트 위치 기준,// ---- DOM 삽입 헬퍼 (현재 스크립트 위치 기준,,,unknown,미분류,1,1,10000,estimated,bundle,text,unknown,,active,needs_review,needs_review,"가격 단위 추정, 복수 카드 가격, 배송비 포함 여부 미확정, 묶음·세트 총액 · 개별 카드 가격 아님",estimated,no,no,// ---- DOM 삽입 헬퍼 (현재 스크립트 위치 기준1)
62bf746e1124b323507ce531,pokemoncardgame,포켓몬 카드게임,2026-07,2026-07-25T01:06:20+09:00,known,2e4aa8a1a4c311a82049996a,62bf746e1124b323507ce531,119186,https://m.dcinside.com/board/pokemoncardgame/119186,"메가 이상해꽃 덱, 하솔 sar 팔고 MA망나뇽 삽니다",seller-6a6106e28956f4070c3b4862,섬도희-아가리,registered,loadScript 'https pagead,loadScript 'https pagead,loadScript('https://pagead,,,unknown,미분류,1,2,20000,estimated,bundle,text,unknown,,active,needs_review,needs_review,"가격 단위 추정, 복수 카드 가격, 배송비 포함 여부 미확정, 묶음·세트 총액 · 개별 카드 가격 아님",estimated,no,no,"loadScript('https://pagead2.googlesyndication.com/pagead/js/adsbygoogle_direct.js?client=ca-pub-8171468792791627', true, 'anonymous');"
65453f4477bbf1f1ea7b0956,pokemoncardgame,포켓몬 카드게임,2026-07,2026-07-25T01:06:20+09:00,known,2e4aa8a1a4c311a82049996a,65453f4477bbf1f1ea7b0956,119186,https://m.dcinside.com/board/pokemoncardgame/119186,"메가 이상해꽃 덱, 하솔 sar 팔고 MA망나뇽 삽니다",seller-6a6106e28956f4070c3b4862,섬도희-아가리,registered,DOM 삽입 헬퍼 현재 스크립트 위치 기준,DOM 삽입 헬퍼 현재 스크립트 위치 기준,// ---- DOM 삽입 헬퍼 (현재 스크립트 위치 기준,,,unknown,미분류,1,1,10000,estimated,bundle,text,unknown,,active,needs_review,needs_review,"가격 단위 추정, 복수 카드 가격, 배송비 포함 여부 미확정, 묶음·세트 총액 · 개별 카드 가격 아님",estimated,no,no,// ---- DOM 삽입 헬퍼 (현재 스크립트 위치 기준1)
72d98122a7161c4cd11e992a,pokemoncardgame,포켓몬 카드게임,2026-07,2026-07-25T01:06:20+09:00,known,174180d9ab75a9d8dbfed74c,72d98122a7161c4cd11e992a,119186,https://m.dcinside.com/board/pokemoncardgame/119186,"메가 이상해꽃 덱, 하솔 sar 팔고 MA망나뇽 삽니다",seller-6a6106e28956f4070c3b4862,섬도희-아가리,registered,하솔,하솔,하솔 장당,,,unknown,미분류,1,1.3,13000,estimated,per_card,text,unknown,,active,needs_review,needs_review,"가격 단위 추정, 배송비 포함 여부 미확정",estimated,yes,candidate_estimated,하솔 장당 1.3
77a62bf0d365be0b82382cb6,pokemoncardgame,포켓몬 카드게임,2026-07,2026-07-25T01:06:20+09:00,known,165601594c9214eee3fda214,77a62bf0d365be0b82382cb6,119186,https://m.dcinside.com/board/pokemoncardgame/119186,"메가 이상해꽃 덱, 하솔 sar 팔고 MA망나뇽 삽니다",seller-6a6106e28956f4070c3b4862,섬도희-아가리,registered,메상해꽃 프텍단색 포함,메상해꽃 프텍단색 포함,메상해꽃 프텍단색 포함,,,unknown,미분류,1,4.0,40000,estimated,per_card,text,unknown,,active,needs_review,needs_review,"가격 단위 추정, 배송비 포함 여부 미확정",estimated,yes,candidate_estimated,메상해꽃 프텍단색 포함 4.0
8fd1bfe133f25eaf8013fa7e,pokemoncardgame,포켓몬 카드게임,2026-07,2026-07-25T01:06:20+09:00,known,174180d9ab75a9d8dbfed74c,8fd1bfe133f25eaf8013fa7e,119186,https://m.dcinside.com/board/pokemoncardgame/119186,"메가 이상해꽃 덱, 하솔 sar 팔고 MA망나뇽 삽니다",seller-6a6106e28956f4070c3b4862,섬도희-아가리,registered,var safe = window.dcAd && window.dcAd.safe ==,var safe = window.dcAd && window.dcAd.safe ==,var safe = (window.dcAd && window.dcAd.safe ==,,,unknown,미분류,1,1,10000,estimated,bundle,text,unknown,,active,needs_review,needs_review,"가격 단위 추정, 복수 카드 가격, 배송비 포함 여부 미확정, 묶음·세트 총액 · 개별 카드 가격 아님",estimated,no,no,var safe = (window.dcAd && window.dcAd.safe == 1)
9d4ee435072721acf05f7880,pokemoncardgame,포켓몬 카드게임,2026-07,2026-07-25T01:06:20+09:00,known,79ff709940064f563eaf3091,9d4ee435072721acf05f7880,119186,https://m.dcinside.com/board/pokemoncardgame/119186,"메가 이상해꽃 덱, 하솔 sar 팔고 MA망나뇽 삽니다",seller-6a6106e28956f4070c3b4862,섬도희-아가리,registered,var safe = window.dcAd && window.dcAd.safe ==,var safe = window.dcAd && window.dcAd.safe ==,var safe = (window.dcAd && window.dcAd.safe ==,,,unknown,미분류,1,1,10000,estimated,bundle,text,unknown,,active,needs_review,needs_review,"가격 단위 추정, 복수 카드 가격, 배송비 포함 여부 미확정, 묶음·세트 총액 · 개별 카드 가격 아님",estimated,no,no,var safe = (window.dcAd && window.dcAd.safe == 1)
a958b5a62329f7cb7b6bbf88,pokemoncardgame,포켓몬 카드게임,2026-07,2026-07-25T01:06:20+09:00,known,174180d9ab75a9d8dbfed74c,a958b5a62329f7cb7b6bbf88,119186,https://m.dcinside.com/board/pokemoncardgame/119186,"메가 이상해꽃 덱, 하솔 sar 팔고 MA망나뇽 삽니다",seller-6a6106e28956f4070c3b4862,섬도희-아가리,registered,MA 메가 망나뇽,MA 메가 망나뇽,MA 메가 망나뇽,,,unknown,미분류,4,3.5,35000,estimated,bundle,text,unknown,,active,needs_review,needs_review,"가격 단위 추정, 일괄·세트 가격, 배송비 포함 여부 미확정, 묶음·세트 총액 · 개별 카드 가격 아님",estimated,no,no,MA 메가 망나뇽 4장 일괄 3.5
beec1e0212a703636d8160e3,pokemoncardgame,포켓몬 카드게임,2026-07,2026-07-25T01:06:20+09:00,known,2e4aa8a1a4c311a82049996a,beec1e0212a703636d8160e3,119186,https://m.dcinside.com/board/pokemoncardgame/119186,"메가 이상해꽃 덱, 하솔 sar 팔고 MA망나뇽 삽니다",seller-6a6106e28956f4070c3b4862,섬도희-아가리,registered,메상해꽃 프텍단색 포함,메상해꽃 프텍단색 포함,메상해꽃 프텍단색 포함,,,unknown,미분류,1,4.0,40000,estimated,per_card,text,unknown,,active,needs_review,needs_review,"가격 단위 추정, 배송비 포함 여부 미확정",estimated,yes,candidate_estimated,메상해꽃 프텍단색 포함 4.0
c1806b796dcaaeba5103f64a,pokemoncardgame,포켓몬 카드게임,2026-07,2026-07-25T01:06:20+09:00,known,79ff709940064f563eaf3091,c1806b796dcaaeba5103f64a,119186,https://m.dcinside.com/board/pokemoncardgame/119186,"메가 이상해꽃 덱, 하솔 sar 팔고 MA망나뇽 삽니다",seller-6a6106e28956f4070c3b4862,섬도희-아가리,registered,하솔,하솔,하솔 장당,,,unknown,미분류,1,1.3,13000,estimated,per_card,text,unknown,,active,needs_review,needs_review,"가격 단위 추정, 배송비 포함 여부 미확정",estimated,yes,candidate_estimated,하솔 장당 1.3
c466a17e167f1cadd61f8dd5,pokemoncardgame,포켓몬 카드게임,2026-07,2026-07-25T01:06:20+09:00,known,174180d9ab75a9d8dbfed74c,c466a17e167f1cadd61f8dd5,119186,https://m.dcinside.com/board/pokemoncardgame/119186,"메가 이상해꽃 덱, 하솔 sar 팔고 MA망나뇽 삽니다",seller-6a6106e28956f4070c3b4862,섬도희-아가리,registered,메상해꽃 프텍단색 포함,메상해꽃 프텍단색 포함,메상해꽃 프텍단색 포함,,,unknown,미분류,1,4.0,40000,estimated,per_card,text,unknown,,active,needs_review,needs_review,"가격 단위 추정, 배송비 포함 여부 미확정",estimated,yes,candidate_estimated,메상해꽃 프텍단색 포함 4.0
c9c867a4531e9f5595540c9c,pokemoncardgame,포켓몬 카드게임,2026-07,2026-07-25T01:06:20+09:00,known,165601594c9214eee3fda214,c9c867a4531e9f5595540c9c,119186,https://m.dcinside.com/board/pokemoncardgame/119186,"메가 이상해꽃 덱, 하솔 sar 팔고 MA망나뇽 삽니다",seller-6a6106e28956f4070c3b4862,섬도희-아가리,registered,하솔,하솔,하솔 장당,,,unknown,미분류,1,1.3,13000,estimated,per_card,text,unknown,,active,needs_review,needs_review,"가격 단위 추정, 배송비 포함 여부 미확정",estimated,yes,candidate_estimated,하솔 장당 1.3
ced012c7a49856c27e01a668,pokemoncardgame,포켓몬 카드게임,2026-07,2026-07-25T01:06:20+09:00,known,165601594c9214eee3fda214,ced012c7a49856c27e01a668,119186,https://m.dcinside.com/board/pokemoncardgame/119186,"메가 이상해꽃 덱, 하솔 sar 팔고 MA망나뇽 삽니다",seller-6a6106e28956f4070c3b4862,섬도희-아가리,registered,var safe = window.dcAd && window.dcAd.safe ==,var safe = window.dcAd && window.dcAd.safe ==,var safe = (window.dcAd && window.dcAd.safe ==,,,unknown,미분류,1,1,10000,estimated,bundle,text,unknown,,active,needs_review,needs_review,"가격 단위 추정, 복수 카드 가격, 배송비 포함 여부 미확정, 묶음·세트 총액 · 개별 카드 가격 아님",estimated,no,no,var safe = (window.dcAd && window.dcAd.safe == 1)
cfaa0da26fed8bbd1f4f3a12,pokemoncardgame,포켓몬 카드게임,2026-07,2026-07-25T01:06:20+09:00,known,174180d9ab75a9d8dbfed74c,cfaa0da26fed8bbd1f4f3a12,119186,https://m.dcinside.com/board/pokemoncardgame/119186,"메가 이상해꽃 덱, 하솔 sar 팔고 MA망나뇽 삽니다",seller-6a6106e28956f4070c3b4862,섬도희-아가리,registered,loadScript ' t,loadScript ' t,loadScript('//t,,,unknown,미분류,1,1,10000,estimated,bundle,text,unknown,,active,needs_review,needs_review,"가격 단위 추정, 복수 카드 가격, 배송비 포함 여부 미확정, 묶음·세트 총액 · 개별 카드 가격 아님",estimated,no,no,"loadScript('//t1.kakaocdn.net/kas/static/ba.min.js', true);"
cfd55f590013839a89bbb63f,pokemoncardgame,포켓몬 카드게임,2026-07,2026-07-25T01:06:20+09:00,known,165601594c9214eee3fda214,cfd55f590013839a89bbb63f,119186,https://m.dcinside.com/board/pokemoncardgame/119186,"메가 이상해꽃 덱, 하솔 sar 팔고 MA망나뇽 삽니다",seller-6a6106e28956f4070c3b4862,섬도희-아가리,registered,loadScript 'https pagead,loadScript 'https pagead,loadScript('https://pagead,,,unknown,미분류,1,2,20000,estimated,bundle,text,unknown,,active,needs_review,needs_review,"가격 단위 추정, 복수 카드 가격, 배송비 포함 여부 미확정, 묶음·세트 총액 · 개별 카드 가격 아님",estimated,no,no,"loadScript('https://pagead2.googlesyndication.com/pagead/js/adsbygoogle_direct.js?client=ca-pub-8171468792791627', true, 'anonymous');"
de93d4b722ee081cb5e243ec,pokemoncardgame,포켓몬 카드게임,2026-07,2026-07-25T01:06:20+09:00,known,79ff709940064f563eaf3091,de93d4b722ee081cb5e243ec,119186,https://m.dcinside.com/board/pokemoncardgame/119186,"메가 이상해꽃 덱, 하솔 sar 팔고 MA망나뇽 삽니다",seller-6a6106e28956f4070c3b4862,섬도희-아가리,registered,MA 메가 망나뇽,MA 메가 망나뇽,MA 메가 망나뇽,,,unknown,미분류,4,3.5,35000,estimated,bundle,text,unknown,,active,needs_review,needs_review,"가격 단위 추정, 일괄·세트 가격, 배송비 포함 여부 미확정, 묶음·세트 총액 · 개별 카드 가격 아님",estimated,no,no,MA 메가 망나뇽 4장 일괄 3.5
e1f0d616ea030089e57db5f8,pokemoncardgame,포켓몬 카드게임,2026-07,2026-07-25T01:06:20+09:00,known,2e4aa8a1a4c311a82049996a,e1f0d616ea030089e57db5f8,119186,https://m.dcinside.com/board/pokemoncardgame/119186,"메가 이상해꽃 덱, 하솔 sar 팔고 MA망나뇽 삽니다",seller-6a6106e28956f4070c3b4862,섬도희-아가리,registered,var safe = window.dcAd && window.dcAd.safe ==,var safe = window.dcAd && window.dcAd.safe ==,var safe = (window.dcAd && window.dcAd.safe ==,,,unknown,미분류,1,1,10000,estimated,bundle,text,unknown,,active,needs_review,needs_review,"가격 단위 추정, 복수 카드 가격, 배송비 포함 여부 미확정, 묶음·세트 총액 · 개별 카드 가격 아님",estimated,no,no,var safe = (window.dcAd && window.dcAd.safe == 1)
e7f13716f4207fd8d07e20fe,pokemoncardgame,포켓몬 카드게임,2026-07,2026-07-25T01:06:20+09:00,known,2e4aa8a1a4c311a82049996a,e7f13716f4207fd8d07e20fe,119186,https://m.dcinside.com/board/pokemoncardgame/119186,"메가 이상해꽃 덱, 하솔 sar 팔고 MA망나뇽 삽니다",seller-6a6106e28956f4070c3b4862,섬도희-아가리,registered,loadScript ' t,loadScript ' t,loadScript('//t,,,unknown,미분류,1,1,10000,estimated,bundle,text,unknown,,active,needs_review,needs_review,"가격 단위 추정, 복수 카드 가격, 배송비 포함 여부 미확정, 묶음·세트 총액 · 개별 카드 가격 아님",estimated,no,no,"loadScript('//t1.kakaocdn.net/kas/static/ba.min.js', true);"
edd5ea13ca80f4ed3ab32aec,pokemoncardgame,포켓몬 카드게임,2026-07,2026-07-25T01:06:20+09:00,known,2e4aa8a1a4c311a82049996a,edd5ea13ca80f4ed3ab32aec,119186,https://m.dcinside.com/board/pokemoncardgame/119186,"메가 이상해꽃 덱, 하솔 sar 팔고 MA망나뇽 삽니다",seller-6a6106e28956f4070c3b4862,섬도희-아가리,registered,하솔,하솔,하솔 장당,,,unknown,미분류,1,1.3,13000,estimated,per_card,text,unknown,,active,needs_review,needs_review,"가격 단위 추정, 배송비 포함 여부 미확정",estimated,yes,candidate_estimated,하솔 장당 1.3
f784504015ba2cb56e02b4ce,pokemoncardgame,포켓몬 카드게임,2026-07,2026-07-25T01:06:20+09:00,known,165601594c9214eee3fda214,f784504015ba2cb56e02b4ce,119186,https://m.dcinside.com/board/pokemoncardgame/119186,"메가 이상해꽃 덱, 하솔 sar 팔고 MA망나뇽 삽니다",seller-6a6106e28956f4070c3b4862,섬도희-아가리,registered,MA 메가 망나뇽,MA 메가 망나뇽,MA 메가 망나뇽,,,unknown,미분류,4,3.5,35000,estimated,bundle,text,unknown,,active,needs_review,needs_review,"가격 단위 추정, 일괄·세트 가격, 배송비 포함 여부 미확정, 묶음·세트 총액 · 개별 카드 가격 아님",estimated,no,no,MA 메가 망나뇽 4장 일괄 3.5
fa4b5036442ed2872b27d624,pokemoncardgame,포켓몬 카드게임,2026-07,2026-07-25T01:06:20+09:00,known,165601594c9214eee3fda214,fa4b5036442ed2872b27d624,119186,https://m.dcinside.com/board/pokemoncardgame/119186,"메가 이상해꽃 덱, 하솔 sar 팔고 MA망나뇽 삽니다",seller-6a6106e28956f4070c3b4862,섬도희-아가리,registered,loadScript ' t,loadScript ' t,loadScript('//t,,,unknown,미분류,1,1,10000,estimated,bundle,text,unknown,,active,needs_review,needs_review,"가격 단위 추정, 복수 카드 가격, 배송비 포함 여부 미확정, 묶음·세트 총액 · 개별 카드 가격 아님",estimated,no,no,"loadScript('//t1.kakaocdn.net/kas/static/ba.min.js', true);"
3d1ea462fbb3ce6aa256e3ce,pokemoncardgame,포켓몬 카드게임,2026-07,2026-07-25T11:28:18+09:00,known,ac08300d6c260169ce74aea0,3d1ea462fbb3ce6aa256e3ce,119202,https://m.dcinside.com/board/pokemoncardgame/119202,아이스크림 먹게 부산 서플라이 팜,seller-3b26ab7c451797f018749191,OKFBK,registered,덱케 틴케 각각,덱케 틴케 각각,덱케 틴케 각각,,,unknown,미분류,1,0.55,5500,estimated,bundle,text,unknown,,active,needs_review,needs_review,"가격 단위 추정, 배송비 포함 여부 미확정, 묶음·세트 총액 · 개별 카드 가격 아님",estimated,no,no,덱케 틴케 각각 0.55
5d6e1931909e5254fa2e14e8,pokemoncardgame,포켓몬 카드게임,2026-07,2026-07-25T11:28:18+09:00,known,98a60fbf675287e1315f6a06,5d6e1931909e5254fa2e14e8,119202,https://m.dcinside.com/board/pokemoncardgame/119202,아이스크림 먹게 부산 서플라이 팜,seller-3b26ab7c451797f018749191,OKFBK,registered,덱케 틴케 각각,덱케 틴케 각각,덱케 틴케 각각,,,unknown,미분류,1,0.55,5500,estimated,bundle,text,unknown,,active,needs_review,needs_review,"가격 단위 추정, 배송비 포함 여부 미확정, 묶음·세트 총액 · 개별 카드 가격 아님",estimated,no,no,덱케 틴케 각각 0.55
660bd9e6db1d55fd01198bfd,pokemoncardgame,포켓몬 카드게임,2026-07,2026-07-25T11:28:18+09:00,known,8a4d57b42fa57e989998e305,660bd9e6db1d55fd01198bfd,119202,https://m.dcinside.com/board/pokemoncardgame/119202,아이스크림 먹게 부산 서플라이 팜,seller-3b26ab7c451797f018749191,OKFBK,registered,매트 파일 각각,매트 파일 각각,"매트, 파일 각각",,,unknown,미분류,1,2.2,22000,estimated,bundle,text,unknown,,active,needs_review,needs_review,"가격 단위 추정, 복수 카드 가격, 배송비 포함 여부 미확정, 묶음·세트 총액 · 개별 카드 가격 아님",estimated,no,no,"매트, 파일 각각 2.2"
7875d335aef0863c63a114bb,pokemoncardgame,포켓몬 카드게임,2026-07,2026-07-25T11:28:18+09:00,known,c1408f5e6a064b29bf8cfe1e,7875d335aef0863c63a114bb,119202,https://m.dcinside.com/board/pokemoncardgame/119202,아이스크림 먹게 부산 서플라이 팜,seller-3b26ab7c451797f018749191,OKFBK,registered,덱케 틴케 각각,덱케 틴케 각각,덱케 틴케 각각,,,unknown,미분류,1,0.55,5500,estimated,bundle,text,unknown,,active,needs_review,needs_review,"가격 단위 추정, 배송비 포함 여부 미확정, 묶음·세트 총액 · 개별 카드 가격 아님",estimated,no,no,덱케 틴케 각각 0.55
81cbbe09545074246909af1a,pokemoncardgame,포켓몬 카드게임,2026-07,2026-07-25T11:28:18+09:00,known,8a4d57b42fa57e989998e305,81cbbe09545074246909af1a,119202,https://m.dcinside.com/board/pokemoncardgame/119202,아이스크림 먹게 부산 서플라이 팜,seller-3b26ab7c451797f018749191,OKFBK,registered,덱케 틴케 각각,덱케 틴케 각각,덱케 틴케 각각,,,unknown,미분류,1,0.55,5500,estimated,bundle,text,unknown,,active,needs_review,needs_review,"가격 단위 추정, 배송비 포함 여부 미확정, 묶음·세트 총액 · 개별 카드 가격 아님",estimated,no,no,덱케 틴케 각각 0.55
a6a5049c24c7b8db7374021f,pokemoncardgame,포켓몬 카드게임,2026-07,2026-07-25T11:28:18+09:00,known,98a60fbf675287e1315f6a06,a6a5049c24c7b8db7374021f,119202,https://m.dcinside.com/board/pokemoncardgame/119202,아이스크림 먹게 부산 서플라이 팜,seller-3b26ab7c451797f018749191,OKFBK,registered,매트 파일 각각,매트 파일 각각,"매트, 파일 각각",,,unknown,미분류,1,2.2,22000,estimated,bundle,text,unknown,,active,needs_review,needs_review,"가격 단위 추정, 복수 카드 가격, 배송비 포함 여부 미확정, 묶음·세트 총액 · 개별 카드 가격 아님",estimated,no,no,"매트, 파일 각각 2.2"
a947d320e1dd9268b0b1cd84,pokemoncardgame,포켓몬 카드게임,2026-07,2026-07-25T11:28:18+09:00,known,c1408f5e6a064b29bf8cfe1e,a947d320e1dd9268b0b1cd84,119202,https://m.dcinside.com/board/pokemoncardgame/119202,아이스크림 먹게 부산 서플라이 팜,seller-3b26ab7c451797f018749191,OKFBK,registered,매트 파일 각각,매트 파일 각각,"매트, 파일 각각",,,unknown,미분류,1,2.2,22000,estimated,bundle,text,unknown,,active,needs_review,needs_review,"가격 단위 추정, 복수 카드 가격, 배송비 포함 여부 미확정, 묶음·세트 총액 · 개별 카드 가격 아님",estimated,no,no,"매트, 파일 각각 2.2"
fafd57f2e9dd44f5f02322e9,pokemoncardgame,포켓몬 카드게임,2026-07,2026-07-25T11:28:18+09:00,known,ac08300d6c260169ce74aea0,fafd57f2e9dd44f5f02322e9,119202,https://m.dcinside.com/board/pokemoncardgame/119202,아이스크림 먹게 부산 서플라이 팜,seller-3b26ab7c451797f018749191,OKFBK,registered,매트 파일 각각,매트 파일 각각,"매트, 파일 각각",,,unknown,미분류,1,2.2,22000,estimated,bundle,text,unknown,,active,needs_review,needs_review,"가격 단위 추정, 복수 카드 가격, 배송비 포함 여부 미확정, 묶음·세트 총액 · 개별 카드 가격 아님",estimated,no,no,"매트, 파일 각각 2.2"
116ee13248b7f4cd9b38cbd2,pokemoncardgame,포켓몬 카드게임,2026-07,2026-07-25T13:27:32+09:00,known,227407d2ff33acf3c270d2c0,116ee13248b7f4cd9b38cbd2,119216,https://m.dcinside.com/board/pokemoncardgame/119216,일요일 원주 직으로 삽니다,seller-79d9d4dd651c0498e3509636,장비없이번지점..,registered,브레이브 뱅글,브레이브 뱅글,브레이브 뱅글,,,unknown,미분류,1,1,10000,estimated,per_card,text,unknown,,active,needs_review,needs_review,"가격 단위 추정, 배송비 포함 여부 미확정",estimated,yes,candidate_estimated,브레이브 뱅글 1
187be15f44d41def622645ef,pokemoncardgame,포켓몬 카드게임,2026-07,2026-07-25T13:27:32+09:00,known,f47cd8f00f441c39708e7bfc,187be15f44d41def622645ef,119216,https://m.dcinside.com/board/pokemoncardgame/119216,일요일 원주 직으로 삽니다,seller-79d9d4dd651c0498e3509636,장비없이번지점..,registered,,,,,,unknown,미분류,1,0.5,5000,estimated,bundle,text,unknown,,active,needs_review,needs_review,"가격 단위 추정, 일괄·세트 가격, 배송비 포함 여부 미확정, 카드명 확인 필요, 묶음·세트 총액 · 개별 카드 가격 아님",estimated,no,no,일괄 0.5에 삽니다
2353b78a9e6adb9a6a70a7b4,pokemoncardgame,포켓몬 카드게임,2026-07,2026-07-25T13:27:32+09:00,known,c6bc0c4293432f000b637c6a,2353b78a9e6adb9a6a70a7b4,119216,https://m.dcinside.com/board/pokemoncardgame/119216,일요일 원주 직으로 삽니다,seller-79d9d4dd651c0498e3509636,장비없이번지점..,registered,,,,,,unknown,미분류,1,0.5,5000,estimated,bundle,text,unknown,,active,needs_review,needs_review,"가격 단위 추정, 일괄·세트 가격, 배송비 포함 여부 미확정, 카드명 확인 필요, 묶음·세트 총액 · 개별 카드 가격 아님",estimated,no,no,일괄 0.5에 삽니다
2e2601e68cfbf28debc1b182,pokemoncardgame,포켓몬 카드게임,2026-07,2026-07-25T13:27:32+09:00,known,227407d2ff33acf3c270d2c0,2e2601e68cfbf28debc1b182,119216,https://m.dcinside.com/board/pokemoncardgame/119216,일요일 원주 직으로 삽니다,seller-79d9d4dd651c0498e3509636,장비없이번지점..,registered,빛나,빛나,빛나,,,unknown,미분류,1,1,10000,estimated,per_card,text,unknown,,active,needs_review,needs_review,"가격 단위 추정, 배송비 포함 여부 미확정",estimated,yes,candidate_estimated,빛나 1
3006f63235d7ac8ffa2cdab3,pokemoncardgame,포켓몬 카드게임,2026-07,2026-07-25T13:27:32+09:00,known,c6bc0c4293432f000b637c6a,3006f63235d7ac8ffa2cdab3,119216,https://m.dcinside.com/board/pokemoncardgame/119216,일요일 원주 직으로 삽니다,seller-79d9d4dd651c0498e3509636,장비없이번지점..,registered,아크로마의 집념,아크로마의 집념,아크로마의 집념,,,unknown,미분류,1,1,10000,estimated,per_card,text,unknown,,active,needs_review,needs_review,"가격 단위 추정, 배송비 포함 여부 미확정",estimated,yes,candidate_estimated,아크로마의 집념 1
37835db31e6edf663160a18c,pokemoncardgame,포켓몬 카드게임,2026-07,2026-07-25T13:27:32+09:00,known,f47cd8f00f441c39708e7bfc,37835db31e6edf663160a18c,119216,https://m.dcinside.com/board/pokemoncardgame/119216,일요일 원주 직으로 삽니다,seller-79d9d4dd651c0498e3509636,장비없이번지점..,registered,브레이브 뱅글,브레이브 뱅글,브레이브 뱅글,,,unknown,미분류,1,1,10000,estimated,per_card,text,unknown,,active,needs_review,needs_review,"가격 단위 추정, 배송비 포함 여부 미확정",estimated,yes,candidate_estimated,브레이브 뱅글 1
42e3a28c92628012d7af1d6a,pokemoncardgame,포켓몬 카드게임,2026-07,2026-07-25T13:27:32+09:00,known,227407d2ff33acf3c270d2c0,42e3a28c92628012d7af1d6a,119216,https://m.dcinside.com/board/pokemoncardgame/119216,일요일 원주 직으로 삽니다,seller-79d9d4dd651c0498e3509636,장비없이번지점..,registered,아크로마의 집념,아크로마의 집념,아크로마의 집념,,,unknown,미분류,1,1,10000,estimated,per_card,text,unknown,,active,needs_review,needs_review,"가격 단위 추정, 배송비 포함 여부 미확정",estimated,yes,candidate_estimated,아크로마의 집념 1
45406d5e66b583708e029384,pokemoncardgame,포켓몬 카드게임,2026-07,2026-07-25T13:27:32+09:00,known,f47cd8f00f441c39708e7bfc,45406d5e66b583708e029384,119216,https://m.dcinside.com/board/pokemoncardgame/119216,일요일 원주 직으로 삽니다,seller-79d9d4dd651c0498e3509636,장비없이번지점..,registered,메가 야도란,메가 야도란,메가 야도란,,,unknown,미분류,1,1,10000,estimated,per_card,text,unknown,,active,needs_review,needs_review,"가격 단위 추정, 배송비 포함 여부 미확정",estimated,yes,candidate_estimated,메가 야도란 1
568e17eef10e988f9cb76e57,pokemoncardgame,포켓몬 카드게임,2026-07,2026-07-25T13:27:32+09:00,known,f47cd8f00f441c39708e7bfc,568e17eef10e988f9cb76e57,119216,https://m.dcinside.com/board/pokemoncardgame/119216,일요일 원주 직으로 삽니다,seller-79d9d4dd651c0498e3509636,장비없이번지점..,registered,아크로마의 집념,아크로마의 집념,아크로마의 집념,,,unknown,미분류,1,1,10000,estimated,per_card,text,unknown,,active,needs_review,needs_review,"가격 단위 추정, 배송비 포함 여부 미확정",estimated,yes,candidate_estimated,아크로마의 집념 1
736236263377cd65ad537ab0,pokemoncardgame,포켓몬 카드게임,2026-07,2026-07-25T13:27:32+09:00,known,227407d2ff33acf3c270d2c0,736236263377cd65ad537ab0,119216,https://m.dcinside.com/board/pokemoncardgame/119216,일요일 원주 직으로 삽니다,seller-79d9d4dd651c0498e3509636,장비없이번지점..,registered,,,,,,unknown,미분류,1,0.5,5000,estimated,bundle,text,unknown,,active,needs_review,needs_review,"가격 단위 추정, 일괄·세트 가격, 배송비 포함 여부 미확정, 카드명 확인 필요, 묶음·세트 총액 · 개별 카드 가격 아님",estimated,no,no,일괄 0.5에 삽니다
895608c32f14c9abf37afd8e,pokemoncardgame,포켓몬 카드게임,2026-07,2026-07-25T13:27:32+09:00,known,e1fb468e7b86e24b94933a34,895608c32f14c9abf37afd8e,119216,https://m.dcinside.com/board/pokemoncardgame/119216,일요일 원주 직으로 삽니다,seller-79d9d4dd651c0498e3509636,장비없이번지점..,registered,,,,,,unknown,미분류,1,0.5,5000,estimated,bundle,text,unknown,,active,needs_review,needs_review,"가격 단위 추정, 일괄·세트 가격, 배송비 포함 여부 미확정, 카드명 확인 필요, 묶음·세트 총액 · 개별 카드 가격 아님",estimated,no,no,일괄 0.5에 삽니다
8d64799fb49dac23ed2385d3,pokemoncardgame,포켓몬 카드게임,2026-07,2026-07-25T13:27:32+09:00,known,f47cd8f00f441c39708e7bfc,8d64799fb49dac23ed2385d3,119216,https://m.dcinside.com/board/pokemoncardgame/119216,일요일 원주 직으로 삽니다,seller-79d9d4dd651c0498e3509636,장비없이번지점..,registered,빛나,빛나,빛나,,,unknown,미분류,1,1,10000,estimated,per_card,text,unknown,,active,needs_review,needs_review,"가격 단위 추정, 배송비 포함 여부 미확정",estimated,yes,candidate_estimated,빛나 1
8ddb37f4dbec5f14380cc5d7,pokemoncardgame,포켓몬 카드게임,2026-07,2026-07-25T13:27:32+09:00,known,227407d2ff33acf3c270d2c0,8ddb37f4dbec5f14380cc5d7,119216,https://m.dcinside.com/board/pokemoncardgame/119216,일요일 원주 직으로 삽니다,seller-79d9d4dd651c0498e3509636,장비없이번지점..,registered,메가 야도란,메가 야도란,메가 야도란,,,unknown,미분류,1,1,10000,estimated,per_card,text,unknown,,active,needs_review,needs_review,"가격 단위 추정, 배송비 포함 여부 미확정",estimated,yes,candidate_estimated,메가 야도란 1
8f1c61da9bec587c3e35f12a,pokemoncardgame,포켓몬 카드게임,2026-07,2026-07-25T13:27:32+09:00,known,e1fb468e7b86e24b94933a34,8f1c61da9bec587c3e35f12a,119216,https://m.dcinside.com/board/pokemoncardgame/119216,일요일 원주 직으로 삽니다,seller-79d9d4dd651c0498e3509636,장비없이번지점..,registered,빛나,빛나,빛나,,,unknown,미분류,1,1,10000,estimated,per_card,text,unknown,,active,needs_review,needs_review,"가격 단위 추정, 배송비 포함 여부 미확정",estimated,yes,candidate_estimated,빛나 1
93030fa10977e79fc10b9410,pokemoncardgame,포켓몬 카드게임,2026-07,2026-07-25T13:27:32+09:00,known,c6bc0c4293432f000b637c6a,93030fa10977e79fc10b9410,119216,https://m.dcinside.com/board/pokemoncardgame/119216,일요일 원주 직으로 삽니다,seller-79d9d4dd651c0498e3509636,장비없이번지점..,registered,빛나,빛나,빛나,,,unknown,미분류,1,1,10000,estimated,per_card,text,unknown,,active,needs_review,needs_review,"가격 단위 추정, 배송비 포함 여부 미확정",estimated,yes,candidate_estimated,빛나 1
aaf8846cb48e32ade4639ac2,pokemoncardgame,포켓몬 카드게임,2026-07,2026-07-25T13:27:32+09:00,known,e1fb468e7b86e24b94933a34,aaf8846cb48e32ade4639ac2,119216,https://m.dcinside.com/board/pokemoncardgame/119216,일요일 원주 직으로 삽니다,seller-79d9d4dd651c0498e3509636,장비없이번지점..,registered,아크로마의 집념,아크로마의 집념,아크로마의 집념,,,unknown,미분류,1,1,10000,estimated,per_card,text,unknown,,active,needs_review,needs_review,"가격 단위 추정, 배송비 포함 여부 미확정",estimated,yes,candidate_estimated,아크로마의 집념 1
b712d353a10c1ee971a7e481,pokemoncardgame,포켓몬 카드게임,2026-07,2026-07-25T13:27:32+09:00,known,c6bc0c4293432f000b637c6a,b712d353a10c1ee971a7e481,119216,https://m.dcinside.com/board/pokemoncardgame/119216,일요일 원주 직으로 삽니다,seller-79d9d4dd651c0498e3509636,장비없이번지점..,registered,메가 야도란,메가 야도란,메가 야도란,,,unknown,미분류,1,1,10000,estimated,per_card,text,unknown,,active,needs_review,needs_review,"가격 단위 추정, 배송비 포함 여부 미확정",estimated,yes,candidate_estimated,메가 야도란 1
bebddf941d055b84c37e1eed,pokemoncardgame,포켓몬 카드게임,2026-07,2026-07-25T13:27:32+09:00,known,c6bc0c4293432f000b637c6a,bebddf941d055b84c37e1eed,119216,https://m.dcinside.com/board/pokemoncardgame/119216,일요일 원주 직으로 삽니다,seller-79d9d4dd651c0498e3509636,장비없이번지점..,registered,브레이브 뱅글,브레이브 뱅글,브레이브 뱅글,,,unknown,미분류,1,1,10000,estimated,per_card,text,unknown,,active,needs_review,needs_review,"가격 단위 추정, 배송비 포함 여부 미확정",estimated,yes,candidate_estimated,브레이브 뱅글 1
d7a1d9c2e0154eeaa40d6614,pokemoncardgame,포켓몬 카드게임,2026-07,2026-07-25T13:27:32+09:00,known,e1fb468e7b86e24b94933a34,d7a1d9c2e0154eeaa40d6614,119216,https://m.dcinside.com/board/pokemoncardgame/119216,일요일 원주 직으로 삽니다,seller-79d9d4dd651c0498e3509636,장비없이번지점..,registered,브레이브 뱅글,브레이브 뱅글,브레이브 뱅글,,,unknown,미분류,1,1,10000,estimated,per_card,text,unknown,,active,needs_review,needs_review,"가격 단위 추정, 배송비 포함 여부 미확정",estimated,yes,candidate_estimated,브레이브 뱅글 1
f4220dba315135b72397a740,pokemoncardgame,포켓몬 카드게임,2026-07,2026-07-25T13:27:32+09:00,known,e1fb468e7b86e24b94933a34,f4220dba315135b72397a740,119216,https://m.dcinside.com/board/pokemoncardgame/119216,일요일 원주 직으로 삽니다,seller-79d9d4dd651c0498e3509636,장비없이번지점..,registered,메가 야도란,메가 야도란,메가 야도란,,,unknown,미분류,1,1,10000,estimated,per_card,text,unknown,,active,needs_review,needs_review,"가격 단위 추정, 배송비 포함 여부 미확정",estimated,yes,candidate_estimated,메가 야도란 1
230def6591113bf22db1670d,pokemoncardgame,포켓몬 카드게임,2026-07,2026-07-25T19:16:06+09:00,known,c672d86b20a9941b0d490097,230def6591113bf22db1670d,119231,https://m.dcinside.com/board/pokemoncardgame/119231,덱소스 일괄 구매합니다,seller-27ec2fe85336a9e6f6e59c38,ㅇㅇ,guest,태권왕의수련,태권왕의수련,태권왕의수련,,,unknown,미분류,1,1,10000,estimated,per_card,text,unknown,,active,needs_review,needs_review,"가격 단위 추정, 배송비 포함 여부 미확정",estimated,yes,candidate_estimated,태권왕의수련1
37f73483e60d3e49eb42e7f8,pokemoncardgame,포켓몬 카드게임,2026-07,2026-07-25T19:16:06+09:00,known,fba454eb542330095ed91e63,37f73483e60d3e49eb42e7f8,119231,https://m.dcinside.com/board/pokemoncardgame/119231,덱소스 일괄 구매합니다,seller-8a771dd0b7dfbdb548995d9d,ㅇㅇ,guest,노고고치,노고고치,노고고치,,,unknown,미분류,1,2,20000,estimated,per_card,text,unknown,,active,needs_review,needs_review,"가격 단위 추정, 배송비 포함 여부 미확정",estimated,yes,candidate_estimated,노고고치2
40ed577493fb3b4139680547,pokemoncardgame,포켓몬 카드게임,2026-07,2026-07-25T19:16:06+09:00,known,70718dbbc17b587ac67aca91,40ed577493fb3b4139680547,119231,https://m.dcinside.com/board/pokemoncardgame/119231,덱소스 일괄 구매합니다,seller-5816f48cbbad188f6b2a0b45,ㅇㅇ,guest,메가캥카,메가캥카,메가캥카,,,unknown,미분류,1,2,20000,estimated,per_card,text,unknown,,active,needs_review,needs_review,"가격 단위 추정, 배송비 포함 여부 미확정",estimated,yes,candidate_estimated,메가캥카2
42cd4bd0383421a9fae71911,pokemoncardgame,포켓몬 카드게임,2026-07,2026-07-25T19:16:06+09:00,known,2a2500f6decbfc4c7d7413ac,42cd4bd0383421a9fae71911,119231,https://m.dcinside.com/board/pokemoncardgame/119231,덱소스 일괄 구매합니다,seller-125a3456fa3287486f7d08f4,ㅇㅇ,guest,노고고치,노고고치,노고고치,,,unknown,미분류,1,2,20000,estimated,per_card,text,unknown,,active,needs_review,needs_review,"가격 단위 추정, 배송비 포함 여부 미확정",estimated,yes,candidate_estimated,노고고치2
479e71b1e372d7b612961325,pokemoncardgame,포켓몬 카드게임,2026-07,2026-07-25T19:16:06+09:00,known,70718dbbc17b587ac67aca91,479e71b1e372d7b612961325,119231,https://m.dcinside.com/board/pokemoncardgame/119231,덱소스 일괄 구매합니다,seller-5816f48cbbad188f6b2a0b45,ㅇㅇ,guest,태권왕의수련,태권왕의수련,태권왕의수련,,,unknown,미분류,1,1,10000,estimated,per_card,text,unknown,,active,needs_review,needs_review,"가격 단위 추정, 배송비 포함 여부 미확정",estimated,yes,candidate_estimated,태권왕의수련1
4f29a1f011cbdfed889c06d7,pokemoncardgame,포켓몬 카드게임,2026-07,2026-07-25T19:16:06+09:00,known,c672d86b20a9941b0d490097,4f29a1f011cbdfed889c06d7,119231,https://m.dcinside.com/board/pokemoncardgame/119231,덱소스 일괄 구매합니다,seller-27ec2fe85336a9e6f6e59c38,ㅇㅇ,guest,메가캥카,메가캥카,메가캥카,,,unknown,미분류,1,2,20000,estimated,per_card,text,unknown,,active,needs_review,needs_review,"가격 단위 추정, 배송비 포함 여부 미확정",estimated,yes,candidate_estimated,메가캥카2
751ab8cd2cf49b61542ed12e,pokemoncardgame,포켓몬 카드게임,2026-07,2026-07-25T19:16:06+09:00,known,2a2500f6decbfc4c7d7413ac,751ab8cd2cf49b61542ed12e,119231,https://m.dcinside.com/board/pokemoncardgame/119231,덱소스 일괄 구매합니다,seller-125a3456fa3287486f7d08f4,ㅇㅇ,guest,태권왕의수련,태권왕의수련,태권왕의수련,,,unknown,미분류,1,1,10000,estimated,per_card,text,unknown,,active,needs_review,needs_review,"가격 단위 추정, 배송비 포함 여부 미확정",estimated,yes,candidate_estimated,태권왕의수련1
7b0011163af3c8ea3cb661cb,pokemoncardgame,포켓몬 카드게임,2026-07,2026-07-25T19:16:06+09:00,known,c672d86b20a9941b0d490097,7b0011163af3c8ea3cb661cb,119231,https://m.dcinside.com/board/pokemoncardgame/119231,덱소스 일괄 구매합니다,seller-27ec2fe85336a9e6f6e59c38,ㅇㅇ,guest,변화의서,변화의서,변화의서,,,unknown,미분류,1,3,30000,estimated,per_card,text,unknown,,active,needs_review,needs_review,"가격 단위 추정, 배송비 포함 여부 미확정",estimated,yes,candidate_estimated,변화의서3
8a322a3570d5e75bf63a974c,pokemoncardgame,포켓몬 카드게임,2026-07,2026-07-25T19:16:06+09:00,known,fba454eb542330095ed91e63,8a322a3570d5e75bf63a974c,119231,https://m.dcinside.com/board/pokemoncardgame/119231,덱소스 일괄 구매합니다,seller-8a771dd0b7dfbdb548995d9d,ㅇㅇ,guest,변화의서,변화의서,변화의서,,,unknown,미분류,1,3,30000,estimated,per_card,text,unknown,,active,needs_review,needs_review,"가격 단위 추정, 배송비 포함 여부 미확정",estimated,yes,candidate_estimated,변화의서3
9a1ac5be9449a139ddb29aa5,pokemoncardgame,포켓몬 카드게임,2026-07,2026-07-25T19:16:06+09:00,known,70718dbbc17b587ac67aca91,9a1ac5be9449a139ddb29aa5,119231,https://m.dcinside.com/board/pokemoncardgame/119231,덱소스 일괄 구매합니다,seller-5816f48cbbad188f6b2a0b45,ㅇㅇ,guest,노고고치,노고고치,노고고치,,,unknown,미분류,1,2,20000,estimated,per_card,text,unknown,,active,needs_review,needs_review,"가격 단위 추정, 배송비 포함 여부 미확정",estimated,yes,candidate_estimated,노고고치2
a7296145ab8296768ec08051,pokemoncardgame,포켓몬 카드게임,2026-07,2026-07-25T19:16:06+09:00,known,2a2500f6decbfc4c7d7413ac,a7296145ab8296768ec08051,119231,https://m.dcinside.com/board/pokemoncardgame/119231,덱소스 일괄 구매합니다,seller-125a3456fa3287486f7d08f4,ㅇㅇ,guest,변화의서,변화의서,변화의서,,,unknown,미분류,1,3,30000,estimated,per_card,text,unknown,,active,needs_review,needs_review,"가격 단위 추정, 배송비 포함 여부 미확정",estimated,yes,candidate_estimated,변화의서3
b15816f6d82bfee0b92ae4e2,pokemoncardgame,포켓몬 카드게임,2026-07,2026-07-25T19:16:06+09:00,known,fba454eb542330095ed91e63,b15816f6d82bfee0b92ae4e2,119231,https://m.dcinside.com/board/pokemoncardgame/119231,덱소스 일괄 구매합니다,seller-8a771dd0b7dfbdb548995d9d,ㅇㅇ,guest,메가캥카,메가캥카,메가캥카,,,unknown,미분류,1,2,20000,estimated,per_card,text,unknown,,active,needs_review,needs_review,"가격 단위 추정, 배송비 포함 여부 미확정",estimated,yes,candidate_estimated,메가캥카2
c686d1a2818df28d10ecae28,pokemoncardgame,포켓몬 카드게임,2026-07,2026-07-25T19:16:06+09:00,known,70718dbbc17b587ac67aca91,c686d1a2818df28d10ecae28,119231,https://m.dcinside.com/board/pokemoncardgame/119231,덱소스 일괄 구매합니다,seller-5816f48cbbad188f6b2a0b45,ㅇㅇ,guest,변화의서,변화의서,변화의서,,,unknown,미분류,1,3,30000,estimated,per_card,text,unknown,,active,needs_review,needs_review,"가격 단위 추정, 배송비 포함 여부 미확정",estimated,yes,candidate_estimated,변화의서3
d2a9836e81981644d3ee3ad8,pokemoncardgame,포켓몬 카드게임,2026-07,2026-07-25T19:16:06+09:00,known,fba454eb542330095ed91e63,d2a9836e81981644d3ee3ad8,119231,https://m.dcinside.com/board/pokemoncardgame/119231,덱소스 일괄 구매합니다,seller-8a771dd0b7dfbdb548995d9d,ㅇㅇ,guest,태권왕의수련,태권왕의수련,태권왕의수련,,,unknown,미분류,1,1,10000,estimated,per_card,text,unknown,,active,needs_review,needs_review,"가격 단위 추정, 배송비 포함 여부 미확정",estimated,yes,candidate_estimated,태권왕의수련1
d7b5df6fcd18fd67e03e3902,pokemoncardgame,포켓몬 카드게임,2026-07,2026-07-25T19:16:06+09:00,known,2a2500f6decbfc4c7d7413ac,d7b5df6fcd18fd67e03e3902,119231,https://m.dcinside.com/board/pokemoncardgame/119231,덱소스 일괄 구매합니다,seller-125a3456fa3287486f7d08f4,ㅇㅇ,guest,메가캥카,메가캥카,메가캥카,,,unknown,미분류,1,2,20000,estimated,per_card,text,unknown,,active,needs_review,needs_review,"가격 단위 추정, 배송비 포함 여부 미확정",estimated,yes,candidate_estimated,메가캥카2
d88b14b4b52d55eec30d2aa3,pokemoncardgame,포켓몬 카드게임,2026-07,2026-07-25T19:16:06+09:00,known,c672d86b20a9941b0d490097,d88b14b4b52d55eec30d2aa3,119231,https://m.dcinside.com/board/pokemoncardgame/119231,덱소스 일괄 구매합니다,seller-27ec2fe85336a9e6f6e59c38,ㅇㅇ,guest,노고고치,노고고치,노고고치,,,unknown,미분류,1,2,20000,estimated,per_card,text,unknown,,active,needs_review,needs_review,"가격 단위 추정, 배송비 포함 여부 미확정",estimated,yes,candidate_estimated,노고고치2
0f037e0f0eea87c3d335b315,pokemoncardgame,포켓몬 카드게임,2026-07,2026-07-26T14:36:15+09:00,known,f22101c45a66f815c682d442,0f037e0f0eea87c3d335b315,119284,https://m.dcinside.com/board/pokemoncardgame/119284,"메상해꽃, 하솔 sar 판매 및 구매",seller-6a6106e28956f4070c3b4862,섬도희-아가리,registered,하솔,하솔,하솔 장당,,,unknown,미분류,1,1.3,13000,estimated,per_card,text,unknown,,active,needs_review,needs_review,"가격 단위 추정, 배송비 포함 여부 미확정",estimated,yes,candidate_estimated,하솔 장당 1.3
11bff0d48129c8ae236ea85c,pokemoncardgame,포켓몬 카드게임,2026-07,2026-07-26T14:36:15+09:00,known,6bdd9d7fa6b2ed56db65e8b5,11bff0d48129c8ae236ea85c,119284,https://m.dcinside.com/board/pokemoncardgame/119284,"메상해꽃, 하솔 sar 판매 및 구매",seller-6a6106e28956f4070c3b4862,섬도희-아가리,registered,loadScript 'https pagead,loadScript 'https pagead,loadScript('https://pagead,,,unknown,미분류,1,2,20000,estimated,bundle,text,unknown,,active,needs_review,needs_review,"가격 단위 추정, 복수 카드 가격, 배송비 포함 여부 미확정, 묶음·세트 총액 · 개별 카드 가격 아님",estimated,no,no,"loadScript('https://pagead2.googlesyndication.com/pagead/js/adsbygoogle_direct.js?client=ca-pub-8171468792791627', true, 'anonymous');"
1500ab27cbeab59737d20398,pokemoncardgame,포켓몬 카드게임,2026-07,2026-07-26T14:36:15+09:00,known,f22101c45a66f815c682d442,1500ab27cbeab59737d20398,119284,https://m.dcinside.com/board/pokemoncardgame/119284,"메상해꽃, 하솔 sar 판매 및 구매",seller-6a6106e28956f4070c3b4862,섬도희-아가리,registered,MA 메가 팬텀,MA 메가 팬텀,MA 메가 팬텀,,,unknown,미분류,4,4.0,40000,estimated,bundle,text,unknown,,active,needs_review,needs_review,"가격 단위 추정, 일괄·세트 가격, 배송비 포함 여부 미확정, 묶음·세트 총액 · 개별 카드 가격 아님",estimated,no,no,MA 메가 팬텀 4장 일괄 4.0
1e1d0e6c8b93687e26cff3d4,pokemoncardgame,포켓몬 카드게임,2026-07,2026-07-26T14:36:15+09:00,known,0768e41adcc7e4d0ac7371b2,1e1d0e6c8b93687e26cff3d4,119284,https://m.dcinside.com/board/pokemoncardgame/119284,"메상해꽃, 하솔 sar 판매 및 구매",seller-6a6106e28956f4070c3b4862,섬도희-아가리,registered,loadScript ' t,loadScript ' t,loadScript('//t,,,unknown,미분류,1,1,10000,estimated,bundle,text,unknown,,active,needs_review,needs_review,"가격 단위 추정, 복수 카드 가격, 배송비 포함 여부 미확정, 묶음·세트 총액 · 개별 카드 가격 아님",estimated,no,no,"loadScript('//t1.kakaocdn.net/kas/static/ba.min.js', true);"
2a60351ed71d5d844b334c50,pokemoncardgame,포켓몬 카드게임,2026-07,2026-07-26T14:36:15+09:00,known,e9cb9110b6d886dd80dffdaa,2a60351ed71d5d844b334c50,119284,https://m.dcinside.com/board/pokemoncardgame/119284,"메상해꽃, 하솔 sar 판매 및 구매",seller-6a6106e28956f4070c3b4862,섬도희-아가리,registered,MA 메가 리자몽,MA 메가 리자몽,MA 메가 리자몽,,,unknown,미분류,4,5.5,55000,estimated,bundle,text,unknown,,active,needs_review,needs_review,"가격 단위 추정, 일괄·세트 가격, 배송비 포함 여부 미확정, 묶음·세트 총액 · 개별 카드 가격 아님",estimated,no,no,MA 메가 리자몽 4장 일괄 5.5
2a8010992a13478f6b5e987e,pokemoncardgame,포켓몬 카드게임,2026-07,2026-07-26T14:36:15+09:00,known,e9cb9110b6d886dd80dffdaa,2a8010992a13478f6b5e987e,119284,https://m.dcinside.com/board/pokemoncardgame/119284,"메상해꽃, 하솔 sar 판매 및 구매",seller-6a6106e28956f4070c3b4862,섬도희-아가리,registered,MA 메가 망나뇽,MA 메가 망나뇽,MA 메가 망나뇽,,,unknown,미분류,4,3.5,35000,estimated,bundle,text,unknown,,active,needs_review,needs_review,"가격 단위 추정, 일괄·세트 가격, 배송비 포함 여부 미확정, 묶음·세트 총액 · 개별 카드 가격 아님",estimated,no,no,MA 메가 망나뇽 4장 일괄 3.5
2c04c49ca220e2715548bb9a,pokemoncardgame,포켓몬 카드게임,2026-07,2026-07-26T14:36:15+09:00,known,0768e41adcc7e4d0ac7371b2,2c04c49ca220e2715548bb9a,119284,https://m.dcinside.com/board/pokemoncardgame/119284,"메상해꽃, 하솔 sar 판매 및 구매",seller-6a6106e28956f4070c3b4862,섬도희-아가리,registered,var safe = window.dcAd && window.dcAd.safe ==,var safe = window.dcAd && window.dcAd.safe ==,var safe = (window.dcAd && window.dcAd.safe ==,,,unknown,미분류,1,1,10000,estimated,bundle,text,unknown,,active,needs_review,needs_review,"가격 단위 추정, 복수 카드 가격, 배송비 포함 여부 미확정, 묶음·세트 총액 · 개별 카드 가격 아님",estimated,no,no,var safe = (window.dcAd && window.dcAd.safe == 1)
3063fd5e9cc0cf8222324715,pokemoncardgame,포켓몬 카드게임,2026-07,2026-07-26T14:36:15+09:00,known,f22101c45a66f815c682d442,3063fd5e9cc0cf8222324715,119284,https://m.dcinside.com/board/pokemoncardgame/119284,"메상해꽃, 하솔 sar 판매 및 구매",seller-6a6106e28956f4070c3b4862,섬도희-아가리,registered,DOM 삽입 헬퍼 현재 스크립트 위치 기준,DOM 삽입 헬퍼 현재 스크립트 위치 기준,// ---- DOM 삽입 헬퍼 (현재 스크립트 위치 기준,,,unknown,미분류,1,1,10000,estimated,bundle,text,unknown,,active,needs_review,needs_review,"가격 단위 추정, 복수 카드 가격, 배송비 포함 여부 미확정, 묶음·세트 총액 · 개별 카드 가격 아님",estimated,no,no,// ---- DOM 삽입 헬퍼 (현재 스크립트 위치 기준1)
308b3e6226bb99f829f441c3,pokemoncardgame,포켓몬 카드게임,2026-07,2026-07-26T14:36:15+09:00,known,e9cb9110b6d886dd80dffdaa,308b3e6226bb99f829f441c3,119284,https://m.dcinside.com/board/pokemoncardgame/119284,"메상해꽃, 하솔 sar 판매 및 구매",seller-6a6106e28956f4070c3b4862,섬도희-아가리,registered,MA 메가 팬텀,MA 메가 팬텀,MA 메가 팬텀,,,unknown,미분류,4,4.0,40000,estimated,bundle,text,unknown,,active,needs_review,needs_review,"가격 단위 추정, 일괄·세트 가격, 배송비 포함 여부 미확정, 묶음·세트 총액 · 개별 카드 가격 아님",estimated,no,no,MA 메가 팬텀 4장 일괄 4.0
3908c8608867b873420e4fea,pokemoncardgame,포켓몬 카드게임,2026-07,2026-07-26T14:36:15+09:00,known,0768e41adcc7e4d0ac7371b2,3908c8608867b873420e4fea,119284,https://m.dcinside.com/board/pokemoncardgame/119284,"메상해꽃, 하솔 sar 판매 및 구매",seller-6a6106e28956f4070c3b4862,섬도희-아가리,registered,loadScript 'https pagead,loadScript 'https pagead,loadScript('https://pagead,,,unknown,미분류,1,2,20000,estimated,bundle,text,unknown,,active,needs_review,needs_review,"가격 단위 추정, 복수 카드 가격, 배송비 포함 여부 미확정, 묶음·세트 총액 · 개별 카드 가격 아님",estimated,no,no,"loadScript('https://pagead2.googlesyndication.com/pagead/js/adsbygoogle_direct.js?client=ca-pub-8171468792791627', true, 'anonymous');"
458f27914b8de82feaf58637,pokemoncardgame,포켓몬 카드게임,2026-07,2026-07-26T14:36:15+09:00,known,6bdd9d7fa6b2ed56db65e8b5,458f27914b8de82feaf58637,119284,https://m.dcinside.com/board/pokemoncardgame/119284,"메상해꽃, 하솔 sar 판매 및 구매",seller-6a6106e28956f4070c3b4862,섬도희-아가리,registered,MA 메가 리자몽,MA 메가 리자몽,MA 메가 리자몽,,,unknown,미분류,4,5.5,55000,estimated,bundle,text,unknown,,active,needs_review,needs_review,"가격 단위 추정, 일괄·세트 가격, 배송비 포함 여부 미확정, 묶음·세트 총액 · 개별 카드 가격 아님",estimated,no,no,MA 메가 리자몽 4장 일괄 5.5
4a9c7fe562fe85883f79fc28,pokemoncardgame,포켓몬 카드게임,2026-07,2026-07-26T14:36:15+09:00,known,f22101c45a66f815c682d442,4a9c7fe562fe85883f79fc28,119284,https://m.dcinside.com/board/pokemoncardgame/119284,"메상해꽃, 하솔 sar 판매 및 구매",seller-6a6106e28956f4070c3b4862,섬도희-아가리,registered,MA 메가 망나뇽,MA 메가 망나뇽,MA 메가 망나뇽,,,unknown,미분류,4,3.5,35000,estimated,bundle,text,unknown,,active,needs_review,needs_review,"가격 단위 추정, 일괄·세트 가격, 배송비 포함 여부 미확정, 묶음·세트 총액 · 개별 카드 가격 아님",estimated,no,no,MA 메가 망나뇽 4장 일괄 3.5
4ad2d8de5162ed7d23a2ddbf,pokemoncardgame,포켓몬 카드게임,2026-07,2026-07-26T14:36:15+09:00,known,0768e41adcc7e4d0ac7371b2,4ad2d8de5162ed7d23a2ddbf,119284,https://m.dcinside.com/board/pokemoncardgame/119284,"메상해꽃, 하솔 sar 판매 및 구매",seller-6a6106e28956f4070c3b4862,섬도희-아가리,registered,MA 메가 리자몽,MA 메가 리자몽,MA 메가 리자몽,,,unknown,미분류,4,5.5,55000,estimated,bundle,text,unknown,,active,needs_review,needs_review,"가격 단위 추정, 일괄·세트 가격, 배송비 포함 여부 미확정, 묶음·세트 총액 · 개별 카드 가격 아님",estimated,no,no,MA 메가 리자몽 4장 일괄 5.5
4bda49d09f762b2f0118c4b9,pokemoncardgame,포켓몬 카드게임,2026-07,2026-07-26T14:36:15+09:00,known,0768e41adcc7e4d0ac7371b2,4bda49d09f762b2f0118c4b9,119284,https://m.dcinside.com/board/pokemoncardgame/119284,"메상해꽃, 하솔 sar 판매 및 구매",seller-6a6106e28956f4070c3b4862,섬도희-아가리,registered,하솔,하솔,하솔 장당,,,unknown,미분류,1,1.3,13000,estimated,per_card,text,unknown,,active,needs_review,needs_review,"가격 단위 추정, 배송비 포함 여부 미확정",estimated,yes,candidate_estimated,하솔 장당 1.3
5e63b2717f09ee42001747ac,pokemoncardgame,포켓몬 카드게임,2026-07,2026-07-26T14:36:15+09:00,known,6bdd9d7fa6b2ed56db65e8b5,5e63b2717f09ee42001747ac,119284,https://m.dcinside.com/board/pokemoncardgame/119284,"메상해꽃, 하솔 sar 판매 및 구매",seller-6a6106e28956f4070c3b4862,섬도희-아가리,registered,하솔,하솔,하솔 장당,,,unknown,미분류,1,1.3,13000,estimated,per_card,text,unknown,,active,needs_review,needs_review,"가격 단위 추정, 배송비 포함 여부 미확정",estimated,yes,candidate_estimated,하솔 장당 1.3
611e46a50ca3eeb40ce1fabf,pokemoncardgame,포켓몬 카드게임,2026-07,2026-07-26T14:36:15+09:00,known,e9cb9110b6d886dd80dffdaa,611e46a50ca3eeb40ce1fabf,119284,https://m.dcinside.com/board/pokemoncardgame/119284,"메상해꽃, 하솔 sar 판매 및 구매",seller-6a6106e28956f4070c3b4862,섬도희-아가리,registered,DOM 삽입 헬퍼 현재 스크립트 위치 기준,DOM 삽입 헬퍼 현재 스크립트 위치 기준,// ---- DOM 삽입 헬퍼 (현재 스크립트 위치 기준,,,unknown,미분류,1,1,10000,estimated,bundle,text,unknown,,active,needs_review,needs_review,"가격 단위 추정, 복수 카드 가격, 배송비 포함 여부 미확정, 묶음·세트 총액 · 개별 카드 가격 아님",estimated,no,no,// ---- DOM 삽입 헬퍼 (현재 스크립트 위치 기준1)
86eb532ebc98d6fde93607f6,pokemoncardgame,포켓몬 카드게임,2026-07,2026-07-26T14:36:15+09:00,known,6bdd9d7fa6b2ed56db65e8b5,86eb532ebc98d6fde93607f6,119284,https://m.dcinside.com/board/pokemoncardgame/119284,"메상해꽃, 하솔 sar 판매 및 구매",seller-6a6106e28956f4070c3b4862,섬도희-아가리,registered,DOM 삽입 헬퍼 현재 스크립트 위치 기준,DOM 삽입 헬퍼 현재 스크립트 위치 기준,// ---- DOM 삽입 헬퍼 (현재 스크립트 위치 기준,,,unknown,미분류,1,1,10000,estimated,bundle,text,unknown,,active,needs_review,needs_review,"가격 단위 추정, 복수 카드 가격, 배송비 포함 여부 미확정, 묶음·세트 총액 · 개별 카드 가격 아님",estimated,no,no,// ---- DOM 삽입 헬퍼 (현재 스크립트 위치 기준1)
8e95aa9b008e31fac05d9930,pokemoncardgame,포켓몬 카드게임,2026-07,2026-07-26T14:36:15+09:00,known,f22101c45a66f815c682d442,8e95aa9b008e31fac05d9930,119284,https://m.dcinside.com/board/pokemoncardgame/119284,"메상해꽃, 하솔 sar 판매 및 구매",seller-6a6106e28956f4070c3b4862,섬도희-아가리,registered,var safe = window.dcAd && window.dcAd.safe ==,var safe = window.dcAd && window.dcAd.safe ==,var safe = (window.dcAd && window.dcAd.safe ==,,,unknown,미분류,1,1,10000,estimated,bundle,text,unknown,,active,needs_review,needs_review,"가격 단위 추정, 복수 카드 가격, 배송비 포함 여부 미확정, 묶음·세트 총액 · 개별 카드 가격 아님",estimated,no,no,var safe = (window.dcAd && window.dcAd.safe == 1)
a253d143390ff6868c30c11d,pokemoncardgame,포켓몬 카드게임,2026-07,2026-07-26T14:36:15+09:00,known,e9cb9110b6d886dd80dffdaa,a253d143390ff6868c30c11d,119284,https://m.dcinside.com/board/pokemoncardgame/119284,"메상해꽃, 하솔 sar 판매 및 구매",seller-6a6106e28956f4070c3b4862,섬도희-아가리,registered,loadScript 'https pagead,loadScript 'https pagead,loadScript('https://pagead,,,unknown,미분류,1,2,20000,estimated,bundle,text,unknown,,active,needs_review,needs_review,"가격 단위 추정, 복수 카드 가격, 배송비 포함 여부 미확정, 묶음·세트 총액 · 개별 카드 가격 아님",estimated,no,no,"loadScript('https://pagead2.googlesyndication.com/pagead/js/adsbygoogle_direct.js?client=ca-pub-8171468792791627', true, 'anonymous');"
a982ebda1ee08f6f99206cb2,pokemoncardgame,포켓몬 카드게임,2026-07,2026-07-26T14:36:15+09:00,known,e9cb9110b6d886dd80dffdaa,a982ebda1ee08f6f99206cb2,119284,https://m.dcinside.com/board/pokemoncardgame/119284,"메상해꽃, 하솔 sar 판매 및 구매",seller-6a6106e28956f4070c3b4862,섬도희-아가리,registered,var safe = window.dcAd && window.dcAd.safe ==,var safe = window.dcAd && window.dcAd.safe ==,var safe = (window.dcAd && window.dcAd.safe ==,,,unknown,미분류,1,1,10000,estimated,bundle,text,unknown,,active,needs_review,needs_review,"가격 단위 추정, 복수 카드 가격, 배송비 포함 여부 미확정, 묶음·세트 총액 · 개별 카드 가격 아님",estimated,no,no,var safe = (window.dcAd && window.dcAd.safe == 1)
aa62b62471bd37f6149e5eb0,pokemoncardgame,포켓몬 카드게임,2026-07,2026-07-26T14:36:15+09:00,known,6bdd9d7fa6b2ed56db65e8b5,aa62b62471bd37f6149e5eb0,119284,https://m.dcinside.com/board/pokemoncardgame/119284,"메상해꽃, 하솔 sar 판매 및 구매",seller-6a6106e28956f4070c3b4862,섬도희-아가리,registered,var safe = window.dcAd && window.dcAd.safe ==,var safe = window.dcAd && window.dcAd.safe ==,var safe = (window.dcAd && window.dcAd.safe ==,,,unknown,미분류,1,1,10000,estimated,bundle,text,unknown,,active,needs_review,needs_review,"가격 단위 추정, 복수 카드 가격, 배송비 포함 여부 미확정, 묶음·세트 총액 · 개별 카드 가격 아님",estimated,no,no,var safe = (window.dcAd && window.dcAd.safe == 1)
abb4f896f85b8e28dff74d57,pokemoncardgame,포켓몬 카드게임,2026-07,2026-07-26T14:36:15+09:00,known,0768e41adcc7e4d0ac7371b2,abb4f896f85b8e28dff74d57,119284,https://m.dcinside.com/board/pokemoncardgame/119284,"메상해꽃, 하솔 sar 판매 및 구매",seller-6a6106e28956f4070c3b4862,섬도희-아가리,registered,DOM 삽입 헬퍼 현재 스크립트 위치 기준,DOM 삽입 헬퍼 현재 스크립트 위치 기준,// ---- DOM 삽입 헬퍼 (현재 스크립트 위치 기준,,,unknown,미분류,1,1,10000,estimated,bundle,text,unknown,,active,needs_review,needs_review,"가격 단위 추정, 복수 카드 가격, 배송비 포함 여부 미확정, 묶음·세트 총액 · 개별 카드 가격 아님",estimated,no,no,// ---- DOM 삽입 헬퍼 (현재 스크립트 위치 기준1)
af3ed867f8090c1f635b3d7f,pokemoncardgame,포켓몬 카드게임,2026-07,2026-07-26T14:36:15+09:00,known,0768e41adcc7e4d0ac7371b2,af3ed867f8090c1f635b3d7f,119284,https://m.dcinside.com/board/pokemoncardgame/119284,"메상해꽃, 하솔 sar 판매 및 구매",seller-6a6106e28956f4070c3b4862,섬도희-아가리,registered,MA 메가 팬텀,MA 메가 팬텀,MA 메가 팬텀,,,unknown,미분류,4,4.0,40000,estimated,bundle,text,unknown,,active,needs_review,needs_review,"가격 단위 추정, 일괄·세트 가격, 배송비 포함 여부 미확정, 묶음·세트 총액 · 개별 카드 가격 아님",estimated,no,no,MA 메가 팬텀 4장 일괄 4.0
b31ce0a16d64189236ed5656,pokemoncardgame,포켓몬 카드게임,2026-07,2026-07-26T14:36:15+09:00,known,f22101c45a66f815c682d442,b31ce0a16d64189236ed5656,119284,https://m.dcinside.com/board/pokemoncardgame/119284,"메상해꽃, 하솔 sar 판매 및 구매",seller-6a6106e28956f4070c3b4862,섬도희-아가리,registered,MA 메가 리자몽,MA 메가 리자몽,MA 메가 리자몽,,,unknown,미분류,4,5.5,55000,estimated,bundle,text,unknown,,active,needs_review,needs_review,"가격 단위 추정, 일괄·세트 가격, 배송비 포함 여부 미확정, 묶음·세트 총액 · 개별 카드 가격 아님",estimated,no,no,MA 메가 리자몽 4장 일괄 5.5
c69632e29ba502e84bae513a,pokemoncardgame,포켓몬 카드게임,2026-07,2026-07-26T14:36:15+09:00,known,f22101c45a66f815c682d442,c69632e29ba502e84bae513a,119284,https://m.dcinside.com/board/pokemoncardgame/119284,"메상해꽃, 하솔 sar 판매 및 구매",seller-6a6106e28956f4070c3b4862,섬도희-아가리,registered,loadScript ' t,loadScript ' t,loadScript('//t,,,unknown,미분류,1,1,10000,estimated,bundle,text,unknown,,active,needs_review,needs_review,"가격 단위 추정, 복수 카드 가격, 배송비 포함 여부 미확정, 묶음·세트 총액 · 개별 카드 가격 아님",estimated,no,no,"loadScript('//t1.kakaocdn.net/kas/static/ba.min.js', true);"
d5b07aa1fb2352a47d351f87,pokemoncardgame,포켓몬 카드게임,2026-07,2026-07-26T14:36:15+09:00,known,e9cb9110b6d886dd80dffdaa,d5b07aa1fb2352a47d351f87,119284,https://m.dcinside.com/board/pokemoncardgame/119284,"메상해꽃, 하솔 sar 판매 및 구매",seller-6a6106e28956f4070c3b4862,섬도희-아가리,registered,loadScript ' t,loadScript ' t,loadScript('//t,,,unknown,미분류,1,1,10000,estimated,bundle,text,unknown,,active,needs_review,needs_review,"가격 단위 추정, 복수 카드 가격, 배송비 포함 여부 미확정, 묶음·세트 총액 · 개별 카드 가격 아님",estimated,no,no,"loadScript('//t1.kakaocdn.net/kas/static/ba.min.js', true);"
db1f2b6f855702186a607d2b,pokemoncardgame,포켓몬 카드게임,2026-07,2026-07-26T14:36:15+09:00,known,6bdd9d7fa6b2ed56db65e8b5,db1f2b6f855702186a607d2b,119284,https://m.dcinside.com/board/pokemoncardgame/119284,"메상해꽃, 하솔 sar 판매 및 구매",seller-6a6106e28956f4070c3b4862,섬도희-아가리,registered,MA 메가 팬텀,MA 메가 팬텀,MA 메가 팬텀,,,unknown,미분류,4,4.0,40000,estimated,bundle,text,unknown,,active,needs_review,needs_review,"가격 단위 추정, 일괄·세트 가격, 배송비 포함 여부 미확정, 묶음·세트 총액 · 개별 카드 가격 아님",estimated,no,no,MA 메가 팬텀 4장 일괄 4.0
dff005fb77922c94dc99f9bc,pokemoncardgame,포켓몬 카드게임,2026-07,2026-07-26T14:36:15+09:00,known,f22101c45a66f815c682d442,dff005fb77922c94dc99f9bc,119284,https://m.dcinside.com/board/pokemoncardgame/119284,"메상해꽃, 하솔 sar 판매 및 구매",seller-6a6106e28956f4070c3b4862,섬도희-아가리,registered,loadScript 'https pagead,loadScript 'https pagead,loadScript('https://pagead,,,unknown,미분류,1,2,20000,estimated,bundle,text,unknown,,active,needs_review,needs_review,"가격 단위 추정, 복수 카드 가격, 배송비 포함 여부 미확정, 묶음·세트 총액 · 개별 카드 가격 아님",estimated,no,no,"loadScript('https://pagead2.googlesyndication.com/pagead/js/adsbygoogle_direct.js?client=ca-pub-8171468792791627', true, 'anonymous');"
e0a56ffc9ca67469c4f61768,pokemoncardgame,포켓몬 카드게임,2026-07,2026-07-26T14:36:15+09:00,known,e9cb9110b6d886dd80dffdaa,e0a56ffc9ca67469c4f61768,119284,https://m.dcinside.com/board/pokemoncardgame/119284,"메상해꽃, 하솔 sar 판매 및 구매",seller-6a6106e28956f4070c3b4862,섬도희-아가리,registered,하솔,하솔,하솔 장당,,,unknown,미분류,1,1.3,13000,estimated,per_card,text,unknown,,active,needs_review,needs_review,"가격 단위 추정, 배송비 포함 여부 미확정",estimated,yes,candidate_estimated,하솔 장당 1.3
e968db1d891ae55b716de066,pokemoncardgame,포켓몬 카드게임,2026-07,2026-07-26T14:36:15+09:00,known,6bdd9d7fa6b2ed56db65e8b5,e968db1d891ae55b716de066,119284,https://m.dcinside.com/board/pokemoncardgame/119284,"메상해꽃, 하솔 sar 판매 및 구매",seller-6a6106e28956f4070c3b4862,섬도희-아가리,registered,MA 메가 망나뇽,MA 메가 망나뇽,MA 메가 망나뇽,,,unknown,미분류,4,3.5,35000,estimated,bundle,text,unknown,,active,needs_review,needs_review,"가격 단위 추정, 일괄·세트 가격, 배송비 포함 여부 미확정, 묶음·세트 총액 · 개별 카드 가격 아님",estimated,no,no,MA 메가 망나뇽 4장 일괄 3.5
ed55189667ef762f5f4a5f69,pokemoncardgame,포켓몬 카드게임,2026-07,2026-07-26T14:36:15+09:00,known,0768e41adcc7e4d0ac7371b2,ed55189667ef762f5f4a5f69,119284,https://m.dcinside.com/board/pokemoncardgame/119284,"메상해꽃, 하솔 sar 판매 및 구매",seller-6a6106e28956f4070c3b4862,섬도희-아가리,registered,MA 메가 망나뇽,MA 메가 망나뇽,MA 메가 망나뇽,,,unknown,미분류,4,3.5,35000,estimated,bundle,text,unknown,,active,needs_review,needs_review,"가격 단위 추정, 일괄·세트 가격, 배송비 포함 여부 미확정, 묶음·세트 총액 · 개별 카드 가격 아님",estimated,no,no,MA 메가 망나뇽 4장 일괄 3.5
f448a11657b086948807cf37,pokemoncardgame,포켓몬 카드게임,2026-07,2026-07-26T14:36:15+09:00,known,6bdd9d7fa6b2ed56db65e8b5,f448a11657b086948807cf37,119284,https://m.dcinside.com/board/pokemoncardgame/119284,"메상해꽃, 하솔 sar 판매 및 구매",seller-6a6106e28956f4070c3b4862,섬도희-아가리,registered,loadScript ' t,loadScript ' t,loadScript('//t,,,unknown,미분류,1,1,10000,estimated,bundle,text,unknown,,active,needs_review,needs_review,"가격 단위 추정, 복수 카드 가격, 배송비 포함 여부 미확정, 묶음·세트 총액 · 개별 카드 가격 아님",estimated,no,no,"loadScript('//t1.kakaocdn.net/kas/static/ba.min.js', true);"
2a805080c738f4a991435144,pokemoncardgame,포켓몬 카드게임,2026-07,2026-07-26T20:22:31+09:00,known,bbb0646463d447eeef57f515,2a805080c738f4a991435144,119300,https://m.dcinside.com/board/pokemoncardgame/119300,"포켓패드 sr,스파이크마을 체육관, 시크릿박스 팔아주실 분...",seller-0b916dbd746724b5b409819e,캐르단,registered,스파이크마을 체육관,스파이크마을 체육관,스파이크마을 체육관 장당,,,unknown,미분류,1,0.25,2500,estimated,per_card,text,unknown,,active,needs_review,needs_review,"가격 단위 추정, 배송비 포함 여부 미확정",estimated,yes,candidate_estimated,스파이크마을 체육관 1장 장당 0.25
305a69205100aca7d5dd071c,pokemoncardgame,포켓몬 카드게임,2026-07,2026-07-26T20:22:31+09:00,known,bc982f0bfc09cee6d898e5a3,305a69205100aca7d5dd071c,119300,https://m.dcinside.com/board/pokemoncardgame/119300,"포켓패드 sr,스파이크마을 체육관, 시크릿박스 팔아주실 분...",seller-0b916dbd746724b5b409819e,캐르단,registered,스파이크마을 체육관,스파이크마을 체육관,스파이크마을 체육관 장당,,,unknown,미분류,1,0.25,2500,estimated,per_card,text,unknown,,active,needs_review,needs_review,"가격 단위 추정, 배송비 포함 여부 미확정",estimated,yes,candidate_estimated,스파이크마을 체육관 1장 장당 0.25
4c44f4155ca0f3f3962c9d33,pokemoncardgame,포켓몬 카드게임,2026-07,2026-07-26T20:22:31+09:00,known,4cddbd4fb553fac2be6ffae2,4c44f4155ca0f3f3962c9d33,119300,https://m.dcinside.com/board/pokemoncardgame/119300,"포켓패드 sr,스파이크마을 체육관, 시크릿박스 팔아주실 분...",seller-0b916dbd746724b5b409819e,캐르단,registered,시크릿박스,시크릿박스,시크릿박스 장당,,,unknown,미분류,1,0.3,3000,estimated,per_card,text,unknown,,active,needs_review,needs_review,"가격 단위 추정, 배송비 포함 여부 미확정",estimated,yes,candidate_estimated,시크릿박스 1장 장당 0.3
4ca07127cdb8e2902dd587ed,pokemoncardgame,포켓몬 카드게임,2026-07,2026-07-26T20:22:31+09:00,known,bc982f0bfc09cee6d898e5a3,4ca07127cdb8e2902dd587ed,119300,https://m.dcinside.com/board/pokemoncardgame/119300,"포켓패드 sr,스파이크마을 체육관, 시크릿박스 팔아주실 분...",seller-0b916dbd746724b5b409819e,캐르단,registered,시크릿박스,시크릿박스,시크릿박스 장당,,,unknown,미분류,1,0.3,3000,estimated,per_card,text,unknown,,active,needs_review,needs_review,"가격 단위 추정, 배송비 포함 여부 미확정",estimated,yes,candidate_estimated,시크릿박스 1장 장당 0.3
758547609f81f816628be2de,pokemoncardgame,포켓몬 카드게임,2026-07,2026-07-26T20:22:31+09:00,known,4cddbd4fb553fac2be6ffae2,758547609f81f816628be2de,119300,https://m.dcinside.com/board/pokemoncardgame/119300,"포켓패드 sr,스파이크마을 체육관, 시크릿박스 팔아주실 분...",seller-0b916dbd746724b5b409819e,캐르단,registered,포켓패드 sr,포켓패드 sr,포켓패드 sr 장당,,,unknown,미분류,4,0.3,3000,estimated,per_card,text,unknown,,active,needs_review,needs_review,"가격 단위 추정, 배송비 포함 여부 미확정",estimated,yes,candidate_estimated,포켓패드 sr 4장 장당 0.3
75ce5e07ae11f9ba352252ca,pokemoncardgame,포켓몬 카드게임,2026-07,2026-07-26T20:22:31+09:00,known,bbb0646463d447eeef57f515,75ce5e07ae11f9ba352252ca,119300,https://m.dcinside.com/board/pokemoncardgame/119300,"포켓패드 sr,스파이크마을 체육관, 시크릿박스 팔아주실 분...",seller-0b916dbd746724b5b409819e,캐르단,registered,절친포핀 sr,절친포핀 sr,절친포핀 sr 장당,,,unknown,미분류,2,0.2,2000,estimated,per_card,text,unknown,,active,needs_review,needs_review,"가격 단위 추정, 배송비 포함 여부 미확정",estimated,yes,candidate_estimated,절친포핀 sr 2장 장당 0.2
82ff7b22d579c08454f178bf,pokemoncardgame,포켓몬 카드게임,2026-07,2026-07-26T20:22:31+09:00,known,bbb0646463d447eeef57f515,82ff7b22d579c08454f178bf,119300,https://m.dcinside.com/board/pokemoncardgame/119300,"포켓패드 sr,스파이크마을 체육관, 시크릿박스 팔아주실 분...",seller-0b916dbd746724b5b409819e,캐르단,registered,포켓패드 sr,포켓패드 sr,포켓패드 sr 장당,,,unknown,미분류,4,0.3,3000,estimated,per_card,text,unknown,,active,needs_review,needs_review,"가격 단위 추정, 배송비 포함 여부 미확정",estimated,yes,candidate_estimated,포켓패드 sr 4장 장당 0.3
b95ca886e43798feaf4016e6,pokemoncardgame,포켓몬 카드게임,2026-07,2026-07-26T20:22:31+09:00,known,bbb0646463d447eeef57f515,b95ca886e43798feaf4016e6,119300,https://m.dcinside.com/board/pokemoncardgame/119300,"포켓패드 sr,스파이크마을 체육관, 시크릿박스 팔아주실 분...",seller-0b916dbd746724b5b409819e,캐르단,registered,시크릿박스,시크릿박스,시크릿박스 장당,,,unknown,미분류,1,0.3,3000,estimated,per_card,text,unknown,,active,needs_review,needs_review,"가격 단위 추정, 배송비 포함 여부 미확정",estimated,yes,candidate_estimated,시크릿박스 1장 장당 0.3
c26cd512968f0c08c0032efa,pokemoncardgame,포켓몬 카드게임,2026-07,2026-07-26T20:22:31+09:00,known,bc982f0bfc09cee6d898e5a3,c26cd512968f0c08c0032efa,119300,https://m.dcinside.com/board/pokemoncardgame/119300,"포켓패드 sr,스파이크마을 체육관, 시크릿박스 팔아주실 분...",seller-0b916dbd746724b5b409819e,캐르단,registered,포켓패드 sr,포켓패드 sr,포켓패드 sr 장당,,,unknown,미분류,4,0.3,3000,estimated,per_card,text,unknown,,active,needs_review,needs_review,"가격 단위 추정, 배송비 포함 여부 미확정",estimated,yes,candidate_estimated,포켓패드 sr 4장 장당 0.3
d466cd275b3a2455041073e0,pokemoncardgame,포켓몬 카드게임,2026-07,2026-07-26T20:22:31+09:00,known,4cddbd4fb553fac2be6ffae2,d466cd275b3a2455041073e0,119300,https://m.dcinside.com/board/pokemoncardgame/119300,"포켓패드 sr,스파이크마을 체육관, 시크릿박스 팔아주실 분...",seller-0b916dbd746724b5b409819e,캐르단,registered,절친포핀 sr,절친포핀 sr,절친포핀 sr 장당,,,unknown,미분류,2,0.2,2000,estimated,per_card,text,unknown,,active,needs_review,needs_review,"가격 단위 추정, 배송비 포함 여부 미확정",estimated,yes,candidate_estimated,절친포핀 sr 2장 장당 0.2
d83496c46ad507167bc003e9,pokemoncardgame,포켓몬 카드게임,2026-07,2026-07-26T20:22:31+09:00,known,4cddbd4fb553fac2be6ffae2,d83496c46ad507167bc003e9,119300,https://m.dcinside.com/board/pokemoncardgame/119300,"포켓패드 sr,스파이크마을 체육관, 시크릿박스 팔아주실 분...",seller-0b916dbd746724b5b409819e,캐르단,registered,스파이크마을 체육관,스파이크마을 체육관,스파이크마을 체육관 장당,,,unknown,미분류,1,0.25,2500,estimated,per_card,text,unknown,,active,needs_review,needs_review,"가격 단위 추정, 배송비 포함 여부 미확정",estimated,yes,candidate_estimated,스파이크마을 체육관 1장 장당 0.25
de68b370700270e8c4b14cf2,pokemoncardgame,포켓몬 카드게임,2026-07,2026-07-26T20:22:31+09:00,known,bc982f0bfc09cee6d898e5a3,de68b370700270e8c4b14cf2,119300,https://m.dcinside.com/board/pokemoncardgame/119300,"포켓패드 sr,스파이크마을 체육관, 시크릿박스 팔아주실 분...",seller-0b916dbd746724b5b409819e,캐르단,registered,절친포핀 sr,절친포핀 sr,절친포핀 sr 장당,,,unknown,미분류,2,0.2,2000,estimated,per_card,text,unknown,,active,needs_review,needs_review,"가격 단위 추정, 배송비 포함 여부 미확정",estimated,yes,candidate_estimated,절친포핀 sr 2장 장당 0.2
0485d1031996149b2a2641b4,pokemoncardgame,포켓몬 카드게임,2026-07,2026-07-26T22:42:31+09:00,known,41a1e0494c81e52e187a02e3,0485d1031996149b2a2641b4,119319,https://m.dcinside.com/board/pokemoncardgame/119319,변화의가면 1점 불꽃타입 샹델라 구매합니다,seller-385c1fc73f0858f5e9862be9,ㅇㅇ,guest,,,,,,unknown,미분류,3,0.5,5000,estimated,bundle,text,unknown,,active,needs_review,needs_review,"가격 단위 추정, 일괄·세트 가격, 배송비 포함 여부 미확정, 카드명 확인 필요, 묶음·세트 총액 · 개별 카드 가격 아님",estimated,no,no,3장 일괄 0.5에 구매합니다
7e05f6887ba0fa877879a052,pokemoncardgame,포켓몬 카드게임,2026-07,2026-07-26T22:42:31+09:00,known,686e58bece30b984441b6756,7e05f6887ba0fa877879a052,119319,https://m.dcinside.com/board/pokemoncardgame/119319,변화의가면 1점 불꽃타입 샹델라 구매합니다,seller-d06aaa0a8c056891513a522a,ㅇㅇ,guest,,,,,,unknown,미분류,3,0.5,5000,estimated,bundle,text,unknown,,active,needs_review,needs_review,"가격 단위 추정, 일괄·세트 가격, 배송비 포함 여부 미확정, 카드명 확인 필요, 묶음·세트 총액 · 개별 카드 가격 아님",estimated,no,no,3장 일괄 0.5에 구매합니다
87ab3eff2b27e32a3ef8a2ca,pokemoncardgame,포켓몬 카드게임,2026-07,2026-07-26T22:42:31+09:00,known,ebdf95bfad0ccd33b5d1153b,87ab3eff2b27e32a3ef8a2ca,119319,https://m.dcinside.com/board/pokemoncardgame/119319,변화의가면 1점 불꽃타입 샹델라 구매합니다,seller-7544c217b1fa783d1fb107de,ㅇㅇ,guest,,,,,,unknown,미분류,3,0.5,5000,estimated,bundle,text,unknown,,active,needs_review,needs_review,"가격 단위 추정, 일괄·세트 가격, 배송비 포함 여부 미확정, 카드명 확인 필요, 묶음·세트 총액 · 개별 카드 가격 아님",estimated,no,no,3장 일괄 0.5에 구매합니다
4254c20e0f20df2fc1ab7599,pokemoncardgame,포켓몬 카드게임,2026-07,2026-07-27T01:10:49+09:00,known,001b2bbd51cc22677184fd4d,4254c20e0f20df2fc1ab7599,119327,https://m.dcinside.com/board/pokemoncardgame/119327,오늘 용산에서 변환의 서 1장 삼,seller-871e3518e06697a732c9bf60,마라탕두쫀쿠,registered,,,,,,unknown,미분류,1,1000,1000,exact,per_card,text,unknown,,active,needs_review,needs_review,"배송비 포함 여부 미확정, 카드명 확인 필요",exact,yes,candidate_estimated,1장 1000원에 삼
ce142e03cb6718d34ecf3e7e,pokemoncardgame,포켓몬 카드게임,2026-07,2026-07-27T01:10:49+09:00,known,0b6ef0c9af82873c1ec4e7f9,ce142e03cb6718d34ecf3e7e,119327,https://m.dcinside.com/board/pokemoncardgame/119327,오늘 용산에서 변환의 서 1장 삼,seller-871e3518e06697a732c9bf60,마라탕두쫀쿠,registered,,,,,,unknown,미분류,1,1000,1000,exact,per_card,text,unknown,,active,needs_review,needs_review,"배송비 포함 여부 미확정, 카드명 확인 필요",exact,yes,candidate_estimated,1장 1000원에 삼
e7f53c4d7d69ba017b66a277,pokemoncardgame,포켓몬 카드게임,2026-07,2026-07-27T01:10:49+09:00,known,2bc9a9faae15717176b7c7ac,e7f53c4d7d69ba017b66a277,119327,https://m.dcinside.com/board/pokemoncardgame/119327,오늘 용산에서 변환의 서 1장 삼,seller-871e3518e06697a732c9bf60,마라탕두쫀쿠,registered,,,,,,unknown,미분류,1,1000,1000,exact,per_card,text,unknown,,active,needs_review,needs_review,"배송비 포함 여부 미확정, 카드명 확인 필요",exact,yes,candidate_estimated,1장 1000원에 삼
21485aebd3ff6ea622e034d7,pokemoncardgame,포켓몬 카드게임,2026-07,2026-07-27T08:37:53+09:00,known,fff86b41d2e798516a3c7e6c,21485aebd3ff6ea622e034d7,119336,https://m.dcinside.com/board/pokemoncardgame/119336,"오롱털, 메루카 완덱 구매 및 시세 문의 드립니당 ㅜㅜ",seller-8980aa1e5db7b5950e07bb20,잉어는잉어,registered,var safe = window.dcAd && window.dcAd.safe ==,var safe = window.dcAd && window.dcAd.safe ==,var safe = (window.dcAd && window.dcAd.safe ==,,,unknown,미분류,1,1,10000,estimated,bundle,text,unknown,,active,needs_review,needs_review,"가격 단위 추정, 복수 카드 가격, 배송비 포함 여부 미확정, 묶음·세트 총액 · 개별 카드 가격 아님",estimated,no,no,var safe = (window.dcAd && window.dcAd.safe == 1)
21aea3c9cd62a5ed52bc2ff8,pokemoncardgame,포켓몬 카드게임,2026-07,2026-07-27T08:37:53+09:00,known,a096c474ae6fb31a79575c8c,21aea3c9cd62a5ed52bc2ff8,119336,https://m.dcinside.com/board/pokemoncardgame/119336,"오롱털, 메루카 완덱 구매 및 시세 문의 드립니당 ㅜㅜ",seller-8980aa1e5db7b5950e07bb20,잉어는잉어,registered,DOM 삽입 헬퍼 현재 스크립트 위치 기준,DOM 삽입 헬퍼 현재 스크립트 위치 기준,// ---- DOM 삽입 헬퍼 (현재 스크립트 위치 기준,,,unknown,미분류,1,1,10000,estimated,bundle,text,unknown,,active,needs_review,needs_review,"가격 단위 추정, 복수 카드 가격, 배송비 포함 여부 미확정, 묶음·세트 총액 · 개별 카드 가격 아님",estimated,no,no,// ---- DOM 삽입 헬퍼 (현재 스크립트 위치 기준1)
2c8f07d3c420aac790b5ae84,pokemoncardgame,포켓몬 카드게임,2026-07,2026-07-27T08:37:53+09:00,known,fff86b41d2e798516a3c7e6c,2c8f07d3c420aac790b5ae84,119336,https://m.dcinside.com/board/pokemoncardgame/119336,"오롱털, 메루카 완덱 구매 및 시세 문의 드립니당 ㅜㅜ",seller-8980aa1e5db7b5950e07bb20,잉어는잉어,registered,loadScript 'https pagead,loadScript 'https pagead,loadScript('https://pagead,,,unknown,미분류,1,2,20000,estimated,bundle,text,unknown,,active,needs_review,needs_review,"가격 단위 추정, 복수 카드 가격, 배송비 포함 여부 미확정, 묶음·세트 총액 · 개별 카드 가격 아님",estimated,no,no,"loadScript('https://pagead2.googlesyndication.com/pagead/js/adsbygoogle_direct.js?client=ca-pub-8171468792791627', true, 'anonymous');"
33a817ccaa7d13b881dd9c13,pokemoncardgame,포켓몬 카드게임,2026-07,2026-07-27T08:37:53+09:00,known,fff86b41d2e798516a3c7e6c,33a817ccaa7d13b881dd9c13,119336,https://m.dcinside.com/board/pokemoncardgame/119336,"오롱털, 메루카 완덱 구매 및 시세 문의 드립니당 ㅜㅜ",seller-8980aa1e5db7b5950e07bb20,잉어는잉어,registered,DOM 삽입 헬퍼 현재 스크립트 위치 기준,DOM 삽입 헬퍼 현재 스크립트 위치 기준,// ---- DOM 삽입 헬퍼 (현재 스크립트 위치 기준,,,unknown,미분류,1,1,10000,estimated,bundle,text,unknown,,active,needs_review,needs_review,"가격 단위 추정, 복수 카드 가격, 배송비 포함 여부 미확정, 묶음·세트 총액 · 개별 카드 가격 아님",estimated,no,no,// ---- DOM 삽입 헬퍼 (현재 스크립트 위치 기준1)
3dc1cc28d90e4a3e6d30ba0c,pokemoncardgame,포켓몬 카드게임,2026-07,2026-07-27T08:37:53+09:00,known,d7c1fdfa78eefb0484273b45,3dc1cc28d90e4a3e6d30ba0c,119336,https://m.dcinside.com/board/pokemoncardgame/119336,"오롱털, 메루카 완덱 구매 및 시세 문의 드립니당 ㅜㅜ",seller-8980aa1e5db7b5950e07bb20,잉어는잉어,registered,var safe = window.dcAd && window.dcAd.safe ==,var safe = window.dcAd && window.dcAd.safe ==,var safe = (window.dcAd && window.dcAd.safe ==,,,unknown,미분류,1,1,10000,estimated,bundle,text,unknown,,active,needs_review,needs_review,"가격 단위 추정, 복수 카드 가격, 배송비 포함 여부 미확정, 묶음·세트 총액 · 개별 카드 가격 아님",estimated,no,no,var safe = (window.dcAd && window.dcAd.safe == 1)
555078cdc5e3cf4cdedc45c0,pokemoncardgame,포켓몬 카드게임,2026-07,2026-07-27T08:37:53+09:00,known,d7c1fdfa78eefb0484273b45,555078cdc5e3cf4cdedc45c0,119336,https://m.dcinside.com/board/pokemoncardgame/119336,"오롱털, 메루카 완덱 구매 및 시세 문의 드립니당 ㅜㅜ",seller-8980aa1e5db7b5950e07bb20,잉어는잉어,registered,loadScript ' t,loadScript ' t,loadScript('//t,,,unknown,미분류,1,1,10000,estimated,bundle,text,unknown,,active,needs_review,needs_review,"가격 단위 추정, 복수 카드 가격, 배송비 포함 여부 미확정, 묶음·세트 총액 · 개별 카드 가격 아님",estimated,no,no,"loadScript('//t1.kakaocdn.net/kas/static/ba.min.js', true);"
5ef6b232f103947b1e3ec782,pokemoncardgame,포켓몬 카드게임,2026-07,2026-07-27T08:37:53+09:00,known,a096c474ae6fb31a79575c8c,5ef6b232f103947b1e3ec782,119336,https://m.dcinside.com/board/pokemoncardgame/119336,"오롱털, 메루카 완덱 구매 및 시세 문의 드립니당 ㅜㅜ",seller-8980aa1e5db7b5950e07bb20,잉어는잉어,registered,loadScript 'https pagead,loadScript 'https pagead,loadScript('https://pagead,,,unknown,미분류,1,2,20000,estimated,bundle,text,unknown,,active,needs_review,needs_review,"가격 단위 추정, 복수 카드 가격, 배송비 포함 여부 미확정, 묶음·세트 총액 · 개별 카드 가격 아님",estimated,no,no,"loadScript('https://pagead2.googlesyndication.com/pagead/js/adsbygoogle_direct.js?client=ca-pub-8171468792791627', true, 'anonymous');"
6c2a0c6b582e7d217992814a,pokemoncardgame,포켓몬 카드게임,2026-07,2026-07-27T08:37:53+09:00,known,a096c474ae6fb31a79575c8c,6c2a0c6b582e7d217992814a,119336,https://m.dcinside.com/board/pokemoncardgame/119336,"오롱털, 메루카 완덱 구매 및 시세 문의 드립니당 ㅜㅜ",seller-8980aa1e5db7b5950e07bb20,잉어는잉어,registered,var safe = window.dcAd && window.dcAd.safe ==,var safe = window.dcAd && window.dcAd.safe ==,var safe = (window.dcAd && window.dcAd.safe ==,,,unknown,미분류,1,1,10000,estimated,bundle,text,unknown,,active,needs_review,needs_review,"가격 단위 추정, 복수 카드 가격, 배송비 포함 여부 미확정, 묶음·세트 총액 · 개별 카드 가격 아님",estimated,no,no,var safe = (window.dcAd && window.dcAd.safe == 1)
94cdbd18aef2ae6eb3770e65,pokemoncardgame,포켓몬 카드게임,2026-07,2026-07-27T08:37:53+09:00,known,d7c1fdfa78eefb0484273b45,94cdbd18aef2ae6eb3770e65,119336,https://m.dcinside.com/board/pokemoncardgame/119336,"오롱털, 메루카 완덱 구매 및 시세 문의 드립니당 ㅜㅜ",seller-8980aa1e5db7b5950e07bb20,잉어는잉어,registered,loadScript 'https pagead,loadScript 'https pagead,loadScript('https://pagead,,,unknown,미분류,1,2,20000,estimated,bundle,text,unknown,,active,needs_review,needs_review,"가격 단위 추정, 복수 카드 가격, 배송비 포함 여부 미확정, 묶음·세트 총액 · 개별 카드 가격 아님",estimated,no,no,"loadScript('https://pagead2.googlesyndication.com/pagead/js/adsbygoogle_direct.js?client=ca-pub-8171468792791627', true, 'anonymous');"
9cc600f978441ef44836a9a5,pokemoncardgame,포켓몬 카드게임,2026-07,2026-07-27T08:37:53+09:00,known,fff86b41d2e798516a3c7e6c,9cc600f978441ef44836a9a5,119336,https://m.dcinside.com/board/pokemoncardgame/119336,"오롱털, 메루카 완덱 구매 및 시세 문의 드립니당 ㅜㅜ",seller-8980aa1e5db7b5950e07bb20,잉어는잉어,registered,loadScript ' t,loadScript ' t,loadScript('//t,,,unknown,미분류,1,1,10000,estimated,bundle,text,unknown,,active,needs_review,needs_review,"가격 단위 추정, 복수 카드 가격, 배송비 포함 여부 미확정, 묶음·세트 총액 · 개별 카드 가격 아님",estimated,no,no,"loadScript('//t1.kakaocdn.net/kas/static/ba.min.js', true);"
f01862e8ca0317a1aa0cfe74,pokemoncardgame,포켓몬 카드게임,2026-07,2026-07-27T08:37:53+09:00,known,a096c474ae6fb31a79575c8c,f01862e8ca0317a1aa0cfe74,119336,https://m.dcinside.com/board/pokemoncardgame/119336,"오롱털, 메루카 완덱 구매 및 시세 문의 드립니당 ㅜㅜ",seller-8980aa1e5db7b5950e07bb20,잉어는잉어,registered,loadScript ' t,loadScript ' t,loadScript('//t,,,unknown,미분류,1,1,10000,estimated,bundle,text,unknown,,active,needs_review,needs_review,"가격 단위 추정, 복수 카드 가격, 배송비 포함 여부 미확정, 묶음·세트 총액 · 개별 카드 가격 아님",estimated,no,no,"loadScript('//t1.kakaocdn.net/kas/static/ba.min.js', true);"
fe2a4e8f5b77e8089e630f62,pokemoncardgame,포켓몬 카드게임,2026-07,2026-07-27T08:37:53+09:00,known,d7c1fdfa78eefb0484273b45,fe2a4e8f5b77e8089e630f62,119336,https://m.dcinside.com/board/pokemoncardgame/119336,"오롱털, 메루카 완덱 구매 및 시세 문의 드립니당 ㅜㅜ",seller-8980aa1e5db7b5950e07bb20,잉어는잉어,registered,DOM 삽입 헬퍼 현재 스크립트 위치 기준,DOM 삽입 헬퍼 현재 스크립트 위치 기준,// ---- DOM 삽입 헬퍼 (현재 스크립트 위치 기준,,,unknown,미분류,1,1,10000,estimated,bundle,text,unknown,,active,needs_review,needs_review,"가격 단위 추정, 복수 카드 가격, 배송비 포함 여부 미확정, 묶음·세트 총액 · 개별 카드 가격 아님",estimated,no,no,// ---- DOM 삽입 헬퍼 (현재 스크립트 위치 기준1)
087bb0abf51f74868f3b4af7,pokemoncardgame,포켓몬 카드게임,2026-07,2026-07-27T11:14:58+09:00,known,f118d53035273b530f6105f8,087bb0abf51f74868f3b4af7,119342,https://m.dcinside.com/board/pokemoncardgame/119342,덱소스 카드 판매,seller-3d94a8e424d666805473303f,씨지,registered,밤의 들것 재밍타워 네스트볼 풍선6,밤의 들것 재밍타워 네스트볼 풍선6,밤의 들것 2 / 재밍타워 1 / 네스트볼 4 / 풍선6,,,unknown,미분류,1,0.5,5000,estimated,bundle,text,unknown,,active,needs_review,needs_review,"가격 단위 추정, 일괄·세트 가격, 복수 카드 가격, 배송비 포함 여부 미확정, 묶음·세트 총액 · 개별 카드 가격 아님",estimated,no,no,밤의 들것 2 / 재밍타워 1 / 네스트볼 4 / 풍선6 일괄 0.5
098a5fd50494c64437b2a39d,pokemoncardgame,포켓몬 카드게임,2026-07,2026-07-27T11:14:58+09:00,known,5411b33d9288da5efb9edf75,098a5fd50494c64437b2a39d,119342,https://m.dcinside.com/board/pokemoncardgame/119342,덱소스 카드 판매,seller-3d94a8e424d666805473303f,씨지,registered,,장당,장당,,,unknown,미분류,1,0.2,2000,estimated,per_card,text,unknown,,active,needs_review,needs_review,"가격 단위 추정, 배송비 포함 여부 미확정",estimated,yes,candidate_estimated,장당 0.2
1ef46fe9501a0e156701134e,pokemoncardgame,포켓몬 카드게임,2026-07,2026-07-27T11:14:58+09:00,known,f118d53035273b530f6105f8,1ef46fe9501a0e156701134e,119342,https://m.dcinside.com/board/pokemoncardgame/119342,덱소스 카드 판매,seller-3d94a8e424d666805473303f,씨지,registered,loadScript 'https pagead,loadScript 'https pagead,loadScript('https://pagead,,,unknown,미분류,1,2,20000,estimated,bundle,text,unknown,,active,needs_review,needs_review,"가격 단위 추정, 복수 카드 가격, 배송비 포함 여부 미확정, 묶음·세트 총액 · 개별 카드 가격 아님",estimated,no,no,"loadScript('https://pagead2.googlesyndication.com/pagead/js/adsbygoogle_direct.js?client=ca-pub-8171468792791627', true, 'anonymous');"
2132717fb9e7c29e693e32e1,pokemoncardgame,포켓몬 카드게임,2026-07,2026-07-27T11:14:58+09:00,known,5411b33d9288da5efb9edf75,2132717fb9e7c29e693e32e1,119342,https://m.dcinside.com/board/pokemoncardgame/119342,덱소스 카드 판매,seller-3d94a8e424d666805473303f,씨지,registered,밤의 들것 재밍타워 네스트볼 풍선6,밤의 들것 재밍타워 네스트볼 풍선6,밤의 들것 2 / 재밍타워 1 / 네스트볼 4 / 풍선6,,,unknown,미분류,1,0.5,5000,estimated,bundle,text,unknown,,active,needs_review,needs_review,"가격 단위 추정, 일괄·세트 가격, 복수 카드 가격, 배송비 포함 여부 미확정, 묶음·세트 총액 · 개별 카드 가격 아님",estimated,no,no,밤의 들것 2 / 재밍타워 1 / 네스트볼 4 / 풍선6 일괄 0.5
25a502126206b908759f07a1,pokemoncardgame,포켓몬 카드게임,2026-07,2026-07-27T11:14:58+09:00,known,f118d53035273b530f6105f8,25a502126206b908759f07a1,119342,https://m.dcinside.com/board/pokemoncardgame/119342,덱소스 카드 판매,seller-3d94a8e424d666805473303f,씨지,registered,var safe = window.dcAd && window.dcAd.safe ==,var safe = window.dcAd && window.dcAd.safe ==,var safe = (window.dcAd && window.dcAd.safe ==,,,unknown,미분류,1,1,10000,estimated,bundle,text,unknown,,active,needs_review,needs_review,"가격 단위 추정, 복수 카드 가격, 배송비 포함 여부 미확정, 묶음·세트 총액 · 개별 카드 가격 아님",estimated,no,no,var safe = (window.dcAd && window.dcAd.safe == 1)
2d8976a1ababe1761642ac19,pokemoncardgame,포켓몬 카드게임,2026-07,2026-07-27T11:14:58+09:00,known,ffda517278d7ef07de6cbe4f,2d8976a1ababe1761642ac19,119342,https://m.dcinside.com/board/pokemoncardgame/119342,덱소스 카드 판매,seller-3d94a8e424d666805473303f,씨지,registered,loadScript ' t,loadScript ' t,loadScript('//t,,,unknown,미분류,1,1,10000,estimated,bundle,text,unknown,,active,needs_review,needs_review,"가격 단위 추정, 복수 카드 가격, 배송비 포함 여부 미확정, 묶음·세트 총액 · 개별 카드 가격 아님",estimated,no,no,"loadScript('//t1.kakaocdn.net/kas/static/ba.min.js', true);"
310e610a5232a3fd36685628,pokemoncardgame,포켓몬 카드게임,2026-07,2026-07-27T11:14:58+09:00,known,f118d53035273b530f6105f8,310e610a5232a3fd36685628,119342,https://m.dcinside.com/board/pokemoncardgame/119342,덱소스 카드 판매,seller-3d94a8e424d666805473303f,씨지,registered,loadScript ' t,loadScript ' t,loadScript('//t,,,unknown,미분류,1,1,10000,estimated,bundle,text,unknown,,active,needs_review,needs_review,"가격 단위 추정, 복수 카드 가격, 배송비 포함 여부 미확정, 묶음·세트 총액 · 개별 카드 가격 아님",estimated,no,no,"loadScript('//t1.kakaocdn.net/kas/static/ba.min.js', true);"
3a9e6a5ab879705245bc7ed3,pokemoncardgame,포켓몬 카드게임,2026-07,2026-07-27T11:14:58+09:00,known,5411b33d9288da5efb9edf75,3a9e6a5ab879705245bc7ed3,119342,https://m.dcinside.com/board/pokemoncardgame/119342,덱소스 카드 판매,seller-3d94a8e424d666805473303f,씨지,registered,DOM 삽입 헬퍼 현재 스크립트 위치 기준,DOM 삽입 헬퍼 현재 스크립트 위치 기준,// ---- DOM 삽입 헬퍼 (현재 스크립트 위치 기준,,,unknown,미분류,1,1,10000,estimated,bundle,text,unknown,,active,needs_review,needs_review,"가격 단위 추정, 복수 카드 가격, 배송비 포함 여부 미확정, 묶음·세트 총액 · 개별 카드 가격 아님",estimated,no,no,// ---- DOM 삽입 헬퍼 (현재 스크립트 위치 기준1)
4432b189690596029a1a4610,pokemoncardgame,포켓몬 카드게임,2026-07,2026-07-27T11:14:58+09:00,known,f118d53035273b530f6105f8,4432b189690596029a1a4610,119342,https://m.dcinside.com/board/pokemoncardgame/119342,덱소스 카드 판매,seller-3d94a8e424d666805473303f,씨지,registered,SR 아이템 카드,SR 아이템 카드,SR 아이템 카드,,,unknown,미분류,5,0.4,4000,estimated,bundle,text,unknown,,active,needs_review,needs_review,"가격 단위 추정, 일괄·세트 가격, 배송비 포함 여부 미확정, 묶음·세트 총액 · 개별 카드 가격 아님",estimated,no,no,SR 아이템 카드 5장 일괄 : 0.4
57032ead9f36c494ed4f5a4c,pokemoncardgame,포켓몬 카드게임,2026-07,2026-07-27T11:14:58+09:00,known,ffda517278d7ef07de6cbe4f,57032ead9f36c494ed4f5a4c,119342,https://m.dcinside.com/board/pokemoncardgame/119342,덱소스 카드 판매,seller-3d94a8e424d666805473303f,씨지,registered,밤의 들것 재밍타워 네스트볼 풍선6,밤의 들것 재밍타워 네스트볼 풍선6,밤의 들것 2 / 재밍타워 1 / 네스트볼 4 / 풍선6,,,unknown,미분류,1,0.5,5000,estimated,bundle,text,unknown,,active,needs_review,needs_review,"가격 단위 추정, 일괄·세트 가격, 복수 카드 가격, 배송비 포함 여부 미확정, 묶음·세트 총액 · 개별 카드 가격 아님",estimated,no,no,밤의 들것 2 / 재밍타워 1 / 네스트볼 4 / 풍선6 일괄 0.5
60227df9e1ea1548e2438448,pokemoncardgame,포켓몬 카드게임,2026-07,2026-07-27T11:14:58+09:00,known,ffda517278d7ef07de6cbe4f,60227df9e1ea1548e2438448,119342,https://m.dcinside.com/board/pokemoncardgame/119342,덱소스 카드 판매,seller-3d94a8e424d666805473303f,씨지,registered,SR 아이템 카드,SR 아이템 카드,SR 아이템 카드,,,unknown,미분류,5,0.4,4000,estimated,bundle,text,unknown,,active,needs_review,needs_review,"가격 단위 추정, 일괄·세트 가격, 배송비 포함 여부 미확정, 묶음·세트 총액 · 개별 카드 가격 아님",estimated,no,no,SR 아이템 카드 5장 일괄 : 0.4
6e3eb42ec83713e03e0f4d26,pokemoncardgame,포켓몬 카드게임,2026-07,2026-07-27T11:14:58+09:00,known,3b3d916fa2dc239cf6593231,6e3eb42ec83713e03e0f4d26,119342,https://m.dcinside.com/board/pokemoncardgame/119342,덱소스 카드 판매,seller-3d94a8e424d666805473303f,씨지,registered,,장당,장당,,,unknown,미분류,1,0.2,2000,estimated,per_card,text,unknown,,active,needs_review,needs_review,"가격 단위 추정, 배송비 포함 여부 미확정",estimated,yes,candidate_estimated,장당 0.2
7d623042d43a9302eac40387,pokemoncardgame,포켓몬 카드게임,2026-07,2026-07-27T11:14:58+09:00,known,3b3d916fa2dc239cf6593231,7d623042d43a9302eac40387,119342,https://m.dcinside.com/board/pokemoncardgame/119342,덱소스 카드 판매,seller-3d94a8e424d666805473303f,씨지,registered,loadScript ' t,loadScript ' t,loadScript('//t,,,unknown,미분류,1,1,10000,estimated,bundle,text,unknown,,active,needs_review,needs_review,"가격 단위 추정, 복수 카드 가격, 배송비 포함 여부 미확정, 묶음·세트 총액 · 개별 카드 가격 아님",estimated,no,no,"loadScript('//t1.kakaocdn.net/kas/static/ba.min.js', true);"
805e20a29599ed5dd78ab54c,pokemoncardgame,포켓몬 카드게임,2026-07,2026-07-27T11:14:58+09:00,known,ffda517278d7ef07de6cbe4f,805e20a29599ed5dd78ab54c,119342,https://m.dcinside.com/board/pokemoncardgame/119342,덱소스 카드 판매,seller-3d94a8e424d666805473303f,씨지,registered,,장당,장당,,,unknown,미분류,1,0.2,2000,estimated,per_card,text,unknown,,active,needs_review,needs_review,"가격 단위 추정, 배송비 포함 여부 미확정",estimated,yes,candidate_estimated,장당 0.2
8769bd70f5af902f170dcd6b,pokemoncardgame,포켓몬 카드게임,2026-07,2026-07-27T11:14:58+09:00,known,f118d53035273b530f6105f8,8769bd70f5af902f170dcd6b,119342,https://m.dcinside.com/board/pokemoncardgame/119342,덱소스 카드 판매,seller-3d94a8e424d666805473303f,씨지,registered,,장당,장당,,,unknown,미분류,1,0.2,2000,estimated,per_card,text,unknown,,active,needs_review,needs_review,"가격 단위 추정, 배송비 포함 여부 미확정",estimated,yes,candidate_estimated,장당 0.2
8d5c4881e4ad1196a6a4c062,pokemoncardgame,포켓몬 카드게임,2026-07,2026-07-27T11:14:58+09:00,known,f118d53035273b530f6105f8,8d5c4881e4ad1196a6a4c062,119342,https://m.dcinside.com/board/pokemoncardgame/119342,덱소스 카드 판매,seller-3d94a8e424d666805473303f,씨지,registered,DOM 삽입 헬퍼 현재 스크립트 위치 기준,DOM 삽입 헬퍼 현재 스크립트 위치 기준,// ---- DOM 삽입 헬퍼 (현재 스크립트 위치 기준,,,unknown,미분류,1,1,10000,estimated,bundle,text,unknown,,active,needs_review,needs_review,"가격 단위 추정, 복수 카드 가격, 배송비 포함 여부 미확정, 묶음·세트 총액 · 개별 카드 가격 아님",estimated,no,no,// ---- DOM 삽입 헬퍼 (현재 스크립트 위치 기준1)
996433a7c9cdf07e0492e97c,pokemoncardgame,포켓몬 카드게임,2026-07,2026-07-27T11:14:58+09:00,known,3b3d916fa2dc239cf6593231,996433a7c9cdf07e0492e97c,119342,https://m.dcinside.com/board/pokemoncardgame/119342,덱소스 카드 판매,seller-3d94a8e424d666805473303f,씨지,registered,loadScript 'https pagead,loadScript 'https pagead,loadScript('https://pagead,,,unknown,미분류,1,2,20000,estimated,bundle,text,unknown,,active,needs_review,needs_review,"가격 단위 추정, 복수 카드 가격, 배송비 포함 여부 미확정, 묶음·세트 총액 · 개별 카드 가격 아님",estimated,no,no,"loadScript('https://pagead2.googlesyndication.com/pagead/js/adsbygoogle_direct.js?client=ca-pub-8171468792791627', true, 'anonymous');"
99d08b5ed0134f3ad6a44468,pokemoncardgame,포켓몬 카드게임,2026-07,2026-07-27T11:14:58+09:00,known,ffda517278d7ef07de6cbe4f,99d08b5ed0134f3ad6a44468,119342,https://m.dcinside.com/board/pokemoncardgame/119342,덱소스 카드 판매,seller-3d94a8e424d666805473303f,씨지,registered,var safe = window.dcAd && window.dcAd.safe ==,var safe = window.dcAd && window.dcAd.safe ==,var safe = (window.dcAd && window.dcAd.safe ==,,,unknown,미분류,1,1,10000,estimated,bundle,text,unknown,,active,needs_review,needs_review,"가격 단위 추정, 복수 카드 가격, 배송비 포함 여부 미확정, 묶음·세트 총액 · 개별 카드 가격 아님",estimated,no,no,var safe = (window.dcAd && window.dcAd.safe == 1)
9cf4545ee012b3ecd00be639,pokemoncardgame,포켓몬 카드게임,2026-07,2026-07-27T11:14:58+09:00,known,5411b33d9288da5efb9edf75,9cf4545ee012b3ecd00be639,119342,https://m.dcinside.com/board/pokemoncardgame/119342,덱소스 카드 판매,seller-3d94a8e424d666805473303f,씨지,registered,loadScript 'https pagead,loadScript 'https pagead,loadScript('https://pagead,,,unknown,미분류,1,2,20000,estimated,bundle,text,unknown,,active,needs_review,needs_review,"가격 단위 추정, 복수 카드 가격, 배송비 포함 여부 미확정, 묶음·세트 총액 · 개별 카드 가격 아님",estimated,no,no,"loadScript('https://pagead2.googlesyndication.com/pagead/js/adsbygoogle_direct.js?client=ca-pub-8171468792791627', true, 'anonymous');"
a6c1ff5d7d6274ab79bd8dae,pokemoncardgame,포켓몬 카드게임,2026-07,2026-07-27T11:14:58+09:00,known,5411b33d9288da5efb9edf75,a6c1ff5d7d6274ab79bd8dae,119342,https://m.dcinside.com/board/pokemoncardgame/119342,덱소스 카드 판매,seller-3d94a8e424d666805473303f,씨지,registered,loadScript ' t,loadScript ' t,loadScript('//t,,,unknown,미분류,1,1,10000,estimated,bundle,text,unknown,,active,needs_review,needs_review,"가격 단위 추정, 복수 카드 가격, 배송비 포함 여부 미확정, 묶음·세트 총액 · 개별 카드 가격 아님",estimated,no,no,"loadScript('//t1.kakaocdn.net/kas/static/ba.min.js', true);"
b2bbe6bec7e252a79de90db7,pokemoncardgame,포켓몬 카드게임,2026-07,2026-07-27T11:14:58+09:00,known,5411b33d9288da5efb9edf75,b2bbe6bec7e252a79de90db7,119342,https://m.dcinside.com/board/pokemoncardgame/119342,덱소스 카드 판매,seller-3d94a8e424d666805473303f,씨지,registered,SR 아이템 카드,SR 아이템 카드,SR 아이템 카드,,,unknown,미분류,5,0.4,4000,estimated,bundle,text,unknown,,active,needs_review,needs_review,"가격 단위 추정, 일괄·세트 가격, 배송비 포함 여부 미확정, 묶음·세트 총액 · 개별 카드 가격 아님",estimated,no,no,SR 아이템 카드 5장 일괄 : 0.4
bc26f36e9535584b8b0f0382,pokemoncardgame,포켓몬 카드게임,2026-07,2026-07-27T11:14:58+09:00,known,3b3d916fa2dc239cf6593231,bc26f36e9535584b8b0f0382,119342,https://m.dcinside.com/board/pokemoncardgame/119342,덱소스 카드 판매,seller-3d94a8e424d666805473303f,씨지,registered,밤의 들것 재밍타워 네스트볼 풍선6,밤의 들것 재밍타워 네스트볼 풍선6,밤의 들것 2 / 재밍타워 1 / 네스트볼 4 / 풍선6,,,unknown,미분류,1,0.5,5000,estimated,bundle,text,unknown,,active,needs_review,needs_review,"가격 단위 추정, 일괄·세트 가격, 복수 카드 가격, 배송비 포함 여부 미확정, 묶음·세트 총액 · 개별 카드 가격 아님",estimated,no,no,밤의 들것 2 / 재밍타워 1 / 네스트볼 4 / 풍선6 일괄 0.5
c0b3ca8714dfe4b65e32fe16,pokemoncardgame,포켓몬 카드게임,2026-07,2026-07-27T11:14:58+09:00,known,ffda517278d7ef07de6cbe4f,c0b3ca8714dfe4b65e32fe16,119342,https://m.dcinside.com/board/pokemoncardgame/119342,덱소스 카드 판매,seller-3d94a8e424d666805473303f,씨지,registered,DOM 삽입 헬퍼 현재 스크립트 위치 기준,DOM 삽입 헬퍼 현재 스크립트 위치 기준,// ---- DOM 삽입 헬퍼 (현재 스크립트 위치 기준,,,unknown,미분류,1,1,10000,estimated,bundle,text,unknown,,active,needs_review,needs_review,"가격 단위 추정, 복수 카드 가격, 배송비 포함 여부 미확정, 묶음·세트 총액 · 개별 카드 가격 아님",estimated,no,no,// ---- DOM 삽입 헬퍼 (현재 스크립트 위치 기준1)
c4482200d475d8d199f39cd4,pokemoncardgame,포켓몬 카드게임,2026-07,2026-07-27T11:14:58+09:00,known,3b3d916fa2dc239cf6593231,c4482200d475d8d199f39cd4,119342,https://m.dcinside.com/board/pokemoncardgame/119342,덱소스 카드 판매,seller-3d94a8e424d666805473303f,씨지,registered,SR 아이템 카드,SR 아이템 카드,SR 아이템 카드,,,unknown,미분류,5,0.4,4000,estimated,bundle,text,unknown,,active,needs_review,needs_review,"가격 단위 추정, 일괄·세트 가격, 배송비 포함 여부 미확정, 묶음·세트 총액 · 개별 카드 가격 아님",estimated,no,no,SR 아이템 카드 5장 일괄 : 0.4
e282d0ba6ed15f8191dd42eb,pokemoncardgame,포켓몬 카드게임,2026-07,2026-07-27T11:14:58+09:00,known,ffda517278d7ef07de6cbe4f,e282d0ba6ed15f8191dd42eb,119342,https://m.dcinside.com/board/pokemoncardgame/119342,덱소스 카드 판매,seller-3d94a8e424d666805473303f,씨지,registered,loadScript 'https pagead,loadScript 'https pagead,loadScript('https://pagead,,,unknown,미분류,1,2,20000,estimated,bundle,text,unknown,,active,needs_review,needs_review,"가격 단위 추정, 복수 카드 가격, 배송비 포함 여부 미확정, 묶음·세트 총액 · 개별 카드 가격 아님",estimated,no,no,"loadScript('https://pagead2.googlesyndication.com/pagead/js/adsbygoogle_direct.js?client=ca-pub-8171468792791627', true, 'anonymous');"
e545b1b2c4dfb81cc08febd0,pokemoncardgame,포켓몬 카드게임,2026-07,2026-07-27T11:14:58+09:00,known,3b3d916fa2dc239cf6593231,e545b1b2c4dfb81cc08febd0,119342,https://m.dcinside.com/board/pokemoncardgame/119342,덱소스 카드 판매,seller-3d94a8e424d666805473303f,씨지,registered,var safe = window.dcAd && window.dcAd.safe ==,var safe = window.dcAd && window.dcAd.safe ==,var safe = (window.dcAd && window.dcAd.safe ==,,,unknown,미분류,1,1,10000,estimated,bundle,text,unknown,,active,needs_review,needs_review,"가격 단위 추정, 복수 카드 가격, 배송비 포함 여부 미확정, 묶음·세트 총액 · 개별 카드 가격 아님",estimated,no,no,var safe = (window.dcAd && window.dcAd.safe == 1)
f7536cedaaa4908e4517faf8,pokemoncardgame,포켓몬 카드게임,2026-07,2026-07-27T11:14:58+09:00,known,5411b33d9288da5efb9edf75,f7536cedaaa4908e4517faf8,119342,https://m.dcinside.com/board/pokemoncardgame/119342,덱소스 카드 판매,seller-3d94a8e424d666805473303f,씨지,registered,var safe = window.dcAd && window.dcAd.safe ==,var safe = window.dcAd && window.dcAd.safe ==,var safe = (window.dcAd && window.dcAd.safe ==,,,unknown,미분류,1,1,10000,estimated,bundle,text,unknown,,active,needs_review,needs_review,"가격 단위 추정, 복수 카드 가격, 배송비 포함 여부 미확정, 묶음·세트 총액 · 개별 카드 가격 아님",estimated,no,no,var safe = (window.dcAd && window.dcAd.safe == 1)
fdf3d7969bc7d3bb39227352,pokemoncardgame,포켓몬 카드게임,2026-07,2026-07-27T11:14:58+09:00,known,3b3d916fa2dc239cf6593231,fdf3d7969bc7d3bb39227352,119342,https://m.dcinside.com/board/pokemoncardgame/119342,덱소스 카드 판매,seller-3d94a8e424d666805473303f,씨지,registered,DOM 삽입 헬퍼 현재 스크립트 위치 기준,DOM 삽입 헬퍼 현재 스크립트 위치 기준,// ---- DOM 삽입 헬퍼 (현재 스크립트 위치 기준,,,unknown,미분류,1,1,10000,estimated,bundle,text,unknown,,active,needs_review,needs_review,"가격 단위 추정, 복수 카드 가격, 배송비 포함 여부 미확정, 묶음·세트 총액 · 개별 카드 가격 아님",estimated,no,no,// ---- DOM 삽입 헬퍼 (현재 스크립트 위치 기준1)
0f314de2f683b952754e9bf7,pokemoncardgame,포켓몬 카드게임,2026-07,2026-07-27T12:46:50+09:00,known,8c94e5f36bf2e26e8b69cdd6,0f314de2f683b952754e9bf7,119347,https://m.dcinside.com/board/pokemoncardgame/119347,축제장단 ㅍㅍ,seller-0dda0892e7e610e768668ef7,키라야나와결혼..,registered,loadScript 'https pagead,loadScript 'https pagead,loadScript('https://pagead,,,unknown,미분류,1,2,20000,estimated,bundle,text,unknown,,active,needs_review,needs_review,"가격 단위 추정, 복수 카드 가격, 배송비 포함 여부 미확정, 묶음·세트 총액 · 개별 카드 가격 아님",estimated,no,no,"loadScript('https://pagead2.googlesyndication.com/pagead/js/adsbygoogle_direct.js?client=ca-pub-8171468792791627', true, 'anonymous');"
1a21aae9cfc4fe092bb2ce52,pokemoncardgame,포켓몬 카드게임,2026-07,2026-07-27T12:46:50+09:00,known,df21093be9d400f8fe751ff1,1a21aae9cfc4fe092bb2ce52,119347,https://m.dcinside.com/board/pokemoncardgame/119347,축제장단 ㅍㅍ,seller-0dda0892e7e610e768668ef7,키라야나와결혼..,registered,loadScript ' t,loadScript ' t,loadScript('//t,,,unknown,미분류,1,1,10000,estimated,bundle,text,unknown,,active,needs_review,needs_review,"가격 단위 추정, 복수 카드 가격, 배송비 포함 여부 미확정, 묶음·세트 총액 · 개별 카드 가격 아님",estimated,no,no,"loadScript('//t1.kakaocdn.net/kas/static/ba.min.js', true);"
246912a46c1052f3b1721c93,pokemoncardgame,포켓몬 카드게임,2026-07,2026-07-27T12:46:50+09:00,known,a22539cb468ed138138f7850,246912a46c1052f3b1721c93,119347,https://m.dcinside.com/board/pokemoncardgame/119347,축제장단 ㅍㅍ,seller-0dda0892e7e610e768668ef7,키라야나와결혼..,registered,loadScript ' t,loadScript ' t,loadScript('//t,,,unknown,미분류,1,1,10000,estimated,bundle,text,unknown,,active,needs_review,needs_review,"가격 단위 추정, 복수 카드 가격, 배송비 포함 여부 미확정, 묶음·세트 총액 · 개별 카드 가격 아님",estimated,no,no,"loadScript('//t1.kakaocdn.net/kas/static/ba.min.js', true);"
343531c4f5c8ab8d19d397b2,pokemoncardgame,포켓몬 카드게임,2026-07,2026-07-27T12:46:50+09:00,known,a22539cb468ed138138f7850,343531c4f5c8ab8d19d397b2,119347,https://m.dcinside.com/board/pokemoncardgame/119347,축제장단 ㅍㅍ,seller-0dda0892e7e610e768668ef7,키라야나와결혼..,registered,loadScript 'https pagead,loadScript 'https pagead,loadScript('https://pagead,,,unknown,미분류,1,2,20000,estimated,bundle,text,unknown,,active,needs_review,needs_review,"가격 단위 추정, 복수 카드 가격, 배송비 포함 여부 미확정, 묶음·세트 총액 · 개별 카드 가격 아님",estimated,no,no,"loadScript('https://pagead2.googlesyndication.com/pagead/js/adsbygoogle_direct.js?client=ca-pub-8171468792791627', true, 'anonymous');"
3f7915fa70c0c210558da354,pokemoncardgame,포켓몬 카드게임,2026-07,2026-07-27T12:46:50+09:00,known,df21093be9d400f8fe751ff1,3f7915fa70c0c210558da354,119347,https://m.dcinside.com/board/pokemoncardgame/119347,축제장단 ㅍㅍ,seller-0dda0892e7e610e768668ef7,키라야나와결혼..,registered,loadScript 'https pagead,loadScript 'https pagead,loadScript('https://pagead,,,unknown,미분류,1,2,20000,estimated,bundle,text,unknown,,active,needs_review,needs_review,"가격 단위 추정, 복수 카드 가격, 배송비 포함 여부 미확정, 묶음·세트 총액 · 개별 카드 가격 아님",estimated,no,no,"loadScript('https://pagead2.googlesyndication.com/pagead/js/adsbygoogle_direct.js?client=ca-pub-8171468792791627', true, 'anonymous');"
5fd1bd09e438bd487d089021,pokemoncardgame,포켓몬 카드게임,2026-07,2026-07-27T12:46:50+09:00,known,df21093be9d400f8fe751ff1,5fd1bd09e438bd487d089021,119347,https://m.dcinside.com/board/pokemoncardgame/119347,축제장단 ㅍㅍ,seller-0dda0892e7e610e768668ef7,키라야나와결혼..,registered,var safe = window.dcAd && window.dcAd.safe ==,var safe = window.dcAd && window.dcAd.safe ==,var safe = (window.dcAd && window.dcAd.safe ==,,,unknown,미분류,1,1,10000,estimated,bundle,text,unknown,,active,needs_review,needs_review,"가격 단위 추정, 복수 카드 가격, 배송비 포함 여부 미확정, 묶음·세트 총액 · 개별 카드 가격 아님",estimated,no,no,var safe = (window.dcAd && window.dcAd.safe == 1)
6454db1c6414866f6fcb1fa5,pokemoncardgame,포켓몬 카드게임,2026-07,2026-07-27T12:46:50+09:00,known,417111e20d9b6e1fb112bc25,6454db1c6414866f6fcb1fa5,119347,https://m.dcinside.com/board/pokemoncardgame/119347,축제장단 ㅍㅍ,seller-0dda0892e7e610e768668ef7,키라야나와결혼..,registered,var safe = window.dcAd && window.dcAd.safe ==,var safe = window.dcAd && window.dcAd.safe ==,var safe = (window.dcAd && window.dcAd.safe ==,,,unknown,미분류,1,1,10000,estimated,bundle,text,unknown,,active,needs_review,needs_review,"가격 단위 추정, 복수 카드 가격, 배송비 포함 여부 미확정, 묶음·세트 총액 · 개별 카드 가격 아님",estimated,no,no,var safe = (window.dcAd && window.dcAd.safe == 1)
7d4cd8be11192fc9eab749c6,pokemoncardgame,포켓몬 카드게임,2026-07,2026-07-27T12:46:50+09:00,known,417111e20d9b6e1fb112bc25,7d4cd8be11192fc9eab749c6,119347,https://m.dcinside.com/board/pokemoncardgame/119347,축제장단 ㅍㅍ,seller-0dda0892e7e610e768668ef7,키라야나와결혼..,registered,DOM 삽입 헬퍼 현재 스크립트 위치 기준,DOM 삽입 헬퍼 현재 스크립트 위치 기준,// ---- DOM 삽입 헬퍼 (현재 스크립트 위치 기준,,,unknown,미분류,1,1,10000,estimated,bundle,text,unknown,,active,needs_review,needs_review,"가격 단위 추정, 복수 카드 가격, 배송비 포함 여부 미확정, 묶음·세트 총액 · 개별 카드 가격 아님",estimated,no,no,// ---- DOM 삽입 헬퍼 (현재 스크립트 위치 기준1)
86a8c566e591222eba5ff321,pokemoncardgame,포켓몬 카드게임,2026-07,2026-07-27T12:46:50+09:00,known,8c94e5f36bf2e26e8b69cdd6,86a8c566e591222eba5ff321,119347,https://m.dcinside.com/board/pokemoncardgame/119347,축제장단 ㅍㅍ,seller-0dda0892e7e610e768668ef7,키라야나와결혼..,registered,loadScript ' t,loadScript ' t,loadScript('//t,,,unknown,미분류,1,1,10000,estimated,bundle,text,unknown,,active,needs_review,needs_review,"가격 단위 추정, 복수 카드 가격, 배송비 포함 여부 미확정, 묶음·세트 총액 · 개별 카드 가격 아님",estimated,no,no,"loadScript('//t1.kakaocdn.net/kas/static/ba.min.js', true);"
9fa8fdec42a71895e39ae545,pokemoncardgame,포켓몬 카드게임,2026-07,2026-07-27T12:46:50+09:00,known,df21093be9d400f8fe751ff1,9fa8fdec42a71895e39ae545,119347,https://m.dcinside.com/board/pokemoncardgame/119347,축제장단 ㅍㅍ,seller-0dda0892e7e610e768668ef7,키라야나와결혼..,registered,DOM 삽입 헬퍼 현재 스크립트 위치 기준,DOM 삽입 헬퍼 현재 스크립트 위치 기준,// ---- DOM 삽입 헬퍼 (현재 스크립트 위치 기준,,,unknown,미분류,1,1,10000,estimated,bundle,text,unknown,,active,needs_review,needs_review,"가격 단위 추정, 복수 카드 가격, 배송비 포함 여부 미확정, 묶음·세트 총액 · 개별 카드 가격 아님",estimated,no,no,// ---- DOM 삽입 헬퍼 (현재 스크립트 위치 기준1)
a38a2cf059827821237ada7c,pokemoncardgame,포켓몬 카드게임,2026-07,2026-07-27T12:46:50+09:00,known,417111e20d9b6e1fb112bc25,a38a2cf059827821237ada7c,119347,https://m.dcinside.com/board/pokemoncardgame/119347,축제장단 ㅍㅍ,seller-0dda0892e7e610e768668ef7,키라야나와결혼..,registered,loadScript 'https pagead,loadScript 'https pagead,loadScript('https://pagead,,,unknown,미분류,1,2,20000,estimated,bundle,text,unknown,,active,needs_review,needs_review,"가격 단위 추정, 복수 카드 가격, 배송비 포함 여부 미확정, 묶음·세트 총액 · 개별 카드 가격 아님",estimated,no,no,"loadScript('https://pagead2.googlesyndication.com/pagead/js/adsbygoogle_direct.js?client=ca-pub-8171468792791627', true, 'anonymous');"
a5856c760adb5bc9209cf797,pokemoncardgame,포켓몬 카드게임,2026-07,2026-07-27T12:46:50+09:00,known,a22539cb468ed138138f7850,a5856c760adb5bc9209cf797,119347,https://m.dcinside.com/board/pokemoncardgame/119347,축제장단 ㅍㅍ,seller-0dda0892e7e610e768668ef7,키라야나와결혼..,registered,DOM 삽입 헬퍼 현재 스크립트 위치 기준,DOM 삽입 헬퍼 현재 스크립트 위치 기준,// ---- DOM 삽입 헬퍼 (현재 스크립트 위치 기준,,,unknown,미분류,1,1,10000,estimated,bundle,text,unknown,,active,needs_review,needs_review,"가격 단위 추정, 복수 카드 가격, 배송비 포함 여부 미확정, 묶음·세트 총액 · 개별 카드 가격 아님",estimated,no,no,// ---- DOM 삽입 헬퍼 (현재 스크립트 위치 기준1)
ca421d62cdd13b49e9a904a4,pokemoncardgame,포켓몬 카드게임,2026-07,2026-07-27T12:46:50+09:00,known,8c94e5f36bf2e26e8b69cdd6,ca421d62cdd13b49e9a904a4,119347,https://m.dcinside.com/board/pokemoncardgame/119347,축제장단 ㅍㅍ,seller-0dda0892e7e610e768668ef7,키라야나와결혼..,registered,var safe = window.dcAd && window.dcAd.safe ==,var safe = window.dcAd && window.dcAd.safe ==,var safe = (window.dcAd && window.dcAd.safe ==,,,unknown,미분류,1,1,10000,estimated,bundle,text,unknown,,active,needs_review,needs_review,"가격 단위 추정, 복수 카드 가격, 배송비 포함 여부 미확정, 묶음·세트 총액 · 개별 카드 가격 아님",estimated,no,no,var safe = (window.dcAd && window.dcAd.safe == 1)
d0e2a5507b10923929cb4234,pokemoncardgame,포켓몬 카드게임,2026-07,2026-07-27T12:46:50+09:00,known,417111e20d9b6e1fb112bc25,d0e2a5507b10923929cb4234,119347,https://m.dcinside.com/board/pokemoncardgame/119347,축제장단 ㅍㅍ,seller-0dda0892e7e610e768668ef7,키라야나와결혼..,registered,loadScript ' t,loadScript ' t,loadScript('//t,,,unknown,미분류,1,1,10000,estimated,bundle,text,unknown,,active,needs_review,needs_review,"가격 단위 추정, 복수 카드 가격, 배송비 포함 여부 미확정, 묶음·세트 총액 · 개별 카드 가격 아님",estimated,no,no,"loadScript('//t1.kakaocdn.net/kas/static/ba.min.js', true);"
de2aa8677057d264e6f3557a,pokemoncardgame,포켓몬 카드게임,2026-07,2026-07-27T12:46:50+09:00,known,8c94e5f36bf2e26e8b69cdd6,de2aa8677057d264e6f3557a,119347,https://m.dcinside.com/board/pokemoncardgame/119347,축제장단 ㅍㅍ,seller-0dda0892e7e610e768668ef7,키라야나와결혼..,registered,DOM 삽입 헬퍼 현재 스크립트 위치 기준,DOM 삽입 헬퍼 현재 스크립트 위치 기준,// ---- DOM 삽입 헬퍼 (현재 스크립트 위치 기준,,,unknown,미분류,1,1,10000,estimated,bundle,text,unknown,,active,needs_review,needs_review,"가격 단위 추정, 복수 카드 가격, 배송비 포함 여부 미확정, 묶음·세트 총액 · 개별 카드 가격 아님",estimated,no,no,// ---- DOM 삽입 헬퍼 (현재 스크립트 위치 기준1)
e027b2d53f4b7d409ceeac8b,pokemoncardgame,포켓몬 카드게임,2026-07,2026-07-27T12:46:50+09:00,known,a22539cb468ed138138f7850,e027b2d53f4b7d409ceeac8b,119347,https://m.dcinside.com/board/pokemoncardgame/119347,축제장단 ㅍㅍ,seller-0dda0892e7e610e768668ef7,키라야나와결혼..,registered,var safe = window.dcAd && window.dcAd.safe ==,var safe = window.dcAd && window.dcAd.safe ==,var safe = (window.dcAd && window.dcAd.safe ==,,,unknown,미분류,1,1,10000,estimated,bundle,text,unknown,,active,needs_review,needs_review,"가격 단위 추정, 복수 카드 가격, 배송비 포함 여부 미확정, 묶음·세트 총액 · 개별 카드 가격 아님",estimated,no,no,var safe = (window.dcAd && window.dcAd.safe == 1)
04783650a929f53590dc069d,pokemoncardgame,포켓몬 카드게임,2026-07,2026-07-27T14:06:20+09:00,known,0dbe4187b5178600f5353de1,04783650a929f53590dc069d,119350,https://m.dcinside.com/board/pokemoncardgame/119350,"릴리에 결심, 이상해 세트 고레어 ㅍㅍ",seller-c2f675f5d592d3f5d176bc27,ㅇㅇ,guest,릴리에 결심 sr,릴리에 결심 sr,릴리에 결심 sr 장당,,,unknown,미분류,1,2.0,20000,estimated,per_card,text,unknown,,active,needs_review,needs_review,"가격 단위 추정, 배송비 포함 여부 미확정",estimated,yes,candidate_estimated,릴리에 결심 sr 장당 2.0
0cc5877d0fa37079ff14b63a,pokemoncardgame,포켓몬 카드게임,2026-07,2026-07-27T14:06:20+09:00,known,0dbe4187b5178600f5353de1,0cc5877d0fa37079ff14b63a,119350,https://m.dcinside.com/board/pokemoncardgame/119350,"릴리에 결심, 이상해 세트 고레어 ㅍㅍ",seller-c2f675f5d592d3f5d176bc27,ㅇㅇ,guest,loadScript 'https pagead,loadScript 'https pagead,loadScript('https://pagead,,,unknown,미분류,1,2,20000,estimated,bundle,text,unknown,,active,needs_review,needs_review,"가격 단위 추정, 복수 카드 가격, 배송비 포함 여부 미확정, 묶음·세트 총액 · 개별 카드 가격 아님",estimated,no,no,"loadScript('https://pagead2.googlesyndication.com/pagead/js/adsbygoogle_direct.js?client=ca-pub-8171468792791627', true, 'anonymous');"
0fff9aff9f90879e1ce9174d,pokemoncardgame,포켓몬 카드게임,2026-07,2026-07-27T14:06:20+09:00,known,bbd1b23b47c798cf412fcdcc,0fff9aff9f90879e1ce9174d,119350,https://m.dcinside.com/board/pokemoncardgame/119350,"릴리에 결심, 이상해 세트 고레어 ㅍㅍ",seller-012d05933fc4d481f5d37562,ㅇㅇ,guest,DOM 삽입 헬퍼 현재 스크립트 위치 기준,DOM 삽입 헬퍼 현재 스크립트 위치 기준,// ---- DOM 삽입 헬퍼 (현재 스크립트 위치 기준,,,unknown,미분류,1,1,10000,estimated,bundle,text,unknown,,active,needs_review,needs_review,"가격 단위 추정, 복수 카드 가격, 배송비 포함 여부 미확정, 묶음·세트 총액 · 개별 카드 가격 아님",estimated,no,no,// ---- DOM 삽입 헬퍼 (현재 스크립트 위치 기준1)
156257052e3696334924969c,pokemoncardgame,포켓몬 카드게임,2026-07,2026-07-27T14:06:20+09:00,known,bbd1b23b47c798cf412fcdcc,156257052e3696334924969c,119350,https://m.dcinside.com/board/pokemoncardgame/119350,"릴리에 결심, 이상해 세트 고레어 ㅍㅍ",seller-012d05933fc4d481f5d37562,ㅇㅇ,guest,릴리에 결심 sr,릴리에 결심 sr,릴리에 결심 sr 장당,,,unknown,미분류,1,2.0,20000,estimated,per_card,text,unknown,,active,needs_review,needs_review,"가격 단위 추정, 배송비 포함 여부 미확정",estimated,yes,candidate_estimated,릴리에 결심 sr 장당 2.0
1a9bf2754bfc466c445a1c95,pokemoncardgame,포켓몬 카드게임,2026-07,2026-07-27T14:06:20+09:00,known,8dfcb2750a90d4de1185f5ca,1a9bf2754bfc466c445a1c95,119350,https://m.dcinside.com/board/pokemoncardgame/119350,"릴리에 결심, 이상해 세트 고레어 ㅍㅍ",seller-2a2ee94167da4bc97751b27b,ㅇㅇ,guest,DOM 삽입 헬퍼 현재 스크립트 위치 기준,DOM 삽입 헬퍼 현재 스크립트 위치 기준,// ---- DOM 삽입 헬퍼 (현재 스크립트 위치 기준,,,unknown,미분류,1,1,10000,estimated,bundle,text,unknown,,active,needs_review,needs_review,"가격 단위 추정, 복수 카드 가격, 배송비 포함 여부 미확정, 묶음·세트 총액 · 개별 카드 가격 아님",estimated,no,no,// ---- DOM 삽입 헬퍼 (현재 스크립트 위치 기준1)
1de19c379c0e71e7861e1b9b,pokemoncardgame,포켓몬 카드게임,2026-07,2026-07-27T14:06:20+09:00,known,8139b73a6c421fd72decb6a3,1de19c379c0e71e7861e1b9b,119350,https://m.dcinside.com/board/pokemoncardgame/119350,"릴리에 결심, 이상해 세트 고레어 ㅍㅍ",seller-8b2a564cf10f2a3fccaa26a4,ㅇㅇ,guest,릴리에 결심 sr,릴리에 결심 sr,릴리에 결심 sr 장당,,,unknown,미분류,1,2.0,20000,estimated,per_card,text,unknown,,active,needs_review,needs_review,"가격 단위 추정, 배송비 포함 여부 미확정",estimated,yes,candidate_estimated,릴리에 결심 sr 장당 2.0
3021d525b8d13cd0cf3aa311,pokemoncardgame,포켓몬 카드게임,2026-07,2026-07-27T14:06:20+09:00,known,bbd1b23b47c798cf412fcdcc,3021d525b8d13cd0cf3aa311,119350,https://m.dcinside.com/board/pokemoncardgame/119350,"릴리에 결심, 이상해 세트 고레어 ㅍㅍ",seller-012d05933fc4d481f5d37562,ㅇㅇ,guest,loadScript 'https pagead,loadScript 'https pagead,loadScript('https://pagead,,,unknown,미분류,1,2,20000,estimated,bundle,text,unknown,,active,needs_review,needs_review,"가격 단위 추정, 복수 카드 가격, 배송비 포함 여부 미확정, 묶음·세트 총액 · 개별 카드 가격 아님",estimated,no,no,"loadScript('https://pagead2.googlesyndication.com/pagead/js/adsbygoogle_direct.js?client=ca-pub-8171468792791627', true, 'anonymous');"
3231749d5321f7e8126c213c,pokemoncardgame,포켓몬 카드게임,2026-07,2026-07-27T14:06:20+09:00,known,0dbe4187b5178600f5353de1,3231749d5321f7e8126c213c,119350,https://m.dcinside.com/board/pokemoncardgame/119350,"릴리에 결심, 이상해 세트 고레어 ㅍㅍ",seller-c2f675f5d592d3f5d176bc27,ㅇㅇ,guest,이상해 사용감 있음,이상해 사용감 있음,이상해 (사용감 있음),,,unknown,미분류,1,4.0,40000,estimated,bundle,text,unknown,,active,needs_review,needs_review,"가격 단위 추정, 일괄·세트 가격, 배송비 포함 여부 미확정, 묶음·세트 총액 · 개별 카드 가격 아님",estimated,no,no,이상해 세트(사용감 있음) 4.0
3e88efb633336032c7c17f5a,pokemoncardgame,포켓몬 카드게임,2026-07,2026-07-27T14:06:20+09:00,known,8139b73a6c421fd72decb6a3,3e88efb633336032c7c17f5a,119350,https://m.dcinside.com/board/pokemoncardgame/119350,"릴리에 결심, 이상해 세트 고레어 ㅍㅍ",seller-8b2a564cf10f2a3fccaa26a4,ㅇㅇ,guest,loadScript ' t,loadScript ' t,loadScript('//t,,,unknown,미분류,1,1,10000,estimated,bundle,text,unknown,,active,needs_review,needs_review,"가격 단위 추정, 복수 카드 가격, 배송비 포함 여부 미확정, 묶음·세트 총액 · 개별 카드 가격 아님",estimated,no,no,"loadScript('//t1.kakaocdn.net/kas/static/ba.min.js', true);"
504182cca65a46f1d430f085,pokemoncardgame,포켓몬 카드게임,2026-07,2026-07-27T14:06:20+09:00,known,8139b73a6c421fd72decb6a3,504182cca65a46f1d430f085,119350,https://m.dcinside.com/board/pokemoncardgame/119350,"릴리에 결심, 이상해 세트 고레어 ㅍㅍ",seller-8b2a564cf10f2a3fccaa26a4,ㅇㅇ,guest,릴리에 결심 sar,릴리에 결심 sar,릴리에 결심 sar,,,unknown,미분류,1,8.5,85000,estimated,per_card,text,unknown,,active,needs_review,needs_review,"가격 단위 추정, 배송비 포함 여부 미확정",estimated,yes,candidate_estimated,릴리에 결심 sar 8.5
5c946cc73dbbb75885472f6b,pokemoncardgame,포켓몬 카드게임,2026-07,2026-07-27T14:06:20+09:00,known,8dfcb2750a90d4de1185f5ca,5c946cc73dbbb75885472f6b,119350,https://m.dcinside.com/board/pokemoncardgame/119350,"릴리에 결심, 이상해 세트 고레어 ㅍㅍ",seller-2a2ee94167da4bc97751b27b,ㅇㅇ,guest,loadScript ' t,loadScript ' t,loadScript('//t,,,unknown,미분류,1,1,10000,estimated,bundle,text,unknown,,active,needs_review,needs_review,"가격 단위 추정, 복수 카드 가격, 배송비 포함 여부 미확정, 묶음·세트 총액 · 개별 카드 가격 아님",estimated,no,no,"loadScript('//t1.kakaocdn.net/kas/static/ba.min.js', true);"
605a3921b3af41b08677cf6f,pokemoncardgame,포켓몬 카드게임,2026-07,2026-07-27T14:06:20+09:00,known,8139b73a6c421fd72decb6a3,605a3921b3af41b08677cf6f,119350,https://m.dcinside.com/board/pokemoncardgame/119350,"릴리에 결심, 이상해 세트 고레어 ㅍㅍ",seller-8b2a564cf10f2a3fccaa26a4,ㅇㅇ,guest,이상해 사용감 있음,이상해 사용감 있음,이상해 (사용감 있음),,,unknown,미분류,1,4.0,40000,estimated,bundle,text,unknown,,active,needs_review,needs_review,"가격 단위 추정, 일괄·세트 가격, 배송비 포함 여부 미확정, 묶음·세트 총액 · 개별 카드 가격 아님",estimated,no,no,이상해 세트(사용감 있음) 4.0
62568be4e5478195fdbae0c2,pokemoncardgame,포켓몬 카드게임,2026-07,2026-07-27T14:06:20+09:00,known,0dbe4187b5178600f5353de1,62568be4e5478195fdbae0c2,119350,https://m.dcinside.com/board/pokemoncardgame/119350,"릴리에 결심, 이상해 세트 고레어 ㅍㅍ",seller-c2f675f5d592d3f5d176bc27,ㅇㅇ,guest,릴리에 결심 sar,릴리에 결심 sar,릴리에 결심 sar,,,unknown,미분류,1,8.5,85000,estimated,per_card,text,unknown,,active,needs_review,needs_review,"가격 단위 추정, 배송비 포함 여부 미확정",estimated,yes,candidate_estimated,릴리에 결심 sar 8.5
70bc128b5906f0d931435ac8,pokemoncardgame,포켓몬 카드게임,2026-07,2026-07-27T14:06:20+09:00,known,0dbe4187b5178600f5353de1,70bc128b5906f0d931435ac8,119350,https://m.dcinside.com/board/pokemoncardgame/119350,"릴리에 결심, 이상해 세트 고레어 ㅍㅍ",seller-c2f675f5d592d3f5d176bc27,ㅇㅇ,guest,DOM 삽입 헬퍼 현재 스크립트 위치 기준,DOM 삽입 헬퍼 현재 스크립트 위치 기준,// ---- DOM 삽입 헬퍼 (현재 스크립트 위치 기준,,,unknown,미분류,1,1,10000,estimated,bundle,text,unknown,,active,needs_review,needs_review,"가격 단위 추정, 복수 카드 가격, 배송비 포함 여부 미확정, 묶음·세트 총액 · 개별 카드 가격 아님",estimated,no,no,// ---- DOM 삽입 헬퍼 (현재 스크립트 위치 기준1)
73fa52245a85b23328d5cb95,pokemoncardgame,포켓몬 카드게임,2026-07,2026-07-27T14:06:20+09:00,known,8dfcb2750a90d4de1185f5ca,73fa52245a85b23328d5cb95,119350,https://m.dcinside.com/board/pokemoncardgame/119350,"릴리에 결심, 이상해 세트 고레어 ㅍㅍ",seller-2a2ee94167da4bc97751b27b,ㅇㅇ,guest,이상해 사용감 있음,이상해 사용감 있음,이상해 (사용감 있음),,,unknown,미분류,1,4.0,40000,estimated,bundle,text,unknown,,active,needs_review,needs_review,"가격 단위 추정, 일괄·세트 가격, 배송비 포함 여부 미확정, 묶음·세트 총액 · 개별 카드 가격 아님",estimated,no,no,이상해 세트(사용감 있음) 4.0
74508ec413b8949690158217,pokemoncardgame,포켓몬 카드게임,2026-07,2026-07-27T14:06:20+09:00,known,8dfcb2750a90d4de1185f5ca,74508ec413b8949690158217,119350,https://m.dcinside.com/board/pokemoncardgame/119350,"릴리에 결심, 이상해 세트 고레어 ㅍㅍ",seller-2a2ee94167da4bc97751b27b,ㅇㅇ,guest,loadScript 'https pagead,loadScript 'https pagead,loadScript('https://pagead,,,unknown,미분류,1,2,20000,estimated,bundle,text,unknown,,active,needs_review,needs_review,"가격 단위 추정, 복수 카드 가격, 배송비 포함 여부 미확정, 묶음·세트 총액 · 개별 카드 가격 아님",estimated,no,no,"loadScript('https://pagead2.googlesyndication.com/pagead/js/adsbygoogle_direct.js?client=ca-pub-8171468792791627', true, 'anonymous');"
998f121934df04518ec4bb43,pokemoncardgame,포켓몬 카드게임,2026-07,2026-07-27T14:06:20+09:00,known,bbd1b23b47c798cf412fcdcc,998f121934df04518ec4bb43,119350,https://m.dcinside.com/board/pokemoncardgame/119350,"릴리에 결심, 이상해 세트 고레어 ㅍㅍ",seller-012d05933fc4d481f5d37562,ㅇㅇ,guest,loadScript ' t,loadScript ' t,loadScript('//t,,,unknown,미분류,1,1,10000,estimated,bundle,text,unknown,,active,needs_review,needs_review,"가격 단위 추정, 복수 카드 가격, 배송비 포함 여부 미확정, 묶음·세트 총액 · 개별 카드 가격 아님",estimated,no,no,"loadScript('//t1.kakaocdn.net/kas/static/ba.min.js', true);"
9c8a4b10923a5502c7b43082,pokemoncardgame,포켓몬 카드게임,2026-07,2026-07-27T14:06:20+09:00,known,8139b73a6c421fd72decb6a3,9c8a4b10923a5502c7b43082,119350,https://m.dcinside.com/board/pokemoncardgame/119350,"릴리에 결심, 이상해 세트 고레어 ㅍㅍ",seller-8b2a564cf10f2a3fccaa26a4,ㅇㅇ,guest,loadScript 'https pagead,loadScript 'https pagead,loadScript('https://pagead,,,unknown,미분류,1,2,20000,estimated,bundle,text,unknown,,active,needs_review,needs_review,"가격 단위 추정, 복수 카드 가격, 배송비 포함 여부 미확정, 묶음·세트 총액 · 개별 카드 가격 아님",estimated,no,no,"loadScript('https://pagead2.googlesyndication.com/pagead/js/adsbygoogle_direct.js?client=ca-pub-8171468792791627', true, 'anonymous');"
9e18bbf3a34bc37603480420,pokemoncardgame,포켓몬 카드게임,2026-07,2026-07-27T14:06:20+09:00,known,8dfcb2750a90d4de1185f5ca,9e18bbf3a34bc37603480420,119350,https://m.dcinside.com/board/pokemoncardgame/119350,"릴리에 결심, 이상해 세트 고레어 ㅍㅍ",seller-2a2ee94167da4bc97751b27b,ㅇㅇ,guest,릴리에 결심 sar,릴리에 결심 sar,릴리에 결심 sar,,,unknown,미분류,1,8.5,85000,estimated,per_card,text,unknown,,active,needs_review,needs_review,"가격 단위 추정, 배송비 포함 여부 미확정",estimated,yes,candidate_estimated,릴리에 결심 sar 8.5
a713284640fdfdcc850c999d,pokemoncardgame,포켓몬 카드게임,2026-07,2026-07-27T14:06:20+09:00,known,8dfcb2750a90d4de1185f5ca,a713284640fdfdcc850c999d,119350,https://m.dcinside.com/board/pokemoncardgame/119350,"릴리에 결심, 이상해 세트 고레어 ㅍㅍ",seller-2a2ee94167da4bc97751b27b,ㅇㅇ,guest,릴리에 결심 sr,릴리에 결심 sr,릴리에 결심 sr 장당,,,unknown,미분류,1,2.0,20000,estimated,per_card,text,unknown,,active,needs_review,needs_review,"가격 단위 추정, 배송비 포함 여부 미확정",estimated,yes,candidate_estimated,릴리에 결심 sr 장당 2.0
a914275ba3893a117bd4d403,pokemoncardgame,포켓몬 카드게임,2026-07,2026-07-27T14:06:20+09:00,known,bbd1b23b47c798cf412fcdcc,a914275ba3893a117bd4d403,119350,https://m.dcinside.com/board/pokemoncardgame/119350,"릴리에 결심, 이상해 세트 고레어 ㅍㅍ",seller-012d05933fc4d481f5d37562,ㅇㅇ,guest,릴리에 결심 sar,릴리에 결심 sar,릴리에 결심 sar,,,unknown,미분류,1,8.5,85000,estimated,per_card,text,unknown,,active,needs_review,needs_review,"가격 단위 추정, 배송비 포함 여부 미확정",estimated,yes,candidate_estimated,릴리에 결심 sar 8.5
b0e96111d145593af5dea0c1,pokemoncardgame,포켓몬 카드게임,2026-07,2026-07-27T14:06:20+09:00,known,bbd1b23b47c798cf412fcdcc,b0e96111d145593af5dea0c1,119350,https://m.dcinside.com/board/pokemoncardgame/119350,"릴리에 결심, 이상해 세트 고레어 ㅍㅍ",seller-012d05933fc4d481f5d37562,ㅇㅇ,guest,var safe = window.dcAd && window.dcAd.safe ==,var safe = window.dcAd && window.dcAd.safe ==,var safe = (window.dcAd && window.dcAd.safe ==,,,unknown,미분류,1,1,10000,estimated,bundle,text,unknown,,active,needs_review,needs_review,"가격 단위 추정, 복수 카드 가격, 배송비 포함 여부 미확정, 묶음·세트 총액 · 개별 카드 가격 아님",estimated,no,no,var safe = (window.dcAd && window.dcAd.safe == 1)
b1cb7b04c866d991dbb47782,pokemoncardgame,포켓몬 카드게임,2026-07,2026-07-27T14:06:20+09:00,known,8139b73a6c421fd72decb6a3,b1cb7b04c866d991dbb47782,119350,https://m.dcinside.com/board/pokemoncardgame/119350,"릴리에 결심, 이상해 세트 고레어 ㅍㅍ",seller-8b2a564cf10f2a3fccaa26a4,ㅇㅇ,guest,var safe = window.dcAd && window.dcAd.safe ==,var safe = window.dcAd && window.dcAd.safe ==,var safe = (window.dcAd && window.dcAd.safe ==,,,unknown,미분류,1,1,10000,estimated,bundle,text,unknown,,active,needs_review,needs_review,"가격 단위 추정, 복수 카드 가격, 배송비 포함 여부 미확정, 묶음·세트 총액 · 개별 카드 가격 아님",estimated,no,no,var safe = (window.dcAd && window.dcAd.safe == 1)
b6fb20ed4e2132e76ad8a049,pokemoncardgame,포켓몬 카드게임,2026-07,2026-07-27T14:06:20+09:00,known,bbd1b23b47c798cf412fcdcc,b6fb20ed4e2132e76ad8a049,119350,https://m.dcinside.com/board/pokemoncardgame/119350,"릴리에 결심, 이상해 세트 고레어 ㅍㅍ",seller-012d05933fc4d481f5d37562,ㅇㅇ,guest,이상해 사용감 있음,이상해 사용감 있음,이상해 (사용감 있음),,,unknown,미분류,1,4.0,40000,estimated,bundle,text,unknown,,active,needs_review,needs_review,"가격 단위 추정, 일괄·세트 가격, 배송비 포함 여부 미확정, 묶음·세트 총액 · 개별 카드 가격 아님",estimated,no,no,이상해 세트(사용감 있음) 4.0
cd555768506c8446063decdb,pokemoncardgame,포켓몬 카드게임,2026-07,2026-07-27T14:06:20+09:00,known,8139b73a6c421fd72decb6a3,cd555768506c8446063decdb,119350,https://m.dcinside.com/board/pokemoncardgame/119350,"릴리에 결심, 이상해 세트 고레어 ㅍㅍ",seller-8b2a564cf10f2a3fccaa26a4,ㅇㅇ,guest,DOM 삽입 헬퍼 현재 스크립트 위치 기준,DOM 삽입 헬퍼 현재 스크립트 위치 기준,// ---- DOM 삽입 헬퍼 (현재 스크립트 위치 기준,,,unknown,미분류,1,1,10000,estimated,bundle,text,unknown,,active,needs_review,needs_review,"가격 단위 추정, 복수 카드 가격, 배송비 포함 여부 미확정, 묶음·세트 총액 · 개별 카드 가격 아님",estimated,no,no,// ---- DOM 삽입 헬퍼 (현재 스크립트 위치 기준1)
f01cd505bc3c0edcf1a892f6,pokemoncardgame,포켓몬 카드게임,2026-07,2026-07-27T14:06:20+09:00,known,8dfcb2750a90d4de1185f5ca,f01cd505bc3c0edcf1a892f6,119350,https://m.dcinside.com/board/pokemoncardgame/119350,"릴리에 결심, 이상해 세트 고레어 ㅍㅍ",seller-2a2ee94167da4bc97751b27b,ㅇㅇ,guest,var safe = window.dcAd && window.dcAd.safe ==,var safe = window.dcAd && window.dcAd.safe ==,var safe = (window.dcAd && window.dcAd.safe ==,,,unknown,미분류,1,1,10000,estimated,bundle,text,unknown,,active,needs_review,needs_review,"가격 단위 추정, 복수 카드 가격, 배송비 포함 여부 미확정, 묶음·세트 총액 · 개별 카드 가격 아님",estimated,no,no,var safe = (window.dcAd && window.dcAd.safe == 1)
f9bdf623dd5dc425377813ba,pokemoncardgame,포켓몬 카드게임,2026-07,2026-07-27T14:06:20+09:00,known,0dbe4187b5178600f5353de1,f9bdf623dd5dc425377813ba,119350,https://m.dcinside.com/board/pokemoncardgame/119350,"릴리에 결심, 이상해 세트 고레어 ㅍㅍ",seller-c2f675f5d592d3f5d176bc27,ㅇㅇ,guest,loadScript ' t,loadScript ' t,loadScript('//t,,,unknown,미분류,1,1,10000,estimated,bundle,text,unknown,,active,needs_review,needs_review,"가격 단위 추정, 복수 카드 가격, 배송비 포함 여부 미확정, 묶음·세트 총액 · 개별 카드 가격 아님",estimated,no,no,"loadScript('//t1.kakaocdn.net/kas/static/ba.min.js', true);"
fc8e574268c5c80dfe1ed9d3,pokemoncardgame,포켓몬 카드게임,2026-07,2026-07-27T14:06:20+09:00,known,0dbe4187b5178600f5353de1,fc8e574268c5c80dfe1ed9d3,119350,https://m.dcinside.com/board/pokemoncardgame/119350,"릴리에 결심, 이상해 세트 고레어 ㅍㅍ",seller-c2f675f5d592d3f5d176bc27,ㅇㅇ,guest,var safe = window.dcAd && window.dcAd.safe ==,var safe = window.dcAd && window.dcAd.safe ==,var safe = (window.dcAd && window.dcAd.safe ==,,,unknown,미분류,1,1,10000,estimated,bundle,text,unknown,,active,needs_review,needs_review,"가격 단위 추정, 복수 카드 가격, 배송비 포함 여부 미확정, 묶음·세트 총액 · 개별 카드 가격 아님",estimated,no,no,var safe = (window.dcAd && window.dcAd.safe == 1)
0b69dd03b1aa51ed9c24f80d,pokemoncardgame,포켓몬 카드게임,2026-07,2026-07-27T20:33:14+09:00,known,3c047c89c5083a9fe30b2b35,0b69dd03b1aa51ed9c24f80d,119374,https://m.dcinside.com/board/pokemoncardgame/119374,메개닌덱이나 다른 덱 구해봄,seller-9ccf2936eca264352efc15b6,콜롬비아나,registered,메개닌,메개닌,메개닌,,,unknown,미분류,1,3,30000,estimated,per_card,text,unknown,,active,needs_review,needs_review,"가격 단위 추정, 배송비 포함 여부 미확정",estimated,yes,candidate_estimated,메개닌 3
132dd65f398389dac9bd9003,pokemoncardgame,포켓몬 카드게임,2026-07,2026-07-27T20:33:14+09:00,known,1ceb1c851165df29966cb2b3,132dd65f398389dac9bd9003,119374,https://m.dcinside.com/board/pokemoncardgame/119374,메개닌덱이나 다른 덱 구해봄,seller-9ccf2936eca264352efc15b6,콜롬비아나,registered,메개닌,메개닌,메개닌,,,unknown,미분류,1,3,30000,estimated,per_card,text,unknown,,active,needs_review,needs_review,"가격 단위 추정, 배송비 포함 여부 미확정",estimated,yes,candidate_estimated,메개닌 3
39f349f0a112c83d0fd7cde2,pokemoncardgame,포켓몬 카드게임,2026-07,2026-07-27T20:33:14+09:00,known,fdeef4ed183f947750d86a7b,39f349f0a112c83d0fd7cde2,119374,https://m.dcinside.com/board/pokemoncardgame/119374,메개닌덱이나 다른 덱 구해봄,seller-9ccf2936eca264352efc15b6,콜롬비아나,registered,메개닌,메개닌,메개닌,,,unknown,미분류,1,3,30000,estimated,per_card,text,unknown,,active,needs_review,needs_review,"가격 단위 추정, 배송비 포함 여부 미확정",estimated,yes,candidate_estimated,메개닌 3
3fdbc1685c71d8311face44d,pokemoncardgame,포켓몬 카드게임,2026-07,2026-07-27T20:33:14+09:00,known,5eea25365b0d36769cf2bfbb,3fdbc1685c71d8311face44d,119374,https://m.dcinside.com/board/pokemoncardgame/119374,메개닌덱이나 다른 덱 구해봄,seller-9ccf2936eca264352efc15b6,콜롬비아나,registered,메개닌,메개닌,메개닌,,,unknown,미분류,1,3,30000,estimated,per_card,text,unknown,,active,needs_review,needs_review,"가격 단위 추정, 배송비 포함 여부 미확정",estimated,yes,candidate_estimated,메개닌 3
0119c1abb143887b90f49a4d,pokemoncardgame,포켓몬 카드게임,2026-07,2026-07-27T22:32:09+09:00,known,4aac8cf183460db32b168097,0119c1abb143887b90f49a4d,119387,https://m.dcinside.com/board/pokemoncardgame/119387,"고레어 덱,덱소스 등등 판매합니다~",seller-c9b5076dedc70a4eb1201b79,비비빅의 결심,registered,loadScript ' t,loadScript ' t,loadScript('//t,,,unknown,미분류,1,1,10000,estimated,bundle,text,unknown,,active,needs_review,needs_review,"가격 단위 추정, 복수 카드 가격, 배송비 포함 여부 미확정, 묶음·세트 총액 · 개별 카드 가격 아님",estimated,no,no,"loadScript('//t1.kakaocdn.net/kas/static/ba.min.js', true);"
027e29d6165139956efebd69,pokemoncardgame,포켓몬 카드게임,2026-07,2026-07-27T22:32:09+09:00,known,b56dbfa62a4829103f7692d9,027e29d6165139956efebd69,119387,https://m.dcinside.com/board/pokemoncardgame/119387,"고레어 덱,덱소스 등등 판매합니다~",seller-c9b5076dedc70a4eb1201b79,비비빅의 결심,registered,스페셜레드카드,스페셜레드카드,스페셜레드카드 장당,,,unknown,미분류,1,0.1,1000,estimated,per_card,text,unknown,,active,needs_review,needs_review,"가격 단위 추정, 배송비 포함 여부 미확정",estimated,yes,candidate_estimated,스페셜레드카드 장당 0.1
06bcfb1a75c7bce187463037,pokemoncardgame,포켓몬 카드게임,2026-07,2026-07-27T22:32:09+09:00,known,4be5842f3eca7d924862fc6f,06bcfb1a75c7bce187463037,119387,https://m.dcinside.com/board/pokemoncardgame/119387,"고레어 덱,덱소스 등등 판매합니다~",seller-c9b5076dedc70a4eb1201b79,비비빅의 결심,registered,포핀 하이퍼볼 sr,포핀 하이퍼볼 sr,"포핀,하이퍼볼 sr 장당",,,unknown,미분류,1,0.3,3000,estimated,bundle,text,unknown,,active,needs_review,needs_review,"가격 단위 추정, 복수 카드 가격, 배송비 포함 여부 미확정, 묶음·세트 총액 · 개별 카드 가격 아님",estimated,no,no,"포핀,하이퍼볼 sr 장당 0.3"
0c2e703e73fd7d7fe83d9ea2,pokemoncardgame,포켓몬 카드게임,2026-07,2026-07-27T22:32:09+09:00,known,4be5842f3eca7d924862fc6f,0c2e703e73fd7d7fe83d9ea2,119387,https://m.dcinside.com/board/pokemoncardgame/119387,"고레어 덱,덱소스 등등 판매합니다~",seller-c9b5076dedc70a4eb1201b79,비비빅의 결심,registered,잡 sr,잡 sr,잡 sr,,,unknown,미분류,1,2,20000,estimated,bundle,text,unknown,,active,needs_review,needs_review,"가격 단위 추정, 일괄·세트 가격, 배송비 포함 여부 미확정, 묶음·세트 총액 · 개별 카드 가격 아님",estimated,no,no,잡 sr 일괄 2
0d0883056b6046ea35ec6dc0,pokemoncardgame,포켓몬 카드게임,2026-07,2026-07-27T22:32:09+09:00,known,4aac8cf183460db32b168097,0d0883056b6046ea35ec6dc0,119387,https://m.dcinside.com/board/pokemoncardgame/119387,"고레어 덱,덱소스 등등 판매합니다~",seller-c9b5076dedc70a4eb1201b79,비비빅의 결심,registered,조로아크 풀고레어 소스,조로아크 풀고레어 소스,조로아크 풀고레어 소스,,,unknown,미분류,1,26,260000,estimated,bundle,text,unknown,,active,needs_review,needs_review,"가격 단위 추정, 배송비 포함 여부 미확정, 묶음·세트 총액 · 개별 카드 가격 아님",estimated,no,no,조로아크 풀고레어 소스 26
0d49bed5e05e175a2f25bca1,pokemoncardgame,포켓몬 카드게임,2026-07,2026-07-27T22:32:09+09:00,known,4aac8cf183460db32b168097,0d49bed5e05e175a2f25bca1,119387,https://m.dcinside.com/board/pokemoncardgame/119387,"고레어 덱,덱소스 등등 판매합니다~",seller-c9b5076dedc70a4eb1201b79,비비빅의 결심,registered,var safe = window.dcAd && window.dcAd.safe ==,var safe = window.dcAd && window.dcAd.safe ==,var safe = (window.dcAd && window.dcAd.safe ==,,,unknown,미분류,1,1,10000,estimated,bundle,text,unknown,,active,needs_review,needs_review,"가격 단위 추정, 복수 카드 가격, 배송비 포함 여부 미확정, 묶음·세트 총액 · 개별 카드 가격 아님",estimated,no,no,var safe = (window.dcAd && window.dcAd.safe == 1)
196357bb1b4367b7b1b63733,pokemoncardgame,포켓몬 카드게임,2026-07,2026-07-27T22:32:09+09:00,known,b56dbfa62a4829103f7692d9,196357bb1b4367b7b1b63733,119387,https://m.dcinside.com/board/pokemoncardgame/119387,"고레어 덱,덱소스 등등 판매합니다~",seller-c9b5076dedc70a4eb1201b79,비비빅의 결심,registered,loadScript ' t,loadScript ' t,loadScript('//t,,,unknown,미분류,1,1,10000,estimated,bundle,text,unknown,,active,needs_review,needs_review,"가격 단위 추정, 복수 카드 가격, 배송비 포함 여부 미확정, 묶음·세트 총액 · 개별 카드 가격 아님",estimated,no,no,"loadScript('//t1.kakaocdn.net/kas/static/ba.min.js', true);"
198106a4b4ac70cb84131cca,pokemoncardgame,포켓몬 카드게임,2026-07,2026-07-27T22:32:09+09:00,known,4aac8cf183460db32b168097,198106a4b4ac70cb84131cca,119387,https://m.dcinside.com/board/pokemoncardgame/119387,"고레어 덱,덱소스 등등 판매합니다~",seller-c9b5076dedc70a4eb1201b79,비비빅의 결심,registered,DOM 삽입 헬퍼 현재 스크립트 위치 기준,DOM 삽입 헬퍼 현재 스크립트 위치 기준,// ---- DOM 삽입 헬퍼 (현재 스크립트 위치 기준,,,unknown,미분류,1,1,10000,estimated,bundle,text,unknown,,active,needs_review,needs_review,"가격 단위 추정, 복수 카드 가격, 배송비 포함 여부 미확정, 묶음·세트 총액 · 개별 카드 가격 아님",estimated,no,no,// ---- DOM 삽입 헬퍼 (현재 스크립트 위치 기준1)
1f5eec46df0bb3b088473511,pokemoncardgame,포켓몬 카드게임,2026-07,2026-07-27T22:32:09+09:00,known,4be5842f3eca7d924862fc6f,1f5eec46df0bb3b088473511,119387,https://m.dcinside.com/board/pokemoncardgame/119387,"고레어 덱,덱소스 등등 판매합니다~",seller-c9b5076dedc70a4eb1201b79,비비빅의 결심,registered,loadScript ' t,loadScript ' t,loadScript('//t,,,unknown,미분류,1,1,10000,estimated,bundle,text,unknown,,active,needs_review,needs_review,"가격 단위 추정, 복수 카드 가격, 배송비 포함 여부 미확정, 묶음·세트 총액 · 개별 카드 가격 아님",estimated,no,no,"loadScript('//t1.kakaocdn.net/kas/static/ba.min.js', true);"
20cd86e63775bef4f77cc5a4,pokemoncardgame,포켓몬 카드게임,2026-07,2026-07-27T22:32:09+09:00,known,1ed86042511d9bcd6d43e9c5,20cd86e63775bef4f77cc5a4,119387,https://m.dcinside.com/board/pokemoncardgame/119387,"고레어 덱,덱소스 등등 판매합니다~",seller-c9b5076dedc70a4eb1201b79,비비빅의 결심,registered,야돈 메가 야도란 프로모,야돈 메가 야도란 프로모,"야돈,메가 야도란 프로모",,,unknown,미분류,1,0.7,7000,estimated,bundle,text,unknown,,active,needs_review,needs_review,"가격 단위 추정, 일괄·세트 가격, 복수 카드 가격, 배송비 포함 여부 미확정, 묶음·세트 총액 · 개별 카드 가격 아님",estimated,no,no,"야돈,메가 야도란 프로모 세트 0.7"
23645483b21e74f0dd42fd08,pokemoncardgame,포켓몬 카드게임,2026-07,2026-07-27T22:32:09+09:00,known,4be5842f3eca7d924862fc6f,23645483b21e74f0dd42fd08,119387,https://m.dcinside.com/board/pokemoncardgame/119387,"고레어 덱,덱소스 등등 판매합니다~",seller-c9b5076dedc70a4eb1201b79,비비빅의 결심,registered,에너지 갈아달기 sr,에너지 갈아달기 sr,에너지 갈아달기 sr 장당,,,unknown,미분류,1,0.2,2000,estimated,per_card,text,unknown,,active,needs_review,needs_review,"가격 단위 추정, 배송비 포함 여부 미확정",estimated,yes,candidate_estimated,에너지 갈아달기 sr 장당 0.2
29eb7732ff3cd454f60a69ad,pokemoncardgame,포켓몬 카드게임,2026-07,2026-07-27T22:32:09+09:00,known,4be5842f3eca7d924862fc6f,29eb7732ff3cd454f60a69ad,119387,https://m.dcinside.com/board/pokemoncardgame/119387,"고레어 덱,덱소스 등등 판매합니다~",seller-c9b5076dedc70a4eb1201b79,비비빅의 결심,registered,이상한 사탕 sr,이상한 사탕 sr,이상한 사탕 sr 장당,,,unknown,미분류,1,0.2,2000,estimated,per_card,text,unknown,,active,needs_review,needs_review,"가격 단위 추정, 배송비 포함 여부 미확정",estimated,yes,candidate_estimated,이상한 사탕 sr 장당 0.2
2b02a39a94b91a58af967819,pokemoncardgame,포켓몬 카드게임,2026-07,2026-07-27T22:32:09+09:00,known,4aac8cf183460db32b168097,2b02a39a94b91a58af967819,119387,https://m.dcinside.com/board/pokemoncardgame/119387,"고레어 덱,덱소스 등등 판매합니다~",seller-c9b5076dedc70a4eb1201b79,비비빅의 결심,registered,에너지 갈아달기 sr,에너지 갈아달기 sr,에너지 갈아달기 sr 장당,,,unknown,미분류,1,0.2,2000,estimated,per_card,text,unknown,,active,needs_review,needs_review,"가격 단위 추정, 배송비 포함 여부 미확정",estimated,yes,candidate_estimated,에너지 갈아달기 sr 장당 0.2
2ccc010a553065085f319db3,pokemoncardgame,포켓몬 카드게임,2026-07,2026-07-27T22:32:09+09:00,known,b56dbfa62a4829103f7692d9,2ccc010a553065085f319db3,119387,https://m.dcinside.com/board/pokemoncardgame/119387,"고레어 덱,덱소스 등등 판매합니다~",seller-c9b5076dedc70a4eb1201b79,비비빅의 결심,registered,loadScript 'https pagead,loadScript 'https pagead,loadScript('https://pagead,,,unknown,미분류,1,2,20000,estimated,bundle,text,unknown,,active,needs_review,needs_review,"가격 단위 추정, 복수 카드 가격, 배송비 포함 여부 미확정, 묶음·세트 총액 · 개별 카드 가격 아님",estimated,no,no,"loadScript('https://pagead2.googlesyndication.com/pagead/js/adsbygoogle_direct.js?client=ca-pub-8171468792791627', true, 'anonymous');"
2eda2947da1f7c3b11e8e43e,pokemoncardgame,포켓몬 카드게임,2026-07,2026-07-27T22:32:09+09:00,known,b56dbfa62a4829103f7692d9,2eda2947da1f7c3b11e8e43e,119387,https://m.dcinside.com/board/pokemoncardgame/119387,"고레어 덱,덱소스 등등 판매합니다~",seller-c9b5076dedc70a4eb1201b79,비비빅의 결심,registered,하이퍼볼,하이퍼볼,하이퍼볼,,,unknown,미분류,4,0.4,4000,estimated,bundle,text,unknown,,active,needs_review,needs_review,"가격 단위 추정, 일괄·세트 가격, 배송비 포함 여부 미확정, 묶음·세트 총액 · 개별 카드 가격 아님",estimated,no,no,하이퍼볼 4장 세트 0.4
2fb99d999900750604243d22,pokemoncardgame,포켓몬 카드게임,2026-07,2026-07-27T22:32:09+09:00,known,4aac8cf183460db32b168097,2fb99d999900750604243d22,119387,https://m.dcinside.com/board/pokemoncardgame/119387,"고레어 덱,덱소스 등등 판매합니다~",seller-c9b5076dedc70a4eb1201b79,비비빅의 결심,registered,악바렛 은칠덱 + 여분 소스,악바렛 은칠덱 + 여분 소스,악바렛 은칠덱 + 여분 소스,,,unknown,미분류,1,16,160000,estimated,bundle,text,unknown,,active,needs_review,needs_review,"가격 단위 추정, 일괄·세트 가격, 복수 카드 가격, 배송비 포함 여부 미확정, 묶음·세트 총액 · 개별 카드 가격 아님",estimated,no,no,악바렛 은칠덱 + 여분 소스 일괄 16
38d3e36af7734e0381c983c0,pokemoncardgame,포켓몬 카드게임,2026-07,2026-07-27T22:32:09+09:00,known,b56dbfa62a4829103f7692d9,38d3e36af7734e0381c983c0,119387,https://m.dcinside.com/board/pokemoncardgame/119387,"고레어 덱,덱소스 등등 판매합니다~",seller-c9b5076dedc70a4eb1201b79,비비빅의 결심,registered,에너지 갈아달기 sr,에너지 갈아달기 sr,에너지 갈아달기 sr 장당,,,unknown,미분류,1,0.2,2000,estimated,per_card,text,unknown,,active,needs_review,needs_review,"가격 단위 추정, 배송비 포함 여부 미확정",estimated,yes,candidate_estimated,에너지 갈아달기 sr 장당 0.2
39dd2bd4af3cf9e9b0a3f0f5,pokemoncardgame,포켓몬 카드게임,2026-07,2026-07-27T22:32:09+09:00,known,b56dbfa62a4829103f7692d9,39dd2bd4af3cf9e9b0a3f0f5,119387,https://m.dcinside.com/board/pokemoncardgame/119387,"고레어 덱,덱소스 등등 판매합니다~",seller-c9b5076dedc70a4eb1201b79,비비빅의 결심,registered,DOM 삽입 헬퍼 현재 스크립트 위치 기준,DOM 삽입 헬퍼 현재 스크립트 위치 기준,// ---- DOM 삽입 헬퍼 (현재 스크립트 위치 기준,,,unknown,미분류,1,1,10000,estimated,bundle,text,unknown,,active,needs_review,needs_review,"가격 단위 추정, 복수 카드 가격, 배송비 포함 여부 미확정, 묶음·세트 총액 · 개별 카드 가격 아님",estimated,no,no,// ---- DOM 삽입 헬퍼 (현재 스크립트 위치 기준1)
3c41ea85694a60aff9d2efe9,pokemoncardgame,포켓몬 카드게임,2026-07,2026-07-27T22:32:09+09:00,known,1ed86042511d9bcd6d43e9c5,3c41ea85694a60aff9d2efe9,119387,https://m.dcinside.com/board/pokemoncardgame/119387,"고레어 덱,덱소스 등등 판매합니다~",seller-c9b5076dedc70a4eb1201b79,비비빅의 결심,registered,조로아크 풀고레어 소스,조로아크 풀고레어 소스,조로아크 풀고레어 소스,,,unknown,미분류,1,26,260000,estimated,bundle,text,unknown,,active,needs_review,needs_review,"가격 단위 추정, 배송비 포함 여부 미확정, 묶음·세트 총액 · 개별 카드 가격 아님",estimated,no,no,조로아크 풀고레어 소스 26
3e0a6a01fc42cc55f50cc598,pokemoncardgame,포켓몬 카드게임,2026-07,2026-07-27T22:32:09+09:00,known,4be5842f3eca7d924862fc6f,3e0a6a01fc42cc55f50cc598,119387,https://m.dcinside.com/board/pokemoncardgame/119387,"고레어 덱,덱소스 등등 판매합니다~",seller-c9b5076dedc70a4eb1201b79,비비빅의 결심,registered,하이퍼볼,하이퍼볼,하이퍼볼,,,unknown,미분류,4,0.4,4000,estimated,bundle,text,unknown,,active,needs_review,needs_review,"가격 단위 추정, 일괄·세트 가격, 배송비 포함 여부 미확정, 묶음·세트 총액 · 개별 카드 가격 아님",estimated,no,no,하이퍼볼 4장 세트 0.4
46dd734bb32d06c8398cc499,pokemoncardgame,포켓몬 카드게임,2026-07,2026-07-27T22:32:09+09:00,known,4be5842f3eca7d924862fc6f,46dd734bb32d06c8398cc499,119387,https://m.dcinside.com/board/pokemoncardgame/119387,"고레어 덱,덱소스 등등 판매합니다~",seller-c9b5076dedc70a4eb1201b79,비비빅의 결심,registered,야돈 메가 야도란 프로모,야돈 메가 야도란 프로모,"야돈,메가 야도란 프로모",,,unknown,미분류,1,0.7,7000,estimated,bundle,text,unknown,,active,needs_review,needs_review,"가격 단위 추정, 일괄·세트 가격, 복수 카드 가격, 배송비 포함 여부 미확정, 묶음·세트 총액 · 개별 카드 가격 아님",estimated,no,no,"야돈,메가 야도란 프로모 세트 0.7"
539cb0a4d0cb50ddab8599f2,pokemoncardgame,포켓몬 카드게임,2026-07,2026-07-27T22:32:09+09:00,known,1ed86042511d9bcd6d43e9c5,539cb0a4d0cb50ddab8599f2,119387,https://m.dcinside.com/board/pokemoncardgame/119387,"고레어 덱,덱소스 등등 판매합니다~",seller-c9b5076dedc70a4eb1201b79,비비빅의 결심,registered,에너지 갈아달기 sr,에너지 갈아달기 sr,에너지 갈아달기 sr 장당,,,unknown,미분류,1,0.2,2000,estimated,per_card,text,unknown,,active,needs_review,needs_review,"가격 단위 추정, 배송비 포함 여부 미확정",estimated,yes,candidate_estimated,에너지 갈아달기 sr 장당 0.2
583017d1286bdc407ae5ec5f,pokemoncardgame,포켓몬 카드게임,2026-07,2026-07-27T22:32:09+09:00,known,4aac8cf183460db32b168097,583017d1286bdc407ae5ec5f,119387,https://m.dcinside.com/board/pokemoncardgame/119387,"고레어 덱,덱소스 등등 판매합니다~",seller-c9b5076dedc70a4eb1201b79,비비빅의 결심,registered,메가 샤크니아 sar,메가 샤크니아 sar,메가 샤크니아 sar 장당,,,unknown,미분류,1,1,10000,estimated,per_card,text,unknown,,active,needs_review,needs_review,"가격 단위 추정, 배송비 포함 여부 미확정",estimated,yes,candidate_estimated,메가 샤크니아 sar 장당 1
585c70708d838cc4c853951f,pokemoncardgame,포켓몬 카드게임,2026-07,2026-07-27T22:32:09+09:00,known,4be5842f3eca7d924862fc6f,585c70708d838cc4c853951f,119387,https://m.dcinside.com/board/pokemoncardgame/119387,"고레어 덱,덱소스 등등 판매합니다~",seller-c9b5076dedc70a4eb1201b79,비비빅의 결심,registered,일택,일택,준등기 0.2 일택,,,unknown,미분류,1,0.5,5000,estimated,per_card,text,unknown,,active,needs_review,needs_review,"가격 단위 추정, 배송비 포함 여부 미확정",estimated,yes,candidate_estimated,준등기 0.2 일택 0.5
59128f776fcb53f7aea96729,pokemoncardgame,포켓몬 카드게임,2026-07,2026-07-27T22:32:09+09:00,known,b56dbfa62a4829103f7692d9,59128f776fcb53f7aea96729,119387,https://m.dcinside.com/board/pokemoncardgame/119387,"고레어 덱,덱소스 등등 판매합니다~",seller-c9b5076dedc70a4eb1201b79,비비빅의 결심,registered,이상한 사탕 sr,이상한 사탕 sr,이상한 사탕 sr 장당,,,unknown,미분류,1,0.2,2000,estimated,per_card,text,unknown,,active,needs_review,needs_review,"가격 단위 추정, 배송비 포함 여부 미확정",estimated,yes,candidate_estimated,이상한 사탕 sr 장당 0.2
6cc12a3030f24cc53410983a,pokemoncardgame,포켓몬 카드게임,2026-07,2026-07-27T22:32:09+09:00,known,1ed86042511d9bcd6d43e9c5,6cc12a3030f24cc53410983a,119387,https://m.dcinside.com/board/pokemoncardgame/119387,"고레어 덱,덱소스 등등 판매합니다~",seller-c9b5076dedc70a4eb1201b79,비비빅의 결심,registered,잡 sr,잡 sr,잡 sr,,,unknown,미분류,1,2,20000,estimated,bundle,text,unknown,,active,needs_review,needs_review,"가격 단위 추정, 일괄·세트 가격, 배송비 포함 여부 미확정, 묶음·세트 총액 · 개별 카드 가격 아님",estimated,no,no,잡 sr 일괄 2
724fba90b2fdbc6731e9dad0,pokemoncardgame,포켓몬 카드게임,2026-07,2026-07-27T22:32:09+09:00,known,4be5842f3eca7d924862fc6f,724fba90b2fdbc6731e9dad0,119387,https://m.dcinside.com/board/pokemoncardgame/119387,"고레어 덱,덱소스 등등 판매합니다~",seller-c9b5076dedc70a4eb1201b79,비비빅의 결심,registered,악바렛 은칠덱 + 여분 소스,악바렛 은칠덱 + 여분 소스,악바렛 은칠덱 + 여분 소스,,,unknown,미분류,1,16,160000,estimated,bundle,text,unknown,,active,needs_review,needs_review,"가격 단위 추정, 일괄·세트 가격, 복수 카드 가격, 배송비 포함 여부 미확정, 묶음·세트 총액 · 개별 카드 가격 아님",estimated,no,no,악바렛 은칠덱 + 여분 소스 일괄 16
755ba0c03eaba6623fb9049c,pokemoncardgame,포켓몬 카드게임,2026-07,2026-07-27T22:32:09+09:00,known,1ed86042511d9bcd6d43e9c5,755ba0c03eaba6623fb9049c,119387,https://m.dcinside.com/board/pokemoncardgame/119387,"고레어 덱,덱소스 등등 판매합니다~",seller-c9b5076dedc70a4eb1201b79,비비빅의 결심,registered,이상한 사탕 sr,이상한 사탕 sr,이상한 사탕 sr 장당,,,unknown,미분류,1,0.2,2000,estimated,per_card,text,unknown,,active,needs_review,needs_review,"가격 단위 추정, 배송비 포함 여부 미확정",estimated,yes,candidate_estimated,이상한 사탕 sr 장당 0.2
766d7994e6a4442b876db640,pokemoncardgame,포켓몬 카드게임,2026-07,2026-07-27T22:32:09+09:00,known,4aac8cf183460db32b168097,766d7994e6a4442b876db640,119387,https://m.dcinside.com/board/pokemoncardgame/119387,"고레어 덱,덱소스 등등 판매합니다~",seller-c9b5076dedc70a4eb1201b79,비비빅의 결심,registered,이상한 사탕 sr,이상한 사탕 sr,이상한 사탕 sr 장당,,,unknown,미분류,1,0.2,2000,estimated,per_card,text,unknown,,active,needs_review,needs_review,"가격 단위 추정, 배송비 포함 여부 미확정",estimated,yes,candidate_estimated,이상한 사탕 sr 장당 0.2
797db3c07f22a82c68a25325,pokemoncardgame,포켓몬 카드게임,2026-07,2026-07-27T22:32:09+09:00,known,1ed86042511d9bcd6d43e9c5,797db3c07f22a82c68a25325,119387,https://m.dcinside.com/board/pokemoncardgame/119387,"고레어 덱,덱소스 등등 판매합니다~",seller-c9b5076dedc70a4eb1201b79,비비빅의 결심,registered,스페셜레드카드,스페셜레드카드,스페셜레드카드 장당,,,unknown,미분류,1,0.1,1000,estimated,per_card,text,unknown,,active,needs_review,needs_review,"가격 단위 추정, 배송비 포함 여부 미확정",estimated,yes,candidate_estimated,스페셜레드카드 장당 0.1
84b3ebdeac9b63158596c5dd,pokemoncardgame,포켓몬 카드게임,2026-07,2026-07-27T22:32:09+09:00,known,4aac8cf183460db32b168097,84b3ebdeac9b63158596c5dd,119387,https://m.dcinside.com/board/pokemoncardgame/119387,"고레어 덱,덱소스 등등 판매합니다~",seller-c9b5076dedc70a4eb1201b79,비비빅의 결심,registered,하이퍼볼,하이퍼볼,하이퍼볼,,,unknown,미분류,4,0.4,4000,estimated,bundle,text,unknown,,active,needs_review,needs_review,"가격 단위 추정, 일괄·세트 가격, 배송비 포함 여부 미확정, 묶음·세트 총액 · 개별 카드 가격 아님",estimated,no,no,하이퍼볼 4장 세트 0.4
84dad0d36bb427eaaf59949f,pokemoncardgame,포켓몬 카드게임,2026-07,2026-07-27T22:32:09+09:00,known,b56dbfa62a4829103f7692d9,84dad0d36bb427eaaf59949f,119387,https://m.dcinside.com/board/pokemoncardgame/119387,"고레어 덱,덱소스 등등 판매합니다~",seller-c9b5076dedc70a4eb1201b79,비비빅의 결심,registered,포핀 하이퍼볼 sr,포핀 하이퍼볼 sr,"포핀,하이퍼볼 sr 장당",,,unknown,미분류,1,0.3,3000,estimated,bundle,text,unknown,,active,needs_review,needs_review,"가격 단위 추정, 복수 카드 가격, 배송비 포함 여부 미확정, 묶음·세트 총액 · 개별 카드 가격 아님",estimated,no,no,"포핀,하이퍼볼 sr 장당 0.3"
8f270dade9daee769185a025,pokemoncardgame,포켓몬 카드게임,2026-07,2026-07-27T22:32:09+09:00,known,4aac8cf183460db32b168097,8f270dade9daee769185a025,119387,https://m.dcinside.com/board/pokemoncardgame/119387,"고레어 덱,덱소스 등등 판매합니다~",seller-c9b5076dedc70a4eb1201b79,비비빅의 결심,registered,스페셜레드카드,스페셜레드카드,스페셜레드카드 장당,,,unknown,미분류,1,0.1,1000,estimated,per_card,text,unknown,,active,needs_review,needs_review,"가격 단위 추정, 배송비 포함 여부 미확정",estimated,yes,candidate_estimated,스페셜레드카드 장당 0.1
8f84f0c2c6e8dd5888250ab3,pokemoncardgame,포켓몬 카드게임,2026-07,2026-07-27T22:32:09+09:00,known,4aac8cf183460db32b168097,8f84f0c2c6e8dd5888250ab3,119387,https://m.dcinside.com/board/pokemoncardgame/119387,"고레어 덱,덱소스 등등 판매합니다~",seller-c9b5076dedc70a4eb1201b79,비비빅의 결심,registered,야돈 메가 야도란 프로모,야돈 메가 야도란 프로모,"야돈,메가 야도란 프로모",,,unknown,미분류,1,0.7,7000,estimated,bundle,text,unknown,,active,needs_review,needs_review,"가격 단위 추정, 일괄·세트 가격, 복수 카드 가격, 배송비 포함 여부 미확정, 묶음·세트 총액 · 개별 카드 가격 아님",estimated,no,no,"야돈,메가 야도란 프로모 세트 0.7"
902db70a8dbdc136d3894f66,pokemoncardgame,포켓몬 카드게임,2026-07,2026-07-27T22:32:09+09:00,known,1ed86042511d9bcd6d43e9c5,902db70a8dbdc136d3894f66,119387,https://m.dcinside.com/board/pokemoncardgame/119387,"고레어 덱,덱소스 등등 판매합니다~",seller-c9b5076dedc70a4eb1201b79,비비빅의 결심,registered,loadScript ' t,loadScript ' t,loadScript('//t,,,unknown,미분류,1,1,10000,estimated,bundle,text,unknown,,active,needs_review,needs_review,"가격 단위 추정, 복수 카드 가격, 배송비 포함 여부 미확정, 묶음·세트 총액 · 개별 카드 가격 아님",estimated,no,no,"loadScript('//t1.kakaocdn.net/kas/static/ba.min.js', true);"
9056d86b13e47d63f226defc,pokemoncardgame,포켓몬 카드게임,2026-07,2026-07-27T22:32:09+09:00,known,4aac8cf183460db32b168097,9056d86b13e47d63f226defc,119387,https://m.dcinside.com/board/pokemoncardgame/119387,"고레어 덱,덱소스 등등 판매합니다~",seller-c9b5076dedc70a4eb1201b79,비비빅의 결심,registered,메가 아쿠스타 sar,메가 아쿠스타 sar,메가 아쿠스타 sar 장당,,,unknown,미분류,1,1.2,12000,estimated,per_card,text,unknown,,active,needs_review,needs_review,"가격 단위 추정, 배송비 포함 여부 미확정",estimated,yes,candidate_estimated,메가 아쿠스타 sar 장당 1.2
913cc6d450dfe7750acf7ba3,pokemoncardgame,포켓몬 카드게임,2026-07,2026-07-27T22:32:09+09:00,known,4aac8cf183460db32b168097,913cc6d450dfe7750acf7ba3,119387,https://m.dcinside.com/board/pokemoncardgame/119387,"고레어 덱,덱소스 등등 판매합니다~",seller-c9b5076dedc70a4eb1201b79,비비빅의 결심,registered,loadScript 'https pagead,loadScript 'https pagead,loadScript('https://pagead,,,unknown,미분류,1,2,20000,estimated,bundle,text,unknown,,active,needs_review,needs_review,"가격 단위 추정, 복수 카드 가격, 배송비 포함 여부 미확정, 묶음·세트 총액 · 개별 카드 가격 아님",estimated,no,no,"loadScript('https://pagead2.googlesyndication.com/pagead/js/adsbygoogle_direct.js?client=ca-pub-8171468792791627', true, 'anonymous');"
988b3a0abacf6930f8044955,pokemoncardgame,포켓몬 카드게임,2026-07,2026-07-27T22:32:09+09:00,known,1ed86042511d9bcd6d43e9c5,988b3a0abacf6930f8044955,119387,https://m.dcinside.com/board/pokemoncardgame/119387,"고레어 덱,덱소스 등등 판매합니다~",seller-c9b5076dedc70a4eb1201b79,비비빅의 결심,registered,메가 샤크니아 sar,메가 샤크니아 sar,메가 샤크니아 sar 장당,,,unknown,미분류,1,1,10000,estimated,per_card,text,unknown,,active,needs_review,needs_review,"가격 단위 추정, 배송비 포함 여부 미확정",estimated,yes,candidate_estimated,메가 샤크니아 sar 장당 1
98ff030111dd8c19f4bf9389,pokemoncardgame,포켓몬 카드게임,2026-07,2026-07-27T22:32:09+09:00,known,1ed86042511d9bcd6d43e9c5,98ff030111dd8c19f4bf9389,119387,https://m.dcinside.com/board/pokemoncardgame/119387,"고레어 덱,덱소스 등등 판매합니다~",seller-c9b5076dedc70a4eb1201b79,비비빅의 결심,registered,DOM 삽입 헬퍼 현재 스크립트 위치 기준,DOM 삽입 헬퍼 현재 스크립트 위치 기준,// ---- DOM 삽입 헬퍼 (현재 스크립트 위치 기준,,,unknown,미분류,1,1,10000,estimated,bundle,text,unknown,,active,needs_review,needs_review,"가격 단위 추정, 복수 카드 가격, 배송비 포함 여부 미확정, 묶음·세트 총액 · 개별 카드 가격 아님",estimated,no,no,// ---- DOM 삽입 헬퍼 (현재 스크립트 위치 기준1)
a029408204ce8da6f69c4780,pokemoncardgame,포켓몬 카드게임,2026-07,2026-07-27T22:32:09+09:00,known,1ed86042511d9bcd6d43e9c5,a029408204ce8da6f69c4780,119387,https://m.dcinside.com/board/pokemoncardgame/119387,"고레어 덱,덱소스 등등 판매합니다~",seller-c9b5076dedc70a4eb1201b79,비비빅의 결심,registered,loadScript 'https pagead,loadScript 'https pagead,loadScript('https://pagead,,,unknown,미분류,1,2,20000,estimated,bundle,text,unknown,,active,needs_review,needs_review,"가격 단위 추정, 복수 카드 가격, 배송비 포함 여부 미확정, 묶음·세트 총액 · 개별 카드 가격 아님",estimated,no,no,"loadScript('https://pagead2.googlesyndication.com/pagead/js/adsbygoogle_direct.js?client=ca-pub-8171468792791627', true, 'anonymous');"
a3ea821ad50593d3d2f63b13,pokemoncardgame,포켓몬 카드게임,2026-07,2026-07-27T22:32:09+09:00,known,4be5842f3eca7d924862fc6f,a3ea821ad50593d3d2f63b13,119387,https://m.dcinside.com/board/pokemoncardgame/119387,"고레어 덱,덱소스 등등 판매합니다~",seller-c9b5076dedc70a4eb1201b79,비비빅의 결심,registered,var safe = window.dcAd && window.dcAd.safe ==,var safe = window.dcAd && window.dcAd.safe ==,var safe = (window.dcAd && window.dcAd.safe ==,,,unknown,미분류,1,1,10000,estimated,bundle,text,unknown,,active,needs_review,needs_review,"가격 단위 추정, 복수 카드 가격, 배송비 포함 여부 미확정, 묶음·세트 총액 · 개별 카드 가격 아님",estimated,no,no,var safe = (window.dcAd && window.dcAd.safe == 1)
a567c35f3ec49ff9567916e5,pokemoncardgame,포켓몬 카드게임,2026-07,2026-07-27T22:32:09+09:00,known,4be5842f3eca7d924862fc6f,a567c35f3ec49ff9567916e5,119387,https://m.dcinside.com/board/pokemoncardgame/119387,"고레어 덱,덱소스 등등 판매합니다~",seller-c9b5076dedc70a4eb1201b79,비비빅의 결심,registered,메가 샤크니아 sar,메가 샤크니아 sar,메가 샤크니아 sar 장당,,,unknown,미분류,1,1,10000,estimated,per_card,text,unknown,,active,needs_review,needs_review,"가격 단위 추정, 배송비 포함 여부 미확정",estimated,yes,candidate_estimated,메가 샤크니아 sar 장당 1
a94fb34fe7efc8e5ee11be3c,pokemoncardgame,포켓몬 카드게임,2026-07,2026-07-27T22:32:09+09:00,known,b56dbfa62a4829103f7692d9,a94fb34fe7efc8e5ee11be3c,119387,https://m.dcinside.com/board/pokemoncardgame/119387,"고레어 덱,덱소스 등등 판매합니다~",seller-c9b5076dedc70a4eb1201b79,비비빅의 결심,registered,메가 아쿠스타 sar,메가 아쿠스타 sar,메가 아쿠스타 sar 장당,,,unknown,미분류,1,1.2,12000,estimated,per_card,text,unknown,,active,needs_review,needs_review,"가격 단위 추정, 배송비 포함 여부 미확정",estimated,yes,candidate_estimated,메가 아쿠스타 sar 장당 1.2
abc3279a46a5cd7cfeb2d9dd,pokemoncardgame,포켓몬 카드게임,2026-07,2026-07-27T22:32:09+09:00,known,1ed86042511d9bcd6d43e9c5,abc3279a46a5cd7cfeb2d9dd,119387,https://m.dcinside.com/board/pokemoncardgame/119387,"고레어 덱,덱소스 등등 판매합니다~",seller-c9b5076dedc70a4eb1201b79,비비빅의 결심,registered,var safe = window.dcAd && window.dcAd.safe ==,var safe = window.dcAd && window.dcAd.safe ==,var safe = (window.dcAd && window.dcAd.safe ==,,,unknown,미분류,1,1,10000,estimated,bundle,text,unknown,,active,needs_review,needs_review,"가격 단위 추정, 복수 카드 가격, 배송비 포함 여부 미확정, 묶음·세트 총액 · 개별 카드 가격 아님",estimated,no,no,var safe = (window.dcAd && window.dcAd.safe == 1)
b63df2b70122222d4ac4eee3,pokemoncardgame,포켓몬 카드게임,2026-07,2026-07-27T22:32:09+09:00,known,4be5842f3eca7d924862fc6f,b63df2b70122222d4ac4eee3,119387,https://m.dcinside.com/board/pokemoncardgame/119387,"고레어 덱,덱소스 등등 판매합니다~",seller-c9b5076dedc70a4eb1201b79,비비빅의 결심,registered,loadScript 'https pagead,loadScript 'https pagead,loadScript('https://pagead,,,unknown,미분류,1,2,20000,estimated,bundle,text,unknown,,active,needs_review,needs_review,"가격 단위 추정, 복수 카드 가격, 배송비 포함 여부 미확정, 묶음·세트 총액 · 개별 카드 가격 아님",estimated,no,no,"loadScript('https://pagead2.googlesyndication.com/pagead/js/adsbygoogle_direct.js?client=ca-pub-8171468792791627', true, 'anonymous');"
bb50bf4cf77e1f6243bea45f,pokemoncardgame,포켓몬 카드게임,2026-07,2026-07-27T22:32:09+09:00,known,1ed86042511d9bcd6d43e9c5,bb50bf4cf77e1f6243bea45f,119387,https://m.dcinside.com/board/pokemoncardgame/119387,"고레어 덱,덱소스 등등 판매합니다~",seller-c9b5076dedc70a4eb1201b79,비비빅의 결심,registered,포핀 하이퍼볼 sr,포핀 하이퍼볼 sr,"포핀,하이퍼볼 sr 장당",,,unknown,미분류,1,0.3,3000,estimated,bundle,text,unknown,,active,needs_review,needs_review,"가격 단위 추정, 복수 카드 가격, 배송비 포함 여부 미확정, 묶음·세트 총액 · 개별 카드 가격 아님",estimated,no,no,"포핀,하이퍼볼 sr 장당 0.3"
c68464de1f900512273a7495,pokemoncardgame,포켓몬 카드게임,2026-07,2026-07-27T22:32:09+09:00,known,1ed86042511d9bcd6d43e9c5,c68464de1f900512273a7495,119387,https://m.dcinside.com/board/pokemoncardgame/119387,"고레어 덱,덱소스 등등 판매합니다~",seller-c9b5076dedc70a4eb1201b79,비비빅의 결심,registered,메가 아쿠스타 sar,메가 아쿠스타 sar,메가 아쿠스타 sar 장당,,,unknown,미분류,1,1.2,12000,estimated,per_card,text,unknown,,active,needs_review,needs_review,"가격 단위 추정, 배송비 포함 여부 미확정",estimated,yes,candidate_estimated,메가 아쿠스타 sar 장당 1.2
c96c279024908e1d0d4f3ffb,pokemoncardgame,포켓몬 카드게임,2026-07,2026-07-27T22:32:09+09:00,known,4be5842f3eca7d924862fc6f,c96c279024908e1d0d4f3ffb,119387,https://m.dcinside.com/board/pokemoncardgame/119387,"고레어 덱,덱소스 등등 판매합니다~",seller-c9b5076dedc70a4eb1201b79,비비빅의 결심,registered,메가 아쿠스타 sar,메가 아쿠스타 sar,메가 아쿠스타 sar 장당,,,unknown,미분류,1,1.2,12000,estimated,per_card,text,unknown,,active,needs_review,needs_review,"가격 단위 추정, 배송비 포함 여부 미확정",estimated,yes,candidate_estimated,메가 아쿠스타 sar 장당 1.2
cd81fbbe390412b6957d79f8,pokemoncardgame,포켓몬 카드게임,2026-07,2026-07-27T22:32:09+09:00,known,4be5842f3eca7d924862fc6f,cd81fbbe390412b6957d79f8,119387,https://m.dcinside.com/board/pokemoncardgame/119387,"고레어 덱,덱소스 등등 판매합니다~",seller-c9b5076dedc70a4eb1201b79,비비빅의 결심,registered,스페셜레드카드,스페셜레드카드,스페셜레드카드 장당,,,unknown,미분류,1,0.1,1000,estimated,per_card,text,unknown,,active,needs_review,needs_review,"가격 단위 추정, 배송비 포함 여부 미확정",estimated,yes,candidate_estimated,스페셜레드카드 장당 0.1
cf1f444a5f8b6975b1a3369f,pokemoncardgame,포켓몬 카드게임,2026-07,2026-07-27T22:32:09+09:00,known,4be5842f3eca7d924862fc6f,cf1f444a5f8b6975b1a3369f,119387,https://m.dcinside.com/board/pokemoncardgame/119387,"고레어 덱,덱소스 등등 판매합니다~",seller-c9b5076dedc70a4eb1201b79,비비빅의 결심,registered,DOM 삽입 헬퍼 현재 스크립트 위치 기준,DOM 삽입 헬퍼 현재 스크립트 위치 기준,// ---- DOM 삽입 헬퍼 (현재 스크립트 위치 기준,,,unknown,미분류,1,1,10000,estimated,bundle,text,unknown,,active,needs_review,needs_review,"가격 단위 추정, 복수 카드 가격, 배송비 포함 여부 미확정, 묶음·세트 총액 · 개별 카드 가격 아님",estimated,no,no,// ---- DOM 삽입 헬퍼 (현재 스크립트 위치 기준1)
d1885135a792880291d8a068,pokemoncardgame,포켓몬 카드게임,2026-07,2026-07-27T22:32:09+09:00,known,b56dbfa62a4829103f7692d9,d1885135a792880291d8a068,119387,https://m.dcinside.com/board/pokemoncardgame/119387,"고레어 덱,덱소스 등등 판매합니다~",seller-c9b5076dedc70a4eb1201b79,비비빅의 결심,registered,일택,일택,준등기 0.2 일택,,,unknown,미분류,1,0.5,5000,estimated,per_card,text,unknown,,active,needs_review,needs_review,"가격 단위 추정, 배송비 포함 여부 미확정",estimated,yes,candidate_estimated,준등기 0.2 일택 0.5
d3a895775ea78d6e506ab06c,pokemoncardgame,포켓몬 카드게임,2026-07,2026-07-27T22:32:09+09:00,known,b56dbfa62a4829103f7692d9,d3a895775ea78d6e506ab06c,119387,https://m.dcinside.com/board/pokemoncardgame/119387,"고레어 덱,덱소스 등등 판매합니다~",seller-c9b5076dedc70a4eb1201b79,비비빅의 결심,registered,악바렛 은칠덱 + 여분 소스,악바렛 은칠덱 + 여분 소스,악바렛 은칠덱 + 여분 소스,,,unknown,미분류,1,16,160000,estimated,bundle,text,unknown,,active,needs_review,needs_review,"가격 단위 추정, 일괄·세트 가격, 복수 카드 가격, 배송비 포함 여부 미확정, 묶음·세트 총액 · 개별 카드 가격 아님",estimated,no,no,악바렛 은칠덱 + 여분 소스 일괄 16
d5000d75e75eded92a9d1187,pokemoncardgame,포켓몬 카드게임,2026-07,2026-07-27T22:32:09+09:00,known,b56dbfa62a4829103f7692d9,d5000d75e75eded92a9d1187,119387,https://m.dcinside.com/board/pokemoncardgame/119387,"고레어 덱,덱소스 등등 판매합니다~",seller-c9b5076dedc70a4eb1201b79,비비빅의 결심,registered,잡 sr,잡 sr,잡 sr,,,unknown,미분류,1,2,20000,estimated,bundle,text,unknown,,active,needs_review,needs_review,"가격 단위 추정, 일괄·세트 가격, 배송비 포함 여부 미확정, 묶음·세트 총액 · 개별 카드 가격 아님",estimated,no,no,잡 sr 일괄 2
d69684cc675ef3fdd1856442,pokemoncardgame,포켓몬 카드게임,2026-07,2026-07-27T22:32:09+09:00,known,4aac8cf183460db32b168097,d69684cc675ef3fdd1856442,119387,https://m.dcinside.com/board/pokemoncardgame/119387,"고레어 덱,덱소스 등등 판매합니다~",seller-c9b5076dedc70a4eb1201b79,비비빅의 결심,registered,포핀 하이퍼볼 sr,포핀 하이퍼볼 sr,"포핀,하이퍼볼 sr 장당",,,unknown,미분류,1,0.3,3000,estimated,bundle,text,unknown,,active,needs_review,needs_review,"가격 단위 추정, 복수 카드 가격, 배송비 포함 여부 미확정, 묶음·세트 총액 · 개별 카드 가격 아님",estimated,no,no,"포핀,하이퍼볼 sr 장당 0.3"
dabc34f020cd36953368e833,pokemoncardgame,포켓몬 카드게임,2026-07,2026-07-27T22:32:09+09:00,known,b56dbfa62a4829103f7692d9,dabc34f020cd36953368e833,119387,https://m.dcinside.com/board/pokemoncardgame/119387,"고레어 덱,덱소스 등등 판매합니다~",seller-c9b5076dedc70a4eb1201b79,비비빅의 결심,registered,var safe = window.dcAd && window.dcAd.safe ==,var safe = window.dcAd && window.dcAd.safe ==,var safe = (window.dcAd && window.dcAd.safe ==,,,unknown,미분류,1,1,10000,estimated,bundle,text,unknown,,active,needs_review,needs_review,"가격 단위 추정, 복수 카드 가격, 배송비 포함 여부 미확정, 묶음·세트 총액 · 개별 카드 가격 아님",estimated,no,no,var safe = (window.dcAd && window.dcAd.safe == 1)
db482c37e100057eb6792ba1,pokemoncardgame,포켓몬 카드게임,2026-07,2026-07-27T22:32:09+09:00,known,1ed86042511d9bcd6d43e9c5,db482c37e100057eb6792ba1,119387,https://m.dcinside.com/board/pokemoncardgame/119387,"고레어 덱,덱소스 등등 판매합니다~",seller-c9b5076dedc70a4eb1201b79,비비빅의 결심,registered,하이퍼볼,하이퍼볼,하이퍼볼,,,unknown,미분류,4,0.4,4000,estimated,bundle,text,unknown,,active,needs_review,needs_review,"가격 단위 추정, 일괄·세트 가격, 배송비 포함 여부 미확정, 묶음·세트 총액 · 개별 카드 가격 아님",estimated,no,no,하이퍼볼 4장 세트 0.4
de08a3de53a5fb183a3c1ae1,pokemoncardgame,포켓몬 카드게임,2026-07,2026-07-27T22:32:09+09:00,known,4aac8cf183460db32b168097,de08a3de53a5fb183a3c1ae1,119387,https://m.dcinside.com/board/pokemoncardgame/119387,"고레어 덱,덱소스 등등 판매합니다~",seller-c9b5076dedc70a4eb1201b79,비비빅의 결심,registered,잡 sr,잡 sr,잡 sr,,,unknown,미분류,1,2,20000,estimated,bundle,text,unknown,,active,needs_review,needs_review,"가격 단위 추정, 일괄·세트 가격, 배송비 포함 여부 미확정, 묶음·세트 총액 · 개별 카드 가격 아님",estimated,no,no,잡 sr 일괄 2
ed8f45daa227cb33feb6bfcc,pokemoncardgame,포켓몬 카드게임,2026-07,2026-07-27T22:32:09+09:00,known,b56dbfa62a4829103f7692d9,ed8f45daa227cb33feb6bfcc,119387,https://m.dcinside.com/board/pokemoncardgame/119387,"고레어 덱,덱소스 등등 판매합니다~",seller-c9b5076dedc70a4eb1201b79,비비빅의 결심,registered,조로아크 풀고레어 소스,조로아크 풀고레어 소스,조로아크 풀고레어 소스,,,unknown,미분류,1,26,260000,estimated,bundle,text,unknown,,active,needs_review,needs_review,"가격 단위 추정, 배송비 포함 여부 미확정, 묶음·세트 총액 · 개별 카드 가격 아님",estimated,no,no,조로아크 풀고레어 소스 26
f5dc6846b1403c4d75e57884,pokemoncardgame,포켓몬 카드게임,2026-07,2026-07-27T22:32:09+09:00,known,1ed86042511d9bcd6d43e9c5,f5dc6846b1403c4d75e57884,119387,https://m.dcinside.com/board/pokemoncardgame/119387,"고레어 덱,덱소스 등등 판매합니다~",seller-c9b5076dedc70a4eb1201b79,비비빅의 결심,registered,일택,일택,준등기 0.2 일택,,,unknown,미분류,1,0.5,5000,estimated,per_card,text,unknown,,active,needs_review,needs_review,"가격 단위 추정, 배송비 포함 여부 미확정",estimated,yes,candidate_estimated,준등기 0.2 일택 0.5
f67677a37b0690840809decb,pokemoncardgame,포켓몬 카드게임,2026-07,2026-07-27T22:32:09+09:00,known,4aac8cf183460db32b168097,f67677a37b0690840809decb,119387,https://m.dcinside.com/board/pokemoncardgame/119387,"고레어 덱,덱소스 등등 판매합니다~",seller-c9b5076dedc70a4eb1201b79,비비빅의 결심,registered,일택,일택,준등기 0.2 일택,,,unknown,미분류,1,0.5,5000,estimated,per_card,text,unknown,,active,needs_review,needs_review,"가격 단위 추정, 배송비 포함 여부 미확정",estimated,yes,candidate_estimated,준등기 0.2 일택 0.5
fb96f2e0bf13ee44a40638a3,pokemoncardgame,포켓몬 카드게임,2026-07,2026-07-27T22:32:09+09:00,known,1ed86042511d9bcd6d43e9c5,fb96f2e0bf13ee44a40638a3,119387,https://m.dcinside.com/board/pokemoncardgame/119387,"고레어 덱,덱소스 등등 판매합니다~",seller-c9b5076dedc70a4eb1201b79,비비빅의 결심,registered,악바렛 은칠덱 + 여분 소스,악바렛 은칠덱 + 여분 소스,악바렛 은칠덱 + 여분 소스,,,unknown,미분류,1,16,160000,estimated,bundle,text,unknown,,active,needs_review,needs_review,"가격 단위 추정, 일괄·세트 가격, 복수 카드 가격, 배송비 포함 여부 미확정, 묶음·세트 총액 · 개별 카드 가격 아님",estimated,no,no,악바렛 은칠덱 + 여분 소스 일괄 16
fcc2e9a8b2f4ad71a29e72b4,pokemoncardgame,포켓몬 카드게임,2026-07,2026-07-27T22:32:09+09:00,known,4be5842f3eca7d924862fc6f,fcc2e9a8b2f4ad71a29e72b4,119387,https://m.dcinside.com/board/pokemoncardgame/119387,"고레어 덱,덱소스 등등 판매합니다~",seller-c9b5076dedc70a4eb1201b79,비비빅의 결심,registered,조로아크 풀고레어 소스,조로아크 풀고레어 소스,조로아크 풀고레어 소스,,,unknown,미분류,1,26,260000,estimated,bundle,text,unknown,,active,needs_review,needs_review,"가격 단위 추정, 배송비 포함 여부 미확정, 묶음·세트 총액 · 개별 카드 가격 아님",estimated,no,no,조로아크 풀고레어 소스 26
fd544f085dcb15b67f0dd5b4,pokemoncardgame,포켓몬 카드게임,2026-07,2026-07-27T22:32:09+09:00,known,b56dbfa62a4829103f7692d9,fd544f085dcb15b67f0dd5b4,119387,https://m.dcinside.com/board/pokemoncardgame/119387,"고레어 덱,덱소스 등등 판매합니다~",seller-c9b5076dedc70a4eb1201b79,비비빅의 결심,registered,야돈 메가 야도란 프로모,야돈 메가 야도란 프로모,"야돈,메가 야도란 프로모",,,unknown,미분류,1,0.7,7000,estimated,bundle,text,unknown,,active,needs_review,needs_review,"가격 단위 추정, 일괄·세트 가격, 복수 카드 가격, 배송비 포함 여부 미확정, 묶음·세트 총액 · 개별 카드 가격 아님",estimated,no,no,"야돈,메가 야도란 프로모 세트 0.7"
fdf9f718563a90937cdb9116,pokemoncardgame,포켓몬 카드게임,2026-07,2026-07-27T22:32:09+09:00,known,b56dbfa62a4829103f7692d9,fdf9f718563a90937cdb9116,119387,https://m.dcinside.com/board/pokemoncardgame/119387,"고레어 덱,덱소스 등등 판매합니다~",seller-c9b5076dedc70a4eb1201b79,비비빅의 결심,registered,메가 샤크니아 sar,메가 샤크니아 sar,메가 샤크니아 sar 장당,,,unknown,미분류,1,1,10000,estimated,per_card,text,unknown,,active,needs_review,needs_review,"가격 단위 추정, 배송비 포함 여부 미확정",estimated,yes,candidate_estimated,메가 샤크니아 sar 장당 1
00ad26de34d497415fb80b33,pokemoncardgame,포켓몬 카드게임,2026-07,2026-07-28T01:25:07+09:00,known,73ab6a6cb1193381051a6b83,00ad26de34d497415fb80b33,119400,https://m.dcinside.com/board/pokemoncardgame/119400,잡다한거 팜,seller-a074fe27a7e4ae1bd93dd807,전대대실격,registered,나옹,나옹,나옹,,,unknown,미분류,1,0.2,2000,estimated,per_card,text,unknown,,active,needs_review,needs_review,"가격 단위 추정, 배송비 포함 여부 미확정",estimated,yes,candidate_estimated,나옹 0.2
043d3ed36a597dd876043303,pokemoncardgame,포켓몬 카드게임,2026-07,2026-07-28T01:25:07+09:00,known,65f36981c57529e18b27b0b2,043d3ed36a597dd876043303,119400,https://m.dcinside.com/board/pokemoncardgame/119400,잡다한거 팜,seller-a074fe27a7e4ae1bd93dd807,전대대실격,registered,루카리오,루카리오,루카리오,,,unknown,미분류,1,3.0,30000,estimated,bundle,text,unknown,,active,needs_review,needs_review,"가격 단위 추정, 일괄·세트 가격, 배송비 포함 여부 미확정, 묶음·세트 총액 · 개별 카드 가격 아님",estimated,no,no,루카리오 세트 3.0
06bef26b16520cf2fedc0054,pokemoncardgame,포켓몬 카드게임,2026-07,2026-07-28T01:25:07+09:00,known,73ab6a6cb1193381051a6b83,06bef26b16520cf2fedc0054,119400,https://m.dcinside.com/board/pokemoncardgame/119400,잡다한거 팜,seller-a074fe27a7e4ae1bd93dd807,전대대실격,registered,DOM 삽입 헬퍼 현재 스크립트 위치 기준,DOM 삽입 헬퍼 현재 스크립트 위치 기준,// ---- DOM 삽입 헬퍼 (현재 스크립트 위치 기준,,,unknown,미분류,1,1,10000,estimated,bundle,text,unknown,,active,needs_review,needs_review,"가격 단위 추정, 복수 카드 가격, 배송비 포함 여부 미확정, 묶음·세트 총액 · 개별 카드 가격 아님",estimated,no,no,// ---- DOM 삽입 헬퍼 (현재 스크립트 위치 기준1)
081bf87bcecde7e58073846c,pokemoncardgame,포켓몬 카드게임,2026-07,2026-07-28T01:25:07+09:00,known,ab1df4fb67ecb1d97006c0e2,081bf87bcecde7e58073846c,119400,https://m.dcinside.com/board/pokemoncardgame/119400,잡다한거 팜,seller-a074fe27a7e4ae1bd93dd807,전대대실격,registered,loadScript ' t,loadScript ' t,loadScript('//t,,,unknown,미분류,1,1,10000,estimated,bundle,text,unknown,,active,needs_review,needs_review,"가격 단위 추정, 복수 카드 가격, 배송비 포함 여부 미확정, 묶음·세트 총액 · 개별 카드 가격 아님",estimated,no,no,"loadScript('//t1.kakaocdn.net/kas/static/ba.min.js', true);"
0b0163425e63cfe97b36339a,pokemoncardgame,포켓몬 카드게임,2026-07,2026-07-28T01:25:07+09:00,known,73ab6a6cb1193381051a6b83,0b0163425e63cfe97b36339a,119400,https://m.dcinside.com/board/pokemoncardgame/119400,잡다한거 팜,seller-a074fe27a7e4ae1bd93dd807,전대대실격,registered,loadScript 'https pagead,loadScript 'https pagead,loadScript('https://pagead,,,unknown,미분류,1,2,20000,estimated,bundle,text,unknown,,active,needs_review,needs_review,"가격 단위 추정, 복수 카드 가격, 배송비 포함 여부 미확정, 묶음·세트 총액 · 개별 카드 가격 아님",estimated,no,no,"loadScript('https://pagead2.googlesyndication.com/pagead/js/adsbygoogle_direct.js?client=ca-pub-8171468792791627', true, 'anonymous');"
0b8962d73b1e7a579f0f559c,pokemoncardgame,포켓몬 카드게임,2026-07,2026-07-28T01:25:07+09:00,known,65f36981c57529e18b27b0b2,0b8962d73b1e7a579f0f559c,119400,https://m.dcinside.com/board/pokemoncardgame/119400,잡다한거 팜,seller-a074fe27a7e4ae1bd93dd807,전대대실격,registered,커스봄,커스봄,커스봄 333세트,,,unknown,미분류,1,2.0,20000,estimated,bundle,text,unknown,,active,needs_review,needs_review,"가격 단위 추정, 일괄·세트 가격, 배송비 포함 여부 미확정, 묶음·세트 총액 · 개별 카드 가격 아님",estimated,no,no,커스봄 333세트 2.0
0c468fd551251a915e945dff,pokemoncardgame,포켓몬 카드게임,2026-07,2026-07-28T01:25:07+09:00,known,65f36981c57529e18b27b0b2,0c468fd551251a915e945dff,119400,https://m.dcinside.com/board/pokemoncardgame/119400,잡다한거 팜,seller-a074fe27a7e4ae1bd93dd807,전대대실격,registered,태권왕,태권왕,태권왕,,,unknown,미분류,1,0.3,3000,estimated,per_card,text,unknown,,active,needs_review,needs_review,"가격 단위 추정, 배송비 포함 여부 미확정",estimated,yes,candidate_estimated,태권왕 0.3
15304519b17e11a30a178809,pokemoncardgame,포켓몬 카드게임,2026-07,2026-07-28T01:25:07+09:00,known,ab1df4fb67ecb1d97006c0e2,15304519b17e11a30a178809,119400,https://m.dcinside.com/board/pokemoncardgame/119400,잡다한거 팜,seller-a074fe27a7e4ae1bd93dd807,전대대실격,registered,돌거폰,돌거폰,돌거폰,,,unknown,미분류,1,1.0,10000,estimated,per_card,text,unknown,,active,needs_review,needs_review,"가격 단위 추정, 배송비 포함 여부 미확정",estimated,yes,candidate_estimated,돌거폰 1.0
20b45b94f87185ad3a6a8e07,pokemoncardgame,포켓몬 카드게임,2026-07,2026-07-28T01:25:07+09:00,known,73ab6a6cb1193381051a6b83,20b45b94f87185ad3a6a8e07,119400,https://m.dcinside.com/board/pokemoncardgame/119400,잡다한거 팜,seller-a074fe27a7e4ae1bd93dd807,전대대실격,registered,커스봄,커스봄,커스봄 333세트,,,unknown,미분류,1,2.0,20000,estimated,bundle,text,unknown,,active,needs_review,needs_review,"가격 단위 추정, 일괄·세트 가격, 배송비 포함 여부 미확정, 묶음·세트 총액 · 개별 카드 가격 아님",estimated,no,no,커스봄 333세트 2.0
2b0fce13ba3a30a8fa098f0e,pokemoncardgame,포켓몬 카드게임,2026-07,2026-07-28T01:25:07+09:00,known,ab1df4fb67ecb1d97006c0e2,2b0fce13ba3a30a8fa098f0e,119400,https://m.dcinside.com/board/pokemoncardgame/119400,잡다한거 팜,seller-a074fe27a7e4ae1bd93dd807,전대대실격,registered,파덕,파덕,파덕,,,unknown,미분류,1,0.3,3000,estimated,per_card,text,unknown,,active,needs_review,needs_review,"가격 단위 추정, 배송비 포함 여부 미확정",estimated,yes,candidate_estimated,파덕 0.3
35d30925084fb87ce79c5ee7,pokemoncardgame,포켓몬 카드게임,2026-07,2026-07-28T01:25:07+09:00,known,d7f2c4c6fc950cf833de46d3,35d30925084fb87ce79c5ee7,119400,https://m.dcinside.com/board/pokemoncardgame/119400,잡다한거 팜,seller-a074fe27a7e4ae1bd93dd807,전대대실격,registered,태권왕,태권왕,태권왕,,,unknown,미분류,1,0.3,3000,estimated,per_card,text,unknown,,active,needs_review,needs_review,"가격 단위 추정, 배송비 포함 여부 미확정",estimated,yes,candidate_estimated,태권왕 0.3
39a12aeba576fd1b0a9eb285,pokemoncardgame,포켓몬 카드게임,2026-07,2026-07-28T01:25:07+09:00,known,65f36981c57529e18b27b0b2,39a12aeba576fd1b0a9eb285,119400,https://m.dcinside.com/board/pokemoncardgame/119400,잡다한거 팜,seller-a074fe27a7e4ae1bd93dd807,전대대실격,registered,파덕,파덕,파덕,,,unknown,미분류,1,0.3,3000,estimated,per_card,text,unknown,,active,needs_review,needs_review,"가격 단위 추정, 배송비 포함 여부 미확정",estimated,yes,candidate_estimated,파덕 0.3
3dc2d423a7ef4632a6fdd259,pokemoncardgame,포켓몬 카드게임,2026-07,2026-07-28T01:25:07+09:00,known,ab1df4fb67ecb1d97006c0e2,3dc2d423a7ef4632a6fdd259,119400,https://m.dcinside.com/board/pokemoncardgame/119400,잡다한거 팜,seller-a074fe27a7e4ae1bd93dd807,전대대실격,registered,커스봄,커스봄,커스봄 333세트,,,unknown,미분류,1,2.0,20000,estimated,bundle,text,unknown,,active,needs_review,needs_review,"가격 단위 추정, 일괄·세트 가격, 배송비 포함 여부 미확정, 묶음·세트 총액 · 개별 카드 가격 아님",estimated,no,no,커스봄 333세트 2.0
3f40f19669482a7d3eb63bb7,pokemoncardgame,포켓몬 카드게임,2026-07,2026-07-28T01:25:07+09:00,known,73ab6a6cb1193381051a6b83,3f40f19669482a7d3eb63bb7,119400,https://m.dcinside.com/board/pokemoncardgame/119400,잡다한거 팜,seller-a074fe27a7e4ae1bd93dd807,전대대실격,registered,루카리오,루카리오,루카리오,,,unknown,미분류,1,3.0,30000,estimated,bundle,text,unknown,,active,needs_review,needs_review,"가격 단위 추정, 일괄·세트 가격, 배송비 포함 여부 미확정, 묶음·세트 총액 · 개별 카드 가격 아님",estimated,no,no,루카리오 세트 3.0
4005ea0754fc16ebe112a995,pokemoncardgame,포켓몬 카드게임,2026-07,2026-07-28T01:25:07+09:00,known,d7f2c4c6fc950cf833de46d3,4005ea0754fc16ebe112a995,119400,https://m.dcinside.com/board/pokemoncardgame/119400,잡다한거 팜,seller-a074fe27a7e4ae1bd93dd807,전대대실격,registered,커스봄,커스봄,커스봄 333세트,,,unknown,미분류,1,2.0,20000,estimated,bundle,text,unknown,,active,needs_review,needs_review,"가격 단위 추정, 일괄·세트 가격, 배송비 포함 여부 미확정, 묶음·세트 총액 · 개별 카드 가격 아님",estimated,no,no,커스봄 333세트 2.0
499307b7957b2b4f91683c7c,pokemoncardgame,포켓몬 카드게임,2026-07,2026-07-28T01:25:07+09:00,known,d7f2c4c6fc950cf833de46d3,499307b7957b2b4f91683c7c,119400,https://m.dcinside.com/board/pokemoncardgame/119400,잡다한거 팜,seller-a074fe27a7e4ae1bd93dd807,전대대실격,registered,루카리오,루카리오,루카리오,,,unknown,미분류,1,3.0,30000,estimated,bundle,text,unknown,,active,needs_review,needs_review,"가격 단위 추정, 일괄·세트 가격, 배송비 포함 여부 미확정, 묶음·세트 총액 · 개별 카드 가격 아님",estimated,no,no,루카리오 세트 3.0
4dca54cc7df1415e3472917e,pokemoncardgame,포켓몬 카드게임,2026-07,2026-07-28T01:25:07+09:00,known,d7f2c4c6fc950cf833de46d3,4dca54cc7df1415e3472917e,119400,https://m.dcinside.com/board/pokemoncardgame/119400,잡다한거 팜,seller-a074fe27a7e4ae1bd93dd807,전대대실격,registered,돌거폰,돌거폰,돌거폰,,,unknown,미분류,1,1.0,10000,estimated,per_card,text,unknown,,active,needs_review,needs_review,"가격 단위 추정, 배송비 포함 여부 미확정",estimated,yes,candidate_estimated,돌거폰 1.0
4e42fae57650fe03a3643f2b,pokemoncardgame,포켓몬 카드게임,2026-07,2026-07-28T01:25:07+09:00,known,ab1df4fb67ecb1d97006c0e2,4e42fae57650fe03a3643f2b,119400,https://m.dcinside.com/board/pokemoncardgame/119400,잡다한거 팜,seller-a074fe27a7e4ae1bd93dd807,전대대실격,registered,var safe = window.dcAd && window.dcAd.safe ==,var safe = window.dcAd && window.dcAd.safe ==,var safe = (window.dcAd && window.dcAd.safe ==,,,unknown,미분류,1,1,10000,estimated,bundle,text,unknown,,active,needs_review,needs_review,"가격 단위 추정, 복수 카드 가격, 배송비 포함 여부 미확정, 묶음·세트 총액 · 개별 카드 가격 아님",estimated,no,no,var safe = (window.dcAd && window.dcAd.safe == 1)
5a778975609a44097a60eacf,pokemoncardgame,포켓몬 카드게임,2026-07,2026-07-28T01:25:07+09:00,known,73ab6a6cb1193381051a6b83,5a778975609a44097a60eacf,119400,https://m.dcinside.com/board/pokemoncardgame/119400,잡다한거 팜,seller-a074fe27a7e4ae1bd93dd807,전대대실격,registered,태권왕,태권왕,태권왕,,,unknown,미분류,1,0.3,3000,estimated,per_card,text,unknown,,active,needs_review,needs_review,"가격 단위 추정, 배송비 포함 여부 미확정",estimated,yes,candidate_estimated,태권왕 0.3
6926b23b1337b361f746257a,pokemoncardgame,포켓몬 카드게임,2026-07,2026-07-28T01:25:07+09:00,known,73ab6a6cb1193381051a6b83,6926b23b1337b361f746257a,119400,https://m.dcinside.com/board/pokemoncardgame/119400,잡다한거 팜,seller-a074fe27a7e4ae1bd93dd807,전대대실격,registered,loadScript ' t,loadScript ' t,loadScript('//t,,,unknown,미분류,1,1,10000,estimated,bundle,text,unknown,,active,needs_review,needs_review,"가격 단위 추정, 복수 카드 가격, 배송비 포함 여부 미확정, 묶음·세트 총액 · 개별 카드 가격 아님",estimated,no,no,"loadScript('//t1.kakaocdn.net/kas/static/ba.min.js', true);"
6cdf0b4e389e2cec3b4b222e,pokemoncardgame,포켓몬 카드게임,2026-07,2026-07-28T01:25:07+09:00,known,d7f2c4c6fc950cf833de46d3,6cdf0b4e389e2cec3b4b222e,119400,https://m.dcinside.com/board/pokemoncardgame/119400,잡다한거 팜,seller-a074fe27a7e4ae1bd93dd807,전대대실격,registered,리자몽,리자몽,리자몽,,,unknown,미분류,1,1.0,10000,estimated,bundle,text,unknown,,active,needs_review,needs_review,"가격 단위 추정, 일괄·세트 가격, 배송비 포함 여부 미확정, 묶음·세트 총액 · 개별 카드 가격 아님",estimated,no,no,리자몽 세트 1.0
72abc42919c1be275ee297f2,pokemoncardgame,포켓몬 카드게임,2026-07,2026-07-28T01:25:07+09:00,known,73ab6a6cb1193381051a6b83,72abc42919c1be275ee297f2,119400,https://m.dcinside.com/board/pokemoncardgame/119400,잡다한거 팜,seller-a074fe27a7e4ae1bd93dd807,전대대실격,registered,var safe = window.dcAd && window.dcAd.safe ==,var safe = window.dcAd && window.dcAd.safe ==,var safe = (window.dcAd && window.dcAd.safe ==,,,unknown,미분류,1,1,10000,estimated,bundle,text,unknown,,active,needs_review,needs_review,"가격 단위 추정, 복수 카드 가격, 배송비 포함 여부 미확정, 묶음·세트 총액 · 개별 카드 가격 아님",estimated,no,no,var safe = (window.dcAd && window.dcAd.safe == 1)
77c065d777835f393113bee9,pokemoncardgame,포켓몬 카드게임,2026-07,2026-07-28T01:25:07+09:00,known,65f36981c57529e18b27b0b2,77c065d777835f393113bee9,119400,https://m.dcinside.com/board/pokemoncardgame/119400,잡다한거 팜,seller-a074fe27a7e4ae1bd93dd807,전대대실격,registered,loadScript 'https pagead,loadScript 'https pagead,loadScript('https://pagead,,,unknown,미분류,1,2,20000,estimated,bundle,text,unknown,,active,needs_review,needs_review,"가격 단위 추정, 복수 카드 가격, 배송비 포함 여부 미확정, 묶음·세트 총액 · 개별 카드 가격 아님",estimated,no,no,"loadScript('https://pagead2.googlesyndication.com/pagead/js/adsbygoogle_direct.js?client=ca-pub-8171468792791627', true, 'anonymous');"
7c09ff79097eb93850b0162b,pokemoncardgame,포켓몬 카드게임,2026-07,2026-07-28T01:25:07+09:00,known,ab1df4fb67ecb1d97006c0e2,7c09ff79097eb93850b0162b,119400,https://m.dcinside.com/board/pokemoncardgame/119400,잡다한거 팜,seller-a074fe27a7e4ae1bd93dd807,전대대실격,registered,드래캄 고,드래캄 고,드래캄 고,,레어,unknown,미분류,1,6.0,60000,estimated,bundle,text,unknown,,active,needs_review,needs_review,"가격 단위 추정, 일괄·세트 가격, 배송비 포함 여부 미확정, 묶음·세트 총액 · 개별 카드 가격 아님",estimated,no,no,드래캄 고레어 세트 6.0
7e181ec7b18a535afcc7a396,pokemoncardgame,포켓몬 카드게임,2026-07,2026-07-28T01:25:07+09:00,known,73ab6a6cb1193381051a6b83,7e181ec7b18a535afcc7a396,119400,https://m.dcinside.com/board/pokemoncardgame/119400,잡다한거 팜,seller-a074fe27a7e4ae1bd93dd807,전대대실격,registered,돌거폰,돌거폰,돌거폰,,,unknown,미분류,1,1.0,10000,estimated,per_card,text,unknown,,active,needs_review,needs_review,"가격 단위 추정, 배송비 포함 여부 미확정",estimated,yes,candidate_estimated,돌거폰 1.0
8800a75d8fb87e153afb7ba7,pokemoncardgame,포켓몬 카드게임,2026-07,2026-07-28T01:25:07+09:00,known,65f36981c57529e18b27b0b2,8800a75d8fb87e153afb7ba7,119400,https://m.dcinside.com/board/pokemoncardgame/119400,잡다한거 팜,seller-a074fe27a7e4ae1bd93dd807,전대대실격,registered,var safe = window.dcAd && window.dcAd.safe ==,var safe = window.dcAd && window.dcAd.safe ==,var safe = (window.dcAd && window.dcAd.safe ==,,,unknown,미분류,1,1,10000,estimated,bundle,text,unknown,,active,needs_review,needs_review,"가격 단위 추정, 복수 카드 가격, 배송비 포함 여부 미확정, 묶음·세트 총액 · 개별 카드 가격 아님",estimated,no,no,var safe = (window.dcAd && window.dcAd.safe == 1)
8b012790a91ab5828ac8a45d,pokemoncardgame,포켓몬 카드게임,2026-07,2026-07-28T01:25:07+09:00,known,73ab6a6cb1193381051a6b83,8b012790a91ab5828ac8a45d,119400,https://m.dcinside.com/board/pokemoncardgame/119400,잡다한거 팜,seller-a074fe27a7e4ae1bd93dd807,전대대실격,registered,리자몽,리자몽,리자몽,,,unknown,미분류,1,1.0,10000,estimated,bundle,text,unknown,,active,needs_review,needs_review,"가격 단위 추정, 일괄·세트 가격, 배송비 포함 여부 미확정, 묶음·세트 총액 · 개별 카드 가격 아님",estimated,no,no,리자몽 세트 1.0
8e122821a5e767e1fb150bd0,pokemoncardgame,포켓몬 카드게임,2026-07,2026-07-28T01:25:07+09:00,known,65f36981c57529e18b27b0b2,8e122821a5e767e1fb150bd0,119400,https://m.dcinside.com/board/pokemoncardgame/119400,잡다한거 팜,seller-a074fe27a7e4ae1bd93dd807,전대대실격,registered,드래캄 고,드래캄 고,드래캄 고,,레어,unknown,미분류,1,6.0,60000,estimated,bundle,text,unknown,,active,needs_review,needs_review,"가격 단위 추정, 일괄·세트 가격, 배송비 포함 여부 미확정, 묶음·세트 총액 · 개별 카드 가격 아님",estimated,no,no,드래캄 고레어 세트 6.0
8e38543cfdde67823620ddd8,pokemoncardgame,포켓몬 카드게임,2026-07,2026-07-28T01:25:07+09:00,known,ab1df4fb67ecb1d97006c0e2,8e38543cfdde67823620ddd8,119400,https://m.dcinside.com/board/pokemoncardgame/119400,잡다한거 팜,seller-a074fe27a7e4ae1bd93dd807,전대대실격,registered,나옹,나옹,나옹,,,unknown,미분류,1,0.2,2000,estimated,per_card,text,unknown,,active,needs_review,needs_review,"가격 단위 추정, 배송비 포함 여부 미확정",estimated,yes,candidate_estimated,나옹 0.2
94ca171dab420982a9150e31,pokemoncardgame,포켓몬 카드게임,2026-07,2026-07-28T01:25:07+09:00,known,d7f2c4c6fc950cf833de46d3,94ca171dab420982a9150e31,119400,https://m.dcinside.com/board/pokemoncardgame/119400,잡다한거 팜,seller-a074fe27a7e4ae1bd93dd807,전대대실격,registered,var safe = window.dcAd && window.dcAd.safe ==,var safe = window.dcAd && window.dcAd.safe ==,var safe = (window.dcAd && window.dcAd.safe ==,,,unknown,미분류,1,1,10000,estimated,bundle,text,unknown,,active,needs_review,needs_review,"가격 단위 추정, 복수 카드 가격, 배송비 포함 여부 미확정, 묶음·세트 총액 · 개별 카드 가격 아님",estimated,no,no,var safe = (window.dcAd && window.dcAd.safe == 1)
969a119a54d2b00f97ddd8f2,pokemoncardgame,포켓몬 카드게임,2026-07,2026-07-28T01:25:07+09:00,known,73ab6a6cb1193381051a6b83,969a119a54d2b00f97ddd8f2,119400,https://m.dcinside.com/board/pokemoncardgame/119400,잡다한거 팜,seller-a074fe27a7e4ae1bd93dd807,전대대실격,registered,파덕,파덕,파덕,,,unknown,미분류,1,0.3,3000,estimated,per_card,text,unknown,,active,needs_review,needs_review,"가격 단위 추정, 배송비 포함 여부 미확정",estimated,yes,candidate_estimated,파덕 0.3
98d97dfda2230789b6ac4a32,pokemoncardgame,포켓몬 카드게임,2026-07,2026-07-28T01:25:07+09:00,known,d7f2c4c6fc950cf833de46d3,98d97dfda2230789b6ac4a32,119400,https://m.dcinside.com/board/pokemoncardgame/119400,잡다한거 팜,seller-a074fe27a7e4ae1bd93dd807,전대대실격,registered,나옹,나옹,나옹,,,unknown,미분류,1,0.2,2000,estimated,per_card,text,unknown,,active,needs_review,needs_review,"가격 단위 추정, 배송비 포함 여부 미확정",estimated,yes,candidate_estimated,나옹 0.2
a43e88531aefb449bb9c2710,pokemoncardgame,포켓몬 카드게임,2026-07,2026-07-28T01:25:07+09:00,known,ab1df4fb67ecb1d97006c0e2,a43e88531aefb449bb9c2710,119400,https://m.dcinside.com/board/pokemoncardgame/119400,잡다한거 팜,seller-a074fe27a7e4ae1bd93dd807,전대대실격,registered,루카리오,루카리오,루카리오,,,unknown,미분류,1,3.0,30000,estimated,bundle,text,unknown,,active,needs_review,needs_review,"가격 단위 추정, 일괄·세트 가격, 배송비 포함 여부 미확정, 묶음·세트 총액 · 개별 카드 가격 아님",estimated,no,no,루카리오 세트 3.0
ac1575fad8548845b11e9c6b,pokemoncardgame,포켓몬 카드게임,2026-07,2026-07-28T01:25:07+09:00,known,ab1df4fb67ecb1d97006c0e2,ac1575fad8548845b11e9c6b,119400,https://m.dcinside.com/board/pokemoncardgame/119400,잡다한거 팜,seller-a074fe27a7e4ae1bd93dd807,전대대실격,registered,리자몽,리자몽,리자몽,,,unknown,미분류,1,1.0,10000,estimated,bundle,text,unknown,,active,needs_review,needs_review,"가격 단위 추정, 일괄·세트 가격, 배송비 포함 여부 미확정, 묶음·세트 총액 · 개별 카드 가격 아님",estimated,no,no,리자몽 세트 1.0
ad89c051d5bc0a5be2481dc9,pokemoncardgame,포켓몬 카드게임,2026-07,2026-07-28T01:25:07+09:00,known,65f36981c57529e18b27b0b2,ad89c051d5bc0a5be2481dc9,119400,https://m.dcinside.com/board/pokemoncardgame/119400,잡다한거 팜,seller-a074fe27a7e4ae1bd93dd807,전대대실격,registered,돌거폰,돌거폰,돌거폰,,,unknown,미분류,1,1.0,10000,estimated,per_card,text,unknown,,active,needs_review,needs_review,"가격 단위 추정, 배송비 포함 여부 미확정",estimated,yes,candidate_estimated,돌거폰 1.0
b00049993d37e58bf65152e5,pokemoncardgame,포켓몬 카드게임,2026-07,2026-07-28T01:25:07+09:00,known,65f36981c57529e18b27b0b2,b00049993d37e58bf65152e5,119400,https://m.dcinside.com/board/pokemoncardgame/119400,잡다한거 팜,seller-a074fe27a7e4ae1bd93dd807,전대대실격,registered,DOM 삽입 헬퍼 현재 스크립트 위치 기준,DOM 삽입 헬퍼 현재 스크립트 위치 기준,// ---- DOM 삽입 헬퍼 (현재 스크립트 위치 기준,,,unknown,미분류,1,1,10000,estimated,bundle,text,unknown,,active,needs_review,needs_review,"가격 단위 추정, 복수 카드 가격, 배송비 포함 여부 미확정, 묶음·세트 총액 · 개별 카드 가격 아님",estimated,no,no,// ---- DOM 삽입 헬퍼 (현재 스크립트 위치 기준1)
b2d4c135c68de6065d95d6a6,pokemoncardgame,포켓몬 카드게임,2026-07,2026-07-28T01:25:07+09:00,known,65f36981c57529e18b27b0b2,b2d4c135c68de6065d95d6a6,119400,https://m.dcinside.com/board/pokemoncardgame/119400,잡다한거 팜,seller-a074fe27a7e4ae1bd93dd807,전대대실격,registered,하솔,하솔,하솔,,,unknown,미분류,1,1.0,10000,estimated,per_card,text,unknown,,active,needs_review,needs_review,"가격 단위 추정, 배송비 포함 여부 미확정",estimated,yes,candidate_estimated,하솔 1.0
b64b4617aab8cb3e752c083a,pokemoncardgame,포켓몬 카드게임,2026-07,2026-07-28T01:25:07+09:00,known,73ab6a6cb1193381051a6b83,b64b4617aab8cb3e752c083a,119400,https://m.dcinside.com/board/pokemoncardgame/119400,잡다한거 팜,seller-a074fe27a7e4ae1bd93dd807,전대대실격,registered,드래캄 고,드래캄 고,드래캄 고,,레어,unknown,미분류,1,6.0,60000,estimated,bundle,text,unknown,,active,needs_review,needs_review,"가격 단위 추정, 일괄·세트 가격, 배송비 포함 여부 미확정, 묶음·세트 총액 · 개별 카드 가격 아님",estimated,no,no,드래캄 고레어 세트 6.0
b694681a32aab12da82eea50,pokemoncardgame,포켓몬 카드게임,2026-07,2026-07-28T01:25:07+09:00,known,73ab6a6cb1193381051a6b83,b694681a32aab12da82eea50,119400,https://m.dcinside.com/board/pokemoncardgame/119400,잡다한거 팜,seller-a074fe27a7e4ae1bd93dd807,전대대실격,registered,하솔,하솔,하솔,,,unknown,미분류,1,1.0,10000,estimated,per_card,text,unknown,,active,needs_review,needs_review,"가격 단위 추정, 배송비 포함 여부 미확정",estimated,yes,candidate_estimated,하솔 1.0
b80430829939bd66a06f4d39,pokemoncardgame,포켓몬 카드게임,2026-07,2026-07-28T01:25:07+09:00,known,ab1df4fb67ecb1d97006c0e2,b80430829939bd66a06f4d39,119400,https://m.dcinside.com/board/pokemoncardgame/119400,잡다한거 팜,seller-a074fe27a7e4ae1bd93dd807,전대대실격,registered,loadScript 'https pagead,loadScript 'https pagead,loadScript('https://pagead,,,unknown,미분류,1,2,20000,estimated,bundle,text,unknown,,active,needs_review,needs_review,"가격 단위 추정, 복수 카드 가격, 배송비 포함 여부 미확정, 묶음·세트 총액 · 개별 카드 가격 아님",estimated,no,no,"loadScript('https://pagead2.googlesyndication.com/pagead/js/adsbygoogle_direct.js?client=ca-pub-8171468792791627', true, 'anonymous');"
c6aa73fc6caecbee189d8c23,pokemoncardgame,포켓몬 카드게임,2026-07,2026-07-28T01:25:07+09:00,known,65f36981c57529e18b27b0b2,c6aa73fc6caecbee189d8c23,119400,https://m.dcinside.com/board/pokemoncardgame/119400,잡다한거 팜,seller-a074fe27a7e4ae1bd93dd807,전대대실격,registered,loadScript ' t,loadScript ' t,loadScript('//t,,,unknown,미분류,1,1,10000,estimated,bundle,text,unknown,,active,needs_review,needs_review,"가격 단위 추정, 복수 카드 가격, 배송비 포함 여부 미확정, 묶음·세트 총액 · 개별 카드 가격 아님",estimated,no,no,"loadScript('//t1.kakaocdn.net/kas/static/ba.min.js', true);"
c7916a235ef3ba8834b56556,pokemoncardgame,포켓몬 카드게임,2026-07,2026-07-28T01:25:07+09:00,known,65f36981c57529e18b27b0b2,c7916a235ef3ba8834b56556,119400,https://m.dcinside.com/board/pokemoncardgame/119400,잡다한거 팜,seller-a074fe27a7e4ae1bd93dd807,전대대실격,registered,나옹,나옹,나옹,,,unknown,미분류,1,0.2,2000,estimated,per_card,text,unknown,,active,needs_review,needs_review,"가격 단위 추정, 배송비 포함 여부 미확정",estimated,yes,candidate_estimated,나옹 0.2
d28c39ebb99d6b014a5bb872,pokemoncardgame,포켓몬 카드게임,2026-07,2026-07-28T01:25:07+09:00,known,ab1df4fb67ecb1d97006c0e2,d28c39ebb99d6b014a5bb872,119400,https://m.dcinside.com/board/pokemoncardgame/119400,잡다한거 팜,seller-a074fe27a7e4ae1bd93dd807,전대대실격,registered,DOM 삽입 헬퍼 현재 스크립트 위치 기준,DOM 삽입 헬퍼 현재 스크립트 위치 기준,// ---- DOM 삽입 헬퍼 (현재 스크립트 위치 기준,,,unknown,미분류,1,1,10000,estimated,bundle,text,unknown,,active,needs_review,needs_review,"가격 단위 추정, 복수 카드 가격, 배송비 포함 여부 미확정, 묶음·세트 총액 · 개별 카드 가격 아님",estimated,no,no,// ---- DOM 삽입 헬퍼 (현재 스크립트 위치 기준1)
d462b2a1ad4416ccb2c68500,pokemoncardgame,포켓몬 카드게임,2026-07,2026-07-28T01:25:07+09:00,known,d7f2c4c6fc950cf833de46d3,d462b2a1ad4416ccb2c68500,119400,https://m.dcinside.com/board/pokemoncardgame/119400,잡다한거 팜,seller-a074fe27a7e4ae1bd93dd807,전대대실격,registered,하솔,하솔,하솔,,,unknown,미분류,1,1.0,10000,estimated,per_card,text,unknown,,active,needs_review,needs_review,"가격 단위 추정, 배송비 포함 여부 미확정",estimated,yes,candidate_estimated,하솔 1.0
d8f08017188ab413037b335f,pokemoncardgame,포켓몬 카드게임,2026-07,2026-07-28T01:25:07+09:00,known,d7f2c4c6fc950cf833de46d3,d8f08017188ab413037b335f,119400,https://m.dcinside.com/board/pokemoncardgame/119400,잡다한거 팜,seller-a074fe27a7e4ae1bd93dd807,전대대실격,registered,파덕,파덕,파덕,,,unknown,미분류,1,0.3,3000,estimated,per_card,text,unknown,,active,needs_review,needs_review,"가격 단위 추정, 배송비 포함 여부 미확정",estimated,yes,candidate_estimated,파덕 0.3
daf7d4432322dc60946ddf89,pokemoncardgame,포켓몬 카드게임,2026-07,2026-07-28T01:25:07+09:00,known,ab1df4fb67ecb1d97006c0e2,daf7d4432322dc60946ddf89,119400,https://m.dcinside.com/board/pokemoncardgame/119400,잡다한거 팜,seller-a074fe27a7e4ae1bd93dd807,전대대실격,registered,하솔,하솔,하솔,,,unknown,미분류,1,1.0,10000,estimated,per_card,text,unknown,,active,needs_review,needs_review,"가격 단위 추정, 배송비 포함 여부 미확정",estimated,yes,candidate_estimated,하솔 1.0
e4a9243cb9908dc2a69ba8c7,pokemoncardgame,포켓몬 카드게임,2026-07,2026-07-28T01:25:07+09:00,known,d7f2c4c6fc950cf833de46d3,e4a9243cb9908dc2a69ba8c7,119400,https://m.dcinside.com/board/pokemoncardgame/119400,잡다한거 팜,seller-a074fe27a7e4ae1bd93dd807,전대대실격,registered,loadScript ' t,loadScript ' t,loadScript('//t,,,unknown,미분류,1,1,10000,estimated,bundle,text,unknown,,active,needs_review,needs_review,"가격 단위 추정, 복수 카드 가격, 배송비 포함 여부 미확정, 묶음·세트 총액 · 개별 카드 가격 아님",estimated,no,no,"loadScript('//t1.kakaocdn.net/kas/static/ba.min.js', true);"
e4c76e8df4f00fa95f29a667,pokemoncardgame,포켓몬 카드게임,2026-07,2026-07-28T01:25:07+09:00,known,65f36981c57529e18b27b0b2,e4c76e8df4f00fa95f29a667,119400,https://m.dcinside.com/board/pokemoncardgame/119400,잡다한거 팜,seller-a074fe27a7e4ae1bd93dd807,전대대실격,registered,리자몽,리자몽,리자몽,,,unknown,미분류,1,1.0,10000,estimated,bundle,text,unknown,,active,needs_review,needs_review,"가격 단위 추정, 일괄·세트 가격, 배송비 포함 여부 미확정, 묶음·세트 총액 · 개별 카드 가격 아님",estimated,no,no,리자몽 세트 1.0
eaafa395b2d00ac975016d20,pokemoncardgame,포켓몬 카드게임,2026-07,2026-07-28T01:25:07+09:00,known,ab1df4fb67ecb1d97006c0e2,eaafa395b2d00ac975016d20,119400,https://m.dcinside.com/board/pokemoncardgame/119400,잡다한거 팜,seller-a074fe27a7e4ae1bd93dd807,전대대실격,registered,태권왕,태권왕,태권왕,,,unknown,미분류,1,0.3,3000,estimated,per_card,text,unknown,,active,needs_review,needs_review,"가격 단위 추정, 배송비 포함 여부 미확정",estimated,yes,candidate_estimated,태권왕 0.3
ee703cf86d4292ee4d6a0478,pokemoncardgame,포켓몬 카드게임,2026-07,2026-07-28T01:25:07+09:00,known,d7f2c4c6fc950cf833de46d3,ee703cf86d4292ee4d6a0478,119400,https://m.dcinside.com/board/pokemoncardgame/119400,잡다한거 팜,seller-a074fe27a7e4ae1bd93dd807,전대대실격,registered,loadScript 'https pagead,loadScript 'https pagead,loadScript('https://pagead,,,unknown,미분류,1,2,20000,estimated,bundle,text,unknown,,active,needs_review,needs_review,"가격 단위 추정, 복수 카드 가격, 배송비 포함 여부 미확정, 묶음·세트 총액 · 개별 카드 가격 아님",estimated,no,no,"loadScript('https://pagead2.googlesyndication.com/pagead/js/adsbygoogle_direct.js?client=ca-pub-8171468792791627', true, 'anonymous');"
f3522611d0aed44d72f2757c,pokemoncardgame,포켓몬 카드게임,2026-07,2026-07-28T01:25:07+09:00,known,d7f2c4c6fc950cf833de46d3,f3522611d0aed44d72f2757c,119400,https://m.dcinside.com/board/pokemoncardgame/119400,잡다한거 팜,seller-a074fe27a7e4ae1bd93dd807,전대대실격,registered,DOM 삽입 헬퍼 현재 스크립트 위치 기준,DOM 삽입 헬퍼 현재 스크립트 위치 기준,// ---- DOM 삽입 헬퍼 (현재 스크립트 위치 기준,,,unknown,미분류,1,1,10000,estimated,bundle,text,unknown,,active,needs_review,needs_review,"가격 단위 추정, 복수 카드 가격, 배송비 포함 여부 미확정, 묶음·세트 총액 · 개별 카드 가격 아님",estimated,no,no,// ---- DOM 삽입 헬퍼 (현재 스크립트 위치 기준1)
fce91f5d0eb492d7c0e208a1,pokemoncardgame,포켓몬 카드게임,2026-07,2026-07-28T01:25:07+09:00,known,d7f2c4c6fc950cf833de46d3,fce91f5d0eb492d7c0e208a1,119400,https://m.dcinside.com/board/pokemoncardgame/119400,잡다한거 팜,seller-a074fe27a7e4ae1bd93dd807,전대대실격,registered,드래캄 고,드래캄 고,드래캄 고,,레어,unknown,미분류,1,6.0,60000,estimated,bundle,text,unknown,,active,needs_review,needs_review,"가격 단위 추정, 일괄·세트 가격, 배송비 포함 여부 미확정, 묶음·세트 총액 · 개별 카드 가격 아님",estimated,no,no,드래캄 고레어 세트 6.0
1684948aea920bdeeb2e8a45,pokemoncardgame,포켓몬 카드게임,2026-07,2026-07-28T02:14:41+09:00,known,b1da5b27e3dacc1d5be663ef,1684948aea920bdeeb2e8a45,119403,https://m.dcinside.com/board/pokemoncardgame/119403,"하솔 sar, 스타디움 ur 팔고 MA 삽니다",seller-6a6106e28956f4070c3b4862,섬도희-아가리,registered,그래비티 마운틴,그래비티 마운틴,그래비티 마운틴,,,unknown,미분류,1,1.0,10000,estimated,per_card,text,unknown,,active,needs_review,needs_review,"가격 단위 추정, 배송비 포함 여부 미확정",estimated,yes,candidate_estimated,그래비티 마운틴 1.0
1e74c85cd3c0a3fa2c506269,pokemoncardgame,포켓몬 카드게임,2026-07,2026-07-28T02:14:41+09:00,known,01316e3ada2973586e75f7a8,1e74c85cd3c0a3fa2c506269,119403,https://m.dcinside.com/board/pokemoncardgame/119403,"하솔 sar, 스타디움 ur 팔고 MA 삽니다",seller-6a6106e28956f4070c3b4862,섬도희-아가리,registered,재밍타워,재밍타워,재밍타워,,,unknown,미분류,1,0.5,5000,estimated,per_card,text,unknown,,active,needs_review,needs_review,"가격 단위 추정, 배송비 포함 여부 미확정",estimated,yes,candidate_estimated,재밍타워 0.5
2d2fd5669d4b1fd1b2c7ffee,pokemoncardgame,포켓몬 카드게임,2026-07,2026-07-28T02:14:41+09:00,known,01316e3ada2973586e75f7a8,2d2fd5669d4b1fd1b2c7ffee,119403,https://m.dcinside.com/board/pokemoncardgame/119403,"하솔 sar, 스타디움 ur 팔고 MA 삽니다",seller-6a6106e28956f4070c3b4862,섬도희-아가리,registered,하솔,하솔,하솔 장당,,,unknown,미분류,1,1.3,13000,estimated,per_card,text,unknown,,active,needs_review,needs_review,"가격 단위 추정, 배송비 포함 여부 미확정",estimated,yes,candidate_estimated,하솔 장당 1.3
3fb83727fadc3de808847770,pokemoncardgame,포켓몬 카드게임,2026-07,2026-07-28T02:14:41+09:00,known,1350900147552e62df7a8cc7,3fb83727fadc3de808847770,119403,https://m.dcinside.com/board/pokemoncardgame/119403,"하솔 sar, 스타디움 ur 팔고 MA 삽니다",seller-6a6106e28956f4070c3b4862,섬도희-아가리,registered,그래비티 마운틴,그래비티 마운틴,그래비티 마운틴,,,unknown,미분류,1,1.0,10000,estimated,per_card,text,unknown,,active,needs_review,needs_review,"가격 단위 추정, 배송비 포함 여부 미확정",estimated,yes,candidate_estimated,그래비티 마운틴 1.0
4c76daac8e7368f11ffeaf6d,pokemoncardgame,포켓몬 카드게임,2026-07,2026-07-28T02:14:41+09:00,known,01316e3ada2973586e75f7a8,4c76daac8e7368f11ffeaf6d,119403,https://m.dcinside.com/board/pokemoncardgame/119403,"하솔 sar, 스타디움 ur 팔고 MA 삽니다",seller-6a6106e28956f4070c3b4862,섬도희-아가리,registered,MA 메가 팬텀,MA 메가 팬텀,MA 메가 팬텀,,,unknown,미분류,4,4.0,40000,estimated,bundle,text,unknown,,active,needs_review,needs_review,"가격 단위 추정, 일괄·세트 가격, 배송비 포함 여부 미확정, 묶음·세트 총액 · 개별 카드 가격 아님",estimated,no,no,MA 메가 팬텀 4장 일괄 4.0
4ecb997910a9cdd84d60a61f,pokemoncardgame,포켓몬 카드게임,2026-07,2026-07-28T02:14:41+09:00,known,5f50b24a57d2566e8c709595,4ecb997910a9cdd84d60a61f,119403,https://m.dcinside.com/board/pokemoncardgame/119403,"하솔 sar, 스타디움 ur 팔고 MA 삽니다",seller-6a6106e28956f4070c3b4862,섬도희-아가리,registered,MA 메가 망나뇽,MA 메가 망나뇽,MA 메가 망나뇽,,,unknown,미분류,4,3.5,35000,estimated,bundle,text,unknown,,active,needs_review,needs_review,"가격 단위 추정, 일괄·세트 가격, 배송비 포함 여부 미확정, 묶음·세트 총액 · 개별 카드 가격 아님",estimated,no,no,MA 메가 망나뇽 4장 일괄 3.5
6115d7cf98670b6619fc3efc,pokemoncardgame,포켓몬 카드게임,2026-07,2026-07-28T02:14:41+09:00,known,1350900147552e62df7a8cc7,6115d7cf98670b6619fc3efc,119403,https://m.dcinside.com/board/pokemoncardgame/119403,"하솔 sar, 스타디움 ur 팔고 MA 삽니다",seller-6a6106e28956f4070c3b4862,섬도희-아가리,registered,MA 메가 망나뇽,MA 메가 망나뇽,MA 메가 망나뇽,,,unknown,미분류,4,3.5,35000,estimated,bundle,text,unknown,,active,needs_review,needs_review,"가격 단위 추정, 일괄·세트 가격, 배송비 포함 여부 미확정, 묶음·세트 총액 · 개별 카드 가격 아님",estimated,no,no,MA 메가 망나뇽 4장 일괄 3.5
66a03e92886142a36f58712e,pokemoncardgame,포켓몬 카드게임,2026-07,2026-07-28T02:14:41+09:00,known,5f50b24a57d2566e8c709595,66a03e92886142a36f58712e,119403,https://m.dcinside.com/board/pokemoncardgame/119403,"하솔 sar, 스타디움 ur 팔고 MA 삽니다",seller-6a6106e28956f4070c3b4862,섬도희-아가리,registered,MA 메가 팬텀,MA 메가 팬텀,MA 메가 팬텀,,,unknown,미분류,4,4.0,40000,estimated,bundle,text,unknown,,active,needs_review,needs_review,"가격 단위 추정, 일괄·세트 가격, 배송비 포함 여부 미확정, 묶음·세트 총액 · 개별 카드 가격 아님",estimated,no,no,MA 메가 팬텀 4장 일괄 4.0
6939dd3f25b913b9c58117b2,pokemoncardgame,포켓몬 카드게임,2026-07,2026-07-28T02:14:41+09:00,known,01316e3ada2973586e75f7a8,6939dd3f25b913b9c58117b2,119403,https://m.dcinside.com/board/pokemoncardgame/119403,"하솔 sar, 스타디움 ur 팔고 MA 삽니다",seller-6a6106e28956f4070c3b4862,섬도희-아가리,registered,그래비티 마운틴,그래비티 마운틴,그래비티 마운틴,,,unknown,미분류,1,1.0,10000,estimated,per_card,text,unknown,,active,needs_review,needs_review,"가격 단위 추정, 배송비 포함 여부 미확정",estimated,yes,candidate_estimated,그래비티 마운틴 1.0
7cb7a71199d4a8ec03f8c134,pokemoncardgame,포켓몬 카드게임,2026-07,2026-07-28T02:14:41+09:00,known,b1da5b27e3dacc1d5be663ef,7cb7a71199d4a8ec03f8c134,119403,https://m.dcinside.com/board/pokemoncardgame/119403,"하솔 sar, 스타디움 ur 팔고 MA 삽니다",seller-6a6106e28956f4070c3b4862,섬도희-아가리,registered,재밍타워,재밍타워,재밍타워,,,unknown,미분류,1,0.5,5000,estimated,per_card,text,unknown,,active,needs_review,needs_review,"가격 단위 추정, 배송비 포함 여부 미확정",estimated,yes,candidate_estimated,재밍타워 0.5
7cd2698d57a891f9c4552ab0,pokemoncardgame,포켓몬 카드게임,2026-07,2026-07-28T02:14:41+09:00,known,1350900147552e62df7a8cc7,7cd2698d57a891f9c4552ab0,119403,https://m.dcinside.com/board/pokemoncardgame/119403,"하솔 sar, 스타디움 ur 팔고 MA 삽니다",seller-6a6106e28956f4070c3b4862,섬도희-아가리,registered,하솔,하솔,하솔 장당,,,unknown,미분류,1,1.3,13000,estimated,per_card,text,unknown,,active,needs_review,needs_review,"가격 단위 추정, 배송비 포함 여부 미확정",estimated,yes,candidate_estimated,하솔 장당 1.3
92a7f0cd3db84a688bdf24ba,pokemoncardgame,포켓몬 카드게임,2026-07,2026-07-28T02:14:41+09:00,known,b1da5b27e3dacc1d5be663ef,92a7f0cd3db84a688bdf24ba,119403,https://m.dcinside.com/board/pokemoncardgame/119403,"하솔 sar, 스타디움 ur 팔고 MA 삽니다",seller-6a6106e28956f4070c3b4862,섬도희-아가리,registered,MA 메가 팬텀,MA 메가 팬텀,MA 메가 팬텀,,,unknown,미분류,4,4.0,40000,estimated,bundle,text,unknown,,active,needs_review,needs_review,"가격 단위 추정, 일괄·세트 가격, 배송비 포함 여부 미확정, 묶음·세트 총액 · 개별 카드 가격 아님",estimated,no,no,MA 메가 팬텀 4장 일괄 4.0
96042561f690992dda56342d,pokemoncardgame,포켓몬 카드게임,2026-07,2026-07-28T02:14:41+09:00,known,b1da5b27e3dacc1d5be663ef,96042561f690992dda56342d,119403,https://m.dcinside.com/board/pokemoncardgame/119403,"하솔 sar, 스타디움 ur 팔고 MA 삽니다",seller-6a6106e28956f4070c3b4862,섬도희-아가리,registered,MA 메가 망나뇽,MA 메가 망나뇽,MA 메가 망나뇽,,,unknown,미분류,4,3.5,35000,estimated,bundle,text,unknown,,active,needs_review,needs_review,"가격 단위 추정, 일괄·세트 가격, 배송비 포함 여부 미확정, 묶음·세트 총액 · 개별 카드 가격 아님",estimated,no,no,MA 메가 망나뇽 4장 일괄 3.5
ae843d30514edffb54e2d147,pokemoncardgame,포켓몬 카드게임,2026-07,2026-07-28T02:14:41+09:00,known,1350900147552e62df7a8cc7,ae843d30514edffb54e2d147,119403,https://m.dcinside.com/board/pokemoncardgame/119403,"하솔 sar, 스타디움 ur 팔고 MA 삽니다",seller-6a6106e28956f4070c3b4862,섬도희-아가리,registered,재밍타워,재밍타워,재밍타워,,,unknown,미분류,1,0.5,5000,estimated,per_card,text,unknown,,active,needs_review,needs_review,"가격 단위 추정, 배송비 포함 여부 미확정",estimated,yes,candidate_estimated,재밍타워 0.5
b9c4d0c96e0a09f71b6c7579,pokemoncardgame,포켓몬 카드게임,2026-07,2026-07-28T02:14:41+09:00,known,1350900147552e62df7a8cc7,b9c4d0c96e0a09f71b6c7579,119403,https://m.dcinside.com/board/pokemoncardgame/119403,"하솔 sar, 스타디움 ur 팔고 MA 삽니다",seller-6a6106e28956f4070c3b4862,섬도희-아가리,registered,MA 메가 팬텀,MA 메가 팬텀,MA 메가 팬텀,,,unknown,미분류,4,4.0,40000,estimated,bundle,text,unknown,,active,needs_review,needs_review,"가격 단위 추정, 일괄·세트 가격, 배송비 포함 여부 미확정, 묶음·세트 총액 · 개별 카드 가격 아님",estimated,no,no,MA 메가 팬텀 4장 일괄 4.0
db284ac282af8b66d9779dd3,pokemoncardgame,포켓몬 카드게임,2026-07,2026-07-28T02:14:41+09:00,known,5f50b24a57d2566e8c709595,db284ac282af8b66d9779dd3,119403,https://m.dcinside.com/board/pokemoncardgame/119403,"하솔 sar, 스타디움 ur 팔고 MA 삽니다",seller-6a6106e28956f4070c3b4862,섬도희-아가리,registered,하솔,하솔,하솔 장당,,,unknown,미분류,1,1.3,13000,estimated,per_card,text,unknown,,active,needs_review,needs_review,"가격 단위 추정, 배송비 포함 여부 미확정",estimated,yes,candidate_estimated,하솔 장당 1.3
e2aec37f86190597fcb9d048,pokemoncardgame,포켓몬 카드게임,2026-07,2026-07-28T02:14:41+09:00,known,b1da5b27e3dacc1d5be663ef,e2aec37f86190597fcb9d048,119403,https://m.dcinside.com/board/pokemoncardgame/119403,"하솔 sar, 스타디움 ur 팔고 MA 삽니다",seller-6a6106e28956f4070c3b4862,섬도희-아가리,registered,하솔,하솔,하솔 장당,,,unknown,미분류,1,1.3,13000,estimated,per_card,text,unknown,,active,needs_review,needs_review,"가격 단위 추정, 배송비 포함 여부 미확정",estimated,yes,candidate_estimated,하솔 장당 1.3
e3653e9167996361370f0261,pokemoncardgame,포켓몬 카드게임,2026-07,2026-07-28T02:14:41+09:00,known,5f50b24a57d2566e8c709595,e3653e9167996361370f0261,119403,https://m.dcinside.com/board/pokemoncardgame/119403,"하솔 sar, 스타디움 ur 팔고 MA 삽니다",seller-6a6106e28956f4070c3b4862,섬도희-아가리,registered,그래비티 마운틴,그래비티 마운틴,그래비티 마운틴,,,unknown,미분류,1,1.0,10000,estimated,per_card,text,unknown,,active,needs_review,needs_review,"가격 단위 추정, 배송비 포함 여부 미확정",estimated,yes,candidate_estimated,그래비티 마운틴 1.0
e4542f2da94f40a409f21dc6,pokemoncardgame,포켓몬 카드게임,2026-07,2026-07-28T02:14:41+09:00,known,5f50b24a57d2566e8c709595,e4542f2da94f40a409f21dc6,119403,https://m.dcinside.com/board/pokemoncardgame/119403,"하솔 sar, 스타디움 ur 팔고 MA 삽니다",seller-6a6106e28956f4070c3b4862,섬도희-아가리,registered,재밍타워,재밍타워,재밍타워,,,unknown,미분류,1,0.5,5000,estimated,per_card,text,unknown,,active,needs_review,needs_review,"가격 단위 추정, 배송비 포함 여부 미확정",estimated,yes,candidate_estimated,재밍타워 0.5
e56d80e87325e9ba53e844fd,pokemoncardgame,포켓몬 카드게임,2026-07,2026-07-28T02:14:41+09:00,known,01316e3ada2973586e75f7a8,e56d80e87325e9ba53e844fd,119403,https://m.dcinside.com/board/pokemoncardgame/119403,"하솔 sar, 스타디움 ur 팔고 MA 삽니다",seller-6a6106e28956f4070c3b4862,섬도희-아가리,registered,MA 메가 망나뇽,MA 메가 망나뇽,MA 메가 망나뇽,,,unknown,미분류,4,3.5,35000,estimated,bundle,text,unknown,,active,needs_review,needs_review,"가격 단위 추정, 일괄·세트 가격, 배송비 포함 여부 미확정, 묶음·세트 총액 · 개별 카드 가격 아님",estimated,no,no,MA 메가 망나뇽 4장 일괄 3.5
05a8e9bad5f605dbd037f5c2,pokemoncardgame,포켓몬 카드게임,2026-07,2026-07-28T17:00:52+09:00,known,16da98614c64a55cf07cd62a,05a8e9bad5f605dbd037f5c2,119436,https://m.dcinside.com/board/pokemoncardgame/119436,메루카 완덱 ㅍㅍ,seller-af95de7a0ec46b0b15d37908,chae12,registered,loadScript 'https pagead,loadScript 'https pagead,loadScript('https://pagead,,,unknown,미분류,1,2,20000,estimated,bundle,text,unknown,,active,needs_review,needs_review,"가격 단위 추정, 복수 카드 가격, 배송비 포함 여부 미확정, 묶음·세트 총액 · 개별 카드 가격 아님",estimated,no,no,"loadScript('https://pagead2.googlesyndication.com/pagead/js/adsbygoogle_direct.js?client=ca-pub-8171468792791627', true, 'anonymous');"
2082963c89c1e6c90ac5747b,pokemoncardgame,포켓몬 카드게임,2026-07,2026-07-28T17:00:52+09:00,known,75566d4ed7592f1cae2ce827,2082963c89c1e6c90ac5747b,119436,https://m.dcinside.com/board/pokemoncardgame/119436,메루카 완덱 ㅍㅍ,seller-af95de7a0ec46b0b15d37908,chae12,registered,loadScript 'https pagead,loadScript 'https pagead,loadScript('https://pagead,,,unknown,미분류,1,2,20000,estimated,bundle,text,unknown,,active,needs_review,needs_review,"가격 단위 추정, 복수 카드 가격, 배송비 포함 여부 미확정, 묶음·세트 총액 · 개별 카드 가격 아님",estimated,no,no,"loadScript('https://pagead2.googlesyndication.com/pagead/js/adsbygoogle_direct.js?client=ca-pub-8171468792791627', true, 'anonymous');"
318f38ff6723fbfe4c9ce1ea,pokemoncardgame,포켓몬 카드게임,2026-07,2026-07-28T17:00:52+09:00,known,0078cd5584a62f2242e2b978,318f38ff6723fbfe4c9ce1ea,119436,https://m.dcinside.com/board/pokemoncardgame/119436,메루카 완덱 ㅍㅍ,seller-af95de7a0ec46b0b15d37908,chae12,registered,loadScript 'https pagead,loadScript 'https pagead,loadScript('https://pagead,,,unknown,미분류,1,2,20000,estimated,bundle,text,unknown,,active,needs_review,needs_review,"가격 단위 추정, 복수 카드 가격, 배송비 포함 여부 미확정, 묶음·세트 총액 · 개별 카드 가격 아님",estimated,no,no,"loadScript('https://pagead2.googlesyndication.com/pagead/js/adsbygoogle_direct.js?client=ca-pub-8171468792791627', true, 'anonymous');"
3786a6d06979b4115b979f2b,pokemoncardgame,포켓몬 카드게임,2026-07,2026-07-28T17:00:52+09:00,known,16da98614c64a55cf07cd62a,3786a6d06979b4115b979f2b,119436,https://m.dcinside.com/board/pokemoncardgame/119436,메루카 완덱 ㅍㅍ,seller-af95de7a0ec46b0b15d37908,chae12,registered,DOM 삽입 헬퍼 현재 스크립트 위치 기준,DOM 삽입 헬퍼 현재 스크립트 위치 기준,// ---- DOM 삽입 헬퍼 (현재 스크립트 위치 기준,,,unknown,미분류,1,1,10000,estimated,bundle,text,unknown,,active,needs_review,needs_review,"가격 단위 추정, 복수 카드 가격, 배송비 포함 여부 미확정, 묶음·세트 총액 · 개별 카드 가격 아님",estimated,no,no,// ---- DOM 삽입 헬퍼 (현재 스크립트 위치 기준1)
50bbd80253e38d0f3c0e9d3f,pokemoncardgame,포켓몬 카드게임,2026-07,2026-07-28T17:00:52+09:00,known,0078cd5584a62f2242e2b978,50bbd80253e38d0f3c0e9d3f,119436,https://m.dcinside.com/board/pokemoncardgame/119436,메루카 완덱 ㅍㅍ,seller-af95de7a0ec46b0b15d37908,chae12,registered,DOM 삽입 헬퍼 현재 스크립트 위치 기준,DOM 삽입 헬퍼 현재 스크립트 위치 기준,// ---- DOM 삽입 헬퍼 (현재 스크립트 위치 기준,,,unknown,미분류,1,1,10000,estimated,bundle,text,unknown,,active,needs_review,needs_review,"가격 단위 추정, 복수 카드 가격, 배송비 포함 여부 미확정, 묶음·세트 총액 · 개별 카드 가격 아님",estimated,no,no,// ---- DOM 삽입 헬퍼 (현재 스크립트 위치 기준1)
604f67fa0edcf57977ed6596,pokemoncardgame,포켓몬 카드게임,2026-07,2026-07-28T17:00:52+09:00,known,0e128cd2fa35551d31b51a25,604f67fa0edcf57977ed6596,119436,https://m.dcinside.com/board/pokemoncardgame/119436,메루카 완덱 ㅍㅍ,seller-af95de7a0ec46b0b15d37908,chae12,registered,var safe = window.dcAd && window.dcAd.safe ==,var safe = window.dcAd && window.dcAd.safe ==,var safe = (window.dcAd && window.dcAd.safe ==,,,unknown,미분류,1,1,10000,estimated,bundle,text,unknown,,active,needs_review,needs_review,"가격 단위 추정, 복수 카드 가격, 배송비 포함 여부 미확정, 묶음·세트 총액 · 개별 카드 가격 아님",estimated,no,no,var safe = (window.dcAd && window.dcAd.safe == 1)
6c55aae716e793c3ab6caf57,pokemoncardgame,포켓몬 카드게임,2026-07,2026-07-28T17:00:52+09:00,known,0e128cd2fa35551d31b51a25,6c55aae716e793c3ab6caf57,119436,https://m.dcinside.com/board/pokemoncardgame/119436,메루카 완덱 ㅍㅍ,seller-af95de7a0ec46b0b15d37908,chae12,registered,loadScript ' t,loadScript ' t,loadScript('//t,,,unknown,미분류,1,1,10000,estimated,bundle,text,unknown,,active,needs_review,needs_review,"가격 단위 추정, 복수 카드 가격, 배송비 포함 여부 미확정, 묶음·세트 총액 · 개별 카드 가격 아님",estimated,no,no,"loadScript('//t1.kakaocdn.net/kas/static/ba.min.js', true);"
6fb8885922a51cee2e8128ed,pokemoncardgame,포켓몬 카드게임,2026-07,2026-07-28T17:00:52+09:00,known,0078cd5584a62f2242e2b978,6fb8885922a51cee2e8128ed,119436,https://m.dcinside.com/board/pokemoncardgame/119436,메루카 완덱 ㅍㅍ,seller-af95de7a0ec46b0b15d37908,chae12,registered,var safe = window.dcAd && window.dcAd.safe ==,var safe = window.dcAd && window.dcAd.safe ==,var safe = (window.dcAd && window.dcAd.safe ==,,,unknown,미분류,1,1,10000,estimated,bundle,text,unknown,,active,needs_review,needs_review,"가격 단위 추정, 복수 카드 가격, 배송비 포함 여부 미확정, 묶음·세트 총액 · 개별 카드 가격 아님",estimated,no,no,var safe = (window.dcAd && window.dcAd.safe == 1)
70f56a04d985a71867901db0,pokemoncardgame,포켓몬 카드게임,2026-07,2026-07-28T17:00:52+09:00,known,16da98614c64a55cf07cd62a,70f56a04d985a71867901db0,119436,https://m.dcinside.com/board/pokemoncardgame/119436,메루카 완덱 ㅍㅍ,seller-af95de7a0ec46b0b15d37908,chae12,registered,택미포,택미포,택미포,,,unknown,미분류,1,2.8,28000,estimated,per_card,text,unknown,,active,needs_review,needs_review,"가격 단위 추정, 배송비 포함 여부 미확정",estimated,yes,candidate_estimated,택미포 2.8
8b9286afb39858f512d296df,pokemoncardgame,포켓몬 카드게임,2026-07,2026-07-28T17:00:52+09:00,known,75566d4ed7592f1cae2ce827,8b9286afb39858f512d296df,119436,https://m.dcinside.com/board/pokemoncardgame/119436,메루카 완덱 ㅍㅍ,seller-af95de7a0ec46b0b15d37908,chae12,registered,loadScript ' t,loadScript ' t,loadScript('//t,,,unknown,미분류,1,1,10000,estimated,bundle,text,unknown,,active,needs_review,needs_review,"가격 단위 추정, 복수 카드 가격, 배송비 포함 여부 미확정, 묶음·세트 총액 · 개별 카드 가격 아님",estimated,no,no,"loadScript('//t1.kakaocdn.net/kas/static/ba.min.js', true);"
9ca18c5d7506297f44a65aec,pokemoncardgame,포켓몬 카드게임,2026-07,2026-07-28T17:00:52+09:00,known,0078cd5584a62f2242e2b978,9ca18c5d7506297f44a65aec,119436,https://m.dcinside.com/board/pokemoncardgame/119436,메루카 완덱 ㅍㅍ,seller-af95de7a0ec46b0b15d37908,chae12,registered,loadScript ' t,loadScript ' t,loadScript('//t,,,unknown,미분류,1,1,10000,estimated,bundle,text,unknown,,active,needs_review,needs_review,"가격 단위 추정, 복수 카드 가격, 배송비 포함 여부 미확정, 묶음·세트 총액 · 개별 카드 가격 아님",estimated,no,no,"loadScript('//t1.kakaocdn.net/kas/static/ba.min.js', true);"
9e55d1003cb5dcef2317b0b6,pokemoncardgame,포켓몬 카드게임,2026-07,2026-07-28T17:00:52+09:00,known,0078cd5584a62f2242e2b978,9e55d1003cb5dcef2317b0b6,119436,https://m.dcinside.com/board/pokemoncardgame/119436,메루카 완덱 ㅍㅍ,seller-af95de7a0ec46b0b15d37908,chae12,registered,택미포,택미포,택미포,,,unknown,미분류,1,2.8,28000,estimated,per_card,text,unknown,,active,needs_review,needs_review,"가격 단위 추정, 배송비 포함 여부 미확정",estimated,yes,candidate_estimated,택미포 2.8
a6f81bec3a96aa8ba8904011,pokemoncardgame,포켓몬 카드게임,2026-07,2026-07-28T17:00:52+09:00,known,0e128cd2fa35551d31b51a25,a6f81bec3a96aa8ba8904011,119436,https://m.dcinside.com/board/pokemoncardgame/119436,메루카 완덱 ㅍㅍ,seller-af95de7a0ec46b0b15d37908,chae12,registered,loadScript 'https pagead,loadScript 'https pagead,loadScript('https://pagead,,,unknown,미분류,1,2,20000,estimated,bundle,text,unknown,,active,needs_review,needs_review,"가격 단위 추정, 복수 카드 가격, 배송비 포함 여부 미확정, 묶음·세트 총액 · 개별 카드 가격 아님",estimated,no,no,"loadScript('https://pagead2.googlesyndication.com/pagead/js/adsbygoogle_direct.js?client=ca-pub-8171468792791627', true, 'anonymous');"
ad5845f0f1f798820d0c2079,pokemoncardgame,포켓몬 카드게임,2026-07,2026-07-28T17:00:52+09:00,known,75566d4ed7592f1cae2ce827,ad5845f0f1f798820d0c2079,119436,https://m.dcinside.com/board/pokemoncardgame/119436,메루카 완덱 ㅍㅍ,seller-af95de7a0ec46b0b15d37908,chae12,registered,택미포,택미포,택미포,,,unknown,미분류,1,2.8,28000,estimated,per_card,text,unknown,,active,needs_review,needs_review,"가격 단위 추정, 배송비 포함 여부 미확정",estimated,yes,candidate_estimated,택미포 2.8
c5a693c7e79fa75365a5acb0,pokemoncardgame,포켓몬 카드게임,2026-07,2026-07-28T17:00:52+09:00,known,75566d4ed7592f1cae2ce827,c5a693c7e79fa75365a5acb0,119436,https://m.dcinside.com/board/pokemoncardgame/119436,메루카 완덱 ㅍㅍ,seller-af95de7a0ec46b0b15d37908,chae12,registered,DOM 삽입 헬퍼 현재 스크립트 위치 기준,DOM 삽입 헬퍼 현재 스크립트 위치 기준,// ---- DOM 삽입 헬퍼 (현재 스크립트 위치 기준,,,unknown,미분류,1,1,10000,estimated,bundle,text,unknown,,active,needs_review,needs_review,"가격 단위 추정, 복수 카드 가격, 배송비 포함 여부 미확정, 묶음·세트 총액 · 개별 카드 가격 아님",estimated,no,no,// ---- DOM 삽입 헬퍼 (현재 스크립트 위치 기준1)
d2bc5e8edce2ddf34434d03c,pokemoncardgame,포켓몬 카드게임,2026-07,2026-07-28T17:00:52+09:00,known,0e128cd2fa35551d31b51a25,d2bc5e8edce2ddf34434d03c,119436,https://m.dcinside.com/board/pokemoncardgame/119436,메루카 완덱 ㅍㅍ,seller-af95de7a0ec46b0b15d37908,chae12,registered,DOM 삽입 헬퍼 현재 스크립트 위치 기준,DOM 삽입 헬퍼 현재 스크립트 위치 기준,// ---- DOM 삽입 헬퍼 (현재 스크립트 위치 기준,,,unknown,미분류,1,1,10000,estimated,bundle,text,unknown,,active,needs_review,needs_review,"가격 단위 추정, 복수 카드 가격, 배송비 포함 여부 미확정, 묶음·세트 총액 · 개별 카드 가격 아님",estimated,no,no,// ---- DOM 삽입 헬퍼 (현재 스크립트 위치 기준1)
d72c8f30e82baf42fc9bcb87,pokemoncardgame,포켓몬 카드게임,2026-07,2026-07-28T17:00:52+09:00,known,16da98614c64a55cf07cd62a,d72c8f30e82baf42fc9bcb87,119436,https://m.dcinside.com/board/pokemoncardgame/119436,메루카 완덱 ㅍㅍ,seller-af95de7a0ec46b0b15d37908,chae12,registered,loadScript ' t,loadScript ' t,loadScript('//t,,,unknown,미분류,1,1,10000,estimated,bundle,text,unknown,,active,needs_review,needs_review,"가격 단위 추정, 복수 카드 가격, 배송비 포함 여부 미확정, 묶음·세트 총액 · 개별 카드 가격 아님",estimated,no,no,"loadScript('//t1.kakaocdn.net/kas/static/ba.min.js', true);"
ec0c204133d8f0d7604fc908,pokemoncardgame,포켓몬 카드게임,2026-07,2026-07-28T17:00:52+09:00,known,16da98614c64a55cf07cd62a,ec0c204133d8f0d7604fc908,119436,https://m.dcinside.com/board/pokemoncardgame/119436,메루카 완덱 ㅍㅍ,seller-af95de7a0ec46b0b15d37908,chae12,registered,var safe = window.dcAd && window.dcAd.safe ==,var safe = window.dcAd && window.dcAd.safe ==,var safe = (window.dcAd && window.dcAd.safe ==,,,unknown,미분류,1,1,10000,estimated,bundle,text,unknown,,active,needs_review,needs_review,"가격 단위 추정, 복수 카드 가격, 배송비 포함 여부 미확정, 묶음·세트 총액 · 개별 카드 가격 아님",estimated,no,no,var safe = (window.dcAd && window.dcAd.safe == 1)
f83f75c0426a353a7e32c9b4,pokemoncardgame,포켓몬 카드게임,2026-07,2026-07-28T17:00:52+09:00,known,0e128cd2fa35551d31b51a25,f83f75c0426a353a7e32c9b4,119436,https://m.dcinside.com/board/pokemoncardgame/119436,메루카 완덱 ㅍㅍ,seller-af95de7a0ec46b0b15d37908,chae12,registered,택미포,택미포,택미포,,,unknown,미분류,1,2.8,28000,estimated,per_card,text,unknown,,active,needs_review,needs_review,"가격 단위 추정, 배송비 포함 여부 미확정",estimated,yes,candidate_estimated,택미포 2.8
fc36ef8884ba3c385a981b7e,pokemoncardgame,포켓몬 카드게임,2026-07,2026-07-28T17:00:52+09:00,known,75566d4ed7592f1cae2ce827,fc36ef8884ba3c385a981b7e,119436,https://m.dcinside.com/board/pokemoncardgame/119436,메루카 완덱 ㅍㅍ,seller-af95de7a0ec46b0b15d37908,chae12,registered,var safe = window.dcAd && window.dcAd.safe ==,var safe = window.dcAd && window.dcAd.safe ==,var safe = (window.dcAd && window.dcAd.safe ==,,,unknown,미분류,1,1,10000,estimated,bundle,text,unknown,,active,needs_review,needs_review,"가격 단위 추정, 복수 카드 가격, 배송비 포함 여부 미확정, 묶음·세트 총액 · 개별 카드 가격 아님",estimated,no,no,var safe = (window.dcAd && window.dcAd.safe == 1)
8aa2865d519c30d1dd226c28,pokemoncardgame,포켓몬 카드게임,2026-07,2026-07-28T17:08:14+09:00,known,f3f81d784af146902ca1afa1,8aa2865d519c30d1dd226c28,119437,https://m.dcinside.com/board/pokemoncardgame/119437,메루카덱 판다보그,seller-afef59e21886cf1c3b43647d,나르자,registered,완덱에 드실 크림슨+민진 SR까지 다 합쳐서,완덱에 드실 크림슨+민진 SR까지 다 합쳐서,완덱에 드실 크림슨+민진 SR까지 다 합쳐서,,,unknown,미분류,60,5,50000,estimated,bundle,text,unknown,,active,needs_review,needs_review,"가격 단위 추정, 복수 카드 가격, 배송비 포함 여부 미확정, 묶음·세트 총액 · 개별 카드 가격 아님",estimated,no,no,60장 완덱에 드실 크림슨+민진 SR까지 다 합쳐서 5에 넘겨본다
d6f857b3d5b06af88a1b8df7,pokemoncardgame,포켓몬 카드게임,2026-07,2026-07-28T17:08:14+09:00,known,3d94f7e10572f57473e2ae24,d6f857b3d5b06af88a1b8df7,119437,https://m.dcinside.com/board/pokemoncardgame/119437,메루카덱 판다보그,seller-afef59e21886cf1c3b43647d,나르자,registered,완덱에 드실 크림슨+민진 SR까지 다 합쳐서,완덱에 드실 크림슨+민진 SR까지 다 합쳐서,완덱에 드실 크림슨+민진 SR까지 다 합쳐서,,,unknown,미분류,60,5,50000,estimated,bundle,text,unknown,,active,needs_review,needs_review,"가격 단위 추정, 복수 카드 가격, 배송비 포함 여부 미확정, 묶음·세트 총액 · 개별 카드 가격 아님",estimated,no,no,60장 완덱에 드실 크림슨+민진 SR까지 다 합쳐서 5에 넘겨본다
e058d407d55cb71641eaa625,pokemoncardgame,포켓몬 카드게임,2026-07,2026-07-28T17:08:14+09:00,known,af7ef5a743022a1ec6a905f9,e058d407d55cb71641eaa625,119437,https://m.dcinside.com/board/pokemoncardgame/119437,메루카덱 판다보그,seller-afef59e21886cf1c3b43647d,나르자,registered,완덱에 드실 크림슨+민진 SR까지 다 합쳐서,완덱에 드실 크림슨+민진 SR까지 다 합쳐서,완덱에 드실 크림슨+민진 SR까지 다 합쳐서,,,unknown,미분류,60,5,50000,estimated,bundle,text,unknown,,active,needs_review,needs_review,"가격 단위 추정, 복수 카드 가격, 배송비 포함 여부 미확정, 묶음·세트 총액 · 개별 카드 가격 아님",estimated,no,no,60장 완덱에 드실 크림슨+민진 SR까지 다 합쳐서 5에 넘겨본다
f59a6193bca65fed3e1e5165,pokemoncardgame,포켓몬 카드게임,2026-07,2026-07-28T17:08:14+09:00,known,0cb3663d9859f871c1e3b0ef,f59a6193bca65fed3e1e5165,119437,https://m.dcinside.com/board/pokemoncardgame/119437,메루카덱 판다보그,seller-afef59e21886cf1c3b43647d,나르자,registered,완덱에 드실 크림슨+민진 SR까지 다 합쳐서,완덱에 드실 크림슨+민진 SR까지 다 합쳐서,완덱에 드실 크림슨+민진 SR까지 다 합쳐서,,,unknown,미분류,60,5,50000,estimated,bundle,text,unknown,,active,needs_review,needs_review,"가격 단위 추정, 복수 카드 가격, 배송비 포함 여부 미확정, 묶음·세트 총액 · 개별 카드 가격 아님",estimated,no,no,60장 완덱에 드실 크림슨+민진 SR까지 다 합쳐서 5에 넘겨본다
002d6809a01d23114dbcda8b,pokemoncardgame,포켓몬 카드게임,2026-07,2026-07-28T19:32:33+09:00,known,3c05fed1d5711b5341ce9b4b,002d6809a01d23114dbcda8b,119449,https://m.dcinside.com/board/pokemoncardgame/119449,메개닌덱이나 다른 덱 구해봄,seller-9ccf2936eca264352efc15b6,콜롬비아나,registered,메개닌,메개닌,메개닌,,,unknown,미분류,1,3.5,35000,estimated,per_card,text,unknown,,active,needs_review,needs_review,"가격 단위 추정, 배송비 포함 여부 미확정",estimated,yes,candidate_estimated,메개닌 3.5
ada71d30f1c9352b1959a589,pokemoncardgame,포켓몬 카드게임,2026-07,2026-07-28T19:32:33+09:00,known,5b71546df8a941d2a04c30d7,ada71d30f1c9352b1959a589,119449,https://m.dcinside.com/board/pokemoncardgame/119449,메개닌덱이나 다른 덱 구해봄,seller-9ccf2936eca264352efc15b6,콜롬비아나,registered,메개닌,메개닌,메개닌,,,unknown,미분류,1,3.5,35000,estimated,per_card,text,unknown,,active,needs_review,needs_review,"가격 단위 추정, 배송비 포함 여부 미확정",estimated,yes,candidate_estimated,메개닌 3.5
b97a6f2e7ab7addacb9586d1,pokemoncardgame,포켓몬 카드게임,2026-07,2026-07-28T19:32:33+09:00,known,6725bda565317cf64c9b3ec8,b97a6f2e7ab7addacb9586d1,119449,https://m.dcinside.com/board/pokemoncardgame/119449,메개닌덱이나 다른 덱 구해봄,seller-9ccf2936eca264352efc15b6,콜롬비아나,registered,메개닌,메개닌,메개닌,,,unknown,미분류,1,3.5,35000,estimated,per_card,text,unknown,,active,needs_review,needs_review,"가격 단위 추정, 배송비 포함 여부 미확정",estimated,yes,candidate_estimated,메개닌 3.5
e9a542475dab2a865efee34c,pokemoncardgame,포켓몬 카드게임,2026-07,2026-07-28T19:32:33+09:00,known,cfd5e93154e8d2b9eb8a1a32,e9a542475dab2a865efee34c,119449,https://m.dcinside.com/board/pokemoncardgame/119449,메개닌덱이나 다른 덱 구해봄,seller-9ccf2936eca264352efc15b6,콜롬비아나,registered,메개닌,메개닌,메개닌,,,unknown,미분류,1,3.5,35000,estimated,per_card,text,unknown,,active,needs_review,needs_review,"가격 단위 추정, 배송비 포함 여부 미확정",estimated,yes,candidate_estimated,메개닌 3.5
0727c9a3991b9d3fc96b8dd2,pokemoncardgame,포켓몬 카드게임,2026-07,2026-07-29T00:45:26+09:00,known,b50bb694cad1ca4e37105fbd,0727c9a3991b9d3fc96b8dd2,119470,https://m.dcinside.com/board/pokemoncardgame/119470,왕큰부리 덱 판다이온,seller-2a5cfb4e5518beb3ede229ad,화리수,guest,DOM 삽입 헬퍼 현재 스크립트 위치 기준,DOM 삽입 헬퍼 현재 스크립트 위치 기준,// ---- DOM 삽입 헬퍼 (현재 스크립트 위치 기준,,,unknown,미분류,1,1,10000,estimated,bundle,text,unknown,,active,needs_review,needs_review,"가격 단위 추정, 복수 카드 가격, 배송비 포함 여부 미확정, 묶음·세트 총액 · 개별 카드 가격 아님",estimated,no,no,// ---- DOM 삽입 헬퍼 (현재 스크립트 위치 기준1)
07bfaada52f7c93be313b0b7,pokemoncardgame,포켓몬 카드게임,2026-07,2026-07-29T00:45:26+09:00,known,0a879ddb7e411c702ef23ba4,07bfaada52f7c93be313b0b7,119470,https://m.dcinside.com/board/pokemoncardgame/119470,왕큰부리 덱 판다이온,seller-e6ab0ab85724ae37fc85cce9,화리수,guest,var safe = window.dcAd && window.dcAd.safe ==,var safe = window.dcAd && window.dcAd.safe ==,var safe = (window.dcAd && window.dcAd.safe ==,,,unknown,미분류,1,1,10000,estimated,bundle,text,unknown,,active,needs_review,needs_review,"가격 단위 추정, 복수 카드 가격, 배송비 포함 여부 미확정, 묶음·세트 총액 · 개별 카드 가격 아님",estimated,no,no,var safe = (window.dcAd && window.dcAd.safe == 1)
267b4ea0509432de01df4640,pokemoncardgame,포켓몬 카드게임,2026-07,2026-07-29T00:45:26+09:00,known,7622d3ea114256a5c4122418,267b4ea0509432de01df4640,119470,https://m.dcinside.com/board/pokemoncardgame/119470,왕큰부리 덱 판다이온,seller-c8012ffd684d1f6fc4e061da,화리수,guest,var safe = window.dcAd && window.dcAd.safe ==,var safe = window.dcAd && window.dcAd.safe ==,var safe = (window.dcAd && window.dcAd.safe ==,,,unknown,미분류,1,1,10000,estimated,bundle,text,unknown,,active,needs_review,needs_review,"가격 단위 추정, 복수 카드 가격, 배송비 포함 여부 미확정, 묶음·세트 총액 · 개별 카드 가격 아님",estimated,no,no,var safe = (window.dcAd && window.dcAd.safe == 1)
43bb72999786f5b87cc8fcb5,pokemoncardgame,포켓몬 카드게임,2026-07,2026-07-29T00:45:26+09:00,known,b50bb694cad1ca4e37105fbd,43bb72999786f5b87cc8fcb5,119470,https://m.dcinside.com/board/pokemoncardgame/119470,왕큰부리 덱 판다이온,seller-2a5cfb4e5518beb3ede229ad,화리수,guest,loadScript ' t,loadScript ' t,loadScript('//t,,,unknown,미분류,1,1,10000,estimated,bundle,text,unknown,,active,needs_review,needs_review,"가격 단위 추정, 복수 카드 가격, 배송비 포함 여부 미확정, 묶음·세트 총액 · 개별 카드 가격 아님",estimated,no,no,"loadScript('//t1.kakaocdn.net/kas/static/ba.min.js', true);"
44cc42c3d45b2642868c680c,pokemoncardgame,포켓몬 카드게임,2026-07,2026-07-29T00:45:26+09:00,known,7622d3ea114256a5c4122418,44cc42c3d45b2642868c680c,119470,https://m.dcinside.com/board/pokemoncardgame/119470,왕큰부리 덱 판다이온,seller-c8012ffd684d1f6fc4e061da,화리수,guest,DOM 삽입 헬퍼 현재 스크립트 위치 기준,DOM 삽입 헬퍼 현재 스크립트 위치 기준,// ---- DOM 삽입 헬퍼 (현재 스크립트 위치 기준,,,unknown,미분류,1,1,10000,estimated,bundle,text,unknown,,active,needs_review,needs_review,"가격 단위 추정, 복수 카드 가격, 배송비 포함 여부 미확정, 묶음·세트 총액 · 개별 카드 가격 아님",estimated,no,no,// ---- DOM 삽입 헬퍼 (현재 스크립트 위치 기준1)
497f186585bc81f2fc453833,pokemoncardgame,포켓몬 카드게임,2026-07,2026-07-29T00:45:26+09:00,known,0a879ddb7e411c702ef23ba4,497f186585bc81f2fc453833,119470,https://m.dcinside.com/board/pokemoncardgame/119470,왕큰부리 덱 판다이온,seller-e6ab0ab85724ae37fc85cce9,화리수,guest,DOM 삽입 헬퍼 현재 스크립트 위치 기준,DOM 삽입 헬퍼 현재 스크립트 위치 기준,// ---- DOM 삽입 헬퍼 (현재 스크립트 위치 기준,,,unknown,미분류,1,1,10000,estimated,bundle,text,unknown,,active,needs_review,needs_review,"가격 단위 추정, 복수 카드 가격, 배송비 포함 여부 미확정, 묶음·세트 총액 · 개별 카드 가격 아님",estimated,no,no,// ---- DOM 삽입 헬퍼 (현재 스크립트 위치 기준1)
5d561178701967ba7c21de36,pokemoncardgame,포켓몬 카드게임,2026-07,2026-07-29T00:45:26+09:00,known,0a879ddb7e411c702ef23ba4,5d561178701967ba7c21de36,119470,https://m.dcinside.com/board/pokemoncardgame/119470,왕큰부리 덱 판다이온,seller-e6ab0ab85724ae37fc85cce9,화리수,guest,loadScript 'https pagead,loadScript 'https pagead,loadScript('https://pagead,,,unknown,미분류,1,2,20000,estimated,bundle,text,unknown,,active,needs_review,needs_review,"가격 단위 추정, 복수 카드 가격, 배송비 포함 여부 미확정, 묶음·세트 총액 · 개별 카드 가격 아님",estimated,no,no,"loadScript('https://pagead2.googlesyndication.com/pagead/js/adsbygoogle_direct.js?client=ca-pub-8171468792791627', true, 'anonymous');"
7a0b3eb0b78963405dd57012,pokemoncardgame,포켓몬 카드게임,2026-07,2026-07-29T00:45:26+09:00,known,7622d3ea114256a5c4122418,7a0b3eb0b78963405dd57012,119470,https://m.dcinside.com/board/pokemoncardgame/119470,왕큰부리 덱 판다이온,seller-c8012ffd684d1f6fc4e061da,화리수,guest,loadScript ' t,loadScript ' t,loadScript('//t,,,unknown,미분류,1,1,10000,estimated,bundle,text,unknown,,active,needs_review,needs_review,"가격 단위 추정, 복수 카드 가격, 배송비 포함 여부 미확정, 묶음·세트 총액 · 개별 카드 가격 아님",estimated,no,no,"loadScript('//t1.kakaocdn.net/kas/static/ba.min.js', true);"
7bd0b3ab79dc6899a9ec38e8,pokemoncardgame,포켓몬 카드게임,2026-07,2026-07-29T00:45:26+09:00,known,639abb2e123b7ec49671d319,7bd0b3ab79dc6899a9ec38e8,119470,https://m.dcinside.com/board/pokemoncardgame/119470,왕큰부리 덱 판다이온,seller-bbd6edf3dcf33e75f10da48d,화리수,guest,DOM 삽입 헬퍼 현재 스크립트 위치 기준,DOM 삽입 헬퍼 현재 스크립트 위치 기준,// ---- DOM 삽입 헬퍼 (현재 스크립트 위치 기준,,,unknown,미분류,1,1,10000,estimated,bundle,text,unknown,,active,needs_review,needs_review,"가격 단위 추정, 복수 카드 가격, 배송비 포함 여부 미확정, 묶음·세트 총액 · 개별 카드 가격 아님",estimated,no,no,// ---- DOM 삽입 헬퍼 (현재 스크립트 위치 기준1)
af2c8d0624926c635b4a2e7f,pokemoncardgame,포켓몬 카드게임,2026-07,2026-07-29T00:45:26+09:00,known,0a879ddb7e411c702ef23ba4,af2c8d0624926c635b4a2e7f,119470,https://m.dcinside.com/board/pokemoncardgame/119470,왕큰부리 덱 판다이온,seller-e6ab0ab85724ae37fc85cce9,화리수,guest,loadScript ' t,loadScript ' t,loadScript('//t,,,unknown,미분류,1,1,10000,estimated,bundle,text,unknown,,active,needs_review,needs_review,"가격 단위 추정, 복수 카드 가격, 배송비 포함 여부 미확정, 묶음·세트 총액 · 개별 카드 가격 아님",estimated,no,no,"loadScript('//t1.kakaocdn.net/kas/static/ba.min.js', true);"
ca43ab31370dcf1aca10c219,pokemoncardgame,포켓몬 카드게임,2026-07,2026-07-29T00:45:26+09:00,known,639abb2e123b7ec49671d319,ca43ab31370dcf1aca10c219,119470,https://m.dcinside.com/board/pokemoncardgame/119470,왕큰부리 덱 판다이온,seller-bbd6edf3dcf33e75f10da48d,화리수,guest,loadScript 'https pagead,loadScript 'https pagead,loadScript('https://pagead,,,unknown,미분류,1,2,20000,estimated,bundle,text,unknown,,active,needs_review,needs_review,"가격 단위 추정, 복수 카드 가격, 배송비 포함 여부 미확정, 묶음·세트 총액 · 개별 카드 가격 아님",estimated,no,no,"loadScript('https://pagead2.googlesyndication.com/pagead/js/adsbygoogle_direct.js?client=ca-pub-8171468792791627', true, 'anonymous');"
d43c4314df324e133a38afbf,pokemoncardgame,포켓몬 카드게임,2026-07,2026-07-29T00:45:26+09:00,known,7622d3ea114256a5c4122418,d43c4314df324e133a38afbf,119470,https://m.dcinside.com/board/pokemoncardgame/119470,왕큰부리 덱 판다이온,seller-c8012ffd684d1f6fc4e061da,화리수,guest,loadScript 'https pagead,loadScript 'https pagead,loadScript('https://pagead,,,unknown,미분류,1,2,20000,estimated,bundle,text,unknown,,active,needs_review,needs_review,"가격 단위 추정, 복수 카드 가격, 배송비 포함 여부 미확정, 묶음·세트 총액 · 개별 카드 가격 아님",estimated,no,no,"loadScript('https://pagead2.googlesyndication.com/pagead/js/adsbygoogle_direct.js?client=ca-pub-8171468792791627', true, 'anonymous');"
e02dca6a4ad7f5e20eb66d08,pokemoncardgame,포켓몬 카드게임,2026-07,2026-07-29T00:45:26+09:00,known,b50bb694cad1ca4e37105fbd,e02dca6a4ad7f5e20eb66d08,119470,https://m.dcinside.com/board/pokemoncardgame/119470,왕큰부리 덱 판다이온,seller-2a5cfb4e5518beb3ede229ad,화리수,guest,loadScript 'https pagead,loadScript 'https pagead,loadScript('https://pagead,,,unknown,미분류,1,2,20000,estimated,bundle,text,unknown,,active,needs_review,needs_review,"가격 단위 추정, 복수 카드 가격, 배송비 포함 여부 미확정, 묶음·세트 총액 · 개별 카드 가격 아님",estimated,no,no,"loadScript('https://pagead2.googlesyndication.com/pagead/js/adsbygoogle_direct.js?client=ca-pub-8171468792791627', true, 'anonymous');"
e43a719ae2b14f65213a49e1,pokemoncardgame,포켓몬 카드게임,2026-07,2026-07-29T00:45:26+09:00,known,639abb2e123b7ec49671d319,e43a719ae2b14f65213a49e1,119470,https://m.dcinside.com/board/pokemoncardgame/119470,왕큰부리 덱 판다이온,seller-bbd6edf3dcf33e75f10da48d,화리수,guest,loadScript ' t,loadScript ' t,loadScript('//t,,,unknown,미분류,1,1,10000,estimated,bundle,text,unknown,,active,needs_review,needs_review,"가격 단위 추정, 복수 카드 가격, 배송비 포함 여부 미확정, 묶음·세트 총액 · 개별 카드 가격 아님",estimated,no,no,"loadScript('//t1.kakaocdn.net/kas/static/ba.min.js', true);"
e57b423d01ea91b1baf4fd38,pokemoncardgame,포켓몬 카드게임,2026-07,2026-07-29T00:45:26+09:00,known,639abb2e123b7ec49671d319,e57b423d01ea91b1baf4fd38,119470,https://m.dcinside.com/board/pokemoncardgame/119470,왕큰부리 덱 판다이온,seller-bbd6edf3dcf33e75f10da48d,화리수,guest,var safe = window.dcAd && window.dcAd.safe ==,var safe = window.dcAd && window.dcAd.safe ==,var safe = (window.dcAd && window.dcAd.safe ==,,,unknown,미분류,1,1,10000,estimated,bundle,text,unknown,,active,needs_review,needs_review,"가격 단위 추정, 복수 카드 가격, 배송비 포함 여부 미확정, 묶음·세트 총액 · 개별 카드 가격 아님",estimated,no,no,var safe = (window.dcAd && window.dcAd.safe == 1)
e9ed9934cf45906f7c6c342f,pokemoncardgame,포켓몬 카드게임,2026-07,2026-07-29T00:45:26+09:00,known,b50bb694cad1ca4e37105fbd,e9ed9934cf45906f7c6c342f,119470,https://m.dcinside.com/board/pokemoncardgame/119470,왕큰부리 덱 판다이온,seller-2a5cfb4e5518beb3ede229ad,화리수,guest,var safe = window.dcAd && window.dcAd.safe ==,var safe = window.dcAd && window.dcAd.safe ==,var safe = (window.dcAd && window.dcAd.safe ==,,,unknown,미분류,1,1,10000,estimated,bundle,text,unknown,,active,needs_review,needs_review,"가격 단위 추정, 복수 카드 가격, 배송비 포함 여부 미확정, 묶음·세트 총액 · 개별 카드 가격 아님",estimated,no,no,var safe = (window.dcAd && window.dcAd.safe == 1)
05f6e078069848490e62907a,pokemoncardgame,포켓몬 카드게임,2026-07,2026-07-29T11:34:34+09:00,known,998da06c808d7c80a3d38477,05f6e078069848490e62907a,119488,https://m.dcinside.com/board/pokemoncardgame/119488,오늘 역삼 내일 목동서 메가샹델라EX 직으로 급구합니다,seller-9bd2e448a529105e059b31d7,ㅇㅇ,guest,,,,,,unknown,미분류,2,0.3,3000,estimated,bundle,text,unknown,,active,needs_review,needs_review,"가격 단위 추정, 일괄·세트 가격, 배송비 포함 여부 미확정, 카드명 확인 필요, 묶음·세트 총액 · 개별 카드 가격 아님",estimated,no,no,일괄 2장 0.3
43b8ad592d7de685688c74dc,pokemoncardgame,포켓몬 카드게임,2026-07,2026-07-29T11:34:34+09:00,known,bbf8f0d32a7512b37ba1faae,43b8ad592d7de685688c74dc,119488,https://m.dcinside.com/board/pokemoncardgame/119488,오늘 역삼 내일 목동서 메가샹델라EX 직으로 급구합니다,seller-f00498ef8c25aee335a58688,ㅇㅇ,guest,,,,,,unknown,미분류,2,0.3,3000,estimated,bundle,text,unknown,,active,needs_review,needs_review,"가격 단위 추정, 일괄·세트 가격, 배송비 포함 여부 미확정, 카드명 확인 필요, 묶음·세트 총액 · 개별 카드 가격 아님",estimated,no,no,일괄 2장 0.3
77392dd337d11d27a689dc2c,pokemoncardgame,포켓몬 카드게임,2026-07,2026-07-29T11:34:34+09:00,known,998da06c808d7c80a3d38477,77392dd337d11d27a689dc2c,119488,https://m.dcinside.com/board/pokemoncardgame/119488,오늘 역삼 내일 목동서 메가샹델라EX 직으로 급구합니다,seller-9bd2e448a529105e059b31d7,ㅇㅇ,guest,팔아주시면,팔아주시면,팔아주시면,,,unknown,미분류,3,0.45,4500,estimated,per_quantity,text,unknown,,active,needs_review,needs_review,"가격 단위 추정, 배송비 포함 여부 미확정, 복수 수량 총액 · 카드 1장 가격 아님",estimated,no,no,3장 팔아주시면 0.45에 삽니다
79d94d242562e7460d769561,pokemoncardgame,포켓몬 카드게임,2026-07,2026-07-29T11:34:34+09:00,known,f169bcf8dd21835cbb201689,79d94d242562e7460d769561,119488,https://m.dcinside.com/board/pokemoncardgame/119488,오늘 역삼 내일 목동서 메가샹델라EX 직으로 급구합니다,seller-15c9efcd56f1ce226c430e5c,ㅇㅇ,guest,,,,,,unknown,미분류,2,0.3,3000,estimated,bundle,text,unknown,,active,needs_review,needs_review,"가격 단위 추정, 일괄·세트 가격, 배송비 포함 여부 미확정, 카드명 확인 필요, 묶음·세트 총액 · 개별 카드 가격 아님",estimated,no,no,일괄 2장 0.3
855d04547c184eb48825bb78,pokemoncardgame,포켓몬 카드게임,2026-07,2026-07-29T11:34:34+09:00,known,f169bcf8dd21835cbb201689,855d04547c184eb48825bb78,119488,https://m.dcinside.com/board/pokemoncardgame/119488,오늘 역삼 내일 목동서 메가샹델라EX 직으로 급구합니다,seller-15c9efcd56f1ce226c430e5c,ㅇㅇ,guest,팔아주시면,팔아주시면,팔아주시면,,,unknown,미분류,3,0.45,4500,estimated,per_quantity,text,unknown,,active,needs_review,needs_review,"가격 단위 추정, 배송비 포함 여부 미확정, 복수 수량 총액 · 카드 1장 가격 아님",estimated,no,no,3장 팔아주시면 0.45에 삽니다
ce5f30d9946c142801f00e77,pokemoncardgame,포켓몬 카드게임,2026-07,2026-07-29T11:34:34+09:00,known,03b80a4f9fce92cdb0ea7bc0,ce5f30d9946c142801f00e77,119488,https://m.dcinside.com/board/pokemoncardgame/119488,오늘 역삼 내일 목동서 메가샹델라EX 직으로 급구합니다,seller-0ec6132f6addd2e0a3b74d02,ㅇㅇ,guest,팔아주시면,팔아주시면,팔아주시면,,,unknown,미분류,3,0.45,4500,estimated,per_quantity,text,unknown,,active,needs_review,needs_review,"가격 단위 추정, 배송비 포함 여부 미확정, 복수 수량 총액 · 카드 1장 가격 아님",estimated,no,no,3장 팔아주시면 0.45에 삽니다
ebfa8f1e2979efc12d0aabbe,pokemoncardgame,포켓몬 카드게임,2026-07,2026-07-29T11:34:34+09:00,known,bbf8f0d32a7512b37ba1faae,ebfa8f1e2979efc12d0aabbe,119488,https://m.dcinside.com/board/pokemoncardgame/119488,오늘 역삼 내일 목동서 메가샹델라EX 직으로 급구합니다,seller-f00498ef8c25aee335a58688,ㅇㅇ,guest,팔아주시면,팔아주시면,팔아주시면,,,unknown,미분류,3,0.45,4500,estimated,per_quantity,text,unknown,,active,needs_review,needs_review,"가격 단위 추정, 배송비 포함 여부 미확정, 복수 수량 총액 · 카드 1장 가격 아님",estimated,no,no,3장 팔아주시면 0.45에 삽니다
f887c735e319b37ee6f1862c,pokemoncardgame,포켓몬 카드게임,2026-07,2026-07-29T11:34:34+09:00,known,03b80a4f9fce92cdb0ea7bc0,f887c735e319b37ee6f1862c,119488,https://m.dcinside.com/board/pokemoncardgame/119488,오늘 역삼 내일 목동서 메가샹델라EX 직으로 급구합니다,seller-0ec6132f6addd2e0a3b74d02,ㅇㅇ,guest,,,,,,unknown,미분류,2,0.3,3000,estimated,bundle,text,unknown,,active,needs_review,needs_review,"가격 단위 추정, 일괄·세트 가격, 배송비 포함 여부 미확정, 카드명 확인 필요, 묶음·세트 총액 · 개별 카드 가격 아님",estimated,no,no,일괄 2장 0.3
28ed82d35f4f5c99f28179e0,pokemoncardgame,포켓몬 카드게임,2026-07,2026-07-29T13:21:50+09:00,known,44c565d5ace63d729a641119,28ed82d35f4f5c99f28179e0,119495,https://m.dcinside.com/board/pokemoncardgame/119495,"각종 완덱&amp;덱파츠 팝니다(우레,로켓단뮤츠,고래왕,램펄드,후딘 등)",seller-51447db26eeb90b0124d315b,포갤러,registered,var safe = window.dcAd && window.dcAd.safe ==,var safe = window.dcAd && window.dcAd.safe ==,var safe = (window.dcAd && window.dcAd.safe ==,,,unknown,미분류,1,1,10000,estimated,bundle,text,unknown,,active,needs_review,needs_review,"가격 단위 추정, 복수 카드 가격, 배송비 포함 여부 미확정, 묶음·세트 총액 · 개별 카드 가격 아님",estimated,no,no,var safe = (window.dcAd && window.dcAd.safe == 1)
55cdecf655aa98eba5c16cb3,pokemoncardgame,포켓몬 카드게임,2026-07,2026-07-29T13:21:50+09:00,known,44c565d5ace63d729a641119,55cdecf655aa98eba5c16cb3,119495,https://m.dcinside.com/board/pokemoncardgame/119495,"각종 완덱&amp;덱파츠 팝니다(우레,로켓단뮤츠,고래왕,램펄드,후딘 등)",seller-51447db26eeb90b0124d315b,포갤러,registered,loadScript 'https pagead,loadScript 'https pagead,loadScript('https://pagead,,,unknown,미분류,1,2,20000,estimated,bundle,text,unknown,,active,needs_review,needs_review,"가격 단위 추정, 복수 카드 가격, 배송비 포함 여부 미확정, 묶음·세트 총액 · 개별 카드 가격 아님",estimated,no,no,"loadScript('https://pagead2.googlesyndication.com/pagead/js/adsbygoogle_direct.js?client=ca-pub-8171468792791627', true, 'anonymous');"
5bb545cbb8ac5d2e44f41525,pokemoncardgame,포켓몬 카드게임,2026-07,2026-07-29T13:21:50+09:00,known,628cde653af09cf3dcbb0b8a,5bb545cbb8ac5d2e44f41525,119495,https://m.dcinside.com/board/pokemoncardgame/119495,"각종 완덱&amp;덱파츠 팝니다(우레,로켓단뮤츠,고래왕,램펄드,후딘 등)",seller-51447db26eeb90b0124d315b,포갤러,registered,var safe = window.dcAd && window.dcAd.safe ==,var safe = window.dcAd && window.dcAd.safe ==,var safe = (window.dcAd && window.dcAd.safe ==,,,unknown,미분류,1,1,10000,estimated,bundle,text,unknown,,active,needs_review,needs_review,"가격 단위 추정, 복수 카드 가격, 배송비 포함 여부 미확정, 묶음·세트 총액 · 개별 카드 가격 아님",estimated,no,no,var safe = (window.dcAd && window.dcAd.safe == 1)
61b99be707427103194a78fc,pokemoncardgame,포켓몬 카드게임,2026-07,2026-07-29T13:21:50+09:00,known,628cde653af09cf3dcbb0b8a,61b99be707427103194a78fc,119495,https://m.dcinside.com/board/pokemoncardgame/119495,"각종 완덱&amp;덱파츠 팝니다(우레,로켓단뮤츠,고래왕,램펄드,후딘 등)",seller-51447db26eeb90b0124d315b,포갤러,registered,loadScript ' t,loadScript ' t,loadScript('//t,,,unknown,미분류,1,1,10000,estimated,bundle,text,unknown,,active,needs_review,needs_review,"가격 단위 추정, 복수 카드 가격, 배송비 포함 여부 미확정, 묶음·세트 총액 · 개별 카드 가격 아님",estimated,no,no,"loadScript('//t1.kakaocdn.net/kas/static/ba.min.js', true);"
72534ff86f19a2179807417b,pokemoncardgame,포켓몬 카드게임,2026-07,2026-07-29T13:21:50+09:00,known,79603092b2b4feb6f18ddb65,72534ff86f19a2179807417b,119495,https://m.dcinside.com/board/pokemoncardgame/119495,"각종 완덱&amp;덱파츠 팝니다(우레,로켓단뮤츠,고래왕,램펄드,후딘 등)",seller-51447db26eeb90b0124d315b,포갤러,registered,DOM 삽입 헬퍼 현재 스크립트 위치 기준,DOM 삽입 헬퍼 현재 스크립트 위치 기준,// ---- DOM 삽입 헬퍼 (현재 스크립트 위치 기준,,,unknown,미분류,1,1,10000,estimated,bundle,text,unknown,,active,needs_review,needs_review,"가격 단위 추정, 복수 카드 가격, 배송비 포함 여부 미확정, 묶음·세트 총액 · 개별 카드 가격 아님",estimated,no,no,// ---- DOM 삽입 헬퍼 (현재 스크립트 위치 기준1)
a330cbc1cd18134442ae64ce,pokemoncardgame,포켓몬 카드게임,2026-07,2026-07-29T13:21:50+09:00,known,44c565d5ace63d729a641119,a330cbc1cd18134442ae64ce,119495,https://m.dcinside.com/board/pokemoncardgame/119495,"각종 완덱&amp;덱파츠 팝니다(우레,로켓단뮤츠,고래왕,램펄드,후딘 등)",seller-51447db26eeb90b0124d315b,포갤러,registered,DOM 삽입 헬퍼 현재 스크립트 위치 기준,DOM 삽입 헬퍼 현재 스크립트 위치 기준,// ---- DOM 삽입 헬퍼 (현재 스크립트 위치 기준,,,unknown,미분류,1,1,10000,estimated,bundle,text,unknown,,active,needs_review,needs_review,"가격 단위 추정, 복수 카드 가격, 배송비 포함 여부 미확정, 묶음·세트 총액 · 개별 카드 가격 아님",estimated,no,no,// ---- DOM 삽입 헬퍼 (현재 스크립트 위치 기준1)
a3537fd687cd674276f2423e,pokemoncardgame,포켓몬 카드게임,2026-07,2026-07-29T13:21:50+09:00,known,44c565d5ace63d729a641119,a3537fd687cd674276f2423e,119495,https://m.dcinside.com/board/pokemoncardgame/119495,"각종 완덱&amp;덱파츠 팝니다(우레,로켓단뮤츠,고래왕,램펄드,후딘 등)",seller-51447db26eeb90b0124d315b,포갤러,registered,loadScript ' t,loadScript ' t,loadScript('//t,,,unknown,미분류,1,1,10000,estimated,bundle,text,unknown,,active,needs_review,needs_review,"가격 단위 추정, 복수 카드 가격, 배송비 포함 여부 미확정, 묶음·세트 총액 · 개별 카드 가격 아님",estimated,no,no,"loadScript('//t1.kakaocdn.net/kas/static/ba.min.js', true);"
a37e29fcb221667f8bf18a98,pokemoncardgame,포켓몬 카드게임,2026-07,2026-07-29T13:21:50+09:00,known,628cde653af09cf3dcbb0b8a,a37e29fcb221667f8bf18a98,119495,https://m.dcinside.com/board/pokemoncardgame/119495,"각종 완덱&amp;덱파츠 팝니다(우레,로켓단뮤츠,고래왕,램펄드,후딘 등)",seller-51447db26eeb90b0124d315b,포갤러,registered,DOM 삽입 헬퍼 현재 스크립트 위치 기준,DOM 삽입 헬퍼 현재 스크립트 위치 기준,// ---- DOM 삽입 헬퍼 (현재 스크립트 위치 기준,,,unknown,미분류,1,1,10000,estimated,bundle,text,unknown,,active,needs_review,needs_review,"가격 단위 추정, 복수 카드 가격, 배송비 포함 여부 미확정, 묶음·세트 총액 · 개별 카드 가격 아님",estimated,no,no,// ---- DOM 삽입 헬퍼 (현재 스크립트 위치 기준1)
b086d272ce2d4edfe3bf1fbe,pokemoncardgame,포켓몬 카드게임,2026-07,2026-07-29T13:21:50+09:00,known,f69e6ed70c5334e8a0efa47f,b086d272ce2d4edfe3bf1fbe,119495,https://m.dcinside.com/board/pokemoncardgame/119495,"각종 완덱&amp;덱파츠 팝니다(우레,로켓단뮤츠,고래왕,램펄드,후딘 등)",seller-51447db26eeb90b0124d315b,포갤러,registered,loadScript ' t,loadScript ' t,loadScript('//t,,,unknown,미분류,1,1,10000,estimated,bundle,text,unknown,,active,needs_review,needs_review,"가격 단위 추정, 복수 카드 가격, 배송비 포함 여부 미확정, 묶음·세트 총액 · 개별 카드 가격 아님",estimated,no,no,"loadScript('//t1.kakaocdn.net/kas/static/ba.min.js', true);"
b467e74edb16aa8e43733336,pokemoncardgame,포켓몬 카드게임,2026-07,2026-07-29T13:21:50+09:00,known,79603092b2b4feb6f18ddb65,b467e74edb16aa8e43733336,119495,https://m.dcinside.com/board/pokemoncardgame/119495,"각종 완덱&amp;덱파츠 팝니다(우레,로켓단뮤츠,고래왕,램펄드,후딘 등)",seller-51447db26eeb90b0124d315b,포갤러,registered,var safe = window.dcAd && window.dcAd.safe ==,var safe = window.dcAd && window.dcAd.safe ==,var safe = (window.dcAd && window.dcAd.safe ==,,,unknown,미분류,1,1,10000,estimated,bundle,text,unknown,,active,needs_review,needs_review,"가격 단위 추정, 복수 카드 가격, 배송비 포함 여부 미확정, 묶음·세트 총액 · 개별 카드 가격 아님",estimated,no,no,var safe = (window.dcAd && window.dcAd.safe == 1)
c9bdff6d42321264f25d0bb0,pokemoncardgame,포켓몬 카드게임,2026-07,2026-07-29T13:21:50+09:00,known,79603092b2b4feb6f18ddb65,c9bdff6d42321264f25d0bb0,119495,https://m.dcinside.com/board/pokemoncardgame/119495,"각종 완덱&amp;덱파츠 팝니다(우레,로켓단뮤츠,고래왕,램펄드,후딘 등)",seller-51447db26eeb90b0124d315b,포갤러,registered,loadScript ' t,loadScript ' t,loadScript('//t,,,unknown,미분류,1,1,10000,estimated,bundle,text,unknown,,active,needs_review,needs_review,"가격 단위 추정, 복수 카드 가격, 배송비 포함 여부 미확정, 묶음·세트 총액 · 개별 카드 가격 아님",estimated,no,no,"loadScript('//t1.kakaocdn.net/kas/static/ba.min.js', true);"
dc553e127ed9826c49a52d2d,pokemoncardgame,포켓몬 카드게임,2026-07,2026-07-29T13:21:50+09:00,known,79603092b2b4feb6f18ddb65,dc553e127ed9826c49a52d2d,119495,https://m.dcinside.com/board/pokemoncardgame/119495,"각종 완덱&amp;덱파츠 팝니다(우레,로켓단뮤츠,고래왕,램펄드,후딘 등)",seller-51447db26eeb90b0124d315b,포갤러,registered,loadScript 'https pagead,loadScript 'https pagead,loadScript('https://pagead,,,unknown,미분류,1,2,20000,estimated,bundle,text,unknown,,active,needs_review,needs_review,"가격 단위 추정, 복수 카드 가격, 배송비 포함 여부 미확정, 묶음·세트 총액 · 개별 카드 가격 아님",estimated,no,no,"loadScript('https://pagead2.googlesyndication.com/pagead/js/adsbygoogle_direct.js?client=ca-pub-8171468792791627', true, 'anonymous');"
de6e88f2cee4f8dacf1dc415,pokemoncardgame,포켓몬 카드게임,2026-07,2026-07-29T13:21:50+09:00,known,628cde653af09cf3dcbb0b8a,de6e88f2cee4f8dacf1dc415,119495,https://m.dcinside.com/board/pokemoncardgame/119495,"각종 완덱&amp;덱파츠 팝니다(우레,로켓단뮤츠,고래왕,램펄드,후딘 등)",seller-51447db26eeb90b0124d315b,포갤러,registered,loadScript 'https pagead,loadScript 'https pagead,loadScript('https://pagead,,,unknown,미분류,1,2,20000,estimated,bundle,text,unknown,,active,needs_review,needs_review,"가격 단위 추정, 복수 카드 가격, 배송비 포함 여부 미확정, 묶음·세트 총액 · 개별 카드 가격 아님",estimated,no,no,"loadScript('https://pagead2.googlesyndication.com/pagead/js/adsbygoogle_direct.js?client=ca-pub-8171468792791627', true, 'anonymous');"
dfe96530ffb3ed08ece4c660,pokemoncardgame,포켓몬 카드게임,2026-07,2026-07-29T13:21:50+09:00,known,f69e6ed70c5334e8a0efa47f,dfe96530ffb3ed08ece4c660,119495,https://m.dcinside.com/board/pokemoncardgame/119495,"각종 완덱&amp;덱파츠 팝니다(우레,로켓단뮤츠,고래왕,램펄드,후딘 등)",seller-51447db26eeb90b0124d315b,포갤러,registered,var safe = window.dcAd && window.dcAd.safe ==,var safe = window.dcAd && window.dcAd.safe ==,var safe = (window.dcAd && window.dcAd.safe ==,,,unknown,미분류,1,1,10000,estimated,bundle,text,unknown,,active,needs_review,needs_review,"가격 단위 추정, 복수 카드 가격, 배송비 포함 여부 미확정, 묶음·세트 총액 · 개별 카드 가격 아님",estimated,no,no,var safe = (window.dcAd && window.dcAd.safe == 1)
e786fb2f1c9fc433de2f1cb7,pokemoncardgame,포켓몬 카드게임,2026-07,2026-07-29T13:21:50+09:00,known,f69e6ed70c5334e8a0efa47f,e786fb2f1c9fc433de2f1cb7,119495,https://m.dcinside.com/board/pokemoncardgame/119495,"각종 완덱&amp;덱파츠 팝니다(우레,로켓단뮤츠,고래왕,램펄드,후딘 등)",seller-51447db26eeb90b0124d315b,포갤러,registered,loadScript 'https pagead,loadScript 'https pagead,loadScript('https://pagead,,,unknown,미분류,1,2,20000,estimated,bundle,text,unknown,,active,needs_review,needs_review,"가격 단위 추정, 복수 카드 가격, 배송비 포함 여부 미확정, 묶음·세트 총액 · 개별 카드 가격 아님",estimated,no,no,"loadScript('https://pagead2.googlesyndication.com/pagead/js/adsbygoogle_direct.js?client=ca-pub-8171468792791627', true, 'anonymous');"
eaca8706e93f39708ef6eab9,pokemoncardgame,포켓몬 카드게임,2026-07,2026-07-29T13:21:50+09:00,known,f69e6ed70c5334e8a0efa47f,eaca8706e93f39708ef6eab9,119495,https://m.dcinside.com/board/pokemoncardgame/119495,"각종 완덱&amp;덱파츠 팝니다(우레,로켓단뮤츠,고래왕,램펄드,후딘 등)",seller-51447db26eeb90b0124d315b,포갤러,registered,DOM 삽입 헬퍼 현재 스크립트 위치 기준,DOM 삽입 헬퍼 현재 스크립트 위치 기준,// ---- DOM 삽입 헬퍼 (현재 스크립트 위치 기준,,,unknown,미분류,1,1,10000,estimated,bundle,text,unknown,,active,needs_review,needs_review,"가격 단위 추정, 복수 카드 가격, 배송비 포함 여부 미확정, 묶음·세트 총액 · 개별 카드 가격 아님",estimated,no,no,// ---- DOM 삽입 헬퍼 (현재 스크립트 위치 기준1)
02156d0fcbfc73cdf3667fc0,pokemoncardgame,포켓몬 카드게임,2026-07,2026-07-29T16:28:12+09:00,known,0373faa23593fa19c400eb58,02156d0fcbfc73cdf3667fc0,119508,https://m.dcinside.com/board/pokemoncardgame/119508,람다 ㅍ / 덱소스 ㅅ,seller-15f953d85e24da298f42dd23,보너스코인,registered,풍선 SR,풍선 SR,풍선 SR,,,unknown,미분류,1,1000,10000000,estimated,per_card,text,unknown,,active,needs_review,needs_review,"가격 단위 추정, 배송비 포함 여부 미확정",estimated,yes,candidate_estimated,풍선 SR 1000
10065153ced10afad5be562e,pokemoncardgame,포켓몬 카드게임,2026-07,2026-07-29T16:28:12+09:00,known,3740681bd1aa5c09b675a187,10065153ced10afad5be562e,119508,https://m.dcinside.com/board/pokemoncardgame/119508,람다 ㅍ / 덱소스 ㅅ,seller-15f953d85e24da298f42dd23,보너스코인,registered,브레이브뱅글 SR,브레이브뱅글 SR,브레이브뱅글 SR,,,unknown,미분류,1,1500,15000000,estimated,per_card,text,unknown,,active,needs_review,needs_review,"가격 단위 추정, 배송비 포함 여부 미확정",estimated,yes,candidate_estimated,브레이브뱅글 SR 1500
14acf0671d28bb404e651839,pokemoncardgame,포켓몬 카드게임,2026-07,2026-07-29T16:28:12+09:00,known,534f95bcf525b4c62a7357d4,14acf0671d28bb404e651839,119508,https://m.dcinside.com/board/pokemoncardgame/119508,람다 ㅍ / 덱소스 ㅅ,seller-15f953d85e24da298f42dd23,보너스코인,registered,풍선 SR,풍선 SR,풍선 SR,,,unknown,미분류,1,1000,10000000,estimated,per_card,text,unknown,,active,needs_review,needs_review,"가격 단위 추정, 배송비 포함 여부 미확정",estimated,yes,candidate_estimated,풍선 SR 1000
162e62b69393b014a74e2264,pokemoncardgame,포켓몬 카드게임,2026-07,2026-07-29T16:28:12+09:00,known,3740681bd1aa5c09b675a187,162e62b69393b014a74e2264,119508,https://m.dcinside.com/board/pokemoncardgame/119508,람다 ㅍ / 덱소스 ㅅ,seller-15f953d85e24da298f42dd23,보너스코인,registered,람다,람다,람다,,,unknown,미분류,2,8000,80000000,estimated,per_quantity,text,unknown,,active,needs_review,needs_review,"가격 단위 추정, 배송비 포함 여부 미확정, 복수 수량 총액 · 카드 1장 가격 아님",estimated,no,no,람다 2장 8000
227022ee3cb0cbef53e32906,pokemoncardgame,포켓몬 카드게임,2026-07,2026-07-29T16:28:12+09:00,known,534f95bcf525b4c62a7357d4,227022ee3cb0cbef53e32906,119508,https://m.dcinside.com/board/pokemoncardgame/119508,람다 ㅍ / 덱소스 ㅅ,seller-15f953d85e24da298f42dd23,보너스코인,registered,브레이브뱅글 SR,브레이브뱅글 SR,브레이브뱅글 SR,,,unknown,미분류,1,1500,15000000,estimated,per_card,text,unknown,,active,needs_review,needs_review,"가격 단위 추정, 배송비 포함 여부 미확정",estimated,yes,candidate_estimated,브레이브뱅글 SR 1500
4d19f95bd30faac81d69c82f,pokemoncardgame,포켓몬 카드게임,2026-07,2026-07-29T16:28:12+09:00,known,534f95bcf525b4c62a7357d4,4d19f95bd30faac81d69c82f,119508,https://m.dcinside.com/board/pokemoncardgame/119508,람다 ㅍ / 덱소스 ㅅ,seller-15f953d85e24da298f42dd23,보너스코인,registered,람다,람다,람다,,,unknown,미분류,2,8000,80000000,estimated,per_quantity,text,unknown,,active,needs_review,needs_review,"가격 단위 추정, 배송비 포함 여부 미확정, 복수 수량 총액 · 카드 1장 가격 아님",estimated,no,no,람다 2장 8000
54a35bc4bb9ffee4b229c4c0,pokemoncardgame,포켓몬 카드게임,2026-07,2026-07-29T16:28:12+09:00,known,0373faa23593fa19c400eb58,54a35bc4bb9ffee4b229c4c0,119508,https://m.dcinside.com/board/pokemoncardgame/119508,람다 ㅍ / 덱소스 ㅅ,seller-15f953d85e24da298f42dd23,보너스코인,registered,두장 동시에 팔아주시면,두장 동시에 팔아주시면,두장 동시에 팔아주시면,,,unknown,미분류,1,3000,30000000,estimated,per_card,text,unknown,,active,needs_review,needs_review,"가격 단위 추정, 배송비 포함 여부 미확정",estimated,yes,candidate_estimated,두장 동시에 팔아주시면 3000에 구매합니다
837363b40e9d752566b13c74,pokemoncardgame,포켓몬 카드게임,2026-07,2026-07-29T16:28:12+09:00,known,0373faa23593fa19c400eb58,837363b40e9d752566b13c74,119508,https://m.dcinside.com/board/pokemoncardgame/119508,람다 ㅍ / 덱소스 ㅅ,seller-15f953d85e24da298f42dd23,보너스코인,registered,람다,람다,람다,,,unknown,미분류,2,8000,80000000,estimated,per_quantity,text,unknown,,active,needs_review,needs_review,"가격 단위 추정, 배송비 포함 여부 미확정, 복수 수량 총액 · 카드 1장 가격 아님",estimated,no,no,람다 2장 8000
9178482051bcd0788214cbf9,pokemoncardgame,포켓몬 카드게임,2026-07,2026-07-29T16:28:12+09:00,known,534f95bcf525b4c62a7357d4,9178482051bcd0788214cbf9,119508,https://m.dcinside.com/board/pokemoncardgame/119508,람다 ㅍ / 덱소스 ㅅ,seller-15f953d85e24da298f42dd23,보너스코인,registered,두장 동시에 팔아주시면,두장 동시에 팔아주시면,두장 동시에 팔아주시면,,,unknown,미분류,1,3000,30000000,estimated,per_card,text,unknown,,active,needs_review,needs_review,"가격 단위 추정, 배송비 포함 여부 미확정",estimated,yes,candidate_estimated,두장 동시에 팔아주시면 3000에 구매합니다
a3d6f560ad9c7691d09feff8,pokemoncardgame,포켓몬 카드게임,2026-07,2026-07-29T16:28:12+09:00,known,2fccb2cd8afc6280244491b4,a3d6f560ad9c7691d09feff8,119508,https://m.dcinside.com/board/pokemoncardgame/119508,람다 ㅍ / 덱소스 ㅅ,seller-15f953d85e24da298f42dd23,보너스코인,registered,람다,람다,람다,,,unknown,미분류,2,8000,80000000,estimated,per_quantity,text,unknown,,active,needs_review,needs_review,"가격 단위 추정, 배송비 포함 여부 미확정, 복수 수량 총액 · 카드 1장 가격 아님",estimated,no,no,람다 2장 8000
c762307305249d21a26145ed,pokemoncardgame,포켓몬 카드게임,2026-07,2026-07-29T16:28:12+09:00,known,2fccb2cd8afc6280244491b4,c762307305249d21a26145ed,119508,https://m.dcinside.com/board/pokemoncardgame/119508,람다 ㅍ / 덱소스 ㅅ,seller-15f953d85e24da298f42dd23,보너스코인,registered,브레이브뱅글 SR,브레이브뱅글 SR,브레이브뱅글 SR,,,unknown,미분류,1,1500,15000000,estimated,per_card,text,unknown,,active,needs_review,needs_review,"가격 단위 추정, 배송비 포함 여부 미확정",estimated,yes,candidate_estimated,브레이브뱅글 SR 1500
cc35bd43d8a4cc4286da6f0a,pokemoncardgame,포켓몬 카드게임,2026-07,2026-07-29T16:28:12+09:00,known,2fccb2cd8afc6280244491b4,cc35bd43d8a4cc4286da6f0a,119508,https://m.dcinside.com/board/pokemoncardgame/119508,람다 ㅍ / 덱소스 ㅅ,seller-15f953d85e24da298f42dd23,보너스코인,registered,두장 동시에 팔아주시면,두장 동시에 팔아주시면,두장 동시에 팔아주시면,,,unknown,미분류,1,3000,30000000,estimated,per_card,text,unknown,,active,needs_review,needs_review,"가격 단위 추정, 배송비 포함 여부 미확정",estimated,yes,candidate_estimated,두장 동시에 팔아주시면 3000에 구매합니다
d1cc00f5cc37a59256695aba,pokemoncardgame,포켓몬 카드게임,2026-07,2026-07-29T16:28:12+09:00,known,3740681bd1aa5c09b675a187,d1cc00f5cc37a59256695aba,119508,https://m.dcinside.com/board/pokemoncardgame/119508,람다 ㅍ / 덱소스 ㅅ,seller-15f953d85e24da298f42dd23,보너스코인,registered,풍선 SR,풍선 SR,풍선 SR,,,unknown,미분류,1,1000,10000000,estimated,per_card,text,unknown,,active,needs_review,needs_review,"가격 단위 추정, 배송비 포함 여부 미확정",estimated,yes,candidate_estimated,풍선 SR 1000
e4c2da3e0cea2d7e5696da58,pokemoncardgame,포켓몬 카드게임,2026-07,2026-07-29T16:28:12+09:00,known,0373faa23593fa19c400eb58,e4c2da3e0cea2d7e5696da58,119508,https://m.dcinside.com/board/pokemoncardgame/119508,람다 ㅍ / 덱소스 ㅅ,seller-15f953d85e24da298f42dd23,보너스코인,registered,브레이브뱅글 SR,브레이브뱅글 SR,브레이브뱅글 SR,,,unknown,미분류,1,1500,15000000,estimated,per_card,text,unknown,,active,needs_review,needs_review,"가격 단위 추정, 배송비 포함 여부 미확정",estimated,yes,candidate_estimated,브레이브뱅글 SR 1500
f18107ef742d3befe92b43df,pokemoncardgame,포켓몬 카드게임,2026-07,2026-07-29T16:28:12+09:00,known,3740681bd1aa5c09b675a187,f18107ef742d3befe92b43df,119508,https://m.dcinside.com/board/pokemoncardgame/119508,람다 ㅍ / 덱소스 ㅅ,seller-15f953d85e24da298f42dd23,보너스코인,registered,두장 동시에 팔아주시면,두장 동시에 팔아주시면,두장 동시에 팔아주시면,,,unknown,미분류,1,3000,30000000,estimated,per_card,text,unknown,,active,needs_review,needs_review,"가격 단위 추정, 배송비 포함 여부 미확정",estimated,yes,candidate_estimated,두장 동시에 팔아주시면 3000에 구매합니다
f71fc4ae0d21daebecd8c9cc,pokemoncardgame,포켓몬 카드게임,2026-07,2026-07-29T16:28:12+09:00,known,2fccb2cd8afc6280244491b4,f71fc4ae0d21daebecd8c9cc,119508,https://m.dcinside.com/board/pokemoncardgame/119508,람다 ㅍ / 덱소스 ㅅ,seller-15f953d85e24da298f42dd23,보너스코인,registered,풍선 SR,풍선 SR,풍선 SR,,,unknown,미분류,1,1000,10000000,estimated,per_card,text,unknown,,active,needs_review,needs_review,"가격 단위 추정, 배송비 포함 여부 미확정",estimated,yes,candidate_estimated,풍선 SR 1000
0d96c7ce67716828796f0909,pokemoncardgame,포켓몬 카드게임,2026-07,2026-07-29T22:10:45+09:00,known,2065fdf3f61a45cc15169f83,0d96c7ce67716828796f0909,119528,https://m.dcinside.com/board/pokemoncardgame/119528,"릴리에 결심sar, 이상해 고레어 세트 ㅍㅍ",seller-49ce6d5248085d533ff3a547,ㅇㅇ,guest,이상해 사용감 있음,이상해 사용감 있음,이상해 (사용감 있음),,,unknown,미분류,1,3.0,30000,estimated,bundle,text,unknown,,active,needs_review,needs_review,"가격 단위 추정, 일괄·세트 가격, 배송비 포함 여부 미확정, 묶음·세트 총액 · 개별 카드 가격 아님",estimated,no,no,이상해 세트(사용감 있음) 3.0
1c74b2c38ec0aa09ab82f12a,pokemoncardgame,포켓몬 카드게임,2026-07,2026-07-29T22:10:45+09:00,known,2065fdf3f61a45cc15169f83,1c74b2c38ec0aa09ab82f12a,119528,https://m.dcinside.com/board/pokemoncardgame/119528,"릴리에 결심sar, 이상해 고레어 세트 ㅍㅍ",seller-49ce6d5248085d533ff3a547,ㅇㅇ,guest,릴리에 결심 sar,릴리에 결심 sar,릴리에 결심 sar,,,unknown,미분류,1,8.0,80000,estimated,per_card,text,unknown,,active,needs_review,needs_review,"가격 단위 추정, 배송비 포함 여부 미확정",estimated,yes,candidate_estimated,릴리에 결심 sar 8.0
8bc353b96df53ef7abd0ef2c,pokemoncardgame,포켓몬 카드게임,2026-07,2026-07-29T22:10:45+09:00,known,f1b646a6226ba0440f3c4f0a,8bc353b96df53ef7abd0ef2c,119528,https://m.dcinside.com/board/pokemoncardgame/119528,"릴리에 결심sar, 이상해 고레어 세트 ㅍㅍ",seller-d2abd866a45dc3b63fdbfa33,ㅇㅇ,guest,릴리에 결심 sar,릴리에 결심 sar,릴리에 결심 sar,,,unknown,미분류,1,8.0,80000,estimated,per_card,text,unknown,,active,needs_review,needs_review,"가격 단위 추정, 배송비 포함 여부 미확정",estimated,yes,candidate_estimated,릴리에 결심 sar 8.0
b946fd8fe3574c8031033dfb,pokemoncardgame,포켓몬 카드게임,2026-07,2026-07-29T22:10:45+09:00,known,8a81c499669ac5c3b80ed15f,b946fd8fe3574c8031033dfb,119528,https://m.dcinside.com/board/pokemoncardgame/119528,"릴리에 결심sar, 이상해 고레어 세트 ㅍㅍ",seller-8f0ac75ac35967165b13bc02,ㅇㅇ,guest,릴리에 결심 sar,릴리에 결심 sar,릴리에 결심 sar,,,unknown,미분류,1,8.0,80000,estimated,per_card,text,unknown,,active,needs_review,needs_review,"가격 단위 추정, 배송비 포함 여부 미확정",estimated,yes,candidate_estimated,릴리에 결심 sar 8.0
d71de69ebff683064b0b28cc,pokemoncardgame,포켓몬 카드게임,2026-07,2026-07-29T22:10:45+09:00,known,8a81c499669ac5c3b80ed15f,d71de69ebff683064b0b28cc,119528,https://m.dcinside.com/board/pokemoncardgame/119528,"릴리에 결심sar, 이상해 고레어 세트 ㅍㅍ",seller-8f0ac75ac35967165b13bc02,ㅇㅇ,guest,이상해 사용감 있음,이상해 사용감 있음,이상해 (사용감 있음),,,unknown,미분류,1,3.0,30000,estimated,bundle,text,unknown,,active,needs_review,needs_review,"가격 단위 추정, 일괄·세트 가격, 배송비 포함 여부 미확정, 묶음·세트 총액 · 개별 카드 가격 아님",estimated,no,no,이상해 세트(사용감 있음) 3.0
e2d70c49611b31fad48f2d9c,pokemoncardgame,포켓몬 카드게임,2026-07,2026-07-29T22:10:45+09:00,known,f1b646a6226ba0440f3c4f0a,e2d70c49611b31fad48f2d9c,119528,https://m.dcinside.com/board/pokemoncardgame/119528,"릴리에 결심sar, 이상해 고레어 세트 ㅍㅍ",seller-d2abd866a45dc3b63fdbfa33,ㅇㅇ,guest,이상해 사용감 있음,이상해 사용감 있음,이상해 (사용감 있음),,,unknown,미분류,1,3.0,30000,estimated,bundle,text,unknown,,active,needs_review,needs_review,"가격 단위 추정, 일괄·세트 가격, 배송비 포함 여부 미확정, 묶음·세트 총액 · 개별 카드 가격 아님",estimated,no,no,이상해 세트(사용감 있음) 3.0
ef0ce099b9bde69a881fb86b,pokemoncardgame,포켓몬 카드게임,2026-07,2026-07-29T22:10:45+09:00,known,3f8ab111ffc3c2ab3eb5417c,ef0ce099b9bde69a881fb86b,119528,https://m.dcinside.com/board/pokemoncardgame/119528,"릴리에 결심sar, 이상해 고레어 세트 ㅍㅍ",seller-97c689117e778d87d291d18a,ㅇㅇ,guest,이상해 사용감 있음,이상해 사용감 있음,이상해 (사용감 있음),,,unknown,미분류,1,3.0,30000,estimated,bundle,text,unknown,,active,needs_review,needs_review,"가격 단위 추정, 일괄·세트 가격, 배송비 포함 여부 미확정, 묶음·세트 총액 · 개별 카드 가격 아님",estimated,no,no,이상해 세트(사용감 있음) 3.0
fcd27c367a02406e00d57251,pokemoncardgame,포켓몬 카드게임,2026-07,2026-07-29T22:10:45+09:00,known,3f8ab111ffc3c2ab3eb5417c,fcd27c367a02406e00d57251,119528,https://m.dcinside.com/board/pokemoncardgame/119528,"릴리에 결심sar, 이상해 고레어 세트 ㅍㅍ",seller-97c689117e778d87d291d18a,ㅇㅇ,guest,릴리에 결심 sar,릴리에 결심 sar,릴리에 결심 sar,,,unknown,미분류,1,8.0,80000,estimated,per_card,text,unknown,,active,needs_review,needs_review,"가격 단위 추정, 배송비 포함 여부 미확정",estimated,yes,candidate_estimated,릴리에 결심 sar 8.0
01eff534a651f6e830360a07,pokemoncardgame,포켓몬 카드게임,2026-07,2026-07-29T22:24:39+09:00,known,0e88ca16c7abf47c7dcd23c3,01eff534a651f6e830360a07,119531,https://m.dcinside.com/board/pokemoncardgame/119531,풍선 ur ㅅㅅㅅㅅㅅㅅ,seller-c9b5076dedc70a4eb1201b79,비비빅의 결심,registered,,장당,장당,,,unknown,미분류,1,3.5,35000,estimated,per_card,text,unknown,,active,needs_review,needs_review,"가격 단위 추정, 배송비 포함 여부 미확정",estimated,yes,candidate_estimated,장당 3.5에 삼
20c7977f179e215fa8db6fee,pokemoncardgame,포켓몬 카드게임,2026-07,2026-07-29T22:24:39+09:00,known,1d5514bec6110f5da7d39d69,20c7977f179e215fa8db6fee,119531,https://m.dcinside.com/board/pokemoncardgame/119531,풍선 ur ㅅㅅㅅㅅㅅㅅ,seller-c9b5076dedc70a4eb1201b79,비비빅의 결심,registered,,장당,장당,,,unknown,미분류,1,3.5,35000,estimated,per_card,text,unknown,,active,needs_review,needs_review,"가격 단위 추정, 배송비 포함 여부 미확정",estimated,yes,candidate_estimated,장당 3.5에 삼
37dd6b5f04ae9d444d148589,pokemoncardgame,포켓몬 카드게임,2026-07,2026-07-29T22:24:39+09:00,known,26eb6c120421ce0ac028cf29,37dd6b5f04ae9d444d148589,119531,https://m.dcinside.com/board/pokemoncardgame/119531,풍선 ur ㅅㅅㅅㅅㅅㅅ,seller-c9b5076dedc70a4eb1201b79,비비빅의 결심,registered,,장당,장당,,,unknown,미분류,1,3.5,35000,estimated,per_card,text,unknown,,active,needs_review,needs_review,"가격 단위 추정, 배송비 포함 여부 미확정",estimated,yes,candidate_estimated,장당 3.5에 삼
7319e12d77db4237142ba131,pokemoncardgame,포켓몬 카드게임,2026-07,2026-07-29T22:24:39+09:00,known,3b2e51fe4ba6512411ca12a0,7319e12d77db4237142ba131,119531,https://m.dcinside.com/board/pokemoncardgame/119531,풍선 ur ㅅㅅㅅㅅㅅㅅ,seller-c9b5076dedc70a4eb1201b79,비비빅의 결심,registered,,장당,장당,,,unknown,미분류,1,3.5,35000,estimated,per_card,text,unknown,,active,needs_review,needs_review,"가격 단위 추정, 배송비 포함 여부 미확정",estimated,yes,candidate_estimated,장당 3.5에 삼
0217ef810c41dfca23a5db7d,pokemoncardgame,포켓몬 카드게임,2026-07,2026-07-29T23:28:31+09:00,known,885829cc317aa9a4137204f0,0217ef810c41dfca23a5db7d,119537,https://m.dcinside.com/board/pokemoncardgame/119537,"하솔 SAR, 재밍타워 UR 판매, MA 구매",seller-6a6106e28956f4070c3b4862,섬도희-아가리,registered,하솔,하솔,하솔 장당,,,unknown,미분류,1,1.2,12000,estimated,per_card,text,unknown,,active,needs_review,needs_review,"가격 단위 추정, 배송비 포함 여부 미확정",estimated,yes,candidate_estimated,하솔 장당 1.2
122b98a774ac3ed3f61563cb,pokemoncardgame,포켓몬 카드게임,2026-07,2026-07-29T23:28:31+09:00,known,2613d1bfbb61b56c18789a27,122b98a774ac3ed3f61563cb,119537,https://m.dcinside.com/board/pokemoncardgame/119537,"하솔 SAR, 재밍타워 UR 판매, MA 구매",seller-6a6106e28956f4070c3b4862,섬도희-아가리,registered,하솔,하솔,하솔 장당,,,unknown,미분류,1,1.2,12000,estimated,per_card,text,unknown,,active,needs_review,needs_review,"가격 단위 추정, 배송비 포함 여부 미확정",estimated,yes,candidate_estimated,하솔 장당 1.2
1bc1ce995dcd13bd61da3038,pokemoncardgame,포켓몬 카드게임,2026-07,2026-07-29T23:28:31+09:00,known,7f5f600209197875a401f0ee,1bc1ce995dcd13bd61da3038,119537,https://m.dcinside.com/board/pokemoncardgame/119537,"하솔 SAR, 재밍타워 UR 판매, MA 구매",seller-6a6106e28956f4070c3b4862,섬도희-아가리,registered,하솔,하솔,하솔 장당,,,unknown,미분류,1,1.2,12000,estimated,per_card,text,unknown,,active,needs_review,needs_review,"가격 단위 추정, 배송비 포함 여부 미확정",estimated,yes,candidate_estimated,하솔 장당 1.2
21c06a7683e45df6b3fc968b,pokemoncardgame,포켓몬 카드게임,2026-07,2026-07-29T23:28:31+09:00,known,7f5f600209197875a401f0ee,21c06a7683e45df6b3fc968b,119537,https://m.dcinside.com/board/pokemoncardgame/119537,"하솔 SAR, 재밍타워 UR 판매, MA 구매",seller-6a6106e28956f4070c3b4862,섬도희-아가리,registered,MA 메가 팬텀,MA 메가 팬텀,MA 메가 팬텀,,,unknown,미분류,4,4.0,40000,estimated,bundle,text,unknown,,active,needs_review,needs_review,"가격 단위 추정, 일괄·세트 가격, 배송비 포함 여부 미확정, 묶음·세트 총액 · 개별 카드 가격 아님",estimated,no,no,MA 메가 팬텀 4장 일괄 4.0
419effa5517002fd25ca2a5e,pokemoncardgame,포켓몬 카드게임,2026-07,2026-07-29T23:28:31+09:00,known,885829cc317aa9a4137204f0,419effa5517002fd25ca2a5e,119537,https://m.dcinside.com/board/pokemoncardgame/119537,"하솔 SAR, 재밍타워 UR 판매, MA 구매",seller-6a6106e28956f4070c3b4862,섬도희-아가리,registered,MA 메가 망나뇽,MA 메가 망나뇽,MA 메가 망나뇽,,,unknown,미분류,4,3.5,35000,estimated,bundle,text,unknown,,active,needs_review,needs_review,"가격 단위 추정, 일괄·세트 가격, 배송비 포함 여부 미확정, 묶음·세트 총액 · 개별 카드 가격 아님",estimated,no,no,MA 메가 망나뇽 4장 일괄 3.5
726952ee59495591d4899931,pokemoncardgame,포켓몬 카드게임,2026-07,2026-07-29T23:28:31+09:00,known,2613d1bfbb61b56c18789a27,726952ee59495591d4899931,119537,https://m.dcinside.com/board/pokemoncardgame/119537,"하솔 SAR, 재밍타워 UR 판매, MA 구매",seller-6a6106e28956f4070c3b4862,섬도희-아가리,registered,MA 메가 망나뇽,MA 메가 망나뇽,MA 메가 망나뇽,,,unknown,미분류,4,3.5,35000,estimated,bundle,text,unknown,,active,needs_review,needs_review,"가격 단위 추정, 일괄·세트 가격, 배송비 포함 여부 미확정, 묶음·세트 총액 · 개별 카드 가격 아님",estimated,no,no,MA 메가 망나뇽 4장 일괄 3.5
77f04ba94820d3ab7d6989a0,pokemoncardgame,포켓몬 카드게임,2026-07,2026-07-29T23:28:31+09:00,known,2613d1bfbb61b56c18789a27,77f04ba94820d3ab7d6989a0,119537,https://m.dcinside.com/board/pokemoncardgame/119537,"하솔 SAR, 재밍타워 UR 판매, MA 구매",seller-6a6106e28956f4070c3b4862,섬도희-아가리,registered,MA 메가 팬텀,MA 메가 팬텀,MA 메가 팬텀,,,unknown,미분류,4,4.0,40000,estimated,bundle,text,unknown,,active,needs_review,needs_review,"가격 단위 추정, 일괄·세트 가격, 배송비 포함 여부 미확정, 묶음·세트 총액 · 개별 카드 가격 아님",estimated,no,no,MA 메가 팬텀 4장 일괄 4.0
7d94e947862eb8fa94d79942,pokemoncardgame,포켓몬 카드게임,2026-07,2026-07-29T23:28:31+09:00,known,885829cc317aa9a4137204f0,7d94e947862eb8fa94d79942,119537,https://m.dcinside.com/board/pokemoncardgame/119537,"하솔 SAR, 재밍타워 UR 판매, MA 구매",seller-6a6106e28956f4070c3b4862,섬도희-아가리,registered,재밍타워,재밍타워,재밍타워 장당,,,unknown,미분류,1,0.3,3000,estimated,per_card,text,unknown,,active,needs_review,needs_review,"가격 단위 추정, 배송비 포함 여부 미확정",estimated,yes,candidate_estimated,재밍타워 장당 0.3
99f8829e1a7d407d547e9aac,pokemoncardgame,포켓몬 카드게임,2026-07,2026-07-29T23:28:31+09:00,known,7f5f600209197875a401f0ee,99f8829e1a7d407d547e9aac,119537,https://m.dcinside.com/board/pokemoncardgame/119537,"하솔 SAR, 재밍타워 UR 판매, MA 구매",seller-6a6106e28956f4070c3b4862,섬도희-아가리,registered,MA 메가 망나뇽,MA 메가 망나뇽,MA 메가 망나뇽,,,unknown,미분류,4,3.5,35000,estimated,bundle,text,unknown,,active,needs_review,needs_review,"가격 단위 추정, 일괄·세트 가격, 배송비 포함 여부 미확정, 묶음·세트 총액 · 개별 카드 가격 아님",estimated,no,no,MA 메가 망나뇽 4장 일괄 3.5
cb260c114e5554a8a0934729,pokemoncardgame,포켓몬 카드게임,2026-07,2026-07-29T23:28:31+09:00,known,0b6c7cb500fce6934007fa06,cb260c114e5554a8a0934729,119537,https://m.dcinside.com/board/pokemoncardgame/119537,"하솔 SAR, 재밍타워 UR 판매, MA 구매",seller-6a6106e28956f4070c3b4862,섬도희-아가리,registered,재밍타워,재밍타워,재밍타워 장당,,,unknown,미분류,1,0.3,3000,estimated,per_card,text,unknown,,active,needs_review,needs_review,"가격 단위 추정, 배송비 포함 여부 미확정",estimated,yes,candidate_estimated,재밍타워 장당 0.3
d8097c268cafd39ae8ed2f49,pokemoncardgame,포켓몬 카드게임,2026-07,2026-07-29T23:28:31+09:00,known,0b6c7cb500fce6934007fa06,d8097c268cafd39ae8ed2f49,119537,https://m.dcinside.com/board/pokemoncardgame/119537,"하솔 SAR, 재밍타워 UR 판매, MA 구매",seller-6a6106e28956f4070c3b4862,섬도희-아가리,registered,MA 메가 팬텀,MA 메가 팬텀,MA 메가 팬텀,,,unknown,미분류,4,4.0,40000,estimated,bundle,text,unknown,,active,needs_review,needs_review,"가격 단위 추정, 일괄·세트 가격, 배송비 포함 여부 미확정, 묶음·세트 총액 · 개별 카드 가격 아님",estimated,no,no,MA 메가 팬텀 4장 일괄 4.0
e0b7718d1ef89714bdede8da,pokemoncardgame,포켓몬 카드게임,2026-07,2026-07-29T23:28:31+09:00,known,7f5f600209197875a401f0ee,e0b7718d1ef89714bdede8da,119537,https://m.dcinside.com/board/pokemoncardgame/119537,"하솔 SAR, 재밍타워 UR 판매, MA 구매",seller-6a6106e28956f4070c3b4862,섬도희-아가리,registered,재밍타워,재밍타워,재밍타워 장당,,,unknown,미분류,1,0.3,3000,estimated,per_card,text,unknown,,active,needs_review,needs_review,"가격 단위 추정, 배송비 포함 여부 미확정",estimated,yes,candidate_estimated,재밍타워 장당 0.3
e1900c26c1e609ec88cae5c5,pokemoncardgame,포켓몬 카드게임,2026-07,2026-07-29T23:28:31+09:00,known,0b6c7cb500fce6934007fa06,e1900c26c1e609ec88cae5c5,119537,https://m.dcinside.com/board/pokemoncardgame/119537,"하솔 SAR, 재밍타워 UR 판매, MA 구매",seller-6a6106e28956f4070c3b4862,섬도희-아가리,registered,MA 메가 망나뇽,MA 메가 망나뇽,MA 메가 망나뇽,,,unknown,미분류,4,3.5,35000,estimated,bundle,text,unknown,,active,needs_review,needs_review,"가격 단위 추정, 일괄·세트 가격, 배송비 포함 여부 미확정, 묶음·세트 총액 · 개별 카드 가격 아님",estimated,no,no,MA 메가 망나뇽 4장 일괄 3.5
f03e39c348066ab60fd90818,pokemoncardgame,포켓몬 카드게임,2026-07,2026-07-29T23:28:31+09:00,known,885829cc317aa9a4137204f0,f03e39c348066ab60fd90818,119537,https://m.dcinside.com/board/pokemoncardgame/119537,"하솔 SAR, 재밍타워 UR 판매, MA 구매",seller-6a6106e28956f4070c3b4862,섬도희-아가리,registered,MA 메가 팬텀,MA 메가 팬텀,MA 메가 팬텀,,,unknown,미분류,4,4.0,40000,estimated,bundle,text,unknown,,active,needs_review,needs_review,"가격 단위 추정, 일괄·세트 가격, 배송비 포함 여부 미확정, 묶음·세트 총액 · 개별 카드 가격 아님",estimated,no,no,MA 메가 팬텀 4장 일괄 4.0
fca47f83ecc43a5727a94531,pokemoncardgame,포켓몬 카드게임,2026-07,2026-07-29T23:28:31+09:00,known,0b6c7cb500fce6934007fa06,fca47f83ecc43a5727a94531,119537,https://m.dcinside.com/board/pokemoncardgame/119537,"하솔 SAR, 재밍타워 UR 판매, MA 구매",seller-6a6106e28956f4070c3b4862,섬도희-아가리,registered,하솔,하솔,하솔 장당,,,unknown,미분류,1,1.2,12000,estimated,per_card,text,unknown,,active,needs_review,needs_review,"가격 단위 추정, 배송비 포함 여부 미확정",estimated,yes,candidate_estimated,하솔 장당 1.2
feafa0be17f368ab80c22a9e,pokemoncardgame,포켓몬 카드게임,2026-07,2026-07-29T23:28:31+09:00,known,2613d1bfbb61b56c18789a27,feafa0be17f368ab80c22a9e,119537,https://m.dcinside.com/board/pokemoncardgame/119537,"하솔 SAR, 재밍타워 UR 판매, MA 구매",seller-6a6106e28956f4070c3b4862,섬도희-아가리,registered,재밍타워,재밍타워,재밍타워 장당,,,unknown,미분류,1,0.3,3000,estimated,per_card,text,unknown,,active,needs_review,needs_review,"가격 단위 추정, 배송비 포함 여부 미확정",estimated,yes,candidate_estimated,재밍타워 장당 0.3
105676c833e37082a9ba2602,pokemoncardgame,포켓몬 카드게임,2026-07,2026-07-30T00:26:30+09:00,known,aad9c352b0da197c0ce9f982,105676c833e37082a9ba2602,119539,https://m.dcinside.com/board/pokemoncardgame/119539,보스의지령 sar 3장 구매합니다,seller-0f3e7770cfc356e8dac69c7a,픽셀92,registered,,장당,장당,,,unknown,미분류,1,2.0,20000,estimated,per_card,text,unknown,,active,needs_review,needs_review,"가격 단위 추정, 배송비 포함 여부 미확정",estimated,yes,candidate_estimated,장당 2.0에 3장 구매합니다
25845d170c5a2e21b461b421,pokemoncardgame,포켓몬 카드게임,2026-07,2026-07-30T00:26:30+09:00,known,7f5522e1f9a082196699de45,25845d170c5a2e21b461b421,119539,https://m.dcinside.com/board/pokemoncardgame/119539,보스의지령 sar 3장 구매합니다,seller-0f3e7770cfc356e8dac69c7a,픽셀92,registered,,장당,장당,,,unknown,미분류,1,2.0,20000,estimated,per_card,text,unknown,,active,needs_review,needs_review,"가격 단위 추정, 배송비 포함 여부 미확정",estimated,yes,candidate_estimated,장당 2.0에 3장 구매합니다
26931b628600a40df15593be,pokemoncardgame,포켓몬 카드게임,2026-07,2026-07-30T00:26:30+09:00,known,47f6aff2ac1826226dc8bb5b,26931b628600a40df15593be,119539,https://m.dcinside.com/board/pokemoncardgame/119539,보스의지령 sar 3장 구매합니다,seller-0f3e7770cfc356e8dac69c7a,픽셀92,registered,,장당,장당,,,unknown,미분류,1,2.0,20000,estimated,per_card,text,unknown,,active,needs_review,needs_review,"가격 단위 추정, 배송비 포함 여부 미확정",estimated,yes,candidate_estimated,장당 2.0에 3장 구매합니다
3b8df3bfc0c6dc51ac577915,pokemoncardgame,포켓몬 카드게임,2026-07,2026-07-30T00:26:30+09:00,known,7f5522e1f9a082196699de45,3b8df3bfc0c6dc51ac577915,119539,https://m.dcinside.com/board/pokemoncardgame/119539,보스의지령 sar 3장 구매합니다,seller-0f3e7770cfc356e8dac69c7a,픽셀92,registered,일괄 시,일괄 시,일괄판매시 장당,,,unknown,미분류,1,2.2,22000,estimated,bundle,text,unknown,,active,needs_review,needs_review,"가격 단위 추정, 일괄·세트 가격, 배송비 포함 여부 미확정, 묶음·세트 총액 · 개별 카드 가격 아님",estimated,no,no,일괄판매시 장당 2.2에 구매합니다
a0c0a5083774b08c4e31fc78,pokemoncardgame,포켓몬 카드게임,2026-07,2026-07-30T00:26:30+09:00,known,7fccc92c296c83c7b31b125b,a0c0a5083774b08c4e31fc78,119539,https://m.dcinside.com/board/pokemoncardgame/119539,보스의지령 sar 3장 구매합니다,seller-0f3e7770cfc356e8dac69c7a,픽셀92,registered,일괄 시,일괄 시,일괄판매시 장당,,,unknown,미분류,1,2.2,22000,estimated,bundle,text,unknown,,active,needs_review,needs_review,"가격 단위 추정, 일괄·세트 가격, 배송비 포함 여부 미확정, 묶음·세트 총액 · 개별 카드 가격 아님",estimated,no,no,일괄판매시 장당 2.2에 구매합니다
bf1e3ce14ea22c9b623d8b29,pokemoncardgame,포켓몬 카드게임,2026-07,2026-07-30T00:26:30+09:00,known,aad9c352b0da197c0ce9f982,bf1e3ce14ea22c9b623d8b29,119539,https://m.dcinside.com/board/pokemoncardgame/119539,보스의지령 sar 3장 구매합니다,seller-0f3e7770cfc356e8dac69c7a,픽셀92,registered,일괄 시,일괄 시,일괄판매시 장당,,,unknown,미분류,1,2.2,22000,estimated,bundle,text,unknown,,active,needs_review,needs_review,"가격 단위 추정, 일괄·세트 가격, 배송비 포함 여부 미확정, 묶음·세트 총액 · 개별 카드 가격 아님",estimated,no,no,일괄판매시 장당 2.2에 구매합니다
e046707861e678ef8acfef35,pokemoncardgame,포켓몬 카드게임,2026-07,2026-07-30T00:26:30+09:00,known,47f6aff2ac1826226dc8bb5b,e046707861e678ef8acfef35,119539,https://m.dcinside.com/board/pokemoncardgame/119539,보스의지령 sar 3장 구매합니다,seller-0f3e7770cfc356e8dac69c7a,픽셀92,registered,일괄 시,일괄 시,일괄판매시 장당,,,unknown,미분류,1,2.2,22000,estimated,bundle,text,unknown,,active,needs_review,needs_review,"가격 단위 추정, 일괄·세트 가격, 배송비 포함 여부 미확정, 묶음·세트 총액 · 개별 카드 가격 아님",estimated,no,no,일괄판매시 장당 2.2에 구매합니다
ed219cb1f84b889a461935cf,pokemoncardgame,포켓몬 카드게임,2026-07,2026-07-30T00:26:30+09:00,known,7fccc92c296c83c7b31b125b,ed219cb1f84b889a461935cf,119539,https://m.dcinside.com/board/pokemoncardgame/119539,보스의지령 sar 3장 구매합니다,seller-0f3e7770cfc356e8dac69c7a,픽셀92,registered,,장당,장당,,,unknown,미분류,1,2.0,20000,estimated,per_card,text,unknown,,active,needs_review,needs_review,"가격 단위 추정, 배송비 포함 여부 미확정",estimated,yes,candidate_estimated,장당 2.0에 3장 구매합니다
0df97a9ea0653bd65ac34410,pokemoncardgame,포켓몬 카드게임,2026-07,2026-07-30T12:26:27+09:00,known,be3f31ae92e193dfd4411704,0df97a9ea0653bd65ac34410,119554,https://m.dcinside.com/board/pokemoncardgame/119554,"목동직, 반택거래로 구함",seller-51447db26eeb90b0124d315b,포갤러,registered,,,,,,unknown,미분류,1,1.0,10000,estimated,bundle,text,unknown,,active,needs_review,needs_review,"가격 단위 추정, 일괄·세트 가격, 배송비 포함 여부 미확정, 카드명 확인 필요, 묶음·세트 총액 · 개별 카드 가격 아님",estimated,no,no,일괄 1.0
1035f45302465007fe12f574,pokemoncardgame,포켓몬 카드게임,2026-07,2026-07-30T12:26:27+09:00,known,be3f31ae92e193dfd4411704,1035f45302465007fe12f574,119554,https://m.dcinside.com/board/pokemoncardgame/119554,"목동직, 반택거래로 구함",seller-51447db26eeb90b0124d315b,포갤러,registered,위험한 폐허,위험한 폐허,위험한 폐허,,,unknown,미분류,2,0.05,500,estimated,per_quantity,text,unknown,,active,needs_review,needs_review,"가격 단위 추정, 배송비 포함 여부 미확정, 복수 수량 총액 · 카드 1장 가격 아님",estimated,no,no,위험한 폐허 2장 0.05
384f55587821d0b8e0b5dc70,pokemoncardgame,포켓몬 카드게임,2026-07,2026-07-30T12:26:27+09:00,known,488286a4ceded5f49ed05039,384f55587821d0b8e0b5dc70,119554,https://m.dcinside.com/board/pokemoncardgame/119554,"목동직, 반택거래로 구함",seller-51447db26eeb90b0124d315b,포갤러,registered,시아노,시아노,시아노 장당,,,unknown,미분류,3,0.25,2500,estimated,per_card,text,unknown,,active,needs_review,needs_review,"가격 단위 추정, 배송비 포함 여부 미확정",estimated,yes,candidate_estimated,시아노 3장 장당 0.25
467c671fa14f9204affc45ec,pokemoncardgame,포켓몬 카드게임,2026-07,2026-07-30T12:26:27+09:00,known,021d6ce73f46be93ecbe128d,467c671fa14f9204affc45ec,119554,https://m.dcinside.com/board/pokemoncardgame/119554,"목동직, 반택거래로 구함",seller-51447db26eeb90b0124d315b,포갤러,registered,시아노,시아노,시아노 장당,,,unknown,미분류,3,0.25,2500,estimated,per_card,text,unknown,,active,needs_review,needs_review,"가격 단위 추정, 배송비 포함 여부 미확정",estimated,yes,candidate_estimated,시아노 3장 장당 0.25
601f847a743baf30c7b7ab8b,pokemoncardgame,포켓몬 카드게임,2026-07,2026-07-30T12:26:27+09:00,known,c1298c9fa0755cb86317d162,601f847a743baf30c7b7ab8b,119554,https://m.dcinside.com/board/pokemoncardgame/119554,"목동직, 반택거래로 구함",seller-51447db26eeb90b0124d315b,포갤러,registered,,,,,,unknown,미분류,1,1.0,10000,estimated,bundle,text,unknown,,active,needs_review,needs_review,"가격 단위 추정, 일괄·세트 가격, 배송비 포함 여부 미확정, 카드명 확인 필요, 묶음·세트 총액 · 개별 카드 가격 아님",estimated,no,no,일괄 1.0
632f5530c51f68b94ff462d6,pokemoncardgame,포켓몬 카드게임,2026-07,2026-07-30T12:26:27+09:00,known,021d6ce73f46be93ecbe128d,632f5530c51f68b94ff462d6,119554,https://m.dcinside.com/board/pokemoncardgame/119554,"목동직, 반택거래로 구함",seller-51447db26eeb90b0124d315b,포갤러,registered,,,,,,unknown,미분류,1,1.0,10000,estimated,bundle,text,unknown,,active,needs_review,needs_review,"가격 단위 추정, 일괄·세트 가격, 배송비 포함 여부 미확정, 카드명 확인 필요, 묶음·세트 총액 · 개별 카드 가격 아님",estimated,no,no,일괄 1.0
95d1fee746d6f21865f22720,pokemoncardgame,포켓몬 카드게임,2026-07,2026-07-30T12:26:27+09:00,known,488286a4ceded5f49ed05039,95d1fee746d6f21865f22720,119554,https://m.dcinside.com/board/pokemoncardgame/119554,"목동직, 반택거래로 구함",seller-51447db26eeb90b0124d315b,포갤러,registered,위험한 폐허,위험한 폐허,위험한 폐허,,,unknown,미분류,2,0.05,500,estimated,per_quantity,text,unknown,,active,needs_review,needs_review,"가격 단위 추정, 배송비 포함 여부 미확정, 복수 수량 총액 · 카드 1장 가격 아님",estimated,no,no,위험한 폐허 2장 0.05
9db2019933773117ac729cee,pokemoncardgame,포켓몬 카드게임,2026-07,2026-07-30T12:26:27+09:00,known,be3f31ae92e193dfd4411704,9db2019933773117ac729cee,119554,https://m.dcinside.com/board/pokemoncardgame/119554,"목동직, 반택거래로 구함",seller-51447db26eeb90b0124d315b,포갤러,registered,시아노,시아노,시아노 장당,,,unknown,미분류,3,0.25,2500,estimated,per_card,text,unknown,,active,needs_review,needs_review,"가격 단위 추정, 배송비 포함 여부 미확정",estimated,yes,candidate_estimated,시아노 3장 장당 0.25
a602d665d906f2a24b2cda82,pokemoncardgame,포켓몬 카드게임,2026-07,2026-07-30T12:26:27+09:00,known,c1298c9fa0755cb86317d162,a602d665d906f2a24b2cda82,119554,https://m.dcinside.com/board/pokemoncardgame/119554,"목동직, 반택거래로 구함",seller-51447db26eeb90b0124d315b,포갤러,registered,위험한 폐허,위험한 폐허,위험한 폐허,,,unknown,미분류,2,0.05,500,estimated,per_quantity,text,unknown,,active,needs_review,needs_review,"가격 단위 추정, 배송비 포함 여부 미확정, 복수 수량 총액 · 카드 1장 가격 아님",estimated,no,no,위험한 폐허 2장 0.05
b8fbeaac63f581032dc6437c,pokemoncardgame,포켓몬 카드게임,2026-07,2026-07-30T12:26:27+09:00,known,c1298c9fa0755cb86317d162,b8fbeaac63f581032dc6437c,119554,https://m.dcinside.com/board/pokemoncardgame/119554,"목동직, 반택거래로 구함",seller-51447db26eeb90b0124d315b,포갤러,registered,시아노,시아노,시아노 장당,,,unknown,미분류,3,0.25,2500,estimated,per_card,text,unknown,,active,needs_review,needs_review,"가격 단위 추정, 배송비 포함 여부 미확정",estimated,yes,candidate_estimated,시아노 3장 장당 0.25
d88801741444c9cdd4c115b2,pokemoncardgame,포켓몬 카드게임,2026-07,2026-07-30T12:26:27+09:00,known,be3f31ae92e193dfd4411704,d88801741444c9cdd4c115b2,119554,https://m.dcinside.com/board/pokemoncardgame/119554,"목동직, 반택거래로 구함",seller-51447db26eeb90b0124d315b,포갤러,registered,노고치,노고치,노고치(,,,unknown,미분류,1,70,700000,estimated,per_card,text,unknown,,active,needs_review,needs_review,"가격 단위 추정, 배송비 포함 여부 미확정",estimated,yes,candidate_estimated,노고치(70)2장-노고고치 1장 0.2
d95ea8be39bade03834bce66,pokemoncardgame,포켓몬 카드게임,2026-07,2026-07-30T12:26:27+09:00,known,021d6ce73f46be93ecbe128d,d95ea8be39bade03834bce66,119554,https://m.dcinside.com/board/pokemoncardgame/119554,"목동직, 반택거래로 구함",seller-51447db26eeb90b0124d315b,포갤러,registered,위험한 폐허,위험한 폐허,위험한 폐허,,,unknown,미분류,2,0.05,500,estimated,per_quantity,text,unknown,,active,needs_review,needs_review,"가격 단위 추정, 배송비 포함 여부 미확정, 복수 수량 총액 · 카드 1장 가격 아님",estimated,no,no,위험한 폐허 2장 0.05
e33fb2d5b65a52833a128e60,pokemoncardgame,포켓몬 카드게임,2026-07,2026-07-30T12:26:27+09:00,known,021d6ce73f46be93ecbe128d,e33fb2d5b65a52833a128e60,119554,https://m.dcinside.com/board/pokemoncardgame/119554,"목동직, 반택거래로 구함",seller-51447db26eeb90b0124d315b,포갤러,registered,노고치,노고치,노고치(,,,unknown,미분류,1,70,700000,estimated,per_card,text,unknown,,active,needs_review,needs_review,"가격 단위 추정, 배송비 포함 여부 미확정",estimated,yes,candidate_estimated,노고치(70)2장-노고고치 1장 0.2
efd2ad944f719161ea195c8f,pokemoncardgame,포켓몬 카드게임,2026-07,2026-07-30T12:26:27+09:00,known,c1298c9fa0755cb86317d162,efd2ad944f719161ea195c8f,119554,https://m.dcinside.com/board/pokemoncardgame/119554,"목동직, 반택거래로 구함",seller-51447db26eeb90b0124d315b,포갤러,registered,노고치,노고치,노고치(,,,unknown,미분류,1,70,700000,estimated,per_card,text,unknown,,active,needs_review,needs_review,"가격 단위 추정, 배송비 포함 여부 미확정",estimated,yes,candidate_estimated,노고치(70)2장-노고고치 1장 0.2
f84a4b03b0e1c56604b027f3,pokemoncardgame,포켓몬 카드게임,2026-07,2026-07-30T12:26:27+09:00,known,488286a4ceded5f49ed05039,f84a4b03b0e1c56604b027f3,119554,https://m.dcinside.com/board/pokemoncardgame/119554,"목동직, 반택거래로 구함",seller-51447db26eeb90b0124d315b,포갤러,registered,,,,,,unknown,미분류,1,1.0,10000,estimated,bundle,text,unknown,,active,needs_review,needs_review,"가격 단위 추정, 일괄·세트 가격, 배송비 포함 여부 미확정, 카드명 확인 필요, 묶음·세트 총액 · 개별 카드 가격 아님",estimated,no,no,일괄 1.0
fb397a48846cff706a84ea32,pokemoncardgame,포켓몬 카드게임,2026-07,2026-07-30T12:26:27+09:00,known,488286a4ceded5f49ed05039,fb397a48846cff706a84ea32,119554,https://m.dcinside.com/board/pokemoncardgame/119554,"목동직, 반택거래로 구함",seller-51447db26eeb90b0124d315b,포갤러,registered,노고치,노고치,노고치(,,,unknown,미분류,1,70,700000,estimated,per_card,text,unknown,,active,needs_review,needs_review,"가격 단위 추정, 배송비 포함 여부 미확정",estimated,yes,candidate_estimated,노고치(70)2장-노고고치 1장 0.2
473a5bc289af1a15a468bfa5,pokemoncardgame,포켓몬 카드게임,2026-07,2026-07-30T22:41:30+09:00,known,8dad150bbb748cb6f2b46a0e,473a5bc289af1a15a468bfa5,119585,https://m.dcinside.com/board/pokemoncardgame/119585,볼트 에너지 2장 &amp; 메더 (후퇴락) 1장 ㅅㅅ,seller-a9ba6f3c1c27be089e9c8001,PSS,guest,이 중에서 로,이 중에서 로,이 중에서 직거래로,,,unknown,미분류,1,0.3,3000,estimated,per_card,text,unknown,,active,needs_review,needs_review,"가격 단위 추정, 배송비 포함 여부 미확정",estimated,yes,candidate_estimated,이 중에서 직거래로 0.3에 사고 싶습니다
808b5d5b546f7347cdb5faf9,pokemoncardgame,포켓몬 카드게임,2026-07,2026-07-30T22:41:30+09:00,known,be66f3d75f350f4b053489cb,808b5d5b546f7347cdb5faf9,119585,https://m.dcinside.com/board/pokemoncardgame/119585,볼트 에너지 2장 &amp; 메더 (후퇴락) 1장 ㅅㅅ,seller-d260d64bcd3dc9ec23624114,PSS,guest,이 중에서 로,이 중에서 로,이 중에서 직거래로,,,unknown,미분류,1,0.3,3000,estimated,per_card,text,unknown,,active,needs_review,needs_review,"가격 단위 추정, 배송비 포함 여부 미확정",estimated,yes,candidate_estimated,이 중에서 직거래로 0.3에 사고 싶습니다
8147ba55ad0cb93a0832d809,pokemoncardgame,포켓몬 카드게임,2026-07,2026-07-30T22:41:30+09:00,known,6f618aacb3ea12975c9fbad7,8147ba55ad0cb93a0832d809,119585,https://m.dcinside.com/board/pokemoncardgame/119585,볼트 에너지 2장 &amp; 메더 (후퇴락) 1장 ㅅㅅ,seller-20c953bf4468d516fa16a12c,PSS,guest,이 중에서 로,이 중에서 로,이 중에서 직거래로,,,unknown,미분류,1,0.3,3000,estimated,per_card,text,unknown,,active,needs_review,needs_review,"가격 단위 추정, 배송비 포함 여부 미확정",estimated,yes,candidate_estimated,이 중에서 직거래로 0.3에 사고 싶습니다
ea3326ccd180bb4ded2f4965,pokemoncardgame,포켓몬 카드게임,2026-07,2026-07-30T22:41:30+09:00,known,4bb8cb725b85af6779036d4f,ea3326ccd180bb4ded2f4965,119585,https://m.dcinside.com/board/pokemoncardgame/119585,볼트 에너지 2장 &amp; 메더 (후퇴락) 1장 ㅅㅅ,seller-f16c76405e4855662d316109,PSS,guest,이 중에서 로,이 중에서 로,이 중에서 직거래로,,,unknown,미분류,1,0.3,3000,estimated,per_card,text,unknown,,active,needs_review,needs_review,"가격 단위 추정, 배송비 포함 여부 미확정",estimated,yes,candidate_estimated,이 중에서 직거래로 0.3에 사고 싶습니다
0be00954c49c4d2402572e43,pokemoncardgame,포켓몬 카드게임,2026-07,2026-07-30T23:00:30+09:00,known,2a6ef644e0b46783782d12f5,0be00954c49c4d2402572e43,119589,https://m.dcinside.com/board/pokemoncardgame/119589,메상해 덱 판다보그,seller-b6c5e703176efd5afb98c525,화리수,guest,loadScript ' t,loadScript ' t,loadScript('//t,,,unknown,미분류,1,1,10000,estimated,bundle,text,unknown,,active,needs_review,needs_review,"가격 단위 추정, 복수 카드 가격, 배송비 포함 여부 미확정, 묶음·세트 총액 · 개별 카드 가격 아님",estimated,no,no,"loadScript('//t1.kakaocdn.net/kas/static/ba.min.js', true);"
0cee7be569eb69ab5b3fb7d9,pokemoncardgame,포켓몬 카드게임,2026-07,2026-07-30T23:00:30+09:00,known,f0a2c1add3faa408fa7c579b,0cee7be569eb69ab5b3fb7d9,119589,https://m.dcinside.com/board/pokemoncardgame/119589,메상해 덱 판다보그,seller-0132958b896fe4606975afa3,화리수,guest,loadScript 'https pagead,loadScript 'https pagead,loadScript('https://pagead,,,unknown,미분류,1,2,20000,estimated,bundle,text,unknown,,active,needs_review,needs_review,"가격 단위 추정, 복수 카드 가격, 배송비 포함 여부 미확정, 묶음·세트 총액 · 개별 카드 가격 아님",estimated,no,no,"loadScript('https://pagead2.googlesyndication.com/pagead/js/adsbygoogle_direct.js?client=ca-pub-8171468792791627', true, 'anonymous');"
107eaf3be3cf2f257d500721,pokemoncardgame,포켓몬 카드게임,2026-07,2026-07-30T23:00:30+09:00,known,d4b6060d3fe53a6124df6ad3,107eaf3be3cf2f257d500721,119589,https://m.dcinside.com/board/pokemoncardgame/119589,메상해 덱 판다보그,seller-66fe838b786084c7941e3563,화리수,guest,DOM 삽입 헬퍼 현재 스크립트 위치 기준,DOM 삽입 헬퍼 현재 스크립트 위치 기준,// ---- DOM 삽입 헬퍼 (현재 스크립트 위치 기준,,,unknown,미분류,1,1,10000,estimated,bundle,text,unknown,,active,needs_review,needs_review,"가격 단위 추정, 복수 카드 가격, 배송비 포함 여부 미확정, 묶음·세트 총액 · 개별 카드 가격 아님",estimated,no,no,// ---- DOM 삽입 헬퍼 (현재 스크립트 위치 기준1)
16abb361293dc6e88323c838,pokemoncardgame,포켓몬 카드게임,2026-07,2026-07-30T23:00:30+09:00,known,433a18ed2c9af4fbd2394cf5,16abb361293dc6e88323c838,119589,https://m.dcinside.com/board/pokemoncardgame/119589,메상해 덱 판다보그,seller-399a15e2eac50317add8f845,화리수,guest,DOM 삽입 헬퍼 현재 스크립트 위치 기준,DOM 삽입 헬퍼 현재 스크립트 위치 기준,// ---- DOM 삽입 헬퍼 (현재 스크립트 위치 기준,,,unknown,미분류,1,1,10000,estimated,bundle,text,unknown,,active,needs_review,needs_review,"가격 단위 추정, 복수 카드 가격, 배송비 포함 여부 미확정, 묶음·세트 총액 · 개별 카드 가격 아님",estimated,no,no,// ---- DOM 삽입 헬퍼 (현재 스크립트 위치 기준1)
1971bacf398dae93e4d1b6f9,pokemoncardgame,포켓몬 카드게임,2026-07,2026-07-30T23:00:30+09:00,known,2a6ef644e0b46783782d12f5,1971bacf398dae93e4d1b6f9,119589,https://m.dcinside.com/board/pokemoncardgame/119589,메상해 덱 판다보그,seller-b6c5e703176efd5afb98c525,화리수,guest,DOM 삽입 헬퍼 현재 스크립트 위치 기준,DOM 삽입 헬퍼 현재 스크립트 위치 기준,// ---- DOM 삽입 헬퍼 (현재 스크립트 위치 기준,,,unknown,미분류,1,1,10000,estimated,bundle,text,unknown,,active,needs_review,needs_review,"가격 단위 추정, 복수 카드 가격, 배송비 포함 여부 미확정, 묶음·세트 총액 · 개별 카드 가격 아님",estimated,no,no,// ---- DOM 삽입 헬퍼 (현재 스크립트 위치 기준1)
1f2f983e3c668a088c1292ff,pokemoncardgame,포켓몬 카드게임,2026-07,2026-07-30T23:00:30+09:00,known,433a18ed2c9af4fbd2394cf5,1f2f983e3c668a088c1292ff,119589,https://m.dcinside.com/board/pokemoncardgame/119589,메상해 덱 판다보그,seller-399a15e2eac50317add8f845,화리수,guest,loadScript 'https pagead,loadScript 'https pagead,loadScript('https://pagead,,,unknown,미분류,1,2,20000,estimated,bundle,text,unknown,,active,needs_review,needs_review,"가격 단위 추정, 복수 카드 가격, 배송비 포함 여부 미확정, 묶음·세트 총액 · 개별 카드 가격 아님",estimated,no,no,"loadScript('https://pagead2.googlesyndication.com/pagead/js/adsbygoogle_direct.js?client=ca-pub-8171468792791627', true, 'anonymous');"
26378eb44b667539dcb6c409,pokemoncardgame,포켓몬 카드게임,2026-07,2026-07-30T23:00:30+09:00,known,2a6ef644e0b46783782d12f5,26378eb44b667539dcb6c409,119589,https://m.dcinside.com/board/pokemoncardgame/119589,메상해 덱 판다보그,seller-b6c5e703176efd5afb98c525,화리수,guest,var safe = window.dcAd && window.dcAd.safe ==,var safe = window.dcAd && window.dcAd.safe ==,var safe = (window.dcAd && window.dcAd.safe ==,,,unknown,미분류,1,1,10000,estimated,bundle,text,unknown,,active,needs_review,needs_review,"가격 단위 추정, 복수 카드 가격, 배송비 포함 여부 미확정, 묶음·세트 총액 · 개별 카드 가격 아님",estimated,no,no,var safe = (window.dcAd && window.dcAd.safe == 1)
321b3ad0bcd2cd2549086b46,pokemoncardgame,포켓몬 카드게임,2026-07,2026-07-30T23:00:30+09:00,known,d4b6060d3fe53a6124df6ad3,321b3ad0bcd2cd2549086b46,119589,https://m.dcinside.com/board/pokemoncardgame/119589,메상해 덱 판다보그,seller-66fe838b786084c7941e3563,화리수,guest,var safe = window.dcAd && window.dcAd.safe ==,var safe = window.dcAd && window.dcAd.safe ==,var safe = (window.dcAd && window.dcAd.safe ==,,,unknown,미분류,1,1,10000,estimated,bundle,text,unknown,,active,needs_review,needs_review,"가격 단위 추정, 복수 카드 가격, 배송비 포함 여부 미확정, 묶음·세트 총액 · 개별 카드 가격 아님",estimated,no,no,var safe = (window.dcAd && window.dcAd.safe == 1)
3949896d1f275b467af6571e,pokemoncardgame,포켓몬 카드게임,2026-07,2026-07-30T23:00:30+09:00,known,f0a2c1add3faa408fa7c579b,3949896d1f275b467af6571e,119589,https://m.dcinside.com/board/pokemoncardgame/119589,메상해 덱 판다보그,seller-0132958b896fe4606975afa3,화리수,guest,var safe = window.dcAd && window.dcAd.safe ==,var safe = window.dcAd && window.dcAd.safe ==,var safe = (window.dcAd && window.dcAd.safe ==,,,unknown,미분류,1,1,10000,estimated,bundle,text,unknown,,active,needs_review,needs_review,"가격 단위 추정, 복수 카드 가격, 배송비 포함 여부 미확정, 묶음·세트 총액 · 개별 카드 가격 아님",estimated,no,no,var safe = (window.dcAd && window.dcAd.safe == 1)
508d79b4c109f8e77872a45e,pokemoncardgame,포켓몬 카드게임,2026-07,2026-07-30T23:00:30+09:00,known,d4b6060d3fe53a6124df6ad3,508d79b4c109f8e77872a45e,119589,https://m.dcinside.com/board/pokemoncardgame/119589,메상해 덱 판다보그,seller-66fe838b786084c7941e3563,화리수,guest,loadScript 'https pagead,loadScript 'https pagead,loadScript('https://pagead,,,unknown,미분류,1,2,20000,estimated,bundle,text,unknown,,active,needs_review,needs_review,"가격 단위 추정, 복수 카드 가격, 배송비 포함 여부 미확정, 묶음·세트 총액 · 개별 카드 가격 아님",estimated,no,no,"loadScript('https://pagead2.googlesyndication.com/pagead/js/adsbygoogle_direct.js?client=ca-pub-8171468792791627', true, 'anonymous');"
8b00e7837065bf71a518f0f5,pokemoncardgame,포켓몬 카드게임,2026-07,2026-07-30T23:00:30+09:00,known,2a6ef644e0b46783782d12f5,8b00e7837065bf71a518f0f5,119589,https://m.dcinside.com/board/pokemoncardgame/119589,메상해 덱 판다보그,seller-b6c5e703176efd5afb98c525,화리수,guest,이렇게,이렇게,이렇게,,,unknown,미분류,1,3.8,38000,estimated,per_card,text,unknown,,active,needs_review,needs_review,"가격 단위 추정, 배송비 포함 여부 미확정",estimated,yes,candidate_estimated,이렇게 3.8에 판다보그
946f514116b3562ef08d2256,pokemoncardgame,포켓몬 카드게임,2026-07,2026-07-30T23:00:30+09:00,known,433a18ed2c9af4fbd2394cf5,946f514116b3562ef08d2256,119589,https://m.dcinside.com/board/pokemoncardgame/119589,메상해 덱 판다보그,seller-399a15e2eac50317add8f845,화리수,guest,loadScript ' t,loadScript ' t,loadScript('//t,,,unknown,미분류,1,1,10000,estimated,bundle,text,unknown,,active,needs_review,needs_review,"가격 단위 추정, 복수 카드 가격, 배송비 포함 여부 미확정, 묶음·세트 총액 · 개별 카드 가격 아님",estimated,no,no,"loadScript('//t1.kakaocdn.net/kas/static/ba.min.js', true);"
9b2c3ab139f936480ad4a1bd,pokemoncardgame,포켓몬 카드게임,2026-07,2026-07-30T23:00:30+09:00,known,433a18ed2c9af4fbd2394cf5,9b2c3ab139f936480ad4a1bd,119589,https://m.dcinside.com/board/pokemoncardgame/119589,메상해 덱 판다보그,seller-399a15e2eac50317add8f845,화리수,guest,var safe = window.dcAd && window.dcAd.safe ==,var safe = window.dcAd && window.dcAd.safe ==,var safe = (window.dcAd && window.dcAd.safe ==,,,unknown,미분류,1,1,10000,estimated,bundle,text,unknown,,active,needs_review,needs_review,"가격 단위 추정, 복수 카드 가격, 배송비 포함 여부 미확정, 묶음·세트 총액 · 개별 카드 가격 아님",estimated,no,no,var safe = (window.dcAd && window.dcAd.safe == 1)
9d1a07a452698bcdebc09122,pokemoncardgame,포켓몬 카드게임,2026-07,2026-07-30T23:00:30+09:00,known,2a6ef644e0b46783782d12f5,9d1a07a452698bcdebc09122,119589,https://m.dcinside.com/board/pokemoncardgame/119589,메상해 덱 판다보그,seller-b6c5e703176efd5afb98c525,화리수,guest,loadScript 'https pagead,loadScript 'https pagead,loadScript('https://pagead,,,unknown,미분류,1,2,20000,estimated,bundle,text,unknown,,active,needs_review,needs_review,"가격 단위 추정, 복수 카드 가격, 배송비 포함 여부 미확정, 묶음·세트 총액 · 개별 카드 가격 아님",estimated,no,no,"loadScript('https://pagead2.googlesyndication.com/pagead/js/adsbygoogle_direct.js?client=ca-pub-8171468792791627', true, 'anonymous');"
a49dd54af422929d34a0909d,pokemoncardgame,포켓몬 카드게임,2026-07,2026-07-30T23:00:30+09:00,known,f0a2c1add3faa408fa7c579b,a49dd54af422929d34a0909d,119589,https://m.dcinside.com/board/pokemoncardgame/119589,메상해 덱 판다보그,seller-0132958b896fe4606975afa3,화리수,guest,DOM 삽입 헬퍼 현재 스크립트 위치 기준,DOM 삽입 헬퍼 현재 스크립트 위치 기준,// ---- DOM 삽입 헬퍼 (현재 스크립트 위치 기준,,,unknown,미분류,1,1,10000,estimated,bundle,text,unknown,,active,needs_review,needs_review,"가격 단위 추정, 복수 카드 가격, 배송비 포함 여부 미확정, 묶음·세트 총액 · 개별 카드 가격 아님",estimated,no,no,// ---- DOM 삽입 헬퍼 (현재 스크립트 위치 기준1)
b710e8d9b7ad80300c99ab2f,pokemoncardgame,포켓몬 카드게임,2026-07,2026-07-30T23:00:30+09:00,known,f0a2c1add3faa408fa7c579b,b710e8d9b7ad80300c99ab2f,119589,https://m.dcinside.com/board/pokemoncardgame/119589,메상해 덱 판다보그,seller-0132958b896fe4606975afa3,화리수,guest,이렇게,이렇게,이렇게,,,unknown,미분류,1,3.8,38000,estimated,per_card,text,unknown,,active,needs_review,needs_review,"가격 단위 추정, 배송비 포함 여부 미확정",estimated,yes,candidate_estimated,이렇게 3.8에 판다보그
d03a671dc072315fdeabbd44,pokemoncardgame,포켓몬 카드게임,2026-07,2026-07-30T23:00:30+09:00,known,d4b6060d3fe53a6124df6ad3,d03a671dc072315fdeabbd44,119589,https://m.dcinside.com/board/pokemoncardgame/119589,메상해 덱 판다보그,seller-66fe838b786084c7941e3563,화리수,guest,이렇게,이렇게,이렇게,,,unknown,미분류,1,3.8,38000,estimated,per_card,text,unknown,,active,needs_review,needs_review,"가격 단위 추정, 배송비 포함 여부 미확정",estimated,yes,candidate_estimated,이렇게 3.8에 판다보그
d592db36edc6be2fdeb09a02,pokemoncardgame,포켓몬 카드게임,2026-07,2026-07-30T23:00:30+09:00,known,433a18ed2c9af4fbd2394cf5,d592db36edc6be2fdeb09a02,119589,https://m.dcinside.com/board/pokemoncardgame/119589,메상해 덱 판다보그,seller-399a15e2eac50317add8f845,화리수,guest,이렇게,이렇게,이렇게,,,unknown,미분류,1,3.8,38000,estimated,per_card,text,unknown,,active,needs_review,needs_review,"가격 단위 추정, 배송비 포함 여부 미확정",estimated,yes,candidate_estimated,이렇게 3.8에 판다보그
eb380bc927a75f386603c8bd,pokemoncardgame,포켓몬 카드게임,2026-07,2026-07-30T23:00:30+09:00,known,d4b6060d3fe53a6124df6ad3,eb380bc927a75f386603c8bd,119589,https://m.dcinside.com/board/pokemoncardgame/119589,메상해 덱 판다보그,seller-66fe838b786084c7941e3563,화리수,guest,loadScript ' t,loadScript ' t,loadScript('//t,,,unknown,미분류,1,1,10000,estimated,bundle,text,unknown,,active,needs_review,needs_review,"가격 단위 추정, 복수 카드 가격, 배송비 포함 여부 미확정, 묶음·세트 총액 · 개별 카드 가격 아님",estimated,no,no,"loadScript('//t1.kakaocdn.net/kas/static/ba.min.js', true);"
ef40d7f09f999373dd4c0a55,pokemoncardgame,포켓몬 카드게임,2026-07,2026-07-30T23:00:30+09:00,known,f0a2c1add3faa408fa7c579b,ef40d7f09f999373dd4c0a55,119589,https://m.dcinside.com/board/pokemoncardgame/119589,메상해 덱 판다보그,seller-0132958b896fe4606975afa3,화리수,guest,loadScript ' t,loadScript ' t,loadScript('//t,,,unknown,미분류,1,1,10000,estimated,bundle,text,unknown,,active,needs_review,needs_review,"가격 단위 추정, 복수 카드 가격, 배송비 포함 여부 미확정, 묶음·세트 총액 · 개별 카드 가격 아님",estimated,no,no,"loadScript('//t1.kakaocdn.net/kas/static/ba.min.js', true);"
13242add38f0ba1334f243dd,pokemoncardgame,포켓몬 카드게임,2026-07,2026-07-31T04:00:21+09:00,known,9d7135eb809435721c532171,13242add38f0ba1334f243dd,119603,https://m.dcinside.com/board/pokemoncardgame/119603,악에너지 종류별로 한장씩 구해봄,seller-96711722ee41a336c4e059ea,예2스,registered,택배거래는,택배거래는,택배거래는,,,unknown,미분류,1,0.4,4000,estimated,bundle,text,unknown,,active,needs_review,needs_review,"가격 단위 추정, 배송비 포함 여부 미확정, 묶음·세트 총액 · 개별 카드 가격 아님",estimated,no,no,택배거래는 0.4부터 cu반택으로 받음 +0.2
1ad05a267d054a721465f2a0,pokemoncardgame,포켓몬 카드게임,2026-07,2026-07-31T04:00:21+09:00,known,743ea7f95240056275b23e41,1ad05a267d054a721465f2a0,119603,https://m.dcinside.com/board/pokemoncardgame/119603,악에너지 종류별로 한장씩 구해봄,seller-96711722ee41a336c4e059ea,예2스,registered,cp6 클래식,cp6 클래식,cp6 클래식,,,unknown,미분류,1,0.7,7000,estimated,per_card,text,unknown,,active,needs_review,needs_review,"가격 단위 추정, 배송비 포함 여부 미확정",estimated,yes,candidate_estimated,cp6 클래식 0.7
1ca00254cfa0c236cc9e5e73,pokemoncardgame,포켓몬 카드게임,2026-07,2026-07-31T04:00:21+09:00,known,c4223651b811a4975e7bf833,1ca00254cfa0c236cc9e5e73,119603,https://m.dcinside.com/board/pokemoncardgame/119603,악에너지 종류별로 한장씩 구해봄,seller-96711722ee41a336c4e059ea,예2스,registered,미니리그 프로모,미니리그 프로모,2024 미니리그 프로모,,,unknown,미분류,1,0.1,1000,estimated,per_card,text,unknown,,active,needs_review,needs_review,"가격 단위 추정, 배송비 포함 여부 미확정",estimated,yes,candidate_estimated,2024 미니리그 프로모 0.1
1d33255899dcab9115f37b04,pokemoncardgame,포켓몬 카드게임,2026-07,2026-07-31T04:00:21+09:00,known,c4223651b811a4975e7bf833,1d33255899dcab9115f37b04,119603,https://m.dcinside.com/board/pokemoncardgame/119603,악에너지 종류별로 한장씩 구해봄,seller-96711722ee41a336c4e059ea,예2스,registered,DOM 삽입 헬퍼 현재 스크립트 위치 기준,DOM 삽입 헬퍼 현재 스크립트 위치 기준,// ---- DOM 삽입 헬퍼 (현재 스크립트 위치 기준,,,unknown,미분류,1,1,10000,estimated,bundle,text,unknown,,active,needs_review,needs_review,"가격 단위 추정, 복수 카드 가격, 배송비 포함 여부 미확정, 묶음·세트 총액 · 개별 카드 가격 아님",estimated,no,no,// ---- DOM 삽입 헬퍼 (현재 스크립트 위치 기준1)
22c8c2ba323eb3409917fe96,pokemoncardgame,포켓몬 카드게임,2026-07,2026-07-31T04:00:21+09:00,known,743ea7f95240056275b23e41,22c8c2ba323eb3409917fe96,119603,https://m.dcinside.com/board/pokemoncardgame/119603,악에너지 종류별로 한장씩 구해봄,seller-96711722ee41a336c4e059ea,예2스,registered,미니리그 프로모,미니리그 프로모,2024 미니리그 프로모,,,unknown,미분류,1,0.1,1000,estimated,per_card,text,unknown,,active,needs_review,needs_review,"가격 단위 추정, 배송비 포함 여부 미확정",estimated,yes,candidate_estimated,2024 미니리그 프로모 0.1
234e711410a51a1c633ad0e9,pokemoncardgame,포켓몬 카드게임,2026-07,2026-07-31T04:00:21+09:00,known,c4223651b811a4975e7bf833,234e711410a51a1c633ad0e9,119603,https://m.dcinside.com/board/pokemoncardgame/119603,악에너지 종류별로 한장씩 구해봄,seller-96711722ee41a336c4e059ea,예2스,registered,loadScript ' t,loadScript ' t,loadScript('//t,,,unknown,미분류,1,1,10000,estimated,bundle,text,unknown,,active,needs_review,needs_review,"가격 단위 추정, 복수 카드 가격, 배송비 포함 여부 미확정, 묶음·세트 총액 · 개별 카드 가격 아님",estimated,no,no,"loadScript('//t1.kakaocdn.net/kas/static/ba.min.js', true);"
27f04e361e6cc6a384d41bed,pokemoncardgame,포켓몬 카드게임,2026-07,2026-07-31T04:00:21+09:00,known,9d7135eb809435721c532171,27f04e361e6cc6a384d41bed,119603,https://m.dcinside.com/board/pokemoncardgame/119603,악에너지 종류별로 한장씩 구해봄,seller-96711722ee41a336c4e059ea,예2스,registered,loadScript ' t,loadScript ' t,loadScript('//t,,,unknown,미분류,1,1,10000,estimated,bundle,text,unknown,,active,needs_review,needs_review,"가격 단위 추정, 복수 카드 가격, 배송비 포함 여부 미확정, 묶음·세트 총액 · 개별 카드 가격 아님",estimated,no,no,"loadScript('//t1.kakaocdn.net/kas/static/ba.min.js', true);"
395473465f25960f686e7d3c,pokemoncardgame,포켓몬 카드게임,2026-07,2026-07-31T04:00:21+09:00,known,9d7135eb809435721c532171,395473465f25960f686e7d3c,119603,https://m.dcinside.com/board/pokemoncardgame/119603,악에너지 종류별로 한장씩 구해봄,seller-96711722ee41a336c4e059ea,예2스,registered,DOM 삽입 헬퍼 현재 스크립트 위치 기준,DOM 삽입 헬퍼 현재 스크립트 위치 기준,// ---- DOM 삽입 헬퍼 (현재 스크립트 위치 기준,,,unknown,미분류,1,1,10000,estimated,bundle,text,unknown,,active,needs_review,needs_review,"가격 단위 추정, 복수 카드 가격, 배송비 포함 여부 미확정, 묶음·세트 총액 · 개별 카드 가격 아님",estimated,no,no,// ---- DOM 삽입 헬퍼 (현재 스크립트 위치 기준1)
3becc542d159b785b9b4c2d9,pokemoncardgame,포켓몬 카드게임,2026-07,2026-07-31T04:00:21+09:00,known,743ea7f95240056275b23e41,3becc542d159b785b9b4c2d9,119603,https://m.dcinside.com/board/pokemoncardgame/119603,악에너지 종류별로 한장씩 구해봄,seller-96711722ee41a336c4e059ea,예2스,registered,택배거래는,택배거래는,택배거래는,,,unknown,미분류,1,0.4,4000,estimated,bundle,text,unknown,,active,needs_review,needs_review,"가격 단위 추정, 배송비 포함 여부 미확정, 묶음·세트 총액 · 개별 카드 가격 아님",estimated,no,no,택배거래는 0.4부터 cu반택으로 받음 +0.2
3cec10f9b7166c281f97db4f,pokemoncardgame,포켓몬 카드게임,2026-07,2026-07-31T04:00:21+09:00,known,9d7135eb809435721c532171,3cec10f9b7166c281f97db4f,119603,https://m.dcinside.com/board/pokemoncardgame/119603,악에너지 종류별로 한장씩 구해봄,seller-96711722ee41a336c4e059ea,예2스,registered,loadScript 'https pagead,loadScript 'https pagead,loadScript('https://pagead,,,unknown,미분류,1,2,20000,estimated,bundle,text,unknown,,active,needs_review,needs_review,"가격 단위 추정, 복수 카드 가격, 배송비 포함 여부 미확정, 묶음·세트 총액 · 개별 카드 가격 아님",estimated,no,no,"loadScript('https://pagead2.googlesyndication.com/pagead/js/adsbygoogle_direct.js?client=ca-pub-8171468792791627', true, 'anonymous');"
403be574bbbd2488b031580d,pokemoncardgame,포켓몬 카드게임,2026-07,2026-07-31T04:00:21+09:00,known,c4223651b811a4975e7bf833,403be574bbbd2488b031580d,119603,https://m.dcinside.com/board/pokemoncardgame/119603,악에너지 종류별로 한장씩 구해봄,seller-96711722ee41a336c4e059ea,예2스,registered,cp6 클래식,cp6 클래식,cp6 클래식,,,unknown,미분류,1,0.7,7000,estimated,per_card,text,unknown,,active,needs_review,needs_review,"가격 단위 추정, 배송비 포함 여부 미확정",estimated,yes,candidate_estimated,cp6 클래식 0.7
46a591fa80493a0376f6fb44,pokemoncardgame,포켓몬 카드게임,2026-07,2026-07-31T04:00:21+09:00,known,1487f6b6ff49fe48344f6e69,46a591fa80493a0376f6fb44,119603,https://m.dcinside.com/board/pokemoncardgame/119603,악에너지 종류별로 한장씩 구해봄,seller-96711722ee41a336c4e059ea,예2스,registered,DOM 삽입 헬퍼 현재 스크립트 위치 기준,DOM 삽입 헬퍼 현재 스크립트 위치 기준,// ---- DOM 삽입 헬퍼 (현재 스크립트 위치 기준,,,unknown,미분류,1,1,10000,estimated,bundle,text,unknown,,active,needs_review,needs_review,"가격 단위 추정, 복수 카드 가격, 배송비 포함 여부 미확정, 묶음·세트 총액 · 개별 카드 가격 아님",estimated,no,no,// ---- DOM 삽입 헬퍼 (현재 스크립트 위치 기준1)
5363be58e9c3391f2e1659d6,pokemoncardgame,포켓몬 카드게임,2026-07,2026-07-31T04:00:21+09:00,known,9d7135eb809435721c532171,5363be58e9c3391f2e1659d6,119603,https://m.dcinside.com/board/pokemoncardgame/119603,악에너지 종류별로 한장씩 구해봄,seller-96711722ee41a336c4e059ea,예2스,registered,미니리그 프로모,미니리그 프로모,2024 미니리그 프로모,,,unknown,미분류,1,0.1,1000,estimated,per_card,text,unknown,,active,needs_review,needs_review,"가격 단위 추정, 배송비 포함 여부 미확정",estimated,yes,candidate_estimated,2024 미니리그 프로모 0.1
54f6f3622f8dfb734c9164d5,pokemoncardgame,포켓몬 카드게임,2026-07,2026-07-31T04:00:21+09:00,known,9d7135eb809435721c532171,54f6f3622f8dfb734c9164d5,119603,https://m.dcinside.com/board/pokemoncardgame/119603,악에너지 종류별로 한장씩 구해봄,seller-96711722ee41a336c4e059ea,예2스,registered,var safe = window.dcAd && window.dcAd.safe ==,var safe = window.dcAd && window.dcAd.safe ==,var safe = (window.dcAd && window.dcAd.safe ==,,,unknown,미분류,1,1,10000,estimated,bundle,text,unknown,,active,needs_review,needs_review,"가격 단위 추정, 복수 카드 가격, 배송비 포함 여부 미확정, 묶음·세트 총액 · 개별 카드 가격 아님",estimated,no,no,var safe = (window.dcAd && window.dcAd.safe == 1)
5e93b80335b61029b785bb3d,pokemoncardgame,포켓몬 카드게임,2026-07,2026-07-31T04:00:21+09:00,known,1487f6b6ff49fe48344f6e69,5e93b80335b61029b785bb3d,119603,https://m.dcinside.com/board/pokemoncardgame/119603,악에너지 종류별로 한장씩 구해봄,seller-96711722ee41a336c4e059ea,예2스,registered,var safe = window.dcAd && window.dcAd.safe ==,var safe = window.dcAd && window.dcAd.safe ==,var safe = (window.dcAd && window.dcAd.safe ==,,,unknown,미분류,1,1,10000,estimated,bundle,text,unknown,,active,needs_review,needs_review,"가격 단위 추정, 복수 카드 가격, 배송비 포함 여부 미확정, 묶음·세트 총액 · 개별 카드 가격 아님",estimated,no,no,var safe = (window.dcAd && window.dcAd.safe == 1)
616ced44fc0c5ac2d7e7941f,pokemoncardgame,포켓몬 카드게임,2026-07,2026-07-31T04:00:21+09:00,known,c4223651b811a4975e7bf833,616ced44fc0c5ac2d7e7941f,119603,https://m.dcinside.com/board/pokemoncardgame/119603,악에너지 종류별로 한장씩 구해봄,seller-96711722ee41a336c4e059ea,예2스,registered,dp 다크라이or펄기아 덱,dp 다크라이or펄기아 덱,dp 다크라이or펄기아 덱,,,unknown,미분류,1,0.2,2000,estimated,bundle,text,unknown,,active,needs_review,needs_review,"가격 단위 추정, 배송비 포함 여부 미확정, 묶음·세트 총액 · 개별 카드 가격 아님",estimated,no,no,dp 다크라이or펄기아 덱 0.2
67d61ed2ee049f7d6de6db42,pokemoncardgame,포켓몬 카드게임,2026-07,2026-07-31T04:00:21+09:00,known,1487f6b6ff49fe48344f6e69,67d61ed2ee049f7d6de6db42,119603,https://m.dcinside.com/board/pokemoncardgame/119603,악에너지 종류별로 한장씩 구해봄,seller-96711722ee41a336c4e059ea,예2스,registered,dp 다크라이or펄기아 덱,dp 다크라이or펄기아 덱,dp 다크라이or펄기아 덱,,,unknown,미분류,1,0.2,2000,estimated,bundle,text,unknown,,active,needs_review,needs_review,"가격 단위 추정, 배송비 포함 여부 미확정, 묶음·세트 총액 · 개별 카드 가격 아님",estimated,no,no,dp 다크라이or펄기아 덱 0.2
74d7d5bc1db57981b70f10fc,pokemoncardgame,포켓몬 카드게임,2026-07,2026-07-31T04:00:21+09:00,known,9d7135eb809435721c532171,74d7d5bc1db57981b70f10fc,119603,https://m.dcinside.com/board/pokemoncardgame/119603,악에너지 종류별로 한장씩 구해봄,seller-96711722ee41a336c4e059ea,예2스,registered,cp6 클래식,cp6 클래식,cp6 클래식,,,unknown,미분류,1,0.7,7000,estimated,per_card,text,unknown,,active,needs_review,needs_review,"가격 단위 추정, 배송비 포함 여부 미확정",estimated,yes,candidate_estimated,cp6 클래식 0.7
76c9938a9ef1edcf9714cab7,pokemoncardgame,포켓몬 카드게임,2026-07,2026-07-31T04:00:21+09:00,known,743ea7f95240056275b23e41,76c9938a9ef1edcf9714cab7,119603,https://m.dcinside.com/board/pokemoncardgame/119603,악에너지 종류별로 한장씩 구해봄,seller-96711722ee41a336c4e059ea,예2스,registered,dp 다크라이or펄기아 덱,dp 다크라이or펄기아 덱,dp 다크라이or펄기아 덱,,,unknown,미분류,1,0.2,2000,estimated,bundle,text,unknown,,active,needs_review,needs_review,"가격 단위 추정, 배송비 포함 여부 미확정, 묶음·세트 총액 · 개별 카드 가격 아님",estimated,no,no,dp 다크라이or펄기아 덱 0.2
910beb7d68893b0647ac26f7,pokemoncardgame,포켓몬 카드게임,2026-07,2026-07-31T04:00:21+09:00,known,1487f6b6ff49fe48344f6e69,910beb7d68893b0647ac26f7,119603,https://m.dcinside.com/board/pokemoncardgame/119603,악에너지 종류별로 한장씩 구해봄,seller-96711722ee41a336c4e059ea,예2스,registered,loadScript 'https pagead,loadScript 'https pagead,loadScript('https://pagead,,,unknown,미분류,1,2,20000,estimated,bundle,text,unknown,,active,needs_review,needs_review,"가격 단위 추정, 복수 카드 가격, 배송비 포함 여부 미확정, 묶음·세트 총액 · 개별 카드 가격 아님",estimated,no,no,"loadScript('https://pagead2.googlesyndication.com/pagead/js/adsbygoogle_direct.js?client=ca-pub-8171468792791627', true, 'anonymous');"
95c965cb38eeb77f65c5069c,pokemoncardgame,포켓몬 카드게임,2026-07,2026-07-31T04:00:21+09:00,known,c4223651b811a4975e7bf833,95c965cb38eeb77f65c5069c,119603,https://m.dcinside.com/board/pokemoncardgame/119603,악에너지 종류별로 한장씩 구해봄,seller-96711722ee41a336c4e059ea,예2스,registered,택배거래는,택배거래는,택배거래는,,,unknown,미분류,1,0.4,4000,estimated,bundle,text,unknown,,active,needs_review,needs_review,"가격 단위 추정, 배송비 포함 여부 미확정, 묶음·세트 총액 · 개별 카드 가격 아님",estimated,no,no,택배거래는 0.4부터 cu반택으로 받음 +0.2
96f76f01478d458f0a150b5d,pokemoncardgame,포켓몬 카드게임,2026-07,2026-07-31T04:00:21+09:00,known,c4223651b811a4975e7bf833,96f76f01478d458f0a150b5d,119603,https://m.dcinside.com/board/pokemoncardgame/119603,악에너지 종류별로 한장씩 구해봄,seller-96711722ee41a336c4e059ea,예2스,registered,loadScript 'https pagead,loadScript 'https pagead,loadScript('https://pagead,,,unknown,미분류,1,2,20000,estimated,bundle,text,unknown,,active,needs_review,needs_review,"가격 단위 추정, 복수 카드 가격, 배송비 포함 여부 미확정, 묶음·세트 총액 · 개별 카드 가격 아님",estimated,no,no,"loadScript('https://pagead2.googlesyndication.com/pagead/js/adsbygoogle_direct.js?client=ca-pub-8171468792791627', true, 'anonymous');"
a7e42757b6e954ba25f34922,pokemoncardgame,포켓몬 카드게임,2026-07,2026-07-31T04:00:21+09:00,known,743ea7f95240056275b23e41,a7e42757b6e954ba25f34922,119603,https://m.dcinside.com/board/pokemoncardgame/119603,악에너지 종류별로 한장씩 구해봄,seller-96711722ee41a336c4e059ea,예2스,registered,loadScript ' t,loadScript ' t,loadScript('//t,,,unknown,미분류,1,1,10000,estimated,bundle,text,unknown,,active,needs_review,needs_review,"가격 단위 추정, 복수 카드 가격, 배송비 포함 여부 미확정, 묶음·세트 총액 · 개별 카드 가격 아님",estimated,no,no,"loadScript('//t1.kakaocdn.net/kas/static/ba.min.js', true);"
acb1abea8bf6a10693d3a0ee,pokemoncardgame,포켓몬 카드게임,2026-07,2026-07-31T04:00:21+09:00,known,1487f6b6ff49fe48344f6e69,acb1abea8bf6a10693d3a0ee,119603,https://m.dcinside.com/board/pokemoncardgame/119603,악에너지 종류별로 한장씩 구해봄,seller-96711722ee41a336c4e059ea,예2스,registered,cp6 클래식,cp6 클래식,cp6 클래식,,,unknown,미분류,1,0.7,7000,estimated,per_card,text,unknown,,active,needs_review,needs_review,"가격 단위 추정, 배송비 포함 여부 미확정",estimated,yes,candidate_estimated,cp6 클래식 0.7
b1e7faa246be9f21942ff96f,pokemoncardgame,포켓몬 카드게임,2026-07,2026-07-31T04:00:21+09:00,known,743ea7f95240056275b23e41,b1e7faa246be9f21942ff96f,119603,https://m.dcinside.com/board/pokemoncardgame/119603,악에너지 종류별로 한장씩 구해봄,seller-96711722ee41a336c4e059ea,예2스,registered,loadScript 'https pagead,loadScript 'https pagead,loadScript('https://pagead,,,unknown,미분류,1,2,20000,estimated,bundle,text,unknown,,active,needs_review,needs_review,"가격 단위 추정, 복수 카드 가격, 배송비 포함 여부 미확정, 묶음·세트 총액 · 개별 카드 가격 아님",estimated,no,no,"loadScript('https://pagead2.googlesyndication.com/pagead/js/adsbygoogle_direct.js?client=ca-pub-8171468792791627', true, 'anonymous');"
b6188424ef36393d2abf7871,pokemoncardgame,포켓몬 카드게임,2026-07,2026-07-31T04:00:21+09:00,known,743ea7f95240056275b23e41,b6188424ef36393d2abf7871,119603,https://m.dcinside.com/board/pokemoncardgame/119603,악에너지 종류별로 한장씩 구해봄,seller-96711722ee41a336c4e059ea,예2스,registered,DOM 삽입 헬퍼 현재 스크립트 위치 기준,DOM 삽입 헬퍼 현재 스크립트 위치 기준,// ---- DOM 삽입 헬퍼 (현재 스크립트 위치 기준,,,unknown,미분류,1,1,10000,estimated,bundle,text,unknown,,active,needs_review,needs_review,"가격 단위 추정, 복수 카드 가격, 배송비 포함 여부 미확정, 묶음·세트 총액 · 개별 카드 가격 아님",estimated,no,no,// ---- DOM 삽입 헬퍼 (현재 스크립트 위치 기준1)
bfd06b332bce3558957bc2e3,pokemoncardgame,포켓몬 카드게임,2026-07,2026-07-31T04:00:21+09:00,known,1487f6b6ff49fe48344f6e69,bfd06b332bce3558957bc2e3,119603,https://m.dcinside.com/board/pokemoncardgame/119603,악에너지 종류별로 한장씩 구해봄,seller-96711722ee41a336c4e059ea,예2스,registered,택배거래는,택배거래는,택배거래는,,,unknown,미분류,1,0.4,4000,estimated,bundle,text,unknown,,active,needs_review,needs_review,"가격 단위 추정, 배송비 포함 여부 미확정, 묶음·세트 총액 · 개별 카드 가격 아님",estimated,no,no,택배거래는 0.4부터 cu반택으로 받음 +0.2
c3363eee078adb081e525d88,pokemoncardgame,포켓몬 카드게임,2026-07,2026-07-31T04:00:21+09:00,known,c4223651b811a4975e7bf833,c3363eee078adb081e525d88,119603,https://m.dcinside.com/board/pokemoncardgame/119603,악에너지 종류별로 한장씩 구해봄,seller-96711722ee41a336c4e059ea,예2스,registered,var safe = window.dcAd && window.dcAd.safe ==,var safe = window.dcAd && window.dcAd.safe ==,var safe = (window.dcAd && window.dcAd.safe ==,,,unknown,미분류,1,1,10000,estimated,bundle,text,unknown,,active,needs_review,needs_review,"가격 단위 추정, 복수 카드 가격, 배송비 포함 여부 미확정, 묶음·세트 총액 · 개별 카드 가격 아님",estimated,no,no,var safe = (window.dcAd && window.dcAd.safe == 1)
d8e9077d10ca12b7d3c8e661,pokemoncardgame,포켓몬 카드게임,2026-07,2026-07-31T04:00:21+09:00,known,1487f6b6ff49fe48344f6e69,d8e9077d10ca12b7d3c8e661,119603,https://m.dcinside.com/board/pokemoncardgame/119603,악에너지 종류별로 한장씩 구해봄,seller-96711722ee41a336c4e059ea,예2스,registered,미니리그 프로모,미니리그 프로모,2024 미니리그 프로모,,,unknown,미분류,1,0.1,1000,estimated,per_card,text,unknown,,active,needs_review,needs_review,"가격 단위 추정, 배송비 포함 여부 미확정",estimated,yes,candidate_estimated,2024 미니리그 프로모 0.1
db7b6d4b433a7e428b30ef30,pokemoncardgame,포켓몬 카드게임,2026-07,2026-07-31T04:00:21+09:00,known,1487f6b6ff49fe48344f6e69,db7b6d4b433a7e428b30ef30,119603,https://m.dcinside.com/board/pokemoncardgame/119603,악에너지 종류별로 한장씩 구해봄,seller-96711722ee41a336c4e059ea,예2스,registered,loadScript ' t,loadScript ' t,loadScript('//t,,,unknown,미분류,1,1,10000,estimated,bundle,text,unknown,,active,needs_review,needs_review,"가격 단위 추정, 복수 카드 가격, 배송비 포함 여부 미확정, 묶음·세트 총액 · 개별 카드 가격 아님",estimated,no,no,"loadScript('//t1.kakaocdn.net/kas/static/ba.min.js', true);"
e617e88a656e17cfa7316971,pokemoncardgame,포켓몬 카드게임,2026-07,2026-07-31T04:00:21+09:00,known,9d7135eb809435721c532171,e617e88a656e17cfa7316971,119603,https://m.dcinside.com/board/pokemoncardgame/119603,악에너지 종류별로 한장씩 구해봄,seller-96711722ee41a336c4e059ea,예2스,registered,dp 다크라이or펄기아 덱,dp 다크라이or펄기아 덱,dp 다크라이or펄기아 덱,,,unknown,미분류,1,0.2,2000,estimated,bundle,text,unknown,,active,needs_review,needs_review,"가격 단위 추정, 배송비 포함 여부 미확정, 묶음·세트 총액 · 개별 카드 가격 아님",estimated,no,no,dp 다크라이or펄기아 덱 0.2
f0b28e6f11a1935437a24b85,pokemoncardgame,포켓몬 카드게임,2026-07,2026-07-31T04:00:21+09:00,known,743ea7f95240056275b23e41,f0b28e6f11a1935437a24b85,119603,https://m.dcinside.com/board/pokemoncardgame/119603,악에너지 종류별로 한장씩 구해봄,seller-96711722ee41a336c4e059ea,예2스,registered,var safe = window.dcAd && window.dcAd.safe ==,var safe = window.dcAd && window.dcAd.safe ==,var safe = (window.dcAd && window.dcAd.safe ==,,,unknown,미분류,1,1,10000,estimated,bundle,text,unknown,,active,needs_review,needs_review,"가격 단위 추정, 복수 카드 가격, 배송비 포함 여부 미확정, 묶음·세트 총액 · 개별 카드 가격 아님",estimated,no,no,var safe = (window.dcAd && window.dcAd.safe == 1)
67b9085d382b70072c59a813,pokemoncardgame,포켓몬 카드게임,2026-07,2026-07-31T14:33:09+09:00,known,fdda852b544ecdac9dfe9ba3,67b9085d382b70072c59a813,119627,https://m.dcinside.com/board/pokemoncardgame/119627,변환의 가면 홀리는 불빛 특성 샹델라 오늘 역삼 직거래로 구해봅니다.,seller-51447db26eeb90b0124d315b,포갤러,registered,,장당,장당,,,unknown,미분류,1,500,500,exact,per_card,text,unknown,,active,needs_review,needs_review,배송비 포함 여부 미확정,exact,yes,candidate_estimated,장당 500원에 두장 구할 수 있을까요?
895a0a09dd2abd3cd1ceab79,pokemoncardgame,포켓몬 카드게임,2026-07,2026-07-31T14:33:09+09:00,known,a9248b144363a5c38c2883e8,895a0a09dd2abd3cd1ceab79,119627,https://m.dcinside.com/board/pokemoncardgame/119627,변환의 가면 홀리는 불빛 특성 샹델라 오늘 역삼 직거래로 구해봅니다.,seller-51447db26eeb90b0124d315b,포갤러,registered,,장당,장당,,,unknown,미분류,1,500,500,exact,per_card,text,unknown,,active,needs_review,needs_review,배송비 포함 여부 미확정,exact,yes,candidate_estimated,장당 500원에 두장 구할 수 있을까요?
8e41c9fb7bab27e400650ac8,pokemoncardgame,포켓몬 카드게임,2026-07,2026-07-31T14:33:09+09:00,known,82b39ea9988295f153c5f858,8e41c9fb7bab27e400650ac8,119627,https://m.dcinside.com/board/pokemoncardgame/119627,변환의 가면 홀리는 불빛 특성 샹델라 오늘 역삼 직거래로 구해봅니다.,seller-51447db26eeb90b0124d315b,포갤러,registered,,장당,장당,,,unknown,미분류,1,500,500,exact,per_card,text,unknown,,active,needs_review,needs_review,배송비 포함 여부 미확정,exact,yes,candidate_estimated,장당 500원에 두장 구할 수 있을까요?
c9ccaa8de511c020e4d8a07d,pokemoncardgame,포켓몬 카드게임,2026-07,2026-07-31T14:33:09+09:00,known,02f7a9a0b66eea8a1aeab43f,c9ccaa8de511c020e4d8a07d,119627,https://m.dcinside.com/board/pokemoncardgame/119627,변환의 가면 홀리는 불빛 특성 샹델라 오늘 역삼 직거래로 구해봅니다.,seller-51447db26eeb90b0124d315b,포갤러,registered,,장당,장당,,,unknown,미분류,1,500,500,exact,per_card,text,unknown,,active,needs_review,needs_review,배송비 포함 여부 미확정,exact,yes,candidate_estimated,장당 500원에 두장 구할 수 있을까요?
