observation_id,game_id,game_name,year_month,posted_at,date_quality,source_id,row_id,post_id,post_url,post_title,seller_id,seller_name,author_type,card_key,card_name,card_name_raw,card_code,rarity,listing_type,listing_type_label,quantity,raw_price,price_krw_observed,price_status,price_scope,price_origin,shipping_included,shipping_price_krw,post_status,analysis_status,review_status,review_reason,price_confidence,price_candidate,include_in_price_stats,raw_line
14003006b533eeadbd99b23a,pokemoncardgame,포켓몬 카드게임,2026-06,2026-06-01T14:54:05+09:00,known,a245f17301806bec805001f2,14003006b533eeadbd99b23a,114882,https://m.dcinside.com/board/pokemoncardgame/114882,대전 직으로 덱소스 사봐요,seller-d342b0f5a8668a6cdfc4d703,슥삭슥삭,guest,투희,투희,투희 장당,,,buy,구매,2,0.2,2000,estimated,per_card,text,unknown,,active,needs_review,needs_review,"가격 단위 추정, 수량 표기 감지, 배송비 포함 여부 미확정",estimated,yes,no,투희 2장 장당 0.2
157ed8ac6f91e58478a84b7e,pokemoncardgame,포켓몬 카드게임,2026-06,2026-06-01T14:54:05+09:00,known,a245f17301806bec805001f2,157ed8ac6f91e58478a84b7e,114882,https://m.dcinside.com/board/pokemoncardgame/114882,대전 직으로 덱소스 사봐요,seller-d342b0f5a8668a6cdfc4d703,슥삭슥삭,guest,Sr은,Sr은,(Sr은 장당,,,buy,구매,1,0.3,3000,estimated,per_card,text,unknown,,active,needs_review,needs_review,"가격 단위 추정, 배송비 포함 여부 미확정",estimated,yes,no,(Sr은 장당 0.3으로구해요)
177d12c691a882d1b94b9537,pokemoncardgame,포켓몬 카드게임,2026-06,2026-06-01T14:54:05+09:00,known,42a095feae1d2984babb2969,177d12c691a882d1b94b9537,114882,https://m.dcinside.com/board/pokemoncardgame/114882,대전 직으로 덱소스 사봐요,seller-b52c66b817f688639b16c084,슥삭슥삭,guest,포켓패드 합,포켓패드 합,포켓패드 합,,,buy,구매,3,0.1,1000,estimated,per_quantity,text,unknown,,active,needs_review,needs_review,"가격 단위 추정, 수량 표기 감지, 배송비 포함 여부 미확정, 복수 수량 총액 · 카드 1장 가격 아님",estimated,no,no,포켓패드 3장 합 0.1
3c3851a4a05e801ccd5cf3fa,pokemoncardgame,포켓몬 카드게임,2026-06,2026-06-01T14:54:05+09:00,known,42a095feae1d2984babb2969,3c3851a4a05e801ccd5cf3fa,114882,https://m.dcinside.com/board/pokemoncardgame/114882,대전 직으로 덱소스 사봐요,seller-b52c66b817f688639b16c084,슥삭슥삭,guest,빛나,빛나,빛나 장당,,,buy,구매,2,0.3,3000,estimated,per_card,text,unknown,,active,needs_review,needs_review,"가격 단위 추정, 수량 표기 감지, 배송비 포함 여부 미확정",estimated,yes,no,빛나 2장 장당 0.3
406ee054d13538ebf19c17f3,pokemoncardgame,포켓몬 카드게임,2026-06,2026-06-01T14:54:05+09:00,known,42a095feae1d2984babb2969,406ee054d13538ebf19c17f3,114882,https://m.dcinside.com/board/pokemoncardgame/114882,대전 직으로 덱소스 사봐요,seller-b52c66b817f688639b16c084,슥삭슥삭,guest,Sr은,Sr은,(Sr은 장당,,,buy,구매,1,0.3,3000,estimated,per_card,text,unknown,,active,needs_review,needs_review,"가격 단위 추정, 배송비 포함 여부 미확정",estimated,yes,no,(Sr은 장당 0.3으로구해요)
5478ba8c605471a9aca3b4e5,pokemoncardgame,포켓몬 카드게임,2026-06,2026-06-01T14:54:05+09:00,known,cda17d200c077970c9331c24,5478ba8c605471a9aca3b4e5,114882,https://m.dcinside.com/board/pokemoncardgame/114882,대전 직으로 덱소스 사봐요,seller-4deea4ae7bde31029d35dd81,슥삭슥삭,guest,Sr은,Sr은,(Sr은 장당,,,buy,구매,1,0.3,3000,estimated,per_card,text,unknown,,active,needs_review,needs_review,"가격 단위 추정, 배송비 포함 여부 미확정",estimated,yes,no,(Sr은 장당 0.3으로구해요)
72e1f806d8d28bc08802168c,pokemoncardgame,포켓몬 카드게임,2026-06,2026-06-01T14:54:05+09:00,known,cda17d200c077970c9331c24,72e1f806d8d28bc08802168c,114882,https://m.dcinside.com/board/pokemoncardgame/114882,대전 직으로 덱소스 사봐요,seller-4deea4ae7bde31029d35dd81,슥삭슥삭,guest,포켓패드 합,포켓패드 합,포켓패드 합,,,buy,구매,3,0.1,1000,estimated,per_quantity,text,unknown,,active,needs_review,needs_review,"가격 단위 추정, 수량 표기 감지, 배송비 포함 여부 미확정, 복수 수량 총액 · 카드 1장 가격 아님",estimated,no,no,포켓패드 3장 합 0.1
8da24635dcc189efbf8757a5,pokemoncardgame,포켓몬 카드게임,2026-06,2026-06-01T14:54:05+09:00,known,a245f17301806bec805001f2,8da24635dcc189efbf8757a5,114882,https://m.dcinside.com/board/pokemoncardgame/114882,대전 직으로 덱소스 사봐요,seller-d342b0f5a8668a6cdfc4d703,슥삭슥삭,guest,빛나,빛나,빛나 장당,,,buy,구매,2,0.3,3000,estimated,per_card,text,unknown,,active,needs_review,needs_review,"가격 단위 추정, 수량 표기 감지, 배송비 포함 여부 미확정",estimated,yes,no,빛나 2장 장당 0.3
9c36486a07441196c324b08f,pokemoncardgame,포켓몬 카드게임,2026-06,2026-06-01T14:54:05+09:00,known,cda17d200c077970c9331c24,9c36486a07441196c324b08f,114882,https://m.dcinside.com/board/pokemoncardgame/114882,대전 직으로 덱소스 사봐요,seller-4deea4ae7bde31029d35dd81,슥삭슥삭,guest,투희,투희,투희 장당,,,buy,구매,2,0.2,2000,estimated,per_card,text,unknown,,active,needs_review,needs_review,"가격 단위 추정, 수량 표기 감지, 배송비 포함 여부 미확정",estimated,yes,no,투희 2장 장당 0.2
bd5308aa9d1d5b009ee22eee,pokemoncardgame,포켓몬 카드게임,2026-06,2026-06-01T14:54:05+09:00,known,42a095feae1d2984babb2969,bd5308aa9d1d5b009ee22eee,114882,https://m.dcinside.com/board/pokemoncardgame/114882,대전 직으로 덱소스 사봐요,seller-b52c66b817f688639b16c084,슥삭슥삭,guest,투희,투희,투희 장당,,,buy,구매,2,0.2,2000,estimated,per_card,text,unknown,,active,needs_review,needs_review,"가격 단위 추정, 수량 표기 감지, 배송비 포함 여부 미확정",estimated,yes,no,투희 2장 장당 0.2
ca10b0f7707dd302dd98354e,pokemoncardgame,포켓몬 카드게임,2026-06,2026-06-01T14:54:05+09:00,known,cda17d200c077970c9331c24,ca10b0f7707dd302dd98354e,114882,https://m.dcinside.com/board/pokemoncardgame/114882,대전 직으로 덱소스 사봐요,seller-4deea4ae7bde31029d35dd81,슥삭슥삭,guest,빛나,빛나,빛나 장당,,,buy,구매,2,0.3,3000,estimated,per_card,text,unknown,,active,needs_review,needs_review,"가격 단위 추정, 수량 표기 감지, 배송비 포함 여부 미확정",estimated,yes,no,빛나 2장 장당 0.3
f3e6548e8e58ba259c8563af,pokemoncardgame,포켓몬 카드게임,2026-06,2026-06-01T14:54:05+09:00,known,a245f17301806bec805001f2,f3e6548e8e58ba259c8563af,114882,https://m.dcinside.com/board/pokemoncardgame/114882,대전 직으로 덱소스 사봐요,seller-d342b0f5a8668a6cdfc4d703,슥삭슥삭,guest,포켓패드 합,포켓패드 합,포켓패드 합,,,buy,구매,3,0.1,1000,estimated,per_quantity,text,unknown,,active,needs_review,needs_review,"가격 단위 추정, 수량 표기 감지, 배송비 포함 여부 미확정, 복수 수량 총액 · 카드 1장 가격 아님",estimated,no,no,포켓패드 3장 합 0.1
1e6fcf15face19a3a09ad573,pokemoncardgame,포켓몬 카드게임,2026-06,2026-06-01T23:05:54+09:00,known,7ca29d079e5309fc73cb0ff3,1e6fcf15face19a3a09ad573,114955,https://m.dcinside.com/board/pokemoncardgame/114955,아현 미니리그 전까지 나옹 2장 삽니다,seller-51447db26eeb90b0124d315b,포갤러,registered,아현 미니리그 전까지 나옹,아현 미니리그 전까지 나옹,아현 미니리그 전까지 나옹 삽니다,,,buy,구매,2,,,missing,unknown,unknown,unknown,,active,needs_review,needs_review,수량 표기 감지 · 가격 미기재,missing,no,no,아현 미니리그 전까지 나옹 2장 삽니다
36c92df1de0ad233a1251939,pokemoncardgame,포켓몬 카드게임,2026-06,2026-06-01T23:05:54+09:00,known,e0a71156e0ec3b7ef8c4ebb9,36c92df1de0ad233a1251939,114955,https://m.dcinside.com/board/pokemoncardgame/114955,아현 미니리그 전까지 나옹 2장 삽니다,seller-51447db26eeb90b0124d315b,포갤러,registered,아현 미니리그 전까지 나옹,아현 미니리그 전까지 나옹,아현 미니리그 전까지 나옹 삽니다,,,buy,구매,2,,,missing,unknown,unknown,unknown,,active,needs_review,needs_review,수량 표기 감지 · 가격 미기재,missing,no,no,아현 미니리그 전까지 나옹 2장 삽니다
949f4be441e5691fb924c998,pokemoncardgame,포켓몬 카드게임,2026-06,2026-06-01T23:05:54+09:00,known,d48569c4b07a612e230650e4,949f4be441e5691fb924c998,114955,https://m.dcinside.com/board/pokemoncardgame/114955,아현 미니리그 전까지 나옹 2장 삽니다,seller-51447db26eeb90b0124d315b,포갤러,registered,아현 미니리그 전까지 나옹,아현 미니리그 전까지 나옹,아현 미니리그 전까지 나옹 삽니다,,,buy,구매,2,,,missing,unknown,unknown,unknown,,active,needs_review,needs_review,수량 표기 감지 · 가격 미기재,missing,no,no,아현 미니리그 전까지 나옹 2장 삽니다
827a395f26b37801fa9f4dfe,pokemoncardgame,포켓몬 카드게임,2026-06,2026-06-01T23:25:08+09:00,known,786d94465724ae9ada940564,827a395f26b37801fa9f4dfe,114958,https://m.dcinside.com/board/pokemoncardgame/114958,망나뇽 완덱 구해봅니다,seller-991889f8448387b723c7bad6,uSeon,registered,망나뇽 완덱 구해봅니다,망나뇽 완덱 구해봅니다,망나뇽 완덱 구해봅니다,,,buy,구매,1,,,missing,unknown,unknown,unknown,,active,needs_review,needs_review,"가격 후보 재검토 필요, 가격 미기재",missing,no,no,망나뇽 완덱 구해봅니다
9b5d1230cc2b850fc786ca96,pokemoncardgame,포켓몬 카드게임,2026-06,2026-06-01T23:25:08+09:00,known,e101d019c6931649c2e89b66,9b5d1230cc2b850fc786ca96,114958,https://m.dcinside.com/board/pokemoncardgame/114958,망나뇽 완덱 구해봅니다,seller-991889f8448387b723c7bad6,uSeon,registered,망나뇽 완덱 구해봅니다,망나뇽 완덱 구해봅니다,망나뇽 완덱 구해봅니다,,,buy,구매,1,,,missing,unknown,unknown,unknown,,active,needs_review,needs_review,"가격 후보 재검토 필요, 가격 미기재",missing,no,no,망나뇽 완덱 구해봅니다
c4d365b0545388f82850db2f,pokemoncardgame,포켓몬 카드게임,2026-06,2026-06-01T23:25:08+09:00,known,bb307fc761704989073ba9fb,c4d365b0545388f82850db2f,114958,https://m.dcinside.com/board/pokemoncardgame/114958,망나뇽 완덱 구해봅니다,seller-991889f8448387b723c7bad6,uSeon,registered,망나뇽 완덱 구해봅니다,망나뇽 완덱 구해봅니다,망나뇽 완덱 구해봅니다,,,buy,구매,1,,,missing,unknown,unknown,unknown,,active,needs_review,needs_review,"가격 후보 재검토 필요, 가격 미기재",missing,no,no,망나뇽 완덱 구해봅니다
1e066ab14c0347ce4c1827ce,pokemoncardgame,포켓몬 카드게임,2026-06,2026-06-02T18:36:40+09:00,known,f9325df28ad9f92ac7761b58,1e066ab14c0347ce4c1827ce,115100,https://m.dcinside.com/board/pokemoncardgame/115100,이브이바렛 ㅅㅅ,seller-4c610680929e68f017af1b41,옥춘로스,guest,이브이바렛 ㅅㅅ,이브이바렛 ㅅㅅ,이브이바렛 ㅅㅅ,,,buy,구매,1,,,missing,unknown,unknown,unknown,,active,needs_review,needs_review,"가격 후보 재검토 필요, 가격 미기재",missing,no,no,이브이바렛 ㅅㅅ
22f5992f3638ffd7e99942d9,pokemoncardgame,포켓몬 카드게임,2026-06,2026-06-02T18:36:40+09:00,known,0d7b98377153add237a3af82,22f5992f3638ffd7e99942d9,115100,https://m.dcinside.com/board/pokemoncardgame/115100,이브이바렛 ㅅㅅ,seller-27882dd538beee8708e496fe,옥춘로스,guest,이브이바렛 ㅅㅅ,이브이바렛 ㅅㅅ,이브이바렛 ㅅㅅ,,,buy,구매,1,,,missing,unknown,unknown,unknown,,active,needs_review,needs_review,"가격 후보 재검토 필요, 가격 미기재",missing,no,no,이브이바렛 ㅅㅅ
8f0124bd1a352a03e27a5973,pokemoncardgame,포켓몬 카드게임,2026-06,2026-06-02T18:36:40+09:00,known,4aed54f246552ac994e2fa26,8f0124bd1a352a03e27a5973,115100,https://m.dcinside.com/board/pokemoncardgame/115100,이브이바렛 ㅅㅅ,seller-592cfcdf4b013834ec1849ae,옥춘로스,guest,이브이바렛 ㅅㅅ,이브이바렛 ㅅㅅ,이브이바렛 ㅅㅅ,,,buy,구매,1,,,missing,unknown,unknown,unknown,,active,needs_review,needs_review,"가격 후보 재검토 필요, 가격 미기재",missing,no,no,이브이바렛 ㅅㅅ
03d35386ee52b222e1b50f88,pokemoncardgame,포켓몬 카드게임,2026-06,2026-06-03T02:29:32+09:00,known,3c23dd0f6e17450a2e6001f3,03d35386ee52b222e1b50f88,115144,https://m.dcinside.com/board/pokemoncardgame/115144,드래펄트 덱 구해봅니다.(거래중),seller-e69fca8adc5b2aed86af7bab,ㄱㄱㄱㄱ,registered,var safe = window.dcAd && window.dcAd.safe ==,var safe = window.dcAd && window.dcAd.safe ==,var safe = (window.dcAd && window.dcAd.safe ==,,,buy,구매,1,1,10000,estimated,bundle,text,unknown,,active,excluded,needs_review,"가격 단위 추정, 복수 카드 가격, 배송비 포함 여부 미확정, 묶음·세트 총액 · 개별 카드 가격 아님, 스크립트·광고 문구로 추정되는 오염 행",estimated,no,no,var safe = (window.dcAd && window.dcAd.safe == 1)
0d155ea0aa16f9436fa49e54,pokemoncardgame,포켓몬 카드게임,2026-06,2026-06-03T02:29:32+09:00,known,bfb31285f104af966711e5a8,0d155ea0aa16f9436fa49e54,115144,https://m.dcinside.com/board/pokemoncardgame/115144,드래펄트 덱 구해봅니다.(거래중),seller-e69fca8adc5b2aed86af7bab,ㄱㄱㄱㄱ,registered,loadScript ' t,loadScript ' t,loadScript('//t,,,buy,구매,1,,,missing,unknown,unknown,unknown,,active,excluded,needs_review,"가격 후보 재검토 필요, 가격 미기재, 스크립트·광고 문구로 추정되는 오염 행",missing,no,no,"loadScript('//t1.kakaocdn.net/kas/static/ba.min.js', true);"
1097578e2d557a03be22bfcd,pokemoncardgame,포켓몬 카드게임,2026-06,2026-06-03T02:29:32+09:00,known,23f974c369dbe229e75b2380,1097578e2d557a03be22bfcd,115144,https://m.dcinside.com/board/pokemoncardgame/115144,드래펄트 덱 구해봅니다.(거래중),seller-e69fca8adc5b2aed86af7bab,ㄱㄱㄱㄱ,registered,loadScript ' t,loadScript ' t,loadScript('//t,,,buy,구매,1,,,missing,unknown,unknown,unknown,,active,excluded,needs_review,"가격 후보 재검토 필요, 가격 미기재, 스크립트·광고 문구로 추정되는 오염 행",missing,no,no,"loadScript('//t1.kakaocdn.net/kas/static/ba.min.js', true);"
1fd9a516b2cddbe075171bf4,pokemoncardgame,포켓몬 카드게임,2026-06,2026-06-03T02:29:32+09:00,known,bfb31285f104af966711e5a8,1fd9a516b2cddbe075171bf4,115144,https://m.dcinside.com/board/pokemoncardgame/115144,드래펄트 덱 구해봅니다.(거래중),seller-e69fca8adc5b2aed86af7bab,ㄱㄱㄱㄱ,registered,DOM 삽입 헬퍼 현재 스크립트 위치 기준,DOM 삽입 헬퍼 현재 스크립트 위치 기준,// ---- DOM 삽입 헬퍼 (현재 스크립트 위치 기준,,,buy,구매,1,,,missing,unknown,unknown,unknown,,active,excluded,needs_review,"가격 후보 재검토 필요, 가격 미기재, 스크립트·광고 문구로 추정되는 오염 행",missing,no,no,// ---- DOM 삽입 헬퍼 (현재 스크립트 위치 기준1)
25f31b13b60576dbd700b3c2,pokemoncardgame,포켓몬 카드게임,2026-06,2026-06-03T02:29:32+09:00,known,bfb31285f104af966711e5a8,25f31b13b60576dbd700b3c2,115144,https://m.dcinside.com/board/pokemoncardgame/115144,드래펄트 덱 구해봅니다.(거래중),seller-e69fca8adc5b2aed86af7bab,ㄱㄱㄱㄱ,registered,loadScript 'https pagead,loadScript 'https pagead,loadScript('https://pagead,,,buy,구매,1,,,missing,unknown,unknown,unknown,,active,excluded,needs_review,"가격 후보 재검토 필요, 가격 미기재, 스크립트·광고 문구로 추정되는 오염 행",missing,no,no,"loadScript('https://pagead2.googlesyndication.com/pagead/js/adsbygoogle_direct.js?client=ca-pub-8171468792791627', true, 'anonymous');"
2ed916788297e7614c8abd40,pokemoncardgame,포켓몬 카드게임,2026-06,2026-06-03T02:29:32+09:00,known,bfb31285f104af966711e5a8,2ed916788297e7614c8abd40,115144,https://m.dcinside.com/board/pokemoncardgame/115144,드래펄트 덱 구해봅니다.(거래중),seller-e69fca8adc5b2aed86af7bab,ㄱㄱㄱㄱ,registered,요 사진의 구성된 완덱,요 사진의 구성된 완덱,요 사진의 구성된 완덱 4~,,,buy,구매,1,5,50000,estimated,bundle,text,unknown,,active,needs_review,needs_review,"배송비 포함 여부 미확정, 묶음·세트 총액 · 개별 카드 가격 아님",estimated,no,no,요 사진의 구성된 완덱 4~ 5만 정도로 구해봅니다.
5e2c37fef1ef91bfc90267f2,pokemoncardgame,포켓몬 카드게임,2026-06,2026-06-03T02:29:32+09:00,known,3c23dd0f6e17450a2e6001f3,5e2c37fef1ef91bfc90267f2,115144,https://m.dcinside.com/board/pokemoncardgame/115144,드래펄트 덱 구해봅니다.(거래중),seller-e69fca8adc5b2aed86af7bab,ㄱㄱㄱㄱ,registered,loadScript ' t,loadScript ' t,loadScript('//t,,,buy,구매,1,,,missing,unknown,unknown,unknown,,active,excluded,needs_review,"가격 후보 재검토 필요, 가격 미기재, 스크립트·광고 문구로 추정되는 오염 행",missing,no,no,"loadScript('//t1.kakaocdn.net/kas/static/ba.min.js', true);"
610ef67a881bf276c4ce7a68,pokemoncardgame,포켓몬 카드게임,2026-06,2026-06-03T02:29:32+09:00,known,3c23dd0f6e17450a2e6001f3,610ef67a881bf276c4ce7a68,115144,https://m.dcinside.com/board/pokemoncardgame/115144,드래펄트 덱 구해봅니다.(거래중),seller-e69fca8adc5b2aed86af7bab,ㄱㄱㄱㄱ,registered,DOM 삽입 헬퍼 현재 스크립트 위치 기준,DOM 삽입 헬퍼 현재 스크립트 위치 기준,// ---- DOM 삽입 헬퍼 (현재 스크립트 위치 기준,,,buy,구매,1,,,missing,unknown,unknown,unknown,,active,excluded,needs_review,"가격 후보 재검토 필요, 가격 미기재, 스크립트·광고 문구로 추정되는 오염 행",missing,no,no,// ---- DOM 삽입 헬퍼 (현재 스크립트 위치 기준1)
78ea83763eb6b41f18c0b26d,pokemoncardgame,포켓몬 카드게임,2026-06,2026-06-03T02:29:32+09:00,known,3c23dd0f6e17450a2e6001f3,78ea83763eb6b41f18c0b26d,115144,https://m.dcinside.com/board/pokemoncardgame/115144,드래펄트 덱 구해봅니다.(거래중),seller-e69fca8adc5b2aed86af7bab,ㄱㄱㄱㄱ,registered,요 사진의 구성된 완덱,요 사진의 구성된 완덱,요 사진의 구성된 완덱 4~,,,buy,구매,1,5,50000,estimated,bundle,text,unknown,,active,needs_review,needs_review,"배송비 포함 여부 미확정, 묶음·세트 총액 · 개별 카드 가격 아님",estimated,no,no,요 사진의 구성된 완덱 4~ 5만 정도로 구해봅니다.
9af73b84c068e73e2496e109,pokemoncardgame,포켓몬 카드게임,2026-06,2026-06-03T02:29:32+09:00,known,23f974c369dbe229e75b2380,9af73b84c068e73e2496e109,115144,https://m.dcinside.com/board/pokemoncardgame/115144,드래펄트 덱 구해봅니다.(거래중),seller-e69fca8adc5b2aed86af7bab,ㄱㄱㄱㄱ,registered,DOM 삽입 헬퍼 현재 스크립트 위치 기준,DOM 삽입 헬퍼 현재 스크립트 위치 기준,// ---- DOM 삽입 헬퍼 (현재 스크립트 위치 기준,,,buy,구매,1,,,missing,unknown,unknown,unknown,,active,excluded,needs_review,"가격 후보 재검토 필요, 가격 미기재, 스크립트·광고 문구로 추정되는 오염 행",missing,no,no,// ---- DOM 삽입 헬퍼 (현재 스크립트 위치 기준1)
c8a5dec4f722874d0de3cd45,pokemoncardgame,포켓몬 카드게임,2026-06,2026-06-03T02:29:32+09:00,known,23f974c369dbe229e75b2380,c8a5dec4f722874d0de3cd45,115144,https://m.dcinside.com/board/pokemoncardgame/115144,드래펄트 덱 구해봅니다.(거래중),seller-e69fca8adc5b2aed86af7bab,ㄱㄱㄱㄱ,registered,var safe = window.dcAd && window.dcAd.safe ==,var safe = window.dcAd && window.dcAd.safe ==,var safe = (window.dcAd && window.dcAd.safe ==,,,buy,구매,1,1,10000,estimated,bundle,text,unknown,,active,excluded,needs_review,"가격 단위 추정, 복수 카드 가격, 배송비 포함 여부 미확정, 묶음·세트 총액 · 개별 카드 가격 아님, 스크립트·광고 문구로 추정되는 오염 행",estimated,no,no,var safe = (window.dcAd && window.dcAd.safe == 1)
cdb8344c3334ef03e1464079,pokemoncardgame,포켓몬 카드게임,2026-06,2026-06-03T02:29:32+09:00,known,23f974c369dbe229e75b2380,cdb8344c3334ef03e1464079,115144,https://m.dcinside.com/board/pokemoncardgame/115144,드래펄트 덱 구해봅니다.(거래중),seller-e69fca8adc5b2aed86af7bab,ㄱㄱㄱㄱ,registered,요 사진의 구성된 완덱,요 사진의 구성된 완덱,요 사진의 구성된 완덱 4~,,,buy,구매,1,5,50000,estimated,bundle,text,unknown,,active,needs_review,needs_review,"배송비 포함 여부 미확정, 묶음·세트 총액 · 개별 카드 가격 아님",estimated,no,no,요 사진의 구성된 완덱 4~ 5만 정도로 구해봅니다.
d5d347fcb71e594ebfe2d6af,pokemoncardgame,포켓몬 카드게임,2026-06,2026-06-03T02:29:32+09:00,known,23f974c369dbe229e75b2380,d5d347fcb71e594ebfe2d6af,115144,https://m.dcinside.com/board/pokemoncardgame/115144,드래펄트 덱 구해봅니다.(거래중),seller-e69fca8adc5b2aed86af7bab,ㄱㄱㄱㄱ,registered,loadScript 'https pagead,loadScript 'https pagead,loadScript('https://pagead,,,buy,구매,1,,,missing,unknown,unknown,unknown,,active,excluded,needs_review,"가격 후보 재검토 필요, 가격 미기재, 스크립트·광고 문구로 추정되는 오염 행",missing,no,no,"loadScript('https://pagead2.googlesyndication.com/pagead/js/adsbygoogle_direct.js?client=ca-pub-8171468792791627', true, 'anonymous');"
d9f205043b69f8c69e5f4525,pokemoncardgame,포켓몬 카드게임,2026-06,2026-06-03T02:29:32+09:00,known,3c23dd0f6e17450a2e6001f3,d9f205043b69f8c69e5f4525,115144,https://m.dcinside.com/board/pokemoncardgame/115144,드래펄트 덱 구해봅니다.(거래중),seller-e69fca8adc5b2aed86af7bab,ㄱㄱㄱㄱ,registered,loadScript 'https pagead,loadScript 'https pagead,loadScript('https://pagead,,,buy,구매,1,,,missing,unknown,unknown,unknown,,active,excluded,needs_review,"가격 후보 재검토 필요, 가격 미기재, 스크립트·광고 문구로 추정되는 오염 행",missing,no,no,"loadScript('https://pagead2.googlesyndication.com/pagead/js/adsbygoogle_direct.js?client=ca-pub-8171468792791627', true, 'anonymous');"
f651c8ccbe054b04be6e0f3d,pokemoncardgame,포켓몬 카드게임,2026-06,2026-06-03T02:29:32+09:00,known,bfb31285f104af966711e5a8,f651c8ccbe054b04be6e0f3d,115144,https://m.dcinside.com/board/pokemoncardgame/115144,드래펄트 덱 구해봅니다.(거래중),seller-e69fca8adc5b2aed86af7bab,ㄱㄱㄱㄱ,registered,var safe = window.dcAd && window.dcAd.safe ==,var safe = window.dcAd && window.dcAd.safe ==,var safe = (window.dcAd && window.dcAd.safe ==,,,buy,구매,1,1,10000,estimated,bundle,text,unknown,,active,excluded,needs_review,"가격 단위 추정, 복수 카드 가격, 배송비 포함 여부 미확정, 묶음·세트 총액 · 개별 카드 가격 아님, 스크립트·광고 문구로 추정되는 오염 행",estimated,no,no,var safe = (window.dcAd && window.dcAd.safe == 1)
1680ead9ee76917c823125b0,pokemoncardgame,포켓몬 카드게임,2026-06,2026-06-03T11:58:47+09:00,known,632119f2bfd362aee0265c89,1680ead9ee76917c823125b0,115170,https://m.dcinside.com/board/pokemoncardgame/115170,풀포켓몬삽니다,seller-c7ae8b06fa064a2b63390081,셀스,registered,합,합,합,,,buy,구매,1,3400,3400,exact,per_card,text,unknown,,active,needs_review,needs_review,"배송비 포함 여부 미확정, 카드명 확인 필요",exact,yes,no,합 3400원
5da593e69a7b767adfb11d32,pokemoncardgame,포켓몬 카드게임,2026-06,2026-06-03T11:58:47+09:00,known,5044c8fe6a748078f8c9421b,5da593e69a7b767adfb11d32,115170,https://m.dcinside.com/board/pokemoncardgame/115170,풀포켓몬삽니다,seller-c7ae8b06fa064a2b63390081,셀스,registered,합,합,합,,,buy,구매,1,3400,3400,exact,per_card,text,unknown,,active,needs_review,needs_review,"배송비 포함 여부 미확정, 카드명 확인 필요",exact,yes,no,합 3400원
f97fddca542f138d38112207,pokemoncardgame,포켓몬 카드게임,2026-06,2026-06-03T11:58:47+09:00,known,11c749e16eae2b469dff86ab,f97fddca542f138d38112207,115170,https://m.dcinside.com/board/pokemoncardgame/115170,풀포켓몬삽니다,seller-c7ae8b06fa064a2b63390081,셀스,registered,합,합,합,,,buy,구매,1,3400,3400,exact,per_card,text,unknown,,active,needs_review,needs_review,"배송비 포함 여부 미확정, 카드명 확인 필요",exact,yes,no,합 3400원
11aa5e0f6b56cd4e5fe74a9b,pokemoncardgame,포켓몬 카드게임,2026-06,2026-06-03T14:59:42+09:00,known,188b57fe53a0f07c64d8d00c,11aa5e0f6b56cd4e5fe74a9b,115180,https://m.dcinside.com/board/pokemoncardgame/115180,드펄 덱 + 재미있는 덱 삽니다 (구매 완),seller-51447db26eeb90b0124d315b,포갤러,registered,다른 재미있는 성능 좋은 덱들도,다른 재미있는 성능 좋은 덱들도,다른 재미있는 성능 좋은 덱들도,,,buy,구매,1,3,30000,estimated,bundle,text,unknown,,active,needs_review,needs_review,"가격 단위 추정, 배송비 포함 여부 미확정, 묶음·세트 총액 · 개별 카드 가격 아님",estimated,no,no,다른 재미있는 성능 좋은 덱들도 3정도에 사보려고 합니다
45c4d08b8d6729f75f48d346,pokemoncardgame,포켓몬 카드게임,2026-06,2026-06-03T14:59:42+09:00,known,479fef9150bf4eb68e118581,45c4d08b8d6729f75f48d346,115180,https://m.dcinside.com/board/pokemoncardgame/115180,드펄 덱 + 재미있는 덱 삽니다 (구매 완),seller-51447db26eeb90b0124d315b,포갤러,registered,드펄덱은,드펄덱은,드펄덱은,,,buy,구매,1,3.5,35000,estimated,bundle,text,unknown,,active,needs_review,needs_review,"가격 단위 추정, 배송비 포함 여부 미확정, 묶음·세트 총액 · 개별 카드 가격 아님",estimated,no,no,드펄덱은 3.5부터 (택비 별도)
6fa8cfb6963d02faf2fcb456,pokemoncardgame,포켓몬 카드게임,2026-06,2026-06-03T14:59:42+09:00,known,e8837e2c25db085722c484e6,6fa8cfb6963d02faf2fcb456,115180,https://m.dcinside.com/board/pokemoncardgame/115180,드펄 덱 + 재미있는 덱 삽니다 (구매 완),seller-51447db26eeb90b0124d315b,포갤러,registered,다른 재미있는 성능 좋은 덱들도,다른 재미있는 성능 좋은 덱들도,다른 재미있는 성능 좋은 덱들도,,,buy,구매,1,3,30000,estimated,bundle,text,unknown,,active,needs_review,needs_review,"가격 단위 추정, 배송비 포함 여부 미확정, 묶음·세트 총액 · 개별 카드 가격 아님",estimated,no,no,다른 재미있는 성능 좋은 덱들도 3정도에 사보려고 합니다
7b1e775be154587af0b8d284,pokemoncardgame,포켓몬 카드게임,2026-06,2026-06-03T14:59:42+09:00,known,188b57fe53a0f07c64d8d00c,7b1e775be154587af0b8d284,115180,https://m.dcinside.com/board/pokemoncardgame/115180,드펄 덱 + 재미있는 덱 삽니다 (구매 완),seller-51447db26eeb90b0124d315b,포갤러,registered,드펄덱은,드펄덱은,드펄덱은,,,buy,구매,1,3.5,35000,estimated,bundle,text,unknown,,active,needs_review,needs_review,"가격 단위 추정, 배송비 포함 여부 미확정, 묶음·세트 총액 · 개별 카드 가격 아님",estimated,no,no,드펄덱은 3.5부터 (택비 별도)
a1d82a8c2c6bc17adfc5fe36,pokemoncardgame,포켓몬 카드게임,2026-06,2026-06-03T14:59:42+09:00,known,479fef9150bf4eb68e118581,a1d82a8c2c6bc17adfc5fe36,115180,https://m.dcinside.com/board/pokemoncardgame/115180,드펄 덱 + 재미있는 덱 삽니다 (구매 완),seller-51447db26eeb90b0124d315b,포갤러,registered,다른 재미있는 성능 좋은 덱들도,다른 재미있는 성능 좋은 덱들도,다른 재미있는 성능 좋은 덱들도,,,buy,구매,1,3,30000,estimated,bundle,text,unknown,,active,needs_review,needs_review,"가격 단위 추정, 배송비 포함 여부 미확정, 묶음·세트 총액 · 개별 카드 가격 아님",estimated,no,no,다른 재미있는 성능 좋은 덱들도 3정도에 사보려고 합니다
e6f095b67b958bce33480c37,pokemoncardgame,포켓몬 카드게임,2026-06,2026-06-03T14:59:42+09:00,known,e8837e2c25db085722c484e6,e6f095b67b958bce33480c37,115180,https://m.dcinside.com/board/pokemoncardgame/115180,드펄 덱 + 재미있는 덱 삽니다 (구매 완),seller-51447db26eeb90b0124d315b,포갤러,registered,드펄덱은,드펄덱은,드펄덱은,,,buy,구매,1,3.5,35000,estimated,bundle,text,unknown,,active,needs_review,needs_review,"가격 단위 추정, 배송비 포함 여부 미확정, 묶음·세트 총액 · 개별 카드 가격 아님",estimated,no,no,드펄덱은 3.5부터 (택비 별도)
071b00bc1aeb125ce8a94416,pokemoncardgame,포켓몬 카드게임,2026-06,2026-06-03T16:20:25+09:00,known,d4def0d7422214ea4da988e9,071b00bc1aeb125ce8a94416,115185,https://m.dcinside.com/board/pokemoncardgame/115185,로켓단 돈크로우 덱 삼,seller-c1665c08d9ade05c8cd6b902,Jairy,registered,로켓단 돈크로우,로켓단 돈크로우,로켓단 돈크로우,,,buy,구매,1,4.0,40000,estimated,per_card,text,unknown,,active,needs_review,needs_review,"가격 단위 추정, 배송비 포함 여부 미확정",estimated,yes,no,로켓단 돈크로우 4.0
08ebc4a8791ad5532268a6f8,pokemoncardgame,포켓몬 카드게임,2026-06,2026-06-03T16:20:25+09:00,known,2b98fac33ac7e2fd30cd263a,08ebc4a8791ad5532268a6f8,115185,https://m.dcinside.com/board/pokemoncardgame/115185,로켓단 돈크로우 덱 삼,seller-c1665c08d9ade05c8cd6b902,Jairy,registered,로켓단 돈크로우,로켓단 돈크로우,로켓단 돈크로우,,,buy,구매,1,4.0,40000,estimated,per_card,text,unknown,,active,needs_review,needs_review,"가격 단위 추정, 배송비 포함 여부 미확정",estimated,yes,no,로켓단 돈크로우 4.0
d127430bf2efd226299a5f2e,pokemoncardgame,포켓몬 카드게임,2026-06,2026-06-03T16:20:25+09:00,known,6548af42d6833532dbad4adf,d127430bf2efd226299a5f2e,115185,https://m.dcinside.com/board/pokemoncardgame/115185,로켓단 돈크로우 덱 삼,seller-c1665c08d9ade05c8cd6b902,Jairy,registered,브리두라스 위 덱리,브리두라스 위 덱리,브리두라스 위 덱리,,,buy,구매,1,3,30000,estimated,bundle,text,unknown,,active,needs_review,needs_review,"가격 단위 추정, 배송비 포함 여부 미확정, 묶음·세트 총액 · 개별 카드 가격 아님",estimated,no,no,브리두라스 위 덱리 3구매 완
e1fc99a9ea05696138d4c630,pokemoncardgame,포켓몬 카드게임,2026-06,2026-06-03T16:20:25+09:00,known,d4def0d7422214ea4da988e9,e1fc99a9ea05696138d4c630,115185,https://m.dcinside.com/board/pokemoncardgame/115185,로켓단 돈크로우 덱 삼,seller-c1665c08d9ade05c8cd6b902,Jairy,registered,브리두라스 위 덱리,브리두라스 위 덱리,브리두라스 위 덱리,,,buy,구매,1,3,30000,estimated,bundle,text,unknown,,active,needs_review,needs_review,"가격 단위 추정, 배송비 포함 여부 미확정, 묶음·세트 총액 · 개별 카드 가격 아님",estimated,no,no,브리두라스 위 덱리 3구매 완
ffe6138f13101f21b42cb2d0,pokemoncardgame,포켓몬 카드게임,2026-06,2026-06-03T16:20:25+09:00,known,2b98fac33ac7e2fd30cd263a,ffe6138f13101f21b42cb2d0,115185,https://m.dcinside.com/board/pokemoncardgame/115185,로켓단 돈크로우 덱 삼,seller-c1665c08d9ade05c8cd6b902,Jairy,registered,브리두라스 위 덱리,브리두라스 위 덱리,브리두라스 위 덱리,,,buy,구매,1,3,30000,estimated,bundle,text,unknown,,active,needs_review,needs_review,"가격 단위 추정, 배송비 포함 여부 미확정, 묶음·세트 총액 · 개별 카드 가격 아님",estimated,no,no,브리두라스 위 덱리 3구매 완
ffee57f7de2673568ff69667,pokemoncardgame,포켓몬 카드게임,2026-06,2026-06-03T16:20:25+09:00,known,6548af42d6833532dbad4adf,ffee57f7de2673568ff69667,115185,https://m.dcinside.com/board/pokemoncardgame/115185,로켓단 돈크로우 덱 삼,seller-c1665c08d9ade05c8cd6b902,Jairy,registered,로켓단 돈크로우,로켓단 돈크로우,로켓단 돈크로우,,,buy,구매,1,4.0,40000,estimated,per_card,text,unknown,,active,needs_review,needs_review,"가격 단위 추정, 배송비 포함 여부 미확정",estimated,yes,no,로켓단 돈크로우 4.0
38e2e6b925bffd1950cc15f6,pokemoncardgame,포켓몬 카드게임,2026-06,2026-06-03T20:33:20+09:00,known,9cbb2faf07be6a19a0184c73,38e2e6b925bffd1950cc15f6,115209,https://m.dcinside.com/board/pokemoncardgame/115209,익펜 카드 구함,seller-fc9120fc03faff0e832cfd5f,SRT섬광방패..,registered,익펜 카드,익펜 카드,익펜 카드,,,buy,구매,2,,,missing,unknown,unknown,unknown,,active,needs_review,needs_review,"가격 후보 재검토 필요, 가격 미기재",missing,no,no,익펜 카드 구함
52e7e2797f49d392ea14466f,pokemoncardgame,포켓몬 카드게임,2026-06,2026-06-03T20:33:20+09:00,known,51305a11d2550df945d8a320,52e7e2797f49d392ea14466f,115209,https://m.dcinside.com/board/pokemoncardgame/115209,익펜 카드 구함,seller-fc9120fc03faff0e832cfd5f,SRT섬광방패..,registered,익펜 카드,익펜 카드,익펜 카드,,,buy,구매,2,,,missing,unknown,unknown,unknown,,active,needs_review,needs_review,"가격 후보 재검토 필요, 가격 미기재",missing,no,no,익펜 카드 구함
fbf37fdd45132627208128b1,pokemoncardgame,포켓몬 카드게임,2026-06,2026-06-03T20:33:20+09:00,known,d0b1dc98e9a51c350626e4e4,fbf37fdd45132627208128b1,115209,https://m.dcinside.com/board/pokemoncardgame/115209,익펜 카드 구함,seller-fc9120fc03faff0e832cfd5f,SRT섬광방패..,registered,익펜 카드,익펜 카드,익펜 카드,,,buy,구매,2,,,missing,unknown,unknown,unknown,,active,needs_review,needs_review,"가격 후보 재검토 필요, 가격 미기재",missing,no,no,익펜 카드 구함
3a8e2859f0573047e1353891,pokemoncardgame,포켓몬 카드게임,2026-06,2026-06-04T21:41:06+09:00,known,4953dd232e2f74b40b46a2bc,3a8e2859f0573047e1353891,115276,https://m.dcinside.com/board/pokemoncardgame/115276,내일 용산직으로 삽니다,seller-51447db26eeb90b0124d315b,포갤러,registered,나옹 ex,나옹 ex,나옹 ex 장당,,,buy,구매,2,2500,2500,estimated,per_card,text,unknown,,active,needs_review,needs_review,"가격 단위 추정, 수량 표기 감지, 배송비 포함 여부 미확정",estimated,yes,no,나옹 ex 2장 장당 2500
9e6a8f1da044406823b8f4a6,pokemoncardgame,포켓몬 카드게임,2026-06,2026-06-04T21:41:06+09:00,known,601c6d938e7be5c8053d15fd,9e6a8f1da044406823b8f4a6,115276,https://m.dcinside.com/board/pokemoncardgame/115276,내일 용산직으로 삽니다,seller-51447db26eeb90b0124d315b,포갤러,registered,나옹 ex,나옹 ex,나옹 ex 장당,,,buy,구매,2,2500,2500,estimated,per_card,text,unknown,,active,needs_review,needs_review,"가격 단위 추정, 수량 표기 감지, 배송비 포함 여부 미확정",estimated,yes,no,나옹 ex 2장 장당 2500
aa23ced0eed0fba81143e655,pokemoncardgame,포켓몬 카드게임,2026-06,2026-06-04T21:41:06+09:00,known,9d6429d134a487c4d5ca2a23,aa23ced0eed0fba81143e655,115276,https://m.dcinside.com/board/pokemoncardgame/115276,내일 용산직으로 삽니다,seller-51447db26eeb90b0124d315b,포갤러,registered,나옹 ex,나옹 ex,나옹 ex 장당,,,buy,구매,2,2500,2500,estimated,per_card,text,unknown,,active,needs_review,needs_review,"가격 단위 추정, 수량 표기 감지, 배송비 포함 여부 미확정",estimated,yes,no,나옹 ex 2장 장당 2500
f22c10634a6e1372c361e457,pokemoncardgame,포켓몬 카드게임,2026-06,2026-06-04T21:41:06+09:00,known,4953dd232e2f74b40b46a2bc,f22c10634a6e1372c361e457,115276,https://m.dcinside.com/board/pokemoncardgame/115276,내일 용산직으로 삽니다,seller-51447db26eeb90b0124d315b,포갤러,registered,원더패치 sr,원더패치 sr,원더패치 sr 장당,,,buy,구매,3,1000,1000,estimated,per_card,text,unknown,,active,needs_review,needs_review,"가격 단위 추정, 수량 표기 감지, 배송비 포함 여부 미확정",estimated,yes,no,원더패치 sr 3장 장당 1000
f9c7b0a148fec20aa79406b9,pokemoncardgame,포켓몬 카드게임,2026-06,2026-06-04T21:41:06+09:00,known,601c6d938e7be5c8053d15fd,f9c7b0a148fec20aa79406b9,115276,https://m.dcinside.com/board/pokemoncardgame/115276,내일 용산직으로 삽니다,seller-51447db26eeb90b0124d315b,포갤러,registered,원더패치 sr,원더패치 sr,원더패치 sr 장당,,,buy,구매,3,1000,1000,estimated,per_card,text,unknown,,active,needs_review,needs_review,"가격 단위 추정, 수량 표기 감지, 배송비 포함 여부 미확정",estimated,yes,no,원더패치 sr 3장 장당 1000
ff917cc9b3b0361e7ba8fde7,pokemoncardgame,포켓몬 카드게임,2026-06,2026-06-04T21:41:06+09:00,known,9d6429d134a487c4d5ca2a23,ff917cc9b3b0361e7ba8fde7,115276,https://m.dcinside.com/board/pokemoncardgame/115276,내일 용산직으로 삽니다,seller-51447db26eeb90b0124d315b,포갤러,registered,원더패치 sr,원더패치 sr,원더패치 sr 장당,,,buy,구매,3,1000,1000,estimated,per_card,text,unknown,,active,needs_review,needs_review,"가격 단위 추정, 수량 표기 감지, 배송비 포함 여부 미확정",estimated,yes,no,원더패치 sr 3장 장당 1000
5e18145a358c92b09b535b72,pokemoncardgame,포켓몬 카드게임,2026-06,2026-06-05T12:31:14+09:00,known,40fc5b304082ccdb29f973c1,5e18145a358c92b09b535b72,115321,https://m.dcinside.com/board/pokemoncardgame/115321,오늘 용산직 언페어스탬프 삽니다,seller-2126b9d081d8561b9f1d71c4,ㅇㅇ,guest,오늘 용산직 언페어스탬프,오늘 용산직 언페어스탬프,오늘 용산직 언페어스탬프,,,buy,구매,1,,,missing,unknown,unknown,unknown,,active,needs_review,needs_review,"가격 후보 재검토 필요, 가격 미기재",missing,no,no,오늘 용산직 언페어스탬프 삽니다
992de4a9c9d315d02935ae15,pokemoncardgame,포켓몬 카드게임,2026-06,2026-06-05T12:31:14+09:00,known,509264098c8bdacbd6c9f80d,992de4a9c9d315d02935ae15,115321,https://m.dcinside.com/board/pokemoncardgame/115321,오늘 용산직 언페어스탬프 삽니다,seller-333ef51a97fb76e25c4e4af2,ㅇㅇ,guest,오늘 용산직 언페어스탬프,오늘 용산직 언페어스탬프,오늘 용산직 언페어스탬프,,,buy,구매,1,,,missing,unknown,unknown,unknown,,active,needs_review,needs_review,"가격 후보 재검토 필요, 가격 미기재",missing,no,no,오늘 용산직 언페어스탬프 삽니다
f9da67457ef36a3747df282a,pokemoncardgame,포켓몬 카드게임,2026-06,2026-06-05T12:31:14+09:00,known,bd6ab37e138b23b576aa5df8,f9da67457ef36a3747df282a,115321,https://m.dcinside.com/board/pokemoncardgame/115321,오늘 용산직 언페어스탬프 삽니다,seller-8ec8ea4124810873f31c7ed5,ㅇㅇ,guest,오늘 용산직 언페어스탬프,오늘 용산직 언페어스탬프,오늘 용산직 언페어스탬프,,,buy,구매,1,,,missing,unknown,unknown,unknown,,active,needs_review,needs_review,"가격 후보 재검토 필요, 가격 미기재",missing,no,no,오늘 용산직 언페어스탬프 삽니다
007c43565e5dcb99be57fa6a,pokemoncardgame,포켓몬 카드게임,2026-06,2026-06-05T15:16:08+09:00,known,deca3ced44df42ad62a90914,007c43565e5dcb99be57fa6a,115337,https://m.dcinside.com/board/pokemoncardgame/115337,올리르바 완덱 구합니다!,seller-f03f39f726dcba1a499886b5,논문,guest,올리르바 완덱 !,올리르바 완덱 !,올리르바 완덱 !,,,buy,구매,1,,,missing,unknown,unknown,unknown,,active,needs_review,needs_review,"가격 후보 재검토 필요, 가격 미기재",missing,no,no,올리르바 완덱 구합니다!
97d2ab1c8cd6f172409ca14c,pokemoncardgame,포켓몬 카드게임,2026-06,2026-06-05T15:16:08+09:00,known,53034bd05f7584bc2c9d197a,97d2ab1c8cd6f172409ca14c,115337,https://m.dcinside.com/board/pokemoncardgame/115337,올리르바 완덱 구합니다!,seller-e4bc69c246feda35f0c55bde,논문,guest,올리르바 완덱 !,올리르바 완덱 !,올리르바 완덱 !,,,buy,구매,1,,,missing,unknown,unknown,unknown,,active,needs_review,needs_review,"가격 후보 재검토 필요, 가격 미기재",missing,no,no,올리르바 완덱 구합니다!
cbcdc3d00939fc991883cba9,pokemoncardgame,포켓몬 카드게임,2026-06,2026-06-05T15:16:08+09:00,known,d868d4d2a63b1939f022cd0e,cbcdc3d00939fc991883cba9,115337,https://m.dcinside.com/board/pokemoncardgame/115337,올리르바 완덱 구합니다!,seller-0a22f9f6e76bd84446f2f041,논문,guest,올리르바 완덱 !,올리르바 완덱 !,올리르바 완덱 !,,,buy,구매,1,,,missing,unknown,unknown,unknown,,active,needs_review,needs_review,"가격 후보 재검토 필요, 가격 미기재",missing,no,no,올리르바 완덱 구합니다!
07a10e15e6be10a43d3314e2,pokemoncardgame,포켓몬 카드게임,2026-06,2026-06-05T17:53:16+09:00,known,e3ee0fcea5929dd35502b2ce,07a10e15e6be10a43d3314e2,115355,https://m.dcinside.com/board/pokemoncardgame/115355,오늘 역삼에서 활력의숲 한장 구해요,seller-11ab99c1b32f861c96d11497,ㅇㅇ,guest,활력의숲 리그 전에 함장,활력의숲 리그 전에 함장,활력의숲 리그 전에 함장,,,buy,구매,1,0.1,1000,estimated,per_card,text,unknown,,active,needs_review,needs_review,"가격 단위 추정, 배송비 포함 여부 미확정",estimated,yes,no,활력의숲 리그 전에 함장 0.1에 삽니다
c6f9dd4a1a67ce6763c2120d,pokemoncardgame,포켓몬 카드게임,2026-06,2026-06-05T17:53:16+09:00,known,92031c4e38d8218a127e6da2,c6f9dd4a1a67ce6763c2120d,115355,https://m.dcinside.com/board/pokemoncardgame/115355,오늘 역삼에서 활력의숲 한장 구해요,seller-2db9190d73822292f3c00289,ㅇㅇ,guest,활력의숲 리그 전에 함장,활력의숲 리그 전에 함장,활력의숲 리그 전에 함장,,,buy,구매,1,0.1,1000,estimated,per_card,text,unknown,,active,needs_review,needs_review,"가격 단위 추정, 배송비 포함 여부 미확정",estimated,yes,no,활력의숲 리그 전에 함장 0.1에 삽니다
fb9908cae5e27a0e4d1245b0,pokemoncardgame,포켓몬 카드게임,2026-06,2026-06-05T17:53:16+09:00,known,99c222a360f86b67121f822c,fb9908cae5e27a0e4d1245b0,115355,https://m.dcinside.com/board/pokemoncardgame/115355,오늘 역삼에서 활력의숲 한장 구해요,seller-bbce2697e39c62ea6947fb25,ㅇㅇ,guest,활력의숲 리그 전에 함장,활력의숲 리그 전에 함장,활력의숲 리그 전에 함장,,,buy,구매,1,0.1,1000,estimated,per_card,text,unknown,,active,needs_review,needs_review,"가격 단위 추정, 배송비 포함 여부 미확정",estimated,yes,no,활력의숲 리그 전에 함장 0.1에 삽니다
0b93ae454feffaf8e596a21c,pokemoncardgame,포켓몬 카드게임,2026-06,2026-06-05T19:10:40+09:00,known,0137219a5494ac727ffd8fdd,0b93ae454feffaf8e596a21c,115365,https://m.dcinside.com/board/pokemoncardgame/115365,익펜 카드 구매합니다,seller-b64f85a06aa113322b6852ba,Op,guest,하데리어 특성 보물서치,하데리어 특성 보물서치,하데리어(특성 보물서치),,,buy,구매,2,0.05,500,estimated,per_quantity,text,unknown,,active,needs_review,needs_review,"가격 단위 추정, 수량 표기 감지, 배송비 포함 여부 미확정, 복수 수량 총액 · 카드 1장 가격 아님",estimated,no,no,하데리어(특성 보물서치) 2장 0.05
0c51f5604c42cd812ce22f28,pokemoncardgame,포켓몬 카드게임,2026-06,2026-06-05T19:10:40+09:00,known,197d17fb6006dcaa7d41bcfc,0c51f5604c42cd812ce22f28,115365,https://m.dcinside.com/board/pokemoncardgame/115365,익펜 카드 구매합니다,seller-e28660966420c4f39149c6e2,Op,guest,활력제,활력제,활력제,,,buy,구매,1,0.2,2000,estimated,per_card,text,unknown,,active,needs_review,needs_review,"가격 단위 추정, 수량 표기 감지, 배송비 포함 여부 미확정",estimated,yes,no,활력제 1장 0.2
114d572e690328cdb2786359,pokemoncardgame,포켓몬 카드게임,2026-06,2026-06-05T19:10:40+09:00,known,0137219a5494ac727ffd8fdd,114d572e690328cdb2786359,115365,https://m.dcinside.com/board/pokemoncardgame/115365,익펜 카드 구매합니다,seller-b64f85a06aa113322b6852ba,Op,guest,데덴네gx,데덴네gx,데덴네gx,,,buy,구매,5,0.3,3000,estimated,per_quantity,text,unknown,,active,needs_review,needs_review,"가격 단위 추정, 수량 표기 감지, 배송비 포함 여부 미확정, 복수 수량 총액 · 카드 1장 가격 아님",estimated,no,no,데덴네gx 5장 0.3
184d17a58865a1e0251c53dd,pokemoncardgame,포켓몬 카드게임,2026-06,2026-06-05T19:10:40+09:00,known,0137219a5494ac727ffd8fdd,184d17a58865a1e0251c53dd,115365,https://m.dcinside.com/board/pokemoncardgame/115365,익펜 카드 구매합니다,seller-b64f85a06aa113322b6852ba,Op,guest,차원의 계곡,차원의 계곡,차원의 계곡,,,buy,구매,4,0.1,1000,estimated,per_quantity,text,unknown,,active,needs_review,needs_review,"가격 단위 추정, 수량 표기 감지, 배송비 포함 여부 미확정, 복수 수량 총액 · 카드 1장 가격 아님",estimated,no,no,차원의 계곡 4장 0.1
238158bde13b4495411b5dd2,pokemoncardgame,포켓몬 카드게임,2026-06,2026-06-05T19:10:40+09:00,known,f2955e13d841d4c29fc3e1fb,238158bde13b4495411b5dd2,115365,https://m.dcinside.com/board/pokemoncardgame/115365,익펜 카드 구매합니다,seller-c38e46ca3460a6cc31bd7871,Op,guest,프레셔스볼,프레셔스볼,프레셔스볼,,,buy,구매,2,0.05,500,estimated,per_quantity,text,unknown,,active,needs_review,needs_review,"가격 단위 추정, 수량 표기 감지, 배송비 포함 여부 미확정, 복수 수량 총액 · 카드 1장 가격 아님",estimated,no,no,프레셔스볼 2장 0.05
23878121cb18a922367535ac,pokemoncardgame,포켓몬 카드게임,2026-06,2026-06-05T19:10:40+09:00,known,f2955e13d841d4c29fc3e1fb,23878121cb18a922367535ac,115365,https://m.dcinside.com/board/pokemoncardgame/115365,익펜 카드 구매합니다,seller-c38e46ca3460a6cc31bd7871,Op,guest,데덴네gx,데덴네gx,데덴네gx,,,buy,구매,5,0.3,3000,estimated,per_quantity,text,unknown,,active,needs_review,needs_review,"가격 단위 추정, 수량 표기 감지, 배송비 포함 여부 미확정, 복수 수량 총액 · 카드 1장 가격 아님",estimated,no,no,데덴네gx 5장 0.3
23b706403dbd653a5f0d13c5,pokemoncardgame,포켓몬 카드게임,2026-06,2026-06-05T19:10:40+09:00,known,197d17fb6006dcaa7d41bcfc,23b706403dbd653a5f0d13c5,115365,https://m.dcinside.com/board/pokemoncardgame/115365,익펜 카드 구매합니다,seller-e28660966420c4f39149c6e2,Op,guest,하데리어 특성 보물서치,하데리어 특성 보물서치,하데리어(특성 보물서치),,,buy,구매,2,0.05,500,estimated,per_quantity,text,unknown,,active,needs_review,needs_review,"가격 단위 추정, 수량 표기 감지, 배송비 포함 여부 미확정, 복수 수량 총액 · 카드 1장 가격 아님",estimated,no,no,하데리어(특성 보물서치) 2장 0.05
2b783019336f7194799fadf7,pokemoncardgame,포켓몬 카드게임,2026-06,2026-06-05T19:10:40+09:00,known,197d17fb6006dcaa7d41bcfc,2b783019336f7194799fadf7,115365,https://m.dcinside.com/board/pokemoncardgame/115365,익펜 카드 구매합니다,seller-e28660966420c4f39149c6e2,Op,guest,바랜드 특성 번견,바랜드 특성 번견,바랜드(특성 번견),,,buy,구매,2,0.5,5000,estimated,per_quantity,text,unknown,,active,needs_review,needs_review,"가격 단위 추정, 수량 표기 감지, 배송비 포함 여부 미확정, 복수 수량 총액 · 카드 1장 가격 아님",estimated,no,no,바랜드(특성 번견) 2장 0.5
2dbb0e0111aa05b23b837b02,pokemoncardgame,포켓몬 카드게임,2026-06,2026-06-05T19:10:40+09:00,known,197d17fb6006dcaa7d41bcfc,2dbb0e0111aa05b23b837b02,115365,https://m.dcinside.com/board/pokemoncardgame/115365,익펜 카드 구매합니다,seller-e28660966420c4f39149c6e2,Op,guest,대로트야느와르몽gx,대로트야느와르몽gx,대로트야느와르몽gx,,,buy,구매,1,0.3,3000,estimated,per_card,text,unknown,,active,needs_review,needs_review,"가격 단위 추정, 수량 표기 감지, 배송비 포함 여부 미확정",estimated,yes,no,대로트야느와르몽gx 1장 0.3
2ede18b6c4529acbf0f6e24b,pokemoncardgame,포켓몬 카드게임,2026-06,2026-06-05T19:10:40+09:00,known,f2955e13d841d4c29fc3e1fb,2ede18b6c4529acbf0f6e24b,115365,https://m.dcinside.com/board/pokemoncardgame/115365,익펜 카드 구매합니다,seller-c38e46ca3460a6cc31bd7871,Op,guest,카푸나비나gx,카푸나비나gx,카푸나비나gx,,,buy,구매,5,0.2,2000,estimated,per_quantity,text,unknown,,active,needs_review,needs_review,"가격 단위 추정, 수량 표기 감지, 배송비 포함 여부 미확정, 복수 수량 총액 · 카드 1장 가격 아님",estimated,no,no,카푸나비나gx 5장 0.2
38508698c44b7e380ee22dae,pokemoncardgame,포켓몬 카드게임,2026-06,2026-06-05T19:10:40+09:00,known,f2955e13d841d4c29fc3e1fb,38508698c44b7e380ee22dae,115365,https://m.dcinside.com/board/pokemoncardgame/115365,익펜 카드 구매합니다,seller-c38e46ca3460a6cc31bd7871,Op,guest,하데리어 특성 보물서치,하데리어 특성 보물서치,하데리어(특성 보물서치),,,buy,구매,2,0.05,500,estimated,per_quantity,text,unknown,,active,needs_review,needs_review,"가격 단위 추정, 수량 표기 감지, 배송비 포함 여부 미확정, 복수 수량 총액 · 카드 1장 가격 아님",estimated,no,no,하데리어(특성 보물서치) 2장 0.05
63c613c9678f40d76d170698,pokemoncardgame,포켓몬 카드게임,2026-06,2026-06-05T19:10:40+09:00,known,197d17fb6006dcaa7d41bcfc,63c613c9678f40d76d170698,115365,https://m.dcinside.com/board/pokemoncardgame/115365,익펜 카드 구매합니다,seller-e28660966420c4f39149c6e2,Op,guest,카푸나비나gx,카푸나비나gx,카푸나비나gx,,,buy,구매,5,0.2,2000,estimated,per_quantity,text,unknown,,active,needs_review,needs_review,"가격 단위 추정, 수량 표기 감지, 배송비 포함 여부 미확정, 복수 수량 총액 · 카드 1장 가격 아님",estimated,no,no,카푸나비나gx 5장 0.2
64ee8656c6a633d2f7de3043,pokemoncardgame,포켓몬 카드게임,2026-06,2026-06-05T19:10:40+09:00,known,f2955e13d841d4c29fc3e1fb,64ee8656c6a633d2f7de3043,115365,https://m.dcinside.com/board/pokemoncardgame/115365,익펜 카드 구매합니다,seller-c38e46ca3460a6cc31bd7871,Op,guest,카렌,카렌,카렌,,,buy,구매,4,0.4,4000,estimated,per_quantity,text,unknown,,active,needs_review,needs_review,"가격 단위 추정, 수량 표기 감지, 배송비 포함 여부 미확정, 복수 수량 총액 · 카드 1장 가격 아님",estimated,no,no,카렌 4장 0.4
6e5ec8597283ff6bcd13ccf5,pokemoncardgame,포켓몬 카드게임,2026-06,2026-06-05T19:10:40+09:00,known,0137219a5494ac727ffd8fdd,6e5ec8597283ff6bcd13ccf5,115365,https://m.dcinside.com/board/pokemoncardgame/115365,익펜 카드 구매합니다,seller-b64f85a06aa113322b6852ba,Op,guest,카렌,카렌,카렌,,,buy,구매,4,0.4,4000,estimated,per_quantity,text,unknown,,active,needs_review,needs_review,"가격 단위 추정, 수량 표기 감지, 배송비 포함 여부 미확정, 복수 수량 총액 · 카드 1장 가격 아님",estimated,no,no,카렌 4장 0.4
742f6087fd8ce9b1bf3dcd10,pokemoncardgame,포켓몬 카드게임,2026-06,2026-06-05T19:10:40+09:00,known,197d17fb6006dcaa7d41bcfc,742f6087fd8ce9b1bf3dcd10,115365,https://m.dcinside.com/board/pokemoncardgame/115365,익펜 카드 구매합니다,seller-e28660966420c4f39149c6e2,Op,guest,차원의 계곡,차원의 계곡,차원의 계곡,,,buy,구매,4,0.1,1000,estimated,per_quantity,text,unknown,,active,needs_review,needs_review,"가격 단위 추정, 수량 표기 감지, 배송비 포함 여부 미확정, 복수 수량 총액 · 카드 1장 가격 아님",estimated,no,no,차원의 계곡 4장 0.1
76c8641d9d4ab2e09054aec0,pokemoncardgame,포켓몬 카드게임,2026-06,2026-06-05T19:10:40+09:00,known,0137219a5494ac727ffd8fdd,76c8641d9d4ab2e09054aec0,115365,https://m.dcinside.com/board/pokemoncardgame/115365,익펜 카드 구매합니다,seller-b64f85a06aa113322b6852ba,Op,guest,켈리몬 bw8,켈리몬 bw8,켈리몬 bw8,,,buy,구매,1,0.1,1000,estimated,per_card,text,unknown,,active,needs_review,needs_review,"가격 단위 추정, 수량 표기 감지, 배송비 포함 여부 미확정",estimated,yes,no,켈리몬 bw8 1장 0.1
7a677ef0915c373a327779fd,pokemoncardgame,포켓몬 카드게임,2026-06,2026-06-05T19:10:40+09:00,known,0137219a5494ac727ffd8fdd,7a677ef0915c373a327779fd,115365,https://m.dcinside.com/board/pokemoncardgame/115365,익펜 카드 구매합니다,seller-b64f85a06aa113322b6852ba,Op,guest,대로트야느와르몽gx,대로트야느와르몽gx,대로트야느와르몽gx,,,buy,구매,1,0.3,3000,estimated,per_card,text,unknown,,active,needs_review,needs_review,"가격 단위 추정, 수량 표기 감지, 배송비 포함 여부 미확정",estimated,yes,no,대로트야느와르몽gx 1장 0.3
832f2e8a53eaab10fc8d4b92,pokemoncardgame,포켓몬 카드게임,2026-06,2026-06-05T19:10:40+09:00,known,0137219a5494ac727ffd8fdd,832f2e8a53eaab10fc8d4b92,115365,https://m.dcinside.com/board/pokemoncardgame/115365,익펜 카드 구매합니다,seller-b64f85a06aa113322b6852ba,Op,guest,따라큐 기술 흉내쟁이,따라큐 기술 흉내쟁이,따라큐(기술 흉내쟁이),,,buy,구매,2,0.5,5000,estimated,per_quantity,text,unknown,,active,needs_review,needs_review,"가격 단위 추정, 수량 표기 감지, 배송비 포함 여부 미확정, 복수 수량 총액 · 카드 1장 가격 아님",estimated,no,no,따라큐(기술 흉내쟁이) 2장 0.5
85516e0aedc6ab4c31fb323d,pokemoncardgame,포켓몬 카드게임,2026-06,2026-06-05T19:10:40+09:00,known,0137219a5494ac727ffd8fdd,85516e0aedc6ab4c31fb323d,115365,https://m.dcinside.com/board/pokemoncardgame/115365,익펜 카드 구매합니다,seller-b64f85a06aa113322b6852ba,Op,guest,아이앤트 기술 깎아없애기,아이앤트 기술 깎아없애기,아이앤트(기술 깎아없애기),,,buy,구매,1,0.1,1000,estimated,per_card,text,unknown,,active,needs_review,needs_review,"가격 단위 추정, 수량 표기 감지, 배송비 포함 여부 미확정",estimated,yes,no,아이앤트(기술 깎아없애기) 1장 0.1
8c45911b2155adb2114d8a7f,pokemoncardgame,포켓몬 카드게임,2026-06,2026-06-05T19:10:40+09:00,known,f2955e13d841d4c29fc3e1fb,8c45911b2155adb2114d8a7f,115365,https://m.dcinside.com/board/pokemoncardgame/115365,익펜 카드 구매합니다,seller-c38e46ca3460a6cc31bd7871,Op,guest,메모리 에너지,메모리 에너지,메모리 에너지,,,buy,구매,2,0.05,500,estimated,per_quantity,text,unknown,,active,needs_review,needs_review,"가격 단위 추정, 수량 표기 감지, 배송비 포함 여부 미확정, 복수 수량 총액 · 카드 1장 가격 아님",estimated,no,no,메모리 에너지 2장 0.05
8d55033ded6ef54449024c7f,pokemoncardgame,포켓몬 카드게임,2026-06,2026-06-05T19:10:40+09:00,known,f2955e13d841d4c29fc3e1fb,8d55033ded6ef54449024c7f,115365,https://m.dcinside.com/board/pokemoncardgame/115365,익펜 카드 구매합니다,seller-c38e46ca3460a6cc31bd7871,Op,guest,활력제,활력제,활력제,,,buy,구매,1,0.2,2000,estimated,per_card,text,unknown,,active,needs_review,needs_review,"가격 단위 추정, 수량 표기 감지, 배송비 포함 여부 미확정",estimated,yes,no,활력제 1장 0.2
9dfa0ef4ee3aabd5789b22cd,pokemoncardgame,포켓몬 카드게임,2026-06,2026-06-05T19:10:40+09:00,known,f2955e13d841d4c29fc3e1fb,9dfa0ef4ee3aabd5789b22cd,115365,https://m.dcinside.com/board/pokemoncardgame/115365,익펜 카드 구매합니다,seller-c38e46ca3460a6cc31bd7871,Op,guest,아이앤트 기술 깎아없애기,아이앤트 기술 깎아없애기,아이앤트(기술 깎아없애기),,,buy,구매,1,0.1,1000,estimated,per_card,text,unknown,,active,needs_review,needs_review,"가격 단위 추정, 수량 표기 감지, 배송비 포함 여부 미확정",estimated,yes,no,아이앤트(기술 깎아없애기) 1장 0.1
9f31cef8b6b9b55abd82169d,pokemoncardgame,포켓몬 카드게임,2026-06,2026-06-05T19:10:40+09:00,known,197d17fb6006dcaa7d41bcfc,9f31cef8b6b9b55abd82169d,115365,https://m.dcinside.com/board/pokemoncardgame/115365,익펜 카드 구매합니다,seller-e28660966420c4f39149c6e2,Op,guest,켈리몬 bw8,켈리몬 bw8,켈리몬 bw8,,,buy,구매,1,0.1,1000,estimated,per_card,text,unknown,,active,needs_review,needs_review,"가격 단위 추정, 수량 표기 감지, 배송비 포함 여부 미확정",estimated,yes,no,켈리몬 bw8 1장 0.1
a7ff5d856353ab0ccc4686e2,pokemoncardgame,포켓몬 카드게임,2026-06,2026-06-05T19:10:40+09:00,known,197d17fb6006dcaa7d41bcfc,a7ff5d856353ab0ccc4686e2,115365,https://m.dcinside.com/board/pokemoncardgame/115365,익펜 카드 구매합니다,seller-e28660966420c4f39149c6e2,Op,guest,아이앤트 기술 깎아없애기,아이앤트 기술 깎아없애기,아이앤트(기술 깎아없애기),,,buy,구매,1,0.1,1000,estimated,per_card,text,unknown,,active,needs_review,needs_review,"가격 단위 추정, 수량 표기 감지, 배송비 포함 여부 미확정",estimated,yes,no,아이앤트(기술 깎아없애기) 1장 0.1
ae7e2f9e7c97e6f0ef855c1c,pokemoncardgame,포켓몬 카드게임,2026-06,2026-06-05T19:10:40+09:00,known,0137219a5494ac727ffd8fdd,ae7e2f9e7c97e6f0ef855c1c,115365,https://m.dcinside.com/board/pokemoncardgame/115365,익펜 카드 구매합니다,seller-b64f85a06aa113322b6852ba,Op,guest,바랜드 특성 번견,바랜드 특성 번견,바랜드(특성 번견),,,buy,구매,2,0.5,5000,estimated,per_quantity,text,unknown,,active,needs_review,needs_review,"가격 단위 추정, 수량 표기 감지, 배송비 포함 여부 미확정, 복수 수량 총액 · 카드 1장 가격 아님",estimated,no,no,바랜드(특성 번견) 2장 0.5
b5c3576f3495085f2ff242e8,pokemoncardgame,포켓몬 카드게임,2026-06,2026-06-05T19:10:40+09:00,known,f2955e13d841d4c29fc3e1fb,b5c3576f3495085f2ff242e8,115365,https://m.dcinside.com/board/pokemoncardgame/115365,익펜 카드 구매합니다,seller-c38e46ca3460a6cc31bd7871,Op,guest,대로트야느와르몽gx,대로트야느와르몽gx,대로트야느와르몽gx,,,buy,구매,1,0.3,3000,estimated,per_card,text,unknown,,active,needs_review,needs_review,"가격 단위 추정, 수량 표기 감지, 배송비 포함 여부 미확정",estimated,yes,no,대로트야느와르몽gx 1장 0.3
b9856c640d256c936fac90ce,pokemoncardgame,포켓몬 카드게임,2026-06,2026-06-05T19:10:40+09:00,known,0137219a5494ac727ffd8fdd,b9856c640d256c936fac90ce,115365,https://m.dcinside.com/board/pokemoncardgame/115365,익펜 카드 구매합니다,seller-b64f85a06aa113322b6852ba,Op,guest,활력제,활력제,활력제,,,buy,구매,1,0.2,2000,estimated,per_card,text,unknown,,active,needs_review,needs_review,"가격 단위 추정, 수량 표기 감지, 배송비 포함 여부 미확정",estimated,yes,no,활력제 1장 0.2
bdba6cfa5ae8dc3b3f83cc78,pokemoncardgame,포켓몬 카드게임,2026-06,2026-06-05T19:10:40+09:00,known,197d17fb6006dcaa7d41bcfc,bdba6cfa5ae8dc3b3f83cc78,115365,https://m.dcinside.com/board/pokemoncardgame/115365,익펜 카드 구매합니다,seller-e28660966420c4f39149c6e2,Op,guest,메모리 에너지,메모리 에너지,메모리 에너지,,,buy,구매,2,0.05,500,estimated,per_quantity,text,unknown,,active,needs_review,needs_review,"가격 단위 추정, 수량 표기 감지, 배송비 포함 여부 미확정, 복수 수량 총액 · 카드 1장 가격 아님",estimated,no,no,메모리 에너지 2장 0.05
bf9a824618cda34d476eb581,pokemoncardgame,포켓몬 카드게임,2026-06,2026-06-05T19:10:40+09:00,known,197d17fb6006dcaa7d41bcfc,bf9a824618cda34d476eb581,115365,https://m.dcinside.com/board/pokemoncardgame/115365,익펜 카드 구매합니다,seller-e28660966420c4f39149c6e2,Op,guest,따라큐 기술 흉내쟁이,따라큐 기술 흉내쟁이,따라큐(기술 흉내쟁이),,,buy,구매,2,0.5,5000,estimated,per_quantity,text,unknown,,active,needs_review,needs_review,"가격 단위 추정, 수량 표기 감지, 배송비 포함 여부 미확정, 복수 수량 총액 · 카드 1장 가격 아님",estimated,no,no,따라큐(기술 흉내쟁이) 2장 0.5
c29e1054d164d791db1e2109,pokemoncardgame,포켓몬 카드게임,2026-06,2026-06-05T19:10:40+09:00,known,f2955e13d841d4c29fc3e1fb,c29e1054d164d791db1e2109,115365,https://m.dcinside.com/board/pokemoncardgame/115365,익펜 카드 구매합니다,seller-c38e46ca3460a6cc31bd7871,Op,guest,차원의 계곡,차원의 계곡,차원의 계곡,,,buy,구매,4,0.1,1000,estimated,per_quantity,text,unknown,,active,needs_review,needs_review,"가격 단위 추정, 수량 표기 감지, 배송비 포함 여부 미확정, 복수 수량 총액 · 카드 1장 가격 아님",estimated,no,no,차원의 계곡 4장 0.1
d0dccc9d2fe4a0046408532e,pokemoncardgame,포켓몬 카드게임,2026-06,2026-06-05T19:10:40+09:00,known,f2955e13d841d4c29fc3e1fb,d0dccc9d2fe4a0046408532e,115365,https://m.dcinside.com/board/pokemoncardgame/115365,익펜 카드 구매합니다,seller-c38e46ca3460a6cc31bd7871,Op,guest,따라큐 기술 흉내쟁이,따라큐 기술 흉내쟁이,따라큐(기술 흉내쟁이),,,buy,구매,2,0.5,5000,estimated,per_quantity,text,unknown,,active,needs_review,needs_review,"가격 단위 추정, 수량 표기 감지, 배송비 포함 여부 미확정, 복수 수량 총액 · 카드 1장 가격 아님",estimated,no,no,따라큐(기술 흉내쟁이) 2장 0.5
d35bf2f3ec9e884a933b9f0c,pokemoncardgame,포켓몬 카드게임,2026-06,2026-06-05T19:10:40+09:00,known,f2955e13d841d4c29fc3e1fb,d35bf2f3ec9e884a933b9f0c,115365,https://m.dcinside.com/board/pokemoncardgame/115365,익펜 카드 구매합니다,seller-c38e46ca3460a6cc31bd7871,Op,guest,바랜드 특성 번견,바랜드 특성 번견,바랜드(특성 번견),,,buy,구매,2,0.5,5000,estimated,per_quantity,text,unknown,,active,needs_review,needs_review,"가격 단위 추정, 수량 표기 감지, 배송비 포함 여부 미확정, 복수 수량 총액 · 카드 1장 가격 아님",estimated,no,no,바랜드(특성 번견) 2장 0.5
e055f17d30dd56d835a74cef,pokemoncardgame,포켓몬 카드게임,2026-06,2026-06-05T19:10:40+09:00,known,0137219a5494ac727ffd8fdd,e055f17d30dd56d835a74cef,115365,https://m.dcinside.com/board/pokemoncardgame/115365,익펜 카드 구매합니다,seller-b64f85a06aa113322b6852ba,Op,guest,카푸나비나gx,카푸나비나gx,카푸나비나gx,,,buy,구매,5,0.2,2000,estimated,per_quantity,text,unknown,,active,needs_review,needs_review,"가격 단위 추정, 수량 표기 감지, 배송비 포함 여부 미확정, 복수 수량 총액 · 카드 1장 가격 아님",estimated,no,no,카푸나비나gx 5장 0.2
eba9b666ccdb163d85113456,pokemoncardgame,포켓몬 카드게임,2026-06,2026-06-05T19:10:40+09:00,known,197d17fb6006dcaa7d41bcfc,eba9b666ccdb163d85113456,115365,https://m.dcinside.com/board/pokemoncardgame/115365,익펜 카드 구매합니다,seller-e28660966420c4f39149c6e2,Op,guest,카렌,카렌,카렌,,,buy,구매,4,0.4,4000,estimated,per_quantity,text,unknown,,active,needs_review,needs_review,"가격 단위 추정, 수량 표기 감지, 배송비 포함 여부 미확정, 복수 수량 총액 · 카드 1장 가격 아님",estimated,no,no,카렌 4장 0.4
ed56ae7678def8e64b3a58f7,pokemoncardgame,포켓몬 카드게임,2026-06,2026-06-05T19:10:40+09:00,known,f2955e13d841d4c29fc3e1fb,ed56ae7678def8e64b3a58f7,115365,https://m.dcinside.com/board/pokemoncardgame/115365,익펜 카드 구매합니다,seller-c38e46ca3460a6cc31bd7871,Op,guest,켈리몬 bw8,켈리몬 bw8,켈리몬 bw8,,,buy,구매,1,0.1,1000,estimated,per_card,text,unknown,,active,needs_review,needs_review,"가격 단위 추정, 수량 표기 감지, 배송비 포함 여부 미확정",estimated,yes,no,켈리몬 bw8 1장 0.1
f33c62846adde6e8d8e4511e,pokemoncardgame,포켓몬 카드게임,2026-06,2026-06-05T19:10:40+09:00,known,197d17fb6006dcaa7d41bcfc,f33c62846adde6e8d8e4511e,115365,https://m.dcinside.com/board/pokemoncardgame/115365,익펜 카드 구매합니다,seller-e28660966420c4f39149c6e2,Op,guest,프레셔스볼,프레셔스볼,프레셔스볼,,,buy,구매,2,0.05,500,estimated,per_quantity,text,unknown,,active,needs_review,needs_review,"가격 단위 추정, 수량 표기 감지, 배송비 포함 여부 미확정, 복수 수량 총액 · 카드 1장 가격 아님",estimated,no,no,프레셔스볼 2장 0.05
f46db6ba47a57bc867efa068,pokemoncardgame,포켓몬 카드게임,2026-06,2026-06-05T19:10:40+09:00,known,0137219a5494ac727ffd8fdd,f46db6ba47a57bc867efa068,115365,https://m.dcinside.com/board/pokemoncardgame/115365,익펜 카드 구매합니다,seller-b64f85a06aa113322b6852ba,Op,guest,프레셔스볼,프레셔스볼,프레셔스볼,,,buy,구매,2,0.05,500,estimated,per_quantity,text,unknown,,active,needs_review,needs_review,"가격 단위 추정, 수량 표기 감지, 배송비 포함 여부 미확정, 복수 수량 총액 · 카드 1장 가격 아님",estimated,no,no,프레셔스볼 2장 0.05
fb7dc96b0a8d6c376b00e001,pokemoncardgame,포켓몬 카드게임,2026-06,2026-06-05T19:10:40+09:00,known,197d17fb6006dcaa7d41bcfc,fb7dc96b0a8d6c376b00e001,115365,https://m.dcinside.com/board/pokemoncardgame/115365,익펜 카드 구매합니다,seller-e28660966420c4f39149c6e2,Op,guest,데덴네gx,데덴네gx,데덴네gx,,,buy,구매,5,0.3,3000,estimated,per_quantity,text,unknown,,active,needs_review,needs_review,"가격 단위 추정, 수량 표기 감지, 배송비 포함 여부 미확정, 복수 수량 총액 · 카드 1장 가격 아님",estimated,no,no,데덴네gx 5장 0.3
fc65d9b9b3235463c4ec2500,pokemoncardgame,포켓몬 카드게임,2026-06,2026-06-05T19:10:40+09:00,known,0137219a5494ac727ffd8fdd,fc65d9b9b3235463c4ec2500,115365,https://m.dcinside.com/board/pokemoncardgame/115365,익펜 카드 구매합니다,seller-b64f85a06aa113322b6852ba,Op,guest,메모리 에너지,메모리 에너지,메모리 에너지,,,buy,구매,2,0.05,500,estimated,per_quantity,text,unknown,,active,needs_review,needs_review,"가격 단위 추정, 수량 표기 감지, 배송비 포함 여부 미확정, 복수 수량 총액 · 카드 1장 가격 아님",estimated,no,no,메모리 에너지 2장 0.05
98fcea05b1dd608c0954fe0b,pokemoncardgame,포켓몬 카드게임,2026-06,2026-06-05T20:16:31+09:00,known,efcfd3d33a29800de93e09fd,98fcea05b1dd608c0954fe0b,115374,https://m.dcinside.com/board/pokemoncardgame/115374,이상한사탕 삽니다,seller-51447db26eeb90b0124d315b,포갤러,registered,상태 상관 없이,상태 상관 없이,상태 상관 없이 장당,,,buy,구매,1,0.5,5000,estimated,per_card,text,unknown,,active,needs_review,needs_review,"가격 단위 추정, 배송비 포함 여부 미확정",estimated,yes,no,상태 상관 없이 장당 0.5에 2장 삽니다
d1b6e39cd28f1db5971fa3df,pokemoncardgame,포켓몬 카드게임,2026-06,2026-06-05T20:16:31+09:00,known,6610f1d2b5159e3faa9aef81,d1b6e39cd28f1db5971fa3df,115374,https://m.dcinside.com/board/pokemoncardgame/115374,이상한사탕 삽니다,seller-51447db26eeb90b0124d315b,포갤러,registered,상태 상관 없이,상태 상관 없이,상태 상관 없이 장당,,,buy,구매,1,0.5,5000,estimated,per_card,text,unknown,,active,needs_review,needs_review,"가격 단위 추정, 배송비 포함 여부 미확정",estimated,yes,no,상태 상관 없이 장당 0.5에 2장 삽니다
d2440e612a844402a93c6760,pokemoncardgame,포켓몬 카드게임,2026-06,2026-06-05T20:16:31+09:00,known,2cc141369b03df41e051f1ae,d2440e612a844402a93c6760,115374,https://m.dcinside.com/board/pokemoncardgame/115374,이상한사탕 삽니다,seller-51447db26eeb90b0124d315b,포갤러,registered,상태 상관 없이,상태 상관 없이,상태 상관 없이 장당,,,buy,구매,1,0.5,5000,estimated,per_card,text,unknown,,active,needs_review,needs_review,"가격 단위 추정, 배송비 포함 여부 미확정",estimated,yes,no,상태 상관 없이 장당 0.5에 2장 삽니다
1144dce0ea636dfab5f78b3a,pokemoncardgame,포켓몬 카드게임,2026-06,2026-06-06T10:18:19+09:00,known,578d7e73e7960ca0cd1e9f1f,1144dce0ea636dfab5f78b3a,115429,https://m.dcinside.com/board/pokemoncardgame/115429,ar sr 구매합니다,seller-3de33deda084f473bffb6063,77r옹,registered,ar은,ar은,ar은 장당,,,buy,구매,1,0.15,1500,estimated,per_card,text,unknown,,active,needs_review,needs_review,"가격 단위 추정, 배송비 포함 여부 미확정",estimated,yes,no,ar은 장당 0.15
15b04acf8ac931b618ca195c,pokemoncardgame,포켓몬 카드게임,2026-06,2026-06-06T10:18:19+09:00,known,59aa21ab919af9b7ae7df7fb,15b04acf8ac931b618ca195c,115429,https://m.dcinside.com/board/pokemoncardgame/115429,ar sr 구매합니다,seller-3de33deda084f473bffb6063,77r옹,registered,ar은,ar은,ar은 장당,,,buy,구매,1,0.15,1500,estimated,per_card,text,unknown,,active,needs_review,needs_review,"가격 단위 추정, 배송비 포함 여부 미확정",estimated,yes,no,ar은 장당 0.15
18f251edfa1be7bdf1a5710e,pokemoncardgame,포켓몬 카드게임,2026-06,2026-06-06T10:18:19+09:00,known,59aa21ab919af9b7ae7df7fb,18f251edfa1be7bdf1a5710e,115429,https://m.dcinside.com/board/pokemoncardgame/115429,ar sr 구매합니다,seller-3de33deda084f473bffb6063,77r옹,registered,밤의들것,밤의들것,밤의들것,,,buy,구매,2,,,missing,unknown,unknown,unknown,,active,needs_review,needs_review,수량 표기 감지 · 가격 미기재,missing,no,no,밤의들것2
68a874180f7c7b8442b6785b,pokemoncardgame,포켓몬 카드게임,2026-06,2026-06-06T10:18:19+09:00,known,0f9e288d44cca53f453ae458,68a874180f7c7b8442b6785b,115429,https://m.dcinside.com/board/pokemoncardgame/115429,ar sr 구매합니다,seller-3de33deda084f473bffb6063,77r옹,registered,ar은,ar은,ar은 장당,,,buy,구매,1,0.15,1500,estimated,per_card,text,unknown,,active,needs_review,needs_review,"가격 단위 추정, 배송비 포함 여부 미확정",estimated,yes,no,ar은 장당 0.15
7622941519a7ed6e32678fdd,pokemoncardgame,포켓몬 카드게임,2026-06,2026-06-06T10:18:19+09:00,known,0f9e288d44cca53f453ae458,7622941519a7ed6e32678fdd,115429,https://m.dcinside.com/board/pokemoncardgame/115429,ar sr 구매합니다,seller-3de33deda084f473bffb6063,77r옹,registered,밤의들것,밤의들것,밤의들것,,,buy,구매,2,,,missing,unknown,unknown,unknown,,active,needs_review,needs_review,수량 표기 감지 · 가격 미기재,missing,no,no,밤의들것2
8e6ed598efd5fad0c3c46585,pokemoncardgame,포켓몬 카드게임,2026-06,2026-06-06T10:18:19+09:00,known,578d7e73e7960ca0cd1e9f1f,8e6ed598efd5fad0c3c46585,115429,https://m.dcinside.com/board/pokemoncardgame/115429,ar sr 구매합니다,seller-3de33deda084f473bffb6063,77r옹,registered,sr은,sr은,sr은 장당,,,buy,구매,1,0.2,2000,estimated,per_card,text,unknown,,active,needs_review,needs_review,"가격 단위 추정, 배송비 포함 여부 미확정",estimated,yes,no,sr은 장당 0.2에 구매합니다.
e752e576d307fadfad3221d1,pokemoncardgame,포켓몬 카드게임,2026-06,2026-06-06T10:18:19+09:00,known,59aa21ab919af9b7ae7df7fb,e752e576d307fadfad3221d1,115429,https://m.dcinside.com/board/pokemoncardgame/115429,ar sr 구매합니다,seller-3de33deda084f473bffb6063,77r옹,registered,sr은,sr은,sr은 장당,,,buy,구매,1,0.2,2000,estimated,per_card,text,unknown,,active,needs_review,needs_review,"가격 단위 추정, 배송비 포함 여부 미확정",estimated,yes,no,sr은 장당 0.2에 구매합니다.
eace7c66ddd7057d56eeb4b4,pokemoncardgame,포켓몬 카드게임,2026-06,2026-06-06T10:18:19+09:00,known,578d7e73e7960ca0cd1e9f1f,eace7c66ddd7057d56eeb4b4,115429,https://m.dcinside.com/board/pokemoncardgame/115429,ar sr 구매합니다,seller-3de33deda084f473bffb6063,77r옹,registered,밤의들것,밤의들것,밤의들것,,,buy,구매,2,,,missing,unknown,unknown,unknown,,active,needs_review,needs_review,수량 표기 감지 · 가격 미기재,missing,no,no,밤의들것2
f7fb1ca923ddf7b25306c310,pokemoncardgame,포켓몬 카드게임,2026-06,2026-06-06T10:18:19+09:00,known,0f9e288d44cca53f453ae458,f7fb1ca923ddf7b25306c310,115429,https://m.dcinside.com/board/pokemoncardgame/115429,ar sr 구매합니다,seller-3de33deda084f473bffb6063,77r옹,registered,sr은,sr은,sr은 장당,,,buy,구매,1,0.2,2000,estimated,per_card,text,unknown,,active,needs_review,needs_review,"가격 단위 추정, 배송비 포함 여부 미확정",estimated,yes,no,sr은 장당 0.2에 구매합니다.
15e8b1512375fa830127c6bd,pokemoncardgame,포켓몬 카드게임,2026-06,2026-06-06T22:49:11+09:00,known,ff11932298b2d250dc752305,15e8b1512375fa830127c6bd,115500,https://m.dcinside.com/board/pokemoncardgame/115500,과미르 ar 4장이랑 시박 ㅅㅅ,seller-c98bf4c0b71a31129c22a96c,노브랜드버거,guest,시크릿박스,시크릿박스,시크릿박스 장당,,,buy,구매,1,0.25,2500,estimated,per_card,text,unknown,,active,needs_review,needs_review,"가격 단위 추정, 수량 표기 감지, 배송비 포함 여부 미확정",estimated,yes,no,시크릿박스 1장 장당 0.25
3805eb1edea0ce92bc2b219c,pokemoncardgame,포켓몬 카드게임,2026-06,2026-06-06T22:49:11+09:00,known,a62b9852897ab96e36dc8b03,3805eb1edea0ce92bc2b219c,115500,https://m.dcinside.com/board/pokemoncardgame/115500,과미르 ar 4장이랑 시박 ㅅㅅ,seller-6e7342534bf0982c9be46ec1,노브랜드버거,guest,시크릿박스,시크릿박스,시크릿박스 장당,,,buy,구매,1,0.25,2500,estimated,per_card,text,unknown,,active,needs_review,needs_review,"가격 단위 추정, 수량 표기 감지, 배송비 포함 여부 미확정",estimated,yes,no,시크릿박스 1장 장당 0.25
8af8b0138f9a7febea417491,pokemoncardgame,포켓몬 카드게임,2026-06,2026-06-06T22:49:11+09:00,known,b377f5d20176789356c2fb5f,8af8b0138f9a7febea417491,115500,https://m.dcinside.com/board/pokemoncardgame/115500,과미르 ar 4장이랑 시박 ㅅㅅ,seller-867a52f06def3a529c3d1925,노브랜드버거,guest,과미르 ar,과미르 ar,과미르 ar 장당,,,buy,구매,4,0.2,2000,estimated,per_card,text,unknown,,active,needs_review,needs_review,"가격 단위 추정, 수량 표기 감지, 배송비 포함 여부 미확정",estimated,yes,no,과미르 ar 4장 장당 0.2
a629b3834455b797646d9690,pokemoncardgame,포켓몬 카드게임,2026-06,2026-06-06T22:49:11+09:00,known,ff11932298b2d250dc752305,a629b3834455b797646d9690,115500,https://m.dcinside.com/board/pokemoncardgame/115500,과미르 ar 4장이랑 시박 ㅅㅅ,seller-c98bf4c0b71a31129c22a96c,노브랜드버거,guest,Cu반택 .2추가해서,Cu반택 .2추가해서,Cu반택 0.2추가해서,,,buy,구매,1,1.25,12500,estimated,per_card,text,unknown,,active,needs_review,needs_review,"가격 단위 추정, 배송비 포함 여부 미확정",estimated,yes,no,Cu반택 0.2추가해서 1.25에 삽니다
cf5c84ac9d8a494ca160a8b7,pokemoncardgame,포켓몬 카드게임,2026-06,2026-06-06T22:49:11+09:00,known,a62b9852897ab96e36dc8b03,cf5c84ac9d8a494ca160a8b7,115500,https://m.dcinside.com/board/pokemoncardgame/115500,과미르 ar 4장이랑 시박 ㅅㅅ,seller-6e7342534bf0982c9be46ec1,노브랜드버거,guest,Cu반택 .2추가해서,Cu반택 .2추가해서,Cu반택 0.2추가해서,,,buy,구매,1,1.25,12500,estimated,per_card,text,unknown,,active,needs_review,needs_review,"가격 단위 추정, 배송비 포함 여부 미확정",estimated,yes,no,Cu반택 0.2추가해서 1.25에 삽니다
e1244e162b13d20a444f395a,pokemoncardgame,포켓몬 카드게임,2026-06,2026-06-06T22:49:11+09:00,known,b377f5d20176789356c2fb5f,e1244e162b13d20a444f395a,115500,https://m.dcinside.com/board/pokemoncardgame/115500,과미르 ar 4장이랑 시박 ㅅㅅ,seller-867a52f06def3a529c3d1925,노브랜드버거,guest,Cu반택 .2추가해서,Cu반택 .2추가해서,Cu반택 0.2추가해서,,,buy,구매,1,1.25,12500,estimated,per_card,text,unknown,,active,needs_review,needs_review,"가격 단위 추정, 배송비 포함 여부 미확정",estimated,yes,no,Cu반택 0.2추가해서 1.25에 삽니다
e3bc4f64b3138e12a18ca784,pokemoncardgame,포켓몬 카드게임,2026-06,2026-06-06T22:49:11+09:00,known,ff11932298b2d250dc752305,e3bc4f64b3138e12a18ca784,115500,https://m.dcinside.com/board/pokemoncardgame/115500,과미르 ar 4장이랑 시박 ㅅㅅ,seller-c98bf4c0b71a31129c22a96c,노브랜드버거,guest,과미르 ar,과미르 ar,과미르 ar 장당,,,buy,구매,4,0.2,2000,estimated,per_card,text,unknown,,active,needs_review,needs_review,"가격 단위 추정, 수량 표기 감지, 배송비 포함 여부 미확정",estimated,yes,no,과미르 ar 4장 장당 0.2
f654323fb7a15727a0eceb0a,pokemoncardgame,포켓몬 카드게임,2026-06,2026-06-06T22:49:11+09:00,known,b377f5d20176789356c2fb5f,f654323fb7a15727a0eceb0a,115500,https://m.dcinside.com/board/pokemoncardgame/115500,과미르 ar 4장이랑 시박 ㅅㅅ,seller-867a52f06def3a529c3d1925,노브랜드버거,guest,시크릿박스,시크릿박스,시크릿박스 장당,,,buy,구매,1,0.25,2500,estimated,per_card,text,unknown,,active,needs_review,needs_review,"가격 단위 추정, 수량 표기 감지, 배송비 포함 여부 미확정",estimated,yes,no,시크릿박스 1장 장당 0.25
f6c01130d2257a16ec89417d,pokemoncardgame,포켓몬 카드게임,2026-06,2026-06-06T22:49:11+09:00,known,a62b9852897ab96e36dc8b03,f6c01130d2257a16ec89417d,115500,https://m.dcinside.com/board/pokemoncardgame/115500,과미르 ar 4장이랑 시박 ㅅㅅ,seller-6e7342534bf0982c9be46ec1,노브랜드버거,guest,과미르 ar,과미르 ar,과미르 ar 장당,,,buy,구매,4,0.2,2000,estimated,per_card,text,unknown,,active,needs_review,needs_review,"가격 단위 추정, 수량 표기 감지, 배송비 포함 여부 미확정",estimated,yes,no,과미르 ar 4장 장당 0.2
36d9b0f4c1a507199a81d906,pokemoncardgame,포켓몬 카드게임,2026-06,2026-06-07T00:21:41+09:00,known,23b6ce3890d9e6ba8314e987,36d9b0f4c1a507199a81d906,115508,https://m.dcinside.com/board/pokemoncardgame/115508,암팰리스 덱 삽니다,seller-a617202cda5aed8ed2570989,lch0442,registered,릴리에의 결심 보스의 지령 하솔 람다 빼고,릴리에의 결심 보스의 지령 하솔 람다 빼고,"릴리에의 결심, 보스의 지령, 하솔 람다 빼고",,,buy,구매,5,35000,35000,exact,bundle,text,unknown,,active,needs_review,needs_review,"수량 표기 감지, 복수 카드 가격, 배송비 포함 여부 미확정, 묶음·세트 총액 · 개별 카드 가격 아님",exact,no,no,"릴리에의 결심, 보스의 지령, 하솔 1장 람다 4장 빼고 35000원에 비슷하게 구합니다"
d1a8f066b04200df2fd2a589,pokemoncardgame,포켓몬 카드게임,2026-06,2026-06-07T00:21:41+09:00,known,6322f1f105ed6f22e52c0e23,d1a8f066b04200df2fd2a589,115508,https://m.dcinside.com/board/pokemoncardgame/115508,암팰리스 덱 삽니다,seller-a617202cda5aed8ed2570989,lch0442,registered,릴리에의 결심 보스의 지령 하솔 람다 빼고,릴리에의 결심 보스의 지령 하솔 람다 빼고,"릴리에의 결심, 보스의 지령, 하솔 람다 빼고",,,buy,구매,5,35000,35000,exact,bundle,text,unknown,,active,needs_review,needs_review,"수량 표기 감지, 복수 카드 가격, 배송비 포함 여부 미확정, 묶음·세트 총액 · 개별 카드 가격 아님",exact,no,no,"릴리에의 결심, 보스의 지령, 하솔 1장 람다 4장 빼고 35000원에 비슷하게 구합니다"
e3c04ffcb7c46642d4b58c58,pokemoncardgame,포켓몬 카드게임,2026-06,2026-06-07T00:21:41+09:00,known,c5304423bb7bd0bc4ca358ac,e3c04ffcb7c46642d4b58c58,115508,https://m.dcinside.com/board/pokemoncardgame/115508,암팰리스 덱 삽니다,seller-a617202cda5aed8ed2570989,lch0442,registered,릴리에의 결심 보스의 지령 하솔 람다 빼고,릴리에의 결심 보스의 지령 하솔 람다 빼고,"릴리에의 결심, 보스의 지령, 하솔 람다 빼고",,,buy,구매,5,35000,35000,exact,bundle,text,unknown,,active,needs_review,needs_review,"수량 표기 감지, 복수 카드 가격, 배송비 포함 여부 미확정, 묶음·세트 총액 · 개별 카드 가격 아님",exact,no,no,"릴리에의 결심, 보스의 지령, 하솔 1장 람다 4장 빼고 35000원에 비슷하게 구합니다"
29dda2816a515720d21a1fcd,pokemoncardgame,포켓몬 카드게임,2026-06,2026-06-07T19:25:38+09:00,known,e4522ab70ccdae9465b31dfb,29dda2816a515720d21a1fcd,115582,https://m.dcinside.com/board/pokemoncardgame/115582,메가 개굴닌자 덱 구합니다,seller-51447db26eeb90b0124d315b,포갤러,registered,메가 개굴닌자 덱,메가 개굴닌자 덱,메가 개굴닌자 덱,,,buy,구매,1,,,missing,unknown,unknown,unknown,,active,needs_review,needs_review,"가격 후보 재검토 필요, 가격 미기재",missing,no,no,메가 개굴닌자 덱 구합니다
890874725d181506326f7b57,pokemoncardgame,포켓몬 카드게임,2026-06,2026-06-07T19:25:38+09:00,known,b8cb0e90b7f613e692d5e97f,890874725d181506326f7b57,115582,https://m.dcinside.com/board/pokemoncardgame/115582,메가 개굴닌자 덱 구합니다,seller-51447db26eeb90b0124d315b,포갤러,registered,메가 개굴닌자 덱,메가 개굴닌자 덱,메가 개굴닌자 덱,,,buy,구매,1,,,missing,unknown,unknown,unknown,,active,needs_review,needs_review,"가격 후보 재검토 필요, 가격 미기재",missing,no,no,메가 개굴닌자 덱 구합니다
e54d60faff542de3e822e564,pokemoncardgame,포켓몬 카드게임,2026-06,2026-06-07T19:25:38+09:00,known,76732e7aeaa674e0d28901d2,e54d60faff542de3e822e564,115582,https://m.dcinside.com/board/pokemoncardgame/115582,메가 개굴닌자 덱 구합니다,seller-51447db26eeb90b0124d315b,포갤러,registered,메가 개굴닌자 덱,메가 개굴닌자 덱,메가 개굴닌자 덱,,,buy,구매,1,,,missing,unknown,unknown,unknown,,active,needs_review,needs_review,"가격 후보 재검토 필요, 가격 미기재",missing,no,no,메가 개굴닌자 덱 구합니다
824e425fdfee0908974c10f1,pokemoncardgame,포켓몬 카드게임,2026-06,2026-06-07T23:18:29+09:00,known,f5489ccf8ddf5f93ccda9633,824e425fdfee0908974c10f1,115612,https://m.dcinside.com/board/pokemoncardgame/115612,메게니 덱 삽니다,seller-e15275b661119c7a48143f2d,jii,registered,탁포,탁포,탁포 3.5,,,buy,구매,1,,,missing,unknown,unknown,unknown,,active,needs_review,needs_review,"가격 후보 재검토 필요, 가격 미기재",missing,no,no,탁포 3.5-4에 구해봅니다
a3056cc2b78e639fdda91605,pokemoncardgame,포켓몬 카드게임,2026-06,2026-06-07T23:18:29+09:00,known,88d3bb260827921c5177bb70,a3056cc2b78e639fdda91605,115612,https://m.dcinside.com/board/pokemoncardgame/115612,메게니 덱 삽니다,seller-e15275b661119c7a48143f2d,jii,registered,탁포,탁포,탁포 3.5,,,buy,구매,1,,,missing,unknown,unknown,unknown,,active,needs_review,needs_review,"가격 후보 재검토 필요, 가격 미기재",missing,no,no,탁포 3.5-4에 구해봅니다
d3d6e9d0ba861b3c7c38c9e7,pokemoncardgame,포켓몬 카드게임,2026-06,2026-06-07T23:18:29+09:00,known,7e6535062d6bc130ca36c7a5,d3d6e9d0ba861b3c7c38c9e7,115612,https://m.dcinside.com/board/pokemoncardgame/115612,메게니 덱 삽니다,seller-e15275b661119c7a48143f2d,jii,registered,탁포,탁포,탁포 3.5,,,buy,구매,1,,,missing,unknown,unknown,unknown,,active,needs_review,needs_review,"가격 후보 재검토 필요, 가격 미기재",missing,no,no,탁포 3.5-4에 구해봅니다
7c616744c01a05c4871cdc71,pokemoncardgame,포켓몬 카드게임,2026-06,2026-06-08T01:36:16+09:00,known,2845881213a3af1390498ac4,7c616744c01a05c4871cdc71,115625,https://m.dcinside.com/board/pokemoncardgame/115625,디안시 덱 구합니다,seller-51447db26eeb90b0124d315b,포갤러,registered,디안시 덱,디안시 덱,디안시 덱,,,buy,구매,1,,,missing,unknown,unknown,unknown,,active,needs_review,needs_review,"가격 후보 재검토 필요, 가격 미기재",missing,no,no,디안시 덱 구합니다
ab4742f4162797d930d412aa,pokemoncardgame,포켓몬 카드게임,2026-06,2026-06-08T01:36:16+09:00,known,47b6a907596f3ffeb26de758,ab4742f4162797d930d412aa,115625,https://m.dcinside.com/board/pokemoncardgame/115625,디안시 덱 구합니다,seller-51447db26eeb90b0124d315b,포갤러,registered,디안시 덱,디안시 덱,디안시 덱,,,buy,구매,1,,,missing,unknown,unknown,unknown,,active,needs_review,needs_review,"가격 후보 재검토 필요, 가격 미기재",missing,no,no,디안시 덱 구합니다
f7b1c81bc462bff8bcabc24c,pokemoncardgame,포켓몬 카드게임,2026-06,2026-06-08T01:36:16+09:00,known,95710164a7a51623c16902f9,f7b1c81bc462bff8bcabc24c,115625,https://m.dcinside.com/board/pokemoncardgame/115625,디안시 덱 구합니다,seller-51447db26eeb90b0124d315b,포갤러,registered,디안시 덱,디안시 덱,디안시 덱,,,buy,구매,1,,,missing,unknown,unknown,unknown,,active,needs_review,needs_review,"가격 후보 재검토 필요, 가격 미기재",missing,no,no,디안시 덱 구합니다
0906985e59c34ad7f9f23639,pokemoncardgame,포켓몬 카드게임,2026-06,2026-06-08T15:13:47+09:00,known,37cb22da72173c1ab51b4ae2,0906985e59c34ad7f9f23639,115659,https://m.dcinside.com/board/pokemoncardgame/115659,오늘 용산직으로 빛나 sar 삽니다!!,seller-51447db26eeb90b0124d315b,포갤러,registered,상태 무관 까지,상태 무관 까지,상태 무관 까지 장당,,,buy,구매,2,4.0,40000,estimated,per_card,text,unknown,,active,needs_review,needs_review,"가격 단위 추정, 수량 표기 감지, 배송비 포함 여부 미확정",estimated,yes,no,상태 무관 2장까지 장당 4.0에 용산직으로 구매합니다!
5aa3c6c6e873db2d28a2f020,pokemoncardgame,포켓몬 카드게임,2026-06,2026-06-08T15:13:47+09:00,known,b4c389728c7676c039649b3c,5aa3c6c6e873db2d28a2f020,115659,https://m.dcinside.com/board/pokemoncardgame/115659,오늘 용산직으로 빛나 sar 삽니다!!,seller-51447db26eeb90b0124d315b,포갤러,registered,상태 무관 까지,상태 무관 까지,상태 무관 까지 장당,,,buy,구매,2,4.0,40000,estimated,per_card,text,unknown,,active,needs_review,needs_review,"가격 단위 추정, 수량 표기 감지, 배송비 포함 여부 미확정",estimated,yes,no,상태 무관 2장까지 장당 4.0에 용산직으로 구매합니다!
94de9ee58b4a95dd970205b4,pokemoncardgame,포켓몬 카드게임,2026-06,2026-06-08T15:13:47+09:00,known,4d02b4a50163eb3c389bf6c1,94de9ee58b4a95dd970205b4,115659,https://m.dcinside.com/board/pokemoncardgame/115659,오늘 용산직으로 빛나 sar 삽니다!!,seller-51447db26eeb90b0124d315b,포갤러,registered,상태 무관 까지,상태 무관 까지,상태 무관 까지 장당,,,buy,구매,2,4.0,40000,estimated,per_card,text,unknown,,active,needs_review,needs_review,"가격 단위 추정, 수량 표기 감지, 배송비 포함 여부 미확정",estimated,yes,no,상태 무관 2장까지 장당 4.0에 용산직으로 구매합니다!
767eb1c01166d1396105b9de,pokemoncardgame,포켓몬 카드게임,2026-06,2026-06-08T16:02:35+09:00,known,283ca70e5014a6d23fe97b13,767eb1c01166d1396105b9de,115661,https://m.dcinside.com/board/pokemoncardgame/115661,메가 개굴닌자 덱 구합니다,seller-51447db26eeb90b0124d315b,포갤러,registered,,4.0~,4.0~,,,buy,구매,1,4.5,45000,estimated,per_card,text,unknown,,active,needs_review,needs_review,"가격 단위 추정, 배송비 포함 여부 미확정",estimated,yes,no,4.0~4.5
9417b0d944e1b49c7efeefd4,pokemoncardgame,포켓몬 카드게임,2026-06,2026-06-08T16:02:35+09:00,known,24aa5cb4a854451f9e875ec5,9417b0d944e1b49c7efeefd4,115661,https://m.dcinside.com/board/pokemoncardgame/115661,메가 개굴닌자 덱 구합니다,seller-51447db26eeb90b0124d315b,포갤러,registered,,4.0~,4.0~,,,buy,구매,1,4.5,45000,estimated,per_card,text,unknown,,active,needs_review,needs_review,"가격 단위 추정, 배송비 포함 여부 미확정",estimated,yes,no,4.0~4.5
ed731d908809ac8f381e99da,pokemoncardgame,포켓몬 카드게임,2026-06,2026-06-08T16:02:35+09:00,known,3d84165c8075ab86f106b086,ed731d908809ac8f381e99da,115661,https://m.dcinside.com/board/pokemoncardgame/115661,메가 개굴닌자 덱 구합니다,seller-51447db26eeb90b0124d315b,포갤러,registered,,4.0~,4.0~,,,buy,구매,1,4.5,45000,estimated,per_card,text,unknown,,active,needs_review,needs_review,"가격 단위 추정, 배송비 포함 여부 미확정",estimated,yes,no,4.0~4.5
30665c06ccd55e26cafb1b33,pokemoncardgame,포켓몬 카드게임,2026-06,2026-06-08T16:18:33+09:00,known,6d646232719c4f46a054021e,30665c06ccd55e26cafb1b33,115663,https://m.dcinside.com/board/pokemoncardgame/115663,드래펄트덱 / 메개굴닌자덱 삽니다,seller-3929f0c9c0db7a87a0748d43,콩히어로,registered,드래펄트,드래펄트,드래펄트 4.0~,,,buy,구매,1,4.5,45000,estimated,per_card,text,unknown,,active,needs_review,needs_review,"가격 단위 추정, 배송비 포함 여부 미확정",estimated,yes,no,드래펄트 4.0~4.5
371847f3bcf493b3ae080924,pokemoncardgame,포켓몬 카드게임,2026-06,2026-06-08T16:18:33+09:00,known,bf1315c403a95d64506e74c6,371847f3bcf493b3ae080924,115663,https://m.dcinside.com/board/pokemoncardgame/115663,드래펄트덱 / 메개굴닌자덱 삽니다,seller-3929f0c9c0db7a87a0748d43,콩히어로,registered,드래펄트,드래펄트,드래펄트 4.0~,,,buy,구매,1,4.5,45000,estimated,per_card,text,unknown,,active,needs_review,needs_review,"가격 단위 추정, 배송비 포함 여부 미확정",estimated,yes,no,드래펄트 4.0~4.5
c5d2f338e7716aeaaa0e5528,pokemoncardgame,포켓몬 카드게임,2026-06,2026-06-08T16:18:33+09:00,known,9b43b5002efa5e71c6db74d2,c5d2f338e7716aeaaa0e5528,115663,https://m.dcinside.com/board/pokemoncardgame/115663,드래펄트덱 / 메개굴닌자덱 삽니다,seller-3929f0c9c0db7a87a0748d43,콩히어로,registered,드래펄트,드래펄트,드래펄트 4.0~,,,buy,구매,1,4.5,45000,estimated,per_card,text,unknown,,active,needs_review,needs_review,"가격 단위 추정, 배송비 포함 여부 미확정",estimated,yes,no,드래펄트 4.0~4.5
01c0963b4090f4c961754861,pokemoncardgame,포켓몬 카드게임,2026-06,2026-06-09T02:05:50+09:00,known,d9fd94b70e415a128afc5676,01c0963b4090f4c961754861,115714,https://m.dcinside.com/board/pokemoncardgame/115714,개굴닌자 덱 소스 구매합니다 (사진 속 카드 중 일부만),seller-dc7591cbfa58583536e1f9ed,ggnj,guest,물 에너지,물 에너지,물 에너지,,,buy,구매,5,,,missing,unknown,unknown,unknown,,active,needs_review,needs_review,수량 표기 감지 · 가격 미기재,missing,no,no,물 에너지 × 5
19f70487645a8de67feedb6d,pokemoncardgame,포켓몬 카드게임,2026-06,2026-06-09T02:05:50+09:00,known,1670213cc82b6abc3382e5f2,19f70487645a8de67feedb6d,115714,https://m.dcinside.com/board/pokemoncardgame/115714,개굴닌자 덱 소스 구매합니다 (사진 속 카드 중 일부만),seller-eb65d1e38cf6b39c301f03b0,ggnj,guest,이그니션 에너지,이그니션 에너지,이그니션 에너지,,,buy,구매,1,,,missing,unknown,unknown,unknown,,active,needs_review,needs_review,수량 표기 감지 · 가격 미기재,missing,no,no,이그니션 에너지 × 1
1ee398e50c377f00a4805a7d,pokemoncardgame,포켓몬 카드게임,2026-06,2026-06-09T02:05:50+09:00,known,d9fd94b70e415a128afc5676,1ee398e50c377f00a4805a7d,115714,https://m.dcinside.com/board/pokemoncardgame/115714,개굴닌자 덱 소스 구매합니다 (사진 속 카드 중 일부만),seller-dc7591cbfa58583536e1f9ed,ggnj,guest,드래펄트 EX,드래펄트 EX,드래펄트 EX,,,buy,구매,1,,,missing,unknown,unknown,unknown,,active,needs_review,needs_review,수량 표기 감지 · 가격 미기재,missing,no,no,드래펄트 EX × 1
243abfef12bf268e9ab810a0,pokemoncardgame,포켓몬 카드게임,2026-06,2026-06-09T02:05:50+09:00,known,1670213cc82b6abc3382e5f2,243abfef12bf268e9ab810a0,115714,https://m.dcinside.com/board/pokemoncardgame/115714,개굴닌자 덱 소스 구매합니다 (사진 속 카드 중 일부만),seller-eb65d1e38cf6b39c301f03b0,ggnj,guest,꼬몽올,꼬몽올,꼬몽올,,,buy,구매,1,,,missing,unknown,unknown,unknown,,active,needs_review,needs_review,수량 표기 감지 · 가격 미기재,missing,no,no,꼬몽올 × 1
26fa5121be0b66140b913f3a,pokemoncardgame,포켓몬 카드게임,2026-06,2026-06-09T02:05:50+09:00,known,144c912ee34313a2a72e99cb,26fa5121be0b66140b913f3a,115714,https://m.dcinside.com/board/pokemoncardgame/115714,개굴닌자 덱 소스 구매합니다 (사진 속 카드 중 일부만),seller-f8f71d0f23d1b9f3446a038b,ggnj,guest,미르시티,미르시티,미르시티,,,buy,구매,1,,,missing,unknown,unknown,unknown,,active,needs_review,needs_review,수량 표기 감지 · 가격 미기재,missing,no,no,미르시티 × 1
28361dc5c549fc74db8b2730,pokemoncardgame,포켓몬 카드게임,2026-06,2026-06-09T02:05:50+09:00,known,d9fd94b70e415a128afc5676,28361dc5c549fc74db8b2730,115714,https://m.dcinside.com/board/pokemoncardgame/115714,개굴닌자 덱 소스 구매합니다 (사진 속 카드 중 일부만),seller-dc7591cbfa58583536e1f9ed,ggnj,guest,기로치 EX,기로치 EX,기로치 EX,,,buy,구매,1,,,missing,unknown,unknown,unknown,,active,needs_review,needs_review,수량 표기 감지 · 가격 미기재,missing,no,no,기로치 EX × 1
29bf8b81ce25dddd17af9677,pokemoncardgame,포켓몬 카드게임,2026-06,2026-06-09T02:05:50+09:00,known,144c912ee34313a2a72e99cb,29bf8b81ce25dddd17af9677,115714,https://m.dcinside.com/board/pokemoncardgame/115714,개굴닌자 덱 소스 구매합니다 (사진 속 카드 중 일부만),seller-f8f71d0f23d1b9f3446a038b,ggnj,guest,드래펄트 EX,드래펄트 EX,드래펄트 EX,,,buy,구매,1,,,missing,unknown,unknown,unknown,,active,needs_review,needs_review,수량 표기 감지 · 가격 미기재,missing,no,no,드래펄트 EX × 1
2cf9ba62b2cbd67bd79b58df,pokemoncardgame,포켓몬 카드게임,2026-06,2026-06-09T02:05:50+09:00,known,1670213cc82b6abc3382e5f2,2cf9ba62b2cbd67bd79b58df,115714,https://m.dcinside.com/board/pokemoncardgame/115714,개굴닌자 덱 소스 구매합니다 (사진 속 카드 중 일부만),seller-eb65d1e38cf6b39c301f03b0,ggnj,guest,투희,투희,투희,,,buy,구매,3,,,missing,unknown,unknown,unknown,,active,needs_review,needs_review,수량 표기 감지 · 가격 미기재,missing,no,no,투희 × 3
2d853314bd2384365d1d6acf,pokemoncardgame,포켓몬 카드게임,2026-06,2026-06-09T02:05:50+09:00,known,144c912ee34313a2a72e99cb,2d853314bd2384365d1d6acf,115714,https://m.dcinside.com/board/pokemoncardgame/115714,개굴닌자 덱 소스 구매합니다 (사진 속 카드 중 일부만),seller-f8f71d0f23d1b9f3446a038b,ggnj,guest,드라꼰,드라꼰,드라꼰,,,buy,구매,3,,,missing,unknown,unknown,unknown,,active,needs_review,needs_review,수량 표기 감지 · 가격 미기재,missing,no,no,드라꼰 × 3
2fc30208aad06ba5fc4413b7,pokemoncardgame,포켓몬 카드게임,2026-06,2026-06-09T02:05:50+09:00,known,d9fd94b70e415a128afc5676,2fc30208aad06ba5fc4413b7,115714,https://m.dcinside.com/board/pokemoncardgame/115714,개굴닌자 덱 소스 구매합니다 (사진 속 카드 중 일부만),seller-dc7591cbfa58583536e1f9ed,ggnj,guest,이상한 사탕,이상한 사탕,이상한 사탕,,,buy,구매,3,,,missing,unknown,unknown,unknown,,active,needs_review,needs_review,수량 표기 감지 · 가격 미기재,missing,no,no,이상한 사탕 × 3
356402ad7878daca8cc32622,pokemoncardgame,포켓몬 카드게임,2026-06,2026-06-09T02:05:50+09:00,known,1670213cc82b6abc3382e5f2,356402ad7878daca8cc32622,115714,https://m.dcinside.com/board/pokemoncardgame/115714,개굴닌자 덱 소스 구매합니다 (사진 속 카드 중 일부만),seller-eb65d1e38cf6b39c301f03b0,ggnj,guest,재밍타워,재밍타워,재밍타워,,,buy,구매,1,,,missing,unknown,unknown,unknown,,active,needs_review,needs_review,수량 표기 감지 · 가격 미기재,missing,no,no,재밍타워 × 1
363b6603e32c58497e9b8e4e,pokemoncardgame,포켓몬 카드게임,2026-06,2026-06-09T02:05:50+09:00,known,d9fd94b70e415a128afc5676,363b6603e32c58497e9b8e4e,115714,https://m.dcinside.com/board/pokemoncardgame/115714,개굴닌자 덱 소스 구매합니다 (사진 속 카드 중 일부만),seller-dc7591cbfa58583536e1f9ed,ggnj,guest,나옹 EX,나옹 EX,나옹 EX,,,buy,구매,1,,,missing,unknown,unknown,unknown,,active,needs_review,needs_review,수량 표기 감지 · 가격 미기재,missing,no,no,나옹 EX × 1
38de15f7cfdd447f4859c88c,pokemoncardgame,포켓몬 카드게임,2026-06,2026-06-09T02:05:50+09:00,known,144c912ee34313a2a72e99cb,38de15f7cfdd447f4859c88c,115714,https://m.dcinside.com/board/pokemoncardgame/115714,개굴닌자 덱 소스 구매합니다 (사진 속 카드 중 일부만),seller-f8f71d0f23d1b9f3446a038b,ggnj,guest,개구마르,개구마르,개구마르,,,buy,구매,1,,,missing,unknown,unknown,unknown,,active,needs_review,needs_review,수량 표기 감지 · 가격 미기재,missing,no,no,개구마르 × 1
3a061133a25df6e7bb935e4b,pokemoncardgame,포켓몬 카드게임,2026-06,2026-06-09T02:05:50+09:00,known,1670213cc82b6abc3382e5f2,3a061133a25df6e7bb935e4b,115714,https://m.dcinside.com/board/pokemoncardgame/115714,개굴닌자 덱 소스 구매합니다 (사진 속 카드 중 일부만),seller-eb65d1e38cf6b39c301f03b0,ggnj,guest,미르시티,미르시티,미르시티,,,buy,구매,1,,,missing,unknown,unknown,unknown,,active,needs_review,needs_review,수량 표기 감지 · 가격 미기재,missing,no,no,미르시티 × 1
3b118eb92f035550d6ddeb30,pokemoncardgame,포켓몬 카드게임,2026-06,2026-06-09T02:05:50+09:00,known,144c912ee34313a2a72e99cb,3b118eb92f035550d6ddeb30,115714,https://m.dcinside.com/board/pokemoncardgame/115714,개굴닌자 덱 소스 구매합니다 (사진 속 카드 중 일부만),seller-f8f71d0f23d1b9f3446a038b,ggnj,guest,투희,투희,투희,,,buy,구매,3,,,missing,unknown,unknown,unknown,,active,needs_review,needs_review,수량 표기 감지 · 가격 미기재,missing,no,no,투희 × 3
429289e14e28237f540bfca3,pokemoncardgame,포켓몬 카드게임,2026-06,2026-06-09T02:05:50+09:00,known,144c912ee34313a2a72e99cb,429289e14e28237f540bfca3,115714,https://m.dcinside.com/board/pokemoncardgame/115714,개굴닌자 덱 소스 구매합니다 (사진 속 카드 중 일부만),seller-f8f71d0f23d1b9f3446a038b,ggnj,guest,절친포핀,절친포핀,절친포핀,,,buy,구매,2,,,missing,unknown,unknown,unknown,,active,needs_review,needs_review,수량 표기 감지 · 가격 미기재,missing,no,no,절친포핀 × 2
44b8ac7f95d5f42f05327ba9,pokemoncardgame,포켓몬 카드게임,2026-06,2026-06-09T02:05:50+09:00,known,1670213cc82b6abc3382e5f2,44b8ac7f95d5f42f05327ba9,115714,https://m.dcinside.com/board/pokemoncardgame/115714,개굴닌자 덱 소스 구매합니다 (사진 속 카드 중 일부만),seller-eb65d1e38cf6b39c301f03b0,ggnj,guest,드래런처,드래런처,드래런처,,,buy,구매,3,,,missing,unknown,unknown,unknown,,active,needs_review,needs_review,수량 표기 감지 · 가격 미기재,missing,no,no,드래런처 × 3
45fe4c57f6e6f8484d85195b,pokemoncardgame,포켓몬 카드게임,2026-06,2026-06-09T02:05:50+09:00,known,d9fd94b70e415a128afc5676,45fe4c57f6e6f8484d85195b,115714,https://m.dcinside.com/board/pokemoncardgame/115714,개굴닌자 덱 소스 구매합니다 (사진 속 카드 중 일부만),seller-dc7591cbfa58583536e1f9ed,ggnj,guest,네오 어퍼 에너지,네오 어퍼 에너지,네오 어퍼 에너지,,,buy,구매,1,,,missing,unknown,unknown,unknown,,active,needs_review,needs_review,수량 표기 감지 · 가격 미기재,missing,no,no,네오 어퍼 에너지 × 1
484bfb76c02032d1a47069b7,pokemoncardgame,포켓몬 카드게임,2026-06,2026-06-09T02:05:50+09:00,known,d9fd94b70e415a128afc5676,484bfb76c02032d1a47069b7,115714,https://m.dcinside.com/board/pokemoncardgame/115714,개굴닌자 덱 소스 구매합니다 (사진 속 카드 중 일부만),seller-dc7591cbfa58583536e1f9ed,ggnj,guest,재밍타워,재밍타워,재밍타워,,,buy,구매,1,,,missing,unknown,unknown,unknown,,active,needs_review,needs_review,수량 표기 감지 · 가격 미기재,missing,no,no,재밍타워 × 1
4a97fd6a72977ae076da7171,pokemoncardgame,포켓몬 카드게임,2026-06,2026-06-09T02:05:50+09:00,known,d9fd94b70e415a128afc5676,4a97fd6a72977ae076da7171,115714,https://m.dcinside.com/board/pokemoncardgame/115714,개굴닌자 덱 소스 구매합니다 (사진 속 카드 중 일부만),seller-dc7591cbfa58583536e1f9ed,ggnj,guest,꼬몽올,꼬몽올,꼬몽올,,,buy,구매,1,,,missing,unknown,unknown,unknown,,active,needs_review,needs_review,수량 표기 감지 · 가격 미기재,missing,no,no,꼬몽올 × 1
5365f3461702da527265c1fa,pokemoncardgame,포켓몬 카드게임,2026-06,2026-06-09T02:05:50+09:00,known,1670213cc82b6abc3382e5f2,5365f3461702da527265c1fa,115714,https://m.dcinside.com/board/pokemoncardgame/115714,개굴닌자 덱 소스 구매합니다 (사진 속 카드 중 일부만),seller-eb65d1e38cf6b39c301f03b0,ggnj,guest,이상한 사탕,이상한 사탕,이상한 사탕,,,buy,구매,3,,,missing,unknown,unknown,unknown,,active,needs_review,needs_review,수량 표기 감지 · 가격 미기재,missing,no,no,이상한 사탕 × 3
57314aa2776b8b44f6bde09f,pokemoncardgame,포켓몬 카드게임,2026-06,2026-06-09T02:05:50+09:00,known,d9fd94b70e415a128afc5676,57314aa2776b8b44f6bde09f,115714,https://m.dcinside.com/board/pokemoncardgame/115714,개굴닌자 덱 소스 구매합니다 (사진 속 카드 중 일부만),seller-dc7591cbfa58583536e1f9ed,ggnj,guest,절친포핀,절친포핀,절친포핀,,,buy,구매,2,,,missing,unknown,unknown,unknown,,active,needs_review,needs_review,수량 표기 감지 · 가격 미기재,missing,no,no,절친포핀 × 2
5bf5e193dc93dbc397a464a4,pokemoncardgame,포켓몬 카드게임,2026-06,2026-06-09T02:05:50+09:00,known,144c912ee34313a2a72e99cb,5bf5e193dc93dbc397a464a4,115714,https://m.dcinside.com/board/pokemoncardgame/115714,개굴닌자 덱 소스 구매합니다 (사진 속 카드 중 일부만),seller-f8f71d0f23d1b9f3446a038b,ggnj,guest,꼬몽올,꼬몽올,꼬몽올,,,buy,구매,1,,,missing,unknown,unknown,unknown,,active,needs_review,needs_review,수량 표기 감지 · 가격 미기재,missing,no,no,꼬몽올 × 1
611048f86a11c73614d8927d,pokemoncardgame,포켓몬 카드게임,2026-06,2026-06-09T02:05:50+09:00,known,1670213cc82b6abc3382e5f2,611048f86a11c73614d8927d,115714,https://m.dcinside.com/board/pokemoncardgame/115714,개굴닌자 덱 소스 구매합니다 (사진 속 카드 중 일부만),seller-eb65d1e38cf6b39c301f03b0,ggnj,guest,격개닌,격개닌,격개닌,,,buy,구매,2,,,missing,unknown,unknown,unknown,,active,needs_review,needs_review,수량 표기 감지 · 가격 미기재,missing,no,no,격개닌 × 2
65966af52dee6cf7e14f2042,pokemoncardgame,포켓몬 카드게임,2026-06,2026-06-09T02:05:50+09:00,known,1670213cc82b6abc3382e5f2,65966af52dee6cf7e14f2042,115714,https://m.dcinside.com/board/pokemoncardgame/115714,개굴닌자 덱 소스 구매합니다 (사진 속 카드 중 일부만),seller-eb65d1e38cf6b39c301f03b0,ggnj,guest,기로치 EX,기로치 EX,기로치 EX,,,buy,구매,1,,,missing,unknown,unknown,unknown,,active,needs_review,needs_review,수량 표기 감지 · 가격 미기재,missing,no,no,기로치 EX × 1
6bccf3bb1be57c39cb236f92,pokemoncardgame,포켓몬 카드게임,2026-06,2026-06-09T02:05:50+09:00,known,144c912ee34313a2a72e99cb,6bccf3bb1be57c39cb236f92,115714,https://m.dcinside.com/board/pokemoncardgame/115714,개굴닌자 덱 소스 구매합니다 (사진 속 카드 중 일부만),seller-f8f71d0f23d1b9f3446a038b,ggnj,guest,기로치 EX,기로치 EX,기로치 EX,,,buy,구매,1,,,missing,unknown,unknown,unknown,,active,needs_review,needs_review,수량 표기 감지 · 가격 미기재,missing,no,no,기로치 EX × 1
78edd0d0969285c8c76b0a04,pokemoncardgame,포켓몬 카드게임,2026-06,2026-06-09T02:05:50+09:00,known,1670213cc82b6abc3382e5f2,78edd0d0969285c8c76b0a04,115714,https://m.dcinside.com/board/pokemoncardgame/115714,개굴닌자 덱 소스 구매합니다 (사진 속 카드 중 일부만),seller-eb65d1e38cf6b39c301f03b0,ggnj,guest,드라꼰,드라꼰,드라꼰,,,buy,구매,3,,,missing,unknown,unknown,unknown,,active,needs_review,needs_review,수량 표기 감지 · 가격 미기재,missing,no,no,드라꼰 × 3
7d54777834404f0b45a672e0,pokemoncardgame,포켓몬 카드게임,2026-06,2026-06-09T02:05:50+09:00,known,d9fd94b70e415a128afc5676,7d54777834404f0b45a672e0,115714,https://m.dcinside.com/board/pokemoncardgame/115714,개굴닌자 덱 소스 구매합니다 (사진 속 카드 중 일부만),seller-dc7591cbfa58583536e1f9ed,ggnj,guest,이그니션 에너지,이그니션 에너지,이그니션 에너지,,,buy,구매,1,,,missing,unknown,unknown,unknown,,active,needs_review,needs_review,수량 표기 감지 · 가격 미기재,missing,no,no,이그니션 에너지 × 1
8a4ed998625df3077a7165fc,pokemoncardgame,포켓몬 카드게임,2026-06,2026-06-09T02:05:50+09:00,known,d9fd94b70e415a128afc5676,8a4ed998625df3077a7165fc,115714,https://m.dcinside.com/board/pokemoncardgame/115714,개굴닌자 덱 소스 구매합니다 (사진 속 카드 중 일부만),seller-dc7591cbfa58583536e1f9ed,ggnj,guest,드래런처,드래런처,드래런처,,,buy,구매,3,,,missing,unknown,unknown,unknown,,active,needs_review,needs_review,수량 표기 감지 · 가격 미기재,missing,no,no,드래런처 × 3
8a60a3b55fe05e4796142d55,pokemoncardgame,포켓몬 카드게임,2026-06,2026-06-09T02:05:50+09:00,known,144c912ee34313a2a72e99cb,8a60a3b55fe05e4796142d55,115714,https://m.dcinside.com/board/pokemoncardgame/115714,개굴닌자 덱 소스 구매합니다 (사진 속 카드 중 일부만),seller-f8f71d0f23d1b9f3446a038b,ggnj,guest,물 에너지,물 에너지,물 에너지,,,buy,구매,5,,,missing,unknown,unknown,unknown,,active,needs_review,needs_review,수량 표기 감지 · 가격 미기재,missing,no,no,물 에너지 × 5
924353c8c7b0a8e785c7139d,pokemoncardgame,포켓몬 카드게임,2026-06,2026-06-09T02:05:50+09:00,known,144c912ee34313a2a72e99cb,924353c8c7b0a8e785c7139d,115714,https://m.dcinside.com/board/pokemoncardgame/115714,개굴닌자 덱 소스 구매합니다 (사진 속 카드 중 일부만),seller-f8f71d0f23d1b9f3446a038b,ggnj,guest,드래런처,드래런처,드래런처,,,buy,구매,3,,,missing,unknown,unknown,unknown,,active,needs_review,needs_review,수량 표기 감지 · 가격 미기재,missing,no,no,드래런처 × 3
98009ecf29895d67c6d7ee5b,pokemoncardgame,포켓몬 카드게임,2026-06,2026-06-09T02:05:50+09:00,known,d9fd94b70e415a128afc5676,98009ecf29895d67c6d7ee5b,115714,https://m.dcinside.com/board/pokemoncardgame/115714,개굴닌자 덱 소스 구매합니다 (사진 속 카드 중 일부만),seller-dc7591cbfa58583536e1f9ed,ggnj,guest,격개닌,격개닌,격개닌,,,buy,구매,2,,,missing,unknown,unknown,unknown,,active,needs_review,needs_review,수량 표기 감지 · 가격 미기재,missing,no,no,격개닌 × 2
9a4285826cd3c2ac75dab44f,pokemoncardgame,포켓몬 카드게임,2026-06,2026-06-09T02:05:50+09:00,known,d9fd94b70e415a128afc5676,9a4285826cd3c2ac75dab44f,115714,https://m.dcinside.com/board/pokemoncardgame/115714,개굴닌자 덱 소스 구매합니다 (사진 속 카드 중 일부만),seller-dc7591cbfa58583536e1f9ed,ggnj,guest,개구마르,개구마르,개구마르,,,buy,구매,1,,,missing,unknown,unknown,unknown,,active,needs_review,needs_review,수량 표기 감지 · 가격 미기재,missing,no,no,개구마르 × 1
9b5721b55e45e291316ef048,pokemoncardgame,포켓몬 카드게임,2026-06,2026-06-09T02:05:50+09:00,known,144c912ee34313a2a72e99cb,9b5721b55e45e291316ef048,115714,https://m.dcinside.com/board/pokemoncardgame/115714,개굴닌자 덱 소스 구매합니다 (사진 속 카드 중 일부만),seller-f8f71d0f23d1b9f3446a038b,ggnj,guest,네오 어퍼 에너지,네오 어퍼 에너지,네오 어퍼 에너지,,,buy,구매,1,,,missing,unknown,unknown,unknown,,active,needs_review,needs_review,수량 표기 감지 · 가격 미기재,missing,no,no,네오 어퍼 에너지 × 1
9b680b3fd4dc1f4357cc2da7,pokemoncardgame,포켓몬 카드게임,2026-06,2026-06-09T02:05:50+09:00,known,d9fd94b70e415a128afc5676,9b680b3fd4dc1f4357cc2da7,115714,https://m.dcinside.com/board/pokemoncardgame/115714,개굴닌자 덱 소스 구매합니다 (사진 속 카드 중 일부만),seller-dc7591cbfa58583536e1f9ed,ggnj,guest,서퍼,서퍼,서퍼,,,buy,구매,1,,,missing,unknown,unknown,unknown,,active,needs_review,needs_review,수량 표기 감지 · 가격 미기재,missing,no,no,서퍼 × 1
9e7e4e50d43c906348a4691a,pokemoncardgame,포켓몬 카드게임,2026-06,2026-06-09T02:05:50+09:00,known,1670213cc82b6abc3382e5f2,9e7e4e50d43c906348a4691a,115714,https://m.dcinside.com/board/pokemoncardgame/115714,개굴닌자 덱 소스 구매합니다 (사진 속 카드 중 일부만),seller-eb65d1e38cf6b39c301f03b0,ggnj,guest,나옹 EX,나옹 EX,나옹 EX,,,buy,구매,1,,,missing,unknown,unknown,unknown,,active,needs_review,needs_review,수량 표기 감지 · 가격 미기재,missing,no,no,나옹 EX × 1
a09d1ed78241e8624def58f2,pokemoncardgame,포켓몬 카드게임,2026-06,2026-06-09T02:05:50+09:00,known,1670213cc82b6abc3382e5f2,a09d1ed78241e8624def58f2,115714,https://m.dcinside.com/board/pokemoncardgame/115714,개굴닌자 덱 소스 구매합니다 (사진 속 카드 중 일부만),seller-eb65d1e38cf6b39c301f03b0,ggnj,guest,절친포핀,절친포핀,절친포핀,,,buy,구매,2,,,missing,unknown,unknown,unknown,,active,needs_review,needs_review,수량 표기 감지 · 가격 미기재,missing,no,no,절친포핀 × 2
a48dd127d8a7f51d4c9c4e98,pokemoncardgame,포켓몬 카드게임,2026-06,2026-06-09T02:05:50+09:00,known,d9fd94b70e415a128afc5676,a48dd127d8a7f51d4c9c4e98,115714,https://m.dcinside.com/board/pokemoncardgame/115714,개굴닌자 덱 소스 구매합니다 (사진 속 카드 중 일부만),seller-dc7591cbfa58583536e1f9ed,ggnj,guest,드라꼰,드라꼰,드라꼰,,,buy,구매,3,,,missing,unknown,unknown,unknown,,active,needs_review,needs_review,수량 표기 감지 · 가격 미기재,missing,no,no,드라꼰 × 3
b1abe7fd4e5c2ead13163c3a,pokemoncardgame,포켓몬 카드게임,2026-06,2026-06-09T02:05:50+09:00,known,1670213cc82b6abc3382e5f2,b1abe7fd4e5c2ead13163c3a,115714,https://m.dcinside.com/board/pokemoncardgame/115714,개굴닌자 덱 소스 구매합니다 (사진 속 카드 중 일부만),seller-eb65d1e38cf6b39c301f03b0,ggnj,guest,드래펄트 EX,드래펄트 EX,드래펄트 EX,,,buy,구매,1,,,missing,unknown,unknown,unknown,,active,needs_review,needs_review,수량 표기 감지 · 가격 미기재,missing,no,no,드래펄트 EX × 1
b2d0aabaad179ef0ce8db4ea,pokemoncardgame,포켓몬 카드게임,2026-06,2026-06-09T02:05:50+09:00,known,144c912ee34313a2a72e99cb,b2d0aabaad179ef0ce8db4ea,115714,https://m.dcinside.com/board/pokemoncardgame/115714,개굴닌자 덱 소스 구매합니다 (사진 속 카드 중 일부만),seller-f8f71d0f23d1b9f3446a038b,ggnj,guest,나옹 EX,나옹 EX,나옹 EX,,,buy,구매,1,,,missing,unknown,unknown,unknown,,active,needs_review,needs_review,수량 표기 감지 · 가격 미기재,missing,no,no,나옹 EX × 1
b7073900a73caeb33c34ac35,pokemoncardgame,포켓몬 카드게임,2026-06,2026-06-09T02:05:50+09:00,known,1670213cc82b6abc3382e5f2,b7073900a73caeb33c34ac35,115714,https://m.dcinside.com/board/pokemoncardgame/115714,개굴닌자 덱 소스 구매합니다 (사진 속 카드 중 일부만),seller-eb65d1e38cf6b39c301f03b0,ggnj,guest,네오 어퍼 에너지,네오 어퍼 에너지,네오 어퍼 에너지,,,buy,구매,1,,,missing,unknown,unknown,unknown,,active,needs_review,needs_review,수량 표기 감지 · 가격 미기재,missing,no,no,네오 어퍼 에너지 × 1
b82267c9c9bba0ee6bbee0a4,pokemoncardgame,포켓몬 카드게임,2026-06,2026-06-09T02:05:50+09:00,known,144c912ee34313a2a72e99cb,b82267c9c9bba0ee6bbee0a4,115714,https://m.dcinside.com/board/pokemoncardgame/115714,개굴닌자 덱 소스 구매합니다 (사진 속 카드 중 일부만),seller-f8f71d0f23d1b9f3446a038b,ggnj,guest,재밍타워,재밍타워,재밍타워,,,buy,구매,1,,,missing,unknown,unknown,unknown,,active,needs_review,needs_review,수량 표기 감지 · 가격 미기재,missing,no,no,재밍타워 × 1
c5aac5dfa6a74dad0eb4072d,pokemoncardgame,포켓몬 카드게임,2026-06,2026-06-09T02:05:50+09:00,known,144c912ee34313a2a72e99cb,c5aac5dfa6a74dad0eb4072d,115714,https://m.dcinside.com/board/pokemoncardgame/115714,개굴닌자 덱 소스 구매합니다 (사진 속 카드 중 일부만),seller-f8f71d0f23d1b9f3446a038b,ggnj,guest,이그니션 에너지,이그니션 에너지,이그니션 에너지,,,buy,구매,1,,,missing,unknown,unknown,unknown,,active,needs_review,needs_review,수량 표기 감지 · 가격 미기재,missing,no,no,이그니션 에너지 × 1
cb5e98db63beef50cc4068ca,pokemoncardgame,포켓몬 카드게임,2026-06,2026-06-09T02:05:50+09:00,known,1670213cc82b6abc3382e5f2,cb5e98db63beef50cc4068ca,115714,https://m.dcinside.com/board/pokemoncardgame/115714,개굴닌자 덱 소스 구매합니다 (사진 속 카드 중 일부만),seller-eb65d1e38cf6b39c301f03b0,ggnj,guest,개구마르,개구마르,개구마르,,,buy,구매,1,,,missing,unknown,unknown,unknown,,active,needs_review,needs_review,수량 표기 감지 · 가격 미기재,missing,no,no,개구마르 × 1
cb8789787a9a3c3a96c10c67,pokemoncardgame,포켓몬 카드게임,2026-06,2026-06-09T02:05:50+09:00,known,144c912ee34313a2a72e99cb,cb8789787a9a3c3a96c10c67,115714,https://m.dcinside.com/board/pokemoncardgame/115714,개굴닌자 덱 소스 구매합니다 (사진 속 카드 중 일부만),seller-f8f71d0f23d1b9f3446a038b,ggnj,guest,이상한 사탕,이상한 사탕,이상한 사탕,,,buy,구매,3,,,missing,unknown,unknown,unknown,,active,needs_review,needs_review,수량 표기 감지 · 가격 미기재,missing,no,no,이상한 사탕 × 3
d9da8d8c87340a489dbd02b4,pokemoncardgame,포켓몬 카드게임,2026-06,2026-06-09T02:05:50+09:00,known,d9fd94b70e415a128afc5676,d9da8d8c87340a489dbd02b4,115714,https://m.dcinside.com/board/pokemoncardgame/115714,개굴닌자 덱 소스 구매합니다 (사진 속 카드 중 일부만),seller-dc7591cbfa58583536e1f9ed,ggnj,guest,미르시티,미르시티,미르시티,,,buy,구매,1,,,missing,unknown,unknown,unknown,,active,needs_review,needs_review,수량 표기 감지 · 가격 미기재,missing,no,no,미르시티 × 1
e0c737ca81b4828b98cc42da,pokemoncardgame,포켓몬 카드게임,2026-06,2026-06-09T02:05:50+09:00,known,d9fd94b70e415a128afc5676,e0c737ca81b4828b98cc42da,115714,https://m.dcinside.com/board/pokemoncardgame/115714,개굴닌자 덱 소스 구매합니다 (사진 속 카드 중 일부만),seller-dc7591cbfa58583536e1f9ed,ggnj,guest,투희,투희,투희,,,buy,구매,3,,,missing,unknown,unknown,unknown,,active,needs_review,needs_review,수량 표기 감지 · 가격 미기재,missing,no,no,투희 × 3
e0edfe545adbf38d84d51ff2,pokemoncardgame,포켓몬 카드게임,2026-06,2026-06-09T02:05:50+09:00,known,144c912ee34313a2a72e99cb,e0edfe545adbf38d84d51ff2,115714,https://m.dcinside.com/board/pokemoncardgame/115714,개굴닌자 덱 소스 구매합니다 (사진 속 카드 중 일부만),seller-f8f71d0f23d1b9f3446a038b,ggnj,guest,서퍼,서퍼,서퍼,,,buy,구매,1,,,missing,unknown,unknown,unknown,,active,needs_review,needs_review,수량 표기 감지 · 가격 미기재,missing,no,no,서퍼 × 1
e0fa020c8b56fc0de8d02f4e,pokemoncardgame,포켓몬 카드게임,2026-06,2026-06-09T02:05:50+09:00,known,1670213cc82b6abc3382e5f2,e0fa020c8b56fc0de8d02f4e,115714,https://m.dcinside.com/board/pokemoncardgame/115714,개굴닌자 덱 소스 구매합니다 (사진 속 카드 중 일부만),seller-eb65d1e38cf6b39c301f03b0,ggnj,guest,물 에너지,물 에너지,물 에너지,,,buy,구매,5,,,missing,unknown,unknown,unknown,,active,needs_review,needs_review,수량 표기 감지 · 가격 미기재,missing,no,no,물 에너지 × 5
fa5e5f89a4ded8dc47b42032,pokemoncardgame,포켓몬 카드게임,2026-06,2026-06-09T02:05:50+09:00,known,144c912ee34313a2a72e99cb,fa5e5f89a4ded8dc47b42032,115714,https://m.dcinside.com/board/pokemoncardgame/115714,개굴닌자 덱 소스 구매합니다 (사진 속 카드 중 일부만),seller-f8f71d0f23d1b9f3446a038b,ggnj,guest,격개닌,격개닌,격개닌,,,buy,구매,2,,,missing,unknown,unknown,unknown,,active,needs_review,needs_review,수량 표기 감지 · 가격 미기재,missing,no,no,격개닌 × 2
fc210021811a6ead22f04d2f,pokemoncardgame,포켓몬 카드게임,2026-06,2026-06-09T02:05:50+09:00,known,1670213cc82b6abc3382e5f2,fc210021811a6ead22f04d2f,115714,https://m.dcinside.com/board/pokemoncardgame/115714,개굴닌자 덱 소스 구매합니다 (사진 속 카드 중 일부만),seller-eb65d1e38cf6b39c301f03b0,ggnj,guest,서퍼,서퍼,서퍼,,,buy,구매,1,,,missing,unknown,unknown,unknown,,active,needs_review,needs_review,수량 표기 감지 · 가격 미기재,missing,no,no,서퍼 × 1
4fc1cd2007dd0e722d473b66,pokemoncardgame,포켓몬 카드게임,2026-06,2026-06-09T10:17:08+09:00,known,0649162724039515189a1a5a,4fc1cd2007dd0e722d473b66,115724,https://m.dcinside.com/board/pokemoncardgame/115724,N조로아크덱과 투희 구매합니다,seller-f0c9a24b1e7e3654d21d7a1e,ㅇㅇ,guest,투희,투희,투희 장당,,,buy,구매,4,0.4,4000,estimated,per_card,text,unknown,,active,needs_review,needs_review,"가격 단위 추정, 수량 표기 감지, 배송비 포함 여부 미확정",estimated,yes,no,투희 4장 장당 0.4
5023dfb9e0094f261dc92821,pokemoncardgame,포켓몬 카드게임,2026-06,2026-06-09T10:17:08+09:00,known,22fbfa67e757dba54a6527ad,5023dfb9e0094f261dc92821,115724,https://m.dcinside.com/board/pokemoncardgame/115724,N조로아크덱과 투희 구매합니다,seller-626cd8051906dbcd4a65b6e8,ㅇㅇ,guest,N조로아크덱,N조로아크덱,N조로아크덱,,,buy,구매,1,4.0,40000,estimated,bundle,text,unknown,,active,needs_review,needs_review,"가격 단위 추정, 배송비 포함 여부 미확정, 묶음·세트 총액 · 개별 카드 가격 아님",estimated,no,no,N조로아크덱 4.0 에구매합니다
5d814dfc440408d8245f46a3,pokemoncardgame,포켓몬 카드게임,2026-06,2026-06-09T10:17:08+09:00,known,1afc7a03001c2787957a9054,5d814dfc440408d8245f46a3,115724,https://m.dcinside.com/board/pokemoncardgame/115724,N조로아크덱과 투희 구매합니다,seller-001a870cd79317b0412ef0c4,ㅇㅇ,guest,N조로아크덱,N조로아크덱,N조로아크덱,,,buy,구매,1,4.0,40000,estimated,bundle,text,unknown,,active,needs_review,needs_review,"가격 단위 추정, 배송비 포함 여부 미확정, 묶음·세트 총액 · 개별 카드 가격 아님",estimated,no,no,N조로아크덱 4.0 에구매합니다
8183949629529a46c73ca3e3,pokemoncardgame,포켓몬 카드게임,2026-06,2026-06-09T10:17:08+09:00,known,1afc7a03001c2787957a9054,8183949629529a46c73ca3e3,115724,https://m.dcinside.com/board/pokemoncardgame/115724,N조로아크덱과 투희 구매합니다,seller-001a870cd79317b0412ef0c4,ㅇㅇ,guest,투희,투희,투희 장당,,,buy,구매,4,0.4,4000,estimated,per_card,text,unknown,,active,needs_review,needs_review,"가격 단위 추정, 수량 표기 감지, 배송비 포함 여부 미확정",estimated,yes,no,투희 4장 장당 0.4
8e1e8ab62dbba50366743803,pokemoncardgame,포켓몬 카드게임,2026-06,2026-06-09T10:17:08+09:00,known,22fbfa67e757dba54a6527ad,8e1e8ab62dbba50366743803,115724,https://m.dcinside.com/board/pokemoncardgame/115724,N조로아크덱과 투희 구매합니다,seller-626cd8051906dbcd4a65b6e8,ㅇㅇ,guest,투희,투희,투희 장당,,,buy,구매,4,0.4,4000,estimated,per_card,text,unknown,,active,needs_review,needs_review,"가격 단위 추정, 수량 표기 감지, 배송비 포함 여부 미확정",estimated,yes,no,투희 4장 장당 0.4
e8667c9447f1ccde508c3e9c,pokemoncardgame,포켓몬 카드게임,2026-06,2026-06-09T10:17:08+09:00,known,0649162724039515189a1a5a,e8667c9447f1ccde508c3e9c,115724,https://m.dcinside.com/board/pokemoncardgame/115724,N조로아크덱과 투희 구매합니다,seller-f0c9a24b1e7e3654d21d7a1e,ㅇㅇ,guest,N조로아크덱,N조로아크덱,N조로아크덱,,,buy,구매,1,4.0,40000,estimated,bundle,text,unknown,,active,needs_review,needs_review,"가격 단위 추정, 배송비 포함 여부 미확정, 묶음·세트 총액 · 개별 카드 가격 아님",estimated,no,no,N조로아크덱 4.0 에구매합니다
144e864ee443a47b366f0bae,pokemoncardgame,포켓몬 카드게임,2026-06,2026-06-09T11:38:19+09:00,known,a0e8e7c64e475cc24a8908b4,144e864ee443a47b366f0bae,115732,https://m.dcinside.com/board/pokemoncardgame/115732,시유 sar구합니다,seller-b65c3e2e4771d94d0769e5c7,Zaahen,registered,,10~,10~,,,buy,구매,1,13,130000,estimated,per_card,text,unknown,,active,needs_review,needs_review,"가격 단위 추정, 배송비 포함 여부 미확정",estimated,yes,no,10~13정도 생각중 상태는 큰 문제만 없으면 ㄱㅊ
866e0cb57b80e0b5a3a4f8b9,pokemoncardgame,포켓몬 카드게임,2026-06,2026-06-09T11:38:19+09:00,known,144825ec0e7e7a04f6940cd4,866e0cb57b80e0b5a3a4f8b9,115732,https://m.dcinside.com/board/pokemoncardgame/115732,시유 sar구합니다,seller-b65c3e2e4771d94d0769e5c7,Zaahen,registered,,10~,10~,,,buy,구매,1,13,130000,estimated,per_card,text,unknown,,active,needs_review,needs_review,"가격 단위 추정, 배송비 포함 여부 미확정",estimated,yes,no,10~13정도 생각중 상태는 큰 문제만 없으면 ㄱㅊ
a6cdaf9cf88c8ccc86196e7b,pokemoncardgame,포켓몬 카드게임,2026-06,2026-06-09T11:38:19+09:00,known,d235d2ac0aee945e2ef09e9e,a6cdaf9cf88c8ccc86196e7b,115732,https://m.dcinside.com/board/pokemoncardgame/115732,시유 sar구합니다,seller-b65c3e2e4771d94d0769e5c7,Zaahen,registered,,10~,10~,,,buy,구매,1,13,130000,estimated,per_card,text,unknown,,active,needs_review,needs_review,"가격 단위 추정, 배송비 포함 여부 미확정",estimated,yes,no,10~13정도 생각중 상태는 큰 문제만 없으면 ㄱㅊ
0a2be9490a347717eba1729e,pokemoncardgame,포켓몬 카드게임,2026-06,2026-06-09T12:36:08+09:00,known,1df445c24bcf6c3030a2e24d,0a2be9490a347717eba1729e,115738,https://m.dcinside.com/board/pokemoncardgame/115738,개굴닌자 덱 소스 구매합니다 (이미지 리스트중 일부),seller-21d1cf719e354f5d91cddea8,ggnj,guest,재밍타워,재밍타워,재밍타워,,,buy,구매,1,,,missing,unknown,unknown,unknown,,active,needs_review,needs_review,수량 표기 감지 · 가격 미기재,missing,no,no,재밍타워 × 1
0a5025f1a589994db6a1b608,pokemoncardgame,포켓몬 카드게임,2026-06,2026-06-09T12:36:08+09:00,known,1df445c24bcf6c3030a2e24d,0a5025f1a589994db6a1b608,115738,https://m.dcinside.com/board/pokemoncardgame/115738,개굴닌자 덱 소스 구매합니다 (이미지 리스트중 일부),seller-21d1cf719e354f5d91cddea8,ggnj,guest,DOM 삽입 헬퍼 현재 스크립트 위치 기준,DOM 삽입 헬퍼 현재 스크립트 위치 기준,// ---- DOM 삽입 헬퍼 (현재 스크립트 위치 기준,,,buy,구매,1,,,missing,unknown,unknown,unknown,,active,excluded,needs_review,"가격 후보 재검토 필요, 가격 미기재, 스크립트·광고 문구로 추정되는 오염 행",missing,no,no,// ---- DOM 삽입 헬퍼 (현재 스크립트 위치 기준1)
0f1936ef73b7186031a90a01,pokemoncardgame,포켓몬 카드게임,2026-06,2026-06-09T12:36:08+09:00,known,3a345fc00401526caec05296,0f1936ef73b7186031a90a01,115738,https://m.dcinside.com/board/pokemoncardgame/115738,개굴닌자 덱 소스 구매합니다 (이미지 리스트중 일부),seller-aa003feada57eaa231655cba,ggnj,guest,개구마르,개구마르,개구마르,,,buy,구매,1,,,missing,unknown,unknown,unknown,,active,needs_review,needs_review,수량 표기 감지 · 가격 미기재,missing,no,no,개구마르 × 1
13d8e11f20cf23d5cd71b0e9,pokemoncardgame,포켓몬 카드게임,2026-06,2026-06-09T12:36:08+09:00,known,1df445c24bcf6c3030a2e24d,13d8e11f20cf23d5cd71b0e9,115738,https://m.dcinside.com/board/pokemoncardgame/115738,개굴닌자 덱 소스 구매합니다 (이미지 리스트중 일부),seller-21d1cf719e354f5d91cddea8,ggnj,guest,절친포핀,절친포핀,절친포핀,,,buy,구매,2,,,missing,unknown,unknown,unknown,,active,needs_review,needs_review,수량 표기 감지 · 가격 미기재,missing,no,no,절친포핀 × 2
17643c55f18836ec16d1f1a6,pokemoncardgame,포켓몬 카드게임,2026-06,2026-06-09T12:36:08+09:00,known,e6e4eaa17a3a2068dd3ae8e4,17643c55f18836ec16d1f1a6,115738,https://m.dcinside.com/board/pokemoncardgame/115738,개굴닌자 덱 소스 구매합니다 (이미지 리스트중 일부),seller-68f7012cabdd2a27487ef719,ggnj,guest,드래펄트 EX,드래펄트 EX,드래펄트 EX,,,buy,구매,1,,,missing,unknown,unknown,unknown,,active,needs_review,needs_review,수량 표기 감지 · 가격 미기재,missing,no,no,드래펄트 EX × 1
179116beff2cb6cd936576f5,pokemoncardgame,포켓몬 카드게임,2026-06,2026-06-09T12:36:08+09:00,known,3a345fc00401526caec05296,179116beff2cb6cd936576f5,115738,https://m.dcinside.com/board/pokemoncardgame/115738,개굴닌자 덱 소스 구매합니다 (이미지 리스트중 일부),seller-aa003feada57eaa231655cba,ggnj,guest,레어도 최하로,레어도 최하로,레어도 최하로,,,buy,구매,1,2.9,29000,estimated,per_card,text,unknown,,active,needs_review,needs_review,"가격 단위 추정, 배송비 포함 여부 미확정",estimated,yes,no,레어도 최하로 2.9
1c9f3c84107a9fa53759b8bb,pokemoncardgame,포켓몬 카드게임,2026-06,2026-06-09T12:36:08+09:00,known,3a345fc00401526caec05296,1c9f3c84107a9fa53759b8bb,115738,https://m.dcinside.com/board/pokemoncardgame/115738,개굴닌자 덱 소스 구매합니다 (이미지 리스트중 일부),seller-aa003feada57eaa231655cba,ggnj,guest,미르시티,미르시티,미르시티,,,buy,구매,1,,,missing,unknown,unknown,unknown,,active,needs_review,needs_review,수량 표기 감지 · 가격 미기재,missing,no,no,미르시티 × 1
1e128c02f870b239b2f2afb1,pokemoncardgame,포켓몬 카드게임,2026-06,2026-06-09T12:36:08+09:00,known,e6e4eaa17a3a2068dd3ae8e4,1e128c02f870b239b2f2afb1,115738,https://m.dcinside.com/board/pokemoncardgame/115738,개굴닌자 덱 소스 구매합니다 (이미지 리스트중 일부),seller-68f7012cabdd2a27487ef719,ggnj,guest,개구마르,개구마르,개구마르,,,buy,구매,1,,,missing,unknown,unknown,unknown,,active,needs_review,needs_review,수량 표기 감지 · 가격 미기재,missing,no,no,개구마르 × 1
1e4d685cf814d6721f01919a,pokemoncardgame,포켓몬 카드게임,2026-06,2026-06-09T12:36:08+09:00,known,3a345fc00401526caec05296,1e4d685cf814d6721f01919a,115738,https://m.dcinside.com/board/pokemoncardgame/115738,개굴닌자 덱 소스 구매합니다 (이미지 리스트중 일부),seller-aa003feada57eaa231655cba,ggnj,guest,나옹 EX,나옹 EX,나옹 EX,,,buy,구매,1,,,missing,unknown,unknown,unknown,,active,needs_review,needs_review,수량 표기 감지 · 가격 미기재,missing,no,no,나옹 EX × 1
229bbdf5faceaeb2629355e5,pokemoncardgame,포켓몬 카드게임,2026-06,2026-06-09T12:36:08+09:00,known,3a345fc00401526caec05296,229bbdf5faceaeb2629355e5,115738,https://m.dcinside.com/board/pokemoncardgame/115738,개굴닌자 덱 소스 구매합니다 (이미지 리스트중 일부),seller-aa003feada57eaa231655cba,ggnj,guest,loadScript ' t,loadScript ' t,loadScript('//t,,,buy,구매,1,,,missing,unknown,unknown,unknown,,active,excluded,needs_review,"가격 후보 재검토 필요, 가격 미기재, 스크립트·광고 문구로 추정되는 오염 행",missing,no,no,"loadScript('//t1.kakaocdn.net/kas/static/ba.min.js', true);"
2342aabe74ff0bb3180725d3,pokemoncardgame,포켓몬 카드게임,2026-06,2026-06-09T12:36:08+09:00,known,3a345fc00401526caec05296,2342aabe74ff0bb3180725d3,115738,https://m.dcinside.com/board/pokemoncardgame/115738,개굴닌자 덱 소스 구매합니다 (이미지 리스트중 일부),seller-aa003feada57eaa231655cba,ggnj,guest,DOM 삽입 헬퍼 현재 스크립트 위치 기준,DOM 삽입 헬퍼 현재 스크립트 위치 기준,// ---- DOM 삽입 헬퍼 (현재 스크립트 위치 기준,,,buy,구매,1,,,missing,unknown,unknown,unknown,,active,excluded,needs_review,"가격 후보 재검토 필요, 가격 미기재, 스크립트·광고 문구로 추정되는 오염 행",missing,no,no,// ---- DOM 삽입 헬퍼 (현재 스크립트 위치 기준1)
288d0667b2e41ec6c5f4e906,pokemoncardgame,포켓몬 카드게임,2026-06,2026-06-09T12:36:08+09:00,known,e6e4eaa17a3a2068dd3ae8e4,288d0667b2e41ec6c5f4e906,115738,https://m.dcinside.com/board/pokemoncardgame/115738,개굴닌자 덱 소스 구매합니다 (이미지 리스트중 일부),seller-68f7012cabdd2a27487ef719,ggnj,guest,절친포핀,절친포핀,절친포핀,,,buy,구매,2,,,missing,unknown,unknown,unknown,,active,needs_review,needs_review,수량 표기 감지 · 가격 미기재,missing,no,no,절친포핀 × 2
2b51375de673322f68797c4a,pokemoncardgame,포켓몬 카드게임,2026-06,2026-06-09T12:36:08+09:00,known,e6e4eaa17a3a2068dd3ae8e4,2b51375de673322f68797c4a,115738,https://m.dcinside.com/board/pokemoncardgame/115738,개굴닌자 덱 소스 구매합니다 (이미지 리스트중 일부),seller-68f7012cabdd2a27487ef719,ggnj,guest,loadScript 'https pagead,loadScript 'https pagead,loadScript('https://pagead,,,buy,구매,1,,,missing,unknown,unknown,unknown,,active,excluded,needs_review,"가격 후보 재검토 필요, 가격 미기재, 스크립트·광고 문구로 추정되는 오염 행",missing,no,no,"loadScript('https://pagead2.googlesyndication.com/pagead/js/adsbygoogle_direct.js?client=ca-pub-8171468792791627', true, 'anonymous');"
301c2d9d0929ba98fb260ab1,pokemoncardgame,포켓몬 카드게임,2026-06,2026-06-09T12:36:08+09:00,known,1df445c24bcf6c3030a2e24d,301c2d9d0929ba98fb260ab1,115738,https://m.dcinside.com/board/pokemoncardgame/115738,개굴닌자 덱 소스 구매합니다 (이미지 리스트중 일부),seller-21d1cf719e354f5d91cddea8,ggnj,guest,투희,투희,투희,,,buy,구매,3,,,missing,unknown,unknown,unknown,,active,needs_review,needs_review,수량 표기 감지 · 가격 미기재,missing,no,no,투희 × 3
319278b1e16a5c092ff0906e,pokemoncardgame,포켓몬 카드게임,2026-06,2026-06-09T12:36:08+09:00,known,1df445c24bcf6c3030a2e24d,319278b1e16a5c092ff0906e,115738,https://m.dcinside.com/board/pokemoncardgame/115738,개굴닌자 덱 소스 구매합니다 (이미지 리스트중 일부),seller-21d1cf719e354f5d91cddea8,ggnj,guest,이그니션 에너지,이그니션 에너지,이그니션 에너지,,,buy,구매,1,,,missing,unknown,unknown,unknown,,active,needs_review,needs_review,수량 표기 감지 · 가격 미기재,missing,no,no,이그니션 에너지 × 1
33a8458337b680aef8cbec3a,pokemoncardgame,포켓몬 카드게임,2026-06,2026-06-09T12:36:08+09:00,known,1df445c24bcf6c3030a2e24d,33a8458337b680aef8cbec3a,115738,https://m.dcinside.com/board/pokemoncardgame/115738,개굴닌자 덱 소스 구매합니다 (이미지 리스트중 일부),seller-21d1cf719e354f5d91cddea8,ggnj,guest,드래펄트 EX,드래펄트 EX,드래펄트 EX,,,buy,구매,1,,,missing,unknown,unknown,unknown,,active,needs_review,needs_review,수량 표기 감지 · 가격 미기재,missing,no,no,드래펄트 EX × 1
3d6438964e8a8ba8c6183b29,pokemoncardgame,포켓몬 카드게임,2026-06,2026-06-09T12:36:08+09:00,known,1df445c24bcf6c3030a2e24d,3d6438964e8a8ba8c6183b29,115738,https://m.dcinside.com/board/pokemoncardgame/115738,개굴닌자 덱 소스 구매합니다 (이미지 리스트중 일부),seller-21d1cf719e354f5d91cddea8,ggnj,guest,나옹 EX,나옹 EX,나옹 EX,,,buy,구매,1,,,missing,unknown,unknown,unknown,,active,needs_review,needs_review,수량 표기 감지 · 가격 미기재,missing,no,no,나옹 EX × 1
407aa9b090eb7a928f8eeefc,pokemoncardgame,포켓몬 카드게임,2026-06,2026-06-09T12:36:08+09:00,known,1df445c24bcf6c3030a2e24d,407aa9b090eb7a928f8eeefc,115738,https://m.dcinside.com/board/pokemoncardgame/115738,개굴닌자 덱 소스 구매합니다 (이미지 리스트중 일부),seller-21d1cf719e354f5d91cddea8,ggnj,guest,loadScript 'https pagead,loadScript 'https pagead,loadScript('https://pagead,,,buy,구매,1,,,missing,unknown,unknown,unknown,,active,excluded,needs_review,"가격 후보 재검토 필요, 가격 미기재, 스크립트·광고 문구로 추정되는 오염 행",missing,no,no,"loadScript('https://pagead2.googlesyndication.com/pagead/js/adsbygoogle_direct.js?client=ca-pub-8171468792791627', true, 'anonymous');"
51f11cd0e6c4355fd9a37a80,pokemoncardgame,포켓몬 카드게임,2026-06,2026-06-09T12:36:08+09:00,known,3a345fc00401526caec05296,51f11cd0e6c4355fd9a37a80,115738,https://m.dcinside.com/board/pokemoncardgame/115738,개굴닌자 덱 소스 구매합니다 (이미지 리스트중 일부),seller-aa003feada57eaa231655cba,ggnj,guest,투희,투희,투희,,,buy,구매,3,,,missing,unknown,unknown,unknown,,active,needs_review,needs_review,수량 표기 감지 · 가격 미기재,missing,no,no,투희 × 3
52776c39dc89b5276556dd7c,pokemoncardgame,포켓몬 카드게임,2026-06,2026-06-09T12:36:08+09:00,known,1df445c24bcf6c3030a2e24d,52776c39dc89b5276556dd7c,115738,https://m.dcinside.com/board/pokemoncardgame/115738,개굴닌자 덱 소스 구매합니다 (이미지 리스트중 일부),seller-21d1cf719e354f5d91cddea8,ggnj,guest,꼬몽올,꼬몽올,꼬몽올,,,buy,구매,1,,,missing,unknown,unknown,unknown,,active,needs_review,needs_review,수량 표기 감지 · 가격 미기재,missing,no,no,꼬몽올 × 1
529d3c2d08ddf94672a3174a,pokemoncardgame,포켓몬 카드게임,2026-06,2026-06-09T12:36:08+09:00,known,e6e4eaa17a3a2068dd3ae8e4,529d3c2d08ddf94672a3174a,115738,https://m.dcinside.com/board/pokemoncardgame/115738,개굴닌자 덱 소스 구매합니다 (이미지 리스트중 일부),seller-68f7012cabdd2a27487ef719,ggnj,guest,격개닌,격개닌,격개닌,,,buy,구매,2,,,missing,unknown,unknown,unknown,,active,needs_review,needs_review,수량 표기 감지 · 가격 미기재,missing,no,no,격개닌 × 2
5b645a42b18104e81c0462c3,pokemoncardgame,포켓몬 카드게임,2026-06,2026-06-09T12:36:08+09:00,known,e6e4eaa17a3a2068dd3ae8e4,5b645a42b18104e81c0462c3,115738,https://m.dcinside.com/board/pokemoncardgame/115738,개굴닌자 덱 소스 구매합니다 (이미지 리스트중 일부),seller-68f7012cabdd2a27487ef719,ggnj,guest,나옹 EX,나옹 EX,나옹 EX,,,buy,구매,1,,,missing,unknown,unknown,unknown,,active,needs_review,needs_review,수량 표기 감지 · 가격 미기재,missing,no,no,나옹 EX × 1
5c63058ebe19c842f8f0734c,pokemoncardgame,포켓몬 카드게임,2026-06,2026-06-09T12:36:08+09:00,known,1df445c24bcf6c3030a2e24d,5c63058ebe19c842f8f0734c,115738,https://m.dcinside.com/board/pokemoncardgame/115738,개굴닌자 덱 소스 구매합니다 (이미지 리스트중 일부),seller-21d1cf719e354f5d91cddea8,ggnj,guest,loadScript ' t,loadScript ' t,loadScript('//t,,,buy,구매,1,,,missing,unknown,unknown,unknown,,active,excluded,needs_review,"가격 후보 재검토 필요, 가격 미기재, 스크립트·광고 문구로 추정되는 오염 행",missing,no,no,"loadScript('//t1.kakaocdn.net/kas/static/ba.min.js', true);"
5ef604063f1e27ae053bb0fa,pokemoncardgame,포켓몬 카드게임,2026-06,2026-06-09T12:36:08+09:00,known,3a345fc00401526caec05296,5ef604063f1e27ae053bb0fa,115738,https://m.dcinside.com/board/pokemoncardgame/115738,개굴닌자 덱 소스 구매합니다 (이미지 리스트중 일부),seller-aa003feada57eaa231655cba,ggnj,guest,서퍼,서퍼,서퍼,,,buy,구매,1,,,missing,unknown,unknown,unknown,,active,needs_review,needs_review,수량 표기 감지 · 가격 미기재,missing,no,no,서퍼 × 1
5fb7446c02972bc18d012819,pokemoncardgame,포켓몬 카드게임,2026-06,2026-06-09T12:36:08+09:00,known,e6e4eaa17a3a2068dd3ae8e4,5fb7446c02972bc18d012819,115738,https://m.dcinside.com/board/pokemoncardgame/115738,개굴닌자 덱 소스 구매합니다 (이미지 리스트중 일부),seller-68f7012cabdd2a27487ef719,ggnj,guest,DOM 삽입 헬퍼 현재 스크립트 위치 기준,DOM 삽입 헬퍼 현재 스크립트 위치 기준,// ---- DOM 삽입 헬퍼 (현재 스크립트 위치 기준,,,buy,구매,1,,,missing,unknown,unknown,unknown,,active,excluded,needs_review,"가격 후보 재검토 필요, 가격 미기재, 스크립트·광고 문구로 추정되는 오염 행",missing,no,no,// ---- DOM 삽입 헬퍼 (현재 스크립트 위치 기준1)
6c100a20989723efab34693f,pokemoncardgame,포켓몬 카드게임,2026-06,2026-06-09T12:36:08+09:00,known,3a345fc00401526caec05296,6c100a20989723efab34693f,115738,https://m.dcinside.com/board/pokemoncardgame/115738,개굴닌자 덱 소스 구매합니다 (이미지 리스트중 일부),seller-aa003feada57eaa231655cba,ggnj,guest,재밍타워,재밍타워,재밍타워,,,buy,구매,1,,,missing,unknown,unknown,unknown,,active,needs_review,needs_review,수량 표기 감지 · 가격 미기재,missing,no,no,재밍타워 × 1
6e186f93fb281653b97be30b,pokemoncardgame,포켓몬 카드게임,2026-06,2026-06-09T12:36:08+09:00,known,1df445c24bcf6c3030a2e24d,6e186f93fb281653b97be30b,115738,https://m.dcinside.com/board/pokemoncardgame/115738,개굴닌자 덱 소스 구매합니다 (이미지 리스트중 일부),seller-21d1cf719e354f5d91cddea8,ggnj,guest,레어도 최하로,레어도 최하로,레어도 최하로,,,buy,구매,1,2.9,29000,estimated,per_card,text,unknown,,active,needs_review,needs_review,"가격 단위 추정, 배송비 포함 여부 미확정",estimated,yes,no,레어도 최하로 2.9
76d8c2c7ca65e1ce63794e34,pokemoncardgame,포켓몬 카드게임,2026-06,2026-06-09T12:36:08+09:00,known,3a345fc00401526caec05296,76d8c2c7ca65e1ce63794e34,115738,https://m.dcinside.com/board/pokemoncardgame/115738,개굴닌자 덱 소스 구매합니다 (이미지 리스트중 일부),seller-aa003feada57eaa231655cba,ggnj,guest,물 에너지,물 에너지,물 에너지,,,buy,구매,5,,,missing,unknown,unknown,unknown,,active,needs_review,needs_review,수량 표기 감지 · 가격 미기재,missing,no,no,물 에너지 × 5
76fc25255ce14abb1ffeef38,pokemoncardgame,포켓몬 카드게임,2026-06,2026-06-09T12:36:08+09:00,known,e6e4eaa17a3a2068dd3ae8e4,76fc25255ce14abb1ffeef38,115738,https://m.dcinside.com/board/pokemoncardgame/115738,개굴닌자 덱 소스 구매합니다 (이미지 리스트중 일부),seller-68f7012cabdd2a27487ef719,ggnj,guest,loadScript ' t,loadScript ' t,loadScript('//t,,,buy,구매,1,,,missing,unknown,unknown,unknown,,active,excluded,needs_review,"가격 후보 재검토 필요, 가격 미기재, 스크립트·광고 문구로 추정되는 오염 행",missing,no,no,"loadScript('//t1.kakaocdn.net/kas/static/ba.min.js', true);"
79b7923632f72ecc3e8aa5e0,pokemoncardgame,포켓몬 카드게임,2026-06,2026-06-09T12:36:08+09:00,known,3a345fc00401526caec05296,79b7923632f72ecc3e8aa5e0,115738,https://m.dcinside.com/board/pokemoncardgame/115738,개굴닌자 덱 소스 구매합니다 (이미지 리스트중 일부),seller-aa003feada57eaa231655cba,ggnj,guest,격개닌,격개닌,격개닌,,,buy,구매,2,,,missing,unknown,unknown,unknown,,active,needs_review,needs_review,수량 표기 감지 · 가격 미기재,missing,no,no,격개닌 × 2
7a1fe80a10891fa9259eef88,pokemoncardgame,포켓몬 카드게임,2026-06,2026-06-09T12:36:08+09:00,known,e6e4eaa17a3a2068dd3ae8e4,7a1fe80a10891fa9259eef88,115738,https://m.dcinside.com/board/pokemoncardgame/115738,개굴닌자 덱 소스 구매합니다 (이미지 리스트중 일부),seller-68f7012cabdd2a27487ef719,ggnj,guest,물 에너지,물 에너지,물 에너지,,,buy,구매,5,,,missing,unknown,unknown,unknown,,active,needs_review,needs_review,수량 표기 감지 · 가격 미기재,missing,no,no,물 에너지 × 5
7a2ce68f9eb010b2487b31a0,pokemoncardgame,포켓몬 카드게임,2026-06,2026-06-09T12:36:08+09:00,known,e6e4eaa17a3a2068dd3ae8e4,7a2ce68f9eb010b2487b31a0,115738,https://m.dcinside.com/board/pokemoncardgame/115738,개굴닌자 덱 소스 구매합니다 (이미지 리스트중 일부),seller-68f7012cabdd2a27487ef719,ggnj,guest,서퍼,서퍼,서퍼,,,buy,구매,1,,,missing,unknown,unknown,unknown,,active,needs_review,needs_review,수량 표기 감지 · 가격 미기재,missing,no,no,서퍼 × 1
7d6e7a9449e32e8a375cf2b7,pokemoncardgame,포켓몬 카드게임,2026-06,2026-06-09T12:36:08+09:00,known,1df445c24bcf6c3030a2e24d,7d6e7a9449e32e8a375cf2b7,115738,https://m.dcinside.com/board/pokemoncardgame/115738,개굴닌자 덱 소스 구매합니다 (이미지 리스트중 일부),seller-21d1cf719e354f5d91cddea8,ggnj,guest,기로치 EX,기로치 EX,기로치 EX,,,buy,구매,1,,,missing,unknown,unknown,unknown,,active,needs_review,needs_review,수량 표기 감지 · 가격 미기재,missing,no,no,기로치 EX × 1
80383519ec928bed5bc33baa,pokemoncardgame,포켓몬 카드게임,2026-06,2026-06-09T12:36:08+09:00,known,3a345fc00401526caec05296,80383519ec928bed5bc33baa,115738,https://m.dcinside.com/board/pokemoncardgame/115738,개굴닌자 덱 소스 구매합니다 (이미지 리스트중 일부),seller-aa003feada57eaa231655cba,ggnj,guest,드래펄트 EX,드래펄트 EX,드래펄트 EX,,,buy,구매,1,,,missing,unknown,unknown,unknown,,active,needs_review,needs_review,수량 표기 감지 · 가격 미기재,missing,no,no,드래펄트 EX × 1
81263d382a6f4591dbf1919a,pokemoncardgame,포켓몬 카드게임,2026-06,2026-06-09T12:36:08+09:00,known,e6e4eaa17a3a2068dd3ae8e4,81263d382a6f4591dbf1919a,115738,https://m.dcinside.com/board/pokemoncardgame/115738,개굴닌자 덱 소스 구매합니다 (이미지 리스트중 일부),seller-68f7012cabdd2a27487ef719,ggnj,guest,기로치 EX,기로치 EX,기로치 EX,,,buy,구매,1,,,missing,unknown,unknown,unknown,,active,needs_review,needs_review,수량 표기 감지 · 가격 미기재,missing,no,no,기로치 EX × 1
85d61262f3d581ea560ed60c,pokemoncardgame,포켓몬 카드게임,2026-06,2026-06-09T12:36:08+09:00,known,1df445c24bcf6c3030a2e24d,85d61262f3d581ea560ed60c,115738,https://m.dcinside.com/board/pokemoncardgame/115738,개굴닌자 덱 소스 구매합니다 (이미지 리스트중 일부),seller-21d1cf719e354f5d91cddea8,ggnj,guest,개구마르,개구마르,개구마르,,,buy,구매,1,,,missing,unknown,unknown,unknown,,active,needs_review,needs_review,수량 표기 감지 · 가격 미기재,missing,no,no,개구마르 × 1
89e95dc2a3d740c07a9d6ca9,pokemoncardgame,포켓몬 카드게임,2026-06,2026-06-09T12:36:08+09:00,known,e6e4eaa17a3a2068dd3ae8e4,89e95dc2a3d740c07a9d6ca9,115738,https://m.dcinside.com/board/pokemoncardgame/115738,개굴닌자 덱 소스 구매합니다 (이미지 리스트중 일부),seller-68f7012cabdd2a27487ef719,ggnj,guest,이상한 사탕,이상한 사탕,이상한 사탕,,,buy,구매,3,,,missing,unknown,unknown,unknown,,active,needs_review,needs_review,수량 표기 감지 · 가격 미기재,missing,no,no,이상한 사탕 × 3
8a6d489c6b617e643a04a135,pokemoncardgame,포켓몬 카드게임,2026-06,2026-06-09T12:36:08+09:00,known,1df445c24bcf6c3030a2e24d,8a6d489c6b617e643a04a135,115738,https://m.dcinside.com/board/pokemoncardgame/115738,개굴닌자 덱 소스 구매합니다 (이미지 리스트중 일부),seller-21d1cf719e354f5d91cddea8,ggnj,guest,미르시티,미르시티,미르시티,,,buy,구매,1,,,missing,unknown,unknown,unknown,,active,needs_review,needs_review,수량 표기 감지 · 가격 미기재,missing,no,no,미르시티 × 1
8ad8dc427fb837cbf82c5825,pokemoncardgame,포켓몬 카드게임,2026-06,2026-06-09T12:36:08+09:00,known,1df445c24bcf6c3030a2e24d,8ad8dc427fb837cbf82c5825,115738,https://m.dcinside.com/board/pokemoncardgame/115738,개굴닌자 덱 소스 구매합니다 (이미지 리스트중 일부),seller-21d1cf719e354f5d91cddea8,ggnj,guest,var safe = window.dcAd && window.dcAd.safe ==,var safe = window.dcAd && window.dcAd.safe ==,var safe = (window.dcAd && window.dcAd.safe ==,,,buy,구매,1,1,10000,estimated,bundle,text,unknown,,active,excluded,needs_review,"가격 단위 추정, 복수 카드 가격, 배송비 포함 여부 미확정, 묶음·세트 총액 · 개별 카드 가격 아님, 스크립트·광고 문구로 추정되는 오염 행",estimated,no,no,var safe = (window.dcAd && window.dcAd.safe == 1)
8c176462de286b102f4fa580,pokemoncardgame,포켓몬 카드게임,2026-06,2026-06-09T12:36:08+09:00,known,1df445c24bcf6c3030a2e24d,8c176462de286b102f4fa580,115738,https://m.dcinside.com/board/pokemoncardgame/115738,개굴닌자 덱 소스 구매합니다 (이미지 리스트중 일부),seller-21d1cf719e354f5d91cddea8,ggnj,guest,격개닌,격개닌,격개닌,,,buy,구매,2,,,missing,unknown,unknown,unknown,,active,needs_review,needs_review,수량 표기 감지 · 가격 미기재,missing,no,no,격개닌 × 2
9299cda3433bd0fb2d6e405e,pokemoncardgame,포켓몬 카드게임,2026-06,2026-06-09T12:36:08+09:00,known,e6e4eaa17a3a2068dd3ae8e4,9299cda3433bd0fb2d6e405e,115738,https://m.dcinside.com/board/pokemoncardgame/115738,개굴닌자 덱 소스 구매합니다 (이미지 리스트중 일부),seller-68f7012cabdd2a27487ef719,ggnj,guest,미르시티,미르시티,미르시티,,,buy,구매,1,,,missing,unknown,unknown,unknown,,active,needs_review,needs_review,수량 표기 감지 · 가격 미기재,missing,no,no,미르시티 × 1
97738f6ce04d00c897051127,pokemoncardgame,포켓몬 카드게임,2026-06,2026-06-09T12:36:08+09:00,known,1df445c24bcf6c3030a2e24d,97738f6ce04d00c897051127,115738,https://m.dcinside.com/board/pokemoncardgame/115738,개굴닌자 덱 소스 구매합니다 (이미지 리스트중 일부),seller-21d1cf719e354f5d91cddea8,ggnj,guest,드래런처,드래런처,드래런처,,,buy,구매,3,,,missing,unknown,unknown,unknown,,active,needs_review,needs_review,수량 표기 감지 · 가격 미기재,missing,no,no,드래런처 × 3
9926f4b5615b752b876a4769,pokemoncardgame,포켓몬 카드게임,2026-06,2026-06-09T12:36:08+09:00,known,3a345fc00401526caec05296,9926f4b5615b752b876a4769,115738,https://m.dcinside.com/board/pokemoncardgame/115738,개굴닌자 덱 소스 구매합니다 (이미지 리스트중 일부),seller-aa003feada57eaa231655cba,ggnj,guest,이상한 사탕,이상한 사탕,이상한 사탕,,,buy,구매,3,,,missing,unknown,unknown,unknown,,active,needs_review,needs_review,수량 표기 감지 · 가격 미기재,missing,no,no,이상한 사탕 × 3
9b0a85653db6b60ea974458f,pokemoncardgame,포켓몬 카드게임,2026-06,2026-06-09T12:36:08+09:00,known,e6e4eaa17a3a2068dd3ae8e4,9b0a85653db6b60ea974458f,115738,https://m.dcinside.com/board/pokemoncardgame/115738,개굴닌자 덱 소스 구매합니다 (이미지 리스트중 일부),seller-68f7012cabdd2a27487ef719,ggnj,guest,var safe = window.dcAd && window.dcAd.safe ==,var safe = window.dcAd && window.dcAd.safe ==,var safe = (window.dcAd && window.dcAd.safe ==,,,buy,구매,1,1,10000,estimated,bundle,text,unknown,,active,excluded,needs_review,"가격 단위 추정, 복수 카드 가격, 배송비 포함 여부 미확정, 묶음·세트 총액 · 개별 카드 가격 아님, 스크립트·광고 문구로 추정되는 오염 행",estimated,no,no,var safe = (window.dcAd && window.dcAd.safe == 1)
9fae3fe86ed9c9d19eafa640,pokemoncardgame,포켓몬 카드게임,2026-06,2026-06-09T12:36:08+09:00,known,3a345fc00401526caec05296,9fae3fe86ed9c9d19eafa640,115738,https://m.dcinside.com/board/pokemoncardgame/115738,개굴닌자 덱 소스 구매합니다 (이미지 리스트중 일부),seller-aa003feada57eaa231655cba,ggnj,guest,꼬몽올,꼬몽올,꼬몽올,,,buy,구매,1,,,missing,unknown,unknown,unknown,,active,needs_review,needs_review,수량 표기 감지 · 가격 미기재,missing,no,no,꼬몽올 × 1
a5e162a34562d7d16578fe44,pokemoncardgame,포켓몬 카드게임,2026-06,2026-06-09T12:36:08+09:00,known,1df445c24bcf6c3030a2e24d,a5e162a34562d7d16578fe44,115738,https://m.dcinside.com/board/pokemoncardgame/115738,개굴닌자 덱 소스 구매합니다 (이미지 리스트중 일부),seller-21d1cf719e354f5d91cddea8,ggnj,guest,드라꼰,드라꼰,드라꼰,,,buy,구매,3,,,missing,unknown,unknown,unknown,,active,needs_review,needs_review,수량 표기 감지 · 가격 미기재,missing,no,no,드라꼰 × 3
a612f572ba2a82433d5c894d,pokemoncardgame,포켓몬 카드게임,2026-06,2026-06-09T12:36:08+09:00,known,1df445c24bcf6c3030a2e24d,a612f572ba2a82433d5c894d,115738,https://m.dcinside.com/board/pokemoncardgame/115738,개굴닌자 덱 소스 구매합니다 (이미지 리스트중 일부),seller-21d1cf719e354f5d91cddea8,ggnj,guest,서퍼,서퍼,서퍼,,,buy,구매,1,,,missing,unknown,unknown,unknown,,active,needs_review,needs_review,수량 표기 감지 · 가격 미기재,missing,no,no,서퍼 × 1
a67bd5925b193f6c16844119,pokemoncardgame,포켓몬 카드게임,2026-06,2026-06-09T12:36:08+09:00,known,e6e4eaa17a3a2068dd3ae8e4,a67bd5925b193f6c16844119,115738,https://m.dcinside.com/board/pokemoncardgame/115738,개굴닌자 덱 소스 구매합니다 (이미지 리스트중 일부),seller-68f7012cabdd2a27487ef719,ggnj,guest,꼬몽올,꼬몽올,꼬몽올,,,buy,구매,1,,,missing,unknown,unknown,unknown,,active,needs_review,needs_review,수량 표기 감지 · 가격 미기재,missing,no,no,꼬몽올 × 1
a90f55cf5ad49429a1289e9b,pokemoncardgame,포켓몬 카드게임,2026-06,2026-06-09T12:36:08+09:00,known,e6e4eaa17a3a2068dd3ae8e4,a90f55cf5ad49429a1289e9b,115738,https://m.dcinside.com/board/pokemoncardgame/115738,개굴닌자 덱 소스 구매합니다 (이미지 리스트중 일부),seller-68f7012cabdd2a27487ef719,ggnj,guest,재밍타워,재밍타워,재밍타워,,,buy,구매,1,,,missing,unknown,unknown,unknown,,active,needs_review,needs_review,수량 표기 감지 · 가격 미기재,missing,no,no,재밍타워 × 1
bae6fa0905098c7619803643,pokemoncardgame,포켓몬 카드게임,2026-06,2026-06-09T12:36:08+09:00,known,3a345fc00401526caec05296,bae6fa0905098c7619803643,115738,https://m.dcinside.com/board/pokemoncardgame/115738,개굴닌자 덱 소스 구매합니다 (이미지 리스트중 일부),seller-aa003feada57eaa231655cba,ggnj,guest,이그니션 에너지,이그니션 에너지,이그니션 에너지,,,buy,구매,1,,,missing,unknown,unknown,unknown,,active,needs_review,needs_review,수량 표기 감지 · 가격 미기재,missing,no,no,이그니션 에너지 × 1
bc368948bbbede60887f1066,pokemoncardgame,포켓몬 카드게임,2026-06,2026-06-09T12:36:08+09:00,known,e6e4eaa17a3a2068dd3ae8e4,bc368948bbbede60887f1066,115738,https://m.dcinside.com/board/pokemoncardgame/115738,개굴닌자 덱 소스 구매합니다 (이미지 리스트중 일부),seller-68f7012cabdd2a27487ef719,ggnj,guest,네오 어퍼 에너지,네오 어퍼 에너지,네오 어퍼 에너지,,,buy,구매,1,,,missing,unknown,unknown,unknown,,active,needs_review,needs_review,수량 표기 감지 · 가격 미기재,missing,no,no,네오 어퍼 에너지 × 1
beacfb51a3083ac0b3f77162,pokemoncardgame,포켓몬 카드게임,2026-06,2026-06-09T12:36:08+09:00,known,3a345fc00401526caec05296,beacfb51a3083ac0b3f77162,115738,https://m.dcinside.com/board/pokemoncardgame/115738,개굴닌자 덱 소스 구매합니다 (이미지 리스트중 일부),seller-aa003feada57eaa231655cba,ggnj,guest,네오 어퍼 에너지,네오 어퍼 에너지,네오 어퍼 에너지,,,buy,구매,1,,,missing,unknown,unknown,unknown,,active,needs_review,needs_review,수량 표기 감지 · 가격 미기재,missing,no,no,네오 어퍼 에너지 × 1
c0f2059e5b6ae571bc69d679,pokemoncardgame,포켓몬 카드게임,2026-06,2026-06-09T12:36:08+09:00,known,1df445c24bcf6c3030a2e24d,c0f2059e5b6ae571bc69d679,115738,https://m.dcinside.com/board/pokemoncardgame/115738,개굴닌자 덱 소스 구매합니다 (이미지 리스트중 일부),seller-21d1cf719e354f5d91cddea8,ggnj,guest,물 에너지,물 에너지,물 에너지,,,buy,구매,5,,,missing,unknown,unknown,unknown,,active,needs_review,needs_review,수량 표기 감지 · 가격 미기재,missing,no,no,물 에너지 × 5
c20dc5d475a2373aa0117bc0,pokemoncardgame,포켓몬 카드게임,2026-06,2026-06-09T12:36:08+09:00,known,e6e4eaa17a3a2068dd3ae8e4,c20dc5d475a2373aa0117bc0,115738,https://m.dcinside.com/board/pokemoncardgame/115738,개굴닌자 덱 소스 구매합니다 (이미지 리스트중 일부),seller-68f7012cabdd2a27487ef719,ggnj,guest,투희,투희,투희,,,buy,구매,3,,,missing,unknown,unknown,unknown,,active,needs_review,needs_review,수량 표기 감지 · 가격 미기재,missing,no,no,투희 × 3
c21b772a434579f0d4ae899a,pokemoncardgame,포켓몬 카드게임,2026-06,2026-06-09T12:36:08+09:00,known,3a345fc00401526caec05296,c21b772a434579f0d4ae899a,115738,https://m.dcinside.com/board/pokemoncardgame/115738,개굴닌자 덱 소스 구매합니다 (이미지 리스트중 일부),seller-aa003feada57eaa231655cba,ggnj,guest,드라꼰,드라꼰,드라꼰,,,buy,구매,3,,,missing,unknown,unknown,unknown,,active,needs_review,needs_review,수량 표기 감지 · 가격 미기재,missing,no,no,드라꼰 × 3
c2744541428144d20785d20d,pokemoncardgame,포켓몬 카드게임,2026-06,2026-06-09T12:36:08+09:00,known,3a345fc00401526caec05296,c2744541428144d20785d20d,115738,https://m.dcinside.com/board/pokemoncardgame/115738,개굴닌자 덱 소스 구매합니다 (이미지 리스트중 일부),seller-aa003feada57eaa231655cba,ggnj,guest,기로치 EX,기로치 EX,기로치 EX,,,buy,구매,1,,,missing,unknown,unknown,unknown,,active,needs_review,needs_review,수량 표기 감지 · 가격 미기재,missing,no,no,기로치 EX × 1
c86d4d486dbf731d347498c5,pokemoncardgame,포켓몬 카드게임,2026-06,2026-06-09T12:36:08+09:00,known,3a345fc00401526caec05296,c86d4d486dbf731d347498c5,115738,https://m.dcinside.com/board/pokemoncardgame/115738,개굴닌자 덱 소스 구매합니다 (이미지 리스트중 일부),seller-aa003feada57eaa231655cba,ggnj,guest,절친포핀,절친포핀,절친포핀,,,buy,구매,2,,,missing,unknown,unknown,unknown,,active,needs_review,needs_review,수량 표기 감지 · 가격 미기재,missing,no,no,절친포핀 × 2
ca26de928bea6e0cfcbd727e,pokemoncardgame,포켓몬 카드게임,2026-06,2026-06-09T12:36:08+09:00,known,e6e4eaa17a3a2068dd3ae8e4,ca26de928bea6e0cfcbd727e,115738,https://m.dcinside.com/board/pokemoncardgame/115738,개굴닌자 덱 소스 구매합니다 (이미지 리스트중 일부),seller-68f7012cabdd2a27487ef719,ggnj,guest,드래런처,드래런처,드래런처,,,buy,구매,3,,,missing,unknown,unknown,unknown,,active,needs_review,needs_review,수량 표기 감지 · 가격 미기재,missing,no,no,드래런처 × 3
d2cc158c4264a25b9507b024,pokemoncardgame,포켓몬 카드게임,2026-06,2026-06-09T12:36:08+09:00,known,e6e4eaa17a3a2068dd3ae8e4,d2cc158c4264a25b9507b024,115738,https://m.dcinside.com/board/pokemoncardgame/115738,개굴닌자 덱 소스 구매합니다 (이미지 리스트중 일부),seller-68f7012cabdd2a27487ef719,ggnj,guest,드라꼰,드라꼰,드라꼰,,,buy,구매,3,,,missing,unknown,unknown,unknown,,active,needs_review,needs_review,수량 표기 감지 · 가격 미기재,missing,no,no,드라꼰 × 3
dc3b9e2dbf1f86016a6d4d98,pokemoncardgame,포켓몬 카드게임,2026-06,2026-06-09T12:36:08+09:00,known,e6e4eaa17a3a2068dd3ae8e4,dc3b9e2dbf1f86016a6d4d98,115738,https://m.dcinside.com/board/pokemoncardgame/115738,개굴닌자 덱 소스 구매합니다 (이미지 리스트중 일부),seller-68f7012cabdd2a27487ef719,ggnj,guest,이그니션 에너지,이그니션 에너지,이그니션 에너지,,,buy,구매,1,,,missing,unknown,unknown,unknown,,active,needs_review,needs_review,수량 표기 감지 · 가격 미기재,missing,no,no,이그니션 에너지 × 1
e14577048dbc29cf90ce9c7f,pokemoncardgame,포켓몬 카드게임,2026-06,2026-06-09T12:36:08+09:00,known,3a345fc00401526caec05296,e14577048dbc29cf90ce9c7f,115738,https://m.dcinside.com/board/pokemoncardgame/115738,개굴닌자 덱 소스 구매합니다 (이미지 리스트중 일부),seller-aa003feada57eaa231655cba,ggnj,guest,var safe = window.dcAd && window.dcAd.safe ==,var safe = window.dcAd && window.dcAd.safe ==,var safe = (window.dcAd && window.dcAd.safe ==,,,buy,구매,1,1,10000,estimated,bundle,text,unknown,,active,excluded,needs_review,"가격 단위 추정, 복수 카드 가격, 배송비 포함 여부 미확정, 묶음·세트 총액 · 개별 카드 가격 아님, 스크립트·광고 문구로 추정되는 오염 행",estimated,no,no,var safe = (window.dcAd && window.dcAd.safe == 1)
e622abbd805ff960543a560b,pokemoncardgame,포켓몬 카드게임,2026-06,2026-06-09T12:36:08+09:00,known,3a345fc00401526caec05296,e622abbd805ff960543a560b,115738,https://m.dcinside.com/board/pokemoncardgame/115738,개굴닌자 덱 소스 구매합니다 (이미지 리스트중 일부),seller-aa003feada57eaa231655cba,ggnj,guest,드래런처,드래런처,드래런처,,,buy,구매,3,,,missing,unknown,unknown,unknown,,active,needs_review,needs_review,수량 표기 감지 · 가격 미기재,missing,no,no,드래런처 × 3
e667a79c1c6c11f1ad24eaf0,pokemoncardgame,포켓몬 카드게임,2026-06,2026-06-09T12:36:08+09:00,known,3a345fc00401526caec05296,e667a79c1c6c11f1ad24eaf0,115738,https://m.dcinside.com/board/pokemoncardgame/115738,개굴닌자 덱 소스 구매합니다 (이미지 리스트중 일부),seller-aa003feada57eaa231655cba,ggnj,guest,loadScript 'https pagead,loadScript 'https pagead,loadScript('https://pagead,,,buy,구매,1,,,missing,unknown,unknown,unknown,,active,excluded,needs_review,"가격 후보 재검토 필요, 가격 미기재, 스크립트·광고 문구로 추정되는 오염 행",missing,no,no,"loadScript('https://pagead2.googlesyndication.com/pagead/js/adsbygoogle_direct.js?client=ca-pub-8171468792791627', true, 'anonymous');"
f2ca729f6db977b3c6ada2ac,pokemoncardgame,포켓몬 카드게임,2026-06,2026-06-09T12:36:08+09:00,known,1df445c24bcf6c3030a2e24d,f2ca729f6db977b3c6ada2ac,115738,https://m.dcinside.com/board/pokemoncardgame/115738,개굴닌자 덱 소스 구매합니다 (이미지 리스트중 일부),seller-21d1cf719e354f5d91cddea8,ggnj,guest,이상한 사탕,이상한 사탕,이상한 사탕,,,buy,구매,3,,,missing,unknown,unknown,unknown,,active,needs_review,needs_review,수량 표기 감지 · 가격 미기재,missing,no,no,이상한 사탕 × 3
f51ccbf75f2624a998437803,pokemoncardgame,포켓몬 카드게임,2026-06,2026-06-09T12:36:08+09:00,known,1df445c24bcf6c3030a2e24d,f51ccbf75f2624a998437803,115738,https://m.dcinside.com/board/pokemoncardgame/115738,개굴닌자 덱 소스 구매합니다 (이미지 리스트중 일부),seller-21d1cf719e354f5d91cddea8,ggnj,guest,네오 어퍼 에너지,네오 어퍼 에너지,네오 어퍼 에너지,,,buy,구매,1,,,missing,unknown,unknown,unknown,,active,needs_review,needs_review,수량 표기 감지 · 가격 미기재,missing,no,no,네오 어퍼 에너지 × 1
fcb18b0617cd7731940027fa,pokemoncardgame,포켓몬 카드게임,2026-06,2026-06-09T12:36:08+09:00,known,e6e4eaa17a3a2068dd3ae8e4,fcb18b0617cd7731940027fa,115738,https://m.dcinside.com/board/pokemoncardgame/115738,개굴닌자 덱 소스 구매합니다 (이미지 리스트중 일부),seller-68f7012cabdd2a27487ef719,ggnj,guest,레어도 최하로,레어도 최하로,레어도 최하로,,,buy,구매,1,2.9,29000,estimated,per_card,text,unknown,,active,needs_review,needs_review,"가격 단위 추정, 배송비 포함 여부 미확정",estimated,yes,no,레어도 최하로 2.9
1e59c97ff563628a78e6db9e,pokemoncardgame,포켓몬 카드게임,2026-06,2026-06-09T18:48:56+09:00,known,6d0cef3c55923205c40907a0,1e59c97ff563628a78e6db9e,115767,https://m.dcinside.com/board/pokemoncardgame/115767,[구매완료]코리안 리그 프로모 파치리스 구해여,seller-f6f374dd9044984008e01435,파치파치리스,registered,완료 코리안 리그 프로모 파치리스 구해여,완료 코리안 리그 프로모 파치리스 구해여,완료]코리안 리그 프로모 파치리스 구해여,,,buy,구매,1,,,removed,unknown,unknown,unknown,,completed,context_only,needs_review,"가격 후보 재검토 필요, 거래 완료 글 · 현재 매물 제외, 가격 삭제 추정",removed,no,no,[구매완료]코리안 리그 프로모 파치리스 구해여
3dc57ecc2749dfa553057d3d,pokemoncardgame,포켓몬 카드게임,2026-06,2026-06-09T18:48:56+09:00,known,ffb1c2fee2d02148ab0627d7,3dc57ecc2749dfa553057d3d,115767,https://m.dcinside.com/board/pokemoncardgame/115767,[구매완료]코리안 리그 프로모 파치리스 구해여,seller-f6f374dd9044984008e01435,파치파치리스,registered,완료 코리안 리그 프로모 파치리스 구해여,완료 코리안 리그 프로모 파치리스 구해여,완료]코리안 리그 프로모 파치리스 구해여,,,buy,구매,1,,,removed,unknown,unknown,unknown,,completed,context_only,needs_review,"가격 후보 재검토 필요, 거래 완료 글 · 현재 매물 제외, 가격 삭제 추정",removed,no,no,[구매완료]코리안 리그 프로모 파치리스 구해여
53ea23be990af89e99c61d67,pokemoncardgame,포켓몬 카드게임,2026-06,2026-06-09T18:48:56+09:00,known,95346974a0e215727ccc7e9a,53ea23be990af89e99c61d67,115767,https://m.dcinside.com/board/pokemoncardgame/115767,[구매완료]코리안 리그 프로모 파치리스 구해여,seller-f6f374dd9044984008e01435,파치파치리스,registered,완료 코리안 리그 프로모 파치리스 구해여,완료 코리안 리그 프로모 파치리스 구해여,완료]코리안 리그 프로모 파치리스 구해여,,,buy,구매,1,,,removed,unknown,unknown,unknown,,completed,context_only,needs_review,"가격 후보 재검토 필요, 거래 완료 글 · 현재 매물 제외, 가격 삭제 추정",removed,no,no,[구매완료]코리안 리그 프로모 파치리스 구해여
7b317c3755d4b086b6ae1a57,pokemoncardgame,포켓몬 카드게임,2026-06,2026-06-09T23:52:20+09:00,known,4c44550c1523aefd67cd2fc6,7b317c3755d4b086b6ae1a57,115793,https://m.dcinside.com/board/pokemoncardgame/115793,난카 완덱 구합니다,seller-72436532bf546a1d89a7bc20,와하우,registered,난카 완덱,난카 완덱,난카 완덱,,,buy,구매,1,,,missing,unknown,unknown,unknown,,active,needs_review,needs_review,"가격 후보 재검토 필요, 가격 미기재",missing,no,no,난카 완덱 구합니다
ba1914146e653eb648f00b02,pokemoncardgame,포켓몬 카드게임,2026-06,2026-06-09T23:52:20+09:00,known,b0c353220e4901384491fe7b,ba1914146e653eb648f00b02,115793,https://m.dcinside.com/board/pokemoncardgame/115793,난카 완덱 구합니다,seller-72436532bf546a1d89a7bc20,와하우,registered,난카 완덱,난카 완덱,난카 완덱,,,buy,구매,1,,,missing,unknown,unknown,unknown,,active,needs_review,needs_review,"가격 후보 재검토 필요, 가격 미기재",missing,no,no,난카 완덱 구합니다
fa523b034e288d43a080d0c1,pokemoncardgame,포켓몬 카드게임,2026-06,2026-06-09T23:52:20+09:00,known,1fc15d5ef6bdccab30c3ed89,fa523b034e288d43a080d0c1,115793,https://m.dcinside.com/board/pokemoncardgame/115793,난카 완덱 구합니다,seller-72436532bf546a1d89a7bc20,와하우,registered,난카 완덱,난카 완덱,난카 완덱,,,buy,구매,1,,,missing,unknown,unknown,unknown,,active,needs_review,needs_review,"가격 후보 재검토 필요, 가격 미기재",missing,no,no,난카 완덱 구합니다
11621f10119f61da75835a4f,pokemoncardgame,포켓몬 카드게임,2026-06,2026-06-10T13:14:33+09:00,known,c2d91d7edd2b542e8cf25d28,11621f10119f61da75835a4f,115825,https://m.dcinside.com/board/pokemoncardgame/115825,후딘덱 구매해봅니다,seller-5f6cbebe668c4d96c866cdb8,ㅇㅇ,guest,후딘덱 해봅니다,후딘덱 해봅니다,후딘덱 해봅니다,,,buy,구매,1,,,missing,unknown,unknown,unknown,,active,needs_review,needs_review,"가격 후보 재검토 필요, 가격 미기재",missing,no,no,후딘덱 구매해봅니다
d996a866ffcf393bff280bda,pokemoncardgame,포켓몬 카드게임,2026-06,2026-06-10T13:14:33+09:00,known,c118c66a15bf5781ba251149,d996a866ffcf393bff280bda,115825,https://m.dcinside.com/board/pokemoncardgame/115825,후딘덱 구매해봅니다,seller-8b98ed168d08a8e1e789038d,ㅇㅇ,guest,후딘덱 해봅니다,후딘덱 해봅니다,후딘덱 해봅니다,,,buy,구매,1,,,missing,unknown,unknown,unknown,,active,needs_review,needs_review,"가격 후보 재검토 필요, 가격 미기재",missing,no,no,후딘덱 구매해봅니다
e4af31417eefda3f7615d4ac,pokemoncardgame,포켓몬 카드게임,2026-06,2026-06-10T13:14:33+09:00,known,0df2f67691a2d9f067d037e4,e4af31417eefda3f7615d4ac,115825,https://m.dcinside.com/board/pokemoncardgame/115825,후딘덱 구매해봅니다,seller-6f79caa5fc083d173e6946e8,ㅇㅇ,guest,후딘덱 해봅니다,후딘덱 해봅니다,후딘덱 해봅니다,,,buy,구매,1,,,missing,unknown,unknown,unknown,,active,needs_review,needs_review,"가격 후보 재검토 필요, 가격 미기재",missing,no,no,후딘덱 구매해봅니다
566da3c4bed31010a973c21e,pokemoncardgame,포켓몬 카드게임,2026-06,2026-06-10T14:58:37+09:00,known,ce6425c329350b1aec1c5461,566da3c4bed31010a973c21e,115839,https://m.dcinside.com/board/pokemoncardgame/115839,부스터 ex 1장 오늘 역삼직으로 구합니다,seller-1dae0d1dfb08c5887451156b,파루라,registered,부스터 ex 오늘 역삼직으로,부스터 ex 오늘 역삼직으로,부스터 ex 오늘 역삼직으로 구합니다,,,buy,구매,1,,,missing,unknown,unknown,unknown,,active,needs_review,needs_review,수량 표기 감지 · 가격 미기재,missing,no,no,부스터 ex 1장 오늘 역삼직으로 구합니다
58ab56f2ac384e140bf0462f,pokemoncardgame,포켓몬 카드게임,2026-06,2026-06-10T14:58:37+09:00,known,8bacd3d2157109652374b60e,58ab56f2ac384e140bf0462f,115839,https://m.dcinside.com/board/pokemoncardgame/115839,부스터 ex 1장 오늘 역삼직으로 구합니다,seller-1dae0d1dfb08c5887451156b,파루라,registered,부스터 ex 오늘 역삼직으로,부스터 ex 오늘 역삼직으로,부스터 ex 오늘 역삼직으로 구합니다,,,buy,구매,1,,,missing,unknown,unknown,unknown,,active,needs_review,needs_review,수량 표기 감지 · 가격 미기재,missing,no,no,부스터 ex 1장 오늘 역삼직으로 구합니다
8cb3047960fda3a8bc908c54,pokemoncardgame,포켓몬 카드게임,2026-06,2026-06-10T14:58:37+09:00,known,f1b2502d7b3d7cfb74356264,8cb3047960fda3a8bc908c54,115839,https://m.dcinside.com/board/pokemoncardgame/115839,부스터 ex 1장 오늘 역삼직으로 구합니다,seller-1dae0d1dfb08c5887451156b,파루라,registered,부스터 ex 오늘 역삼직으로,부스터 ex 오늘 역삼직으로,부스터 ex 오늘 역삼직으로 구합니다,,,buy,구매,1,,,missing,unknown,unknown,unknown,,active,needs_review,needs_review,수량 표기 감지 · 가격 미기재,missing,no,no,부스터 ex 1장 오늘 역삼직으로 구합니다
1895b44c2f8af10dfe18c094,pokemoncardgame,포켓몬 카드게임,2026-06,2026-06-10T15:43:05+09:00,known,ffda530228e2940b938376c3,1895b44c2f8af10dfe18c094,115842,https://m.dcinside.com/board/pokemoncardgame/115842,호브 덱오늘 역삼직 구매합니다,seller-51447db26eeb90b0124d315b,포갤러,registered,호브 덱,호브 덱,호브 덱,,,buy,구매,1,4.5,45000,estimated,bundle,text,unknown,,active,needs_review,needs_review,"가격 단위 추정, 배송비 포함 여부 미확정, 묶음·세트 총액 · 개별 카드 가격 아님",estimated,no,no,호브 덱 4.5에 구매합니다! 역삼직으로 구하고 있습니다
4e3cea68ded36c8149dd3604,pokemoncardgame,포켓몬 카드게임,2026-06,2026-06-10T15:43:05+09:00,known,e834d66fe6bf0daed12d156a,4e3cea68ded36c8149dd3604,115842,https://m.dcinside.com/board/pokemoncardgame/115842,호브 덱오늘 역삼직 구매합니다,seller-51447db26eeb90b0124d315b,포갤러,registered,호브 덱,호브 덱,호브 덱,,,buy,구매,1,4.5,45000,estimated,bundle,text,unknown,,active,needs_review,needs_review,"가격 단위 추정, 배송비 포함 여부 미확정, 묶음·세트 총액 · 개별 카드 가격 아님",estimated,no,no,호브 덱 4.5에 구매합니다! 역삼직으로 구하고 있습니다
be236c7de9677d2f66f35754,pokemoncardgame,포켓몬 카드게임,2026-06,2026-06-10T15:43:05+09:00,known,ad14161ee7b9423a5947c1ca,be236c7de9677d2f66f35754,115842,https://m.dcinside.com/board/pokemoncardgame/115842,호브 덱오늘 역삼직 구매합니다,seller-51447db26eeb90b0124d315b,포갤러,registered,호브 덱,호브 덱,호브 덱,,,buy,구매,1,4.5,45000,estimated,bundle,text,unknown,,active,needs_review,needs_review,"가격 단위 추정, 배송비 포함 여부 미확정, 묶음·세트 총액 · 개별 카드 가격 아님",estimated,no,no,호브 덱 4.5에 구매합니다! 역삼직으로 구하고 있습니다
697a3ce022191f91c142b9a8,pokemoncardgame,포켓몬 카드게임,2026-06,2026-06-10T20:41:06+09:00,known,e259cf97d300a4f4a5670746,697a3ce022191f91c142b9a8,115873,https://m.dcinside.com/board/pokemoncardgame/115873,후딘덱소스 삽니다,seller-51447db26eeb90b0124d315b,포갤러,registered,후딘덱소스,후딘덱소스,후딘덱소스,,,buy,구매,1,,,missing,unknown,unknown,unknown,,active,needs_review,needs_review,"가격 후보 재검토 필요, 가격 미기재",missing,no,no,후딘덱소스 삽니다
a378f1ca3305d492333dbc89,pokemoncardgame,포켓몬 카드게임,2026-06,2026-06-10T20:41:06+09:00,known,554f0ca9533998107413f290,a378f1ca3305d492333dbc89,115873,https://m.dcinside.com/board/pokemoncardgame/115873,후딘덱소스 삽니다,seller-51447db26eeb90b0124d315b,포갤러,registered,후딘덱소스,후딘덱소스,후딘덱소스,,,buy,구매,1,,,missing,unknown,unknown,unknown,,active,needs_review,needs_review,"가격 후보 재검토 필요, 가격 미기재",missing,no,no,후딘덱소스 삽니다
a5b7226f45e301be291cb842,pokemoncardgame,포켓몬 카드게임,2026-06,2026-06-10T20:41:06+09:00,known,241738133f72a1028468ce57,a5b7226f45e301be291cb842,115873,https://m.dcinside.com/board/pokemoncardgame/115873,후딘덱소스 삽니다,seller-51447db26eeb90b0124d315b,포갤러,registered,후딘덱소스,후딘덱소스,후딘덱소스,,,buy,구매,1,,,missing,unknown,unknown,unknown,,active,needs_review,needs_review,"가격 후보 재검토 필요, 가격 미기재",missing,no,no,후딘덱소스 삽니다
85bcdd7ded99d08e4b49d208,pokemoncardgame,포켓몬 카드게임,2026-06,2026-06-10T21:32:24+09:00,known,6d3bb6d0946385ff4efc71dd,85bcdd7ded99d08e4b49d208,115878,https://m.dcinside.com/board/pokemoncardgame/115878,후딘덱 삽니다,seller-51447db26eeb90b0124d315b,포갤러,registered,후딘덱,후딘덱,후딘덱,,,buy,구매,1,,,missing,unknown,unknown,unknown,,active,needs_review,needs_review,"가격 후보 재검토 필요, 가격 미기재",missing,no,no,후딘덱 삽니다
c03562e91157d101cedaf47e,pokemoncardgame,포켓몬 카드게임,2026-06,2026-06-10T21:32:24+09:00,known,5be24ad159657553bba55a1e,c03562e91157d101cedaf47e,115878,https://m.dcinside.com/board/pokemoncardgame/115878,후딘덱 삽니다,seller-51447db26eeb90b0124d315b,포갤러,registered,후딘덱,후딘덱,후딘덱,,,buy,구매,1,,,missing,unknown,unknown,unknown,,active,needs_review,needs_review,"가격 후보 재검토 필요, 가격 미기재",missing,no,no,후딘덱 삽니다
e507ddca5c15f3a54c4b6dfe,pokemoncardgame,포켓몬 카드게임,2026-06,2026-06-10T21:32:24+09:00,known,dbe1d386c6d6598823ffba18,e507ddca5c15f3a54c4b6dfe,115878,https://m.dcinside.com/board/pokemoncardgame/115878,후딘덱 삽니다,seller-51447db26eeb90b0124d315b,포갤러,registered,후딘덱,후딘덱,후딘덱,,,buy,구매,1,,,missing,unknown,unknown,unknown,,active,needs_review,needs_review,"가격 후보 재검토 필요, 가격 미기재",missing,no,no,후딘덱 삽니다
944349682567cee1ff9370ee,pokemoncardgame,포켓몬 카드게임,2026-06,2026-06-11T19:05:42+09:00,known,96564efa7577b8cea0120203,944349682567cee1ff9370ee,115943,https://m.dcinside.com/board/pokemoncardgame/115943,바랜드(bw6) 구해요,seller-3ed107c2b194f2df9170178c,Op,guest,바랜드 bw6,바랜드 bw6,바랜드(bw6,,,buy,구매,1,,,missing,unknown,unknown,unknown,,active,needs_review,needs_review,"가격 후보 재검토 필요, 가격 미기재",missing,no,no,바랜드(bw6) 구해요
ba98d5f2174d9728994b540e,pokemoncardgame,포켓몬 카드게임,2026-06,2026-06-11T19:05:42+09:00,known,67515523cb546f67eb0bade6,ba98d5f2174d9728994b540e,115943,https://m.dcinside.com/board/pokemoncardgame/115943,바랜드(bw6) 구해요,seller-229e5afdda3421a6b924abd8,Op,guest,바랜드 bw6,바랜드 bw6,바랜드(bw6,,,buy,구매,1,,,missing,unknown,unknown,unknown,,active,needs_review,needs_review,"가격 후보 재검토 필요, 가격 미기재",missing,no,no,바랜드(bw6) 구해요
cf08aa3543f57083487a238b,pokemoncardgame,포켓몬 카드게임,2026-06,2026-06-11T19:05:42+09:00,known,ab9bcda2d360f8ab0863660a,cf08aa3543f57083487a238b,115943,https://m.dcinside.com/board/pokemoncardgame/115943,바랜드(bw6) 구해요,seller-403c298e919d396849263624,Op,guest,바랜드 bw6,바랜드 bw6,바랜드(bw6,,,buy,구매,1,,,missing,unknown,unknown,unknown,,active,needs_review,needs_review,"가격 후보 재검토 필요, 가격 미기재",missing,no,no,바랜드(bw6) 구해요
2b61e22df3bb73c00e8ebdad,pokemoncardgame,포켓몬 카드게임,2026-06,2026-06-11T21:12:08+09:00,known,8ea7ff34640bafb1659367ae,2b61e22df3bb73c00e8ebdad,115961,https://m.dcinside.com/board/pokemoncardgame/115961,난카 완덱 삽니다,seller-72436532bf546a1d89a7bc20,와하우,registered,난카 완덱,난카 완덱,난카 완덱,,,buy,구매,1,,,missing,unknown,unknown,unknown,,active,needs_review,needs_review,"가격 후보 재검토 필요, 가격 미기재",missing,no,no,난카 완덱 삽니다
4be12d97d3f3999bd5272091,pokemoncardgame,포켓몬 카드게임,2026-06,2026-06-11T21:12:08+09:00,known,a8c6c6b37983dc91ba15a466,4be12d97d3f3999bd5272091,115961,https://m.dcinside.com/board/pokemoncardgame/115961,난카 완덱 삽니다,seller-72436532bf546a1d89a7bc20,와하우,registered,난카 완덱,난카 완덱,난카 완덱,,,buy,구매,1,,,missing,unknown,unknown,unknown,,active,needs_review,needs_review,"가격 후보 재검토 필요, 가격 미기재",missing,no,no,난카 완덱 삽니다
d78c3481b65602f81f12b87c,pokemoncardgame,포켓몬 카드게임,2026-06,2026-06-11T21:12:08+09:00,known,c024e975244ae7838ff37745,d78c3481b65602f81f12b87c,115961,https://m.dcinside.com/board/pokemoncardgame/115961,난카 완덱 삽니다,seller-72436532bf546a1d89a7bc20,와하우,registered,난카 완덱,난카 완덱,난카 완덱,,,buy,구매,1,,,missing,unknown,unknown,unknown,,active,needs_review,needs_review,"가격 후보 재검토 필요, 가격 미기재",missing,no,no,난카 완덱 삽니다
842bf3712559c4e94607bdf5,pokemoncardgame,포켓몬 카드게임,2026-06,2026-06-12T17:00:03+09:00,known,019b1634074c632b658f3b6c,842bf3712559c4e94607bdf5,116025,https://m.dcinside.com/board/pokemoncardgame/116025,난천의 한카리아스 완덱 삽니다,seller-51447db26eeb90b0124d315b,포갤러,registered,난천의 한카리아스 완덱,난천의 한카리아스 완덱,난천의 한카리아스 완덱,,,buy,구매,1,,,missing,unknown,unknown,unknown,,active,needs_review,needs_review,"가격 후보 재검토 필요, 가격 미기재",missing,no,no,난천의 한카리아스 완덱 삽니다
ad124bdc63406c96f15b3c54,pokemoncardgame,포켓몬 카드게임,2026-06,2026-06-12T17:00:03+09:00,known,1e6ae0ae9d388e2017490847,ad124bdc63406c96f15b3c54,116025,https://m.dcinside.com/board/pokemoncardgame/116025,난천의 한카리아스 완덱 삽니다,seller-51447db26eeb90b0124d315b,포갤러,registered,난천의 한카리아스 완덱,난천의 한카리아스 완덱,난천의 한카리아스 완덱,,,buy,구매,1,,,missing,unknown,unknown,unknown,,active,needs_review,needs_review,"가격 후보 재검토 필요, 가격 미기재",missing,no,no,난천의 한카리아스 완덱 삽니다
ce4b71f5eac70d8513c53599,pokemoncardgame,포켓몬 카드게임,2026-06,2026-06-12T17:00:03+09:00,known,a89d19637072717894726811,ce4b71f5eac70d8513c53599,116025,https://m.dcinside.com/board/pokemoncardgame/116025,난천의 한카리아스 완덱 삽니다,seller-51447db26eeb90b0124d315b,포갤러,registered,난천의 한카리아스 완덱,난천의 한카리아스 완덱,난천의 한카리아스 완덱,,,buy,구매,1,,,missing,unknown,unknown,unknown,,active,needs_review,needs_review,"가격 후보 재검토 필요, 가격 미기재",missing,no,no,난천의 한카리아스 완덱 삽니다
1a372ecbaee381d3a6038e90,pokemoncardgame,포켓몬 카드게임,2026-06,2026-06-13T10:24:45+09:00,known,7e3cddad94b86bea5dbd873b,1a372ecbaee381d3a6038e90,116085,https://m.dcinside.com/board/pokemoncardgame/116085,"오늘 용산직거래로 게치스 Sr, 습기 고라파덕 Ar 삽니다",seller-51447db26eeb90b0124d315b,포갤러,registered,오늘 용산 로 게치스 Sr 습기 고라파덕 Ar,오늘 용산 로 게치스 Sr 습기 고라파덕 Ar,"오늘 용산직거래로 게치스 Sr, 습기 고라파덕 Ar",,,buy,구매,3,,,missing,unknown,unknown,unknown,,active,needs_review,needs_review,"가격 후보 재검토 필요, 가격 미기재",missing,no,no,"오늘 용산직거래로 게치스 Sr, 습기 고라파덕 Ar 삽니다"
aecdecbd1a33257e095c4bcc,pokemoncardgame,포켓몬 카드게임,2026-06,2026-06-13T10:24:45+09:00,known,fc0858d05333b19b7cb8a392,aecdecbd1a33257e095c4bcc,116085,https://m.dcinside.com/board/pokemoncardgame/116085,"오늘 용산직거래로 게치스 Sr, 습기 고라파덕 Ar 삽니다",seller-51447db26eeb90b0124d315b,포갤러,registered,오늘 용산 로 게치스 Sr 습기 고라파덕 Ar,오늘 용산 로 게치스 Sr 습기 고라파덕 Ar,"오늘 용산직거래로 게치스 Sr, 습기 고라파덕 Ar",,,buy,구매,3,,,missing,unknown,unknown,unknown,,active,needs_review,needs_review,"가격 후보 재검토 필요, 가격 미기재",missing,no,no,"오늘 용산직거래로 게치스 Sr, 습기 고라파덕 Ar 삽니다"
f1b3ae0a22a235fd58fb7d7f,pokemoncardgame,포켓몬 카드게임,2026-06,2026-06-13T10:24:45+09:00,known,41906df98d31b9b826c513b9,f1b3ae0a22a235fd58fb7d7f,116085,https://m.dcinside.com/board/pokemoncardgame/116085,"오늘 용산직거래로 게치스 Sr, 습기 고라파덕 Ar 삽니다",seller-51447db26eeb90b0124d315b,포갤러,registered,오늘 용산 로 게치스 Sr 습기 고라파덕 Ar,오늘 용산 로 게치스 Sr 습기 고라파덕 Ar,"오늘 용산직거래로 게치스 Sr, 습기 고라파덕 Ar",,,buy,구매,3,,,missing,unknown,unknown,unknown,,active,needs_review,needs_review,"가격 후보 재검토 필요, 가격 미기재",missing,no,no,"오늘 용산직거래로 게치스 Sr, 습기 고라파덕 Ar 삽니다"
176cf809d83fe5b66b668799,pokemoncardgame,포켓몬 카드게임,2026-06,2026-06-13T20:37:01+09:00,known,a8fa57fcd2dd0cf7ba44158a,176cf809d83fe5b66b668799,116225,https://m.dcinside.com/board/pokemoncardgame/116225,람다 태홍 격에너지 sr로 구해봅니다,seller-6660439481195fb3a4af57d3,ㅇㅇ,guest,로켓단의 람다 sr,로켓단의 람다 sr,로켓단의 람다 sr 1.0,,,buy,구매,2,,,missing,unknown,unknown,unknown,,active,needs_review,needs_review,수량 표기 감지 · 가격 미기재,missing,no,no,로켓단의 람다 sr 1.0 x2
4d725e8c4c93062af0a0c95c,pokemoncardgame,포켓몬 카드게임,2026-06,2026-06-13T20:37:01+09:00,known,583c05236ff64cfddc8300b5,4d725e8c4c93062af0a0c95c,116225,https://m.dcinside.com/board/pokemoncardgame/116225,람다 태홍 격에너지 sr로 구해봅니다,seller-6132bdd0c129d4932fd0e69f,ㅇㅇ,guest,격투 기본에너지 sr,격투 기본에너지 sr,격투 기본에너지 sr 0.25,,,buy,구매,9,,,missing,unknown,unknown,unknown,,active,needs_review,needs_review,수량 표기 감지 · 가격 미기재,missing,no,no,격투 기본에너지 sr 0.25 x9
587646e2cfedc1d120dbdd82,pokemoncardgame,포켓몬 카드게임,2026-06,2026-06-13T20:37:01+09:00,known,a8fa57fcd2dd0cf7ba44158a,587646e2cfedc1d120dbdd82,116225,https://m.dcinside.com/board/pokemoncardgame/116225,람다 태홍 격에너지 sr로 구해봅니다,seller-6660439481195fb3a4af57d3,ㅇㅇ,guest,격투 기본에너지 sr,격투 기본에너지 sr,격투 기본에너지 sr 0.25,,,buy,구매,9,,,missing,unknown,unknown,unknown,,active,needs_review,needs_review,수량 표기 감지 · 가격 미기재,missing,no,no,격투 기본에너지 sr 0.25 x9
936fad80a87dee0012859b40,pokemoncardgame,포켓몬 카드게임,2026-06,2026-06-13T20:37:01+09:00,known,583c05236ff64cfddc8300b5,936fad80a87dee0012859b40,116225,https://m.dcinside.com/board/pokemoncardgame/116225,람다 태홍 격에너지 sr로 구해봅니다,seller-6132bdd0c129d4932fd0e69f,ㅇㅇ,guest,보스의 지령 태홍 sr,보스의 지령 태홍 sr,보스의 지령 태홍 sr 1.0,,,buy,구매,3,,,missing,unknown,unknown,unknown,,active,needs_review,needs_review,수량 표기 감지 · 가격 미기재,missing,no,no,보스의 지령 태홍 sr 1.0 x3
a771ffc381be715b76ca7007,pokemoncardgame,포켓몬 카드게임,2026-06,2026-06-13T20:37:01+09:00,known,49d68efe72c3bc74e8994eb2,a771ffc381be715b76ca7007,116225,https://m.dcinside.com/board/pokemoncardgame/116225,람다 태홍 격에너지 sr로 구해봅니다,seller-75735ebccf87b973311a9db3,ㅇㅇ,guest,로켓단의 람다 sr,로켓단의 람다 sr,로켓단의 람다 sr 1.0,,,buy,구매,2,,,missing,unknown,unknown,unknown,,active,needs_review,needs_review,수량 표기 감지 · 가격 미기재,missing,no,no,로켓단의 람다 sr 1.0 x2
abed7b45b25dc834a190394b,pokemoncardgame,포켓몬 카드게임,2026-06,2026-06-13T20:37:01+09:00,known,49d68efe72c3bc74e8994eb2,abed7b45b25dc834a190394b,116225,https://m.dcinside.com/board/pokemoncardgame/116225,람다 태홍 격에너지 sr로 구해봅니다,seller-75735ebccf87b973311a9db3,ㅇㅇ,guest,보스의 지령 태홍 sr,보스의 지령 태홍 sr,보스의 지령 태홍 sr 1.0,,,buy,구매,3,,,missing,unknown,unknown,unknown,,active,needs_review,needs_review,수량 표기 감지 · 가격 미기재,missing,no,no,보스의 지령 태홍 sr 1.0 x3
c75da5b9ac11689720ca1608,pokemoncardgame,포켓몬 카드게임,2026-06,2026-06-13T20:37:01+09:00,known,49d68efe72c3bc74e8994eb2,c75da5b9ac11689720ca1608,116225,https://m.dcinside.com/board/pokemoncardgame/116225,람다 태홍 격에너지 sr로 구해봅니다,seller-75735ebccf87b973311a9db3,ㅇㅇ,guest,격투 기본에너지 sr,격투 기본에너지 sr,격투 기본에너지 sr 0.25,,,buy,구매,9,,,missing,unknown,unknown,unknown,,active,needs_review,needs_review,수량 표기 감지 · 가격 미기재,missing,no,no,격투 기본에너지 sr 0.25 x9
c92ebfbad10b4f53aae5564c,pokemoncardgame,포켓몬 카드게임,2026-06,2026-06-13T20:37:01+09:00,known,a8fa57fcd2dd0cf7ba44158a,c92ebfbad10b4f53aae5564c,116225,https://m.dcinside.com/board/pokemoncardgame/116225,람다 태홍 격에너지 sr로 구해봅니다,seller-6660439481195fb3a4af57d3,ㅇㅇ,guest,보스의 지령 태홍 sr,보스의 지령 태홍 sr,보스의 지령 태홍 sr 1.0,,,buy,구매,3,,,missing,unknown,unknown,unknown,,active,needs_review,needs_review,수량 표기 감지 · 가격 미기재,missing,no,no,보스의 지령 태홍 sr 1.0 x3
d7917eaba76b2425c8d1735a,pokemoncardgame,포켓몬 카드게임,2026-06,2026-06-13T20:37:01+09:00,known,583c05236ff64cfddc8300b5,d7917eaba76b2425c8d1735a,116225,https://m.dcinside.com/board/pokemoncardgame/116225,람다 태홍 격에너지 sr로 구해봅니다,seller-6132bdd0c129d4932fd0e69f,ㅇㅇ,guest,로켓단의 람다 sr,로켓단의 람다 sr,로켓단의 람다 sr 1.0,,,buy,구매,2,,,missing,unknown,unknown,unknown,,active,needs_review,needs_review,수량 표기 감지 · 가격 미기재,missing,no,no,로켓단의 람다 sr 1.0 x2
090230d79b8d6f0e4e9d3be5,pokemoncardgame,포켓몬 카드게임,2026-06,2026-06-14T08:54:29+09:00,known,01ab265056480665e089278d,090230d79b8d6f0e4e9d3be5,116267,https://m.dcinside.com/board/pokemoncardgame/116267,드래펄트 완덱 삽니다,seller-51447db26eeb90b0124d315b,포갤러,registered,드래펄트 완덱,드래펄트 완덱,드래펄트 완덱,,,buy,구매,1,,,missing,unknown,unknown,unknown,,active,needs_review,needs_review,"가격 후보 재검토 필요, 가격 미기재",missing,no,no,드래펄트 완덱 삽니다
2857151a0f263789d33071fc,pokemoncardgame,포켓몬 카드게임,2026-06,2026-06-14T08:54:29+09:00,known,818cf30c89de18a222e20cb5,2857151a0f263789d33071fc,116267,https://m.dcinside.com/board/pokemoncardgame/116267,드래펄트 완덱 삽니다,seller-51447db26eeb90b0124d315b,포갤러,registered,드래펄트 완덱,드래펄트 완덱,드래펄트 완덱,,,buy,구매,1,,,missing,unknown,unknown,unknown,,active,needs_review,needs_review,"가격 후보 재검토 필요, 가격 미기재",missing,no,no,드래펄트 완덱 삽니다
926649b82989db3fb671cd3e,pokemoncardgame,포켓몬 카드게임,2026-06,2026-06-14T08:54:29+09:00,known,0b72edfd04e8767c7ab97a4f,926649b82989db3fb671cd3e,116267,https://m.dcinside.com/board/pokemoncardgame/116267,드래펄트 완덱 삽니다,seller-51447db26eeb90b0124d315b,포갤러,registered,드래펄트 완덱,드래펄트 완덱,드래펄트 완덱,,,buy,구매,1,,,missing,unknown,unknown,unknown,,active,needs_review,needs_review,"가격 후보 재검토 필요, 가격 미기재",missing,no,no,드래펄트 완덱 삽니다
c11186193901b2fbb8dad733,pokemoncardgame,포켓몬 카드게임,2026-06,2026-06-15T15:40:51+09:00,known,902f932826864c1ff34819a0,c11186193901b2fbb8dad733,116379,https://m.dcinside.com/board/pokemoncardgame/116379,우레 캥카 완덱 삽니다,seller-225a338e202acaaf54bd7b4b,카토메구미사랑..,guest,프텍 포함,프텍 포함,프텍 포함,,,buy,구매,1,4,40000,estimated,per_card,text,unknown,,active,needs_review,needs_review,"가격 단위 추정, 배송비 포함 여부 미확정",estimated,yes,no,프텍 포함 4에 구해봅니다
c9e4fa952c50493601a7caaa,pokemoncardgame,포켓몬 카드게임,2026-06,2026-06-15T15:40:51+09:00,known,897eae0ab3b0cac3c943eb85,c9e4fa952c50493601a7caaa,116379,https://m.dcinside.com/board/pokemoncardgame/116379,우레 캥카 완덱 삽니다,seller-848226561e1c85b30805eac2,카토메구미사랑..,guest,프텍 포함,프텍 포함,프텍 포함,,,buy,구매,1,4,40000,estimated,per_card,text,unknown,,active,needs_review,needs_review,"가격 단위 추정, 배송비 포함 여부 미확정",estimated,yes,no,프텍 포함 4에 구해봅니다
dc0c6191a3d9e0d445991ebc,pokemoncardgame,포켓몬 카드게임,2026-06,2026-06-15T15:40:51+09:00,known,1c57d0fd73e3a6e1ed2cde12,dc0c6191a3d9e0d445991ebc,116379,https://m.dcinside.com/board/pokemoncardgame/116379,우레 캥카 완덱 삽니다,seller-5829b0892145de3bc2432304,카토메구미사랑..,guest,프텍 포함,프텍 포함,프텍 포함,,,buy,구매,1,4,40000,estimated,per_card,text,unknown,,active,needs_review,needs_review,"가격 단위 추정, 배송비 포함 여부 미확정",estimated,yes,no,프텍 포함 4에 구해봅니다
13e41b3b21c88e35b38fe538,pokemoncardgame,포켓몬 카드게임,2026-06,2026-06-16T08:30:24+09:00,known,6d696b5aaddb6ed391e3ab59,13e41b3b21c88e35b38fe538,116422,https://m.dcinside.com/board/pokemoncardgame/116422,"후딘덱, 캥카덱 삽니다",seller-51447db26eeb90b0124d315b,포갤러,registered,후딘덱 캥카덱,후딘덱 캥카덱,"후딘덱, 캥카덱",,,buy,구매,1,,,missing,unknown,unknown,unknown,,active,needs_review,needs_review,"가격 후보 재검토 필요, 가격 미기재",missing,no,no,"후딘덱, 캥카덱 삽니다"
20cec4c96a9243afcfb9a0cd,pokemoncardgame,포켓몬 카드게임,2026-06,2026-06-16T08:30:24+09:00,known,31c98fcb08f7e9ec629fe34d,20cec4c96a9243afcfb9a0cd,116422,https://m.dcinside.com/board/pokemoncardgame/116422,"후딘덱, 캥카덱 삽니다",seller-51447db26eeb90b0124d315b,포갤러,registered,후딘덱 캥카덱,후딘덱 캥카덱,"후딘덱, 캥카덱",,,buy,구매,1,,,missing,unknown,unknown,unknown,,active,needs_review,needs_review,"가격 후보 재검토 필요, 가격 미기재",missing,no,no,"후딘덱, 캥카덱 삽니다"
82941794fcb38dc923ce5aa6,pokemoncardgame,포켓몬 카드게임,2026-06,2026-06-16T08:30:24+09:00,known,283ae057c96f0307cb14d3b1,82941794fcb38dc923ce5aa6,116422,https://m.dcinside.com/board/pokemoncardgame/116422,"후딘덱, 캥카덱 삽니다",seller-51447db26eeb90b0124d315b,포갤러,registered,후딘덱 캥카덱,후딘덱 캥카덱,"후딘덱, 캥카덱",,,buy,구매,1,,,missing,unknown,unknown,unknown,,active,needs_review,needs_review,"가격 후보 재검토 필요, 가격 미기재",missing,no,no,"후딘덱, 캥카덱 삽니다"
5bca7ccbd01be4cc7c85217b,pokemoncardgame,포켓몬 카드게임,2026-06,2026-06-16T19:55:25+09:00,known,9e60812634abf8949832274c,5bca7ccbd01be4cc7c85217b,116454,https://m.dcinside.com/board/pokemoncardgame/116454,각종 덱소스 삽니다,seller-51447db26eeb90b0124d315b,포갤러,registered,각종 덱소스,각종 덱소스,각종 덱소스,,,buy,구매,4,,,missing,unknown,unknown,unknown,,active,needs_review,needs_review,"가격 후보 재검토 필요, 가격 미기재",missing,no,no,각종 덱소스 삽니다
9c50cfe4d5943ce7487676bf,pokemoncardgame,포켓몬 카드게임,2026-06,2026-06-16T19:55:25+09:00,known,349b57f3ff90f13c895451bb,9c50cfe4d5943ce7487676bf,116454,https://m.dcinside.com/board/pokemoncardgame/116454,각종 덱소스 삽니다,seller-51447db26eeb90b0124d315b,포갤러,registered,각종 덱소스,각종 덱소스,각종 덱소스,,,buy,구매,4,,,missing,unknown,unknown,unknown,,active,needs_review,needs_review,"가격 후보 재검토 필요, 가격 미기재",missing,no,no,각종 덱소스 삽니다
ffcb631292c2a277d4da14a2,pokemoncardgame,포켓몬 카드게임,2026-06,2026-06-16T19:55:25+09:00,known,464adf5d13daf24c39a633dd,ffcb631292c2a277d4da14a2,116454,https://m.dcinside.com/board/pokemoncardgame/116454,각종 덱소스 삽니다,seller-51447db26eeb90b0124d315b,포갤러,registered,각종 덱소스,각종 덱소스,각종 덱소스,,,buy,구매,4,,,missing,unknown,unknown,unknown,,active,needs_review,needs_review,"가격 후보 재검토 필요, 가격 미기재",missing,no,no,각종 덱소스 삽니다
062df0fe65ec911f379cfbb2,pokemoncardgame,포켓몬 카드게임,2026-06,2026-06-17T08:24:29+09:00,known,61e9c533603c1ca18ba4fcab,062df0fe65ec911f379cfbb2,116495,https://m.dcinside.com/board/pokemoncardgame/116495,우레덱이나 메루카덱 삽니다.,seller-b021e9dc92e98a147725347b,잡덕군,registered,우레덱이나 메루카덱,우레덱이나 메루카덱,우레덱이나 메루카덱 .,,,buy,구매,1,,,missing,unknown,unknown,unknown,,active,needs_review,needs_review,"가격 후보 재검토 필요, 가격 미기재",missing,no,no,우레덱이나 메루카덱 삽니다.
55a262112a299d536703a014,pokemoncardgame,포켓몬 카드게임,2026-06,2026-06-17T08:24:29+09:00,known,813a8247fcb288479e7fec46,55a262112a299d536703a014,116495,https://m.dcinside.com/board/pokemoncardgame/116495,우레덱이나 메루카덱 삽니다.,seller-b021e9dc92e98a147725347b,잡덕군,registered,우레덱이나 메루카덱,우레덱이나 메루카덱,우레덱이나 메루카덱 .,,,buy,구매,1,,,missing,unknown,unknown,unknown,,active,needs_review,needs_review,"가격 후보 재검토 필요, 가격 미기재",missing,no,no,우레덱이나 메루카덱 삽니다.
aace51ae23540ee776a71e12,pokemoncardgame,포켓몬 카드게임,2026-06,2026-06-17T08:24:29+09:00,known,c77ea872b2267b0c75e9e983,aace51ae23540ee776a71e12,116495,https://m.dcinside.com/board/pokemoncardgame/116495,우레덱이나 메루카덱 삽니다.,seller-b021e9dc92e98a147725347b,잡덕군,registered,우레덱이나 메루카덱,우레덱이나 메루카덱,우레덱이나 메루카덱 .,,,buy,구매,1,,,missing,unknown,unknown,unknown,,active,needs_review,needs_review,"가격 후보 재검토 필요, 가격 미기재",missing,no,no,우레덱이나 메루카덱 삽니다.
1105ac203d81fd7ce94706c0,pokemoncardgame,포켓몬 카드게임,2026-06,2026-06-17T11:48:12+09:00,known,8200732e3fc53152c3d10f75,1105ac203d81fd7ce94706c0,116510,https://m.dcinside.com/board/pokemoncardgame/116510,"메루카덱, 카라스바sr 삽니다",seller-51447db26eeb90b0124d315b,포갤러,registered,메루카덱 카라스바sr,메루카덱 카라스바sr,"메루카덱, 카라스바sr",,,buy,구매,1,,,missing,unknown,unknown,unknown,,active,needs_review,needs_review,"가격 후보 재검토 필요, 가격 미기재",missing,no,no,"메루카덱, 카라스바sr 삽니다"
607690bceafb20bdaf313e35,pokemoncardgame,포켓몬 카드게임,2026-06,2026-06-17T11:48:12+09:00,known,427829f32d701e2aafd5b492,607690bceafb20bdaf313e35,116510,https://m.dcinside.com/board/pokemoncardgame/116510,"메루카덱, 카라스바sr 삽니다",seller-51447db26eeb90b0124d315b,포갤러,registered,메루카덱 카라스바sr,메루카덱 카라스바sr,"메루카덱, 카라스바sr",,,buy,구매,1,,,missing,unknown,unknown,unknown,,active,needs_review,needs_review,"가격 후보 재검토 필요, 가격 미기재",missing,no,no,"메루카덱, 카라스바sr 삽니다"
987f16635b54566fb00becd8,pokemoncardgame,포켓몬 카드게임,2026-06,2026-06-17T11:48:12+09:00,known,e68932b277616a583b0d2967,987f16635b54566fb00becd8,116510,https://m.dcinside.com/board/pokemoncardgame/116510,"메루카덱, 카라스바sr 삽니다",seller-51447db26eeb90b0124d315b,포갤러,registered,메루카덱 카라스바sr,메루카덱 카라스바sr,"메루카덱, 카라스바sr",,,buy,구매,1,,,missing,unknown,unknown,unknown,,active,needs_review,needs_review,"가격 후보 재검토 필요, 가격 미기재",missing,no,no,"메루카덱, 카라스바sr 삽니다"
820d0230b7b80f85437687b2,pokemoncardgame,포켓몬 카드게임,2026-06,2026-06-17T23:18:56+09:00,known,6a2e5096f57259f5f667c685,820d0230b7b80f85437687b2,116552,https://m.dcinside.com/board/pokemoncardgame/116552,내일 역삼에서 카드 몇장 구해봅니다,seller-643b922a8341f711c5ebbec5,ㅇㅇ,guest,내일 역삼에서 카드 몇장 구해봅니다,내일 역삼에서 카드 몇장 구해봅니다,내일 역삼에서 카드 몇장 구해봅니다,,,buy,구매,1,,,missing,unknown,unknown,unknown,,active,needs_review,needs_review,"가격 후보 재검토 필요, 가격 미기재",missing,no,no,내일 역삼에서 카드 몇장 구해봅니다
b6ad8f960cd2e04d401eeb04,pokemoncardgame,포켓몬 카드게임,2026-06,2026-06-17T23:18:56+09:00,known,19ba0d4f6d9cb4fdc2930421,b6ad8f960cd2e04d401eeb04,116552,https://m.dcinside.com/board/pokemoncardgame/116552,내일 역삼에서 카드 몇장 구해봅니다,seller-b0e8ac4126c19fd1f9d61933,ㅇㅇ,guest,내일 역삼에서 카드 몇장 구해봅니다,내일 역삼에서 카드 몇장 구해봅니다,내일 역삼에서 카드 몇장 구해봅니다,,,buy,구매,1,,,missing,unknown,unknown,unknown,,active,needs_review,needs_review,"가격 후보 재검토 필요, 가격 미기재",missing,no,no,내일 역삼에서 카드 몇장 구해봅니다
d6cf5936f45f88d9e5020054,pokemoncardgame,포켓몬 카드게임,2026-06,2026-06-17T23:18:56+09:00,known,c63f71e95c47af6c04116027,d6cf5936f45f88d9e5020054,116552,https://m.dcinside.com/board/pokemoncardgame/116552,내일 역삼에서 카드 몇장 구해봅니다,seller-737a9ba1d040ffc428741bf5,ㅇㅇ,guest,내일 역삼에서 카드 몇장 구해봅니다,내일 역삼에서 카드 몇장 구해봅니다,내일 역삼에서 카드 몇장 구해봅니다,,,buy,구매,1,,,missing,unknown,unknown,unknown,,active,needs_review,needs_review,"가격 후보 재검토 필요, 가격 미기재",missing,no,no,내일 역삼에서 카드 몇장 구해봅니다
227547ad30fc2de8e0c4b627,pokemoncardgame,포켓몬 카드게임,2026-06,2026-06-18T20:44:42+09:00,known,0073dc0e3e9bea9b67ec4c69,227547ad30fc2de8e0c4b627,116607,https://m.dcinside.com/board/pokemoncardgame/116607,몬볼 메탕구 및 덱소스 삽니다,seller-51447db26eeb90b0124d315b,포갤러,registered,게노세크트ex sr,게노세크트ex sr,게노세크트ex sr 장당,,,buy,구매,2,1500,1500,estimated,per_card,text,unknown,,active,needs_review,needs_review,"가격 단위 추정, 수량 표기 감지, 배송비 포함 여부 미확정",estimated,yes,no,게노세크트ex sr 2장 장당 1500
3a8d2a6998267858ef2b3607,pokemoncardgame,포켓몬 카드게임,2026-06,2026-06-18T20:44:42+09:00,known,872609498e57b8e2552c5b21,3a8d2a6998267858ef2b3607,116607,https://m.dcinside.com/board/pokemoncardgame/116607,몬볼 메탕구 및 덱소스 삽니다,seller-51447db26eeb90b0124d315b,포갤러,registered,게노세크트ex sr,게노세크트ex sr,게노세크트ex sr 장당,,,buy,구매,2,1500,1500,estimated,per_card,text,unknown,,active,needs_review,needs_review,"가격 단위 추정, 수량 표기 감지, 배송비 포함 여부 미확정",estimated,yes,no,게노세크트ex sr 2장 장당 1500
6665cb15e092fdc30b9ce4ed,pokemoncardgame,포켓몬 카드게임,2026-06,2026-06-18T20:44:42+09:00,known,c003ed569c5c5a03dde58962,6665cb15e092fdc30b9ce4ed,116607,https://m.dcinside.com/board/pokemoncardgame/116607,몬볼 메탕구 및 덱소스 삽니다,seller-51447db26eeb90b0124d315b,포갤러,registered,게노세크트ex sr,게노세크트ex sr,게노세크트ex sr 장당,,,buy,구매,2,1500,1500,estimated,per_card,text,unknown,,active,needs_review,needs_review,"가격 단위 추정, 수량 표기 감지, 배송비 포함 여부 미확정",estimated,yes,no,게노세크트ex sr 2장 장당 1500
31927009d954544b1db0dec3,pokemoncardgame,포켓몬 카드게임,2026-06,2026-06-20T10:14:42+09:00,known,74070a7a2d4d94a24e21dbff,31927009d954544b1db0dec3,116694,https://m.dcinside.com/board/pokemoncardgame/116694,금일 용산직으로 릴삐 1장 구합니다,seller-1ba084f017f83c6e5296d506,릴리슈슈,guest,금일 용산직으로 릴삐,금일 용산직으로 릴삐,금일 용산직으로 릴삐 구합니다,,,buy,구매,1,,,missing,unknown,unknown,unknown,,active,needs_review,needs_review,수량 표기 감지 · 가격 미기재,missing,no,no,금일 용산직으로 릴삐 1장 구합니다
36489cdd47032b938ebbbc18,pokemoncardgame,포켓몬 카드게임,2026-06,2026-06-20T10:14:42+09:00,known,dd1728cf5c239f9d699a25af,36489cdd47032b938ebbbc18,116694,https://m.dcinside.com/board/pokemoncardgame/116694,금일 용산직으로 릴삐 1장 구합니다,seller-af137b51c5aaf50df2f51f25,릴리슈슈,guest,금일 용산직으로 릴삐,금일 용산직으로 릴삐,금일 용산직으로 릴삐 구합니다,,,buy,구매,1,,,missing,unknown,unknown,unknown,,active,needs_review,needs_review,수량 표기 감지 · 가격 미기재,missing,no,no,금일 용산직으로 릴삐 1장 구합니다
b4fd51704c578aaa63302e87,pokemoncardgame,포켓몬 카드게임,2026-06,2026-06-20T10:14:42+09:00,known,9c5f5228f6a6325630ef76e0,b4fd51704c578aaa63302e87,116694,https://m.dcinside.com/board/pokemoncardgame/116694,금일 용산직으로 릴삐 1장 구합니다,seller-e8eefa2527928fc2041e2075,릴리슈슈,guest,금일 용산직으로 릴삐,금일 용산직으로 릴삐,금일 용산직으로 릴삐 구합니다,,,buy,구매,1,,,missing,unknown,unknown,unknown,,active,needs_review,needs_review,수량 표기 감지 · 가격 미기재,missing,no,no,금일 용산직으로 릴삐 1장 구합니다
29c8e30ff2dc987912e943a7,pokemoncardgame,포켓몬 카드게임,2026-06,2026-06-20T17:05:13+09:00,known,d6838dfcc4fbcceb610a1533,29c8e30ff2dc987912e943a7,116736,https://m.dcinside.com/board/pokemoncardgame/116736,쌍검킬 덱 구매합니다,seller-51447db26eeb90b0124d315b,포갤러,registered,쌍검킬 덱,쌍검킬 덱,쌍검킬 덱,,,buy,구매,1,,,missing,unknown,unknown,unknown,,active,needs_review,needs_review,"가격 후보 재검토 필요, 가격 미기재",missing,no,no,쌍검킬 덱 구매합니다
9d7f410ecf0f421d52d5cf2e,pokemoncardgame,포켓몬 카드게임,2026-06,2026-06-20T17:05:13+09:00,known,cc79154c05160ad46438b1c4,9d7f410ecf0f421d52d5cf2e,116736,https://m.dcinside.com/board/pokemoncardgame/116736,쌍검킬 덱 구매합니다,seller-51447db26eeb90b0124d315b,포갤러,registered,쌍검킬 덱,쌍검킬 덱,쌍검킬 덱,,,buy,구매,1,,,missing,unknown,unknown,unknown,,active,needs_review,needs_review,"가격 후보 재검토 필요, 가격 미기재",missing,no,no,쌍검킬 덱 구매합니다
baec3b5f7a4b25eaeae6bbb9,pokemoncardgame,포켓몬 카드게임,2026-06,2026-06-20T17:05:13+09:00,known,03f4bf6c00d847fc7d50be8f,baec3b5f7a4b25eaeae6bbb9,116736,https://m.dcinside.com/board/pokemoncardgame/116736,쌍검킬 덱 구매합니다,seller-51447db26eeb90b0124d315b,포갤러,registered,쌍검킬 덱,쌍검킬 덱,쌍검킬 덱,,,buy,구매,1,,,missing,unknown,unknown,unknown,,active,needs_review,needs_review,"가격 후보 재검토 필요, 가격 미기재",missing,no,no,쌍검킬 덱 구매합니다
979d268eac9e5a37bb83da70,pokemoncardgame,포켓몬 카드게임,2026-06,2026-06-21T04:29:38+09:00,known,1b0449e0c75a62034fb4a6dc,979d268eac9e5a37bb83da70,116781,https://m.dcinside.com/board/pokemoncardgame/116781,N의 조로아크나 다른 티어덱 구합니다,seller-51447db26eeb90b0124d315b,포갤러,registered,N의 조로아크나 다른 티어덱,N의 조로아크나 다른 티어덱,N의 조로아크나 다른 티어덱,,,buy,구매,1,,,missing,unknown,unknown,unknown,,active,needs_review,needs_review,"가격 후보 재검토 필요, 가격 미기재",missing,no,no,N의 조로아크나 다른 티어덱 구합니다
ac4038319817b7fd9cb7fb03,pokemoncardgame,포켓몬 카드게임,2026-06,2026-06-21T04:29:38+09:00,known,ce29746955f8b07de887eaff,ac4038319817b7fd9cb7fb03,116781,https://m.dcinside.com/board/pokemoncardgame/116781,N의 조로아크나 다른 티어덱 구합니다,seller-51447db26eeb90b0124d315b,포갤러,registered,N의 조로아크나 다른 티어덱,N의 조로아크나 다른 티어덱,N의 조로아크나 다른 티어덱,,,buy,구매,1,,,missing,unknown,unknown,unknown,,active,needs_review,needs_review,"가격 후보 재검토 필요, 가격 미기재",missing,no,no,N의 조로아크나 다른 티어덱 구합니다
f0841f415be6c129165cd5c4,pokemoncardgame,포켓몬 카드게임,2026-06,2026-06-21T04:29:38+09:00,known,ad03ae354c43b707103764a8,f0841f415be6c129165cd5c4,116781,https://m.dcinside.com/board/pokemoncardgame/116781,N의 조로아크나 다른 티어덱 구합니다,seller-51447db26eeb90b0124d315b,포갤러,registered,N의 조로아크나 다른 티어덱,N의 조로아크나 다른 티어덱,N의 조로아크나 다른 티어덱,,,buy,구매,1,,,missing,unknown,unknown,unknown,,active,needs_review,needs_review,"가격 후보 재검토 필요, 가격 미기재",missing,no,no,N의 조로아크나 다른 티어덱 구합니다
00d782e862d2ecac3d1d3de8,pokemoncardgame,포켓몬 카드게임,2026-06,2026-06-21T09:39:20+09:00,known,1488c3de8fc96a84477532c9,00d782e862d2ecac3d1d3de8,116784,https://m.dcinside.com/board/pokemoncardgame/116784,메가이상해꽃 덱 구매합니다,seller-51447db26eeb90b0124d315b,포갤러,registered,loadScript ' t,loadScript ' t,loadScript('//t,,,buy,구매,1,,,missing,unknown,unknown,unknown,,active,excluded,needs_review,"가격 후보 재검토 필요, 가격 미기재, 스크립트·광고 문구로 추정되는 오염 행",missing,no,no,"loadScript('//t1.kakaocdn.net/kas/static/ba.min.js', true);"
1a8453b325333f3a291c0d8a,pokemoncardgame,포켓몬 카드게임,2026-06,2026-06-21T09:39:20+09:00,known,1488c3de8fc96a84477532c9,1a8453b325333f3a291c0d8a,116784,https://m.dcinside.com/board/pokemoncardgame/116784,메가이상해꽃 덱 구매합니다,seller-51447db26eeb90b0124d315b,포갤러,registered,DOM 삽입 헬퍼 현재 스크립트 위치 기준,DOM 삽입 헬퍼 현재 스크립트 위치 기준,// ---- DOM 삽입 헬퍼 (현재 스크립트 위치 기준,,,buy,구매,1,,,missing,unknown,unknown,unknown,,active,excluded,needs_review,"가격 후보 재검토 필요, 가격 미기재, 스크립트·광고 문구로 추정되는 오염 행",missing,no,no,// ---- DOM 삽입 헬퍼 (현재 스크립트 위치 기준1)
227548368e5919bb713da6d5,pokemoncardgame,포켓몬 카드게임,2026-06,2026-06-21T09:39:20+09:00,known,e45063a46d5df5e235eaf479,227548368e5919bb713da6d5,116784,https://m.dcinside.com/board/pokemoncardgame/116784,메가이상해꽃 덱 구매합니다,seller-51447db26eeb90b0124d315b,포갤러,registered,loadScript 'https pagead,loadScript 'https pagead,loadScript('https://pagead,,,buy,구매,1,,,missing,unknown,unknown,unknown,,active,excluded,needs_review,"가격 후보 재검토 필요, 가격 미기재, 스크립트·광고 문구로 추정되는 오염 행",missing,no,no,"loadScript('https://pagead2.googlesyndication.com/pagead/js/adsbygoogle_direct.js?client=ca-pub-8171468792791627', true, 'anonymous');"
29639ec25a160049549912c5,pokemoncardgame,포켓몬 카드게임,2026-06,2026-06-21T09:39:20+09:00,known,e45063a46d5df5e235eaf479,29639ec25a160049549912c5,116784,https://m.dcinside.com/board/pokemoncardgame/116784,메가이상해꽃 덱 구매합니다,seller-51447db26eeb90b0124d315b,포갤러,registered,DOM 삽입 헬퍼 현재 스크립트 위치 기준,DOM 삽입 헬퍼 현재 스크립트 위치 기준,// ---- DOM 삽입 헬퍼 (현재 스크립트 위치 기준,,,buy,구매,1,,,missing,unknown,unknown,unknown,,active,excluded,needs_review,"가격 후보 재검토 필요, 가격 미기재, 스크립트·광고 문구로 추정되는 오염 행",missing,no,no,// ---- DOM 삽입 헬퍼 (현재 스크립트 위치 기준1)
3151da3e98210819067067b2,pokemoncardgame,포켓몬 카드게임,2026-06,2026-06-21T09:39:20+09:00,known,1488c3de8fc96a84477532c9,3151da3e98210819067067b2,116784,https://m.dcinside.com/board/pokemoncardgame/116784,메가이상해꽃 덱 구매합니다,seller-51447db26eeb90b0124d315b,포갤러,registered,loadScript 'https pagead,loadScript 'https pagead,loadScript('https://pagead,,,buy,구매,1,,,missing,unknown,unknown,unknown,,active,excluded,needs_review,"가격 후보 재검토 필요, 가격 미기재, 스크립트·광고 문구로 추정되는 오염 행",missing,no,no,"loadScript('https://pagead2.googlesyndication.com/pagead/js/adsbygoogle_direct.js?client=ca-pub-8171468792791627', true, 'anonymous');"
4181a624d67dafe2d2a48e00,pokemoncardgame,포켓몬 카드게임,2026-06,2026-06-21T09:39:20+09:00,known,6292d89b6c6119b8c32c50e6,4181a624d67dafe2d2a48e00,116784,https://m.dcinside.com/board/pokemoncardgame/116784,메가이상해꽃 덱 구매합니다,seller-51447db26eeb90b0124d315b,포갤러,registered,loadScript ' t,loadScript ' t,loadScript('//t,,,buy,구매,1,,,missing,unknown,unknown,unknown,,active,excluded,needs_review,"가격 후보 재검토 필요, 가격 미기재, 스크립트·광고 문구로 추정되는 오염 행",missing,no,no,"loadScript('//t1.kakaocdn.net/kas/static/ba.min.js', true);"
421fa60c578c3c5695073037,pokemoncardgame,포켓몬 카드게임,2026-06,2026-06-21T09:39:20+09:00,known,6292d89b6c6119b8c32c50e6,421fa60c578c3c5695073037,116784,https://m.dcinside.com/board/pokemoncardgame/116784,메가이상해꽃 덱 구매합니다,seller-51447db26eeb90b0124d315b,포갤러,registered,loadScript 'https pagead,loadScript 'https pagead,loadScript('https://pagead,,,buy,구매,1,,,missing,unknown,unknown,unknown,,active,excluded,needs_review,"가격 후보 재검토 필요, 가격 미기재, 스크립트·광고 문구로 추정되는 오염 행",missing,no,no,"loadScript('https://pagead2.googlesyndication.com/pagead/js/adsbygoogle_direct.js?client=ca-pub-8171468792791627', true, 'anonymous');"
4e8cdb4f8b5979a70c8f3ece,pokemoncardgame,포켓몬 카드게임,2026-06,2026-06-21T09:39:20+09:00,known,e45063a46d5df5e235eaf479,4e8cdb4f8b5979a70c8f3ece,116784,https://m.dcinside.com/board/pokemoncardgame/116784,메가이상해꽃 덱 구매합니다,seller-51447db26eeb90b0124d315b,포갤러,registered,var safe = window.dcAd && window.dcAd.safe ==,var safe = window.dcAd && window.dcAd.safe ==,var safe = (window.dcAd && window.dcAd.safe ==,,,buy,구매,1,1,10000,estimated,bundle,text,unknown,,active,excluded,needs_review,"가격 단위 추정, 복수 카드 가격, 배송비 포함 여부 미확정, 묶음·세트 총액 · 개별 카드 가격 아님, 스크립트·광고 문구로 추정되는 오염 행",estimated,no,no,var safe = (window.dcAd && window.dcAd.safe == 1)
68e050443816ce755f814bd4,pokemoncardgame,포켓몬 카드게임,2026-06,2026-06-21T09:39:20+09:00,known,e45063a46d5df5e235eaf479,68e050443816ce755f814bd4,116784,https://m.dcinside.com/board/pokemoncardgame/116784,메가이상해꽃 덱 구매합니다,seller-51447db26eeb90b0124d315b,포갤러,registered,loadScript ' t,loadScript ' t,loadScript('//t,,,buy,구매,1,,,missing,unknown,unknown,unknown,,active,excluded,needs_review,"가격 후보 재검토 필요, 가격 미기재, 스크립트·광고 문구로 추정되는 오염 행",missing,no,no,"loadScript('//t1.kakaocdn.net/kas/static/ba.min.js', true);"
7b533f3eeca1c40d905e9dbf,pokemoncardgame,포켓몬 카드게임,2026-06,2026-06-21T09:39:20+09:00,known,6292d89b6c6119b8c32c50e6,7b533f3eeca1c40d905e9dbf,116784,https://m.dcinside.com/board/pokemoncardgame/116784,메가이상해꽃 덱 구매합니다,seller-51447db26eeb90b0124d315b,포갤러,registered,var safe = window.dcAd && window.dcAd.safe ==,var safe = window.dcAd && window.dcAd.safe ==,var safe = (window.dcAd && window.dcAd.safe ==,,,buy,구매,1,1,10000,estimated,bundle,text,unknown,,active,excluded,needs_review,"가격 단위 추정, 복수 카드 가격, 배송비 포함 여부 미확정, 묶음·세트 총액 · 개별 카드 가격 아님, 스크립트·광고 문구로 추정되는 오염 행",estimated,no,no,var safe = (window.dcAd && window.dcAd.safe == 1)
92230ac99bb33abce230f90f,pokemoncardgame,포켓몬 카드게임,2026-06,2026-06-21T09:39:20+09:00,known,1488c3de8fc96a84477532c9,92230ac99bb33abce230f90f,116784,https://m.dcinside.com/board/pokemoncardgame/116784,메가이상해꽃 덱 구매합니다,seller-51447db26eeb90b0124d315b,포갤러,registered,var safe = window.dcAd && window.dcAd.safe ==,var safe = window.dcAd && window.dcAd.safe ==,var safe = (window.dcAd && window.dcAd.safe ==,,,buy,구매,1,1,10000,estimated,bundle,text,unknown,,active,excluded,needs_review,"가격 단위 추정, 복수 카드 가격, 배송비 포함 여부 미확정, 묶음·세트 총액 · 개별 카드 가격 아님, 스크립트·광고 문구로 추정되는 오염 행",estimated,no,no,var safe = (window.dcAd && window.dcAd.safe == 1)
abf32c3a144609ec43219273,pokemoncardgame,포켓몬 카드게임,2026-06,2026-06-21T09:39:20+09:00,known,6292d89b6c6119b8c32c50e6,abf32c3a144609ec43219273,116784,https://m.dcinside.com/board/pokemoncardgame/116784,메가이상해꽃 덱 구매합니다,seller-51447db26eeb90b0124d315b,포갤러,registered,DOM 삽입 헬퍼 현재 스크립트 위치 기준,DOM 삽입 헬퍼 현재 스크립트 위치 기준,// ---- DOM 삽입 헬퍼 (현재 스크립트 위치 기준,,,buy,구매,1,,,missing,unknown,unknown,unknown,,active,excluded,needs_review,"가격 후보 재검토 필요, 가격 미기재, 스크립트·광고 문구로 추정되는 오염 행",missing,no,no,// ---- DOM 삽입 헬퍼 (현재 스크립트 위치 기준1)
65f2a65923cac0c6e598ca1a,pokemoncardgame,포켓몬 카드게임,2026-06,2026-06-21T19:48:05+09:00,known,8860bd7afbbca4e32c03b883,65f2a65923cac0c6e598ca1a,116828,https://m.dcinside.com/board/pokemoncardgame/116828,리자몽덱 삽니다!!,seller-51447db26eeb90b0124d315b,포갤러,registered,리자몽덱 !!,리자몽덱 !!,리자몽덱 !!,,,buy,구매,1,,,missing,unknown,unknown,unknown,,active,needs_review,needs_review,"가격 후보 재검토 필요, 가격 미기재",missing,no,no,리자몽덱 삽니다!!
e325229a68f384d8fd7a13e2,pokemoncardgame,포켓몬 카드게임,2026-06,2026-06-21T19:48:05+09:00,known,767c155ad3a061a49d5be8a9,e325229a68f384d8fd7a13e2,116828,https://m.dcinside.com/board/pokemoncardgame/116828,리자몽덱 삽니다!!,seller-51447db26eeb90b0124d315b,포갤러,registered,리자몽덱 !!,리자몽덱 !!,리자몽덱 !!,,,buy,구매,1,,,missing,unknown,unknown,unknown,,active,needs_review,needs_review,"가격 후보 재검토 필요, 가격 미기재",missing,no,no,리자몽덱 삽니다!!
f125dc2b32b2b521e83d9bf1,pokemoncardgame,포켓몬 카드게임,2026-06,2026-06-21T19:48:05+09:00,known,928163c74188d1d75ed4af87,f125dc2b32b2b521e83d9bf1,116828,https://m.dcinside.com/board/pokemoncardgame/116828,리자몽덱 삽니다!!,seller-51447db26eeb90b0124d315b,포갤러,registered,리자몽덱 !!,리자몽덱 !!,리자몽덱 !!,,,buy,구매,1,,,missing,unknown,unknown,unknown,,active,needs_review,needs_review,"가격 후보 재검토 필요, 가격 미기재",missing,no,no,리자몽덱 삽니다!!
66af33ae438cd6c15f184c80,pokemoncardgame,포켓몬 카드게임,2026-06,2026-06-22T00:39:54+09:00,known,6cf3e3276d7dabab9807d215,66af33ae438cd6c15f184c80,116859,https://m.dcinside.com/board/pokemoncardgame/116859,덱 소스 구합니다,seller-89f382494804de871bac32cf,간절합니다,guest,게노세크트 sr = 위대한 거목 = 아크로마 집념 =,게노세크트 sr = 위대한 거목 = 아크로마 집념 =,게노세크트 sr = 장당 0.2 위대한 거목 = 0.2 아크로마 집념 =,,,buy,구매,7,0.45,4500,estimated,per_card,text,unknown,,active,needs_review,needs_review,"가격 단위 추정, 수량 표기 감지, 배송비 포함 여부 미확정",estimated,yes,no,게노세크트 sr 2장 = 장당 0.2 위대한 거목 1장 = 0.2 아크로마 집념 4장 = 0.45
6ef47acc029e5f82b093c93e,pokemoncardgame,포켓몬 카드게임,2026-06,2026-06-22T00:39:54+09:00,known,33a3005979ad410ebb8ac9e3,6ef47acc029e5f82b093c93e,116859,https://m.dcinside.com/board/pokemoncardgame/116859,덱 소스 구합니다,seller-c16668d70dad063a9e82f3d4,간절합니다,guest,게노세크트 sr = 위대한 거목 = 아크로마 집념 =,게노세크트 sr = 위대한 거목 = 아크로마 집념 =,게노세크트 sr = 장당 0.2 위대한 거목 = 0.2 아크로마 집념 =,,,buy,구매,7,0.45,4500,estimated,per_card,text,unknown,,active,needs_review,needs_review,"가격 단위 추정, 수량 표기 감지, 배송비 포함 여부 미확정",estimated,yes,no,게노세크트 sr 2장 = 장당 0.2 위대한 거목 1장 = 0.2 아크로마 집념 4장 = 0.45
b85682924f10deba686e67bf,pokemoncardgame,포켓몬 카드게임,2026-06,2026-06-22T00:39:54+09:00,known,cf2faaf795e71372ce366aa8,b85682924f10deba686e67bf,116859,https://m.dcinside.com/board/pokemoncardgame/116859,덱 소스 구합니다,seller-9b9e2d12a2bc5a6934a0a3f1,간절합니다,guest,게노세크트 sr = 위대한 거목 = 아크로마 집념 =,게노세크트 sr = 위대한 거목 = 아크로마 집념 =,게노세크트 sr = 장당 0.2 위대한 거목 = 0.2 아크로마 집념 =,,,buy,구매,7,0.45,4500,estimated,per_card,text,unknown,,active,needs_review,needs_review,"가격 단위 추정, 수량 표기 감지, 배송비 포함 여부 미확정",estimated,yes,no,게노세크트 sr 2장 = 장당 0.2 위대한 거목 1장 = 0.2 아크로마 집념 4장 = 0.45
293ff2684b4763361aa4aaa7,pokemoncardgame,포켓몬 카드게임,2026-06,2026-06-22T09:59:49+09:00,known,c2f7003e2731eedd80fd7c3d,293ff2684b4763361aa4aaa7,116879,https://m.dcinside.com/board/pokemoncardgame/116879,무쿠랑 타타륜 구매합니다,seller-2e45098fdabb7f32c264dfc8,코제,registered,타타륜 일반 ar,타타륜 일반 ar,타타륜 일반 0.2 / ar,,,buy,구매,1,0.4,4000,estimated,bundle,text,unknown,,active,needs_review,needs_review,"가격 단위 추정, 수량 표기 감지, 복수 카드 가격, 배송비 포함 여부 미확정, 묶음·세트 총액 · 개별 카드 가격 아님",estimated,no,no,타타륜 1장 일반 0.2 / ar 0.4
5c341568df10f3aee573d64c,pokemoncardgame,포켓몬 카드게임,2026-06,2026-06-22T09:59:49+09:00,known,489f34e3546e60b63b82827e,5c341568df10f3aee573d64c,116879,https://m.dcinside.com/board/pokemoncardgame/116879,무쿠랑 타타륜 구매합니다,seller-2e45098fdabb7f32c264dfc8,코제,registered,타타륜 일반 ar,타타륜 일반 ar,타타륜 일반 0.2 / ar,,,buy,구매,1,0.4,4000,estimated,bundle,text,unknown,,active,needs_review,needs_review,"가격 단위 추정, 수량 표기 감지, 복수 카드 가격, 배송비 포함 여부 미확정, 묶음·세트 총액 · 개별 카드 가격 아님",estimated,no,no,타타륜 1장 일반 0.2 / ar 0.4
71f4b2c124c33021c5514851,pokemoncardgame,포켓몬 카드게임,2026-06,2026-06-22T09:59:49+09:00,known,c2f7003e2731eedd80fd7c3d,71f4b2c124c33021c5514851,116879,https://m.dcinside.com/board/pokemoncardgame/116879,무쿠랑 타타륜 구매합니다,seller-2e45098fdabb7f32c264dfc8,코제,registered,무쿠 당,무쿠 당,무쿠 당,,,buy,구매,3,0.3,3000,estimated,per_card,text,unknown,,active,needs_review,needs_review,"가격 단위 추정, 수량 표기 감지, 배송비 포함 여부 미확정",estimated,yes,no,무쿠 2장 1장당 0.3
7488814087103f94fa24ae20,pokemoncardgame,포켓몬 카드게임,2026-06,2026-06-22T09:59:49+09:00,known,fbfe41ec31add7c054d52f55,7488814087103f94fa24ae20,116879,https://m.dcinside.com/board/pokemoncardgame/116879,무쿠랑 타타륜 구매합니다,seller-2e45098fdabb7f32c264dfc8,코제,registered,타타륜 일반 ar,타타륜 일반 ar,타타륜 일반 0.2 / ar,,,buy,구매,1,0.4,4000,estimated,bundle,text,unknown,,active,needs_review,needs_review,"가격 단위 추정, 수량 표기 감지, 복수 카드 가격, 배송비 포함 여부 미확정, 묶음·세트 총액 · 개별 카드 가격 아님",estimated,no,no,타타륜 1장 일반 0.2 / ar 0.4
89f8f2e6f722cf2e272c0624,pokemoncardgame,포켓몬 카드게임,2026-06,2026-06-22T09:59:49+09:00,known,fbfe41ec31add7c054d52f55,89f8f2e6f722cf2e272c0624,116879,https://m.dcinside.com/board/pokemoncardgame/116879,무쿠랑 타타륜 구매합니다,seller-2e45098fdabb7f32c264dfc8,코제,registered,무쿠 당,무쿠 당,무쿠 당,,,buy,구매,3,0.3,3000,estimated,per_card,text,unknown,,active,needs_review,needs_review,"가격 단위 추정, 수량 표기 감지, 배송비 포함 여부 미확정",estimated,yes,no,무쿠 2장 1장당 0.3
a255410ab3c065572f1fd55e,pokemoncardgame,포켓몬 카드게임,2026-06,2026-06-22T09:59:49+09:00,known,489f34e3546e60b63b82827e,a255410ab3c065572f1fd55e,116879,https://m.dcinside.com/board/pokemoncardgame/116879,무쿠랑 타타륜 구매합니다,seller-2e45098fdabb7f32c264dfc8,코제,registered,무쿠 당,무쿠 당,무쿠 당,,,buy,구매,3,0.3,3000,estimated,per_card,text,unknown,,active,needs_review,needs_review,"가격 단위 추정, 수량 표기 감지, 배송비 포함 여부 미확정",estimated,yes,no,무쿠 2장 1장당 0.3
872505dc95b7c5e8c8dce83f,pokemoncardgame,포켓몬 카드게임,2026-06,2026-06-22T14:13:28+09:00,known,f7526523a2239752087fd6af,872505dc95b7c5e8c8dce83f,116890,https://m.dcinside.com/board/pokemoncardgame/116890,무쿠 sar 구해요,seller-2e45098fdabb7f32c264dfc8,코제,registered,무쿠 sar,무쿠 sar,무쿠 sar,,,buy,구매,1,5,50000,estimated,per_card,text,unknown,,active,needs_review,needs_review,"가격 단위 추정, 수량 표기 감지, 배송비 포함 여부 미확정",estimated,yes,no,무쿠 sar 1장 5 정도에 구매 희망합니다
91ecc3eabcaa5659ac18d515,pokemoncardgame,포켓몬 카드게임,2026-06,2026-06-22T14:13:28+09:00,known,804bafbe1360580c95f492b2,91ecc3eabcaa5659ac18d515,116890,https://m.dcinside.com/board/pokemoncardgame/116890,무쿠 sar 구해요,seller-2e45098fdabb7f32c264dfc8,코제,registered,무쿠 sar,무쿠 sar,무쿠 sar,,,buy,구매,1,5,50000,estimated,per_card,text,unknown,,active,needs_review,needs_review,"가격 단위 추정, 수량 표기 감지, 배송비 포함 여부 미확정",estimated,yes,no,무쿠 sar 1장 5 정도에 구매 희망합니다
c291e79b06503096f070f0e2,pokemoncardgame,포켓몬 카드게임,2026-06,2026-06-22T14:13:28+09:00,known,3e3f39fffc70a64da7f70298,c291e79b06503096f070f0e2,116890,https://m.dcinside.com/board/pokemoncardgame/116890,무쿠 sar 구해요,seller-2e45098fdabb7f32c264dfc8,코제,registered,무쿠 sar,무쿠 sar,무쿠 sar,,,buy,구매,1,5,50000,estimated,per_card,text,unknown,,active,needs_review,needs_review,"가격 단위 추정, 수량 표기 감지, 배송비 포함 여부 미확정",estimated,yes,no,무쿠 sar 1장 5 정도에 구매 희망합니다
1106db1570f6634043077e18,pokemoncardgame,포켓몬 카드게임,2026-06,2026-06-22T14:39:29+09:00,known,ef1c666123b95bce526c3a01,1106db1570f6634043077e18,116895,https://m.dcinside.com/board/pokemoncardgame/116895,뱅글 스알 구함,seller-afef59e21886cf1c3b43647d,나르자,registered,,.,.,,,buy,구매,1,,,missing,unknown,unknown,unknown,,active,needs_review,needs_review,"가격 후보 재검토 필요, 가격 미기재",missing,no,no,.2에 사봄
5d3764641178dfece96797ea,pokemoncardgame,포켓몬 카드게임,2026-06,2026-06-22T14:39:29+09:00,known,87b5058e3aa4864fde33ef05,5d3764641178dfece96797ea,116895,https://m.dcinside.com/board/pokemoncardgame/116895,뱅글 스알 구함,seller-afef59e21886cf1c3b43647d,나르자,registered,,.,.,,,buy,구매,1,,,missing,unknown,unknown,unknown,,active,needs_review,needs_review,"가격 후보 재검토 필요, 가격 미기재",missing,no,no,.2에 사봄
fdd56a33eb32d014bfdf2035,pokemoncardgame,포켓몬 카드게임,2026-06,2026-06-22T14:39:29+09:00,known,6247bb00ab59ecae2c1e796c,fdd56a33eb32d014bfdf2035,116895,https://m.dcinside.com/board/pokemoncardgame/116895,뱅글 스알 구함,seller-afef59e21886cf1c3b43647d,나르자,registered,,.,.,,,buy,구매,1,,,missing,unknown,unknown,unknown,,active,needs_review,needs_review,"가격 후보 재검토 필요, 가격 미기재",missing,no,no,.2에 사봄
01f918d7f2732dbb4fac7609,pokemoncardgame,포켓몬 카드게임,2026-06,2026-06-22T17:29:48+09:00,known,3fa86240421c728f7e0640e4,01f918d7f2732dbb4fac7609,116917,https://m.dcinside.com/board/pokemoncardgame/116917,야도킹 덱 4에 삽니다.,seller-dfede2f98b74b48a2ad23623,규란,registered,이 덱리로,이 덱리로,이 덱리로,,,buy,구매,1,4,40000,estimated,bundle,text,unknown,,active,needs_review,needs_review,"가격 단위 추정, 배송비 포함 여부 미확정, 묶음·세트 총액 · 개별 카드 가격 아님",estimated,no,no,이 덱리로 4에 삽니다. 야돈은 헤엄치는 애로 할께요. 미발매된 애 말구요.
64ce5053486ee6877d0bf9e4,pokemoncardgame,포켓몬 카드게임,2026-06,2026-06-22T17:29:48+09:00,known,72963c4ada7a2f602c6de228,64ce5053486ee6877d0bf9e4,116917,https://m.dcinside.com/board/pokemoncardgame/116917,야도킹 덱 4에 삽니다.,seller-dfede2f98b74b48a2ad23623,규란,registered,이 덱리로,이 덱리로,이 덱리로,,,buy,구매,1,4,40000,estimated,bundle,text,unknown,,active,needs_review,needs_review,"가격 단위 추정, 배송비 포함 여부 미확정, 묶음·세트 총액 · 개별 카드 가격 아님",estimated,no,no,이 덱리로 4에 삽니다. 야돈은 헤엄치는 애로 할께요. 미발매된 애 말구요.
ab890c01e682bc0246bdf602,pokemoncardgame,포켓몬 카드게임,2026-06,2026-06-22T17:29:48+09:00,known,d6f545bd52f514d1a3d1b83b,ab890c01e682bc0246bdf602,116917,https://m.dcinside.com/board/pokemoncardgame/116917,야도킹 덱 4에 삽니다.,seller-dfede2f98b74b48a2ad23623,규란,registered,이 덱리로,이 덱리로,이 덱리로,,,buy,구매,1,4,40000,estimated,bundle,text,unknown,,active,needs_review,needs_review,"가격 단위 추정, 배송비 포함 여부 미확정, 묶음·세트 총액 · 개별 카드 가격 아님",estimated,no,no,이 덱리로 4에 삽니다. 야돈은 헤엄치는 애로 할께요. 미발매된 애 말구요.
07369f01250b5c72bde4b817,pokemoncardgame,포켓몬 카드게임,2026-06,2026-06-22T22:25:02+09:00,known,8fd00db22de14a2c54df4f7e,07369f01250b5c72bde4b817,116945,https://m.dcinside.com/board/pokemoncardgame/116945,"도주드로 노고고치, HP70 노고치 구매합니다.",seller-e57aa7aa47fb136fbc168b4f,293,guest,한세트당,한세트당,한세트당,,,buy,구매,1,0.4,4000,estimated,bundle,text,unknown,,active,needs_review,needs_review,"가격 단위 추정, 일괄·세트 가격, 배송비 포함 여부 미확정, 묶음·세트 총액 · 개별 카드 가격 아님",estimated,no,no,한세트당 0.4에 구매합니다.
b4af71cb3090098caad083af,pokemoncardgame,포켓몬 카드게임,2026-06,2026-06-22T22:25:02+09:00,known,b721574958cdefe90e2463c8,b4af71cb3090098caad083af,116945,https://m.dcinside.com/board/pokemoncardgame/116945,"도주드로 노고고치, HP70 노고치 구매합니다.",seller-21ca4b49912501b703e08031,293,guest,한세트당,한세트당,한세트당,,,buy,구매,1,0.4,4000,estimated,bundle,text,unknown,,active,needs_review,needs_review,"가격 단위 추정, 일괄·세트 가격, 배송비 포함 여부 미확정, 묶음·세트 총액 · 개별 카드 가격 아님",estimated,no,no,한세트당 0.4에 구매합니다.
d376381b692d275370927470,pokemoncardgame,포켓몬 카드게임,2026-06,2026-06-22T22:25:02+09:00,known,fa46dce4fd402c0e7b4d94b7,d376381b692d275370927470,116945,https://m.dcinside.com/board/pokemoncardgame/116945,"도주드로 노고고치, HP70 노고치 구매합니다.",seller-f2ac0696fcf8c03193755abc,293,guest,한세트당,한세트당,한세트당,,,buy,구매,1,0.4,4000,estimated,bundle,text,unknown,,active,needs_review,needs_review,"가격 단위 추정, 일괄·세트 가격, 배송비 포함 여부 미확정, 묶음·세트 총액 · 개별 카드 가격 아님",estimated,no,no,한세트당 0.4에 구매합니다.
1ca2efcb98120908d88c97ca,pokemoncardgame,포켓몬 카드게임,2026-06,2026-06-23T13:09:49+09:00,known,360973bab75556e5987f9162,1ca2efcb98120908d88c97ca,116977,https://m.dcinside.com/board/pokemoncardgame/116977,어비스아이 카드구매합니다,seller-eb341032c693e8caab4d5146,ㅇㅇ,guest,다크펫,다크펫,다크펫,,,buy,구매,1,0.1,1000,estimated,per_card,text,unknown,,active,needs_review,needs_review,"가격 단위 추정, 수량 표기 감지, 배송비 포함 여부 미확정",estimated,yes,no,다크펫x1 0.1
59083caff68ea76077fb5f1c,pokemoncardgame,포켓몬 카드게임,2026-06,2026-06-23T13:09:49+09:00,known,c27bb839b522bd2120778ef8,59083caff68ea76077fb5f1c,116977,https://m.dcinside.com/board/pokemoncardgame/116977,어비스아이 카드구매합니다,seller-89ddf6419e8b1b3a95f93f68,ㅇㅇ,guest,다크펫,다크펫,다크펫,,,buy,구매,1,0.1,1000,estimated,per_card,text,unknown,,active,needs_review,needs_review,"가격 단위 추정, 수량 표기 감지, 배송비 포함 여부 미확정",estimated,yes,no,다크펫x1 0.1
6af2f30806d486c7fa79b394,pokemoncardgame,포켓몬 카드게임,2026-06,2026-06-23T13:09:49+09:00,known,c27bb839b522bd2120778ef8,6af2f30806d486c7fa79b394,116977,https://m.dcinside.com/board/pokemoncardgame/116977,어비스아이 카드구매합니다,seller-89ddf6419e8b1b3a95f93f68,ㅇㅇ,guest,무쿠무한매입,무쿠무한매입,무쿠무한매입 장당,,,buy,구매,1,0.3,3000,estimated,per_card,text,unknown,,active,needs_review,needs_review,"가격 단위 추정, 배송비 포함 여부 미확정",estimated,yes,no,무쿠무한매입 장당 0.3
74f520175571e41abc208be7,pokemoncardgame,포켓몬 카드게임,2026-06,2026-06-23T13:09:49+09:00,known,a8db344a0dd421d6c986b2c4,74f520175571e41abc208be7,116977,https://m.dcinside.com/board/pokemoncardgame/116977,어비스아이 카드구매합니다,seller-15adee1867e4b0e9a6fa1b9b,ㅇㅇ,guest,무쿠무한매입,무쿠무한매입,무쿠무한매입 장당,,,buy,구매,1,0.3,3000,estimated,per_card,text,unknown,,active,needs_review,needs_review,"가격 단위 추정, 배송비 포함 여부 미확정",estimated,yes,no,무쿠무한매입 장당 0.3
a3835ebdca87e22aa645a53f,pokemoncardgame,포켓몬 카드게임,2026-06,2026-06-23T13:09:49+09:00,known,c27bb839b522bd2120778ef8,a3835ebdca87e22aa645a53f,116977,https://m.dcinside.com/board/pokemoncardgame/116977,어비스아이 카드구매합니다,seller-89ddf6419e8b1b3a95f93f68,ㅇㅇ,guest,타타륜,타타륜,타타륜,,,buy,구매,1,0.1,1000,estimated,per_card,text,unknown,,active,needs_review,needs_review,"가격 단위 추정, 수량 표기 감지, 배송비 포함 여부 미확정",estimated,yes,no,타타륜x1 0.1
b6d76348da755ad4a73bc673,pokemoncardgame,포켓몬 카드게임,2026-06,2026-06-23T13:09:49+09:00,known,a8db344a0dd421d6c986b2c4,b6d76348da755ad4a73bc673,116977,https://m.dcinside.com/board/pokemoncardgame/116977,어비스아이 카드구매합니다,seller-15adee1867e4b0e9a6fa1b9b,ㅇㅇ,guest,타타륜,타타륜,타타륜,,,buy,구매,1,0.1,1000,estimated,per_card,text,unknown,,active,needs_review,needs_review,"가격 단위 추정, 수량 표기 감지, 배송비 포함 여부 미확정",estimated,yes,no,타타륜x1 0.1
d0bd4d04fb5f207cb0eb8e35,pokemoncardgame,포켓몬 카드게임,2026-06,2026-06-23T13:09:49+09:00,known,360973bab75556e5987f9162,d0bd4d04fb5f207cb0eb8e35,116977,https://m.dcinside.com/board/pokemoncardgame/116977,어비스아이 카드구매합니다,seller-eb341032c693e8caab4d5146,ㅇㅇ,guest,타타륜,타타륜,타타륜,,,buy,구매,1,0.1,1000,estimated,per_card,text,unknown,,active,needs_review,needs_review,"가격 단위 추정, 수량 표기 감지, 배송비 포함 여부 미확정",estimated,yes,no,타타륜x1 0.1
d5b656844642771eb08db39d,pokemoncardgame,포켓몬 카드게임,2026-06,2026-06-23T13:09:49+09:00,known,360973bab75556e5987f9162,d5b656844642771eb08db39d,116977,https://m.dcinside.com/board/pokemoncardgame/116977,어비스아이 카드구매합니다,seller-eb341032c693e8caab4d5146,ㅇㅇ,guest,무쿠무한매입,무쿠무한매입,무쿠무한매입 장당,,,buy,구매,1,0.3,3000,estimated,per_card,text,unknown,,active,needs_review,needs_review,"가격 단위 추정, 배송비 포함 여부 미확정",estimated,yes,no,무쿠무한매입 장당 0.3
dd44594b8756c1c05d6a6537,pokemoncardgame,포켓몬 카드게임,2026-06,2026-06-23T13:09:49+09:00,known,a8db344a0dd421d6c986b2c4,dd44594b8756c1c05d6a6537,116977,https://m.dcinside.com/board/pokemoncardgame/116977,어비스아이 카드구매합니다,seller-15adee1867e4b0e9a6fa1b9b,ㅇㅇ,guest,다크펫,다크펫,다크펫,,,buy,구매,1,0.1,1000,estimated,per_card,text,unknown,,active,needs_review,needs_review,"가격 단위 추정, 수량 표기 감지, 배송비 포함 여부 미확정",estimated,yes,no,다크펫x1 0.1
000d7c1b7fbb1b00120cd91c,pokemoncardgame,포켓몬 카드게임,2026-06,2026-06-23T20:04:19+09:00,known,ef15dcfe62cebdedf683345a,000d7c1b7fbb1b00120cd91c,117005,https://m.dcinside.com/board/pokemoncardgame/117005,서처컴프경돌 구함,seller-fc9120fc03faff0e832cfd5f,SRT섬광방패..,registered,서처,서처,서처 0.5,,,buy,구매,5,,,missing,unknown,unknown,unknown,,active,needs_review,needs_review,수량 표기 감지 · 가격 미기재,missing,no,no,서처 0.5 ×5
60afb4534bed5c85cbfcbfc1,pokemoncardgame,포켓몬 카드게임,2026-06,2026-06-23T20:04:19+09:00,known,d69496f5abf7af22b352015b,60afb4534bed5c85cbfcbfc1,117005,https://m.dcinside.com/board/pokemoncardgame/117005,서처컴프경돌 구함,seller-fc9120fc03faff0e832cfd5f,SRT섬광방패..,registered,컴프,컴프,컴프 0.4,,,buy,구매,2,,,missing,unknown,unknown,unknown,,active,needs_review,needs_review,수량 표기 감지 · 가격 미기재,missing,no,no,컴프 0.4 ×2
63d2f9d7582df43344cd300c,pokemoncardgame,포켓몬 카드게임,2026-06,2026-06-23T20:04:19+09:00,known,d69496f5abf7af22b352015b,63d2f9d7582df43344cd300c,117005,https://m.dcinside.com/board/pokemoncardgame/117005,서처컴프경돌 구함,seller-fc9120fc03faff0e832cfd5f,SRT섬광방패..,registered,서처,서처,서처 0.5,,,buy,구매,5,,,missing,unknown,unknown,unknown,,active,needs_review,needs_review,수량 표기 감지 · 가격 미기재,missing,no,no,서처 0.5 ×5
9ca35737a1ef85ae4496f8aa,pokemoncardgame,포켓몬 카드게임,2026-06,2026-06-23T20:04:19+09:00,known,01ab692d2431f903fccab196,9ca35737a1ef85ae4496f8aa,117005,https://m.dcinside.com/board/pokemoncardgame/117005,서처컴프경돌 구함,seller-fc9120fc03faff0e832cfd5f,SRT섬광방패..,registered,가벼운돌,가벼운돌,가벼운돌 0.1,,,buy,구매,1,,,missing,unknown,unknown,unknown,,active,needs_review,needs_review,수량 표기 감지 · 가격 미기재,missing,no,no,가벼운돌 0.1 ×1
a6668a3169e8d87830cf5400,pokemoncardgame,포켓몬 카드게임,2026-06,2026-06-23T20:04:19+09:00,known,01ab692d2431f903fccab196,a6668a3169e8d87830cf5400,117005,https://m.dcinside.com/board/pokemoncardgame/117005,서처컴프경돌 구함,seller-fc9120fc03faff0e832cfd5f,SRT섬광방패..,registered,컴프,컴프,컴프 0.4,,,buy,구매,2,,,missing,unknown,unknown,unknown,,active,needs_review,needs_review,수량 표기 감지 · 가격 미기재,missing,no,no,컴프 0.4 ×2
bee79cf03f49d7b295d47bac,pokemoncardgame,포켓몬 카드게임,2026-06,2026-06-23T20:04:19+09:00,known,01ab692d2431f903fccab196,bee79cf03f49d7b295d47bac,117005,https://m.dcinside.com/board/pokemoncardgame/117005,서처컴프경돌 구함,seller-fc9120fc03faff0e832cfd5f,SRT섬광방패..,registered,서처,서처,서처 0.5,,,buy,구매,5,,,missing,unknown,unknown,unknown,,active,needs_review,needs_review,수량 표기 감지 · 가격 미기재,missing,no,no,서처 0.5 ×5
c0b2523db0299b84e0a321eb,pokemoncardgame,포켓몬 카드게임,2026-06,2026-06-23T20:04:19+09:00,known,ef15dcfe62cebdedf683345a,c0b2523db0299b84e0a321eb,117005,https://m.dcinside.com/board/pokemoncardgame/117005,서처컴프경돌 구함,seller-fc9120fc03faff0e832cfd5f,SRT섬광방패..,registered,가벼운돌,가벼운돌,가벼운돌 0.1,,,buy,구매,1,,,missing,unknown,unknown,unknown,,active,needs_review,needs_review,수량 표기 감지 · 가격 미기재,missing,no,no,가벼운돌 0.1 ×1
c4560371bafef23e6892d4b4,pokemoncardgame,포켓몬 카드게임,2026-06,2026-06-23T20:04:19+09:00,known,ef15dcfe62cebdedf683345a,c4560371bafef23e6892d4b4,117005,https://m.dcinside.com/board/pokemoncardgame/117005,서처컴프경돌 구함,seller-fc9120fc03faff0e832cfd5f,SRT섬광방패..,registered,컴프,컴프,컴프 0.4,,,buy,구매,2,,,missing,unknown,unknown,unknown,,active,needs_review,needs_review,수량 표기 감지 · 가격 미기재,missing,no,no,컴프 0.4 ×2
e994b75567e81581566ad360,pokemoncardgame,포켓몬 카드게임,2026-06,2026-06-23T20:04:19+09:00,known,d69496f5abf7af22b352015b,e994b75567e81581566ad360,117005,https://m.dcinside.com/board/pokemoncardgame/117005,서처컴프경돌 구함,seller-fc9120fc03faff0e832cfd5f,SRT섬광방패..,registered,가벼운돌,가벼운돌,가벼운돌 0.1,,,buy,구매,1,,,missing,unknown,unknown,unknown,,active,needs_review,needs_review,수량 표기 감지 · 가격 미기재,missing,no,no,가벼운돌 0.1 ×1
108d081defc4595d84ce5109,pokemoncardgame,포켓몬 카드게임,2026-06,2026-06-23T22:54:46+09:00,known,f562c0fa0215a7f0266cb6ad,108d081defc4595d84ce5109,117030,https://m.dcinside.com/board/pokemoncardgame/117030,무쿠 sr 2만원에 구합니다..,seller-c4de464c945b08f6bc307e61,무니아인,registered,무쿠 sr,무쿠 sr,무쿠 sr,,,buy,구매,1,2,20000,estimated,per_card,text,unknown,,active,needs_review,needs_review,배송비 포함 여부 미확정,estimated,yes,no,무쿠 sr 2만원에 구합니다..
3e32fb0caf52512f54637efe,pokemoncardgame,포켓몬 카드게임,2026-06,2026-06-23T22:54:46+09:00,known,aca44e9215a60adb28bebcd2,3e32fb0caf52512f54637efe,117030,https://m.dcinside.com/board/pokemoncardgame/117030,무쿠 sr 2만원에 구합니다..,seller-c4de464c945b08f6bc307e61,무니아인,registered,무쿠 sr,무쿠 sr,무쿠 sr,,,buy,구매,1,2,20000,estimated,per_card,text,unknown,,active,needs_review,needs_review,배송비 포함 여부 미확정,estimated,yes,no,무쿠 sr 2만원에 구합니다..
5ec0841a2b6701e30b13b97b,pokemoncardgame,포켓몬 카드게임,2026-06,2026-06-23T22:54:46+09:00,known,12f55102a625a248f705bdd7,5ec0841a2b6701e30b13b97b,117030,https://m.dcinside.com/board/pokemoncardgame/117030,무쿠 sr 2만원에 구합니다..,seller-c4de464c945b08f6bc307e61,무니아인,registered,무쿠 sr,무쿠 sr,무쿠 sr,,,buy,구매,1,2,20000,estimated,per_card,text,unknown,,active,needs_review,needs_review,배송비 포함 여부 미확정,estimated,yes,no,무쿠 sr 2만원에 구합니다..
219baf560ff37025150e4fe1,pokemoncardgame,포켓몬 카드게임,2026-06,2026-06-24T14:26:42+09:00,known,d41efa7042687684efbe81e9,219baf560ff37025150e4fe1,117071,https://m.dcinside.com/board/pokemoncardgame/117071,쌍검킬 덱 삽니다.,seller-dfede2f98b74b48a2ad23623,규란,registered,가격은,가격은,가격은 3~,,,buy,구매,1,4,40000,estimated,per_card,text,unknown,,active,needs_review,needs_review,"가격 단위 추정, 배송비 포함 여부 미확정",estimated,yes,no,가격은 3~4정도 생각합니다.!!
8b7dbc758a5e29eb35ede16e,pokemoncardgame,포켓몬 카드게임,2026-06,2026-06-24T14:26:42+09:00,known,d0d6f61ee7b0a1cc94b78ae9,8b7dbc758a5e29eb35ede16e,117071,https://m.dcinside.com/board/pokemoncardgame/117071,쌍검킬 덱 삽니다.,seller-dfede2f98b74b48a2ad23623,규란,registered,가격은,가격은,가격은 3~,,,buy,구매,1,4,40000,estimated,per_card,text,unknown,,active,needs_review,needs_review,"가격 단위 추정, 배송비 포함 여부 미확정",estimated,yes,no,가격은 3~4정도 생각합니다.!!
a53a7f36c8403ebb49682991,pokemoncardgame,포켓몬 카드게임,2026-06,2026-06-24T14:26:42+09:00,known,d675bce6d352d6636877feab,a53a7f36c8403ebb49682991,117071,https://m.dcinside.com/board/pokemoncardgame/117071,쌍검킬 덱 삽니다.,seller-dfede2f98b74b48a2ad23623,규란,registered,가격은,가격은,가격은 3~,,,buy,구매,1,4,40000,estimated,per_card,text,unknown,,active,needs_review,needs_review,"가격 단위 추정, 배송비 포함 여부 미확정",estimated,yes,no,가격은 3~4정도 생각합니다.!!
76b9eb2fa52d2e34fcacfd83,pokemoncardgame,포켓몬 카드게임,2026-06,2026-06-25T18:22:02+09:00,known,b59a6c8ca137f82ead96aa54,76b9eb2fa52d2e34fcacfd83,117163,https://m.dcinside.com/board/pokemoncardgame/117163,익팬 덱 삽니다,seller-e15275b661119c7a48143f2d,jii,registered,익팬 덱,익팬 덱,익팬 덱,,,buy,구매,1,,,missing,unknown,unknown,unknown,,active,needs_review,needs_review,"가격 후보 재검토 필요, 가격 미기재",missing,no,no,익팬 덱 삽니다
d18ae942bbaf5713fdca8848,pokemoncardgame,포켓몬 카드게임,2026-06,2026-06-25T18:22:02+09:00,known,43eab3e16aa7b63f32fabe22,d18ae942bbaf5713fdca8848,117163,https://m.dcinside.com/board/pokemoncardgame/117163,익팬 덱 삽니다,seller-e15275b661119c7a48143f2d,jii,registered,익팬 덱,익팬 덱,익팬 덱,,,buy,구매,1,,,missing,unknown,unknown,unknown,,active,needs_review,needs_review,"가격 후보 재검토 필요, 가격 미기재",missing,no,no,익팬 덱 삽니다
fe877a74b0a0b7a7b7aa5a27,pokemoncardgame,포켓몬 카드게임,2026-06,2026-06-25T18:22:02+09:00,known,185ac3a0c55caea34f281ed9,fe877a74b0a0b7a7b7aa5a27,117163,https://m.dcinside.com/board/pokemoncardgame/117163,익팬 덱 삽니다,seller-e15275b661119c7a48143f2d,jii,registered,익팬 덱,익팬 덱,익팬 덱,,,buy,구매,1,,,missing,unknown,unknown,unknown,,active,needs_review,needs_review,"가격 후보 재검토 필요, 가격 미기재",missing,no,no,익팬 덱 삽니다
18be2a05fd267398413c003c,pokemoncardgame,포켓몬 카드게임,2026-06,2026-06-25T23:52:18+09:00,known,4fe2b7431c15f69d4e406791,18be2a05fd267398413c003c,117192,https://m.dcinside.com/board/pokemoncardgame/117192,다크러시 깜까미 구함,seller-120a680d0d9889fb4a854b11,앙기모띠띠빵빵,registered,다크러시 깜까미,다크러시 깜까미,다크러시 깜까미,,,buy,구매,1,,,missing,unknown,unknown,unknown,,active,needs_review,needs_review,"가격 후보 재검토 필요, 가격 미기재",missing,no,no,다크러시 깜까미 구함
8ba822d4c6f3b54b2b41fc13,pokemoncardgame,포켓몬 카드게임,2026-06,2026-06-25T23:52:18+09:00,known,4b3049ef163d908171246153,8ba822d4c6f3b54b2b41fc13,117192,https://m.dcinside.com/board/pokemoncardgame/117192,다크러시 깜까미 구함,seller-120a680d0d9889fb4a854b11,앙기모띠띠빵빵,registered,다크러시 깜까미,다크러시 깜까미,다크러시 깜까미,,,buy,구매,1,,,missing,unknown,unknown,unknown,,active,needs_review,needs_review,"가격 후보 재검토 필요, 가격 미기재",missing,no,no,다크러시 깜까미 구함
b7e7c1d10f41e92944762ce3,pokemoncardgame,포켓몬 카드게임,2026-06,2026-06-25T23:52:18+09:00,known,c6e4f1f614e85160737dcf4b,b7e7c1d10f41e92944762ce3,117192,https://m.dcinside.com/board/pokemoncardgame/117192,다크러시 깜까미 구함,seller-120a680d0d9889fb4a854b11,앙기모띠띠빵빵,registered,다크러시 깜까미,다크러시 깜까미,다크러시 깜까미,,,buy,구매,1,,,missing,unknown,unknown,unknown,,active,needs_review,needs_review,"가격 후보 재검토 필요, 가격 미기재",missing,no,no,다크러시 깜까미 구함
71f020abcce610395e3114ff,pokemoncardgame,포켓몬 카드게임,2026-06,2026-06-26T00:34:46+09:00,known,d85ec8da9f0be1529d71c355,71f020abcce610395e3114ff,117196,https://m.dcinside.com/board/pokemoncardgame/117196,26일 금요일 대전카드롤 직으로 로켓단 서플라이 삽니다,seller-51447db26eeb90b0124d315b,포갤러,registered,로켓단 슬리브 미개봉 사용품,로켓단 슬리브 미개봉 사용품,로켓단 슬리브 미개봉 2.0 사용품,,,buy,구매,1,1.5,15000,estimated,per_card,text,unknown,,active,needs_review,needs_review,"가격 단위 추정, 배송비 포함 여부 미확정",estimated,yes,no,로켓단 슬리브 미개봉 2.0 사용품 1.5에 직으로 구해봅니다
7f4d6060aee3126b4ef1a423,pokemoncardgame,포켓몬 카드게임,2026-06,2026-06-26T00:34:46+09:00,known,b89abcdf4627d75404c8668e,7f4d6060aee3126b4ef1a423,117196,https://m.dcinside.com/board/pokemoncardgame/117196,26일 금요일 대전카드롤 직으로 로켓단 서플라이 삽니다,seller-51447db26eeb90b0124d315b,포갤러,registered,로켓단 슬리브 미개봉 사용품,로켓단 슬리브 미개봉 사용품,로켓단 슬리브 미개봉 2.0 사용품,,,buy,구매,1,1.5,15000,estimated,per_card,text,unknown,,active,needs_review,needs_review,"가격 단위 추정, 배송비 포함 여부 미확정",estimated,yes,no,로켓단 슬리브 미개봉 2.0 사용품 1.5에 직으로 구해봅니다
9ee6989957333f9814d73f5a,pokemoncardgame,포켓몬 카드게임,2026-06,2026-06-26T00:34:46+09:00,known,0567382ee06b46c829cadf19,9ee6989957333f9814d73f5a,117196,https://m.dcinside.com/board/pokemoncardgame/117196,26일 금요일 대전카드롤 직으로 로켓단 서플라이 삽니다,seller-51447db26eeb90b0124d315b,포갤러,registered,로켓단 슬리브 미개봉 사용품,로켓단 슬리브 미개봉 사용품,로켓단 슬리브 미개봉 2.0 사용품,,,buy,구매,1,1.5,15000,estimated,per_card,text,unknown,,active,needs_review,needs_review,"가격 단위 추정, 배송비 포함 여부 미확정",estimated,yes,no,로켓단 슬리브 미개봉 2.0 사용품 1.5에 직으로 구해봅니다
1ace0691a132823ee11ae71c,pokemoncardgame,포켓몬 카드게임,2026-06,2026-06-26T01:26:39+09:00,known,551a5f1343c1e9d68660d8aa,1ace0691a132823ee11ae71c,117201,https://m.dcinside.com/board/pokemoncardgame/117201,야도킹 덱 소스 구매합니다,seller-51447db26eeb90b0124d315b,포갤러,registered,야돈4 야돈킹3 메가캥가1 라티아스 큐레무1 삐삐1 암호매니아,야돈4 야돈킹3 메가캥가1 라티아스 큐레무1 삐삐1 암호매니아,"야돈4,야돈킹3, 메가캥가1, 라티아스 큐레무1, 삐삐1, 암호매니아",,,buy,구매,1,3,30000,estimated,per_card,text,unknown,,active,needs_review,needs_review,"가격 단위 추정, 수량 표기 감지, 복수 카드 가격, 배송비 포함 여부 미확정",estimated,yes,no,"야돈4,야돈킹3, 메가캥가1, 라티아스1 큐레무1, 삐삐1, 암호매니아 3, 포켓패드1,하이퍼벌2, 원더패치3, 시크릿박스1, 텔라패스 에너지2, 기본초에너지3,부메랑에너지1, 저숭갓숭1(초전브)"
61efaf0c331c6060f8d19b82,pokemoncardgame,포켓몬 카드게임,2026-06,2026-06-26T01:26:39+09:00,known,da9038725b6dc705d8e0872a,61efaf0c331c6060f8d19b82,117201,https://m.dcinside.com/board/pokemoncardgame/117201,야도킹 덱 소스 구매합니다,seller-51447db26eeb90b0124d315b,포갤러,registered,야돈4 야돈킹3 메가캥가1 라티아스 큐레무1 삐삐1 암호매니아,야돈4 야돈킹3 메가캥가1 라티아스 큐레무1 삐삐1 암호매니아,"야돈4,야돈킹3, 메가캥가1, 라티아스 큐레무1, 삐삐1, 암호매니아",,,buy,구매,1,3,30000,estimated,per_card,text,unknown,,active,needs_review,needs_review,"가격 단위 추정, 수량 표기 감지, 복수 카드 가격, 배송비 포함 여부 미확정",estimated,yes,no,"야돈4,야돈킹3, 메가캥가1, 라티아스1 큐레무1, 삐삐1, 암호매니아 3, 포켓패드1,하이퍼벌2, 원더패치3, 시크릿박스1, 텔라패스 에너지2, 기본초에너지3,부메랑에너지1, 저숭갓숭1(초전브)"
96b6ee6ba1e2a42ba41c4f1b,pokemoncardgame,포켓몬 카드게임,2026-06,2026-06-26T01:26:39+09:00,known,bdc414743b72153fde671ca0,96b6ee6ba1e2a42ba41c4f1b,117201,https://m.dcinside.com/board/pokemoncardgame/117201,야도킹 덱 소스 구매합니다,seller-51447db26eeb90b0124d315b,포갤러,registered,야돈4 야돈킹3 메가캥가1 라티아스 큐레무1 삐삐1 암호매니아,야돈4 야돈킹3 메가캥가1 라티아스 큐레무1 삐삐1 암호매니아,"야돈4,야돈킹3, 메가캥가1, 라티아스 큐레무1, 삐삐1, 암호매니아",,,buy,구매,1,3,30000,estimated,per_card,text,unknown,,active,needs_review,needs_review,"가격 단위 추정, 수량 표기 감지, 복수 카드 가격, 배송비 포함 여부 미확정",estimated,yes,no,"야돈4,야돈킹3, 메가캥가1, 라티아스1 큐레무1, 삐삐1, 암호매니아 3, 포켓패드1,하이퍼벌2, 원더패치3, 시크릿박스1, 텔라패스 에너지2, 기본초에너지3,부메랑에너지1, 저숭갓숭1(초전브)"
100884795775d1d52e889429,pokemoncardgame,포켓몬 카드게임,2026-06,2026-06-26T16:00:48+09:00,known,907cc854f610a9b273552ee0,100884795775d1d52e889429,117267,https://m.dcinside.com/board/pokemoncardgame/117267,공예용 (카톤깡 박스깡 하고 난) 잡카드 삽니다,seller-d168cf00f271e86cf71f91df,안톤커츠,registered,시리즈는 모르겠는 그냥 잡카드 뭉치면 한박스쯤,시리즈는 모르겠는 그냥 잡카드 뭉치면 한박스쯤,시리즈는 모르겠는 그냥 잡카드 뭉치면 (한박스쯤),,,buy,구매,150,1500,1500,exact,per_quantity,text,unknown,,active,needs_review,needs_review,"수량 표기 감지, 배송비 포함 여부 미확정, 복수 수량 총액 · 카드 1장 가격 아님",exact,no,no,시리즈는 모르겠는 그냥 잡카드 뭉치면 150장(한박스쯤) 1500원에 삽니다.
43204cae2578515655fe33a9,pokemoncardgame,포켓몬 카드게임,2026-06,2026-06-26T16:00:48+09:00,known,5852bd5c100d225bad036644,43204cae2578515655fe33a9,117267,https://m.dcinside.com/board/pokemoncardgame/117267,공예용 (카톤깡 박스깡 하고 난) 잡카드 삽니다,seller-d168cf00f271e86cf71f91df,안톤커츠,registered,박스당,박스당,박스당,,,buy,구매,1,2000,2000,estimated,per_card,text,unknown,,active,needs_review,needs_review,"가격 단위 추정, 배송비 포함 여부 미확정",estimated,yes,no,박스당 2000
4b9bd25fa4ffea766a676c6f,pokemoncardgame,포켓몬 카드게임,2026-06,2026-06-26T16:00:48+09:00,known,5852bd5c100d225bad036644,4b9bd25fa4ffea766a676c6f,117267,https://m.dcinside.com/board/pokemoncardgame/117267,공예용 (카톤깡 박스깡 하고 난) 잡카드 삽니다,seller-d168cf00f271e86cf71f91df,안톤커츠,registered,시리즈는 모르겠는 그냥 잡카드 뭉치면 한박스쯤,시리즈는 모르겠는 그냥 잡카드 뭉치면 한박스쯤,시리즈는 모르겠는 그냥 잡카드 뭉치면 (한박스쯤),,,buy,구매,150,1500,1500,exact,per_quantity,text,unknown,,active,needs_review,needs_review,"수량 표기 감지, 배송비 포함 여부 미확정, 복수 수량 총액 · 카드 1장 가격 아님",exact,no,no,시리즈는 모르겠는 그냥 잡카드 뭉치면 150장(한박스쯤) 1500원에 삽니다.
5687686292212566f70d6fc2,pokemoncardgame,포켓몬 카드게임,2026-06,2026-06-26T16:00:48+09:00,known,a1c943d680b1a6c785d792ea,5687686292212566f70d6fc2,117267,https://m.dcinside.com/board/pokemoncardgame/117267,공예용 (카톤깡 박스깡 하고 난) 잡카드 삽니다,seller-d168cf00f271e86cf71f91df,안톤커츠,registered,시리즈는 모르겠는 그냥 잡카드 뭉치면 한박스쯤,시리즈는 모르겠는 그냥 잡카드 뭉치면 한박스쯤,시리즈는 모르겠는 그냥 잡카드 뭉치면 (한박스쯤),,,buy,구매,150,1500,1500,exact,per_quantity,text,unknown,,active,needs_review,needs_review,"수량 표기 감지, 배송비 포함 여부 미확정, 복수 수량 총액 · 카드 1장 가격 아님",exact,no,no,시리즈는 모르겠는 그냥 잡카드 뭉치면 150장(한박스쯤) 1500원에 삽니다.
7f91fffb9df75378a4518523,pokemoncardgame,포켓몬 카드게임,2026-06,2026-06-26T16:00:48+09:00,known,a1c943d680b1a6c785d792ea,7f91fffb9df75378a4518523,117267,https://m.dcinside.com/board/pokemoncardgame/117267,공예용 (카톤깡 박스깡 하고 난) 잡카드 삽니다,seller-d168cf00f271e86cf71f91df,안톤커츠,registered,테라스탈페스타ex 박스당,테라스탈페스타ex 박스당,테라스탈페스타ex 박스당,,,buy,구매,1,3000,3000,estimated,per_card,text,unknown,,active,needs_review,needs_review,"가격 단위 추정, 배송비 포함 여부 미확정",estimated,yes,no,테라스탈페스타ex 박스당 3000
9b142f99aea0ff1e58115703,pokemoncardgame,포켓몬 카드게임,2026-06,2026-06-26T16:00:48+09:00,known,907cc854f610a9b273552ee0,9b142f99aea0ff1e58115703,117267,https://m.dcinside.com/board/pokemoncardgame/117267,공예용 (카톤깡 박스깡 하고 난) 잡카드 삽니다,seller-d168cf00f271e86cf71f91df,안톤커츠,registered,테라스탈페스타ex 박스당,테라스탈페스타ex 박스당,테라스탈페스타ex 박스당,,,buy,구매,1,3000,3000,estimated,per_card,text,unknown,,active,needs_review,needs_review,"가격 단위 추정, 배송비 포함 여부 미확정",estimated,yes,no,테라스탈페스타ex 박스당 3000
9c7f1da0adb7db5a219c565a,pokemoncardgame,포켓몬 카드게임,2026-06,2026-06-26T16:00:48+09:00,known,907cc854f610a9b273552ee0,9c7f1da0adb7db5a219c565a,117267,https://m.dcinside.com/board/pokemoncardgame/117267,공예용 (카톤깡 박스깡 하고 난) 잡카드 삽니다,seller-d168cf00f271e86cf71f91df,안톤커츠,registered,박스당,박스당,박스당,,,buy,구매,1,2000,2000,estimated,per_card,text,unknown,,active,needs_review,needs_review,"가격 단위 추정, 배송비 포함 여부 미확정",estimated,yes,no,박스당 2000
c0cf7d40b30b2819e2c550ce,pokemoncardgame,포켓몬 카드게임,2026-06,2026-06-26T16:00:48+09:00,known,5852bd5c100d225bad036644,c0cf7d40b30b2819e2c550ce,117267,https://m.dcinside.com/board/pokemoncardgame/117267,공예용 (카톤깡 박스깡 하고 난) 잡카드 삽니다,seller-d168cf00f271e86cf71f91df,안톤커츠,registered,테라스탈페스타ex 박스당,테라스탈페스타ex 박스당,테라스탈페스타ex 박스당,,,buy,구매,1,3000,3000,estimated,per_card,text,unknown,,active,needs_review,needs_review,"가격 단위 추정, 배송비 포함 여부 미확정",estimated,yes,no,테라스탈페스타ex 박스당 3000
dd90370b0470e85fc70afdbe,pokemoncardgame,포켓몬 카드게임,2026-06,2026-06-26T16:00:48+09:00,known,a1c943d680b1a6c785d792ea,dd90370b0470e85fc70afdbe,117267,https://m.dcinside.com/board/pokemoncardgame/117267,공예용 (카톤깡 박스깡 하고 난) 잡카드 삽니다,seller-d168cf00f271e86cf71f91df,안톤커츠,registered,박스당,박스당,박스당,,,buy,구매,1,2000,2000,estimated,per_card,text,unknown,,active,needs_review,needs_review,"가격 단위 추정, 배송비 포함 여부 미확정",estimated,yes,no,박스당 2000
134328e20540b8551e252a59,pokemoncardgame,포켓몬 카드게임,2026-06,2026-06-26T21:54:22+09:00,known,4041e687a916eac64436dc1b,134328e20540b8551e252a59,117308,https://m.dcinside.com/board/pokemoncardgame/117308,어비스아이 플레이용 고레어 구합니다,seller-51447db26eeb90b0124d315b,포갤러,registered,어비스아이 플레이용 고레어,어비스아이 플레이용 고레어,어비스아이 플레이용 고레어,,,buy,구매,3,,,missing,unknown,unknown,unknown,,active,needs_review,needs_review,"가격 후보 재검토 필요, 가격 미기재",missing,no,no,어비스아이 플레이용 고레어 구합니다
33806511770bb8b07bbbf004,pokemoncardgame,포켓몬 카드게임,2026-06,2026-06-26T21:54:22+09:00,known,c0864960b6a37fa8ff4d8d08,33806511770bb8b07bbbf004,117308,https://m.dcinside.com/board/pokemoncardgame/117308,어비스아이 플레이용 고레어 구합니다,seller-51447db26eeb90b0124d315b,포갤러,registered,어비스아이 플레이용 고레어,어비스아이 플레이용 고레어,어비스아이 플레이용 고레어,,,buy,구매,3,,,missing,unknown,unknown,unknown,,active,needs_review,needs_review,"가격 후보 재검토 필요, 가격 미기재",missing,no,no,어비스아이 플레이용 고레어 구합니다
71401dff68650878ba429f1d,pokemoncardgame,포켓몬 카드게임,2026-06,2026-06-26T21:54:22+09:00,known,b87799324c18c6fcb13d37be,71401dff68650878ba429f1d,117308,https://m.dcinside.com/board/pokemoncardgame/117308,어비스아이 플레이용 고레어 구합니다,seller-51447db26eeb90b0124d315b,포갤러,registered,어비스아이 플레이용 고레어,어비스아이 플레이용 고레어,어비스아이 플레이용 고레어,,,buy,구매,3,,,missing,unknown,unknown,unknown,,active,needs_review,needs_review,"가격 후보 재검토 필요, 가격 미기재",missing,no,no,어비스아이 플레이용 고레어 구합니다
9ebd48ed890a13847079dfc2,pokemoncardgame,포켓몬 카드게임,2026-06,2026-06-26T23:09:07+09:00,known,bd5e1b21f49f619cc447b70c,9ebd48ed890a13847079dfc2,117321,https://m.dcinside.com/board/pokemoncardgame/117321,릴리에의 삐삐 1장 간절히 찾습니다 ㅠ,seller-ce6fecdcc5d56315ea361ca3,릴리슈슈,guest,용산이나 목동 직으로,용산이나 목동 직으로,용산이나 목동 직으로,,,buy,구매,1,0.2,2000,estimated,per_card,text,unknown,,active,needs_review,needs_review,"가격 단위 추정, 배송비 포함 여부 미확정",estimated,yes,no,용산이나 목동 직으로 0.2에 한장 구해요 ㅠ
dfc2285079784a6fb872374f,pokemoncardgame,포켓몬 카드게임,2026-06,2026-06-26T23:09:07+09:00,known,344d447dc4132fee7cba1fdf,dfc2285079784a6fb872374f,117321,https://m.dcinside.com/board/pokemoncardgame/117321,릴리에의 삐삐 1장 간절히 찾습니다 ㅠ,seller-3285b5ba15edb47335ae3c4b,릴리슈슈,guest,용산이나 목동 직으로,용산이나 목동 직으로,용산이나 목동 직으로,,,buy,구매,1,0.2,2000,estimated,per_card,text,unknown,,active,needs_review,needs_review,"가격 단위 추정, 배송비 포함 여부 미확정",estimated,yes,no,용산이나 목동 직으로 0.2에 한장 구해요 ㅠ
ea403d8712bf6b012c4e6f6d,pokemoncardgame,포켓몬 카드게임,2026-06,2026-06-26T23:09:07+09:00,known,2ef80bd37bec3b9f2d70a635,ea403d8712bf6b012c4e6f6d,117321,https://m.dcinside.com/board/pokemoncardgame/117321,릴리에의 삐삐 1장 간절히 찾습니다 ㅠ,seller-6c5d5ab15b7af4b3126bb6f9,릴리슈슈,guest,용산이나 목동 직으로,용산이나 목동 직으로,용산이나 목동 직으로,,,buy,구매,1,0.2,2000,estimated,per_card,text,unknown,,active,needs_review,needs_review,"가격 단위 추정, 배송비 포함 여부 미확정",estimated,yes,no,용산이나 목동 직으로 0.2에 한장 구해요 ㅠ
14274ab6d6bca74ecb424b09,pokemoncardgame,포켓몬 카드게임,2026-06,2026-06-27T00:20:31+09:00,known,687ea21933ff447fe549512b,14274ab6d6bca74ecb424b09,117329,https://m.dcinside.com/board/pokemoncardgame/117329,목동 어비스아이 발기토 전까지 람다4장 2.0에 삽니다,seller-51447db26eeb90b0124d315b,포갤러,registered,목동 어비스아이 발기토 전까지 람다,목동 어비스아이 발기토 전까지 람다,목동 어비스아이 발기토 전까지 람다,,,buy,구매,4,2.0,20000,estimated,per_quantity,text,unknown,,active,needs_review,needs_review,"가격 단위 추정, 수량 표기 감지, 배송비 포함 여부 미확정, 복수 수량 총액 · 카드 1장 가격 아님",estimated,no,no,목동 어비스아이 발기토 전까지 람다4장 2.0에 삽니다
2a1432c5a2bfa3d67cbd2882,pokemoncardgame,포켓몬 카드게임,2026-06,2026-06-27T00:20:31+09:00,known,f5f55adf20cc1c54138a069d,2a1432c5a2bfa3d67cbd2882,117329,https://m.dcinside.com/board/pokemoncardgame/117329,목동 어비스아이 발기토 전까지 람다4장 2.0에 삽니다,seller-51447db26eeb90b0124d315b,포갤러,registered,목동 어비스아이 발기토 전까지 람다,목동 어비스아이 발기토 전까지 람다,목동 어비스아이 발기토 전까지 람다,,,buy,구매,4,2.0,20000,estimated,per_quantity,text,unknown,,active,needs_review,needs_review,"가격 단위 추정, 수량 표기 감지, 배송비 포함 여부 미확정, 복수 수량 총액 · 카드 1장 가격 아님",estimated,no,no,목동 어비스아이 발기토 전까지 람다4장 2.0에 삽니다
fbe7706c5c7425974ea5b4fc,pokemoncardgame,포켓몬 카드게임,2026-06,2026-06-27T00:20:31+09:00,known,d42b3ce26dfe3791c4685c9a,fbe7706c5c7425974ea5b4fc,117329,https://m.dcinside.com/board/pokemoncardgame/117329,목동 어비스아이 발기토 전까지 람다4장 2.0에 삽니다,seller-51447db26eeb90b0124d315b,포갤러,registered,목동 어비스아이 발기토 전까지 람다,목동 어비스아이 발기토 전까지 람다,목동 어비스아이 발기토 전까지 람다,,,buy,구매,4,2.0,20000,estimated,per_quantity,text,unknown,,active,needs_review,needs_review,"가격 단위 추정, 수량 표기 감지, 배송비 포함 여부 미확정, 복수 수량 총액 · 카드 1장 가격 아님",estimated,no,no,목동 어비스아이 발기토 전까지 람다4장 2.0에 삽니다
1abc0a7a4a4e9de5aa02c8f7,pokemoncardgame,포켓몬 카드게임,2026-06,2026-06-27T12:00:43+09:00,known,4b422806c8a215a1875129b3,1abc0a7a4a4e9de5aa02c8f7,117351,https://m.dcinside.com/board/pokemoncardgame/117351,무쿠 2장 구매,seller-51447db26eeb90b0124d315b,포갤러,registered,무쿠,무쿠,무쿠 구매,,,buy,구매,2,,,missing,unknown,unknown,unknown,,active,needs_review,needs_review,수량 표기 감지 · 가격 미기재,missing,no,no,무쿠 2장 구매
2f79ebe7537737e34e9a61f3,pokemoncardgame,포켓몬 카드게임,2026-06,2026-06-27T12:00:43+09:00,known,68b0b648769210790afec886,2f79ebe7537737e34e9a61f3,117351,https://m.dcinside.com/board/pokemoncardgame/117351,무쿠 2장 구매,seller-51447db26eeb90b0124d315b,포갤러,registered,무쿠,무쿠,무쿠 구매,,,buy,구매,2,,,missing,unknown,unknown,unknown,,active,needs_review,needs_review,수량 표기 감지 · 가격 미기재,missing,no,no,무쿠 2장 구매
65d2a22ade28b9c48f375060,pokemoncardgame,포켓몬 카드게임,2026-06,2026-06-27T12:00:43+09:00,known,57732e7d5ef0854868b408f9,65d2a22ade28b9c48f375060,117351,https://m.dcinside.com/board/pokemoncardgame/117351,무쿠 2장 구매,seller-51447db26eeb90b0124d315b,포갤러,registered,무쿠,무쿠,무쿠 구매,,,buy,구매,2,,,missing,unknown,unknown,unknown,,active,needs_review,needs_review,수량 표기 감지 · 가격 미기재,missing,no,no,무쿠 2장 구매
54de06ca0f758beb0eb82763,pokemoncardgame,포켓몬 카드게임,2026-06,2026-06-27T17:29:04+09:00,known,668af130130460fa839ccff2,54de06ca0f758beb0eb82763,117375,https://m.dcinside.com/board/pokemoncardgame/117375,금일 역삼직으로 어비스아이 화강돌 두장 구매합니다.,seller-51447db26eeb90b0124d315b,포갤러,registered,금일 역삼직으로 어비스아이 화강돌 두장,금일 역삼직으로 어비스아이 화강돌 두장,금일 역삼직으로 어비스아이 화강돌 두장 .,,,buy,구매,1,,,missing,unknown,unknown,unknown,,active,needs_review,needs_review,"가격 후보 재검토 필요, 가격 미기재",missing,no,no,금일 역삼직으로 어비스아이 화강돌 두장 구매합니다.
97bc2694f0ced1b6c88e29d4,pokemoncardgame,포켓몬 카드게임,2026-06,2026-06-27T17:29:04+09:00,known,10539fd8574b2552c785608a,97bc2694f0ced1b6c88e29d4,117375,https://m.dcinside.com/board/pokemoncardgame/117375,금일 역삼직으로 어비스아이 화강돌 두장 구매합니다.,seller-51447db26eeb90b0124d315b,포갤러,registered,금일 역삼직으로 어비스아이 화강돌 두장,금일 역삼직으로 어비스아이 화강돌 두장,금일 역삼직으로 어비스아이 화강돌 두장 .,,,buy,구매,1,,,missing,unknown,unknown,unknown,,active,needs_review,needs_review,"가격 후보 재검토 필요, 가격 미기재",missing,no,no,금일 역삼직으로 어비스아이 화강돌 두장 구매합니다.
cbf40e10b665a9d7e5c17ae5,pokemoncardgame,포켓몬 카드게임,2026-06,2026-06-27T17:29:04+09:00,known,bee85e91546c7691718b4b54,cbf40e10b665a9d7e5c17ae5,117375,https://m.dcinside.com/board/pokemoncardgame/117375,금일 역삼직으로 어비스아이 화강돌 두장 구매합니다.,seller-51447db26eeb90b0124d315b,포갤러,registered,금일 역삼직으로 어비스아이 화강돌 두장,금일 역삼직으로 어비스아이 화강돌 두장,금일 역삼직으로 어비스아이 화강돌 두장 .,,,buy,구매,1,,,missing,unknown,unknown,unknown,,active,needs_review,needs_review,"가격 후보 재검토 필요, 가격 미기재",missing,no,no,금일 역삼직으로 어비스아이 화강돌 두장 구매합니다.
072c4d8a9fcb1b16d06aed48,pokemoncardgame,포켓몬 카드게임,2026-06,2026-06-27T19:45:18+09:00,known,d59b0bfd7f8b191fb24db3f5,072c4d8a9fcb1b16d06aed48,117386,https://m.dcinside.com/board/pokemoncardgame/117386,내일 목동 카드챔프 직으로 덱소스 구매합니다,seller-51447db26eeb90b0124d315b,포갤러,registered,풀 에너지 ur 스칼렛 & 바이올렛 버전,풀 에너지 ur 스칼렛 & 바이올렛 버전,풀 에너지 ur 스칼렛 & 바이올렛 버전 장당,,,buy,구매,1,1.2,12000,estimated,bundle,text,unknown,,active,needs_review,needs_review,"가격 단위 추정, 수량 표기 감지, 복수 카드 가격, 배송비 포함 여부 미확정, 묶음·세트 총액 · 개별 카드 가격 아님",estimated,no,no,풀 에너지 ur 스칼렛 & 바이올렛 버전 1장 장당 1.2
13379785fc48c082cf96017b,pokemoncardgame,포켓몬 카드게임,2026-06,2026-06-27T19:45:18+09:00,known,0a6ac7bc795b06c3be903c0e,13379785fc48c082cf96017b,117386,https://m.dcinside.com/board/pokemoncardgame/117386,내일 목동 카드챔프 직으로 덱소스 구매합니다,seller-51447db26eeb90b0124d315b,포갤러,registered,풀 에너지 ur 스칼렛 & 바이올렛 버전,풀 에너지 ur 스칼렛 & 바이올렛 버전,풀 에너지 ur 스칼렛 & 바이올렛 버전 장당,,,buy,구매,1,1.2,12000,estimated,bundle,text,unknown,,active,needs_review,needs_review,"가격 단위 추정, 수량 표기 감지, 복수 카드 가격, 배송비 포함 여부 미확정, 묶음·세트 총액 · 개별 카드 가격 아님",estimated,no,no,풀 에너지 ur 스칼렛 & 바이올렛 버전 1장 장당 1.2
2eb2bde2c06dfaa54a694a27,pokemoncardgame,포켓몬 카드게임,2026-06,2026-06-27T19:45:18+09:00,known,d59b0bfd7f8b191fb24db3f5,2eb2bde2c06dfaa54a694a27,117386,https://m.dcinside.com/board/pokemoncardgame/117386,내일 목동 카드챔프 직으로 덱소스 구매합니다,seller-51447db26eeb90b0124d315b,포갤러,registered,활력의 숲 sr,활력의 숲 sr,활력의 숲 sr 장당,,,buy,구매,2,0.2,2000,estimated,per_card,text,unknown,,active,needs_review,needs_review,"가격 단위 추정, 수량 표기 감지, 배송비 포함 여부 미확정",estimated,yes,no,활력의 숲 sr 2장 장당 0.2
90c804c2ef379e608277440d,pokemoncardgame,포켓몬 카드게임,2026-06,2026-06-27T19:45:18+09:00,known,0a6ac7bc795b06c3be903c0e,90c804c2ef379e608277440d,117386,https://m.dcinside.com/board/pokemoncardgame/117386,내일 목동 카드챔프 직으로 덱소스 구매합니다,seller-51447db26eeb90b0124d315b,포갤러,registered,활력의 숲 sr,활력의 숲 sr,활력의 숲 sr 장당,,,buy,구매,2,0.2,2000,estimated,per_card,text,unknown,,active,needs_review,needs_review,"가격 단위 추정, 수량 표기 감지, 배송비 포함 여부 미확정",estimated,yes,no,활력의 숲 sr 2장 장당 0.2
b0927755146285bb6b1a04ed,pokemoncardgame,포켓몬 카드게임,2026-06,2026-06-27T19:45:18+09:00,known,c5e609176c6192565f2d59a2,b0927755146285bb6b1a04ed,117386,https://m.dcinside.com/board/pokemoncardgame/117386,내일 목동 카드챔프 직으로 덱소스 구매합니다,seller-51447db26eeb90b0124d315b,포갤러,registered,풀 에너지 ur 스칼렛 & 바이올렛 버전,풀 에너지 ur 스칼렛 & 바이올렛 버전,풀 에너지 ur 스칼렛 & 바이올렛 버전 장당,,,buy,구매,1,1.2,12000,estimated,bundle,text,unknown,,active,needs_review,needs_review,"가격 단위 추정, 수량 표기 감지, 복수 카드 가격, 배송비 포함 여부 미확정, 묶음·세트 총액 · 개별 카드 가격 아님",estimated,no,no,풀 에너지 ur 스칼렛 & 바이올렛 버전 1장 장당 1.2
f136036e99536c6f135dd30d,pokemoncardgame,포켓몬 카드게임,2026-06,2026-06-27T19:45:18+09:00,known,c5e609176c6192565f2d59a2,f136036e99536c6f135dd30d,117386,https://m.dcinside.com/board/pokemoncardgame/117386,내일 목동 카드챔프 직으로 덱소스 구매합니다,seller-51447db26eeb90b0124d315b,포갤러,registered,활력의 숲 sr,활력의 숲 sr,활력의 숲 sr 장당,,,buy,구매,2,0.2,2000,estimated,per_card,text,unknown,,active,needs_review,needs_review,"가격 단위 추정, 수량 표기 감지, 배송비 포함 여부 미확정",estimated,yes,no,활력의 숲 sr 2장 장당 0.2
00d4242501de32bc25f85141,pokemoncardgame,포켓몬 카드게임,2026-06,2026-06-27T21:03:42+09:00,known,df9f083ae003197a342cb465,00d4242501de32bc25f85141,117391,https://m.dcinside.com/board/pokemoncardgame/117391,공예용으로 (카톤깡 박스깡 하고 난) 잡카드 삽니다,seller-d168cf00f271e86cf71f91df,안톤커츠,registered,테라스탈페스타ex 박스당,테라스탈페스타ex 박스당,테라스탈페스타ex 박스당,,,buy,구매,1,3000,3000,estimated,per_card,text,unknown,,active,needs_review,needs_review,"가격 단위 추정, 배송비 포함 여부 미확정",estimated,yes,no,테라스탈페스타ex 박스당 3000
0b91bcef330e7eb79dda56f0,pokemoncardgame,포켓몬 카드게임,2026-06,2026-06-27T21:03:42+09:00,known,5a4466f8f9194e45c7849bd3,0b91bcef330e7eb79dda56f0,117391,https://m.dcinside.com/board/pokemoncardgame/117391,공예용으로 (카톤깡 박스깡 하고 난) 잡카드 삽니다,seller-d168cf00f271e86cf71f91df,안톤커츠,registered,잡AR,잡AR,잡AR,,,buy,구매,1,600,600,exact,per_card,text,unknown,,active,usable,needs_review,배송비 포함 여부 미확정,exact,yes,yes,잡AR 600원
0e3885484f5c66dad6b7fa47,pokemoncardgame,포켓몬 카드게임,2026-06,2026-06-27T21:03:42+09:00,known,5a4466f8f9194e45c7849bd3,0e3885484f5c66dad6b7fa47,117391,https://m.dcinside.com/board/pokemoncardgame/117391,공예용으로 (카톤깡 박스깡 하고 난) 잡카드 삽니다,seller-d168cf00f271e86cf71f91df,안톤커츠,registered,테라스탈페스타ex 박스당,테라스탈페스타ex 박스당,테라스탈페스타ex 박스당,,,buy,구매,1,3000,3000,estimated,per_card,text,unknown,,active,needs_review,needs_review,"가격 단위 추정, 배송비 포함 여부 미확정",estimated,yes,no,테라스탈페스타ex 박스당 3000
2a0b4e89e7907f57105436e3,pokemoncardgame,포켓몬 카드게임,2026-06,2026-06-27T21:03:42+09:00,known,bc9fecfab9dc4104498857ba,2a0b4e89e7907f57105436e3,117391,https://m.dcinside.com/board/pokemoncardgame/117391,공예용으로 (카톤깡 박스깡 하고 난) 잡카드 삽니다,seller-d168cf00f271e86cf71f91df,안톤커츠,registered,시리즈는 모르겠는 그냥 잡카드 뭉치면 한박스쯤,시리즈는 모르겠는 그냥 잡카드 뭉치면 한박스쯤,시리즈는 모르겠는 그냥 잡카드 뭉치면 (한박스쯤),,,buy,구매,150,1500,1500,exact,per_quantity,text,unknown,,active,needs_review,needs_review,"수량 표기 감지, 배송비 포함 여부 미확정, 복수 수량 총액 · 카드 1장 가격 아님",exact,no,no,시리즈는 모르겠는 그냥 잡카드 뭉치면 150장(한박스쯤) 1500원에 삽니다.
5719bb9aa3ded0741f89f15f,pokemoncardgame,포켓몬 카드게임,2026-06,2026-06-27T21:03:42+09:00,known,5a4466f8f9194e45c7849bd3,5719bb9aa3ded0741f89f15f,117391,https://m.dcinside.com/board/pokemoncardgame/117391,공예용으로 (카톤깡 박스깡 하고 난) 잡카드 삽니다,seller-d168cf00f271e86cf71f91df,안톤커츠,registered,시리즈는 모르겠는 그냥 잡카드 뭉치면 한박스쯤,시리즈는 모르겠는 그냥 잡카드 뭉치면 한박스쯤,시리즈는 모르겠는 그냥 잡카드 뭉치면 (한박스쯤),,,buy,구매,150,1500,1500,exact,per_quantity,text,unknown,,active,needs_review,needs_review,"수량 표기 감지, 배송비 포함 여부 미확정, 복수 수량 총액 · 카드 1장 가격 아님",exact,no,no,시리즈는 모르겠는 그냥 잡카드 뭉치면 150장(한박스쯤) 1500원에 삽니다.
715c43daa22d15726a542111,pokemoncardgame,포켓몬 카드게임,2026-06,2026-06-27T21:03:42+09:00,known,df9f083ae003197a342cb465,715c43daa22d15726a542111,117391,https://m.dcinside.com/board/pokemoncardgame/117391,공예용으로 (카톤깡 박스깡 하고 난) 잡카드 삽니다,seller-d168cf00f271e86cf71f91df,안톤커츠,registered,박스당,박스당,박스당,,,buy,구매,1,2000,2000,estimated,per_card,text,unknown,,active,needs_review,needs_review,"가격 단위 추정, 배송비 포함 여부 미확정",estimated,yes,no,박스당 2000
91d3ca950a919bedd34183a4,pokemoncardgame,포켓몬 카드게임,2026-06,2026-06-27T21:03:42+09:00,known,df9f083ae003197a342cb465,91d3ca950a919bedd34183a4,117391,https://m.dcinside.com/board/pokemoncardgame/117391,공예용으로 (카톤깡 박스깡 하고 난) 잡카드 삽니다,seller-d168cf00f271e86cf71f91df,안톤커츠,registered,시리즈는 모르겠는 그냥 잡카드 뭉치면 한박스쯤,시리즈는 모르겠는 그냥 잡카드 뭉치면 한박스쯤,시리즈는 모르겠는 그냥 잡카드 뭉치면 (한박스쯤),,,buy,구매,150,1500,1500,exact,per_quantity,text,unknown,,active,needs_review,needs_review,"수량 표기 감지, 배송비 포함 여부 미확정, 복수 수량 총액 · 카드 1장 가격 아님",exact,no,no,시리즈는 모르겠는 그냥 잡카드 뭉치면 150장(한박스쯤) 1500원에 삽니다.
9962cb9a0a656f8df8652b12,pokemoncardgame,포켓몬 카드게임,2026-06,2026-06-27T21:03:42+09:00,known,bc9fecfab9dc4104498857ba,9962cb9a0a656f8df8652b12,117391,https://m.dcinside.com/board/pokemoncardgame/117391,공예용으로 (카톤깡 박스깡 하고 난) 잡카드 삽니다,seller-d168cf00f271e86cf71f91df,안톤커츠,registered,잡AR,잡AR,잡AR,,,buy,구매,1,600,600,exact,per_card,text,unknown,,active,usable,needs_review,배송비 포함 여부 미확정,exact,yes,yes,잡AR 600원
a486a1b3c1757a0061a27f76,pokemoncardgame,포켓몬 카드게임,2026-06,2026-06-27T21:03:42+09:00,known,df9f083ae003197a342cb465,a486a1b3c1757a0061a27f76,117391,https://m.dcinside.com/board/pokemoncardgame/117391,공예용으로 (카톤깡 박스깡 하고 난) 잡카드 삽니다,seller-d168cf00f271e86cf71f91df,안톤커츠,registered,잡AR,잡AR,잡AR,,,buy,구매,1,600,600,exact,per_card,text,unknown,,active,usable,needs_review,배송비 포함 여부 미확정,exact,yes,yes,잡AR 600원
a790e11641340b22213b519e,pokemoncardgame,포켓몬 카드게임,2026-06,2026-06-27T21:03:42+09:00,known,bc9fecfab9dc4104498857ba,a790e11641340b22213b519e,117391,https://m.dcinside.com/board/pokemoncardgame/117391,공예용으로 (카톤깡 박스깡 하고 난) 잡카드 삽니다,seller-d168cf00f271e86cf71f91df,안톤커츠,registered,박스당,박스당,박스당,,,buy,구매,1,2000,2000,estimated,per_card,text,unknown,,active,needs_review,needs_review,"가격 단위 추정, 배송비 포함 여부 미확정",estimated,yes,no,박스당 2000
c7782f12fab81b6bfd5bb5c1,pokemoncardgame,포켓몬 카드게임,2026-06,2026-06-27T21:03:42+09:00,known,bc9fecfab9dc4104498857ba,c7782f12fab81b6bfd5bb5c1,117391,https://m.dcinside.com/board/pokemoncardgame/117391,공예용으로 (카톤깡 박스깡 하고 난) 잡카드 삽니다,seller-d168cf00f271e86cf71f91df,안톤커츠,registered,테라스탈페스타ex 박스당,테라스탈페스타ex 박스당,테라스탈페스타ex 박스당,,,buy,구매,1,3000,3000,estimated,per_card,text,unknown,,active,needs_review,needs_review,"가격 단위 추정, 배송비 포함 여부 미확정",estimated,yes,no,테라스탈페스타ex 박스당 3000
ea63b53f6b31fb6ed3d1e9d1,pokemoncardgame,포켓몬 카드게임,2026-06,2026-06-27T21:03:42+09:00,known,5a4466f8f9194e45c7849bd3,ea63b53f6b31fb6ed3d1e9d1,117391,https://m.dcinside.com/board/pokemoncardgame/117391,공예용으로 (카톤깡 박스깡 하고 난) 잡카드 삽니다,seller-d168cf00f271e86cf71f91df,안톤커츠,registered,박스당,박스당,박스당,,,buy,구매,1,2000,2000,estimated,per_card,text,unknown,,active,needs_review,needs_review,"가격 단위 추정, 배송비 포함 여부 미확정",estimated,yes,no,박스당 2000
0356ec9d26c000e9a0c3964d,pokemoncardgame,포켓몬 카드게임,2026-06,2026-06-27T22:11:49+09:00,known,bacfb998958d70884b52939f,0356ec9d26c000e9a0c3964d,117399,https://m.dcinside.com/board/pokemoncardgame/117399,메샹sar 구함,seller-968caad6eaaae673a855dfaa,짱령섬,guest,메샹sar,메샹sar,메샹sar,,,buy,구매,1,,,missing,unknown,unknown,unknown,,active,needs_review,needs_review,"가격 후보 재검토 필요, 가격 미기재",missing,no,no,메샹sar 구함
6a8149396f4a71492186d756,pokemoncardgame,포켓몬 카드게임,2026-06,2026-06-27T22:11:49+09:00,known,288b91c513be857d098418ad,6a8149396f4a71492186d756,117399,https://m.dcinside.com/board/pokemoncardgame/117399,메샹sar 구함,seller-94f163c9829136f9229c86f6,짱령섬,guest,메샹sar,메샹sar,메샹sar,,,buy,구매,1,,,missing,unknown,unknown,unknown,,active,needs_review,needs_review,"가격 후보 재검토 필요, 가격 미기재",missing,no,no,메샹sar 구함
e9e8e18322dd62e734552182,pokemoncardgame,포켓몬 카드게임,2026-06,2026-06-27T22:11:49+09:00,known,7fbcb458766eb87c2e7c79af,e9e8e18322dd62e734552182,117399,https://m.dcinside.com/board/pokemoncardgame/117399,메샹sar 구함,seller-4c8d3819c40ad9234e9c8dd6,짱령섬,guest,메샹sar,메샹sar,메샹sar,,,buy,구매,1,,,missing,unknown,unknown,unknown,,active,needs_review,needs_review,"가격 후보 재검토 필요, 가격 미기재",missing,no,no,메샹sar 구함
6690adb7298a47664beb92d6,pokemoncardgame,포켓몬 카드게임,2026-06,2026-06-28T00:08:51+09:00,known,b7806725df6730ff1ba04de4,6690adb7298a47664beb92d6,117414,https://m.dcinside.com/board/pokemoncardgame/117414,내일 범계직 어비스아이 저승갓숭 2장 삽니다,seller-f9c3ab7b0b83721c41d0c029,고밀토,guest,내일 범계직 어비스아이 저승갓숭,내일 범계직 어비스아이 저승갓숭,내일 범계직 어비스아이 저승갓숭 삽니다,,,buy,구매,2,,,missing,unknown,unknown,unknown,,active,needs_review,needs_review,수량 표기 감지 · 가격 미기재,missing,no,no,내일 범계직 어비스아이 저승갓숭 2장 삽니다
68be924fc4561603a1b8f017,pokemoncardgame,포켓몬 카드게임,2026-06,2026-06-28T00:08:51+09:00,known,fc2215061ac17e59c1622842,68be924fc4561603a1b8f017,117414,https://m.dcinside.com/board/pokemoncardgame/117414,내일 범계직 어비스아이 저승갓숭 2장 삽니다,seller-1e7ab915eb4ee8542442d2a1,고밀토,guest,내일 범계직 어비스아이 저승갓숭,내일 범계직 어비스아이 저승갓숭,내일 범계직 어비스아이 저승갓숭 삽니다,,,buy,구매,2,,,missing,unknown,unknown,unknown,,active,needs_review,needs_review,수량 표기 감지 · 가격 미기재,missing,no,no,내일 범계직 어비스아이 저승갓숭 2장 삽니다
ead2b472cb752326cbeaab83,pokemoncardgame,포켓몬 카드게임,2026-06,2026-06-28T00:08:51+09:00,known,2120f8712b20c3484a706dc4,ead2b472cb752326cbeaab83,117414,https://m.dcinside.com/board/pokemoncardgame/117414,내일 범계직 어비스아이 저승갓숭 2장 삽니다,seller-6c8606d512df186d303fe6c0,고밀토,guest,내일 범계직 어비스아이 저승갓숭,내일 범계직 어비스아이 저승갓숭,내일 범계직 어비스아이 저승갓숭 삽니다,,,buy,구매,2,,,missing,unknown,unknown,unknown,,active,needs_review,needs_review,수량 표기 감지 · 가격 미기재,missing,no,no,내일 범계직 어비스아이 저승갓숭 2장 삽니다
1b702e82762cc03ca331b069,pokemoncardgame,포켓몬 카드게임,2026-06,2026-06-28T23:33:48+09:00,known,082d98d5052cd7aa16e3d2bf,1b702e82762cc03ca331b069,117515,https://m.dcinside.com/board/pokemoncardgame/117515,화요일 범계 직으로 어비스아이 메가몰드류 라인 구합니다,seller-b657a09a21db6c727ac909e0,양식,guest,메가몰드류 ex rr,메가몰드류 ex rr,메가몰드류 ex rr,,,buy,구매,1,1,10000,estimated,per_card,text,unknown,,active,needs_review,needs_review,"가격 단위 추정, 배송비 포함 여부 미확정",estimated,yes,no,메가몰드류 ex rr 1
35f6ee557809e0888389267a,pokemoncardgame,포켓몬 카드게임,2026-06,2026-06-28T23:33:48+09:00,known,082d98d5052cd7aa16e3d2bf,35f6ee557809e0888389267a,117515,https://m.dcinside.com/board/pokemoncardgame/117515,화요일 범계 직으로 어비스아이 메가몰드류 라인 구합니다,seller-b657a09a21db6c727ac909e0,양식,guest,어비스아이 두더류,어비스아이 두더류,어비스아이 두더류,,,buy,구매,1,2,20000,estimated,per_card,text,unknown,,active,needs_review,needs_review,"가격 단위 추정, 배송비 포함 여부 미확정",estimated,yes,no,어비스아이 두더류 2
6b5a073bc2fb3194a9bdfcb4,pokemoncardgame,포켓몬 카드게임,2026-06,2026-06-28T23:33:48+09:00,known,2f229c36ef3f895d794c79fb,6b5a073bc2fb3194a9bdfcb4,117515,https://m.dcinside.com/board/pokemoncardgame/117515,화요일 범계 직으로 어비스아이 메가몰드류 라인 구합니다,seller-b1c1ab3e6325b4a906883d86,양식,guest,총,총,총,,,buy,구매,1,0.3,3000,estimated,per_card,text,unknown,,active,needs_review,needs_review,"가격 단위 추정, 배송비 포함 여부 미확정, 카드명 확인 필요",estimated,yes,no,총 0.3으로 구합니다
7efd6841ce077f8018a01368,pokemoncardgame,포켓몬 카드게임,2026-06,2026-06-28T23:33:48+09:00,known,4f7207d9dcee7cf3cbba217f,7efd6841ce077f8018a01368,117515,https://m.dcinside.com/board/pokemoncardgame/117515,화요일 범계 직으로 어비스아이 메가몰드류 라인 구합니다,seller-e28c703cc5b67ee9503c0f2e,양식,guest,어비스아이 두더류,어비스아이 두더류,어비스아이 두더류,,,buy,구매,1,2,20000,estimated,per_card,text,unknown,,active,needs_review,needs_review,"가격 단위 추정, 배송비 포함 여부 미확정",estimated,yes,no,어비스아이 두더류 2
96683f081d3f8b42d35feb11,pokemoncardgame,포켓몬 카드게임,2026-06,2026-06-28T23:33:48+09:00,known,4f7207d9dcee7cf3cbba217f,96683f081d3f8b42d35feb11,117515,https://m.dcinside.com/board/pokemoncardgame/117515,화요일 범계 직으로 어비스아이 메가몰드류 라인 구합니다,seller-e28c703cc5b67ee9503c0f2e,양식,guest,메가몰드류 ex rr,메가몰드류 ex rr,메가몰드류 ex rr,,,buy,구매,1,1,10000,estimated,per_card,text,unknown,,active,needs_review,needs_review,"가격 단위 추정, 배송비 포함 여부 미확정",estimated,yes,no,메가몰드류 ex rr 1
d6b2fac981833970f41fdf98,pokemoncardgame,포켓몬 카드게임,2026-06,2026-06-28T23:33:48+09:00,known,2f229c36ef3f895d794c79fb,d6b2fac981833970f41fdf98,117515,https://m.dcinside.com/board/pokemoncardgame/117515,화요일 범계 직으로 어비스아이 메가몰드류 라인 구합니다,seller-b1c1ab3e6325b4a906883d86,양식,guest,메가몰드류 ex rr,메가몰드류 ex rr,메가몰드류 ex rr,,,buy,구매,1,1,10000,estimated,per_card,text,unknown,,active,needs_review,needs_review,"가격 단위 추정, 배송비 포함 여부 미확정",estimated,yes,no,메가몰드류 ex rr 1
e8c32e8f0a2794f01b96def9,pokemoncardgame,포켓몬 카드게임,2026-06,2026-06-28T23:33:48+09:00,known,4f7207d9dcee7cf3cbba217f,e8c32e8f0a2794f01b96def9,117515,https://m.dcinside.com/board/pokemoncardgame/117515,화요일 범계 직으로 어비스아이 메가몰드류 라인 구합니다,seller-e28c703cc5b67ee9503c0f2e,양식,guest,총,총,총,,,buy,구매,1,0.3,3000,estimated,per_card,text,unknown,,active,needs_review,needs_review,"가격 단위 추정, 배송비 포함 여부 미확정, 카드명 확인 필요",estimated,yes,no,총 0.3으로 구합니다
eff5fdb576463a12332ebe90,pokemoncardgame,포켓몬 카드게임,2026-06,2026-06-28T23:33:48+09:00,known,082d98d5052cd7aa16e3d2bf,eff5fdb576463a12332ebe90,117515,https://m.dcinside.com/board/pokemoncardgame/117515,화요일 범계 직으로 어비스아이 메가몰드류 라인 구합니다,seller-b657a09a21db6c727ac909e0,양식,guest,총,총,총,,,buy,구매,1,0.3,3000,estimated,per_card,text,unknown,,active,needs_review,needs_review,"가격 단위 추정, 배송비 포함 여부 미확정, 카드명 확인 필요",estimated,yes,no,총 0.3으로 구합니다
f778efe256b04ad2814ec755,pokemoncardgame,포켓몬 카드게임,2026-06,2026-06-28T23:33:48+09:00,known,2f229c36ef3f895d794c79fb,f778efe256b04ad2814ec755,117515,https://m.dcinside.com/board/pokemoncardgame/117515,화요일 범계 직으로 어비스아이 메가몰드류 라인 구합니다,seller-b1c1ab3e6325b4a906883d86,양식,guest,어비스아이 두더류,어비스아이 두더류,어비스아이 두더류,,,buy,구매,1,2,20000,estimated,per_card,text,unknown,,active,needs_review,needs_review,"가격 단위 추정, 배송비 포함 여부 미확정",estimated,yes,no,어비스아이 두더류 2
178dc6983e31a6912b881768,pokemoncardgame,포켓몬 카드게임,2026-06,2026-06-29T11:29:38+09:00,known,bf023cd47db71703525283e8,178dc6983e31a6912b881768,117541,https://m.dcinside.com/board/pokemoncardgame/117541,무쿠2장 다크벨2장 오늘 용산 직거래로 구합니다,seller-51447db26eeb90b0124d315b,포갤러,registered,다크벨은 sr이면,다크벨은 sr이면,다크벨은 sr이면,,,buy,구매,1,1.3,13000,estimated,per_card,text,unknown,,active,needs_review,needs_review,"가격 단위 추정, 배송비 포함 여부 미확정",estimated,yes,no,다크벨은 sr이면 1.3에 구매하겠습니다.
ae82f0be4b2f97ea21062b0b,pokemoncardgame,포켓몬 카드게임,2026-06,2026-06-29T11:29:38+09:00,known,d1d86a3001fd7558ae77eb2f,ae82f0be4b2f97ea21062b0b,117541,https://m.dcinside.com/board/pokemoncardgame/117541,무쿠2장 다크벨2장 오늘 용산 직거래로 구합니다,seller-51447db26eeb90b0124d315b,포갤러,registered,무쿠 다크벨 해서,무쿠 다크벨 해서,무쿠 다크벨 해서,,,buy,구매,3,1.0,10000,estimated,per_quantity,text,unknown,,active,needs_review,needs_review,"가격 단위 추정, 수량 표기 감지, 배송비 포함 여부 미확정, 복수 수량 총액 · 카드 1장 가격 아님",estimated,no,no,무쿠2장 다크벨1장 해서 1.0에 구해봅니다.
af6b064a5fa9445cfc3d5ab2,pokemoncardgame,포켓몬 카드게임,2026-06,2026-06-29T11:29:38+09:00,known,e31ab088fd00a8e9ab52f081,af6b064a5fa9445cfc3d5ab2,117541,https://m.dcinside.com/board/pokemoncardgame/117541,무쿠2장 다크벨2장 오늘 용산 직거래로 구합니다,seller-51447db26eeb90b0124d315b,포갤러,registered,다크벨은 sr이면,다크벨은 sr이면,다크벨은 sr이면,,,buy,구매,1,1.3,13000,estimated,per_card,text,unknown,,active,needs_review,needs_review,"가격 단위 추정, 배송비 포함 여부 미확정",estimated,yes,no,다크벨은 sr이면 1.3에 구매하겠습니다.
f49953ef89ec9a2a66eccff7,pokemoncardgame,포켓몬 카드게임,2026-06,2026-06-29T11:29:38+09:00,known,e31ab088fd00a8e9ab52f081,f49953ef89ec9a2a66eccff7,117541,https://m.dcinside.com/board/pokemoncardgame/117541,무쿠2장 다크벨2장 오늘 용산 직거래로 구합니다,seller-51447db26eeb90b0124d315b,포갤러,registered,무쿠 다크벨 해서,무쿠 다크벨 해서,무쿠 다크벨 해서,,,buy,구매,3,1.0,10000,estimated,per_quantity,text,unknown,,active,needs_review,needs_review,"가격 단위 추정, 수량 표기 감지, 배송비 포함 여부 미확정, 복수 수량 총액 · 카드 1장 가격 아님",estimated,no,no,무쿠2장 다크벨1장 해서 1.0에 구해봅니다.
f83917ebacccc17238bd6edb,pokemoncardgame,포켓몬 카드게임,2026-06,2026-06-29T11:29:38+09:00,known,bf023cd47db71703525283e8,f83917ebacccc17238bd6edb,117541,https://m.dcinside.com/board/pokemoncardgame/117541,무쿠2장 다크벨2장 오늘 용산 직거래로 구합니다,seller-51447db26eeb90b0124d315b,포갤러,registered,무쿠 다크벨 해서,무쿠 다크벨 해서,무쿠 다크벨 해서,,,buy,구매,3,1.0,10000,estimated,per_quantity,text,unknown,,active,needs_review,needs_review,"가격 단위 추정, 수량 표기 감지, 배송비 포함 여부 미확정, 복수 수량 총액 · 카드 1장 가격 아님",estimated,no,no,무쿠2장 다크벨1장 해서 1.0에 구해봅니다.
fe480c87fabc437cee9c9a61,pokemoncardgame,포켓몬 카드게임,2026-06,2026-06-29T11:29:38+09:00,known,d1d86a3001fd7558ae77eb2f,fe480c87fabc437cee9c9a61,117541,https://m.dcinside.com/board/pokemoncardgame/117541,무쿠2장 다크벨2장 오늘 용산 직거래로 구합니다,seller-51447db26eeb90b0124d315b,포갤러,registered,다크벨은 sr이면,다크벨은 sr이면,다크벨은 sr이면,,,buy,구매,1,1.3,13000,estimated,per_card,text,unknown,,active,needs_review,needs_review,"가격 단위 추정, 배송비 포함 여부 미확정",estimated,yes,no,다크벨은 sr이면 1.3에 구매하겠습니다.
0503f3f4fba4764d10e660a5,pokemoncardgame,포켓몬 카드게임,2026-06,2026-06-29T16:57:29+09:00,known,be569cce63c8e695d7047e19,0503f3f4fba4764d10e660a5,117567,https://m.dcinside.com/board/pokemoncardgame/117567,무쿠 sr 2장 삽니다,seller-26c47dd12d8be2313f8ea05d,그레이트다간g..,guest,무쿠 sr,무쿠 sr,무쿠 sr 장당,,,buy,구매,2,2,20000,estimated,per_card,text,unknown,,active,needs_review,needs_review,"가격 단위 추정, 수량 표기 감지, 배송비 포함 여부 미확정",estimated,yes,no,무쿠 sr 2장 장당 2에 삽니다
ad55c3d20d2b407177e2a945,pokemoncardgame,포켓몬 카드게임,2026-06,2026-06-29T16:57:29+09:00,known,c8474d5038ab68bb435a75b3,ad55c3d20d2b407177e2a945,117567,https://m.dcinside.com/board/pokemoncardgame/117567,무쿠 sr 2장 삽니다,seller-75ec3030434d40ae3cbd78b1,그레이트다간g..,guest,무쿠 sr,무쿠 sr,무쿠 sr 장당,,,buy,구매,2,2,20000,estimated,per_card,text,unknown,,active,needs_review,needs_review,"가격 단위 추정, 수량 표기 감지, 배송비 포함 여부 미확정",estimated,yes,no,무쿠 sr 2장 장당 2에 삽니다
caee2ab472d1a08d00759637,pokemoncardgame,포켓몬 카드게임,2026-06,2026-06-29T16:57:29+09:00,known,c43375b35c58d4a57c6ce30d,caee2ab472d1a08d00759637,117567,https://m.dcinside.com/board/pokemoncardgame/117567,무쿠 sr 2장 삽니다,seller-53c6da3a3fe76041b68077a8,그레이트다간g..,guest,무쿠 sr,무쿠 sr,무쿠 sr 장당,,,buy,구매,2,2,20000,estimated,per_card,text,unknown,,active,needs_review,needs_review,"가격 단위 추정, 수량 표기 감지, 배송비 포함 여부 미확정",estimated,yes,no,무쿠 sr 2장 장당 2에 삽니다
067136c0abf81516742a0b71,pokemoncardgame,포켓몬 카드게임,2026-06,2026-06-29T19:54:01+09:00,known,b23a5529b8243487cc40be12,067136c0abf81516742a0b71,117577,https://m.dcinside.com/board/pokemoncardgame/117577,사진의 카드삽니다,seller-51447db26eeb90b0124d315b,포갤러,registered,밤의들것,밤의들것,밤의들것,,,buy,구매,2,,,missing,unknown,unknown,unknown,,active,needs_review,needs_review,수량 표기 감지 · 가격 미기재,missing,no,no,밤의들것×2
0e15ea96b7007d15b34f1429,pokemoncardgame,포켓몬 카드게임,2026-06,2026-06-29T19:54:01+09:00,known,12a0addfa1f86522322b5dd5,0e15ea96b7007d15b34f1429,117577,https://m.dcinside.com/board/pokemoncardgame/117577,사진의 카드삽니다,seller-51447db26eeb90b0124d315b,포갤러,registered,포켓기어,포켓기어,포켓기어,,,buy,구매,3,,,missing,unknown,unknown,unknown,,active,needs_review,needs_review,수량 표기 감지 · 가격 미기재,missing,no,no,포켓기어×3
18c8e02c2e51978520e4e802,pokemoncardgame,포켓몬 카드게임,2026-06,2026-06-29T19:54:01+09:00,known,b23a5529b8243487cc40be12,18c8e02c2e51978520e4e802,117577,https://m.dcinside.com/board/pokemoncardgame/117577,사진의 카드삽니다,seller-51447db26eeb90b0124d315b,포갤러,registered,날개치는머리,날개치는머리,날개치는머리,,,buy,구매,1,,,missing,unknown,unknown,unknown,,active,needs_review,needs_review,수량 표기 감지 · 가격 미기재,missing,no,no,날개치는머리×1
1e444440e15053aab678dabd,pokemoncardgame,포켓몬 카드게임,2026-06,2026-06-29T19:54:01+09:00,known,12a0addfa1f86522322b5dd5,1e444440e15053aab678dabd,117577,https://m.dcinside.com/board/pokemoncardgame/117577,사진의 카드삽니다,seller-51447db26eeb90b0124d315b,포갤러,registered,보르쥐,보르쥐,보르쥐,,,buy,구매,1,,,missing,unknown,unknown,unknown,,active,needs_review,needs_review,수량 표기 감지 · 가격 미기재,missing,no,no,보르쥐×1
21d2a56d1a384b2ccd0a1c0b,pokemoncardgame,포켓몬 카드게임,2026-06,2026-06-29T19:54:01+09:00,known,062a0502e3e83fe80eec3c02,21d2a56d1a384b2ccd0a1c0b,117577,https://m.dcinside.com/board/pokemoncardgame/117577,사진의 카드삽니다,seller-51447db26eeb90b0124d315b,포갤러,registered,절친포핀,절친포핀,절친포핀,,,buy,구매,3,,,missing,unknown,unknown,unknown,,active,needs_review,needs_review,수량 표기 감지 · 가격 미기재,missing,no,no,절친포핀×3
2854d2ee384f83e9798a2154,pokemoncardgame,포켓몬 카드게임,2026-06,2026-06-29T19:54:01+09:00,known,12a0addfa1f86522322b5dd5,2854d2ee384f83e9798a2154,117577,https://m.dcinside.com/board/pokemoncardgame/117577,사진의 카드삽니다,seller-51447db26eeb90b0124d315b,포갤러,registered,릴리에,릴리에,릴리에,,,buy,구매,4,,,missing,unknown,unknown,unknown,,active,needs_review,needs_review,수량 표기 감지 · 가격 미기재,missing,no,no,릴리에×4
2cceb94ceced4c6963b8ea16,pokemoncardgame,포켓몬 카드게임,2026-06,2026-06-29T19:54:01+09:00,known,12a0addfa1f86522322b5dd5,2cceb94ceced4c6963b8ea16,117577,https://m.dcinside.com/board/pokemoncardgame/117577,사진의 카드삽니다,seller-51447db26eeb90b0124d315b,포갤러,registered,밤의들것,밤의들것,밤의들것,,,buy,구매,2,,,missing,unknown,unknown,unknown,,active,needs_review,needs_review,수량 표기 감지 · 가격 미기재,missing,no,no,밤의들것×2
33350fb38167926f2d5a3f17,pokemoncardgame,포켓몬 카드게임,2026-06,2026-06-29T19:54:01+09:00,known,12a0addfa1f86522322b5dd5,33350fb38167926f2d5a3f17,117577,https://m.dcinside.com/board/pokemoncardgame/117577,사진의 카드삽니다,seller-51447db26eeb90b0124d315b,포갤러,registered,노고고치,노고고치,노고고치,,,buy,구매,2,,,missing,unknown,unknown,unknown,,active,needs_review,needs_review,수량 표기 감지 · 가격 미기재,missing,no,no,노고고치×2
369ea70524715f4233bd49df,pokemoncardgame,포켓몬 카드게임,2026-06,2026-06-29T19:54:01+09:00,known,062a0502e3e83fe80eec3c02,369ea70524715f4233bd49df,117577,https://m.dcinside.com/board/pokemoncardgame/117577,사진의 카드삽니다,seller-51447db26eeb90b0124d315b,포갤러,registered,보르쥐,보르쥐,보르쥐,,,buy,구매,1,,,missing,unknown,unknown,unknown,,active,needs_review,needs_review,수량 표기 감지 · 가격 미기재,missing,no,no,보르쥐×1
3796dbb5f624ce3f178022b9,pokemoncardgame,포켓몬 카드게임,2026-06,2026-06-29T19:54:01+09:00,known,b23a5529b8243487cc40be12,3796dbb5f624ce3f178022b9,117577,https://m.dcinside.com/board/pokemoncardgame/117577,사진의 카드삽니다,seller-51447db26eeb90b0124d315b,포갤러,registered,프리즘타워,프리즘타워,프리즘타워,,,buy,구매,3,,,missing,unknown,unknown,unknown,,active,needs_review,needs_review,수량 표기 감지 · 가격 미기재,missing,no,no,프리즘타워×3
399ba516702a6f17eec948e8,pokemoncardgame,포켓몬 카드게임,2026-06,2026-06-29T19:54:01+09:00,known,b23a5529b8243487cc40be12,399ba516702a6f17eec948e8,117577,https://m.dcinside.com/board/pokemoncardgame/117577,사진의 카드삽니다,seller-51447db26eeb90b0124d315b,포갤러,registered,노고치,노고치,노고치,,,buy,구매,3,,,missing,unknown,unknown,unknown,,active,needs_review,needs_review,수량 표기 감지 · 가격 미기재,missing,no,no,노고치×3
3b5817c13c299e5ed373c273,pokemoncardgame,포켓몬 카드게임,2026-06,2026-06-29T19:54:01+09:00,known,12a0addfa1f86522322b5dd5,3b5817c13c299e5ed373c273,117577,https://m.dcinside.com/board/pokemoncardgame/117577,사진의 카드삽니다,seller-51447db26eeb90b0124d315b,포갤러,registered,타타륜,타타륜,타타륜,,,buy,구매,4,,,missing,unknown,unknown,unknown,,active,needs_review,needs_review,수량 표기 감지 · 가격 미기재,missing,no,no,타타륜×4
3e2da2fce0f67d6c0d5bfae2,pokemoncardgame,포켓몬 카드게임,2026-06,2026-06-29T19:54:01+09:00,known,12a0addfa1f86522322b5dd5,3e2da2fce0f67d6c0d5bfae2,117577,https://m.dcinside.com/board/pokemoncardgame/117577,사진의 카드삽니다,seller-51447db26eeb90b0124d315b,포갤러,registered,포켓패드,포켓패드,포켓패드,,,buy,구매,4,,,missing,unknown,unknown,unknown,,active,needs_review,needs_review,수량 표기 감지 · 가격 미기재,missing,no,no,포켓패드×4
3f4e84d1de94224c60b99a75,pokemoncardgame,포켓몬 카드게임,2026-06,2026-06-29T19:54:01+09:00,known,062a0502e3e83fe80eec3c02,3f4e84d1de94224c60b99a75,117577,https://m.dcinside.com/board/pokemoncardgame/117577,사진의 카드삽니다,seller-51447db26eeb90b0124d315b,포갤러,registered,카지,카지,카지,,,buy,구매,1,,,missing,unknown,unknown,unknown,,active,needs_review,needs_review,수량 표기 감지 · 가격 미기재,missing,no,no,카지×1
3fe8004b8f799828909368c7,pokemoncardgame,포켓몬 카드게임,2026-06,2026-06-29T19:54:01+09:00,known,062a0502e3e83fe80eec3c02,3fe8004b8f799828909368c7,117577,https://m.dcinside.com/board/pokemoncardgame/117577,사진의 카드삽니다,seller-51447db26eeb90b0124d315b,포갤러,registered,보스의지령,보스의지령,보스의지령,,,buy,구매,3,,,missing,unknown,unknown,unknown,,active,needs_review,needs_review,수량 표기 감지 · 가격 미기재,missing,no,no,보스의지령×3
4365ea1e12dfc547ac84a56d,pokemoncardgame,포켓몬 카드게임,2026-06,2026-06-29T19:54:01+09:00,known,12a0addfa1f86522322b5dd5,4365ea1e12dfc547ac84a56d,117577,https://m.dcinside.com/board/pokemoncardgame/117577,사진의 카드삽니다,seller-51447db26eeb90b0124d315b,포갤러,registered,노고치,노고치,노고치,,,buy,구매,3,,,missing,unknown,unknown,unknown,,active,needs_review,needs_review,수량 표기 감지 · 가격 미기재,missing,no,no,노고치×3
467cd401f47d8f23c1bacd36,pokemoncardgame,포켓몬 카드게임,2026-06,2026-06-29T19:54:01+09:00,known,062a0502e3e83fe80eec3c02,467cd401f47d8f23c1bacd36,117577,https://m.dcinside.com/board/pokemoncardgame/117577,사진의 카드삽니다,seller-51447db26eeb90b0124d315b,포갤러,registered,밤의들것,밤의들것,밤의들것,,,buy,구매,2,,,missing,unknown,unknown,unknown,,active,needs_review,needs_review,수량 표기 감지 · 가격 미기재,missing,no,no,밤의들것×2
47b6fa6508258c349427c607,pokemoncardgame,포켓몬 카드게임,2026-06,2026-06-29T19:54:01+09:00,known,b23a5529b8243487cc40be12,47b6fa6508258c349427c607,117577,https://m.dcinside.com/board/pokemoncardgame/117577,사진의 카드삽니다,seller-51447db26eeb90b0124d315b,포갤러,registered,보르쥐,보르쥐,보르쥐,,,buy,구매,1,,,missing,unknown,unknown,unknown,,active,needs_review,needs_review,수량 표기 감지 · 가격 미기재,missing,no,no,보르쥐×1
4da34dd0d712517a5a743acb,pokemoncardgame,포켓몬 카드게임,2026-06,2026-06-29T19:54:01+09:00,known,12a0addfa1f86522322b5dd5,4da34dd0d712517a5a743acb,117577,https://m.dcinside.com/board/pokemoncardgame/117577,사진의 카드삽니다,seller-51447db26eeb90b0124d315b,포갤러,registered,텔레페스 에너지,텔레페스 에너지,텔레페스 에너지,,,buy,구매,4,,,missing,unknown,unknown,unknown,,active,needs_review,needs_review,수량 표기 감지 · 가격 미기재,missing,no,no,텔레페스 에너지×4
60b4af883513d694c7ae2cdc,pokemoncardgame,포켓몬 카드게임,2026-06,2026-06-29T19:54:01+09:00,known,062a0502e3e83fe80eec3c02,60b4af883513d694c7ae2cdc,117577,https://m.dcinside.com/board/pokemoncardgame/117577,사진의 카드삽니다,seller-51447db26eeb90b0124d315b,포갤러,registered,텔레페스 에너지,텔레페스 에너지,텔레페스 에너지,,,buy,구매,4,,,missing,unknown,unknown,unknown,,active,needs_review,needs_review,수량 표기 감지 · 가격 미기재,missing,no,no,텔레페스 에너지×4
67b97b87307731af6999298d,pokemoncardgame,포켓몬 카드게임,2026-06,2026-06-29T19:54:01+09:00,known,062a0502e3e83fe80eec3c02,67b97b87307731af6999298d,117577,https://m.dcinside.com/board/pokemoncardgame/117577,사진의 카드삽니다,seller-51447db26eeb90b0124d315b,포갤러,registered,타타륜,타타륜,타타륜,,,buy,구매,4,,,missing,unknown,unknown,unknown,,active,needs_review,needs_review,수량 표기 감지 · 가격 미기재,missing,no,no,타타륜×4
785afe1efbfbee2b0e7a3d40,pokemoncardgame,포켓몬 카드게임,2026-06,2026-06-29T19:54:01+09:00,known,12a0addfa1f86522322b5dd5,785afe1efbfbee2b0e7a3d40,117577,https://m.dcinside.com/board/pokemoncardgame/117577,사진의 카드삽니다,seller-51447db26eeb90b0124d315b,포갤러,registered,보스의지령,보스의지령,보스의지령,,,buy,구매,3,,,missing,unknown,unknown,unknown,,active,needs_review,needs_review,수량 표기 감지 · 가격 미기재,missing,no,no,보스의지령×3
78b4e7f6767feda946ea72bb,pokemoncardgame,포켓몬 카드게임,2026-06,2026-06-29T19:54:01+09:00,known,b23a5529b8243487cc40be12,78b4e7f6767feda946ea72bb,117577,https://m.dcinside.com/board/pokemoncardgame/117577,사진의 카드삽니다,seller-51447db26eeb90b0124d315b,포갤러,registered,카지,카지,카지,,,buy,구매,1,,,missing,unknown,unknown,unknown,,active,needs_review,needs_review,수량 표기 감지 · 가격 미기재,missing,no,no,카지×1
7aa88069fc45d59c58ffe576,pokemoncardgame,포켓몬 카드게임,2026-06,2026-06-29T19:54:01+09:00,known,12a0addfa1f86522322b5dd5,7aa88069fc45d59c58ffe576,117577,https://m.dcinside.com/board/pokemoncardgame/117577,사진의 카드삽니다,seller-51447db26eeb90b0124d315b,포갤러,registered,절친포핀,절친포핀,절친포핀,,,buy,구매,3,,,missing,unknown,unknown,unknown,,active,needs_review,needs_review,수량 표기 감지 · 가격 미기재,missing,no,no,절친포핀×3
7cba85742b6014b994026de4,pokemoncardgame,포켓몬 카드게임,2026-06,2026-06-29T19:54:01+09:00,known,b23a5529b8243487cc40be12,7cba85742b6014b994026de4,117577,https://m.dcinside.com/board/pokemoncardgame/117577,사진의 카드삽니다,seller-51447db26eeb90b0124d315b,포갤러,registered,절친포핀,절친포핀,절친포핀,,,buy,구매,3,,,missing,unknown,unknown,unknown,,active,needs_review,needs_review,수량 표기 감지 · 가격 미기재,missing,no,no,절친포핀×3
803c48bac1e2b7ef8a8c329d,pokemoncardgame,포켓몬 카드게임,2026-06,2026-06-29T19:54:01+09:00,known,b23a5529b8243487cc40be12,803c48bac1e2b7ef8a8c329d,117577,https://m.dcinside.com/board/pokemoncardgame/117577,사진의 카드삽니다,seller-51447db26eeb90b0124d315b,포갤러,registered,포켓기어,포켓기어,포켓기어,,,buy,구매,3,,,missing,unknown,unknown,unknown,,active,needs_review,needs_review,수량 표기 감지 · 가격 미기재,missing,no,no,포켓기어×3
82bb583df6c712d7bc01ce75,pokemoncardgame,포켓몬 카드게임,2026-06,2026-06-29T19:54:01+09:00,known,b23a5529b8243487cc40be12,82bb583df6c712d7bc01ce75,117577,https://m.dcinside.com/board/pokemoncardgame/117577,사진의 카드삽니다,seller-51447db26eeb90b0124d315b,포갤러,registered,노고고치,노고고치,노고고치,,,buy,구매,2,,,missing,unknown,unknown,unknown,,active,needs_review,needs_review,수량 표기 감지 · 가격 미기재,missing,no,no,노고고치×2
8ab016323c9e52829fd97b0f,pokemoncardgame,포켓몬 카드게임,2026-06,2026-06-29T19:54:01+09:00,known,062a0502e3e83fe80eec3c02,8ab016323c9e52829fd97b0f,117577,https://m.dcinside.com/board/pokemoncardgame/117577,사진의 카드삽니다,seller-51447db26eeb90b0124d315b,포갤러,registered,노고고치,노고고치,노고고치,,,buy,구매,2,,,missing,unknown,unknown,unknown,,active,needs_review,needs_review,수량 표기 감지 · 가격 미기재,missing,no,no,노고고치×2
90247b93de0f52c32b81c284,pokemoncardgame,포켓몬 카드게임,2026-06,2026-06-29T19:54:01+09:00,known,12a0addfa1f86522322b5dd5,90247b93de0f52c32b81c284,117577,https://m.dcinside.com/board/pokemoncardgame/117577,사진의 카드삽니다,seller-51447db26eeb90b0124d315b,포갤러,registered,날개치는머리,날개치는머리,날개치는머리,,,buy,구매,1,,,missing,unknown,unknown,unknown,,active,needs_review,needs_review,수량 표기 감지 · 가격 미기재,missing,no,no,날개치는머리×1
908cb030be7c0ae6fda9854d,pokemoncardgame,포켓몬 카드게임,2026-06,2026-06-29T19:54:01+09:00,known,b23a5529b8243487cc40be12,908cb030be7c0ae6fda9854d,117577,https://m.dcinside.com/board/pokemoncardgame/117577,사진의 카드삽니다,seller-51447db26eeb90b0124d315b,포갤러,registered,텔레페스 에너지,텔레페스 에너지,텔레페스 에너지,,,buy,구매,4,,,missing,unknown,unknown,unknown,,active,needs_review,needs_review,수량 표기 감지 · 가격 미기재,missing,no,no,텔레페스 에너지×4
938395d3c0181eb2bd1a3d95,pokemoncardgame,포켓몬 카드게임,2026-06,2026-06-29T19:54:01+09:00,known,12a0addfa1f86522322b5dd5,938395d3c0181eb2bd1a3d95,117577,https://m.dcinside.com/board/pokemoncardgame/117577,사진의 카드삽니다,seller-51447db26eeb90b0124d315b,포갤러,registered,카지,카지,카지,,,buy,구매,1,,,missing,unknown,unknown,unknown,,active,needs_review,needs_review,수량 표기 감지 · 가격 미기재,missing,no,no,카지×1
9c5bdfb725c8b7e53652d5c9,pokemoncardgame,포켓몬 카드게임,2026-06,2026-06-29T19:54:01+09:00,known,062a0502e3e83fe80eec3c02,9c5bdfb725c8b7e53652d5c9,117577,https://m.dcinside.com/board/pokemoncardgame/117577,사진의 카드삽니다,seller-51447db26eeb90b0124d315b,포갤러,registered,릴리에,릴리에,릴리에,,,buy,구매,4,,,missing,unknown,unknown,unknown,,active,needs_review,needs_review,수량 표기 감지 · 가격 미기재,missing,no,no,릴리에×4
9cb5763ae123806fe2375b5c,pokemoncardgame,포켓몬 카드게임,2026-06,2026-06-29T19:54:01+09:00,known,062a0502e3e83fe80eec3c02,9cb5763ae123806fe2375b5c,117577,https://m.dcinside.com/board/pokemoncardgame/117577,사진의 카드삽니다,seller-51447db26eeb90b0124d315b,포갤러,registered,하이퍼볼,하이퍼볼,하이퍼볼,,,buy,구매,4,,,missing,unknown,unknown,unknown,,active,needs_review,needs_review,수량 표기 감지 · 가격 미기재,missing,no,no,하이퍼볼×4
9fee13e8015a7f3831a20898,pokemoncardgame,포켓몬 카드게임,2026-06,2026-06-29T19:54:01+09:00,known,062a0502e3e83fe80eec3c02,9fee13e8015a7f3831a20898,117577,https://m.dcinside.com/board/pokemoncardgame/117577,사진의 카드삽니다,seller-51447db26eeb90b0124d315b,포갤러,registered,포켓기어,포켓기어,포켓기어,,,buy,구매,3,,,missing,unknown,unknown,unknown,,active,needs_review,needs_review,수량 표기 감지 · 가격 미기재,missing,no,no,포켓기어×3
a70374076c19cc65c49bce9d,pokemoncardgame,포켓몬 카드게임,2026-06,2026-06-29T19:54:01+09:00,known,b23a5529b8243487cc40be12,a70374076c19cc65c49bce9d,117577,https://m.dcinside.com/board/pokemoncardgame/117577,사진의 카드삽니다,seller-51447db26eeb90b0124d315b,포갤러,registered,타타륜,타타륜,타타륜,,,buy,구매,4,,,missing,unknown,unknown,unknown,,active,needs_review,needs_review,수량 표기 감지 · 가격 미기재,missing,no,no,타타륜×4
aaf6316619432d769c51ceb4,pokemoncardgame,포켓몬 카드게임,2026-06,2026-06-29T19:54:01+09:00,known,062a0502e3e83fe80eec3c02,aaf6316619432d769c51ceb4,117577,https://m.dcinside.com/board/pokemoncardgame/117577,사진의 카드삽니다,seller-51447db26eeb90b0124d315b,포갤러,registered,노고치,노고치,노고치,,,buy,구매,3,,,missing,unknown,unknown,unknown,,active,needs_review,needs_review,수량 표기 감지 · 가격 미기재,missing,no,no,노고치×3
ab9960b5c0be467b26060dd3,pokemoncardgame,포켓몬 카드게임,2026-06,2026-06-29T19:54:01+09:00,known,b23a5529b8243487cc40be12,ab9960b5c0be467b26060dd3,117577,https://m.dcinside.com/board/pokemoncardgame/117577,사진의 카드삽니다,seller-51447db26eeb90b0124d315b,포갤러,registered,하이퍼볼,하이퍼볼,하이퍼볼,,,buy,구매,4,,,missing,unknown,unknown,unknown,,active,needs_review,needs_review,수량 표기 감지 · 가격 미기재,missing,no,no,하이퍼볼×4
b95e3bc7d83b8470138bb3f0,pokemoncardgame,포켓몬 카드게임,2026-06,2026-06-29T19:54:01+09:00,known,12a0addfa1f86522322b5dd5,b95e3bc7d83b8470138bb3f0,117577,https://m.dcinside.com/board/pokemoncardgame/117577,사진의 카드삽니다,seller-51447db26eeb90b0124d315b,포갤러,registered,프리즘타워,프리즘타워,프리즘타워,,,buy,구매,3,,,missing,unknown,unknown,unknown,,active,needs_review,needs_review,수량 표기 감지 · 가격 미기재,missing,no,no,프리즘타워×3
bb1abcb736cbff3d81bde20d,pokemoncardgame,포켓몬 카드게임,2026-06,2026-06-29T19:54:01+09:00,known,b23a5529b8243487cc40be12,bb1abcb736cbff3d81bde20d,117577,https://m.dcinside.com/board/pokemoncardgame/117577,사진의 카드삽니다,seller-51447db26eeb90b0124d315b,포갤러,registered,보스의지령,보스의지령,보스의지령,,,buy,구매,3,,,missing,unknown,unknown,unknown,,active,needs_review,needs_review,수량 표기 감지 · 가격 미기재,missing,no,no,보스의지령×3
bfabc0f105d5b4f599f7cbde,pokemoncardgame,포켓몬 카드게임,2026-06,2026-06-29T19:54:01+09:00,known,b23a5529b8243487cc40be12,bfabc0f105d5b4f599f7cbde,117577,https://m.dcinside.com/board/pokemoncardgame/117577,사진의 카드삽니다,seller-51447db26eeb90b0124d315b,포갤러,registered,릴리에,릴리에,릴리에,,,buy,구매,4,,,missing,unknown,unknown,unknown,,active,needs_review,needs_review,수량 표기 감지 · 가격 미기재,missing,no,no,릴리에×4
d84e227f7e0f385baec6bcfb,pokemoncardgame,포켓몬 카드게임,2026-06,2026-06-29T19:54:01+09:00,known,12a0addfa1f86522322b5dd5,d84e227f7e0f385baec6bcfb,117577,https://m.dcinside.com/board/pokemoncardgame/117577,사진의 카드삽니다,seller-51447db26eeb90b0124d315b,포갤러,registered,하이퍼볼,하이퍼볼,하이퍼볼,,,buy,구매,4,,,missing,unknown,unknown,unknown,,active,needs_review,needs_review,수량 표기 감지 · 가격 미기재,missing,no,no,하이퍼볼×4
dfbde6be70766999ad60d254,pokemoncardgame,포켓몬 카드게임,2026-06,2026-06-29T19:54:01+09:00,known,b23a5529b8243487cc40be12,dfbde6be70766999ad60d254,117577,https://m.dcinside.com/board/pokemoncardgame/117577,사진의 카드삽니다,seller-51447db26eeb90b0124d315b,포갤러,registered,포켓패드,포켓패드,포켓패드,,,buy,구매,4,,,missing,unknown,unknown,unknown,,active,needs_review,needs_review,수량 표기 감지 · 가격 미기재,missing,no,no,포켓패드×4
ee4ff6661b47b7ff8254aac5,pokemoncardgame,포켓몬 카드게임,2026-06,2026-06-29T19:54:01+09:00,known,062a0502e3e83fe80eec3c02,ee4ff6661b47b7ff8254aac5,117577,https://m.dcinside.com/board/pokemoncardgame/117577,사진의 카드삽니다,seller-51447db26eeb90b0124d315b,포갤러,registered,포켓패드,포켓패드,포켓패드,,,buy,구매,4,,,missing,unknown,unknown,unknown,,active,needs_review,needs_review,수량 표기 감지 · 가격 미기재,missing,no,no,포켓패드×4
f4e65d81e79e6f3af297312c,pokemoncardgame,포켓몬 카드게임,2026-06,2026-06-29T19:54:01+09:00,known,062a0502e3e83fe80eec3c02,f4e65d81e79e6f3af297312c,117577,https://m.dcinside.com/board/pokemoncardgame/117577,사진의 카드삽니다,seller-51447db26eeb90b0124d315b,포갤러,registered,프리즘타워,프리즘타워,프리즘타워,,,buy,구매,3,,,missing,unknown,unknown,unknown,,active,needs_review,needs_review,수량 표기 감지 · 가격 미기재,missing,no,no,프리즘타워×3
f8ed366e6fb097151a66cbed,pokemoncardgame,포켓몬 카드게임,2026-06,2026-06-29T19:54:01+09:00,known,062a0502e3e83fe80eec3c02,f8ed366e6fb097151a66cbed,117577,https://m.dcinside.com/board/pokemoncardgame/117577,사진의 카드삽니다,seller-51447db26eeb90b0124d315b,포갤러,registered,날개치는머리,날개치는머리,날개치는머리,,,buy,구매,1,,,missing,unknown,unknown,unknown,,active,needs_review,needs_review,수량 표기 감지 · 가격 미기재,missing,no,no,날개치는머리×1
1ea5e3ef91ea854b26ffd716,pokemoncardgame,포켓몬 카드게임,2026-06,2026-06-29T20:10:00+09:00,known,d89ab24e2f84e61a323ed1f0,1ea5e3ef91ea854b26ffd716,117580,https://m.dcinside.com/board/pokemoncardgame/117580,구즈마할라 2장 / 태그콜 4장 삼(완),seller-fc9120fc03faff0e832cfd5f,SRT섬광방패..,registered,구즈마&할라 태그콜 둘 다,구즈마&할라 태그콜 둘 다,"구즈마&할라, 태그콜 둘 다 장당",,,buy,구매,1,0.4,4000,estimated,bundle,text,unknown,,active,needs_review,needs_review,"가격 단위 추정, 복수 카드 가격, 배송비 포함 여부 미확정, 묶음·세트 총액 · 개별 카드 가격 아님",estimated,no,no,"구즈마&할라, 태그콜 둘 다 장당 0.4에 구함"
47e5c7092e349c1af41b7afa,pokemoncardgame,포켓몬 카드게임,2026-06,2026-06-29T20:10:00+09:00,known,92089d43cf78a899b0e7724d,47e5c7092e349c1af41b7afa,117580,https://m.dcinside.com/board/pokemoncardgame/117580,구즈마할라 2장 / 태그콜 4장 삼(완),seller-fc9120fc03faff0e832cfd5f,SRT섬광방패..,registered,구즈마&할라 태그콜 둘 다,구즈마&할라 태그콜 둘 다,"구즈마&할라, 태그콜 둘 다 장당",,,buy,구매,1,0.4,4000,estimated,bundle,text,unknown,,active,needs_review,needs_review,"가격 단위 추정, 복수 카드 가격, 배송비 포함 여부 미확정, 묶음·세트 총액 · 개별 카드 가격 아님",estimated,no,no,"구즈마&할라, 태그콜 둘 다 장당 0.4에 구함"
5105c19793bf6a3f61372c60,pokemoncardgame,포켓몬 카드게임,2026-06,2026-06-29T20:10:00+09:00,known,24e49e0eea1ad7285d415998,5105c19793bf6a3f61372c60,117580,https://m.dcinside.com/board/pokemoncardgame/117580,구즈마할라 2장 / 태그콜 4장 삼(완),seller-fc9120fc03faff0e832cfd5f,SRT섬광방패..,registered,구즈마&할라 태그콜 둘 다,구즈마&할라 태그콜 둘 다,"구즈마&할라, 태그콜 둘 다 장당",,,buy,구매,1,0.4,4000,estimated,bundle,text,unknown,,active,needs_review,needs_review,"가격 단위 추정, 복수 카드 가격, 배송비 포함 여부 미확정, 묶음·세트 총액 · 개별 카드 가격 아님",estimated,no,no,"구즈마&할라, 태그콜 둘 다 장당 0.4에 구함"
1526d6c258954c9acb3f6c0f,pokemoncardgame,포켓몬 카드게임,2026-06,2026-06-29T21:18:14+09:00,known,8ae8120edce83e07b9b5758d,1526d6c258954c9acb3f6c0f,117591,https://m.dcinside.com/board/pokemoncardgame/117591,데덴네GX 구합니다,seller-e2ebb948f32f9276d3112317,ㅇㅇ,guest,,한장,한장,,,buy,구매,1,0.5,5000,estimated,per_card,text,unknown,,active,excluded,needs_review,"가격 단위 추정, 배송비 포함 여부 미확정, 스크립트·광고 문구로 추정되는 오염 행",estimated,yes,no,한장 0.5에 구매합니다
1abb777a125de182590dbf86,pokemoncardgame,포켓몬 카드게임,2026-06,2026-06-29T21:18:14+09:00,known,82392c010edeb059c6efaa89,1abb777a125de182590dbf86,117591,https://m.dcinside.com/board/pokemoncardgame/117591,데덴네GX 구합니다,seller-942f9fada9bc37d845446e2a,ㅇㅇ,guest,,한장,한장,,,buy,구매,1,0.5,5000,estimated,per_card,text,unknown,,active,excluded,needs_review,"가격 단위 추정, 배송비 포함 여부 미확정, 스크립트·광고 문구로 추정되는 오염 행",estimated,yes,no,한장 0.5에 구매합니다
e653e6616ce82d4de8b388fd,pokemoncardgame,포켓몬 카드게임,2026-06,2026-06-29T21:18:14+09:00,known,15c73fb4e83495ecc62fae95,e653e6616ce82d4de8b388fd,117591,https://m.dcinside.com/board/pokemoncardgame/117591,데덴네GX 구합니다,seller-918ce39f7dbfec76b552fa0f,ㅇㅇ,guest,,한장,한장,,,buy,구매,1,0.5,5000,estimated,per_card,text,unknown,,active,excluded,needs_review,"가격 단위 추정, 배송비 포함 여부 미확정, 스크립트·광고 문구로 추정되는 오염 행",estimated,yes,no,한장 0.5에 구매합니다
3b01bed32df5331aca00dce7,pokemoncardgame,포켓몬 카드게임,2026-06,2026-06-30T00:05:18+09:00,known,4c88cba27776fb9de70e36a5,3b01bed32df5331aca00dce7,117609,https://m.dcinside.com/board/pokemoncardgame/117609,아무 완덱 구매함,seller-51447db26eeb90b0124d315b,포갤러,registered,아무 완덱 함,아무 완덱 함,아무 완덱 함,,,buy,구매,1,,,missing,unknown,unknown,unknown,,active,needs_review,needs_review,"가격 후보 재검토 필요, 가격 미기재",missing,no,no,아무 완덱 구매함
b634cd5a3fe86f93b8602b94,pokemoncardgame,포켓몬 카드게임,2026-06,2026-06-30T00:05:18+09:00,known,5a7fcfae15587bc8df25134d,b634cd5a3fe86f93b8602b94,117609,https://m.dcinside.com/board/pokemoncardgame/117609,아무 완덱 구매함,seller-51447db26eeb90b0124d315b,포갤러,registered,아무 완덱 함,아무 완덱 함,아무 완덱 함,,,buy,구매,1,,,missing,unknown,unknown,unknown,,active,needs_review,needs_review,"가격 후보 재검토 필요, 가격 미기재",missing,no,no,아무 완덱 구매함
e8441733ebf31134185afa32,pokemoncardgame,포켓몬 카드게임,2026-06,2026-06-30T00:05:18+09:00,known,0bf3aff595f9fe0657a9b307,e8441733ebf31134185afa32,117609,https://m.dcinside.com/board/pokemoncardgame/117609,아무 완덱 구매함,seller-51447db26eeb90b0124d315b,포갤러,registered,아무 완덱 함,아무 완덱 함,아무 완덱 함,,,buy,구매,1,,,missing,unknown,unknown,unknown,,active,needs_review,needs_review,"가격 후보 재검토 필요, 가격 미기재",missing,no,no,아무 완덱 구매함
4fb4dc2e2e694bd4ea5cc2ca,pokemoncardgame,포켓몬 카드게임,2026-06,2026-06-30T03:30:14+09:00,known,f3fc349c2ec3b146f53906c8,4fb4dc2e2e694bd4ea5cc2ca,117622,https://m.dcinside.com/board/pokemoncardgame/117622,스탠다드 덱 드래펄트 빼고 아무거나 구매합니다,seller-26f77c9a6b0bd0d52a181a0e,ㅇㅇ,guest,스탠다드 덱 드래펄트 빼고 아무거나,스탠다드 덱 드래펄트 빼고 아무거나,스탠다드 덱 드래펄트 빼고 아무거나,,,buy,구매,1,,,missing,unknown,unknown,unknown,,active,needs_review,needs_review,"가격 후보 재검토 필요, 가격 미기재",missing,no,no,스탠다드 덱 드래펄트 빼고 아무거나 구매합니다
664559c3fce0d52a720e47e8,pokemoncardgame,포켓몬 카드게임,2026-06,2026-06-30T03:30:14+09:00,known,5161455156fe88431bf47f86,664559c3fce0d52a720e47e8,117622,https://m.dcinside.com/board/pokemoncardgame/117622,스탠다드 덱 드래펄트 빼고 아무거나 구매합니다,seller-abf2471c3536e7b1054819ca,ㅇㅇ,guest,스탠다드 덱 드래펄트 빼고 아무거나,스탠다드 덱 드래펄트 빼고 아무거나,스탠다드 덱 드래펄트 빼고 아무거나,,,buy,구매,1,,,missing,unknown,unknown,unknown,,active,needs_review,needs_review,"가격 후보 재검토 필요, 가격 미기재",missing,no,no,스탠다드 덱 드래펄트 빼고 아무거나 구매합니다
89b181896e5889289ba75dd1,pokemoncardgame,포켓몬 카드게임,2026-06,2026-06-30T03:30:14+09:00,known,13487d496630f349b4a16e06,89b181896e5889289ba75dd1,117622,https://m.dcinside.com/board/pokemoncardgame/117622,스탠다드 덱 드래펄트 빼고 아무거나 구매합니다,seller-7691947b2d308838317cc8a2,ㅇㅇ,guest,스탠다드 덱 드래펄트 빼고 아무거나,스탠다드 덱 드래펄트 빼고 아무거나,스탠다드 덱 드래펄트 빼고 아무거나,,,buy,구매,1,,,missing,unknown,unknown,unknown,,active,needs_review,needs_review,"가격 후보 재검토 필요, 가격 미기재",missing,no,no,스탠다드 덱 드래펄트 빼고 아무거나 구매합니다
3be7d609770a9f124adcd81e,pokemoncardgame,포켓몬 카드게임,2026-06,2026-06-30T05:10:47+09:00,known,b2f97024a1a4d2ce5df6b89d,3be7d609770a9f124adcd81e,117623,https://m.dcinside.com/board/pokemoncardgame/117623,메가 몰드류 라인 삽니다,seller-2ede2927b61192e2eae6b22d,양식,guest,총,총,총,,,buy,구매,1,0.3,3000,estimated,per_card,text,unknown,,active,needs_review,needs_review,"가격 단위 추정, 배송비 포함 여부 미확정, 카드명 확인 필요",estimated,yes,no,총 0.3에
5f8574fbdb7946ee48b03cb8,pokemoncardgame,포켓몬 카드게임,2026-06,2026-06-30T05:10:47+09:00,known,4d993c269eaa88be4b79ce7e,5f8574fbdb7946ee48b03cb8,117623,https://m.dcinside.com/board/pokemoncardgame/117623,메가 몰드류 라인 삽니다,seller-5d4532f8733b0fecdc2fe5ec,양식,guest,총,총,총,,,buy,구매,1,0.3,3000,estimated,per_card,text,unknown,,active,needs_review,needs_review,"가격 단위 추정, 배송비 포함 여부 미확정, 카드명 확인 필요",estimated,yes,no,총 0.3에
dcc815e8fd5e286816e6a651,pokemoncardgame,포켓몬 카드게임,2026-06,2026-06-30T05:10:47+09:00,known,88dd185b480021f7f3b3c67f,dcc815e8fd5e286816e6a651,117623,https://m.dcinside.com/board/pokemoncardgame/117623,메가 몰드류 라인 삽니다,seller-e5e1947ac7a227887e44b826,양식,guest,총,총,총,,,buy,구매,1,0.3,3000,estimated,per_card,text,unknown,,active,needs_review,needs_review,"가격 단위 추정, 배송비 포함 여부 미확정, 카드명 확인 필요",estimated,yes,no,총 0.3에
2bbfa9d84a0f99d33dcccdca,pokemoncardgame,포켓몬 카드게임,2026-06,2026-06-30T13:56:06+09:00,known,1ad5b047b55e110868e29929,2bbfa9d84a0f99d33dcccdca,117639,https://m.dcinside.com/board/pokemoncardgame/117639,금요일 범계 미니리그 직으로 메가 몰드류 라인 0.4에 구합니다,seller-d543438ab26b96466ab64863,양식,guest,어비스아이 두더류,어비스아이 두더류,어비스아이 두더류,,,buy,구매,1,2,20000,estimated,per_card,text,unknown,,active,needs_review,needs_review,"가격 단위 추정, 배송비 포함 여부 미확정",estimated,yes,no,어비스아이 두더류 2
38a0e48834beb3f3ece80a4d,pokemoncardgame,포켓몬 카드게임,2026-06,2026-06-30T13:56:06+09:00,known,7f4963c0dc7f36de7dabc9c1,38a0e48834beb3f3ece80a4d,117639,https://m.dcinside.com/board/pokemoncardgame/117639,금요일 범계 미니리그 직으로 메가 몰드류 라인 0.4에 구합니다,seller-f2d07b7cec9b8d5689c28c8a,양식,guest,메가 몰드류 ex rr,메가 몰드류 ex rr,메가 몰드류 ex rr,,,buy,구매,1,1,10000,estimated,per_card,text,unknown,,active,needs_review,needs_review,"가격 단위 추정, 배송비 포함 여부 미확정",estimated,yes,no,메가 몰드류 ex rr 1
b36dffe12ac024814e96c4da,pokemoncardgame,포켓몬 카드게임,2026-06,2026-06-30T13:56:06+09:00,known,e07422372b181dc30f97df24,b36dffe12ac024814e96c4da,117639,https://m.dcinside.com/board/pokemoncardgame/117639,금요일 범계 미니리그 직으로 메가 몰드류 라인 0.4에 구합니다,seller-b359028e0c7b11c540986ca3,양식,guest,어비스아이 두더류,어비스아이 두더류,어비스아이 두더류,,,buy,구매,1,2,20000,estimated,per_card,text,unknown,,active,needs_review,needs_review,"가격 단위 추정, 배송비 포함 여부 미확정",estimated,yes,no,어비스아이 두더류 2
b40e65d4a9b4af0d8b130610,pokemoncardgame,포켓몬 카드게임,2026-06,2026-06-30T13:56:06+09:00,known,e07422372b181dc30f97df24,b40e65d4a9b4af0d8b130610,117639,https://m.dcinside.com/board/pokemoncardgame/117639,금요일 범계 미니리그 직으로 메가 몰드류 라인 0.4에 구합니다,seller-b359028e0c7b11c540986ca3,양식,guest,메가 몰드류 ex rr,메가 몰드류 ex rr,메가 몰드류 ex rr,,,buy,구매,1,1,10000,estimated,per_card,text,unknown,,active,needs_review,needs_review,"가격 단위 추정, 배송비 포함 여부 미확정",estimated,yes,no,메가 몰드류 ex rr 1
c35d6ed65ab8094a82f736ad,pokemoncardgame,포켓몬 카드게임,2026-06,2026-06-30T13:56:06+09:00,known,7f4963c0dc7f36de7dabc9c1,c35d6ed65ab8094a82f736ad,117639,https://m.dcinside.com/board/pokemoncardgame/117639,금요일 범계 미니리그 직으로 메가 몰드류 라인 0.4에 구합니다,seller-f2d07b7cec9b8d5689c28c8a,양식,guest,어비스아이 두더류,어비스아이 두더류,어비스아이 두더류,,,buy,구매,1,2,20000,estimated,per_card,text,unknown,,active,needs_review,needs_review,"가격 단위 추정, 배송비 포함 여부 미확정",estimated,yes,no,어비스아이 두더류 2
de29e80ec6f00abe7d1cee35,pokemoncardgame,포켓몬 카드게임,2026-06,2026-06-30T13:56:06+09:00,known,1ad5b047b55e110868e29929,de29e80ec6f00abe7d1cee35,117639,https://m.dcinside.com/board/pokemoncardgame/117639,금요일 범계 미니리그 직으로 메가 몰드류 라인 0.4에 구합니다,seller-d543438ab26b96466ab64863,양식,guest,메가 몰드류 ex rr,메가 몰드류 ex rr,메가 몰드류 ex rr,,,buy,구매,1,1,10000,estimated,per_card,text,unknown,,active,needs_review,needs_review,"가격 단위 추정, 배송비 포함 여부 미확정",estimated,yes,no,메가 몰드류 ex rr 1
01eea8e2812d68f6a73c8713,pokemoncardgame,포켓몬 카드게임,2026-06,2026-06-30T19:16:55+09:00,known,e4e92b109caf5ccf95c350bd,01eea8e2812d68f6a73c8713,117664,https://m.dcinside.com/board/pokemoncardgame/117664,덱소스 삽니다 비싸게,seller-51447db26eeb90b0124d315b,포갤러,registered,그우린차,그우린차,그우린차,,,buy,구매,2,,,missing,unknown,unknown,unknown,,active,needs_review,needs_review,수량 표기 감지 · 가격 미기재,missing,no,no,그우린차2
055365e094de7120290ab923,pokemoncardgame,포켓몬 카드게임,2026-06,2026-06-30T19:16:55+09:00,known,e4e92b109caf5ccf95c350bd,055365e094de7120290ab923,117664,https://m.dcinside.com/board/pokemoncardgame/117664,덱소스 삽니다 비싸게,seller-51447db26eeb90b0124d315b,포갤러,registered,레거시에너지,레거시에너지,레거시에너지,,,buy,구매,1,,,missing,unknown,unknown,unknown,,active,needs_review,needs_review,수량 표기 감지 · 가격 미기재,missing,no,no,레거시에너지1
1496ea1a7b5b3793ea1587fd,pokemoncardgame,포켓몬 카드게임,2026-06,2026-06-30T19:16:55+09:00,known,51dbdbd24ef07447bbb0c126,1496ea1a7b5b3793ea1587fd,117664,https://m.dcinside.com/board/pokemoncardgame/117664,덱소스 삽니다 비싸게,seller-51447db26eeb90b0124d315b,포갤러,registered,다해서 반택ㅍ,다해서 반택ㅍ,다해서 반택ㅍ,,,buy,구매,1,1.1,11000,estimated,per_card,text,unknown,,active,needs_review,needs_review,"가격 단위 추정, 배송비 포함 여부 미확정",estimated,yes,no,다해서 반택ㅍ 1.1 구해봅니다
1d772e62e571161743fc3373,pokemoncardgame,포켓몬 카드게임,2026-06,2026-06-30T19:16:55+09:00,known,e4e92b109caf5ccf95c350bd,1d772e62e571161743fc3373,117664,https://m.dcinside.com/board/pokemoncardgame/117664,덱소스 삽니다 비싸게,seller-51447db26eeb90b0124d315b,포갤러,registered,특수 초에너지,특수 초에너지,특수 초에너지,,,buy,구매,3,,,missing,unknown,unknown,unknown,,active,needs_review,needs_review,수량 표기 감지 · 가격 미기재,missing,no,no,특수 초에너지 3
358479319af38f9f3197c77a,pokemoncardgame,포켓몬 카드게임,2026-06,2026-06-30T19:16:55+09:00,known,51dbdbd24ef07447bbb0c126,358479319af38f9f3197c77a,117664,https://m.dcinside.com/board/pokemoncardgame/117664,덱소스 삽니다 비싸게,seller-51447db26eeb90b0124d315b,포갤러,registered,특수 초에너지,특수 초에너지,특수 초에너지,,,buy,구매,3,,,missing,unknown,unknown,unknown,,active,needs_review,needs_review,수량 표기 감지 · 가격 미기재,missing,no,no,특수 초에너지 3
3fd89effbc719bb595bb23b1,pokemoncardgame,포켓몬 카드게임,2026-06,2026-06-30T19:16:55+09:00,known,e4e92b109caf5ccf95c350bd,3fd89effbc719bb595bb23b1,117664,https://m.dcinside.com/board/pokemoncardgame/117664,덱소스 삽니다 비싸게,seller-51447db26eeb90b0124d315b,포갤러,registered,원더패치,원더패치,원더패치,,,buy,구매,1,,,missing,unknown,unknown,unknown,,active,needs_review,needs_review,수량 표기 감지 · 가격 미기재,missing,no,no,원더패치1
4abae5ddd931a97a325eda9c,pokemoncardgame,포켓몬 카드게임,2026-06,2026-06-30T19:16:55+09:00,known,51dbdbd24ef07447bbb0c126,4abae5ddd931a97a325eda9c,117664,https://m.dcinside.com/board/pokemoncardgame/117664,덱소스 삽니다 비싸게,seller-51447db26eeb90b0124d315b,포갤러,registered,레거시에너지,레거시에너지,레거시에너지,,,buy,구매,1,,,missing,unknown,unknown,unknown,,active,needs_review,needs_review,수량 표기 감지 · 가격 미기재,missing,no,no,레거시에너지1
66331786656175d3f8f73e79,pokemoncardgame,포켓몬 카드게임,2026-06,2026-06-30T19:16:55+09:00,known,e4e92b109caf5ccf95c350bd,66331786656175d3f8f73e79,117664,https://m.dcinside.com/board/pokemoncardgame/117664,덱소스 삽니다 비싸게,seller-51447db26eeb90b0124d315b,포갤러,registered,다해서 반택ㅍ,다해서 반택ㅍ,다해서 반택ㅍ,,,buy,구매,1,1.1,11000,estimated,per_card,text,unknown,,active,needs_review,needs_review,"가격 단위 추정, 배송비 포함 여부 미확정",estimated,yes,no,다해서 반택ㅍ 1.1 구해봅니다
8da0563167fcf21473840010,pokemoncardgame,포켓몬 카드게임,2026-06,2026-06-30T19:16:55+09:00,known,e635db9a8fa7f737bbf2c053,8da0563167fcf21473840010,117664,https://m.dcinside.com/board/pokemoncardgame/117664,덱소스 삽니다 비싸게,seller-51447db26eeb90b0124d315b,포갤러,registered,다해서 반택ㅍ,다해서 반택ㅍ,다해서 반택ㅍ,,,buy,구매,1,1.1,11000,estimated,per_card,text,unknown,,active,needs_review,needs_review,"가격 단위 추정, 배송비 포함 여부 미확정",estimated,yes,no,다해서 반택ㅍ 1.1 구해봅니다
95731697cebc263f90aeaa2a,pokemoncardgame,포켓몬 카드게임,2026-06,2026-06-30T19:16:55+09:00,known,e635db9a8fa7f737bbf2c053,95731697cebc263f90aeaa2a,117664,https://m.dcinside.com/board/pokemoncardgame/117664,덱소스 삽니다 비싸게,seller-51447db26eeb90b0124d315b,포갤러,registered,특수 초에너지,특수 초에너지,특수 초에너지,,,buy,구매,3,,,missing,unknown,unknown,unknown,,active,needs_review,needs_review,수량 표기 감지 · 가격 미기재,missing,no,no,특수 초에너지 3
96669810183d312853549462,pokemoncardgame,포켓몬 카드게임,2026-06,2026-06-30T19:16:55+09:00,known,51dbdbd24ef07447bbb0c126,96669810183d312853549462,117664,https://m.dcinside.com/board/pokemoncardgame/117664,덱소스 삽니다 비싸게,seller-51447db26eeb90b0124d315b,포갤러,registered,날치머,날치머,날치머,,,buy,구매,1,,,missing,unknown,unknown,unknown,,active,needs_review,needs_review,수량 표기 감지 · 가격 미기재,missing,no,no,날치머 1
a5495fe57c5e346d3cbf10b7,pokemoncardgame,포켓몬 카드게임,2026-06,2026-06-30T19:16:55+09:00,known,e635db9a8fa7f737bbf2c053,a5495fe57c5e346d3cbf10b7,117664,https://m.dcinside.com/board/pokemoncardgame/117664,덱소스 삽니다 비싸게,seller-51447db26eeb90b0124d315b,포갤러,registered,원더패치,원더패치,원더패치,,,buy,구매,1,,,missing,unknown,unknown,unknown,,active,needs_review,needs_review,수량 표기 감지 · 가격 미기재,missing,no,no,원더패치1
adee6ef3f5d30aff9169d06f,pokemoncardgame,포켓몬 카드게임,2026-06,2026-06-30T19:16:55+09:00,known,e4e92b109caf5ccf95c350bd,adee6ef3f5d30aff9169d06f,117664,https://m.dcinside.com/board/pokemoncardgame/117664,덱소스 삽니다 비싸게,seller-51447db26eeb90b0124d315b,포갤러,registered,날치머,날치머,날치머,,,buy,구매,1,,,missing,unknown,unknown,unknown,,active,needs_review,needs_review,수량 표기 감지 · 가격 미기재,missing,no,no,날치머 1
b71a40e9448dac523d44a535,pokemoncardgame,포켓몬 카드게임,2026-06,2026-06-30T19:16:55+09:00,known,51dbdbd24ef07447bbb0c126,b71a40e9448dac523d44a535,117664,https://m.dcinside.com/board/pokemoncardgame/117664,덱소스 삽니다 비싸게,seller-51447db26eeb90b0124d315b,포갤러,registered,원더패치,원더패치,원더패치,,,buy,구매,1,,,missing,unknown,unknown,unknown,,active,needs_review,needs_review,수량 표기 감지 · 가격 미기재,missing,no,no,원더패치1
d7227071f92c336dd293bec1,pokemoncardgame,포켓몬 카드게임,2026-06,2026-06-30T19:16:55+09:00,known,51dbdbd24ef07447bbb0c126,d7227071f92c336dd293bec1,117664,https://m.dcinside.com/board/pokemoncardgame/117664,덱소스 삽니다 비싸게,seller-51447db26eeb90b0124d315b,포갤러,registered,그우린차,그우린차,그우린차,,,buy,구매,2,,,missing,unknown,unknown,unknown,,active,needs_review,needs_review,수량 표기 감지 · 가격 미기재,missing,no,no,그우린차2
d7b6a64d5f1c966c1c6ce891,pokemoncardgame,포켓몬 카드게임,2026-06,2026-06-30T19:16:55+09:00,known,e635db9a8fa7f737bbf2c053,d7b6a64d5f1c966c1c6ce891,117664,https://m.dcinside.com/board/pokemoncardgame/117664,덱소스 삽니다 비싸게,seller-51447db26eeb90b0124d315b,포갤러,registered,레거시에너지,레거시에너지,레거시에너지,,,buy,구매,1,,,missing,unknown,unknown,unknown,,active,needs_review,needs_review,수량 표기 감지 · 가격 미기재,missing,no,no,레거시에너지1
ddbc6e1d6e99c574151215ea,pokemoncardgame,포켓몬 카드게임,2026-06,2026-06-30T19:16:55+09:00,known,e635db9a8fa7f737bbf2c053,ddbc6e1d6e99c574151215ea,117664,https://m.dcinside.com/board/pokemoncardgame/117664,덱소스 삽니다 비싸게,seller-51447db26eeb90b0124d315b,포갤러,registered,날치머,날치머,날치머,,,buy,구매,1,,,missing,unknown,unknown,unknown,,active,needs_review,needs_review,수량 표기 감지 · 가격 미기재,missing,no,no,날치머 1
ef3747863afd5309e1cc0686,pokemoncardgame,포켓몬 카드게임,2026-06,2026-06-30T19:16:55+09:00,known,e635db9a8fa7f737bbf2c053,ef3747863afd5309e1cc0686,117664,https://m.dcinside.com/board/pokemoncardgame/117664,덱소스 삽니다 비싸게,seller-51447db26eeb90b0124d315b,포갤러,registered,그우린차,그우린차,그우린차,,,buy,구매,2,,,missing,unknown,unknown,unknown,,active,needs_review,needs_review,수량 표기 감지 · 가격 미기재,missing,no,no,그우린차2
48ff65b1b085bd5981f387f8,pokemoncardgame,포켓몬 카드게임,2026-06,2026-06-30T21:57:40+09:00,known,fb9b6a628e5649626a670efd,48ff65b1b085bd5981f387f8,117675,https://m.dcinside.com/board/pokemoncardgame/117675,목요일 용산에서 이 카드 4장 구합니다!,seller-51447db26eeb90b0124d315b,포갤러,registered,목요일 용산에서 이 카드 !,목요일 용산에서 이 카드 !,목요일 용산에서 이 카드 구합니다!,,,buy,구매,4,,,missing,unknown,unknown,unknown,,active,needs_review,needs_review,수량 표기 감지 · 가격 미기재,missing,no,no,목요일 용산에서 이 카드 4장 구합니다!
a0b2be44d46d24802b811b7c,pokemoncardgame,포켓몬 카드게임,2026-06,2026-06-30T21:57:40+09:00,known,7e0eee04dddf580e1572e8e3,a0b2be44d46d24802b811b7c,117675,https://m.dcinside.com/board/pokemoncardgame/117675,목요일 용산에서 이 카드 4장 구합니다!,seller-51447db26eeb90b0124d315b,포갤러,registered,목요일 용산에서 이 카드 !,목요일 용산에서 이 카드 !,목요일 용산에서 이 카드 구합니다!,,,buy,구매,4,,,missing,unknown,unknown,unknown,,active,needs_review,needs_review,수량 표기 감지 · 가격 미기재,missing,no,no,목요일 용산에서 이 카드 4장 구합니다!
d8d1d774a9b957f39acbf286,pokemoncardgame,포켓몬 카드게임,2026-06,2026-06-30T21:57:40+09:00,known,b97d33b3ae3e857f75b97e5b,d8d1d774a9b957f39acbf286,117675,https://m.dcinside.com/board/pokemoncardgame/117675,목요일 용산에서 이 카드 4장 구합니다!,seller-51447db26eeb90b0124d315b,포갤러,registered,목요일 용산에서 이 카드 !,목요일 용산에서 이 카드 !,목요일 용산에서 이 카드 구합니다!,,,buy,구매,4,,,missing,unknown,unknown,unknown,,active,needs_review,needs_review,수량 표기 감지 · 가격 미기재,missing,no,no,목요일 용산에서 이 카드 4장 구합니다!
044e62c2d6ba43035c5b18f5,pokemoncardgame,포켓몬 카드게임,2026-06,2026-06-30T23:30:36+09:00,known,7f312254ae2bcb704aaa1cda,044e62c2d6ba43035c5b18f5,117687,https://m.dcinside.com/board/pokemoncardgame/117687,공예용 (카톤깡 박스깡 하고 난) 잡카드 삽니다,seller-d168cf00f271e86cf71f91df,안톤커츠,registered,잡AR,잡AR,잡AR,,,buy,구매,1,600,600,exact,per_card,text,unknown,,active,usable,needs_review,배송비 포함 여부 미확정,exact,yes,yes,잡AR 600원
0ebc1d867c4d3c4bd04b086a,pokemoncardgame,포켓몬 카드게임,2026-06,2026-06-30T23:30:36+09:00,known,7f312254ae2bcb704aaa1cda,0ebc1d867c4d3c4bd04b086a,117687,https://m.dcinside.com/board/pokemoncardgame/117687,공예용 (카톤깡 박스깡 하고 난) 잡카드 삽니다,seller-d168cf00f271e86cf71f91df,안톤커츠,registered,시리즈는 모르겠는 그냥 잡카드 뭉치면 한박스쯤,시리즈는 모르겠는 그냥 잡카드 뭉치면 한박스쯤,시리즈는 모르겠는 그냥 잡카드 뭉치면 (한박스쯤),,,buy,구매,150,1500,1500,exact,per_quantity,text,unknown,,active,needs_review,needs_review,"수량 표기 감지, 배송비 포함 여부 미확정, 복수 수량 총액 · 카드 1장 가격 아님",exact,no,no,시리즈는 모르겠는 그냥 잡카드 뭉치면 150장(한박스쯤) 1500원에 삽니다.
1e6a7b49fd7e43dbcb0cf5e9,pokemoncardgame,포켓몬 카드게임,2026-06,2026-06-30T23:30:36+09:00,known,b3f8243d4cc5345c29261fc9,1e6a7b49fd7e43dbcb0cf5e9,117687,https://m.dcinside.com/board/pokemoncardgame/117687,공예용 (카톤깡 박스깡 하고 난) 잡카드 삽니다,seller-d168cf00f271e86cf71f91df,안톤커츠,registered,시리즈는 모르겠는 그냥 잡카드 뭉치면 한박스쯤,시리즈는 모르겠는 그냥 잡카드 뭉치면 한박스쯤,시리즈는 모르겠는 그냥 잡카드 뭉치면 (한박스쯤),,,buy,구매,150,1500,1500,exact,per_quantity,text,unknown,,active,needs_review,needs_review,"수량 표기 감지, 배송비 포함 여부 미확정, 복수 수량 총액 · 카드 1장 가격 아님",exact,no,no,시리즈는 모르겠는 그냥 잡카드 뭉치면 150장(한박스쯤) 1500원에 삽니다.
3858007622bfe401bcebb5d1,pokemoncardgame,포켓몬 카드게임,2026-06,2026-06-30T23:30:36+09:00,known,b3f8243d4cc5345c29261fc9,3858007622bfe401bcebb5d1,117687,https://m.dcinside.com/board/pokemoncardgame/117687,공예용 (카톤깡 박스깡 하고 난) 잡카드 삽니다,seller-d168cf00f271e86cf71f91df,안톤커츠,registered,박스당,박스당,박스당,,,buy,구매,1,2000,2000,estimated,per_card,text,unknown,,active,needs_review,needs_review,"가격 단위 추정, 배송비 포함 여부 미확정",estimated,yes,no,박스당 2000
4ef988f58f7099af7e0744c9,pokemoncardgame,포켓몬 카드게임,2026-06,2026-06-30T23:30:36+09:00,known,056efa2bfdcfd6b0ff35aa7c,4ef988f58f7099af7e0744c9,117687,https://m.dcinside.com/board/pokemoncardgame/117687,공예용 (카톤깡 박스깡 하고 난) 잡카드 삽니다,seller-d168cf00f271e86cf71f91df,안톤커츠,registered,잡AR,잡AR,잡AR,,,buy,구매,1,600,600,exact,per_card,text,unknown,,active,usable,needs_review,배송비 포함 여부 미확정,exact,yes,yes,잡AR 600원
54c026701bac198b2072c1e2,pokemoncardgame,포켓몬 카드게임,2026-06,2026-06-30T23:30:36+09:00,known,b3f8243d4cc5345c29261fc9,54c026701bac198b2072c1e2,117687,https://m.dcinside.com/board/pokemoncardgame/117687,공예용 (카톤깡 박스깡 하고 난) 잡카드 삽니다,seller-d168cf00f271e86cf71f91df,안톤커츠,registered,잡AR,잡AR,잡AR,,,buy,구매,1,600,600,exact,per_card,text,unknown,,active,usable,needs_review,배송비 포함 여부 미확정,exact,yes,yes,잡AR 600원
588827c358f1251b6432bf32,pokemoncardgame,포켓몬 카드게임,2026-06,2026-06-30T23:30:36+09:00,known,056efa2bfdcfd6b0ff35aa7c,588827c358f1251b6432bf32,117687,https://m.dcinside.com/board/pokemoncardgame/117687,공예용 (카톤깡 박스깡 하고 난) 잡카드 삽니다,seller-d168cf00f271e86cf71f91df,안톤커츠,registered,박스당,박스당,박스당,,,buy,구매,1,2000,2000,estimated,per_card,text,unknown,,active,needs_review,needs_review,"가격 단위 추정, 배송비 포함 여부 미확정",estimated,yes,no,박스당 2000
7fab4f0fe64cccdf56fd4539,pokemoncardgame,포켓몬 카드게임,2026-06,2026-06-30T23:30:36+09:00,known,7f312254ae2bcb704aaa1cda,7fab4f0fe64cccdf56fd4539,117687,https://m.dcinside.com/board/pokemoncardgame/117687,공예용 (카톤깡 박스깡 하고 난) 잡카드 삽니다,seller-d168cf00f271e86cf71f91df,안톤커츠,registered,테라스탈페스타ex 박스당,테라스탈페스타ex 박스당,테라스탈페스타ex 박스당,,,buy,구매,1,3000,3000,estimated,per_card,text,unknown,,active,needs_review,needs_review,"가격 단위 추정, 배송비 포함 여부 미확정",estimated,yes,no,테라스탈페스타ex 박스당 3000
a02d6ebdc7cb9a61ee1029da,pokemoncardgame,포켓몬 카드게임,2026-06,2026-06-30T23:30:36+09:00,known,b3f8243d4cc5345c29261fc9,a02d6ebdc7cb9a61ee1029da,117687,https://m.dcinside.com/board/pokemoncardgame/117687,공예용 (카톤깡 박스깡 하고 난) 잡카드 삽니다,seller-d168cf00f271e86cf71f91df,안톤커츠,registered,테라스탈페스타ex 박스당,테라스탈페스타ex 박스당,테라스탈페스타ex 박스당,,,buy,구매,1,3000,3000,estimated,per_card,text,unknown,,active,needs_review,needs_review,"가격 단위 추정, 배송비 포함 여부 미확정",estimated,yes,no,테라스탈페스타ex 박스당 3000
bd0d951924e5070e638b8473,pokemoncardgame,포켓몬 카드게임,2026-06,2026-06-30T23:30:36+09:00,known,056efa2bfdcfd6b0ff35aa7c,bd0d951924e5070e638b8473,117687,https://m.dcinside.com/board/pokemoncardgame/117687,공예용 (카톤깡 박스깡 하고 난) 잡카드 삽니다,seller-d168cf00f271e86cf71f91df,안톤커츠,registered,테라스탈페스타ex 박스당,테라스탈페스타ex 박스당,테라스탈페스타ex 박스당,,,buy,구매,1,3000,3000,estimated,per_card,text,unknown,,active,needs_review,needs_review,"가격 단위 추정, 배송비 포함 여부 미확정",estimated,yes,no,테라스탈페스타ex 박스당 3000
bf00444141ddbfabfe98cba1,pokemoncardgame,포켓몬 카드게임,2026-06,2026-06-30T23:30:36+09:00,known,7f312254ae2bcb704aaa1cda,bf00444141ddbfabfe98cba1,117687,https://m.dcinside.com/board/pokemoncardgame/117687,공예용 (카톤깡 박스깡 하고 난) 잡카드 삽니다,seller-d168cf00f271e86cf71f91df,안톤커츠,registered,박스당,박스당,박스당,,,buy,구매,1,2000,2000,estimated,per_card,text,unknown,,active,needs_review,needs_review,"가격 단위 추정, 배송비 포함 여부 미확정",estimated,yes,no,박스당 2000
f5e787602298bb75fa8a6e34,pokemoncardgame,포켓몬 카드게임,2026-06,2026-06-30T23:30:36+09:00,known,056efa2bfdcfd6b0ff35aa7c,f5e787602298bb75fa8a6e34,117687,https://m.dcinside.com/board/pokemoncardgame/117687,공예용 (카톤깡 박스깡 하고 난) 잡카드 삽니다,seller-d168cf00f271e86cf71f91df,안톤커츠,registered,시리즈는 모르겠는 그냥 잡카드 뭉치면 한박스쯤,시리즈는 모르겠는 그냥 잡카드 뭉치면 한박스쯤,시리즈는 모르겠는 그냥 잡카드 뭉치면 (한박스쯤),,,buy,구매,150,1500,1500,exact,per_quantity,text,unknown,,active,needs_review,needs_review,"수량 표기 감지, 배송비 포함 여부 미확정, 복수 수량 총액 · 카드 1장 가격 아님",exact,no,no,시리즈는 모르겠는 그냥 잡카드 뭉치면 150장(한박스쯤) 1500원에 삽니다.
